model,seed,episode,phase,opponent,result,reward,move_count,skill,difficulty,difficulty_name,epsilon,effective_epsilon,q_updates_enabled,q_updates,learned_states,avg_abs_q_change,max_abs_q_change,tactical_moves,epsilon_moves,q_policy_moves
No Tactical,1,1,train,strong,player_win,-10.0,5,60.0,1,Very Easy,0.95,1.0,1,2,2,0.0,0.0,0,2,0
No Tactical,1,2,train,strong,player_win,-10.0,5,70.0,1,Very Easy,0.9025,1.0,1,4,4,0.0,0.0,0,2,0
No Tactical,1,3,train,strong,player_win,-10.0,5,80.0,5,Expert,0.8573749999999999,0.21434374999999997,1,6,5,0.0,0.0,0,2,0
No Tactical,1,4,train,strong,player_win,-10.0,5,90.0,5,Expert,0.8145062499999999,0.20362656249999997,1,8,7,0.0,0.0,0,1,1
No Tactical,1,5,train,strong,player_win,-10.0,5,100.0,5,Expert,0.7737809374999999,0.19344523437499997,1,10,8,0.0,0.0,0,0,2
No Tactical,1,6,train,strong,player_win,-10.0,5,100.0,5,Expert,0.7350918906249998,0.18377297265624995,1,12,10,0.0,0.0,0,0,2
No Tactical,1,7,train,strong,player_win,-10.0,5,100.0,5,Expert,0.6983372960937497,0.17458432402343743,1,14,11,0.0,0.0,0,1,1
No Tactical,1,8,train,strong,player_win,-10.0,5,100.0,5,Expert,0.6634204312890623,0.16585510782226556,1,16,12,0.0,0.0,0,0,2
No Tactical,1,9,train,strong,player_win,-10.0,5,100.0,5,Expert,0.6302494097246091,0.15756235243115227,1,18,13,0.0,0.0,0,1,1
No Tactical,1,10,train,strong,player_win,-10.0,5,100.0,5,Expert,0.5987369392383786,0.14968423480959464,1,20,14,0.0,0.0,0,0,2
No Tactical,1,11,train,strong,player_win,-10.0,5,100.0,5,Expert,0.5688000922764596,0.1422000230691149,1,22,15,0.0,0.0,0,0,2
No Tactical,1,12,train,strong,player_win,-10.0,5,100.0,5,Expert,0.5403600876626365,0.13509002191565914,1,24,16,0.0,0.0,0,0,2
No Tactical,1,13,train,strong,player_win,-10.0,5,100.0,5,Expert,0.5133420832795047,0.12833552081987618,1,26,17,0.0,0.0,0,0,2
No Tactical,1,14,train,strong,player_win,-10.0,5,100.0,5,Expert,0.48767497911552943,0.12191874477888236,1,28,18,0.0,0.0,0,0,2
No Tactical,1,15,train,strong,player_win,-10.0,5,100.0,5,Expert,0.46329123015975293,0.11582280753993823,1,30,19,0.0,0.0,0,0,2
No Tactical,1,16,train,strong,player_win,-10.0,5,100.0,5,Expert,0.44012666865176525,0.11003166716294131,1,32,20,0.0,0.0,0,0,2
No Tactical,1,17,train,strong,player_win,-10.0,5,100.0,5,Expert,0.41812033521917696,0.10453008380479424,1,34,21,0.0,0.0,0,0,2
No Tactical,1,18,train,strong,player_win,-10.0,5,100.0,5,Expert,0.3972143184582181,0.09930357961455452,1,36,21,0.0,0.0,0,1,1
No Tactical,1,19,train,strong,player_win,-10.0,5,100.0,5,Expert,0.37735360253530714,0.09433840063382679,1,38,22,0.0,0.0,0,0,2
No Tactical,1,20,train,strong,player_win,-10.0,5,100.0,5,Expert,0.35848592240854177,0.08962148060213544,1,40,23,0.0,0.0,0,0,2
No Tactical,1,21,train,strong,player_win,-10.0,5,100.0,5,Expert,0.34056162628811465,0.08514040657202866,1,42,24,0.0,0.0,0,0,2
No Tactical,1,22,train,strong,player_win,-10.0,5,100.0,5,Expert,0.3235335449737089,0.08088338624342722,1,44,25,0.0,0.0,0,0,2
No Tactical,1,23,train,strong,player_win,-10.0,5,100.0,5,Expert,0.30735686772502346,0.07683921693125587,1,46,26,0.0,0.0,0,1,1
No Tactical,1,24,train,strong,player_win,-10.0,5,100.0,5,Expert,0.2919890243387723,0.07299725608469307,1,48,27,0.0,0.0,0,0,2
No Tactical,1,25,train,strong,player_win,-10.0,5,100.0,5,Expert,0.27738957312183365,0.06934739328045841,1,50,28,0.0,0.0,0,0,2
No Tactical,1,26,train,strong,player_win,-10.0,5,100.0,5,Expert,0.263520094465742,0.0658800236164355,1,52,29,0.0,0.0,0,0,2
No Tactical,1,27,train,strong,player_win,-10.0,7,100.0,5,Expert,0.25034408974245487,0.06258602243561372,1,55,30,0.0,0.0,0,0,3
No Tactical,1,28,train,strong,player_win,-10.0,5,100.0,5,Expert,0.2378268852553321,0.059456721313833026,1,57,31,0.0,0.0,0,0,2
No Tactical,1,29,train,strong,player_win,-10.0,5,100.0,5,Expert,0.2259355409925655,0.05648388524814137,1,59,31,0.0,0.0,0,1,1
No Tactical,1,30,train,strong,player_win,-10.0,5,100.0,5,Expert,0.2146387639429372,0.0536596909857343,1,61,31,0.0,0.0,0,0,2
No Tactical,1,31,train,strong,player_win,-10.0,5,100.0,5,Expert,0.20390682574579033,0.05097670643644758,1,63,31,0.0,0.0,0,0,2
No Tactical,1,32,train,strong,player_win,-10.0,5,100.0,5,Expert,0.1937114844585008,0.05,1,65,32,0.0,0.0,0,0,2
No Tactical,1,33,train,strong,player_win,-10.0,5,100.0,5,Expert,0.18402591023557577,0.05,1,67,32,0.0,0.0,0,0,2
No Tactical,1,34,train,strong,player_win,-10.0,5,100.0,5,Expert,0.17482461472379698,0.05,1,69,33,0.0,0.0,0,0,2
No Tactical,1,35,train,strong,player_win,-10.0,5,100.0,5,Expert,0.16608338398760714,0.05,1,71,34,0.0,0.0,0,0,2
No Tactical,1,36,train,strong,player_win,-10.0,5,100.0,5,Expert,0.15777921478822676,0.05,1,73,35,0.0,0.0,0,0,2
No Tactical,1,37,train,strong,player_win,-10.0,5,100.0,5,Expert,0.14989025404881542,0.05,1,75,35,0.0,0.0,0,0,2
No Tactical,1,38,train,strong,player_win,-10.0,5,100.0,5,Expert,0.14239574134637464,0.05,1,77,36,0.0,0.0,0,0,2
No Tactical,1,39,train,strong,player_win,-10.0,5,100.0,5,Expert,0.1352759542790559,0.05,1,79,37,0.0,0.0,0,1,1
No Tactical,1,40,train,strong,player_win,-10.0,5,100.0,5,Expert,0.1285121565651031,0.05,1,81,38,0.0,0.0,0,0,2
No Tactical,1,41,train,strong,player_win,-10.0,5,100.0,5,Expert,0.12208654873684793,0.05,1,83,39,0.0,0.0,0,0,2
No Tactical,1,42,train,strong,player_win,-10.0,5,100.0,5,Expert,0.11598222130000553,0.05,1,85,40,0.0,0.0,0,0,2
No Tactical,1,43,train,strong,player_win,-10.0,5,100.0,5,Expert,0.11018311023500525,0.05,1,87,41,0.0,0.0,0,0,2
No Tactical,1,44,train,strong,player_win,-10.0,5,100.0,5,Expert,0.10467395472325498,0.05,1,89,41,0.0,0.0,0,0,2
No Tactical,1,45,train,strong,player_win,-10.0,5,100.0,5,Expert,0.09944025698709223,0.05,1,91,42,0.0,0.0,0,0,2
No Tactical,1,46,train,strong,player_win,-10.0,5,100.0,5,Expert,0.09446824413773762,0.05,1,93,43,0.0,0.0,0,0,2
No Tactical,1,47,train,strong,player_win,-10.0,5,100.0,5,Expert,0.08974483193085074,0.05,1,95,43,0.0,0.0,0,0,2
No Tactical,1,48,train,strong,player_win,-10.0,5,100.0,5,Expert,0.0852575903343082,0.05,1,97,43,0.0,0.0,0,0,2
No Tactical,1,49,train,strong,player_win,-10.0,5,100.0,5,Expert,0.08099471081759278,0.05,1,99,43,0.0,0.0,0,0,2
No Tactical,1,50,train,strong,player_win,-10.0,5,100.0,5,Expert,0.07694497527671314,0.05,1,101,43,0.0,0.0,0,0,2
No Tactical,1,51,train,strong,player_win,-10.0,5,100.0,5,Expert,0.07309772651287748,0.05,1,103,44,0.0,0.0,0,0,2
No Tactical,1,52,train,strong,player_win,-10.0,5,100.0,5,Expert,0.0694428401872336,0.05,1,105,45,0.0,0.0,0,0,2
No Tactical,1,53,train,strong,player_win,-10.0,5,100.0,5,Expert,0.0659706981778719,0.05,1,107,45,0.0,0.0,0,0,2
No Tactical,1,54,train,strong,player_win,-10.0,5,100.0,5,Expert,0.0626721632689783,0.05,1,109,45,0.0,0.0,0,0,2
No Tactical,1,55,train,strong,player_win,-10.0,5,100.0,5,Expert,0.059538555105529384,0.05,1,111,45,0.0,0.0,0,0,2
No Tactical,1,56,train,strong,player_win,-10.0,5,100.0,5,Expert,0.05656162735025291,0.05,1,113,46,0.0,0.0,0,0,2
No Tactical,1,57,train,strong,player_win,-10.0,5,100.0,5,Expert,0.053733545982740265,0.05,1,115,47,0.0,0.0,0,1,1
No Tactical,1,58,train,strong,player_win,-10.0,5,100.0,5,Expert,0.05104686868360325,0.05,1,117,47,0.0,0.0,0,0,2
No Tactical,1,59,train,strong,player_win,-10.0,5,100.0,5,Expert,0.05,0.05,1,119,47,0.0,0.0,0,0,2
No Tactical,1,60,train,strong,player_win,-10.0,5,100.0,5,Expert,0.05,0.05,1,121,47,0.0,0.0,0,1,1
No Tactical,1,61,train,strong,player_win,-10.0,5,100.0,5,Expert,0.05,0.05,1,123,48,0.0,0.0,0,0,2
No Tactical,1,62,train,strong,player_win,-10.0,5,100.0,5,Expert,0.05,0.05,1,125,49,0.0,0.0,0,0,2
No Tactical,1,63,train,strong,player_win,-10.0,5,100.0,5,Expert,0.05,0.05,1,127,49,0.0,0.0,0,0,2
No Tactical,1,64,train,strong,player_win,-10.0,5,100.0,5,Expert,0.05,0.05,1,129,50,0.0,0.0,0,0,2
No Tactical,1,65,train,strong,player_win,-10.0,5,100.0,5,Expert,0.05,0.05,1,131,51,0.0,0.0,0,0,2
No Tactical,1,66,train,strong,player_win,-10.0,5,100.0,5,Expert,0.05,0.05,1,133,52,0.0,0.0,0,0,2
No Tactical,1,67,train,strong,player_win,-10.0,5,100.0,5,Expert,0.05,0.05,1,135,53,0.0,0.0,0,0,2
No Tactical,1,68,train,strong,player_win,-10.0,5,100.0,5,Expert,0.05,0.05,1,137,53,0.0,0.0,0,0,2
No Tactical,1,69,train,strong,player_win,-10.0,5,100.0,5,Expert,0.05,0.05,1,139,53,0.0,0.0,0,0,2
No Tactical,1,70,train,strong,player_win,-10.0,5,100.0,5,Expert,0.05,0.05,1,141,54,0.0,0.0,0,1,1
No Tactical,1,71,train,strong,player_win,-10.0,5,100.0,5,Expert,0.05,0.05,1,143,54,0.0,0.0,0,0,2
No Tactical,1,72,train,strong,player_win,-10.0,5,100.0,5,Expert,0.05,0.05,1,145,54,0.0,0.0,0,0,2
No Tactical,1,73,train,strong,player_win,-10.0,5,100.0,5,Expert,0.05,0.05,1,147,55,0.0,0.0,0,0,2
No Tactical,1,74,train,strong,player_win,-10.0,5,100.0,5,Expert,0.05,0.05,1,149,55,0.0,0.0,0,0,2
No Tactical,1,75,train,strong,player_win,-10.0,5,100.0,5,Expert,0.05,0.05,1,151,56,0.0,0.0,0,0,2
No Tactical,1,76,train,strong,player_win,-10.0,5,100.0,5,Expert,0.05,0.05,1,153,56,0.0,0.0,0,0,2
No Tactical,1,77,train,strong,player_win,-10.0,5,100.0,5,Expert,0.05,0.05,1,155,57,0.0,0.0,0,0,2
No Tactical,1,78,train,strong,player_win,-10.0,5,100.0,5,Expert,0.05,0.05,1,157,58,0.0,0.0,0,0,2
No Tactical,1,79,train,strong,player_win,-10.0,5,100.0,5,Expert,0.05,0.05,1,159,58,0.0,0.0,0,0,2
No Tactical,1,80,train,strong,player_win,-10.0,5,100.0,5,Expert,0.05,0.05,1,161,59,0.0,0.0,0,0,2
No Tactical,1,81,train,strong,player_win,-10.0,5,100.0,5,Expert,0.05,0.05,1,163,59,0.0,0.0,0,0,2
No Tactical,1,82,train,strong,player_win,-10.0,5,100.0,5,Expert,0.05,0.05,1,165,60,0.0,0.0,0,0,2
No Tactical,1,83,train,strong,player_win,-10.0,5,100.0,5,Expert,0.05,0.05,1,167,60,0.0,0.0,0,0,2
No Tactical,1,84,train,strong,player_win,-10.0,5,100.0,5,Expert,0.05,0.05,1,169,61,0.0,0.0,0,1,1
No Tactical,1,85,train,strong,player_win,-10.0,5,100.0,5,Expert,0.05,0.05,1,171,62,0.0,0.0,0,0,2
No Tactical,1,86,train,strong,player_win,-10.0,5,100.0,5,Expert,0.05,0.05,1,173,63,0.0,0.0,0,0,2
No Tactical,1,87,train,strong,player_win,-10.0,5,100.0,5,Expert,0.05,0.05,1,175,63,0.0,0.0,0,0,2
No Tactical,1,88,train,strong,player_win,-10.0,5,100.0,5,Expert,0.05,0.05,1,177,64,0.0,0.0,0,0,2
No Tactical,1,89,train,strong,player_win,-10.0,5,100.0,5,Expert,0.05,0.05,1,179,64,0.0,0.0,0,0,2
No Tactical,1,90,train,strong,player_win,-10.0,5,100.0,5,Expert,0.05,0.05,1,181,64,0.0,0.0,0,1,1
No Tactical,1,91,train,strong,player_win,-10.0,5,100.0,5,Expert,0.05,0.05,1,183,64,0.0,0.0,0,0,2
No Tactical,1,92,train,strong,player_win,-10.0,5,100.0,5,Expert,0.05,0.05,1,185,64,0.0,0.0,0,0,2
No Tactical,1,93,train,strong,player_win,-10.0,5,100.0,5,Expert,0.05,0.05,1,187,64,0.0,0.0,0,0,2
No Tactical,1,94,train,strong,player_win,-10.0,5,100.0,5,Expert,0.05,0.05,1,189,64,0.0,0.0,0,0,2
No Tactical,1,95,train,strong,player_win,-10.0,5,100.0,5,Expert,0.05,0.05,1,191,65,0.0,0.0,0,0,2
No Tactical,1,96,train,strong,player_win,-10.0,5,100.0,5,Expert,0.05,0.05,1,193,65,0.0,0.0,0,0,2
No Tactical,1,97,train,strong,player_win,-10.0,5,100.0,5,Expert,0.05,0.05,1,195,65,0.0,0.0,0,0,2
No Tactical,1,98,train,strong,player_win,-10.0,5,100.0,5,Expert,0.05,0.05,1,197,65,0.0,0.0,0,0,2
No Tactical,1,99,train,strong,player_win,-10.0,5,100.0,5,Expert,0.05,0.05,1,199,66,0.0,0.0,0,1,1
No Tactical,1,100,train,strong,player_win,-10.0,5,100.0,5,Expert,0.05,0.05,1,201,66,0.0,0.0,0,0,2
No Tactical,1,101,train,strong,player_win,-10.0,5,100.0,5,Expert,0.05,0.05,1,203,66,0.0,0.0,0,0,2
No Tactical,1,102,train,strong,player_win,-10.0,5,100.0,5,Expert,0.05,0.05,1,205,66,0.0,0.0,0,0,2
No Tactical,1,103,train,strong,player_win,-10.0,5,100.0,5,Expert,0.05,0.05,1,207,67,0.0,0.0,0,0,2
No Tactical,1,104,train,strong,player_win,-10.0,5,100.0,5,Expert,0.05,0.05,1,209,68,0.0,0.0,0,0,2
No Tactical,1,105,train,strong,player_win,-10.0,5,100.0,5,Expert,0.05,0.05,1,211,68,0.0,0.0,0,1,1
No Tactical,1,106,train,strong,player_win,-10.0,5,100.0,5,Expert,0.05,0.05,1,213,68,0.0,0.0,0,0,2
No Tactical,1,107,train,strong,player_win,-10.0,5,100.0,5,Expert,0.05,0.05,1,215,68,0.0,0.0,0,0,2
No Tactical,1,108,train,strong,player_win,-10.0,5,100.0,5,Expert,0.05,0.05,1,217,69,0.0,0.0,0,0,2
No Tactical,1,109,train,strong,player_win,-10.0,5,100.0,5,Expert,0.05,0.05,1,219,69,0.0,0.0,0,0,2
No Tactical,1,110,train,strong,player_win,-10.0,5,100.0,5,Expert,0.05,0.05,1,221,70,0.0,0.0,0,0,2
No Tactical,1,111,train,strong,player_win,-10.0,5,100.0,5,Expert,0.05,0.05,1,223,70,0.0,0.0,0,0,2
No Tactical,1,112,train,strong,player_win,-10.0,5,100.0,5,Expert,0.05,0.05,1,225,70,0.0,0.0,0,1,1
No Tactical,1,113,train,strong,player_win,-10.0,5,100.0,5,Expert,0.05,0.05,1,227,70,0.0,0.0,0,0,2
No Tactical,1,114,train,strong,player_win,-10.0,5,100.0,5,Expert,0.05,0.05,1,229,70,0.0,0.0,0,0,2
No Tactical,1,115,train,strong,player_win,-10.0,5,100.0,5,Expert,0.05,0.05,1,231,70,0.0,0.0,0,0,2
No Tactical,1,116,train,strong,player_win,-10.0,5,100.0,5,Expert,0.05,0.05,1,233,70,0.0,0.0,0,0,2
No Tactical,1,117,train,strong,player_win,-10.0,5,100.0,5,Expert,0.05,0.05,1,235,71,0.0,0.0,0,0,2
No Tactical,1,118,train,strong,player_win,-10.0,5,100.0,5,Expert,0.05,0.05,1,237,71,0.0,0.0,0,1,1
No Tactical,1,119,train,strong,player_win,-10.0,5,100.0,5,Expert,0.05,0.05,1,239,71,0.0,0.0,0,1,1
No Tactical,1,120,train,strong,player_win,-10.0,5,100.0,5,Expert,0.05,0.05,1,241,71,0.0,0.0,0,1,1
No Tactical,1,121,train,strong,player_win,-10.0,5,100.0,5,Expert,0.05,0.05,1,243,72,0.0,0.0,0,0,2
No Tactical,1,122,train,strong,player_win,-10.0,5,100.0,5,Expert,0.05,0.05,1,245,72,0.0,0.0,0,0,2
No Tactical,1,123,train,strong,player_win,-10.0,5,100.0,5,Expert,0.05,0.05,1,247,72,0.0,0.0,0,0,2
No Tactical,1,124,train,strong,player_win,-10.0,5,100.0,5,Expert,0.05,0.05,1,249,72,0.0,0.0,0,1,1
No Tactical,1,125,train,strong,player_win,-10.0,5,100.0,5,Expert,0.05,0.05,1,251,72,0.0,0.0,0,0,2
No Tactical,1,126,train,strong,player_win,-10.0,5,100.0,5,Expert,0.05,0.05,1,253,72,0.0,0.0,0,0,2
No Tactical,1,127,train,strong,player_win,-10.0,5,100.0,5,Expert,0.05,0.05,1,255,72,0.0,0.0,0,0,2
No Tactical,1,128,train,strong,player_win,-10.0,5,100.0,5,Expert,0.05,0.05,1,257,72,0.0,0.0,0,0,2
No Tactical,1,129,train,strong,player_win,-10.0,5,100.0,5,Expert,0.05,0.05,1,259,72,0.0,0.0,0,1,1
No Tactical,1,130,train,strong,player_win,-10.0,5,100.0,5,Expert,0.05,0.05,1,261,73,0.0,0.0,0,0,2
No Tactical,1,131,train,strong,player_win,-10.0,5,100.0,5,Expert,0.05,0.05,1,263,73,0.0,0.0,0,0,2
No Tactical,1,132,train,strong,player_win,-10.0,5,100.0,5,Expert,0.05,0.05,1,265,73,0.0,0.0,0,0,2
No Tactical,1,133,train,strong,player_win,-10.0,5,100.0,5,Expert,0.05,0.05,1,267,73,0.0,0.0,0,0,2
No Tactical,1,134,train,strong,player_win,-10.0,5,100.0,5,Expert,0.05,0.05,1,269,73,0.0,0.0,0,0,2
No Tactical,1,135,train,strong,player_win,-10.0,5,100.0,5,Expert,0.05,0.05,1,271,73,0.0,0.0,0,0,2
No Tactical,1,136,train,strong,player_win,-10.0,5,100.0,5,Expert,0.05,0.05,1,273,74,0.0,0.0,0,0,2
No Tactical,1,137,train,strong,player_win,-10.0,5,100.0,5,Expert,0.05,0.05,1,275,75,0.0,0.0,0,0,2
No Tactical,1,138,train,strong,player_win,-10.0,5,100.0,5,Expert,0.05,0.05,1,277,75,0.0,0.0,0,0,2
No Tactical,1,139,train,strong,player_win,-10.0,5,100.0,5,Expert,0.05,0.05,1,279,75,0.0,0.0,0,0,2
No Tactical,1,140,train,strong,player_win,-10.0,5,100.0,5,Expert,0.05,0.05,1,281,75,0.0,0.0,0,0,2
No Tactical,1,141,train,strong,player_win,-10.0,5,100.0,5,Expert,0.05,0.05,1,283,75,0.0,0.0,0,0,2
No Tactical,1,142,train,strong,player_win,-10.0,5,100.0,5,Expert,0.05,0.05,1,285,75,0.0,0.0,0,0,2
No Tactical,1,143,train,strong,player_win,-10.0,5,100.0,5,Expert,0.05,0.05,1,287,75,0.0,0.0,0,0,2
No Tactical,1,144,train,strong,player_win,-10.0,5,100.0,5,Expert,0.05,0.05,1,289,75,0.0,0.0,0,0,2
No Tactical,1,145,train,strong,player_win,-10.0,5,100.0,5,Expert,0.05,0.05,1,291,75,0.0,0.0,0,0,2
No Tactical,1,146,train,strong,player_win,-10.0,5,100.0,5,Expert,0.05,0.05,1,293,75,0.0,0.0,0,0,2
No Tactical,1,147,train,strong,player_win,-10.0,5,100.0,5,Expert,0.05,0.05,1,295,75,0.0,0.0,0,0,2
No Tactical,1,148,train,strong,player_win,-10.0,5,100.0,5,Expert,0.05,0.05,1,297,75,0.0,0.0,0,0,2
No Tactical,1,149,train,strong,player_win,-10.0,5,100.0,5,Expert,0.05,0.05,1,299,75,0.0,0.0,0,1,1
No Tactical,1,150,train,strong,player_win,-10.0,5,100.0,5,Expert,0.05,0.05,1,301,76,0.0,0.0,0,0,2
No Tactical,1,151,train,strong,player_win,-10.0,5,100.0,5,Expert,0.05,0.05,1,303,76,0.0,0.0,0,0,2
No Tactical,1,152,train,strong,player_win,-10.0,5,100.0,5,Expert,0.05,0.05,1,305,76,0.0,0.0,0,0,2
No Tactical,1,153,train,strong,player_win,-10.0,5,100.0,5,Expert,0.05,0.05,1,307,76,0.0,0.0,0,0,2
No Tactical,1,154,train,strong,player_win,-10.0,5,100.0,5,Expert,0.05,0.05,1,309,76,0.0,0.0,0,0,2
No Tactical,1,155,train,strong,player_win,-10.0,5,100.0,5,Expert,0.05,0.05,1,311,76,0.0,0.0,0,0,2
No Tactical,1,156,train,strong,player_win,-10.0,5,100.0,5,Expert,0.05,0.05,1,313,76,0.0,0.0,0,0,2
No Tactical,1,157,train,strong,player_win,-10.0,5,100.0,5,Expert,0.05,0.05,1,315,76,0.0,0.0,0,1,1
No Tactical,1,158,train,strong,player_win,-10.0,5,100.0,5,Expert,0.05,0.05,1,317,76,0.0,0.0,0,0,2
No Tactical,1,159,train,strong,player_win,-10.0,5,100.0,5,Expert,0.05,0.05,1,319,76,0.0,0.0,0,0,2
No Tactical,1,160,train,strong,player_win,-10.0,5,100.0,5,Expert,0.05,0.05,1,321,76,0.0,0.0,0,0,2
No Tactical,1,161,train,strong,player_win,-10.0,5,100.0,5,Expert,0.05,0.05,1,323,76,0.0,0.0,0,0,2
No Tactical,1,162,train,strong,player_win,-10.0,5,100.0,5,Expert,0.05,0.05,1,325,76,0.0,0.0,0,0,2
No Tactical,1,163,train,strong,player_win,-10.0,5,100.0,5,Expert,0.05,0.05,1,327,76,0.0,0.0,0,0,2
No Tactical,1,164,train,strong,player_win,-10.0,5,100.0,5,Expert,0.05,0.05,1,329,76,0.0,0.0,0,0,2
No Tactical,1,165,train,strong,player_win,-10.0,5,100.0,5,Expert,0.05,0.05,1,331,76,0.0,0.0,0,1,1
No Tactical,1,166,train,strong,player_win,-10.0,5,100.0,5,Expert,0.05,0.05,1,333,76,0.0,0.0,0,0,2
No Tactical,1,167,train,strong,player_win,-10.0,5,100.0,5,Expert,0.05,0.05,1,335,77,0.0,0.0,0,0,2
No Tactical,1,168,train,strong,player_win,-10.0,5,100.0,5,Expert,0.05,0.05,1,337,77,0.0,0.0,0,0,2
No Tactical,1,169,train,strong,player_win,-10.0,5,100.0,5,Expert,0.05,0.05,1,339,77,0.0,0.0,0,0,2
No Tactical,1,170,train,strong,player_win,-10.0,5,100.0,5,Expert,0.05,0.05,1,341,77,0.0,0.0,0,1,1
No Tactical,1,171,train,strong,player_win,-10.0,5,100.0,5,Expert,0.05,0.05,1,343,78,0.0,0.0,0,0,2
No Tactical,1,172,train,strong,player_win,-10.0,5,100.0,5,Expert,0.05,0.05,1,345,78,0.0,0.0,0,0,2
No Tactical,1,173,train,strong,player_win,-10.0,5,100.0,5,Expert,0.05,0.05,1,347,78,0.0,0.0,0,0,2
No Tactical,1,174,train,strong,player_win,-10.0,5,100.0,5,Expert,0.05,0.05,1,349,78,0.0,0.0,0,0,2
No Tactical,1,175,train,strong,player_win,-10.0,5,100.0,5,Expert,0.05,0.05,1,351,78,0.0,0.0,0,0,2
No Tactical,1,176,train,strong,player_win,-10.0,5,100.0,5,Expert,0.05,0.05,1,353,78,0.0,0.0,0,0,2
No Tactical,1,177,train,strong,player_win,-10.0,5,100.0,5,Expert,0.05,0.05,1,355,78,0.0,0.0,0,0,2
No Tactical,1,178,train,strong,player_win,-10.0,5,100.0,5,Expert,0.05,0.05,1,357,78,0.0,0.0,0,0,2
No Tactical,1,179,train,strong,player_win,-10.0,5,100.0,5,Expert,0.05,0.05,1,359,78,0.0,0.0,0,0,2
No Tactical,1,180,train,strong,player_win,-10.0,5,100.0,5,Expert,0.05,0.05,1,361,78,0.0,0.0,0,0,2
No Tactical,1,181,train,strong,player_win,-10.0,5,100.0,5,Expert,0.05,0.05,1,363,78,0.0,0.0,0,0,2
No Tactical,1,182,train,strong,player_win,-10.0,5,100.0,5,Expert,0.05,0.05,1,365,78,0.0,0.0,0,0,2
No Tactical,1,183,train,strong,player_win,-10.0,5,100.0,5,Expert,0.05,0.05,1,367,78,0.0,0.0,0,0,2
No Tactical,1,184,train,strong,player_win,-10.0,5,100.0,5,Expert,0.05,0.05,1,369,78,0.0,0.0,0,0,2
No Tactical,1,185,train,strong,player_win,-10.0,5,100.0,5,Expert,0.05,0.05,1,371,78,0.0,0.0,0,0,2
No Tactical,1,186,train,strong,player_win,-10.0,5,100.0,5,Expert,0.05,0.05,1,373,78,0.0,0.0,0,0,2
No Tactical,1,187,train,strong,player_win,-10.0,5,100.0,5,Expert,0.05,0.05,1,375,78,0.0,0.0,0,0,2
No Tactical,1,188,train,strong,player_win,-10.0,7,100.0,5,Expert,0.05,0.05,1,378,78,0.0,0.0,0,0,3
No Tactical,1,189,train,strong,player_win,-10.0,5,100.0,5,Expert,0.05,0.05,1,380,78,0.0,0.0,0,0,2
No Tactical,1,190,train,strong,player_win,-10.0,5,100.0,5,Expert,0.05,0.05,1,382,78,0.0,0.0,0,0,2
No Tactical,1,191,train,strong,player_win,-10.0,5,100.0,5,Expert,0.05,0.05,1,384,79,0.0,0.0,0,0,2
No Tactical,1,192,train,strong,player_win,-10.0,5,100.0,5,Expert,0.05,0.05,1,386,79,0.0,0.0,0,1,1
No Tactical,1,193,train,strong,player_win,-10.0,5,100.0,5,Expert,0.05,0.05,1,388,79,0.0,0.0,0,0,2
No Tactical,1,194,train,strong,player_win,-10.0,5,100.0,5,Expert,0.05,0.05,1,390,79,0.0,0.0,0,0,2
No Tactical,1,195,train,strong,player_win,-10.0,5,100.0,5,Expert,0.05,0.05,1,392,79,0.0,0.0,0,0,2
No Tactical,1,196,train,strong,player_win,-10.0,5,100.0,5,Expert,0.05,0.05,1,394,79,0.0,0.0,0,0,2
No Tactical,1,197,train,strong,player_win,-10.0,5,100.0,5,Expert,0.05,0.05,1,396,79,0.0,0.0,0,0,2
No Tactical,1,198,train,strong,player_win,-10.0,5,100.0,5,Expert,0.05,0.05,1,398,79,0.0,0.0,0,0,2
No Tactical,1,199,train,strong,player_win,-10.0,5,100.0,5,Expert,0.05,0.05,1,400,79,0.0,0.0,0,0,2
No Tactical,1,200,train,strong,player_win,-10.0,5,100.0,5,Expert,0.05,0.05,1,402,79,0.0,0.0,0,0,2
No Tactical,1,201,train,strong,player_win,-10.0,5,100.0,5,Expert,0.05,0.05,1,404,79,0.0,0.0,0,0,2
No Tactical,1,202,train,strong,player_win,-10.0,5,100.0,5,Expert,0.05,0.05,1,406,79,0.0,0.0,0,0,2
No Tactical,1,203,train,strong,player_win,-10.0,5,100.0,5,Expert,0.05,0.05,1,408,80,0.0,0.0,0,1,1
No Tactical,1,204,train,strong,player_win,-10.0,5,100.0,5,Expert,0.05,0.05,1,410,80,0.0,0.0,0,0,2
No Tactical,1,205,train,strong,player_win,-10.0,5,100.0,5,Expert,0.05,0.05,1,412,80,0.0,0.0,0,0,2
No Tactical,1,206,train,strong,player_win,-10.0,5,100.0,5,Expert,0.05,0.05,1,414,80,0.0,0.0,0,0,2
No Tactical,1,207,train,strong,player_win,-10.0,5,100.0,5,Expert,0.05,0.05,1,416,80,0.0,0.0,0,0,2
No Tactical,1,208,train,strong,player_win,-10.0,5,100.0,5,Expert,0.05,0.05,1,418,80,0.0,0.0,0,0,2
No Tactical,1,209,train,strong,player_win,-10.0,5,100.0,5,Expert,0.05,0.05,1,420,80,0.0,0.0,0,0,2
No Tactical,1,210,train,strong,player_win,-10.0,5,100.0,5,Expert,0.05,0.05,1,422,81,0.0,0.0,0,0,2
No Tactical,1,211,train,strong,player_win,-10.0,5,100.0,5,Expert,0.05,0.05,1,424,81,0.0,0.0,0,1,1
No Tactical,1,212,train,strong,player_win,-10.0,5,100.0,5,Expert,0.05,0.05,1,426,81,0.0,0.0,0,0,2
No Tactical,1,213,train,strong,player_win,-10.0,5,100.0,5,Expert,0.05,0.05,1,428,81,0.0,0.0,0,0,2
No Tactical,1,214,train,strong,player_win,-10.0,5,100.0,5,Expert,0.05,0.05,1,430,81,0.0,0.0,0,0,2
No Tactical,1,215,train,strong,player_win,-10.0,7,100.0,5,Expert,0.05,0.05,1,433,82,0.0,0.0,0,0,3
No Tactical,1,216,train,strong,player_win,-10.0,5,100.0,5,Expert,0.05,0.05,1,435,82,0.0,0.0,0,0,2
No Tactical,1,217,train,strong,player_win,-10.0,5,100.0,5,Expert,0.05,0.05,1,437,82,0.0,0.0,0,0,2
No Tactical,1,218,train,strong,player_win,-10.0,5,100.0,5,Expert,0.05,0.05,1,439,82,0.0,0.0,0,0,2
No Tactical,1,219,train,strong,player_win,-10.0,5,100.0,5,Expert,0.05,0.05,1,441,83,0.0,0.0,0,0,2
No Tactical,1,220,train,strong,player_win,-10.0,5,100.0,5,Expert,0.05,0.05,1,443,84,0.0,0.0,0,0,2
No Tactical,1,221,train,strong,player_win,-10.0,5,100.0,5,Expert,0.05,0.05,1,445,85,0.0,0.0,0,0,2
No Tactical,1,222,train,strong,player_win,-10.0,5,100.0,5,Expert,0.05,0.05,1,447,85,0.0,0.0,0,0,2
No Tactical,1,223,train,strong,player_win,-10.0,5,100.0,5,Expert,0.05,0.05,1,449,85,0.0,0.0,0,0,2
No Tactical,1,224,train,strong,player_win,-10.0,5,100.0,5,Expert,0.05,0.05,1,451,85,0.0,0.0,0,0,2
No Tactical,1,225,train,strong,player_win,-10.0,5,100.0,5,Expert,0.05,0.05,1,453,85,0.0,0.0,0,0,2
No Tactical,1,226,train,strong,player_win,-10.0,5,100.0,5,Expert,0.05,0.05,1,455,86,0.0,0.0,0,0,2
No Tactical,1,227,train,strong,player_win,-10.0,5,100.0,5,Expert,0.05,0.05,1,457,86,0.0,0.0,0,0,2
No Tactical,1,228,train,strong,player_win,-10.0,5,100.0,5,Expert,0.05,0.05,1,459,86,0.0,0.0,0,0,2
No Tactical,1,229,train,strong,player_win,-10.0,5,100.0,5,Expert,0.05,0.05,1,461,86,0.0,0.0,0,0,2
No Tactical,1,230,train,strong,player_win,-10.0,5,100.0,5,Expert,0.05,0.05,1,463,86,0.0,0.0,0,1,1
No Tactical,1,231,train,strong,player_win,-10.0,5,100.0,5,Expert,0.05,0.05,1,465,86,0.0,0.0,0,0,2
No Tactical,1,232,train,strong,player_win,-10.0,5,100.0,5,Expert,0.05,0.05,1,467,86,0.0,0.0,0,1,1
No Tactical,1,233,train,strong,player_win,-10.0,5,100.0,5,Expert,0.05,0.05,1,469,86,0.0,0.0,0,1,1
No Tactical,1,234,train,strong,player_win,-10.0,5,100.0,5,Expert,0.05,0.05,1,471,86,0.0,0.0,0,0,2
No Tactical,1,235,train,strong,player_win,-10.0,5,100.0,5,Expert,0.05,0.05,1,473,86,0.0,0.0,0,0,2
No Tactical,1,236,train,strong,player_win,-10.0,5,100.0,5,Expert,0.05,0.05,1,475,86,0.0,0.0,0,1,1
No Tactical,1,237,train,strong,player_win,-10.0,5,100.0,5,Expert,0.05,0.05,1,477,86,0.0,0.0,0,0,2
No Tactical,1,238,train,strong,player_win,-10.0,5,100.0,5,Expert,0.05,0.05,1,479,86,0.0,0.0,0,0,2
No Tactical,1,239,train,strong,player_win,-10.0,5,100.0,5,Expert,0.05,0.05,1,481,86,0.0,0.0,0,0,2
No Tactical,1,240,train,strong,player_win,-10.0,5,100.0,5,Expert,0.05,0.05,1,483,86,0.0,0.0,0,0,2
No Tactical,1,241,train,strong,player_win,-10.0,5,100.0,5,Expert,0.05,0.05,1,485,86,0.0,0.0,0,0,2
No Tactical,1,242,train,strong,player_win,-10.0,5,100.0,5,Expert,0.05,0.05,1,487,86,0.0,0.0,0,0,2
No Tactical,1,243,train,strong,player_win,-10.0,5,100.0,5,Expert,0.05,0.05,1,489,86,0.0,0.0,0,0,2
No Tactical,1,244,train,strong,player_win,-10.0,5,100.0,5,Expert,0.05,0.05,1,491,86,0.0,0.0,0,0,2
No Tactical,1,245,train,strong,player_win,-10.0,5,100.0,5,Expert,0.05,0.05,1,493,86,0.0,0.0,0,0,2
No Tactical,1,246,train,strong,player_win,-10.0,5,100.0,5,Expert,0.05,0.05,1,495,86,0.0,0.0,0,0,2
No Tactical,1,247,train,strong,player_win,-10.0,5,100.0,5,Expert,0.05,0.05,1,497,86,0.0,0.0,0,0,2
No Tactical,1,248,train,strong,player_win,-10.0,5,100.0,5,Expert,0.05,0.05,1,499,86,0.0,0.0,0,0,2
No Tactical,1,249,train,strong,player_win,-10.0,5,100.0,5,Expert,0.05,0.05,1,501,86,0.0,0.0,0,0,2
No Tactical,1,250,train,strong,player_win,-10.0,5,100.0,5,Expert,0.05,0.05,1,503,86,0.0,0.0,0,1,1
No Tactical,1,251,train,strong,player_win,-10.0,5,100.0,5,Expert,0.05,0.05,1,505,86,0.0,0.0,0,0,2
No Tactical,1,252,train,strong,player_win,-10.0,5,100.0,5,Expert,0.05,0.05,1,507,86,0.0,0.0,0,0,2
No Tactical,1,253,train,strong,player_win,-10.0,5,100.0,5,Expert,0.05,0.05,1,509,86,0.0,0.0,0,0,2
No Tactical,1,254,train,strong,player_win,-10.0,5,100.0,5,Expert,0.05,0.05,1,511,86,0.0,0.0,0,0,2
No Tactical,1,255,train,strong,player_win,-10.0,5,100.0,5,Expert,0.05,0.05,1,513,86,0.0,0.0,0,0,2
No Tactical,1,256,train,strong,player_win,-10.0,5,100.0,5,Expert,0.05,0.05,1,515,86,0.0,0.0,0,0,2
No Tactical,1,257,train,strong,player_win,-10.0,5,100.0,5,Expert,0.05,0.05,1,517,86,0.0,0.0,0,0,2
No Tactical,1,258,train,strong,player_win,-10.0,5,100.0,5,Expert,0.05,0.05,1,519,86,0.0,0.0,0,0,2
No Tactical,1,259,train,strong,player_win,-10.0,5,100.0,5,Expert,0.05,0.05,1,521,86,0.0,0.0,0,0,2
No Tactical,1,260,train,strong,player_win,-10.0,5,100.0,5,Expert,0.05,0.05,1,523,86,0.0,0.0,0,0,2
No Tactical,1,261,train,strong,player_win,-10.0,5,100.0,5,Expert,0.05,0.05,1,525,86,0.0,0.0,0,0,2
No Tactical,1,262,train,strong,player_win,-10.0,5,100.0,5,Expert,0.05,0.05,1,527,86,0.0,0.0,0,0,2
No Tactical,1,263,train,strong,player_win,-10.0,5,100.0,5,Expert,0.05,0.05,1,529,86,0.0,0.0,0,0,2
No Tactical,1,264,train,strong,player_win,-10.0,5,100.0,5,Expert,0.05,0.05,1,531,86,0.0,0.0,0,0,2
No Tactical,1,265,train,strong,player_win,-10.0,5,100.0,5,Expert,0.05,0.05,1,533,86,0.0,0.0,0,0,2
No Tactical,1,266,train,strong,player_win,-10.0,5,100.0,5,Expert,0.05,0.05,1,535,86,0.0,0.0,0,0,2
No Tactical,1,267,train,strong,player_win,-10.0,5,100.0,5,Expert,0.05,0.05,1,537,86,0.0,0.0,0,0,2
No Tactical,1,268,train,strong,player_win,-10.0,5,100.0,5,Expert,0.05,0.05,1,539,86,0.0,0.0,0,0,2
No Tactical,1,269,train,strong,player_win,-10.0,5,100.0,5,Expert,0.05,0.05,1,541,86,0.0,0.0,0,0,2
No Tactical,1,270,train,strong,player_win,-10.0,5,100.0,5,Expert,0.05,0.05,1,543,86,0.0,0.0,0,0,2
No Tactical,1,271,train,strong,player_win,-10.0,7,100.0,5,Expert,0.05,0.05,1,546,87,0.0,0.0,0,0,3
No Tactical,1,272,train,strong,player_win,-10.0,5,100.0,5,Expert,0.05,0.05,1,548,88,0.0,0.0,0,0,2
No Tactical,1,273,train,strong,player_win,-10.0,5,100.0,5,Expert,0.05,0.05,1,550,88,0.0,0.0,0,1,1
No Tactical,1,274,train,strong,player_win,-10.0,5,100.0,5,Expert,0.05,0.05,1,552,88,0.0,0.0,0,1,1
No Tactical,1,275,train,strong,player_win,-10.0,5,100.0,5,Expert,0.05,0.05,1,554,88,0.0,0.0,0,1,1
No Tactical,1,276,train,strong,player_win,-10.0,5,100.0,5,Expert,0.05,0.05,1,556,88,0.0,0.0,0,0,2
No Tactical,1,277,train,strong,player_win,-10.0,5,100.0,5,Expert,0.05,0.05,1,558,88,0.0,0.0,0,0,2
No Tactical,1,278,train,strong,player_win,-10.0,5,100.0,5,Expert,0.05,0.05,1,560,88,0.0,0.0,0,0,2
No Tactical,1,279,train,strong,player_win,-10.0,5,100.0,5,Expert,0.05,0.05,1,562,88,0.0,0.0,0,0,2
No Tactical,1,280,train,strong,player_win,-10.0,5,100.0,5,Expert,0.05,0.05,1,564,88,0.0,0.0,0,0,2
No Tactical,1,281,train,strong,player_win,-10.0,5,100.0,5,Expert,0.05,0.05,1,566,88,0.0,0.0,0,0,2
No Tactical,1,282,train,strong,player_win,-10.0,5,100.0,5,Expert,0.05,0.05,1,568,88,0.0,0.0,0,0,2
No Tactical,1,283,train,strong,player_win,-10.0,5,100.0,5,Expert,0.05,0.05,1,570,88,0.0,0.0,0,0,2
No Tactical,1,284,train,strong,player_win,-10.0,5,100.0,5,Expert,0.05,0.05,1,572,88,0.0,0.0,0,1,1
No Tactical,1,285,train,strong,player_win,-10.0,5,100.0,5,Expert,0.05,0.05,1,574,88,0.0,0.0,0,1,1
No Tactical,1,286,train,strong,player_win,-10.0,5,100.0,5,Expert,0.05,0.05,1,576,88,0.0,0.0,0,0,2
No Tactical,1,287,train,strong,player_win,-10.0,5,100.0,5,Expert,0.05,0.05,1,578,88,0.0,0.0,0,0,2
No Tactical,1,288,train,strong,player_win,-10.0,5,100.0,5,Expert,0.05,0.05,1,580,88,0.0,0.0,0,0,2
No Tactical,1,289,train,strong,player_win,-10.0,5,100.0,5,Expert,0.05,0.05,1,582,88,0.0,0.0,0,0,2
No Tactical,1,290,train,strong,player_win,-10.0,5,100.0,5,Expert,0.05,0.05,1,584,88,0.0,0.0,0,0,2
No Tactical,1,291,train,strong,player_win,-10.0,5,100.0,5,Expert,0.05,0.05,1,586,88,0.0,0.0,0,0,2
No Tactical,1,292,train,strong,player_win,-10.0,5,100.0,5,Expert,0.05,0.05,1,588,88,0.0,0.0,0,0,2
No Tactical,1,293,train,strong,player_win,-10.0,5,100.0,5,Expert,0.05,0.05,1,590,88,0.0,0.0,0,0,2
No Tactical,1,294,train,strong,player_win,-10.0,5,100.0,5,Expert,0.05,0.05,1,592,88,0.0,0.0,0,0,2
No Tactical,1,295,train,strong,player_win,-10.0,5,100.0,5,Expert,0.05,0.05,1,594,88,0.0,0.0,0,0,2
No Tactical,1,296,train,strong,player_win,-10.0,5,100.0,5,Expert,0.05,0.05,1,596,88,0.0,0.0,0,0,2
No Tactical,1,297,train,strong,player_win,-10.0,5,100.0,5,Expert,0.05,0.05,1,598,88,0.0,0.0,0,0,2
No Tactical,1,298,train,strong,player_win,-10.0,5,100.0,5,Expert,0.05,0.05,1,600,88,0.0,0.0,0,0,2
No Tactical,1,299,train,strong,player_win,-10.0,5,100.0,5,Expert,0.05,0.05,1,602,88,0.0,0.0,0,0,2
No Tactical,1,300,train,strong,player_win,-10.0,5,100.0,5,Expert,0.05,0.05,1,604,88,0.0,0.0,0,0,2
No Tactical,1,301,train,strong,player_win,-10.0,5,100.0,5,Expert,0.05,0.05,1,606,88,0.0,0.0,0,0,2
No Tactical,1,302,train,strong,player_win,-10.0,5,100.0,5,Expert,0.05,0.05,1,608,88,0.0,0.0,0,0,2
No Tactical,1,303,train,strong,player_win,-10.0,5,100.0,5,Expert,0.05,0.05,1,610,88,0.0,0.0,0,0,2
No Tactical,1,304,train,strong,player_win,-10.0,5,100.0,5,Expert,0.05,0.05,1,612,88,0.0,0.0,0,0,2
No Tactical,1,305,train,strong,player_win,-10.0,5,100.0,5,Expert,0.05,0.05,1,614,88,0.0,0.0,0,0,2
No Tactical,1,306,train,strong,player_win,-10.0,5,100.0,5,Expert,0.05,0.05,1,616,88,0.0,0.0,0,0,2
No Tactical,1,307,train,strong,player_win,-10.0,5,100.0,5,Expert,0.05,0.05,1,618,88,0.0,0.0,0,0,2
No Tactical,1,308,train,strong,player_win,-10.0,5,100.0,5,Expert,0.05,0.05,1,620,89,0.0,0.0,0,0,2
No Tactical,1,309,train,strong,player_win,-10.0,5,100.0,5,Expert,0.05,0.05,1,622,89,0.0,0.0,0,0,2
No Tactical,1,310,train,strong,player_win,-10.0,5,100.0,5,Expert,0.05,0.05,1,624,89,0.0,0.0,0,0,2
No Tactical,1,311,train,strong,player_win,-10.0,5,100.0,5,Expert,0.05,0.05,1,626,89,0.0,0.0,0,0,2
No Tactical,1,312,train,strong,player_win,-10.0,5,100.0,5,Expert,0.05,0.05,1,628,89,0.0,0.0,0,0,2
No Tactical,1,313,train,strong,player_win,-10.0,5,100.0,5,Expert,0.05,0.05,1,630,89,0.0,0.0,0,0,2
No Tactical,1,314,train,strong,player_win,-10.0,5,100.0,5,Expert,0.05,0.05,1,632,89,0.0,0.0,0,0,2
No Tactical,1,315,train,strong,player_win,-10.0,5,100.0,5,Expert,0.05,0.05,1,634,89,0.0,0.0,0,0,2
No Tactical,1,316,train,strong,player_win,-10.0,5,100.0,5,Expert,0.05,0.05,1,636,89,0.0,0.0,0,0,2
No Tactical,1,317,train,strong,player_win,-10.0,5,100.0,5,Expert,0.05,0.05,1,638,89,0.0,0.0,0,0,2
No Tactical,1,318,train,strong,player_win,-10.0,5,100.0,5,Expert,0.05,0.05,1,640,89,0.0,0.0,0,0,2
No Tactical,1,319,train,strong,player_win,-10.0,5,100.0,5,Expert,0.05,0.05,1,642,89,0.0,0.0,0,0,2
No Tactical,1,320,train,strong,player_win,-10.0,5,100.0,5,Expert,0.05,0.05,1,644,89,0.0,0.0,0,0,2
No Tactical,1,321,train,strong,player_win,-10.0,5,100.0,5,Expert,0.05,0.05,1,646,89,0.0,0.0,0,0,2
No Tactical,1,322,train,strong,player_win,-10.0,5,100.0,5,Expert,0.05,0.05,1,648,89,0.0,0.0,0,0,2
No Tactical,1,323,train,strong,player_win,-10.0,5,100.0,5,Expert,0.05,0.05,1,650,89,0.0,0.0,0,0,2
No Tactical,1,324,train,strong,player_win,-10.0,5,100.0,5,Expert,0.05,0.05,1,652,89,0.0,0.0,0,0,2
No Tactical,1,325,train,strong,player_win,-10.0,5,100.0,5,Expert,0.05,0.05,1,654,89,0.0,0.0,0,0,2
No Tactical,1,326,train,strong,player_win,-10.0,5,100.0,5,Expert,0.05,0.05,1,656,89,0.0,0.0,0,0,2
No Tactical,1,327,train,strong,player_win,-10.0,5,100.0,5,Expert,0.05,0.05,1,658,89,0.0,0.0,0,0,2
No Tactical,1,328,train,strong,player_win,-10.0,5,100.0,5,Expert,0.05,0.05,1,660,89,0.0,0.0,0,0,2
No Tactical,1,329,train,strong,player_win,-10.0,5,100.0,5,Expert,0.05,0.05,1,662,89,0.0,0.0,0,0,2
No Tactical,1,330,train,strong,player_win,-10.0,5,100.0,5,Expert,0.05,0.05,1,664,89,0.0,0.0,0,0,2
No Tactical,1,331,train,strong,player_win,-10.0,5,100.0,5,Expert,0.05,0.05,1,666,89,0.0,0.0,0,0,2
No Tactical,1,332,train,strong,player_win,-10.0,5,100.0,5,Expert,0.05,0.05,1,668,89,0.0,0.0,0,0,2
No Tactical,1,333,train,strong,player_win,-10.0,5,100.0,5,Expert,0.05,0.05,1,670,89,0.0,0.0,0,0,2
No Tactical,1,334,train,strong,player_win,-10.0,5,100.0,5,Expert,0.05,0.05,1,672,89,0.0,0.0,0,1,1
No Tactical,1,335,train,strong,player_win,-10.0,5,100.0,5,Expert,0.05,0.05,1,674,89,0.0,0.0,0,0,2
No Tactical,1,336,train,strong,player_win,-10.0,5,100.0,5,Expert,0.05,0.05,1,676,89,0.0,0.0,0,1,1
No Tactical,1,337,train,strong,player_win,-10.0,5,100.0,5,Expert,0.05,0.05,1,678,89,0.0,0.0,0,0,2
No Tactical,1,338,train,strong,player_win,-10.0,5,100.0,5,Expert,0.05,0.05,1,680,89,0.0,0.0,0,0,2
No Tactical,1,339,train,strong,player_win,-10.0,5,100.0,5,Expert,0.05,0.05,1,682,89,0.0,0.0,0,0,2
No Tactical,1,340,train,strong,player_win,-10.0,5,100.0,5,Expert,0.05,0.05,1,684,89,0.0,0.0,0,0,2
No Tactical,1,341,train,strong,player_win,-10.0,5,100.0,5,Expert,0.05,0.05,1,686,89,0.0,0.0,0,0,2
No Tactical,1,342,train,strong,player_win,-10.0,5,100.0,5,Expert,0.05,0.05,1,688,89,0.0,0.0,0,0,2
No Tactical,1,343,train,strong,player_win,-10.0,5,100.0,5,Expert,0.05,0.05,1,690,89,0.0,0.0,0,0,2
No Tactical,1,344,train,strong,player_win,-10.0,5,100.0,5,Expert,0.05,0.05,1,692,89,0.0,0.0,0,0,2
No Tactical,1,345,train,strong,player_win,-10.0,5,100.0,5,Expert,0.05,0.05,1,694,89,0.0,0.0,0,0,2
No Tactical,1,346,train,strong,player_win,-10.0,5,100.0,5,Expert,0.05,0.05,1,696,89,0.0,0.0,0,0,2
No Tactical,1,347,train,strong,player_win,-10.0,5,100.0,5,Expert,0.05,0.05,1,698,89,0.0,0.0,0,0,2
No Tactical,1,348,train,strong,player_win,-10.0,5,100.0,5,Expert,0.05,0.05,1,700,89,0.0,0.0,0,0,2
No Tactical,1,349,train,strong,player_win,-10.0,5,100.0,5,Expert,0.05,0.05,1,702,89,0.0,0.0,0,1,1
No Tactical,1,350,train,strong,player_win,-10.0,5,100.0,5,Expert,0.05,0.05,1,704,89,0.0,0.0,0,0,2
No Tactical,1,351,train,strong,player_win,-10.0,5,100.0,5,Expert,0.05,0.05,1,706,89,0.0,0.0,0,0,2
No Tactical,1,352,train,strong,player_win,-10.0,5,100.0,5,Expert,0.05,0.05,1,708,89,0.0,0.0,0,0,2
No Tactical,1,353,train,strong,player_win,-10.0,5,100.0,5,Expert,0.05,0.05,1,710,89,0.0,0.0,0,1,1
No Tactical,1,354,train,strong,player_win,-10.0,5,100.0,5,Expert,0.05,0.05,1,712,89,0.0,0.0,0,0,2
No Tactical,1,355,train,strong,player_win,-10.0,5,100.0,5,Expert,0.05,0.05,1,714,89,0.0,0.0,0,0,2
No Tactical,1,356,train,strong,player_win,-10.0,5,100.0,5,Expert,0.05,0.05,1,716,89,0.0,0.0,0,0,2
No Tactical,1,357,train,strong,player_win,-10.0,5,100.0,5,Expert,0.05,0.05,1,718,89,0.0,0.0,0,0,2
No Tactical,1,358,train,strong,player_win,-10.0,5,100.0,5,Expert,0.05,0.05,1,720,89,0.0,0.0,0,0,2
No Tactical,1,359,train,strong,player_win,-10.0,5,100.0,5,Expert,0.05,0.05,1,722,89,0.0,0.0,0,0,2
No Tactical,1,360,train,strong,player_win,-10.0,5,100.0,5,Expert,0.05,0.05,1,724,89,0.0,0.0,0,0,2
No Tactical,1,361,train,strong,player_win,-10.0,5,100.0,5,Expert,0.05,0.05,1,726,89,0.0,0.0,0,0,2
No Tactical,1,362,train,strong,player_win,-10.0,5,100.0,5,Expert,0.05,0.05,1,728,89,0.0,0.0,0,0,2
No Tactical,1,363,train,strong,player_win,-10.0,5,100.0,5,Expert,0.05,0.05,1,730,89,0.0,0.0,0,0,2
No Tactical,1,364,train,strong,player_win,-10.0,5,100.0,5,Expert,0.05,0.05,1,732,89,0.0,0.0,0,0,2
No Tactical,1,365,train,strong,player_win,-10.0,5,100.0,5,Expert,0.05,0.05,1,734,89,0.0,0.0,0,0,2
No Tactical,1,366,train,strong,player_win,-10.0,5,100.0,5,Expert,0.05,0.05,1,736,89,0.0,0.0,0,0,2
No Tactical,1,367,train,strong,player_win,-10.0,5,100.0,5,Expert,0.05,0.05,1,738,89,0.0,0.0,0,0,2
No Tactical,1,368,train,strong,player_win,-10.0,5,100.0,5,Expert,0.05,0.05,1,740,89,0.0,0.0,0,0,2
No Tactical,1,369,train,strong,player_win,-10.0,5,100.0,5,Expert,0.05,0.05,1,742,89,0.0,0.0,0,0,2
No Tactical,1,370,train,strong,player_win,-10.0,5,100.0,5,Expert,0.05,0.05,1,744,89,0.0,0.0,0,0,2
No Tactical,1,371,train,strong,player_win,-10.0,5,100.0,5,Expert,0.05,0.05,1,746,89,0.0,0.0,0,0,2
No Tactical,1,372,train,strong,player_win,-10.0,5,100.0,5,Expert,0.05,0.05,1,748,89,0.0,0.0,0,1,1
No Tactical,1,373,train,strong,player_win,-10.0,5,100.0,5,Expert,0.05,0.05,1,750,89,0.0,0.0,0,0,2
No Tactical,1,374,train,strong,player_win,-10.0,5,100.0,5,Expert,0.05,0.05,1,752,89,0.0,0.0,0,0,2
No Tactical,1,375,train,strong,player_win,-10.0,5,100.0,5,Expert,0.05,0.05,1,754,89,0.0,0.0,0,0,2
No Tactical,1,376,train,strong,player_win,-10.0,5,100.0,5,Expert,0.05,0.05,1,756,89,0.0,0.0,0,0,2
No Tactical,1,377,train,strong,player_win,-10.0,5,100.0,5,Expert,0.05,0.05,1,758,89,0.0,0.0,0,0,2
No Tactical,1,378,train,strong,player_win,-10.0,5,100.0,5,Expert,0.05,0.05,1,760,89,0.0,0.0,0,0,2
No Tactical,1,379,train,strong,player_win,-10.0,5,100.0,5,Expert,0.05,0.05,1,762,89,0.0,0.0,0,0,2
No Tactical,1,380,train,strong,player_win,-10.0,5,100.0,5,Expert,0.05,0.05,1,764,89,0.0,0.0,0,0,2
No Tactical,1,381,train,strong,player_win,-10.0,5,100.0,5,Expert,0.05,0.05,1,766,89,0.0,0.0,0,0,2
No Tactical,1,382,train,strong,player_win,-10.0,5,100.0,5,Expert,0.05,0.05,1,768,89,0.0,0.0,0,0,2
No Tactical,1,383,train,strong,player_win,-10.0,5,100.0,5,Expert,0.05,0.05,1,770,89,0.0,0.0,0,0,2
No Tactical,1,384,train,strong,player_win,-10.0,5,100.0,5,Expert,0.05,0.05,1,772,89,0.0,0.0,0,0,2
No Tactical,1,385,train,strong,player_win,-10.0,5,100.0,5,Expert,0.05,0.05,1,774,89,0.0,0.0,0,0,2
No Tactical,1,386,train,strong,player_win,-10.0,5,100.0,5,Expert,0.05,0.05,1,776,89,0.0,0.0,0,0,2
No Tactical,1,387,train,strong,player_win,-10.0,5,100.0,5,Expert,0.05,0.05,1,778,89,0.0,0.0,0,1,1
No Tactical,1,388,train,strong,player_win,-10.0,5,100.0,5,Expert,0.05,0.05,1,780,89,0.0,0.0,0,0,2
No Tactical,1,389,train,strong,player_win,-10.0,5,100.0,5,Expert,0.05,0.05,1,782,89,0.0,0.0,0,0,2
No Tactical,1,390,train,strong,player_win,-10.0,5,100.0,5,Expert,0.05,0.05,1,784,89,0.0,0.0,0,0,2
No Tactical,1,391,train,strong,player_win,-10.0,5,100.0,5,Expert,0.05,0.05,1,786,89,0.0,0.0,0,1,1
No Tactical,1,392,train,strong,player_win,-10.0,5,100.0,5,Expert,0.05,0.05,1,788,89,0.0,0.0,0,0,2
No Tactical,1,393,train,strong,player_win,-10.0,5,100.0,5,Expert,0.05,0.05,1,790,89,0.0,0.0,0,0,2
No Tactical,1,394,train,strong,player_win,-10.0,5,100.0,5,Expert,0.05,0.05,1,792,89,0.0,0.0,0,0,2
No Tactical,1,395,train,strong,player_win,-10.0,5,100.0,5,Expert,0.05,0.05,1,794,89,0.0,0.0,0,0,2
No Tactical,1,396,train,strong,player_win,-10.0,5,100.0,5,Expert,0.05,0.05,1,796,89,0.0,0.0,0,0,2
No Tactical,1,397,train,strong,player_win,-10.0,5,100.0,5,Expert,0.05,0.05,1,798,89,0.0,0.0,0,1,1
No Tactical,1,398,train,strong,player_win,-10.0,5,100.0,5,Expert,0.05,0.05,1,800,89,0.0,0.0,0,1,1
No Tactical,1,399,train,strong,player_win,-10.0,5,100.0,5,Expert,0.05,0.05,1,802,89,0.0,0.0,0,0,2
No Tactical,1,400,train,strong,player_win,-10.0,5,100.0,5,Expert,0.05,0.05,1,804,89,0.0,0.0,0,0,2
No Tactical,1,401,train,strong,player_win,-10.0,5,100.0,5,Expert,0.05,0.05,1,806,89,0.0,0.0,0,0,2
No Tactical,1,402,train,strong,player_win,-10.0,5,100.0,5,Expert,0.05,0.05,1,808,89,0.0,0.0,0,0,2
No Tactical,1,403,train,strong,player_win,-10.0,5,100.0,5,Expert,0.05,0.05,1,810,89,0.0,0.0,0,1,1
No Tactical,1,404,train,strong,player_win,-10.0,5,100.0,5,Expert,0.05,0.05,1,812,90,0.0,0.0,0,0,2
No Tactical,1,405,train,strong,player_win,-10.0,5,100.0,5,Expert,0.05,0.05,1,814,90,0.0,0.0,0,0,2
No Tactical,1,406,train,strong,player_win,-10.0,5,100.0,5,Expert,0.05,0.05,1,816,90,0.0,0.0,0,0,2
No Tactical,1,407,train,strong,player_win,-10.0,5,100.0,5,Expert,0.05,0.05,1,818,90,0.0,0.0,0,0,2
No Tactical,1,408,train,strong,player_win,-10.0,5,100.0,5,Expert,0.05,0.05,1,820,90,0.0,0.0,0,0,2
No Tactical,1,409,train,strong,player_win,-10.0,5,100.0,5,Expert,0.05,0.05,1,822,90,0.0,0.0,0,0,2
No Tactical,1,410,train,strong,player_win,-10.0,5,100.0,5,Expert,0.05,0.05,1,824,90,0.0,0.0,0,0,2
No Tactical,1,411,train,strong,player_win,-10.0,5,100.0,5,Expert,0.05,0.05,1,826,90,0.0,0.0,0,0,2
No Tactical,1,412,train,strong,player_win,-10.0,5,100.0,5,Expert,0.05,0.05,1,828,90,0.0,0.0,0,0,2
No Tactical,1,413,train,strong,player_win,-10.0,5,100.0,5,Expert,0.05,0.05,1,830,90,0.0,0.0,0,0,2
No Tactical,1,414,train,strong,player_win,-10.0,5,100.0,5,Expert,0.05,0.05,1,832,90,0.0,0.0,0,0,2
No Tactical,1,415,train,strong,player_win,-10.0,5,100.0,5,Expert,0.05,0.05,1,834,90,0.0,0.0,0,0,2
No Tactical,1,416,train,strong,player_win,-10.0,5,100.0,5,Expert,0.05,0.05,1,836,90,0.0,0.0,0,0,2
No Tactical,1,417,train,strong,player_win,-10.0,5,100.0,5,Expert,0.05,0.05,1,838,90,0.0,0.0,0,0,2
No Tactical,1,418,train,strong,player_win,-10.0,5,100.0,5,Expert,0.05,0.05,1,840,90,0.0,0.0,0,1,1
No Tactical,1,419,train,strong,player_win,-10.0,5,100.0,5,Expert,0.05,0.05,1,842,90,0.0,0.0,0,0,2
No Tactical,1,420,train,strong,player_win,-10.0,5,100.0,5,Expert,0.05,0.05,1,844,90,0.0,0.0,0,0,2
No Tactical,1,421,train,strong,player_win,-10.0,5,100.0,5,Expert,0.05,0.05,1,846,90,0.0,0.0,0,0,2
No Tactical,1,422,train,strong,player_win,-10.0,5,100.0,5,Expert,0.05,0.05,1,848,90,0.0,0.0,0,0,2
No Tactical,1,423,train,strong,player_win,-10.0,5,100.0,5,Expert,0.05,0.05,1,850,90,0.0,0.0,0,0,2
No Tactical,1,424,train,strong,player_win,-10.0,5,100.0,5,Expert,0.05,0.05,1,852,90,0.0,0.0,0,0,2
No Tactical,1,425,train,strong,player_win,-10.0,5,100.0,5,Expert,0.05,0.05,1,854,90,0.0,0.0,0,1,1
No Tactical,1,426,train,strong,player_win,-10.0,5,100.0,5,Expert,0.05,0.05,1,856,90,0.0,0.0,0,0,2
No Tactical,1,427,train,strong,player_win,-10.0,5,100.0,5,Expert,0.05,0.05,1,858,90,0.0,0.0,0,0,2
No Tactical,1,428,train,strong,player_win,-10.0,5,100.0,5,Expert,0.05,0.05,1,860,90,0.0,0.0,0,0,2
No Tactical,1,429,train,strong,player_win,-10.0,5,100.0,5,Expert,0.05,0.05,1,862,90,0.0,0.0,0,0,2
No Tactical,1,430,train,strong,player_win,-10.0,5,100.0,5,Expert,0.05,0.05,1,864,90,0.0,0.0,0,0,2
No Tactical,1,431,train,strong,player_win,-10.0,5,100.0,5,Expert,0.05,0.05,1,866,90,0.0,0.0,0,0,2
No Tactical,1,432,train,strong,player_win,-10.0,5,100.0,5,Expert,0.05,0.05,1,868,90,0.0,0.0,0,0,2
No Tactical,1,433,train,strong,player_win,-10.0,5,100.0,5,Expert,0.05,0.05,1,870,90,0.0,0.0,0,0,2
No Tactical,1,434,train,strong,player_win,-10.0,5,100.0,5,Expert,0.05,0.05,1,872,90,0.0,0.0,0,1,1
No Tactical,1,435,train,strong,player_win,-10.0,5,100.0,5,Expert,0.05,0.05,1,874,90,0.0,0.0,0,0,2
No Tactical,1,436,train,strong,player_win,-10.0,5,100.0,5,Expert,0.05,0.05,1,876,90,0.0,0.0,0,0,2
No Tactical,1,437,train,strong,player_win,-10.0,5,100.0,5,Expert,0.05,0.05,1,878,90,0.0,0.0,0,0,2
No Tactical,1,438,train,strong,player_win,-10.0,5,100.0,5,Expert,0.05,0.05,1,880,90,0.0,0.0,0,0,2
No Tactical,1,439,train,strong,player_win,-10.0,5,100.0,5,Expert,0.05,0.05,1,882,90,0.0,0.0,0,0,2
No Tactical,1,440,train,strong,player_win,-10.0,5,100.0,5,Expert,0.05,0.05,1,884,90,0.0,0.0,0,0,2
No Tactical,1,441,train,strong,player_win,-10.0,5,100.0,5,Expert,0.05,0.05,1,886,90,0.0,0.0,0,0,2
No Tactical,1,442,train,strong,player_win,-10.0,5,100.0,5,Expert,0.05,0.05,1,888,90,0.0,0.0,0,0,2
No Tactical,1,443,train,strong,player_win,-10.0,5,100.0,5,Expert,0.05,0.05,1,890,90,0.0,0.0,0,1,1
No Tactical,1,444,train,strong,player_win,-10.0,5,100.0,5,Expert,0.05,0.05,1,892,90,0.0,0.0,0,0,2
No Tactical,1,445,train,strong,player_win,-10.0,5,100.0,5,Expert,0.05,0.05,1,894,90,0.0,0.0,0,0,2
No Tactical,1,446,train,strong,player_win,-10.0,5,100.0,5,Expert,0.05,0.05,1,896,90,0.0,0.0,0,0,2
No Tactical,1,447,train,strong,player_win,-10.0,5,100.0,5,Expert,0.05,0.05,1,898,90,0.0,0.0,0,0,2
No Tactical,1,448,train,strong,player_win,-10.0,5,100.0,5,Expert,0.05,0.05,1,900,90,0.0,0.0,0,1,1
No Tactical,1,449,train,strong,player_win,-10.0,5,100.0,5,Expert,0.05,0.05,1,902,91,0.0,0.0,0,0,2
No Tactical,1,450,train,strong,player_win,-10.0,5,100.0,5,Expert,0.05,0.05,1,904,91,0.0,0.0,0,0,2
No Tactical,1,451,train,strong,player_win,-10.0,5,100.0,5,Expert,0.05,0.05,1,906,91,0.0,0.0,0,0,2
No Tactical,1,452,train,strong,player_win,-10.0,5,100.0,5,Expert,0.05,0.05,1,908,91,0.0,0.0,0,0,2
No Tactical,1,453,train,strong,player_win,-10.0,5,100.0,5,Expert,0.05,0.05,1,910,91,0.0,0.0,0,1,1
No Tactical,1,454,train,strong,player_win,-10.0,5,100.0,5,Expert,0.05,0.05,1,912,91,0.0,0.0,0,1,1
No Tactical,1,455,train,strong,player_win,-10.0,5,100.0,5,Expert,0.05,0.05,1,914,91,0.0,0.0,0,0,2
No Tactical,1,456,train,strong,player_win,-10.0,5,100.0,5,Expert,0.05,0.05,1,916,91,0.0,0.0,0,0,2
No Tactical,1,457,train,strong,player_win,-10.0,5,100.0,5,Expert,0.05,0.05,1,918,91,0.0,0.0,0,0,2
No Tactical,1,458,train,strong,player_win,-10.0,5,100.0,5,Expert,0.05,0.05,1,920,91,0.0,0.0,0,1,1
No Tactical,1,459,train,strong,player_win,-10.0,5,100.0,5,Expert,0.05,0.05,1,922,91,0.0,0.0,0,0,2
No Tactical,1,460,train,strong,player_win,-10.0,5,100.0,5,Expert,0.05,0.05,1,924,91,0.0,0.0,0,0,2
No Tactical,1,461,train,strong,player_win,-10.0,5,100.0,5,Expert,0.05,0.05,1,926,91,0.0,0.0,0,0,2
No Tactical,1,462,train,strong,player_win,-10.0,5,100.0,5,Expert,0.05,0.05,1,928,91,0.0,0.0,0,0,2
No Tactical,1,463,train,strong,player_win,-10.0,5,100.0,5,Expert,0.05,0.05,1,930,91,0.0,0.0,0,1,1
No Tactical,1,464,train,strong,player_win,-10.0,5,100.0,5,Expert,0.05,0.05,1,932,91,0.0,0.0,0,0,2
No Tactical,1,465,train,strong,player_win,-10.0,5,100.0,5,Expert,0.05,0.05,1,934,91,0.0,0.0,0,0,2
No Tactical,1,466,train,strong,player_win,-10.0,5,100.0,5,Expert,0.05,0.05,1,936,91,0.0,0.0,0,0,2
No Tactical,1,467,train,strong,player_win,-10.0,5,100.0,5,Expert,0.05,0.05,1,938,91,0.0,0.0,0,0,2
No Tactical,1,468,train,strong,player_win,-10.0,5,100.0,5,Expert,0.05,0.05,1,940,91,0.0,0.0,0,0,2
No Tactical,1,469,train,strong,player_win,-10.0,5,100.0,5,Expert,0.05,0.05,1,942,91,0.0,0.0,0,0,2
No Tactical,1,470,train,strong,player_win,-10.0,5,100.0,5,Expert,0.05,0.05,1,944,91,0.0,0.0,0,0,2
No Tactical,1,471,train,strong,player_win,-10.0,5,100.0,5,Expert,0.05,0.05,1,946,91,0.0,0.0,0,0,2
No Tactical,1,472,train,strong,player_win,-10.0,5,100.0,5,Expert,0.05,0.05,1,948,91,0.0,0.0,0,0,2
No Tactical,1,473,train,strong,player_win,-10.0,5,100.0,5,Expert,0.05,0.05,1,950,91,0.0,0.0,0,0,2
No Tactical,1,474,train,strong,player_win,-10.0,5,100.0,5,Expert,0.05,0.05,1,952,91,0.0,0.0,0,0,2
No Tactical,1,475,train,strong,player_win,-10.0,5,100.0,5,Expert,0.05,0.05,1,954,91,0.0,0.0,0,0,2
No Tactical,1,476,train,strong,player_win,-10.0,5,100.0,5,Expert,0.05,0.05,1,956,91,0.0,0.0,0,1,1
No Tactical,1,477,train,strong,player_win,-10.0,5,100.0,5,Expert,0.05,0.05,1,958,91,0.0,0.0,0,1,1
No Tactical,1,478,train,strong,player_win,-10.0,5,100.0,5,Expert,0.05,0.05,1,960,91,0.0,0.0,0,0,2
No Tactical,1,479,train,strong,player_win,-10.0,5,100.0,5,Expert,0.05,0.05,1,962,91,0.0,0.0,0,0,2
No Tactical,1,480,train,strong,player_win,-10.0,5,100.0,5,Expert,0.05,0.05,1,964,91,0.0,0.0,0,0,2
No Tactical,1,481,train,strong,player_win,-10.0,5,100.0,5,Expert,0.05,0.05,1,966,91,0.0,0.0,0,0,2
No Tactical,1,482,train,strong,player_win,-10.0,5,100.0,5,Expert,0.05,0.05,1,968,91,0.0,0.0,0,0,2
No Tactical,1,483,train,strong,player_win,-10.0,5,100.0,5,Expert,0.05,0.05,1,970,91,0.0,0.0,0,0,2
No Tactical,1,484,train,strong,player_win,-10.0,5,100.0,5,Expert,0.05,0.05,1,972,91,0.0,0.0,0,0,2
No Tactical,1,485,train,strong,player_win,-10.0,5,100.0,5,Expert,0.05,0.05,1,974,91,0.0,0.0,0,2,0
No Tactical,1,486,train,strong,player_win,-10.0,5,100.0,5,Expert,0.05,0.05,1,976,91,0.0,0.0,0,1,1
No Tactical,1,487,train,strong,player_win,-10.0,5,100.0,5,Expert,0.05,0.05,1,978,91,0.0,0.0,0,0,2
No Tactical,1,488,train,strong,player_win,-10.0,5,100.0,5,Expert,0.05,0.05,1,980,91,0.0,0.0,0,0,2
No Tactical,1,489,train,strong,player_win,-10.0,5,100.0,5,Expert,0.05,0.05,1,982,91,0.0,0.0,0,0,2
No Tactical,1,490,train,strong,player_win,-10.0,5,100.0,5,Expert,0.05,0.05,1,984,91,0.0,0.0,0,0,2
No Tactical,1,491,train,strong,player_win,-10.0,5,100.0,5,Expert,0.05,0.05,1,986,91,0.0,0.0,0,0,2
No Tactical,1,492,train,strong,player_win,-10.0,5,100.0,5,Expert,0.05,0.05,1,988,91,0.0,0.0,0,0,2
No Tactical,1,493,train,strong,player_win,-10.0,5,100.0,5,Expert,0.05,0.05,1,990,91,0.0,0.0,0,1,1
No Tactical,1,494,train,strong,player_win,-10.0,5,100.0,5,Expert,0.05,0.05,1,992,91,0.0,0.0,0,0,2
No Tactical,1,495,train,strong,player_win,-10.0,5,100.0,5,Expert,0.05,0.05,1,994,91,0.0,0.0,0,0,2
No Tactical,1,496,train,strong,player_win,-10.0,5,100.0,5,Expert,0.05,0.05,1,996,91,0.0,0.0,0,0,2
No Tactical,1,497,train,strong,player_win,-10.0,5,100.0,5,Expert,0.05,0.05,1,998,91,0.0,0.0,0,0,2
No Tactical,1,498,train,strong,player_win,-10.0,5,100.0,5,Expert,0.05,0.05,1,1000,91,0.0,0.0,0,0,2
No Tactical,1,499,train,strong,player_win,-10.0,5,100.0,5,Expert,0.05,0.05,1,1002,91,0.0,0.0,0,0,2
No Tactical,1,500,train,strong,player_win,-10.0,5,100.0,5,Expert,0.05,0.05,1,1004,91,0.0,0.0,0,0,2
No Tactical,1,501,train,strong,player_win,-10.0,5,100.0,5,Expert,0.05,0.05,1,1006,91,0.0,0.0,0,0,2
No Tactical,1,502,train,strong,player_win,-10.0,5,100.0,5,Expert,0.05,0.05,1,1008,91,0.0,0.0,0,0,2
No Tactical,1,503,train,strong,player_win,-10.0,5,100.0,5,Expert,0.05,0.05,1,1010,91,0.0,0.0,0,0,2
No Tactical,1,504,train,strong,player_win,-10.0,5,100.0,5,Expert,0.05,0.05,1,1012,91,0.0,0.0,0,0,2
No Tactical,1,505,train,strong,player_win,-10.0,5,100.0,5,Expert,0.05,0.05,1,1014,91,0.0,0.0,0,0,2
No Tactical,1,506,train,strong,player_win,-10.0,5,100.0,5,Expert,0.05,0.05,1,1016,91,0.0,0.0,0,0,2
No Tactical,1,507,train,strong,player_win,-10.0,5,100.0,5,Expert,0.05,0.05,1,1018,91,0.0,0.0,0,0,2
No Tactical,1,508,train,strong,player_win,-10.0,5,100.0,5,Expert,0.05,0.05,1,1020,91,0.0,0.0,0,1,1
No Tactical,1,509,train,strong,player_win,-10.0,5,100.0,5,Expert,0.05,0.05,1,1022,91,0.0,0.0,0,0,2
No Tactical,1,510,train,strong,player_win,-10.0,5,100.0,5,Expert,0.05,0.05,1,1024,91,0.0,0.0,0,0,2
No Tactical,1,511,train,strong,player_win,-10.0,5,100.0,5,Expert,0.05,0.05,1,1026,91,0.0,0.0,0,0,2
No Tactical,1,512,train,strong,player_win,-10.0,5,100.0,5,Expert,0.05,0.05,1,1028,91,0.0,0.0,0,0,2
No Tactical,1,513,train,strong,player_win,-10.0,5,100.0,5,Expert,0.05,0.05,1,1030,91,0.0,0.0,0,1,1
No Tactical,1,514,train,strong,player_win,-10.0,5,100.0,5,Expert,0.05,0.05,1,1032,91,0.0,0.0,0,0,2
No Tactical,1,515,train,strong,player_win,-10.0,5,100.0,5,Expert,0.05,0.05,1,1034,91,0.0,0.0,0,0,2
No Tactical,1,516,train,strong,player_win,-10.0,5,100.0,5,Expert,0.05,0.05,1,1036,91,0.0,0.0,0,0,2
No Tactical,1,517,train,strong,player_win,-10.0,5,100.0,5,Expert,0.05,0.05,1,1038,91,0.0,0.0,0,0,2
No Tactical,1,518,train,strong,player_win,-10.0,5,100.0,5,Expert,0.05,0.05,1,1040,91,0.0,0.0,0,1,1
No Tactical,1,519,train,strong,player_win,-10.0,5,100.0,5,Expert,0.05,0.05,1,1042,91,0.0,0.0,0,0,2
No Tactical,1,520,train,strong,player_win,-10.0,5,100.0,5,Expert,0.05,0.05,1,1044,91,0.0,0.0,0,0,2
No Tactical,1,521,train,strong,player_win,-10.0,5,100.0,5,Expert,0.05,0.05,1,1046,91,0.0,0.0,0,1,1
No Tactical,1,522,train,strong,player_win,-10.0,5,100.0,5,Expert,0.05,0.05,1,1048,91,0.0,0.0,0,0,2
No Tactical,1,523,train,strong,player_win,-10.0,5,100.0,5,Expert,0.05,0.05,1,1050,91,0.0,0.0,0,0,2
No Tactical,1,524,train,strong,player_win,-10.0,5,100.0,5,Expert,0.05,0.05,1,1052,91,0.0,0.0,0,0,2
No Tactical,1,525,train,strong,player_win,-10.0,5,100.0,5,Expert,0.05,0.05,1,1054,91,0.0,0.0,0,0,2
No Tactical,1,526,train,strong,player_win,-10.0,5,100.0,5,Expert,0.05,0.05,1,1056,91,0.0,0.0,0,1,1
No Tactical,1,527,train,strong,player_win,-10.0,5,100.0,5,Expert,0.05,0.05,1,1058,91,0.0,0.0,0,0,2
No Tactical,1,528,train,strong,player_win,-10.0,5,100.0,5,Expert,0.05,0.05,1,1060,91,0.0,0.0,0,0,2
No Tactical,1,529,train,strong,player_win,-10.0,5,100.0,5,Expert,0.05,0.05,1,1062,91,0.0,0.0,0,0,2
No Tactical,1,530,train,strong,player_win,-10.0,5,100.0,5,Expert,0.05,0.05,1,1064,91,0.0,0.0,0,0,2
No Tactical,1,531,train,strong,player_win,-10.0,5,100.0,5,Expert,0.05,0.05,1,1066,91,0.0,0.0,0,0,2
No Tactical,1,532,train,strong,player_win,-10.0,5,100.0,5,Expert,0.05,0.05,1,1068,91,0.0,0.0,0,0,2
No Tactical,1,533,train,strong,player_win,-10.0,5,100.0,5,Expert,0.05,0.05,1,1070,91,0.0,0.0,0,0,2
No Tactical,1,534,train,strong,player_win,-10.0,5,100.0,5,Expert,0.05,0.05,1,1072,91,0.0,0.0,0,1,1
No Tactical,1,535,train,strong,player_win,-10.0,5,100.0,5,Expert,0.05,0.05,1,1074,91,0.0,0.0,0,0,2
No Tactical,1,536,train,strong,player_win,-10.0,5,100.0,5,Expert,0.05,0.05,1,1076,91,0.0,0.0,0,0,2
No Tactical,1,537,train,strong,player_win,-10.0,5,100.0,5,Expert,0.05,0.05,1,1078,91,0.0,0.0,0,0,2
No Tactical,1,538,train,strong,player_win,-10.0,5,100.0,5,Expert,0.05,0.05,1,1080,91,0.0,0.0,0,0,2
No Tactical,1,539,train,strong,player_win,-10.0,5,100.0,5,Expert,0.05,0.05,1,1082,91,0.0,0.0,0,0,2
No Tactical,1,540,train,strong,player_win,-10.0,5,100.0,5,Expert,0.05,0.05,1,1084,91,0.0,0.0,0,0,2
No Tactical,1,541,train,strong,player_win,-10.0,5,100.0,5,Expert,0.05,0.05,1,1086,91,0.0,0.0,0,0,2
No Tactical,1,542,train,strong,player_win,-10.0,5,100.0,5,Expert,0.05,0.05,1,1088,91,0.0,0.0,0,0,2
No Tactical,1,543,train,strong,player_win,-10.0,5,100.0,5,Expert,0.05,0.05,1,1090,91,0.0,0.0,0,0,2
No Tactical,1,544,train,strong,player_win,-10.0,5,100.0,5,Expert,0.05,0.05,1,1092,91,0.0,0.0,0,1,1
No Tactical,1,545,train,strong,player_win,-10.0,5,100.0,5,Expert,0.05,0.05,1,1094,91,0.0,0.0,0,0,2
No Tactical,1,546,train,strong,player_win,-10.0,5,100.0,5,Expert,0.05,0.05,1,1096,91,0.0,0.0,0,0,2
No Tactical,1,547,train,strong,player_win,-10.0,5,100.0,5,Expert,0.05,0.05,1,1098,91,0.0,0.0,0,0,2
No Tactical,1,548,train,strong,player_win,-10.0,5,100.0,5,Expert,0.05,0.05,1,1100,91,0.0,0.0,0,0,2
No Tactical,1,549,train,strong,player_win,-10.0,5,100.0,5,Expert,0.05,0.05,1,1102,91,0.0,0.0,0,0,2
No Tactical,1,550,train,strong,player_win,-10.0,5,100.0,5,Expert,0.05,0.05,1,1104,91,0.0,0.0,0,1,1
No Tactical,1,551,train,strong,player_win,-10.0,5,100.0,5,Expert,0.05,0.05,1,1106,91,0.0,0.0,0,0,2
No Tactical,1,552,train,strong,player_win,-10.0,5,100.0,5,Expert,0.05,0.05,1,1108,91,0.0,0.0,0,0,2
No Tactical,1,553,train,strong,player_win,-10.0,5,100.0,5,Expert,0.05,0.05,1,1110,91,0.0,0.0,0,0,2
No Tactical,1,554,train,strong,player_win,-10.0,5,100.0,5,Expert,0.05,0.05,1,1112,91,0.0,0.0,0,0,2
No Tactical,1,555,train,strong,player_win,-10.0,5,100.0,5,Expert,0.05,0.05,1,1114,91,0.0,0.0,0,0,2
No Tactical,1,556,train,strong,player_win,-10.0,5,100.0,5,Expert,0.05,0.05,1,1116,91,0.0,0.0,0,0,2
No Tactical,1,557,train,strong,player_win,-10.0,5,100.0,5,Expert,0.05,0.05,1,1118,91,0.0,0.0,0,0,2
No Tactical,1,558,train,strong,player_win,-10.0,5,100.0,5,Expert,0.05,0.05,1,1120,91,0.0,0.0,0,0,2
No Tactical,1,559,train,strong,player_win,-10.0,5,100.0,5,Expert,0.05,0.05,1,1122,91,0.0,0.0,0,1,1
No Tactical,1,560,train,strong,player_win,-10.0,5,100.0,5,Expert,0.05,0.05,1,1124,91,0.0,0.0,0,0,2
No Tactical,1,561,train,strong,player_win,-10.0,5,100.0,5,Expert,0.05,0.05,1,1126,91,0.0,0.0,0,0,2
No Tactical,1,562,train,strong,player_win,-10.0,5,100.0,5,Expert,0.05,0.05,1,1128,91,0.0,0.0,0,0,2
No Tactical,1,563,train,strong,player_win,-10.0,5,100.0,5,Expert,0.05,0.05,1,1130,91,0.0,0.0,0,0,2
No Tactical,1,564,train,strong,player_win,-10.0,5,100.0,5,Expert,0.05,0.05,1,1132,91,0.0,0.0,0,0,2
No Tactical,1,565,train,strong,player_win,-10.0,5,100.0,5,Expert,0.05,0.05,1,1134,91,0.0,0.0,0,0,2
No Tactical,1,566,train,strong,player_win,-10.0,5,100.0,5,Expert,0.05,0.05,1,1136,91,0.0,0.0,0,0,2
No Tactical,1,567,train,strong,player_win,-10.0,5,100.0,5,Expert,0.05,0.05,1,1138,91,0.0,0.0,0,1,1
No Tactical,1,568,train,strong,player_win,-10.0,5,100.0,5,Expert,0.05,0.05,1,1140,91,0.0,0.0,0,0,2
No Tactical,1,569,train,strong,player_win,-10.0,5,100.0,5,Expert,0.05,0.05,1,1142,91,0.0,0.0,0,0,2
No Tactical,1,570,train,strong,player_win,-10.0,5,100.0,5,Expert,0.05,0.05,1,1144,91,0.0,0.0,0,0,2
No Tactical,1,571,train,strong,player_win,-10.0,5,100.0,5,Expert,0.05,0.05,1,1146,91,0.0,0.0,0,0,2
No Tactical,1,572,train,strong,player_win,-10.0,5,100.0,5,Expert,0.05,0.05,1,1148,91,0.0,0.0,0,0,2
No Tactical,1,573,train,strong,player_win,-10.0,5,100.0,5,Expert,0.05,0.05,1,1150,91,0.0,0.0,0,0,2
No Tactical,1,574,train,strong,player_win,-10.0,5,100.0,5,Expert,0.05,0.05,1,1152,91,0.0,0.0,0,0,2
No Tactical,1,575,train,strong,player_win,-10.0,5,100.0,5,Expert,0.05,0.05,1,1154,91,0.0,0.0,0,1,1
No Tactical,1,576,train,strong,player_win,-10.0,5,100.0,5,Expert,0.05,0.05,1,1156,91,0.0,0.0,0,0,2
No Tactical,1,577,train,strong,player_win,-10.0,5,100.0,5,Expert,0.05,0.05,1,1158,91,0.0,0.0,0,0,2
No Tactical,1,578,train,strong,player_win,-10.0,5,100.0,5,Expert,0.05,0.05,1,1160,91,0.0,0.0,0,0,2
No Tactical,1,579,train,strong,player_win,-10.0,5,100.0,5,Expert,0.05,0.05,1,1162,91,0.0,0.0,0,0,2
No Tactical,1,580,train,strong,player_win,-10.0,5,100.0,5,Expert,0.05,0.05,1,1164,91,0.0,0.0,0,0,2
No Tactical,1,581,train,strong,player_win,-10.0,5,100.0,5,Expert,0.05,0.05,1,1166,91,0.0,0.0,0,0,2
No Tactical,1,582,train,strong,player_win,-10.0,5,100.0,5,Expert,0.05,0.05,1,1168,91,0.0,0.0,0,0,2
No Tactical,1,583,train,strong,player_win,-10.0,5,100.0,5,Expert,0.05,0.05,1,1170,91,0.0,0.0,0,0,2
No Tactical,1,584,train,strong,player_win,-10.0,5,100.0,5,Expert,0.05,0.05,1,1172,91,0.0,0.0,0,1,1
No Tactical,1,585,train,strong,player_win,-10.0,5,100.0,5,Expert,0.05,0.05,1,1174,91,0.0,0.0,0,0,2
No Tactical,1,586,train,strong,player_win,-10.0,5,100.0,5,Expert,0.05,0.05,1,1176,91,0.0,0.0,0,0,2
No Tactical,1,587,train,strong,player_win,-10.0,5,100.0,5,Expert,0.05,0.05,1,1178,91,0.0,0.0,0,0,2
No Tactical,1,588,train,strong,player_win,-10.0,5,100.0,5,Expert,0.05,0.05,1,1180,91,0.0,0.0,0,0,2
No Tactical,1,589,train,strong,player_win,-10.0,5,100.0,5,Expert,0.05,0.05,1,1182,91,0.0,0.0,0,0,2
No Tactical,1,590,train,strong,player_win,-10.0,5,100.0,5,Expert,0.05,0.05,1,1184,91,0.0,0.0,0,0,2
No Tactical,1,591,train,strong,player_win,-10.0,5,100.0,5,Expert,0.05,0.05,1,1186,91,0.0,0.0,0,0,2
No Tactical,1,592,train,strong,player_win,-10.0,5,100.0,5,Expert,0.05,0.05,1,1188,91,0.0,0.0,0,0,2
No Tactical,1,593,train,strong,player_win,-10.0,5,100.0,5,Expert,0.05,0.05,1,1190,91,0.0,0.0,0,0,2
No Tactical,1,594,train,strong,player_win,-10.0,7,100.0,5,Expert,0.05,0.05,1,1193,92,0.0,0.0,0,0,3
No Tactical,1,595,train,strong,player_win,-10.0,5,100.0,5,Expert,0.05,0.05,1,1195,92,0.0,0.0,0,1,1
No Tactical,1,596,train,strong,player_win,-10.0,5,100.0,5,Expert,0.05,0.05,1,1197,92,0.0,0.0,0,0,2
No Tactical,1,597,train,strong,player_win,-10.0,5,100.0,5,Expert,0.05,0.05,1,1199,92,0.0,0.0,0,0,2
No Tactical,1,598,train,strong,player_win,-10.0,5,100.0,5,Expert,0.05,0.05,1,1201,92,0.0,0.0,0,0,2
No Tactical,1,599,train,strong,player_win,-10.0,5,100.0,5,Expert,0.05,0.05,1,1203,92,0.0,0.0,0,0,2
No Tactical,1,600,train,strong,player_win,-10.0,5,100.0,5,Expert,0.05,0.05,1,1205,92,0.0,0.0,0,0,2
No Tactical,1,601,train,strong,player_win,-10.0,5,100.0,5,Expert,0.05,0.05,1,1207,92,0.0,0.0,0,0,2
No Tactical,1,602,train,strong,player_win,-10.0,5,100.0,5,Expert,0.05,0.05,1,1209,92,0.0,0.0,0,0,2
No Tactical,1,603,train,strong,player_win,-10.0,5,100.0,5,Expert,0.05,0.05,1,1211,92,0.0,0.0,0,0,2
No Tactical,1,604,train,strong,player_win,-10.0,5,100.0,5,Expert,0.05,0.05,1,1213,92,0.0,0.0,0,0,2
No Tactical,1,605,train,strong,player_win,-10.0,5,100.0,5,Expert,0.05,0.05,1,1215,92,0.0,0.0,0,1,1
No Tactical,1,606,train,strong,player_win,-10.0,5,100.0,5,Expert,0.05,0.05,1,1217,92,0.0,0.0,0,0,2
No Tactical,1,607,train,strong,player_win,-10.0,5,100.0,5,Expert,0.05,0.05,1,1219,92,0.0,0.0,0,0,2
No Tactical,1,608,train,strong,player_win,-10.0,5,100.0,5,Expert,0.05,0.05,1,1221,92,0.0,0.0,0,0,2
No Tactical,1,609,train,strong,player_win,-10.0,5,100.0,5,Expert,0.05,0.05,1,1223,92,0.0,0.0,0,0,2
No Tactical,1,610,train,strong,player_win,-10.0,5,100.0,5,Expert,0.05,0.05,1,1225,92,0.0,0.0,0,0,2
No Tactical,1,611,train,strong,player_win,-10.0,5,100.0,5,Expert,0.05,0.05,1,1227,92,0.0,0.0,0,0,2
No Tactical,1,612,train,strong,player_win,-10.0,5,100.0,5,Expert,0.05,0.05,1,1229,92,0.0,0.0,0,0,2
No Tactical,1,613,train,strong,player_win,-10.0,5,100.0,5,Expert,0.05,0.05,1,1231,92,0.0,0.0,0,0,2
No Tactical,1,614,train,strong,player_win,-10.0,5,100.0,5,Expert,0.05,0.05,1,1233,92,0.0,0.0,0,0,2
No Tactical,1,615,train,strong,player_win,-10.0,5,100.0,5,Expert,0.05,0.05,1,1235,92,0.0,0.0,0,1,1
No Tactical,1,616,train,strong,player_win,-10.0,5,100.0,5,Expert,0.05,0.05,1,1237,92,0.0,0.0,0,0,2
No Tactical,1,617,train,strong,player_win,-10.0,5,100.0,5,Expert,0.05,0.05,1,1239,92,0.0,0.0,0,0,2
No Tactical,1,618,train,strong,player_win,-10.0,5,100.0,5,Expert,0.05,0.05,1,1241,92,0.0,0.0,0,0,2
No Tactical,1,619,train,strong,player_win,-10.0,5,100.0,5,Expert,0.05,0.05,1,1243,92,0.0,0.0,0,0,2
No Tactical,1,620,train,strong,player_win,-10.0,5,100.0,5,Expert,0.05,0.05,1,1245,92,0.0,0.0,0,0,2
No Tactical,1,621,train,strong,player_win,-10.0,5,100.0,5,Expert,0.05,0.05,1,1247,92,0.0,0.0,0,0,2
No Tactical,1,622,train,strong,player_win,-10.0,5,100.0,5,Expert,0.05,0.05,1,1249,92,0.0,0.0,0,0,2
No Tactical,1,623,train,strong,player_win,-10.0,5,100.0,5,Expert,0.05,0.05,1,1251,92,0.0,0.0,0,0,2
No Tactical,1,624,train,strong,player_win,-10.0,5,100.0,5,Expert,0.05,0.05,1,1253,92,0.0,0.0,0,0,2
No Tactical,1,625,train,strong,player_win,-10.0,5,100.0,5,Expert,0.05,0.05,1,1255,92,0.0,0.0,0,0,2
No Tactical,1,626,train,strong,player_win,-10.0,5,100.0,5,Expert,0.05,0.05,1,1257,92,0.0,0.0,0,0,2
No Tactical,1,627,train,strong,player_win,-10.0,5,100.0,5,Expert,0.05,0.05,1,1259,92,0.0,0.0,0,0,2
No Tactical,1,628,train,strong,player_win,-10.0,5,100.0,5,Expert,0.05,0.05,1,1261,92,0.0,0.0,0,0,2
No Tactical,1,629,train,strong,player_win,-10.0,5,100.0,5,Expert,0.05,0.05,1,1263,92,0.0,0.0,0,0,2
No Tactical,1,630,train,strong,player_win,-10.0,5,100.0,5,Expert,0.05,0.05,1,1265,92,0.0,0.0,0,0,2
No Tactical,1,631,train,strong,player_win,-10.0,5,100.0,5,Expert,0.05,0.05,1,1267,92,0.0,0.0,0,0,2
No Tactical,1,632,train,strong,player_win,-10.0,5,100.0,5,Expert,0.05,0.05,1,1269,92,0.0,0.0,0,1,1
No Tactical,1,633,train,strong,player_win,-10.0,5,100.0,5,Expert,0.05,0.05,1,1271,92,0.0,0.0,0,0,2
No Tactical,1,634,train,strong,player_win,-10.0,5,100.0,5,Expert,0.05,0.05,1,1273,92,0.0,0.0,0,0,2
No Tactical,1,635,train,strong,player_win,-10.0,5,100.0,5,Expert,0.05,0.05,1,1275,92,0.0,0.0,0,1,1
No Tactical,1,636,train,strong,player_win,-10.0,5,100.0,5,Expert,0.05,0.05,1,1277,92,0.0,0.0,0,0,2
No Tactical,1,637,train,strong,player_win,-10.0,5,100.0,5,Expert,0.05,0.05,1,1279,92,0.0,0.0,0,0,2
No Tactical,1,638,train,strong,player_win,-10.0,5,100.0,5,Expert,0.05,0.05,1,1281,92,0.0,0.0,0,0,2
No Tactical,1,639,train,strong,player_win,-10.0,5,100.0,5,Expert,0.05,0.05,1,1283,92,0.0,0.0,0,0,2
No Tactical,1,640,train,strong,player_win,-10.0,5,100.0,5,Expert,0.05,0.05,1,1285,92,0.0,0.0,0,0,2
No Tactical,1,641,train,strong,player_win,-10.0,5,100.0,5,Expert,0.05,0.05,1,1287,92,0.0,0.0,0,0,2
No Tactical,1,642,train,strong,player_win,-10.0,5,100.0,5,Expert,0.05,0.05,1,1289,92,0.0,0.0,0,0,2
No Tactical,1,643,train,strong,player_win,-10.0,5,100.0,5,Expert,0.05,0.05,1,1291,92,0.0,0.0,0,0,2
No Tactical,1,644,train,strong,player_win,-10.0,5,100.0,5,Expert,0.05,0.05,1,1293,92,0.0,0.0,0,0,2
No Tactical,1,645,train,strong,player_win,-10.0,5,100.0,5,Expert,0.05,0.05,1,1295,92,0.0,0.0,0,0,2
No Tactical,1,646,train,strong,player_win,-10.0,5,100.0,5,Expert,0.05,0.05,1,1297,92,0.0,0.0,0,0,2
No Tactical,1,647,train,strong,player_win,-10.0,5,100.0,5,Expert,0.05,0.05,1,1299,92,0.0,0.0,0,0,2
No Tactical,1,648,train,strong,player_win,-10.0,5,100.0,5,Expert,0.05,0.05,1,1301,92,0.0,0.0,0,0,2
No Tactical,1,649,train,strong,player_win,-10.0,5,100.0,5,Expert,0.05,0.05,1,1303,92,0.0,0.0,0,0,2
No Tactical,1,650,train,strong,player_win,-10.0,5,100.0,5,Expert,0.05,0.05,1,1305,92,0.0,0.0,0,0,2
No Tactical,1,651,train,strong,player_win,-10.0,5,100.0,5,Expert,0.05,0.05,1,1307,92,0.0,0.0,0,0,2
No Tactical,1,652,train,strong,player_win,-10.0,5,100.0,5,Expert,0.05,0.05,1,1309,92,0.0,0.0,0,0,2
No Tactical,1,653,train,strong,player_win,-10.0,5,100.0,5,Expert,0.05,0.05,1,1311,92,0.0,0.0,0,0,2
No Tactical,1,654,train,strong,player_win,-10.0,5,100.0,5,Expert,0.05,0.05,1,1313,92,0.0,0.0,0,0,2
No Tactical,1,655,train,strong,player_win,-10.0,5,100.0,5,Expert,0.05,0.05,1,1315,92,0.0,0.0,0,0,2
No Tactical,1,656,train,strong,player_win,-10.0,5,100.0,5,Expert,0.05,0.05,1,1317,92,0.0,0.0,0,0,2
No Tactical,1,657,train,strong,player_win,-10.0,5,100.0,5,Expert,0.05,0.05,1,1319,92,0.0,0.0,0,0,2
No Tactical,1,658,train,strong,player_win,-10.0,5,100.0,5,Expert,0.05,0.05,1,1321,92,0.0,0.0,0,0,2
No Tactical,1,659,train,strong,player_win,-10.0,5,100.0,5,Expert,0.05,0.05,1,1323,92,0.0,0.0,0,0,2
No Tactical,1,660,train,strong,player_win,-10.0,5,100.0,5,Expert,0.05,0.05,1,1325,92,0.0,0.0,0,0,2
No Tactical,1,661,train,strong,player_win,-10.0,5,100.0,5,Expert,0.05,0.05,1,1327,92,0.0,0.0,0,0,2
No Tactical,1,662,train,strong,player_win,-10.0,5,100.0,5,Expert,0.05,0.05,1,1329,92,0.0,0.0,0,0,2
No Tactical,1,663,train,strong,player_win,-10.0,5,100.0,5,Expert,0.05,0.05,1,1331,92,0.0,0.0,0,0,2
No Tactical,1,664,train,strong,player_win,-10.0,5,100.0,5,Expert,0.05,0.05,1,1333,92,0.0,0.0,0,0,2
No Tactical,1,665,train,strong,player_win,-10.0,5,100.0,5,Expert,0.05,0.05,1,1335,92,0.0,0.0,0,0,2
No Tactical,1,666,train,strong,player_win,-10.0,5,100.0,5,Expert,0.05,0.05,1,1337,92,0.0,0.0,0,0,2
No Tactical,1,667,train,strong,player_win,-10.0,5,100.0,5,Expert,0.05,0.05,1,1339,92,0.0,0.0,0,0,2
No Tactical,1,668,train,strong,player_win,-10.0,5,100.0,5,Expert,0.05,0.05,1,1341,92,0.0,0.0,0,0,2
No Tactical,1,669,train,strong,player_win,-10.0,5,100.0,5,Expert,0.05,0.05,1,1343,92,0.0,0.0,0,0,2
No Tactical,1,670,train,strong,player_win,-10.0,5,100.0,5,Expert,0.05,0.05,1,1345,92,0.0,0.0,0,0,2
No Tactical,1,671,train,strong,player_win,-10.0,5,100.0,5,Expert,0.05,0.05,1,1347,92,0.0,0.0,0,0,2
No Tactical,1,672,train,strong,player_win,-10.0,5,100.0,5,Expert,0.05,0.05,1,1349,92,0.0,0.0,0,0,2
No Tactical,1,673,train,strong,player_win,-10.0,5,100.0,5,Expert,0.05,0.05,1,1351,92,0.0,0.0,0,0,2
No Tactical,1,674,train,strong,player_win,-10.0,5,100.0,5,Expert,0.05,0.05,1,1353,92,0.0,0.0,0,0,2
No Tactical,1,675,train,strong,player_win,-10.0,5,100.0,5,Expert,0.05,0.05,1,1355,92,0.0,0.0,0,0,2
No Tactical,1,676,train,strong,player_win,-10.0,5,100.0,5,Expert,0.05,0.05,1,1357,92,0.0,0.0,0,0,2
No Tactical,1,677,train,strong,player_win,-10.0,5,100.0,5,Expert,0.05,0.05,1,1359,92,0.0,0.0,0,1,1
No Tactical,1,678,train,strong,player_win,-10.0,5,100.0,5,Expert,0.05,0.05,1,1361,92,0.0,0.0,0,0,2
No Tactical,1,679,train,strong,player_win,-10.0,5,100.0,5,Expert,0.05,0.05,1,1363,92,0.0,0.0,0,0,2
No Tactical,1,680,train,strong,player_win,-10.0,5,100.0,5,Expert,0.05,0.05,1,1365,92,0.0,0.0,0,0,2
No Tactical,1,681,train,strong,player_win,-10.0,5,100.0,5,Expert,0.05,0.05,1,1367,92,0.0,0.0,0,0,2
No Tactical,1,682,train,strong,player_win,-10.0,5,100.0,5,Expert,0.05,0.05,1,1369,92,0.0,0.0,0,0,2
No Tactical,1,683,train,strong,player_win,-10.0,5,100.0,5,Expert,0.05,0.05,1,1371,92,0.0,0.0,0,0,2
No Tactical,1,684,train,strong,player_win,-10.0,5,100.0,5,Expert,0.05,0.05,1,1373,92,0.0,0.0,0,0,2
No Tactical,1,685,train,strong,player_win,-10.0,5,100.0,5,Expert,0.05,0.05,1,1375,92,0.0,0.0,0,0,2
No Tactical,1,686,train,strong,player_win,-10.0,5,100.0,5,Expert,0.05,0.05,1,1377,92,0.0,0.0,0,0,2
No Tactical,1,687,train,strong,player_win,-10.0,5,100.0,5,Expert,0.05,0.05,1,1379,92,0.0,0.0,0,0,2
No Tactical,1,688,train,strong,player_win,-10.0,5,100.0,5,Expert,0.05,0.05,1,1381,92,0.0,0.0,0,0,2
No Tactical,1,689,train,strong,player_win,-10.0,5,100.0,5,Expert,0.05,0.05,1,1383,92,0.0,0.0,0,0,2
No Tactical,1,690,train,strong,player_win,-10.0,5,100.0,5,Expert,0.05,0.05,1,1385,92,0.0,0.0,0,0,2
No Tactical,1,691,train,strong,player_win,-10.0,5,100.0,5,Expert,0.05,0.05,1,1387,92,0.0,0.0,0,0,2
No Tactical,1,692,train,strong,player_win,-10.0,5,100.0,5,Expert,0.05,0.05,1,1389,92,0.0,0.0,0,0,2
No Tactical,1,693,train,strong,player_win,-10.0,5,100.0,5,Expert,0.05,0.05,1,1391,92,0.0,0.0,0,0,2
No Tactical,1,694,train,strong,player_win,-10.0,5,100.0,5,Expert,0.05,0.05,1,1393,92,0.0,0.0,0,1,1
No Tactical,1,695,train,strong,player_win,-10.0,5,100.0,5,Expert,0.05,0.05,1,1395,92,0.0,0.0,0,0,2
No Tactical,1,696,train,strong,player_win,-10.0,5,100.0,5,Expert,0.05,0.05,1,1397,92,0.0,0.0,0,0,2
No Tactical,1,697,train,strong,player_win,-10.0,5,100.0,5,Expert,0.05,0.05,1,1399,92,0.0,0.0,0,0,2
No Tactical,1,698,train,strong,player_win,-10.0,5,100.0,5,Expert,0.05,0.05,1,1401,92,0.0,0.0,0,0,2
No Tactical,1,699,train,strong,player_win,-10.0,5,100.0,5,Expert,0.05,0.05,1,1403,92,0.0,0.0,0,0,2
No Tactical,1,700,train,strong,player_win,-10.0,5,100.0,5,Expert,0.05,0.05,1,1405,92,0.0,0.0,0,0,2
No Tactical,1,701,train,strong,player_win,-10.0,5,100.0,5,Expert,0.05,0.05,1,1407,92,0.0,0.0,0,1,1
No Tactical,1,702,train,strong,player_win,-10.0,5,100.0,5,Expert,0.05,0.05,1,1409,92,0.0,0.0,0,1,1
No Tactical,1,703,train,strong,player_win,-10.0,5,100.0,5,Expert,0.05,0.05,1,1411,92,0.0,0.0,0,0,2
No Tactical,1,704,train,strong,player_win,-10.0,5,100.0,5,Expert,0.05,0.05,1,1413,92,0.0,0.0,0,0,2
No Tactical,1,705,train,strong,player_win,-10.0,5,100.0,5,Expert,0.05,0.05,1,1415,92,0.0,0.0,0,0,2
No Tactical,1,706,train,strong,player_win,-10.0,5,100.0,5,Expert,0.05,0.05,1,1417,92,0.0,0.0,0,0,2
No Tactical,1,707,train,strong,player_win,-10.0,5,100.0,5,Expert,0.05,0.05,1,1419,92,0.0,0.0,0,0,2
No Tactical,1,708,train,strong,player_win,-10.0,5,100.0,5,Expert,0.05,0.05,1,1421,92,0.0,0.0,0,0,2
No Tactical,1,709,train,strong,player_win,-10.0,5,100.0,5,Expert,0.05,0.05,1,1423,92,0.0,0.0,0,0,2
No Tactical,1,710,train,strong,player_win,-10.0,5,100.0,5,Expert,0.05,0.05,1,1425,92,0.0,0.0,0,0,2
No Tactical,1,711,train,strong,player_win,-10.0,5,100.0,5,Expert,0.05,0.05,1,1427,92,0.0,0.0,0,0,2
No Tactical,1,712,train,strong,player_win,-10.0,5,100.0,5,Expert,0.05,0.05,1,1429,92,0.0,0.0,0,0,2
No Tactical,1,713,train,strong,player_win,-10.0,5,100.0,5,Expert,0.05,0.05,1,1431,92,0.0,0.0,0,0,2
No Tactical,1,714,train,strong,player_win,-10.0,5,100.0,5,Expert,0.05,0.05,1,1433,92,0.0,0.0,0,0,2
No Tactical,1,715,train,strong,player_win,-10.0,5,100.0,5,Expert,0.05,0.05,1,1435,92,0.0,0.0,0,0,2
No Tactical,1,716,train,strong,player_win,-10.0,5,100.0,5,Expert,0.05,0.05,1,1437,92,0.0,0.0,0,0,2
No Tactical,1,717,train,strong,player_win,-10.0,5,100.0,5,Expert,0.05,0.05,1,1439,92,0.0,0.0,0,0,2
No Tactical,1,718,train,strong,player_win,-10.0,5,100.0,5,Expert,0.05,0.05,1,1441,92,0.0,0.0,0,0,2
No Tactical,1,719,train,strong,player_win,-10.0,5,100.0,5,Expert,0.05,0.05,1,1443,92,0.0,0.0,0,0,2
No Tactical,1,720,train,strong,player_win,-10.0,5,100.0,5,Expert,0.05,0.05,1,1445,92,0.0,0.0,0,0,2
No Tactical,1,721,train,strong,player_win,-10.0,5,100.0,5,Expert,0.05,0.05,1,1447,92,0.0,0.0,0,0,2
No Tactical,1,722,train,strong,player_win,-10.0,5,100.0,5,Expert,0.05,0.05,1,1449,92,0.0,0.0,0,0,2
No Tactical,1,723,train,strong,player_win,-10.0,5,100.0,5,Expert,0.05,0.05,1,1451,92,0.0,0.0,0,0,2
No Tactical,1,724,train,strong,player_win,-10.0,5,100.0,5,Expert,0.05,0.05,1,1453,92,0.0,0.0,0,0,2
No Tactical,1,725,train,strong,player_win,-10.0,5,100.0,5,Expert,0.05,0.05,1,1455,92,0.0,0.0,0,1,1
No Tactical,1,726,train,strong,player_win,-10.0,5,100.0,5,Expert,0.05,0.05,1,1457,92,0.0,0.0,0,0,2
No Tactical,1,727,train,strong,player_win,-10.0,5,100.0,5,Expert,0.05,0.05,1,1459,92,0.0,0.0,0,0,2
No Tactical,1,728,train,strong,player_win,-10.0,5,100.0,5,Expert,0.05,0.05,1,1461,92,0.0,0.0,0,0,2
No Tactical,1,729,train,strong,player_win,-10.0,5,100.0,5,Expert,0.05,0.05,1,1463,92,0.0,0.0,0,0,2
No Tactical,1,730,train,strong,player_win,-10.0,5,100.0,5,Expert,0.05,0.05,1,1465,92,0.0,0.0,0,0,2
No Tactical,1,731,train,strong,player_win,-10.0,5,100.0,5,Expert,0.05,0.05,1,1467,92,0.0,0.0,0,0,2
No Tactical,1,732,train,strong,player_win,-10.0,5,100.0,5,Expert,0.05,0.05,1,1469,92,0.0,0.0,0,0,2
No Tactical,1,733,train,strong,player_win,-10.0,5,100.0,5,Expert,0.05,0.05,1,1471,92,0.0,0.0,0,0,2
No Tactical,1,734,train,strong,player_win,-10.0,5,100.0,5,Expert,0.05,0.05,1,1473,92,0.0,0.0,0,1,1
No Tactical,1,735,train,strong,player_win,-10.0,5,100.0,5,Expert,0.05,0.05,1,1475,92,0.0,0.0,0,0,2
No Tactical,1,736,train,strong,player_win,-10.0,5,100.0,5,Expert,0.05,0.05,1,1477,92,0.0,0.0,0,0,2
No Tactical,1,737,train,strong,player_win,-10.0,5,100.0,5,Expert,0.05,0.05,1,1479,92,0.0,0.0,0,0,2
No Tactical,1,738,train,strong,player_win,-10.0,5,100.0,5,Expert,0.05,0.05,1,1481,92,0.0,0.0,0,0,2
No Tactical,1,739,train,strong,player_win,-10.0,5,100.0,5,Expert,0.05,0.05,1,1483,92,0.0,0.0,0,0,2
No Tactical,1,740,train,strong,player_win,-10.0,5,100.0,5,Expert,0.05,0.05,1,1485,92,0.0,0.0,0,0,2
No Tactical,1,741,train,strong,player_win,-10.0,5,100.0,5,Expert,0.05,0.05,1,1487,92,0.0,0.0,0,0,2
No Tactical,1,742,train,strong,player_win,-10.0,5,100.0,5,Expert,0.05,0.05,1,1489,92,0.0,0.0,0,0,2
No Tactical,1,743,train,strong,player_win,-10.0,7,100.0,5,Expert,0.05,0.05,1,1492,92,0.0,0.0,0,0,3
No Tactical,1,744,train,strong,player_win,-10.0,5,100.0,5,Expert,0.05,0.05,1,1494,92,0.0,0.0,0,0,2
No Tactical,1,745,train,strong,player_win,-10.0,5,100.0,5,Expert,0.05,0.05,1,1496,92,0.0,0.0,0,0,2
No Tactical,1,746,train,strong,player_win,-10.0,5,100.0,5,Expert,0.05,0.05,1,1498,92,0.0,0.0,0,0,2
No Tactical,1,747,train,strong,player_win,-10.0,5,100.0,5,Expert,0.05,0.05,1,1500,92,0.0,0.0,0,0,2
No Tactical,1,748,train,strong,player_win,-10.0,5,100.0,5,Expert,0.05,0.05,1,1502,92,0.0,0.0,0,0,2
No Tactical,1,749,train,strong,player_win,-10.0,5,100.0,5,Expert,0.05,0.05,1,1504,92,0.0,0.0,0,0,2
No Tactical,1,750,train,strong,player_win,-10.0,5,100.0,5,Expert,0.05,0.05,1,1506,92,0.0,0.0,0,0,2
No Tactical,1,751,train,strong,player_win,-10.0,5,100.0,5,Expert,0.05,0.05,1,1508,92,0.0,0.0,0,0,2
No Tactical,1,752,train,strong,player_win,-10.0,5,100.0,5,Expert,0.05,0.05,1,1510,92,0.0,0.0,0,0,2
No Tactical,1,753,train,strong,player_win,-10.0,5,100.0,5,Expert,0.05,0.05,1,1512,92,0.0,0.0,0,1,1
No Tactical,1,754,train,strong,player_win,-10.0,5,100.0,5,Expert,0.05,0.05,1,1514,92,0.0,0.0,0,0,2
No Tactical,1,755,train,strong,player_win,-10.0,5,100.0,5,Expert,0.05,0.05,1,1516,92,0.0,0.0,0,0,2
No Tactical,1,756,train,strong,player_win,-10.0,5,100.0,5,Expert,0.05,0.05,1,1518,92,0.0,0.0,0,0,2
No Tactical,1,757,train,strong,player_win,-10.0,5,100.0,5,Expert,0.05,0.05,1,1520,92,0.0,0.0,0,0,2
No Tactical,1,758,train,strong,player_win,-10.0,5,100.0,5,Expert,0.05,0.05,1,1522,92,0.0,0.0,0,0,2
No Tactical,1,759,train,strong,player_win,-10.0,5,100.0,5,Expert,0.05,0.05,1,1524,92,0.0,0.0,0,0,2
No Tactical,1,760,train,strong,player_win,-10.0,5,100.0,5,Expert,0.05,0.05,1,1526,92,0.0,0.0,0,0,2
No Tactical,1,761,train,strong,player_win,-10.0,5,100.0,5,Expert,0.05,0.05,1,1528,92,0.0,0.0,0,0,2
No Tactical,1,762,train,strong,player_win,-10.0,5,100.0,5,Expert,0.05,0.05,1,1530,92,0.0,0.0,0,0,2
No Tactical,1,763,train,strong,player_win,-10.0,5,100.0,5,Expert,0.05,0.05,1,1532,92,0.0,0.0,0,0,2
No Tactical,1,764,train,strong,player_win,-10.0,5,100.0,5,Expert,0.05,0.05,1,1534,92,0.0,0.0,0,0,2
No Tactical,1,765,train,strong,player_win,-10.0,5,100.0,5,Expert,0.05,0.05,1,1536,92,0.0,0.0,0,0,2
No Tactical,1,766,train,strong,player_win,-10.0,5,100.0,5,Expert,0.05,0.05,1,1538,92,0.0,0.0,0,0,2
No Tactical,1,767,train,strong,player_win,-10.0,5,100.0,5,Expert,0.05,0.05,1,1540,92,0.0,0.0,0,0,2
No Tactical,1,768,train,strong,player_win,-10.0,5,100.0,5,Expert,0.05,0.05,1,1542,92,0.0,0.0,0,0,2
No Tactical,1,769,train,strong,player_win,-10.0,5,100.0,5,Expert,0.05,0.05,1,1544,92,0.0,0.0,0,1,1
No Tactical,1,770,train,strong,player_win,-10.0,5,100.0,5,Expert,0.05,0.05,1,1546,92,0.0,0.0,0,0,2
No Tactical,1,771,train,strong,player_win,-10.0,5,100.0,5,Expert,0.05,0.05,1,1548,92,0.0,0.0,0,0,2
No Tactical,1,772,train,strong,player_win,-10.0,5,100.0,5,Expert,0.05,0.05,1,1550,92,0.0,0.0,0,1,1
No Tactical,1,773,train,strong,player_win,-10.0,5,100.0,5,Expert,0.05,0.05,1,1552,92,0.0,0.0,0,1,1
No Tactical,1,774,train,strong,player_win,-10.0,5,100.0,5,Expert,0.05,0.05,1,1554,92,0.0,0.0,0,1,1
No Tactical,1,775,train,strong,player_win,-10.0,5,100.0,5,Expert,0.05,0.05,1,1556,92,0.0,0.0,0,1,1
No Tactical,1,776,train,strong,player_win,-10.0,5,100.0,5,Expert,0.05,0.05,1,1558,92,0.0,0.0,0,0,2
No Tactical,1,777,train,strong,player_win,-10.0,5,100.0,5,Expert,0.05,0.05,1,1560,92,0.0,0.0,0,0,2
No Tactical,1,778,train,strong,player_win,-10.0,5,100.0,5,Expert,0.05,0.05,1,1562,92,0.0,0.0,0,0,2
No Tactical,1,779,train,strong,player_win,-10.0,5,100.0,5,Expert,0.05,0.05,1,1564,92,0.0,0.0,0,0,2
No Tactical,1,780,train,strong,player_win,-10.0,5,100.0,5,Expert,0.05,0.05,1,1566,92,0.0,0.0,0,0,2
No Tactical,1,781,train,strong,player_win,-10.0,5,100.0,5,Expert,0.05,0.05,1,1568,92,0.0,0.0,0,0,2
No Tactical,1,782,train,strong,player_win,-10.0,5,100.0,5,Expert,0.05,0.05,1,1570,92,0.0,0.0,0,1,1
No Tactical,1,783,train,strong,player_win,-10.0,5,100.0,5,Expert,0.05,0.05,1,1572,92,0.0,0.0,0,0,2
No Tactical,1,784,train,strong,player_win,-10.0,5,100.0,5,Expert,0.05,0.05,1,1574,92,0.0,0.0,0,0,2
No Tactical,1,785,train,strong,player_win,-10.0,5,100.0,5,Expert,0.05,0.05,1,1576,92,0.0,0.0,0,0,2
No Tactical,1,786,train,strong,player_win,-10.0,5,100.0,5,Expert,0.05,0.05,1,1578,92,0.0,0.0,0,0,2
No Tactical,1,787,train,strong,player_win,-10.0,5,100.0,5,Expert,0.05,0.05,1,1580,92,0.0,0.0,0,0,2
No Tactical,1,788,train,strong,player_win,-10.0,5,100.0,5,Expert,0.05,0.05,1,1582,92,0.0,0.0,0,0,2
No Tactical,1,789,train,strong,player_win,-10.0,5,100.0,5,Expert,0.05,0.05,1,1584,92,0.0,0.0,0,0,2
No Tactical,1,790,train,strong,player_win,-10.0,5,100.0,5,Expert,0.05,0.05,1,1586,92,0.0,0.0,0,0,2
No Tactical,1,791,train,strong,player_win,-10.0,5,100.0,5,Expert,0.05,0.05,1,1588,92,0.0,0.0,0,0,2
No Tactical,1,792,train,strong,player_win,-10.0,5,100.0,5,Expert,0.05,0.05,1,1590,92,0.0,0.0,0,1,1
No Tactical,1,793,train,strong,player_win,-10.0,5,100.0,5,Expert,0.05,0.05,1,1592,92,0.0,0.0,0,0,2
No Tactical,1,794,train,strong,player_win,-10.0,5,100.0,5,Expert,0.05,0.05,1,1594,92,0.0,0.0,0,0,2
No Tactical,1,795,train,strong,player_win,-10.0,5,100.0,5,Expert,0.05,0.05,1,1596,92,0.0,0.0,0,0,2
No Tactical,1,796,train,strong,player_win,-10.0,5,100.0,5,Expert,0.05,0.05,1,1598,92,0.0,0.0,0,0,2
No Tactical,1,797,train,strong,player_win,-10.0,5,100.0,5,Expert,0.05,0.05,1,1600,92,0.0,0.0,0,1,1
No Tactical,1,798,train,strong,player_win,-10.0,5,100.0,5,Expert,0.05,0.05,1,1602,92,0.0,0.0,0,0,2
No Tactical,1,799,train,strong,player_win,-10.0,5,100.0,5,Expert,0.05,0.05,1,1604,92,0.0,0.0,0,0,2
No Tactical,1,800,train,strong,player_win,-10.0,5,100.0,5,Expert,0.05,0.05,1,1606,92,0.0,0.0,0,0,2
No Tactical,1,801,eval,strong,player_win,-10.0,5,100.0,5,Expert,0.05,0.0,0,1606,92,0.0,0.0,0,0,2
No Tactical,1,802,eval,strong,player_win,-10.0,5,100.0,5,Expert,0.05,0.0,0,1606,92,0.0,0.0,0,0,2
No Tactical,1,803,eval,strong,player_win,-10.0,5,100.0,5,Expert,0.05,0.0,0,1606,92,0.0,0.0,0,0,2
No Tactical,1,804,eval,strong,player_win,-10.0,5,100.0,5,Expert,0.05,0.0,0,1606,92,0.0,0.0,0,0,2
No Tactical,1,805,eval,strong,player_win,-10.0,5,100.0,5,Expert,0.05,0.0,0,1606,92,0.0,0.0,0,0,2
No Tactical,1,806,eval,strong,player_win,-10.0,5,100.0,5,Expert,0.05,0.0,0,1606,92,0.0,0.0,0,0,2
No Tactical,1,807,eval,strong,player_win,-10.0,7,100.0,5,Expert,0.05,0.0,0,1606,92,0.0,0.0,0,0,3
No Tactical,1,808,eval,strong,player_win,-10.0,5,100.0,5,Expert,0.05,0.0,0,1606,92,0.0,0.0,0,0,2
No Tactical,1,809,eval,strong,player_win,-10.0,5,100.0,5,Expert,0.05,0.0,0,1606,92,0.0,0.0,0,0,2
No Tactical,1,810,eval,strong,player_win,-10.0,5,100.0,5,Expert,0.05,0.0,0,1606,92,0.0,0.0,0,0,2
No Tactical,1,811,eval,strong,player_win,-10.0,5,100.0,5,Expert,0.05,0.0,0,1606,92,0.0,0.0,0,0,2
No Tactical,1,812,eval,strong,player_win,-10.0,5,100.0,5,Expert,0.05,0.0,0,1606,92,0.0,0.0,0,0,2
No Tactical,1,813,eval,strong,player_win,-10.0,5,100.0,5,Expert,0.05,0.0,0,1606,92,0.0,0.0,0,0,2
No Tactical,1,814,eval,strong,player_win,-10.0,5,100.0,5,Expert,0.05,0.0,0,1606,92,0.0,0.0,0,0,2
No Tactical,1,815,eval,strong,player_win,-10.0,5,100.0,5,Expert,0.05,0.0,0,1606,92,0.0,0.0,0,0,2
No Tactical,1,816,eval,strong,player_win,-10.0,5,100.0,5,Expert,0.05,0.0,0,1606,92,0.0,0.0,0,0,2
No Tactical,1,817,eval,strong,player_win,-10.0,5,100.0,5,Expert,0.05,0.0,0,1606,92,0.0,0.0,0,0,2
No Tactical,1,818,eval,strong,player_win,-10.0,5,100.0,5,Expert,0.05,0.0,0,1606,92,0.0,0.0,0,0,2
No Tactical,1,819,eval,strong,player_win,-10.0,5,100.0,5,Expert,0.05,0.0,0,1606,92,0.0,0.0,0,0,2
No Tactical,1,820,eval,strong,player_win,-10.0,5,100.0,5,Expert,0.05,0.0,0,1606,92,0.0,0.0,0,0,2
No Tactical,1,821,eval,strong,player_win,-10.0,5,100.0,5,Expert,0.05,0.0,0,1606,92,0.0,0.0,0,0,2
No Tactical,1,822,eval,strong,player_win,-10.0,5,100.0,5,Expert,0.05,0.0,0,1606,92,0.0,0.0,0,0,2
No Tactical,1,823,eval,strong,player_win,-10.0,5,100.0,5,Expert,0.05,0.0,0,1606,92,0.0,0.0,0,0,2
No Tactical,1,824,eval,strong,player_win,-10.0,5,100.0,5,Expert,0.05,0.0,0,1606,92,0.0,0.0,0,0,2
No Tactical,1,825,eval,strong,player_win,-10.0,5,100.0,5,Expert,0.05,0.0,0,1606,92,0.0,0.0,0,0,2
No Tactical,1,826,eval,strong,player_win,-10.0,5,100.0,5,Expert,0.05,0.0,0,1606,92,0.0,0.0,0,0,2
No Tactical,1,827,eval,strong,player_win,-10.0,5,100.0,5,Expert,0.05,0.0,0,1606,92,0.0,0.0,0,0,2
No Tactical,1,828,eval,strong,player_win,-10.0,5,100.0,5,Expert,0.05,0.0,0,1606,92,0.0,0.0,0,0,2
No Tactical,1,829,eval,strong,player_win,-10.0,5,100.0,5,Expert,0.05,0.0,0,1606,92,0.0,0.0,0,0,2
No Tactical,1,830,eval,strong,player_win,-10.0,5,100.0,5,Expert,0.05,0.0,0,1606,92,0.0,0.0,0,0,2
No Tactical,1,831,eval,strong,player_win,-10.0,5,100.0,5,Expert,0.05,0.0,0,1606,92,0.0,0.0,0,0,2
No Tactical,1,832,eval,strong,player_win,-10.0,5,100.0,5,Expert,0.05,0.0,0,1606,92,0.0,0.0,0,0,2
No Tactical,1,833,eval,strong,player_win,-10.0,5,100.0,5,Expert,0.05,0.0,0,1606,92,0.0,0.0,0,0,2
No Tactical,1,834,eval,strong,player_win,-10.0,5,100.0,5,Expert,0.05,0.0,0,1606,92,0.0,0.0,0,0,2
No Tactical,1,835,eval,strong,player_win,-10.0,5,100.0,5,Expert,0.05,0.0,0,1606,92,0.0,0.0,0,0,2
No Tactical,1,836,eval,strong,player_win,-10.0,5,100.0,5,Expert,0.05,0.0,0,1606,92,0.0,0.0,0,0,2
No Tactical,1,837,eval,strong,player_win,-10.0,5,100.0,5,Expert,0.05,0.0,0,1606,92,0.0,0.0,0,0,2
No Tactical,1,838,eval,strong,player_win,-10.0,5,100.0,5,Expert,0.05,0.0,0,1606,92,0.0,0.0,0,0,2
No Tactical,1,839,eval,strong,player_win,-10.0,5,100.0,5,Expert,0.05,0.0,0,1606,92,0.0,0.0,0,0,2
No Tactical,1,840,eval,strong,player_win,-10.0,5,100.0,5,Expert,0.05,0.0,0,1606,92,0.0,0.0,0,0,2
No Tactical,1,841,eval,strong,player_win,-10.0,5,100.0,5,Expert,0.05,0.0,0,1606,92,0.0,0.0,0,0,2
No Tactical,1,842,eval,strong,player_win,-10.0,5,100.0,5,Expert,0.05,0.0,0,1606,92,0.0,0.0,0,0,2
No Tactical,1,843,eval,strong,player_win,-10.0,5,100.0,5,Expert,0.05,0.0,0,1606,92,0.0,0.0,0,0,2
No Tactical,1,844,eval,strong,player_win,-10.0,5,100.0,5,Expert,0.05,0.0,0,1606,92,0.0,0.0,0,0,2
No Tactical,1,845,eval,strong,player_win,-10.0,5,100.0,5,Expert,0.05,0.0,0,1606,92,0.0,0.0,0,0,2
No Tactical,1,846,eval,strong,player_win,-10.0,5,100.0,5,Expert,0.05,0.0,0,1606,92,0.0,0.0,0,0,2
No Tactical,1,847,eval,strong,player_win,-10.0,5,100.0,5,Expert,0.05,0.0,0,1606,92,0.0,0.0,0,0,2
No Tactical,1,848,eval,strong,player_win,-10.0,5,100.0,5,Expert,0.05,0.0,0,1606,92,0.0,0.0,0,0,2
No Tactical,1,849,eval,strong,player_win,-10.0,5,100.0,5,Expert,0.05,0.0,0,1606,92,0.0,0.0,0,0,2
No Tactical,1,850,eval,strong,player_win,-10.0,5,100.0,5,Expert,0.05,0.0,0,1606,92,0.0,0.0,0,0,2
No Tactical,1,851,eval,strong,player_win,-10.0,5,100.0,5,Expert,0.05,0.0,0,1606,92,0.0,0.0,0,0,2
No Tactical,1,852,eval,strong,player_win,-10.0,5,100.0,5,Expert,0.05,0.0,0,1606,92,0.0,0.0,0,0,2
No Tactical,1,853,eval,strong,player_win,-10.0,5,100.0,5,Expert,0.05,0.0,0,1606,92,0.0,0.0,0,0,2
No Tactical,1,854,eval,strong,player_win,-10.0,5,100.0,5,Expert,0.05,0.0,0,1606,92,0.0,0.0,0,0,2
No Tactical,1,855,eval,strong,player_win,-10.0,5,100.0,5,Expert,0.05,0.0,0,1606,92,0.0,0.0,0,0,2
No Tactical,1,856,eval,strong,player_win,-10.0,5,100.0,5,Expert,0.05,0.0,0,1606,92,0.0,0.0,0,0,2
No Tactical,1,857,eval,strong,player_win,-10.0,5,100.0,5,Expert,0.05,0.0,0,1606,92,0.0,0.0,0,0,2
No Tactical,1,858,eval,strong,player_win,-10.0,5,100.0,5,Expert,0.05,0.0,0,1606,92,0.0,0.0,0,0,2
No Tactical,1,859,eval,strong,player_win,-10.0,5,100.0,5,Expert,0.05,0.0,0,1606,92,0.0,0.0,0,0,2
No Tactical,1,860,eval,strong,player_win,-10.0,5,100.0,5,Expert,0.05,0.0,0,1606,92,0.0,0.0,0,0,2
No Tactical,1,861,eval,strong,player_win,-10.0,5,100.0,5,Expert,0.05,0.0,0,1606,92,0.0,0.0,0,0,2
No Tactical,1,862,eval,strong,player_win,-10.0,5,100.0,5,Expert,0.05,0.0,0,1606,92,0.0,0.0,0,0,2
No Tactical,1,863,eval,strong,player_win,-10.0,5,100.0,5,Expert,0.05,0.0,0,1606,92,0.0,0.0,0,0,2
No Tactical,1,864,eval,strong,player_win,-10.0,5,100.0,5,Expert,0.05,0.0,0,1606,92,0.0,0.0,0,0,2
No Tactical,1,865,eval,strong,player_win,-10.0,5,100.0,5,Expert,0.05,0.0,0,1606,92,0.0,0.0,0,0,2
No Tactical,1,866,eval,strong,player_win,-10.0,5,100.0,5,Expert,0.05,0.0,0,1606,92,0.0,0.0,0,0,2
No Tactical,1,867,eval,strong,player_win,-10.0,5,100.0,5,Expert,0.05,0.0,0,1606,92,0.0,0.0,0,0,2
No Tactical,1,868,eval,strong,player_win,-10.0,5,100.0,5,Expert,0.05,0.0,0,1606,92,0.0,0.0,0,0,2
No Tactical,1,869,eval,strong,player_win,-10.0,5,100.0,5,Expert,0.05,0.0,0,1606,92,0.0,0.0,0,0,2
No Tactical,1,870,eval,strong,player_win,-10.0,5,100.0,5,Expert,0.05,0.0,0,1606,92,0.0,0.0,0,0,2
No Tactical,1,871,eval,strong,player_win,-10.0,5,100.0,5,Expert,0.05,0.0,0,1606,92,0.0,0.0,0,0,2
No Tactical,1,872,eval,strong,player_win,-10.0,5,100.0,5,Expert,0.05,0.0,0,1606,92,0.0,0.0,0,0,2
No Tactical,1,873,eval,strong,player_win,-10.0,5,100.0,5,Expert,0.05,0.0,0,1606,92,0.0,0.0,0,0,2
No Tactical,1,874,eval,strong,player_win,-10.0,5,100.0,5,Expert,0.05,0.0,0,1606,92,0.0,0.0,0,0,2
No Tactical,1,875,eval,strong,player_win,-10.0,5,100.0,5,Expert,0.05,0.0,0,1606,92,0.0,0.0,0,0,2
No Tactical,1,876,eval,strong,player_win,-10.0,5,100.0,5,Expert,0.05,0.0,0,1606,92,0.0,0.0,0,0,2
No Tactical,1,877,eval,strong,player_win,-10.0,5,100.0,5,Expert,0.05,0.0,0,1606,92,0.0,0.0,0,0,2
No Tactical,1,878,eval,strong,player_win,-10.0,5,100.0,5,Expert,0.05,0.0,0,1606,92,0.0,0.0,0,0,2
No Tactical,1,879,eval,strong,player_win,-10.0,5,100.0,5,Expert,0.05,0.0,0,1606,92,0.0,0.0,0,0,2
No Tactical,1,880,eval,strong,player_win,-10.0,5,100.0,5,Expert,0.05,0.0,0,1606,92,0.0,0.0,0,0,2
No Tactical,1,881,eval,strong,player_win,-10.0,5,100.0,5,Expert,0.05,0.0,0,1606,92,0.0,0.0,0,0,2
No Tactical,1,882,eval,strong,player_win,-10.0,5,100.0,5,Expert,0.05,0.0,0,1606,92,0.0,0.0,0,0,2
No Tactical,1,883,eval,strong,player_win,-10.0,5,100.0,5,Expert,0.05,0.0,0,1606,92,0.0,0.0,0,0,2
No Tactical,1,884,eval,strong,player_win,-10.0,5,100.0,5,Expert,0.05,0.0,0,1606,92,0.0,0.0,0,0,2
No Tactical,1,885,eval,strong,player_win,-10.0,5,100.0,5,Expert,0.05,0.0,0,1606,92,0.0,0.0,0,0,2
No Tactical,1,886,eval,strong,player_win,-10.0,5,100.0,5,Expert,0.05,0.0,0,1606,92,0.0,0.0,0,0,2
No Tactical,1,887,eval,strong,player_win,-10.0,5,100.0,5,Expert,0.05,0.0,0,1606,92,0.0,0.0,0,0,2
No Tactical,1,888,eval,strong,player_win,-10.0,5,100.0,5,Expert,0.05,0.0,0,1606,92,0.0,0.0,0,0,2
No Tactical,1,889,eval,strong,player_win,-10.0,5,100.0,5,Expert,0.05,0.0,0,1606,92,0.0,0.0,0,0,2
No Tactical,1,890,eval,strong,player_win,-10.0,5,100.0,5,Expert,0.05,0.0,0,1606,92,0.0,0.0,0,0,2
No Tactical,1,891,eval,strong,player_win,-10.0,5,100.0,5,Expert,0.05,0.0,0,1606,92,0.0,0.0,0,0,2
No Tactical,1,892,eval,strong,player_win,-10.0,5,100.0,5,Expert,0.05,0.0,0,1606,92,0.0,0.0,0,0,2
No Tactical,1,893,eval,strong,player_win,-10.0,5,100.0,5,Expert,0.05,0.0,0,1606,92,0.0,0.0,0,0,2
No Tactical,1,894,eval,strong,player_win,-10.0,5,100.0,5,Expert,0.05,0.0,0,1606,92,0.0,0.0,0,0,2
No Tactical,1,895,eval,strong,player_win,-10.0,5,100.0,5,Expert,0.05,0.0,0,1606,92,0.0,0.0,0,0,2
No Tactical,1,896,eval,strong,player_win,-10.0,5,100.0,5,Expert,0.05,0.0,0,1606,92,0.0,0.0,0,0,2
No Tactical,1,897,eval,strong,player_win,-10.0,5,100.0,5,Expert,0.05,0.0,0,1606,92,0.0,0.0,0,0,2
No Tactical,1,898,eval,strong,player_win,-10.0,5,100.0,5,Expert,0.05,0.0,0,1606,92,0.0,0.0,0,0,2
No Tactical,1,899,eval,strong,player_win,-10.0,5,100.0,5,Expert,0.05,0.0,0,1606,92,0.0,0.0,0,0,2
No Tactical,1,900,eval,strong,player_win,-10.0,5,100.0,5,Expert,0.05,0.0,0,1606,92,0.0,0.0,0,0,2
No Tactical,1,901,eval,strong,player_win,-10.0,5,100.0,5,Expert,0.05,0.0,0,1606,92,0.0,0.0,0,0,2
No Tactical,1,902,eval,strong,player_win,-10.0,5,100.0,5,Expert,0.05,0.0,0,1606,92,0.0,0.0,0,0,2
No Tactical,1,903,eval,strong,player_win,-10.0,5,100.0,5,Expert,0.05,0.0,0,1606,92,0.0,0.0,0,0,2
No Tactical,1,904,eval,strong,player_win,-10.0,5,100.0,5,Expert,0.05,0.0,0,1606,92,0.0,0.0,0,0,2
No Tactical,1,905,eval,strong,player_win,-10.0,5,100.0,5,Expert,0.05,0.0,0,1606,92,0.0,0.0,0,0,2
No Tactical,1,906,eval,strong,player_win,-10.0,5,100.0,5,Expert,0.05,0.0,0,1606,92,0.0,0.0,0,0,2
No Tactical,1,907,eval,strong,player_win,-10.0,5,100.0,5,Expert,0.05,0.0,0,1606,92,0.0,0.0,0,0,2
No Tactical,1,908,eval,strong,player_win,-10.0,5,100.0,5,Expert,0.05,0.0,0,1606,92,0.0,0.0,0,0,2
No Tactical,1,909,eval,strong,player_win,-10.0,5,100.0,5,Expert,0.05,0.0,0,1606,92,0.0,0.0,0,0,2
No Tactical,1,910,eval,strong,player_win,-10.0,5,100.0,5,Expert,0.05,0.0,0,1606,92,0.0,0.0,0,0,2
No Tactical,1,911,eval,strong,player_win,-10.0,5,100.0,5,Expert,0.05,0.0,0,1606,92,0.0,0.0,0,0,2
No Tactical,1,912,eval,strong,player_win,-10.0,5,100.0,5,Expert,0.05,0.0,0,1606,92,0.0,0.0,0,0,2
No Tactical,1,913,eval,strong,player_win,-10.0,5,100.0,5,Expert,0.05,0.0,0,1606,92,0.0,0.0,0,0,2
No Tactical,1,914,eval,strong,player_win,-10.0,5,100.0,5,Expert,0.05,0.0,0,1606,92,0.0,0.0,0,0,2
No Tactical,1,915,eval,strong,player_win,-10.0,5,100.0,5,Expert,0.05,0.0,0,1606,92,0.0,0.0,0,0,2
No Tactical,1,916,eval,strong,player_win,-10.0,5,100.0,5,Expert,0.05,0.0,0,1606,92,0.0,0.0,0,0,2
No Tactical,1,917,eval,strong,player_win,-10.0,5,100.0,5,Expert,0.05,0.0,0,1606,92,0.0,0.0,0,0,2
No Tactical,1,918,eval,strong,player_win,-10.0,5,100.0,5,Expert,0.05,0.0,0,1606,92,0.0,0.0,0,0,2
No Tactical,1,919,eval,strong,player_win,-10.0,5,100.0,5,Expert,0.05,0.0,0,1606,92,0.0,0.0,0,0,2
No Tactical,1,920,eval,strong,player_win,-10.0,5,100.0,5,Expert,0.05,0.0,0,1606,92,0.0,0.0,0,0,2
No Tactical,1,921,eval,strong,player_win,-10.0,5,100.0,5,Expert,0.05,0.0,0,1606,92,0.0,0.0,0,0,2
No Tactical,1,922,eval,strong,player_win,-10.0,5,100.0,5,Expert,0.05,0.0,0,1606,92,0.0,0.0,0,0,2
No Tactical,1,923,eval,strong,player_win,-10.0,5,100.0,5,Expert,0.05,0.0,0,1606,92,0.0,0.0,0,0,2
No Tactical,1,924,eval,strong,player_win,-10.0,5,100.0,5,Expert,0.05,0.0,0,1606,92,0.0,0.0,0,0,2
No Tactical,1,925,eval,strong,player_win,-10.0,5,100.0,5,Expert,0.05,0.0,0,1606,92,0.0,0.0,0,0,2
No Tactical,1,926,eval,strong,player_win,-10.0,5,100.0,5,Expert,0.05,0.0,0,1606,92,0.0,0.0,0,0,2
No Tactical,1,927,eval,strong,player_win,-10.0,5,100.0,5,Expert,0.05,0.0,0,1606,92,0.0,0.0,0,0,2
No Tactical,1,928,eval,strong,player_win,-10.0,5,100.0,5,Expert,0.05,0.0,0,1606,92,0.0,0.0,0,0,2
No Tactical,1,929,eval,strong,player_win,-10.0,5,100.0,5,Expert,0.05,0.0,0,1606,92,0.0,0.0,0,0,2
No Tactical,1,930,eval,strong,player_win,-10.0,5,100.0,5,Expert,0.05,0.0,0,1606,92,0.0,0.0,0,0,2
No Tactical,1,931,eval,strong,player_win,-10.0,5,100.0,5,Expert,0.05,0.0,0,1606,92,0.0,0.0,0,0,2
No Tactical,1,932,eval,strong,player_win,-10.0,5,100.0,5,Expert,0.05,0.0,0,1606,92,0.0,0.0,0,0,2
No Tactical,1,933,eval,strong,player_win,-10.0,5,100.0,5,Expert,0.05,0.0,0,1606,92,0.0,0.0,0,0,2
No Tactical,1,934,eval,strong,player_win,-10.0,5,100.0,5,Expert,0.05,0.0,0,1606,92,0.0,0.0,0,0,2
No Tactical,1,935,eval,strong,player_win,-10.0,5,100.0,5,Expert,0.05,0.0,0,1606,92,0.0,0.0,0,0,2
No Tactical,1,936,eval,strong,player_win,-10.0,5,100.0,5,Expert,0.05,0.0,0,1606,92,0.0,0.0,0,0,2
No Tactical,1,937,eval,strong,player_win,-10.0,5,100.0,5,Expert,0.05,0.0,0,1606,92,0.0,0.0,0,0,2
No Tactical,1,938,eval,strong,player_win,-10.0,5,100.0,5,Expert,0.05,0.0,0,1606,92,0.0,0.0,0,0,2
No Tactical,1,939,eval,strong,player_win,-10.0,5,100.0,5,Expert,0.05,0.0,0,1606,92,0.0,0.0,0,0,2
No Tactical,1,940,eval,strong,player_win,-10.0,5,100.0,5,Expert,0.05,0.0,0,1606,92,0.0,0.0,0,0,2
No Tactical,1,941,eval,strong,player_win,-10.0,5,100.0,5,Expert,0.05,0.0,0,1606,92,0.0,0.0,0,0,2
No Tactical,1,942,eval,strong,player_win,-10.0,5,100.0,5,Expert,0.05,0.0,0,1606,92,0.0,0.0,0,0,2
No Tactical,1,943,eval,strong,player_win,-10.0,5,100.0,5,Expert,0.05,0.0,0,1606,92,0.0,0.0,0,0,2
No Tactical,1,944,eval,strong,player_win,-10.0,5,100.0,5,Expert,0.05,0.0,0,1606,92,0.0,0.0,0,0,2
No Tactical,1,945,eval,strong,player_win,-10.0,5,100.0,5,Expert,0.05,0.0,0,1606,92,0.0,0.0,0,0,2
No Tactical,1,946,eval,strong,player_win,-10.0,5,100.0,5,Expert,0.05,0.0,0,1606,92,0.0,0.0,0,0,2
No Tactical,1,947,eval,strong,player_win,-10.0,5,100.0,5,Expert,0.05,0.0,0,1606,92,0.0,0.0,0,0,2
No Tactical,1,948,eval,strong,player_win,-10.0,5,100.0,5,Expert,0.05,0.0,0,1606,92,0.0,0.0,0,0,2
No Tactical,1,949,eval,strong,player_win,-10.0,5,100.0,5,Expert,0.05,0.0,0,1606,92,0.0,0.0,0,0,2
No Tactical,1,950,eval,strong,player_win,-10.0,5,100.0,5,Expert,0.05,0.0,0,1606,92,0.0,0.0,0,0,2
No Tactical,1,951,eval,strong,player_win,-10.0,5,100.0,5,Expert,0.05,0.0,0,1606,92,0.0,0.0,0,0,2
No Tactical,1,952,eval,strong,player_win,-10.0,5,100.0,5,Expert,0.05,0.0,0,1606,92,0.0,0.0,0,0,2
No Tactical,1,953,eval,strong,player_win,-10.0,5,100.0,5,Expert,0.05,0.0,0,1606,92,0.0,0.0,0,0,2
No Tactical,1,954,eval,strong,player_win,-10.0,5,100.0,5,Expert,0.05,0.0,0,1606,92,0.0,0.0,0,0,2
No Tactical,1,955,eval,strong,player_win,-10.0,5,100.0,5,Expert,0.05,0.0,0,1606,92,0.0,0.0,0,0,2
No Tactical,1,956,eval,strong,player_win,-10.0,5,100.0,5,Expert,0.05,0.0,0,1606,92,0.0,0.0,0,0,2
No Tactical,1,957,eval,strong,player_win,-10.0,5,100.0,5,Expert,0.05,0.0,0,1606,92,0.0,0.0,0,0,2
No Tactical,1,958,eval,strong,player_win,-10.0,5,100.0,5,Expert,0.05,0.0,0,1606,92,0.0,0.0,0,0,2
No Tactical,1,959,eval,strong,player_win,-10.0,5,100.0,5,Expert,0.05,0.0,0,1606,92,0.0,0.0,0,0,2
No Tactical,1,960,eval,strong,player_win,-10.0,5,100.0,5,Expert,0.05,0.0,0,1606,92,0.0,0.0,0,0,2
No Tactical,1,961,eval,strong,player_win,-10.0,5,100.0,5,Expert,0.05,0.0,0,1606,92,0.0,0.0,0,0,2
No Tactical,1,962,eval,strong,player_win,-10.0,5,100.0,5,Expert,0.05,0.0,0,1606,92,0.0,0.0,0,0,2
No Tactical,1,963,eval,strong,player_win,-10.0,5,100.0,5,Expert,0.05,0.0,0,1606,92,0.0,0.0,0,0,2
No Tactical,1,964,eval,strong,player_win,-10.0,5,100.0,5,Expert,0.05,0.0,0,1606,92,0.0,0.0,0,0,2
No Tactical,1,965,eval,strong,player_win,-10.0,5,100.0,5,Expert,0.05,0.0,0,1606,92,0.0,0.0,0,0,2
No Tactical,1,966,eval,strong,player_win,-10.0,5,100.0,5,Expert,0.05,0.0,0,1606,92,0.0,0.0,0,0,2
No Tactical,1,967,eval,strong,player_win,-10.0,5,100.0,5,Expert,0.05,0.0,0,1606,92,0.0,0.0,0,0,2
No Tactical,1,968,eval,strong,player_win,-10.0,5,100.0,5,Expert,0.05,0.0,0,1606,92,0.0,0.0,0,0,2
No Tactical,1,969,eval,strong,player_win,-10.0,5,100.0,5,Expert,0.05,0.0,0,1606,92,0.0,0.0,0,0,2
No Tactical,1,970,eval,strong,player_win,-10.0,5,100.0,5,Expert,0.05,0.0,0,1606,92,0.0,0.0,0,0,2
No Tactical,1,971,eval,strong,player_win,-10.0,5,100.0,5,Expert,0.05,0.0,0,1606,92,0.0,0.0,0,0,2
No Tactical,1,972,eval,strong,player_win,-10.0,5,100.0,5,Expert,0.05,0.0,0,1606,92,0.0,0.0,0,0,2
No Tactical,1,973,eval,strong,player_win,-10.0,5,100.0,5,Expert,0.05,0.0,0,1606,92,0.0,0.0,0,0,2
No Tactical,1,974,eval,strong,player_win,-10.0,5,100.0,5,Expert,0.05,0.0,0,1606,92,0.0,0.0,0,0,2
No Tactical,1,975,eval,strong,player_win,-10.0,5,100.0,5,Expert,0.05,0.0,0,1606,92,0.0,0.0,0,0,2
No Tactical,1,976,eval,strong,player_win,-10.0,5,100.0,5,Expert,0.05,0.0,0,1606,92,0.0,0.0,0,0,2
No Tactical,1,977,eval,strong,player_win,-10.0,5,100.0,5,Expert,0.05,0.0,0,1606,92,0.0,0.0,0,0,2
No Tactical,1,978,eval,strong,player_win,-10.0,5,100.0,5,Expert,0.05,0.0,0,1606,92,0.0,0.0,0,0,2
No Tactical,1,979,eval,strong,player_win,-10.0,5,100.0,5,Expert,0.05,0.0,0,1606,92,0.0,0.0,0,0,2
No Tactical,1,980,eval,strong,player_win,-10.0,5,100.0,5,Expert,0.05,0.0,0,1606,92,0.0,0.0,0,0,2
No Tactical,1,981,eval,strong,player_win,-10.0,5,100.0,5,Expert,0.05,0.0,0,1606,92,0.0,0.0,0,0,2
No Tactical,1,982,eval,strong,player_win,-10.0,5,100.0,5,Expert,0.05,0.0,0,1606,92,0.0,0.0,0,0,2
No Tactical,1,983,eval,strong,player_win,-10.0,5,100.0,5,Expert,0.05,0.0,0,1606,92,0.0,0.0,0,0,2
No Tactical,1,984,eval,strong,player_win,-10.0,5,100.0,5,Expert,0.05,0.0,0,1606,92,0.0,0.0,0,0,2
No Tactical,1,985,eval,strong,player_win,-10.0,5,100.0,5,Expert,0.05,0.0,0,1606,92,0.0,0.0,0,0,2
No Tactical,1,986,eval,strong,player_win,-10.0,5,100.0,5,Expert,0.05,0.0,0,1606,92,0.0,0.0,0,0,2
No Tactical,1,987,eval,strong,player_win,-10.0,5,100.0,5,Expert,0.05,0.0,0,1606,92,0.0,0.0,0,0,2
No Tactical,1,988,eval,strong,player_win,-10.0,5,100.0,5,Expert,0.05,0.0,0,1606,92,0.0,0.0,0,0,2
No Tactical,1,989,eval,strong,player_win,-10.0,5,100.0,5,Expert,0.05,0.0,0,1606,92,0.0,0.0,0,0,2
No Tactical,1,990,eval,strong,player_win,-10.0,5,100.0,5,Expert,0.05,0.0,0,1606,92,0.0,0.0,0,0,2
No Tactical,1,991,eval,strong,player_win,-10.0,5,100.0,5,Expert,0.05,0.0,0,1606,92,0.0,0.0,0,0,2
No Tactical,1,992,eval,strong,player_win,-10.0,5,100.0,5,Expert,0.05,0.0,0,1606,92,0.0,0.0,0,0,2
No Tactical,1,993,eval,strong,player_win,-10.0,5,100.0,5,Expert,0.05,0.0,0,1606,92,0.0,0.0,0,0,2
No Tactical,1,994,eval,strong,player_win,-10.0,5,100.0,5,Expert,0.05,0.0,0,1606,92,0.0,0.0,0,0,2
No Tactical,1,995,eval,strong,player_win,-10.0,5,100.0,5,Expert,0.05,0.0,0,1606,92,0.0,0.0,0,0,2
No Tactical,1,996,eval,strong,player_win,-10.0,5,100.0,5,Expert,0.05,0.0,0,1606,92,0.0,0.0,0,0,2
No Tactical,1,997,eval,strong,player_win,-10.0,5,100.0,5,Expert,0.05,0.0,0,1606,92,0.0,0.0,0,0,2
No Tactical,1,998,eval,strong,player_win,-10.0,5,100.0,5,Expert,0.05,0.0,0,1606,92,0.0,0.0,0,0,2
No Tactical,1,999,eval,strong,player_win,-10.0,5,100.0,5,Expert,0.05,0.0,0,1606,92,0.0,0.0,0,0,2
No Tactical,1,1000,eval,strong,player_win,-10.0,5,100.0,5,Expert,0.05,0.0,0,1606,92,0.0,0.0,0,0,2
No Tactical,2,1,train,strong,player_win,-10.0,5,60.0,1,Very Easy,0.95,1.0,1,2,2,0.0,0.0,0,2,0
No Tactical,2,2,train,strong,player_win,-10.0,5,70.0,1,Very Easy,0.9025,1.0,1,4,4,0.0,0.0,0,2,0
No Tactical,2,3,train,strong,player_win,-10.0,5,80.0,5,Expert,0.8573749999999999,0.21434374999999997,1,6,6,0.0,0.0,0,2,0
No Tactical,2,4,train,strong,player_win,-10.0,5,90.0,5,Expert,0.8145062499999999,0.20362656249999997,1,8,8,0.0,0.0,0,2,0
No Tactical,2,5,train,strong,player_win,-10.0,5,100.0,5,Expert,0.7737809374999999,0.19344523437499997,1,10,9,0.0,0.0,0,0,2
No Tactical,2,6,train,strong,player_win,-10.0,5,100.0,5,Expert,0.7350918906249998,0.18377297265624995,1,12,10,0.0,0.0,0,0,2
No Tactical,2,7,train,strong,player_win,-10.0,5,100.0,5,Expert,0.6983372960937497,0.17458432402343743,1,14,11,0.0,0.0,0,0,2
No Tactical,2,8,train,strong,player_win,-10.0,5,100.0,5,Expert,0.6634204312890623,0.16585510782226556,1,16,12,0.0,0.0,0,0,2
No Tactical,2,9,train,strong,player_win,-10.0,5,100.0,5,Expert,0.6302494097246091,0.15756235243115227,1,18,12,0.0,0.0,0,1,1
No Tactical,2,10,train,strong,player_win,-10.0,5,100.0,5,Expert,0.5987369392383786,0.14968423480959464,1,20,12,0.0,0.0,0,0,2
No Tactical,2,11,train,strong,player_win,-10.0,5,100.0,5,Expert,0.5688000922764596,0.1422000230691149,1,22,13,0.0,0.0,0,1,1
No Tactical,2,12,train,strong,player_win,-10.0,5,100.0,5,Expert,0.5403600876626365,0.13509002191565914,1,24,14,0.0,0.0,0,0,2
No Tactical,2,13,train,strong,player_win,-10.0,5,100.0,5,Expert,0.5133420832795047,0.12833552081987618,1,26,15,0.0,0.0,0,0,2
No Tactical,2,14,train,strong,player_win,-10.0,5,100.0,5,Expert,0.48767497911552943,0.12191874477888236,1,28,16,0.0,0.0,0,0,2
No Tactical,2,15,train,strong,player_win,-10.0,5,100.0,5,Expert,0.46329123015975293,0.11582280753993823,1,30,17,0.0,0.0,0,0,2
No Tactical,2,16,train,strong,player_win,-10.0,5,100.0,5,Expert,0.44012666865176525,0.11003166716294131,1,32,17,0.0,0.0,0,0,2
No Tactical,2,17,train,strong,player_win,-10.0,5,100.0,5,Expert,0.41812033521917696,0.10453008380479424,1,34,18,0.0,0.0,0,0,2
No Tactical,2,18,train,strong,player_win,-10.0,5,100.0,5,Expert,0.3972143184582181,0.09930357961455452,1,36,19,0.0,0.0,0,0,2
No Tactical,2,19,train,strong,player_win,-10.0,5,100.0,5,Expert,0.37735360253530714,0.09433840063382679,1,38,20,0.0,0.0,0,0,2
No Tactical,2,20,train,strong,player_win,-10.0,5,100.0,5,Expert,0.35848592240854177,0.08962148060213544,1,40,21,0.0,0.0,0,0,2
No Tactical,2,21,train,strong,player_win,-10.0,5,100.0,5,Expert,0.34056162628811465,0.08514040657202866,1,42,22,0.0,0.0,0,0,2
No Tactical,2,22,train,strong,player_win,-10.0,5,100.0,5,Expert,0.3235335449737089,0.08088338624342722,1,44,23,0.0,0.0,0,0,2
No Tactical,2,23,train,strong,player_win,-10.0,5,100.0,5,Expert,0.30735686772502346,0.07683921693125587,1,46,23,0.0,0.0,0,0,2
No Tactical,2,24,train,strong,player_win,-10.0,5,100.0,5,Expert,0.2919890243387723,0.07299725608469307,1,48,24,0.0,0.0,0,0,2
No Tactical,2,25,train,strong,player_win,-10.0,5,100.0,5,Expert,0.27738957312183365,0.06934739328045841,1,50,25,0.0,0.0,0,0,2
No Tactical,2,26,train,strong,player_win,-10.0,5,100.0,5,Expert,0.263520094465742,0.0658800236164355,1,52,25,0.0,0.0,0,0,2
No Tactical,2,27,train,strong,player_win,-10.0,5,100.0,5,Expert,0.25034408974245487,0.06258602243561372,1,54,25,0.0,0.0,0,1,1
No Tactical,2,28,train,strong,player_win,-10.0,7,100.0,5,Expert,0.2378268852553321,0.059456721313833026,1,57,27,0.0,0.0,0,2,1
No Tactical,2,29,train,strong,player_win,-10.0,5,100.0,5,Expert,0.2259355409925655,0.05648388524814137,1,59,28,0.0,0.0,0,0,2
No Tactical,2,30,train,strong,player_win,-10.0,5,100.0,5,Expert,0.2146387639429372,0.0536596909857343,1,61,28,0.0,0.0,0,0,2
No Tactical,2,31,train,strong,player_win,-10.0,5,100.0,5,Expert,0.20390682574579033,0.05097670643644758,1,63,29,0.0,0.0,0,0,2
No Tactical,2,32,train,strong,player_win,-10.0,5,100.0,5,Expert,0.1937114844585008,0.05,1,65,30,0.0,0.0,0,0,2
No Tactical,2,33,train,strong,player_win,-10.0,5,100.0,5,Expert,0.18402591023557577,0.05,1,67,31,0.0,0.0,0,0,2
No Tactical,2,34,train,strong,player_win,-10.0,5,100.0,5,Expert,0.17482461472379698,0.05,1,69,32,0.0,0.0,0,1,1
No Tactical,2,35,train,strong,player_win,-10.0,5,100.0,5,Expert,0.16608338398760714,0.05,1,71,32,0.0,0.0,0,0,2
No Tactical,2,36,train,strong,player_win,-10.0,5,100.0,5,Expert,0.15777921478822676,0.05,1,73,33,0.0,0.0,0,1,1
No Tactical,2,37,train,strong,player_win,-10.0,5,100.0,5,Expert,0.14989025404881542,0.05,1,75,33,0.0,0.0,0,1,1
No Tactical,2,38,train,strong,player_win,-10.0,5,100.0,5,Expert,0.14239574134637464,0.05,1,77,33,0.0,0.0,0,1,1
No Tactical,2,39,train,strong,player_win,-10.0,5,100.0,5,Expert,0.1352759542790559,0.05,1,79,34,0.0,0.0,0,0,2
No Tactical,2,40,train,strong,player_win,-10.0,5,100.0,5,Expert,0.1285121565651031,0.05,1,81,34,0.0,0.0,0,0,2
No Tactical,2,41,train,strong,player_win,-10.0,5,100.0,5,Expert,0.12208654873684793,0.05,1,83,34,0.0,0.0,0,0,2
No Tactical,2,42,train,strong,player_win,-10.0,5,100.0,5,Expert,0.11598222130000553,0.05,1,85,35,0.0,0.0,0,0,2
No Tactical,2,43,train,strong,player_win,-10.0,5,100.0,5,Expert,0.11018311023500525,0.05,1,87,35,0.0,0.0,0,0,2
No Tactical,2,44,train,strong,player_win,-10.0,5,100.0,5,Expert,0.10467395472325498,0.05,1,89,36,0.0,0.0,0,0,2
No Tactical,2,45,train,strong,player_win,-10.0,5,100.0,5,Expert,0.09944025698709223,0.05,1,91,37,0.0,0.0,0,0,2
No Tactical,2,46,train,strong,player_win,-10.0,5,100.0,5,Expert,0.09446824413773762,0.05,1,93,38,0.0,0.0,0,0,2
No Tactical,2,47,train,strong,player_win,-10.0,5,100.0,5,Expert,0.08974483193085074,0.05,1,95,38,0.0,0.0,0,1,1
No Tactical,2,48,train,strong,player_win,-10.0,5,100.0,5,Expert,0.0852575903343082,0.05,1,97,38,0.0,0.0,0,0,2
No Tactical,2,49,train,strong,player_win,-10.0,5,100.0,5,Expert,0.08099471081759278,0.05,1,99,39,0.0,0.0,0,0,2
No Tactical,2,50,train,strong,player_win,-10.0,5,100.0,5,Expert,0.07694497527671314,0.05,1,101,40,0.0,0.0,0,0,2
No Tactical,2,51,train,strong,player_win,-10.0,5,100.0,5,Expert,0.07309772651287748,0.05,1,103,41,0.0,0.0,0,0,2
No Tactical,2,52,train,strong,player_win,-10.0,5,100.0,5,Expert,0.0694428401872336,0.05,1,105,42,0.0,0.0,0,0,2
No Tactical,2,53,train,strong,player_win,-10.0,5,100.0,5,Expert,0.0659706981778719,0.05,1,107,43,0.0,0.0,0,0,2
No Tactical,2,54,train,strong,player_win,-10.0,5,100.0,5,Expert,0.0626721632689783,0.05,1,109,44,0.0,0.0,0,0,2
No Tactical,2,55,train,strong,player_win,-10.0,5,100.0,5,Expert,0.059538555105529384,0.05,1,111,45,0.0,0.0,0,1,1
No Tactical,2,56,train,strong,player_win,-10.0,5,100.0,5,Expert,0.05656162735025291,0.05,1,113,46,0.0,0.0,0,0,2
No Tactical,2,57,train,strong,player_win,-10.0,5,100.0,5,Expert,0.053733545982740265,0.05,1,115,46,0.0,0.0,0,0,2
No Tactical,2,58,train,strong,player_win,-10.0,5,100.0,5,Expert,0.05104686868360325,0.05,1,117,47,0.0,0.0,0,0,2
No Tactical,2,59,train,strong,player_win,-10.0,5,100.0,5,Expert,0.05,0.05,1,119,48,0.0,0.0,0,0,2
No Tactical,2,60,train,strong,player_win,-10.0,5,100.0,5,Expert,0.05,0.05,1,121,48,0.0,0.0,0,0,2
No Tactical,2,61,train,strong,player_win,-10.0,5,100.0,5,Expert,0.05,0.05,1,123,49,0.0,0.0,0,0,2
No Tactical,2,62,train,strong,player_win,-10.0,5,100.0,5,Expert,0.05,0.05,1,125,49,0.0,0.0,0,0,2
No Tactical,2,63,train,strong,player_win,-10.0,5,100.0,5,Expert,0.05,0.05,1,127,49,0.0,0.0,0,0,2
No Tactical,2,64,train,strong,player_win,-10.0,5,100.0,5,Expert,0.05,0.05,1,129,50,0.0,0.0,0,0,2
No Tactical,2,65,train,strong,player_win,-10.0,5,100.0,5,Expert,0.05,0.05,1,131,51,0.0,0.0,0,0,2
No Tactical,2,66,train,strong,player_win,-10.0,5,100.0,5,Expert,0.05,0.05,1,133,52,0.0,0.0,0,0,2
No Tactical,2,67,train,strong,player_win,-10.0,5,100.0,5,Expert,0.05,0.05,1,135,53,0.0,0.0,0,0,2
No Tactical,2,68,train,strong,player_win,-10.0,5,100.0,5,Expert,0.05,0.05,1,137,53,0.0,0.0,0,0,2
No Tactical,2,69,train,strong,player_win,-10.0,5,100.0,5,Expert,0.05,0.05,1,139,53,0.0,0.0,0,0,2
No Tactical,2,70,train,strong,player_win,-10.0,5,100.0,5,Expert,0.05,0.05,1,141,53,0.0,0.0,0,1,1
No Tactical,2,71,train,strong,player_win,-10.0,5,100.0,5,Expert,0.05,0.05,1,143,54,0.0,0.0,0,0,2
No Tactical,2,72,train,strong,player_win,-10.0,5,100.0,5,Expert,0.05,0.05,1,145,55,0.0,0.0,0,0,2
No Tactical,2,73,train,strong,player_win,-10.0,7,100.0,5,Expert,0.05,0.05,1,148,57,0.0,0.0,0,0,3
No Tactical,2,74,train,strong,player_win,-10.0,5,100.0,5,Expert,0.05,0.05,1,150,57,0.0,0.0,0,0,2
No Tactical,2,75,train,strong,player_win,-10.0,5,100.0,5,Expert,0.05,0.05,1,152,57,0.0,0.0,0,0,2
No Tactical,2,76,train,strong,player_win,-10.0,5,100.0,5,Expert,0.05,0.05,1,154,57,0.0,0.0,0,0,2
No Tactical,2,77,train,strong,player_win,-10.0,5,100.0,5,Expert,0.05,0.05,1,156,57,0.0,0.0,0,0,2
No Tactical,2,78,train,strong,player_win,-10.0,5,100.0,5,Expert,0.05,0.05,1,158,58,0.0,0.0,0,0,2
No Tactical,2,79,train,strong,player_win,-10.0,5,100.0,5,Expert,0.05,0.05,1,160,59,0.0,0.0,0,0,2
No Tactical,2,80,train,strong,player_win,-10.0,5,100.0,5,Expert,0.05,0.05,1,162,60,0.0,0.0,0,0,2
No Tactical,2,81,train,strong,player_win,-10.0,5,100.0,5,Expert,0.05,0.05,1,164,61,0.0,0.0,0,0,2
No Tactical,2,82,train,strong,player_win,-10.0,5,100.0,5,Expert,0.05,0.05,1,166,61,0.0,0.0,0,0,2
No Tactical,2,83,train,strong,player_win,-10.0,5,100.0,5,Expert,0.05,0.05,1,168,62,0.0,0.0,0,0,2
No Tactical,2,84,train,strong,player_win,-10.0,5,100.0,5,Expert,0.05,0.05,1,170,62,0.0,0.0,0,0,2
No Tactical,2,85,train,strong,player_win,-10.0,5,100.0,5,Expert,0.05,0.05,1,172,62,0.0,0.0,0,0,2
No Tactical,2,86,train,strong,player_win,-10.0,5,100.0,5,Expert,0.05,0.05,1,174,62,0.0,0.0,0,0,2
No Tactical,2,87,train,strong,player_win,-10.0,5,100.0,5,Expert,0.05,0.05,1,176,63,0.0,0.0,0,0,2
No Tactical,2,88,train,strong,player_win,-10.0,5,100.0,5,Expert,0.05,0.05,1,178,63,0.0,0.0,0,0,2
No Tactical,2,89,train,strong,player_win,-10.0,5,100.0,5,Expert,0.05,0.05,1,180,63,0.0,0.0,0,0,2
No Tactical,2,90,train,strong,player_win,-10.0,5,100.0,5,Expert,0.05,0.05,1,182,63,0.0,0.0,0,0,2
No Tactical,2,91,train,strong,player_win,-10.0,5,100.0,5,Expert,0.05,0.05,1,184,63,0.0,0.0,0,0,2
No Tactical,2,92,train,strong,player_win,-10.0,5,100.0,5,Expert,0.05,0.05,1,186,64,0.0,0.0,0,0,2
No Tactical,2,93,train,strong,player_win,-10.0,5,100.0,5,Expert,0.05,0.05,1,188,65,0.0,0.0,0,0,2
No Tactical,2,94,train,strong,player_win,-10.0,5,100.0,5,Expert,0.05,0.05,1,190,65,0.0,0.0,0,0,2
No Tactical,2,95,train,strong,player_win,-10.0,5,100.0,5,Expert,0.05,0.05,1,192,66,0.0,0.0,0,0,2
No Tactical,2,96,train,strong,player_win,-10.0,5,100.0,5,Expert,0.05,0.05,1,194,66,0.0,0.0,0,0,2
No Tactical,2,97,train,strong,player_win,-10.0,5,100.0,5,Expert,0.05,0.05,1,196,66,0.0,0.0,0,0,2
No Tactical,2,98,train,strong,player_win,-10.0,5,100.0,5,Expert,0.05,0.05,1,198,66,0.0,0.0,0,0,2
No Tactical,2,99,train,strong,player_win,-10.0,5,100.0,5,Expert,0.05,0.05,1,200,66,0.0,0.0,0,0,2
No Tactical,2,100,train,strong,player_win,-10.0,5,100.0,5,Expert,0.05,0.05,1,202,66,0.0,0.0,0,0,2
No Tactical,2,101,train,strong,player_win,-10.0,5,100.0,5,Expert,0.05,0.05,1,204,66,0.0,0.0,0,0,2
No Tactical,2,102,train,strong,player_win,-10.0,5,100.0,5,Expert,0.05,0.05,1,206,66,0.0,0.0,0,0,2
No Tactical,2,103,train,strong,player_win,-10.0,5,100.0,5,Expert,0.05,0.05,1,208,66,0.0,0.0,0,1,1
No Tactical,2,104,train,strong,player_win,-10.0,5,100.0,5,Expert,0.05,0.05,1,210,66,0.0,0.0,0,0,2
No Tactical,2,105,train,strong,player_win,-10.0,5,100.0,5,Expert,0.05,0.05,1,212,66,0.0,0.0,0,0,2
No Tactical,2,106,train,strong,player_win,-10.0,5,100.0,5,Expert,0.05,0.05,1,214,66,0.0,0.0,0,0,2
No Tactical,2,107,train,strong,player_win,-10.0,5,100.0,5,Expert,0.05,0.05,1,216,67,0.0,0.0,0,0,2
No Tactical,2,108,train,strong,player_win,-10.0,5,100.0,5,Expert,0.05,0.05,1,218,68,0.0,0.0,0,0,2
No Tactical,2,109,train,strong,player_win,-10.0,5,100.0,5,Expert,0.05,0.05,1,220,68,0.0,0.0,0,0,2
No Tactical,2,110,train,strong,player_win,-10.0,5,100.0,5,Expert,0.05,0.05,1,222,68,0.0,0.0,0,0,2
No Tactical,2,111,train,strong,player_win,-10.0,5,100.0,5,Expert,0.05,0.05,1,224,68,0.0,0.0,0,0,2
No Tactical,2,112,train,strong,player_win,-10.0,5,100.0,5,Expert,0.05,0.05,1,226,69,0.0,0.0,0,0,2
No Tactical,2,113,train,strong,player_win,-10.0,5,100.0,5,Expert,0.05,0.05,1,228,69,0.0,0.0,0,0,2
No Tactical,2,114,train,strong,player_win,-10.0,5,100.0,5,Expert,0.05,0.05,1,230,69,0.0,0.0,0,0,2
No Tactical,2,115,train,strong,player_win,-10.0,5,100.0,5,Expert,0.05,0.05,1,232,69,0.0,0.0,0,0,2
No Tactical,2,116,train,strong,player_win,-10.0,5,100.0,5,Expert,0.05,0.05,1,234,70,0.0,0.0,0,0,2
No Tactical,2,117,train,strong,player_win,-10.0,5,100.0,5,Expert,0.05,0.05,1,236,70,0.0,0.0,0,0,2
No Tactical,2,118,train,strong,player_win,-10.0,5,100.0,5,Expert,0.05,0.05,1,238,70,0.0,0.0,0,0,2
No Tactical,2,119,train,strong,player_win,-10.0,5,100.0,5,Expert,0.05,0.05,1,240,70,0.0,0.0,0,1,1
No Tactical,2,120,train,strong,player_win,-10.0,5,100.0,5,Expert,0.05,0.05,1,242,71,0.0,0.0,0,0,2
No Tactical,2,121,train,strong,player_win,-10.0,5,100.0,5,Expert,0.05,0.05,1,244,71,0.0,0.0,0,0,2
No Tactical,2,122,train,strong,player_win,-10.0,5,100.0,5,Expert,0.05,0.05,1,246,71,0.0,0.0,0,0,2
No Tactical,2,123,train,strong,player_win,-10.0,5,100.0,5,Expert,0.05,0.05,1,248,72,0.0,0.0,0,0,2
No Tactical,2,124,train,strong,player_win,-10.0,5,100.0,5,Expert,0.05,0.05,1,250,72,0.0,0.0,0,0,2
No Tactical,2,125,train,strong,player_win,-10.0,5,100.0,5,Expert,0.05,0.05,1,252,72,0.0,0.0,0,0,2
No Tactical,2,126,train,strong,player_win,-10.0,5,100.0,5,Expert,0.05,0.05,1,254,73,0.0,0.0,0,0,2
No Tactical,2,127,train,strong,player_win,-10.0,5,100.0,5,Expert,0.05,0.05,1,256,73,0.0,0.0,0,0,2
No Tactical,2,128,train,strong,player_win,-10.0,5,100.0,5,Expert,0.05,0.05,1,258,73,0.0,0.0,0,0,2
No Tactical,2,129,train,strong,player_win,-10.0,5,100.0,5,Expert,0.05,0.05,1,260,74,0.0,0.0,0,0,2
No Tactical,2,130,train,strong,player_win,-10.0,5,100.0,5,Expert,0.05,0.05,1,262,74,0.0,0.0,0,0,2
No Tactical,2,131,train,strong,player_win,-10.0,5,100.0,5,Expert,0.05,0.05,1,264,74,0.0,0.0,0,0,2
No Tactical,2,132,train,strong,player_win,-10.0,5,100.0,5,Expert,0.05,0.05,1,266,74,0.0,0.0,0,0,2
No Tactical,2,133,train,strong,player_win,-10.0,5,100.0,5,Expert,0.05,0.05,1,268,75,0.0,0.0,0,0,2
No Tactical,2,134,train,strong,player_win,-10.0,5,100.0,5,Expert,0.05,0.05,1,270,75,0.0,0.0,0,0,2
No Tactical,2,135,train,strong,player_win,-10.0,5,100.0,5,Expert,0.05,0.05,1,272,75,0.0,0.0,0,0,2
No Tactical,2,136,train,strong,player_win,-10.0,5,100.0,5,Expert,0.05,0.05,1,274,76,0.0,0.0,0,0,2
No Tactical,2,137,train,strong,player_win,-10.0,5,100.0,5,Expert,0.05,0.05,1,276,76,0.0,0.0,0,0,2
No Tactical,2,138,train,strong,player_win,-10.0,5,100.0,5,Expert,0.05,0.05,1,278,76,0.0,0.0,0,0,2
No Tactical,2,139,train,strong,player_win,-10.0,5,100.0,5,Expert,0.05,0.05,1,280,77,0.0,0.0,0,0,2
No Tactical,2,140,train,strong,player_win,-10.0,5,100.0,5,Expert,0.05,0.05,1,282,77,0.0,0.0,0,0,2
No Tactical,2,141,train,strong,player_win,-10.0,5,100.0,5,Expert,0.05,0.05,1,284,77,0.0,0.0,0,0,2
No Tactical,2,142,train,strong,player_win,-10.0,5,100.0,5,Expert,0.05,0.05,1,286,77,0.0,0.0,0,0,2
No Tactical,2,143,train,strong,player_win,-10.0,5,100.0,5,Expert,0.05,0.05,1,288,77,0.0,0.0,0,0,2
No Tactical,2,144,train,strong,player_win,-10.0,5,100.0,5,Expert,0.05,0.05,1,290,77,0.0,0.0,0,0,2
No Tactical,2,145,train,strong,player_win,-10.0,5,100.0,5,Expert,0.05,0.05,1,292,77,0.0,0.0,0,0,2
No Tactical,2,146,train,strong,player_win,-10.0,5,100.0,5,Expert,0.05,0.05,1,294,77,0.0,0.0,0,0,2
No Tactical,2,147,train,strong,player_win,-10.0,5,100.0,5,Expert,0.05,0.05,1,296,77,0.0,0.0,0,0,2
No Tactical,2,148,train,strong,player_win,-10.0,5,100.0,5,Expert,0.05,0.05,1,298,77,0.0,0.0,0,1,1
No Tactical,2,149,train,strong,player_win,-10.0,5,100.0,5,Expert,0.05,0.05,1,300,77,0.0,0.0,0,0,2
No Tactical,2,150,train,strong,player_win,-10.0,5,100.0,5,Expert,0.05,0.05,1,302,77,0.0,0.0,0,0,2
No Tactical,2,151,train,strong,player_win,-10.0,5,100.0,5,Expert,0.05,0.05,1,304,77,0.0,0.0,0,0,2
No Tactical,2,152,train,strong,player_win,-10.0,5,100.0,5,Expert,0.05,0.05,1,306,77,0.0,0.0,0,0,2
No Tactical,2,153,train,strong,player_win,-10.0,5,100.0,5,Expert,0.05,0.05,1,308,77,0.0,0.0,0,0,2
No Tactical,2,154,train,strong,player_win,-10.0,5,100.0,5,Expert,0.05,0.05,1,310,77,0.0,0.0,0,0,2
No Tactical,2,155,train,strong,player_win,-10.0,5,100.0,5,Expert,0.05,0.05,1,312,77,0.0,0.0,0,0,2
No Tactical,2,156,train,strong,player_win,-10.0,5,100.0,5,Expert,0.05,0.05,1,314,77,0.0,0.0,0,0,2
No Tactical,2,157,train,strong,player_win,-10.0,5,100.0,5,Expert,0.05,0.05,1,316,77,0.0,0.0,0,0,2
No Tactical,2,158,train,strong,player_win,-10.0,5,100.0,5,Expert,0.05,0.05,1,318,77,0.0,0.0,0,0,2
No Tactical,2,159,train,strong,player_win,-10.0,5,100.0,5,Expert,0.05,0.05,1,320,77,0.0,0.0,0,0,2
No Tactical,2,160,train,strong,player_win,-10.0,5,100.0,5,Expert,0.05,0.05,1,322,77,0.0,0.0,0,0,2
No Tactical,2,161,train,strong,player_win,-10.0,5,100.0,5,Expert,0.05,0.05,1,324,77,0.0,0.0,0,0,2
No Tactical,2,162,train,strong,player_win,-10.0,5,100.0,5,Expert,0.05,0.05,1,326,77,0.0,0.0,0,0,2
No Tactical,2,163,train,strong,player_win,-10.0,5,100.0,5,Expert,0.05,0.05,1,328,77,0.0,0.0,0,0,2
No Tactical,2,164,train,strong,player_win,-10.0,5,100.0,5,Expert,0.05,0.05,1,330,77,0.0,0.0,0,0,2
No Tactical,2,165,train,strong,player_win,-10.0,5,100.0,5,Expert,0.05,0.05,1,332,77,0.0,0.0,0,0,2
No Tactical,2,166,train,strong,player_win,-10.0,5,100.0,5,Expert,0.05,0.05,1,334,78,0.0,0.0,0,0,2
No Tactical,2,167,train,strong,player_win,-10.0,5,100.0,5,Expert,0.05,0.05,1,336,78,0.0,0.0,0,1,1
No Tactical,2,168,train,strong,player_win,-10.0,5,100.0,5,Expert,0.05,0.05,1,338,78,0.0,0.0,0,0,2
No Tactical,2,169,train,strong,player_win,-10.0,5,100.0,5,Expert,0.05,0.05,1,340,79,0.0,0.0,0,0,2
No Tactical,2,170,train,strong,player_win,-10.0,5,100.0,5,Expert,0.05,0.05,1,342,79,0.0,0.0,0,0,2
No Tactical,2,171,train,strong,player_win,-10.0,5,100.0,5,Expert,0.05,0.05,1,344,79,0.0,0.0,0,0,2
No Tactical,2,172,train,strong,player_win,-10.0,5,100.0,5,Expert,0.05,0.05,1,346,79,0.0,0.0,0,0,2
No Tactical,2,173,train,strong,player_win,-10.0,5,100.0,5,Expert,0.05,0.05,1,348,79,0.0,0.0,0,0,2
No Tactical,2,174,train,strong,player_win,-10.0,5,100.0,5,Expert,0.05,0.05,1,350,79,0.0,0.0,0,0,2
No Tactical,2,175,train,strong,player_win,-10.0,5,100.0,5,Expert,0.05,0.05,1,352,79,0.0,0.0,0,0,2
No Tactical,2,176,train,strong,player_win,-10.0,5,100.0,5,Expert,0.05,0.05,1,354,80,0.0,0.0,0,0,2
No Tactical,2,177,train,strong,player_win,-10.0,5,100.0,5,Expert,0.05,0.05,1,356,80,0.0,0.0,0,0,2
No Tactical,2,178,train,strong,player_win,-10.0,5,100.0,5,Expert,0.05,0.05,1,358,80,0.0,0.0,0,0,2
No Tactical,2,179,train,strong,player_win,-10.0,5,100.0,5,Expert,0.05,0.05,1,360,80,0.0,0.0,0,0,2
No Tactical,2,180,train,strong,player_win,-10.0,5,100.0,5,Expert,0.05,0.05,1,362,80,0.0,0.0,0,0,2
No Tactical,2,181,train,strong,player_win,-10.0,5,100.0,5,Expert,0.05,0.05,1,364,80,0.0,0.0,0,0,2
No Tactical,2,182,train,strong,player_win,-10.0,5,100.0,5,Expert,0.05,0.05,1,366,80,0.0,0.0,0,0,2
No Tactical,2,183,train,strong,player_win,-10.0,5,100.0,5,Expert,0.05,0.05,1,368,81,0.0,0.0,0,0,2
No Tactical,2,184,train,strong,player_win,-10.0,5,100.0,5,Expert,0.05,0.05,1,370,81,0.0,0.0,0,0,2
No Tactical,2,185,train,strong,player_win,-10.0,5,100.0,5,Expert,0.05,0.05,1,372,82,0.0,0.0,0,0,2
No Tactical,2,186,train,strong,player_win,-10.0,5,100.0,5,Expert,0.05,0.05,1,374,82,0.0,0.0,0,0,2
No Tactical,2,187,train,strong,player_win,-10.0,5,100.0,5,Expert,0.05,0.05,1,376,82,0.0,0.0,0,0,2
No Tactical,2,188,train,strong,player_win,-10.0,5,100.0,5,Expert,0.05,0.05,1,378,83,0.0,0.0,0,0,2
No Tactical,2,189,train,strong,player_win,-10.0,5,100.0,5,Expert,0.05,0.05,1,380,83,0.0,0.0,0,1,1
No Tactical,2,190,train,strong,player_win,-10.0,7,100.0,5,Expert,0.05,0.05,1,383,84,0.0,0.0,0,0,3
No Tactical,2,191,train,strong,player_win,-10.0,5,100.0,5,Expert,0.05,0.05,1,385,84,0.0,0.0,0,0,2
No Tactical,2,192,train,strong,player_win,-10.0,5,100.0,5,Expert,0.05,0.05,1,387,84,0.0,0.0,0,0,2
No Tactical,2,193,train,strong,player_win,-10.0,5,100.0,5,Expert,0.05,0.05,1,389,84,0.0,0.0,0,0,2
No Tactical,2,194,train,strong,player_win,-10.0,5,100.0,5,Expert,0.05,0.05,1,391,84,0.0,0.0,0,0,2
No Tactical,2,195,train,strong,player_win,-10.0,5,100.0,5,Expert,0.05,0.05,1,393,84,0.0,0.0,0,0,2
No Tactical,2,196,train,strong,player_win,-10.0,5,100.0,5,Expert,0.05,0.05,1,395,84,0.0,0.0,0,0,2
No Tactical,2,197,train,strong,player_win,-10.0,5,100.0,5,Expert,0.05,0.05,1,397,84,0.0,0.0,0,0,2
No Tactical,2,198,train,strong,player_win,-10.0,5,100.0,5,Expert,0.05,0.05,1,399,84,0.0,0.0,0,0,2
No Tactical,2,199,train,strong,player_win,-10.0,5,100.0,5,Expert,0.05,0.05,1,401,84,0.0,0.0,0,0,2
No Tactical,2,200,train,strong,player_win,-10.0,5,100.0,5,Expert,0.05,0.05,1,403,84,0.0,0.0,0,0,2
No Tactical,2,201,train,strong,player_win,-10.0,5,100.0,5,Expert,0.05,0.05,1,405,84,0.0,0.0,0,0,2
No Tactical,2,202,train,strong,player_win,-10.0,5,100.0,5,Expert,0.05,0.05,1,407,84,0.0,0.0,0,0,2
No Tactical,2,203,train,strong,player_win,-10.0,5,100.0,5,Expert,0.05,0.05,1,409,84,0.0,0.0,0,0,2
No Tactical,2,204,train,strong,player_win,-10.0,5,100.0,5,Expert,0.05,0.05,1,411,84,0.0,0.0,0,0,2
No Tactical,2,205,train,strong,player_win,-10.0,5,100.0,5,Expert,0.05,0.05,1,413,84,0.0,0.0,0,0,2
No Tactical,2,206,train,strong,player_win,-10.0,5,100.0,5,Expert,0.05,0.05,1,415,84,0.0,0.0,0,0,2
No Tactical,2,207,train,strong,player_win,-10.0,5,100.0,5,Expert,0.05,0.05,1,417,84,0.0,0.0,0,0,2
No Tactical,2,208,train,strong,player_win,-10.0,5,100.0,5,Expert,0.05,0.05,1,419,85,0.0,0.0,0,0,2
No Tactical,2,209,train,strong,player_win,-10.0,5,100.0,5,Expert,0.05,0.05,1,421,85,0.0,0.0,0,0,2
No Tactical,2,210,train,strong,player_win,-10.0,5,100.0,5,Expert,0.05,0.05,1,423,85,0.0,0.0,0,0,2
No Tactical,2,211,train,strong,player_win,-10.0,5,100.0,5,Expert,0.05,0.05,1,425,85,0.0,0.0,0,0,2
No Tactical,2,212,train,strong,player_win,-10.0,5,100.0,5,Expert,0.05,0.05,1,427,85,0.0,0.0,0,0,2
No Tactical,2,213,train,strong,player_win,-10.0,5,100.0,5,Expert,0.05,0.05,1,429,85,0.0,0.0,0,0,2
No Tactical,2,214,train,strong,player_win,-10.0,5,100.0,5,Expert,0.05,0.05,1,431,85,0.0,0.0,0,0,2
No Tactical,2,215,train,strong,player_win,-10.0,5,100.0,5,Expert,0.05,0.05,1,433,85,0.0,0.0,0,0,2
No Tactical,2,216,train,strong,player_win,-10.0,5,100.0,5,Expert,0.05,0.05,1,435,85,0.0,0.0,0,0,2
No Tactical,2,217,train,strong,player_win,-10.0,5,100.0,5,Expert,0.05,0.05,1,437,85,0.0,0.0,0,0,2
No Tactical,2,218,train,strong,player_win,-10.0,5,100.0,5,Expert,0.05,0.05,1,439,85,0.0,0.0,0,0,2
No Tactical,2,219,train,strong,player_win,-10.0,5,100.0,5,Expert,0.05,0.05,1,441,85,0.0,0.0,0,0,2
No Tactical,2,220,train,strong,player_win,-10.0,5,100.0,5,Expert,0.05,0.05,1,443,85,0.0,0.0,0,0,2
No Tactical,2,221,train,strong,player_win,-10.0,5,100.0,5,Expert,0.05,0.05,1,445,85,0.0,0.0,0,0,2
No Tactical,2,222,train,strong,player_win,-10.0,5,100.0,5,Expert,0.05,0.05,1,447,85,0.0,0.0,0,0,2
No Tactical,2,223,train,strong,player_win,-10.0,5,100.0,5,Expert,0.05,0.05,1,449,85,0.0,0.0,0,0,2
No Tactical,2,224,train,strong,player_win,-10.0,5,100.0,5,Expert,0.05,0.05,1,451,85,0.0,0.0,0,0,2
No Tactical,2,225,train,strong,player_win,-10.0,5,100.0,5,Expert,0.05,0.05,1,453,85,0.0,0.0,0,0,2
No Tactical,2,226,train,strong,player_win,-10.0,5,100.0,5,Expert,0.05,0.05,1,455,85,0.0,0.0,0,0,2
No Tactical,2,227,train,strong,player_win,-10.0,5,100.0,5,Expert,0.05,0.05,1,457,85,0.0,0.0,0,0,2
No Tactical,2,228,train,strong,player_win,-10.0,5,100.0,5,Expert,0.05,0.05,1,459,85,0.0,0.0,0,0,2
No Tactical,2,229,train,strong,player_win,-10.0,5,100.0,5,Expert,0.05,0.05,1,461,85,0.0,0.0,0,0,2
No Tactical,2,230,train,strong,player_win,-10.0,5,100.0,5,Expert,0.05,0.05,1,463,85,0.0,0.0,0,0,2
No Tactical,2,231,train,strong,player_win,-10.0,5,100.0,5,Expert,0.05,0.05,1,465,85,0.0,0.0,0,1,1
No Tactical,2,232,train,strong,player_win,-10.0,5,100.0,5,Expert,0.05,0.05,1,467,85,0.0,0.0,0,0,2
No Tactical,2,233,train,strong,player_win,-10.0,5,100.0,5,Expert,0.05,0.05,1,469,85,0.0,0.0,0,0,2
No Tactical,2,234,train,strong,player_win,-10.0,5,100.0,5,Expert,0.05,0.05,1,471,85,0.0,0.0,0,0,2
No Tactical,2,235,train,strong,player_win,-10.0,5,100.0,5,Expert,0.05,0.05,1,473,85,0.0,0.0,0,0,2
No Tactical,2,236,train,strong,player_win,-10.0,5,100.0,5,Expert,0.05,0.05,1,475,85,0.0,0.0,0,0,2
No Tactical,2,237,train,strong,player_win,-10.0,5,100.0,5,Expert,0.05,0.05,1,477,85,0.0,0.0,0,0,2
No Tactical,2,238,train,strong,player_win,-10.0,5,100.0,5,Expert,0.05,0.05,1,479,85,0.0,0.0,0,0,2
No Tactical,2,239,train,strong,player_win,-10.0,5,100.0,5,Expert,0.05,0.05,1,481,85,0.0,0.0,0,0,2
No Tactical,2,240,train,strong,player_win,-10.0,5,100.0,5,Expert,0.05,0.05,1,483,85,0.0,0.0,0,0,2
No Tactical,2,241,train,strong,player_win,-10.0,5,100.0,5,Expert,0.05,0.05,1,485,85,0.0,0.0,0,1,1
No Tactical,2,242,train,strong,player_win,-10.0,5,100.0,5,Expert,0.05,0.05,1,487,85,0.0,0.0,0,1,1
No Tactical,2,243,train,strong,player_win,-10.0,5,100.0,5,Expert,0.05,0.05,1,489,85,0.0,0.0,0,0,2
No Tactical,2,244,train,strong,player_win,-10.0,5,100.0,5,Expert,0.05,0.05,1,491,85,0.0,0.0,0,0,2
No Tactical,2,245,train,strong,player_win,-10.0,5,100.0,5,Expert,0.05,0.05,1,493,85,0.0,0.0,0,0,2
No Tactical,2,246,train,strong,player_win,-10.0,5,100.0,5,Expert,0.05,0.05,1,495,85,0.0,0.0,0,1,1
No Tactical,2,247,train,strong,player_win,-10.0,5,100.0,5,Expert,0.05,0.05,1,497,85,0.0,0.0,0,0,2
No Tactical,2,248,train,strong,player_win,-10.0,5,100.0,5,Expert,0.05,0.05,1,499,85,0.0,0.0,0,0,2
No Tactical,2,249,train,strong,player_win,-10.0,5,100.0,5,Expert,0.05,0.05,1,501,85,0.0,0.0,0,0,2
No Tactical,2,250,train,strong,player_win,-10.0,5,100.0,5,Expert,0.05,0.05,1,503,86,0.0,0.0,0,0,2
No Tactical,2,251,train,strong,player_win,-10.0,5,100.0,5,Expert,0.05,0.05,1,505,86,0.0,0.0,0,0,2
No Tactical,2,252,train,strong,player_win,-10.0,5,100.0,5,Expert,0.05,0.05,1,507,86,0.0,0.0,0,0,2
No Tactical,2,253,train,strong,player_win,-10.0,5,100.0,5,Expert,0.05,0.05,1,509,86,0.0,0.0,0,0,2
No Tactical,2,254,train,strong,player_win,-10.0,5,100.0,5,Expert,0.05,0.05,1,511,86,0.0,0.0,0,0,2
No Tactical,2,255,train,strong,player_win,-10.0,5,100.0,5,Expert,0.05,0.05,1,513,86,0.0,0.0,0,0,2
No Tactical,2,256,train,strong,player_win,-10.0,5,100.0,5,Expert,0.05,0.05,1,515,86,0.0,0.0,0,0,2
No Tactical,2,257,train,strong,player_win,-10.0,5,100.0,5,Expert,0.05,0.05,1,517,86,0.0,0.0,0,0,2
No Tactical,2,258,train,strong,player_win,-10.0,5,100.0,5,Expert,0.05,0.05,1,519,86,0.0,0.0,0,0,2
No Tactical,2,259,train,strong,player_win,-10.0,5,100.0,5,Expert,0.05,0.05,1,521,86,0.0,0.0,0,0,2
No Tactical,2,260,train,strong,player_win,-10.0,5,100.0,5,Expert,0.05,0.05,1,523,86,0.0,0.0,0,0,2
No Tactical,2,261,train,strong,player_win,-10.0,5,100.0,5,Expert,0.05,0.05,1,525,86,0.0,0.0,0,0,2
No Tactical,2,262,train,strong,player_win,-10.0,5,100.0,5,Expert,0.05,0.05,1,527,86,0.0,0.0,0,0,2
No Tactical,2,263,train,strong,player_win,-10.0,5,100.0,5,Expert,0.05,0.05,1,529,86,0.0,0.0,0,0,2
No Tactical,2,264,train,strong,player_win,-10.0,5,100.0,5,Expert,0.05,0.05,1,531,86,0.0,0.0,0,0,2
No Tactical,2,265,train,strong,player_win,-10.0,5,100.0,5,Expert,0.05,0.05,1,533,87,0.0,0.0,0,1,1
No Tactical,2,266,train,strong,player_win,-10.0,5,100.0,5,Expert,0.05,0.05,1,535,87,0.0,0.0,0,0,2
No Tactical,2,267,train,strong,player_win,-10.0,5,100.0,5,Expert,0.05,0.05,1,537,87,0.0,0.0,0,0,2
No Tactical,2,268,train,strong,player_win,-10.0,5,100.0,5,Expert,0.05,0.05,1,539,87,0.0,0.0,0,0,2
No Tactical,2,269,train,strong,player_win,-10.0,5,100.0,5,Expert,0.05,0.05,1,541,87,0.0,0.0,0,0,2
No Tactical,2,270,train,strong,player_win,-10.0,5,100.0,5,Expert,0.05,0.05,1,543,88,0.0,0.0,0,0,2
No Tactical,2,271,train,strong,player_win,-10.0,5,100.0,5,Expert,0.05,0.05,1,545,88,0.0,0.0,0,0,2
No Tactical,2,272,train,strong,player_win,-10.0,5,100.0,5,Expert,0.05,0.05,1,547,88,0.0,0.0,0,0,2
No Tactical,2,273,train,strong,player_win,-10.0,5,100.0,5,Expert,0.05,0.05,1,549,88,0.0,0.0,0,0,2
No Tactical,2,274,train,strong,player_win,-10.0,5,100.0,5,Expert,0.05,0.05,1,551,88,0.0,0.0,0,0,2
No Tactical,2,275,train,strong,player_win,-10.0,5,100.0,5,Expert,0.05,0.05,1,553,88,0.0,0.0,0,0,2
No Tactical,2,276,train,strong,player_win,-10.0,5,100.0,5,Expert,0.05,0.05,1,555,88,0.0,0.0,0,0,2
No Tactical,2,277,train,strong,player_win,-10.0,5,100.0,5,Expert,0.05,0.05,1,557,88,0.0,0.0,0,0,2
No Tactical,2,278,train,strong,player_win,-10.0,5,100.0,5,Expert,0.05,0.05,1,559,88,0.0,0.0,0,0,2
No Tactical,2,279,train,strong,player_win,-10.0,5,100.0,5,Expert,0.05,0.05,1,561,88,0.0,0.0,0,0,2
No Tactical,2,280,train,strong,player_win,-10.0,5,100.0,5,Expert,0.05,0.05,1,563,88,0.0,0.0,0,0,2
No Tactical,2,281,train,strong,player_win,-10.0,5,100.0,5,Expert,0.05,0.05,1,565,88,0.0,0.0,0,0,2
No Tactical,2,282,train,strong,player_win,-10.0,5,100.0,5,Expert,0.05,0.05,1,567,88,0.0,0.0,0,1,1
No Tactical,2,283,train,strong,player_win,-10.0,5,100.0,5,Expert,0.05,0.05,1,569,88,0.0,0.0,0,0,2
No Tactical,2,284,train,strong,player_win,-10.0,5,100.0,5,Expert,0.05,0.05,1,571,88,0.0,0.0,0,0,2
No Tactical,2,285,train,strong,player_win,-10.0,5,100.0,5,Expert,0.05,0.05,1,573,88,0.0,0.0,0,0,2
No Tactical,2,286,train,strong,player_win,-10.0,5,100.0,5,Expert,0.05,0.05,1,575,88,0.0,0.0,0,0,2
No Tactical,2,287,train,strong,player_win,-10.0,5,100.0,5,Expert,0.05,0.05,1,577,88,0.0,0.0,0,1,1
No Tactical,2,288,train,strong,player_win,-10.0,5,100.0,5,Expert,0.05,0.05,1,579,88,0.0,0.0,0,0,2
No Tactical,2,289,train,strong,player_win,-10.0,5,100.0,5,Expert,0.05,0.05,1,581,88,0.0,0.0,0,0,2
No Tactical,2,290,train,strong,player_win,-10.0,5,100.0,5,Expert,0.05,0.05,1,583,88,0.0,0.0,0,0,2
No Tactical,2,291,train,strong,player_win,-10.0,5,100.0,5,Expert,0.05,0.05,1,585,88,0.0,0.0,0,0,2
No Tactical,2,292,train,strong,player_win,-10.0,5,100.0,5,Expert,0.05,0.05,1,587,88,0.0,0.0,0,0,2
No Tactical,2,293,train,strong,player_win,-10.0,5,100.0,5,Expert,0.05,0.05,1,589,88,0.0,0.0,0,0,2
No Tactical,2,294,train,strong,player_win,-10.0,5,100.0,5,Expert,0.05,0.05,1,591,88,0.0,0.0,0,0,2
No Tactical,2,295,train,strong,player_win,-10.0,5,100.0,5,Expert,0.05,0.05,1,593,88,0.0,0.0,0,0,2
No Tactical,2,296,train,strong,player_win,-10.0,5,100.0,5,Expert,0.05,0.05,1,595,88,0.0,0.0,0,0,2
No Tactical,2,297,train,strong,player_win,-10.0,5,100.0,5,Expert,0.05,0.05,1,597,88,0.0,0.0,0,0,2
No Tactical,2,298,train,strong,player_win,-10.0,5,100.0,5,Expert,0.05,0.05,1,599,88,0.0,0.0,0,1,1
No Tactical,2,299,train,strong,player_win,-10.0,5,100.0,5,Expert,0.05,0.05,1,601,88,0.0,0.0,0,0,2
No Tactical,2,300,train,strong,player_win,-10.0,5,100.0,5,Expert,0.05,0.05,1,603,88,0.0,0.0,0,0,2
No Tactical,2,301,train,strong,player_win,-10.0,5,100.0,5,Expert,0.05,0.05,1,605,88,0.0,0.0,0,1,1
No Tactical,2,302,train,strong,player_win,-10.0,5,100.0,5,Expert,0.05,0.05,1,607,88,0.0,0.0,0,0,2
No Tactical,2,303,train,strong,player_win,-10.0,5,100.0,5,Expert,0.05,0.05,1,609,88,0.0,0.0,0,1,1
No Tactical,2,304,train,strong,player_win,-10.0,5,100.0,5,Expert,0.05,0.05,1,611,88,0.0,0.0,0,0,2
No Tactical,2,305,train,strong,player_win,-10.0,5,100.0,5,Expert,0.05,0.05,1,613,88,0.0,0.0,0,0,2
No Tactical,2,306,train,strong,player_win,-10.0,5,100.0,5,Expert,0.05,0.05,1,615,88,0.0,0.0,0,0,2
No Tactical,2,307,train,strong,player_win,-10.0,5,100.0,5,Expert,0.05,0.05,1,617,88,0.0,0.0,0,0,2
No Tactical,2,308,train,strong,player_win,-10.0,5,100.0,5,Expert,0.05,0.05,1,619,88,0.0,0.0,0,0,2
No Tactical,2,309,train,strong,player_win,-10.0,5,100.0,5,Expert,0.05,0.05,1,621,88,0.0,0.0,0,0,2
No Tactical,2,310,train,strong,player_win,-10.0,5,100.0,5,Expert,0.05,0.05,1,623,88,0.0,0.0,0,0,2
No Tactical,2,311,train,strong,player_win,-10.0,5,100.0,5,Expert,0.05,0.05,1,625,88,0.0,0.0,0,0,2
No Tactical,2,312,train,strong,player_win,-10.0,5,100.0,5,Expert,0.05,0.05,1,627,88,0.0,0.0,0,0,2
No Tactical,2,313,train,strong,player_win,-10.0,5,100.0,5,Expert,0.05,0.05,1,629,88,0.0,0.0,0,0,2
No Tactical,2,314,train,strong,player_win,-10.0,5,100.0,5,Expert,0.05,0.05,1,631,88,0.0,0.0,0,0,2
No Tactical,2,315,train,strong,player_win,-10.0,5,100.0,5,Expert,0.05,0.05,1,633,88,0.0,0.0,0,0,2
No Tactical,2,316,train,strong,player_win,-10.0,5,100.0,5,Expert,0.05,0.05,1,635,88,0.0,0.0,0,0,2
No Tactical,2,317,train,strong,player_win,-10.0,5,100.0,5,Expert,0.05,0.05,1,637,88,0.0,0.0,0,0,2
No Tactical,2,318,train,strong,player_win,-10.0,5,100.0,5,Expert,0.05,0.05,1,639,88,0.0,0.0,0,1,1
No Tactical,2,319,train,strong,player_win,-10.0,5,100.0,5,Expert,0.05,0.05,1,641,88,0.0,0.0,0,0,2
No Tactical,2,320,train,strong,player_win,-10.0,5,100.0,5,Expert,0.05,0.05,1,643,88,0.0,0.0,0,0,2
No Tactical,2,321,train,strong,player_win,-10.0,5,100.0,5,Expert,0.05,0.05,1,645,88,0.0,0.0,0,0,2
No Tactical,2,322,train,strong,player_win,-10.0,5,100.0,5,Expert,0.05,0.05,1,647,88,0.0,0.0,0,1,1
No Tactical,2,323,train,strong,player_win,-10.0,5,100.0,5,Expert,0.05,0.05,1,649,88,0.0,0.0,0,0,2
No Tactical,2,324,train,strong,player_win,-10.0,5,100.0,5,Expert,0.05,0.05,1,651,88,0.0,0.0,0,0,2
No Tactical,2,325,train,strong,player_win,-10.0,5,100.0,5,Expert,0.05,0.05,1,653,88,0.0,0.0,0,0,2
No Tactical,2,326,train,strong,player_win,-10.0,5,100.0,5,Expert,0.05,0.05,1,655,88,0.0,0.0,0,0,2
No Tactical,2,327,train,strong,player_win,-10.0,5,100.0,5,Expert,0.05,0.05,1,657,88,0.0,0.0,0,0,2
No Tactical,2,328,train,strong,player_win,-10.0,5,100.0,5,Expert,0.05,0.05,1,659,88,0.0,0.0,0,0,2
No Tactical,2,329,train,strong,player_win,-10.0,5,100.0,5,Expert,0.05,0.05,1,661,88,0.0,0.0,0,0,2
No Tactical,2,330,train,strong,player_win,-10.0,5,100.0,5,Expert,0.05,0.05,1,663,88,0.0,0.0,0,0,2
No Tactical,2,331,train,strong,player_win,-10.0,5,100.0,5,Expert,0.05,0.05,1,665,88,0.0,0.0,0,0,2
No Tactical,2,332,train,strong,player_win,-10.0,5,100.0,5,Expert,0.05,0.05,1,667,88,0.0,0.0,0,0,2
No Tactical,2,333,train,strong,player_win,-10.0,5,100.0,5,Expert,0.05,0.05,1,669,88,0.0,0.0,0,0,2
No Tactical,2,334,train,strong,player_win,-10.0,5,100.0,5,Expert,0.05,0.05,1,671,88,0.0,0.0,0,0,2
No Tactical,2,335,train,strong,player_win,-10.0,5,100.0,5,Expert,0.05,0.05,1,673,88,0.0,0.0,0,0,2
No Tactical,2,336,train,strong,player_win,-10.0,5,100.0,5,Expert,0.05,0.05,1,675,88,0.0,0.0,0,0,2
No Tactical,2,337,train,strong,player_win,-10.0,5,100.0,5,Expert,0.05,0.05,1,677,88,0.0,0.0,0,0,2
No Tactical,2,338,train,strong,player_win,-10.0,5,100.0,5,Expert,0.05,0.05,1,679,88,0.0,0.0,0,0,2
No Tactical,2,339,train,strong,player_win,-10.0,5,100.0,5,Expert,0.05,0.05,1,681,88,0.0,0.0,0,0,2
No Tactical,2,340,train,strong,player_win,-10.0,5,100.0,5,Expert,0.05,0.05,1,683,88,0.0,0.0,0,0,2
No Tactical,2,341,train,strong,player_win,-10.0,5,100.0,5,Expert,0.05,0.05,1,685,88,0.0,0.0,0,0,2
No Tactical,2,342,train,strong,player_win,-10.0,5,100.0,5,Expert,0.05,0.05,1,687,88,0.0,0.0,0,0,2
No Tactical,2,343,train,strong,player_win,-10.0,5,100.0,5,Expert,0.05,0.05,1,689,88,0.0,0.0,0,0,2
No Tactical,2,344,train,strong,player_win,-10.0,5,100.0,5,Expert,0.05,0.05,1,691,88,0.0,0.0,0,1,1
No Tactical,2,345,train,strong,player_win,-10.0,5,100.0,5,Expert,0.05,0.05,1,693,88,0.0,0.0,0,0,2
No Tactical,2,346,train,strong,player_win,-10.0,5,100.0,5,Expert,0.05,0.05,1,695,88,0.0,0.0,0,1,1
No Tactical,2,347,train,strong,player_win,-10.0,5,100.0,5,Expert,0.05,0.05,1,697,88,0.0,0.0,0,0,2
No Tactical,2,348,train,strong,player_win,-10.0,5,100.0,5,Expert,0.05,0.05,1,699,88,0.0,0.0,0,0,2
No Tactical,2,349,train,strong,player_win,-10.0,5,100.0,5,Expert,0.05,0.05,1,701,88,0.0,0.0,0,0,2
No Tactical,2,350,train,strong,player_win,-10.0,5,100.0,5,Expert,0.05,0.05,1,703,88,0.0,0.0,0,1,1
No Tactical,2,351,train,strong,player_win,-10.0,5,100.0,5,Expert,0.05,0.05,1,705,89,0.0,0.0,0,1,1
No Tactical,2,352,train,strong,player_win,-10.0,5,100.0,5,Expert,0.05,0.05,1,707,89,0.0,0.0,0,0,2
No Tactical,2,353,train,strong,player_win,-10.0,5,100.0,5,Expert,0.05,0.05,1,709,89,0.0,0.0,0,0,2
No Tactical,2,354,train,strong,player_win,-10.0,5,100.0,5,Expert,0.05,0.05,1,711,89,0.0,0.0,0,0,2
No Tactical,2,355,train,strong,player_win,-10.0,5,100.0,5,Expert,0.05,0.05,1,713,89,0.0,0.0,0,0,2
No Tactical,2,356,train,strong,player_win,-10.0,5,100.0,5,Expert,0.05,0.05,1,715,89,0.0,0.0,0,0,2
No Tactical,2,357,train,strong,player_win,-10.0,5,100.0,5,Expert,0.05,0.05,1,717,89,0.0,0.0,0,0,2
No Tactical,2,358,train,strong,player_win,-10.0,5,100.0,5,Expert,0.05,0.05,1,719,89,0.0,0.0,0,0,2
No Tactical,2,359,train,strong,player_win,-10.0,5,100.0,5,Expert,0.05,0.05,1,721,89,0.0,0.0,0,0,2
No Tactical,2,360,train,strong,player_win,-10.0,5,100.0,5,Expert,0.05,0.05,1,723,89,0.0,0.0,0,0,2
No Tactical,2,361,train,strong,player_win,-10.0,5,100.0,5,Expert,0.05,0.05,1,725,89,0.0,0.0,0,0,2
No Tactical,2,362,train,strong,player_win,-10.0,5,100.0,5,Expert,0.05,0.05,1,727,89,0.0,0.0,0,0,2
No Tactical,2,363,train,strong,player_win,-10.0,5,100.0,5,Expert,0.05,0.05,1,729,89,0.0,0.0,0,0,2
No Tactical,2,364,train,strong,player_win,-10.0,5,100.0,5,Expert,0.05,0.05,1,731,89,0.0,0.0,0,0,2
No Tactical,2,365,train,strong,player_win,-10.0,5,100.0,5,Expert,0.05,0.05,1,733,89,0.0,0.0,0,0,2
No Tactical,2,366,train,strong,player_win,-10.0,5,100.0,5,Expert,0.05,0.05,1,735,89,0.0,0.0,0,0,2
No Tactical,2,367,train,strong,player_win,-10.0,5,100.0,5,Expert,0.05,0.05,1,737,89,0.0,0.0,0,0,2
No Tactical,2,368,train,strong,player_win,-10.0,5,100.0,5,Expert,0.05,0.05,1,739,89,0.0,0.0,0,0,2
No Tactical,2,369,train,strong,player_win,-10.0,5,100.0,5,Expert,0.05,0.05,1,741,89,0.0,0.0,0,0,2
No Tactical,2,370,train,strong,player_win,-10.0,5,100.0,5,Expert,0.05,0.05,1,743,89,0.0,0.0,0,0,2
No Tactical,2,371,train,strong,player_win,-10.0,5,100.0,5,Expert,0.05,0.05,1,745,89,0.0,0.0,0,0,2
No Tactical,2,372,train,strong,player_win,-10.0,5,100.0,5,Expert,0.05,0.05,1,747,89,0.0,0.0,0,0,2
No Tactical,2,373,train,strong,player_win,-10.0,5,100.0,5,Expert,0.05,0.05,1,749,89,0.0,0.0,0,0,2
No Tactical,2,374,train,strong,player_win,-10.0,5,100.0,5,Expert,0.05,0.05,1,751,89,0.0,0.0,0,0,2
No Tactical,2,375,train,strong,player_win,-10.0,5,100.0,5,Expert,0.05,0.05,1,753,89,0.0,0.0,0,0,2
No Tactical,2,376,train,strong,player_win,-10.0,5,100.0,5,Expert,0.05,0.05,1,755,89,0.0,0.0,0,1,1
No Tactical,2,377,train,strong,player_win,-10.0,5,100.0,5,Expert,0.05,0.05,1,757,89,0.0,0.0,0,0,2
No Tactical,2,378,train,strong,player_win,-10.0,5,100.0,5,Expert,0.05,0.05,1,759,89,0.0,0.0,0,0,2
No Tactical,2,379,train,strong,player_win,-10.0,5,100.0,5,Expert,0.05,0.05,1,761,89,0.0,0.0,0,0,2
No Tactical,2,380,train,strong,player_win,-10.0,5,100.0,5,Expert,0.05,0.05,1,763,89,0.0,0.0,0,0,2
No Tactical,2,381,train,strong,player_win,-10.0,5,100.0,5,Expert,0.05,0.05,1,765,89,0.0,0.0,0,0,2
No Tactical,2,382,train,strong,player_win,-10.0,5,100.0,5,Expert,0.05,0.05,1,767,89,0.0,0.0,0,0,2
No Tactical,2,383,train,strong,player_win,-10.0,5,100.0,5,Expert,0.05,0.05,1,769,89,0.0,0.0,0,0,2
No Tactical,2,384,train,strong,player_win,-10.0,5,100.0,5,Expert,0.05,0.05,1,771,89,0.0,0.0,0,0,2
No Tactical,2,385,train,strong,player_win,-10.0,5,100.0,5,Expert,0.05,0.05,1,773,90,0.0,0.0,0,0,2
No Tactical,2,386,train,strong,player_win,-10.0,5,100.0,5,Expert,0.05,0.05,1,775,90,0.0,0.0,0,0,2
No Tactical,2,387,train,strong,player_win,-10.0,5,100.0,5,Expert,0.05,0.05,1,777,90,0.0,0.0,0,0,2
No Tactical,2,388,train,strong,player_win,-10.0,5,100.0,5,Expert,0.05,0.05,1,779,90,0.0,0.0,0,1,1
No Tactical,2,389,train,strong,player_win,-10.0,5,100.0,5,Expert,0.05,0.05,1,781,90,0.0,0.0,0,1,1
No Tactical,2,390,train,strong,player_win,-10.0,5,100.0,5,Expert,0.05,0.05,1,783,90,0.0,0.0,0,1,1
No Tactical,2,391,train,strong,player_win,-10.0,5,100.0,5,Expert,0.05,0.05,1,785,90,0.0,0.0,0,0,2
No Tactical,2,392,train,strong,player_win,-10.0,5,100.0,5,Expert,0.05,0.05,1,787,90,0.0,0.0,0,0,2
No Tactical,2,393,train,strong,player_win,-10.0,5,100.0,5,Expert,0.05,0.05,1,789,90,0.0,0.0,0,0,2
No Tactical,2,394,train,strong,player_win,-10.0,5,100.0,5,Expert,0.05,0.05,1,791,90,0.0,0.0,0,0,2
No Tactical,2,395,train,strong,player_win,-10.0,5,100.0,5,Expert,0.05,0.05,1,793,90,0.0,0.0,0,1,1
No Tactical,2,396,train,strong,player_win,-10.0,5,100.0,5,Expert,0.05,0.05,1,795,90,0.0,0.0,0,0,2
No Tactical,2,397,train,strong,player_win,-10.0,5,100.0,5,Expert,0.05,0.05,1,797,90,0.0,0.0,0,0,2
No Tactical,2,398,train,strong,player_win,-10.0,5,100.0,5,Expert,0.05,0.05,1,799,90,0.0,0.0,0,0,2
No Tactical,2,399,train,strong,player_win,-10.0,5,100.0,5,Expert,0.05,0.05,1,801,90,0.0,0.0,0,0,2
No Tactical,2,400,train,strong,player_win,-10.0,5,100.0,5,Expert,0.05,0.05,1,803,90,0.0,0.0,0,0,2
No Tactical,2,401,train,strong,player_win,-10.0,5,100.0,5,Expert,0.05,0.05,1,805,90,0.0,0.0,0,0,2
No Tactical,2,402,train,strong,player_win,-10.0,5,100.0,5,Expert,0.05,0.05,1,807,90,0.0,0.0,0,0,2
No Tactical,2,403,train,strong,player_win,-10.0,5,100.0,5,Expert,0.05,0.05,1,809,90,0.0,0.0,0,0,2
No Tactical,2,404,train,strong,player_win,-10.0,5,100.0,5,Expert,0.05,0.05,1,811,90,0.0,0.0,0,0,2
No Tactical,2,405,train,strong,player_win,-10.0,5,100.0,5,Expert,0.05,0.05,1,813,90,0.0,0.0,0,0,2
No Tactical,2,406,train,strong,player_win,-10.0,5,100.0,5,Expert,0.05,0.05,1,815,90,0.0,0.0,0,0,2
No Tactical,2,407,train,strong,player_win,-10.0,5,100.0,5,Expert,0.05,0.05,1,817,90,0.0,0.0,0,0,2
No Tactical,2,408,train,strong,player_win,-10.0,5,100.0,5,Expert,0.05,0.05,1,819,90,0.0,0.0,0,0,2
No Tactical,2,409,train,strong,player_win,-10.0,5,100.0,5,Expert,0.05,0.05,1,821,90,0.0,0.0,0,0,2
No Tactical,2,410,train,strong,player_win,-10.0,5,100.0,5,Expert,0.05,0.05,1,823,90,0.0,0.0,0,0,2
No Tactical,2,411,train,strong,player_win,-10.0,5,100.0,5,Expert,0.05,0.05,1,825,90,0.0,0.0,0,0,2
No Tactical,2,412,train,strong,player_win,-10.0,5,100.0,5,Expert,0.05,0.05,1,827,90,0.0,0.0,0,0,2
No Tactical,2,413,train,strong,player_win,-10.0,5,100.0,5,Expert,0.05,0.05,1,829,90,0.0,0.0,0,0,2
No Tactical,2,414,train,strong,player_win,-10.0,5,100.0,5,Expert,0.05,0.05,1,831,90,0.0,0.0,0,0,2
No Tactical,2,415,train,strong,player_win,-10.0,5,100.0,5,Expert,0.05,0.05,1,833,90,0.0,0.0,0,1,1
No Tactical,2,416,train,strong,player_win,-10.0,5,100.0,5,Expert,0.05,0.05,1,835,90,0.0,0.0,0,0,2
No Tactical,2,417,train,strong,player_win,-10.0,5,100.0,5,Expert,0.05,0.05,1,837,90,0.0,0.0,0,0,2
No Tactical,2,418,train,strong,player_win,-10.0,5,100.0,5,Expert,0.05,0.05,1,839,90,0.0,0.0,0,1,1
No Tactical,2,419,train,strong,player_win,-10.0,5,100.0,5,Expert,0.05,0.05,1,841,90,0.0,0.0,0,0,2
No Tactical,2,420,train,strong,player_win,-10.0,5,100.0,5,Expert,0.05,0.05,1,843,90,0.0,0.0,0,0,2
No Tactical,2,421,train,strong,player_win,-10.0,5,100.0,5,Expert,0.05,0.05,1,845,90,0.0,0.0,0,0,2
No Tactical,2,422,train,strong,player_win,-10.0,5,100.0,5,Expert,0.05,0.05,1,847,90,0.0,0.0,0,0,2
No Tactical,2,423,train,strong,player_win,-10.0,5,100.0,5,Expert,0.05,0.05,1,849,90,0.0,0.0,0,0,2
No Tactical,2,424,train,strong,player_win,-10.0,5,100.0,5,Expert,0.05,0.05,1,851,90,0.0,0.0,0,0,2
No Tactical,2,425,train,strong,player_win,-10.0,5,100.0,5,Expert,0.05,0.05,1,853,90,0.0,0.0,0,0,2
No Tactical,2,426,train,strong,player_win,-10.0,5,100.0,5,Expert,0.05,0.05,1,855,90,0.0,0.0,0,0,2
No Tactical,2,427,train,strong,player_win,-10.0,5,100.0,5,Expert,0.05,0.05,1,857,90,0.0,0.0,0,0,2
No Tactical,2,428,train,strong,player_win,-10.0,5,100.0,5,Expert,0.05,0.05,1,859,90,0.0,0.0,0,0,2
No Tactical,2,429,train,strong,player_win,-10.0,5,100.0,5,Expert,0.05,0.05,1,861,90,0.0,0.0,0,0,2
No Tactical,2,430,train,strong,player_win,-10.0,5,100.0,5,Expert,0.05,0.05,1,863,90,0.0,0.0,0,0,2
No Tactical,2,431,train,strong,player_win,-10.0,5,100.0,5,Expert,0.05,0.05,1,865,90,0.0,0.0,0,0,2
No Tactical,2,432,train,strong,player_win,-10.0,5,100.0,5,Expert,0.05,0.05,1,867,90,0.0,0.0,0,0,2
No Tactical,2,433,train,strong,player_win,-10.0,5,100.0,5,Expert,0.05,0.05,1,869,90,0.0,0.0,0,0,2
No Tactical,2,434,train,strong,player_win,-10.0,5,100.0,5,Expert,0.05,0.05,1,871,90,0.0,0.0,0,0,2
No Tactical,2,435,train,strong,player_win,-10.0,5,100.0,5,Expert,0.05,0.05,1,873,90,0.0,0.0,0,0,2
No Tactical,2,436,train,strong,player_win,-10.0,5,100.0,5,Expert,0.05,0.05,1,875,90,0.0,0.0,0,0,2
No Tactical,2,437,train,strong,player_win,-10.0,5,100.0,5,Expert,0.05,0.05,1,877,90,0.0,0.0,0,0,2
No Tactical,2,438,train,strong,player_win,-10.0,5,100.0,5,Expert,0.05,0.05,1,879,90,0.0,0.0,0,0,2
No Tactical,2,439,train,strong,player_win,-10.0,5,100.0,5,Expert,0.05,0.05,1,881,90,0.0,0.0,0,0,2
No Tactical,2,440,train,strong,player_win,-10.0,5,100.0,5,Expert,0.05,0.05,1,883,90,0.0,0.0,0,0,2
No Tactical,2,441,train,strong,player_win,-10.0,5,100.0,5,Expert,0.05,0.05,1,885,90,0.0,0.0,0,0,2
No Tactical,2,442,train,strong,player_win,-10.0,5,100.0,5,Expert,0.05,0.05,1,887,90,0.0,0.0,0,0,2
No Tactical,2,443,train,strong,player_win,-10.0,5,100.0,5,Expert,0.05,0.05,1,889,90,0.0,0.0,0,0,2
No Tactical,2,444,train,strong,player_win,-10.0,5,100.0,5,Expert,0.05,0.05,1,891,90,0.0,0.0,0,0,2
No Tactical,2,445,train,strong,player_win,-10.0,5,100.0,5,Expert,0.05,0.05,1,893,90,0.0,0.0,0,1,1
No Tactical,2,446,train,strong,player_win,-10.0,5,100.0,5,Expert,0.05,0.05,1,895,90,0.0,0.0,0,0,2
No Tactical,2,447,train,strong,player_win,-10.0,5,100.0,5,Expert,0.05,0.05,1,897,90,0.0,0.0,0,0,2
No Tactical,2,448,train,strong,player_win,-10.0,5,100.0,5,Expert,0.05,0.05,1,899,90,0.0,0.0,0,0,2
No Tactical,2,449,train,strong,player_win,-10.0,5,100.0,5,Expert,0.05,0.05,1,901,90,0.0,0.0,0,0,2
No Tactical,2,450,train,strong,player_win,-10.0,5,100.0,5,Expert,0.05,0.05,1,903,90,0.0,0.0,0,0,2
No Tactical,2,451,train,strong,player_win,-10.0,5,100.0,5,Expert,0.05,0.05,1,905,90,0.0,0.0,0,0,2
No Tactical,2,452,train,strong,player_win,-10.0,5,100.0,5,Expert,0.05,0.05,1,907,90,0.0,0.0,0,0,2
No Tactical,2,453,train,strong,player_win,-10.0,5,100.0,5,Expert,0.05,0.05,1,909,90,0.0,0.0,0,0,2
No Tactical,2,454,train,strong,player_win,-10.0,5,100.0,5,Expert,0.05,0.05,1,911,90,0.0,0.0,0,0,2
No Tactical,2,455,train,strong,player_win,-10.0,5,100.0,5,Expert,0.05,0.05,1,913,90,0.0,0.0,0,0,2
No Tactical,2,456,train,strong,player_win,-10.0,5,100.0,5,Expert,0.05,0.05,1,915,90,0.0,0.0,0,1,1
No Tactical,2,457,train,strong,player_win,-10.0,5,100.0,5,Expert,0.05,0.05,1,917,90,0.0,0.0,0,0,2
No Tactical,2,458,train,strong,player_win,-10.0,5,100.0,5,Expert,0.05,0.05,1,919,90,0.0,0.0,0,0,2
No Tactical,2,459,train,strong,player_win,-10.0,5,100.0,5,Expert,0.05,0.05,1,921,90,0.0,0.0,0,0,2
No Tactical,2,460,train,strong,player_win,-10.0,5,100.0,5,Expert,0.05,0.05,1,923,90,0.0,0.0,0,0,2
No Tactical,2,461,train,strong,player_win,-10.0,5,100.0,5,Expert,0.05,0.05,1,925,90,0.0,0.0,0,1,1
No Tactical,2,462,train,strong,player_win,-10.0,5,100.0,5,Expert,0.05,0.05,1,927,90,0.0,0.0,0,0,2
No Tactical,2,463,train,strong,player_win,-10.0,5,100.0,5,Expert,0.05,0.05,1,929,90,0.0,0.0,0,0,2
No Tactical,2,464,train,strong,player_win,-10.0,5,100.0,5,Expert,0.05,0.05,1,931,90,0.0,0.0,0,0,2
No Tactical,2,465,train,strong,player_win,-10.0,5,100.0,5,Expert,0.05,0.05,1,933,90,0.0,0.0,0,0,2
No Tactical,2,466,train,strong,player_win,-10.0,5,100.0,5,Expert,0.05,0.05,1,935,90,0.0,0.0,0,0,2
No Tactical,2,467,train,strong,player_win,-10.0,5,100.0,5,Expert,0.05,0.05,1,937,90,0.0,0.0,0,1,1
No Tactical,2,468,train,strong,player_win,-10.0,5,100.0,5,Expert,0.05,0.05,1,939,90,0.0,0.0,0,0,2
No Tactical,2,469,train,strong,player_win,-10.0,5,100.0,5,Expert,0.05,0.05,1,941,90,0.0,0.0,0,1,1
No Tactical,2,470,train,strong,player_win,-10.0,5,100.0,5,Expert,0.05,0.05,1,943,90,0.0,0.0,0,0,2
No Tactical,2,471,train,strong,player_win,-10.0,5,100.0,5,Expert,0.05,0.05,1,945,90,0.0,0.0,0,0,2
No Tactical,2,472,train,strong,player_win,-10.0,5,100.0,5,Expert,0.05,0.05,1,947,90,0.0,0.0,0,0,2
No Tactical,2,473,train,strong,player_win,-10.0,5,100.0,5,Expert,0.05,0.05,1,949,90,0.0,0.0,0,1,1
No Tactical,2,474,train,strong,player_win,-10.0,5,100.0,5,Expert,0.05,0.05,1,951,90,0.0,0.0,0,0,2
No Tactical,2,475,train,strong,player_win,-10.0,5,100.0,5,Expert,0.05,0.05,1,953,90,0.0,0.0,0,0,2
No Tactical,2,476,train,strong,player_win,-10.0,5,100.0,5,Expert,0.05,0.05,1,955,90,0.0,0.0,0,0,2
No Tactical,2,477,train,strong,player_win,-10.0,5,100.0,5,Expert,0.05,0.05,1,957,90,0.0,0.0,0,0,2
No Tactical,2,478,train,strong,player_win,-10.0,5,100.0,5,Expert,0.05,0.05,1,959,90,0.0,0.0,0,0,2
No Tactical,2,479,train,strong,player_win,-10.0,5,100.0,5,Expert,0.05,0.05,1,961,90,0.0,0.0,0,0,2
No Tactical,2,480,train,strong,player_win,-10.0,5,100.0,5,Expert,0.05,0.05,1,963,90,0.0,0.0,0,1,1
No Tactical,2,481,train,strong,player_win,-10.0,5,100.0,5,Expert,0.05,0.05,1,965,90,0.0,0.0,0,0,2
No Tactical,2,482,train,strong,player_win,-10.0,5,100.0,5,Expert,0.05,0.05,1,967,90,0.0,0.0,0,0,2
No Tactical,2,483,train,strong,player_win,-10.0,5,100.0,5,Expert,0.05,0.05,1,969,90,0.0,0.0,0,0,2
No Tactical,2,484,train,strong,player_win,-10.0,5,100.0,5,Expert,0.05,0.05,1,971,90,0.0,0.0,0,0,2
No Tactical,2,485,train,strong,player_win,-10.0,5,100.0,5,Expert,0.05,0.05,1,973,90,0.0,0.0,0,0,2
No Tactical,2,486,train,strong,player_win,-10.0,5,100.0,5,Expert,0.05,0.05,1,975,90,0.0,0.0,0,0,2
No Tactical,2,487,train,strong,player_win,-10.0,5,100.0,5,Expert,0.05,0.05,1,977,90,0.0,0.0,0,0,2
No Tactical,2,488,train,strong,player_win,-10.0,5,100.0,5,Expert,0.05,0.05,1,979,90,0.0,0.0,0,0,2
No Tactical,2,489,train,strong,player_win,-10.0,5,100.0,5,Expert,0.05,0.05,1,981,90,0.0,0.0,0,0,2
No Tactical,2,490,train,strong,player_win,-10.0,5,100.0,5,Expert,0.05,0.05,1,983,90,0.0,0.0,0,0,2
No Tactical,2,491,train,strong,player_win,-10.0,5,100.0,5,Expert,0.05,0.05,1,985,90,0.0,0.0,0,0,2
No Tactical,2,492,train,strong,player_win,-10.0,5,100.0,5,Expert,0.05,0.05,1,987,90,0.0,0.0,0,1,1
No Tactical,2,493,train,strong,player_win,-10.0,5,100.0,5,Expert,0.05,0.05,1,989,90,0.0,0.0,0,1,1
No Tactical,2,494,train,strong,player_win,-10.0,5,100.0,5,Expert,0.05,0.05,1,991,90,0.0,0.0,0,0,2
No Tactical,2,495,train,strong,player_win,-10.0,5,100.0,5,Expert,0.05,0.05,1,993,90,0.0,0.0,0,0,2
No Tactical,2,496,train,strong,player_win,-10.0,5,100.0,5,Expert,0.05,0.05,1,995,90,0.0,0.0,0,0,2
No Tactical,2,497,train,strong,player_win,-10.0,5,100.0,5,Expert,0.05,0.05,1,997,90,0.0,0.0,0,0,2
No Tactical,2,498,train,strong,player_win,-10.0,5,100.0,5,Expert,0.05,0.05,1,999,90,0.0,0.0,0,1,1
No Tactical,2,499,train,strong,player_win,-10.0,5,100.0,5,Expert,0.05,0.05,1,1001,90,0.0,0.0,0,0,2
No Tactical,2,500,train,strong,player_win,-10.0,5,100.0,5,Expert,0.05,0.05,1,1003,90,0.0,0.0,0,0,2
No Tactical,2,501,train,strong,player_win,-10.0,5,100.0,5,Expert,0.05,0.05,1,1005,90,0.0,0.0,0,0,2
No Tactical,2,502,train,strong,player_win,-10.0,5,100.0,5,Expert,0.05,0.05,1,1007,90,0.0,0.0,0,0,2
No Tactical,2,503,train,strong,player_win,-10.0,5,100.0,5,Expert,0.05,0.05,1,1009,90,0.0,0.0,0,0,2
No Tactical,2,504,train,strong,player_win,-10.0,5,100.0,5,Expert,0.05,0.05,1,1011,90,0.0,0.0,0,0,2
No Tactical,2,505,train,strong,player_win,-10.0,5,100.0,5,Expert,0.05,0.05,1,1013,90,0.0,0.0,0,0,2
No Tactical,2,506,train,strong,player_win,-10.0,5,100.0,5,Expert,0.05,0.05,1,1015,90,0.0,0.0,0,0,2
No Tactical,2,507,train,strong,player_win,-10.0,5,100.0,5,Expert,0.05,0.05,1,1017,90,0.0,0.0,0,0,2
No Tactical,2,508,train,strong,player_win,-10.0,5,100.0,5,Expert,0.05,0.05,1,1019,90,0.0,0.0,0,0,2
No Tactical,2,509,train,strong,player_win,-10.0,5,100.0,5,Expert,0.05,0.05,1,1021,90,0.0,0.0,0,1,1
No Tactical,2,510,train,strong,player_win,-10.0,5,100.0,5,Expert,0.05,0.05,1,1023,90,0.0,0.0,0,0,2
No Tactical,2,511,train,strong,player_win,-10.0,5,100.0,5,Expert,0.05,0.05,1,1025,90,0.0,0.0,0,0,2
No Tactical,2,512,train,strong,player_win,-10.0,5,100.0,5,Expert,0.05,0.05,1,1027,90,0.0,0.0,0,0,2
No Tactical,2,513,train,strong,player_win,-10.0,5,100.0,5,Expert,0.05,0.05,1,1029,90,0.0,0.0,0,0,2
No Tactical,2,514,train,strong,player_win,-10.0,5,100.0,5,Expert,0.05,0.05,1,1031,90,0.0,0.0,0,0,2
No Tactical,2,515,train,strong,player_win,-10.0,5,100.0,5,Expert,0.05,0.05,1,1033,90,0.0,0.0,0,0,2
No Tactical,2,516,train,strong,player_win,-10.0,5,100.0,5,Expert,0.05,0.05,1,1035,90,0.0,0.0,0,0,2
No Tactical,2,517,train,strong,player_win,-10.0,5,100.0,5,Expert,0.05,0.05,1,1037,90,0.0,0.0,0,0,2
No Tactical,2,518,train,strong,player_win,-10.0,5,100.0,5,Expert,0.05,0.05,1,1039,90,0.0,0.0,0,0,2
No Tactical,2,519,train,strong,player_win,-10.0,5,100.0,5,Expert,0.05,0.05,1,1041,90,0.0,0.0,0,0,2
No Tactical,2,520,train,strong,player_win,-10.0,5,100.0,5,Expert,0.05,0.05,1,1043,90,0.0,0.0,0,0,2
No Tactical,2,521,train,strong,player_win,-10.0,5,100.0,5,Expert,0.05,0.05,1,1045,90,0.0,0.0,0,0,2
No Tactical,2,522,train,strong,player_win,-10.0,5,100.0,5,Expert,0.05,0.05,1,1047,90,0.0,0.0,0,0,2
No Tactical,2,523,train,strong,player_win,-10.0,7,100.0,5,Expert,0.05,0.05,1,1050,91,0.0,0.0,0,0,3
No Tactical,2,524,train,strong,player_win,-10.0,5,100.0,5,Expert,0.05,0.05,1,1052,91,0.0,0.0,0,0,2
No Tactical,2,525,train,strong,player_win,-10.0,5,100.0,5,Expert,0.05,0.05,1,1054,91,0.0,0.0,0,0,2
No Tactical,2,526,train,strong,player_win,-10.0,5,100.0,5,Expert,0.05,0.05,1,1056,91,0.0,0.0,0,0,2
No Tactical,2,527,train,strong,player_win,-10.0,5,100.0,5,Expert,0.05,0.05,1,1058,91,0.0,0.0,0,0,2
No Tactical,2,528,train,strong,player_win,-10.0,5,100.0,5,Expert,0.05,0.05,1,1060,91,0.0,0.0,0,1,1
No Tactical,2,529,train,strong,player_win,-10.0,5,100.0,5,Expert,0.05,0.05,1,1062,91,0.0,0.0,0,0,2
No Tactical,2,530,train,strong,player_win,-10.0,5,100.0,5,Expert,0.05,0.05,1,1064,91,0.0,0.0,0,0,2
No Tactical,2,531,train,strong,player_win,-10.0,5,100.0,5,Expert,0.05,0.05,1,1066,91,0.0,0.0,0,0,2
No Tactical,2,532,train,strong,player_win,-10.0,5,100.0,5,Expert,0.05,0.05,1,1068,91,0.0,0.0,0,0,2
No Tactical,2,533,train,strong,player_win,-10.0,5,100.0,5,Expert,0.05,0.05,1,1070,91,0.0,0.0,0,0,2
No Tactical,2,534,train,strong,player_win,-10.0,5,100.0,5,Expert,0.05,0.05,1,1072,91,0.0,0.0,0,0,2
No Tactical,2,535,train,strong,player_win,-10.0,5,100.0,5,Expert,0.05,0.05,1,1074,91,0.0,0.0,0,0,2
No Tactical,2,536,train,strong,player_win,-10.0,5,100.0,5,Expert,0.05,0.05,1,1076,91,0.0,0.0,0,0,2
No Tactical,2,537,train,strong,player_win,-10.0,5,100.0,5,Expert,0.05,0.05,1,1078,91,0.0,0.0,0,0,2
No Tactical,2,538,train,strong,player_win,-10.0,5,100.0,5,Expert,0.05,0.05,1,1080,91,0.0,0.0,0,0,2
No Tactical,2,539,train,strong,player_win,-10.0,5,100.0,5,Expert,0.05,0.05,1,1082,91,0.0,0.0,0,0,2
No Tactical,2,540,train,strong,player_win,-10.0,5,100.0,5,Expert,0.05,0.05,1,1084,91,0.0,0.0,0,0,2
No Tactical,2,541,train,strong,player_win,-10.0,5,100.0,5,Expert,0.05,0.05,1,1086,92,0.0,0.0,0,0,2
No Tactical,2,542,train,strong,player_win,-10.0,5,100.0,5,Expert,0.05,0.05,1,1088,92,0.0,0.0,0,0,2
No Tactical,2,543,train,strong,player_win,-10.0,5,100.0,5,Expert,0.05,0.05,1,1090,92,0.0,0.0,0,0,2
No Tactical,2,544,train,strong,player_win,-10.0,5,100.0,5,Expert,0.05,0.05,1,1092,92,0.0,0.0,0,0,2
No Tactical,2,545,train,strong,player_win,-10.0,5,100.0,5,Expert,0.05,0.05,1,1094,92,0.0,0.0,0,0,2
No Tactical,2,546,train,strong,player_win,-10.0,5,100.0,5,Expert,0.05,0.05,1,1096,92,0.0,0.0,0,0,2
No Tactical,2,547,train,strong,player_win,-10.0,5,100.0,5,Expert,0.05,0.05,1,1098,92,0.0,0.0,0,0,2
No Tactical,2,548,train,strong,player_win,-10.0,5,100.0,5,Expert,0.05,0.05,1,1100,92,0.0,0.0,0,0,2
No Tactical,2,549,train,strong,player_win,-10.0,5,100.0,5,Expert,0.05,0.05,1,1102,92,0.0,0.0,0,0,2
No Tactical,2,550,train,strong,player_win,-10.0,5,100.0,5,Expert,0.05,0.05,1,1104,92,0.0,0.0,0,0,2
No Tactical,2,551,train,strong,player_win,-10.0,5,100.0,5,Expert,0.05,0.05,1,1106,92,0.0,0.0,0,0,2
No Tactical,2,552,train,strong,player_win,-10.0,5,100.0,5,Expert,0.05,0.05,1,1108,92,0.0,0.0,0,0,2
No Tactical,2,553,train,strong,player_win,-10.0,5,100.0,5,Expert,0.05,0.05,1,1110,92,0.0,0.0,0,0,2
No Tactical,2,554,train,strong,player_win,-10.0,5,100.0,5,Expert,0.05,0.05,1,1112,92,0.0,0.0,0,0,2
No Tactical,2,555,train,strong,player_win,-10.0,5,100.0,5,Expert,0.05,0.05,1,1114,92,0.0,0.0,0,0,2
No Tactical,2,556,train,strong,player_win,-10.0,5,100.0,5,Expert,0.05,0.05,1,1116,92,0.0,0.0,0,0,2
No Tactical,2,557,train,strong,player_win,-10.0,5,100.0,5,Expert,0.05,0.05,1,1118,92,0.0,0.0,0,0,2
No Tactical,2,558,train,strong,player_win,-10.0,5,100.0,5,Expert,0.05,0.05,1,1120,92,0.0,0.0,0,0,2
No Tactical,2,559,train,strong,player_win,-10.0,5,100.0,5,Expert,0.05,0.05,1,1122,92,0.0,0.0,0,0,2
No Tactical,2,560,train,strong,player_win,-10.0,5,100.0,5,Expert,0.05,0.05,1,1124,92,0.0,0.0,0,0,2
No Tactical,2,561,train,strong,player_win,-10.0,5,100.0,5,Expert,0.05,0.05,1,1126,92,0.0,0.0,0,0,2
No Tactical,2,562,train,strong,player_win,-10.0,5,100.0,5,Expert,0.05,0.05,1,1128,92,0.0,0.0,0,1,1
No Tactical,2,563,train,strong,player_win,-10.0,5,100.0,5,Expert,0.05,0.05,1,1130,92,0.0,0.0,0,0,2
No Tactical,2,564,train,strong,player_win,-10.0,5,100.0,5,Expert,0.05,0.05,1,1132,92,0.0,0.0,0,0,2
No Tactical,2,565,train,strong,player_win,-10.0,5,100.0,5,Expert,0.05,0.05,1,1134,92,0.0,0.0,0,0,2
No Tactical,2,566,train,strong,player_win,-10.0,5,100.0,5,Expert,0.05,0.05,1,1136,92,0.0,0.0,0,0,2
No Tactical,2,567,train,strong,player_win,-10.0,5,100.0,5,Expert,0.05,0.05,1,1138,92,0.0,0.0,0,0,2
No Tactical,2,568,train,strong,player_win,-10.0,5,100.0,5,Expert,0.05,0.05,1,1140,92,0.0,0.0,0,0,2
No Tactical,2,569,train,strong,player_win,-10.0,5,100.0,5,Expert,0.05,0.05,1,1142,92,0.0,0.0,0,0,2
No Tactical,2,570,train,strong,player_win,-10.0,5,100.0,5,Expert,0.05,0.05,1,1144,92,0.0,0.0,0,0,2
No Tactical,2,571,train,strong,player_win,-10.0,5,100.0,5,Expert,0.05,0.05,1,1146,92,0.0,0.0,0,0,2
No Tactical,2,572,train,strong,player_win,-10.0,5,100.0,5,Expert,0.05,0.05,1,1148,92,0.0,0.0,0,0,2
No Tactical,2,573,train,strong,player_win,-10.0,5,100.0,5,Expert,0.05,0.05,1,1150,92,0.0,0.0,0,0,2
No Tactical,2,574,train,strong,player_win,-10.0,5,100.0,5,Expert,0.05,0.05,1,1152,92,0.0,0.0,0,0,2
No Tactical,2,575,train,strong,player_win,-10.0,5,100.0,5,Expert,0.05,0.05,1,1154,92,0.0,0.0,0,1,1
No Tactical,2,576,train,strong,player_win,-10.0,5,100.0,5,Expert,0.05,0.05,1,1156,92,0.0,0.0,0,0,2
No Tactical,2,577,train,strong,player_win,-10.0,5,100.0,5,Expert,0.05,0.05,1,1158,92,0.0,0.0,0,0,2
No Tactical,2,578,train,strong,player_win,-10.0,5,100.0,5,Expert,0.05,0.05,1,1160,92,0.0,0.0,0,0,2
No Tactical,2,579,train,strong,player_win,-10.0,5,100.0,5,Expert,0.05,0.05,1,1162,92,0.0,0.0,0,0,2
No Tactical,2,580,train,strong,player_win,-10.0,5,100.0,5,Expert,0.05,0.05,1,1164,92,0.0,0.0,0,0,2
No Tactical,2,581,train,strong,player_win,-10.0,5,100.0,5,Expert,0.05,0.05,1,1166,92,0.0,0.0,0,0,2
No Tactical,2,582,train,strong,player_win,-10.0,5,100.0,5,Expert,0.05,0.05,1,1168,92,0.0,0.0,0,0,2
No Tactical,2,583,train,strong,player_win,-10.0,5,100.0,5,Expert,0.05,0.05,1,1170,92,0.0,0.0,0,1,1
No Tactical,2,584,train,strong,player_win,-10.0,5,100.0,5,Expert,0.05,0.05,1,1172,92,0.0,0.0,0,1,1
No Tactical,2,585,train,strong,player_win,-10.0,5,100.0,5,Expert,0.05,0.05,1,1174,92,0.0,0.0,0,1,1
No Tactical,2,586,train,strong,player_win,-10.0,5,100.0,5,Expert,0.05,0.05,1,1176,92,0.0,0.0,0,0,2
No Tactical,2,587,train,strong,player_win,-10.0,5,100.0,5,Expert,0.05,0.05,1,1178,92,0.0,0.0,0,0,2
No Tactical,2,588,train,strong,player_win,-10.0,5,100.0,5,Expert,0.05,0.05,1,1180,92,0.0,0.0,0,0,2
No Tactical,2,589,train,strong,player_win,-10.0,5,100.0,5,Expert,0.05,0.05,1,1182,92,0.0,0.0,0,1,1
No Tactical,2,590,train,strong,player_win,-10.0,5,100.0,5,Expert,0.05,0.05,1,1184,92,0.0,0.0,0,0,2
No Tactical,2,591,train,strong,player_win,-10.0,5,100.0,5,Expert,0.05,0.05,1,1186,92,0.0,0.0,0,0,2
No Tactical,2,592,train,strong,player_win,-10.0,5,100.0,5,Expert,0.05,0.05,1,1188,92,0.0,0.0,0,0,2
No Tactical,2,593,train,strong,player_win,-10.0,5,100.0,5,Expert,0.05,0.05,1,1190,92,0.0,0.0,0,0,2
No Tactical,2,594,train,strong,player_win,-10.0,5,100.0,5,Expert,0.05,0.05,1,1192,92,0.0,0.0,0,0,2
No Tactical,2,595,train,strong,player_win,-10.0,5,100.0,5,Expert,0.05,0.05,1,1194,92,0.0,0.0,0,0,2
No Tactical,2,596,train,strong,player_win,-10.0,5,100.0,5,Expert,0.05,0.05,1,1196,92,0.0,0.0,0,0,2
No Tactical,2,597,train,strong,player_win,-10.0,5,100.0,5,Expert,0.05,0.05,1,1198,92,0.0,0.0,0,0,2
No Tactical,2,598,train,strong,player_win,-10.0,5,100.0,5,Expert,0.05,0.05,1,1200,92,0.0,0.0,0,0,2
No Tactical,2,599,train,strong,player_win,-10.0,5,100.0,5,Expert,0.05,0.05,1,1202,92,0.0,0.0,0,0,2
No Tactical,2,600,train,strong,player_win,-10.0,5,100.0,5,Expert,0.05,0.05,1,1204,92,0.0,0.0,0,0,2
No Tactical,2,601,train,strong,player_win,-10.0,5,100.0,5,Expert,0.05,0.05,1,1206,92,0.0,0.0,0,0,2
No Tactical,2,602,train,strong,player_win,-10.0,5,100.0,5,Expert,0.05,0.05,1,1208,92,0.0,0.0,0,0,2
No Tactical,2,603,train,strong,player_win,-10.0,5,100.0,5,Expert,0.05,0.05,1,1210,92,0.0,0.0,0,0,2
No Tactical,2,604,train,strong,player_win,-10.0,5,100.0,5,Expert,0.05,0.05,1,1212,92,0.0,0.0,0,0,2
No Tactical,2,605,train,strong,player_win,-10.0,5,100.0,5,Expert,0.05,0.05,1,1214,92,0.0,0.0,0,0,2
No Tactical,2,606,train,strong,player_win,-10.0,5,100.0,5,Expert,0.05,0.05,1,1216,92,0.0,0.0,0,0,2
No Tactical,2,607,train,strong,player_win,-10.0,5,100.0,5,Expert,0.05,0.05,1,1218,92,0.0,0.0,0,0,2
No Tactical,2,608,train,strong,player_win,-10.0,5,100.0,5,Expert,0.05,0.05,1,1220,92,0.0,0.0,0,0,2
No Tactical,2,609,train,strong,player_win,-10.0,5,100.0,5,Expert,0.05,0.05,1,1222,92,0.0,0.0,0,0,2
No Tactical,2,610,train,strong,player_win,-10.0,5,100.0,5,Expert,0.05,0.05,1,1224,92,0.0,0.0,0,0,2
No Tactical,2,611,train,strong,player_win,-10.0,5,100.0,5,Expert,0.05,0.05,1,1226,92,0.0,0.0,0,1,1
No Tactical,2,612,train,strong,player_win,-10.0,5,100.0,5,Expert,0.05,0.05,1,1228,92,0.0,0.0,0,0,2
No Tactical,2,613,train,strong,player_win,-10.0,5,100.0,5,Expert,0.05,0.05,1,1230,92,0.0,0.0,0,0,2
No Tactical,2,614,train,strong,player_win,-10.0,5,100.0,5,Expert,0.05,0.05,1,1232,92,0.0,0.0,0,0,2
No Tactical,2,615,train,strong,player_win,-10.0,5,100.0,5,Expert,0.05,0.05,1,1234,92,0.0,0.0,0,0,2
No Tactical,2,616,train,strong,player_win,-10.0,5,100.0,5,Expert,0.05,0.05,1,1236,92,0.0,0.0,0,0,2
No Tactical,2,617,train,strong,player_win,-10.0,5,100.0,5,Expert,0.05,0.05,1,1238,92,0.0,0.0,0,0,2
No Tactical,2,618,train,strong,player_win,-10.0,5,100.0,5,Expert,0.05,0.05,1,1240,92,0.0,0.0,0,0,2
No Tactical,2,619,train,strong,player_win,-10.0,5,100.0,5,Expert,0.05,0.05,1,1242,92,0.0,0.0,0,0,2
No Tactical,2,620,train,strong,player_win,-10.0,5,100.0,5,Expert,0.05,0.05,1,1244,92,0.0,0.0,0,0,2
No Tactical,2,621,train,strong,player_win,-10.0,5,100.0,5,Expert,0.05,0.05,1,1246,92,0.0,0.0,0,0,2
No Tactical,2,622,train,strong,player_win,-10.0,5,100.0,5,Expert,0.05,0.05,1,1248,92,0.0,0.0,0,0,2
No Tactical,2,623,train,strong,player_win,-10.0,5,100.0,5,Expert,0.05,0.05,1,1250,92,0.0,0.0,0,0,2
No Tactical,2,624,train,strong,player_win,-10.0,5,100.0,5,Expert,0.05,0.05,1,1252,92,0.0,0.0,0,1,1
No Tactical,2,625,train,strong,player_win,-10.0,5,100.0,5,Expert,0.05,0.05,1,1254,92,0.0,0.0,0,0,2
No Tactical,2,626,train,strong,player_win,-10.0,5,100.0,5,Expert,0.05,0.05,1,1256,92,0.0,0.0,0,1,1
No Tactical,2,627,train,strong,player_win,-10.0,5,100.0,5,Expert,0.05,0.05,1,1258,92,0.0,0.0,0,0,2
No Tactical,2,628,train,strong,player_win,-10.0,5,100.0,5,Expert,0.05,0.05,1,1260,92,0.0,0.0,0,0,2
No Tactical,2,629,train,strong,player_win,-10.0,5,100.0,5,Expert,0.05,0.05,1,1262,92,0.0,0.0,0,0,2
No Tactical,2,630,train,strong,player_win,-10.0,5,100.0,5,Expert,0.05,0.05,1,1264,92,0.0,0.0,0,0,2
No Tactical,2,631,train,strong,player_win,-10.0,5,100.0,5,Expert,0.05,0.05,1,1266,92,0.0,0.0,0,0,2
No Tactical,2,632,train,strong,player_win,-10.0,5,100.0,5,Expert,0.05,0.05,1,1268,92,0.0,0.0,0,0,2
No Tactical,2,633,train,strong,player_win,-10.0,5,100.0,5,Expert,0.05,0.05,1,1270,92,0.0,0.0,0,0,2
No Tactical,2,634,train,strong,player_win,-10.0,5,100.0,5,Expert,0.05,0.05,1,1272,92,0.0,0.0,0,0,2
No Tactical,2,635,train,strong,player_win,-10.0,5,100.0,5,Expert,0.05,0.05,1,1274,92,0.0,0.0,0,0,2
No Tactical,2,636,train,strong,player_win,-10.0,5,100.0,5,Expert,0.05,0.05,1,1276,92,0.0,0.0,0,0,2
No Tactical,2,637,train,strong,player_win,-10.0,5,100.0,5,Expert,0.05,0.05,1,1278,92,0.0,0.0,0,0,2
No Tactical,2,638,train,strong,player_win,-10.0,5,100.0,5,Expert,0.05,0.05,1,1280,92,0.0,0.0,0,0,2
No Tactical,2,639,train,strong,player_win,-10.0,5,100.0,5,Expert,0.05,0.05,1,1282,92,0.0,0.0,0,0,2
No Tactical,2,640,train,strong,player_win,-10.0,5,100.0,5,Expert,0.05,0.05,1,1284,92,0.0,0.0,0,1,1
No Tactical,2,641,train,strong,player_win,-10.0,5,100.0,5,Expert,0.05,0.05,1,1286,92,0.0,0.0,0,0,2
No Tactical,2,642,train,strong,player_win,-10.0,5,100.0,5,Expert,0.05,0.05,1,1288,92,0.0,0.0,0,0,2
No Tactical,2,643,train,strong,player_win,-10.0,5,100.0,5,Expert,0.05,0.05,1,1290,92,0.0,0.0,0,0,2
No Tactical,2,644,train,strong,player_win,-10.0,5,100.0,5,Expert,0.05,0.05,1,1292,92,0.0,0.0,0,0,2
No Tactical,2,645,train,strong,player_win,-10.0,5,100.0,5,Expert,0.05,0.05,1,1294,92,0.0,0.0,0,0,2
No Tactical,2,646,train,strong,player_win,-10.0,5,100.0,5,Expert,0.05,0.05,1,1296,92,0.0,0.0,0,0,2
No Tactical,2,647,train,strong,player_win,-10.0,5,100.0,5,Expert,0.05,0.05,1,1298,92,0.0,0.0,0,0,2
No Tactical,2,648,train,strong,player_win,-10.0,5,100.0,5,Expert,0.05,0.05,1,1300,92,0.0,0.0,0,0,2
No Tactical,2,649,train,strong,player_win,-10.0,5,100.0,5,Expert,0.05,0.05,1,1302,92,0.0,0.0,0,0,2
No Tactical,2,650,train,strong,player_win,-10.0,5,100.0,5,Expert,0.05,0.05,1,1304,92,0.0,0.0,0,0,2
No Tactical,2,651,train,strong,player_win,-10.0,5,100.0,5,Expert,0.05,0.05,1,1306,92,0.0,0.0,0,0,2
No Tactical,2,652,train,strong,player_win,-10.0,5,100.0,5,Expert,0.05,0.05,1,1308,92,0.0,0.0,0,1,1
No Tactical,2,653,train,strong,player_win,-10.0,5,100.0,5,Expert,0.05,0.05,1,1310,92,0.0,0.0,0,0,2
No Tactical,2,654,train,strong,player_win,-10.0,5,100.0,5,Expert,0.05,0.05,1,1312,92,0.0,0.0,0,0,2
No Tactical,2,655,train,strong,player_win,-10.0,5,100.0,5,Expert,0.05,0.05,1,1314,92,0.0,0.0,0,0,2
No Tactical,2,656,train,strong,player_win,-10.0,5,100.0,5,Expert,0.05,0.05,1,1316,92,0.0,0.0,0,1,1
No Tactical,2,657,train,strong,player_win,-10.0,5,100.0,5,Expert,0.05,0.05,1,1318,92,0.0,0.0,0,0,2
No Tactical,2,658,train,strong,player_win,-10.0,5,100.0,5,Expert,0.05,0.05,1,1320,92,0.0,0.0,0,0,2
No Tactical,2,659,train,strong,player_win,-10.0,5,100.0,5,Expert,0.05,0.05,1,1322,92,0.0,0.0,0,0,2
No Tactical,2,660,train,strong,player_win,-10.0,5,100.0,5,Expert,0.05,0.05,1,1324,92,0.0,0.0,0,0,2
No Tactical,2,661,train,strong,player_win,-10.0,5,100.0,5,Expert,0.05,0.05,1,1326,92,0.0,0.0,0,0,2
No Tactical,2,662,train,strong,player_win,-10.0,5,100.0,5,Expert,0.05,0.05,1,1328,92,0.0,0.0,0,0,2
No Tactical,2,663,train,strong,player_win,-10.0,5,100.0,5,Expert,0.05,0.05,1,1330,92,0.0,0.0,0,0,2
No Tactical,2,664,train,strong,player_win,-10.0,5,100.0,5,Expert,0.05,0.05,1,1332,92,0.0,0.0,0,0,2
No Tactical,2,665,train,strong,player_win,-10.0,5,100.0,5,Expert,0.05,0.05,1,1334,92,0.0,0.0,0,0,2
No Tactical,2,666,train,strong,player_win,-10.0,5,100.0,5,Expert,0.05,0.05,1,1336,92,0.0,0.0,0,0,2
No Tactical,2,667,train,strong,player_win,-10.0,5,100.0,5,Expert,0.05,0.05,1,1338,92,0.0,0.0,0,0,2
No Tactical,2,668,train,strong,player_win,-10.0,5,100.0,5,Expert,0.05,0.05,1,1340,92,0.0,0.0,0,0,2
No Tactical,2,669,train,strong,player_win,-10.0,5,100.0,5,Expert,0.05,0.05,1,1342,92,0.0,0.0,0,0,2
No Tactical,2,670,train,strong,player_win,-10.0,5,100.0,5,Expert,0.05,0.05,1,1344,92,0.0,0.0,0,0,2
No Tactical,2,671,train,strong,player_win,-10.0,5,100.0,5,Expert,0.05,0.05,1,1346,92,0.0,0.0,0,0,2
No Tactical,2,672,train,strong,player_win,-10.0,5,100.0,5,Expert,0.05,0.05,1,1348,92,0.0,0.0,0,0,2
No Tactical,2,673,train,strong,player_win,-10.0,5,100.0,5,Expert,0.05,0.05,1,1350,92,0.0,0.0,0,0,2
No Tactical,2,674,train,strong,player_win,-10.0,5,100.0,5,Expert,0.05,0.05,1,1352,92,0.0,0.0,0,0,2
No Tactical,2,675,train,strong,player_win,-10.0,5,100.0,5,Expert,0.05,0.05,1,1354,92,0.0,0.0,0,0,2
No Tactical,2,676,train,strong,player_win,-10.0,5,100.0,5,Expert,0.05,0.05,1,1356,92,0.0,0.0,0,0,2
No Tactical,2,677,train,strong,player_win,-10.0,5,100.0,5,Expert,0.05,0.05,1,1358,92,0.0,0.0,0,0,2
No Tactical,2,678,train,strong,player_win,-10.0,5,100.0,5,Expert,0.05,0.05,1,1360,92,0.0,0.0,0,0,2
No Tactical,2,679,train,strong,player_win,-10.0,5,100.0,5,Expert,0.05,0.05,1,1362,92,0.0,0.0,0,1,1
No Tactical,2,680,train,strong,player_win,-10.0,5,100.0,5,Expert,0.05,0.05,1,1364,92,0.0,0.0,0,0,2
No Tactical,2,681,train,strong,player_win,-10.0,5,100.0,5,Expert,0.05,0.05,1,1366,92,0.0,0.0,0,0,2
No Tactical,2,682,train,strong,player_win,-10.0,5,100.0,5,Expert,0.05,0.05,1,1368,92,0.0,0.0,0,0,2
No Tactical,2,683,train,strong,player_win,-10.0,5,100.0,5,Expert,0.05,0.05,1,1370,92,0.0,0.0,0,0,2
No Tactical,2,684,train,strong,player_win,-10.0,5,100.0,5,Expert,0.05,0.05,1,1372,92,0.0,0.0,0,1,1
No Tactical,2,685,train,strong,player_win,-10.0,5,100.0,5,Expert,0.05,0.05,1,1374,92,0.0,0.0,0,0,2
No Tactical,2,686,train,strong,player_win,-10.0,5,100.0,5,Expert,0.05,0.05,1,1376,92,0.0,0.0,0,0,2
No Tactical,2,687,train,strong,player_win,-10.0,5,100.0,5,Expert,0.05,0.05,1,1378,92,0.0,0.0,0,0,2
No Tactical,2,688,train,strong,player_win,-10.0,5,100.0,5,Expert,0.05,0.05,1,1380,92,0.0,0.0,0,0,2
No Tactical,2,689,train,strong,player_win,-10.0,5,100.0,5,Expert,0.05,0.05,1,1382,92,0.0,0.0,0,0,2
No Tactical,2,690,train,strong,player_win,-10.0,5,100.0,5,Expert,0.05,0.05,1,1384,92,0.0,0.0,0,1,1
No Tactical,2,691,train,strong,player_win,-10.0,5,100.0,5,Expert,0.05,0.05,1,1386,92,0.0,0.0,0,0,2
No Tactical,2,692,train,strong,player_win,-10.0,5,100.0,5,Expert,0.05,0.05,1,1388,92,0.0,0.0,0,0,2
No Tactical,2,693,train,strong,player_win,-10.0,5,100.0,5,Expert,0.05,0.05,1,1390,92,0.0,0.0,0,1,1
No Tactical,2,694,train,strong,player_win,-10.0,5,100.0,5,Expert,0.05,0.05,1,1392,92,0.0,0.0,0,0,2
No Tactical,2,695,train,strong,player_win,-10.0,5,100.0,5,Expert,0.05,0.05,1,1394,92,0.0,0.0,0,0,2
No Tactical,2,696,train,strong,player_win,-10.0,5,100.0,5,Expert,0.05,0.05,1,1396,92,0.0,0.0,0,0,2
No Tactical,2,697,train,strong,player_win,-10.0,5,100.0,5,Expert,0.05,0.05,1,1398,92,0.0,0.0,0,0,2
No Tactical,2,698,train,strong,player_win,-10.0,5,100.0,5,Expert,0.05,0.05,1,1400,92,0.0,0.0,0,0,2
No Tactical,2,699,train,strong,player_win,-10.0,5,100.0,5,Expert,0.05,0.05,1,1402,92,0.0,0.0,0,0,2
No Tactical,2,700,train,strong,player_win,-10.0,5,100.0,5,Expert,0.05,0.05,1,1404,92,0.0,0.0,0,0,2
No Tactical,2,701,train,strong,player_win,-10.0,5,100.0,5,Expert,0.05,0.05,1,1406,92,0.0,0.0,0,0,2
No Tactical,2,702,train,strong,player_win,-10.0,5,100.0,5,Expert,0.05,0.05,1,1408,92,0.0,0.0,0,0,2
No Tactical,2,703,train,strong,player_win,-10.0,5,100.0,5,Expert,0.05,0.05,1,1410,92,0.0,0.0,0,0,2
No Tactical,2,704,train,strong,player_win,-10.0,5,100.0,5,Expert,0.05,0.05,1,1412,92,0.0,0.0,0,0,2
No Tactical,2,705,train,strong,player_win,-10.0,5,100.0,5,Expert,0.05,0.05,1,1414,92,0.0,0.0,0,0,2
No Tactical,2,706,train,strong,player_win,-10.0,5,100.0,5,Expert,0.05,0.05,1,1416,92,0.0,0.0,0,0,2
No Tactical,2,707,train,strong,player_win,-10.0,5,100.0,5,Expert,0.05,0.05,1,1418,92,0.0,0.0,0,0,2
No Tactical,2,708,train,strong,player_win,-10.0,5,100.0,5,Expert,0.05,0.05,1,1420,92,0.0,0.0,0,0,2
No Tactical,2,709,train,strong,player_win,-10.0,5,100.0,5,Expert,0.05,0.05,1,1422,92,0.0,0.0,0,0,2
No Tactical,2,710,train,strong,player_win,-10.0,5,100.0,5,Expert,0.05,0.05,1,1424,92,0.0,0.0,0,0,2
No Tactical,2,711,train,strong,player_win,-10.0,5,100.0,5,Expert,0.05,0.05,1,1426,92,0.0,0.0,0,0,2
No Tactical,2,712,train,strong,player_win,-10.0,5,100.0,5,Expert,0.05,0.05,1,1428,92,0.0,0.0,0,0,2
No Tactical,2,713,train,strong,player_win,-10.0,5,100.0,5,Expert,0.05,0.05,1,1430,92,0.0,0.0,0,0,2
No Tactical,2,714,train,strong,player_win,-10.0,5,100.0,5,Expert,0.05,0.05,1,1432,92,0.0,0.0,0,0,2
No Tactical,2,715,train,strong,player_win,-10.0,5,100.0,5,Expert,0.05,0.05,1,1434,92,0.0,0.0,0,0,2
No Tactical,2,716,train,strong,player_win,-10.0,5,100.0,5,Expert,0.05,0.05,1,1436,92,0.0,0.0,0,0,2
No Tactical,2,717,train,strong,player_win,-10.0,5,100.0,5,Expert,0.05,0.05,1,1438,92,0.0,0.0,0,0,2
No Tactical,2,718,train,strong,player_win,-10.0,5,100.0,5,Expert,0.05,0.05,1,1440,92,0.0,0.0,0,0,2
No Tactical,2,719,train,strong,player_win,-10.0,5,100.0,5,Expert,0.05,0.05,1,1442,92,0.0,0.0,0,0,2
No Tactical,2,720,train,strong,player_win,-10.0,5,100.0,5,Expert,0.05,0.05,1,1444,92,0.0,0.0,0,0,2
No Tactical,2,721,train,strong,player_win,-10.0,5,100.0,5,Expert,0.05,0.05,1,1446,92,0.0,0.0,0,0,2
No Tactical,2,722,train,strong,player_win,-10.0,5,100.0,5,Expert,0.05,0.05,1,1448,92,0.0,0.0,0,0,2
No Tactical,2,723,train,strong,player_win,-10.0,5,100.0,5,Expert,0.05,0.05,1,1450,92,0.0,0.0,0,0,2
No Tactical,2,724,train,strong,player_win,-10.0,5,100.0,5,Expert,0.05,0.05,1,1452,92,0.0,0.0,0,0,2
No Tactical,2,725,train,strong,player_win,-10.0,5,100.0,5,Expert,0.05,0.05,1,1454,92,0.0,0.0,0,0,2
No Tactical,2,726,train,strong,player_win,-10.0,5,100.0,5,Expert,0.05,0.05,1,1456,92,0.0,0.0,0,0,2
No Tactical,2,727,train,strong,player_win,-10.0,5,100.0,5,Expert,0.05,0.05,1,1458,92,0.0,0.0,0,0,2
No Tactical,2,728,train,strong,player_win,-10.0,5,100.0,5,Expert,0.05,0.05,1,1460,92,0.0,0.0,0,0,2
No Tactical,2,729,train,strong,player_win,-10.0,5,100.0,5,Expert,0.05,0.05,1,1462,92,0.0,0.0,0,0,2
No Tactical,2,730,train,strong,player_win,-10.0,5,100.0,5,Expert,0.05,0.05,1,1464,92,0.0,0.0,0,0,2
No Tactical,2,731,train,strong,player_win,-10.0,5,100.0,5,Expert,0.05,0.05,1,1466,92,0.0,0.0,0,0,2
No Tactical,2,732,train,strong,player_win,-10.0,5,100.0,5,Expert,0.05,0.05,1,1468,92,0.0,0.0,0,0,2
No Tactical,2,733,train,strong,player_win,-10.0,5,100.0,5,Expert,0.05,0.05,1,1470,92,0.0,0.0,0,0,2
No Tactical,2,734,train,strong,player_win,-10.0,5,100.0,5,Expert,0.05,0.05,1,1472,92,0.0,0.0,0,0,2
No Tactical,2,735,train,strong,player_win,-10.0,5,100.0,5,Expert,0.05,0.05,1,1474,92,0.0,0.0,0,0,2
No Tactical,2,736,train,strong,player_win,-10.0,5,100.0,5,Expert,0.05,0.05,1,1476,92,0.0,0.0,0,0,2
No Tactical,2,737,train,strong,player_win,-10.0,5,100.0,5,Expert,0.05,0.05,1,1478,92,0.0,0.0,0,0,2
No Tactical,2,738,train,strong,player_win,-10.0,5,100.0,5,Expert,0.05,0.05,1,1480,92,0.0,0.0,0,0,2
No Tactical,2,739,train,strong,player_win,-10.0,5,100.0,5,Expert,0.05,0.05,1,1482,92,0.0,0.0,0,0,2
No Tactical,2,740,train,strong,player_win,-10.0,5,100.0,5,Expert,0.05,0.05,1,1484,92,0.0,0.0,0,0,2
No Tactical,2,741,train,strong,player_win,-10.0,5,100.0,5,Expert,0.05,0.05,1,1486,92,0.0,0.0,0,0,2
No Tactical,2,742,train,strong,player_win,-10.0,5,100.0,5,Expert,0.05,0.05,1,1488,92,0.0,0.0,0,0,2
No Tactical,2,743,train,strong,player_win,-10.0,5,100.0,5,Expert,0.05,0.05,1,1490,92,0.0,0.0,0,0,2
No Tactical,2,744,train,strong,player_win,-10.0,5,100.0,5,Expert,0.05,0.05,1,1492,92,0.0,0.0,0,0,2
No Tactical,2,745,train,strong,player_win,-10.0,5,100.0,5,Expert,0.05,0.05,1,1494,92,0.0,0.0,0,0,2
No Tactical,2,746,train,strong,player_win,-10.0,5,100.0,5,Expert,0.05,0.05,1,1496,92,0.0,0.0,0,0,2
No Tactical,2,747,train,strong,player_win,-10.0,5,100.0,5,Expert,0.05,0.05,1,1498,92,0.0,0.0,0,0,2
No Tactical,2,748,train,strong,player_win,-10.0,5,100.0,5,Expert,0.05,0.05,1,1500,92,0.0,0.0,0,0,2
No Tactical,2,749,train,strong,player_win,-10.0,7,100.0,5,Expert,0.05,0.05,1,1503,93,0.0,0.0,0,0,3
No Tactical,2,750,train,strong,player_win,-10.0,5,100.0,5,Expert,0.05,0.05,1,1505,93,0.0,0.0,0,0,2
No Tactical,2,751,train,strong,player_win,-10.0,5,100.0,5,Expert,0.05,0.05,1,1507,93,0.0,0.0,0,0,2
No Tactical,2,752,train,strong,player_win,-10.0,5,100.0,5,Expert,0.05,0.05,1,1509,93,0.0,0.0,0,0,2
No Tactical,2,753,train,strong,player_win,-10.0,5,100.0,5,Expert,0.05,0.05,1,1511,93,0.0,0.0,0,0,2
No Tactical,2,754,train,strong,player_win,-10.0,5,100.0,5,Expert,0.05,0.05,1,1513,93,0.0,0.0,0,0,2
No Tactical,2,755,train,strong,player_win,-10.0,5,100.0,5,Expert,0.05,0.05,1,1515,93,0.0,0.0,0,0,2
No Tactical,2,756,train,strong,player_win,-10.0,5,100.0,5,Expert,0.05,0.05,1,1517,93,0.0,0.0,0,0,2
No Tactical,2,757,train,strong,player_win,-10.0,5,100.0,5,Expert,0.05,0.05,1,1519,93,0.0,0.0,0,0,2
No Tactical,2,758,train,strong,player_win,-10.0,5,100.0,5,Expert,0.05,0.05,1,1521,93,0.0,0.0,0,0,2
No Tactical,2,759,train,strong,player_win,-10.0,5,100.0,5,Expert,0.05,0.05,1,1523,93,0.0,0.0,0,0,2
No Tactical,2,760,train,strong,player_win,-10.0,5,100.0,5,Expert,0.05,0.05,1,1525,93,0.0,0.0,0,0,2
No Tactical,2,761,train,strong,player_win,-10.0,5,100.0,5,Expert,0.05,0.05,1,1527,93,0.0,0.0,0,0,2
No Tactical,2,762,train,strong,player_win,-10.0,5,100.0,5,Expert,0.05,0.05,1,1529,93,0.0,0.0,0,0,2
No Tactical,2,763,train,strong,player_win,-10.0,5,100.0,5,Expert,0.05,0.05,1,1531,93,0.0,0.0,0,0,2
No Tactical,2,764,train,strong,player_win,-10.0,5,100.0,5,Expert,0.05,0.05,1,1533,93,0.0,0.0,0,0,2
No Tactical,2,765,train,strong,player_win,-10.0,5,100.0,5,Expert,0.05,0.05,1,1535,93,0.0,0.0,0,0,2
No Tactical,2,766,train,strong,player_win,-10.0,5,100.0,5,Expert,0.05,0.05,1,1537,93,0.0,0.0,0,0,2
No Tactical,2,767,train,strong,player_win,-10.0,5,100.0,5,Expert,0.05,0.05,1,1539,93,0.0,0.0,0,0,2
No Tactical,2,768,train,strong,player_win,-10.0,5,100.0,5,Expert,0.05,0.05,1,1541,93,0.0,0.0,0,0,2
No Tactical,2,769,train,strong,player_win,-10.0,5,100.0,5,Expert,0.05,0.05,1,1543,93,0.0,0.0,0,0,2
No Tactical,2,770,train,strong,player_win,-10.0,5,100.0,5,Expert,0.05,0.05,1,1545,93,0.0,0.0,0,0,2
No Tactical,2,771,train,strong,player_win,-10.0,5,100.0,5,Expert,0.05,0.05,1,1547,93,0.0,0.0,0,0,2
No Tactical,2,772,train,strong,player_win,-10.0,5,100.0,5,Expert,0.05,0.05,1,1549,93,0.0,0.0,0,0,2
No Tactical,2,773,train,strong,player_win,-10.0,5,100.0,5,Expert,0.05,0.05,1,1551,93,0.0,0.0,0,0,2
No Tactical,2,774,train,strong,player_win,-10.0,5,100.0,5,Expert,0.05,0.05,1,1553,93,0.0,0.0,0,0,2
No Tactical,2,775,train,strong,player_win,-10.0,5,100.0,5,Expert,0.05,0.05,1,1555,93,0.0,0.0,0,0,2
No Tactical,2,776,train,strong,player_win,-10.0,5,100.0,5,Expert,0.05,0.05,1,1557,93,0.0,0.0,0,0,2
No Tactical,2,777,train,strong,player_win,-10.0,5,100.0,5,Expert,0.05,0.05,1,1559,93,0.0,0.0,0,0,2
No Tactical,2,778,train,strong,player_win,-10.0,5,100.0,5,Expert,0.05,0.05,1,1561,93,0.0,0.0,0,0,2
No Tactical,2,779,train,strong,player_win,-10.0,5,100.0,5,Expert,0.05,0.05,1,1563,93,0.0,0.0,0,0,2
No Tactical,2,780,train,strong,player_win,-10.0,5,100.0,5,Expert,0.05,0.05,1,1565,93,0.0,0.0,0,0,2
No Tactical,2,781,train,strong,player_win,-10.0,5,100.0,5,Expert,0.05,0.05,1,1567,93,0.0,0.0,0,0,2
No Tactical,2,782,train,strong,player_win,-10.0,5,100.0,5,Expert,0.05,0.05,1,1569,93,0.0,0.0,0,0,2
No Tactical,2,783,train,strong,player_win,-10.0,5,100.0,5,Expert,0.05,0.05,1,1571,93,0.0,0.0,0,0,2
No Tactical,2,784,train,strong,player_win,-10.0,5,100.0,5,Expert,0.05,0.05,1,1573,93,0.0,0.0,0,0,2
No Tactical,2,785,train,strong,player_win,-10.0,5,100.0,5,Expert,0.05,0.05,1,1575,93,0.0,0.0,0,1,1
No Tactical,2,786,train,strong,player_win,-10.0,5,100.0,5,Expert,0.05,0.05,1,1577,93,0.0,0.0,0,0,2
No Tactical,2,787,train,strong,player_win,-10.0,5,100.0,5,Expert,0.05,0.05,1,1579,93,0.0,0.0,0,0,2
No Tactical,2,788,train,strong,player_win,-10.0,5,100.0,5,Expert,0.05,0.05,1,1581,93,0.0,0.0,0,0,2
No Tactical,2,789,train,strong,player_win,-10.0,5,100.0,5,Expert,0.05,0.05,1,1583,93,0.0,0.0,0,0,2
No Tactical,2,790,train,strong,player_win,-10.0,5,100.0,5,Expert,0.05,0.05,1,1585,93,0.0,0.0,0,0,2
No Tactical,2,791,train,strong,player_win,-10.0,5,100.0,5,Expert,0.05,0.05,1,1587,93,0.0,0.0,0,0,2
No Tactical,2,792,train,strong,player_win,-10.0,5,100.0,5,Expert,0.05,0.05,1,1589,93,0.0,0.0,0,1,1
No Tactical,2,793,train,strong,player_win,-10.0,5,100.0,5,Expert,0.05,0.05,1,1591,93,0.0,0.0,0,0,2
No Tactical,2,794,train,strong,player_win,-10.0,5,100.0,5,Expert,0.05,0.05,1,1593,93,0.0,0.0,0,0,2
No Tactical,2,795,train,strong,player_win,-10.0,5,100.0,5,Expert,0.05,0.05,1,1595,93,0.0,0.0,0,0,2
No Tactical,2,796,train,strong,player_win,-10.0,5,100.0,5,Expert,0.05,0.05,1,1597,93,0.0,0.0,0,0,2
No Tactical,2,797,train,strong,player_win,-10.0,5,100.0,5,Expert,0.05,0.05,1,1599,93,0.0,0.0,0,0,2
No Tactical,2,798,train,strong,player_win,-10.0,5,100.0,5,Expert,0.05,0.05,1,1601,93,0.0,0.0,0,0,2
No Tactical,2,799,train,strong,player_win,-10.0,5,100.0,5,Expert,0.05,0.05,1,1603,93,0.0,0.0,0,0,2
No Tactical,2,800,train,strong,player_win,-10.0,5,100.0,5,Expert,0.05,0.05,1,1605,93,0.0,0.0,0,0,2
No Tactical,2,801,eval,strong,player_win,-10.0,5,100.0,5,Expert,0.05,0.0,0,1605,93,0.0,0.0,0,0,2
No Tactical,2,802,eval,strong,player_win,-10.0,5,100.0,5,Expert,0.05,0.0,0,1605,93,0.0,0.0,0,0,2
No Tactical,2,803,eval,strong,player_win,-10.0,5,100.0,5,Expert,0.05,0.0,0,1605,93,0.0,0.0,0,0,2
No Tactical,2,804,eval,strong,player_win,-10.0,5,100.0,5,Expert,0.05,0.0,0,1605,93,0.0,0.0,0,0,2
No Tactical,2,805,eval,strong,player_win,-10.0,5,100.0,5,Expert,0.05,0.0,0,1605,93,0.0,0.0,0,0,2
No Tactical,2,806,eval,strong,player_win,-10.0,5,100.0,5,Expert,0.05,0.0,0,1605,93,0.0,0.0,0,0,2
No Tactical,2,807,eval,strong,player_win,-10.0,5,100.0,5,Expert,0.05,0.0,0,1605,93,0.0,0.0,0,0,2
No Tactical,2,808,eval,strong,player_win,-10.0,5,100.0,5,Expert,0.05,0.0,0,1605,93,0.0,0.0,0,0,2
No Tactical,2,809,eval,strong,player_win,-10.0,5,100.0,5,Expert,0.05,0.0,0,1605,93,0.0,0.0,0,0,2
No Tactical,2,810,eval,strong,player_win,-10.0,5,100.0,5,Expert,0.05,0.0,0,1605,93,0.0,0.0,0,0,2
No Tactical,2,811,eval,strong,player_win,-10.0,5,100.0,5,Expert,0.05,0.0,0,1605,93,0.0,0.0,0,0,2
No Tactical,2,812,eval,strong,player_win,-10.0,5,100.0,5,Expert,0.05,0.0,0,1605,93,0.0,0.0,0,0,2
No Tactical,2,813,eval,strong,player_win,-10.0,5,100.0,5,Expert,0.05,0.0,0,1605,93,0.0,0.0,0,0,2
No Tactical,2,814,eval,strong,player_win,-10.0,5,100.0,5,Expert,0.05,0.0,0,1605,93,0.0,0.0,0,0,2
No Tactical,2,815,eval,strong,player_win,-10.0,5,100.0,5,Expert,0.05,0.0,0,1605,93,0.0,0.0,0,0,2
No Tactical,2,816,eval,strong,player_win,-10.0,5,100.0,5,Expert,0.05,0.0,0,1605,93,0.0,0.0,0,0,2
No Tactical,2,817,eval,strong,player_win,-10.0,5,100.0,5,Expert,0.05,0.0,0,1605,93,0.0,0.0,0,0,2
No Tactical,2,818,eval,strong,player_win,-10.0,5,100.0,5,Expert,0.05,0.0,0,1605,93,0.0,0.0,0,0,2
No Tactical,2,819,eval,strong,player_win,-10.0,5,100.0,5,Expert,0.05,0.0,0,1605,93,0.0,0.0,0,0,2
No Tactical,2,820,eval,strong,player_win,-10.0,5,100.0,5,Expert,0.05,0.0,0,1605,93,0.0,0.0,0,0,2
No Tactical,2,821,eval,strong,player_win,-10.0,5,100.0,5,Expert,0.05,0.0,0,1605,93,0.0,0.0,0,0,2
No Tactical,2,822,eval,strong,player_win,-10.0,5,100.0,5,Expert,0.05,0.0,0,1605,93,0.0,0.0,0,0,2
No Tactical,2,823,eval,strong,player_win,-10.0,5,100.0,5,Expert,0.05,0.0,0,1605,93,0.0,0.0,0,0,2
No Tactical,2,824,eval,strong,player_win,-10.0,5,100.0,5,Expert,0.05,0.0,0,1605,93,0.0,0.0,0,0,2
No Tactical,2,825,eval,strong,player_win,-10.0,5,100.0,5,Expert,0.05,0.0,0,1605,93,0.0,0.0,0,0,2
No Tactical,2,826,eval,strong,player_win,-10.0,5,100.0,5,Expert,0.05,0.0,0,1605,93,0.0,0.0,0,0,2
No Tactical,2,827,eval,strong,player_win,-10.0,5,100.0,5,Expert,0.05,0.0,0,1605,93,0.0,0.0,0,0,2
No Tactical,2,828,eval,strong,player_win,-10.0,5,100.0,5,Expert,0.05,0.0,0,1605,93,0.0,0.0,0,0,2
No Tactical,2,829,eval,strong,player_win,-10.0,5,100.0,5,Expert,0.05,0.0,0,1605,93,0.0,0.0,0,0,2
No Tactical,2,830,eval,strong,player_win,-10.0,5,100.0,5,Expert,0.05,0.0,0,1605,93,0.0,0.0,0,0,2
No Tactical,2,831,eval,strong,player_win,-10.0,5,100.0,5,Expert,0.05,0.0,0,1605,93,0.0,0.0,0,0,2
No Tactical,2,832,eval,strong,player_win,-10.0,5,100.0,5,Expert,0.05,0.0,0,1605,93,0.0,0.0,0,0,2
No Tactical,2,833,eval,strong,player_win,-10.0,5,100.0,5,Expert,0.05,0.0,0,1605,93,0.0,0.0,0,0,2
No Tactical,2,834,eval,strong,player_win,-10.0,5,100.0,5,Expert,0.05,0.0,0,1605,93,0.0,0.0,0,0,2
No Tactical,2,835,eval,strong,player_win,-10.0,5,100.0,5,Expert,0.05,0.0,0,1605,93,0.0,0.0,0,0,2
No Tactical,2,836,eval,strong,player_win,-10.0,5,100.0,5,Expert,0.05,0.0,0,1605,93,0.0,0.0,0,0,2
No Tactical,2,837,eval,strong,player_win,-10.0,7,100.0,5,Expert,0.05,0.0,0,1605,93,0.0,0.0,0,0,3
No Tactical,2,838,eval,strong,player_win,-10.0,5,100.0,5,Expert,0.05,0.0,0,1605,93,0.0,0.0,0,0,2
No Tactical,2,839,eval,strong,player_win,-10.0,5,100.0,5,Expert,0.05,0.0,0,1605,93,0.0,0.0,0,0,2
No Tactical,2,840,eval,strong,player_win,-10.0,5,100.0,5,Expert,0.05,0.0,0,1605,93,0.0,0.0,0,0,2
No Tactical,2,841,eval,strong,player_win,-10.0,5,100.0,5,Expert,0.05,0.0,0,1605,93,0.0,0.0,0,0,2
No Tactical,2,842,eval,strong,player_win,-10.0,5,100.0,5,Expert,0.05,0.0,0,1605,93,0.0,0.0,0,0,2
No Tactical,2,843,eval,strong,player_win,-10.0,5,100.0,5,Expert,0.05,0.0,0,1605,93,0.0,0.0,0,0,2
No Tactical,2,844,eval,strong,player_win,-10.0,5,100.0,5,Expert,0.05,0.0,0,1605,93,0.0,0.0,0,0,2
No Tactical,2,845,eval,strong,player_win,-10.0,5,100.0,5,Expert,0.05,0.0,0,1605,93,0.0,0.0,0,0,2
No Tactical,2,846,eval,strong,player_win,-10.0,5,100.0,5,Expert,0.05,0.0,0,1605,93,0.0,0.0,0,0,2
No Tactical,2,847,eval,strong,player_win,-10.0,7,100.0,5,Expert,0.05,0.0,0,1605,93,0.0,0.0,0,0,3
No Tactical,2,848,eval,strong,player_win,-10.0,5,100.0,5,Expert,0.05,0.0,0,1605,93,0.0,0.0,0,0,2
No Tactical,2,849,eval,strong,player_win,-10.0,5,100.0,5,Expert,0.05,0.0,0,1605,93,0.0,0.0,0,0,2
No Tactical,2,850,eval,strong,player_win,-10.0,5,100.0,5,Expert,0.05,0.0,0,1605,93,0.0,0.0,0,0,2
No Tactical,2,851,eval,strong,player_win,-10.0,5,100.0,5,Expert,0.05,0.0,0,1605,93,0.0,0.0,0,0,2
No Tactical,2,852,eval,strong,player_win,-10.0,5,100.0,5,Expert,0.05,0.0,0,1605,93,0.0,0.0,0,0,2
No Tactical,2,853,eval,strong,player_win,-10.0,5,100.0,5,Expert,0.05,0.0,0,1605,93,0.0,0.0,0,0,2
No Tactical,2,854,eval,strong,player_win,-10.0,5,100.0,5,Expert,0.05,0.0,0,1605,93,0.0,0.0,0,0,2
No Tactical,2,855,eval,strong,player_win,-10.0,5,100.0,5,Expert,0.05,0.0,0,1605,93,0.0,0.0,0,0,2
No Tactical,2,856,eval,strong,player_win,-10.0,7,100.0,5,Expert,0.05,0.0,0,1605,93,0.0,0.0,0,0,3
No Tactical,2,857,eval,strong,player_win,-10.0,5,100.0,5,Expert,0.05,0.0,0,1605,93,0.0,0.0,0,0,2
No Tactical,2,858,eval,strong,player_win,-10.0,5,100.0,5,Expert,0.05,0.0,0,1605,93,0.0,0.0,0,0,2
No Tactical,2,859,eval,strong,player_win,-10.0,5,100.0,5,Expert,0.05,0.0,0,1605,93,0.0,0.0,0,0,2
No Tactical,2,860,eval,strong,player_win,-10.0,5,100.0,5,Expert,0.05,0.0,0,1605,93,0.0,0.0,0,0,2
No Tactical,2,861,eval,strong,player_win,-10.0,5,100.0,5,Expert,0.05,0.0,0,1605,93,0.0,0.0,0,0,2
No Tactical,2,862,eval,strong,player_win,-10.0,5,100.0,5,Expert,0.05,0.0,0,1605,93,0.0,0.0,0,0,2
No Tactical,2,863,eval,strong,player_win,-10.0,5,100.0,5,Expert,0.05,0.0,0,1605,93,0.0,0.0,0,0,2
No Tactical,2,864,eval,strong,player_win,-10.0,5,100.0,5,Expert,0.05,0.0,0,1605,93,0.0,0.0,0,0,2
No Tactical,2,865,eval,strong,player_win,-10.0,5,100.0,5,Expert,0.05,0.0,0,1605,93,0.0,0.0,0,0,2
No Tactical,2,866,eval,strong,player_win,-10.0,5,100.0,5,Expert,0.05,0.0,0,1605,93,0.0,0.0,0,0,2
No Tactical,2,867,eval,strong,player_win,-10.0,5,100.0,5,Expert,0.05,0.0,0,1605,93,0.0,0.0,0,0,2
No Tactical,2,868,eval,strong,player_win,-10.0,5,100.0,5,Expert,0.05,0.0,0,1605,93,0.0,0.0,0,0,2
No Tactical,2,869,eval,strong,player_win,-10.0,5,100.0,5,Expert,0.05,0.0,0,1605,93,0.0,0.0,0,0,2
No Tactical,2,870,eval,strong,player_win,-10.0,5,100.0,5,Expert,0.05,0.0,0,1605,93,0.0,0.0,0,0,2
No Tactical,2,871,eval,strong,player_win,-10.0,5,100.0,5,Expert,0.05,0.0,0,1605,93,0.0,0.0,0,0,2
No Tactical,2,872,eval,strong,player_win,-10.0,5,100.0,5,Expert,0.05,0.0,0,1605,93,0.0,0.0,0,0,2
No Tactical,2,873,eval,strong,player_win,-10.0,5,100.0,5,Expert,0.05,0.0,0,1605,93,0.0,0.0,0,0,2
No Tactical,2,874,eval,strong,player_win,-10.0,5,100.0,5,Expert,0.05,0.0,0,1605,93,0.0,0.0,0,0,2
No Tactical,2,875,eval,strong,player_win,-10.0,5,100.0,5,Expert,0.05,0.0,0,1605,93,0.0,0.0,0,0,2
No Tactical,2,876,eval,strong,player_win,-10.0,5,100.0,5,Expert,0.05,0.0,0,1605,93,0.0,0.0,0,0,2
No Tactical,2,877,eval,strong,player_win,-10.0,5,100.0,5,Expert,0.05,0.0,0,1605,93,0.0,0.0,0,0,2
No Tactical,2,878,eval,strong,player_win,-10.0,5,100.0,5,Expert,0.05,0.0,0,1605,93,0.0,0.0,0,0,2
No Tactical,2,879,eval,strong,player_win,-10.0,5,100.0,5,Expert,0.05,0.0,0,1605,93,0.0,0.0,0,0,2
No Tactical,2,880,eval,strong,player_win,-10.0,5,100.0,5,Expert,0.05,0.0,0,1605,93,0.0,0.0,0,0,2
No Tactical,2,881,eval,strong,player_win,-10.0,5,100.0,5,Expert,0.05,0.0,0,1605,93,0.0,0.0,0,0,2
No Tactical,2,882,eval,strong,player_win,-10.0,5,100.0,5,Expert,0.05,0.0,0,1605,93,0.0,0.0,0,0,2
No Tactical,2,883,eval,strong,player_win,-10.0,5,100.0,5,Expert,0.05,0.0,0,1605,93,0.0,0.0,0,0,2
No Tactical,2,884,eval,strong,player_win,-10.0,5,100.0,5,Expert,0.05,0.0,0,1605,93,0.0,0.0,0,0,2
No Tactical,2,885,eval,strong,player_win,-10.0,5,100.0,5,Expert,0.05,0.0,0,1605,93,0.0,0.0,0,0,2
No Tactical,2,886,eval,strong,player_win,-10.0,5,100.0,5,Expert,0.05,0.0,0,1605,93,0.0,0.0,0,0,2
No Tactical,2,887,eval,strong,player_win,-10.0,5,100.0,5,Expert,0.05,0.0,0,1605,93,0.0,0.0,0,0,2
No Tactical,2,888,eval,strong,player_win,-10.0,5,100.0,5,Expert,0.05,0.0,0,1605,93,0.0,0.0,0,0,2
No Tactical,2,889,eval,strong,player_win,-10.0,5,100.0,5,Expert,0.05,0.0,0,1605,93,0.0,0.0,0,0,2
No Tactical,2,890,eval,strong,player_win,-10.0,5,100.0,5,Expert,0.05,0.0,0,1605,93,0.0,0.0,0,0,2
No Tactical,2,891,eval,strong,player_win,-10.0,5,100.0,5,Expert,0.05,0.0,0,1605,93,0.0,0.0,0,0,2
No Tactical,2,892,eval,strong,player_win,-10.0,5,100.0,5,Expert,0.05,0.0,0,1605,93,0.0,0.0,0,0,2
No Tactical,2,893,eval,strong,player_win,-10.0,5,100.0,5,Expert,0.05,0.0,0,1605,93,0.0,0.0,0,0,2
No Tactical,2,894,eval,strong,player_win,-10.0,5,100.0,5,Expert,0.05,0.0,0,1605,93,0.0,0.0,0,0,2
No Tactical,2,895,eval,strong,player_win,-10.0,5,100.0,5,Expert,0.05,0.0,0,1605,93,0.0,0.0,0,0,2
No Tactical,2,896,eval,strong,player_win,-10.0,5,100.0,5,Expert,0.05,0.0,0,1605,93,0.0,0.0,0,0,2
No Tactical,2,897,eval,strong,player_win,-10.0,5,100.0,5,Expert,0.05,0.0,0,1605,93,0.0,0.0,0,0,2
No Tactical,2,898,eval,strong,player_win,-10.0,5,100.0,5,Expert,0.05,0.0,0,1605,93,0.0,0.0,0,0,2
No Tactical,2,899,eval,strong,player_win,-10.0,5,100.0,5,Expert,0.05,0.0,0,1605,93,0.0,0.0,0,0,2
No Tactical,2,900,eval,strong,player_win,-10.0,5,100.0,5,Expert,0.05,0.0,0,1605,93,0.0,0.0,0,0,2
No Tactical,2,901,eval,strong,player_win,-10.0,5,100.0,5,Expert,0.05,0.0,0,1605,93,0.0,0.0,0,0,2
No Tactical,2,902,eval,strong,player_win,-10.0,5,100.0,5,Expert,0.05,0.0,0,1605,93,0.0,0.0,0,0,2
No Tactical,2,903,eval,strong,player_win,-10.0,5,100.0,5,Expert,0.05,0.0,0,1605,93,0.0,0.0,0,0,2
No Tactical,2,904,eval,strong,player_win,-10.0,5,100.0,5,Expert,0.05,0.0,0,1605,93,0.0,0.0,0,0,2
No Tactical,2,905,eval,strong,player_win,-10.0,5,100.0,5,Expert,0.05,0.0,0,1605,93,0.0,0.0,0,0,2
No Tactical,2,906,eval,strong,player_win,-10.0,5,100.0,5,Expert,0.05,0.0,0,1605,93,0.0,0.0,0,0,2
No Tactical,2,907,eval,strong,player_win,-10.0,5,100.0,5,Expert,0.05,0.0,0,1605,93,0.0,0.0,0,0,2
No Tactical,2,908,eval,strong,player_win,-10.0,5,100.0,5,Expert,0.05,0.0,0,1605,93,0.0,0.0,0,0,2
No Tactical,2,909,eval,strong,player_win,-10.0,5,100.0,5,Expert,0.05,0.0,0,1605,93,0.0,0.0,0,0,2
No Tactical,2,910,eval,strong,player_win,-10.0,5,100.0,5,Expert,0.05,0.0,0,1605,93,0.0,0.0,0,0,2
No Tactical,2,911,eval,strong,player_win,-10.0,5,100.0,5,Expert,0.05,0.0,0,1605,93,0.0,0.0,0,0,2
No Tactical,2,912,eval,strong,player_win,-10.0,5,100.0,5,Expert,0.05,0.0,0,1605,93,0.0,0.0,0,0,2
No Tactical,2,913,eval,strong,player_win,-10.0,5,100.0,5,Expert,0.05,0.0,0,1605,93,0.0,0.0,0,0,2
No Tactical,2,914,eval,strong,player_win,-10.0,7,100.0,5,Expert,0.05,0.0,0,1605,93,0.0,0.0,0,0,3
No Tactical,2,915,eval,strong,player_win,-10.0,5,100.0,5,Expert,0.05,0.0,0,1605,93,0.0,0.0,0,0,2
No Tactical,2,916,eval,strong,player_win,-10.0,5,100.0,5,Expert,0.05,0.0,0,1605,93,0.0,0.0,0,0,2
No Tactical,2,917,eval,strong,player_win,-10.0,5,100.0,5,Expert,0.05,0.0,0,1605,93,0.0,0.0,0,0,2
No Tactical,2,918,eval,strong,player_win,-10.0,5,100.0,5,Expert,0.05,0.0,0,1605,93,0.0,0.0,0,0,2
No Tactical,2,919,eval,strong,player_win,-10.0,5,100.0,5,Expert,0.05,0.0,0,1605,93,0.0,0.0,0,0,2
No Tactical,2,920,eval,strong,player_win,-10.0,5,100.0,5,Expert,0.05,0.0,0,1605,93,0.0,0.0,0,0,2
No Tactical,2,921,eval,strong,player_win,-10.0,5,100.0,5,Expert,0.05,0.0,0,1605,93,0.0,0.0,0,0,2
No Tactical,2,922,eval,strong,player_win,-10.0,5,100.0,5,Expert,0.05,0.0,0,1605,93,0.0,0.0,0,0,2
No Tactical,2,923,eval,strong,player_win,-10.0,5,100.0,5,Expert,0.05,0.0,0,1605,93,0.0,0.0,0,0,2
No Tactical,2,924,eval,strong,player_win,-10.0,5,100.0,5,Expert,0.05,0.0,0,1605,93,0.0,0.0,0,0,2
No Tactical,2,925,eval,strong,player_win,-10.0,5,100.0,5,Expert,0.05,0.0,0,1605,93,0.0,0.0,0,0,2
No Tactical,2,926,eval,strong,player_win,-10.0,5,100.0,5,Expert,0.05,0.0,0,1605,93,0.0,0.0,0,0,2
No Tactical,2,927,eval,strong,player_win,-10.0,5,100.0,5,Expert,0.05,0.0,0,1605,93,0.0,0.0,0,0,2
No Tactical,2,928,eval,strong,player_win,-10.0,5,100.0,5,Expert,0.05,0.0,0,1605,93,0.0,0.0,0,0,2
No Tactical,2,929,eval,strong,player_win,-10.0,5,100.0,5,Expert,0.05,0.0,0,1605,93,0.0,0.0,0,0,2
No Tactical,2,930,eval,strong,player_win,-10.0,5,100.0,5,Expert,0.05,0.0,0,1605,93,0.0,0.0,0,0,2
No Tactical,2,931,eval,strong,player_win,-10.0,5,100.0,5,Expert,0.05,0.0,0,1605,93,0.0,0.0,0,0,2
No Tactical,2,932,eval,strong,player_win,-10.0,5,100.0,5,Expert,0.05,0.0,0,1605,93,0.0,0.0,0,0,2
No Tactical,2,933,eval,strong,player_win,-10.0,5,100.0,5,Expert,0.05,0.0,0,1605,93,0.0,0.0,0,0,2
No Tactical,2,934,eval,strong,player_win,-10.0,5,100.0,5,Expert,0.05,0.0,0,1605,93,0.0,0.0,0,0,2
No Tactical,2,935,eval,strong,player_win,-10.0,5,100.0,5,Expert,0.05,0.0,0,1605,93,0.0,0.0,0,0,2
No Tactical,2,936,eval,strong,player_win,-10.0,5,100.0,5,Expert,0.05,0.0,0,1605,93,0.0,0.0,0,0,2
No Tactical,2,937,eval,strong,player_win,-10.0,5,100.0,5,Expert,0.05,0.0,0,1605,93,0.0,0.0,0,0,2
No Tactical,2,938,eval,strong,player_win,-10.0,5,100.0,5,Expert,0.05,0.0,0,1605,93,0.0,0.0,0,0,2
No Tactical,2,939,eval,strong,player_win,-10.0,5,100.0,5,Expert,0.05,0.0,0,1605,93,0.0,0.0,0,0,2
No Tactical,2,940,eval,strong,player_win,-10.0,5,100.0,5,Expert,0.05,0.0,0,1605,93,0.0,0.0,0,0,2
No Tactical,2,941,eval,strong,player_win,-10.0,5,100.0,5,Expert,0.05,0.0,0,1605,93,0.0,0.0,0,0,2
No Tactical,2,942,eval,strong,player_win,-10.0,5,100.0,5,Expert,0.05,0.0,0,1605,93,0.0,0.0,0,0,2
No Tactical,2,943,eval,strong,player_win,-10.0,5,100.0,5,Expert,0.05,0.0,0,1605,93,0.0,0.0,0,0,2
No Tactical,2,944,eval,strong,player_win,-10.0,5,100.0,5,Expert,0.05,0.0,0,1605,93,0.0,0.0,0,0,2
No Tactical,2,945,eval,strong,player_win,-10.0,5,100.0,5,Expert,0.05,0.0,0,1605,93,0.0,0.0,0,0,2
No Tactical,2,946,eval,strong,player_win,-10.0,5,100.0,5,Expert,0.05,0.0,0,1605,93,0.0,0.0,0,0,2
No Tactical,2,947,eval,strong,player_win,-10.0,5,100.0,5,Expert,0.05,0.0,0,1605,93,0.0,0.0,0,0,2
No Tactical,2,948,eval,strong,player_win,-10.0,5,100.0,5,Expert,0.05,0.0,0,1605,93,0.0,0.0,0,0,2
No Tactical,2,949,eval,strong,player_win,-10.0,5,100.0,5,Expert,0.05,0.0,0,1605,93,0.0,0.0,0,0,2
No Tactical,2,950,eval,strong,player_win,-10.0,5,100.0,5,Expert,0.05,0.0,0,1605,93,0.0,0.0,0,0,2
No Tactical,2,951,eval,strong,player_win,-10.0,5,100.0,5,Expert,0.05,0.0,0,1605,93,0.0,0.0,0,0,2
No Tactical,2,952,eval,strong,player_win,-10.0,5,100.0,5,Expert,0.05,0.0,0,1605,93,0.0,0.0,0,0,2
No Tactical,2,953,eval,strong,player_win,-10.0,5,100.0,5,Expert,0.05,0.0,0,1605,93,0.0,0.0,0,0,2
No Tactical,2,954,eval,strong,player_win,-10.0,5,100.0,5,Expert,0.05,0.0,0,1605,93,0.0,0.0,0,0,2
No Tactical,2,955,eval,strong,player_win,-10.0,5,100.0,5,Expert,0.05,0.0,0,1605,93,0.0,0.0,0,0,2
No Tactical,2,956,eval,strong,player_win,-10.0,5,100.0,5,Expert,0.05,0.0,0,1605,93,0.0,0.0,0,0,2
No Tactical,2,957,eval,strong,player_win,-10.0,5,100.0,5,Expert,0.05,0.0,0,1605,93,0.0,0.0,0,0,2
No Tactical,2,958,eval,strong,player_win,-10.0,5,100.0,5,Expert,0.05,0.0,0,1605,93,0.0,0.0,0,0,2
No Tactical,2,959,eval,strong,player_win,-10.0,5,100.0,5,Expert,0.05,0.0,0,1605,93,0.0,0.0,0,0,2
No Tactical,2,960,eval,strong,player_win,-10.0,5,100.0,5,Expert,0.05,0.0,0,1605,93,0.0,0.0,0,0,2
No Tactical,2,961,eval,strong,player_win,-10.0,5,100.0,5,Expert,0.05,0.0,0,1605,93,0.0,0.0,0,0,2
No Tactical,2,962,eval,strong,player_win,-10.0,5,100.0,5,Expert,0.05,0.0,0,1605,93,0.0,0.0,0,0,2
No Tactical,2,963,eval,strong,player_win,-10.0,5,100.0,5,Expert,0.05,0.0,0,1605,93,0.0,0.0,0,0,2
No Tactical,2,964,eval,strong,player_win,-10.0,5,100.0,5,Expert,0.05,0.0,0,1605,93,0.0,0.0,0,0,2
No Tactical,2,965,eval,strong,player_win,-10.0,5,100.0,5,Expert,0.05,0.0,0,1605,93,0.0,0.0,0,0,2
No Tactical,2,966,eval,strong,player_win,-10.0,5,100.0,5,Expert,0.05,0.0,0,1605,93,0.0,0.0,0,0,2
No Tactical,2,967,eval,strong,player_win,-10.0,5,100.0,5,Expert,0.05,0.0,0,1605,93,0.0,0.0,0,0,2
No Tactical,2,968,eval,strong,player_win,-10.0,5,100.0,5,Expert,0.05,0.0,0,1605,93,0.0,0.0,0,0,2
No Tactical,2,969,eval,strong,player_win,-10.0,5,100.0,5,Expert,0.05,0.0,0,1605,93,0.0,0.0,0,0,2
No Tactical,2,970,eval,strong,player_win,-10.0,5,100.0,5,Expert,0.05,0.0,0,1605,93,0.0,0.0,0,0,2
No Tactical,2,971,eval,strong,player_win,-10.0,5,100.0,5,Expert,0.05,0.0,0,1605,93,0.0,0.0,0,0,2
No Tactical,2,972,eval,strong,player_win,-10.0,5,100.0,5,Expert,0.05,0.0,0,1605,93,0.0,0.0,0,0,2
No Tactical,2,973,eval,strong,player_win,-10.0,5,100.0,5,Expert,0.05,0.0,0,1605,93,0.0,0.0,0,0,2
No Tactical,2,974,eval,strong,player_win,-10.0,5,100.0,5,Expert,0.05,0.0,0,1605,93,0.0,0.0,0,0,2
No Tactical,2,975,eval,strong,player_win,-10.0,5,100.0,5,Expert,0.05,0.0,0,1605,93,0.0,0.0,0,0,2
No Tactical,2,976,eval,strong,player_win,-10.0,5,100.0,5,Expert,0.05,0.0,0,1605,93,0.0,0.0,0,0,2
No Tactical,2,977,eval,strong,player_win,-10.0,5,100.0,5,Expert,0.05,0.0,0,1605,93,0.0,0.0,0,0,2
No Tactical,2,978,eval,strong,player_win,-10.0,5,100.0,5,Expert,0.05,0.0,0,1605,93,0.0,0.0,0,0,2
No Tactical,2,979,eval,strong,player_win,-10.0,5,100.0,5,Expert,0.05,0.0,0,1605,93,0.0,0.0,0,0,2
No Tactical,2,980,eval,strong,player_win,-10.0,5,100.0,5,Expert,0.05,0.0,0,1605,93,0.0,0.0,0,0,2
No Tactical,2,981,eval,strong,player_win,-10.0,5,100.0,5,Expert,0.05,0.0,0,1605,93,0.0,0.0,0,0,2
No Tactical,2,982,eval,strong,player_win,-10.0,5,100.0,5,Expert,0.05,0.0,0,1605,93,0.0,0.0,0,0,2
No Tactical,2,983,eval,strong,player_win,-10.0,5,100.0,5,Expert,0.05,0.0,0,1605,93,0.0,0.0,0,0,2
No Tactical,2,984,eval,strong,player_win,-10.0,5,100.0,5,Expert,0.05,0.0,0,1605,93,0.0,0.0,0,0,2
No Tactical,2,985,eval,strong,player_win,-10.0,5,100.0,5,Expert,0.05,0.0,0,1605,93,0.0,0.0,0,0,2
No Tactical,2,986,eval,strong,player_win,-10.0,5,100.0,5,Expert,0.05,0.0,0,1605,93,0.0,0.0,0,0,2
No Tactical,2,987,eval,strong,player_win,-10.0,5,100.0,5,Expert,0.05,0.0,0,1605,93,0.0,0.0,0,0,2
No Tactical,2,988,eval,strong,player_win,-10.0,5,100.0,5,Expert,0.05,0.0,0,1605,93,0.0,0.0,0,0,2
No Tactical,2,989,eval,strong,player_win,-10.0,5,100.0,5,Expert,0.05,0.0,0,1605,93,0.0,0.0,0,0,2
No Tactical,2,990,eval,strong,player_win,-10.0,5,100.0,5,Expert,0.05,0.0,0,1605,93,0.0,0.0,0,0,2
No Tactical,2,991,eval,strong,player_win,-10.0,5,100.0,5,Expert,0.05,0.0,0,1605,93,0.0,0.0,0,0,2
No Tactical,2,992,eval,strong,player_win,-10.0,5,100.0,5,Expert,0.05,0.0,0,1605,93,0.0,0.0,0,0,2
No Tactical,2,993,eval,strong,player_win,-10.0,5,100.0,5,Expert,0.05,0.0,0,1605,93,0.0,0.0,0,0,2
No Tactical,2,994,eval,strong,player_win,-10.0,5,100.0,5,Expert,0.05,0.0,0,1605,93,0.0,0.0,0,0,2
No Tactical,2,995,eval,strong,player_win,-10.0,5,100.0,5,Expert,0.05,0.0,0,1605,93,0.0,0.0,0,0,2
No Tactical,2,996,eval,strong,player_win,-10.0,5,100.0,5,Expert,0.05,0.0,0,1605,93,0.0,0.0,0,0,2
No Tactical,2,997,eval,strong,player_win,-10.0,5,100.0,5,Expert,0.05,0.0,0,1605,93,0.0,0.0,0,0,2
No Tactical,2,998,eval,strong,player_win,-10.0,5,100.0,5,Expert,0.05,0.0,0,1605,93,0.0,0.0,0,0,2
No Tactical,2,999,eval,strong,player_win,-10.0,5,100.0,5,Expert,0.05,0.0,0,1605,93,0.0,0.0,0,0,2
No Tactical,2,1000,eval,strong,player_win,-10.0,5,100.0,5,Expert,0.05,0.0,0,1605,93,0.0,0.0,0,0,2
No Tactical,3,1,train,strong,player_win,-10.0,5,60.0,1,Very Easy,0.95,1.0,1,2,2,0.0,0.0,0,2,0
No Tactical,3,2,train,strong,player_win,-10.0,5,70.0,1,Very Easy,0.9025,1.0,1,4,4,0.0,0.0,0,2,0
No Tactical,3,3,train,strong,player_win,-10.0,5,80.0,5,Expert,0.8573749999999999,0.21434374999999997,1,6,6,0.0,0.0,0,2,0
No Tactical,3,4,train,strong,player_win,-10.0,5,90.0,5,Expert,0.8145062499999999,0.20362656249999997,1,8,7,0.0,0.0,0,1,1
No Tactical,3,5,train,strong,player_win,-10.0,5,100.0,5,Expert,0.7737809374999999,0.19344523437499997,1,10,8,0.0,0.0,0,0,2
No Tactical,3,6,train,strong,player_win,-10.0,5,100.0,5,Expert,0.7350918906249998,0.18377297265624995,1,12,9,0.0,0.0,0,0,2
No Tactical,3,7,train,strong,player_win,-10.0,5,100.0,5,Expert,0.6983372960937497,0.17458432402343743,1,14,9,0.0,0.0,0,0,2
No Tactical,3,8,train,strong,player_win,-10.0,5,100.0,5,Expert,0.6634204312890623,0.16585510782226556,1,16,10,0.0,0.0,0,1,1
No Tactical,3,9,train,strong,player_win,-10.0,5,100.0,5,Expert,0.6302494097246091,0.15756235243115227,1,18,11,0.0,0.0,0,1,1
No Tactical,3,10,train,strong,player_win,-10.0,5,100.0,5,Expert,0.5987369392383786,0.14968423480959464,1,20,13,0.0,0.0,0,0,2
No Tactical,3,11,train,strong,player_win,-10.0,5,100.0,5,Expert,0.5688000922764596,0.1422000230691149,1,22,14,0.0,0.0,0,0,2
No Tactical,3,12,train,strong,player_win,-10.0,5,100.0,5,Expert,0.5403600876626365,0.13509002191565914,1,24,15,0.0,0.0,0,1,1
No Tactical,3,13,train,strong,player_win,-10.0,5,100.0,5,Expert,0.5133420832795047,0.12833552081987618,1,26,16,0.0,0.0,0,1,1
No Tactical,3,14,train,strong,player_win,-10.0,5,100.0,5,Expert,0.48767497911552943,0.12191874477888236,1,28,17,0.0,0.0,0,0,2
No Tactical,3,15,train,strong,player_win,-10.0,5,100.0,5,Expert,0.46329123015975293,0.11582280753993823,1,30,17,0.0,0.0,0,0,2
No Tactical,3,16,train,strong,player_win,-10.0,5,100.0,5,Expert,0.44012666865176525,0.11003166716294131,1,32,17,0.0,0.0,0,0,2
No Tactical,3,17,train,strong,player_win,-10.0,5,100.0,5,Expert,0.41812033521917696,0.10453008380479424,1,34,17,0.0,0.0,0,1,1
No Tactical,3,18,train,strong,player_win,-10.0,5,100.0,5,Expert,0.3972143184582181,0.09930357961455452,1,36,18,0.0,0.0,0,0,2
No Tactical,3,19,train,strong,player_win,-10.0,5,100.0,5,Expert,0.37735360253530714,0.09433840063382679,1,38,19,0.0,0.0,0,0,2
No Tactical,3,20,train,strong,player_win,-10.0,5,100.0,5,Expert,0.35848592240854177,0.08962148060213544,1,40,19,0.0,0.0,0,0,2
No Tactical,3,21,train,strong,player_win,-10.0,5,100.0,5,Expert,0.34056162628811465,0.08514040657202866,1,42,20,0.0,0.0,0,1,1
No Tactical,3,22,train,strong,player_win,-10.0,5,100.0,5,Expert,0.3235335449737089,0.08088338624342722,1,44,21,0.0,0.0,0,0,2
No Tactical,3,23,train,strong,player_win,-10.0,5,100.0,5,Expert,0.30735686772502346,0.07683921693125587,1,46,22,0.0,0.0,0,1,1
No Tactical,3,24,train,strong,player_win,-10.0,5,100.0,5,Expert,0.2919890243387723,0.07299725608469307,1,48,22,0.0,0.0,0,0,2
No Tactical,3,25,train,strong,player_win,-10.0,5,100.0,5,Expert,0.27738957312183365,0.06934739328045841,1,50,23,0.0,0.0,0,0,2
No Tactical,3,26,train,strong,player_win,-10.0,5,100.0,5,Expert,0.263520094465742,0.0658800236164355,1,52,24,0.0,0.0,0,0,2
No Tactical,3,27,train,strong,player_win,-10.0,5,100.0,5,Expert,0.25034408974245487,0.06258602243561372,1,54,25,0.0,0.0,0,0,2
No Tactical,3,28,train,strong,player_win,-10.0,5,100.0,5,Expert,0.2378268852553321,0.059456721313833026,1,56,26,0.0,0.0,0,1,1
No Tactical,3,29,train,strong,player_win,-10.0,5,100.0,5,Expert,0.2259355409925655,0.05648388524814137,1,58,27,0.0,0.0,0,0,2
No Tactical,3,30,train,strong,player_win,-10.0,5,100.0,5,Expert,0.2146387639429372,0.0536596909857343,1,60,27,0.0,0.0,0,0,2
No Tactical,3,31,train,strong,player_win,-10.0,5,100.0,5,Expert,0.20390682574579033,0.05097670643644758,1,62,28,0.0,0.0,0,0,2
No Tactical,3,32,train,strong,player_win,-10.0,5,100.0,5,Expert,0.1937114844585008,0.05,1,64,28,0.0,0.0,0,0,2
No Tactical,3,33,train,strong,player_win,-10.0,5,100.0,5,Expert,0.18402591023557577,0.05,1,66,29,0.0,0.0,0,0,2
No Tactical,3,34,train,strong,player_win,-10.0,5,100.0,5,Expert,0.17482461472379698,0.05,1,68,30,0.0,0.0,0,0,2
No Tactical,3,35,train,strong,player_win,-10.0,5,100.0,5,Expert,0.16608338398760714,0.05,1,70,31,0.0,0.0,0,0,2
No Tactical,3,36,train,strong,player_win,-10.0,5,100.0,5,Expert,0.15777921478822676,0.05,1,72,32,0.0,0.0,0,0,2
No Tactical,3,37,train,strong,player_win,-10.0,5,100.0,5,Expert,0.14989025404881542,0.05,1,74,32,0.0,0.0,0,0,2
No Tactical,3,38,train,strong,player_win,-10.0,5,100.0,5,Expert,0.14239574134637464,0.05,1,76,33,0.0,0.0,0,0,2
No Tactical,3,39,train,strong,player_win,-10.0,5,100.0,5,Expert,0.1352759542790559,0.05,1,78,33,0.0,0.0,0,0,2
No Tactical,3,40,train,strong,player_win,-10.0,5,100.0,5,Expert,0.1285121565651031,0.05,1,80,34,0.0,0.0,0,0,2
No Tactical,3,41,train,strong,player_win,-10.0,5,100.0,5,Expert,0.12208654873684793,0.05,1,82,34,0.0,0.0,0,1,1
No Tactical,3,42,train,strong,player_win,-10.0,5,100.0,5,Expert,0.11598222130000553,0.05,1,84,34,0.0,0.0,0,0,2
No Tactical,3,43,train,strong,player_win,-10.0,5,100.0,5,Expert,0.11018311023500525,0.05,1,86,35,0.0,0.0,0,0,2
No Tactical,3,44,train,strong,player_win,-10.0,5,100.0,5,Expert,0.10467395472325498,0.05,1,88,35,0.0,0.0,0,0,2
No Tactical,3,45,train,strong,player_win,-10.0,5,100.0,5,Expert,0.09944025698709223,0.05,1,90,36,0.0,0.0,0,0,2
No Tactical,3,46,train,strong,player_win,-10.0,5,100.0,5,Expert,0.09446824413773762,0.05,1,92,37,0.0,0.0,0,0,2
No Tactical,3,47,train,strong,player_win,-10.0,5,100.0,5,Expert,0.08974483193085074,0.05,1,94,38,0.0,0.0,0,0,2
No Tactical,3,48,train,strong,player_win,-10.0,5,100.0,5,Expert,0.0852575903343082,0.05,1,96,38,0.0,0.0,0,0,2
No Tactical,3,49,train,strong,player_win,-10.0,5,100.0,5,Expert,0.08099471081759278,0.05,1,98,39,0.0,0.0,0,0,2
No Tactical,3,50,train,strong,player_win,-10.0,5,100.0,5,Expert,0.07694497527671314,0.05,1,100,40,0.0,0.0,0,0,2
No Tactical,3,51,train,strong,player_win,-10.0,5,100.0,5,Expert,0.07309772651287748,0.05,1,102,41,0.0,0.0,0,0,2
No Tactical,3,52,train,strong,player_win,-10.0,5,100.0,5,Expert,0.0694428401872336,0.05,1,104,42,0.0,0.0,0,0,2
No Tactical,3,53,train,strong,player_win,-10.0,7,100.0,5,Expert,0.0659706981778719,0.05,1,107,44,0.0,0.0,0,0,3
No Tactical,3,54,train,strong,player_win,-10.0,5,100.0,5,Expert,0.0626721632689783,0.05,1,109,44,0.0,0.0,0,0,2
No Tactical,3,55,train,strong,player_win,-10.0,5,100.0,5,Expert,0.059538555105529384,0.05,1,111,44,0.0,0.0,0,0,2
No Tactical,3,56,train,strong,player_win,-10.0,5,100.0,5,Expert,0.05656162735025291,0.05,1,113,45,0.0,0.0,0,0,2
No Tactical,3,57,train,strong,player_win,-10.0,5,100.0,5,Expert,0.053733545982740265,0.05,1,115,46,0.0,0.0,0,0,2
No Tactical,3,58,train,strong,player_win,-10.0,5,100.0,5,Expert,0.05104686868360325,0.05,1,117,47,0.0,0.0,0,1,1
No Tactical,3,59,train,strong,player_win,-10.0,5,100.0,5,Expert,0.05,0.05,1,119,47,0.0,0.0,0,0,2
No Tactical,3,60,train,strong,player_win,-10.0,5,100.0,5,Expert,0.05,0.05,1,121,47,0.0,0.0,0,0,2
No Tactical,3,61,train,strong,player_win,-10.0,5,100.0,5,Expert,0.05,0.05,1,123,47,0.0,0.0,0,0,2
No Tactical,3,62,train,strong,player_win,-10.0,5,100.0,5,Expert,0.05,0.05,1,125,48,0.0,0.0,0,0,2
No Tactical,3,63,train,strong,player_win,-10.0,5,100.0,5,Expert,0.05,0.05,1,127,48,0.0,0.0,0,0,2
No Tactical,3,64,train,strong,player_win,-10.0,5,100.0,5,Expert,0.05,0.05,1,129,49,0.0,0.0,0,1,1
No Tactical,3,65,train,strong,player_win,-10.0,5,100.0,5,Expert,0.05,0.05,1,131,49,0.0,0.0,0,0,2
No Tactical,3,66,train,strong,player_win,-10.0,5,100.0,5,Expert,0.05,0.05,1,133,50,0.0,0.0,0,0,2
No Tactical,3,67,train,strong,player_win,-10.0,5,100.0,5,Expert,0.05,0.05,1,135,50,0.0,0.0,0,0,2
No Tactical,3,68,train,strong,player_win,-10.0,5,100.0,5,Expert,0.05,0.05,1,137,51,0.0,0.0,0,0,2
No Tactical,3,69,train,strong,player_win,-10.0,5,100.0,5,Expert,0.05,0.05,1,139,52,0.0,0.0,0,0,2
No Tactical,3,70,train,strong,player_win,-10.0,5,100.0,5,Expert,0.05,0.05,1,141,53,0.0,0.0,0,0,2
No Tactical,3,71,train,strong,player_win,-10.0,5,100.0,5,Expert,0.05,0.05,1,143,53,0.0,0.0,0,0,2
No Tactical,3,72,train,strong,player_win,-10.0,5,100.0,5,Expert,0.05,0.05,1,145,54,0.0,0.0,0,0,2
No Tactical,3,73,train,strong,player_win,-10.0,5,100.0,5,Expert,0.05,0.05,1,147,54,0.0,0.0,0,1,1
No Tactical,3,74,train,strong,player_win,-10.0,5,100.0,5,Expert,0.05,0.05,1,149,54,0.0,0.0,0,1,1
No Tactical,3,75,train,strong,player_win,-10.0,5,100.0,5,Expert,0.05,0.05,1,151,55,0.0,0.0,0,0,2
No Tactical,3,76,train,strong,player_win,-10.0,5,100.0,5,Expert,0.05,0.05,1,153,55,0.0,0.0,0,0,2
No Tactical,3,77,train,strong,player_win,-10.0,5,100.0,5,Expert,0.05,0.05,1,155,55,0.0,0.0,0,0,2
No Tactical,3,78,train,strong,player_win,-10.0,5,100.0,5,Expert,0.05,0.05,1,157,55,0.0,0.0,0,1,1
No Tactical,3,79,train,strong,player_win,-10.0,5,100.0,5,Expert,0.05,0.05,1,159,56,0.0,0.0,0,0,2
No Tactical,3,80,train,strong,player_win,-10.0,5,100.0,5,Expert,0.05,0.05,1,161,57,0.0,0.0,0,0,2
No Tactical,3,81,train,strong,player_win,-10.0,5,100.0,5,Expert,0.05,0.05,1,163,57,0.0,0.0,0,0,2
No Tactical,3,82,train,strong,player_win,-10.0,5,100.0,5,Expert,0.05,0.05,1,165,57,0.0,0.0,0,0,2
No Tactical,3,83,train,strong,player_win,-10.0,5,100.0,5,Expert,0.05,0.05,1,167,58,0.0,0.0,0,0,2
No Tactical,3,84,train,strong,player_win,-10.0,5,100.0,5,Expert,0.05,0.05,1,169,58,0.0,0.0,0,1,1
No Tactical,3,85,train,strong,player_win,-10.0,5,100.0,5,Expert,0.05,0.05,1,171,58,0.0,0.0,0,0,2
No Tactical,3,86,train,strong,player_win,-10.0,5,100.0,5,Expert,0.05,0.05,1,173,58,0.0,0.0,0,0,2
No Tactical,3,87,train,strong,player_win,-10.0,5,100.0,5,Expert,0.05,0.05,1,175,58,0.0,0.0,0,0,2
No Tactical,3,88,train,strong,player_win,-10.0,5,100.0,5,Expert,0.05,0.05,1,177,59,0.0,0.0,0,0,2
No Tactical,3,89,train,strong,player_win,-10.0,5,100.0,5,Expert,0.05,0.05,1,179,60,0.0,0.0,0,0,2
No Tactical,3,90,train,strong,player_win,-10.0,5,100.0,5,Expert,0.05,0.05,1,181,60,0.0,0.0,0,0,2
No Tactical,3,91,train,strong,player_win,-10.0,5,100.0,5,Expert,0.05,0.05,1,183,61,0.0,0.0,0,0,2
No Tactical,3,92,train,strong,player_win,-10.0,5,100.0,5,Expert,0.05,0.05,1,185,62,0.0,0.0,0,0,2
No Tactical,3,93,train,strong,player_win,-10.0,5,100.0,5,Expert,0.05,0.05,1,187,62,0.0,0.0,0,0,2
No Tactical,3,94,train,strong,player_win,-10.0,5,100.0,5,Expert,0.05,0.05,1,189,63,0.0,0.0,0,0,2
No Tactical,3,95,train,strong,player_win,-10.0,5,100.0,5,Expert,0.05,0.05,1,191,63,0.0,0.0,0,0,2
No Tactical,3,96,train,strong,player_win,-10.0,5,100.0,5,Expert,0.05,0.05,1,193,64,0.0,0.0,0,0,2
No Tactical,3,97,train,strong,player_win,-10.0,5,100.0,5,Expert,0.05,0.05,1,195,65,0.0,0.0,0,0,2
No Tactical,3,98,train,strong,player_win,-10.0,5,100.0,5,Expert,0.05,0.05,1,197,65,0.0,0.0,0,0,2
No Tactical,3,99,train,strong,player_win,-10.0,5,100.0,5,Expert,0.05,0.05,1,199,65,0.0,0.0,0,1,1
No Tactical,3,100,train,strong,player_win,-10.0,5,100.0,5,Expert,0.05,0.05,1,201,65,0.0,0.0,0,0,2
No Tactical,3,101,train,strong,player_win,-10.0,5,100.0,5,Expert,0.05,0.05,1,203,65,0.0,0.0,0,1,1
No Tactical,3,102,train,strong,player_win,-10.0,5,100.0,5,Expert,0.05,0.05,1,205,65,0.0,0.0,0,0,2
No Tactical,3,103,train,strong,player_win,-10.0,5,100.0,5,Expert,0.05,0.05,1,207,65,0.0,0.0,0,0,2
No Tactical,3,104,train,strong,player_win,-10.0,5,100.0,5,Expert,0.05,0.05,1,209,65,0.0,0.0,0,0,2
No Tactical,3,105,train,strong,player_win,-10.0,5,100.0,5,Expert,0.05,0.05,1,211,65,0.0,0.0,0,0,2
No Tactical,3,106,train,strong,player_win,-10.0,5,100.0,5,Expert,0.05,0.05,1,213,65,0.0,0.0,0,0,2
No Tactical,3,107,train,strong,player_win,-10.0,5,100.0,5,Expert,0.05,0.05,1,215,66,0.0,0.0,0,0,2
No Tactical,3,108,train,strong,player_win,-10.0,5,100.0,5,Expert,0.05,0.05,1,217,66,0.0,0.0,0,0,2
No Tactical,3,109,train,strong,player_win,-10.0,5,100.0,5,Expert,0.05,0.05,1,219,66,0.0,0.0,0,0,2
No Tactical,3,110,train,strong,player_win,-10.0,5,100.0,5,Expert,0.05,0.05,1,221,67,0.0,0.0,0,0,2
No Tactical,3,111,train,strong,player_win,-10.0,5,100.0,5,Expert,0.05,0.05,1,223,67,0.0,0.0,0,0,2
No Tactical,3,112,train,strong,player_win,-10.0,5,100.0,5,Expert,0.05,0.05,1,225,68,0.0,0.0,0,0,2
No Tactical,3,113,train,strong,player_win,-10.0,5,100.0,5,Expert,0.05,0.05,1,227,68,0.0,0.0,0,0,2
No Tactical,3,114,train,strong,player_win,-10.0,5,100.0,5,Expert,0.05,0.05,1,229,69,0.0,0.0,0,0,2
No Tactical,3,115,train,strong,player_win,-10.0,5,100.0,5,Expert,0.05,0.05,1,231,70,0.0,0.0,0,0,2
No Tactical,3,116,train,strong,player_win,-10.0,5,100.0,5,Expert,0.05,0.05,1,233,70,0.0,0.0,0,0,2
No Tactical,3,117,train,strong,player_win,-10.0,5,100.0,5,Expert,0.05,0.05,1,235,70,0.0,0.0,0,0,2
No Tactical,3,118,train,strong,player_win,-10.0,5,100.0,5,Expert,0.05,0.05,1,237,70,0.0,0.0,0,0,2
No Tactical,3,119,train,strong,player_win,-10.0,5,100.0,5,Expert,0.05,0.05,1,239,70,0.0,0.0,0,0,2
No Tactical,3,120,train,strong,player_win,-10.0,5,100.0,5,Expert,0.05,0.05,1,241,70,0.0,0.0,0,0,2
No Tactical,3,121,train,strong,player_win,-10.0,5,100.0,5,Expert,0.05,0.05,1,243,70,0.0,0.0,0,0,2
No Tactical,3,122,train,strong,player_win,-10.0,5,100.0,5,Expert,0.05,0.05,1,245,71,0.0,0.0,0,0,2
No Tactical,3,123,train,strong,player_win,-10.0,5,100.0,5,Expert,0.05,0.05,1,247,71,0.0,0.0,0,0,2
No Tactical,3,124,train,strong,player_win,-10.0,5,100.0,5,Expert,0.05,0.05,1,249,71,0.0,0.0,0,0,2
No Tactical,3,125,train,strong,player_win,-10.0,5,100.0,5,Expert,0.05,0.05,1,251,71,0.0,0.0,0,0,2
No Tactical,3,126,train,strong,player_win,-10.0,5,100.0,5,Expert,0.05,0.05,1,253,72,0.0,0.0,0,0,2
No Tactical,3,127,train,strong,player_win,-10.0,5,100.0,5,Expert,0.05,0.05,1,255,72,0.0,0.0,0,0,2
No Tactical,3,128,train,strong,player_win,-10.0,5,100.0,5,Expert,0.05,0.05,1,257,73,0.0,0.0,0,0,2
No Tactical,3,129,train,strong,player_win,-10.0,5,100.0,5,Expert,0.05,0.05,1,259,73,0.0,0.0,0,0,2
No Tactical,3,130,train,strong,player_win,-10.0,5,100.0,5,Expert,0.05,0.05,1,261,73,0.0,0.0,0,0,2
No Tactical,3,131,train,strong,player_win,-10.0,5,100.0,5,Expert,0.05,0.05,1,263,74,0.0,0.0,0,0,2
No Tactical,3,132,train,strong,player_win,-10.0,5,100.0,5,Expert,0.05,0.05,1,265,74,0.0,0.0,0,1,1
No Tactical,3,133,train,strong,player_win,-10.0,5,100.0,5,Expert,0.05,0.05,1,267,74,0.0,0.0,0,0,2
No Tactical,3,134,train,strong,player_win,-10.0,5,100.0,5,Expert,0.05,0.05,1,269,75,0.0,0.0,0,0,2
No Tactical,3,135,train,strong,player_win,-10.0,5,100.0,5,Expert,0.05,0.05,1,271,75,0.0,0.0,0,0,2
No Tactical,3,136,train,strong,player_win,-10.0,5,100.0,5,Expert,0.05,0.05,1,273,75,0.0,0.0,0,0,2
No Tactical,3,137,train,strong,player_win,-10.0,5,100.0,5,Expert,0.05,0.05,1,275,75,0.0,0.0,0,0,2
No Tactical,3,138,train,strong,player_win,-10.0,5,100.0,5,Expert,0.05,0.05,1,277,75,0.0,0.0,0,0,2
No Tactical,3,139,train,strong,player_win,-10.0,5,100.0,5,Expert,0.05,0.05,1,279,75,0.0,0.0,0,0,2
No Tactical,3,140,train,strong,player_win,-10.0,5,100.0,5,Expert,0.05,0.05,1,281,75,0.0,0.0,0,0,2
No Tactical,3,141,train,strong,player_win,-10.0,5,100.0,5,Expert,0.05,0.05,1,283,75,0.0,0.0,0,0,2
No Tactical,3,142,train,strong,player_win,-10.0,5,100.0,5,Expert,0.05,0.05,1,285,75,0.0,0.0,0,0,2
No Tactical,3,143,train,strong,player_win,-10.0,5,100.0,5,Expert,0.05,0.05,1,287,75,0.0,0.0,0,0,2
No Tactical,3,144,train,strong,player_win,-10.0,5,100.0,5,Expert,0.05,0.05,1,289,75,0.0,0.0,0,0,2
No Tactical,3,145,train,strong,player_win,-10.0,5,100.0,5,Expert,0.05,0.05,1,291,75,0.0,0.0,0,0,2
No Tactical,3,146,train,strong,player_win,-10.0,5,100.0,5,Expert,0.05,0.05,1,293,75,0.0,0.0,0,0,2
No Tactical,3,147,train,strong,player_win,-10.0,5,100.0,5,Expert,0.05,0.05,1,295,75,0.0,0.0,0,0,2
No Tactical,3,148,train,strong,player_win,-10.0,5,100.0,5,Expert,0.05,0.05,1,297,75,0.0,0.0,0,0,2
No Tactical,3,149,train,strong,player_win,-10.0,5,100.0,5,Expert,0.05,0.05,1,299,76,0.0,0.0,0,0,2
No Tactical,3,150,train,strong,player_win,-10.0,5,100.0,5,Expert,0.05,0.05,1,301,76,0.0,0.0,0,0,2
No Tactical,3,151,train,strong,player_win,-10.0,5,100.0,5,Expert,0.05,0.05,1,303,76,0.0,0.0,0,0,2
No Tactical,3,152,train,strong,player_win,-10.0,5,100.0,5,Expert,0.05,0.05,1,305,76,0.0,0.0,0,0,2
No Tactical,3,153,train,strong,player_win,-10.0,5,100.0,5,Expert,0.05,0.05,1,307,76,0.0,0.0,0,0,2
No Tactical,3,154,train,strong,player_win,-10.0,5,100.0,5,Expert,0.05,0.05,1,309,76,0.0,0.0,0,0,2
No Tactical,3,155,train,strong,player_win,-10.0,5,100.0,5,Expert,0.05,0.05,1,311,76,0.0,0.0,0,0,2
No Tactical,3,156,train,strong,player_win,-10.0,5,100.0,5,Expert,0.05,0.05,1,313,76,0.0,0.0,0,0,2
No Tactical,3,157,train,strong,player_win,-10.0,5,100.0,5,Expert,0.05,0.05,1,315,76,0.0,0.0,0,0,2
No Tactical,3,158,train,strong,player_win,-10.0,5,100.0,5,Expert,0.05,0.05,1,317,76,0.0,0.0,0,0,2
No Tactical,3,159,train,strong,player_win,-10.0,5,100.0,5,Expert,0.05,0.05,1,319,76,0.0,0.0,0,0,2
No Tactical,3,160,train,strong,player_win,-10.0,5,100.0,5,Expert,0.05,0.05,1,321,76,0.0,0.0,0,0,2
No Tactical,3,161,train,strong,player_win,-10.0,5,100.0,5,Expert,0.05,0.05,1,323,76,0.0,0.0,0,0,2
No Tactical,3,162,train,strong,player_win,-10.0,5,100.0,5,Expert,0.05,0.05,1,325,76,0.0,0.0,0,0,2
No Tactical,3,163,train,strong,player_win,-10.0,5,100.0,5,Expert,0.05,0.05,1,327,76,0.0,0.0,0,1,1
No Tactical,3,164,train,strong,player_win,-10.0,5,100.0,5,Expert,0.05,0.05,1,329,76,0.0,0.0,0,0,2
No Tactical,3,165,train,strong,player_win,-10.0,5,100.0,5,Expert,0.05,0.05,1,331,76,0.0,0.0,0,0,2
No Tactical,3,166,train,strong,player_win,-10.0,5,100.0,5,Expert,0.05,0.05,1,333,76,0.0,0.0,0,0,2
No Tactical,3,167,train,strong,player_win,-10.0,5,100.0,5,Expert,0.05,0.05,1,335,76,0.0,0.0,0,0,2
No Tactical,3,168,train,strong,player_win,-10.0,5,100.0,5,Expert,0.05,0.05,1,337,76,0.0,0.0,0,1,1
No Tactical,3,169,train,strong,player_win,-10.0,5,100.0,5,Expert,0.05,0.05,1,339,76,0.0,0.0,0,0,2
No Tactical,3,170,train,strong,player_win,-10.0,5,100.0,5,Expert,0.05,0.05,1,341,76,0.0,0.0,0,0,2
No Tactical,3,171,train,strong,player_win,-10.0,5,100.0,5,Expert,0.05,0.05,1,343,76,0.0,0.0,0,0,2
No Tactical,3,172,train,strong,player_win,-10.0,7,100.0,5,Expert,0.05,0.05,1,346,77,0.0,0.0,0,0,3
No Tactical,3,173,train,strong,player_win,-10.0,5,100.0,5,Expert,0.05,0.05,1,348,77,0.0,0.0,0,0,2
No Tactical,3,174,train,strong,player_win,-10.0,5,100.0,5,Expert,0.05,0.05,1,350,77,0.0,0.0,0,1,1
No Tactical,3,175,train,strong,player_win,-10.0,5,100.0,5,Expert,0.05,0.05,1,352,77,0.0,0.0,0,0,2
No Tactical,3,176,train,strong,player_win,-10.0,5,100.0,5,Expert,0.05,0.05,1,354,77,0.0,0.0,0,0,2
No Tactical,3,177,train,strong,player_win,-10.0,5,100.0,5,Expert,0.05,0.05,1,356,77,0.0,0.0,0,0,2
No Tactical,3,178,train,strong,player_win,-10.0,5,100.0,5,Expert,0.05,0.05,1,358,78,0.0,0.0,0,0,2
No Tactical,3,179,train,strong,player_win,-10.0,5,100.0,5,Expert,0.05,0.05,1,360,79,0.0,0.0,0,0,2
No Tactical,3,180,train,strong,player_win,-10.0,5,100.0,5,Expert,0.05,0.05,1,362,79,0.0,0.0,0,0,2
No Tactical,3,181,train,strong,player_win,-10.0,5,100.0,5,Expert,0.05,0.05,1,364,79,0.0,0.0,0,0,2
No Tactical,3,182,train,strong,player_win,-10.0,5,100.0,5,Expert,0.05,0.05,1,366,79,0.0,0.0,0,0,2
No Tactical,3,183,train,strong,player_win,-10.0,5,100.0,5,Expert,0.05,0.05,1,368,79,0.0,0.0,0,0,2
No Tactical,3,184,train,strong,player_win,-10.0,5,100.0,5,Expert,0.05,0.05,1,370,80,0.0,0.0,0,0,2
No Tactical,3,185,train,strong,player_win,-10.0,5,100.0,5,Expert,0.05,0.05,1,372,80,0.0,0.0,0,0,2
No Tactical,3,186,train,strong,player_win,-10.0,5,100.0,5,Expert,0.05,0.05,1,374,80,0.0,0.0,0,0,2
No Tactical,3,187,train,strong,player_win,-10.0,5,100.0,5,Expert,0.05,0.05,1,376,80,0.0,0.0,0,0,2
No Tactical,3,188,train,strong,player_win,-10.0,5,100.0,5,Expert,0.05,0.05,1,378,80,0.0,0.0,0,0,2
No Tactical,3,189,train,strong,player_win,-10.0,5,100.0,5,Expert,0.05,0.05,1,380,80,0.0,0.0,0,0,2
No Tactical,3,190,train,strong,player_win,-10.0,5,100.0,5,Expert,0.05,0.05,1,382,80,0.0,0.0,0,1,1
No Tactical,3,191,train,strong,player_win,-10.0,5,100.0,5,Expert,0.05,0.05,1,384,80,0.0,0.0,0,0,2
No Tactical,3,192,train,strong,player_win,-10.0,5,100.0,5,Expert,0.05,0.05,1,386,81,0.0,0.0,0,0,2
No Tactical,3,193,train,strong,player_win,-10.0,5,100.0,5,Expert,0.05,0.05,1,388,81,0.0,0.0,0,0,2
No Tactical,3,194,train,strong,player_win,-10.0,5,100.0,5,Expert,0.05,0.05,1,390,81,0.0,0.0,0,0,2
No Tactical,3,195,train,strong,player_win,-10.0,5,100.0,5,Expert,0.05,0.05,1,392,81,0.0,0.0,0,0,2
No Tactical,3,196,train,strong,player_win,-10.0,5,100.0,5,Expert,0.05,0.05,1,394,81,0.0,0.0,0,0,2
No Tactical,3,197,train,strong,player_win,-10.0,5,100.0,5,Expert,0.05,0.05,1,396,81,0.0,0.0,0,0,2
No Tactical,3,198,train,strong,player_win,-10.0,5,100.0,5,Expert,0.05,0.05,1,398,81,0.0,0.0,0,0,2
No Tactical,3,199,train,strong,player_win,-10.0,5,100.0,5,Expert,0.05,0.05,1,400,81,0.0,0.0,0,0,2
No Tactical,3,200,train,strong,player_win,-10.0,5,100.0,5,Expert,0.05,0.05,1,402,81,0.0,0.0,0,0,2
No Tactical,3,201,train,strong,player_win,-10.0,5,100.0,5,Expert,0.05,0.05,1,404,81,0.0,0.0,0,0,2
No Tactical,3,202,train,strong,player_win,-10.0,5,100.0,5,Expert,0.05,0.05,1,406,81,0.0,0.0,0,0,2
No Tactical,3,203,train,strong,player_win,-10.0,5,100.0,5,Expert,0.05,0.05,1,408,81,0.0,0.0,0,0,2
No Tactical,3,204,train,strong,player_win,-10.0,5,100.0,5,Expert,0.05,0.05,1,410,81,0.0,0.0,0,0,2
No Tactical,3,205,train,strong,player_win,-10.0,5,100.0,5,Expert,0.05,0.05,1,412,81,0.0,0.0,0,0,2
No Tactical,3,206,train,strong,player_win,-10.0,5,100.0,5,Expert,0.05,0.05,1,414,81,0.0,0.0,0,0,2
No Tactical,3,207,train,strong,player_win,-10.0,5,100.0,5,Expert,0.05,0.05,1,416,81,0.0,0.0,0,0,2
No Tactical,3,208,train,strong,player_win,-10.0,5,100.0,5,Expert,0.05,0.05,1,418,82,0.0,0.0,0,0,2
No Tactical,3,209,train,strong,player_win,-10.0,5,100.0,5,Expert,0.05,0.05,1,420,82,0.0,0.0,0,0,2
No Tactical,3,210,train,strong,player_win,-10.0,5,100.0,5,Expert,0.05,0.05,1,422,83,0.0,0.0,0,0,2
No Tactical,3,211,train,strong,player_win,-10.0,5,100.0,5,Expert,0.05,0.05,1,424,83,0.0,0.0,0,0,2
No Tactical,3,212,train,strong,player_win,-10.0,5,100.0,5,Expert,0.05,0.05,1,426,83,0.0,0.0,0,0,2
No Tactical,3,213,train,strong,player_win,-10.0,5,100.0,5,Expert,0.05,0.05,1,428,83,0.0,0.0,0,0,2
No Tactical,3,214,train,strong,player_win,-10.0,5,100.0,5,Expert,0.05,0.05,1,430,83,0.0,0.0,0,0,2
No Tactical,3,215,train,strong,player_win,-10.0,5,100.0,5,Expert,0.05,0.05,1,432,83,0.0,0.0,0,0,2
No Tactical,3,216,train,strong,player_win,-10.0,5,100.0,5,Expert,0.05,0.05,1,434,83,0.0,0.0,0,1,1
No Tactical,3,217,train,strong,player_win,-10.0,5,100.0,5,Expert,0.05,0.05,1,436,83,0.0,0.0,0,0,2
No Tactical,3,218,train,strong,player_win,-10.0,5,100.0,5,Expert,0.05,0.05,1,438,83,0.0,0.0,0,0,2
No Tactical,3,219,train,strong,player_win,-10.0,5,100.0,5,Expert,0.05,0.05,1,440,83,0.0,0.0,0,0,2
No Tactical,3,220,train,strong,player_win,-10.0,5,100.0,5,Expert,0.05,0.05,1,442,83,0.0,0.0,0,1,1
No Tactical,3,221,train,strong,player_win,-10.0,5,100.0,5,Expert,0.05,0.05,1,444,84,0.0,0.0,0,0,2
No Tactical,3,222,train,strong,player_win,-10.0,5,100.0,5,Expert,0.05,0.05,1,446,84,0.0,0.0,0,1,1
No Tactical,3,223,train,strong,player_win,-10.0,5,100.0,5,Expert,0.05,0.05,1,448,84,0.0,0.0,0,0,2
No Tactical,3,224,train,strong,player_win,-10.0,5,100.0,5,Expert,0.05,0.05,1,450,85,0.0,0.0,0,0,2
No Tactical,3,225,train,strong,player_win,-10.0,5,100.0,5,Expert,0.05,0.05,1,452,85,0.0,0.0,0,0,2
No Tactical,3,226,train,strong,player_win,-10.0,5,100.0,5,Expert,0.05,0.05,1,454,85,0.0,0.0,0,0,2
No Tactical,3,227,train,strong,player_win,-10.0,5,100.0,5,Expert,0.05,0.05,1,456,85,0.0,0.0,0,0,2
No Tactical,3,228,train,strong,player_win,-10.0,5,100.0,5,Expert,0.05,0.05,1,458,85,0.0,0.0,0,0,2
No Tactical,3,229,train,strong,player_win,-10.0,5,100.0,5,Expert,0.05,0.05,1,460,85,0.0,0.0,0,0,2
No Tactical,3,230,train,strong,player_win,-10.0,5,100.0,5,Expert,0.05,0.05,1,462,85,0.0,0.0,0,1,1
No Tactical,3,231,train,strong,player_win,-10.0,5,100.0,5,Expert,0.05,0.05,1,464,85,0.0,0.0,0,0,2
No Tactical,3,232,train,strong,player_win,-10.0,5,100.0,5,Expert,0.05,0.05,1,466,85,0.0,0.0,0,0,2
No Tactical,3,233,train,strong,player_win,-10.0,5,100.0,5,Expert,0.05,0.05,1,468,85,0.0,0.0,0,0,2
No Tactical,3,234,train,strong,player_win,-10.0,5,100.0,5,Expert,0.05,0.05,1,470,85,0.0,0.0,0,0,2
No Tactical,3,235,train,strong,player_win,-10.0,5,100.0,5,Expert,0.05,0.05,1,472,85,0.0,0.0,0,0,2
No Tactical,3,236,train,strong,player_win,-10.0,5,100.0,5,Expert,0.05,0.05,1,474,85,0.0,0.0,0,0,2
No Tactical,3,237,train,strong,player_win,-10.0,5,100.0,5,Expert,0.05,0.05,1,476,85,0.0,0.0,0,1,1
No Tactical,3,238,train,strong,player_win,-10.0,5,100.0,5,Expert,0.05,0.05,1,478,85,0.0,0.0,0,0,2
No Tactical,3,239,train,strong,player_win,-10.0,5,100.0,5,Expert,0.05,0.05,1,480,85,0.0,0.0,0,0,2
No Tactical,3,240,train,strong,player_win,-10.0,5,100.0,5,Expert,0.05,0.05,1,482,85,0.0,0.0,0,0,2
No Tactical,3,241,train,strong,player_win,-10.0,5,100.0,5,Expert,0.05,0.05,1,484,85,0.0,0.0,0,0,2
No Tactical,3,242,train,strong,player_win,-10.0,5,100.0,5,Expert,0.05,0.05,1,486,85,0.0,0.0,0,0,2
No Tactical,3,243,train,strong,player_win,-10.0,5,100.0,5,Expert,0.05,0.05,1,488,85,0.0,0.0,0,0,2
No Tactical,3,244,train,strong,player_win,-10.0,5,100.0,5,Expert,0.05,0.05,1,490,85,0.0,0.0,0,0,2
No Tactical,3,245,train,strong,player_win,-10.0,5,100.0,5,Expert,0.05,0.05,1,492,85,0.0,0.0,0,0,2
No Tactical,3,246,train,strong,player_win,-10.0,5,100.0,5,Expert,0.05,0.05,1,494,85,0.0,0.0,0,0,2
No Tactical,3,247,train,strong,player_win,-10.0,5,100.0,5,Expert,0.05,0.05,1,496,85,0.0,0.0,0,0,2
No Tactical,3,248,train,strong,player_win,-10.0,7,100.0,5,Expert,0.05,0.05,1,499,86,0.0,0.0,0,1,2
No Tactical,3,249,train,strong,player_win,-10.0,5,100.0,5,Expert,0.05,0.05,1,501,86,0.0,0.0,0,1,1
No Tactical,3,250,train,strong,player_win,-10.0,5,100.0,5,Expert,0.05,0.05,1,503,86,0.0,0.0,0,1,1
No Tactical,3,251,train,strong,player_win,-10.0,5,100.0,5,Expert,0.05,0.05,1,505,86,0.0,0.0,0,0,2
No Tactical,3,252,train,strong,player_win,-10.0,5,100.0,5,Expert,0.05,0.05,1,507,86,0.0,0.0,0,0,2
No Tactical,3,253,train,strong,player_win,-10.0,5,100.0,5,Expert,0.05,0.05,1,509,86,0.0,0.0,0,0,2
No Tactical,3,254,train,strong,player_win,-10.0,5,100.0,5,Expert,0.05,0.05,1,511,86,0.0,0.0,0,0,2
No Tactical,3,255,train,strong,player_win,-10.0,5,100.0,5,Expert,0.05,0.05,1,513,86,0.0,0.0,0,0,2
No Tactical,3,256,train,strong,player_win,-10.0,5,100.0,5,Expert,0.05,0.05,1,515,86,0.0,0.0,0,0,2
No Tactical,3,257,train,strong,player_win,-10.0,5,100.0,5,Expert,0.05,0.05,1,517,86,0.0,0.0,0,0,2
No Tactical,3,258,train,strong,player_win,-10.0,5,100.0,5,Expert,0.05,0.05,1,519,87,0.0,0.0,0,0,2
No Tactical,3,259,train,strong,player_win,-10.0,5,100.0,5,Expert,0.05,0.05,1,521,87,0.0,0.0,0,0,2
No Tactical,3,260,train,strong,player_win,-10.0,5,100.0,5,Expert,0.05,0.05,1,523,87,0.0,0.0,0,0,2
No Tactical,3,261,train,strong,player_win,-10.0,5,100.0,5,Expert,0.05,0.05,1,525,87,0.0,0.0,0,1,1
No Tactical,3,262,train,strong,player_win,-10.0,5,100.0,5,Expert,0.05,0.05,1,527,87,0.0,0.0,0,2,0
No Tactical,3,263,train,strong,player_win,-10.0,5,100.0,5,Expert,0.05,0.05,1,529,87,0.0,0.0,0,0,2
No Tactical,3,264,train,strong,player_win,-10.0,5,100.0,5,Expert,0.05,0.05,1,531,87,0.0,0.0,0,1,1
No Tactical,3,265,train,strong,player_win,-10.0,5,100.0,5,Expert,0.05,0.05,1,533,87,0.0,0.0,0,0,2
No Tactical,3,266,train,strong,player_win,-10.0,5,100.0,5,Expert,0.05,0.05,1,535,87,0.0,0.0,0,0,2
No Tactical,3,267,train,strong,player_win,-10.0,5,100.0,5,Expert,0.05,0.05,1,537,87,0.0,0.0,0,0,2
No Tactical,3,268,train,strong,player_win,-10.0,5,100.0,5,Expert,0.05,0.05,1,539,87,0.0,0.0,0,0,2
No Tactical,3,269,train,strong,player_win,-10.0,5,100.0,5,Expert,0.05,0.05,1,541,87,0.0,0.0,0,1,1
No Tactical,3,270,train,strong,player_win,-10.0,5,100.0,5,Expert,0.05,0.05,1,543,87,0.0,0.0,0,0,2
No Tactical,3,271,train,strong,player_win,-10.0,5,100.0,5,Expert,0.05,0.05,1,545,87,0.0,0.0,0,0,2
No Tactical,3,272,train,strong,player_win,-10.0,5,100.0,5,Expert,0.05,0.05,1,547,87,0.0,0.0,0,0,2
No Tactical,3,273,train,strong,player_win,-10.0,5,100.0,5,Expert,0.05,0.05,1,549,88,0.0,0.0,0,0,2
No Tactical,3,274,train,strong,player_win,-10.0,5,100.0,5,Expert,0.05,0.05,1,551,88,0.0,0.0,0,0,2
No Tactical,3,275,train,strong,player_win,-10.0,5,100.0,5,Expert,0.05,0.05,1,553,88,0.0,0.0,0,0,2
No Tactical,3,276,train,strong,player_win,-10.0,5,100.0,5,Expert,0.05,0.05,1,555,88,0.0,0.0,0,0,2
No Tactical,3,277,train,strong,player_win,-10.0,5,100.0,5,Expert,0.05,0.05,1,557,88,0.0,0.0,0,0,2
No Tactical,3,278,train,strong,player_win,-10.0,5,100.0,5,Expert,0.05,0.05,1,559,88,0.0,0.0,0,0,2
No Tactical,3,279,train,strong,player_win,-10.0,5,100.0,5,Expert,0.05,0.05,1,561,88,0.0,0.0,0,0,2
No Tactical,3,280,train,strong,player_win,-10.0,5,100.0,5,Expert,0.05,0.05,1,563,88,0.0,0.0,0,0,2
No Tactical,3,281,train,strong,player_win,-10.0,5,100.0,5,Expert,0.05,0.05,1,565,88,0.0,0.0,0,0,2
No Tactical,3,282,train,strong,player_win,-10.0,5,100.0,5,Expert,0.05,0.05,1,567,88,0.0,0.0,0,0,2
No Tactical,3,283,train,strong,player_win,-10.0,5,100.0,5,Expert,0.05,0.05,1,569,88,0.0,0.0,0,0,2
No Tactical,3,284,train,strong,player_win,-10.0,5,100.0,5,Expert,0.05,0.05,1,571,88,0.0,0.0,0,0,2
No Tactical,3,285,train,strong,player_win,-10.0,5,100.0,5,Expert,0.05,0.05,1,573,88,0.0,0.0,0,0,2
No Tactical,3,286,train,strong,player_win,-10.0,5,100.0,5,Expert,0.05,0.05,1,575,88,0.0,0.0,0,0,2
No Tactical,3,287,train,strong,player_win,-10.0,5,100.0,5,Expert,0.05,0.05,1,577,88,0.0,0.0,0,0,2
No Tactical,3,288,train,strong,player_win,-10.0,5,100.0,5,Expert,0.05,0.05,1,579,88,0.0,0.0,0,0,2
No Tactical,3,289,train,strong,player_win,-10.0,5,100.0,5,Expert,0.05,0.05,1,581,88,0.0,0.0,0,0,2
No Tactical,3,290,train,strong,player_win,-10.0,5,100.0,5,Expert,0.05,0.05,1,583,88,0.0,0.0,0,0,2
No Tactical,3,291,train,strong,player_win,-10.0,5,100.0,5,Expert,0.05,0.05,1,585,88,0.0,0.0,0,0,2
No Tactical,3,292,train,strong,player_win,-10.0,5,100.0,5,Expert,0.05,0.05,1,587,88,0.0,0.0,0,0,2
No Tactical,3,293,train,strong,player_win,-10.0,5,100.0,5,Expert,0.05,0.05,1,589,88,0.0,0.0,0,0,2
No Tactical,3,294,train,strong,player_win,-10.0,5,100.0,5,Expert,0.05,0.05,1,591,89,0.0,0.0,0,0,2
No Tactical,3,295,train,strong,player_win,-10.0,5,100.0,5,Expert,0.05,0.05,1,593,90,0.0,0.0,0,0,2
No Tactical,3,296,train,strong,player_win,-10.0,5,100.0,5,Expert,0.05,0.05,1,595,90,0.0,0.0,0,0,2
No Tactical,3,297,train,strong,player_win,-10.0,5,100.0,5,Expert,0.05,0.05,1,597,90,0.0,0.0,0,0,2
No Tactical,3,298,train,strong,player_win,-10.0,5,100.0,5,Expert,0.05,0.05,1,599,90,0.0,0.0,0,0,2
No Tactical,3,299,train,strong,player_win,-10.0,5,100.0,5,Expert,0.05,0.05,1,601,90,0.0,0.0,0,0,2
No Tactical,3,300,train,strong,player_win,-10.0,5,100.0,5,Expert,0.05,0.05,1,603,90,0.0,0.0,0,0,2
No Tactical,3,301,train,strong,player_win,-10.0,5,100.0,5,Expert,0.05,0.05,1,605,90,0.0,0.0,0,0,2
No Tactical,3,302,train,strong,player_win,-10.0,5,100.0,5,Expert,0.05,0.05,1,607,90,0.0,0.0,0,0,2
No Tactical,3,303,train,strong,player_win,-10.0,5,100.0,5,Expert,0.05,0.05,1,609,90,0.0,0.0,0,0,2
No Tactical,3,304,train,strong,player_win,-10.0,5,100.0,5,Expert,0.05,0.05,1,611,90,0.0,0.0,0,0,2
No Tactical,3,305,train,strong,player_win,-10.0,5,100.0,5,Expert,0.05,0.05,1,613,90,0.0,0.0,0,0,2
No Tactical,3,306,train,strong,player_win,-10.0,5,100.0,5,Expert,0.05,0.05,1,615,90,0.0,0.0,0,0,2
No Tactical,3,307,train,strong,player_win,-10.0,5,100.0,5,Expert,0.05,0.05,1,617,90,0.0,0.0,0,1,1
No Tactical,3,308,train,strong,player_win,-10.0,5,100.0,5,Expert,0.05,0.05,1,619,90,0.0,0.0,0,0,2
No Tactical,3,309,train,strong,player_win,-10.0,5,100.0,5,Expert,0.05,0.05,1,621,90,0.0,0.0,0,0,2
No Tactical,3,310,train,strong,player_win,-10.0,5,100.0,5,Expert,0.05,0.05,1,623,90,0.0,0.0,0,0,2
No Tactical,3,311,train,strong,player_win,-10.0,5,100.0,5,Expert,0.05,0.05,1,625,90,0.0,0.0,0,0,2
No Tactical,3,312,train,strong,player_win,-10.0,5,100.0,5,Expert,0.05,0.05,1,627,90,0.0,0.0,0,0,2
No Tactical,3,313,train,strong,player_win,-10.0,5,100.0,5,Expert,0.05,0.05,1,629,90,0.0,0.0,0,0,2
No Tactical,3,314,train,strong,player_win,-10.0,5,100.0,5,Expert,0.05,0.05,1,631,90,0.0,0.0,0,0,2
No Tactical,3,315,train,strong,player_win,-10.0,5,100.0,5,Expert,0.05,0.05,1,633,90,0.0,0.0,0,0,2
No Tactical,3,316,train,strong,player_win,-10.0,5,100.0,5,Expert,0.05,0.05,1,635,90,0.0,0.0,0,0,2
No Tactical,3,317,train,strong,player_win,-10.0,5,100.0,5,Expert,0.05,0.05,1,637,90,0.0,0.0,0,0,2
No Tactical,3,318,train,strong,player_win,-10.0,5,100.0,5,Expert,0.05,0.05,1,639,90,0.0,0.0,0,0,2
No Tactical,3,319,train,strong,player_win,-10.0,5,100.0,5,Expert,0.05,0.05,1,641,90,0.0,0.0,0,0,2
No Tactical,3,320,train,strong,player_win,-10.0,5,100.0,5,Expert,0.05,0.05,1,643,90,0.0,0.0,0,0,2
No Tactical,3,321,train,strong,player_win,-10.0,5,100.0,5,Expert,0.05,0.05,1,645,90,0.0,0.0,0,0,2
No Tactical,3,322,train,strong,player_win,-10.0,5,100.0,5,Expert,0.05,0.05,1,647,90,0.0,0.0,0,0,2
No Tactical,3,323,train,strong,player_win,-10.0,5,100.0,5,Expert,0.05,0.05,1,649,90,0.0,0.0,0,0,2
No Tactical,3,324,train,strong,player_win,-10.0,5,100.0,5,Expert,0.05,0.05,1,651,90,0.0,0.0,0,0,2
No Tactical,3,325,train,strong,player_win,-10.0,5,100.0,5,Expert,0.05,0.05,1,653,90,0.0,0.0,0,0,2
No Tactical,3,326,train,strong,player_win,-10.0,5,100.0,5,Expert,0.05,0.05,1,655,90,0.0,0.0,0,0,2
No Tactical,3,327,train,strong,player_win,-10.0,5,100.0,5,Expert,0.05,0.05,1,657,90,0.0,0.0,0,0,2
No Tactical,3,328,train,strong,player_win,-10.0,5,100.0,5,Expert,0.05,0.05,1,659,90,0.0,0.0,0,0,2
No Tactical,3,329,train,strong,player_win,-10.0,5,100.0,5,Expert,0.05,0.05,1,661,90,0.0,0.0,0,0,2
No Tactical,3,330,train,strong,player_win,-10.0,5,100.0,5,Expert,0.05,0.05,1,663,90,0.0,0.0,0,0,2
No Tactical,3,331,train,strong,player_win,-10.0,5,100.0,5,Expert,0.05,0.05,1,665,90,0.0,0.0,0,0,2
No Tactical,3,332,train,strong,player_win,-10.0,5,100.0,5,Expert,0.05,0.05,1,667,90,0.0,0.0,0,0,2
No Tactical,3,333,train,strong,player_win,-10.0,5,100.0,5,Expert,0.05,0.05,1,669,90,0.0,0.0,0,0,2
No Tactical,3,334,train,strong,player_win,-10.0,5,100.0,5,Expert,0.05,0.05,1,671,90,0.0,0.0,0,0,2
No Tactical,3,335,train,strong,player_win,-10.0,5,100.0,5,Expert,0.05,0.05,1,673,90,0.0,0.0,0,1,1
No Tactical,3,336,train,strong,player_win,-10.0,5,100.0,5,Expert,0.05,0.05,1,675,90,0.0,0.0,0,0,2
No Tactical,3,337,train,strong,player_win,-10.0,5,100.0,5,Expert,0.05,0.05,1,677,90,0.0,0.0,0,0,2
No Tactical,3,338,train,strong,player_win,-10.0,5,100.0,5,Expert,0.05,0.05,1,679,90,0.0,0.0,0,1,1
No Tactical,3,339,train,strong,player_win,-10.0,5,100.0,5,Expert,0.05,0.05,1,681,90,0.0,0.0,0,0,2
No Tactical,3,340,train,strong,player_win,-10.0,5,100.0,5,Expert,0.05,0.05,1,683,90,0.0,0.0,0,1,1
No Tactical,3,341,train,strong,player_win,-10.0,5,100.0,5,Expert,0.05,0.05,1,685,90,0.0,0.0,0,0,2
No Tactical,3,342,train,strong,player_win,-10.0,5,100.0,5,Expert,0.05,0.05,1,687,90,0.0,0.0,0,0,2
No Tactical,3,343,train,strong,player_win,-10.0,5,100.0,5,Expert,0.05,0.05,1,689,90,0.0,0.0,0,0,2
No Tactical,3,344,train,strong,player_win,-10.0,5,100.0,5,Expert,0.05,0.05,1,691,90,0.0,0.0,0,0,2
No Tactical,3,345,train,strong,player_win,-10.0,5,100.0,5,Expert,0.05,0.05,1,693,90,0.0,0.0,0,0,2
No Tactical,3,346,train,strong,player_win,-10.0,5,100.0,5,Expert,0.05,0.05,1,695,90,0.0,0.0,0,0,2
No Tactical,3,347,train,strong,player_win,-10.0,5,100.0,5,Expert,0.05,0.05,1,697,90,0.0,0.0,0,0,2
No Tactical,3,348,train,strong,player_win,-10.0,5,100.0,5,Expert,0.05,0.05,1,699,90,0.0,0.0,0,0,2
No Tactical,3,349,train,strong,player_win,-10.0,5,100.0,5,Expert,0.05,0.05,1,701,90,0.0,0.0,0,0,2
No Tactical,3,350,train,strong,player_win,-10.0,5,100.0,5,Expert,0.05,0.05,1,703,90,0.0,0.0,0,0,2
No Tactical,3,351,train,strong,player_win,-10.0,5,100.0,5,Expert,0.05,0.05,1,705,90,0.0,0.0,0,0,2
No Tactical,3,352,train,strong,player_win,-10.0,5,100.0,5,Expert,0.05,0.05,1,707,90,0.0,0.0,0,0,2
No Tactical,3,353,train,strong,player_win,-10.0,5,100.0,5,Expert,0.05,0.05,1,709,90,0.0,0.0,0,0,2
No Tactical,3,354,train,strong,player_win,-10.0,5,100.0,5,Expert,0.05,0.05,1,711,90,0.0,0.0,0,0,2
No Tactical,3,355,train,strong,player_win,-10.0,5,100.0,5,Expert,0.05,0.05,1,713,90,0.0,0.0,0,0,2
No Tactical,3,356,train,strong,player_win,-10.0,5,100.0,5,Expert,0.05,0.05,1,715,90,0.0,0.0,0,0,2
No Tactical,3,357,train,strong,player_win,-10.0,5,100.0,5,Expert,0.05,0.05,1,717,90,0.0,0.0,0,0,2
No Tactical,3,358,train,strong,player_win,-10.0,5,100.0,5,Expert,0.05,0.05,1,719,90,0.0,0.0,0,0,2
No Tactical,3,359,train,strong,player_win,-10.0,5,100.0,5,Expert,0.05,0.05,1,721,90,0.0,0.0,0,0,2
No Tactical,3,360,train,strong,player_win,-10.0,5,100.0,5,Expert,0.05,0.05,1,723,90,0.0,0.0,0,0,2
No Tactical,3,361,train,strong,player_win,-10.0,5,100.0,5,Expert,0.05,0.05,1,725,90,0.0,0.0,0,0,2
No Tactical,3,362,train,strong,player_win,-10.0,5,100.0,5,Expert,0.05,0.05,1,727,90,0.0,0.0,0,0,2
No Tactical,3,363,train,strong,player_win,-10.0,5,100.0,5,Expert,0.05,0.05,1,729,90,0.0,0.0,0,0,2
No Tactical,3,364,train,strong,player_win,-10.0,5,100.0,5,Expert,0.05,0.05,1,731,90,0.0,0.0,0,0,2
No Tactical,3,365,train,strong,player_win,-10.0,5,100.0,5,Expert,0.05,0.05,1,733,90,0.0,0.0,0,0,2
No Tactical,3,366,train,strong,player_win,-10.0,5,100.0,5,Expert,0.05,0.05,1,735,90,0.0,0.0,0,0,2
No Tactical,3,367,train,strong,player_win,-10.0,5,100.0,5,Expert,0.05,0.05,1,737,90,0.0,0.0,0,0,2
No Tactical,3,368,train,strong,player_win,-10.0,5,100.0,5,Expert,0.05,0.05,1,739,90,0.0,0.0,0,1,1
No Tactical,3,369,train,strong,player_win,-10.0,5,100.0,5,Expert,0.05,0.05,1,741,90,0.0,0.0,0,0,2
No Tactical,3,370,train,strong,player_win,-10.0,5,100.0,5,Expert,0.05,0.05,1,743,90,0.0,0.0,0,0,2
No Tactical,3,371,train,strong,player_win,-10.0,5,100.0,5,Expert,0.05,0.05,1,745,90,0.0,0.0,0,0,2
No Tactical,3,372,train,strong,player_win,-10.0,5,100.0,5,Expert,0.05,0.05,1,747,90,0.0,0.0,0,0,2
No Tactical,3,373,train,strong,player_win,-10.0,5,100.0,5,Expert,0.05,0.05,1,749,90,0.0,0.0,0,0,2
No Tactical,3,374,train,strong,player_win,-10.0,5,100.0,5,Expert,0.05,0.05,1,751,90,0.0,0.0,0,0,2
No Tactical,3,375,train,strong,player_win,-10.0,5,100.0,5,Expert,0.05,0.05,1,753,90,0.0,0.0,0,0,2
No Tactical,3,376,train,strong,player_win,-10.0,5,100.0,5,Expert,0.05,0.05,1,755,90,0.0,0.0,0,0,2
No Tactical,3,377,train,strong,player_win,-10.0,5,100.0,5,Expert,0.05,0.05,1,757,90,0.0,0.0,0,0,2
No Tactical,3,378,train,strong,player_win,-10.0,5,100.0,5,Expert,0.05,0.05,1,759,90,0.0,0.0,0,0,2
No Tactical,3,379,train,strong,player_win,-10.0,5,100.0,5,Expert,0.05,0.05,1,761,90,0.0,0.0,0,0,2
No Tactical,3,380,train,strong,player_win,-10.0,5,100.0,5,Expert,0.05,0.05,1,763,90,0.0,0.0,0,0,2
No Tactical,3,381,train,strong,player_win,-10.0,5,100.0,5,Expert,0.05,0.05,1,765,90,0.0,0.0,0,0,2
No Tactical,3,382,train,strong,player_win,-10.0,5,100.0,5,Expert,0.05,0.05,1,767,90,0.0,0.0,0,0,2
No Tactical,3,383,train,strong,player_win,-10.0,5,100.0,5,Expert,0.05,0.05,1,769,90,0.0,0.0,0,0,2
No Tactical,3,384,train,strong,player_win,-10.0,5,100.0,5,Expert,0.05,0.05,1,771,90,0.0,0.0,0,0,2
No Tactical,3,385,train,strong,player_win,-10.0,5,100.0,5,Expert,0.05,0.05,1,773,90,0.0,0.0,0,0,2
No Tactical,3,386,train,strong,player_win,-10.0,5,100.0,5,Expert,0.05,0.05,1,775,90,0.0,0.0,0,0,2
No Tactical,3,387,train,strong,player_win,-10.0,5,100.0,5,Expert,0.05,0.05,1,777,90,0.0,0.0,0,0,2
No Tactical,3,388,train,strong,player_win,-10.0,5,100.0,5,Expert,0.05,0.05,1,779,90,0.0,0.0,0,0,2
No Tactical,3,389,train,strong,player_win,-10.0,5,100.0,5,Expert,0.05,0.05,1,781,90,0.0,0.0,0,0,2
No Tactical,3,390,train,strong,player_win,-10.0,5,100.0,5,Expert,0.05,0.05,1,783,90,0.0,0.0,0,1,1
No Tactical,3,391,train,strong,player_win,-10.0,5,100.0,5,Expert,0.05,0.05,1,785,90,0.0,0.0,0,0,2
No Tactical,3,392,train,strong,player_win,-10.0,5,100.0,5,Expert,0.05,0.05,1,787,90,0.0,0.0,0,0,2
No Tactical,3,393,train,strong,player_win,-10.0,5,100.0,5,Expert,0.05,0.05,1,789,90,0.0,0.0,0,0,2
No Tactical,3,394,train,strong,player_win,-10.0,7,100.0,5,Expert,0.05,0.05,1,792,91,0.0,0.0,0,0,3
No Tactical,3,395,train,strong,player_win,-10.0,5,100.0,5,Expert,0.05,0.05,1,794,91,0.0,0.0,0,0,2
No Tactical,3,396,train,strong,player_win,-10.0,5,100.0,5,Expert,0.05,0.05,1,796,91,0.0,0.0,0,0,2
No Tactical,3,397,train,strong,player_win,-10.0,5,100.0,5,Expert,0.05,0.05,1,798,91,0.0,0.0,0,0,2
No Tactical,3,398,train,strong,player_win,-10.0,5,100.0,5,Expert,0.05,0.05,1,800,91,0.0,0.0,0,0,2
No Tactical,3,399,train,strong,player_win,-10.0,5,100.0,5,Expert,0.05,0.05,1,802,91,0.0,0.0,0,0,2
No Tactical,3,400,train,strong,player_win,-10.0,5,100.0,5,Expert,0.05,0.05,1,804,91,0.0,0.0,0,0,2
No Tactical,3,401,train,strong,player_win,-10.0,5,100.0,5,Expert,0.05,0.05,1,806,91,0.0,0.0,0,0,2
No Tactical,3,402,train,strong,player_win,-10.0,5,100.0,5,Expert,0.05,0.05,1,808,91,0.0,0.0,0,0,2
No Tactical,3,403,train,strong,player_win,-10.0,5,100.0,5,Expert,0.05,0.05,1,810,91,0.0,0.0,0,0,2
No Tactical,3,404,train,strong,player_win,-10.0,5,100.0,5,Expert,0.05,0.05,1,812,91,0.0,0.0,0,0,2
No Tactical,3,405,train,strong,player_win,-10.0,5,100.0,5,Expert,0.05,0.05,1,814,91,0.0,0.0,0,0,2
No Tactical,3,406,train,strong,player_win,-10.0,5,100.0,5,Expert,0.05,0.05,1,816,91,0.0,0.0,0,0,2
No Tactical,3,407,train,strong,player_win,-10.0,5,100.0,5,Expert,0.05,0.05,1,818,91,0.0,0.0,0,0,2
No Tactical,3,408,train,strong,player_win,-10.0,5,100.0,5,Expert,0.05,0.05,1,820,91,0.0,0.0,0,0,2
No Tactical,3,409,train,strong,player_win,-10.0,5,100.0,5,Expert,0.05,0.05,1,822,91,0.0,0.0,0,0,2
No Tactical,3,410,train,strong,player_win,-10.0,5,100.0,5,Expert,0.05,0.05,1,824,91,0.0,0.0,0,0,2
No Tactical,3,411,train,strong,player_win,-10.0,5,100.0,5,Expert,0.05,0.05,1,826,91,0.0,0.0,0,0,2
No Tactical,3,412,train,strong,player_win,-10.0,5,100.0,5,Expert,0.05,0.05,1,828,91,0.0,0.0,0,0,2
No Tactical,3,413,train,strong,player_win,-10.0,5,100.0,5,Expert,0.05,0.05,1,830,91,0.0,0.0,0,0,2
No Tactical,3,414,train,strong,player_win,-10.0,5,100.0,5,Expert,0.05,0.05,1,832,91,0.0,0.0,0,1,1
No Tactical,3,415,train,strong,player_win,-10.0,5,100.0,5,Expert,0.05,0.05,1,834,91,0.0,0.0,0,0,2
No Tactical,3,416,train,strong,player_win,-10.0,5,100.0,5,Expert,0.05,0.05,1,836,91,0.0,0.0,0,0,2
No Tactical,3,417,train,strong,player_win,-10.0,5,100.0,5,Expert,0.05,0.05,1,838,91,0.0,0.0,0,1,1
No Tactical,3,418,train,strong,player_win,-10.0,5,100.0,5,Expert,0.05,0.05,1,840,91,0.0,0.0,0,0,2
No Tactical,3,419,train,strong,player_win,-10.0,5,100.0,5,Expert,0.05,0.05,1,842,91,0.0,0.0,0,0,2
No Tactical,3,420,train,strong,player_win,-10.0,5,100.0,5,Expert,0.05,0.05,1,844,91,0.0,0.0,0,0,2
No Tactical,3,421,train,strong,player_win,-10.0,5,100.0,5,Expert,0.05,0.05,1,846,91,0.0,0.0,0,0,2
No Tactical,3,422,train,strong,player_win,-10.0,5,100.0,5,Expert,0.05,0.05,1,848,91,0.0,0.0,0,0,2
No Tactical,3,423,train,strong,player_win,-10.0,5,100.0,5,Expert,0.05,0.05,1,850,91,0.0,0.0,0,0,2
No Tactical,3,424,train,strong,player_win,-10.0,5,100.0,5,Expert,0.05,0.05,1,852,91,0.0,0.0,0,0,2
No Tactical,3,425,train,strong,player_win,-10.0,5,100.0,5,Expert,0.05,0.05,1,854,91,0.0,0.0,0,0,2
No Tactical,3,426,train,strong,player_win,-10.0,5,100.0,5,Expert,0.05,0.05,1,856,91,0.0,0.0,0,0,2
No Tactical,3,427,train,strong,player_win,-10.0,5,100.0,5,Expert,0.05,0.05,1,858,91,0.0,0.0,0,1,1
No Tactical,3,428,train,strong,player_win,-10.0,5,100.0,5,Expert,0.05,0.05,1,860,91,0.0,0.0,0,0,2
No Tactical,3,429,train,strong,player_win,-10.0,5,100.0,5,Expert,0.05,0.05,1,862,91,0.0,0.0,0,0,2
No Tactical,3,430,train,strong,player_win,-10.0,5,100.0,5,Expert,0.05,0.05,1,864,91,0.0,0.0,0,0,2
No Tactical,3,431,train,strong,player_win,-10.0,5,100.0,5,Expert,0.05,0.05,1,866,91,0.0,0.0,0,0,2
No Tactical,3,432,train,strong,player_win,-10.0,5,100.0,5,Expert,0.05,0.05,1,868,91,0.0,0.0,0,0,2
No Tactical,3,433,train,strong,player_win,-10.0,5,100.0,5,Expert,0.05,0.05,1,870,91,0.0,0.0,0,0,2
No Tactical,3,434,train,strong,player_win,-10.0,5,100.0,5,Expert,0.05,0.05,1,872,91,0.0,0.0,0,0,2
No Tactical,3,435,train,strong,player_win,-10.0,5,100.0,5,Expert,0.05,0.05,1,874,91,0.0,0.0,0,1,1
No Tactical,3,436,train,strong,player_win,-10.0,5,100.0,5,Expert,0.05,0.05,1,876,91,0.0,0.0,0,0,2
No Tactical,3,437,train,strong,player_win,-10.0,5,100.0,5,Expert,0.05,0.05,1,878,91,0.0,0.0,0,0,2
No Tactical,3,438,train,strong,player_win,-10.0,5,100.0,5,Expert,0.05,0.05,1,880,91,0.0,0.0,0,0,2
No Tactical,3,439,train,strong,player_win,-10.0,5,100.0,5,Expert,0.05,0.05,1,882,91,0.0,0.0,0,0,2
No Tactical,3,440,train,strong,player_win,-10.0,5,100.0,5,Expert,0.05,0.05,1,884,91,0.0,0.0,0,0,2
No Tactical,3,441,train,strong,player_win,-10.0,5,100.0,5,Expert,0.05,0.05,1,886,91,0.0,0.0,0,0,2
No Tactical,3,442,train,strong,player_win,-10.0,5,100.0,5,Expert,0.05,0.05,1,888,91,0.0,0.0,0,0,2
No Tactical,3,443,train,strong,player_win,-10.0,5,100.0,5,Expert,0.05,0.05,1,890,91,0.0,0.0,0,0,2
No Tactical,3,444,train,strong,player_win,-10.0,5,100.0,5,Expert,0.05,0.05,1,892,91,0.0,0.0,0,0,2
No Tactical,3,445,train,strong,player_win,-10.0,5,100.0,5,Expert,0.05,0.05,1,894,91,0.0,0.0,0,1,1
No Tactical,3,446,train,strong,player_win,-10.0,5,100.0,5,Expert,0.05,0.05,1,896,91,0.0,0.0,0,0,2
No Tactical,3,447,train,strong,player_win,-10.0,5,100.0,5,Expert,0.05,0.05,1,898,91,0.0,0.0,0,1,1
No Tactical,3,448,train,strong,player_win,-10.0,5,100.0,5,Expert,0.05,0.05,1,900,91,0.0,0.0,0,0,2
No Tactical,3,449,train,strong,player_win,-10.0,5,100.0,5,Expert,0.05,0.05,1,902,91,0.0,0.0,0,0,2
No Tactical,3,450,train,strong,player_win,-10.0,5,100.0,5,Expert,0.05,0.05,1,904,91,0.0,0.0,0,1,1
No Tactical,3,451,train,strong,player_win,-10.0,5,100.0,5,Expert,0.05,0.05,1,906,91,0.0,0.0,0,0,2
No Tactical,3,452,train,strong,player_win,-10.0,5,100.0,5,Expert,0.05,0.05,1,908,91,0.0,0.0,0,0,2
No Tactical,3,453,train,strong,player_win,-10.0,5,100.0,5,Expert,0.05,0.05,1,910,91,0.0,0.0,0,0,2
No Tactical,3,454,train,strong,player_win,-10.0,5,100.0,5,Expert,0.05,0.05,1,912,91,0.0,0.0,0,1,1
No Tactical,3,455,train,strong,player_win,-10.0,5,100.0,5,Expert,0.05,0.05,1,914,91,0.0,0.0,0,0,2
No Tactical,3,456,train,strong,player_win,-10.0,5,100.0,5,Expert,0.05,0.05,1,916,91,0.0,0.0,0,0,2
No Tactical,3,457,train,strong,player_win,-10.0,5,100.0,5,Expert,0.05,0.05,1,918,91,0.0,0.0,0,0,2
No Tactical,3,458,train,strong,player_win,-10.0,5,100.0,5,Expert,0.05,0.05,1,920,91,0.0,0.0,0,0,2
No Tactical,3,459,train,strong,player_win,-10.0,5,100.0,5,Expert,0.05,0.05,1,922,91,0.0,0.0,0,0,2
No Tactical,3,460,train,strong,player_win,-10.0,5,100.0,5,Expert,0.05,0.05,1,924,91,0.0,0.0,0,0,2
No Tactical,3,461,train,strong,player_win,-10.0,5,100.0,5,Expert,0.05,0.05,1,926,91,0.0,0.0,0,0,2
No Tactical,3,462,train,strong,player_win,-10.0,5,100.0,5,Expert,0.05,0.05,1,928,91,0.0,0.0,0,0,2
No Tactical,3,463,train,strong,player_win,-10.0,5,100.0,5,Expert,0.05,0.05,1,930,91,0.0,0.0,0,0,2
No Tactical,3,464,train,strong,player_win,-10.0,5,100.0,5,Expert,0.05,0.05,1,932,91,0.0,0.0,0,0,2
No Tactical,3,465,train,strong,player_win,-10.0,5,100.0,5,Expert,0.05,0.05,1,934,91,0.0,0.0,0,0,2
No Tactical,3,466,train,strong,player_win,-10.0,5,100.0,5,Expert,0.05,0.05,1,936,91,0.0,0.0,0,0,2
No Tactical,3,467,train,strong,player_win,-10.0,5,100.0,5,Expert,0.05,0.05,1,938,91,0.0,0.0,0,0,2
No Tactical,3,468,train,strong,player_win,-10.0,5,100.0,5,Expert,0.05,0.05,1,940,91,0.0,0.0,0,0,2
No Tactical,3,469,train,strong,player_win,-10.0,5,100.0,5,Expert,0.05,0.05,1,942,91,0.0,0.0,0,1,1
No Tactical,3,470,train,strong,player_win,-10.0,5,100.0,5,Expert,0.05,0.05,1,944,91,0.0,0.0,0,0,2
No Tactical,3,471,train,strong,player_win,-10.0,5,100.0,5,Expert,0.05,0.05,1,946,91,0.0,0.0,0,0,2
No Tactical,3,472,train,strong,player_win,-10.0,5,100.0,5,Expert,0.05,0.05,1,948,91,0.0,0.0,0,0,2
No Tactical,3,473,train,strong,player_win,-10.0,5,100.0,5,Expert,0.05,0.05,1,950,91,0.0,0.0,0,0,2
No Tactical,3,474,train,strong,player_win,-10.0,5,100.0,5,Expert,0.05,0.05,1,952,91,0.0,0.0,0,0,2
No Tactical,3,475,train,strong,player_win,-10.0,5,100.0,5,Expert,0.05,0.05,1,954,91,0.0,0.0,0,0,2
No Tactical,3,476,train,strong,player_win,-10.0,5,100.0,5,Expert,0.05,0.05,1,956,91,0.0,0.0,0,0,2
No Tactical,3,477,train,strong,player_win,-10.0,5,100.0,5,Expert,0.05,0.05,1,958,91,0.0,0.0,0,0,2
No Tactical,3,478,train,strong,player_win,-10.0,5,100.0,5,Expert,0.05,0.05,1,960,91,0.0,0.0,0,0,2
No Tactical,3,479,train,strong,player_win,-10.0,5,100.0,5,Expert,0.05,0.05,1,962,91,0.0,0.0,0,0,2
No Tactical,3,480,train,strong,player_win,-10.0,5,100.0,5,Expert,0.05,0.05,1,964,91,0.0,0.0,0,0,2
No Tactical,3,481,train,strong,player_win,-10.0,5,100.0,5,Expert,0.05,0.05,1,966,91,0.0,0.0,0,0,2
No Tactical,3,482,train,strong,player_win,-10.0,5,100.0,5,Expert,0.05,0.05,1,968,91,0.0,0.0,0,0,2
No Tactical,3,483,train,strong,player_win,-10.0,5,100.0,5,Expert,0.05,0.05,1,970,91,0.0,0.0,0,0,2
No Tactical,3,484,train,strong,player_win,-10.0,5,100.0,5,Expert,0.05,0.05,1,972,91,0.0,0.0,0,0,2
No Tactical,3,485,train,strong,player_win,-10.0,5,100.0,5,Expert,0.05,0.05,1,974,91,0.0,0.0,0,0,2
No Tactical,3,486,train,strong,player_win,-10.0,5,100.0,5,Expert,0.05,0.05,1,976,91,0.0,0.0,0,1,1
No Tactical,3,487,train,strong,player_win,-10.0,5,100.0,5,Expert,0.05,0.05,1,978,91,0.0,0.0,0,0,2
No Tactical,3,488,train,strong,player_win,-10.0,5,100.0,5,Expert,0.05,0.05,1,980,91,0.0,0.0,0,0,2
No Tactical,3,489,train,strong,player_win,-10.0,5,100.0,5,Expert,0.05,0.05,1,982,91,0.0,0.0,0,0,2
No Tactical,3,490,train,strong,player_win,-10.0,5,100.0,5,Expert,0.05,0.05,1,984,91,0.0,0.0,0,0,2
No Tactical,3,491,train,strong,player_win,-10.0,5,100.0,5,Expert,0.05,0.05,1,986,91,0.0,0.0,0,0,2
No Tactical,3,492,train,strong,player_win,-10.0,5,100.0,5,Expert,0.05,0.05,1,988,91,0.0,0.0,0,0,2
No Tactical,3,493,train,strong,player_win,-10.0,5,100.0,5,Expert,0.05,0.05,1,990,91,0.0,0.0,0,0,2
No Tactical,3,494,train,strong,player_win,-10.0,5,100.0,5,Expert,0.05,0.05,1,992,91,0.0,0.0,0,0,2
No Tactical,3,495,train,strong,player_win,-10.0,5,100.0,5,Expert,0.05,0.05,1,994,91,0.0,0.0,0,0,2
No Tactical,3,496,train,strong,player_win,-10.0,5,100.0,5,Expert,0.05,0.05,1,996,91,0.0,0.0,0,0,2
No Tactical,3,497,train,strong,player_win,-10.0,5,100.0,5,Expert,0.05,0.05,1,998,91,0.0,0.0,0,0,2
No Tactical,3,498,train,strong,player_win,-10.0,5,100.0,5,Expert,0.05,0.05,1,1000,91,0.0,0.0,0,0,2
No Tactical,3,499,train,strong,player_win,-10.0,5,100.0,5,Expert,0.05,0.05,1,1002,91,0.0,0.0,0,0,2
No Tactical,3,500,train,strong,player_win,-10.0,5,100.0,5,Expert,0.05,0.05,1,1004,91,0.0,0.0,0,0,2
No Tactical,3,501,train,strong,player_win,-10.0,5,100.0,5,Expert,0.05,0.05,1,1006,91,0.0,0.0,0,0,2
No Tactical,3,502,train,strong,player_win,-10.0,5,100.0,5,Expert,0.05,0.05,1,1008,91,0.0,0.0,0,0,2
No Tactical,3,503,train,strong,player_win,-10.0,5,100.0,5,Expert,0.05,0.05,1,1010,91,0.0,0.0,0,0,2
No Tactical,3,504,train,strong,player_win,-10.0,5,100.0,5,Expert,0.05,0.05,1,1012,91,0.0,0.0,0,0,2
No Tactical,3,505,train,strong,player_win,-10.0,5,100.0,5,Expert,0.05,0.05,1,1014,91,0.0,0.0,0,0,2
No Tactical,3,506,train,strong,player_win,-10.0,5,100.0,5,Expert,0.05,0.05,1,1016,91,0.0,0.0,0,1,1
No Tactical,3,507,train,strong,player_win,-10.0,5,100.0,5,Expert,0.05,0.05,1,1018,91,0.0,0.0,0,1,1
No Tactical,3,508,train,strong,player_win,-10.0,5,100.0,5,Expert,0.05,0.05,1,1020,91,0.0,0.0,0,0,2
No Tactical,3,509,train,strong,player_win,-10.0,5,100.0,5,Expert,0.05,0.05,1,1022,91,0.0,0.0,0,0,2
No Tactical,3,510,train,strong,player_win,-10.0,5,100.0,5,Expert,0.05,0.05,1,1024,91,0.0,0.0,0,0,2
No Tactical,3,511,train,strong,player_win,-10.0,5,100.0,5,Expert,0.05,0.05,1,1026,91,0.0,0.0,0,0,2
No Tactical,3,512,train,strong,player_win,-10.0,5,100.0,5,Expert,0.05,0.05,1,1028,91,0.0,0.0,0,0,2
No Tactical,3,513,train,strong,player_win,-10.0,5,100.0,5,Expert,0.05,0.05,1,1030,91,0.0,0.0,0,0,2
No Tactical,3,514,train,strong,player_win,-10.0,5,100.0,5,Expert,0.05,0.05,1,1032,91,0.0,0.0,0,0,2
No Tactical,3,515,train,strong,player_win,-10.0,5,100.0,5,Expert,0.05,0.05,1,1034,91,0.0,0.0,0,0,2
No Tactical,3,516,train,strong,player_win,-10.0,5,100.0,5,Expert,0.05,0.05,1,1036,91,0.0,0.0,0,0,2
No Tactical,3,517,train,strong,player_win,-10.0,5,100.0,5,Expert,0.05,0.05,1,1038,91,0.0,0.0,0,0,2
No Tactical,3,518,train,strong,player_win,-10.0,5,100.0,5,Expert,0.05,0.05,1,1040,91,0.0,0.0,0,0,2
No Tactical,3,519,train,strong,player_win,-10.0,5,100.0,5,Expert,0.05,0.05,1,1042,91,0.0,0.0,0,0,2
No Tactical,3,520,train,strong,player_win,-10.0,5,100.0,5,Expert,0.05,0.05,1,1044,91,0.0,0.0,0,0,2
No Tactical,3,521,train,strong,player_win,-10.0,5,100.0,5,Expert,0.05,0.05,1,1046,91,0.0,0.0,0,0,2
No Tactical,3,522,train,strong,player_win,-10.0,5,100.0,5,Expert,0.05,0.05,1,1048,91,0.0,0.0,0,0,2
No Tactical,3,523,train,strong,player_win,-10.0,5,100.0,5,Expert,0.05,0.05,1,1050,91,0.0,0.0,0,0,2
No Tactical,3,524,train,strong,player_win,-10.0,5,100.0,5,Expert,0.05,0.05,1,1052,91,0.0,0.0,0,0,2
No Tactical,3,525,train,strong,player_win,-10.0,5,100.0,5,Expert,0.05,0.05,1,1054,91,0.0,0.0,0,0,2
No Tactical,3,526,train,strong,player_win,-10.0,5,100.0,5,Expert,0.05,0.05,1,1056,91,0.0,0.0,0,0,2
No Tactical,3,527,train,strong,player_win,-10.0,5,100.0,5,Expert,0.05,0.05,1,1058,91,0.0,0.0,0,0,2
No Tactical,3,528,train,strong,player_win,-10.0,5,100.0,5,Expert,0.05,0.05,1,1060,91,0.0,0.0,0,0,2
No Tactical,3,529,train,strong,player_win,-10.0,5,100.0,5,Expert,0.05,0.05,1,1062,91,0.0,0.0,0,0,2
No Tactical,3,530,train,strong,player_win,-10.0,5,100.0,5,Expert,0.05,0.05,1,1064,91,0.0,0.0,0,0,2
No Tactical,3,531,train,strong,player_win,-10.0,5,100.0,5,Expert,0.05,0.05,1,1066,91,0.0,0.0,0,0,2
No Tactical,3,532,train,strong,player_win,-10.0,5,100.0,5,Expert,0.05,0.05,1,1068,91,0.0,0.0,0,0,2
No Tactical,3,533,train,strong,player_win,-10.0,5,100.0,5,Expert,0.05,0.05,1,1070,91,0.0,0.0,0,0,2
No Tactical,3,534,train,strong,player_win,-10.0,5,100.0,5,Expert,0.05,0.05,1,1072,91,0.0,0.0,0,0,2
No Tactical,3,535,train,strong,player_win,-10.0,5,100.0,5,Expert,0.05,0.05,1,1074,91,0.0,0.0,0,0,2
No Tactical,3,536,train,strong,player_win,-10.0,5,100.0,5,Expert,0.05,0.05,1,1076,91,0.0,0.0,0,0,2
No Tactical,3,537,train,strong,player_win,-10.0,5,100.0,5,Expert,0.05,0.05,1,1078,91,0.0,0.0,0,0,2
No Tactical,3,538,train,strong,player_win,-10.0,5,100.0,5,Expert,0.05,0.05,1,1080,91,0.0,0.0,0,0,2
No Tactical,3,539,train,strong,player_win,-10.0,5,100.0,5,Expert,0.05,0.05,1,1082,91,0.0,0.0,0,0,2
No Tactical,3,540,train,strong,player_win,-10.0,5,100.0,5,Expert,0.05,0.05,1,1084,91,0.0,0.0,0,0,2
No Tactical,3,541,train,strong,player_win,-10.0,5,100.0,5,Expert,0.05,0.05,1,1086,91,0.0,0.0,0,0,2
No Tactical,3,542,train,strong,player_win,-10.0,5,100.0,5,Expert,0.05,0.05,1,1088,91,0.0,0.0,0,1,1
No Tactical,3,543,train,strong,player_win,-10.0,5,100.0,5,Expert,0.05,0.05,1,1090,91,0.0,0.0,0,0,2
No Tactical,3,544,train,strong,player_win,-10.0,7,100.0,5,Expert,0.05,0.05,1,1093,92,0.0,0.0,0,0,3
No Tactical,3,545,train,strong,player_win,-10.0,5,100.0,5,Expert,0.05,0.05,1,1095,92,0.0,0.0,0,0,2
No Tactical,3,546,train,strong,player_win,-10.0,5,100.0,5,Expert,0.05,0.05,1,1097,92,0.0,0.0,0,0,2
No Tactical,3,547,train,strong,player_win,-10.0,5,100.0,5,Expert,0.05,0.05,1,1099,92,0.0,0.0,0,0,2
No Tactical,3,548,train,strong,player_win,-10.0,5,100.0,5,Expert,0.05,0.05,1,1101,92,0.0,0.0,0,0,2
No Tactical,3,549,train,strong,player_win,-10.0,5,100.0,5,Expert,0.05,0.05,1,1103,92,0.0,0.0,0,1,1
No Tactical,3,550,train,strong,player_win,-10.0,5,100.0,5,Expert,0.05,0.05,1,1105,92,0.0,0.0,0,1,1
No Tactical,3,551,train,strong,player_win,-10.0,5,100.0,5,Expert,0.05,0.05,1,1107,92,0.0,0.0,0,0,2
No Tactical,3,552,train,strong,player_win,-10.0,5,100.0,5,Expert,0.05,0.05,1,1109,92,0.0,0.0,0,0,2
No Tactical,3,553,train,strong,player_win,-10.0,5,100.0,5,Expert,0.05,0.05,1,1111,92,0.0,0.0,0,1,1
No Tactical,3,554,train,strong,player_win,-10.0,5,100.0,5,Expert,0.05,0.05,1,1113,92,0.0,0.0,0,0,2
No Tactical,3,555,train,strong,player_win,-10.0,5,100.0,5,Expert,0.05,0.05,1,1115,92,0.0,0.0,0,0,2
No Tactical,3,556,train,strong,player_win,-10.0,5,100.0,5,Expert,0.05,0.05,1,1117,92,0.0,0.0,0,0,2
No Tactical,3,557,train,strong,player_win,-10.0,5,100.0,5,Expert,0.05,0.05,1,1119,92,0.0,0.0,0,0,2
No Tactical,3,558,train,strong,player_win,-10.0,5,100.0,5,Expert,0.05,0.05,1,1121,92,0.0,0.0,0,0,2
No Tactical,3,559,train,strong,player_win,-10.0,5,100.0,5,Expert,0.05,0.05,1,1123,92,0.0,0.0,0,0,2
No Tactical,3,560,train,strong,player_win,-10.0,5,100.0,5,Expert,0.05,0.05,1,1125,92,0.0,0.0,0,0,2
No Tactical,3,561,train,strong,player_win,-10.0,5,100.0,5,Expert,0.05,0.05,1,1127,92,0.0,0.0,0,0,2
No Tactical,3,562,train,strong,player_win,-10.0,5,100.0,5,Expert,0.05,0.05,1,1129,92,0.0,0.0,0,0,2
No Tactical,3,563,train,strong,player_win,-10.0,5,100.0,5,Expert,0.05,0.05,1,1131,92,0.0,0.0,0,1,1
No Tactical,3,564,train,strong,player_win,-10.0,5,100.0,5,Expert,0.05,0.05,1,1133,92,0.0,0.0,0,0,2
No Tactical,3,565,train,strong,player_win,-10.0,5,100.0,5,Expert,0.05,0.05,1,1135,92,0.0,0.0,0,0,2
No Tactical,3,566,train,strong,player_win,-10.0,5,100.0,5,Expert,0.05,0.05,1,1137,92,0.0,0.0,0,0,2
No Tactical,3,567,train,strong,player_win,-10.0,5,100.0,5,Expert,0.05,0.05,1,1139,92,0.0,0.0,0,0,2
No Tactical,3,568,train,strong,player_win,-10.0,5,100.0,5,Expert,0.05,0.05,1,1141,92,0.0,0.0,0,0,2
No Tactical,3,569,train,strong,player_win,-10.0,5,100.0,5,Expert,0.05,0.05,1,1143,92,0.0,0.0,0,0,2
No Tactical,3,570,train,strong,player_win,-10.0,5,100.0,5,Expert,0.05,0.05,1,1145,92,0.0,0.0,0,0,2
No Tactical,3,571,train,strong,player_win,-10.0,5,100.0,5,Expert,0.05,0.05,1,1147,92,0.0,0.0,0,0,2
No Tactical,3,572,train,strong,player_win,-10.0,5,100.0,5,Expert,0.05,0.05,1,1149,92,0.0,0.0,0,0,2
No Tactical,3,573,train,strong,player_win,-10.0,5,100.0,5,Expert,0.05,0.05,1,1151,92,0.0,0.0,0,0,2
No Tactical,3,574,train,strong,player_win,-10.0,5,100.0,5,Expert,0.05,0.05,1,1153,92,0.0,0.0,0,0,2
No Tactical,3,575,train,strong,player_win,-10.0,5,100.0,5,Expert,0.05,0.05,1,1155,92,0.0,0.0,0,0,2
No Tactical,3,576,train,strong,player_win,-10.0,5,100.0,5,Expert,0.05,0.05,1,1157,92,0.0,0.0,0,0,2
No Tactical,3,577,train,strong,player_win,-10.0,5,100.0,5,Expert,0.05,0.05,1,1159,92,0.0,0.0,0,0,2
No Tactical,3,578,train,strong,player_win,-10.0,5,100.0,5,Expert,0.05,0.05,1,1161,92,0.0,0.0,0,0,2
No Tactical,3,579,train,strong,player_win,-10.0,5,100.0,5,Expert,0.05,0.05,1,1163,92,0.0,0.0,0,0,2
No Tactical,3,580,train,strong,player_win,-10.0,5,100.0,5,Expert,0.05,0.05,1,1165,92,0.0,0.0,0,0,2
No Tactical,3,581,train,strong,player_win,-10.0,5,100.0,5,Expert,0.05,0.05,1,1167,92,0.0,0.0,0,0,2
No Tactical,3,582,train,strong,player_win,-10.0,5,100.0,5,Expert,0.05,0.05,1,1169,92,0.0,0.0,0,0,2
No Tactical,3,583,train,strong,player_win,-10.0,5,100.0,5,Expert,0.05,0.05,1,1171,92,0.0,0.0,0,0,2
No Tactical,3,584,train,strong,player_win,-10.0,5,100.0,5,Expert,0.05,0.05,1,1173,92,0.0,0.0,0,0,2
No Tactical,3,585,train,strong,player_win,-10.0,5,100.0,5,Expert,0.05,0.05,1,1175,92,0.0,0.0,0,0,2
No Tactical,3,586,train,strong,player_win,-10.0,5,100.0,5,Expert,0.05,0.05,1,1177,92,0.0,0.0,0,0,2
No Tactical,3,587,train,strong,player_win,-10.0,5,100.0,5,Expert,0.05,0.05,1,1179,92,0.0,0.0,0,0,2
No Tactical,3,588,train,strong,player_win,-10.0,5,100.0,5,Expert,0.05,0.05,1,1181,92,0.0,0.0,0,0,2
No Tactical,3,589,train,strong,player_win,-10.0,5,100.0,5,Expert,0.05,0.05,1,1183,92,0.0,0.0,0,0,2
No Tactical,3,590,train,strong,player_win,-10.0,5,100.0,5,Expert,0.05,0.05,1,1185,92,0.0,0.0,0,0,2
No Tactical,3,591,train,strong,player_win,-10.0,5,100.0,5,Expert,0.05,0.05,1,1187,92,0.0,0.0,0,0,2
No Tactical,3,592,train,strong,player_win,-10.0,5,100.0,5,Expert,0.05,0.05,1,1189,92,0.0,0.0,0,0,2
No Tactical,3,593,train,strong,player_win,-10.0,5,100.0,5,Expert,0.05,0.05,1,1191,92,0.0,0.0,0,0,2
No Tactical,3,594,train,strong,player_win,-10.0,5,100.0,5,Expert,0.05,0.05,1,1193,92,0.0,0.0,0,0,2
No Tactical,3,595,train,strong,player_win,-10.0,5,100.0,5,Expert,0.05,0.05,1,1195,92,0.0,0.0,0,0,2
No Tactical,3,596,train,strong,player_win,-10.0,5,100.0,5,Expert,0.05,0.05,1,1197,92,0.0,0.0,0,0,2
No Tactical,3,597,train,strong,player_win,-10.0,5,100.0,5,Expert,0.05,0.05,1,1199,92,0.0,0.0,0,0,2
No Tactical,3,598,train,strong,player_win,-10.0,5,100.0,5,Expert,0.05,0.05,1,1201,92,0.0,0.0,0,0,2
No Tactical,3,599,train,strong,player_win,-10.0,5,100.0,5,Expert,0.05,0.05,1,1203,92,0.0,0.0,0,0,2
No Tactical,3,600,train,strong,player_win,-10.0,5,100.0,5,Expert,0.05,0.05,1,1205,92,0.0,0.0,0,0,2
No Tactical,3,601,train,strong,player_win,-10.0,5,100.0,5,Expert,0.05,0.05,1,1207,92,0.0,0.0,0,0,2
No Tactical,3,602,train,strong,player_win,-10.0,5,100.0,5,Expert,0.05,0.05,1,1209,92,0.0,0.0,0,0,2
No Tactical,3,603,train,strong,player_win,-10.0,5,100.0,5,Expert,0.05,0.05,1,1211,92,0.0,0.0,0,1,1
No Tactical,3,604,train,strong,player_win,-10.0,5,100.0,5,Expert,0.05,0.05,1,1213,92,0.0,0.0,0,0,2
No Tactical,3,605,train,strong,player_win,-10.0,5,100.0,5,Expert,0.05,0.05,1,1215,92,0.0,0.0,0,0,2
No Tactical,3,606,train,strong,player_win,-10.0,5,100.0,5,Expert,0.05,0.05,1,1217,92,0.0,0.0,0,0,2
No Tactical,3,607,train,strong,player_win,-10.0,5,100.0,5,Expert,0.05,0.05,1,1219,92,0.0,0.0,0,0,2
No Tactical,3,608,train,strong,player_win,-10.0,5,100.0,5,Expert,0.05,0.05,1,1221,92,0.0,0.0,0,0,2
No Tactical,3,609,train,strong,player_win,-10.0,5,100.0,5,Expert,0.05,0.05,1,1223,92,0.0,0.0,0,0,2
No Tactical,3,610,train,strong,player_win,-10.0,5,100.0,5,Expert,0.05,0.05,1,1225,92,0.0,0.0,0,0,2
No Tactical,3,611,train,strong,player_win,-10.0,5,100.0,5,Expert,0.05,0.05,1,1227,92,0.0,0.0,0,0,2
No Tactical,3,612,train,strong,player_win,-10.0,5,100.0,5,Expert,0.05,0.05,1,1229,92,0.0,0.0,0,0,2
No Tactical,3,613,train,strong,player_win,-10.0,5,100.0,5,Expert,0.05,0.05,1,1231,92,0.0,0.0,0,0,2
No Tactical,3,614,train,strong,player_win,-10.0,5,100.0,5,Expert,0.05,0.05,1,1233,92,0.0,0.0,0,0,2
No Tactical,3,615,train,strong,player_win,-10.0,5,100.0,5,Expert,0.05,0.05,1,1235,92,0.0,0.0,0,0,2
No Tactical,3,616,train,strong,player_win,-10.0,5,100.0,5,Expert,0.05,0.05,1,1237,92,0.0,0.0,0,0,2
No Tactical,3,617,train,strong,player_win,-10.0,5,100.0,5,Expert,0.05,0.05,1,1239,92,0.0,0.0,0,0,2
No Tactical,3,618,train,strong,player_win,-10.0,5,100.0,5,Expert,0.05,0.05,1,1241,92,0.0,0.0,0,0,2
No Tactical,3,619,train,strong,player_win,-10.0,5,100.0,5,Expert,0.05,0.05,1,1243,92,0.0,0.0,0,0,2
No Tactical,3,620,train,strong,player_win,-10.0,5,100.0,5,Expert,0.05,0.05,1,1245,92,0.0,0.0,0,0,2
No Tactical,3,621,train,strong,player_win,-10.0,5,100.0,5,Expert,0.05,0.05,1,1247,92,0.0,0.0,0,0,2
No Tactical,3,622,train,strong,player_win,-10.0,5,100.0,5,Expert,0.05,0.05,1,1249,92,0.0,0.0,0,0,2
No Tactical,3,623,train,strong,player_win,-10.0,5,100.0,5,Expert,0.05,0.05,1,1251,92,0.0,0.0,0,0,2
No Tactical,3,624,train,strong,player_win,-10.0,5,100.0,5,Expert,0.05,0.05,1,1253,92,0.0,0.0,0,0,2
No Tactical,3,625,train,strong,player_win,-10.0,5,100.0,5,Expert,0.05,0.05,1,1255,92,0.0,0.0,0,0,2
No Tactical,3,626,train,strong,player_win,-10.0,5,100.0,5,Expert,0.05,0.05,1,1257,92,0.0,0.0,0,0,2
No Tactical,3,627,train,strong,player_win,-10.0,5,100.0,5,Expert,0.05,0.05,1,1259,92,0.0,0.0,0,0,2
No Tactical,3,628,train,strong,player_win,-10.0,5,100.0,5,Expert,0.05,0.05,1,1261,92,0.0,0.0,0,0,2
No Tactical,3,629,train,strong,player_win,-10.0,5,100.0,5,Expert,0.05,0.05,1,1263,92,0.0,0.0,0,0,2
No Tactical,3,630,train,strong,player_win,-10.0,5,100.0,5,Expert,0.05,0.05,1,1265,92,0.0,0.0,0,0,2
No Tactical,3,631,train,strong,player_win,-10.0,5,100.0,5,Expert,0.05,0.05,1,1267,92,0.0,0.0,0,1,1
No Tactical,3,632,train,strong,player_win,-10.0,5,100.0,5,Expert,0.05,0.05,1,1269,92,0.0,0.0,0,1,1
No Tactical,3,633,train,strong,player_win,-10.0,5,100.0,5,Expert,0.05,0.05,1,1271,92,0.0,0.0,0,0,2
No Tactical,3,634,train,strong,player_win,-10.0,5,100.0,5,Expert,0.05,0.05,1,1273,92,0.0,0.0,0,1,1
No Tactical,3,635,train,strong,player_win,-10.0,5,100.0,5,Expert,0.05,0.05,1,1275,92,0.0,0.0,0,0,2
No Tactical,3,636,train,strong,player_win,-10.0,5,100.0,5,Expert,0.05,0.05,1,1277,92,0.0,0.0,0,0,2
No Tactical,3,637,train,strong,player_win,-10.0,5,100.0,5,Expert,0.05,0.05,1,1279,92,0.0,0.0,0,0,2
No Tactical,3,638,train,strong,player_win,-10.0,7,100.0,5,Expert,0.05,0.05,1,1282,93,0.0,0.0,0,0,3
No Tactical,3,639,train,strong,player_win,-10.0,5,100.0,5,Expert,0.05,0.05,1,1284,93,0.0,0.0,0,0,2
No Tactical,3,640,train,strong,player_win,-10.0,5,100.0,5,Expert,0.05,0.05,1,1286,93,0.0,0.0,0,0,2
No Tactical,3,641,train,strong,player_win,-10.0,5,100.0,5,Expert,0.05,0.05,1,1288,93,0.0,0.0,0,0,2
No Tactical,3,642,train,strong,player_win,-10.0,5,100.0,5,Expert,0.05,0.05,1,1290,93,0.0,0.0,0,0,2
No Tactical,3,643,train,strong,player_win,-10.0,5,100.0,5,Expert,0.05,0.05,1,1292,93,0.0,0.0,0,0,2
No Tactical,3,644,train,strong,player_win,-10.0,5,100.0,5,Expert,0.05,0.05,1,1294,93,0.0,0.0,0,0,2
No Tactical,3,645,train,strong,player_win,-10.0,5,100.0,5,Expert,0.05,0.05,1,1296,93,0.0,0.0,0,0,2
No Tactical,3,646,train,strong,player_win,-10.0,5,100.0,5,Expert,0.05,0.05,1,1298,93,0.0,0.0,0,1,1
No Tactical,3,647,train,strong,player_win,-10.0,5,100.0,5,Expert,0.05,0.05,1,1300,93,0.0,0.0,0,0,2
No Tactical,3,648,train,strong,player_win,-10.0,5,100.0,5,Expert,0.05,0.05,1,1302,93,0.0,0.0,0,0,2
No Tactical,3,649,train,strong,player_win,-10.0,5,100.0,5,Expert,0.05,0.05,1,1304,93,0.0,0.0,0,0,2
No Tactical,3,650,train,strong,player_win,-10.0,5,100.0,5,Expert,0.05,0.05,1,1306,93,0.0,0.0,0,0,2
No Tactical,3,651,train,strong,player_win,-10.0,5,100.0,5,Expert,0.05,0.05,1,1308,93,0.0,0.0,0,0,2
No Tactical,3,652,train,strong,player_win,-10.0,5,100.0,5,Expert,0.05,0.05,1,1310,93,0.0,0.0,0,0,2
No Tactical,3,653,train,strong,player_win,-10.0,7,100.0,5,Expert,0.05,0.05,1,1313,94,0.0,0.0,0,0,3
No Tactical,3,654,train,strong,player_win,-10.0,5,100.0,5,Expert,0.05,0.05,1,1315,94,0.0,0.0,0,0,2
No Tactical,3,655,train,strong,player_win,-10.0,5,100.0,5,Expert,0.05,0.05,1,1317,94,0.0,0.0,0,0,2
No Tactical,3,656,train,strong,player_win,-10.0,5,100.0,5,Expert,0.05,0.05,1,1319,94,0.0,0.0,0,0,2
No Tactical,3,657,train,strong,player_win,-10.0,5,100.0,5,Expert,0.05,0.05,1,1321,94,0.0,0.0,0,0,2
No Tactical,3,658,train,strong,player_win,-10.0,5,100.0,5,Expert,0.05,0.05,1,1323,94,0.0,0.0,0,0,2
No Tactical,3,659,train,strong,player_win,-10.0,5,100.0,5,Expert,0.05,0.05,1,1325,94,0.0,0.0,0,0,2
No Tactical,3,660,train,strong,player_win,-10.0,5,100.0,5,Expert,0.05,0.05,1,1327,94,0.0,0.0,0,0,2
No Tactical,3,661,train,strong,player_win,-10.0,5,100.0,5,Expert,0.05,0.05,1,1329,94,0.0,0.0,0,0,2
No Tactical,3,662,train,strong,player_win,-10.0,5,100.0,5,Expert,0.05,0.05,1,1331,94,0.0,0.0,0,0,2
No Tactical,3,663,train,strong,player_win,-10.0,5,100.0,5,Expert,0.05,0.05,1,1333,94,0.0,0.0,0,0,2
No Tactical,3,664,train,strong,player_win,-10.0,5,100.0,5,Expert,0.05,0.05,1,1335,94,0.0,0.0,0,0,2
No Tactical,3,665,train,strong,player_win,-10.0,5,100.0,5,Expert,0.05,0.05,1,1337,94,0.0,0.0,0,0,2
No Tactical,3,666,train,strong,player_win,-10.0,5,100.0,5,Expert,0.05,0.05,1,1339,94,0.0,0.0,0,1,1
No Tactical,3,667,train,strong,player_win,-10.0,5,100.0,5,Expert,0.05,0.05,1,1341,94,0.0,0.0,0,0,2
No Tactical,3,668,train,strong,player_win,-10.0,5,100.0,5,Expert,0.05,0.05,1,1343,94,0.0,0.0,0,1,1
No Tactical,3,669,train,strong,player_win,-10.0,5,100.0,5,Expert,0.05,0.05,1,1345,94,0.0,0.0,0,0,2
No Tactical,3,670,train,strong,player_win,-10.0,5,100.0,5,Expert,0.05,0.05,1,1347,94,0.0,0.0,0,0,2
No Tactical,3,671,train,strong,player_win,-10.0,5,100.0,5,Expert,0.05,0.05,1,1349,94,0.0,0.0,0,2,0
No Tactical,3,672,train,strong,player_win,-10.0,5,100.0,5,Expert,0.05,0.05,1,1351,94,0.0,0.0,0,0,2
No Tactical,3,673,train,strong,player_win,-10.0,5,100.0,5,Expert,0.05,0.05,1,1353,94,0.0,0.0,0,0,2
No Tactical,3,674,train,strong,player_win,-10.0,5,100.0,5,Expert,0.05,0.05,1,1355,94,0.0,0.0,0,0,2
No Tactical,3,675,train,strong,player_win,-10.0,5,100.0,5,Expert,0.05,0.05,1,1357,94,0.0,0.0,0,0,2
No Tactical,3,676,train,strong,player_win,-10.0,5,100.0,5,Expert,0.05,0.05,1,1359,94,0.0,0.0,0,1,1
No Tactical,3,677,train,strong,player_win,-10.0,5,100.0,5,Expert,0.05,0.05,1,1361,94,0.0,0.0,0,0,2
No Tactical,3,678,train,strong,player_win,-10.0,5,100.0,5,Expert,0.05,0.05,1,1363,94,0.0,0.0,0,0,2
No Tactical,3,679,train,strong,player_win,-10.0,5,100.0,5,Expert,0.05,0.05,1,1365,94,0.0,0.0,0,0,2
No Tactical,3,680,train,strong,player_win,-10.0,5,100.0,5,Expert,0.05,0.05,1,1367,94,0.0,0.0,0,0,2
No Tactical,3,681,train,strong,player_win,-10.0,5,100.0,5,Expert,0.05,0.05,1,1369,94,0.0,0.0,0,0,2
No Tactical,3,682,train,strong,player_win,-10.0,5,100.0,5,Expert,0.05,0.05,1,1371,94,0.0,0.0,0,0,2
No Tactical,3,683,train,strong,player_win,-10.0,5,100.0,5,Expert,0.05,0.05,1,1373,94,0.0,0.0,0,0,2
No Tactical,3,684,train,strong,player_win,-10.0,5,100.0,5,Expert,0.05,0.05,1,1375,94,0.0,0.0,0,0,2
No Tactical,3,685,train,strong,player_win,-10.0,5,100.0,5,Expert,0.05,0.05,1,1377,94,0.0,0.0,0,0,2
No Tactical,3,686,train,strong,player_win,-10.0,5,100.0,5,Expert,0.05,0.05,1,1379,94,0.0,0.0,0,0,2
No Tactical,3,687,train,strong,player_win,-10.0,5,100.0,5,Expert,0.05,0.05,1,1381,94,0.0,0.0,0,0,2
No Tactical,3,688,train,strong,player_win,-10.0,5,100.0,5,Expert,0.05,0.05,1,1383,94,0.0,0.0,0,0,2
No Tactical,3,689,train,strong,player_win,-10.0,5,100.0,5,Expert,0.05,0.05,1,1385,94,0.0,0.0,0,0,2
No Tactical,3,690,train,strong,player_win,-10.0,5,100.0,5,Expert,0.05,0.05,1,1387,95,0.0,0.0,0,0,2
No Tactical,3,691,train,strong,player_win,-10.0,5,100.0,5,Expert,0.05,0.05,1,1389,95,0.0,0.0,0,0,2
No Tactical,3,692,train,strong,player_win,-10.0,5,100.0,5,Expert,0.05,0.05,1,1391,95,0.0,0.0,0,0,2
No Tactical,3,693,train,strong,player_win,-10.0,5,100.0,5,Expert,0.05,0.05,1,1393,95,0.0,0.0,0,0,2
No Tactical,3,694,train,strong,player_win,-10.0,5,100.0,5,Expert,0.05,0.05,1,1395,95,0.0,0.0,0,0,2
No Tactical,3,695,train,strong,player_win,-10.0,5,100.0,5,Expert,0.05,0.05,1,1397,95,0.0,0.0,0,0,2
No Tactical,3,696,train,strong,player_win,-10.0,5,100.0,5,Expert,0.05,0.05,1,1399,95,0.0,0.0,0,0,2
No Tactical,3,697,train,strong,player_win,-10.0,5,100.0,5,Expert,0.05,0.05,1,1401,95,0.0,0.0,0,0,2
No Tactical,3,698,train,strong,player_win,-10.0,5,100.0,5,Expert,0.05,0.05,1,1403,95,0.0,0.0,0,0,2
No Tactical,3,699,train,strong,player_win,-10.0,5,100.0,5,Expert,0.05,0.05,1,1405,95,0.0,0.0,0,0,2
No Tactical,3,700,train,strong,player_win,-10.0,5,100.0,5,Expert,0.05,0.05,1,1407,95,0.0,0.0,0,0,2
No Tactical,3,701,train,strong,player_win,-10.0,5,100.0,5,Expert,0.05,0.05,1,1409,95,0.0,0.0,0,1,1
No Tactical,3,702,train,strong,player_win,-10.0,5,100.0,5,Expert,0.05,0.05,1,1411,95,0.0,0.0,0,0,2
No Tactical,3,703,train,strong,player_win,-10.0,5,100.0,5,Expert,0.05,0.05,1,1413,95,0.0,0.0,0,0,2
No Tactical,3,704,train,strong,player_win,-10.0,5,100.0,5,Expert,0.05,0.05,1,1415,95,0.0,0.0,0,0,2
No Tactical,3,705,train,strong,player_win,-10.0,5,100.0,5,Expert,0.05,0.05,1,1417,95,0.0,0.0,0,0,2
No Tactical,3,706,train,strong,player_win,-10.0,5,100.0,5,Expert,0.05,0.05,1,1419,95,0.0,0.0,0,0,2
No Tactical,3,707,train,strong,player_win,-10.0,5,100.0,5,Expert,0.05,0.05,1,1421,95,0.0,0.0,0,0,2
No Tactical,3,708,train,strong,player_win,-10.0,5,100.0,5,Expert,0.05,0.05,1,1423,95,0.0,0.0,0,1,1
No Tactical,3,709,train,strong,player_win,-10.0,5,100.0,5,Expert,0.05,0.05,1,1425,95,0.0,0.0,0,0,2
No Tactical,3,710,train,strong,player_win,-10.0,5,100.0,5,Expert,0.05,0.05,1,1427,95,0.0,0.0,0,0,2
No Tactical,3,711,train,strong,player_win,-10.0,5,100.0,5,Expert,0.05,0.05,1,1429,95,0.0,0.0,0,0,2
No Tactical,3,712,train,strong,player_win,-10.0,5,100.0,5,Expert,0.05,0.05,1,1431,95,0.0,0.0,0,0,2
No Tactical,3,713,train,strong,player_win,-10.0,5,100.0,5,Expert,0.05,0.05,1,1433,95,0.0,0.0,0,0,2
No Tactical,3,714,train,strong,player_win,-10.0,5,100.0,5,Expert,0.05,0.05,1,1435,95,0.0,0.0,0,0,2
No Tactical,3,715,train,strong,player_win,-10.0,7,100.0,5,Expert,0.05,0.05,1,1438,96,0.0,0.0,0,0,3
No Tactical,3,716,train,strong,player_win,-10.0,5,100.0,5,Expert,0.05,0.05,1,1440,96,0.0,0.0,0,1,1
No Tactical,3,717,train,strong,player_win,-10.0,5,100.0,5,Expert,0.05,0.05,1,1442,96,0.0,0.0,0,0,2
No Tactical,3,718,train,strong,player_win,-10.0,5,100.0,5,Expert,0.05,0.05,1,1444,96,0.0,0.0,0,1,1
No Tactical,3,719,train,strong,player_win,-10.0,5,100.0,5,Expert,0.05,0.05,1,1446,96,0.0,0.0,0,0,2
No Tactical,3,720,train,strong,player_win,-10.0,5,100.0,5,Expert,0.05,0.05,1,1448,96,0.0,0.0,0,0,2
No Tactical,3,721,train,strong,player_win,-10.0,5,100.0,5,Expert,0.05,0.05,1,1450,96,0.0,0.0,0,0,2
No Tactical,3,722,train,strong,player_win,-10.0,5,100.0,5,Expert,0.05,0.05,1,1452,96,0.0,0.0,0,0,2
No Tactical,3,723,train,strong,player_win,-10.0,5,100.0,5,Expert,0.05,0.05,1,1454,96,0.0,0.0,0,1,1
No Tactical,3,724,train,strong,player_win,-10.0,5,100.0,5,Expert,0.05,0.05,1,1456,96,0.0,0.0,0,0,2
No Tactical,3,725,train,strong,player_win,-10.0,5,100.0,5,Expert,0.05,0.05,1,1458,96,0.0,0.0,0,0,2
No Tactical,3,726,train,strong,player_win,-10.0,5,100.0,5,Expert,0.05,0.05,1,1460,96,0.0,0.0,0,0,2
No Tactical,3,727,train,strong,player_win,-10.0,5,100.0,5,Expert,0.05,0.05,1,1462,96,0.0,0.0,0,0,2
No Tactical,3,728,train,strong,player_win,-10.0,5,100.0,5,Expert,0.05,0.05,1,1464,96,0.0,0.0,0,0,2
No Tactical,3,729,train,strong,player_win,-10.0,5,100.0,5,Expert,0.05,0.05,1,1466,96,0.0,0.0,0,0,2
No Tactical,3,730,train,strong,player_win,-10.0,5,100.0,5,Expert,0.05,0.05,1,1468,96,0.0,0.0,0,0,2
No Tactical,3,731,train,strong,player_win,-10.0,5,100.0,5,Expert,0.05,0.05,1,1470,96,0.0,0.0,0,0,2
No Tactical,3,732,train,strong,player_win,-10.0,5,100.0,5,Expert,0.05,0.05,1,1472,96,0.0,0.0,0,0,2
No Tactical,3,733,train,strong,player_win,-10.0,5,100.0,5,Expert,0.05,0.05,1,1474,96,0.0,0.0,0,1,1
No Tactical,3,734,train,strong,player_win,-10.0,5,100.0,5,Expert,0.05,0.05,1,1476,96,0.0,0.0,0,0,2
No Tactical,3,735,train,strong,player_win,-10.0,5,100.0,5,Expert,0.05,0.05,1,1478,96,0.0,0.0,0,0,2
No Tactical,3,736,train,strong,player_win,-10.0,5,100.0,5,Expert,0.05,0.05,1,1480,96,0.0,0.0,0,0,2
No Tactical,3,737,train,strong,player_win,-10.0,5,100.0,5,Expert,0.05,0.05,1,1482,96,0.0,0.0,0,0,2
No Tactical,3,738,train,strong,player_win,-10.0,5,100.0,5,Expert,0.05,0.05,1,1484,96,0.0,0.0,0,0,2
No Tactical,3,739,train,strong,player_win,-10.0,5,100.0,5,Expert,0.05,0.05,1,1486,96,0.0,0.0,0,0,2
No Tactical,3,740,train,strong,player_win,-10.0,5,100.0,5,Expert,0.05,0.05,1,1488,96,0.0,0.0,0,0,2
No Tactical,3,741,train,strong,player_win,-10.0,5,100.0,5,Expert,0.05,0.05,1,1490,96,0.0,0.0,0,0,2
No Tactical,3,742,train,strong,player_win,-10.0,5,100.0,5,Expert,0.05,0.05,1,1492,96,0.0,0.0,0,0,2
No Tactical,3,743,train,strong,player_win,-10.0,5,100.0,5,Expert,0.05,0.05,1,1494,96,0.0,0.0,0,0,2
No Tactical,3,744,train,strong,player_win,-10.0,5,100.0,5,Expert,0.05,0.05,1,1496,96,0.0,0.0,0,0,2
No Tactical,3,745,train,strong,player_win,-10.0,5,100.0,5,Expert,0.05,0.05,1,1498,96,0.0,0.0,0,0,2
No Tactical,3,746,train,strong,player_win,-10.0,5,100.0,5,Expert,0.05,0.05,1,1500,96,0.0,0.0,0,0,2
No Tactical,3,747,train,strong,player_win,-10.0,5,100.0,5,Expert,0.05,0.05,1,1502,96,0.0,0.0,0,0,2
No Tactical,3,748,train,strong,player_win,-10.0,5,100.0,5,Expert,0.05,0.05,1,1504,96,0.0,0.0,0,0,2
No Tactical,3,749,train,strong,player_win,-10.0,5,100.0,5,Expert,0.05,0.05,1,1506,96,0.0,0.0,0,0,2
No Tactical,3,750,train,strong,player_win,-10.0,5,100.0,5,Expert,0.05,0.05,1,1508,96,0.0,0.0,0,0,2
No Tactical,3,751,train,strong,player_win,-10.0,5,100.0,5,Expert,0.05,0.05,1,1510,96,0.0,0.0,0,0,2
No Tactical,3,752,train,strong,player_win,-10.0,5,100.0,5,Expert,0.05,0.05,1,1512,96,0.0,0.0,0,0,2
No Tactical,3,753,train,strong,player_win,-10.0,5,100.0,5,Expert,0.05,0.05,1,1514,96,0.0,0.0,0,0,2
No Tactical,3,754,train,strong,player_win,-10.0,5,100.0,5,Expert,0.05,0.05,1,1516,96,0.0,0.0,0,0,2
No Tactical,3,755,train,strong,player_win,-10.0,5,100.0,5,Expert,0.05,0.05,1,1518,96,0.0,0.0,0,0,2
No Tactical,3,756,train,strong,player_win,-10.0,5,100.0,5,Expert,0.05,0.05,1,1520,96,0.0,0.0,0,0,2
No Tactical,3,757,train,strong,player_win,-10.0,5,100.0,5,Expert,0.05,0.05,1,1522,96,0.0,0.0,0,0,2
No Tactical,3,758,train,strong,player_win,-10.0,5,100.0,5,Expert,0.05,0.05,1,1524,96,0.0,0.0,0,1,1
No Tactical,3,759,train,strong,player_win,-10.0,5,100.0,5,Expert,0.05,0.05,1,1526,96,0.0,0.0,0,0,2
No Tactical,3,760,train,strong,player_win,-10.0,5,100.0,5,Expert,0.05,0.05,1,1528,96,0.0,0.0,0,0,2
No Tactical,3,761,train,strong,player_win,-10.0,5,100.0,5,Expert,0.05,0.05,1,1530,96,0.0,0.0,0,0,2
No Tactical,3,762,train,strong,player_win,-10.0,5,100.0,5,Expert,0.05,0.05,1,1532,96,0.0,0.0,0,0,2
No Tactical,3,763,train,strong,player_win,-10.0,5,100.0,5,Expert,0.05,0.05,1,1534,96,0.0,0.0,0,0,2
No Tactical,3,764,train,strong,player_win,-10.0,5,100.0,5,Expert,0.05,0.05,1,1536,96,0.0,0.0,0,0,2
No Tactical,3,765,train,strong,player_win,-10.0,5,100.0,5,Expert,0.05,0.05,1,1538,96,0.0,0.0,0,0,2
No Tactical,3,766,train,strong,player_win,-10.0,5,100.0,5,Expert,0.05,0.05,1,1540,96,0.0,0.0,0,0,2
No Tactical,3,767,train,strong,player_win,-10.0,5,100.0,5,Expert,0.05,0.05,1,1542,96,0.0,0.0,0,0,2
No Tactical,3,768,train,strong,player_win,-10.0,5,100.0,5,Expert,0.05,0.05,1,1544,96,0.0,0.0,0,0,2
No Tactical,3,769,train,strong,player_win,-10.0,5,100.0,5,Expert,0.05,0.05,1,1546,96,0.0,0.0,0,0,2
No Tactical,3,770,train,strong,player_win,-10.0,5,100.0,5,Expert,0.05,0.05,1,1548,96,0.0,0.0,0,0,2
No Tactical,3,771,train,strong,player_win,-10.0,5,100.0,5,Expert,0.05,0.05,1,1550,96,0.0,0.0,0,0,2
No Tactical,3,772,train,strong,player_win,-10.0,5,100.0,5,Expert,0.05,0.05,1,1552,96,0.0,0.0,0,1,1
No Tactical,3,773,train,strong,player_win,-10.0,5,100.0,5,Expert,0.05,0.05,1,1554,96,0.0,0.0,0,0,2
No Tactical,3,774,train,strong,player_win,-10.0,5,100.0,5,Expert,0.05,0.05,1,1556,96,0.0,0.0,0,0,2
No Tactical,3,775,train,strong,player_win,-10.0,5,100.0,5,Expert,0.05,0.05,1,1558,96,0.0,0.0,0,0,2
No Tactical,3,776,train,strong,player_win,-10.0,5,100.0,5,Expert,0.05,0.05,1,1560,96,0.0,0.0,0,0,2
No Tactical,3,777,train,strong,player_win,-10.0,5,100.0,5,Expert,0.05,0.05,1,1562,96,0.0,0.0,0,0,2
No Tactical,3,778,train,strong,player_win,-10.0,5,100.0,5,Expert,0.05,0.05,1,1564,96,0.0,0.0,0,0,2
No Tactical,3,779,train,strong,player_win,-10.0,5,100.0,5,Expert,0.05,0.05,1,1566,96,0.0,0.0,0,0,2
No Tactical,3,780,train,strong,player_win,-10.0,5,100.0,5,Expert,0.05,0.05,1,1568,96,0.0,0.0,0,0,2
No Tactical,3,781,train,strong,player_win,-10.0,5,100.0,5,Expert,0.05,0.05,1,1570,96,0.0,0.0,0,0,2
No Tactical,3,782,train,strong,player_win,-10.0,5,100.0,5,Expert,0.05,0.05,1,1572,96,0.0,0.0,0,0,2
No Tactical,3,783,train,strong,player_win,-10.0,5,100.0,5,Expert,0.05,0.05,1,1574,96,0.0,0.0,0,0,2
No Tactical,3,784,train,strong,player_win,-10.0,5,100.0,5,Expert,0.05,0.05,1,1576,96,0.0,0.0,0,0,2
No Tactical,3,785,train,strong,player_win,-10.0,5,100.0,5,Expert,0.05,0.05,1,1578,96,0.0,0.0,0,0,2
No Tactical,3,786,train,strong,player_win,-10.0,5,100.0,5,Expert,0.05,0.05,1,1580,96,0.0,0.0,0,0,2
No Tactical,3,787,train,strong,player_win,-10.0,5,100.0,5,Expert,0.05,0.05,1,1582,96,0.0,0.0,0,0,2
No Tactical,3,788,train,strong,player_win,-10.0,5,100.0,5,Expert,0.05,0.05,1,1584,96,0.0,0.0,0,0,2
No Tactical,3,789,train,strong,player_win,-10.0,5,100.0,5,Expert,0.05,0.05,1,1586,96,0.0,0.0,0,0,2
No Tactical,3,790,train,strong,player_win,-10.0,5,100.0,5,Expert,0.05,0.05,1,1588,96,0.0,0.0,0,0,2
No Tactical,3,791,train,strong,player_win,-10.0,5,100.0,5,Expert,0.05,0.05,1,1590,96,0.0,0.0,0,0,2
No Tactical,3,792,train,strong,player_win,-10.0,5,100.0,5,Expert,0.05,0.05,1,1592,96,0.0,0.0,0,0,2
No Tactical,3,793,train,strong,player_win,-10.0,5,100.0,5,Expert,0.05,0.05,1,1594,96,0.0,0.0,0,0,2
No Tactical,3,794,train,strong,player_win,-10.0,5,100.0,5,Expert,0.05,0.05,1,1596,96,0.0,0.0,0,0,2
No Tactical,3,795,train,strong,player_win,-10.0,5,100.0,5,Expert,0.05,0.05,1,1598,96,0.0,0.0,0,0,2
No Tactical,3,796,train,strong,player_win,-10.0,5,100.0,5,Expert,0.05,0.05,1,1600,96,0.0,0.0,0,0,2
No Tactical,3,797,train,strong,player_win,-10.0,5,100.0,5,Expert,0.05,0.05,1,1602,96,0.0,0.0,0,0,2
No Tactical,3,798,train,strong,player_win,-10.0,5,100.0,5,Expert,0.05,0.05,1,1604,96,0.0,0.0,0,0,2
No Tactical,3,799,train,strong,player_win,-10.0,5,100.0,5,Expert,0.05,0.05,1,1606,96,0.0,0.0,0,0,2
No Tactical,3,800,train,strong,player_win,-10.0,5,100.0,5,Expert,0.05,0.05,1,1608,96,0.0,0.0,0,0,2
No Tactical,3,801,eval,strong,player_win,-10.0,5,100.0,5,Expert,0.05,0.0,0,1608,96,0.0,0.0,0,0,2
No Tactical,3,802,eval,strong,player_win,-10.0,5,100.0,5,Expert,0.05,0.0,0,1608,96,0.0,0.0,0,0,2
No Tactical,3,803,eval,strong,player_win,-10.0,5,100.0,5,Expert,0.05,0.0,0,1608,96,0.0,0.0,0,0,2
No Tactical,3,804,eval,strong,player_win,-10.0,5,100.0,5,Expert,0.05,0.0,0,1608,96,0.0,0.0,0,0,2
No Tactical,3,805,eval,strong,player_win,-10.0,5,100.0,5,Expert,0.05,0.0,0,1608,96,0.0,0.0,0,0,2
No Tactical,3,806,eval,strong,player_win,-10.0,5,100.0,5,Expert,0.05,0.0,0,1608,96,0.0,0.0,0,0,2
No Tactical,3,807,eval,strong,player_win,-10.0,5,100.0,5,Expert,0.05,0.0,0,1608,96,0.0,0.0,0,0,2
No Tactical,3,808,eval,strong,player_win,-10.0,5,100.0,5,Expert,0.05,0.0,0,1608,96,0.0,0.0,0,0,2
No Tactical,3,809,eval,strong,player_win,-10.0,5,100.0,5,Expert,0.05,0.0,0,1608,96,0.0,0.0,0,0,2
No Tactical,3,810,eval,strong,player_win,-10.0,5,100.0,5,Expert,0.05,0.0,0,1608,96,0.0,0.0,0,0,2
No Tactical,3,811,eval,strong,player_win,-10.0,5,100.0,5,Expert,0.05,0.0,0,1608,96,0.0,0.0,0,0,2
No Tactical,3,812,eval,strong,player_win,-10.0,5,100.0,5,Expert,0.05,0.0,0,1608,96,0.0,0.0,0,0,2
No Tactical,3,813,eval,strong,player_win,-10.0,5,100.0,5,Expert,0.05,0.0,0,1608,96,0.0,0.0,0,0,2
No Tactical,3,814,eval,strong,player_win,-10.0,5,100.0,5,Expert,0.05,0.0,0,1608,96,0.0,0.0,0,0,2
No Tactical,3,815,eval,strong,player_win,-10.0,5,100.0,5,Expert,0.05,0.0,0,1608,96,0.0,0.0,0,0,2
No Tactical,3,816,eval,strong,player_win,-10.0,5,100.0,5,Expert,0.05,0.0,0,1608,96,0.0,0.0,0,0,2
No Tactical,3,817,eval,strong,player_win,-10.0,5,100.0,5,Expert,0.05,0.0,0,1608,96,0.0,0.0,0,0,2
No Tactical,3,818,eval,strong,player_win,-10.0,5,100.0,5,Expert,0.05,0.0,0,1608,96,0.0,0.0,0,0,2
No Tactical,3,819,eval,strong,player_win,-10.0,5,100.0,5,Expert,0.05,0.0,0,1608,96,0.0,0.0,0,0,2
No Tactical,3,820,eval,strong,player_win,-10.0,5,100.0,5,Expert,0.05,0.0,0,1608,96,0.0,0.0,0,0,2
No Tactical,3,821,eval,strong,player_win,-10.0,5,100.0,5,Expert,0.05,0.0,0,1608,96,0.0,0.0,0,0,2
No Tactical,3,822,eval,strong,player_win,-10.0,5,100.0,5,Expert,0.05,0.0,0,1608,96,0.0,0.0,0,0,2
No Tactical,3,823,eval,strong,player_win,-10.0,5,100.0,5,Expert,0.05,0.0,0,1608,96,0.0,0.0,0,0,2
No Tactical,3,824,eval,strong,player_win,-10.0,5,100.0,5,Expert,0.05,0.0,0,1608,96,0.0,0.0,0,0,2
No Tactical,3,825,eval,strong,player_win,-10.0,5,100.0,5,Expert,0.05,0.0,0,1608,96,0.0,0.0,0,0,2
No Tactical,3,826,eval,strong,player_win,-10.0,5,100.0,5,Expert,0.05,0.0,0,1608,96,0.0,0.0,0,0,2
No Tactical,3,827,eval,strong,player_win,-10.0,5,100.0,5,Expert,0.05,0.0,0,1608,96,0.0,0.0,0,0,2
No Tactical,3,828,eval,strong,player_win,-10.0,5,100.0,5,Expert,0.05,0.0,0,1608,96,0.0,0.0,0,0,2
No Tactical,3,829,eval,strong,player_win,-10.0,5,100.0,5,Expert,0.05,0.0,0,1608,96,0.0,0.0,0,0,2
No Tactical,3,830,eval,strong,player_win,-10.0,5,100.0,5,Expert,0.05,0.0,0,1608,96,0.0,0.0,0,0,2
No Tactical,3,831,eval,strong,player_win,-10.0,5,100.0,5,Expert,0.05,0.0,0,1608,96,0.0,0.0,0,0,2
No Tactical,3,832,eval,strong,player_win,-10.0,5,100.0,5,Expert,0.05,0.0,0,1608,96,0.0,0.0,0,0,2
No Tactical,3,833,eval,strong,player_win,-10.0,5,100.0,5,Expert,0.05,0.0,0,1608,96,0.0,0.0,0,0,2
No Tactical,3,834,eval,strong,player_win,-10.0,5,100.0,5,Expert,0.05,0.0,0,1608,96,0.0,0.0,0,0,2
No Tactical,3,835,eval,strong,player_win,-10.0,5,100.0,5,Expert,0.05,0.0,0,1608,96,0.0,0.0,0,0,2
No Tactical,3,836,eval,strong,player_win,-10.0,5,100.0,5,Expert,0.05,0.0,0,1608,96,0.0,0.0,0,0,2
No Tactical,3,837,eval,strong,player_win,-10.0,5,100.0,5,Expert,0.05,0.0,0,1608,96,0.0,0.0,0,0,2
No Tactical,3,838,eval,strong,player_win,-10.0,5,100.0,5,Expert,0.05,0.0,0,1608,96,0.0,0.0,0,0,2
No Tactical,3,839,eval,strong,player_win,-10.0,5,100.0,5,Expert,0.05,0.0,0,1608,96,0.0,0.0,0,0,2
No Tactical,3,840,eval,strong,player_win,-10.0,5,100.0,5,Expert,0.05,0.0,0,1608,96,0.0,0.0,0,0,2
No Tactical,3,841,eval,strong,player_win,-10.0,5,100.0,5,Expert,0.05,0.0,0,1608,96,0.0,0.0,0,0,2
No Tactical,3,842,eval,strong,player_win,-10.0,5,100.0,5,Expert,0.05,0.0,0,1608,96,0.0,0.0,0,0,2
No Tactical,3,843,eval,strong,player_win,-10.0,5,100.0,5,Expert,0.05,0.0,0,1608,96,0.0,0.0,0,0,2
No Tactical,3,844,eval,strong,player_win,-10.0,5,100.0,5,Expert,0.05,0.0,0,1608,96,0.0,0.0,0,0,2
No Tactical,3,845,eval,strong,player_win,-10.0,5,100.0,5,Expert,0.05,0.0,0,1608,96,0.0,0.0,0,0,2
No Tactical,3,846,eval,strong,player_win,-10.0,5,100.0,5,Expert,0.05,0.0,0,1608,96,0.0,0.0,0,0,2
No Tactical,3,847,eval,strong,player_win,-10.0,5,100.0,5,Expert,0.05,0.0,0,1608,96,0.0,0.0,0,0,2
No Tactical,3,848,eval,strong,player_win,-10.0,5,100.0,5,Expert,0.05,0.0,0,1608,96,0.0,0.0,0,0,2
No Tactical,3,849,eval,strong,player_win,-10.0,5,100.0,5,Expert,0.05,0.0,0,1608,96,0.0,0.0,0,0,2
No Tactical,3,850,eval,strong,player_win,-10.0,5,100.0,5,Expert,0.05,0.0,0,1608,96,0.0,0.0,0,0,2
No Tactical,3,851,eval,strong,player_win,-10.0,5,100.0,5,Expert,0.05,0.0,0,1608,96,0.0,0.0,0,0,2
No Tactical,3,852,eval,strong,player_win,-10.0,5,100.0,5,Expert,0.05,0.0,0,1608,96,0.0,0.0,0,0,2
No Tactical,3,853,eval,strong,player_win,-10.0,5,100.0,5,Expert,0.05,0.0,0,1608,96,0.0,0.0,0,0,2
No Tactical,3,854,eval,strong,player_win,-10.0,5,100.0,5,Expert,0.05,0.0,0,1608,96,0.0,0.0,0,0,2
No Tactical,3,855,eval,strong,player_win,-10.0,5,100.0,5,Expert,0.05,0.0,0,1608,96,0.0,0.0,0,0,2
No Tactical,3,856,eval,strong,player_win,-10.0,5,100.0,5,Expert,0.05,0.0,0,1608,96,0.0,0.0,0,0,2
No Tactical,3,857,eval,strong,player_win,-10.0,5,100.0,5,Expert,0.05,0.0,0,1608,96,0.0,0.0,0,0,2
No Tactical,3,858,eval,strong,player_win,-10.0,5,100.0,5,Expert,0.05,0.0,0,1608,96,0.0,0.0,0,0,2
No Tactical,3,859,eval,strong,player_win,-10.0,5,100.0,5,Expert,0.05,0.0,0,1608,96,0.0,0.0,0,0,2
No Tactical,3,860,eval,strong,player_win,-10.0,5,100.0,5,Expert,0.05,0.0,0,1608,96,0.0,0.0,0,0,2
No Tactical,3,861,eval,strong,player_win,-10.0,5,100.0,5,Expert,0.05,0.0,0,1608,96,0.0,0.0,0,0,2
No Tactical,3,862,eval,strong,player_win,-10.0,5,100.0,5,Expert,0.05,0.0,0,1608,96,0.0,0.0,0,0,2
No Tactical,3,863,eval,strong,player_win,-10.0,5,100.0,5,Expert,0.05,0.0,0,1608,96,0.0,0.0,0,0,2
No Tactical,3,864,eval,strong,player_win,-10.0,5,100.0,5,Expert,0.05,0.0,0,1608,96,0.0,0.0,0,0,2
No Tactical,3,865,eval,strong,player_win,-10.0,5,100.0,5,Expert,0.05,0.0,0,1608,96,0.0,0.0,0,0,2
No Tactical,3,866,eval,strong,player_win,-10.0,5,100.0,5,Expert,0.05,0.0,0,1608,96,0.0,0.0,0,0,2
No Tactical,3,867,eval,strong,player_win,-10.0,5,100.0,5,Expert,0.05,0.0,0,1608,96,0.0,0.0,0,0,2
No Tactical,3,868,eval,strong,player_win,-10.0,5,100.0,5,Expert,0.05,0.0,0,1608,96,0.0,0.0,0,0,2
No Tactical,3,869,eval,strong,player_win,-10.0,5,100.0,5,Expert,0.05,0.0,0,1608,96,0.0,0.0,0,0,2
No Tactical,3,870,eval,strong,player_win,-10.0,5,100.0,5,Expert,0.05,0.0,0,1608,96,0.0,0.0,0,0,2
No Tactical,3,871,eval,strong,player_win,-10.0,5,100.0,5,Expert,0.05,0.0,0,1608,96,0.0,0.0,0,0,2
No Tactical,3,872,eval,strong,player_win,-10.0,5,100.0,5,Expert,0.05,0.0,0,1608,96,0.0,0.0,0,0,2
No Tactical,3,873,eval,strong,player_win,-10.0,5,100.0,5,Expert,0.05,0.0,0,1608,96,0.0,0.0,0,0,2
No Tactical,3,874,eval,strong,player_win,-10.0,5,100.0,5,Expert,0.05,0.0,0,1608,96,0.0,0.0,0,0,2
No Tactical,3,875,eval,strong,player_win,-10.0,5,100.0,5,Expert,0.05,0.0,0,1608,96,0.0,0.0,0,0,2
No Tactical,3,876,eval,strong,player_win,-10.0,5,100.0,5,Expert,0.05,0.0,0,1608,96,0.0,0.0,0,0,2
No Tactical,3,877,eval,strong,player_win,-10.0,5,100.0,5,Expert,0.05,0.0,0,1608,96,0.0,0.0,0,0,2
No Tactical,3,878,eval,strong,player_win,-10.0,5,100.0,5,Expert,0.05,0.0,0,1608,96,0.0,0.0,0,0,2
No Tactical,3,879,eval,strong,player_win,-10.0,5,100.0,5,Expert,0.05,0.0,0,1608,96,0.0,0.0,0,0,2
No Tactical,3,880,eval,strong,player_win,-10.0,5,100.0,5,Expert,0.05,0.0,0,1608,96,0.0,0.0,0,0,2
No Tactical,3,881,eval,strong,player_win,-10.0,5,100.0,5,Expert,0.05,0.0,0,1608,96,0.0,0.0,0,0,2
No Tactical,3,882,eval,strong,player_win,-10.0,5,100.0,5,Expert,0.05,0.0,0,1608,96,0.0,0.0,0,0,2
No Tactical,3,883,eval,strong,player_win,-10.0,5,100.0,5,Expert,0.05,0.0,0,1608,96,0.0,0.0,0,0,2
No Tactical,3,884,eval,strong,player_win,-10.0,5,100.0,5,Expert,0.05,0.0,0,1608,96,0.0,0.0,0,0,2
No Tactical,3,885,eval,strong,player_win,-10.0,5,100.0,5,Expert,0.05,0.0,0,1608,96,0.0,0.0,0,0,2
No Tactical,3,886,eval,strong,player_win,-10.0,5,100.0,5,Expert,0.05,0.0,0,1608,96,0.0,0.0,0,0,2
No Tactical,3,887,eval,strong,player_win,-10.0,5,100.0,5,Expert,0.05,0.0,0,1608,96,0.0,0.0,0,0,2
No Tactical,3,888,eval,strong,player_win,-10.0,5,100.0,5,Expert,0.05,0.0,0,1608,96,0.0,0.0,0,0,2
No Tactical,3,889,eval,strong,player_win,-10.0,5,100.0,5,Expert,0.05,0.0,0,1608,96,0.0,0.0,0,0,2
No Tactical,3,890,eval,strong,player_win,-10.0,5,100.0,5,Expert,0.05,0.0,0,1608,96,0.0,0.0,0,0,2
No Tactical,3,891,eval,strong,player_win,-10.0,5,100.0,5,Expert,0.05,0.0,0,1608,96,0.0,0.0,0,0,2
No Tactical,3,892,eval,strong,player_win,-10.0,5,100.0,5,Expert,0.05,0.0,0,1608,96,0.0,0.0,0,0,2
No Tactical,3,893,eval,strong,player_win,-10.0,5,100.0,5,Expert,0.05,0.0,0,1608,96,0.0,0.0,0,0,2
No Tactical,3,894,eval,strong,player_win,-10.0,5,100.0,5,Expert,0.05,0.0,0,1608,96,0.0,0.0,0,0,2
No Tactical,3,895,eval,strong,player_win,-10.0,5,100.0,5,Expert,0.05,0.0,0,1608,96,0.0,0.0,0,0,2
No Tactical,3,896,eval,strong,player_win,-10.0,5,100.0,5,Expert,0.05,0.0,0,1608,96,0.0,0.0,0,0,2
No Tactical,3,897,eval,strong,player_win,-10.0,5,100.0,5,Expert,0.05,0.0,0,1608,96,0.0,0.0,0,0,2
No Tactical,3,898,eval,strong,player_win,-10.0,5,100.0,5,Expert,0.05,0.0,0,1608,96,0.0,0.0,0,0,2
No Tactical,3,899,eval,strong,player_win,-10.0,5,100.0,5,Expert,0.05,0.0,0,1608,96,0.0,0.0,0,0,2
No Tactical,3,900,eval,strong,player_win,-10.0,5,100.0,5,Expert,0.05,0.0,0,1608,96,0.0,0.0,0,0,2
No Tactical,3,901,eval,strong,player_win,-10.0,5,100.0,5,Expert,0.05,0.0,0,1608,96,0.0,0.0,0,0,2
No Tactical,3,902,eval,strong,player_win,-10.0,5,100.0,5,Expert,0.05,0.0,0,1608,96,0.0,0.0,0,0,2
No Tactical,3,903,eval,strong,player_win,-10.0,5,100.0,5,Expert,0.05,0.0,0,1608,96,0.0,0.0,0,0,2
No Tactical,3,904,eval,strong,player_win,-10.0,5,100.0,5,Expert,0.05,0.0,0,1608,96,0.0,0.0,0,0,2
No Tactical,3,905,eval,strong,player_win,-10.0,5,100.0,5,Expert,0.05,0.0,0,1608,96,0.0,0.0,0,0,2
No Tactical,3,906,eval,strong,player_win,-10.0,5,100.0,5,Expert,0.05,0.0,0,1608,96,0.0,0.0,0,0,2
No Tactical,3,907,eval,strong,player_win,-10.0,5,100.0,5,Expert,0.05,0.0,0,1608,96,0.0,0.0,0,0,2
No Tactical,3,908,eval,strong,player_win,-10.0,5,100.0,5,Expert,0.05,0.0,0,1608,96,0.0,0.0,0,0,2
No Tactical,3,909,eval,strong,player_win,-10.0,5,100.0,5,Expert,0.05,0.0,0,1608,96,0.0,0.0,0,0,2
No Tactical,3,910,eval,strong,player_win,-10.0,5,100.0,5,Expert,0.05,0.0,0,1608,96,0.0,0.0,0,0,2
No Tactical,3,911,eval,strong,player_win,-10.0,5,100.0,5,Expert,0.05,0.0,0,1608,96,0.0,0.0,0,0,2
No Tactical,3,912,eval,strong,player_win,-10.0,5,100.0,5,Expert,0.05,0.0,0,1608,96,0.0,0.0,0,0,2
No Tactical,3,913,eval,strong,player_win,-10.0,5,100.0,5,Expert,0.05,0.0,0,1608,96,0.0,0.0,0,0,2
No Tactical,3,914,eval,strong,player_win,-10.0,5,100.0,5,Expert,0.05,0.0,0,1608,96,0.0,0.0,0,0,2
No Tactical,3,915,eval,strong,player_win,-10.0,5,100.0,5,Expert,0.05,0.0,0,1608,96,0.0,0.0,0,0,2
No Tactical,3,916,eval,strong,player_win,-10.0,5,100.0,5,Expert,0.05,0.0,0,1608,96,0.0,0.0,0,0,2
No Tactical,3,917,eval,strong,player_win,-10.0,5,100.0,5,Expert,0.05,0.0,0,1608,96,0.0,0.0,0,0,2
No Tactical,3,918,eval,strong,player_win,-10.0,5,100.0,5,Expert,0.05,0.0,0,1608,96,0.0,0.0,0,0,2
No Tactical,3,919,eval,strong,player_win,-10.0,5,100.0,5,Expert,0.05,0.0,0,1608,96,0.0,0.0,0,0,2
No Tactical,3,920,eval,strong,player_win,-10.0,5,100.0,5,Expert,0.05,0.0,0,1608,96,0.0,0.0,0,0,2
No Tactical,3,921,eval,strong,player_win,-10.0,5,100.0,5,Expert,0.05,0.0,0,1608,96,0.0,0.0,0,0,2
No Tactical,3,922,eval,strong,player_win,-10.0,5,100.0,5,Expert,0.05,0.0,0,1608,96,0.0,0.0,0,0,2
No Tactical,3,923,eval,strong,player_win,-10.0,5,100.0,5,Expert,0.05,0.0,0,1608,96,0.0,0.0,0,0,2
No Tactical,3,924,eval,strong,player_win,-10.0,5,100.0,5,Expert,0.05,0.0,0,1608,96,0.0,0.0,0,0,2
No Tactical,3,925,eval,strong,player_win,-10.0,5,100.0,5,Expert,0.05,0.0,0,1608,96,0.0,0.0,0,0,2
No Tactical,3,926,eval,strong,player_win,-10.0,5,100.0,5,Expert,0.05,0.0,0,1608,96,0.0,0.0,0,0,2
No Tactical,3,927,eval,strong,player_win,-10.0,5,100.0,5,Expert,0.05,0.0,0,1608,96,0.0,0.0,0,0,2
No Tactical,3,928,eval,strong,player_win,-10.0,5,100.0,5,Expert,0.05,0.0,0,1608,96,0.0,0.0,0,0,2
No Tactical,3,929,eval,strong,player_win,-10.0,5,100.0,5,Expert,0.05,0.0,0,1608,96,0.0,0.0,0,0,2
No Tactical,3,930,eval,strong,player_win,-10.0,5,100.0,5,Expert,0.05,0.0,0,1608,96,0.0,0.0,0,0,2
No Tactical,3,931,eval,strong,player_win,-10.0,5,100.0,5,Expert,0.05,0.0,0,1608,96,0.0,0.0,0,0,2
No Tactical,3,932,eval,strong,player_win,-10.0,5,100.0,5,Expert,0.05,0.0,0,1608,96,0.0,0.0,0,0,2
No Tactical,3,933,eval,strong,player_win,-10.0,5,100.0,5,Expert,0.05,0.0,0,1608,96,0.0,0.0,0,0,2
No Tactical,3,934,eval,strong,player_win,-10.0,5,100.0,5,Expert,0.05,0.0,0,1608,96,0.0,0.0,0,0,2
No Tactical,3,935,eval,strong,player_win,-10.0,5,100.0,5,Expert,0.05,0.0,0,1608,96,0.0,0.0,0,0,2
No Tactical,3,936,eval,strong,player_win,-10.0,5,100.0,5,Expert,0.05,0.0,0,1608,96,0.0,0.0,0,0,2
No Tactical,3,937,eval,strong,player_win,-10.0,5,100.0,5,Expert,0.05,0.0,0,1608,96,0.0,0.0,0,0,2
No Tactical,3,938,eval,strong,player_win,-10.0,5,100.0,5,Expert,0.05,0.0,0,1608,96,0.0,0.0,0,0,2
No Tactical,3,939,eval,strong,player_win,-10.0,5,100.0,5,Expert,0.05,0.0,0,1608,96,0.0,0.0,0,0,2
No Tactical,3,940,eval,strong,player_win,-10.0,5,100.0,5,Expert,0.05,0.0,0,1608,96,0.0,0.0,0,0,2
No Tactical,3,941,eval,strong,player_win,-10.0,5,100.0,5,Expert,0.05,0.0,0,1608,96,0.0,0.0,0,0,2
No Tactical,3,942,eval,strong,player_win,-10.0,5,100.0,5,Expert,0.05,0.0,0,1608,96,0.0,0.0,0,0,2
No Tactical,3,943,eval,strong,player_win,-10.0,5,100.0,5,Expert,0.05,0.0,0,1608,96,0.0,0.0,0,0,2
No Tactical,3,944,eval,strong,player_win,-10.0,5,100.0,5,Expert,0.05,0.0,0,1608,96,0.0,0.0,0,0,2
No Tactical,3,945,eval,strong,player_win,-10.0,5,100.0,5,Expert,0.05,0.0,0,1608,96,0.0,0.0,0,0,2
No Tactical,3,946,eval,strong,player_win,-10.0,5,100.0,5,Expert,0.05,0.0,0,1608,96,0.0,0.0,0,0,2
No Tactical,3,947,eval,strong,player_win,-10.0,5,100.0,5,Expert,0.05,0.0,0,1608,96,0.0,0.0,0,0,2
No Tactical,3,948,eval,strong,player_win,-10.0,5,100.0,5,Expert,0.05,0.0,0,1608,96,0.0,0.0,0,0,2
No Tactical,3,949,eval,strong,player_win,-10.0,5,100.0,5,Expert,0.05,0.0,0,1608,96,0.0,0.0,0,0,2
No Tactical,3,950,eval,strong,player_win,-10.0,5,100.0,5,Expert,0.05,0.0,0,1608,96,0.0,0.0,0,0,2
No Tactical,3,951,eval,strong,player_win,-10.0,5,100.0,5,Expert,0.05,0.0,0,1608,96,0.0,0.0,0,0,2
No Tactical,3,952,eval,strong,player_win,-10.0,5,100.0,5,Expert,0.05,0.0,0,1608,96,0.0,0.0,0,0,2
No Tactical,3,953,eval,strong,player_win,-10.0,5,100.0,5,Expert,0.05,0.0,0,1608,96,0.0,0.0,0,0,2
No Tactical,3,954,eval,strong,player_win,-10.0,5,100.0,5,Expert,0.05,0.0,0,1608,96,0.0,0.0,0,0,2
No Tactical,3,955,eval,strong,player_win,-10.0,5,100.0,5,Expert,0.05,0.0,0,1608,96,0.0,0.0,0,0,2
No Tactical,3,956,eval,strong,player_win,-10.0,5,100.0,5,Expert,0.05,0.0,0,1608,96,0.0,0.0,0,0,2
No Tactical,3,957,eval,strong,player_win,-10.0,5,100.0,5,Expert,0.05,0.0,0,1608,96,0.0,0.0,0,0,2
No Tactical,3,958,eval,strong,player_win,-10.0,5,100.0,5,Expert,0.05,0.0,0,1608,96,0.0,0.0,0,0,2
No Tactical,3,959,eval,strong,player_win,-10.0,5,100.0,5,Expert,0.05,0.0,0,1608,96,0.0,0.0,0,0,2
No Tactical,3,960,eval,strong,player_win,-10.0,5,100.0,5,Expert,0.05,0.0,0,1608,96,0.0,0.0,0,0,2
No Tactical,3,961,eval,strong,player_win,-10.0,5,100.0,5,Expert,0.05,0.0,0,1608,96,0.0,0.0,0,0,2
No Tactical,3,962,eval,strong,player_win,-10.0,5,100.0,5,Expert,0.05,0.0,0,1608,96,0.0,0.0,0,0,2
No Tactical,3,963,eval,strong,player_win,-10.0,5,100.0,5,Expert,0.05,0.0,0,1608,96,0.0,0.0,0,0,2
No Tactical,3,964,eval,strong,player_win,-10.0,5,100.0,5,Expert,0.05,0.0,0,1608,96,0.0,0.0,0,0,2
No Tactical,3,965,eval,strong,player_win,-10.0,5,100.0,5,Expert,0.05,0.0,0,1608,96,0.0,0.0,0,0,2
No Tactical,3,966,eval,strong,player_win,-10.0,5,100.0,5,Expert,0.05,0.0,0,1608,96,0.0,0.0,0,0,2
No Tactical,3,967,eval,strong,player_win,-10.0,5,100.0,5,Expert,0.05,0.0,0,1608,96,0.0,0.0,0,0,2
No Tactical,3,968,eval,strong,player_win,-10.0,5,100.0,5,Expert,0.05,0.0,0,1608,96,0.0,0.0,0,0,2
No Tactical,3,969,eval,strong,player_win,-10.0,5,100.0,5,Expert,0.05,0.0,0,1608,96,0.0,0.0,0,0,2
No Tactical,3,970,eval,strong,player_win,-10.0,5,100.0,5,Expert,0.05,0.0,0,1608,96,0.0,0.0,0,0,2
No Tactical,3,971,eval,strong,player_win,-10.0,5,100.0,5,Expert,0.05,0.0,0,1608,96,0.0,0.0,0,0,2
No Tactical,3,972,eval,strong,player_win,-10.0,5,100.0,5,Expert,0.05,0.0,0,1608,96,0.0,0.0,0,0,2
No Tactical,3,973,eval,strong,player_win,-10.0,5,100.0,5,Expert,0.05,0.0,0,1608,96,0.0,0.0,0,0,2
No Tactical,3,974,eval,strong,player_win,-10.0,5,100.0,5,Expert,0.05,0.0,0,1608,96,0.0,0.0,0,0,2
No Tactical,3,975,eval,strong,player_win,-10.0,5,100.0,5,Expert,0.05,0.0,0,1608,96,0.0,0.0,0,0,2
No Tactical,3,976,eval,strong,player_win,-10.0,5,100.0,5,Expert,0.05,0.0,0,1608,96,0.0,0.0,0,0,2
No Tactical,3,977,eval,strong,player_win,-10.0,5,100.0,5,Expert,0.05,0.0,0,1608,96,0.0,0.0,0,0,2
No Tactical,3,978,eval,strong,player_win,-10.0,5,100.0,5,Expert,0.05,0.0,0,1608,96,0.0,0.0,0,0,2
No Tactical,3,979,eval,strong,player_win,-10.0,5,100.0,5,Expert,0.05,0.0,0,1608,96,0.0,0.0,0,0,2
No Tactical,3,980,eval,strong,player_win,-10.0,5,100.0,5,Expert,0.05,0.0,0,1608,96,0.0,0.0,0,0,2
No Tactical,3,981,eval,strong,player_win,-10.0,5,100.0,5,Expert,0.05,0.0,0,1608,96,0.0,0.0,0,0,2
No Tactical,3,982,eval,strong,player_win,-10.0,5,100.0,5,Expert,0.05,0.0,0,1608,96,0.0,0.0,0,0,2
No Tactical,3,983,eval,strong,player_win,-10.0,5,100.0,5,Expert,0.05,0.0,0,1608,96,0.0,0.0,0,0,2
No Tactical,3,984,eval,strong,player_win,-10.0,5,100.0,5,Expert,0.05,0.0,0,1608,96,0.0,0.0,0,0,2
No Tactical,3,985,eval,strong,player_win,-10.0,5,100.0,5,Expert,0.05,0.0,0,1608,96,0.0,0.0,0,0,2
No Tactical,3,986,eval,strong,player_win,-10.0,5,100.0,5,Expert,0.05,0.0,0,1608,96,0.0,0.0,0,0,2
No Tactical,3,987,eval,strong,player_win,-10.0,5,100.0,5,Expert,0.05,0.0,0,1608,96,0.0,0.0,0,0,2
No Tactical,3,988,eval,strong,player_win,-10.0,5,100.0,5,Expert,0.05,0.0,0,1608,96,0.0,0.0,0,0,2
No Tactical,3,989,eval,strong,player_win,-10.0,5,100.0,5,Expert,0.05,0.0,0,1608,96,0.0,0.0,0,0,2
No Tactical,3,990,eval,strong,player_win,-10.0,5,100.0,5,Expert,0.05,0.0,0,1608,96,0.0,0.0,0,0,2
No Tactical,3,991,eval,strong,player_win,-10.0,5,100.0,5,Expert,0.05,0.0,0,1608,96,0.0,0.0,0,0,2
No Tactical,3,992,eval,strong,player_win,-10.0,5,100.0,5,Expert,0.05,0.0,0,1608,96,0.0,0.0,0,0,2
No Tactical,3,993,eval,strong,player_win,-10.0,5,100.0,5,Expert,0.05,0.0,0,1608,96,0.0,0.0,0,0,2
No Tactical,3,994,eval,strong,player_win,-10.0,5,100.0,5,Expert,0.05,0.0,0,1608,96,0.0,0.0,0,0,2
No Tactical,3,995,eval,strong,player_win,-10.0,5,100.0,5,Expert,0.05,0.0,0,1608,96,0.0,0.0,0,0,2
No Tactical,3,996,eval,strong,player_win,-10.0,5,100.0,5,Expert,0.05,0.0,0,1608,96,0.0,0.0,0,0,2
No Tactical,3,997,eval,strong,player_win,-10.0,5,100.0,5,Expert,0.05,0.0,0,1608,96,0.0,0.0,0,0,2
No Tactical,3,998,eval,strong,player_win,-10.0,5,100.0,5,Expert,0.05,0.0,0,1608,96,0.0,0.0,0,0,2
No Tactical,3,999,eval,strong,player_win,-10.0,5,100.0,5,Expert,0.05,0.0,0,1608,96,0.0,0.0,0,0,2
No Tactical,3,1000,eval,strong,player_win,-10.0,5,100.0,5,Expert,0.05,0.0,0,1608,96,0.0,0.0,0,0,2
No Tactical,4,1,train,strong,player_win,-10.0,5,60.0,1,Very Easy,0.95,1.0,1,2,2,0.0,0.0,0,2,0
No Tactical,4,2,train,strong,player_win,-10.0,5,70.0,1,Very Easy,0.9025,1.0,1,4,4,0.0,0.0,0,2,0
No Tactical,4,3,train,strong,player_win,-10.0,5,80.0,5,Expert,0.8573749999999999,0.21434374999999997,1,6,6,0.0,0.0,0,2,0
No Tactical,4,4,train,strong,player_win,-10.0,5,90.0,5,Expert,0.8145062499999999,0.20362656249999997,1,8,7,0.0,0.0,0,0,2
No Tactical,4,5,train,strong,player_win,-10.0,5,100.0,5,Expert,0.7737809374999999,0.19344523437499997,1,10,8,0.0,0.0,0,1,1
No Tactical,4,6,train,strong,player_win,-10.0,5,100.0,5,Expert,0.7350918906249998,0.18377297265624995,1,12,8,0.0,0.0,0,0,2
No Tactical,4,7,train,strong,player_win,-10.0,5,100.0,5,Expert,0.6983372960937497,0.17458432402343743,1,14,9,0.0,0.0,0,0,2
No Tactical,4,8,train,strong,player_win,-10.0,5,100.0,5,Expert,0.6634204312890623,0.16585510782226556,1,16,10,0.0,0.0,0,0,2
No Tactical,4,9,train,strong,player_win,-10.0,5,100.0,5,Expert,0.6302494097246091,0.15756235243115227,1,18,11,0.0,0.0,0,0,2
No Tactical,4,10,train,strong,player_win,-10.0,5,100.0,5,Expert,0.5987369392383786,0.14968423480959464,1,20,12,0.0,0.0,0,0,2
No Tactical,4,11,train,strong,player_win,-10.0,5,100.0,5,Expert,0.5688000922764596,0.1422000230691149,1,22,13,0.0,0.0,0,0,2
No Tactical,4,12,train,strong,player_win,-10.0,5,100.0,5,Expert,0.5403600876626365,0.13509002191565914,1,24,14,0.0,0.0,0,0,2
No Tactical,4,13,train,strong,player_win,-10.0,5,100.0,5,Expert,0.5133420832795047,0.12833552081987618,1,26,15,0.0,0.0,0,0,2
No Tactical,4,14,train,strong,player_win,-10.0,5,100.0,5,Expert,0.48767497911552943,0.12191874477888236,1,28,16,0.0,0.0,0,0,2
No Tactical,4,15,train,strong,player_win,-10.0,5,100.0,5,Expert,0.46329123015975293,0.11582280753993823,1,30,17,0.0,0.0,0,0,2
No Tactical,4,16,train,strong,player_win,-10.0,5,100.0,5,Expert,0.44012666865176525,0.11003166716294131,1,32,18,0.0,0.0,0,1,1
No Tactical,4,17,train,strong,player_win,-10.0,5,100.0,5,Expert,0.41812033521917696,0.10453008380479424,1,34,19,0.0,0.0,0,0,2
No Tactical,4,18,train,strong,player_win,-10.0,5,100.0,5,Expert,0.3972143184582181,0.09930357961455452,1,36,20,0.0,0.0,0,0,2
No Tactical,4,19,train,strong,player_win,-10.0,5,100.0,5,Expert,0.37735360253530714,0.09433840063382679,1,38,21,0.0,0.0,0,0,2
No Tactical,4,20,train,strong,player_win,-10.0,5,100.0,5,Expert,0.35848592240854177,0.08962148060213544,1,40,22,0.0,0.0,0,0,2
No Tactical,4,21,train,strong,player_win,-10.0,5,100.0,5,Expert,0.34056162628811465,0.08514040657202866,1,42,23,0.0,0.0,0,0,2
No Tactical,4,22,train,strong,player_win,-10.0,5,100.0,5,Expert,0.3235335449737089,0.08088338624342722,1,44,24,0.0,0.0,0,0,2
No Tactical,4,23,train,strong,player_win,-10.0,5,100.0,5,Expert,0.30735686772502346,0.07683921693125587,1,46,25,0.0,0.0,0,0,2
No Tactical,4,24,train,strong,player_win,-10.0,5,100.0,5,Expert,0.2919890243387723,0.07299725608469307,1,48,26,0.0,0.0,0,0,2
No Tactical,4,25,train,strong,player_win,-10.0,5,100.0,5,Expert,0.27738957312183365,0.06934739328045841,1,50,27,0.0,0.0,0,0,2
No Tactical,4,26,train,strong,player_win,-10.0,5,100.0,5,Expert,0.263520094465742,0.0658800236164355,1,52,27,0.0,0.0,0,1,1
No Tactical,4,27,train,strong,player_win,-10.0,5,100.0,5,Expert,0.25034408974245487,0.06258602243561372,1,54,28,0.0,0.0,0,0,2
No Tactical,4,28,train,strong,player_win,-10.0,5,100.0,5,Expert,0.2378268852553321,0.059456721313833026,1,56,28,0.0,0.0,0,0,2
No Tactical,4,29,train,strong,player_win,-10.0,5,100.0,5,Expert,0.2259355409925655,0.05648388524814137,1,58,28,0.0,0.0,0,0,2
No Tactical,4,30,train,strong,player_win,-10.0,5,100.0,5,Expert,0.2146387639429372,0.0536596909857343,1,60,29,0.0,0.0,0,0,2
No Tactical,4,31,train,strong,player_win,-10.0,5,100.0,5,Expert,0.20390682574579033,0.05097670643644758,1,62,29,0.0,0.0,0,0,2
No Tactical,4,32,train,strong,player_win,-10.0,5,100.0,5,Expert,0.1937114844585008,0.05,1,64,29,0.0,0.0,0,0,2
No Tactical,4,33,train,strong,player_win,-10.0,5,100.0,5,Expert,0.18402591023557577,0.05,1,66,30,0.0,0.0,0,0,2
No Tactical,4,34,train,strong,player_win,-10.0,5,100.0,5,Expert,0.17482461472379698,0.05,1,68,31,0.0,0.0,0,0,2
No Tactical,4,35,train,strong,player_win,-10.0,5,100.0,5,Expert,0.16608338398760714,0.05,1,70,32,0.0,0.0,0,0,2
No Tactical,4,36,train,strong,player_win,-10.0,5,100.0,5,Expert,0.15777921478822676,0.05,1,72,32,0.0,0.0,0,0,2
No Tactical,4,37,train,strong,player_win,-10.0,5,100.0,5,Expert,0.14989025404881542,0.05,1,74,33,0.0,0.0,0,0,2
No Tactical,4,38,train,strong,player_win,-10.0,5,100.0,5,Expert,0.14239574134637464,0.05,1,76,33,0.0,0.0,0,0,2
No Tactical,4,39,train,strong,player_win,-10.0,5,100.0,5,Expert,0.1352759542790559,0.05,1,78,33,0.0,0.0,0,0,2
No Tactical,4,40,train,strong,player_win,-10.0,5,100.0,5,Expert,0.1285121565651031,0.05,1,80,33,0.0,0.0,0,1,1
No Tactical,4,41,train,strong,player_win,-10.0,5,100.0,5,Expert,0.12208654873684793,0.05,1,82,33,0.0,0.0,0,0,2
No Tactical,4,42,train,strong,player_win,-10.0,5,100.0,5,Expert,0.11598222130000553,0.05,1,84,34,0.0,0.0,0,1,1
No Tactical,4,43,train,strong,player_win,-10.0,5,100.0,5,Expert,0.11018311023500525,0.05,1,86,35,0.0,0.0,0,0,2
No Tactical,4,44,train,strong,player_win,-10.0,5,100.0,5,Expert,0.10467395472325498,0.05,1,88,35,0.0,0.0,0,0,2
No Tactical,4,45,train,strong,player_win,-10.0,5,100.0,5,Expert,0.09944025698709223,0.05,1,90,35,0.0,0.0,0,0,2
No Tactical,4,46,train,strong,player_win,-10.0,5,100.0,5,Expert,0.09446824413773762,0.05,1,92,36,0.0,0.0,0,0,2
No Tactical,4,47,train,strong,player_win,-10.0,5,100.0,5,Expert,0.08974483193085074,0.05,1,94,37,0.0,0.0,0,0,2
No Tactical,4,48,train,strong,player_win,-10.0,5,100.0,5,Expert,0.0852575903343082,0.05,1,96,38,0.0,0.0,0,0,2
No Tactical,4,49,train,strong,player_win,-10.0,5,100.0,5,Expert,0.08099471081759278,0.05,1,98,39,0.0,0.0,0,0,2
No Tactical,4,50,train,strong,player_win,-10.0,5,100.0,5,Expert,0.07694497527671314,0.05,1,100,40,0.0,0.0,0,0,2
No Tactical,4,51,train,strong,player_win,-10.0,5,100.0,5,Expert,0.07309772651287748,0.05,1,102,41,0.0,0.0,0,0,2
No Tactical,4,52,train,strong,player_win,-10.0,5,100.0,5,Expert,0.0694428401872336,0.05,1,104,41,0.0,0.0,0,0,2
No Tactical,4,53,train,strong,player_win,-10.0,5,100.0,5,Expert,0.0659706981778719,0.05,1,106,42,0.0,0.0,0,0,2
No Tactical,4,54,train,strong,player_win,-10.0,5,100.0,5,Expert,0.0626721632689783,0.05,1,108,43,0.0,0.0,0,0,2
No Tactical,4,55,train,strong,player_win,-10.0,5,100.0,5,Expert,0.059538555105529384,0.05,1,110,43,0.0,0.0,0,0,2
No Tactical,4,56,train,strong,player_win,-10.0,5,100.0,5,Expert,0.05656162735025291,0.05,1,112,43,0.0,0.0,0,0,2
No Tactical,4,57,train,strong,player_win,-10.0,5,100.0,5,Expert,0.053733545982740265,0.05,1,114,43,0.0,0.0,0,0,2
No Tactical,4,58,train,strong,player_win,-10.0,5,100.0,5,Expert,0.05104686868360325,0.05,1,116,44,0.0,0.0,0,0,2
No Tactical,4,59,train,strong,player_win,-10.0,5,100.0,5,Expert,0.05,0.05,1,118,45,0.0,0.0,0,0,2
No Tactical,4,60,train,strong,player_win,-10.0,5,100.0,5,Expert,0.05,0.05,1,120,46,0.0,0.0,0,0,2
No Tactical,4,61,train,strong,player_win,-10.0,5,100.0,5,Expert,0.05,0.05,1,122,46,0.0,0.0,0,0,2
No Tactical,4,62,train,strong,player_win,-10.0,5,100.0,5,Expert,0.05,0.05,1,124,47,0.0,0.0,0,0,2
No Tactical,4,63,train,strong,player_win,-10.0,5,100.0,5,Expert,0.05,0.05,1,126,47,0.0,0.0,0,1,1
No Tactical,4,64,train,strong,player_win,-10.0,5,100.0,5,Expert,0.05,0.05,1,128,47,0.0,0.0,0,0,2
No Tactical,4,65,train,strong,player_win,-10.0,5,100.0,5,Expert,0.05,0.05,1,130,47,0.0,0.0,0,0,2
No Tactical,4,66,train,strong,player_win,-10.0,5,100.0,5,Expert,0.05,0.05,1,132,47,0.0,0.0,0,0,2
No Tactical,4,67,train,strong,player_win,-10.0,5,100.0,5,Expert,0.05,0.05,1,134,48,0.0,0.0,0,0,2
No Tactical,4,68,train,strong,player_win,-10.0,5,100.0,5,Expert,0.05,0.05,1,136,48,0.0,0.0,0,0,2
No Tactical,4,69,train,strong,player_win,-10.0,5,100.0,5,Expert,0.05,0.05,1,138,48,0.0,0.0,0,0,2
No Tactical,4,70,train,strong,player_win,-10.0,5,100.0,5,Expert,0.05,0.05,1,140,49,0.0,0.0,0,0,2
No Tactical,4,71,train,strong,player_win,-10.0,5,100.0,5,Expert,0.05,0.05,1,142,50,0.0,0.0,0,0,2
No Tactical,4,72,train,strong,player_win,-10.0,5,100.0,5,Expert,0.05,0.05,1,144,50,0.0,0.0,0,0,2
No Tactical,4,73,train,strong,player_win,-10.0,5,100.0,5,Expert,0.05,0.05,1,146,51,0.0,0.0,0,0,2
No Tactical,4,74,train,strong,player_win,-10.0,5,100.0,5,Expert,0.05,0.05,1,148,51,0.0,0.0,0,0,2
No Tactical,4,75,train,strong,player_win,-10.0,5,100.0,5,Expert,0.05,0.05,1,150,52,0.0,0.0,0,0,2
No Tactical,4,76,train,strong,player_win,-10.0,5,100.0,5,Expert,0.05,0.05,1,152,53,0.0,0.0,0,1,1
No Tactical,4,77,train,strong,player_win,-10.0,5,100.0,5,Expert,0.05,0.05,1,154,53,0.0,0.0,0,1,1
No Tactical,4,78,train,strong,player_win,-10.0,5,100.0,5,Expert,0.05,0.05,1,156,54,0.0,0.0,0,0,2
No Tactical,4,79,train,strong,player_win,-10.0,5,100.0,5,Expert,0.05,0.05,1,158,55,0.0,0.0,0,0,2
No Tactical,4,80,train,strong,player_win,-10.0,5,100.0,5,Expert,0.05,0.05,1,160,55,0.0,0.0,0,0,2
No Tactical,4,81,train,strong,player_win,-10.0,5,100.0,5,Expert,0.05,0.05,1,162,55,0.0,0.0,0,1,1
No Tactical,4,82,train,strong,player_win,-10.0,5,100.0,5,Expert,0.05,0.05,1,164,55,0.0,0.0,0,0,2
No Tactical,4,83,train,strong,player_win,-10.0,5,100.0,5,Expert,0.05,0.05,1,166,55,0.0,0.0,0,0,2
No Tactical,4,84,train,strong,player_win,-10.0,5,100.0,5,Expert,0.05,0.05,1,168,55,0.0,0.0,0,0,2
No Tactical,4,85,train,strong,player_win,-10.0,5,100.0,5,Expert,0.05,0.05,1,170,56,0.0,0.0,0,0,2
No Tactical,4,86,train,strong,player_win,-10.0,7,100.0,5,Expert,0.05,0.05,1,173,57,0.0,0.0,0,0,3
No Tactical,4,87,train,strong,player_win,-10.0,5,100.0,5,Expert,0.05,0.05,1,175,57,0.0,0.0,0,0,2
No Tactical,4,88,train,strong,player_win,-10.0,5,100.0,5,Expert,0.05,0.05,1,177,57,0.0,0.0,0,0,2
No Tactical,4,89,train,strong,player_win,-10.0,5,100.0,5,Expert,0.05,0.05,1,179,57,0.0,0.0,0,0,2
No Tactical,4,90,train,strong,player_win,-10.0,5,100.0,5,Expert,0.05,0.05,1,181,58,0.0,0.0,0,0,2
No Tactical,4,91,train,strong,player_win,-10.0,5,100.0,5,Expert,0.05,0.05,1,183,59,0.0,0.0,0,0,2
No Tactical,4,92,train,strong,player_win,-10.0,5,100.0,5,Expert,0.05,0.05,1,185,59,0.0,0.0,0,0,2
No Tactical,4,93,train,strong,player_win,-10.0,5,100.0,5,Expert,0.05,0.05,1,187,59,0.0,0.0,0,0,2
No Tactical,4,94,train,strong,player_win,-10.0,5,100.0,5,Expert,0.05,0.05,1,189,59,0.0,0.0,0,0,2
No Tactical,4,95,train,strong,player_win,-10.0,5,100.0,5,Expert,0.05,0.05,1,191,59,0.0,0.0,0,0,2
No Tactical,4,96,train,strong,player_win,-10.0,5,100.0,5,Expert,0.05,0.05,1,193,60,0.0,0.0,0,0,2
No Tactical,4,97,train,strong,player_win,-10.0,5,100.0,5,Expert,0.05,0.05,1,195,60,0.0,0.0,0,0,2
No Tactical,4,98,train,strong,player_win,-10.0,5,100.0,5,Expert,0.05,0.05,1,197,61,0.0,0.0,0,0,2
No Tactical,4,99,train,strong,player_win,-10.0,5,100.0,5,Expert,0.05,0.05,1,199,62,0.0,0.0,0,0,2
No Tactical,4,100,train,strong,player_win,-10.0,5,100.0,5,Expert,0.05,0.05,1,201,63,0.0,0.0,0,0,2
No Tactical,4,101,train,strong,player_win,-10.0,5,100.0,5,Expert,0.05,0.05,1,203,63,0.0,0.0,0,0,2
No Tactical,4,102,train,strong,player_win,-10.0,5,100.0,5,Expert,0.05,0.05,1,205,63,0.0,0.0,0,0,2
No Tactical,4,103,train,strong,player_win,-10.0,5,100.0,5,Expert,0.05,0.05,1,207,63,0.0,0.0,0,0,2
No Tactical,4,104,train,strong,player_win,-10.0,5,100.0,5,Expert,0.05,0.05,1,209,63,0.0,0.0,0,0,2
No Tactical,4,105,train,strong,player_win,-10.0,5,100.0,5,Expert,0.05,0.05,1,211,63,0.0,0.0,0,0,2
No Tactical,4,106,train,strong,player_win,-10.0,5,100.0,5,Expert,0.05,0.05,1,213,64,0.0,0.0,0,0,2
No Tactical,4,107,train,strong,player_win,-10.0,5,100.0,5,Expert,0.05,0.05,1,215,65,0.0,0.0,0,0,2
No Tactical,4,108,train,strong,player_win,-10.0,5,100.0,5,Expert,0.05,0.05,1,217,65,0.0,0.0,0,0,2
No Tactical,4,109,train,strong,player_win,-10.0,5,100.0,5,Expert,0.05,0.05,1,219,65,0.0,0.0,0,0,2
No Tactical,4,110,train,strong,player_win,-10.0,5,100.0,5,Expert,0.05,0.05,1,221,65,0.0,0.0,0,0,2
No Tactical,4,111,train,strong,player_win,-10.0,5,100.0,5,Expert,0.05,0.05,1,223,65,0.0,0.0,0,0,2
No Tactical,4,112,train,strong,player_win,-10.0,5,100.0,5,Expert,0.05,0.05,1,225,65,0.0,0.0,0,0,2
No Tactical,4,113,train,strong,player_win,-10.0,5,100.0,5,Expert,0.05,0.05,1,227,65,0.0,0.0,0,0,2
No Tactical,4,114,train,strong,player_win,-10.0,5,100.0,5,Expert,0.05,0.05,1,229,65,0.0,0.0,0,0,2
No Tactical,4,115,train,strong,player_win,-10.0,5,100.0,5,Expert,0.05,0.05,1,231,66,0.0,0.0,0,0,2
No Tactical,4,116,train,strong,player_win,-10.0,5,100.0,5,Expert,0.05,0.05,1,233,66,0.0,0.0,0,0,2
No Tactical,4,117,train,strong,player_win,-10.0,5,100.0,5,Expert,0.05,0.05,1,235,66,0.0,0.0,0,1,1
No Tactical,4,118,train,strong,player_win,-10.0,5,100.0,5,Expert,0.05,0.05,1,237,66,0.0,0.0,0,0,2
No Tactical,4,119,train,strong,player_win,-10.0,5,100.0,5,Expert,0.05,0.05,1,239,66,0.0,0.0,0,0,2
No Tactical,4,120,train,strong,player_win,-10.0,5,100.0,5,Expert,0.05,0.05,1,241,66,0.0,0.0,0,0,2
No Tactical,4,121,train,strong,player_win,-10.0,5,100.0,5,Expert,0.05,0.05,1,243,66,0.0,0.0,0,0,2
No Tactical,4,122,train,strong,player_win,-10.0,5,100.0,5,Expert,0.05,0.05,1,245,67,0.0,0.0,0,0,2
No Tactical,4,123,train,strong,player_win,-10.0,5,100.0,5,Expert,0.05,0.05,1,247,67,0.0,0.0,0,0,2
No Tactical,4,124,train,strong,player_win,-10.0,5,100.0,5,Expert,0.05,0.05,1,249,67,0.0,0.0,0,0,2
No Tactical,4,125,train,strong,player_win,-10.0,5,100.0,5,Expert,0.05,0.05,1,251,68,0.0,0.0,0,0,2
No Tactical,4,126,train,strong,player_win,-10.0,5,100.0,5,Expert,0.05,0.05,1,253,68,0.0,0.0,0,0,2
No Tactical,4,127,train,strong,player_win,-10.0,5,100.0,5,Expert,0.05,0.05,1,255,68,0.0,0.0,0,0,2
No Tactical,4,128,train,strong,player_win,-10.0,5,100.0,5,Expert,0.05,0.05,1,257,68,0.0,0.0,0,0,2
No Tactical,4,129,train,strong,player_win,-10.0,5,100.0,5,Expert,0.05,0.05,1,259,68,0.0,0.0,0,0,2
No Tactical,4,130,train,strong,player_win,-10.0,5,100.0,5,Expert,0.05,0.05,1,261,68,0.0,0.0,0,0,2
No Tactical,4,131,train,strong,player_win,-10.0,5,100.0,5,Expert,0.05,0.05,1,263,68,0.0,0.0,0,0,2
No Tactical,4,132,train,strong,player_win,-10.0,5,100.0,5,Expert,0.05,0.05,1,265,68,0.0,0.0,0,0,2
No Tactical,4,133,train,strong,player_win,-10.0,5,100.0,5,Expert,0.05,0.05,1,267,68,0.0,0.0,0,0,2
No Tactical,4,134,train,strong,player_win,-10.0,5,100.0,5,Expert,0.05,0.05,1,269,68,0.0,0.0,0,0,2
No Tactical,4,135,train,strong,player_win,-10.0,5,100.0,5,Expert,0.05,0.05,1,271,69,0.0,0.0,0,0,2
No Tactical,4,136,train,strong,player_win,-10.0,5,100.0,5,Expert,0.05,0.05,1,273,70,0.0,0.0,0,1,1
No Tactical,4,137,train,strong,player_win,-10.0,5,100.0,5,Expert,0.05,0.05,1,275,70,0.0,0.0,0,0,2
No Tactical,4,138,train,strong,player_win,-10.0,5,100.0,5,Expert,0.05,0.05,1,277,70,0.0,0.0,0,0,2
No Tactical,4,139,train,strong,player_win,-10.0,5,100.0,5,Expert,0.05,0.05,1,279,71,0.0,0.0,0,0,2
No Tactical,4,140,train,strong,player_win,-10.0,5,100.0,5,Expert,0.05,0.05,1,281,72,0.0,0.0,0,0,2
No Tactical,4,141,train,strong,player_win,-10.0,5,100.0,5,Expert,0.05,0.05,1,283,72,0.0,0.0,0,0,2
No Tactical,4,142,train,strong,player_win,-10.0,5,100.0,5,Expert,0.05,0.05,1,285,72,0.0,0.0,0,0,2
No Tactical,4,143,train,strong,player_win,-10.0,5,100.0,5,Expert,0.05,0.05,1,287,72,0.0,0.0,0,0,2
No Tactical,4,144,train,strong,player_win,-10.0,5,100.0,5,Expert,0.05,0.05,1,289,72,0.0,0.0,0,1,1
No Tactical,4,145,train,strong,player_win,-10.0,5,100.0,5,Expert,0.05,0.05,1,291,72,0.0,0.0,0,0,2
No Tactical,4,146,train,strong,player_win,-10.0,5,100.0,5,Expert,0.05,0.05,1,293,73,0.0,0.0,0,0,2
No Tactical,4,147,train,strong,player_win,-10.0,5,100.0,5,Expert,0.05,0.05,1,295,73,0.0,0.0,0,0,2
No Tactical,4,148,train,strong,player_win,-10.0,5,100.0,5,Expert,0.05,0.05,1,297,74,0.0,0.0,0,0,2
No Tactical,4,149,train,strong,player_win,-10.0,5,100.0,5,Expert,0.05,0.05,1,299,74,0.0,0.0,0,0,2
No Tactical,4,150,train,strong,player_win,-10.0,5,100.0,5,Expert,0.05,0.05,1,301,74,0.0,0.0,0,1,1
No Tactical,4,151,train,strong,player_win,-10.0,5,100.0,5,Expert,0.05,0.05,1,303,74,0.0,0.0,0,0,2
No Tactical,4,152,train,strong,player_win,-10.0,5,100.0,5,Expert,0.05,0.05,1,305,74,0.0,0.0,0,0,2
No Tactical,4,153,train,strong,player_win,-10.0,5,100.0,5,Expert,0.05,0.05,1,307,74,0.0,0.0,0,0,2
No Tactical,4,154,train,strong,player_win,-10.0,5,100.0,5,Expert,0.05,0.05,1,309,74,0.0,0.0,0,0,2
No Tactical,4,155,train,strong,player_win,-10.0,5,100.0,5,Expert,0.05,0.05,1,311,74,0.0,0.0,0,0,2
No Tactical,4,156,train,strong,player_win,-10.0,5,100.0,5,Expert,0.05,0.05,1,313,74,0.0,0.0,0,0,2
No Tactical,4,157,train,strong,player_win,-10.0,5,100.0,5,Expert,0.05,0.05,1,315,74,0.0,0.0,0,0,2
No Tactical,4,158,train,strong,player_win,-10.0,5,100.0,5,Expert,0.05,0.05,1,317,74,0.0,0.0,0,0,2
No Tactical,4,159,train,strong,player_win,-10.0,5,100.0,5,Expert,0.05,0.05,1,319,74,0.0,0.0,0,1,1
No Tactical,4,160,train,strong,player_win,-10.0,5,100.0,5,Expert,0.05,0.05,1,321,74,0.0,0.0,0,0,2
No Tactical,4,161,train,strong,player_win,-10.0,5,100.0,5,Expert,0.05,0.05,1,323,74,0.0,0.0,0,0,2
No Tactical,4,162,train,strong,player_win,-10.0,5,100.0,5,Expert,0.05,0.05,1,325,74,0.0,0.0,0,0,2
No Tactical,4,163,train,strong,player_win,-10.0,5,100.0,5,Expert,0.05,0.05,1,327,74,0.0,0.0,0,0,2
No Tactical,4,164,train,strong,player_win,-10.0,5,100.0,5,Expert,0.05,0.05,1,329,75,0.0,0.0,0,1,1
No Tactical,4,165,train,strong,player_win,-10.0,5,100.0,5,Expert,0.05,0.05,1,331,75,0.0,0.0,0,0,2
No Tactical,4,166,train,strong,player_win,-10.0,5,100.0,5,Expert,0.05,0.05,1,333,75,0.0,0.0,0,0,2
No Tactical,4,167,train,strong,player_win,-10.0,5,100.0,5,Expert,0.05,0.05,1,335,75,0.0,0.0,0,0,2
No Tactical,4,168,train,strong,player_win,-10.0,5,100.0,5,Expert,0.05,0.05,1,337,75,0.0,0.0,0,1,1
No Tactical,4,169,train,strong,player_win,-10.0,5,100.0,5,Expert,0.05,0.05,1,339,76,0.0,0.0,0,0,2
No Tactical,4,170,train,strong,player_win,-10.0,5,100.0,5,Expert,0.05,0.05,1,341,76,0.0,0.0,0,0,2
No Tactical,4,171,train,strong,player_win,-10.0,5,100.0,5,Expert,0.05,0.05,1,343,76,0.0,0.0,0,0,2
No Tactical,4,172,train,strong,player_win,-10.0,5,100.0,5,Expert,0.05,0.05,1,345,76,0.0,0.0,0,0,2
No Tactical,4,173,train,strong,player_win,-10.0,5,100.0,5,Expert,0.05,0.05,1,347,76,0.0,0.0,0,0,2
No Tactical,4,174,train,strong,player_win,-10.0,5,100.0,5,Expert,0.05,0.05,1,349,76,0.0,0.0,0,0,2
No Tactical,4,175,train,strong,player_win,-10.0,5,100.0,5,Expert,0.05,0.05,1,351,76,0.0,0.0,0,0,2
No Tactical,4,176,train,strong,player_win,-10.0,5,100.0,5,Expert,0.05,0.05,1,353,76,0.0,0.0,0,0,2
No Tactical,4,177,train,strong,player_win,-10.0,5,100.0,5,Expert,0.05,0.05,1,355,76,0.0,0.0,0,0,2
No Tactical,4,178,train,strong,player_win,-10.0,5,100.0,5,Expert,0.05,0.05,1,357,76,0.0,0.0,0,0,2
No Tactical,4,179,train,strong,player_win,-10.0,5,100.0,5,Expert,0.05,0.05,1,359,76,0.0,0.0,0,0,2
No Tactical,4,180,train,strong,player_win,-10.0,5,100.0,5,Expert,0.05,0.05,1,361,76,0.0,0.0,0,0,2
No Tactical,4,181,train,strong,player_win,-10.0,5,100.0,5,Expert,0.05,0.05,1,363,76,0.0,0.0,0,0,2
No Tactical,4,182,train,strong,player_win,-10.0,5,100.0,5,Expert,0.05,0.05,1,365,76,0.0,0.0,0,0,2
No Tactical,4,183,train,strong,player_win,-10.0,5,100.0,5,Expert,0.05,0.05,1,367,77,0.0,0.0,0,0,2
No Tactical,4,184,train,strong,player_win,-10.0,5,100.0,5,Expert,0.05,0.05,1,369,77,0.0,0.0,0,0,2
No Tactical,4,185,train,strong,player_win,-10.0,5,100.0,5,Expert,0.05,0.05,1,371,77,0.0,0.0,0,1,1
No Tactical,4,186,train,strong,player_win,-10.0,5,100.0,5,Expert,0.05,0.05,1,373,78,0.0,0.0,0,0,2
No Tactical,4,187,train,strong,player_win,-10.0,5,100.0,5,Expert,0.05,0.05,1,375,78,0.0,0.0,0,0,2
No Tactical,4,188,train,strong,player_win,-10.0,5,100.0,5,Expert,0.05,0.05,1,377,78,0.0,0.0,0,0,2
No Tactical,4,189,train,strong,player_win,-10.0,5,100.0,5,Expert,0.05,0.05,1,379,78,0.0,0.0,0,0,2
No Tactical,4,190,train,strong,player_win,-10.0,5,100.0,5,Expert,0.05,0.05,1,381,78,0.0,0.0,0,0,2
No Tactical,4,191,train,strong,player_win,-10.0,5,100.0,5,Expert,0.05,0.05,1,383,78,0.0,0.0,0,1,1
No Tactical,4,192,train,strong,player_win,-10.0,5,100.0,5,Expert,0.05,0.05,1,385,78,0.0,0.0,0,0,2
No Tactical,4,193,train,strong,player_win,-10.0,5,100.0,5,Expert,0.05,0.05,1,387,78,0.0,0.0,0,0,2
No Tactical,4,194,train,strong,player_win,-10.0,5,100.0,5,Expert,0.05,0.05,1,389,79,0.0,0.0,0,0,2
No Tactical,4,195,train,strong,player_win,-10.0,5,100.0,5,Expert,0.05,0.05,1,391,80,0.0,0.0,0,0,2
No Tactical,4,196,train,strong,player_win,-10.0,5,100.0,5,Expert,0.05,0.05,1,393,81,0.0,0.0,0,1,1
No Tactical,4,197,train,strong,player_win,-10.0,5,100.0,5,Expert,0.05,0.05,1,395,81,0.0,0.0,0,0,2
No Tactical,4,198,train,strong,player_win,-10.0,5,100.0,5,Expert,0.05,0.05,1,397,82,0.0,0.0,0,0,2
No Tactical,4,199,train,strong,player_win,-10.0,5,100.0,5,Expert,0.05,0.05,1,399,83,0.0,0.0,0,0,2
No Tactical,4,200,train,strong,player_win,-10.0,5,100.0,5,Expert,0.05,0.05,1,401,83,0.0,0.0,0,0,2
No Tactical,4,201,train,strong,player_win,-10.0,5,100.0,5,Expert,0.05,0.05,1,403,83,0.0,0.0,0,0,2
No Tactical,4,202,train,strong,player_win,-10.0,5,100.0,5,Expert,0.05,0.05,1,405,84,0.0,0.0,0,0,2
No Tactical,4,203,train,strong,player_win,-10.0,5,100.0,5,Expert,0.05,0.05,1,407,84,0.0,0.0,0,0,2
No Tactical,4,204,train,strong,player_win,-10.0,5,100.0,5,Expert,0.05,0.05,1,409,84,0.0,0.0,0,0,2
No Tactical,4,205,train,strong,player_win,-10.0,5,100.0,5,Expert,0.05,0.05,1,411,84,0.0,0.0,0,1,1
No Tactical,4,206,train,strong,player_win,-10.0,5,100.0,5,Expert,0.05,0.05,1,413,84,0.0,0.0,0,0,2
No Tactical,4,207,train,strong,player_win,-10.0,5,100.0,5,Expert,0.05,0.05,1,415,84,0.0,0.0,0,0,2
No Tactical,4,208,train,strong,player_win,-10.0,5,100.0,5,Expert,0.05,0.05,1,417,84,0.0,0.0,0,0,2
No Tactical,4,209,train,strong,player_win,-10.0,5,100.0,5,Expert,0.05,0.05,1,419,84,0.0,0.0,0,0,2
No Tactical,4,210,train,strong,player_win,-10.0,5,100.0,5,Expert,0.05,0.05,1,421,85,0.0,0.0,0,0,2
No Tactical,4,211,train,strong,player_win,-10.0,5,100.0,5,Expert,0.05,0.05,1,423,85,0.0,0.0,0,1,1
No Tactical,4,212,train,strong,player_win,-10.0,5,100.0,5,Expert,0.05,0.05,1,425,85,0.0,0.0,0,0,2
No Tactical,4,213,train,strong,player_win,-10.0,5,100.0,5,Expert,0.05,0.05,1,427,85,0.0,0.0,0,0,2
No Tactical,4,214,train,strong,player_win,-10.0,5,100.0,5,Expert,0.05,0.05,1,429,85,0.0,0.0,0,0,2
No Tactical,4,215,train,strong,player_win,-10.0,5,100.0,5,Expert,0.05,0.05,1,431,85,0.0,0.0,0,0,2
No Tactical,4,216,train,strong,player_win,-10.0,5,100.0,5,Expert,0.05,0.05,1,433,86,0.0,0.0,0,0,2
No Tactical,4,217,train,strong,player_win,-10.0,5,100.0,5,Expert,0.05,0.05,1,435,86,0.0,0.0,0,0,2
No Tactical,4,218,train,strong,player_win,-10.0,5,100.0,5,Expert,0.05,0.05,1,437,86,0.0,0.0,0,0,2
No Tactical,4,219,train,strong,player_win,-10.0,5,100.0,5,Expert,0.05,0.05,1,439,86,0.0,0.0,0,0,2
No Tactical,4,220,train,strong,player_win,-10.0,5,100.0,5,Expert,0.05,0.05,1,441,86,0.0,0.0,0,0,2
No Tactical,4,221,train,strong,player_win,-10.0,5,100.0,5,Expert,0.05,0.05,1,443,86,0.0,0.0,0,0,2
No Tactical,4,222,train,strong,player_win,-10.0,5,100.0,5,Expert,0.05,0.05,1,445,86,0.0,0.0,0,0,2
No Tactical,4,223,train,strong,player_win,-10.0,5,100.0,5,Expert,0.05,0.05,1,447,86,0.0,0.0,0,0,2
No Tactical,4,224,train,strong,player_win,-10.0,5,100.0,5,Expert,0.05,0.05,1,449,86,0.0,0.0,0,0,2
No Tactical,4,225,train,strong,player_win,-10.0,5,100.0,5,Expert,0.05,0.05,1,451,86,0.0,0.0,0,0,2
No Tactical,4,226,train,strong,player_win,-10.0,5,100.0,5,Expert,0.05,0.05,1,453,86,0.0,0.0,0,0,2
No Tactical,4,227,train,strong,player_win,-10.0,5,100.0,5,Expert,0.05,0.05,1,455,86,0.0,0.0,0,0,2
No Tactical,4,228,train,strong,player_win,-10.0,5,100.0,5,Expert,0.05,0.05,1,457,86,0.0,0.0,0,0,2
No Tactical,4,229,train,strong,player_win,-10.0,5,100.0,5,Expert,0.05,0.05,1,459,86,0.0,0.0,0,0,2
No Tactical,4,230,train,strong,player_win,-10.0,5,100.0,5,Expert,0.05,0.05,1,461,86,0.0,0.0,0,0,2
No Tactical,4,231,train,strong,player_win,-10.0,5,100.0,5,Expert,0.05,0.05,1,463,86,0.0,0.0,0,0,2
No Tactical,4,232,train,strong,player_win,-10.0,5,100.0,5,Expert,0.05,0.05,1,465,86,0.0,0.0,0,2,0
No Tactical,4,233,train,strong,player_win,-10.0,5,100.0,5,Expert,0.05,0.05,1,467,86,0.0,0.0,0,0,2
No Tactical,4,234,train,strong,player_win,-10.0,5,100.0,5,Expert,0.05,0.05,1,469,86,0.0,0.0,0,0,2
No Tactical,4,235,train,strong,player_win,-10.0,5,100.0,5,Expert,0.05,0.05,1,471,86,0.0,0.0,0,0,2
No Tactical,4,236,train,strong,player_win,-10.0,5,100.0,5,Expert,0.05,0.05,1,473,86,0.0,0.0,0,0,2
No Tactical,4,237,train,strong,player_win,-10.0,5,100.0,5,Expert,0.05,0.05,1,475,86,0.0,0.0,0,1,1
No Tactical,4,238,train,strong,player_win,-10.0,7,100.0,5,Expert,0.05,0.05,1,478,87,0.0,0.0,0,1,2
No Tactical,4,239,train,strong,player_win,-10.0,5,100.0,5,Expert,0.05,0.05,1,480,87,0.0,0.0,0,0,2
No Tactical,4,240,train,strong,player_win,-10.0,5,100.0,5,Expert,0.05,0.05,1,482,87,0.0,0.0,0,0,2
No Tactical,4,241,train,strong,player_win,-10.0,5,100.0,5,Expert,0.05,0.05,1,484,87,0.0,0.0,0,0,2
No Tactical,4,242,train,strong,player_win,-10.0,5,100.0,5,Expert,0.05,0.05,1,486,87,0.0,0.0,0,0,2
No Tactical,4,243,train,strong,player_win,-10.0,5,100.0,5,Expert,0.05,0.05,1,488,87,0.0,0.0,0,0,2
No Tactical,4,244,train,strong,player_win,-10.0,5,100.0,5,Expert,0.05,0.05,1,490,87,0.0,0.0,0,1,1
No Tactical,4,245,train,strong,player_win,-10.0,5,100.0,5,Expert,0.05,0.05,1,492,87,0.0,0.0,0,0,2
No Tactical,4,246,train,strong,player_win,-10.0,5,100.0,5,Expert,0.05,0.05,1,494,87,0.0,0.0,0,0,2
No Tactical,4,247,train,strong,player_win,-10.0,5,100.0,5,Expert,0.05,0.05,1,496,87,0.0,0.0,0,0,2
No Tactical,4,248,train,strong,player_win,-10.0,5,100.0,5,Expert,0.05,0.05,1,498,87,0.0,0.0,0,0,2
No Tactical,4,249,train,strong,player_win,-10.0,5,100.0,5,Expert,0.05,0.05,1,500,87,0.0,0.0,0,0,2
No Tactical,4,250,train,strong,player_win,-10.0,5,100.0,5,Expert,0.05,0.05,1,502,87,0.0,0.0,0,0,2
No Tactical,4,251,train,strong,player_win,-10.0,5,100.0,5,Expert,0.05,0.05,1,504,87,0.0,0.0,0,0,2
No Tactical,4,252,train,strong,player_win,-10.0,5,100.0,5,Expert,0.05,0.05,1,506,87,0.0,0.0,0,0,2
No Tactical,4,253,train,strong,player_win,-10.0,5,100.0,5,Expert,0.05,0.05,1,508,87,0.0,0.0,0,0,2
No Tactical,4,254,train,strong,player_win,-10.0,5,100.0,5,Expert,0.05,0.05,1,510,87,0.0,0.0,0,0,2
No Tactical,4,255,train,strong,player_win,-10.0,5,100.0,5,Expert,0.05,0.05,1,512,87,0.0,0.0,0,0,2
No Tactical,4,256,train,strong,player_win,-10.0,5,100.0,5,Expert,0.05,0.05,1,514,87,0.0,0.0,0,0,2
No Tactical,4,257,train,strong,player_win,-10.0,5,100.0,5,Expert,0.05,0.05,1,516,87,0.0,0.0,0,0,2
No Tactical,4,258,train,strong,player_win,-10.0,5,100.0,5,Expert,0.05,0.05,1,518,87,0.0,0.0,0,0,2
No Tactical,4,259,train,strong,player_win,-10.0,5,100.0,5,Expert,0.05,0.05,1,520,87,0.0,0.0,0,0,2
No Tactical,4,260,train,strong,player_win,-10.0,5,100.0,5,Expert,0.05,0.05,1,522,87,0.0,0.0,0,0,2
No Tactical,4,261,train,strong,player_win,-10.0,5,100.0,5,Expert,0.05,0.05,1,524,87,0.0,0.0,0,0,2
No Tactical,4,262,train,strong,player_win,-10.0,5,100.0,5,Expert,0.05,0.05,1,526,87,0.0,0.0,0,0,2
No Tactical,4,263,train,strong,player_win,-10.0,5,100.0,5,Expert,0.05,0.05,1,528,87,0.0,0.0,0,1,1
No Tactical,4,264,train,strong,player_win,-10.0,5,100.0,5,Expert,0.05,0.05,1,530,87,0.0,0.0,0,0,2
No Tactical,4,265,train,strong,player_win,-10.0,5,100.0,5,Expert,0.05,0.05,1,532,87,0.0,0.0,0,0,2
No Tactical,4,266,train,strong,player_win,-10.0,5,100.0,5,Expert,0.05,0.05,1,534,87,0.0,0.0,0,0,2
No Tactical,4,267,train,strong,player_win,-10.0,5,100.0,5,Expert,0.05,0.05,1,536,87,0.0,0.0,0,0,2
No Tactical,4,268,train,strong,player_win,-10.0,5,100.0,5,Expert,0.05,0.05,1,538,87,0.0,0.0,0,0,2
No Tactical,4,269,train,strong,player_win,-10.0,5,100.0,5,Expert,0.05,0.05,1,540,87,0.0,0.0,0,0,2
No Tactical,4,270,train,strong,player_win,-10.0,5,100.0,5,Expert,0.05,0.05,1,542,87,0.0,0.0,0,0,2
No Tactical,4,271,train,strong,player_win,-10.0,5,100.0,5,Expert,0.05,0.05,1,544,87,0.0,0.0,0,0,2
No Tactical,4,272,train,strong,player_win,-10.0,5,100.0,5,Expert,0.05,0.05,1,546,87,0.0,0.0,0,0,2
No Tactical,4,273,train,strong,player_win,-10.0,5,100.0,5,Expert,0.05,0.05,1,548,87,0.0,0.0,0,1,1
No Tactical,4,274,train,strong,player_win,-10.0,5,100.0,5,Expert,0.05,0.05,1,550,87,0.0,0.0,0,0,2
No Tactical,4,275,train,strong,player_win,-10.0,5,100.0,5,Expert,0.05,0.05,1,552,87,0.0,0.0,0,0,2
No Tactical,4,276,train,strong,player_win,-10.0,5,100.0,5,Expert,0.05,0.05,1,554,87,0.0,0.0,0,0,2
No Tactical,4,277,train,strong,player_win,-10.0,5,100.0,5,Expert,0.05,0.05,1,556,87,0.0,0.0,0,0,2
No Tactical,4,278,train,strong,player_win,-10.0,5,100.0,5,Expert,0.05,0.05,1,558,87,0.0,0.0,0,0,2
No Tactical,4,279,train,strong,player_win,-10.0,5,100.0,5,Expert,0.05,0.05,1,560,87,0.0,0.0,0,0,2
No Tactical,4,280,train,strong,player_win,-10.0,5,100.0,5,Expert,0.05,0.05,1,562,87,0.0,0.0,0,0,2
No Tactical,4,281,train,strong,player_win,-10.0,5,100.0,5,Expert,0.05,0.05,1,564,87,0.0,0.0,0,0,2
No Tactical,4,282,train,strong,player_win,-10.0,5,100.0,5,Expert,0.05,0.05,1,566,87,0.0,0.0,0,0,2
No Tactical,4,283,train,strong,player_win,-10.0,5,100.0,5,Expert,0.05,0.05,1,568,87,0.0,0.0,0,0,2
No Tactical,4,284,train,strong,player_win,-10.0,5,100.0,5,Expert,0.05,0.05,1,570,87,0.0,0.0,0,0,2
No Tactical,4,285,train,strong,player_win,-10.0,5,100.0,5,Expert,0.05,0.05,1,572,87,0.0,0.0,0,0,2
No Tactical,4,286,train,strong,player_win,-10.0,5,100.0,5,Expert,0.05,0.05,1,574,87,0.0,0.0,0,0,2
No Tactical,4,287,train,strong,player_win,-10.0,5,100.0,5,Expert,0.05,0.05,1,576,87,0.0,0.0,0,0,2
No Tactical,4,288,train,strong,player_win,-10.0,5,100.0,5,Expert,0.05,0.05,1,578,87,0.0,0.0,0,0,2
No Tactical,4,289,train,strong,player_win,-10.0,5,100.0,5,Expert,0.05,0.05,1,580,87,0.0,0.0,0,0,2
No Tactical,4,290,train,strong,player_win,-10.0,5,100.0,5,Expert,0.05,0.05,1,582,87,0.0,0.0,0,0,2
No Tactical,4,291,train,strong,player_win,-10.0,5,100.0,5,Expert,0.05,0.05,1,584,87,0.0,0.0,0,0,2
No Tactical,4,292,train,strong,player_win,-10.0,5,100.0,5,Expert,0.05,0.05,1,586,87,0.0,0.0,0,0,2
No Tactical,4,293,train,strong,player_win,-10.0,5,100.0,5,Expert,0.05,0.05,1,588,87,0.0,0.0,0,0,2
No Tactical,4,294,train,strong,player_win,-10.0,7,100.0,5,Expert,0.05,0.05,1,591,87,0.0,0.0,0,0,3
No Tactical,4,295,train,strong,player_win,-10.0,5,100.0,5,Expert,0.05,0.05,1,593,87,0.0,0.0,0,1,1
No Tactical,4,296,train,strong,player_win,-10.0,5,100.0,5,Expert,0.05,0.05,1,595,87,0.0,0.0,0,0,2
No Tactical,4,297,train,strong,player_win,-10.0,5,100.0,5,Expert,0.05,0.05,1,597,87,0.0,0.0,0,0,2
No Tactical,4,298,train,strong,player_win,-10.0,5,100.0,5,Expert,0.05,0.05,1,599,87,0.0,0.0,0,0,2
No Tactical,4,299,train,strong,player_win,-10.0,5,100.0,5,Expert,0.05,0.05,1,601,87,0.0,0.0,0,0,2
No Tactical,4,300,train,strong,player_win,-10.0,5,100.0,5,Expert,0.05,0.05,1,603,87,0.0,0.0,0,0,2
No Tactical,4,301,train,strong,player_win,-10.0,5,100.0,5,Expert,0.05,0.05,1,605,87,0.0,0.0,0,0,2
No Tactical,4,302,train,strong,player_win,-10.0,5,100.0,5,Expert,0.05,0.05,1,607,87,0.0,0.0,0,0,2
No Tactical,4,303,train,strong,player_win,-10.0,5,100.0,5,Expert,0.05,0.05,1,609,87,0.0,0.0,0,0,2
No Tactical,4,304,train,strong,player_win,-10.0,5,100.0,5,Expert,0.05,0.05,1,611,87,0.0,0.0,0,0,2
No Tactical,4,305,train,strong,player_win,-10.0,5,100.0,5,Expert,0.05,0.05,1,613,87,0.0,0.0,0,0,2
No Tactical,4,306,train,strong,player_win,-10.0,5,100.0,5,Expert,0.05,0.05,1,615,87,0.0,0.0,0,0,2
No Tactical,4,307,train,strong,player_win,-10.0,5,100.0,5,Expert,0.05,0.05,1,617,87,0.0,0.0,0,0,2
No Tactical,4,308,train,strong,player_win,-10.0,5,100.0,5,Expert,0.05,0.05,1,619,87,0.0,0.0,0,0,2
No Tactical,4,309,train,strong,player_win,-10.0,5,100.0,5,Expert,0.05,0.05,1,621,87,0.0,0.0,0,0,2
No Tactical,4,310,train,strong,player_win,-10.0,5,100.0,5,Expert,0.05,0.05,1,623,87,0.0,0.0,0,0,2
No Tactical,4,311,train,strong,player_win,-10.0,5,100.0,5,Expert,0.05,0.05,1,625,87,0.0,0.0,0,0,2
No Tactical,4,312,train,strong,player_win,-10.0,5,100.0,5,Expert,0.05,0.05,1,627,87,0.0,0.0,0,1,1
No Tactical,4,313,train,strong,player_win,-10.0,5,100.0,5,Expert,0.05,0.05,1,629,87,0.0,0.0,0,0,2
No Tactical,4,314,train,strong,player_win,-10.0,5,100.0,5,Expert,0.05,0.05,1,631,87,0.0,0.0,0,0,2
No Tactical,4,315,train,strong,player_win,-10.0,5,100.0,5,Expert,0.05,0.05,1,633,87,0.0,0.0,0,0,2
No Tactical,4,316,train,strong,player_win,-10.0,5,100.0,5,Expert,0.05,0.05,1,635,87,0.0,0.0,0,0,2
No Tactical,4,317,train,strong,player_win,-10.0,5,100.0,5,Expert,0.05,0.05,1,637,87,0.0,0.0,0,0,2
No Tactical,4,318,train,strong,player_win,-10.0,5,100.0,5,Expert,0.05,0.05,1,639,87,0.0,0.0,0,0,2
No Tactical,4,319,train,strong,player_win,-10.0,5,100.0,5,Expert,0.05,0.05,1,641,88,0.0,0.0,0,0,2
No Tactical,4,320,train,strong,player_win,-10.0,5,100.0,5,Expert,0.05,0.05,1,643,88,0.0,0.0,0,0,2
No Tactical,4,321,train,strong,player_win,-10.0,5,100.0,5,Expert,0.05,0.05,1,645,88,0.0,0.0,0,0,2
No Tactical,4,322,train,strong,player_win,-10.0,5,100.0,5,Expert,0.05,0.05,1,647,88,0.0,0.0,0,0,2
No Tactical,4,323,train,strong,player_win,-10.0,5,100.0,5,Expert,0.05,0.05,1,649,88,0.0,0.0,0,0,2
No Tactical,4,324,train,strong,player_win,-10.0,5,100.0,5,Expert,0.05,0.05,1,651,88,0.0,0.0,0,0,2
No Tactical,4,325,train,strong,player_win,-10.0,5,100.0,5,Expert,0.05,0.05,1,653,88,0.0,0.0,0,0,2
No Tactical,4,326,train,strong,player_win,-10.0,5,100.0,5,Expert,0.05,0.05,1,655,88,0.0,0.0,0,0,2
No Tactical,4,327,train,strong,player_win,-10.0,5,100.0,5,Expert,0.05,0.05,1,657,88,0.0,0.0,0,0,2
No Tactical,4,328,train,strong,player_win,-10.0,5,100.0,5,Expert,0.05,0.05,1,659,88,0.0,0.0,0,0,2
No Tactical,4,329,train,strong,player_win,-10.0,5,100.0,5,Expert,0.05,0.05,1,661,88,0.0,0.0,0,0,2
No Tactical,4,330,train,strong,player_win,-10.0,5,100.0,5,Expert,0.05,0.05,1,663,88,0.0,0.0,0,0,2
No Tactical,4,331,train,strong,player_win,-10.0,5,100.0,5,Expert,0.05,0.05,1,665,88,0.0,0.0,0,1,1
No Tactical,4,332,train,strong,player_win,-10.0,5,100.0,5,Expert,0.05,0.05,1,667,88,0.0,0.0,0,0,2
No Tactical,4,333,train,strong,player_win,-10.0,5,100.0,5,Expert,0.05,0.05,1,669,88,0.0,0.0,0,0,2
No Tactical,4,334,train,strong,player_win,-10.0,5,100.0,5,Expert,0.05,0.05,1,671,88,0.0,0.0,0,0,2
No Tactical,4,335,train,strong,player_win,-10.0,5,100.0,5,Expert,0.05,0.05,1,673,88,0.0,0.0,0,0,2
No Tactical,4,336,train,strong,player_win,-10.0,5,100.0,5,Expert,0.05,0.05,1,675,88,0.0,0.0,0,0,2
No Tactical,4,337,train,strong,player_win,-10.0,5,100.0,5,Expert,0.05,0.05,1,677,88,0.0,0.0,0,0,2
No Tactical,4,338,train,strong,player_win,-10.0,5,100.0,5,Expert,0.05,0.05,1,679,88,0.0,0.0,0,0,2
No Tactical,4,339,train,strong,player_win,-10.0,5,100.0,5,Expert,0.05,0.05,1,681,88,0.0,0.0,0,0,2
No Tactical,4,340,train,strong,player_win,-10.0,5,100.0,5,Expert,0.05,0.05,1,683,88,0.0,0.0,0,0,2
No Tactical,4,341,train,strong,player_win,-10.0,5,100.0,5,Expert,0.05,0.05,1,685,88,0.0,0.0,0,0,2
No Tactical,4,342,train,strong,player_win,-10.0,5,100.0,5,Expert,0.05,0.05,1,687,88,0.0,0.0,0,0,2
No Tactical,4,343,train,strong,player_win,-10.0,5,100.0,5,Expert,0.05,0.05,1,689,88,0.0,0.0,0,0,2
No Tactical,4,344,train,strong,player_win,-10.0,5,100.0,5,Expert,0.05,0.05,1,691,88,0.0,0.0,0,0,2
No Tactical,4,345,train,strong,player_win,-10.0,5,100.0,5,Expert,0.05,0.05,1,693,88,0.0,0.0,0,0,2
No Tactical,4,346,train,strong,player_win,-10.0,5,100.0,5,Expert,0.05,0.05,1,695,88,0.0,0.0,0,0,2
No Tactical,4,347,train,strong,player_win,-10.0,5,100.0,5,Expert,0.05,0.05,1,697,88,0.0,0.0,0,0,2
No Tactical,4,348,train,strong,player_win,-10.0,5,100.0,5,Expert,0.05,0.05,1,699,88,0.0,0.0,0,0,2
No Tactical,4,349,train,strong,player_win,-10.0,5,100.0,5,Expert,0.05,0.05,1,701,88,0.0,0.0,0,0,2
No Tactical,4,350,train,strong,player_win,-10.0,5,100.0,5,Expert,0.05,0.05,1,703,88,0.0,0.0,0,0,2
No Tactical,4,351,train,strong,player_win,-10.0,5,100.0,5,Expert,0.05,0.05,1,705,88,0.0,0.0,0,0,2
No Tactical,4,352,train,strong,player_win,-10.0,5,100.0,5,Expert,0.05,0.05,1,707,88,0.0,0.0,0,0,2
No Tactical,4,353,train,strong,player_win,-10.0,5,100.0,5,Expert,0.05,0.05,1,709,88,0.0,0.0,0,0,2
No Tactical,4,354,train,strong,player_win,-10.0,5,100.0,5,Expert,0.05,0.05,1,711,88,0.0,0.0,0,0,2
No Tactical,4,355,train,strong,player_win,-10.0,5,100.0,5,Expert,0.05,0.05,1,713,88,0.0,0.0,0,0,2
No Tactical,4,356,train,strong,player_win,-10.0,5,100.0,5,Expert,0.05,0.05,1,715,88,0.0,0.0,0,0,2
No Tactical,4,357,train,strong,player_win,-10.0,5,100.0,5,Expert,0.05,0.05,1,717,88,0.0,0.0,0,0,2
No Tactical,4,358,train,strong,player_win,-10.0,5,100.0,5,Expert,0.05,0.05,1,719,88,0.0,0.0,0,0,2
No Tactical,4,359,train,strong,player_win,-10.0,5,100.0,5,Expert,0.05,0.05,1,721,88,0.0,0.0,0,0,2
No Tactical,4,360,train,strong,player_win,-10.0,5,100.0,5,Expert,0.05,0.05,1,723,88,0.0,0.0,0,0,2
No Tactical,4,361,train,strong,player_win,-10.0,5,100.0,5,Expert,0.05,0.05,1,725,88,0.0,0.0,0,0,2
No Tactical,4,362,train,strong,player_win,-10.0,5,100.0,5,Expert,0.05,0.05,1,727,88,0.0,0.0,0,0,2
No Tactical,4,363,train,strong,player_win,-10.0,5,100.0,5,Expert,0.05,0.05,1,729,88,0.0,0.0,0,0,2
No Tactical,4,364,train,strong,player_win,-10.0,5,100.0,5,Expert,0.05,0.05,1,731,88,0.0,0.0,0,0,2
No Tactical,4,365,train,strong,player_win,-10.0,5,100.0,5,Expert,0.05,0.05,1,733,88,0.0,0.0,0,0,2
No Tactical,4,366,train,strong,player_win,-10.0,5,100.0,5,Expert,0.05,0.05,1,735,88,0.0,0.0,0,0,2
No Tactical,4,367,train,strong,player_win,-10.0,5,100.0,5,Expert,0.05,0.05,1,737,88,0.0,0.0,0,0,2
No Tactical,4,368,train,strong,player_win,-10.0,5,100.0,5,Expert,0.05,0.05,1,739,88,0.0,0.0,0,0,2
No Tactical,4,369,train,strong,player_win,-10.0,5,100.0,5,Expert,0.05,0.05,1,741,88,0.0,0.0,0,0,2
No Tactical,4,370,train,strong,player_win,-10.0,5,100.0,5,Expert,0.05,0.05,1,743,88,0.0,0.0,0,1,1
No Tactical,4,371,train,strong,player_win,-10.0,5,100.0,5,Expert,0.05,0.05,1,745,88,0.0,0.0,0,0,2
No Tactical,4,372,train,strong,player_win,-10.0,5,100.0,5,Expert,0.05,0.05,1,747,88,0.0,0.0,0,0,2
No Tactical,4,373,train,strong,player_win,-10.0,5,100.0,5,Expert,0.05,0.05,1,749,88,0.0,0.0,0,0,2
No Tactical,4,374,train,strong,player_win,-10.0,5,100.0,5,Expert,0.05,0.05,1,751,88,0.0,0.0,0,1,1
No Tactical,4,375,train,strong,player_win,-10.0,7,100.0,5,Expert,0.05,0.05,1,754,89,0.0,0.0,0,0,3
No Tactical,4,376,train,strong,player_win,-10.0,5,100.0,5,Expert,0.05,0.05,1,756,89,0.0,0.0,0,0,2
No Tactical,4,377,train,strong,player_win,-10.0,5,100.0,5,Expert,0.05,0.05,1,758,89,0.0,0.0,0,0,2
No Tactical,4,378,train,strong,player_win,-10.0,5,100.0,5,Expert,0.05,0.05,1,760,89,0.0,0.0,0,0,2
No Tactical,4,379,train,strong,player_win,-10.0,5,100.0,5,Expert,0.05,0.05,1,762,90,0.0,0.0,0,1,1
No Tactical,4,380,train,strong,player_win,-10.0,5,100.0,5,Expert,0.05,0.05,1,764,90,0.0,0.0,0,0,2
No Tactical,4,381,train,strong,player_win,-10.0,5,100.0,5,Expert,0.05,0.05,1,766,90,0.0,0.0,0,0,2
No Tactical,4,382,train,strong,player_win,-10.0,5,100.0,5,Expert,0.05,0.05,1,768,90,0.0,0.0,0,0,2
No Tactical,4,383,train,strong,player_win,-10.0,5,100.0,5,Expert,0.05,0.05,1,770,90,0.0,0.0,0,0,2
No Tactical,4,384,train,strong,player_win,-10.0,5,100.0,5,Expert,0.05,0.05,1,772,90,0.0,0.0,0,0,2
No Tactical,4,385,train,strong,player_win,-10.0,5,100.0,5,Expert,0.05,0.05,1,774,90,0.0,0.0,0,0,2
No Tactical,4,386,train,strong,player_win,-10.0,5,100.0,5,Expert,0.05,0.05,1,776,90,0.0,0.0,0,0,2
No Tactical,4,387,train,strong,player_win,-10.0,5,100.0,5,Expert,0.05,0.05,1,778,90,0.0,0.0,0,0,2
No Tactical,4,388,train,strong,player_win,-10.0,5,100.0,5,Expert,0.05,0.05,1,780,90,0.0,0.0,0,0,2
No Tactical,4,389,train,strong,player_win,-10.0,5,100.0,5,Expert,0.05,0.05,1,782,90,0.0,0.0,0,1,1
No Tactical,4,390,train,strong,player_win,-10.0,5,100.0,5,Expert,0.05,0.05,1,784,90,0.0,0.0,0,0,2
No Tactical,4,391,train,strong,player_win,-10.0,5,100.0,5,Expert,0.05,0.05,1,786,90,0.0,0.0,0,0,2
No Tactical,4,392,train,strong,player_win,-10.0,5,100.0,5,Expert,0.05,0.05,1,788,90,0.0,0.0,0,0,2
No Tactical,4,393,train,strong,player_win,-10.0,5,100.0,5,Expert,0.05,0.05,1,790,90,0.0,0.0,0,0,2
No Tactical,4,394,train,strong,player_win,-10.0,5,100.0,5,Expert,0.05,0.05,1,792,90,0.0,0.0,0,0,2
No Tactical,4,395,train,strong,player_win,-10.0,5,100.0,5,Expert,0.05,0.05,1,794,90,0.0,0.0,0,0,2
No Tactical,4,396,train,strong,player_win,-10.0,5,100.0,5,Expert,0.05,0.05,1,796,90,0.0,0.0,0,0,2
No Tactical,4,397,train,strong,player_win,-10.0,5,100.0,5,Expert,0.05,0.05,1,798,90,0.0,0.0,0,0,2
No Tactical,4,398,train,strong,player_win,-10.0,5,100.0,5,Expert,0.05,0.05,1,800,90,0.0,0.0,0,0,2
No Tactical,4,399,train,strong,player_win,-10.0,5,100.0,5,Expert,0.05,0.05,1,802,90,0.0,0.0,0,0,2
No Tactical,4,400,train,strong,player_win,-10.0,5,100.0,5,Expert,0.05,0.05,1,804,90,0.0,0.0,0,0,2
No Tactical,4,401,train,strong,player_win,-10.0,5,100.0,5,Expert,0.05,0.05,1,806,90,0.0,0.0,0,0,2
No Tactical,4,402,train,strong,player_win,-10.0,5,100.0,5,Expert,0.05,0.05,1,808,90,0.0,0.0,0,0,2
No Tactical,4,403,train,strong,player_win,-10.0,5,100.0,5,Expert,0.05,0.05,1,810,90,0.0,0.0,0,0,2
No Tactical,4,404,train,strong,player_win,-10.0,5,100.0,5,Expert,0.05,0.05,1,812,90,0.0,0.0,0,0,2
No Tactical,4,405,train,strong,player_win,-10.0,5,100.0,5,Expert,0.05,0.05,1,814,90,0.0,0.0,0,0,2
No Tactical,4,406,train,strong,player_win,-10.0,5,100.0,5,Expert,0.05,0.05,1,816,90,0.0,0.0,0,0,2
No Tactical,4,407,train,strong,player_win,-10.0,5,100.0,5,Expert,0.05,0.05,1,818,90,0.0,0.0,0,0,2
No Tactical,4,408,train,strong,player_win,-10.0,5,100.0,5,Expert,0.05,0.05,1,820,90,0.0,0.0,0,0,2
No Tactical,4,409,train,strong,player_win,-10.0,5,100.0,5,Expert,0.05,0.05,1,822,90,0.0,0.0,0,0,2
No Tactical,4,410,train,strong,player_win,-10.0,5,100.0,5,Expert,0.05,0.05,1,824,90,0.0,0.0,0,0,2
No Tactical,4,411,train,strong,player_win,-10.0,5,100.0,5,Expert,0.05,0.05,1,826,90,0.0,0.0,0,0,2
No Tactical,4,412,train,strong,player_win,-10.0,5,100.0,5,Expert,0.05,0.05,1,828,90,0.0,0.0,0,0,2
No Tactical,4,413,train,strong,player_win,-10.0,5,100.0,5,Expert,0.05,0.05,1,830,90,0.0,0.0,0,0,2
No Tactical,4,414,train,strong,player_win,-10.0,5,100.0,5,Expert,0.05,0.05,1,832,90,0.0,0.0,0,0,2
No Tactical,4,415,train,strong,player_win,-10.0,5,100.0,5,Expert,0.05,0.05,1,834,90,0.0,0.0,0,0,2
No Tactical,4,416,train,strong,player_win,-10.0,5,100.0,5,Expert,0.05,0.05,1,836,90,0.0,0.0,0,0,2
No Tactical,4,417,train,strong,player_win,-10.0,5,100.0,5,Expert,0.05,0.05,1,838,90,0.0,0.0,0,0,2
No Tactical,4,418,train,strong,player_win,-10.0,5,100.0,5,Expert,0.05,0.05,1,840,90,0.0,0.0,0,0,2
No Tactical,4,419,train,strong,player_win,-10.0,5,100.0,5,Expert,0.05,0.05,1,842,90,0.0,0.0,0,1,1
No Tactical,4,420,train,strong,player_win,-10.0,5,100.0,5,Expert,0.05,0.05,1,844,90,0.0,0.0,0,0,2
No Tactical,4,421,train,strong,player_win,-10.0,5,100.0,5,Expert,0.05,0.05,1,846,90,0.0,0.0,0,0,2
No Tactical,4,422,train,strong,player_win,-10.0,5,100.0,5,Expert,0.05,0.05,1,848,90,0.0,0.0,0,1,1
No Tactical,4,423,train,strong,player_win,-10.0,5,100.0,5,Expert,0.05,0.05,1,850,90,0.0,0.0,0,0,2
No Tactical,4,424,train,strong,player_win,-10.0,5,100.0,5,Expert,0.05,0.05,1,852,90,0.0,0.0,0,0,2
No Tactical,4,425,train,strong,player_win,-10.0,5,100.0,5,Expert,0.05,0.05,1,854,90,0.0,0.0,0,0,2
No Tactical,4,426,train,strong,player_win,-10.0,5,100.0,5,Expert,0.05,0.05,1,856,90,0.0,0.0,0,0,2
No Tactical,4,427,train,strong,player_win,-10.0,5,100.0,5,Expert,0.05,0.05,1,858,90,0.0,0.0,0,0,2
No Tactical,4,428,train,strong,player_win,-10.0,5,100.0,5,Expert,0.05,0.05,1,860,90,0.0,0.0,0,0,2
No Tactical,4,429,train,strong,player_win,-10.0,5,100.0,5,Expert,0.05,0.05,1,862,90,0.0,0.0,0,0,2
No Tactical,4,430,train,strong,player_win,-10.0,5,100.0,5,Expert,0.05,0.05,1,864,90,0.0,0.0,0,0,2
No Tactical,4,431,train,strong,player_win,-10.0,5,100.0,5,Expert,0.05,0.05,1,866,90,0.0,0.0,0,0,2
No Tactical,4,432,train,strong,player_win,-10.0,5,100.0,5,Expert,0.05,0.05,1,868,90,0.0,0.0,0,0,2
No Tactical,4,433,train,strong,player_win,-10.0,5,100.0,5,Expert,0.05,0.05,1,870,90,0.0,0.0,0,0,2
No Tactical,4,434,train,strong,player_win,-10.0,5,100.0,5,Expert,0.05,0.05,1,872,90,0.0,0.0,0,1,1
No Tactical,4,435,train,strong,player_win,-10.0,5,100.0,5,Expert,0.05,0.05,1,874,90,0.0,0.0,0,1,1
No Tactical,4,436,train,strong,player_win,-10.0,5,100.0,5,Expert,0.05,0.05,1,876,90,0.0,0.0,0,0,2
No Tactical,4,437,train,strong,player_win,-10.0,5,100.0,5,Expert,0.05,0.05,1,878,90,0.0,0.0,0,0,2
No Tactical,4,438,train,strong,player_win,-10.0,5,100.0,5,Expert,0.05,0.05,1,880,90,0.0,0.0,0,0,2
No Tactical,4,439,train,strong,player_win,-10.0,5,100.0,5,Expert,0.05,0.05,1,882,90,0.0,0.0,0,0,2
No Tactical,4,440,train,strong,player_win,-10.0,5,100.0,5,Expert,0.05,0.05,1,884,90,0.0,0.0,0,0,2
No Tactical,4,441,train,strong,player_win,-10.0,5,100.0,5,Expert,0.05,0.05,1,886,90,0.0,0.0,0,0,2
No Tactical,4,442,train,strong,player_win,-10.0,5,100.0,5,Expert,0.05,0.05,1,888,90,0.0,0.0,0,0,2
No Tactical,4,443,train,strong,player_win,-10.0,5,100.0,5,Expert,0.05,0.05,1,890,90,0.0,0.0,0,0,2
No Tactical,4,444,train,strong,player_win,-10.0,5,100.0,5,Expert,0.05,0.05,1,892,90,0.0,0.0,0,0,2
No Tactical,4,445,train,strong,player_win,-10.0,5,100.0,5,Expert,0.05,0.05,1,894,90,0.0,0.0,0,0,2
No Tactical,4,446,train,strong,player_win,-10.0,5,100.0,5,Expert,0.05,0.05,1,896,90,0.0,0.0,0,0,2
No Tactical,4,447,train,strong,player_win,-10.0,5,100.0,5,Expert,0.05,0.05,1,898,90,0.0,0.0,0,0,2
No Tactical,4,448,train,strong,player_win,-10.0,5,100.0,5,Expert,0.05,0.05,1,900,90,0.0,0.0,0,0,2
No Tactical,4,449,train,strong,player_win,-10.0,5,100.0,5,Expert,0.05,0.05,1,902,91,0.0,0.0,0,0,2
No Tactical,4,450,train,strong,player_win,-10.0,5,100.0,5,Expert,0.05,0.05,1,904,91,0.0,0.0,0,0,2
No Tactical,4,451,train,strong,player_win,-10.0,5,100.0,5,Expert,0.05,0.05,1,906,91,0.0,0.0,0,0,2
No Tactical,4,452,train,strong,player_win,-10.0,5,100.0,5,Expert,0.05,0.05,1,908,91,0.0,0.0,0,0,2
No Tactical,4,453,train,strong,player_win,-10.0,5,100.0,5,Expert,0.05,0.05,1,910,91,0.0,0.0,0,0,2
No Tactical,4,454,train,strong,player_win,-10.0,5,100.0,5,Expert,0.05,0.05,1,912,91,0.0,0.0,0,0,2
No Tactical,4,455,train,strong,player_win,-10.0,5,100.0,5,Expert,0.05,0.05,1,914,91,0.0,0.0,0,0,2
No Tactical,4,456,train,strong,player_win,-10.0,5,100.0,5,Expert,0.05,0.05,1,916,91,0.0,0.0,0,0,2
No Tactical,4,457,train,strong,player_win,-10.0,5,100.0,5,Expert,0.05,0.05,1,918,91,0.0,0.0,0,0,2
No Tactical,4,458,train,strong,player_win,-10.0,5,100.0,5,Expert,0.05,0.05,1,920,91,0.0,0.0,0,0,2
No Tactical,4,459,train,strong,player_win,-10.0,5,100.0,5,Expert,0.05,0.05,1,922,91,0.0,0.0,0,0,2
No Tactical,4,460,train,strong,player_win,-10.0,5,100.0,5,Expert,0.05,0.05,1,924,91,0.0,0.0,0,0,2
No Tactical,4,461,train,strong,player_win,-10.0,5,100.0,5,Expert,0.05,0.05,1,926,91,0.0,0.0,0,0,2
No Tactical,4,462,train,strong,player_win,-10.0,5,100.0,5,Expert,0.05,0.05,1,928,91,0.0,0.0,0,0,2
No Tactical,4,463,train,strong,player_win,-10.0,5,100.0,5,Expert,0.05,0.05,1,930,91,0.0,0.0,0,0,2
No Tactical,4,464,train,strong,player_win,-10.0,5,100.0,5,Expert,0.05,0.05,1,932,91,0.0,0.0,0,0,2
No Tactical,4,465,train,strong,player_win,-10.0,5,100.0,5,Expert,0.05,0.05,1,934,91,0.0,0.0,0,0,2
No Tactical,4,466,train,strong,player_win,-10.0,5,100.0,5,Expert,0.05,0.05,1,936,91,0.0,0.0,0,0,2
No Tactical,4,467,train,strong,player_win,-10.0,5,100.0,5,Expert,0.05,0.05,1,938,91,0.0,0.0,0,0,2
No Tactical,4,468,train,strong,player_win,-10.0,5,100.0,5,Expert,0.05,0.05,1,940,91,0.0,0.0,0,0,2
No Tactical,4,469,train,strong,player_win,-10.0,5,100.0,5,Expert,0.05,0.05,1,942,91,0.0,0.0,0,0,2
No Tactical,4,470,train,strong,player_win,-10.0,5,100.0,5,Expert,0.05,0.05,1,944,91,0.0,0.0,0,0,2
No Tactical,4,471,train,strong,player_win,-10.0,5,100.0,5,Expert,0.05,0.05,1,946,91,0.0,0.0,0,0,2
No Tactical,4,472,train,strong,player_win,-10.0,5,100.0,5,Expert,0.05,0.05,1,948,91,0.0,0.0,0,1,1
No Tactical,4,473,train,strong,player_win,-10.0,5,100.0,5,Expert,0.05,0.05,1,950,91,0.0,0.0,0,0,2
No Tactical,4,474,train,strong,player_win,-10.0,5,100.0,5,Expert,0.05,0.05,1,952,91,0.0,0.0,0,0,2
No Tactical,4,475,train,strong,player_win,-10.0,5,100.0,5,Expert,0.05,0.05,1,954,91,0.0,0.0,0,0,2
No Tactical,4,476,train,strong,player_win,-10.0,5,100.0,5,Expert,0.05,0.05,1,956,91,0.0,0.0,0,0,2
No Tactical,4,477,train,strong,player_win,-10.0,5,100.0,5,Expert,0.05,0.05,1,958,91,0.0,0.0,0,1,1
No Tactical,4,478,train,strong,player_win,-10.0,5,100.0,5,Expert,0.05,0.05,1,960,91,0.0,0.0,0,0,2
No Tactical,4,479,train,strong,player_win,-10.0,5,100.0,5,Expert,0.05,0.05,1,962,91,0.0,0.0,0,0,2
No Tactical,4,480,train,strong,player_win,-10.0,5,100.0,5,Expert,0.05,0.05,1,964,91,0.0,0.0,0,0,2
No Tactical,4,481,train,strong,player_win,-10.0,5,100.0,5,Expert,0.05,0.05,1,966,91,0.0,0.0,0,0,2
No Tactical,4,482,train,strong,player_win,-10.0,5,100.0,5,Expert,0.05,0.05,1,968,91,0.0,0.0,0,0,2
No Tactical,4,483,train,strong,player_win,-10.0,5,100.0,5,Expert,0.05,0.05,1,970,91,0.0,0.0,0,0,2
No Tactical,4,484,train,strong,player_win,-10.0,5,100.0,5,Expert,0.05,0.05,1,972,91,0.0,0.0,0,0,2
No Tactical,4,485,train,strong,player_win,-10.0,5,100.0,5,Expert,0.05,0.05,1,974,91,0.0,0.0,0,0,2
No Tactical,4,486,train,strong,player_win,-10.0,5,100.0,5,Expert,0.05,0.05,1,976,91,0.0,0.0,0,0,2
No Tactical,4,487,train,strong,player_win,-10.0,5,100.0,5,Expert,0.05,0.05,1,978,91,0.0,0.0,0,0,2
No Tactical,4,488,train,strong,player_win,-10.0,5,100.0,5,Expert,0.05,0.05,1,980,91,0.0,0.0,0,0,2
No Tactical,4,489,train,strong,player_win,-10.0,5,100.0,5,Expert,0.05,0.05,1,982,91,0.0,0.0,0,0,2
No Tactical,4,490,train,strong,player_win,-10.0,5,100.0,5,Expert,0.05,0.05,1,984,91,0.0,0.0,0,0,2
No Tactical,4,491,train,strong,player_win,-10.0,5,100.0,5,Expert,0.05,0.05,1,986,91,0.0,0.0,0,0,2
No Tactical,4,492,train,strong,player_win,-10.0,5,100.0,5,Expert,0.05,0.05,1,988,91,0.0,0.0,0,0,2
No Tactical,4,493,train,strong,player_win,-10.0,5,100.0,5,Expert,0.05,0.05,1,990,91,0.0,0.0,0,0,2
No Tactical,4,494,train,strong,player_win,-10.0,5,100.0,5,Expert,0.05,0.05,1,992,91,0.0,0.0,0,0,2
No Tactical,4,495,train,strong,player_win,-10.0,7,100.0,5,Expert,0.05,0.05,1,995,92,0.0,0.0,0,2,1
No Tactical,4,496,train,strong,player_win,-10.0,5,100.0,5,Expert,0.05,0.05,1,997,92,0.0,0.0,0,0,2
No Tactical,4,497,train,strong,player_win,-10.0,5,100.0,5,Expert,0.05,0.05,1,999,92,0.0,0.0,0,0,2
No Tactical,4,498,train,strong,player_win,-10.0,5,100.0,5,Expert,0.05,0.05,1,1001,92,0.0,0.0,0,0,2
No Tactical,4,499,train,strong,player_win,-10.0,5,100.0,5,Expert,0.05,0.05,1,1003,92,0.0,0.0,0,0,2
No Tactical,4,500,train,strong,player_win,-10.0,5,100.0,5,Expert,0.05,0.05,1,1005,92,0.0,0.0,0,0,2
No Tactical,4,501,train,strong,player_win,-10.0,5,100.0,5,Expert,0.05,0.05,1,1007,92,0.0,0.0,0,0,2
No Tactical,4,502,train,strong,player_win,-10.0,5,100.0,5,Expert,0.05,0.05,1,1009,92,0.0,0.0,0,0,2
No Tactical,4,503,train,strong,player_win,-10.0,5,100.0,5,Expert,0.05,0.05,1,1011,92,0.0,0.0,0,0,2
No Tactical,4,504,train,strong,player_win,-10.0,5,100.0,5,Expert,0.05,0.05,1,1013,92,0.0,0.0,0,0,2
No Tactical,4,505,train,strong,player_win,-10.0,5,100.0,5,Expert,0.05,0.05,1,1015,92,0.0,0.0,0,0,2
No Tactical,4,506,train,strong,player_win,-10.0,5,100.0,5,Expert,0.05,0.05,1,1017,92,0.0,0.0,0,0,2
No Tactical,4,507,train,strong,player_win,-10.0,5,100.0,5,Expert,0.05,0.05,1,1019,92,0.0,0.0,0,1,1
No Tactical,4,508,train,strong,player_win,-10.0,5,100.0,5,Expert,0.05,0.05,1,1021,92,0.0,0.0,0,0,2
No Tactical,4,509,train,strong,player_win,-10.0,5,100.0,5,Expert,0.05,0.05,1,1023,92,0.0,0.0,0,0,2
No Tactical,4,510,train,strong,player_win,-10.0,5,100.0,5,Expert,0.05,0.05,1,1025,92,0.0,0.0,0,0,2
No Tactical,4,511,train,strong,player_win,-10.0,5,100.0,5,Expert,0.05,0.05,1,1027,92,0.0,0.0,0,0,2
No Tactical,4,512,train,strong,player_win,-10.0,5,100.0,5,Expert,0.05,0.05,1,1029,92,0.0,0.0,0,0,2
No Tactical,4,513,train,strong,player_win,-10.0,5,100.0,5,Expert,0.05,0.05,1,1031,92,0.0,0.0,0,0,2
No Tactical,4,514,train,strong,player_win,-10.0,5,100.0,5,Expert,0.05,0.05,1,1033,92,0.0,0.0,0,0,2
No Tactical,4,515,train,strong,player_win,-10.0,5,100.0,5,Expert,0.05,0.05,1,1035,92,0.0,0.0,0,0,2
No Tactical,4,516,train,strong,player_win,-10.0,7,100.0,5,Expert,0.05,0.05,1,1038,93,0.0,0.0,0,0,3
No Tactical,4,517,train,strong,player_win,-10.0,5,100.0,5,Expert,0.05,0.05,1,1040,93,0.0,0.0,0,0,2
No Tactical,4,518,train,strong,player_win,-10.0,5,100.0,5,Expert,0.05,0.05,1,1042,93,0.0,0.0,0,0,2
No Tactical,4,519,train,strong,player_win,-10.0,5,100.0,5,Expert,0.05,0.05,1,1044,93,0.0,0.0,0,0,2
No Tactical,4,520,train,strong,player_win,-10.0,5,100.0,5,Expert,0.05,0.05,1,1046,93,0.0,0.0,0,0,2
No Tactical,4,521,train,strong,player_win,-10.0,5,100.0,5,Expert,0.05,0.05,1,1048,93,0.0,0.0,0,0,2
No Tactical,4,522,train,strong,player_win,-10.0,5,100.0,5,Expert,0.05,0.05,1,1050,93,0.0,0.0,0,0,2
No Tactical,4,523,train,strong,player_win,-10.0,5,100.0,5,Expert,0.05,0.05,1,1052,93,0.0,0.0,0,0,2
No Tactical,4,524,train,strong,player_win,-10.0,5,100.0,5,Expert,0.05,0.05,1,1054,93,0.0,0.0,0,0,2
No Tactical,4,525,train,strong,player_win,-10.0,5,100.0,5,Expert,0.05,0.05,1,1056,93,0.0,0.0,0,0,2
No Tactical,4,526,train,strong,player_win,-10.0,5,100.0,5,Expert,0.05,0.05,1,1058,93,0.0,0.0,0,0,2
No Tactical,4,527,train,strong,player_win,-10.0,5,100.0,5,Expert,0.05,0.05,1,1060,93,0.0,0.0,0,0,2
No Tactical,4,528,train,strong,player_win,-10.0,5,100.0,5,Expert,0.05,0.05,1,1062,93,0.0,0.0,0,0,2
No Tactical,4,529,train,strong,player_win,-10.0,5,100.0,5,Expert,0.05,0.05,1,1064,93,0.0,0.0,0,0,2
No Tactical,4,530,train,strong,player_win,-10.0,5,100.0,5,Expert,0.05,0.05,1,1066,93,0.0,0.0,0,0,2
No Tactical,4,531,train,strong,player_win,-10.0,5,100.0,5,Expert,0.05,0.05,1,1068,93,0.0,0.0,0,0,2
No Tactical,4,532,train,strong,player_win,-10.0,5,100.0,5,Expert,0.05,0.05,1,1070,93,0.0,0.0,0,0,2
No Tactical,4,533,train,strong,player_win,-10.0,5,100.0,5,Expert,0.05,0.05,1,1072,93,0.0,0.0,0,0,2
No Tactical,4,534,train,strong,player_win,-10.0,5,100.0,5,Expert,0.05,0.05,1,1074,93,0.0,0.0,0,0,2
No Tactical,4,535,train,strong,player_win,-10.0,5,100.0,5,Expert,0.05,0.05,1,1076,93,0.0,0.0,0,0,2
No Tactical,4,536,train,strong,player_win,-10.0,5,100.0,5,Expert,0.05,0.05,1,1078,93,0.0,0.0,0,0,2
No Tactical,4,537,train,strong,player_win,-10.0,5,100.0,5,Expert,0.05,0.05,1,1080,93,0.0,0.0,0,0,2
No Tactical,4,538,train,strong,player_win,-10.0,5,100.0,5,Expert,0.05,0.05,1,1082,93,0.0,0.0,0,0,2
No Tactical,4,539,train,strong,player_win,-10.0,5,100.0,5,Expert,0.05,0.05,1,1084,93,0.0,0.0,0,0,2
No Tactical,4,540,train,strong,player_win,-10.0,5,100.0,5,Expert,0.05,0.05,1,1086,93,0.0,0.0,0,0,2
No Tactical,4,541,train,strong,player_win,-10.0,5,100.0,5,Expert,0.05,0.05,1,1088,93,0.0,0.0,0,0,2
No Tactical,4,542,train,strong,player_win,-10.0,5,100.0,5,Expert,0.05,0.05,1,1090,93,0.0,0.0,0,0,2
No Tactical,4,543,train,strong,player_win,-10.0,5,100.0,5,Expert,0.05,0.05,1,1092,93,0.0,0.0,0,0,2
No Tactical,4,544,train,strong,player_win,-10.0,5,100.0,5,Expert,0.05,0.05,1,1094,93,0.0,0.0,0,0,2
No Tactical,4,545,train,strong,player_win,-10.0,5,100.0,5,Expert,0.05,0.05,1,1096,93,0.0,0.0,0,0,2
No Tactical,4,546,train,strong,player_win,-10.0,5,100.0,5,Expert,0.05,0.05,1,1098,93,0.0,0.0,0,0,2
No Tactical,4,547,train,strong,player_win,-10.0,5,100.0,5,Expert,0.05,0.05,1,1100,93,0.0,0.0,0,0,2
No Tactical,4,548,train,strong,player_win,-10.0,5,100.0,5,Expert,0.05,0.05,1,1102,93,0.0,0.0,0,1,1
No Tactical,4,549,train,strong,player_win,-10.0,5,100.0,5,Expert,0.05,0.05,1,1104,93,0.0,0.0,0,0,2
No Tactical,4,550,train,strong,player_win,-10.0,5,100.0,5,Expert,0.05,0.05,1,1106,93,0.0,0.0,0,0,2
No Tactical,4,551,train,strong,player_win,-10.0,5,100.0,5,Expert,0.05,0.05,1,1108,93,0.0,0.0,0,0,2
No Tactical,4,552,train,strong,player_win,-10.0,5,100.0,5,Expert,0.05,0.05,1,1110,93,0.0,0.0,0,1,1
No Tactical,4,553,train,strong,player_win,-10.0,5,100.0,5,Expert,0.05,0.05,1,1112,93,0.0,0.0,0,0,2
No Tactical,4,554,train,strong,player_win,-10.0,5,100.0,5,Expert,0.05,0.05,1,1114,93,0.0,0.0,0,0,2
No Tactical,4,555,train,strong,player_win,-10.0,5,100.0,5,Expert,0.05,0.05,1,1116,93,0.0,0.0,0,0,2
No Tactical,4,556,train,strong,player_win,-10.0,5,100.0,5,Expert,0.05,0.05,1,1118,93,0.0,0.0,0,1,1
No Tactical,4,557,train,strong,player_win,-10.0,5,100.0,5,Expert,0.05,0.05,1,1120,93,0.0,0.0,0,0,2
No Tactical,4,558,train,strong,player_win,-10.0,5,100.0,5,Expert,0.05,0.05,1,1122,93,0.0,0.0,0,0,2
No Tactical,4,559,train,strong,player_win,-10.0,5,100.0,5,Expert,0.05,0.05,1,1124,93,0.0,0.0,0,0,2
No Tactical,4,560,train,strong,player_win,-10.0,5,100.0,5,Expert,0.05,0.05,1,1126,93,0.0,0.0,0,0,2
No Tactical,4,561,train,strong,player_win,-10.0,5,100.0,5,Expert,0.05,0.05,1,1128,93,0.0,0.0,0,0,2
No Tactical,4,562,train,strong,player_win,-10.0,5,100.0,5,Expert,0.05,0.05,1,1130,93,0.0,0.0,0,0,2
No Tactical,4,563,train,strong,player_win,-10.0,5,100.0,5,Expert,0.05,0.05,1,1132,93,0.0,0.0,0,0,2
No Tactical,4,564,train,strong,player_win,-10.0,5,100.0,5,Expert,0.05,0.05,1,1134,93,0.0,0.0,0,0,2
No Tactical,4,565,train,strong,player_win,-10.0,5,100.0,5,Expert,0.05,0.05,1,1136,93,0.0,0.0,0,0,2
No Tactical,4,566,train,strong,player_win,-10.0,5,100.0,5,Expert,0.05,0.05,1,1138,93,0.0,0.0,0,0,2
No Tactical,4,567,train,strong,player_win,-10.0,5,100.0,5,Expert,0.05,0.05,1,1140,93,0.0,0.0,0,0,2
No Tactical,4,568,train,strong,player_win,-10.0,5,100.0,5,Expert,0.05,0.05,1,1142,93,0.0,0.0,0,0,2
No Tactical,4,569,train,strong,player_win,-10.0,5,100.0,5,Expert,0.05,0.05,1,1144,93,0.0,0.0,0,0,2
No Tactical,4,570,train,strong,player_win,-10.0,5,100.0,5,Expert,0.05,0.05,1,1146,93,0.0,0.0,0,0,2
No Tactical,4,571,train,strong,player_win,-10.0,5,100.0,5,Expert,0.05,0.05,1,1148,93,0.0,0.0,0,0,2
No Tactical,4,572,train,strong,player_win,-10.0,5,100.0,5,Expert,0.05,0.05,1,1150,93,0.0,0.0,0,0,2
No Tactical,4,573,train,strong,player_win,-10.0,5,100.0,5,Expert,0.05,0.05,1,1152,93,0.0,0.0,0,0,2
No Tactical,4,574,train,strong,player_win,-10.0,5,100.0,5,Expert,0.05,0.05,1,1154,93,0.0,0.0,0,0,2
No Tactical,4,575,train,strong,player_win,-10.0,5,100.0,5,Expert,0.05,0.05,1,1156,93,0.0,0.0,0,0,2
No Tactical,4,576,train,strong,player_win,-10.0,5,100.0,5,Expert,0.05,0.05,1,1158,93,0.0,0.0,0,0,2
No Tactical,4,577,train,strong,player_win,-10.0,5,100.0,5,Expert,0.05,0.05,1,1160,93,0.0,0.0,0,0,2
No Tactical,4,578,train,strong,player_win,-10.0,5,100.0,5,Expert,0.05,0.05,1,1162,93,0.0,0.0,0,0,2
No Tactical,4,579,train,strong,player_win,-10.0,5,100.0,5,Expert,0.05,0.05,1,1164,93,0.0,0.0,0,0,2
No Tactical,4,580,train,strong,player_win,-10.0,5,100.0,5,Expert,0.05,0.05,1,1166,93,0.0,0.0,0,1,1
No Tactical,4,581,train,strong,player_win,-10.0,5,100.0,5,Expert,0.05,0.05,1,1168,93,0.0,0.0,0,0,2
No Tactical,4,582,train,strong,player_win,-10.0,5,100.0,5,Expert,0.05,0.05,1,1170,93,0.0,0.0,0,0,2
No Tactical,4,583,train,strong,player_win,-10.0,5,100.0,5,Expert,0.05,0.05,1,1172,93,0.0,0.0,0,0,2
No Tactical,4,584,train,strong,player_win,-10.0,5,100.0,5,Expert,0.05,0.05,1,1174,93,0.0,0.0,0,0,2
No Tactical,4,585,train,strong,player_win,-10.0,5,100.0,5,Expert,0.05,0.05,1,1176,93,0.0,0.0,0,1,1
No Tactical,4,586,train,strong,player_win,-10.0,5,100.0,5,Expert,0.05,0.05,1,1178,93,0.0,0.0,0,0,2
No Tactical,4,587,train,strong,player_win,-10.0,5,100.0,5,Expert,0.05,0.05,1,1180,93,0.0,0.0,0,0,2
No Tactical,4,588,train,strong,player_win,-10.0,5,100.0,5,Expert,0.05,0.05,1,1182,93,0.0,0.0,0,0,2
No Tactical,4,589,train,strong,player_win,-10.0,5,100.0,5,Expert,0.05,0.05,1,1184,93,0.0,0.0,0,0,2
No Tactical,4,590,train,strong,player_win,-10.0,5,100.0,5,Expert,0.05,0.05,1,1186,93,0.0,0.0,0,0,2
No Tactical,4,591,train,strong,player_win,-10.0,5,100.0,5,Expert,0.05,0.05,1,1188,93,0.0,0.0,0,0,2
No Tactical,4,592,train,strong,player_win,-10.0,5,100.0,5,Expert,0.05,0.05,1,1190,93,0.0,0.0,0,0,2
No Tactical,4,593,train,strong,player_win,-10.0,5,100.0,5,Expert,0.05,0.05,1,1192,93,0.0,0.0,0,0,2
No Tactical,4,594,train,strong,player_win,-10.0,5,100.0,5,Expert,0.05,0.05,1,1194,93,0.0,0.0,0,1,1
No Tactical,4,595,train,strong,player_win,-10.0,5,100.0,5,Expert,0.05,0.05,1,1196,93,0.0,0.0,0,0,2
No Tactical,4,596,train,strong,player_win,-10.0,5,100.0,5,Expert,0.05,0.05,1,1198,93,0.0,0.0,0,1,1
No Tactical,4,597,train,strong,player_win,-10.0,5,100.0,5,Expert,0.05,0.05,1,1200,93,0.0,0.0,0,0,2
No Tactical,4,598,train,strong,player_win,-10.0,5,100.0,5,Expert,0.05,0.05,1,1202,93,0.0,0.0,0,1,1
No Tactical,4,599,train,strong,player_win,-10.0,5,100.0,5,Expert,0.05,0.05,1,1204,93,0.0,0.0,0,0,2
No Tactical,4,600,train,strong,player_win,-10.0,5,100.0,5,Expert,0.05,0.05,1,1206,93,0.0,0.0,0,0,2
No Tactical,4,601,train,strong,player_win,-10.0,5,100.0,5,Expert,0.05,0.05,1,1208,93,0.0,0.0,0,0,2
No Tactical,4,602,train,strong,player_win,-10.0,5,100.0,5,Expert,0.05,0.05,1,1210,93,0.0,0.0,0,0,2
No Tactical,4,603,train,strong,player_win,-10.0,5,100.0,5,Expert,0.05,0.05,1,1212,93,0.0,0.0,0,0,2
No Tactical,4,604,train,strong,player_win,-10.0,5,100.0,5,Expert,0.05,0.05,1,1214,93,0.0,0.0,0,1,1
No Tactical,4,605,train,strong,player_win,-10.0,5,100.0,5,Expert,0.05,0.05,1,1216,93,0.0,0.0,0,0,2
No Tactical,4,606,train,strong,player_win,-10.0,5,100.0,5,Expert,0.05,0.05,1,1218,93,0.0,0.0,0,0,2
No Tactical,4,607,train,strong,player_win,-10.0,5,100.0,5,Expert,0.05,0.05,1,1220,93,0.0,0.0,0,0,2
No Tactical,4,608,train,strong,player_win,-10.0,5,100.0,5,Expert,0.05,0.05,1,1222,93,0.0,0.0,0,1,1
No Tactical,4,609,train,strong,player_win,-10.0,5,100.0,5,Expert,0.05,0.05,1,1224,93,0.0,0.0,0,0,2
No Tactical,4,610,train,strong,player_win,-10.0,5,100.0,5,Expert,0.05,0.05,1,1226,93,0.0,0.0,0,1,1
No Tactical,4,611,train,strong,player_win,-10.0,5,100.0,5,Expert,0.05,0.05,1,1228,93,0.0,0.0,0,0,2
No Tactical,4,612,train,strong,player_win,-10.0,5,100.0,5,Expert,0.05,0.05,1,1230,93,0.0,0.0,0,0,2
No Tactical,4,613,train,strong,player_win,-10.0,5,100.0,5,Expert,0.05,0.05,1,1232,93,0.0,0.0,0,0,2
No Tactical,4,614,train,strong,player_win,-10.0,7,100.0,5,Expert,0.05,0.05,1,1235,93,0.0,0.0,0,1,2
No Tactical,4,615,train,strong,player_win,-10.0,5,100.0,5,Expert,0.05,0.05,1,1237,93,0.0,0.0,0,0,2
No Tactical,4,616,train,strong,player_win,-10.0,5,100.0,5,Expert,0.05,0.05,1,1239,93,0.0,0.0,0,0,2
No Tactical,4,617,train,strong,player_win,-10.0,5,100.0,5,Expert,0.05,0.05,1,1241,93,0.0,0.0,0,0,2
No Tactical,4,618,train,strong,player_win,-10.0,5,100.0,5,Expert,0.05,0.05,1,1243,93,0.0,0.0,0,1,1
No Tactical,4,619,train,strong,player_win,-10.0,5,100.0,5,Expert,0.05,0.05,1,1245,93,0.0,0.0,0,0,2
No Tactical,4,620,train,strong,player_win,-10.0,5,100.0,5,Expert,0.05,0.05,1,1247,93,0.0,0.0,0,0,2
No Tactical,4,621,train,strong,player_win,-10.0,5,100.0,5,Expert,0.05,0.05,1,1249,93,0.0,0.0,0,0,2
No Tactical,4,622,train,strong,player_win,-10.0,5,100.0,5,Expert,0.05,0.05,1,1251,93,0.0,0.0,0,0,2
No Tactical,4,623,train,strong,player_win,-10.0,5,100.0,5,Expert,0.05,0.05,1,1253,93,0.0,0.0,0,0,2
No Tactical,4,624,train,strong,player_win,-10.0,5,100.0,5,Expert,0.05,0.05,1,1255,93,0.0,0.0,0,0,2
No Tactical,4,625,train,strong,player_win,-10.0,5,100.0,5,Expert,0.05,0.05,1,1257,93,0.0,0.0,0,0,2
No Tactical,4,626,train,strong,player_win,-10.0,5,100.0,5,Expert,0.05,0.05,1,1259,93,0.0,0.0,0,0,2
No Tactical,4,627,train,strong,player_win,-10.0,5,100.0,5,Expert,0.05,0.05,1,1261,93,0.0,0.0,0,0,2
No Tactical,4,628,train,strong,player_win,-10.0,5,100.0,5,Expert,0.05,0.05,1,1263,93,0.0,0.0,0,0,2
No Tactical,4,629,train,strong,player_win,-10.0,5,100.0,5,Expert,0.05,0.05,1,1265,93,0.0,0.0,0,0,2
No Tactical,4,630,train,strong,player_win,-10.0,5,100.0,5,Expert,0.05,0.05,1,1267,93,0.0,0.0,0,0,2
No Tactical,4,631,train,strong,player_win,-10.0,5,100.0,5,Expert,0.05,0.05,1,1269,93,0.0,0.0,0,0,2
No Tactical,4,632,train,strong,player_win,-10.0,5,100.0,5,Expert,0.05,0.05,1,1271,93,0.0,0.0,0,0,2
No Tactical,4,633,train,strong,player_win,-10.0,5,100.0,5,Expert,0.05,0.05,1,1273,93,0.0,0.0,0,1,1
No Tactical,4,634,train,strong,player_win,-10.0,5,100.0,5,Expert,0.05,0.05,1,1275,93,0.0,0.0,0,0,2
No Tactical,4,635,train,strong,player_win,-10.0,5,100.0,5,Expert,0.05,0.05,1,1277,93,0.0,0.0,0,0,2
No Tactical,4,636,train,strong,player_win,-10.0,5,100.0,5,Expert,0.05,0.05,1,1279,93,0.0,0.0,0,0,2
No Tactical,4,637,train,strong,player_win,-10.0,5,100.0,5,Expert,0.05,0.05,1,1281,93,0.0,0.0,0,0,2
No Tactical,4,638,train,strong,player_win,-10.0,5,100.0,5,Expert,0.05,0.05,1,1283,93,0.0,0.0,0,0,2
No Tactical,4,639,train,strong,player_win,-10.0,5,100.0,5,Expert,0.05,0.05,1,1285,93,0.0,0.0,0,1,1
No Tactical,4,640,train,strong,player_win,-10.0,5,100.0,5,Expert,0.05,0.05,1,1287,93,0.0,0.0,0,0,2
No Tactical,4,641,train,strong,player_win,-10.0,5,100.0,5,Expert,0.05,0.05,1,1289,93,0.0,0.0,0,0,2
No Tactical,4,642,train,strong,player_win,-10.0,7,100.0,5,Expert,0.05,0.05,1,1292,93,0.0,0.0,0,0,3
No Tactical,4,643,train,strong,player_win,-10.0,5,100.0,5,Expert,0.05,0.05,1,1294,93,0.0,0.0,0,0,2
No Tactical,4,644,train,strong,player_win,-10.0,5,100.0,5,Expert,0.05,0.05,1,1296,93,0.0,0.0,0,1,1
No Tactical,4,645,train,strong,player_win,-10.0,5,100.0,5,Expert,0.05,0.05,1,1298,93,0.0,0.0,0,0,2
No Tactical,4,646,train,strong,player_win,-10.0,5,100.0,5,Expert,0.05,0.05,1,1300,93,0.0,0.0,0,0,2
No Tactical,4,647,train,strong,player_win,-10.0,5,100.0,5,Expert,0.05,0.05,1,1302,93,0.0,0.0,0,0,2
No Tactical,4,648,train,strong,player_win,-10.0,5,100.0,5,Expert,0.05,0.05,1,1304,93,0.0,0.0,0,0,2
No Tactical,4,649,train,strong,player_win,-10.0,5,100.0,5,Expert,0.05,0.05,1,1306,93,0.0,0.0,0,1,1
No Tactical,4,650,train,strong,player_win,-10.0,5,100.0,5,Expert,0.05,0.05,1,1308,93,0.0,0.0,0,0,2
No Tactical,4,651,train,strong,player_win,-10.0,5,100.0,5,Expert,0.05,0.05,1,1310,93,0.0,0.0,0,1,1
No Tactical,4,652,train,strong,player_win,-10.0,5,100.0,5,Expert,0.05,0.05,1,1312,93,0.0,0.0,0,0,2
No Tactical,4,653,train,strong,player_win,-10.0,5,100.0,5,Expert,0.05,0.05,1,1314,93,0.0,0.0,0,1,1
No Tactical,4,654,train,strong,player_win,-10.0,5,100.0,5,Expert,0.05,0.05,1,1316,93,0.0,0.0,0,0,2
No Tactical,4,655,train,strong,player_win,-10.0,5,100.0,5,Expert,0.05,0.05,1,1318,93,0.0,0.0,0,0,2
No Tactical,4,656,train,strong,player_win,-10.0,5,100.0,5,Expert,0.05,0.05,1,1320,93,0.0,0.0,0,0,2
No Tactical,4,657,train,strong,player_win,-10.0,5,100.0,5,Expert,0.05,0.05,1,1322,93,0.0,0.0,0,0,2
No Tactical,4,658,train,strong,player_win,-10.0,5,100.0,5,Expert,0.05,0.05,1,1324,93,0.0,0.0,0,0,2
No Tactical,4,659,train,strong,player_win,-10.0,5,100.0,5,Expert,0.05,0.05,1,1326,93,0.0,0.0,0,0,2
No Tactical,4,660,train,strong,player_win,-10.0,5,100.0,5,Expert,0.05,0.05,1,1328,93,0.0,0.0,0,0,2
No Tactical,4,661,train,strong,player_win,-10.0,5,100.0,5,Expert,0.05,0.05,1,1330,93,0.0,0.0,0,0,2
No Tactical,4,662,train,strong,player_win,-10.0,7,100.0,5,Expert,0.05,0.05,1,1333,93,0.0,0.0,0,0,3
No Tactical,4,663,train,strong,player_win,-10.0,5,100.0,5,Expert,0.05,0.05,1,1335,93,0.0,0.0,0,0,2
No Tactical,4,664,train,strong,player_win,-10.0,5,100.0,5,Expert,0.05,0.05,1,1337,93,0.0,0.0,0,0,2
No Tactical,4,665,train,strong,player_win,-10.0,5,100.0,5,Expert,0.05,0.05,1,1339,93,0.0,0.0,0,1,1
No Tactical,4,666,train,strong,player_win,-10.0,5,100.0,5,Expert,0.05,0.05,1,1341,93,0.0,0.0,0,0,2
No Tactical,4,667,train,strong,player_win,-10.0,5,100.0,5,Expert,0.05,0.05,1,1343,93,0.0,0.0,0,0,2
No Tactical,4,668,train,strong,player_win,-10.0,5,100.0,5,Expert,0.05,0.05,1,1345,93,0.0,0.0,0,0,2
No Tactical,4,669,train,strong,player_win,-10.0,5,100.0,5,Expert,0.05,0.05,1,1347,93,0.0,0.0,0,0,2
No Tactical,4,670,train,strong,player_win,-10.0,5,100.0,5,Expert,0.05,0.05,1,1349,93,0.0,0.0,0,0,2
No Tactical,4,671,train,strong,player_win,-10.0,5,100.0,5,Expert,0.05,0.05,1,1351,93,0.0,0.0,0,0,2
No Tactical,4,672,train,strong,player_win,-10.0,5,100.0,5,Expert,0.05,0.05,1,1353,93,0.0,0.0,0,0,2
No Tactical,4,673,train,strong,player_win,-10.0,5,100.0,5,Expert,0.05,0.05,1,1355,93,0.0,0.0,0,0,2
No Tactical,4,674,train,strong,player_win,-10.0,5,100.0,5,Expert,0.05,0.05,1,1357,93,0.0,0.0,0,0,2
No Tactical,4,675,train,strong,player_win,-10.0,5,100.0,5,Expert,0.05,0.05,1,1359,93,0.0,0.0,0,0,2
No Tactical,4,676,train,strong,player_win,-10.0,5,100.0,5,Expert,0.05,0.05,1,1361,93,0.0,0.0,0,0,2
No Tactical,4,677,train,strong,player_win,-10.0,5,100.0,5,Expert,0.05,0.05,1,1363,93,0.0,0.0,0,0,2
No Tactical,4,678,train,strong,player_win,-10.0,5,100.0,5,Expert,0.05,0.05,1,1365,93,0.0,0.0,0,0,2
No Tactical,4,679,train,strong,player_win,-10.0,5,100.0,5,Expert,0.05,0.05,1,1367,93,0.0,0.0,0,0,2
No Tactical,4,680,train,strong,player_win,-10.0,5,100.0,5,Expert,0.05,0.05,1,1369,93,0.0,0.0,0,0,2
No Tactical,4,681,train,strong,player_win,-10.0,5,100.0,5,Expert,0.05,0.05,1,1371,93,0.0,0.0,0,0,2
No Tactical,4,682,train,strong,player_win,-10.0,5,100.0,5,Expert,0.05,0.05,1,1373,93,0.0,0.0,0,0,2
No Tactical,4,683,train,strong,player_win,-10.0,5,100.0,5,Expert,0.05,0.05,1,1375,93,0.0,0.0,0,0,2
No Tactical,4,684,train,strong,player_win,-10.0,5,100.0,5,Expert,0.05,0.05,1,1377,93,0.0,0.0,0,0,2
No Tactical,4,685,train,strong,player_win,-10.0,5,100.0,5,Expert,0.05,0.05,1,1379,93,0.0,0.0,0,0,2
No Tactical,4,686,train,strong,player_win,-10.0,5,100.0,5,Expert,0.05,0.05,1,1381,93,0.0,0.0,0,0,2
No Tactical,4,687,train,strong,player_win,-10.0,5,100.0,5,Expert,0.05,0.05,1,1383,93,0.0,0.0,0,1,1
No Tactical,4,688,train,strong,player_win,-10.0,5,100.0,5,Expert,0.05,0.05,1,1385,93,0.0,0.0,0,0,2
No Tactical,4,689,train,strong,player_win,-10.0,5,100.0,5,Expert,0.05,0.05,1,1387,93,0.0,0.0,0,0,2
No Tactical,4,690,train,strong,player_win,-10.0,5,100.0,5,Expert,0.05,0.05,1,1389,93,0.0,0.0,0,0,2
No Tactical,4,691,train,strong,player_win,-10.0,5,100.0,5,Expert,0.05,0.05,1,1391,93,0.0,0.0,0,1,1
No Tactical,4,692,train,strong,player_win,-10.0,5,100.0,5,Expert,0.05,0.05,1,1393,93,0.0,0.0,0,0,2
No Tactical,4,693,train,strong,player_win,-10.0,5,100.0,5,Expert,0.05,0.05,1,1395,93,0.0,0.0,0,0,2
No Tactical,4,694,train,strong,player_win,-10.0,5,100.0,5,Expert,0.05,0.05,1,1397,93,0.0,0.0,0,0,2
No Tactical,4,695,train,strong,player_win,-10.0,5,100.0,5,Expert,0.05,0.05,1,1399,93,0.0,0.0,0,0,2
No Tactical,4,696,train,strong,player_win,-10.0,5,100.0,5,Expert,0.05,0.05,1,1401,93,0.0,0.0,0,1,1
No Tactical,4,697,train,strong,player_win,-10.0,5,100.0,5,Expert,0.05,0.05,1,1403,93,0.0,0.0,0,0,2
No Tactical,4,698,train,strong,player_win,-10.0,5,100.0,5,Expert,0.05,0.05,1,1405,93,0.0,0.0,0,0,2
No Tactical,4,699,train,strong,player_win,-10.0,5,100.0,5,Expert,0.05,0.05,1,1407,93,0.0,0.0,0,1,1
No Tactical,4,700,train,strong,player_win,-10.0,5,100.0,5,Expert,0.05,0.05,1,1409,93,0.0,0.0,0,0,2
No Tactical,4,701,train,strong,player_win,-10.0,5,100.0,5,Expert,0.05,0.05,1,1411,93,0.0,0.0,0,0,2
No Tactical,4,702,train,strong,player_win,-10.0,5,100.0,5,Expert,0.05,0.05,1,1413,93,0.0,0.0,0,0,2
No Tactical,4,703,train,strong,player_win,-10.0,5,100.0,5,Expert,0.05,0.05,1,1415,93,0.0,0.0,0,0,2
No Tactical,4,704,train,strong,player_win,-10.0,5,100.0,5,Expert,0.05,0.05,1,1417,93,0.0,0.0,0,0,2
No Tactical,4,705,train,strong,player_win,-10.0,5,100.0,5,Expert,0.05,0.05,1,1419,93,0.0,0.0,0,1,1
No Tactical,4,706,train,strong,player_win,-10.0,5,100.0,5,Expert,0.05,0.05,1,1421,93,0.0,0.0,0,0,2
No Tactical,4,707,train,strong,player_win,-10.0,5,100.0,5,Expert,0.05,0.05,1,1423,93,0.0,0.0,0,0,2
No Tactical,4,708,train,strong,player_win,-10.0,5,100.0,5,Expert,0.05,0.05,1,1425,93,0.0,0.0,0,0,2
No Tactical,4,709,train,strong,player_win,-10.0,5,100.0,5,Expert,0.05,0.05,1,1427,93,0.0,0.0,0,1,1
No Tactical,4,710,train,strong,player_win,-10.0,5,100.0,5,Expert,0.05,0.05,1,1429,93,0.0,0.0,0,1,1
No Tactical,4,711,train,strong,player_win,-10.0,5,100.0,5,Expert,0.05,0.05,1,1431,93,0.0,0.0,0,0,2
No Tactical,4,712,train,strong,player_win,-10.0,5,100.0,5,Expert,0.05,0.05,1,1433,93,0.0,0.0,0,0,2
No Tactical,4,713,train,strong,player_win,-10.0,5,100.0,5,Expert,0.05,0.05,1,1435,93,0.0,0.0,0,0,2
No Tactical,4,714,train,strong,player_win,-10.0,5,100.0,5,Expert,0.05,0.05,1,1437,93,0.0,0.0,0,0,2
No Tactical,4,715,train,strong,player_win,-10.0,5,100.0,5,Expert,0.05,0.05,1,1439,93,0.0,0.0,0,0,2
No Tactical,4,716,train,strong,player_win,-10.0,5,100.0,5,Expert,0.05,0.05,1,1441,93,0.0,0.0,0,0,2
No Tactical,4,717,train,strong,player_win,-10.0,5,100.0,5,Expert,0.05,0.05,1,1443,93,0.0,0.0,0,0,2
No Tactical,4,718,train,strong,player_win,-10.0,5,100.0,5,Expert,0.05,0.05,1,1445,93,0.0,0.0,0,0,2
No Tactical,4,719,train,strong,player_win,-10.0,5,100.0,5,Expert,0.05,0.05,1,1447,93,0.0,0.0,0,0,2
No Tactical,4,720,train,strong,player_win,-10.0,5,100.0,5,Expert,0.05,0.05,1,1449,93,0.0,0.0,0,0,2
No Tactical,4,721,train,strong,player_win,-10.0,5,100.0,5,Expert,0.05,0.05,1,1451,93,0.0,0.0,0,0,2
No Tactical,4,722,train,strong,player_win,-10.0,5,100.0,5,Expert,0.05,0.05,1,1453,93,0.0,0.0,0,0,2
No Tactical,4,723,train,strong,player_win,-10.0,5,100.0,5,Expert,0.05,0.05,1,1455,93,0.0,0.0,0,1,1
No Tactical,4,724,train,strong,player_win,-10.0,5,100.0,5,Expert,0.05,0.05,1,1457,93,0.0,0.0,0,0,2
No Tactical,4,725,train,strong,player_win,-10.0,5,100.0,5,Expert,0.05,0.05,1,1459,93,0.0,0.0,0,0,2
No Tactical,4,726,train,strong,player_win,-10.0,5,100.0,5,Expert,0.05,0.05,1,1461,93,0.0,0.0,0,0,2
No Tactical,4,727,train,strong,player_win,-10.0,5,100.0,5,Expert,0.05,0.05,1,1463,93,0.0,0.0,0,0,2
No Tactical,4,728,train,strong,player_win,-10.0,5,100.0,5,Expert,0.05,0.05,1,1465,93,0.0,0.0,0,0,2
No Tactical,4,729,train,strong,player_win,-10.0,5,100.0,5,Expert,0.05,0.05,1,1467,93,0.0,0.0,0,0,2
No Tactical,4,730,train,strong,player_win,-10.0,5,100.0,5,Expert,0.05,0.05,1,1469,93,0.0,0.0,0,0,2
No Tactical,4,731,train,strong,player_win,-10.0,5,100.0,5,Expert,0.05,0.05,1,1471,93,0.0,0.0,0,1,1
No Tactical,4,732,train,strong,player_win,-10.0,5,100.0,5,Expert,0.05,0.05,1,1473,93,0.0,0.0,0,0,2
No Tactical,4,733,train,strong,player_win,-10.0,5,100.0,5,Expert,0.05,0.05,1,1475,93,0.0,0.0,0,0,2
No Tactical,4,734,train,strong,player_win,-10.0,5,100.0,5,Expert,0.05,0.05,1,1477,93,0.0,0.0,0,0,2
No Tactical,4,735,train,strong,player_win,-10.0,5,100.0,5,Expert,0.05,0.05,1,1479,93,0.0,0.0,0,0,2
No Tactical,4,736,train,strong,player_win,-10.0,5,100.0,5,Expert,0.05,0.05,1,1481,93,0.0,0.0,0,0,2
No Tactical,4,737,train,strong,player_win,-10.0,5,100.0,5,Expert,0.05,0.05,1,1483,93,0.0,0.0,0,0,2
No Tactical,4,738,train,strong,player_win,-10.0,5,100.0,5,Expert,0.05,0.05,1,1485,93,0.0,0.0,0,0,2
No Tactical,4,739,train,strong,player_win,-10.0,5,100.0,5,Expert,0.05,0.05,1,1487,93,0.0,0.0,0,0,2
No Tactical,4,740,train,strong,player_win,-10.0,5,100.0,5,Expert,0.05,0.05,1,1489,93,0.0,0.0,0,0,2
No Tactical,4,741,train,strong,player_win,-10.0,5,100.0,5,Expert,0.05,0.05,1,1491,93,0.0,0.0,0,0,2
No Tactical,4,742,train,strong,player_win,-10.0,5,100.0,5,Expert,0.05,0.05,1,1493,93,0.0,0.0,0,0,2
No Tactical,4,743,train,strong,player_win,-10.0,5,100.0,5,Expert,0.05,0.05,1,1495,93,0.0,0.0,0,0,2
No Tactical,4,744,train,strong,player_win,-10.0,5,100.0,5,Expert,0.05,0.05,1,1497,93,0.0,0.0,0,0,2
No Tactical,4,745,train,strong,player_win,-10.0,5,100.0,5,Expert,0.05,0.05,1,1499,93,0.0,0.0,0,0,2
No Tactical,4,746,train,strong,player_win,-10.0,5,100.0,5,Expert,0.05,0.05,1,1501,93,0.0,0.0,0,0,2
No Tactical,4,747,train,strong,player_win,-10.0,5,100.0,5,Expert,0.05,0.05,1,1503,93,0.0,0.0,0,0,2
No Tactical,4,748,train,strong,player_win,-10.0,5,100.0,5,Expert,0.05,0.05,1,1505,93,0.0,0.0,0,0,2
No Tactical,4,749,train,strong,player_win,-10.0,5,100.0,5,Expert,0.05,0.05,1,1507,93,0.0,0.0,0,0,2
No Tactical,4,750,train,strong,player_win,-10.0,5,100.0,5,Expert,0.05,0.05,1,1509,93,0.0,0.0,0,0,2
No Tactical,4,751,train,strong,player_win,-10.0,5,100.0,5,Expert,0.05,0.05,1,1511,93,0.0,0.0,0,0,2
No Tactical,4,752,train,strong,player_win,-10.0,5,100.0,5,Expert,0.05,0.05,1,1513,93,0.0,0.0,0,0,2
No Tactical,4,753,train,strong,player_win,-10.0,5,100.0,5,Expert,0.05,0.05,1,1515,93,0.0,0.0,0,0,2
No Tactical,4,754,train,strong,player_win,-10.0,7,100.0,5,Expert,0.05,0.05,1,1518,93,0.0,0.0,0,1,2
No Tactical,4,755,train,strong,player_win,-10.0,5,100.0,5,Expert,0.05,0.05,1,1520,93,0.0,0.0,0,0,2
No Tactical,4,756,train,strong,player_win,-10.0,5,100.0,5,Expert,0.05,0.05,1,1522,93,0.0,0.0,0,0,2
No Tactical,4,757,train,strong,player_win,-10.0,5,100.0,5,Expert,0.05,0.05,1,1524,93,0.0,0.0,0,0,2
No Tactical,4,758,train,strong,player_win,-10.0,5,100.0,5,Expert,0.05,0.05,1,1526,93,0.0,0.0,0,0,2
No Tactical,4,759,train,strong,player_win,-10.0,5,100.0,5,Expert,0.05,0.05,1,1528,93,0.0,0.0,0,0,2
No Tactical,4,760,train,strong,player_win,-10.0,5,100.0,5,Expert,0.05,0.05,1,1530,93,0.0,0.0,0,0,2
No Tactical,4,761,train,strong,player_win,-10.0,5,100.0,5,Expert,0.05,0.05,1,1532,93,0.0,0.0,0,0,2
No Tactical,4,762,train,strong,player_win,-10.0,5,100.0,5,Expert,0.05,0.05,1,1534,93,0.0,0.0,0,0,2
No Tactical,4,763,train,strong,player_win,-10.0,5,100.0,5,Expert,0.05,0.05,1,1536,93,0.0,0.0,0,0,2
No Tactical,4,764,train,strong,player_win,-10.0,5,100.0,5,Expert,0.05,0.05,1,1538,93,0.0,0.0,0,0,2
No Tactical,4,765,train,strong,player_win,-10.0,5,100.0,5,Expert,0.05,0.05,1,1540,93,0.0,0.0,0,0,2
No Tactical,4,766,train,strong,player_win,-10.0,5,100.0,5,Expert,0.05,0.05,1,1542,93,0.0,0.0,0,0,2
No Tactical,4,767,train,strong,player_win,-10.0,5,100.0,5,Expert,0.05,0.05,1,1544,93,0.0,0.0,0,0,2
No Tactical,4,768,train,strong,player_win,-10.0,5,100.0,5,Expert,0.05,0.05,1,1546,93,0.0,0.0,0,0,2
No Tactical,4,769,train,strong,player_win,-10.0,5,100.0,5,Expert,0.05,0.05,1,1548,93,0.0,0.0,0,0,2
No Tactical,4,770,train,strong,player_win,-10.0,5,100.0,5,Expert,0.05,0.05,1,1550,93,0.0,0.0,0,0,2
No Tactical,4,771,train,strong,player_win,-10.0,5,100.0,5,Expert,0.05,0.05,1,1552,93,0.0,0.0,0,0,2
No Tactical,4,772,train,strong,player_win,-10.0,5,100.0,5,Expert,0.05,0.05,1,1554,93,0.0,0.0,0,0,2
No Tactical,4,773,train,strong,player_win,-10.0,5,100.0,5,Expert,0.05,0.05,1,1556,93,0.0,0.0,0,0,2
No Tactical,4,774,train,strong,player_win,-10.0,5,100.0,5,Expert,0.05,0.05,1,1558,93,0.0,0.0,0,0,2
No Tactical,4,775,train,strong,player_win,-10.0,5,100.0,5,Expert,0.05,0.05,1,1560,93,0.0,0.0,0,0,2
No Tactical,4,776,train,strong,player_win,-10.0,5,100.0,5,Expert,0.05,0.05,1,1562,93,0.0,0.0,0,0,2
No Tactical,4,777,train,strong,player_win,-10.0,5,100.0,5,Expert,0.05,0.05,1,1564,93,0.0,0.0,0,0,2
No Tactical,4,778,train,strong,player_win,-10.0,5,100.0,5,Expert,0.05,0.05,1,1566,93,0.0,0.0,0,0,2
No Tactical,4,779,train,strong,player_win,-10.0,5,100.0,5,Expert,0.05,0.05,1,1568,93,0.0,0.0,0,0,2
No Tactical,4,780,train,strong,player_win,-10.0,5,100.0,5,Expert,0.05,0.05,1,1570,93,0.0,0.0,0,0,2
No Tactical,4,781,train,strong,player_win,-10.0,5,100.0,5,Expert,0.05,0.05,1,1572,93,0.0,0.0,0,0,2
No Tactical,4,782,train,strong,player_win,-10.0,5,100.0,5,Expert,0.05,0.05,1,1574,93,0.0,0.0,0,0,2
No Tactical,4,783,train,strong,player_win,-10.0,5,100.0,5,Expert,0.05,0.05,1,1576,93,0.0,0.0,0,1,1
No Tactical,4,784,train,strong,player_win,-10.0,5,100.0,5,Expert,0.05,0.05,1,1578,93,0.0,0.0,0,0,2
No Tactical,4,785,train,strong,player_win,-10.0,5,100.0,5,Expert,0.05,0.05,1,1580,93,0.0,0.0,0,0,2
No Tactical,4,786,train,strong,player_win,-10.0,5,100.0,5,Expert,0.05,0.05,1,1582,93,0.0,0.0,0,0,2
No Tactical,4,787,train,strong,player_win,-10.0,5,100.0,5,Expert,0.05,0.05,1,1584,93,0.0,0.0,0,0,2
No Tactical,4,788,train,strong,player_win,-10.0,5,100.0,5,Expert,0.05,0.05,1,1586,93,0.0,0.0,0,0,2
No Tactical,4,789,train,strong,player_win,-10.0,5,100.0,5,Expert,0.05,0.05,1,1588,93,0.0,0.0,0,0,2
No Tactical,4,790,train,strong,player_win,-10.0,5,100.0,5,Expert,0.05,0.05,1,1590,93,0.0,0.0,0,0,2
No Tactical,4,791,train,strong,player_win,-10.0,5,100.0,5,Expert,0.05,0.05,1,1592,93,0.0,0.0,0,0,2
No Tactical,4,792,train,strong,player_win,-10.0,5,100.0,5,Expert,0.05,0.05,1,1594,93,0.0,0.0,0,0,2
No Tactical,4,793,train,strong,player_win,-10.0,5,100.0,5,Expert,0.05,0.05,1,1596,93,0.0,0.0,0,0,2
No Tactical,4,794,train,strong,player_win,-10.0,5,100.0,5,Expert,0.05,0.05,1,1598,93,0.0,0.0,0,0,2
No Tactical,4,795,train,strong,player_win,-10.0,5,100.0,5,Expert,0.05,0.05,1,1600,93,0.0,0.0,0,0,2
No Tactical,4,796,train,strong,player_win,-10.0,5,100.0,5,Expert,0.05,0.05,1,1602,93,0.0,0.0,0,0,2
No Tactical,4,797,train,strong,player_win,-10.0,5,100.0,5,Expert,0.05,0.05,1,1604,93,0.0,0.0,0,0,2
No Tactical,4,798,train,strong,player_win,-10.0,5,100.0,5,Expert,0.05,0.05,1,1606,93,0.0,0.0,0,0,2
No Tactical,4,799,train,strong,player_win,-10.0,5,100.0,5,Expert,0.05,0.05,1,1608,93,0.0,0.0,0,0,2
No Tactical,4,800,train,strong,player_win,-10.0,5,100.0,5,Expert,0.05,0.05,1,1610,93,0.0,0.0,0,0,2
No Tactical,4,801,eval,strong,player_win,-10.0,5,100.0,5,Expert,0.05,0.0,0,1610,93,0.0,0.0,0,0,2
No Tactical,4,802,eval,strong,player_win,-10.0,5,100.0,5,Expert,0.05,0.0,0,1610,93,0.0,0.0,0,0,2
No Tactical,4,803,eval,strong,player_win,-10.0,5,100.0,5,Expert,0.05,0.0,0,1610,93,0.0,0.0,0,0,2
No Tactical,4,804,eval,strong,player_win,-10.0,5,100.0,5,Expert,0.05,0.0,0,1610,93,0.0,0.0,0,0,2
No Tactical,4,805,eval,strong,player_win,-10.0,5,100.0,5,Expert,0.05,0.0,0,1610,93,0.0,0.0,0,0,2
No Tactical,4,806,eval,strong,player_win,-10.0,5,100.0,5,Expert,0.05,0.0,0,1610,93,0.0,0.0,0,0,2
No Tactical,4,807,eval,strong,player_win,-10.0,5,100.0,5,Expert,0.05,0.0,0,1610,93,0.0,0.0,0,0,2
No Tactical,4,808,eval,strong,player_win,-10.0,5,100.0,5,Expert,0.05,0.0,0,1610,93,0.0,0.0,0,0,2
No Tactical,4,809,eval,strong,player_win,-10.0,5,100.0,5,Expert,0.05,0.0,0,1610,93,0.0,0.0,0,0,2
No Tactical,4,810,eval,strong,player_win,-10.0,5,100.0,5,Expert,0.05,0.0,0,1610,93,0.0,0.0,0,0,2
No Tactical,4,811,eval,strong,player_win,-10.0,5,100.0,5,Expert,0.05,0.0,0,1610,93,0.0,0.0,0,0,2
No Tactical,4,812,eval,strong,player_win,-10.0,5,100.0,5,Expert,0.05,0.0,0,1610,93,0.0,0.0,0,0,2
No Tactical,4,813,eval,strong,player_win,-10.0,5,100.0,5,Expert,0.05,0.0,0,1610,93,0.0,0.0,0,0,2
No Tactical,4,814,eval,strong,player_win,-10.0,5,100.0,5,Expert,0.05,0.0,0,1610,93,0.0,0.0,0,0,2
No Tactical,4,815,eval,strong,player_win,-10.0,5,100.0,5,Expert,0.05,0.0,0,1610,93,0.0,0.0,0,0,2
No Tactical,4,816,eval,strong,player_win,-10.0,5,100.0,5,Expert,0.05,0.0,0,1610,93,0.0,0.0,0,0,2
No Tactical,4,817,eval,strong,player_win,-10.0,5,100.0,5,Expert,0.05,0.0,0,1610,93,0.0,0.0,0,0,2
No Tactical,4,818,eval,strong,player_win,-10.0,5,100.0,5,Expert,0.05,0.0,0,1610,93,0.0,0.0,0,0,2
No Tactical,4,819,eval,strong,player_win,-10.0,5,100.0,5,Expert,0.05,0.0,0,1610,93,0.0,0.0,0,0,2
No Tactical,4,820,eval,strong,player_win,-10.0,5,100.0,5,Expert,0.05,0.0,0,1610,93,0.0,0.0,0,0,2
No Tactical,4,821,eval,strong,player_win,-10.0,5,100.0,5,Expert,0.05,0.0,0,1610,93,0.0,0.0,0,0,2
No Tactical,4,822,eval,strong,player_win,-10.0,5,100.0,5,Expert,0.05,0.0,0,1610,93,0.0,0.0,0,0,2
No Tactical,4,823,eval,strong,player_win,-10.0,5,100.0,5,Expert,0.05,0.0,0,1610,93,0.0,0.0,0,0,2
No Tactical,4,824,eval,strong,player_win,-10.0,5,100.0,5,Expert,0.05,0.0,0,1610,93,0.0,0.0,0,0,2
No Tactical,4,825,eval,strong,player_win,-10.0,5,100.0,5,Expert,0.05,0.0,0,1610,93,0.0,0.0,0,0,2
No Tactical,4,826,eval,strong,player_win,-10.0,5,100.0,5,Expert,0.05,0.0,0,1610,93,0.0,0.0,0,0,2
No Tactical,4,827,eval,strong,player_win,-10.0,5,100.0,5,Expert,0.05,0.0,0,1610,93,0.0,0.0,0,0,2
No Tactical,4,828,eval,strong,player_win,-10.0,5,100.0,5,Expert,0.05,0.0,0,1610,93,0.0,0.0,0,0,2
No Tactical,4,829,eval,strong,player_win,-10.0,5,100.0,5,Expert,0.05,0.0,0,1610,93,0.0,0.0,0,0,2
No Tactical,4,830,eval,strong,player_win,-10.0,5,100.0,5,Expert,0.05,0.0,0,1610,93,0.0,0.0,0,0,2
No Tactical,4,831,eval,strong,player_win,-10.0,5,100.0,5,Expert,0.05,0.0,0,1610,93,0.0,0.0,0,0,2
No Tactical,4,832,eval,strong,player_win,-10.0,5,100.0,5,Expert,0.05,0.0,0,1610,93,0.0,0.0,0,0,2
No Tactical,4,833,eval,strong,player_win,-10.0,5,100.0,5,Expert,0.05,0.0,0,1610,93,0.0,0.0,0,0,2
No Tactical,4,834,eval,strong,player_win,-10.0,7,100.0,5,Expert,0.05,0.0,0,1610,93,0.0,0.0,0,0,3
No Tactical,4,835,eval,strong,player_win,-10.0,5,100.0,5,Expert,0.05,0.0,0,1610,93,0.0,0.0,0,0,2
No Tactical,4,836,eval,strong,player_win,-10.0,5,100.0,5,Expert,0.05,0.0,0,1610,93,0.0,0.0,0,0,2
No Tactical,4,837,eval,strong,player_win,-10.0,5,100.0,5,Expert,0.05,0.0,0,1610,93,0.0,0.0,0,0,2
No Tactical,4,838,eval,strong,player_win,-10.0,5,100.0,5,Expert,0.05,0.0,0,1610,93,0.0,0.0,0,0,2
No Tactical,4,839,eval,strong,player_win,-10.0,5,100.0,5,Expert,0.05,0.0,0,1610,93,0.0,0.0,0,0,2
No Tactical,4,840,eval,strong,player_win,-10.0,5,100.0,5,Expert,0.05,0.0,0,1610,93,0.0,0.0,0,0,2
No Tactical,4,841,eval,strong,player_win,-10.0,5,100.0,5,Expert,0.05,0.0,0,1610,93,0.0,0.0,0,0,2
No Tactical,4,842,eval,strong,player_win,-10.0,5,100.0,5,Expert,0.05,0.0,0,1610,93,0.0,0.0,0,0,2
No Tactical,4,843,eval,strong,player_win,-10.0,5,100.0,5,Expert,0.05,0.0,0,1610,93,0.0,0.0,0,0,2
No Tactical,4,844,eval,strong,player_win,-10.0,5,100.0,5,Expert,0.05,0.0,0,1610,93,0.0,0.0,0,0,2
No Tactical,4,845,eval,strong,player_win,-10.0,5,100.0,5,Expert,0.05,0.0,0,1610,93,0.0,0.0,0,0,2
No Tactical,4,846,eval,strong,player_win,-10.0,5,100.0,5,Expert,0.05,0.0,0,1610,93,0.0,0.0,0,0,2
No Tactical,4,847,eval,strong,player_win,-10.0,5,100.0,5,Expert,0.05,0.0,0,1610,93,0.0,0.0,0,0,2
No Tactical,4,848,eval,strong,player_win,-10.0,5,100.0,5,Expert,0.05,0.0,0,1610,93,0.0,0.0,0,0,2
No Tactical,4,849,eval,strong,player_win,-10.0,5,100.0,5,Expert,0.05,0.0,0,1610,93,0.0,0.0,0,0,2
No Tactical,4,850,eval,strong,player_win,-10.0,5,100.0,5,Expert,0.05,0.0,0,1610,93,0.0,0.0,0,0,2
No Tactical,4,851,eval,strong,player_win,-10.0,5,100.0,5,Expert,0.05,0.0,0,1610,93,0.0,0.0,0,0,2
No Tactical,4,852,eval,strong,player_win,-10.0,5,100.0,5,Expert,0.05,0.0,0,1610,93,0.0,0.0,0,0,2
No Tactical,4,853,eval,strong,player_win,-10.0,5,100.0,5,Expert,0.05,0.0,0,1610,93,0.0,0.0,0,0,2
No Tactical,4,854,eval,strong,player_win,-10.0,5,100.0,5,Expert,0.05,0.0,0,1610,93,0.0,0.0,0,0,2
No Tactical,4,855,eval,strong,player_win,-10.0,5,100.0,5,Expert,0.05,0.0,0,1610,93,0.0,0.0,0,0,2
No Tactical,4,856,eval,strong,player_win,-10.0,5,100.0,5,Expert,0.05,0.0,0,1610,93,0.0,0.0,0,0,2
No Tactical,4,857,eval,strong,player_win,-10.0,5,100.0,5,Expert,0.05,0.0,0,1610,93,0.0,0.0,0,0,2
No Tactical,4,858,eval,strong,player_win,-10.0,5,100.0,5,Expert,0.05,0.0,0,1610,93,0.0,0.0,0,0,2
No Tactical,4,859,eval,strong,player_win,-10.0,5,100.0,5,Expert,0.05,0.0,0,1610,93,0.0,0.0,0,0,2
No Tactical,4,860,eval,strong,player_win,-10.0,5,100.0,5,Expert,0.05,0.0,0,1610,93,0.0,0.0,0,0,2
No Tactical,4,861,eval,strong,player_win,-10.0,5,100.0,5,Expert,0.05,0.0,0,1610,93,0.0,0.0,0,0,2
No Tactical,4,862,eval,strong,player_win,-10.0,5,100.0,5,Expert,0.05,0.0,0,1610,93,0.0,0.0,0,0,2
No Tactical,4,863,eval,strong,player_win,-10.0,5,100.0,5,Expert,0.05,0.0,0,1610,93,0.0,0.0,0,0,2
No Tactical,4,864,eval,strong,player_win,-10.0,5,100.0,5,Expert,0.05,0.0,0,1610,93,0.0,0.0,0,0,2
No Tactical,4,865,eval,strong,player_win,-10.0,5,100.0,5,Expert,0.05,0.0,0,1610,93,0.0,0.0,0,0,2
No Tactical,4,866,eval,strong,player_win,-10.0,5,100.0,5,Expert,0.05,0.0,0,1610,93,0.0,0.0,0,0,2
No Tactical,4,867,eval,strong,player_win,-10.0,5,100.0,5,Expert,0.05,0.0,0,1610,93,0.0,0.0,0,0,2
No Tactical,4,868,eval,strong,player_win,-10.0,5,100.0,5,Expert,0.05,0.0,0,1610,93,0.0,0.0,0,0,2
No Tactical,4,869,eval,strong,player_win,-10.0,5,100.0,5,Expert,0.05,0.0,0,1610,93,0.0,0.0,0,0,2
No Tactical,4,870,eval,strong,player_win,-10.0,5,100.0,5,Expert,0.05,0.0,0,1610,93,0.0,0.0,0,0,2
No Tactical,4,871,eval,strong,player_win,-10.0,5,100.0,5,Expert,0.05,0.0,0,1610,93,0.0,0.0,0,0,2
No Tactical,4,872,eval,strong,player_win,-10.0,5,100.0,5,Expert,0.05,0.0,0,1610,93,0.0,0.0,0,0,2
No Tactical,4,873,eval,strong,player_win,-10.0,5,100.0,5,Expert,0.05,0.0,0,1610,93,0.0,0.0,0,0,2
No Tactical,4,874,eval,strong,player_win,-10.0,5,100.0,5,Expert,0.05,0.0,0,1610,93,0.0,0.0,0,0,2
No Tactical,4,875,eval,strong,player_win,-10.0,5,100.0,5,Expert,0.05,0.0,0,1610,93,0.0,0.0,0,0,2
No Tactical,4,876,eval,strong,player_win,-10.0,5,100.0,5,Expert,0.05,0.0,0,1610,93,0.0,0.0,0,0,2
No Tactical,4,877,eval,strong,player_win,-10.0,5,100.0,5,Expert,0.05,0.0,0,1610,93,0.0,0.0,0,0,2
No Tactical,4,878,eval,strong,player_win,-10.0,5,100.0,5,Expert,0.05,0.0,0,1610,93,0.0,0.0,0,0,2
No Tactical,4,879,eval,strong,player_win,-10.0,5,100.0,5,Expert,0.05,0.0,0,1610,93,0.0,0.0,0,0,2
No Tactical,4,880,eval,strong,player_win,-10.0,5,100.0,5,Expert,0.05,0.0,0,1610,93,0.0,0.0,0,0,2
No Tactical,4,881,eval,strong,player_win,-10.0,5,100.0,5,Expert,0.05,0.0,0,1610,93,0.0,0.0,0,0,2
No Tactical,4,882,eval,strong,player_win,-10.0,5,100.0,5,Expert,0.05,0.0,0,1610,93,0.0,0.0,0,0,2
No Tactical,4,883,eval,strong,player_win,-10.0,5,100.0,5,Expert,0.05,0.0,0,1610,93,0.0,0.0,0,0,2
No Tactical,4,884,eval,strong,player_win,-10.0,5,100.0,5,Expert,0.05,0.0,0,1610,93,0.0,0.0,0,0,2
No Tactical,4,885,eval,strong,player_win,-10.0,5,100.0,5,Expert,0.05,0.0,0,1610,93,0.0,0.0,0,0,2
No Tactical,4,886,eval,strong,player_win,-10.0,5,100.0,5,Expert,0.05,0.0,0,1610,93,0.0,0.0,0,0,2
No Tactical,4,887,eval,strong,player_win,-10.0,5,100.0,5,Expert,0.05,0.0,0,1610,93,0.0,0.0,0,0,2
No Tactical,4,888,eval,strong,player_win,-10.0,5,100.0,5,Expert,0.05,0.0,0,1610,93,0.0,0.0,0,0,2
No Tactical,4,889,eval,strong,player_win,-10.0,5,100.0,5,Expert,0.05,0.0,0,1610,93,0.0,0.0,0,0,2
No Tactical,4,890,eval,strong,player_win,-10.0,5,100.0,5,Expert,0.05,0.0,0,1610,93,0.0,0.0,0,0,2
No Tactical,4,891,eval,strong,player_win,-10.0,5,100.0,5,Expert,0.05,0.0,0,1610,93,0.0,0.0,0,0,2
No Tactical,4,892,eval,strong,player_win,-10.0,5,100.0,5,Expert,0.05,0.0,0,1610,93,0.0,0.0,0,0,2
No Tactical,4,893,eval,strong,player_win,-10.0,5,100.0,5,Expert,0.05,0.0,0,1610,93,0.0,0.0,0,0,2
No Tactical,4,894,eval,strong,player_win,-10.0,5,100.0,5,Expert,0.05,0.0,0,1610,93,0.0,0.0,0,0,2
No Tactical,4,895,eval,strong,player_win,-10.0,5,100.0,5,Expert,0.05,0.0,0,1610,93,0.0,0.0,0,0,2
No Tactical,4,896,eval,strong,player_win,-10.0,5,100.0,5,Expert,0.05,0.0,0,1610,93,0.0,0.0,0,0,2
No Tactical,4,897,eval,strong,player_win,-10.0,5,100.0,5,Expert,0.05,0.0,0,1610,93,0.0,0.0,0,0,2
No Tactical,4,898,eval,strong,player_win,-10.0,5,100.0,5,Expert,0.05,0.0,0,1610,93,0.0,0.0,0,0,2
No Tactical,4,899,eval,strong,player_win,-10.0,5,100.0,5,Expert,0.05,0.0,0,1610,93,0.0,0.0,0,0,2
No Tactical,4,900,eval,strong,player_win,-10.0,5,100.0,5,Expert,0.05,0.0,0,1610,93,0.0,0.0,0,0,2
No Tactical,4,901,eval,strong,player_win,-10.0,5,100.0,5,Expert,0.05,0.0,0,1610,93,0.0,0.0,0,0,2
No Tactical,4,902,eval,strong,player_win,-10.0,5,100.0,5,Expert,0.05,0.0,0,1610,93,0.0,0.0,0,0,2
No Tactical,4,903,eval,strong,player_win,-10.0,5,100.0,5,Expert,0.05,0.0,0,1610,93,0.0,0.0,0,0,2
No Tactical,4,904,eval,strong,player_win,-10.0,5,100.0,5,Expert,0.05,0.0,0,1610,93,0.0,0.0,0,0,2
No Tactical,4,905,eval,strong,player_win,-10.0,5,100.0,5,Expert,0.05,0.0,0,1610,93,0.0,0.0,0,0,2
No Tactical,4,906,eval,strong,player_win,-10.0,5,100.0,5,Expert,0.05,0.0,0,1610,93,0.0,0.0,0,0,2
No Tactical,4,907,eval,strong,player_win,-10.0,5,100.0,5,Expert,0.05,0.0,0,1610,93,0.0,0.0,0,0,2
No Tactical,4,908,eval,strong,player_win,-10.0,5,100.0,5,Expert,0.05,0.0,0,1610,93,0.0,0.0,0,0,2
No Tactical,4,909,eval,strong,player_win,-10.0,5,100.0,5,Expert,0.05,0.0,0,1610,93,0.0,0.0,0,0,2
No Tactical,4,910,eval,strong,player_win,-10.0,5,100.0,5,Expert,0.05,0.0,0,1610,93,0.0,0.0,0,0,2
No Tactical,4,911,eval,strong,player_win,-10.0,5,100.0,5,Expert,0.05,0.0,0,1610,93,0.0,0.0,0,0,2
No Tactical,4,912,eval,strong,player_win,-10.0,5,100.0,5,Expert,0.05,0.0,0,1610,93,0.0,0.0,0,0,2
No Tactical,4,913,eval,strong,player_win,-10.0,5,100.0,5,Expert,0.05,0.0,0,1610,93,0.0,0.0,0,0,2
No Tactical,4,914,eval,strong,player_win,-10.0,5,100.0,5,Expert,0.05,0.0,0,1610,93,0.0,0.0,0,0,2
No Tactical,4,915,eval,strong,player_win,-10.0,5,100.0,5,Expert,0.05,0.0,0,1610,93,0.0,0.0,0,0,2
No Tactical,4,916,eval,strong,player_win,-10.0,5,100.0,5,Expert,0.05,0.0,0,1610,93,0.0,0.0,0,0,2
No Tactical,4,917,eval,strong,player_win,-10.0,5,100.0,5,Expert,0.05,0.0,0,1610,93,0.0,0.0,0,0,2
No Tactical,4,918,eval,strong,player_win,-10.0,5,100.0,5,Expert,0.05,0.0,0,1610,93,0.0,0.0,0,0,2
No Tactical,4,919,eval,strong,player_win,-10.0,5,100.0,5,Expert,0.05,0.0,0,1610,93,0.0,0.0,0,0,2
No Tactical,4,920,eval,strong,player_win,-10.0,5,100.0,5,Expert,0.05,0.0,0,1610,93,0.0,0.0,0,0,2
No Tactical,4,921,eval,strong,player_win,-10.0,5,100.0,5,Expert,0.05,0.0,0,1610,93,0.0,0.0,0,0,2
No Tactical,4,922,eval,strong,player_win,-10.0,5,100.0,5,Expert,0.05,0.0,0,1610,93,0.0,0.0,0,0,2
No Tactical,4,923,eval,strong,player_win,-10.0,5,100.0,5,Expert,0.05,0.0,0,1610,93,0.0,0.0,0,0,2
No Tactical,4,924,eval,strong,player_win,-10.0,5,100.0,5,Expert,0.05,0.0,0,1610,93,0.0,0.0,0,0,2
No Tactical,4,925,eval,strong,player_win,-10.0,5,100.0,5,Expert,0.05,0.0,0,1610,93,0.0,0.0,0,0,2
No Tactical,4,926,eval,strong,player_win,-10.0,5,100.0,5,Expert,0.05,0.0,0,1610,93,0.0,0.0,0,0,2
No Tactical,4,927,eval,strong,player_win,-10.0,5,100.0,5,Expert,0.05,0.0,0,1610,93,0.0,0.0,0,0,2
No Tactical,4,928,eval,strong,player_win,-10.0,5,100.0,5,Expert,0.05,0.0,0,1610,93,0.0,0.0,0,0,2
No Tactical,4,929,eval,strong,player_win,-10.0,5,100.0,5,Expert,0.05,0.0,0,1610,93,0.0,0.0,0,0,2
No Tactical,4,930,eval,strong,player_win,-10.0,5,100.0,5,Expert,0.05,0.0,0,1610,93,0.0,0.0,0,0,2
No Tactical,4,931,eval,strong,player_win,-10.0,5,100.0,5,Expert,0.05,0.0,0,1610,93,0.0,0.0,0,0,2
No Tactical,4,932,eval,strong,player_win,-10.0,5,100.0,5,Expert,0.05,0.0,0,1610,93,0.0,0.0,0,0,2
No Tactical,4,933,eval,strong,player_win,-10.0,5,100.0,5,Expert,0.05,0.0,0,1610,93,0.0,0.0,0,0,2
No Tactical,4,934,eval,strong,player_win,-10.0,5,100.0,5,Expert,0.05,0.0,0,1610,93,0.0,0.0,0,0,2
No Tactical,4,935,eval,strong,player_win,-10.0,5,100.0,5,Expert,0.05,0.0,0,1610,93,0.0,0.0,0,0,2
No Tactical,4,936,eval,strong,player_win,-10.0,5,100.0,5,Expert,0.05,0.0,0,1610,93,0.0,0.0,0,0,2
No Tactical,4,937,eval,strong,player_win,-10.0,5,100.0,5,Expert,0.05,0.0,0,1610,93,0.0,0.0,0,0,2
No Tactical,4,938,eval,strong,player_win,-10.0,5,100.0,5,Expert,0.05,0.0,0,1610,93,0.0,0.0,0,0,2
No Tactical,4,939,eval,strong,player_win,-10.0,5,100.0,5,Expert,0.05,0.0,0,1610,93,0.0,0.0,0,0,2
No Tactical,4,940,eval,strong,player_win,-10.0,5,100.0,5,Expert,0.05,0.0,0,1610,93,0.0,0.0,0,0,2
No Tactical,4,941,eval,strong,player_win,-10.0,5,100.0,5,Expert,0.05,0.0,0,1610,93,0.0,0.0,0,0,2
No Tactical,4,942,eval,strong,player_win,-10.0,5,100.0,5,Expert,0.05,0.0,0,1610,93,0.0,0.0,0,0,2
No Tactical,4,943,eval,strong,player_win,-10.0,5,100.0,5,Expert,0.05,0.0,0,1610,93,0.0,0.0,0,0,2
No Tactical,4,944,eval,strong,player_win,-10.0,5,100.0,5,Expert,0.05,0.0,0,1610,93,0.0,0.0,0,0,2
No Tactical,4,945,eval,strong,player_win,-10.0,5,100.0,5,Expert,0.05,0.0,0,1610,93,0.0,0.0,0,0,2
No Tactical,4,946,eval,strong,player_win,-10.0,5,100.0,5,Expert,0.05,0.0,0,1610,93,0.0,0.0,0,0,2
No Tactical,4,947,eval,strong,player_win,-10.0,5,100.0,5,Expert,0.05,0.0,0,1610,93,0.0,0.0,0,0,2
No Tactical,4,948,eval,strong,player_win,-10.0,5,100.0,5,Expert,0.05,0.0,0,1610,93,0.0,0.0,0,0,2
No Tactical,4,949,eval,strong,player_win,-10.0,5,100.0,5,Expert,0.05,0.0,0,1610,93,0.0,0.0,0,0,2
No Tactical,4,950,eval,strong,player_win,-10.0,5,100.0,5,Expert,0.05,0.0,0,1610,93,0.0,0.0,0,0,2
No Tactical,4,951,eval,strong,player_win,-10.0,5,100.0,5,Expert,0.05,0.0,0,1610,93,0.0,0.0,0,0,2
No Tactical,4,952,eval,strong,player_win,-10.0,5,100.0,5,Expert,0.05,0.0,0,1610,93,0.0,0.0,0,0,2
No Tactical,4,953,eval,strong,player_win,-10.0,5,100.0,5,Expert,0.05,0.0,0,1610,93,0.0,0.0,0,0,2
No Tactical,4,954,eval,strong,player_win,-10.0,5,100.0,5,Expert,0.05,0.0,0,1610,93,0.0,0.0,0,0,2
No Tactical,4,955,eval,strong,player_win,-10.0,5,100.0,5,Expert,0.05,0.0,0,1610,93,0.0,0.0,0,0,2
No Tactical,4,956,eval,strong,player_win,-10.0,5,100.0,5,Expert,0.05,0.0,0,1610,93,0.0,0.0,0,0,2
No Tactical,4,957,eval,strong,player_win,-10.0,5,100.0,5,Expert,0.05,0.0,0,1610,93,0.0,0.0,0,0,2
No Tactical,4,958,eval,strong,player_win,-10.0,5,100.0,5,Expert,0.05,0.0,0,1610,93,0.0,0.0,0,0,2
No Tactical,4,959,eval,strong,player_win,-10.0,5,100.0,5,Expert,0.05,0.0,0,1610,93,0.0,0.0,0,0,2
No Tactical,4,960,eval,strong,player_win,-10.0,5,100.0,5,Expert,0.05,0.0,0,1610,93,0.0,0.0,0,0,2
No Tactical,4,961,eval,strong,player_win,-10.0,5,100.0,5,Expert,0.05,0.0,0,1610,93,0.0,0.0,0,0,2
No Tactical,4,962,eval,strong,player_win,-10.0,5,100.0,5,Expert,0.05,0.0,0,1610,93,0.0,0.0,0,0,2
No Tactical,4,963,eval,strong,player_win,-10.0,5,100.0,5,Expert,0.05,0.0,0,1610,93,0.0,0.0,0,0,2
No Tactical,4,964,eval,strong,player_win,-10.0,5,100.0,5,Expert,0.05,0.0,0,1610,93,0.0,0.0,0,0,2
No Tactical,4,965,eval,strong,player_win,-10.0,5,100.0,5,Expert,0.05,0.0,0,1610,93,0.0,0.0,0,0,2
No Tactical,4,966,eval,strong,player_win,-10.0,5,100.0,5,Expert,0.05,0.0,0,1610,93,0.0,0.0,0,0,2
No Tactical,4,967,eval,strong,player_win,-10.0,5,100.0,5,Expert,0.05,0.0,0,1610,93,0.0,0.0,0,0,2
No Tactical,4,968,eval,strong,player_win,-10.0,5,100.0,5,Expert,0.05,0.0,0,1610,93,0.0,0.0,0,0,2
No Tactical,4,969,eval,strong,player_win,-10.0,5,100.0,5,Expert,0.05,0.0,0,1610,93,0.0,0.0,0,0,2
No Tactical,4,970,eval,strong,player_win,-10.0,5,100.0,5,Expert,0.05,0.0,0,1610,93,0.0,0.0,0,0,2
No Tactical,4,971,eval,strong,player_win,-10.0,5,100.0,5,Expert,0.05,0.0,0,1610,93,0.0,0.0,0,0,2
No Tactical,4,972,eval,strong,player_win,-10.0,5,100.0,5,Expert,0.05,0.0,0,1610,93,0.0,0.0,0,0,2
No Tactical,4,973,eval,strong,player_win,-10.0,5,100.0,5,Expert,0.05,0.0,0,1610,93,0.0,0.0,0,0,2
No Tactical,4,974,eval,strong,player_win,-10.0,5,100.0,5,Expert,0.05,0.0,0,1610,93,0.0,0.0,0,0,2
No Tactical,4,975,eval,strong,player_win,-10.0,5,100.0,5,Expert,0.05,0.0,0,1610,93,0.0,0.0,0,0,2
No Tactical,4,976,eval,strong,player_win,-10.0,5,100.0,5,Expert,0.05,0.0,0,1610,93,0.0,0.0,0,0,2
No Tactical,4,977,eval,strong,player_win,-10.0,5,100.0,5,Expert,0.05,0.0,0,1610,93,0.0,0.0,0,0,2
No Tactical,4,978,eval,strong,player_win,-10.0,5,100.0,5,Expert,0.05,0.0,0,1610,93,0.0,0.0,0,0,2
No Tactical,4,979,eval,strong,player_win,-10.0,5,100.0,5,Expert,0.05,0.0,0,1610,93,0.0,0.0,0,0,2
No Tactical,4,980,eval,strong,player_win,-10.0,5,100.0,5,Expert,0.05,0.0,0,1610,93,0.0,0.0,0,0,2
No Tactical,4,981,eval,strong,player_win,-10.0,5,100.0,5,Expert,0.05,0.0,0,1610,93,0.0,0.0,0,0,2
No Tactical,4,982,eval,strong,player_win,-10.0,5,100.0,5,Expert,0.05,0.0,0,1610,93,0.0,0.0,0,0,2
No Tactical,4,983,eval,strong,player_win,-10.0,5,100.0,5,Expert,0.05,0.0,0,1610,93,0.0,0.0,0,0,2
No Tactical,4,984,eval,strong,player_win,-10.0,5,100.0,5,Expert,0.05,0.0,0,1610,93,0.0,0.0,0,0,2
No Tactical,4,985,eval,strong,player_win,-10.0,5,100.0,5,Expert,0.05,0.0,0,1610,93,0.0,0.0,0,0,2
No Tactical,4,986,eval,strong,player_win,-10.0,5,100.0,5,Expert,0.05,0.0,0,1610,93,0.0,0.0,0,0,2
No Tactical,4,987,eval,strong,player_win,-10.0,7,100.0,5,Expert,0.05,0.0,0,1610,93,0.0,0.0,0,0,3
No Tactical,4,988,eval,strong,player_win,-10.0,5,100.0,5,Expert,0.05,0.0,0,1610,93,0.0,0.0,0,0,2
No Tactical,4,989,eval,strong,player_win,-10.0,5,100.0,5,Expert,0.05,0.0,0,1610,93,0.0,0.0,0,0,2
No Tactical,4,990,eval,strong,player_win,-10.0,5,100.0,5,Expert,0.05,0.0,0,1610,93,0.0,0.0,0,0,2
No Tactical,4,991,eval,strong,player_win,-10.0,5,100.0,5,Expert,0.05,0.0,0,1610,93,0.0,0.0,0,0,2
No Tactical,4,992,eval,strong,player_win,-10.0,5,100.0,5,Expert,0.05,0.0,0,1610,93,0.0,0.0,0,0,2
No Tactical,4,993,eval,strong,player_win,-10.0,5,100.0,5,Expert,0.05,0.0,0,1610,93,0.0,0.0,0,0,2
No Tactical,4,994,eval,strong,player_win,-10.0,5,100.0,5,Expert,0.05,0.0,0,1610,93,0.0,0.0,0,0,2
No Tactical,4,995,eval,strong,player_win,-10.0,5,100.0,5,Expert,0.05,0.0,0,1610,93,0.0,0.0,0,0,2
No Tactical,4,996,eval,strong,player_win,-10.0,5,100.0,5,Expert,0.05,0.0,0,1610,93,0.0,0.0,0,0,2
No Tactical,4,997,eval,strong,player_win,-10.0,5,100.0,5,Expert,0.05,0.0,0,1610,93,0.0,0.0,0,0,2
No Tactical,4,998,eval,strong,player_win,-10.0,5,100.0,5,Expert,0.05,0.0,0,1610,93,0.0,0.0,0,0,2
No Tactical,4,999,eval,strong,player_win,-10.0,5,100.0,5,Expert,0.05,0.0,0,1610,93,0.0,0.0,0,0,2
No Tactical,4,1000,eval,strong,player_win,-10.0,5,100.0,5,Expert,0.05,0.0,0,1610,93,0.0,0.0,0,0,2
No Tactical,5,1,train,strong,player_win,-10.0,5,60.0,1,Very Easy,0.95,1.0,1,2,2,0.0,0.0,0,2,0
No Tactical,5,2,train,strong,player_win,-10.0,5,70.0,1,Very Easy,0.9025,1.0,1,4,2,0.0,0.0,0,2,0
No Tactical,5,3,train,strong,player_win,-10.0,5,80.0,5,Expert,0.8573749999999999,0.21434374999999997,1,6,4,0.0,0.0,0,2,0
No Tactical,5,4,train,strong,player_win,-10.0,5,90.0,5,Expert,0.8145062499999999,0.20362656249999997,1,8,5,0.0,0.0,0,1,1
No Tactical,5,5,train,strong,player_win,-10.0,5,100.0,5,Expert,0.7737809374999999,0.19344523437499997,1,10,7,0.0,0.0,0,0,2
No Tactical,5,6,train,strong,player_win,-10.0,5,100.0,5,Expert,0.7350918906249998,0.18377297265624995,1,12,9,0.0,0.0,0,0,2
No Tactical,5,7,train,strong,player_win,-10.0,5,100.0,5,Expert,0.6983372960937497,0.17458432402343743,1,14,10,0.0,0.0,0,0,2
No Tactical,5,8,train,strong,player_win,-10.0,5,100.0,5,Expert,0.6634204312890623,0.16585510782226556,1,16,11,0.0,0.0,0,2,0
No Tactical,5,9,train,strong,player_win,-10.0,5,100.0,5,Expert,0.6302494097246091,0.15756235243115227,1,18,12,0.0,0.0,0,1,1
No Tactical,5,10,train,strong,player_win,-10.0,5,100.0,5,Expert,0.5987369392383786,0.14968423480959464,1,20,13,0.0,0.0,0,0,2
No Tactical,5,11,train,strong,player_win,-10.0,5,100.0,5,Expert,0.5688000922764596,0.1422000230691149,1,22,14,0.0,0.0,0,0,2
No Tactical,5,12,train,strong,player_win,-10.0,5,100.0,5,Expert,0.5403600876626365,0.13509002191565914,1,24,15,0.0,0.0,0,0,2
No Tactical,5,13,train,strong,player_win,-10.0,5,100.0,5,Expert,0.5133420832795047,0.12833552081987618,1,26,16,0.0,0.0,0,0,2
No Tactical,5,14,train,strong,player_win,-10.0,5,100.0,5,Expert,0.48767497911552943,0.12191874477888236,1,28,17,0.0,0.0,0,0,2
No Tactical,5,15,train,strong,player_win,-10.0,5,100.0,5,Expert,0.46329123015975293,0.11582280753993823,1,30,18,0.0,0.0,0,0,2
No Tactical,5,16,train,strong,player_win,-10.0,5,100.0,5,Expert,0.44012666865176525,0.11003166716294131,1,32,19,0.0,0.0,0,0,2
No Tactical,5,17,train,strong,player_win,-10.0,5,100.0,5,Expert,0.41812033521917696,0.10453008380479424,1,34,19,0.0,0.0,0,1,1
No Tactical,5,18,train,strong,player_win,-10.0,5,100.0,5,Expert,0.3972143184582181,0.09930357961455452,1,36,20,0.0,0.0,0,0,2
No Tactical,5,19,train,strong,player_win,-10.0,5,100.0,5,Expert,0.37735360253530714,0.09433840063382679,1,38,21,0.0,0.0,0,0,2
No Tactical,5,20,train,strong,player_win,-10.0,5,100.0,5,Expert,0.35848592240854177,0.08962148060213544,1,40,21,0.0,0.0,0,0,2
No Tactical,5,21,train,strong,player_win,-10.0,5,100.0,5,Expert,0.34056162628811465,0.08514040657202866,1,42,22,0.0,0.0,0,0,2
No Tactical,5,22,train,strong,player_win,-10.0,5,100.0,5,Expert,0.3235335449737089,0.08088338624342722,1,44,23,0.0,0.0,0,1,1
No Tactical,5,23,train,strong,player_win,-10.0,5,100.0,5,Expert,0.30735686772502346,0.07683921693125587,1,46,24,0.0,0.0,0,0,2
No Tactical,5,24,train,strong,player_win,-10.0,5,100.0,5,Expert,0.2919890243387723,0.07299725608469307,1,48,24,0.0,0.0,0,0,2
No Tactical,5,25,train,strong,player_win,-10.0,5,100.0,5,Expert,0.27738957312183365,0.06934739328045841,1,50,25,0.0,0.0,0,0,2
No Tactical,5,26,train,strong,player_win,-10.0,5,100.0,5,Expert,0.263520094465742,0.0658800236164355,1,52,25,0.0,0.0,0,0,2
No Tactical,5,27,train,strong,player_win,-10.0,5,100.0,5,Expert,0.25034408974245487,0.06258602243561372,1,54,26,0.0,0.0,0,1,1
No Tactical,5,28,train,strong,player_win,-10.0,5,100.0,5,Expert,0.2378268852553321,0.059456721313833026,1,56,26,0.0,0.0,0,0,2
No Tactical,5,29,train,strong,player_win,-10.0,5,100.0,5,Expert,0.2259355409925655,0.05648388524814137,1,58,27,0.0,0.0,0,0,2
No Tactical,5,30,train,strong,player_win,-10.0,5,100.0,5,Expert,0.2146387639429372,0.0536596909857343,1,60,27,0.0,0.0,0,0,2
No Tactical,5,31,train,strong,player_win,-10.0,5,100.0,5,Expert,0.20390682574579033,0.05097670643644758,1,62,28,0.0,0.0,0,0,2
No Tactical,5,32,train,strong,player_win,-10.0,5,100.0,5,Expert,0.1937114844585008,0.05,1,64,29,0.0,0.0,0,0,2
No Tactical,5,33,train,strong,player_win,-10.0,5,100.0,5,Expert,0.18402591023557577,0.05,1,66,30,0.0,0.0,0,1,1
No Tactical,5,34,train,strong,player_win,-10.0,5,100.0,5,Expert,0.17482461472379698,0.05,1,68,31,0.0,0.0,0,0,2
No Tactical,5,35,train,strong,player_win,-10.0,5,100.0,5,Expert,0.16608338398760714,0.05,1,70,31,0.0,0.0,0,0,2
No Tactical,5,36,train,strong,player_win,-10.0,5,100.0,5,Expert,0.15777921478822676,0.05,1,72,32,0.0,0.0,0,1,1
No Tactical,5,37,train,strong,player_win,-10.0,5,100.0,5,Expert,0.14989025404881542,0.05,1,74,33,0.0,0.0,0,0,2
No Tactical,5,38,train,strong,player_win,-10.0,5,100.0,5,Expert,0.14239574134637464,0.05,1,76,34,0.0,0.0,0,0,2
No Tactical,5,39,train,strong,player_win,-10.0,5,100.0,5,Expert,0.1352759542790559,0.05,1,78,35,0.0,0.0,0,0,2
No Tactical,5,40,train,strong,player_win,-10.0,5,100.0,5,Expert,0.1285121565651031,0.05,1,80,35,0.0,0.0,0,0,2
No Tactical,5,41,train,strong,player_win,-10.0,5,100.0,5,Expert,0.12208654873684793,0.05,1,82,36,0.0,0.0,0,0,2
No Tactical,5,42,train,strong,player_win,-10.0,5,100.0,5,Expert,0.11598222130000553,0.05,1,84,36,0.0,0.0,0,0,2
No Tactical,5,43,train,strong,player_win,-10.0,5,100.0,5,Expert,0.11018311023500525,0.05,1,86,37,0.0,0.0,0,0,2
No Tactical,5,44,train,strong,player_win,-10.0,5,100.0,5,Expert,0.10467395472325498,0.05,1,88,37,0.0,0.0,0,0,2
No Tactical,5,45,train,strong,player_win,-10.0,5,100.0,5,Expert,0.09944025698709223,0.05,1,90,37,0.0,0.0,0,0,2
No Tactical,5,46,train,strong,player_win,-10.0,5,100.0,5,Expert,0.09446824413773762,0.05,1,92,37,0.0,0.0,0,0,2
No Tactical,5,47,train,strong,player_win,-10.0,5,100.0,5,Expert,0.08974483193085074,0.05,1,94,38,0.0,0.0,0,0,2
No Tactical,5,48,train,strong,player_win,-10.0,5,100.0,5,Expert,0.0852575903343082,0.05,1,96,39,0.0,0.0,0,1,1
No Tactical,5,49,train,strong,player_win,-10.0,5,100.0,5,Expert,0.08099471081759278,0.05,1,98,39,0.0,0.0,0,0,2
No Tactical,5,50,train,strong,player_win,-10.0,5,100.0,5,Expert,0.07694497527671314,0.05,1,100,40,0.0,0.0,0,0,2
No Tactical,5,51,train,strong,player_win,-10.0,5,100.0,5,Expert,0.07309772651287748,0.05,1,102,41,0.0,0.0,0,0,2
No Tactical,5,52,train,strong,player_win,-10.0,5,100.0,5,Expert,0.0694428401872336,0.05,1,104,41,0.0,0.0,0,0,2
No Tactical,5,53,train,strong,player_win,-10.0,5,100.0,5,Expert,0.0659706981778719,0.05,1,106,42,0.0,0.0,0,0,2
No Tactical,5,54,train,strong,player_win,-10.0,5,100.0,5,Expert,0.0626721632689783,0.05,1,108,43,0.0,0.0,0,0,2
No Tactical,5,55,train,strong,player_win,-10.0,5,100.0,5,Expert,0.059538555105529384,0.05,1,110,43,0.0,0.0,0,0,2
No Tactical,5,56,train,strong,player_win,-10.0,5,100.0,5,Expert,0.05656162735025291,0.05,1,112,43,0.0,0.0,0,0,2
No Tactical,5,57,train,strong,player_win,-10.0,5,100.0,5,Expert,0.053733545982740265,0.05,1,114,44,0.0,0.0,0,0,2
No Tactical,5,58,train,strong,player_win,-10.0,5,100.0,5,Expert,0.05104686868360325,0.05,1,116,44,0.0,0.0,0,0,2
No Tactical,5,59,train,strong,player_win,-10.0,5,100.0,5,Expert,0.05,0.05,1,118,45,0.0,0.0,0,0,2
No Tactical,5,60,train,strong,player_win,-10.0,5,100.0,5,Expert,0.05,0.05,1,120,46,0.0,0.0,0,0,2
No Tactical,5,61,train,strong,player_win,-10.0,5,100.0,5,Expert,0.05,0.05,1,122,47,0.0,0.0,0,0,2
No Tactical,5,62,train,strong,player_win,-10.0,5,100.0,5,Expert,0.05,0.05,1,124,48,0.0,0.0,0,0,2
No Tactical,5,63,train,strong,player_win,-10.0,5,100.0,5,Expert,0.05,0.05,1,126,49,0.0,0.0,0,0,2
No Tactical,5,64,train,strong,player_win,-10.0,5,100.0,5,Expert,0.05,0.05,1,128,49,0.0,0.0,0,0,2
No Tactical,5,65,train,strong,player_win,-10.0,5,100.0,5,Expert,0.05,0.05,1,130,49,0.0,0.0,0,1,1
No Tactical,5,66,train,strong,player_win,-10.0,5,100.0,5,Expert,0.05,0.05,1,132,50,0.0,0.0,0,0,2
No Tactical,5,67,train,strong,player_win,-10.0,5,100.0,5,Expert,0.05,0.05,1,134,51,0.0,0.0,0,0,2
No Tactical,5,68,train,strong,player_win,-10.0,5,100.0,5,Expert,0.05,0.05,1,136,51,0.0,0.0,0,1,1
No Tactical,5,69,train,strong,player_win,-10.0,5,100.0,5,Expert,0.05,0.05,1,138,51,0.0,0.0,0,0,2
No Tactical,5,70,train,strong,player_win,-10.0,5,100.0,5,Expert,0.05,0.05,1,140,52,0.0,0.0,0,0,2
No Tactical,5,71,train,strong,player_win,-10.0,5,100.0,5,Expert,0.05,0.05,1,142,53,0.0,0.0,0,0,2
No Tactical,5,72,train,strong,player_win,-10.0,5,100.0,5,Expert,0.05,0.05,1,144,53,0.0,0.0,0,0,2
No Tactical,5,73,train,strong,player_win,-10.0,5,100.0,5,Expert,0.05,0.05,1,146,53,0.0,0.0,0,0,2
No Tactical,5,74,train,strong,player_win,-10.0,5,100.0,5,Expert,0.05,0.05,1,148,53,0.0,0.0,0,0,2
No Tactical,5,75,train,strong,player_win,-10.0,5,100.0,5,Expert,0.05,0.05,1,150,53,0.0,0.0,0,0,2
No Tactical,5,76,train,strong,player_win,-10.0,5,100.0,5,Expert,0.05,0.05,1,152,54,0.0,0.0,0,0,2
No Tactical,5,77,train,strong,player_win,-10.0,5,100.0,5,Expert,0.05,0.05,1,154,54,0.0,0.0,0,0,2
No Tactical,5,78,train,strong,player_win,-10.0,5,100.0,5,Expert,0.05,0.05,1,156,54,0.0,0.0,0,0,2
No Tactical,5,79,train,strong,player_win,-10.0,5,100.0,5,Expert,0.05,0.05,1,158,54,0.0,0.0,0,0,2
No Tactical,5,80,train,strong,player_win,-10.0,5,100.0,5,Expert,0.05,0.05,1,160,54,0.0,0.0,0,0,2
No Tactical,5,81,train,strong,player_win,-10.0,5,100.0,5,Expert,0.05,0.05,1,162,54,0.0,0.0,0,0,2
No Tactical,5,82,train,strong,player_win,-10.0,5,100.0,5,Expert,0.05,0.05,1,164,54,0.0,0.0,0,0,2
No Tactical,5,83,train,strong,player_win,-10.0,5,100.0,5,Expert,0.05,0.05,1,166,54,0.0,0.0,0,0,2
No Tactical,5,84,train,strong,player_win,-10.0,5,100.0,5,Expert,0.05,0.05,1,168,55,0.0,0.0,0,1,1
No Tactical,5,85,train,strong,player_win,-10.0,5,100.0,5,Expert,0.05,0.05,1,170,56,0.0,0.0,0,0,2
No Tactical,5,86,train,strong,player_win,-10.0,5,100.0,5,Expert,0.05,0.05,1,172,56,0.0,0.0,0,0,2
No Tactical,5,87,train,strong,player_win,-10.0,5,100.0,5,Expert,0.05,0.05,1,174,57,0.0,0.0,0,0,2
No Tactical,5,88,train,strong,player_win,-10.0,5,100.0,5,Expert,0.05,0.05,1,176,58,0.0,0.0,0,1,1
No Tactical,5,89,train,strong,player_win,-10.0,5,100.0,5,Expert,0.05,0.05,1,178,59,0.0,0.0,0,1,1
No Tactical,5,90,train,strong,player_win,-10.0,5,100.0,5,Expert,0.05,0.05,1,180,59,0.0,0.0,0,0,2
No Tactical,5,91,train,strong,player_win,-10.0,5,100.0,5,Expert,0.05,0.05,1,182,59,0.0,0.0,0,0,2
No Tactical,5,92,train,strong,player_win,-10.0,5,100.0,5,Expert,0.05,0.05,1,184,59,0.0,0.0,0,0,2
No Tactical,5,93,train,strong,player_win,-10.0,5,100.0,5,Expert,0.05,0.05,1,186,59,0.0,0.0,0,1,1
No Tactical,5,94,train,strong,player_win,-10.0,5,100.0,5,Expert,0.05,0.05,1,188,59,0.0,0.0,0,0,2
No Tactical,5,95,train,strong,player_win,-10.0,5,100.0,5,Expert,0.05,0.05,1,190,59,0.0,0.0,0,1,1
No Tactical,5,96,train,strong,player_win,-10.0,5,100.0,5,Expert,0.05,0.05,1,192,59,0.0,0.0,0,1,1
No Tactical,5,97,train,strong,player_win,-10.0,5,100.0,5,Expert,0.05,0.05,1,194,60,0.0,0.0,0,0,2
No Tactical,5,98,train,strong,player_win,-10.0,5,100.0,5,Expert,0.05,0.05,1,196,61,0.0,0.0,0,0,2
No Tactical,5,99,train,strong,player_win,-10.0,5,100.0,5,Expert,0.05,0.05,1,198,61,0.0,0.0,0,0,2
No Tactical,5,100,train,strong,player_win,-10.0,5,100.0,5,Expert,0.05,0.05,1,200,61,0.0,0.0,0,0,2
No Tactical,5,101,train,strong,player_win,-10.0,5,100.0,5,Expert,0.05,0.05,1,202,61,0.0,0.0,0,0,2
No Tactical,5,102,train,strong,player_win,-10.0,5,100.0,5,Expert,0.05,0.05,1,204,62,0.0,0.0,0,0,2
No Tactical,5,103,train,strong,player_win,-10.0,5,100.0,5,Expert,0.05,0.05,1,206,62,0.0,0.0,0,0,2
No Tactical,5,104,train,strong,player_win,-10.0,5,100.0,5,Expert,0.05,0.05,1,208,63,0.0,0.0,0,0,2
No Tactical,5,105,train,strong,player_win,-10.0,5,100.0,5,Expert,0.05,0.05,1,210,63,0.0,0.0,0,0,2
No Tactical,5,106,train,strong,player_win,-10.0,5,100.0,5,Expert,0.05,0.05,1,212,63,0.0,0.0,0,0,2
No Tactical,5,107,train,strong,player_win,-10.0,5,100.0,5,Expert,0.05,0.05,1,214,63,0.0,0.0,0,0,2
No Tactical,5,108,train,strong,player_win,-10.0,5,100.0,5,Expert,0.05,0.05,1,216,64,0.0,0.0,0,0,2
No Tactical,5,109,train,strong,player_win,-10.0,5,100.0,5,Expert,0.05,0.05,1,218,64,0.0,0.0,0,0,2
No Tactical,5,110,train,strong,player_win,-10.0,5,100.0,5,Expert,0.05,0.05,1,220,64,0.0,0.0,0,0,2
No Tactical,5,111,train,strong,player_win,-10.0,5,100.0,5,Expert,0.05,0.05,1,222,64,0.0,0.0,0,0,2
No Tactical,5,112,train,strong,player_win,-10.0,5,100.0,5,Expert,0.05,0.05,1,224,64,0.0,0.0,0,0,2
No Tactical,5,113,train,strong,player_win,-10.0,5,100.0,5,Expert,0.05,0.05,1,226,64,0.0,0.0,0,0,2
No Tactical,5,114,train,strong,player_win,-10.0,5,100.0,5,Expert,0.05,0.05,1,228,64,0.0,0.0,0,0,2
No Tactical,5,115,train,strong,player_win,-10.0,5,100.0,5,Expert,0.05,0.05,1,230,64,0.0,0.0,0,1,1
No Tactical,5,116,train,strong,player_win,-10.0,5,100.0,5,Expert,0.05,0.05,1,232,64,0.0,0.0,0,0,2
No Tactical,5,117,train,strong,player_win,-10.0,5,100.0,5,Expert,0.05,0.05,1,234,64,0.0,0.0,0,0,2
No Tactical,5,118,train,strong,player_win,-10.0,5,100.0,5,Expert,0.05,0.05,1,236,65,0.0,0.0,0,0,2
No Tactical,5,119,train,strong,player_win,-10.0,5,100.0,5,Expert,0.05,0.05,1,238,65,0.0,0.0,0,0,2
No Tactical,5,120,train,strong,player_win,-10.0,5,100.0,5,Expert,0.05,0.05,1,240,65,0.0,0.0,0,0,2
No Tactical,5,121,train,strong,player_win,-10.0,5,100.0,5,Expert,0.05,0.05,1,242,65,0.0,0.0,0,0,2
No Tactical,5,122,train,strong,player_win,-10.0,5,100.0,5,Expert,0.05,0.05,1,244,66,0.0,0.0,0,0,2
No Tactical,5,123,train,strong,player_win,-10.0,5,100.0,5,Expert,0.05,0.05,1,246,67,0.0,0.0,0,0,2
No Tactical,5,124,train,strong,player_win,-10.0,5,100.0,5,Expert,0.05,0.05,1,248,67,0.0,0.0,0,0,2
No Tactical,5,125,train,strong,player_win,-10.0,5,100.0,5,Expert,0.05,0.05,1,250,67,0.0,0.0,0,0,2
No Tactical,5,126,train,strong,player_win,-10.0,5,100.0,5,Expert,0.05,0.05,1,252,67,0.0,0.0,0,1,1
No Tactical,5,127,train,strong,player_win,-10.0,5,100.0,5,Expert,0.05,0.05,1,254,67,0.0,0.0,0,1,1
No Tactical,5,128,train,strong,player_win,-10.0,5,100.0,5,Expert,0.05,0.05,1,256,67,0.0,0.0,0,0,2
No Tactical,5,129,train,strong,player_win,-10.0,5,100.0,5,Expert,0.05,0.05,1,258,68,0.0,0.0,0,0,2
No Tactical,5,130,train,strong,player_win,-10.0,5,100.0,5,Expert,0.05,0.05,1,260,68,0.0,0.0,0,0,2
No Tactical,5,131,train,strong,player_win,-10.0,5,100.0,5,Expert,0.05,0.05,1,262,68,0.0,0.0,0,0,2
No Tactical,5,132,train,strong,player_win,-10.0,5,100.0,5,Expert,0.05,0.05,1,264,68,0.0,0.0,0,0,2
No Tactical,5,133,train,strong,player_win,-10.0,5,100.0,5,Expert,0.05,0.05,1,266,68,0.0,0.0,0,0,2
No Tactical,5,134,train,strong,player_win,-10.0,5,100.0,5,Expert,0.05,0.05,1,268,68,0.0,0.0,0,0,2
No Tactical,5,135,train,strong,player_win,-10.0,5,100.0,5,Expert,0.05,0.05,1,270,68,0.0,0.0,0,0,2
No Tactical,5,136,train,strong,player_win,-10.0,5,100.0,5,Expert,0.05,0.05,1,272,69,0.0,0.0,0,0,2
No Tactical,5,137,train,strong,player_win,-10.0,5,100.0,5,Expert,0.05,0.05,1,274,69,0.0,0.0,0,0,2
No Tactical,5,138,train,strong,player_win,-10.0,5,100.0,5,Expert,0.05,0.05,1,276,69,0.0,0.0,0,0,2
No Tactical,5,139,train,strong,player_win,-10.0,5,100.0,5,Expert,0.05,0.05,1,278,70,0.0,0.0,0,0,2
No Tactical,5,140,train,strong,player_win,-10.0,5,100.0,5,Expert,0.05,0.05,1,280,71,0.0,0.0,0,1,1
No Tactical,5,141,train,strong,player_win,-10.0,5,100.0,5,Expert,0.05,0.05,1,282,71,0.0,0.0,0,0,2
No Tactical,5,142,train,strong,player_win,-10.0,5,100.0,5,Expert,0.05,0.05,1,284,72,0.0,0.0,0,1,1
No Tactical,5,143,train,strong,player_win,-10.0,5,100.0,5,Expert,0.05,0.05,1,286,72,0.0,0.0,0,0,2
No Tactical,5,144,train,strong,player_win,-10.0,5,100.0,5,Expert,0.05,0.05,1,288,73,0.0,0.0,0,0,2
No Tactical,5,145,train,strong,player_win,-10.0,5,100.0,5,Expert,0.05,0.05,1,290,73,0.0,0.0,0,0,2
No Tactical,5,146,train,strong,player_win,-10.0,5,100.0,5,Expert,0.05,0.05,1,292,73,0.0,0.0,0,0,2
No Tactical,5,147,train,strong,player_win,-10.0,5,100.0,5,Expert,0.05,0.05,1,294,73,0.0,0.0,0,0,2
No Tactical,5,148,train,strong,player_win,-10.0,5,100.0,5,Expert,0.05,0.05,1,296,73,0.0,0.0,0,0,2
No Tactical,5,149,train,strong,player_win,-10.0,5,100.0,5,Expert,0.05,0.05,1,298,73,0.0,0.0,0,0,2
No Tactical,5,150,train,strong,player_win,-10.0,5,100.0,5,Expert,0.05,0.05,1,300,73,0.0,0.0,0,0,2
No Tactical,5,151,train,strong,player_win,-10.0,5,100.0,5,Expert,0.05,0.05,1,302,73,0.0,0.0,0,0,2
No Tactical,5,152,train,strong,player_win,-10.0,5,100.0,5,Expert,0.05,0.05,1,304,73,0.0,0.0,0,1,1
No Tactical,5,153,train,strong,player_win,-10.0,5,100.0,5,Expert,0.05,0.05,1,306,73,0.0,0.0,0,1,1
No Tactical,5,154,train,strong,player_win,-10.0,5,100.0,5,Expert,0.05,0.05,1,308,73,0.0,0.0,0,0,2
No Tactical,5,155,train,strong,player_win,-10.0,5,100.0,5,Expert,0.05,0.05,1,310,73,0.0,0.0,0,0,2
No Tactical,5,156,train,strong,player_win,-10.0,5,100.0,5,Expert,0.05,0.05,1,312,74,0.0,0.0,0,0,2
No Tactical,5,157,train,strong,player_win,-10.0,5,100.0,5,Expert,0.05,0.05,1,314,74,0.0,0.0,0,0,2
No Tactical,5,158,train,strong,player_win,-10.0,5,100.0,5,Expert,0.05,0.05,1,316,74,0.0,0.0,0,0,2
No Tactical,5,159,train,strong,player_win,-10.0,5,100.0,5,Expert,0.05,0.05,1,318,74,0.0,0.0,0,0,2
No Tactical,5,160,train,strong,player_win,-10.0,5,100.0,5,Expert,0.05,0.05,1,320,74,0.0,0.0,0,0,2
No Tactical,5,161,train,strong,player_win,-10.0,5,100.0,5,Expert,0.05,0.05,1,322,74,0.0,0.0,0,0,2
No Tactical,5,162,train,strong,player_win,-10.0,5,100.0,5,Expert,0.05,0.05,1,324,75,0.0,0.0,0,0,2
No Tactical,5,163,train,strong,player_win,-10.0,5,100.0,5,Expert,0.05,0.05,1,326,75,0.0,0.0,0,0,2
No Tactical,5,164,train,strong,player_win,-10.0,5,100.0,5,Expert,0.05,0.05,1,328,75,0.0,0.0,0,1,1
No Tactical,5,165,train,strong,player_win,-10.0,5,100.0,5,Expert,0.05,0.05,1,330,75,0.0,0.0,0,0,2
No Tactical,5,166,train,strong,player_win,-10.0,5,100.0,5,Expert,0.05,0.05,1,332,75,0.0,0.0,0,0,2
No Tactical,5,167,train,strong,player_win,-10.0,5,100.0,5,Expert,0.05,0.05,1,334,75,0.0,0.0,0,0,2
No Tactical,5,168,train,strong,player_win,-10.0,5,100.0,5,Expert,0.05,0.05,1,336,75,0.0,0.0,0,0,2
No Tactical,5,169,train,strong,player_win,-10.0,7,100.0,5,Expert,0.05,0.05,1,339,76,0.0,0.0,0,0,3
No Tactical,5,170,train,strong,player_win,-10.0,5,100.0,5,Expert,0.05,0.05,1,341,76,0.0,0.0,0,0,2
No Tactical,5,171,train,strong,player_win,-10.0,5,100.0,5,Expert,0.05,0.05,1,343,76,0.0,0.0,0,0,2
No Tactical,5,172,train,strong,player_win,-10.0,5,100.0,5,Expert,0.05,0.05,1,345,76,0.0,0.0,0,1,1
No Tactical,5,173,train,strong,player_win,-10.0,5,100.0,5,Expert,0.05,0.05,1,347,76,0.0,0.0,0,0,2
No Tactical,5,174,train,strong,player_win,-10.0,5,100.0,5,Expert,0.05,0.05,1,349,76,0.0,0.0,0,0,2
No Tactical,5,175,train,strong,player_win,-10.0,5,100.0,5,Expert,0.05,0.05,1,351,76,0.0,0.0,0,0,2
No Tactical,5,176,train,strong,player_win,-10.0,5,100.0,5,Expert,0.05,0.05,1,353,76,0.0,0.0,0,0,2
No Tactical,5,177,train,strong,player_win,-10.0,5,100.0,5,Expert,0.05,0.05,1,355,76,0.0,0.0,0,0,2
No Tactical,5,178,train,strong,player_win,-10.0,5,100.0,5,Expert,0.05,0.05,1,357,76,0.0,0.0,0,0,2
No Tactical,5,179,train,strong,player_win,-10.0,5,100.0,5,Expert,0.05,0.05,1,359,76,0.0,0.0,0,0,2
No Tactical,5,180,train,strong,player_win,-10.0,5,100.0,5,Expert,0.05,0.05,1,361,76,0.0,0.0,0,0,2
No Tactical,5,181,train,strong,player_win,-10.0,5,100.0,5,Expert,0.05,0.05,1,363,76,0.0,0.0,0,0,2
No Tactical,5,182,train,strong,player_win,-10.0,5,100.0,5,Expert,0.05,0.05,1,365,76,0.0,0.0,0,0,2
No Tactical,5,183,train,strong,player_win,-10.0,5,100.0,5,Expert,0.05,0.05,1,367,76,0.0,0.0,0,0,2
No Tactical,5,184,train,strong,player_win,-10.0,5,100.0,5,Expert,0.05,0.05,1,369,76,0.0,0.0,0,0,2
No Tactical,5,185,train,strong,player_win,-10.0,5,100.0,5,Expert,0.05,0.05,1,371,76,0.0,0.0,0,0,2
No Tactical,5,186,train,strong,player_win,-10.0,5,100.0,5,Expert,0.05,0.05,1,373,76,0.0,0.0,0,0,2
No Tactical,5,187,train,strong,player_win,-10.0,5,100.0,5,Expert,0.05,0.05,1,375,76,0.0,0.0,0,1,1
No Tactical,5,188,train,strong,player_win,-10.0,5,100.0,5,Expert,0.05,0.05,1,377,76,0.0,0.0,0,1,1
No Tactical,5,189,train,strong,player_win,-10.0,5,100.0,5,Expert,0.05,0.05,1,379,76,0.0,0.0,0,0,2
No Tactical,5,190,train,strong,player_win,-10.0,5,100.0,5,Expert,0.05,0.05,1,381,76,0.0,0.0,0,1,1
No Tactical,5,191,train,strong,player_win,-10.0,5,100.0,5,Expert,0.05,0.05,1,383,76,0.0,0.0,0,0,2
No Tactical,5,192,train,strong,player_win,-10.0,5,100.0,5,Expert,0.05,0.05,1,385,76,0.0,0.0,0,1,1
No Tactical,5,193,train,strong,player_win,-10.0,5,100.0,5,Expert,0.05,0.05,1,387,77,0.0,0.0,0,0,2
No Tactical,5,194,train,strong,player_win,-10.0,5,100.0,5,Expert,0.05,0.05,1,389,77,0.0,0.0,0,0,2
No Tactical,5,195,train,strong,player_win,-10.0,5,100.0,5,Expert,0.05,0.05,1,391,77,0.0,0.0,0,0,2
No Tactical,5,196,train,strong,player_win,-10.0,5,100.0,5,Expert,0.05,0.05,1,393,77,0.0,0.0,0,0,2
No Tactical,5,197,train,strong,player_win,-10.0,5,100.0,5,Expert,0.05,0.05,1,395,77,0.0,0.0,0,1,1
No Tactical,5,198,train,strong,player_win,-10.0,5,100.0,5,Expert,0.05,0.05,1,397,77,0.0,0.0,0,0,2
No Tactical,5,199,train,strong,player_win,-10.0,5,100.0,5,Expert,0.05,0.05,1,399,78,0.0,0.0,0,0,2
No Tactical,5,200,train,strong,player_win,-10.0,5,100.0,5,Expert,0.05,0.05,1,401,78,0.0,0.0,0,0,2
No Tactical,5,201,train,strong,player_win,-10.0,5,100.0,5,Expert,0.05,0.05,1,403,78,0.0,0.0,0,0,2
No Tactical,5,202,train,strong,player_win,-10.0,5,100.0,5,Expert,0.05,0.05,1,405,78,0.0,0.0,0,0,2
No Tactical,5,203,train,strong,player_win,-10.0,5,100.0,5,Expert,0.05,0.05,1,407,79,0.0,0.0,0,0,2
No Tactical,5,204,train,strong,player_win,-10.0,5,100.0,5,Expert,0.05,0.05,1,409,79,0.0,0.0,0,0,2
No Tactical,5,205,train,strong,player_win,-10.0,5,100.0,5,Expert,0.05,0.05,1,411,79,0.0,0.0,0,0,2
No Tactical,5,206,train,strong,player_win,-10.0,5,100.0,5,Expert,0.05,0.05,1,413,80,0.0,0.0,0,0,2
No Tactical,5,207,train,strong,player_win,-10.0,5,100.0,5,Expert,0.05,0.05,1,415,80,0.0,0.0,0,0,2
No Tactical,5,208,train,strong,player_win,-10.0,5,100.0,5,Expert,0.05,0.05,1,417,80,0.0,0.0,0,0,2
No Tactical,5,209,train,strong,player_win,-10.0,5,100.0,5,Expert,0.05,0.05,1,419,80,0.0,0.0,0,0,2
No Tactical,5,210,train,strong,player_win,-10.0,5,100.0,5,Expert,0.05,0.05,1,421,80,0.0,0.0,0,0,2
No Tactical,5,211,train,strong,player_win,-10.0,5,100.0,5,Expert,0.05,0.05,1,423,81,0.0,0.0,0,0,2
No Tactical,5,212,train,strong,player_win,-10.0,5,100.0,5,Expert,0.05,0.05,1,425,81,0.0,0.0,0,1,1
No Tactical,5,213,train,strong,player_win,-10.0,5,100.0,5,Expert,0.05,0.05,1,427,81,0.0,0.0,0,1,1
No Tactical,5,214,train,strong,player_win,-10.0,5,100.0,5,Expert,0.05,0.05,1,429,82,0.0,0.0,0,1,1
No Tactical,5,215,train,strong,player_win,-10.0,5,100.0,5,Expert,0.05,0.05,1,431,82,0.0,0.0,0,0,2
No Tactical,5,216,train,strong,player_win,-10.0,5,100.0,5,Expert,0.05,0.05,1,433,82,0.0,0.0,0,0,2
No Tactical,5,217,train,strong,player_win,-10.0,7,100.0,5,Expert,0.05,0.05,1,436,83,0.0,0.0,0,0,3
No Tactical,5,218,train,strong,player_win,-10.0,5,100.0,5,Expert,0.05,0.05,1,438,83,0.0,0.0,0,1,1
No Tactical,5,219,train,strong,player_win,-10.0,5,100.0,5,Expert,0.05,0.05,1,440,83,0.0,0.0,0,0,2
No Tactical,5,220,train,strong,player_win,-10.0,5,100.0,5,Expert,0.05,0.05,1,442,83,0.0,0.0,0,0,2
No Tactical,5,221,train,strong,player_win,-10.0,5,100.0,5,Expert,0.05,0.05,1,444,83,0.0,0.0,0,1,1
No Tactical,5,222,train,strong,player_win,-10.0,5,100.0,5,Expert,0.05,0.05,1,446,84,0.0,0.0,0,0,2
No Tactical,5,223,train,strong,player_win,-10.0,5,100.0,5,Expert,0.05,0.05,1,448,84,0.0,0.0,0,0,2
No Tactical,5,224,train,strong,player_win,-10.0,5,100.0,5,Expert,0.05,0.05,1,450,85,0.0,0.0,0,0,2
No Tactical,5,225,train,strong,player_win,-10.0,5,100.0,5,Expert,0.05,0.05,1,452,85,0.0,0.0,0,0,2
No Tactical,5,226,train,strong,player_win,-10.0,5,100.0,5,Expert,0.05,0.05,1,454,85,0.0,0.0,0,0,2
No Tactical,5,227,train,strong,player_win,-10.0,5,100.0,5,Expert,0.05,0.05,1,456,85,0.0,0.0,0,0,2
No Tactical,5,228,train,strong,player_win,-10.0,5,100.0,5,Expert,0.05,0.05,1,458,85,0.0,0.0,0,0,2
No Tactical,5,229,train,strong,player_win,-10.0,5,100.0,5,Expert,0.05,0.05,1,460,85,0.0,0.0,0,0,2
No Tactical,5,230,train,strong,player_win,-10.0,5,100.0,5,Expert,0.05,0.05,1,462,85,0.0,0.0,0,0,2
No Tactical,5,231,train,strong,player_win,-10.0,5,100.0,5,Expert,0.05,0.05,1,464,85,0.0,0.0,0,0,2
No Tactical,5,232,train,strong,player_win,-10.0,5,100.0,5,Expert,0.05,0.05,1,466,85,0.0,0.0,0,0,2
No Tactical,5,233,train,strong,player_win,-10.0,5,100.0,5,Expert,0.05,0.05,1,468,85,0.0,0.0,0,0,2
No Tactical,5,234,train,strong,player_win,-10.0,5,100.0,5,Expert,0.05,0.05,1,470,85,0.0,0.0,0,0,2
No Tactical,5,235,train,strong,player_win,-10.0,5,100.0,5,Expert,0.05,0.05,1,472,85,0.0,0.0,0,0,2
No Tactical,5,236,train,strong,player_win,-10.0,5,100.0,5,Expert,0.05,0.05,1,474,85,0.0,0.0,0,0,2
No Tactical,5,237,train,strong,player_win,-10.0,5,100.0,5,Expert,0.05,0.05,1,476,85,0.0,0.0,0,0,2
No Tactical,5,238,train,strong,player_win,-10.0,5,100.0,5,Expert,0.05,0.05,1,478,85,0.0,0.0,0,0,2
No Tactical,5,239,train,strong,player_win,-10.0,5,100.0,5,Expert,0.05,0.05,1,480,85,0.0,0.0,0,0,2
No Tactical,5,240,train,strong,player_win,-10.0,5,100.0,5,Expert,0.05,0.05,1,482,85,0.0,0.0,0,0,2
No Tactical,5,241,train,strong,player_win,-10.0,5,100.0,5,Expert,0.05,0.05,1,484,85,0.0,0.0,0,0,2
No Tactical,5,242,train,strong,player_win,-10.0,5,100.0,5,Expert,0.05,0.05,1,486,85,0.0,0.0,0,0,2
No Tactical,5,243,train,strong,player_win,-10.0,5,100.0,5,Expert,0.05,0.05,1,488,85,0.0,0.0,0,0,2
No Tactical,5,244,train,strong,player_win,-10.0,5,100.0,5,Expert,0.05,0.05,1,490,85,0.0,0.0,0,0,2
No Tactical,5,245,train,strong,player_win,-10.0,5,100.0,5,Expert,0.05,0.05,1,492,86,0.0,0.0,0,0,2
No Tactical,5,246,train,strong,player_win,-10.0,5,100.0,5,Expert,0.05,0.05,1,494,86,0.0,0.0,0,0,2
No Tactical,5,247,train,strong,player_win,-10.0,5,100.0,5,Expert,0.05,0.05,1,496,86,0.0,0.0,0,0,2
No Tactical,5,248,train,strong,player_win,-10.0,5,100.0,5,Expert,0.05,0.05,1,498,86,0.0,0.0,0,0,2
No Tactical,5,249,train,strong,player_win,-10.0,5,100.0,5,Expert,0.05,0.05,1,500,86,0.0,0.0,0,0,2
No Tactical,5,250,train,strong,player_win,-10.0,5,100.0,5,Expert,0.05,0.05,1,502,86,0.0,0.0,0,0,2
No Tactical,5,251,train,strong,player_win,-10.0,5,100.0,5,Expert,0.05,0.05,1,504,86,0.0,0.0,0,0,2
No Tactical,5,252,train,strong,player_win,-10.0,5,100.0,5,Expert,0.05,0.05,1,506,86,0.0,0.0,0,0,2
No Tactical,5,253,train,strong,player_win,-10.0,5,100.0,5,Expert,0.05,0.05,1,508,86,0.0,0.0,0,0,2
No Tactical,5,254,train,strong,player_win,-10.0,5,100.0,5,Expert,0.05,0.05,1,510,86,0.0,0.0,0,0,2
No Tactical,5,255,train,strong,player_win,-10.0,5,100.0,5,Expert,0.05,0.05,1,512,86,0.0,0.0,0,0,2
No Tactical,5,256,train,strong,player_win,-10.0,5,100.0,5,Expert,0.05,0.05,1,514,86,0.0,0.0,0,0,2
No Tactical,5,257,train,strong,player_win,-10.0,5,100.0,5,Expert,0.05,0.05,1,516,86,0.0,0.0,0,0,2
No Tactical,5,258,train,strong,player_win,-10.0,5,100.0,5,Expert,0.05,0.05,1,518,86,0.0,0.0,0,0,2
No Tactical,5,259,train,strong,player_win,-10.0,5,100.0,5,Expert,0.05,0.05,1,520,86,0.0,0.0,0,0,2
No Tactical,5,260,train,strong,player_win,-10.0,5,100.0,5,Expert,0.05,0.05,1,522,86,0.0,0.0,0,0,2
No Tactical,5,261,train,strong,player_win,-10.0,5,100.0,5,Expert,0.05,0.05,1,524,86,0.0,0.0,0,0,2
No Tactical,5,262,train,strong,player_win,-10.0,5,100.0,5,Expert,0.05,0.05,1,526,86,0.0,0.0,0,0,2
No Tactical,5,263,train,strong,player_win,-10.0,5,100.0,5,Expert,0.05,0.05,1,528,86,0.0,0.0,0,0,2
No Tactical,5,264,train,strong,player_win,-10.0,5,100.0,5,Expert,0.05,0.05,1,530,86,0.0,0.0,0,0,2
No Tactical,5,265,train,strong,player_win,-10.0,5,100.0,5,Expert,0.05,0.05,1,532,86,0.0,0.0,0,0,2
No Tactical,5,266,train,strong,player_win,-10.0,5,100.0,5,Expert,0.05,0.05,1,534,86,0.0,0.0,0,0,2
No Tactical,5,267,train,strong,player_win,-10.0,5,100.0,5,Expert,0.05,0.05,1,536,86,0.0,0.0,0,0,2
No Tactical,5,268,train,strong,player_win,-10.0,5,100.0,5,Expert,0.05,0.05,1,538,86,0.0,0.0,0,0,2
No Tactical,5,269,train,strong,player_win,-10.0,5,100.0,5,Expert,0.05,0.05,1,540,86,0.0,0.0,0,1,1
No Tactical,5,270,train,strong,player_win,-10.0,5,100.0,5,Expert,0.05,0.05,1,542,86,0.0,0.0,0,0,2
No Tactical,5,271,train,strong,player_win,-10.0,5,100.0,5,Expert,0.05,0.05,1,544,86,0.0,0.0,0,0,2
No Tactical,5,272,train,strong,player_win,-10.0,5,100.0,5,Expert,0.05,0.05,1,546,86,0.0,0.0,0,0,2
No Tactical,5,273,train,strong,player_win,-10.0,5,100.0,5,Expert,0.05,0.05,1,548,86,0.0,0.0,0,0,2
No Tactical,5,274,train,strong,player_win,-10.0,5,100.0,5,Expert,0.05,0.05,1,550,86,0.0,0.0,0,0,2
No Tactical,5,275,train,strong,player_win,-10.0,5,100.0,5,Expert,0.05,0.05,1,552,86,0.0,0.0,0,0,2
No Tactical,5,276,train,strong,player_win,-10.0,5,100.0,5,Expert,0.05,0.05,1,554,86,0.0,0.0,0,1,1
No Tactical,5,277,train,strong,player_win,-10.0,5,100.0,5,Expert,0.05,0.05,1,556,86,0.0,0.0,0,0,2
No Tactical,5,278,train,strong,player_win,-10.0,5,100.0,5,Expert,0.05,0.05,1,558,86,0.0,0.0,0,1,1
No Tactical,5,279,train,strong,player_win,-10.0,5,100.0,5,Expert,0.05,0.05,1,560,86,0.0,0.0,0,0,2
No Tactical,5,280,train,strong,player_win,-10.0,5,100.0,5,Expert,0.05,0.05,1,562,86,0.0,0.0,0,0,2
No Tactical,5,281,train,strong,player_win,-10.0,5,100.0,5,Expert,0.05,0.05,1,564,86,0.0,0.0,0,0,2
No Tactical,5,282,train,strong,player_win,-10.0,5,100.0,5,Expert,0.05,0.05,1,566,87,0.0,0.0,0,1,1
No Tactical,5,283,train,strong,player_win,-10.0,5,100.0,5,Expert,0.05,0.05,1,568,87,0.0,0.0,0,0,2
No Tactical,5,284,train,strong,player_win,-10.0,5,100.0,5,Expert,0.05,0.05,1,570,87,0.0,0.0,0,1,1
No Tactical,5,285,train,strong,player_win,-10.0,5,100.0,5,Expert,0.05,0.05,1,572,87,0.0,0.0,0,0,2
No Tactical,5,286,train,strong,player_win,-10.0,5,100.0,5,Expert,0.05,0.05,1,574,87,0.0,0.0,0,0,2
No Tactical,5,287,train,strong,player_win,-10.0,5,100.0,5,Expert,0.05,0.05,1,576,87,0.0,0.0,0,0,2
No Tactical,5,288,train,strong,player_win,-10.0,5,100.0,5,Expert,0.05,0.05,1,578,87,0.0,0.0,0,1,1
No Tactical,5,289,train,strong,player_win,-10.0,5,100.0,5,Expert,0.05,0.05,1,580,87,0.0,0.0,0,0,2
No Tactical,5,290,train,strong,player_win,-10.0,5,100.0,5,Expert,0.05,0.05,1,582,87,0.0,0.0,0,0,2
No Tactical,5,291,train,strong,player_win,-10.0,5,100.0,5,Expert,0.05,0.05,1,584,87,0.0,0.0,0,0,2
No Tactical,5,292,train,strong,player_win,-10.0,5,100.0,5,Expert,0.05,0.05,1,586,87,0.0,0.0,0,0,2
No Tactical,5,293,train,strong,player_win,-10.0,5,100.0,5,Expert,0.05,0.05,1,588,87,0.0,0.0,0,0,2
No Tactical,5,294,train,strong,player_win,-10.0,5,100.0,5,Expert,0.05,0.05,1,590,87,0.0,0.0,0,0,2
No Tactical,5,295,train,strong,player_win,-10.0,5,100.0,5,Expert,0.05,0.05,1,592,87,0.0,0.0,0,1,1
No Tactical,5,296,train,strong,player_win,-10.0,7,100.0,5,Expert,0.05,0.05,1,595,87,0.0,0.0,0,1,2
No Tactical,5,297,train,strong,player_win,-10.0,5,100.0,5,Expert,0.05,0.05,1,597,87,0.0,0.0,0,0,2
No Tactical,5,298,train,strong,player_win,-10.0,5,100.0,5,Expert,0.05,0.05,1,599,87,0.0,0.0,0,0,2
No Tactical,5,299,train,strong,player_win,-10.0,5,100.0,5,Expert,0.05,0.05,1,601,87,0.0,0.0,0,0,2
No Tactical,5,300,train,strong,player_win,-10.0,5,100.0,5,Expert,0.05,0.05,1,603,87,0.0,0.0,0,0,2
No Tactical,5,301,train,strong,player_win,-10.0,5,100.0,5,Expert,0.05,0.05,1,605,87,0.0,0.0,0,0,2
No Tactical,5,302,train,strong,player_win,-10.0,5,100.0,5,Expert,0.05,0.05,1,607,88,0.0,0.0,0,0,2
No Tactical,5,303,train,strong,player_win,-10.0,5,100.0,5,Expert,0.05,0.05,1,609,88,0.0,0.0,0,0,2
No Tactical,5,304,train,strong,player_win,-10.0,5,100.0,5,Expert,0.05,0.05,1,611,88,0.0,0.0,0,0,2
No Tactical,5,305,train,strong,player_win,-10.0,5,100.0,5,Expert,0.05,0.05,1,613,88,0.0,0.0,0,0,2
No Tactical,5,306,train,strong,player_win,-10.0,5,100.0,5,Expert,0.05,0.05,1,615,88,0.0,0.0,0,0,2
No Tactical,5,307,train,strong,player_win,-10.0,5,100.0,5,Expert,0.05,0.05,1,617,88,0.0,0.0,0,0,2
No Tactical,5,308,train,strong,player_win,-10.0,5,100.0,5,Expert,0.05,0.05,1,619,88,0.0,0.0,0,0,2
No Tactical,5,309,train,strong,player_win,-10.0,5,100.0,5,Expert,0.05,0.05,1,621,88,0.0,0.0,0,0,2
No Tactical,5,310,train,strong,player_win,-10.0,5,100.0,5,Expert,0.05,0.05,1,623,88,0.0,0.0,0,0,2
No Tactical,5,311,train,strong,player_win,-10.0,5,100.0,5,Expert,0.05,0.05,1,625,88,0.0,0.0,0,0,2
No Tactical,5,312,train,strong,player_win,-10.0,5,100.0,5,Expert,0.05,0.05,1,627,88,0.0,0.0,0,0,2
No Tactical,5,313,train,strong,player_win,-10.0,5,100.0,5,Expert,0.05,0.05,1,629,88,0.0,0.0,0,0,2
No Tactical,5,314,train,strong,player_win,-10.0,5,100.0,5,Expert,0.05,0.05,1,631,88,0.0,0.0,0,0,2
No Tactical,5,315,train,strong,player_win,-10.0,5,100.0,5,Expert,0.05,0.05,1,633,88,0.0,0.0,0,0,2
No Tactical,5,316,train,strong,player_win,-10.0,5,100.0,5,Expert,0.05,0.05,1,635,88,0.0,0.0,0,0,2
No Tactical,5,317,train,strong,player_win,-10.0,5,100.0,5,Expert,0.05,0.05,1,637,88,0.0,0.0,0,1,1
No Tactical,5,318,train,strong,player_win,-10.0,5,100.0,5,Expert,0.05,0.05,1,639,88,0.0,0.0,0,0,2
No Tactical,5,319,train,strong,player_win,-10.0,5,100.0,5,Expert,0.05,0.05,1,641,88,0.0,0.0,0,0,2
No Tactical,5,320,train,strong,player_win,-10.0,5,100.0,5,Expert,0.05,0.05,1,643,88,0.0,0.0,0,0,2
No Tactical,5,321,train,strong,player_win,-10.0,5,100.0,5,Expert,0.05,0.05,1,645,88,0.0,0.0,0,0,2
No Tactical,5,322,train,strong,player_win,-10.0,5,100.0,5,Expert,0.05,0.05,1,647,88,0.0,0.0,0,1,1
No Tactical,5,323,train,strong,player_win,-10.0,5,100.0,5,Expert,0.05,0.05,1,649,89,0.0,0.0,0,0,2
No Tactical,5,324,train,strong,player_win,-10.0,5,100.0,5,Expert,0.05,0.05,1,651,89,0.0,0.0,0,0,2
No Tactical,5,325,train,strong,player_win,-10.0,5,100.0,5,Expert,0.05,0.05,1,653,89,0.0,0.0,0,0,2
No Tactical,5,326,train,strong,player_win,-10.0,5,100.0,5,Expert,0.05,0.05,1,655,89,0.0,0.0,0,0,2
No Tactical,5,327,train,strong,player_win,-10.0,5,100.0,5,Expert,0.05,0.05,1,657,89,0.0,0.0,0,0,2
No Tactical,5,328,train,strong,player_win,-10.0,5,100.0,5,Expert,0.05,0.05,1,659,89,0.0,0.0,0,0,2
No Tactical,5,329,train,strong,player_win,-10.0,5,100.0,5,Expert,0.05,0.05,1,661,89,0.0,0.0,0,0,2
No Tactical,5,330,train,strong,player_win,-10.0,5,100.0,5,Expert,0.05,0.05,1,663,89,0.0,0.0,0,0,2
No Tactical,5,331,train,strong,player_win,-10.0,5,100.0,5,Expert,0.05,0.05,1,665,89,0.0,0.0,0,0,2
No Tactical,5,332,train,strong,player_win,-10.0,5,100.0,5,Expert,0.05,0.05,1,667,89,0.0,0.0,0,0,2
No Tactical,5,333,train,strong,player_win,-10.0,5,100.0,5,Expert,0.05,0.05,1,669,89,0.0,0.0,0,0,2
No Tactical,5,334,train,strong,player_win,-10.0,5,100.0,5,Expert,0.05,0.05,1,671,89,0.0,0.0,0,0,2
No Tactical,5,335,train,strong,player_win,-10.0,5,100.0,5,Expert,0.05,0.05,1,673,89,0.0,0.0,0,0,2
No Tactical,5,336,train,strong,player_win,-10.0,7,100.0,5,Expert,0.05,0.05,1,676,90,0.0,0.0,0,0,3
No Tactical,5,337,train,strong,player_win,-10.0,5,100.0,5,Expert,0.05,0.05,1,678,90,0.0,0.0,0,0,2
No Tactical,5,338,train,strong,player_win,-10.0,5,100.0,5,Expert,0.05,0.05,1,680,90,0.0,0.0,0,0,2
No Tactical,5,339,train,strong,player_win,-10.0,5,100.0,5,Expert,0.05,0.05,1,682,90,0.0,0.0,0,0,2
No Tactical,5,340,train,strong,player_win,-10.0,5,100.0,5,Expert,0.05,0.05,1,684,90,0.0,0.0,0,0,2
No Tactical,5,341,train,strong,player_win,-10.0,5,100.0,5,Expert,0.05,0.05,1,686,90,0.0,0.0,0,0,2
No Tactical,5,342,train,strong,player_win,-10.0,5,100.0,5,Expert,0.05,0.05,1,688,90,0.0,0.0,0,0,2
No Tactical,5,343,train,strong,player_win,-10.0,5,100.0,5,Expert,0.05,0.05,1,690,90,0.0,0.0,0,0,2
No Tactical,5,344,train,strong,player_win,-10.0,5,100.0,5,Expert,0.05,0.05,1,692,90,0.0,0.0,0,0,2
No Tactical,5,345,train,strong,player_win,-10.0,5,100.0,5,Expert,0.05,0.05,1,694,90,0.0,0.0,0,0,2
No Tactical,5,346,train,strong,player_win,-10.0,5,100.0,5,Expert,0.05,0.05,1,696,90,0.0,0.0,0,0,2
No Tactical,5,347,train,strong,player_win,-10.0,5,100.0,5,Expert,0.05,0.05,1,698,90,0.0,0.0,0,0,2
No Tactical,5,348,train,strong,player_win,-10.0,5,100.0,5,Expert,0.05,0.05,1,700,90,0.0,0.0,0,0,2
No Tactical,5,349,train,strong,player_win,-10.0,5,100.0,5,Expert,0.05,0.05,1,702,90,0.0,0.0,0,0,2
No Tactical,5,350,train,strong,player_win,-10.0,5,100.0,5,Expert,0.05,0.05,1,704,90,0.0,0.0,0,0,2
No Tactical,5,351,train,strong,player_win,-10.0,5,100.0,5,Expert,0.05,0.05,1,706,90,0.0,0.0,0,0,2
No Tactical,5,352,train,strong,player_win,-10.0,5,100.0,5,Expert,0.05,0.05,1,708,90,0.0,0.0,0,0,2
No Tactical,5,353,train,strong,player_win,-10.0,5,100.0,5,Expert,0.05,0.05,1,710,90,0.0,0.0,0,0,2
No Tactical,5,354,train,strong,player_win,-10.0,5,100.0,5,Expert,0.05,0.05,1,712,90,0.0,0.0,0,0,2
No Tactical,5,355,train,strong,player_win,-10.0,5,100.0,5,Expert,0.05,0.05,1,714,91,0.0,0.0,0,0,2
No Tactical,5,356,train,strong,player_win,-10.0,5,100.0,5,Expert,0.05,0.05,1,716,91,0.0,0.0,0,0,2
No Tactical,5,357,train,strong,player_win,-10.0,5,100.0,5,Expert,0.05,0.05,1,718,91,0.0,0.0,0,0,2
No Tactical,5,358,train,strong,player_win,-10.0,5,100.0,5,Expert,0.05,0.05,1,720,91,0.0,0.0,0,0,2
No Tactical,5,359,train,strong,player_win,-10.0,5,100.0,5,Expert,0.05,0.05,1,722,91,0.0,0.0,0,0,2
No Tactical,5,360,train,strong,player_win,-10.0,5,100.0,5,Expert,0.05,0.05,1,724,91,0.0,0.0,0,0,2
No Tactical,5,361,train,strong,player_win,-10.0,5,100.0,5,Expert,0.05,0.05,1,726,91,0.0,0.0,0,0,2
No Tactical,5,362,train,strong,player_win,-10.0,5,100.0,5,Expert,0.05,0.05,1,728,91,0.0,0.0,0,0,2
No Tactical,5,363,train,strong,player_win,-10.0,5,100.0,5,Expert,0.05,0.05,1,730,91,0.0,0.0,0,0,2
No Tactical,5,364,train,strong,player_win,-10.0,5,100.0,5,Expert,0.05,0.05,1,732,91,0.0,0.0,0,0,2
No Tactical,5,365,train,strong,player_win,-10.0,5,100.0,5,Expert,0.05,0.05,1,734,91,0.0,0.0,0,0,2
No Tactical,5,366,train,strong,player_win,-10.0,5,100.0,5,Expert,0.05,0.05,1,736,91,0.0,0.0,0,0,2
No Tactical,5,367,train,strong,player_win,-10.0,5,100.0,5,Expert,0.05,0.05,1,738,91,0.0,0.0,0,0,2
No Tactical,5,368,train,strong,player_win,-10.0,5,100.0,5,Expert,0.05,0.05,1,740,91,0.0,0.0,0,0,2
No Tactical,5,369,train,strong,player_win,-10.0,5,100.0,5,Expert,0.05,0.05,1,742,91,0.0,0.0,0,0,2
No Tactical,5,370,train,strong,player_win,-10.0,5,100.0,5,Expert,0.05,0.05,1,744,91,0.0,0.0,0,0,2
No Tactical,5,371,train,strong,player_win,-10.0,5,100.0,5,Expert,0.05,0.05,1,746,91,0.0,0.0,0,0,2
No Tactical,5,372,train,strong,player_win,-10.0,5,100.0,5,Expert,0.05,0.05,1,748,91,0.0,0.0,0,0,2
No Tactical,5,373,train,strong,player_win,-10.0,5,100.0,5,Expert,0.05,0.05,1,750,91,0.0,0.0,0,0,2
No Tactical,5,374,train,strong,player_win,-10.0,5,100.0,5,Expert,0.05,0.05,1,752,91,0.0,0.0,0,0,2
No Tactical,5,375,train,strong,player_win,-10.0,5,100.0,5,Expert,0.05,0.05,1,754,91,0.0,0.0,0,1,1
No Tactical,5,376,train,strong,player_win,-10.0,5,100.0,5,Expert,0.05,0.05,1,756,91,0.0,0.0,0,0,2
No Tactical,5,377,train,strong,player_win,-10.0,5,100.0,5,Expert,0.05,0.05,1,758,91,0.0,0.0,0,0,2
No Tactical,5,378,train,strong,player_win,-10.0,5,100.0,5,Expert,0.05,0.05,1,760,91,0.0,0.0,0,0,2
No Tactical,5,379,train,strong,player_win,-10.0,5,100.0,5,Expert,0.05,0.05,1,762,91,0.0,0.0,0,0,2
No Tactical,5,380,train,strong,player_win,-10.0,5,100.0,5,Expert,0.05,0.05,1,764,91,0.0,0.0,0,0,2
No Tactical,5,381,train,strong,player_win,-10.0,5,100.0,5,Expert,0.05,0.05,1,766,91,0.0,0.0,0,1,1
No Tactical,5,382,train,strong,player_win,-10.0,5,100.0,5,Expert,0.05,0.05,1,768,91,0.0,0.0,0,0,2
No Tactical,5,383,train,strong,player_win,-10.0,5,100.0,5,Expert,0.05,0.05,1,770,91,0.0,0.0,0,0,2
No Tactical,5,384,train,strong,player_win,-10.0,5,100.0,5,Expert,0.05,0.05,1,772,91,0.0,0.0,0,0,2
No Tactical,5,385,train,strong,player_win,-10.0,5,100.0,5,Expert,0.05,0.05,1,774,91,0.0,0.0,0,0,2
No Tactical,5,386,train,strong,player_win,-10.0,5,100.0,5,Expert,0.05,0.05,1,776,91,0.0,0.0,0,0,2
No Tactical,5,387,train,strong,player_win,-10.0,5,100.0,5,Expert,0.05,0.05,1,778,91,0.0,0.0,0,0,2
No Tactical,5,388,train,strong,player_win,-10.0,5,100.0,5,Expert,0.05,0.05,1,780,91,0.0,0.0,0,0,2
No Tactical,5,389,train,strong,player_win,-10.0,5,100.0,5,Expert,0.05,0.05,1,782,91,0.0,0.0,0,0,2
No Tactical,5,390,train,strong,player_win,-10.0,5,100.0,5,Expert,0.05,0.05,1,784,91,0.0,0.0,0,0,2
No Tactical,5,391,train,strong,player_win,-10.0,5,100.0,5,Expert,0.05,0.05,1,786,91,0.0,0.0,0,0,2
No Tactical,5,392,train,strong,player_win,-10.0,5,100.0,5,Expert,0.05,0.05,1,788,91,0.0,0.0,0,0,2
No Tactical,5,393,train,strong,player_win,-10.0,5,100.0,5,Expert,0.05,0.05,1,790,91,0.0,0.0,0,0,2
No Tactical,5,394,train,strong,player_win,-10.0,5,100.0,5,Expert,0.05,0.05,1,792,91,0.0,0.0,0,0,2
No Tactical,5,395,train,strong,player_win,-10.0,5,100.0,5,Expert,0.05,0.05,1,794,91,0.0,0.0,0,0,2
No Tactical,5,396,train,strong,player_win,-10.0,5,100.0,5,Expert,0.05,0.05,1,796,91,0.0,0.0,0,0,2
No Tactical,5,397,train,strong,player_win,-10.0,5,100.0,5,Expert,0.05,0.05,1,798,91,0.0,0.0,0,0,2
No Tactical,5,398,train,strong,player_win,-10.0,5,100.0,5,Expert,0.05,0.05,1,800,91,0.0,0.0,0,0,2
No Tactical,5,399,train,strong,player_win,-10.0,5,100.0,5,Expert,0.05,0.05,1,802,91,0.0,0.0,0,0,2
No Tactical,5,400,train,strong,player_win,-10.0,5,100.0,5,Expert,0.05,0.05,1,804,91,0.0,0.0,0,0,2
No Tactical,5,401,train,strong,player_win,-10.0,5,100.0,5,Expert,0.05,0.05,1,806,91,0.0,0.0,0,1,1
No Tactical,5,402,train,strong,player_win,-10.0,5,100.0,5,Expert,0.05,0.05,1,808,91,0.0,0.0,0,0,2
No Tactical,5,403,train,strong,player_win,-10.0,5,100.0,5,Expert,0.05,0.05,1,810,91,0.0,0.0,0,0,2
No Tactical,5,404,train,strong,player_win,-10.0,5,100.0,5,Expert,0.05,0.05,1,812,91,0.0,0.0,0,0,2
No Tactical,5,405,train,strong,player_win,-10.0,5,100.0,5,Expert,0.05,0.05,1,814,91,0.0,0.0,0,0,2
No Tactical,5,406,train,strong,player_win,-10.0,5,100.0,5,Expert,0.05,0.05,1,816,91,0.0,0.0,0,0,2
No Tactical,5,407,train,strong,player_win,-10.0,5,100.0,5,Expert,0.05,0.05,1,818,91,0.0,0.0,0,0,2
No Tactical,5,408,train,strong,player_win,-10.0,5,100.0,5,Expert,0.05,0.05,1,820,91,0.0,0.0,0,0,2
No Tactical,5,409,train,strong,player_win,-10.0,5,100.0,5,Expert,0.05,0.05,1,822,91,0.0,0.0,0,0,2
No Tactical,5,410,train,strong,player_win,-10.0,5,100.0,5,Expert,0.05,0.05,1,824,91,0.0,0.0,0,0,2
No Tactical,5,411,train,strong,player_win,-10.0,5,100.0,5,Expert,0.05,0.05,1,826,91,0.0,0.0,0,0,2
No Tactical,5,412,train,strong,player_win,-10.0,5,100.0,5,Expert,0.05,0.05,1,828,91,0.0,0.0,0,0,2
No Tactical,5,413,train,strong,player_win,-10.0,5,100.0,5,Expert,0.05,0.05,1,830,91,0.0,0.0,0,0,2
No Tactical,5,414,train,strong,player_win,-10.0,5,100.0,5,Expert,0.05,0.05,1,832,91,0.0,0.0,0,1,1
No Tactical,5,415,train,strong,player_win,-10.0,5,100.0,5,Expert,0.05,0.05,1,834,91,0.0,0.0,0,0,2
No Tactical,5,416,train,strong,player_win,-10.0,5,100.0,5,Expert,0.05,0.05,1,836,91,0.0,0.0,0,0,2
No Tactical,5,417,train,strong,player_win,-10.0,5,100.0,5,Expert,0.05,0.05,1,838,91,0.0,0.0,0,0,2
No Tactical,5,418,train,strong,player_win,-10.0,5,100.0,5,Expert,0.05,0.05,1,840,91,0.0,0.0,0,0,2
No Tactical,5,419,train,strong,player_win,-10.0,5,100.0,5,Expert,0.05,0.05,1,842,91,0.0,0.0,0,0,2
No Tactical,5,420,train,strong,player_win,-10.0,5,100.0,5,Expert,0.05,0.05,1,844,91,0.0,0.0,0,0,2
No Tactical,5,421,train,strong,player_win,-10.0,5,100.0,5,Expert,0.05,0.05,1,846,91,0.0,0.0,0,0,2
No Tactical,5,422,train,strong,player_win,-10.0,5,100.0,5,Expert,0.05,0.05,1,848,91,0.0,0.0,0,0,2
No Tactical,5,423,train,strong,player_win,-10.0,7,100.0,5,Expert,0.05,0.05,1,851,92,0.0,0.0,0,0,3
No Tactical,5,424,train,strong,player_win,-10.0,5,100.0,5,Expert,0.05,0.05,1,853,92,0.0,0.0,0,0,2
No Tactical,5,425,train,strong,player_win,-10.0,5,100.0,5,Expert,0.05,0.05,1,855,92,0.0,0.0,0,0,2
No Tactical,5,426,train,strong,player_win,-10.0,5,100.0,5,Expert,0.05,0.05,1,857,92,0.0,0.0,0,1,1
No Tactical,5,427,train,strong,player_win,-10.0,5,100.0,5,Expert,0.05,0.05,1,859,92,0.0,0.0,0,0,2
No Tactical,5,428,train,strong,player_win,-10.0,5,100.0,5,Expert,0.05,0.05,1,861,92,0.0,0.0,0,0,2
No Tactical,5,429,train,strong,player_win,-10.0,5,100.0,5,Expert,0.05,0.05,1,863,92,0.0,0.0,0,0,2
No Tactical,5,430,train,strong,player_win,-10.0,5,100.0,5,Expert,0.05,0.05,1,865,92,0.0,0.0,0,0,2
No Tactical,5,431,train,strong,player_win,-10.0,5,100.0,5,Expert,0.05,0.05,1,867,92,0.0,0.0,0,0,2
No Tactical,5,432,train,strong,player_win,-10.0,5,100.0,5,Expert,0.05,0.05,1,869,92,0.0,0.0,0,0,2
No Tactical,5,433,train,strong,player_win,-10.0,5,100.0,5,Expert,0.05,0.05,1,871,92,0.0,0.0,0,0,2
No Tactical,5,434,train,strong,player_win,-10.0,5,100.0,5,Expert,0.05,0.05,1,873,92,0.0,0.0,0,0,2
No Tactical,5,435,train,strong,player_win,-10.0,5,100.0,5,Expert,0.05,0.05,1,875,92,0.0,0.0,0,0,2
No Tactical,5,436,train,strong,player_win,-10.0,5,100.0,5,Expert,0.05,0.05,1,877,92,0.0,0.0,0,0,2
No Tactical,5,437,train,strong,player_win,-10.0,5,100.0,5,Expert,0.05,0.05,1,879,92,0.0,0.0,0,0,2
No Tactical,5,438,train,strong,player_win,-10.0,5,100.0,5,Expert,0.05,0.05,1,881,92,0.0,0.0,0,0,2
No Tactical,5,439,train,strong,player_win,-10.0,5,100.0,5,Expert,0.05,0.05,1,883,92,0.0,0.0,0,0,2
No Tactical,5,440,train,strong,player_win,-10.0,7,100.0,5,Expert,0.05,0.05,1,886,92,0.0,0.0,0,0,3
No Tactical,5,441,train,strong,player_win,-10.0,5,100.0,5,Expert,0.05,0.05,1,888,92,0.0,0.0,0,0,2
No Tactical,5,442,train,strong,player_win,-10.0,5,100.0,5,Expert,0.05,0.05,1,890,92,0.0,0.0,0,0,2
No Tactical,5,443,train,strong,player_win,-10.0,5,100.0,5,Expert,0.05,0.05,1,892,92,0.0,0.0,0,0,2
No Tactical,5,444,train,strong,player_win,-10.0,5,100.0,5,Expert,0.05,0.05,1,894,92,0.0,0.0,0,0,2
No Tactical,5,445,train,strong,player_win,-10.0,5,100.0,5,Expert,0.05,0.05,1,896,92,0.0,0.0,0,0,2
No Tactical,5,446,train,strong,player_win,-10.0,5,100.0,5,Expert,0.05,0.05,1,898,92,0.0,0.0,0,0,2
No Tactical,5,447,train,strong,player_win,-10.0,5,100.0,5,Expert,0.05,0.05,1,900,92,0.0,0.0,0,0,2
No Tactical,5,448,train,strong,player_win,-10.0,5,100.0,5,Expert,0.05,0.05,1,902,92,0.0,0.0,0,0,2
No Tactical,5,449,train,strong,player_win,-10.0,5,100.0,5,Expert,0.05,0.05,1,904,92,0.0,0.0,0,0,2
No Tactical,5,450,train,strong,player_win,-10.0,5,100.0,5,Expert,0.05,0.05,1,906,92,0.0,0.0,0,0,2
No Tactical,5,451,train,strong,player_win,-10.0,5,100.0,5,Expert,0.05,0.05,1,908,92,0.0,0.0,0,0,2
No Tactical,5,452,train,strong,player_win,-10.0,5,100.0,5,Expert,0.05,0.05,1,910,92,0.0,0.0,0,0,2
No Tactical,5,453,train,strong,player_win,-10.0,5,100.0,5,Expert,0.05,0.05,1,912,92,0.0,0.0,0,0,2
No Tactical,5,454,train,strong,player_win,-10.0,5,100.0,5,Expert,0.05,0.05,1,914,92,0.0,0.0,0,0,2
No Tactical,5,455,train,strong,player_win,-10.0,5,100.0,5,Expert,0.05,0.05,1,916,92,0.0,0.0,0,0,2
No Tactical,5,456,train,strong,player_win,-10.0,5,100.0,5,Expert,0.05,0.05,1,918,92,0.0,0.0,0,0,2
No Tactical,5,457,train,strong,player_win,-10.0,5,100.0,5,Expert,0.05,0.05,1,920,92,0.0,0.0,0,0,2
No Tactical,5,458,train,strong,player_win,-10.0,5,100.0,5,Expert,0.05,0.05,1,922,92,0.0,0.0,0,1,1
No Tactical,5,459,train,strong,player_win,-10.0,5,100.0,5,Expert,0.05,0.05,1,924,92,0.0,0.0,0,0,2
No Tactical,5,460,train,strong,player_win,-10.0,5,100.0,5,Expert,0.05,0.05,1,926,92,0.0,0.0,0,0,2
No Tactical,5,461,train,strong,player_win,-10.0,5,100.0,5,Expert,0.05,0.05,1,928,92,0.0,0.0,0,0,2
No Tactical,5,462,train,strong,player_win,-10.0,5,100.0,5,Expert,0.05,0.05,1,930,92,0.0,0.0,0,0,2
No Tactical,5,463,train,strong,player_win,-10.0,5,100.0,5,Expert,0.05,0.05,1,932,92,0.0,0.0,0,1,1
No Tactical,5,464,train,strong,player_win,-10.0,5,100.0,5,Expert,0.05,0.05,1,934,92,0.0,0.0,0,0,2
No Tactical,5,465,train,strong,player_win,-10.0,5,100.0,5,Expert,0.05,0.05,1,936,92,0.0,0.0,0,1,1
No Tactical,5,466,train,strong,player_win,-10.0,5,100.0,5,Expert,0.05,0.05,1,938,92,0.0,0.0,0,1,1
No Tactical,5,467,train,strong,player_win,-10.0,5,100.0,5,Expert,0.05,0.05,1,940,92,0.0,0.0,0,0,2
No Tactical,5,468,train,strong,player_win,-10.0,5,100.0,5,Expert,0.05,0.05,1,942,92,0.0,0.0,0,1,1
No Tactical,5,469,train,strong,player_win,-10.0,5,100.0,5,Expert,0.05,0.05,1,944,92,0.0,0.0,0,0,2
No Tactical,5,470,train,strong,player_win,-10.0,5,100.0,5,Expert,0.05,0.05,1,946,92,0.0,0.0,0,0,2
No Tactical,5,471,train,strong,player_win,-10.0,5,100.0,5,Expert,0.05,0.05,1,948,92,0.0,0.0,0,0,2
No Tactical,5,472,train,strong,player_win,-10.0,5,100.0,5,Expert,0.05,0.05,1,950,92,0.0,0.0,0,0,2
No Tactical,5,473,train,strong,player_win,-10.0,5,100.0,5,Expert,0.05,0.05,1,952,92,0.0,0.0,0,0,2
No Tactical,5,474,train,strong,player_win,-10.0,5,100.0,5,Expert,0.05,0.05,1,954,92,0.0,0.0,0,0,2
No Tactical,5,475,train,strong,player_win,-10.0,5,100.0,5,Expert,0.05,0.05,1,956,92,0.0,0.0,0,0,2
No Tactical,5,476,train,strong,player_win,-10.0,5,100.0,5,Expert,0.05,0.05,1,958,92,0.0,0.0,0,0,2
No Tactical,5,477,train,strong,player_win,-10.0,5,100.0,5,Expert,0.05,0.05,1,960,92,0.0,0.0,0,0,2
No Tactical,5,478,train,strong,player_win,-10.0,5,100.0,5,Expert,0.05,0.05,1,962,92,0.0,0.0,0,0,2
No Tactical,5,479,train,strong,player_win,-10.0,7,100.0,5,Expert,0.05,0.05,1,965,93,0.0,0.0,0,0,3
No Tactical,5,480,train,strong,player_win,-10.0,5,100.0,5,Expert,0.05,0.05,1,967,93,0.0,0.0,0,1,1
No Tactical,5,481,train,strong,player_win,-10.0,5,100.0,5,Expert,0.05,0.05,1,969,93,0.0,0.0,0,0,2
No Tactical,5,482,train,strong,player_win,-10.0,5,100.0,5,Expert,0.05,0.05,1,971,93,0.0,0.0,0,0,2
No Tactical,5,483,train,strong,player_win,-10.0,5,100.0,5,Expert,0.05,0.05,1,973,93,0.0,0.0,0,0,2
No Tactical,5,484,train,strong,player_win,-10.0,5,100.0,5,Expert,0.05,0.05,1,975,93,0.0,0.0,0,0,2
No Tactical,5,485,train,strong,player_win,-10.0,5,100.0,5,Expert,0.05,0.05,1,977,93,0.0,0.0,0,0,2
No Tactical,5,486,train,strong,player_win,-10.0,5,100.0,5,Expert,0.05,0.05,1,979,93,0.0,0.0,0,0,2
No Tactical,5,487,train,strong,player_win,-10.0,5,100.0,5,Expert,0.05,0.05,1,981,93,0.0,0.0,0,0,2
No Tactical,5,488,train,strong,player_win,-10.0,5,100.0,5,Expert,0.05,0.05,1,983,93,0.0,0.0,0,0,2
No Tactical,5,489,train,strong,player_win,-10.0,5,100.0,5,Expert,0.05,0.05,1,985,93,0.0,0.0,0,0,2
No Tactical,5,490,train,strong,player_win,-10.0,5,100.0,5,Expert,0.05,0.05,1,987,93,0.0,0.0,0,0,2
No Tactical,5,491,train,strong,player_win,-10.0,5,100.0,5,Expert,0.05,0.05,1,989,93,0.0,0.0,0,0,2
No Tactical,5,492,train,strong,player_win,-10.0,5,100.0,5,Expert,0.05,0.05,1,991,93,0.0,0.0,0,0,2
No Tactical,5,493,train,strong,player_win,-10.0,5,100.0,5,Expert,0.05,0.05,1,993,93,0.0,0.0,0,0,2
No Tactical,5,494,train,strong,player_win,-10.0,5,100.0,5,Expert,0.05,0.05,1,995,93,0.0,0.0,0,0,2
No Tactical,5,495,train,strong,player_win,-10.0,5,100.0,5,Expert,0.05,0.05,1,997,93,0.0,0.0,0,0,2
No Tactical,5,496,train,strong,player_win,-10.0,5,100.0,5,Expert,0.05,0.05,1,999,93,0.0,0.0,0,0,2
No Tactical,5,497,train,strong,player_win,-10.0,5,100.0,5,Expert,0.05,0.05,1,1001,93,0.0,0.0,0,0,2
No Tactical,5,498,train,strong,player_win,-10.0,5,100.0,5,Expert,0.05,0.05,1,1003,93,0.0,0.0,0,0,2
No Tactical,5,499,train,strong,player_win,-10.0,5,100.0,5,Expert,0.05,0.05,1,1005,93,0.0,0.0,0,1,1
No Tactical,5,500,train,strong,player_win,-10.0,5,100.0,5,Expert,0.05,0.05,1,1007,93,0.0,0.0,0,1,1
No Tactical,5,501,train,strong,player_win,-10.0,5,100.0,5,Expert,0.05,0.05,1,1009,93,0.0,0.0,0,0,2
No Tactical,5,502,train,strong,player_win,-10.0,5,100.0,5,Expert,0.05,0.05,1,1011,93,0.0,0.0,0,0,2
No Tactical,5,503,train,strong,player_win,-10.0,5,100.0,5,Expert,0.05,0.05,1,1013,93,0.0,0.0,0,0,2
No Tactical,5,504,train,strong,player_win,-10.0,5,100.0,5,Expert,0.05,0.05,1,1015,93,0.0,0.0,0,0,2
No Tactical,5,505,train,strong,player_win,-10.0,5,100.0,5,Expert,0.05,0.05,1,1017,93,0.0,0.0,0,0,2
No Tactical,5,506,train,strong,player_win,-10.0,5,100.0,5,Expert,0.05,0.05,1,1019,93,0.0,0.0,0,0,2
No Tactical,5,507,train,strong,player_win,-10.0,5,100.0,5,Expert,0.05,0.05,1,1021,93,0.0,0.0,0,0,2
No Tactical,5,508,train,strong,player_win,-10.0,7,100.0,5,Expert,0.05,0.05,1,1024,94,0.0,0.0,0,0,3
No Tactical,5,509,train,strong,player_win,-10.0,5,100.0,5,Expert,0.05,0.05,1,1026,94,0.0,0.0,0,0,2
No Tactical,5,510,train,strong,player_win,-10.0,5,100.0,5,Expert,0.05,0.05,1,1028,94,0.0,0.0,0,0,2
No Tactical,5,511,train,strong,player_win,-10.0,5,100.0,5,Expert,0.05,0.05,1,1030,94,0.0,0.0,0,0,2
No Tactical,5,512,train,strong,player_win,-10.0,5,100.0,5,Expert,0.05,0.05,1,1032,94,0.0,0.0,0,0,2
No Tactical,5,513,train,strong,player_win,-10.0,5,100.0,5,Expert,0.05,0.05,1,1034,94,0.0,0.0,0,0,2
No Tactical,5,514,train,strong,player_win,-10.0,5,100.0,5,Expert,0.05,0.05,1,1036,94,0.0,0.0,0,0,2
No Tactical,5,515,train,strong,player_win,-10.0,5,100.0,5,Expert,0.05,0.05,1,1038,94,0.0,0.0,0,0,2
No Tactical,5,516,train,strong,player_win,-10.0,5,100.0,5,Expert,0.05,0.05,1,1040,94,0.0,0.0,0,0,2
No Tactical,5,517,train,strong,player_win,-10.0,5,100.0,5,Expert,0.05,0.05,1,1042,94,0.0,0.0,0,0,2
No Tactical,5,518,train,strong,player_win,-10.0,5,100.0,5,Expert,0.05,0.05,1,1044,94,0.0,0.0,0,0,2
No Tactical,5,519,train,strong,player_win,-10.0,5,100.0,5,Expert,0.05,0.05,1,1046,94,0.0,0.0,0,1,1
No Tactical,5,520,train,strong,player_win,-10.0,5,100.0,5,Expert,0.05,0.05,1,1048,94,0.0,0.0,0,0,2
No Tactical,5,521,train,strong,player_win,-10.0,5,100.0,5,Expert,0.05,0.05,1,1050,94,0.0,0.0,0,0,2
No Tactical,5,522,train,strong,player_win,-10.0,5,100.0,5,Expert,0.05,0.05,1,1052,94,0.0,0.0,0,0,2
No Tactical,5,523,train,strong,player_win,-10.0,5,100.0,5,Expert,0.05,0.05,1,1054,94,0.0,0.0,0,1,1
No Tactical,5,524,train,strong,player_win,-10.0,5,100.0,5,Expert,0.05,0.05,1,1056,94,0.0,0.0,0,0,2
No Tactical,5,525,train,strong,player_win,-10.0,5,100.0,5,Expert,0.05,0.05,1,1058,94,0.0,0.0,0,0,2
No Tactical,5,526,train,strong,player_win,-10.0,5,100.0,5,Expert,0.05,0.05,1,1060,94,0.0,0.0,0,0,2
No Tactical,5,527,train,strong,player_win,-10.0,5,100.0,5,Expert,0.05,0.05,1,1062,94,0.0,0.0,0,0,2
No Tactical,5,528,train,strong,player_win,-10.0,5,100.0,5,Expert,0.05,0.05,1,1064,94,0.0,0.0,0,0,2
No Tactical,5,529,train,strong,player_win,-10.0,5,100.0,5,Expert,0.05,0.05,1,1066,94,0.0,0.0,0,0,2
No Tactical,5,530,train,strong,player_win,-10.0,5,100.0,5,Expert,0.05,0.05,1,1068,94,0.0,0.0,0,0,2
No Tactical,5,531,train,strong,player_win,-10.0,5,100.0,5,Expert,0.05,0.05,1,1070,94,0.0,0.0,0,0,2
No Tactical,5,532,train,strong,player_win,-10.0,5,100.0,5,Expert,0.05,0.05,1,1072,94,0.0,0.0,0,0,2
No Tactical,5,533,train,strong,player_win,-10.0,5,100.0,5,Expert,0.05,0.05,1,1074,94,0.0,0.0,0,0,2
No Tactical,5,534,train,strong,player_win,-10.0,5,100.0,5,Expert,0.05,0.05,1,1076,94,0.0,0.0,0,0,2
No Tactical,5,535,train,strong,player_win,-10.0,5,100.0,5,Expert,0.05,0.05,1,1078,94,0.0,0.0,0,0,2
No Tactical,5,536,train,strong,player_win,-10.0,5,100.0,5,Expert,0.05,0.05,1,1080,94,0.0,0.0,0,0,2
No Tactical,5,537,train,strong,player_win,-10.0,5,100.0,5,Expert,0.05,0.05,1,1082,94,0.0,0.0,0,1,1
No Tactical,5,538,train,strong,player_win,-10.0,5,100.0,5,Expert,0.05,0.05,1,1084,94,0.0,0.0,0,0,2
No Tactical,5,539,train,strong,player_win,-10.0,5,100.0,5,Expert,0.05,0.05,1,1086,94,0.0,0.0,0,0,2
No Tactical,5,540,train,strong,player_win,-10.0,5,100.0,5,Expert,0.05,0.05,1,1088,94,0.0,0.0,0,1,1
No Tactical,5,541,train,strong,player_win,-10.0,5,100.0,5,Expert,0.05,0.05,1,1090,94,0.0,0.0,0,1,1
No Tactical,5,542,train,strong,player_win,-10.0,5,100.0,5,Expert,0.05,0.05,1,1092,94,0.0,0.0,0,0,2
No Tactical,5,543,train,strong,player_win,-10.0,5,100.0,5,Expert,0.05,0.05,1,1094,94,0.0,0.0,0,1,1
No Tactical,5,544,train,strong,player_win,-10.0,5,100.0,5,Expert,0.05,0.05,1,1096,94,0.0,0.0,0,0,2
No Tactical,5,545,train,strong,player_win,-10.0,5,100.0,5,Expert,0.05,0.05,1,1098,94,0.0,0.0,0,0,2
No Tactical,5,546,train,strong,player_win,-10.0,5,100.0,5,Expert,0.05,0.05,1,1100,94,0.0,0.0,0,0,2
No Tactical,5,547,train,strong,player_win,-10.0,5,100.0,5,Expert,0.05,0.05,1,1102,94,0.0,0.0,0,0,2
No Tactical,5,548,train,strong,player_win,-10.0,5,100.0,5,Expert,0.05,0.05,1,1104,94,0.0,0.0,0,0,2
No Tactical,5,549,train,strong,player_win,-10.0,5,100.0,5,Expert,0.05,0.05,1,1106,94,0.0,0.0,0,0,2
No Tactical,5,550,train,strong,player_win,-10.0,5,100.0,5,Expert,0.05,0.05,1,1108,94,0.0,0.0,0,0,2
No Tactical,5,551,train,strong,player_win,-10.0,5,100.0,5,Expert,0.05,0.05,1,1110,94,0.0,0.0,0,0,2
No Tactical,5,552,train,strong,player_win,-10.0,5,100.0,5,Expert,0.05,0.05,1,1112,94,0.0,0.0,0,0,2
No Tactical,5,553,train,strong,player_win,-10.0,5,100.0,5,Expert,0.05,0.05,1,1114,94,0.0,0.0,0,1,1
No Tactical,5,554,train,strong,player_win,-10.0,5,100.0,5,Expert,0.05,0.05,1,1116,94,0.0,0.0,0,0,2
No Tactical,5,555,train,strong,player_win,-10.0,5,100.0,5,Expert,0.05,0.05,1,1118,94,0.0,0.0,0,0,2
No Tactical,5,556,train,strong,player_win,-10.0,5,100.0,5,Expert,0.05,0.05,1,1120,94,0.0,0.0,0,0,2
No Tactical,5,557,train,strong,player_win,-10.0,5,100.0,5,Expert,0.05,0.05,1,1122,94,0.0,0.0,0,0,2
No Tactical,5,558,train,strong,player_win,-10.0,5,100.0,5,Expert,0.05,0.05,1,1124,94,0.0,0.0,0,0,2
No Tactical,5,559,train,strong,player_win,-10.0,5,100.0,5,Expert,0.05,0.05,1,1126,94,0.0,0.0,0,0,2
No Tactical,5,560,train,strong,player_win,-10.0,5,100.0,5,Expert,0.05,0.05,1,1128,94,0.0,0.0,0,0,2
No Tactical,5,561,train,strong,player_win,-10.0,5,100.0,5,Expert,0.05,0.05,1,1130,94,0.0,0.0,0,0,2
No Tactical,5,562,train,strong,player_win,-10.0,5,100.0,5,Expert,0.05,0.05,1,1132,94,0.0,0.0,0,0,2
No Tactical,5,563,train,strong,player_win,-10.0,5,100.0,5,Expert,0.05,0.05,1,1134,94,0.0,0.0,0,0,2
No Tactical,5,564,train,strong,player_win,-10.0,5,100.0,5,Expert,0.05,0.05,1,1136,94,0.0,0.0,0,0,2
No Tactical,5,565,train,strong,player_win,-10.0,5,100.0,5,Expert,0.05,0.05,1,1138,94,0.0,0.0,0,0,2
No Tactical,5,566,train,strong,player_win,-10.0,5,100.0,5,Expert,0.05,0.05,1,1140,94,0.0,0.0,0,0,2
No Tactical,5,567,train,strong,player_win,-10.0,5,100.0,5,Expert,0.05,0.05,1,1142,94,0.0,0.0,0,0,2
No Tactical,5,568,train,strong,player_win,-10.0,5,100.0,5,Expert,0.05,0.05,1,1144,94,0.0,0.0,0,0,2
No Tactical,5,569,train,strong,player_win,-10.0,5,100.0,5,Expert,0.05,0.05,1,1146,94,0.0,0.0,0,0,2
No Tactical,5,570,train,strong,player_win,-10.0,5,100.0,5,Expert,0.05,0.05,1,1148,94,0.0,0.0,0,0,2
No Tactical,5,571,train,strong,player_win,-10.0,5,100.0,5,Expert,0.05,0.05,1,1150,94,0.0,0.0,0,0,2
No Tactical,5,572,train,strong,player_win,-10.0,5,100.0,5,Expert,0.05,0.05,1,1152,94,0.0,0.0,0,0,2
No Tactical,5,573,train,strong,player_win,-10.0,5,100.0,5,Expert,0.05,0.05,1,1154,94,0.0,0.0,0,0,2
No Tactical,5,574,train,strong,player_win,-10.0,5,100.0,5,Expert,0.05,0.05,1,1156,94,0.0,0.0,0,0,2
No Tactical,5,575,train,strong,player_win,-10.0,5,100.0,5,Expert,0.05,0.05,1,1158,94,0.0,0.0,0,0,2
No Tactical,5,576,train,strong,player_win,-10.0,5,100.0,5,Expert,0.05,0.05,1,1160,94,0.0,0.0,0,0,2
No Tactical,5,577,train,strong,player_win,-10.0,5,100.0,5,Expert,0.05,0.05,1,1162,94,0.0,0.0,0,0,2
No Tactical,5,578,train,strong,player_win,-10.0,5,100.0,5,Expert,0.05,0.05,1,1164,94,0.0,0.0,0,0,2
No Tactical,5,579,train,strong,player_win,-10.0,5,100.0,5,Expert,0.05,0.05,1,1166,94,0.0,0.0,0,0,2
No Tactical,5,580,train,strong,player_win,-10.0,5,100.0,5,Expert,0.05,0.05,1,1168,94,0.0,0.0,0,0,2
No Tactical,5,581,train,strong,player_win,-10.0,5,100.0,5,Expert,0.05,0.05,1,1170,94,0.0,0.0,0,0,2
No Tactical,5,582,train,strong,player_win,-10.0,5,100.0,5,Expert,0.05,0.05,1,1172,94,0.0,0.0,0,0,2
No Tactical,5,583,train,strong,player_win,-10.0,5,100.0,5,Expert,0.05,0.05,1,1174,94,0.0,0.0,0,0,2
No Tactical,5,584,train,strong,player_win,-10.0,5,100.0,5,Expert,0.05,0.05,1,1176,94,0.0,0.0,0,0,2
No Tactical,5,585,train,strong,player_win,-10.0,5,100.0,5,Expert,0.05,0.05,1,1178,94,0.0,0.0,0,0,2
No Tactical,5,586,train,strong,player_win,-10.0,5,100.0,5,Expert,0.05,0.05,1,1180,94,0.0,0.0,0,1,1
No Tactical,5,587,train,strong,player_win,-10.0,5,100.0,5,Expert,0.05,0.05,1,1182,94,0.0,0.0,0,0,2
No Tactical,5,588,train,strong,player_win,-10.0,5,100.0,5,Expert,0.05,0.05,1,1184,94,0.0,0.0,0,0,2
No Tactical,5,589,train,strong,player_win,-10.0,5,100.0,5,Expert,0.05,0.05,1,1186,94,0.0,0.0,0,0,2
No Tactical,5,590,train,strong,player_win,-10.0,5,100.0,5,Expert,0.05,0.05,1,1188,94,0.0,0.0,0,0,2
No Tactical,5,591,train,strong,player_win,-10.0,5,100.0,5,Expert,0.05,0.05,1,1190,94,0.0,0.0,0,0,2
No Tactical,5,592,train,strong,player_win,-10.0,5,100.0,5,Expert,0.05,0.05,1,1192,94,0.0,0.0,0,0,2
No Tactical,5,593,train,strong,player_win,-10.0,5,100.0,5,Expert,0.05,0.05,1,1194,94,0.0,0.0,0,0,2
No Tactical,5,594,train,strong,player_win,-10.0,5,100.0,5,Expert,0.05,0.05,1,1196,94,0.0,0.0,0,0,2
No Tactical,5,595,train,strong,player_win,-10.0,5,100.0,5,Expert,0.05,0.05,1,1198,94,0.0,0.0,0,0,2
No Tactical,5,596,train,strong,player_win,-10.0,5,100.0,5,Expert,0.05,0.05,1,1200,94,0.0,0.0,0,0,2
No Tactical,5,597,train,strong,player_win,-10.0,5,100.0,5,Expert,0.05,0.05,1,1202,94,0.0,0.0,0,0,2
No Tactical,5,598,train,strong,player_win,-10.0,5,100.0,5,Expert,0.05,0.05,1,1204,94,0.0,0.0,0,0,2
No Tactical,5,599,train,strong,player_win,-10.0,5,100.0,5,Expert,0.05,0.05,1,1206,94,0.0,0.0,0,0,2
No Tactical,5,600,train,strong,player_win,-10.0,5,100.0,5,Expert,0.05,0.05,1,1208,94,0.0,0.0,0,0,2
No Tactical,5,601,train,strong,player_win,-10.0,5,100.0,5,Expert,0.05,0.05,1,1210,94,0.0,0.0,0,0,2
No Tactical,5,602,train,strong,player_win,-10.0,5,100.0,5,Expert,0.05,0.05,1,1212,94,0.0,0.0,0,1,1
No Tactical,5,603,train,strong,player_win,-10.0,5,100.0,5,Expert,0.05,0.05,1,1214,94,0.0,0.0,0,0,2
No Tactical,5,604,train,strong,player_win,-10.0,5,100.0,5,Expert,0.05,0.05,1,1216,94,0.0,0.0,0,0,2
No Tactical,5,605,train,strong,player_win,-10.0,5,100.0,5,Expert,0.05,0.05,1,1218,94,0.0,0.0,0,0,2
No Tactical,5,606,train,strong,player_win,-10.0,5,100.0,5,Expert,0.05,0.05,1,1220,94,0.0,0.0,0,0,2
No Tactical,5,607,train,strong,player_win,-10.0,5,100.0,5,Expert,0.05,0.05,1,1222,94,0.0,0.0,0,0,2
No Tactical,5,608,train,strong,player_win,-10.0,5,100.0,5,Expert,0.05,0.05,1,1224,94,0.0,0.0,0,0,2
No Tactical,5,609,train,strong,player_win,-10.0,5,100.0,5,Expert,0.05,0.05,1,1226,94,0.0,0.0,0,0,2
No Tactical,5,610,train,strong,player_win,-10.0,5,100.0,5,Expert,0.05,0.05,1,1228,94,0.0,0.0,0,0,2
No Tactical,5,611,train,strong,player_win,-10.0,5,100.0,5,Expert,0.05,0.05,1,1230,94,0.0,0.0,0,0,2
No Tactical,5,612,train,strong,player_win,-10.0,5,100.0,5,Expert,0.05,0.05,1,1232,94,0.0,0.0,0,0,2
No Tactical,5,613,train,strong,player_win,-10.0,5,100.0,5,Expert,0.05,0.05,1,1234,94,0.0,0.0,0,0,2
No Tactical,5,614,train,strong,player_win,-10.0,5,100.0,5,Expert,0.05,0.05,1,1236,94,0.0,0.0,0,0,2
No Tactical,5,615,train,strong,player_win,-10.0,5,100.0,5,Expert,0.05,0.05,1,1238,94,0.0,0.0,0,0,2
No Tactical,5,616,train,strong,player_win,-10.0,5,100.0,5,Expert,0.05,0.05,1,1240,94,0.0,0.0,0,1,1
No Tactical,5,617,train,strong,player_win,-10.0,5,100.0,5,Expert,0.05,0.05,1,1242,94,0.0,0.0,0,0,2
No Tactical,5,618,train,strong,player_win,-10.0,5,100.0,5,Expert,0.05,0.05,1,1244,94,0.0,0.0,0,0,2
No Tactical,5,619,train,strong,player_win,-10.0,5,100.0,5,Expert,0.05,0.05,1,1246,94,0.0,0.0,0,0,2
No Tactical,5,620,train,strong,player_win,-10.0,5,100.0,5,Expert,0.05,0.05,1,1248,94,0.0,0.0,0,0,2
No Tactical,5,621,train,strong,player_win,-10.0,5,100.0,5,Expert,0.05,0.05,1,1250,94,0.0,0.0,0,0,2
No Tactical,5,622,train,strong,player_win,-10.0,5,100.0,5,Expert,0.05,0.05,1,1252,94,0.0,0.0,0,0,2
No Tactical,5,623,train,strong,player_win,-10.0,5,100.0,5,Expert,0.05,0.05,1,1254,94,0.0,0.0,0,1,1
No Tactical,5,624,train,strong,player_win,-10.0,5,100.0,5,Expert,0.05,0.05,1,1256,94,0.0,0.0,0,0,2
No Tactical,5,625,train,strong,player_win,-10.0,5,100.0,5,Expert,0.05,0.05,1,1258,94,0.0,0.0,0,0,2
No Tactical,5,626,train,strong,player_win,-10.0,5,100.0,5,Expert,0.05,0.05,1,1260,94,0.0,0.0,0,0,2
No Tactical,5,627,train,strong,player_win,-10.0,5,100.0,5,Expert,0.05,0.05,1,1262,94,0.0,0.0,0,0,2
No Tactical,5,628,train,strong,player_win,-10.0,5,100.0,5,Expert,0.05,0.05,1,1264,94,0.0,0.0,0,0,2
No Tactical,5,629,train,strong,player_win,-10.0,5,100.0,5,Expert,0.05,0.05,1,1266,94,0.0,0.0,0,0,2
No Tactical,5,630,train,strong,player_win,-10.0,5,100.0,5,Expert,0.05,0.05,1,1268,94,0.0,0.0,0,0,2
No Tactical,5,631,train,strong,player_win,-10.0,5,100.0,5,Expert,0.05,0.05,1,1270,94,0.0,0.0,0,0,2
No Tactical,5,632,train,strong,player_win,-10.0,5,100.0,5,Expert,0.05,0.05,1,1272,94,0.0,0.0,0,0,2
No Tactical,5,633,train,strong,player_win,-10.0,5,100.0,5,Expert,0.05,0.05,1,1274,94,0.0,0.0,0,0,2
No Tactical,5,634,train,strong,player_win,-10.0,5,100.0,5,Expert,0.05,0.05,1,1276,94,0.0,0.0,0,0,2
No Tactical,5,635,train,strong,player_win,-10.0,5,100.0,5,Expert,0.05,0.05,1,1278,94,0.0,0.0,0,0,2
No Tactical,5,636,train,strong,player_win,-10.0,5,100.0,5,Expert,0.05,0.05,1,1280,94,0.0,0.0,0,0,2
No Tactical,5,637,train,strong,player_win,-10.0,5,100.0,5,Expert,0.05,0.05,1,1282,94,0.0,0.0,0,0,2
No Tactical,5,638,train,strong,player_win,-10.0,5,100.0,5,Expert,0.05,0.05,1,1284,94,0.0,0.0,0,0,2
No Tactical,5,639,train,strong,player_win,-10.0,5,100.0,5,Expert,0.05,0.05,1,1286,94,0.0,0.0,0,1,1
No Tactical,5,640,train,strong,player_win,-10.0,5,100.0,5,Expert,0.05,0.05,1,1288,94,0.0,0.0,0,1,1
No Tactical,5,641,train,strong,player_win,-10.0,5,100.0,5,Expert,0.05,0.05,1,1290,94,0.0,0.0,0,0,2
No Tactical,5,642,train,strong,player_win,-10.0,5,100.0,5,Expert,0.05,0.05,1,1292,94,0.0,0.0,0,0,2
No Tactical,5,643,train,strong,player_win,-10.0,5,100.0,5,Expert,0.05,0.05,1,1294,94,0.0,0.0,0,0,2
No Tactical,5,644,train,strong,player_win,-10.0,5,100.0,5,Expert,0.05,0.05,1,1296,94,0.0,0.0,0,0,2
No Tactical,5,645,train,strong,player_win,-10.0,5,100.0,5,Expert,0.05,0.05,1,1298,94,0.0,0.0,0,0,2
No Tactical,5,646,train,strong,player_win,-10.0,5,100.0,5,Expert,0.05,0.05,1,1300,94,0.0,0.0,0,0,2
No Tactical,5,647,train,strong,player_win,-10.0,5,100.0,5,Expert,0.05,0.05,1,1302,94,0.0,0.0,0,0,2
No Tactical,5,648,train,strong,player_win,-10.0,5,100.0,5,Expert,0.05,0.05,1,1304,94,0.0,0.0,0,0,2
No Tactical,5,649,train,strong,player_win,-10.0,5,100.0,5,Expert,0.05,0.05,1,1306,94,0.0,0.0,0,0,2
No Tactical,5,650,train,strong,player_win,-10.0,5,100.0,5,Expert,0.05,0.05,1,1308,94,0.0,0.0,0,1,1
No Tactical,5,651,train,strong,player_win,-10.0,5,100.0,5,Expert,0.05,0.05,1,1310,94,0.0,0.0,0,0,2
No Tactical,5,652,train,strong,player_win,-10.0,5,100.0,5,Expert,0.05,0.05,1,1312,94,0.0,0.0,0,0,2
No Tactical,5,653,train,strong,player_win,-10.0,5,100.0,5,Expert,0.05,0.05,1,1314,94,0.0,0.0,0,0,2
No Tactical,5,654,train,strong,player_win,-10.0,5,100.0,5,Expert,0.05,0.05,1,1316,94,0.0,0.0,0,0,2
No Tactical,5,655,train,strong,player_win,-10.0,5,100.0,5,Expert,0.05,0.05,1,1318,94,0.0,0.0,0,0,2
No Tactical,5,656,train,strong,player_win,-10.0,5,100.0,5,Expert,0.05,0.05,1,1320,94,0.0,0.0,0,0,2
No Tactical,5,657,train,strong,player_win,-10.0,5,100.0,5,Expert,0.05,0.05,1,1322,94,0.0,0.0,0,0,2
No Tactical,5,658,train,strong,player_win,-10.0,5,100.0,5,Expert,0.05,0.05,1,1324,94,0.0,0.0,0,0,2
No Tactical,5,659,train,strong,player_win,-10.0,5,100.0,5,Expert,0.05,0.05,1,1326,94,0.0,0.0,0,0,2
No Tactical,5,660,train,strong,player_win,-10.0,5,100.0,5,Expert,0.05,0.05,1,1328,94,0.0,0.0,0,0,2
No Tactical,5,661,train,strong,player_win,-10.0,5,100.0,5,Expert,0.05,0.05,1,1330,94,0.0,0.0,0,0,2
No Tactical,5,662,train,strong,player_win,-10.0,5,100.0,5,Expert,0.05,0.05,1,1332,94,0.0,0.0,0,0,2
No Tactical,5,663,train,strong,player_win,-10.0,5,100.0,5,Expert,0.05,0.05,1,1334,94,0.0,0.0,0,0,2
No Tactical,5,664,train,strong,player_win,-10.0,5,100.0,5,Expert,0.05,0.05,1,1336,94,0.0,0.0,0,0,2
No Tactical,5,665,train,strong,player_win,-10.0,5,100.0,5,Expert,0.05,0.05,1,1338,94,0.0,0.0,0,1,1
No Tactical,5,666,train,strong,player_win,-10.0,5,100.0,5,Expert,0.05,0.05,1,1340,94,0.0,0.0,0,0,2
No Tactical,5,667,train,strong,player_win,-10.0,5,100.0,5,Expert,0.05,0.05,1,1342,94,0.0,0.0,0,0,2
No Tactical,5,668,train,strong,player_win,-10.0,5,100.0,5,Expert,0.05,0.05,1,1344,94,0.0,0.0,0,0,2
No Tactical,5,669,train,strong,player_win,-10.0,5,100.0,5,Expert,0.05,0.05,1,1346,94,0.0,0.0,0,0,2
No Tactical,5,670,train,strong,player_win,-10.0,5,100.0,5,Expert,0.05,0.05,1,1348,94,0.0,0.0,0,0,2
No Tactical,5,671,train,strong,player_win,-10.0,5,100.0,5,Expert,0.05,0.05,1,1350,94,0.0,0.0,0,0,2
No Tactical,5,672,train,strong,player_win,-10.0,5,100.0,5,Expert,0.05,0.05,1,1352,94,0.0,0.0,0,0,2
No Tactical,5,673,train,strong,player_win,-10.0,5,100.0,5,Expert,0.05,0.05,1,1354,94,0.0,0.0,0,0,2
No Tactical,5,674,train,strong,player_win,-10.0,5,100.0,5,Expert,0.05,0.05,1,1356,94,0.0,0.0,0,0,2
No Tactical,5,675,train,strong,player_win,-10.0,5,100.0,5,Expert,0.05,0.05,1,1358,94,0.0,0.0,0,0,2
No Tactical,5,676,train,strong,player_win,-10.0,5,100.0,5,Expert,0.05,0.05,1,1360,94,0.0,0.0,0,0,2
No Tactical,5,677,train,strong,player_win,-10.0,5,100.0,5,Expert,0.05,0.05,1,1362,94,0.0,0.0,0,0,2
No Tactical,5,678,train,strong,player_win,-10.0,5,100.0,5,Expert,0.05,0.05,1,1364,94,0.0,0.0,0,0,2
No Tactical,5,679,train,strong,player_win,-10.0,5,100.0,5,Expert,0.05,0.05,1,1366,94,0.0,0.0,0,0,2
No Tactical,5,680,train,strong,player_win,-10.0,5,100.0,5,Expert,0.05,0.05,1,1368,94,0.0,0.0,0,0,2
No Tactical,5,681,train,strong,player_win,-10.0,5,100.0,5,Expert,0.05,0.05,1,1370,94,0.0,0.0,0,0,2
No Tactical,5,682,train,strong,player_win,-10.0,5,100.0,5,Expert,0.05,0.05,1,1372,94,0.0,0.0,0,0,2
No Tactical,5,683,train,strong,player_win,-10.0,5,100.0,5,Expert,0.05,0.05,1,1374,94,0.0,0.0,0,0,2
No Tactical,5,684,train,strong,player_win,-10.0,5,100.0,5,Expert,0.05,0.05,1,1376,94,0.0,0.0,0,0,2
No Tactical,5,685,train,strong,player_win,-10.0,5,100.0,5,Expert,0.05,0.05,1,1378,94,0.0,0.0,0,0,2
No Tactical,5,686,train,strong,player_win,-10.0,5,100.0,5,Expert,0.05,0.05,1,1380,94,0.0,0.0,0,0,2
No Tactical,5,687,train,strong,player_win,-10.0,5,100.0,5,Expert,0.05,0.05,1,1382,94,0.0,0.0,0,0,2
No Tactical,5,688,train,strong,player_win,-10.0,5,100.0,5,Expert,0.05,0.05,1,1384,94,0.0,0.0,0,0,2
No Tactical,5,689,train,strong,player_win,-10.0,5,100.0,5,Expert,0.05,0.05,1,1386,94,0.0,0.0,0,0,2
No Tactical,5,690,train,strong,player_win,-10.0,5,100.0,5,Expert,0.05,0.05,1,1388,94,0.0,0.0,0,0,2
No Tactical,5,691,train,strong,player_win,-10.0,5,100.0,5,Expert,0.05,0.05,1,1390,94,0.0,0.0,0,0,2
No Tactical,5,692,train,strong,player_win,-10.0,5,100.0,5,Expert,0.05,0.05,1,1392,94,0.0,0.0,0,0,2
No Tactical,5,693,train,strong,player_win,-10.0,5,100.0,5,Expert,0.05,0.05,1,1394,94,0.0,0.0,0,0,2
No Tactical,5,694,train,strong,player_win,-10.0,5,100.0,5,Expert,0.05,0.05,1,1396,94,0.0,0.0,0,0,2
No Tactical,5,695,train,strong,player_win,-10.0,5,100.0,5,Expert,0.05,0.05,1,1398,94,0.0,0.0,0,0,2
No Tactical,5,696,train,strong,player_win,-10.0,5,100.0,5,Expert,0.05,0.05,1,1400,94,0.0,0.0,0,0,2
No Tactical,5,697,train,strong,player_win,-10.0,5,100.0,5,Expert,0.05,0.05,1,1402,94,0.0,0.0,0,0,2
No Tactical,5,698,train,strong,player_win,-10.0,5,100.0,5,Expert,0.05,0.05,1,1404,94,0.0,0.0,0,1,1
No Tactical,5,699,train,strong,player_win,-10.0,5,100.0,5,Expert,0.05,0.05,1,1406,94,0.0,0.0,0,0,2
No Tactical,5,700,train,strong,player_win,-10.0,5,100.0,5,Expert,0.05,0.05,1,1408,94,0.0,0.0,0,1,1
No Tactical,5,701,train,strong,player_win,-10.0,5,100.0,5,Expert,0.05,0.05,1,1410,94,0.0,0.0,0,0,2
No Tactical,5,702,train,strong,player_win,-10.0,5,100.0,5,Expert,0.05,0.05,1,1412,94,0.0,0.0,0,0,2
No Tactical,5,703,train,strong,player_win,-10.0,5,100.0,5,Expert,0.05,0.05,1,1414,94,0.0,0.0,0,0,2
No Tactical,5,704,train,strong,player_win,-10.0,5,100.0,5,Expert,0.05,0.05,1,1416,94,0.0,0.0,0,0,2
No Tactical,5,705,train,strong,player_win,-10.0,5,100.0,5,Expert,0.05,0.05,1,1418,94,0.0,0.0,0,0,2
No Tactical,5,706,train,strong,player_win,-10.0,5,100.0,5,Expert,0.05,0.05,1,1420,94,0.0,0.0,0,0,2
No Tactical,5,707,train,strong,player_win,-10.0,5,100.0,5,Expert,0.05,0.05,1,1422,94,0.0,0.0,0,0,2
No Tactical,5,708,train,strong,player_win,-10.0,5,100.0,5,Expert,0.05,0.05,1,1424,94,0.0,0.0,0,0,2
No Tactical,5,709,train,strong,player_win,-10.0,5,100.0,5,Expert,0.05,0.05,1,1426,94,0.0,0.0,0,0,2
No Tactical,5,710,train,strong,player_win,-10.0,5,100.0,5,Expert,0.05,0.05,1,1428,94,0.0,0.0,0,0,2
No Tactical,5,711,train,strong,player_win,-10.0,5,100.0,5,Expert,0.05,0.05,1,1430,94,0.0,0.0,0,0,2
No Tactical,5,712,train,strong,player_win,-10.0,5,100.0,5,Expert,0.05,0.05,1,1432,94,0.0,0.0,0,0,2
No Tactical,5,713,train,strong,player_win,-10.0,5,100.0,5,Expert,0.05,0.05,1,1434,94,0.0,0.0,0,0,2
No Tactical,5,714,train,strong,player_win,-10.0,5,100.0,5,Expert,0.05,0.05,1,1436,94,0.0,0.0,0,0,2
No Tactical,5,715,train,strong,player_win,-10.0,5,100.0,5,Expert,0.05,0.05,1,1438,94,0.0,0.0,0,0,2
No Tactical,5,716,train,strong,player_win,-10.0,5,100.0,5,Expert,0.05,0.05,1,1440,94,0.0,0.0,0,0,2
No Tactical,5,717,train,strong,player_win,-10.0,5,100.0,5,Expert,0.05,0.05,1,1442,94,0.0,0.0,0,0,2
No Tactical,5,718,train,strong,player_win,-10.0,5,100.0,5,Expert,0.05,0.05,1,1444,94,0.0,0.0,0,0,2
No Tactical,5,719,train,strong,player_win,-10.0,5,100.0,5,Expert,0.05,0.05,1,1446,94,0.0,0.0,0,0,2
No Tactical,5,720,train,strong,player_win,-10.0,5,100.0,5,Expert,0.05,0.05,1,1448,94,0.0,0.0,0,0,2
No Tactical,5,721,train,strong,player_win,-10.0,5,100.0,5,Expert,0.05,0.05,1,1450,94,0.0,0.0,0,0,2
No Tactical,5,722,train,strong,player_win,-10.0,5,100.0,5,Expert,0.05,0.05,1,1452,94,0.0,0.0,0,0,2
No Tactical,5,723,train,strong,player_win,-10.0,5,100.0,5,Expert,0.05,0.05,1,1454,94,0.0,0.0,0,0,2
No Tactical,5,724,train,strong,player_win,-10.0,5,100.0,5,Expert,0.05,0.05,1,1456,94,0.0,0.0,0,0,2
No Tactical,5,725,train,strong,player_win,-10.0,5,100.0,5,Expert,0.05,0.05,1,1458,94,0.0,0.0,0,0,2
No Tactical,5,726,train,strong,player_win,-10.0,5,100.0,5,Expert,0.05,0.05,1,1460,94,0.0,0.0,0,0,2
No Tactical,5,727,train,strong,player_win,-10.0,5,100.0,5,Expert,0.05,0.05,1,1462,94,0.0,0.0,0,0,2
No Tactical,5,728,train,strong,player_win,-10.0,5,100.0,5,Expert,0.05,0.05,1,1464,94,0.0,0.0,0,0,2
No Tactical,5,729,train,strong,player_win,-10.0,5,100.0,5,Expert,0.05,0.05,1,1466,94,0.0,0.0,0,0,2
No Tactical,5,730,train,strong,player_win,-10.0,5,100.0,5,Expert,0.05,0.05,1,1468,94,0.0,0.0,0,0,2
No Tactical,5,731,train,strong,player_win,-10.0,5,100.0,5,Expert,0.05,0.05,1,1470,94,0.0,0.0,0,0,2
No Tactical,5,732,train,strong,player_win,-10.0,5,100.0,5,Expert,0.05,0.05,1,1472,94,0.0,0.0,0,0,2
No Tactical,5,733,train,strong,player_win,-10.0,5,100.0,5,Expert,0.05,0.05,1,1474,94,0.0,0.0,0,0,2
No Tactical,5,734,train,strong,player_win,-10.0,5,100.0,5,Expert,0.05,0.05,1,1476,94,0.0,0.0,0,0,2
No Tactical,5,735,train,strong,player_win,-10.0,5,100.0,5,Expert,0.05,0.05,1,1478,94,0.0,0.0,0,0,2
No Tactical,5,736,train,strong,player_win,-10.0,5,100.0,5,Expert,0.05,0.05,1,1480,94,0.0,0.0,0,0,2
No Tactical,5,737,train,strong,player_win,-10.0,5,100.0,5,Expert,0.05,0.05,1,1482,94,0.0,0.0,0,0,2
No Tactical,5,738,train,strong,player_win,-10.0,5,100.0,5,Expert,0.05,0.05,1,1484,94,0.0,0.0,0,0,2
No Tactical,5,739,train,strong,player_win,-10.0,5,100.0,5,Expert,0.05,0.05,1,1486,94,0.0,0.0,0,0,2
No Tactical,5,740,train,strong,player_win,-10.0,5,100.0,5,Expert,0.05,0.05,1,1488,94,0.0,0.0,0,0,2
No Tactical,5,741,train,strong,player_win,-10.0,5,100.0,5,Expert,0.05,0.05,1,1490,94,0.0,0.0,0,1,1
No Tactical,5,742,train,strong,player_win,-10.0,5,100.0,5,Expert,0.05,0.05,1,1492,94,0.0,0.0,0,0,2
No Tactical,5,743,train,strong,player_win,-10.0,5,100.0,5,Expert,0.05,0.05,1,1494,94,0.0,0.0,0,0,2
No Tactical,5,744,train,strong,player_win,-10.0,5,100.0,5,Expert,0.05,0.05,1,1496,94,0.0,0.0,0,0,2
No Tactical,5,745,train,strong,player_win,-10.0,5,100.0,5,Expert,0.05,0.05,1,1498,94,0.0,0.0,0,0,2
No Tactical,5,746,train,strong,player_win,-10.0,5,100.0,5,Expert,0.05,0.05,1,1500,94,0.0,0.0,0,0,2
No Tactical,5,747,train,strong,player_win,-10.0,5,100.0,5,Expert,0.05,0.05,1,1502,94,0.0,0.0,0,0,2
No Tactical,5,748,train,strong,player_win,-10.0,5,100.0,5,Expert,0.05,0.05,1,1504,94,0.0,0.0,0,0,2
No Tactical,5,749,train,strong,player_win,-10.0,5,100.0,5,Expert,0.05,0.05,1,1506,94,0.0,0.0,0,0,2
No Tactical,5,750,train,strong,player_win,-10.0,5,100.0,5,Expert,0.05,0.05,1,1508,94,0.0,0.0,0,0,2
No Tactical,5,751,train,strong,player_win,-10.0,5,100.0,5,Expert,0.05,0.05,1,1510,94,0.0,0.0,0,0,2
No Tactical,5,752,train,strong,player_win,-10.0,5,100.0,5,Expert,0.05,0.05,1,1512,94,0.0,0.0,0,0,2
No Tactical,5,753,train,strong,player_win,-10.0,5,100.0,5,Expert,0.05,0.05,1,1514,94,0.0,0.0,0,0,2
No Tactical,5,754,train,strong,player_win,-10.0,5,100.0,5,Expert,0.05,0.05,1,1516,94,0.0,0.0,0,0,2
No Tactical,5,755,train,strong,player_win,-10.0,5,100.0,5,Expert,0.05,0.05,1,1518,94,0.0,0.0,0,0,2
No Tactical,5,756,train,strong,player_win,-10.0,5,100.0,5,Expert,0.05,0.05,1,1520,94,0.0,0.0,0,0,2
No Tactical,5,757,train,strong,player_win,-10.0,5,100.0,5,Expert,0.05,0.05,1,1522,94,0.0,0.0,0,0,2
No Tactical,5,758,train,strong,player_win,-10.0,5,100.0,5,Expert,0.05,0.05,1,1524,94,0.0,0.0,0,0,2
No Tactical,5,759,train,strong,player_win,-10.0,5,100.0,5,Expert,0.05,0.05,1,1526,94,0.0,0.0,0,0,2
No Tactical,5,760,train,strong,player_win,-10.0,5,100.0,5,Expert,0.05,0.05,1,1528,94,0.0,0.0,0,0,2
No Tactical,5,761,train,strong,player_win,-10.0,5,100.0,5,Expert,0.05,0.05,1,1530,94,0.0,0.0,0,0,2
No Tactical,5,762,train,strong,player_win,-10.0,5,100.0,5,Expert,0.05,0.05,1,1532,94,0.0,0.0,0,0,2
No Tactical,5,763,train,strong,player_win,-10.0,5,100.0,5,Expert,0.05,0.05,1,1534,94,0.0,0.0,0,0,2
No Tactical,5,764,train,strong,player_win,-10.0,5,100.0,5,Expert,0.05,0.05,1,1536,94,0.0,0.0,0,0,2
No Tactical,5,765,train,strong,player_win,-10.0,5,100.0,5,Expert,0.05,0.05,1,1538,94,0.0,0.0,0,0,2
No Tactical,5,766,train,strong,player_win,-10.0,5,100.0,5,Expert,0.05,0.05,1,1540,94,0.0,0.0,0,0,2
No Tactical,5,767,train,strong,player_win,-10.0,5,100.0,5,Expert,0.05,0.05,1,1542,94,0.0,0.0,0,0,2
No Tactical,5,768,train,strong,player_win,-10.0,5,100.0,5,Expert,0.05,0.05,1,1544,94,0.0,0.0,0,0,2
No Tactical,5,769,train,strong,player_win,-10.0,5,100.0,5,Expert,0.05,0.05,1,1546,94,0.0,0.0,0,0,2
No Tactical,5,770,train,strong,player_win,-10.0,5,100.0,5,Expert,0.05,0.05,1,1548,94,0.0,0.0,0,0,2
No Tactical,5,771,train,strong,player_win,-10.0,5,100.0,5,Expert,0.05,0.05,1,1550,94,0.0,0.0,0,0,2
No Tactical,5,772,train,strong,player_win,-10.0,5,100.0,5,Expert,0.05,0.05,1,1552,94,0.0,0.0,0,0,2
No Tactical,5,773,train,strong,player_win,-10.0,5,100.0,5,Expert,0.05,0.05,1,1554,94,0.0,0.0,0,0,2
No Tactical,5,774,train,strong,player_win,-10.0,5,100.0,5,Expert,0.05,0.05,1,1556,94,0.0,0.0,0,0,2
No Tactical,5,775,train,strong,player_win,-10.0,5,100.0,5,Expert,0.05,0.05,1,1558,94,0.0,0.0,0,0,2
No Tactical,5,776,train,strong,player_win,-10.0,5,100.0,5,Expert,0.05,0.05,1,1560,94,0.0,0.0,0,0,2
No Tactical,5,777,train,strong,player_win,-10.0,5,100.0,5,Expert,0.05,0.05,1,1562,94,0.0,0.0,0,0,2
No Tactical,5,778,train,strong,player_win,-10.0,5,100.0,5,Expert,0.05,0.05,1,1564,94,0.0,0.0,0,0,2
No Tactical,5,779,train,strong,player_win,-10.0,5,100.0,5,Expert,0.05,0.05,1,1566,94,0.0,0.0,0,0,2
No Tactical,5,780,train,strong,player_win,-10.0,5,100.0,5,Expert,0.05,0.05,1,1568,94,0.0,0.0,0,0,2
No Tactical,5,781,train,strong,player_win,-10.0,5,100.0,5,Expert,0.05,0.05,1,1570,94,0.0,0.0,0,0,2
No Tactical,5,782,train,strong,player_win,-10.0,5,100.0,5,Expert,0.05,0.05,1,1572,94,0.0,0.0,0,1,1
No Tactical,5,783,train,strong,player_win,-10.0,5,100.0,5,Expert,0.05,0.05,1,1574,94,0.0,0.0,0,0,2
No Tactical,5,784,train,strong,player_win,-10.0,5,100.0,5,Expert,0.05,0.05,1,1576,94,0.0,0.0,0,0,2
No Tactical,5,785,train,strong,player_win,-10.0,5,100.0,5,Expert,0.05,0.05,1,1578,94,0.0,0.0,0,0,2
No Tactical,5,786,train,strong,player_win,-10.0,5,100.0,5,Expert,0.05,0.05,1,1580,94,0.0,0.0,0,0,2
No Tactical,5,787,train,strong,player_win,-10.0,5,100.0,5,Expert,0.05,0.05,1,1582,94,0.0,0.0,0,0,2
No Tactical,5,788,train,strong,player_win,-10.0,5,100.0,5,Expert,0.05,0.05,1,1584,94,0.0,0.0,0,0,2
No Tactical,5,789,train,strong,player_win,-10.0,5,100.0,5,Expert,0.05,0.05,1,1586,94,0.0,0.0,0,0,2
No Tactical,5,790,train,strong,player_win,-10.0,5,100.0,5,Expert,0.05,0.05,1,1588,94,0.0,0.0,0,0,2
No Tactical,5,791,train,strong,player_win,-10.0,5,100.0,5,Expert,0.05,0.05,1,1590,94,0.0,0.0,0,0,2
No Tactical,5,792,train,strong,player_win,-10.0,5,100.0,5,Expert,0.05,0.05,1,1592,94,0.0,0.0,0,0,2
No Tactical,5,793,train,strong,player_win,-10.0,5,100.0,5,Expert,0.05,0.05,1,1594,94,0.0,0.0,0,0,2
No Tactical,5,794,train,strong,player_win,-10.0,5,100.0,5,Expert,0.05,0.05,1,1596,94,0.0,0.0,0,0,2
No Tactical,5,795,train,strong,player_win,-10.0,5,100.0,5,Expert,0.05,0.05,1,1598,94,0.0,0.0,0,0,2
No Tactical,5,796,train,strong,player_win,-10.0,5,100.0,5,Expert,0.05,0.05,1,1600,94,0.0,0.0,0,0,2
No Tactical,5,797,train,strong,player_win,-10.0,5,100.0,5,Expert,0.05,0.05,1,1602,94,0.0,0.0,0,0,2
No Tactical,5,798,train,strong,player_win,-10.0,5,100.0,5,Expert,0.05,0.05,1,1604,94,0.0,0.0,0,0,2
No Tactical,5,799,train,strong,player_win,-10.0,7,100.0,5,Expert,0.05,0.05,1,1607,94,0.0,0.0,0,0,3
No Tactical,5,800,train,strong,player_win,-10.0,5,100.0,5,Expert,0.05,0.05,1,1609,94,0.0,0.0,0,0,2
No Tactical,5,801,eval,strong,player_win,-10.0,5,100.0,5,Expert,0.05,0.0,0,1609,94,0.0,0.0,0,0,2
No Tactical,5,802,eval,strong,player_win,-10.0,5,100.0,5,Expert,0.05,0.0,0,1609,94,0.0,0.0,0,0,2
No Tactical,5,803,eval,strong,player_win,-10.0,5,100.0,5,Expert,0.05,0.0,0,1609,94,0.0,0.0,0,0,2
No Tactical,5,804,eval,strong,player_win,-10.0,5,100.0,5,Expert,0.05,0.0,0,1609,94,0.0,0.0,0,0,2
No Tactical,5,805,eval,strong,player_win,-10.0,5,100.0,5,Expert,0.05,0.0,0,1609,94,0.0,0.0,0,0,2
No Tactical,5,806,eval,strong,player_win,-10.0,5,100.0,5,Expert,0.05,0.0,0,1609,94,0.0,0.0,0,0,2
No Tactical,5,807,eval,strong,player_win,-10.0,5,100.0,5,Expert,0.05,0.0,0,1609,94,0.0,0.0,0,0,2
No Tactical,5,808,eval,strong,player_win,-10.0,5,100.0,5,Expert,0.05,0.0,0,1609,94,0.0,0.0,0,0,2
No Tactical,5,809,eval,strong,player_win,-10.0,5,100.0,5,Expert,0.05,0.0,0,1609,94,0.0,0.0,0,0,2
No Tactical,5,810,eval,strong,player_win,-10.0,5,100.0,5,Expert,0.05,0.0,0,1609,94,0.0,0.0,0,0,2
No Tactical,5,811,eval,strong,player_win,-10.0,5,100.0,5,Expert,0.05,0.0,0,1609,94,0.0,0.0,0,0,2
No Tactical,5,812,eval,strong,player_win,-10.0,5,100.0,5,Expert,0.05,0.0,0,1609,94,0.0,0.0,0,0,2
No Tactical,5,813,eval,strong,player_win,-10.0,5,100.0,5,Expert,0.05,0.0,0,1609,94,0.0,0.0,0,0,2
No Tactical,5,814,eval,strong,player_win,-10.0,5,100.0,5,Expert,0.05,0.0,0,1609,94,0.0,0.0,0,0,2
No Tactical,5,815,eval,strong,player_win,-10.0,5,100.0,5,Expert,0.05,0.0,0,1609,94,0.0,0.0,0,0,2
No Tactical,5,816,eval,strong,player_win,-10.0,5,100.0,5,Expert,0.05,0.0,0,1609,94,0.0,0.0,0,0,2
No Tactical,5,817,eval,strong,player_win,-10.0,5,100.0,5,Expert,0.05,0.0,0,1609,94,0.0,0.0,0,0,2
No Tactical,5,818,eval,strong,player_win,-10.0,5,100.0,5,Expert,0.05,0.0,0,1609,94,0.0,0.0,0,0,2
No Tactical,5,819,eval,strong,player_win,-10.0,5,100.0,5,Expert,0.05,0.0,0,1609,94,0.0,0.0,0,0,2
No Tactical,5,820,eval,strong,player_win,-10.0,5,100.0,5,Expert,0.05,0.0,0,1609,94,0.0,0.0,0,0,2
No Tactical,5,821,eval,strong,player_win,-10.0,5,100.0,5,Expert,0.05,0.0,0,1609,94,0.0,0.0,0,0,2
No Tactical,5,822,eval,strong,player_win,-10.0,5,100.0,5,Expert,0.05,0.0,0,1609,94,0.0,0.0,0,0,2
No Tactical,5,823,eval,strong,player_win,-10.0,5,100.0,5,Expert,0.05,0.0,0,1609,94,0.0,0.0,0,0,2
No Tactical,5,824,eval,strong,player_win,-10.0,5,100.0,5,Expert,0.05,0.0,0,1609,94,0.0,0.0,0,0,2
No Tactical,5,825,eval,strong,player_win,-10.0,5,100.0,5,Expert,0.05,0.0,0,1609,94,0.0,0.0,0,0,2
No Tactical,5,826,eval,strong,player_win,-10.0,5,100.0,5,Expert,0.05,0.0,0,1609,94,0.0,0.0,0,0,2
No Tactical,5,827,eval,strong,player_win,-10.0,5,100.0,5,Expert,0.05,0.0,0,1609,94,0.0,0.0,0,0,2
No Tactical,5,828,eval,strong,player_win,-10.0,5,100.0,5,Expert,0.05,0.0,0,1609,94,0.0,0.0,0,0,2
No Tactical,5,829,eval,strong,player_win,-10.0,5,100.0,5,Expert,0.05,0.0,0,1609,94,0.0,0.0,0,0,2
No Tactical,5,830,eval,strong,player_win,-10.0,5,100.0,5,Expert,0.05,0.0,0,1609,94,0.0,0.0,0,0,2
No Tactical,5,831,eval,strong,player_win,-10.0,5,100.0,5,Expert,0.05,0.0,0,1609,94,0.0,0.0,0,0,2
No Tactical,5,832,eval,strong,player_win,-10.0,5,100.0,5,Expert,0.05,0.0,0,1609,94,0.0,0.0,0,0,2
No Tactical,5,833,eval,strong,player_win,-10.0,5,100.0,5,Expert,0.05,0.0,0,1609,94,0.0,0.0,0,0,2
No Tactical,5,834,eval,strong,player_win,-10.0,5,100.0,5,Expert,0.05,0.0,0,1609,94,0.0,0.0,0,0,2
No Tactical,5,835,eval,strong,player_win,-10.0,5,100.0,5,Expert,0.05,0.0,0,1609,94,0.0,0.0,0,0,2
No Tactical,5,836,eval,strong,player_win,-10.0,5,100.0,5,Expert,0.05,0.0,0,1609,94,0.0,0.0,0,0,2
No Tactical,5,837,eval,strong,player_win,-10.0,5,100.0,5,Expert,0.05,0.0,0,1609,94,0.0,0.0,0,0,2
No Tactical,5,838,eval,strong,player_win,-10.0,5,100.0,5,Expert,0.05,0.0,0,1609,94,0.0,0.0,0,0,2
No Tactical,5,839,eval,strong,player_win,-10.0,5,100.0,5,Expert,0.05,0.0,0,1609,94,0.0,0.0,0,0,2
No Tactical,5,840,eval,strong,player_win,-10.0,5,100.0,5,Expert,0.05,0.0,0,1609,94,0.0,0.0,0,0,2
No Tactical,5,841,eval,strong,player_win,-10.0,5,100.0,5,Expert,0.05,0.0,0,1609,94,0.0,0.0,0,0,2
No Tactical,5,842,eval,strong,player_win,-10.0,5,100.0,5,Expert,0.05,0.0,0,1609,94,0.0,0.0,0,0,2
No Tactical,5,843,eval,strong,player_win,-10.0,5,100.0,5,Expert,0.05,0.0,0,1609,94,0.0,0.0,0,0,2
No Tactical,5,844,eval,strong,player_win,-10.0,5,100.0,5,Expert,0.05,0.0,0,1609,94,0.0,0.0,0,0,2
No Tactical,5,845,eval,strong,player_win,-10.0,5,100.0,5,Expert,0.05,0.0,0,1609,94,0.0,0.0,0,0,2
No Tactical,5,846,eval,strong,player_win,-10.0,5,100.0,5,Expert,0.05,0.0,0,1609,94,0.0,0.0,0,0,2
No Tactical,5,847,eval,strong,player_win,-10.0,5,100.0,5,Expert,0.05,0.0,0,1609,94,0.0,0.0,0,0,2
No Tactical,5,848,eval,strong,player_win,-10.0,5,100.0,5,Expert,0.05,0.0,0,1609,94,0.0,0.0,0,0,2
No Tactical,5,849,eval,strong,player_win,-10.0,5,100.0,5,Expert,0.05,0.0,0,1609,94,0.0,0.0,0,0,2
No Tactical,5,850,eval,strong,player_win,-10.0,5,100.0,5,Expert,0.05,0.0,0,1609,94,0.0,0.0,0,0,2
No Tactical,5,851,eval,strong,player_win,-10.0,5,100.0,5,Expert,0.05,0.0,0,1609,94,0.0,0.0,0,0,2
No Tactical,5,852,eval,strong,player_win,-10.0,5,100.0,5,Expert,0.05,0.0,0,1609,94,0.0,0.0,0,0,2
No Tactical,5,853,eval,strong,player_win,-10.0,5,100.0,5,Expert,0.05,0.0,0,1609,94,0.0,0.0,0,0,2
No Tactical,5,854,eval,strong,player_win,-10.0,5,100.0,5,Expert,0.05,0.0,0,1609,94,0.0,0.0,0,0,2
No Tactical,5,855,eval,strong,player_win,-10.0,5,100.0,5,Expert,0.05,0.0,0,1609,94,0.0,0.0,0,0,2
No Tactical,5,856,eval,strong,player_win,-10.0,5,100.0,5,Expert,0.05,0.0,0,1609,94,0.0,0.0,0,0,2
No Tactical,5,857,eval,strong,player_win,-10.0,5,100.0,5,Expert,0.05,0.0,0,1609,94,0.0,0.0,0,0,2
No Tactical,5,858,eval,strong,player_win,-10.0,5,100.0,5,Expert,0.05,0.0,0,1609,94,0.0,0.0,0,0,2
No Tactical,5,859,eval,strong,player_win,-10.0,5,100.0,5,Expert,0.05,0.0,0,1609,94,0.0,0.0,0,0,2
No Tactical,5,860,eval,strong,player_win,-10.0,5,100.0,5,Expert,0.05,0.0,0,1609,94,0.0,0.0,0,0,2
No Tactical,5,861,eval,strong,player_win,-10.0,5,100.0,5,Expert,0.05,0.0,0,1609,94,0.0,0.0,0,0,2
No Tactical,5,862,eval,strong,player_win,-10.0,5,100.0,5,Expert,0.05,0.0,0,1609,94,0.0,0.0,0,0,2
No Tactical,5,863,eval,strong,player_win,-10.0,5,100.0,5,Expert,0.05,0.0,0,1609,94,0.0,0.0,0,0,2
No Tactical,5,864,eval,strong,player_win,-10.0,5,100.0,5,Expert,0.05,0.0,0,1609,94,0.0,0.0,0,0,2
No Tactical,5,865,eval,strong,player_win,-10.0,5,100.0,5,Expert,0.05,0.0,0,1609,94,0.0,0.0,0,0,2
No Tactical,5,866,eval,strong,player_win,-10.0,5,100.0,5,Expert,0.05,0.0,0,1609,94,0.0,0.0,0,0,2
No Tactical,5,867,eval,strong,player_win,-10.0,5,100.0,5,Expert,0.05,0.0,0,1609,94,0.0,0.0,0,0,2
No Tactical,5,868,eval,strong,player_win,-10.0,5,100.0,5,Expert,0.05,0.0,0,1609,94,0.0,0.0,0,0,2
No Tactical,5,869,eval,strong,player_win,-10.0,5,100.0,5,Expert,0.05,0.0,0,1609,94,0.0,0.0,0,0,2
No Tactical,5,870,eval,strong,player_win,-10.0,5,100.0,5,Expert,0.05,0.0,0,1609,94,0.0,0.0,0,0,2
No Tactical,5,871,eval,strong,player_win,-10.0,5,100.0,5,Expert,0.05,0.0,0,1609,94,0.0,0.0,0,0,2
No Tactical,5,872,eval,strong,player_win,-10.0,5,100.0,5,Expert,0.05,0.0,0,1609,94,0.0,0.0,0,0,2
No Tactical,5,873,eval,strong,player_win,-10.0,5,100.0,5,Expert,0.05,0.0,0,1609,94,0.0,0.0,0,0,2
No Tactical,5,874,eval,strong,player_win,-10.0,5,100.0,5,Expert,0.05,0.0,0,1609,94,0.0,0.0,0,0,2
No Tactical,5,875,eval,strong,player_win,-10.0,5,100.0,5,Expert,0.05,0.0,0,1609,94,0.0,0.0,0,0,2
No Tactical,5,876,eval,strong,player_win,-10.0,5,100.0,5,Expert,0.05,0.0,0,1609,94,0.0,0.0,0,0,2
No Tactical,5,877,eval,strong,player_win,-10.0,5,100.0,5,Expert,0.05,0.0,0,1609,94,0.0,0.0,0,0,2
No Tactical,5,878,eval,strong,player_win,-10.0,5,100.0,5,Expert,0.05,0.0,0,1609,94,0.0,0.0,0,0,2
No Tactical,5,879,eval,strong,player_win,-10.0,5,100.0,5,Expert,0.05,0.0,0,1609,94,0.0,0.0,0,0,2
No Tactical,5,880,eval,strong,player_win,-10.0,5,100.0,5,Expert,0.05,0.0,0,1609,94,0.0,0.0,0,0,2
No Tactical,5,881,eval,strong,player_win,-10.0,5,100.0,5,Expert,0.05,0.0,0,1609,94,0.0,0.0,0,0,2
No Tactical,5,882,eval,strong,player_win,-10.0,5,100.0,5,Expert,0.05,0.0,0,1609,94,0.0,0.0,0,0,2
No Tactical,5,883,eval,strong,player_win,-10.0,5,100.0,5,Expert,0.05,0.0,0,1609,94,0.0,0.0,0,0,2
No Tactical,5,884,eval,strong,player_win,-10.0,5,100.0,5,Expert,0.05,0.0,0,1609,94,0.0,0.0,0,0,2
No Tactical,5,885,eval,strong,player_win,-10.0,5,100.0,5,Expert,0.05,0.0,0,1609,94,0.0,0.0,0,0,2
No Tactical,5,886,eval,strong,player_win,-10.0,5,100.0,5,Expert,0.05,0.0,0,1609,94,0.0,0.0,0,0,2
No Tactical,5,887,eval,strong,player_win,-10.0,5,100.0,5,Expert,0.05,0.0,0,1609,94,0.0,0.0,0,0,2
No Tactical,5,888,eval,strong,player_win,-10.0,5,100.0,5,Expert,0.05,0.0,0,1609,94,0.0,0.0,0,0,2
No Tactical,5,889,eval,strong,player_win,-10.0,5,100.0,5,Expert,0.05,0.0,0,1609,94,0.0,0.0,0,0,2
No Tactical,5,890,eval,strong,player_win,-10.0,5,100.0,5,Expert,0.05,0.0,0,1609,94,0.0,0.0,0,0,2
No Tactical,5,891,eval,strong,player_win,-10.0,5,100.0,5,Expert,0.05,0.0,0,1609,94,0.0,0.0,0,0,2
No Tactical,5,892,eval,strong,player_win,-10.0,5,100.0,5,Expert,0.05,0.0,0,1609,94,0.0,0.0,0,0,2
No Tactical,5,893,eval,strong,player_win,-10.0,5,100.0,5,Expert,0.05,0.0,0,1609,94,0.0,0.0,0,0,2
No Tactical,5,894,eval,strong,player_win,-10.0,5,100.0,5,Expert,0.05,0.0,0,1609,94,0.0,0.0,0,0,2
No Tactical,5,895,eval,strong,player_win,-10.0,5,100.0,5,Expert,0.05,0.0,0,1609,94,0.0,0.0,0,0,2
No Tactical,5,896,eval,strong,player_win,-10.0,5,100.0,5,Expert,0.05,0.0,0,1609,94,0.0,0.0,0,0,2
No Tactical,5,897,eval,strong,player_win,-10.0,5,100.0,5,Expert,0.05,0.0,0,1609,94,0.0,0.0,0,0,2
No Tactical,5,898,eval,strong,player_win,-10.0,5,100.0,5,Expert,0.05,0.0,0,1609,94,0.0,0.0,0,0,2
No Tactical,5,899,eval,strong,player_win,-10.0,5,100.0,5,Expert,0.05,0.0,0,1609,94,0.0,0.0,0,0,2
No Tactical,5,900,eval,strong,player_win,-10.0,5,100.0,5,Expert,0.05,0.0,0,1609,94,0.0,0.0,0,0,2
No Tactical,5,901,eval,strong,player_win,-10.0,5,100.0,5,Expert,0.05,0.0,0,1609,94,0.0,0.0,0,0,2
No Tactical,5,902,eval,strong,player_win,-10.0,5,100.0,5,Expert,0.05,0.0,0,1609,94,0.0,0.0,0,0,2
No Tactical,5,903,eval,strong,player_win,-10.0,5,100.0,5,Expert,0.05,0.0,0,1609,94,0.0,0.0,0,0,2
No Tactical,5,904,eval,strong,player_win,-10.0,5,100.0,5,Expert,0.05,0.0,0,1609,94,0.0,0.0,0,0,2
No Tactical,5,905,eval,strong,player_win,-10.0,5,100.0,5,Expert,0.05,0.0,0,1609,94,0.0,0.0,0,0,2
No Tactical,5,906,eval,strong,player_win,-10.0,5,100.0,5,Expert,0.05,0.0,0,1609,94,0.0,0.0,0,0,2
No Tactical,5,907,eval,strong,player_win,-10.0,5,100.0,5,Expert,0.05,0.0,0,1609,94,0.0,0.0,0,0,2
No Tactical,5,908,eval,strong,player_win,-10.0,5,100.0,5,Expert,0.05,0.0,0,1609,94,0.0,0.0,0,0,2
No Tactical,5,909,eval,strong,player_win,-10.0,7,100.0,5,Expert,0.05,0.0,0,1609,94,0.0,0.0,0,0,3
No Tactical,5,910,eval,strong,player_win,-10.0,5,100.0,5,Expert,0.05,0.0,0,1609,94,0.0,0.0,0,0,2
No Tactical,5,911,eval,strong,player_win,-10.0,5,100.0,5,Expert,0.05,0.0,0,1609,94,0.0,0.0,0,0,2
No Tactical,5,912,eval,strong,player_win,-10.0,7,100.0,5,Expert,0.05,0.0,0,1609,94,0.0,0.0,0,0,3
No Tactical,5,913,eval,strong,player_win,-10.0,5,100.0,5,Expert,0.05,0.0,0,1609,94,0.0,0.0,0,0,2
No Tactical,5,914,eval,strong,player_win,-10.0,5,100.0,5,Expert,0.05,0.0,0,1609,94,0.0,0.0,0,0,2
No Tactical,5,915,eval,strong,player_win,-10.0,5,100.0,5,Expert,0.05,0.0,0,1609,94,0.0,0.0,0,0,2
No Tactical,5,916,eval,strong,player_win,-10.0,5,100.0,5,Expert,0.05,0.0,0,1609,94,0.0,0.0,0,0,2
No Tactical,5,917,eval,strong,player_win,-10.0,5,100.0,5,Expert,0.05,0.0,0,1609,94,0.0,0.0,0,0,2
No Tactical,5,918,eval,strong,player_win,-10.0,5,100.0,5,Expert,0.05,0.0,0,1609,94,0.0,0.0,0,0,2
No Tactical,5,919,eval,strong,player_win,-10.0,5,100.0,5,Expert,0.05,0.0,0,1609,94,0.0,0.0,0,0,2
No Tactical,5,920,eval,strong,player_win,-10.0,5,100.0,5,Expert,0.05,0.0,0,1609,94,0.0,0.0,0,0,2
No Tactical,5,921,eval,strong,player_win,-10.0,5,100.0,5,Expert,0.05,0.0,0,1609,94,0.0,0.0,0,0,2
No Tactical,5,922,eval,strong,player_win,-10.0,5,100.0,5,Expert,0.05,0.0,0,1609,94,0.0,0.0,0,0,2
No Tactical,5,923,eval,strong,player_win,-10.0,5,100.0,5,Expert,0.05,0.0,0,1609,94,0.0,0.0,0,0,2
No Tactical,5,924,eval,strong,player_win,-10.0,5,100.0,5,Expert,0.05,0.0,0,1609,94,0.0,0.0,0,0,2
No Tactical,5,925,eval,strong,player_win,-10.0,5,100.0,5,Expert,0.05,0.0,0,1609,94,0.0,0.0,0,0,2
No Tactical,5,926,eval,strong,player_win,-10.0,5,100.0,5,Expert,0.05,0.0,0,1609,94,0.0,0.0,0,0,2
No Tactical,5,927,eval,strong,player_win,-10.0,5,100.0,5,Expert,0.05,0.0,0,1609,94,0.0,0.0,0,0,2
No Tactical,5,928,eval,strong,player_win,-10.0,5,100.0,5,Expert,0.05,0.0,0,1609,94,0.0,0.0,0,0,2
No Tactical,5,929,eval,strong,player_win,-10.0,5,100.0,5,Expert,0.05,0.0,0,1609,94,0.0,0.0,0,0,2
No Tactical,5,930,eval,strong,player_win,-10.0,5,100.0,5,Expert,0.05,0.0,0,1609,94,0.0,0.0,0,0,2
No Tactical,5,931,eval,strong,player_win,-10.0,5,100.0,5,Expert,0.05,0.0,0,1609,94,0.0,0.0,0,0,2
No Tactical,5,932,eval,strong,player_win,-10.0,5,100.0,5,Expert,0.05,0.0,0,1609,94,0.0,0.0,0,0,2
No Tactical,5,933,eval,strong,player_win,-10.0,5,100.0,5,Expert,0.05,0.0,0,1609,94,0.0,0.0,0,0,2
No Tactical,5,934,eval,strong,player_win,-10.0,5,100.0,5,Expert,0.05,0.0,0,1609,94,0.0,0.0,0,0,2
No Tactical,5,935,eval,strong,player_win,-10.0,5,100.0,5,Expert,0.05,0.0,0,1609,94,0.0,0.0,0,0,2
No Tactical,5,936,eval,strong,player_win,-10.0,5,100.0,5,Expert,0.05,0.0,0,1609,94,0.0,0.0,0,0,2
No Tactical,5,937,eval,strong,player_win,-10.0,5,100.0,5,Expert,0.05,0.0,0,1609,94,0.0,0.0,0,0,2
No Tactical,5,938,eval,strong,player_win,-10.0,5,100.0,5,Expert,0.05,0.0,0,1609,94,0.0,0.0,0,0,2
No Tactical,5,939,eval,strong,player_win,-10.0,5,100.0,5,Expert,0.05,0.0,0,1609,94,0.0,0.0,0,0,2
No Tactical,5,940,eval,strong,player_win,-10.0,5,100.0,5,Expert,0.05,0.0,0,1609,94,0.0,0.0,0,0,2
No Tactical,5,941,eval,strong,player_win,-10.0,5,100.0,5,Expert,0.05,0.0,0,1609,94,0.0,0.0,0,0,2
No Tactical,5,942,eval,strong,player_win,-10.0,5,100.0,5,Expert,0.05,0.0,0,1609,94,0.0,0.0,0,0,2
No Tactical,5,943,eval,strong,player_win,-10.0,5,100.0,5,Expert,0.05,0.0,0,1609,94,0.0,0.0,0,0,2
No Tactical,5,944,eval,strong,player_win,-10.0,5,100.0,5,Expert,0.05,0.0,0,1609,94,0.0,0.0,0,0,2
No Tactical,5,945,eval,strong,player_win,-10.0,5,100.0,5,Expert,0.05,0.0,0,1609,94,0.0,0.0,0,0,2
No Tactical,5,946,eval,strong,player_win,-10.0,5,100.0,5,Expert,0.05,0.0,0,1609,94,0.0,0.0,0,0,2
No Tactical,5,947,eval,strong,player_win,-10.0,5,100.0,5,Expert,0.05,0.0,0,1609,94,0.0,0.0,0,0,2
No Tactical,5,948,eval,strong,player_win,-10.0,5,100.0,5,Expert,0.05,0.0,0,1609,94,0.0,0.0,0,0,2
No Tactical,5,949,eval,strong,player_win,-10.0,5,100.0,5,Expert,0.05,0.0,0,1609,94,0.0,0.0,0,0,2
No Tactical,5,950,eval,strong,player_win,-10.0,5,100.0,5,Expert,0.05,0.0,0,1609,94,0.0,0.0,0,0,2
No Tactical,5,951,eval,strong,player_win,-10.0,5,100.0,5,Expert,0.05,0.0,0,1609,94,0.0,0.0,0,0,2
No Tactical,5,952,eval,strong,player_win,-10.0,5,100.0,5,Expert,0.05,0.0,0,1609,94,0.0,0.0,0,0,2
No Tactical,5,953,eval,strong,player_win,-10.0,5,100.0,5,Expert,0.05,0.0,0,1609,94,0.0,0.0,0,0,2
No Tactical,5,954,eval,strong,player_win,-10.0,5,100.0,5,Expert,0.05,0.0,0,1609,94,0.0,0.0,0,0,2
No Tactical,5,955,eval,strong,player_win,-10.0,5,100.0,5,Expert,0.05,0.0,0,1609,94,0.0,0.0,0,0,2
No Tactical,5,956,eval,strong,player_win,-10.0,5,100.0,5,Expert,0.05,0.0,0,1609,94,0.0,0.0,0,0,2
No Tactical,5,957,eval,strong,player_win,-10.0,5,100.0,5,Expert,0.05,0.0,0,1609,94,0.0,0.0,0,0,2
No Tactical,5,958,eval,strong,player_win,-10.0,5,100.0,5,Expert,0.05,0.0,0,1609,94,0.0,0.0,0,0,2
No Tactical,5,959,eval,strong,player_win,-10.0,5,100.0,5,Expert,0.05,0.0,0,1609,94,0.0,0.0,0,0,2
No Tactical,5,960,eval,strong,player_win,-10.0,5,100.0,5,Expert,0.05,0.0,0,1609,94,0.0,0.0,0,0,2
No Tactical,5,961,eval,strong,player_win,-10.0,5,100.0,5,Expert,0.05,0.0,0,1609,94,0.0,0.0,0,0,2
No Tactical,5,962,eval,strong,player_win,-10.0,5,100.0,5,Expert,0.05,0.0,0,1609,94,0.0,0.0,0,0,2
No Tactical,5,963,eval,strong,player_win,-10.0,5,100.0,5,Expert,0.05,0.0,0,1609,94,0.0,0.0,0,0,2
No Tactical,5,964,eval,strong,player_win,-10.0,5,100.0,5,Expert,0.05,0.0,0,1609,94,0.0,0.0,0,0,2
No Tactical,5,965,eval,strong,player_win,-10.0,5,100.0,5,Expert,0.05,0.0,0,1609,94,0.0,0.0,0,0,2
No Tactical,5,966,eval,strong,player_win,-10.0,5,100.0,5,Expert,0.05,0.0,0,1609,94,0.0,0.0,0,0,2
No Tactical,5,967,eval,strong,player_win,-10.0,5,100.0,5,Expert,0.05,0.0,0,1609,94,0.0,0.0,0,0,2
No Tactical,5,968,eval,strong,player_win,-10.0,5,100.0,5,Expert,0.05,0.0,0,1609,94,0.0,0.0,0,0,2
No Tactical,5,969,eval,strong,player_win,-10.0,5,100.0,5,Expert,0.05,0.0,0,1609,94,0.0,0.0,0,0,2
No Tactical,5,970,eval,strong,player_win,-10.0,5,100.0,5,Expert,0.05,0.0,0,1609,94,0.0,0.0,0,0,2
No Tactical,5,971,eval,strong,player_win,-10.0,5,100.0,5,Expert,0.05,0.0,0,1609,94,0.0,0.0,0,0,2
No Tactical,5,972,eval,strong,player_win,-10.0,5,100.0,5,Expert,0.05,0.0,0,1609,94,0.0,0.0,0,0,2
No Tactical,5,973,eval,strong,player_win,-10.0,5,100.0,5,Expert,0.05,0.0,0,1609,94,0.0,0.0,0,0,2
No Tactical,5,974,eval,strong,player_win,-10.0,5,100.0,5,Expert,0.05,0.0,0,1609,94,0.0,0.0,0,0,2
No Tactical,5,975,eval,strong,player_win,-10.0,5,100.0,5,Expert,0.05,0.0,0,1609,94,0.0,0.0,0,0,2
No Tactical,5,976,eval,strong,player_win,-10.0,5,100.0,5,Expert,0.05,0.0,0,1609,94,0.0,0.0,0,0,2
No Tactical,5,977,eval,strong,player_win,-10.0,5,100.0,5,Expert,0.05,0.0,0,1609,94,0.0,0.0,0,0,2
No Tactical,5,978,eval,strong,player_win,-10.0,7,100.0,5,Expert,0.05,0.0,0,1609,94,0.0,0.0,0,0,3
No Tactical,5,979,eval,strong,player_win,-10.0,5,100.0,5,Expert,0.05,0.0,0,1609,94,0.0,0.0,0,0,2
No Tactical,5,980,eval,strong,player_win,-10.0,5,100.0,5,Expert,0.05,0.0,0,1609,94,0.0,0.0,0,0,2
No Tactical,5,981,eval,strong,player_win,-10.0,5,100.0,5,Expert,0.05,0.0,0,1609,94,0.0,0.0,0,0,2
No Tactical,5,982,eval,strong,player_win,-10.0,5,100.0,5,Expert,0.05,0.0,0,1609,94,0.0,0.0,0,0,2
No Tactical,5,983,eval,strong,player_win,-10.0,5,100.0,5,Expert,0.05,0.0,0,1609,94,0.0,0.0,0,0,2
No Tactical,5,984,eval,strong,player_win,-10.0,5,100.0,5,Expert,0.05,0.0,0,1609,94,0.0,0.0,0,0,2
No Tactical,5,985,eval,strong,player_win,-10.0,7,100.0,5,Expert,0.05,0.0,0,1609,94,0.0,0.0,0,0,3
No Tactical,5,986,eval,strong,player_win,-10.0,5,100.0,5,Expert,0.05,0.0,0,1609,94,0.0,0.0,0,0,2
No Tactical,5,987,eval,strong,player_win,-10.0,5,100.0,5,Expert,0.05,0.0,0,1609,94,0.0,0.0,0,0,2
No Tactical,5,988,eval,strong,player_win,-10.0,5,100.0,5,Expert,0.05,0.0,0,1609,94,0.0,0.0,0,0,2
No Tactical,5,989,eval,strong,player_win,-10.0,5,100.0,5,Expert,0.05,0.0,0,1609,94,0.0,0.0,0,0,2
No Tactical,5,990,eval,strong,player_win,-10.0,5,100.0,5,Expert,0.05,0.0,0,1609,94,0.0,0.0,0,0,2
No Tactical,5,991,eval,strong,player_win,-10.0,5,100.0,5,Expert,0.05,0.0,0,1609,94,0.0,0.0,0,0,2
No Tactical,5,992,eval,strong,player_win,-10.0,5,100.0,5,Expert,0.05,0.0,0,1609,94,0.0,0.0,0,0,2
No Tactical,5,993,eval,strong,player_win,-10.0,5,100.0,5,Expert,0.05,0.0,0,1609,94,0.0,0.0,0,0,2
No Tactical,5,994,eval,strong,player_win,-10.0,5,100.0,5,Expert,0.05,0.0,0,1609,94,0.0,0.0,0,0,2
No Tactical,5,995,eval,strong,player_win,-10.0,5,100.0,5,Expert,0.05,0.0,0,1609,94,0.0,0.0,0,0,2
No Tactical,5,996,eval,strong,player_win,-10.0,5,100.0,5,Expert,0.05,0.0,0,1609,94,0.0,0.0,0,0,2
No Tactical,5,997,eval,strong,player_win,-10.0,5,100.0,5,Expert,0.05,0.0,0,1609,94,0.0,0.0,0,0,2
No Tactical,5,998,eval,strong,player_win,-10.0,5,100.0,5,Expert,0.05,0.0,0,1609,94,0.0,0.0,0,0,2
No Tactical,5,999,eval,strong,player_win,-10.0,5,100.0,5,Expert,0.05,0.0,0,1609,94,0.0,0.0,0,0,2
No Tactical,5,1000,eval,strong,player_win,-10.0,5,100.0,5,Expert,0.05,0.0,0,1609,94,0.0,0.0,0,0,2
