model,seed,episode,phase,opponent,result,reward,move_count,skill,difficulty,difficulty_name,epsilon,effective_epsilon,q_updates_enabled,q_updates,learned_states,avg_abs_q_change,max_abs_q_change,tactical_moves,epsilon_moves,q_policy_moves
No Adaptive,1,1,train,strong,player_win,-10.0,7,50.0,1,Very Easy,0.95,0.76,1,3,3,0.0,0.0,2,0,1
No Adaptive,1,2,train,strong,player_win,-10.0,5,50.0,1,Very Easy,0.9025,0.722,1,5,5,0.0,0.0,1,0,1
No Adaptive,1,3,train,strong,player_win,-10.0,5,50.0,1,Very Easy,0.8573749999999999,0.6859,1,7,6,0.0,0.0,1,1,0
No Adaptive,1,4,train,strong,player_win,-10.0,7,50.0,1,Very Easy,0.8145062499999999,0.651605,1,10,9,0.0,0.0,2,0,1
No Adaptive,1,5,train,strong,player_win,-10.0,5,50.0,1,Very Easy,0.7737809374999999,0.6190247499999999,1,12,11,0.0,0.0,1,1,0
No Adaptive,1,6,train,strong,player_win,-10.0,5,50.0,1,Very Easy,0.7350918906249998,0.5880735124999998,1,14,12,0.0,0.0,2,0,0
No Adaptive,1,7,train,strong,player_win,-10.0,5,50.0,1,Very Easy,0.6983372960937497,0.5586698368749998,1,16,13,0.0,0.0,1,1,0
No Adaptive,1,8,train,strong,player_win,-10.0,5,50.0,1,Very Easy,0.6634204312890623,0.5307363450312498,1,18,14,0.0,0.0,1,1,0
No Adaptive,1,9,train,strong,player_win,-10.0,5,50.0,1,Very Easy,0.6302494097246091,0.5041995277796872,1,20,15,0.0,0.0,1,0,1
No Adaptive,1,10,train,strong,player_win,-10.0,5,50.0,1,Very Easy,0.5987369392383786,0.4789895513907029,1,22,16,0.0,0.0,1,0,1
No Adaptive,1,11,train,strong,player_win,-10.0,5,50.0,1,Very Easy,0.5688000922764596,0.4550400738211677,1,24,17,0.0,0.0,1,0,1
No Adaptive,1,12,train,strong,player_win,-10.0,5,50.0,1,Very Easy,0.5403600876626365,0.4322880701301093,1,26,18,0.0,0.0,1,0,1
No Adaptive,1,13,train,strong,player_win,-10.0,5,50.0,1,Very Easy,0.5133420832795047,0.4106736666236038,1,28,19,0.0,0.0,1,1,0
No Adaptive,1,14,train,strong,player_win,-10.0,5,50.0,1,Very Easy,0.48767497911552943,0.39013998329242355,1,30,20,0.0,0.0,1,0,1
No Adaptive,1,15,train,strong,player_win,-10.0,5,50.0,1,Very Easy,0.46329123015975293,0.3706329841278024,1,32,21,0.0,0.0,1,0,1
No Adaptive,1,16,train,strong,player_win,-10.0,5,50.0,1,Very Easy,0.44012666865176525,0.3521013349214122,1,34,22,0.0,0.0,1,1,0
No Adaptive,1,17,train,strong,player_win,-10.0,5,50.0,1,Very Easy,0.41812033521917696,0.3344962681753416,1,36,23,0.0,0.0,1,1,0
No Adaptive,1,18,train,strong,player_win,-10.0,5,50.0,1,Very Easy,0.3972143184582181,0.3177714547665745,1,38,23,0.0,0.0,1,0,1
No Adaptive,1,19,train,strong,player_win,-10.0,5,50.0,1,Very Easy,0.37735360253530714,0.30188288202824576,1,40,24,0.0,0.0,1,0,1
No Adaptive,1,20,train,strong,player_win,-10.0,5,50.0,1,Very Easy,0.35848592240854177,0.2867887379268334,1,42,25,0.0,0.0,1,0,1
No Adaptive,1,21,train,strong,player_win,-10.0,7,50.0,1,Very Easy,0.34056162628811465,0.27244930103049175,1,45,27,0.0,0.0,2,1,0
No Adaptive,1,22,train,strong,player_win,-10.0,5,50.0,1,Very Easy,0.3235335449737089,0.2588268359789671,1,47,27,0.0,0.0,1,0,1
No Adaptive,1,23,train,strong,player_win,-10.0,5,50.0,1,Very Easy,0.30735686772502346,0.2458854941800188,1,49,28,0.0,0.0,1,0,1
No Adaptive,1,24,train,strong,player_win,-10.0,5,50.0,1,Very Easy,0.2919890243387723,0.23359121947101782,1,51,29,0.0,0.0,1,0,1
No Adaptive,1,25,train,strong,player_win,-10.0,5,50.0,1,Very Easy,0.27738957312183365,0.22191165849746694,1,53,30,0.0,0.0,1,0,1
No Adaptive,1,26,train,strong,player_win,-10.0,5,50.0,1,Very Easy,0.263520094465742,0.2108160755725936,1,55,31,0.0,0.0,1,0,1
No Adaptive,1,27,train,strong,player_win,-10.0,5,50.0,1,Very Easy,0.25034408974245487,0.2002752717939639,1,57,31,0.0,0.0,1,0,1
No Adaptive,1,28,train,strong,player_win,-10.0,5,50.0,1,Very Easy,0.2378268852553321,0.19026150820426568,1,59,32,0.0,0.0,1,0,1
No Adaptive,1,29,train,strong,player_win,-10.0,5,50.0,1,Very Easy,0.2259355409925655,0.1807484327940524,1,61,33,0.0,0.0,1,1,0
No Adaptive,1,30,train,strong,player_win,-10.0,5,50.0,1,Very Easy,0.2146387639429372,0.17171101115434978,1,63,33,0.0,0.0,1,1,0
No Adaptive,1,31,train,strong,player_win,-10.0,5,50.0,1,Very Easy,0.20390682574579033,0.16312546059663227,1,65,33,0.0,0.0,1,0,1
No Adaptive,1,32,train,strong,player_win,-10.0,5,50.0,1,Very Easy,0.1937114844585008,0.15496918756680067,1,67,34,0.0,0.0,2,0,0
No Adaptive,1,33,train,strong,player_win,-10.0,5,50.0,1,Very Easy,0.18402591023557577,0.14722072818846063,1,69,35,0.0,0.0,1,1,0
No Adaptive,1,34,train,strong,player_win,-10.0,5,50.0,1,Very Easy,0.17482461472379698,0.1398596917790376,1,71,35,0.0,0.0,1,1,0
No Adaptive,1,35,train,strong,player_win,-10.0,7,50.0,1,Very Easy,0.16608338398760714,0.13286670719008573,1,74,37,0.0,0.0,2,1,0
No Adaptive,1,36,train,strong,player_win,-10.0,5,50.0,1,Very Easy,0.15777921478822676,0.1262233718305814,1,76,38,0.0,0.0,1,0,1
No Adaptive,1,37,train,strong,player_win,-10.0,5,50.0,1,Very Easy,0.14989025404881542,0.11991220323905234,1,78,39,0.0,0.0,1,0,1
No Adaptive,1,38,train,strong,player_win,-10.0,7,50.0,1,Very Easy,0.14239574134637464,0.11391659307709973,1,81,40,0.0,0.0,2,0,1
No Adaptive,1,39,train,strong,player_win,-10.0,5,50.0,1,Very Easy,0.1352759542790559,0.10822076342324471,1,83,40,0.0,0.0,1,0,1
No Adaptive,1,40,train,strong,player_win,-10.0,5,50.0,1,Very Easy,0.1285121565651031,0.10280972525208248,1,85,41,0.0,0.0,1,0,1
No Adaptive,1,41,train,strong,player_win,-10.0,5,50.0,1,Very Easy,0.12208654873684793,0.09766923898947835,1,87,42,0.0,0.0,2,0,0
No Adaptive,1,42,train,strong,player_win,-10.0,5,50.0,1,Very Easy,0.11598222130000553,0.09278577704000443,1,89,43,0.0,0.0,1,0,1
No Adaptive,1,43,train,strong,player_win,-10.0,5,50.0,1,Very Easy,0.11018311023500525,0.0881464881880042,1,91,44,0.0,0.0,1,0,1
No Adaptive,1,44,train,strong,player_win,-10.0,5,50.0,1,Very Easy,0.10467395472325498,0.08373916377860399,1,93,45,0.0,0.0,1,0,1
No Adaptive,1,45,train,strong,player_win,-10.0,5,50.0,1,Very Easy,0.09944025698709223,0.0795522055896738,1,95,46,0.0,0.0,1,0,1
No Adaptive,1,46,train,strong,player_win,-10.0,5,50.0,1,Very Easy,0.09446824413773762,0.0755745953101901,1,97,46,0.0,0.0,1,0,1
No Adaptive,1,47,train,strong,player_win,-10.0,5,50.0,1,Very Easy,0.08974483193085074,0.07179586554468059,1,99,47,0.0,0.0,1,0,1
No Adaptive,1,48,train,strong,player_win,-10.0,5,50.0,1,Very Easy,0.0852575903343082,0.06820607226744656,1,101,48,0.0,0.0,1,0,1
No Adaptive,1,49,train,strong,player_win,-10.0,5,50.0,1,Very Easy,0.08099471081759278,0.06479576865407423,1,103,48,0.0,0.0,2,0,0
No Adaptive,1,50,train,strong,player_win,-10.0,5,50.0,1,Very Easy,0.07694497527671314,0.061555980221370515,1,105,49,0.0,0.0,1,0,1
No Adaptive,1,51,train,strong,player_win,-10.0,5,50.0,1,Very Easy,0.07309772651287748,0.05847818121030199,1,107,49,0.0,0.0,1,0,1
No Adaptive,1,52,train,strong,player_win,-10.0,5,50.0,1,Very Easy,0.0694428401872336,0.05555427214978688,1,109,50,0.0,0.0,1,0,1
No Adaptive,1,53,train,strong,player_win,-10.0,5,50.0,1,Very Easy,0.0659706981778719,0.05277655854229753,1,111,51,0.0,0.0,1,0,1
No Adaptive,1,54,train,strong,player_win,-10.0,5,50.0,1,Very Easy,0.0626721632689783,0.050137730615182646,1,113,52,0.0,0.0,1,1,0
No Adaptive,1,55,train,strong,player_win,-10.0,5,50.0,1,Very Easy,0.059538555105529384,0.05,1,115,53,0.0,0.0,1,0,1
No Adaptive,1,56,train,strong,player_win,-10.0,5,50.0,1,Very Easy,0.05656162735025291,0.05,1,117,54,0.0,0.0,1,0,1
No Adaptive,1,57,train,strong,player_win,-10.0,5,50.0,1,Very Easy,0.053733545982740265,0.05,1,119,54,0.0,0.0,1,0,1
No Adaptive,1,58,train,strong,player_win,-10.0,5,50.0,1,Very Easy,0.05104686868360325,0.05,1,121,54,0.0,0.0,1,0,1
No Adaptive,1,59,train,strong,player_win,-10.0,5,50.0,1,Very Easy,0.05,0.05,1,123,55,0.0,0.0,1,0,1
No Adaptive,1,60,train,strong,player_win,-10.0,7,50.0,1,Very Easy,0.05,0.05,1,126,57,0.0,0.0,2,0,1
No Adaptive,1,61,train,strong,player_win,-10.0,5,50.0,1,Very Easy,0.05,0.05,1,128,57,0.0,0.0,1,0,1
No Adaptive,1,62,train,strong,player_win,-10.0,5,50.0,1,Very Easy,0.05,0.05,1,130,58,0.0,0.0,1,0,1
No Adaptive,1,63,train,strong,player_win,-10.0,5,50.0,1,Very Easy,0.05,0.05,1,132,58,0.0,0.0,2,0,0
No Adaptive,1,64,train,strong,player_win,-10.0,5,50.0,1,Very Easy,0.05,0.05,1,134,58,0.0,0.0,1,0,1
No Adaptive,1,65,train,strong,player_win,-10.0,5,50.0,1,Very Easy,0.05,0.05,1,136,59,0.0,0.0,1,0,1
No Adaptive,1,66,train,strong,player_win,-10.0,5,50.0,1,Very Easy,0.05,0.05,1,138,60,0.0,0.0,1,0,1
No Adaptive,1,67,train,strong,player_win,-10.0,5,50.0,1,Very Easy,0.05,0.05,1,140,61,0.0,0.0,1,0,1
No Adaptive,1,68,train,strong,player_win,-10.0,5,50.0,1,Very Easy,0.05,0.05,1,142,62,0.0,0.0,1,0,1
No Adaptive,1,69,train,strong,player_win,-10.0,5,50.0,1,Very Easy,0.05,0.05,1,144,63,0.0,0.0,1,1,0
No Adaptive,1,70,train,strong,player_win,-10.0,5,50.0,1,Very Easy,0.05,0.05,1,146,63,0.0,0.0,1,0,1
No Adaptive,1,71,train,strong,player_win,-10.0,5,50.0,1,Very Easy,0.05,0.05,1,148,63,0.0,0.0,1,0,1
No Adaptive,1,72,train,strong,player_win,-10.0,5,50.0,1,Very Easy,0.05,0.05,1,150,64,0.0,0.0,1,0,1
No Adaptive,1,73,train,strong,player_win,-10.0,5,50.0,1,Very Easy,0.05,0.05,1,152,64,0.0,0.0,1,0,1
No Adaptive,1,74,train,strong,player_win,-10.0,5,50.0,1,Very Easy,0.05,0.05,1,154,64,0.0,0.0,1,0,1
No Adaptive,1,75,train,strong,player_win,-10.0,5,50.0,1,Very Easy,0.05,0.05,1,156,64,0.0,0.0,1,0,1
No Adaptive,1,76,train,strong,player_win,-10.0,5,50.0,1,Very Easy,0.05,0.05,1,158,64,0.0,0.0,1,0,1
No Adaptive,1,77,train,strong,player_win,-10.0,5,50.0,1,Very Easy,0.05,0.05,1,160,65,0.0,0.0,1,0,1
No Adaptive,1,78,train,strong,player_win,-10.0,7,50.0,1,Very Easy,0.05,0.05,1,163,66,0.0,0.0,2,0,1
No Adaptive,1,79,train,strong,player_win,-10.0,5,50.0,1,Very Easy,0.05,0.05,1,165,66,0.0,0.0,1,0,1
No Adaptive,1,80,train,strong,player_win,-10.0,5,50.0,1,Very Easy,0.05,0.05,1,167,66,0.0,0.0,1,0,1
No Adaptive,1,81,train,strong,player_win,-10.0,5,50.0,1,Very Easy,0.05,0.05,1,169,66,0.0,0.0,1,0,1
No Adaptive,1,82,train,strong,player_win,-10.0,5,50.0,1,Very Easy,0.05,0.05,1,171,66,0.0,0.0,1,0,1
No Adaptive,1,83,train,strong,player_win,-10.0,5,50.0,1,Very Easy,0.05,0.05,1,173,66,0.0,0.0,1,0,1
No Adaptive,1,84,train,strong,player_win,-10.0,5,50.0,1,Very Easy,0.05,0.05,1,175,66,0.0,0.0,1,0,1
No Adaptive,1,85,train,strong,player_win,-10.0,5,50.0,1,Very Easy,0.05,0.05,1,177,66,0.0,0.0,1,0,1
No Adaptive,1,86,train,strong,player_win,-10.0,5,50.0,1,Very Easy,0.05,0.05,1,179,67,0.0,0.0,1,0,1
No Adaptive,1,87,train,strong,player_win,-10.0,7,50.0,1,Very Easy,0.05,0.05,1,182,68,0.0,0.0,2,1,0
No Adaptive,1,88,train,strong,player_win,-10.0,5,50.0,1,Very Easy,0.05,0.05,1,184,68,0.0,0.0,1,0,1
No Adaptive,1,89,train,strong,player_win,-10.0,5,50.0,1,Very Easy,0.05,0.05,1,186,68,0.0,0.0,2,0,0
No Adaptive,1,90,train,strong,player_win,-10.0,5,50.0,1,Very Easy,0.05,0.05,1,188,69,0.0,0.0,1,0,1
No Adaptive,1,91,train,strong,player_win,-10.0,5,50.0,1,Very Easy,0.05,0.05,1,190,69,0.0,0.0,1,0,1
No Adaptive,1,92,train,strong,player_win,-10.0,7,50.0,1,Very Easy,0.05,0.05,1,193,69,0.0,0.0,2,0,1
No Adaptive,1,93,train,strong,player_win,-10.0,5,50.0,1,Very Easy,0.05,0.05,1,195,69,0.0,0.0,1,0,1
No Adaptive,1,94,train,strong,player_win,-10.0,5,50.0,1,Very Easy,0.05,0.05,1,197,69,0.0,0.0,1,0,1
No Adaptive,1,95,train,strong,player_win,-10.0,5,50.0,1,Very Easy,0.05,0.05,1,199,69,0.0,0.0,1,0,1
No Adaptive,1,96,train,strong,player_win,-10.0,5,50.0,1,Very Easy,0.05,0.05,1,201,69,0.0,0.0,1,0,1
No Adaptive,1,97,train,strong,player_win,-10.0,5,50.0,1,Very Easy,0.05,0.05,1,203,69,0.0,0.0,1,0,1
No Adaptive,1,98,train,strong,player_win,-10.0,5,50.0,1,Very Easy,0.05,0.05,1,205,70,0.0,0.0,1,0,1
No Adaptive,1,99,train,strong,player_win,-10.0,5,50.0,1,Very Easy,0.05,0.05,1,207,71,0.0,0.0,1,0,1
No Adaptive,1,100,train,strong,player_win,-10.0,5,50.0,1,Very Easy,0.05,0.05,1,209,71,0.0,0.0,1,0,1
No Adaptive,1,101,train,strong,player_win,-10.0,5,50.0,1,Very Easy,0.05,0.05,1,211,71,0.0,0.0,2,0,0
No Adaptive,1,102,train,strong,player_win,-10.0,5,50.0,1,Very Easy,0.05,0.05,1,213,71,0.0,0.0,1,1,0
No Adaptive,1,103,train,strong,player_win,-10.0,5,50.0,1,Very Easy,0.05,0.05,1,215,71,0.0,0.0,1,0,1
No Adaptive,1,104,train,strong,player_win,-10.0,5,50.0,1,Very Easy,0.05,0.05,1,217,71,0.0,0.0,1,0,1
No Adaptive,1,105,train,strong,player_win,-10.0,5,50.0,1,Very Easy,0.05,0.05,1,219,72,0.0,0.0,1,0,1
No Adaptive,1,106,train,strong,player_win,-10.0,5,50.0,1,Very Easy,0.05,0.05,1,221,72,0.0,0.0,1,0,1
No Adaptive,1,107,train,strong,player_win,-10.0,5,50.0,1,Very Easy,0.05,0.05,1,223,72,0.0,0.0,1,0,1
No Adaptive,1,108,train,strong,player_win,-10.0,5,50.0,1,Very Easy,0.05,0.05,1,225,72,0.0,0.0,1,0,1
No Adaptive,1,109,train,strong,player_win,-10.0,5,50.0,1,Very Easy,0.05,0.05,1,227,72,0.0,0.0,1,0,1
No Adaptive,1,110,train,strong,player_win,-10.0,7,50.0,1,Very Easy,0.05,0.05,1,230,73,0.0,0.0,2,0,1
No Adaptive,1,111,train,strong,player_win,-10.0,5,50.0,1,Very Easy,0.05,0.05,1,232,73,0.0,0.0,1,0,1
No Adaptive,1,112,train,strong,player_win,-10.0,5,50.0,1,Very Easy,0.05,0.05,1,234,73,0.0,0.0,1,0,1
No Adaptive,1,113,train,strong,player_win,-10.0,5,50.0,1,Very Easy,0.05,0.05,1,236,73,0.0,0.0,1,0,1
No Adaptive,1,114,train,strong,player_win,-10.0,5,50.0,1,Very Easy,0.05,0.05,1,238,73,0.0,0.0,1,0,1
No Adaptive,1,115,train,strong,player_win,-10.0,7,50.0,1,Very Easy,0.05,0.05,1,241,73,0.0,0.0,2,0,1
No Adaptive,1,116,train,strong,player_win,-10.0,5,50.0,1,Very Easy,0.05,0.05,1,243,73,0.0,0.0,1,0,1
No Adaptive,1,117,train,strong,player_win,-10.0,5,50.0,1,Very Easy,0.05,0.05,1,245,73,0.0,0.0,1,0,1
No Adaptive,1,118,train,strong,player_win,-10.0,5,50.0,1,Very Easy,0.05,0.05,1,247,73,0.0,0.0,1,0,1
No Adaptive,1,119,train,strong,player_win,-10.0,5,50.0,1,Very Easy,0.05,0.05,1,249,74,0.0,0.0,1,0,1
No Adaptive,1,120,train,strong,player_win,-10.0,5,50.0,1,Very Easy,0.05,0.05,1,251,74,0.0,0.0,1,0,1
No Adaptive,1,121,train,strong,player_win,-10.0,5,50.0,1,Very Easy,0.05,0.05,1,253,74,0.0,0.0,1,0,1
No Adaptive,1,122,train,strong,player_win,-10.0,5,50.0,1,Very Easy,0.05,0.05,1,255,74,0.0,0.0,1,0,1
No Adaptive,1,123,train,strong,player_win,-10.0,5,50.0,1,Very Easy,0.05,0.05,1,257,74,0.0,0.0,1,0,1
No Adaptive,1,124,train,strong,player_win,-10.0,5,50.0,1,Very Easy,0.05,0.05,1,259,75,0.0,0.0,1,0,1
No Adaptive,1,125,train,strong,player_win,-10.0,5,50.0,1,Very Easy,0.05,0.05,1,261,75,0.0,0.0,1,0,1
No Adaptive,1,126,train,strong,player_win,-10.0,5,50.0,1,Very Easy,0.05,0.05,1,263,75,0.0,0.0,1,1,0
No Adaptive,1,127,train,strong,player_win,-10.0,7,50.0,1,Very Easy,0.05,0.05,1,266,77,0.0,0.0,2,0,1
No Adaptive,1,128,train,strong,player_win,-10.0,5,50.0,1,Very Easy,0.05,0.05,1,268,77,0.0,0.0,1,0,1
No Adaptive,1,129,train,strong,player_win,-10.0,5,50.0,1,Very Easy,0.05,0.05,1,270,78,0.0,0.0,1,0,1
No Adaptive,1,130,train,strong,player_win,-10.0,5,50.0,1,Very Easy,0.05,0.05,1,272,78,0.0,0.0,1,0,1
No Adaptive,1,131,train,strong,player_win,-10.0,5,50.0,1,Very Easy,0.05,0.05,1,274,78,0.0,0.0,1,0,1
No Adaptive,1,132,train,strong,player_win,-10.0,5,50.0,1,Very Easy,0.05,0.05,1,276,78,0.0,0.0,1,1,0
No Adaptive,1,133,train,strong,player_win,-10.0,5,50.0,1,Very Easy,0.05,0.05,1,278,79,0.0,0.0,1,0,1
No Adaptive,1,134,train,strong,player_win,-10.0,5,50.0,1,Very Easy,0.05,0.05,1,280,79,0.0,0.0,1,0,1
No Adaptive,1,135,train,strong,player_win,-10.0,5,50.0,1,Very Easy,0.05,0.05,1,282,79,0.0,0.0,1,0,1
No Adaptive,1,136,train,strong,player_win,-10.0,5,50.0,1,Very Easy,0.05,0.05,1,284,79,0.0,0.0,2,0,0
No Adaptive,1,137,train,strong,player_win,-10.0,5,50.0,1,Very Easy,0.05,0.05,1,286,79,0.0,0.0,1,0,1
No Adaptive,1,138,train,strong,player_win,-10.0,7,50.0,1,Very Easy,0.05,0.05,1,289,81,0.0,0.0,2,0,1
No Adaptive,1,139,train,strong,player_win,-10.0,5,50.0,1,Very Easy,0.05,0.05,1,291,82,0.0,0.0,1,0,1
No Adaptive,1,140,train,strong,player_win,-10.0,5,50.0,1,Very Easy,0.05,0.05,1,293,82,0.0,0.0,1,0,1
No Adaptive,1,141,train,strong,player_win,-10.0,5,50.0,1,Very Easy,0.05,0.05,1,295,82,0.0,0.0,1,0,1
No Adaptive,1,142,train,strong,player_win,-10.0,5,50.0,1,Very Easy,0.05,0.05,1,297,83,0.0,0.0,1,0,1
No Adaptive,1,143,train,strong,player_win,-10.0,5,50.0,1,Very Easy,0.05,0.05,1,299,83,0.0,0.0,1,0,1
No Adaptive,1,144,train,strong,player_win,-10.0,5,50.0,1,Very Easy,0.05,0.05,1,301,83,0.0,0.0,1,0,1
No Adaptive,1,145,train,strong,player_win,-10.0,5,50.0,1,Very Easy,0.05,0.05,1,303,84,0.0,0.0,1,0,1
No Adaptive,1,146,train,strong,player_win,-10.0,5,50.0,1,Very Easy,0.05,0.05,1,305,84,0.0,0.0,1,0,1
No Adaptive,1,147,train,strong,player_win,-10.0,5,50.0,1,Very Easy,0.05,0.05,1,307,84,0.0,0.0,1,0,1
No Adaptive,1,148,train,strong,player_win,-10.0,5,50.0,1,Very Easy,0.05,0.05,1,309,85,0.0,0.0,1,0,1
No Adaptive,1,149,train,strong,player_win,-10.0,5,50.0,1,Very Easy,0.05,0.05,1,311,85,0.0,0.0,1,0,1
No Adaptive,1,150,train,strong,player_win,-10.0,5,50.0,1,Very Easy,0.05,0.05,1,313,85,0.0,0.0,1,0,1
No Adaptive,1,151,train,strong,player_win,-10.0,5,50.0,1,Very Easy,0.05,0.05,1,315,85,0.0,0.0,1,0,1
No Adaptive,1,152,train,strong,player_win,-10.0,5,50.0,1,Very Easy,0.05,0.05,1,317,85,0.0,0.0,1,0,1
No Adaptive,1,153,train,strong,player_win,-10.0,5,50.0,1,Very Easy,0.05,0.05,1,319,85,0.0,0.0,1,0,1
No Adaptive,1,154,train,strong,player_win,-10.0,5,50.0,1,Very Easy,0.05,0.05,1,321,85,0.0,0.0,1,0,1
No Adaptive,1,155,train,strong,player_win,-10.0,5,50.0,1,Very Easy,0.05,0.05,1,323,85,0.0,0.0,1,0,1
No Adaptive,1,156,train,strong,player_win,-10.0,5,50.0,1,Very Easy,0.05,0.05,1,325,85,0.0,0.0,1,0,1
No Adaptive,1,157,train,strong,player_win,-10.0,7,50.0,1,Very Easy,0.05,0.05,1,328,87,0.0,0.0,2,0,1
No Adaptive,1,158,train,strong,player_win,-10.0,5,50.0,1,Very Easy,0.05,0.05,1,330,88,0.0,0.0,1,0,1
No Adaptive,1,159,train,strong,player_win,-10.0,5,50.0,1,Very Easy,0.05,0.05,1,332,88,0.0,0.0,1,0,1
No Adaptive,1,160,train,strong,player_win,-10.0,5,50.0,1,Very Easy,0.05,0.05,1,334,88,0.0,0.0,1,0,1
No Adaptive,1,161,train,strong,player_win,-10.0,5,50.0,1,Very Easy,0.05,0.05,1,336,88,0.0,0.0,1,0,1
No Adaptive,1,162,train,strong,player_win,-10.0,5,50.0,1,Very Easy,0.05,0.05,1,338,88,0.0,0.0,1,0,1
No Adaptive,1,163,train,strong,player_win,-10.0,5,50.0,1,Very Easy,0.05,0.05,1,340,88,0.0,0.0,1,1,0
No Adaptive,1,164,train,strong,player_win,-10.0,5,50.0,1,Very Easy,0.05,0.05,1,342,88,0.0,0.0,1,0,1
No Adaptive,1,165,train,strong,player_win,-10.0,5,50.0,1,Very Easy,0.05,0.05,1,344,88,0.0,0.0,1,0,1
No Adaptive,1,166,train,strong,player_win,-10.0,5,50.0,1,Very Easy,0.05,0.05,1,346,88,0.0,0.0,1,0,1
No Adaptive,1,167,train,strong,player_win,-10.0,7,50.0,1,Very Easy,0.05,0.05,1,349,89,0.0,0.0,2,0,1
No Adaptive,1,168,train,strong,player_win,-10.0,5,50.0,1,Very Easy,0.05,0.05,1,351,89,0.0,0.0,1,0,1
No Adaptive,1,169,train,strong,player_win,-10.0,5,50.0,1,Very Easy,0.05,0.05,1,353,90,0.0,0.0,1,0,1
No Adaptive,1,170,train,strong,player_win,-10.0,5,50.0,1,Very Easy,0.05,0.05,1,355,90,0.0,0.0,1,0,1
No Adaptive,1,171,train,strong,player_win,-10.0,7,50.0,1,Very Easy,0.05,0.05,1,358,90,0.0,0.0,2,0,1
No Adaptive,1,172,train,strong,player_win,-10.0,7,50.0,1,Very Easy,0.05,0.05,1,361,91,0.0,0.0,2,0,1
No Adaptive,1,173,train,strong,player_win,-10.0,5,50.0,1,Very Easy,0.05,0.05,1,363,91,0.0,0.0,1,0,1
No Adaptive,1,174,train,strong,player_win,-10.0,7,50.0,1,Very Easy,0.05,0.05,1,366,91,0.0,0.0,2,0,1
No Adaptive,1,175,train,strong,player_win,-10.0,5,50.0,1,Very Easy,0.05,0.05,1,368,91,0.0,0.0,1,0,1
No Adaptive,1,176,train,strong,player_win,-10.0,5,50.0,1,Very Easy,0.05,0.05,1,370,91,0.0,0.0,1,0,1
No Adaptive,1,177,train,strong,player_win,-10.0,5,50.0,1,Very Easy,0.05,0.05,1,372,91,0.0,0.0,1,0,1
No Adaptive,1,178,train,strong,player_win,-10.0,5,50.0,1,Very Easy,0.05,0.05,1,374,91,0.0,0.0,1,0,1
No Adaptive,1,179,train,strong,player_win,-10.0,5,50.0,1,Very Easy,0.05,0.05,1,376,91,0.0,0.0,1,0,1
No Adaptive,1,180,train,strong,player_win,-10.0,5,50.0,1,Very Easy,0.05,0.05,1,378,91,0.0,0.0,1,0,1
No Adaptive,1,181,train,strong,player_win,-10.0,5,50.0,1,Very Easy,0.05,0.05,1,380,91,0.0,0.0,1,0,1
No Adaptive,1,182,train,strong,player_win,-10.0,5,50.0,1,Very Easy,0.05,0.05,1,382,91,0.0,0.0,1,0,1
No Adaptive,1,183,train,strong,player_win,-10.0,5,50.0,1,Very Easy,0.05,0.05,1,384,91,0.0,0.0,1,1,0
No Adaptive,1,184,train,strong,player_win,-10.0,5,50.0,1,Very Easy,0.05,0.05,1,386,91,0.0,0.0,1,0,1
No Adaptive,1,185,train,strong,player_win,-10.0,5,50.0,1,Very Easy,0.05,0.05,1,388,91,0.0,0.0,1,0,1
No Adaptive,1,186,train,strong,player_win,-10.0,5,50.0,1,Very Easy,0.05,0.05,1,390,91,0.0,0.0,1,1,0
No Adaptive,1,187,train,strong,player_win,-10.0,5,50.0,1,Very Easy,0.05,0.05,1,392,91,0.0,0.0,2,0,0
No Adaptive,1,188,train,strong,player_win,-10.0,5,50.0,1,Very Easy,0.05,0.05,1,394,91,0.0,0.0,1,0,1
No Adaptive,1,189,train,strong,player_win,-10.0,7,50.0,1,Very Easy,0.05,0.05,1,397,91,0.0,0.0,2,0,1
No Adaptive,1,190,train,strong,player_win,-10.0,5,50.0,1,Very Easy,0.05,0.05,1,399,91,0.0,0.0,1,0,1
No Adaptive,1,191,train,strong,player_win,-10.0,5,50.0,1,Very Easy,0.05,0.05,1,401,91,0.0,0.0,1,0,1
No Adaptive,1,192,train,strong,player_win,-10.0,5,50.0,1,Very Easy,0.05,0.05,1,403,91,0.0,0.0,1,0,1
No Adaptive,1,193,train,strong,player_win,-10.0,5,50.0,1,Very Easy,0.05,0.05,1,405,91,0.0,0.0,1,0,1
No Adaptive,1,194,train,strong,player_win,-10.0,5,50.0,1,Very Easy,0.05,0.05,1,407,91,0.0,0.0,1,0,1
No Adaptive,1,195,train,strong,player_win,-10.0,5,50.0,1,Very Easy,0.05,0.05,1,409,91,0.0,0.0,1,0,1
No Adaptive,1,196,train,strong,player_win,-10.0,5,50.0,1,Very Easy,0.05,0.05,1,411,91,0.0,0.0,1,0,1
No Adaptive,1,197,train,strong,player_win,-10.0,5,50.0,1,Very Easy,0.05,0.05,1,413,92,0.0,0.0,1,0,1
No Adaptive,1,198,train,strong,player_win,-10.0,5,50.0,1,Very Easy,0.05,0.05,1,415,92,0.0,0.0,1,0,1
No Adaptive,1,199,train,strong,player_win,-10.0,5,50.0,1,Very Easy,0.05,0.05,1,417,92,0.0,0.0,1,0,1
No Adaptive,1,200,train,strong,player_win,-10.0,5,50.0,1,Very Easy,0.05,0.05,1,419,92,0.0,0.0,1,1,0
No Adaptive,1,201,train,strong,player_win,-10.0,5,50.0,1,Very Easy,0.05,0.05,1,421,92,0.0,0.0,1,0,1
No Adaptive,1,202,train,strong,player_win,-10.0,5,50.0,1,Very Easy,0.05,0.05,1,423,92,0.0,0.0,2,0,0
No Adaptive,1,203,train,strong,player_win,-10.0,5,50.0,1,Very Easy,0.05,0.05,1,425,92,0.0,0.0,1,0,1
No Adaptive,1,204,train,strong,player_win,-10.0,5,50.0,1,Very Easy,0.05,0.05,1,427,92,0.0,0.0,2,0,0
No Adaptive,1,205,train,strong,player_win,-10.0,5,50.0,1,Very Easy,0.05,0.05,1,429,92,0.0,0.0,1,0,1
No Adaptive,1,206,train,strong,player_win,-10.0,5,50.0,1,Very Easy,0.05,0.05,1,431,92,0.0,0.0,1,0,1
No Adaptive,1,207,train,strong,player_win,-10.0,5,50.0,1,Very Easy,0.05,0.05,1,433,92,0.0,0.0,1,0,1
No Adaptive,1,208,train,strong,player_win,-10.0,5,50.0,1,Very Easy,0.05,0.05,1,435,93,0.0,0.0,1,0,1
No Adaptive,1,209,train,strong,player_win,-10.0,5,50.0,1,Very Easy,0.05,0.05,1,437,93,0.0,0.0,1,0,1
No Adaptive,1,210,train,strong,player_win,-10.0,5,50.0,1,Very Easy,0.05,0.05,1,439,93,0.0,0.0,1,0,1
No Adaptive,1,211,train,strong,player_win,-10.0,5,50.0,1,Very Easy,0.05,0.05,1,441,93,0.0,0.0,1,0,1
No Adaptive,1,212,train,strong,player_win,-10.0,5,50.0,1,Very Easy,0.05,0.05,1,443,93,0.0,0.0,1,0,1
No Adaptive,1,213,train,strong,player_win,-10.0,5,50.0,1,Very Easy,0.05,0.05,1,445,93,0.0,0.0,1,0,1
No Adaptive,1,214,train,strong,player_win,-10.0,5,50.0,1,Very Easy,0.05,0.05,1,447,93,0.0,0.0,1,0,1
No Adaptive,1,215,train,strong,player_win,-10.0,5,50.0,1,Very Easy,0.05,0.05,1,449,93,0.0,0.0,1,0,1
No Adaptive,1,216,train,strong,player_win,-10.0,5,50.0,1,Very Easy,0.05,0.05,1,451,94,0.0,0.0,1,0,1
No Adaptive,1,217,train,strong,player_win,-10.0,5,50.0,1,Very Easy,0.05,0.05,1,453,94,0.0,0.0,1,0,1
No Adaptive,1,218,train,strong,player_win,-10.0,5,50.0,1,Very Easy,0.05,0.05,1,455,94,0.0,0.0,1,0,1
No Adaptive,1,219,train,strong,player_win,-10.0,7,50.0,1,Very Easy,0.05,0.05,1,458,95,0.0,0.0,2,0,1
No Adaptive,1,220,train,strong,player_win,-10.0,5,50.0,1,Very Easy,0.05,0.05,1,460,95,0.0,0.0,1,0,1
No Adaptive,1,221,train,strong,player_win,-10.0,5,50.0,1,Very Easy,0.05,0.05,1,462,95,0.0,0.0,1,0,1
No Adaptive,1,222,train,strong,player_win,-10.0,5,50.0,1,Very Easy,0.05,0.05,1,464,95,0.0,0.0,1,0,1
No Adaptive,1,223,train,strong,player_win,-10.0,5,50.0,1,Very Easy,0.05,0.05,1,466,95,0.0,0.0,1,0,1
No Adaptive,1,224,train,strong,player_win,-10.0,5,50.0,1,Very Easy,0.05,0.05,1,468,95,0.0,0.0,2,0,0
No Adaptive,1,225,train,strong,player_win,-10.0,5,50.0,1,Very Easy,0.05,0.05,1,470,95,0.0,0.0,1,0,1
No Adaptive,1,226,train,strong,player_win,-10.0,5,50.0,1,Very Easy,0.05,0.05,1,472,95,0.0,0.0,1,0,1
No Adaptive,1,227,train,strong,player_win,-10.0,5,50.0,1,Very Easy,0.05,0.05,1,474,95,0.0,0.0,1,0,1
No Adaptive,1,228,train,strong,player_win,-10.0,5,50.0,1,Very Easy,0.05,0.05,1,476,95,0.0,0.0,1,0,1
No Adaptive,1,229,train,strong,player_win,-10.0,5,50.0,1,Very Easy,0.05,0.05,1,478,95,0.0,0.0,1,0,1
No Adaptive,1,230,train,strong,player_win,-10.0,5,50.0,1,Very Easy,0.05,0.05,1,480,95,0.0,0.0,1,0,1
No Adaptive,1,231,train,strong,player_win,-10.0,5,50.0,1,Very Easy,0.05,0.05,1,482,95,0.0,0.0,1,0,1
No Adaptive,1,232,train,strong,player_win,-10.0,5,50.0,1,Very Easy,0.05,0.05,1,484,95,0.0,0.0,1,0,1
No Adaptive,1,233,train,strong,player_win,-10.0,5,50.0,1,Very Easy,0.05,0.05,1,486,95,0.0,0.0,1,0,1
No Adaptive,1,234,train,strong,player_win,-10.0,5,50.0,1,Very Easy,0.05,0.05,1,488,95,0.0,0.0,1,0,1
No Adaptive,1,235,train,strong,player_win,-10.0,5,50.0,1,Very Easy,0.05,0.05,1,490,95,0.0,0.0,1,1,0
No Adaptive,1,236,train,strong,player_win,-10.0,7,50.0,1,Very Easy,0.05,0.05,1,493,95,0.0,0.0,2,0,1
No Adaptive,1,237,train,strong,player_win,-10.0,5,50.0,1,Very Easy,0.05,0.05,1,495,96,0.0,0.0,1,0,1
No Adaptive,1,238,train,strong,player_win,-10.0,5,50.0,1,Very Easy,0.05,0.05,1,497,96,0.0,0.0,1,0,1
No Adaptive,1,239,train,strong,player_win,-10.0,5,50.0,1,Very Easy,0.05,0.05,1,499,97,0.0,0.0,1,0,1
No Adaptive,1,240,train,strong,player_win,-10.0,5,50.0,1,Very Easy,0.05,0.05,1,501,97,0.0,0.0,1,0,1
No Adaptive,1,241,train,strong,player_win,-10.0,5,50.0,1,Very Easy,0.05,0.05,1,503,97,0.0,0.0,1,0,1
No Adaptive,1,242,train,strong,player_win,-10.0,5,50.0,1,Very Easy,0.05,0.05,1,505,97,0.0,0.0,1,0,1
No Adaptive,1,243,train,strong,player_win,-10.0,5,50.0,1,Very Easy,0.05,0.05,1,507,97,0.0,0.0,1,0,1
No Adaptive,1,244,train,strong,player_win,-10.0,5,50.0,1,Very Easy,0.05,0.05,1,509,97,0.0,0.0,1,1,0
No Adaptive,1,245,train,strong,player_win,-10.0,7,50.0,1,Very Easy,0.05,0.05,1,512,97,0.0,0.0,2,0,1
No Adaptive,1,246,train,strong,player_win,-10.0,5,50.0,1,Very Easy,0.05,0.05,1,514,97,0.0,0.0,1,0,1
No Adaptive,1,247,train,strong,player_win,-10.0,5,50.0,1,Very Easy,0.05,0.05,1,516,97,0.0,0.0,1,0,1
No Adaptive,1,248,train,strong,player_win,-10.0,5,50.0,1,Very Easy,0.05,0.05,1,518,97,0.0,0.0,1,0,1
No Adaptive,1,249,train,strong,player_win,-10.0,5,50.0,1,Very Easy,0.05,0.05,1,520,97,0.0,0.0,1,0,1
No Adaptive,1,250,train,strong,player_win,-10.0,5,50.0,1,Very Easy,0.05,0.05,1,522,97,0.0,0.0,1,0,1
No Adaptive,1,251,train,strong,player_win,-10.0,5,50.0,1,Very Easy,0.05,0.05,1,524,97,0.0,0.0,1,0,1
No Adaptive,1,252,train,strong,player_win,-10.0,5,50.0,1,Very Easy,0.05,0.05,1,526,97,0.0,0.0,1,0,1
No Adaptive,1,253,train,strong,player_win,-10.0,5,50.0,1,Very Easy,0.05,0.05,1,528,97,0.0,0.0,1,0,1
No Adaptive,1,254,train,strong,player_win,-10.0,7,50.0,1,Very Easy,0.05,0.05,1,531,97,0.0,0.0,2,0,1
No Adaptive,1,255,train,strong,player_win,-10.0,7,50.0,1,Very Easy,0.05,0.05,1,534,97,0.0,0.0,2,0,1
No Adaptive,1,256,train,strong,player_win,-10.0,5,50.0,1,Very Easy,0.05,0.05,1,536,97,0.0,0.0,1,0,1
No Adaptive,1,257,train,strong,player_win,-10.0,5,50.0,1,Very Easy,0.05,0.05,1,538,97,0.0,0.0,1,0,1
No Adaptive,1,258,train,strong,player_win,-10.0,5,50.0,1,Very Easy,0.05,0.05,1,540,97,0.0,0.0,1,0,1
No Adaptive,1,259,train,strong,player_win,-10.0,5,50.0,1,Very Easy,0.05,0.05,1,542,97,0.0,0.0,1,0,1
No Adaptive,1,260,train,strong,player_win,-10.0,5,50.0,1,Very Easy,0.05,0.05,1,544,97,0.0,0.0,1,0,1
No Adaptive,1,261,train,strong,player_win,-10.0,5,50.0,1,Very Easy,0.05,0.05,1,546,97,0.0,0.0,1,0,1
No Adaptive,1,262,train,strong,player_win,-10.0,5,50.0,1,Very Easy,0.05,0.05,1,548,97,0.0,0.0,1,0,1
No Adaptive,1,263,train,strong,player_win,-10.0,7,50.0,1,Very Easy,0.05,0.05,1,551,97,0.0,0.0,2,0,1
No Adaptive,1,264,train,strong,player_win,-10.0,5,50.0,1,Very Easy,0.05,0.05,1,553,97,0.0,0.0,1,0,1
No Adaptive,1,265,train,strong,player_win,-10.0,5,50.0,1,Very Easy,0.05,0.05,1,555,97,0.0,0.0,1,0,1
No Adaptive,1,266,train,strong,player_win,-10.0,5,50.0,1,Very Easy,0.05,0.05,1,557,97,0.0,0.0,1,0,1
No Adaptive,1,267,train,strong,player_win,-10.0,5,50.0,1,Very Easy,0.05,0.05,1,559,98,0.0,0.0,1,0,1
No Adaptive,1,268,train,strong,player_win,-10.0,5,50.0,1,Very Easy,0.05,0.05,1,561,98,0.0,0.0,1,0,1
No Adaptive,1,269,train,strong,player_win,-10.0,5,50.0,1,Very Easy,0.05,0.05,1,563,98,0.0,0.0,1,0,1
No Adaptive,1,270,train,strong,player_win,-10.0,5,50.0,1,Very Easy,0.05,0.05,1,565,98,0.0,0.0,1,0,1
No Adaptive,1,271,train,strong,player_win,-10.0,5,50.0,1,Very Easy,0.05,0.05,1,567,98,0.0,0.0,1,0,1
No Adaptive,1,272,train,strong,player_win,-10.0,7,50.0,1,Very Easy,0.05,0.05,1,570,98,0.0,0.0,2,0,1
No Adaptive,1,273,train,strong,player_win,-10.0,7,50.0,1,Very Easy,0.05,0.05,1,573,98,0.0,0.0,2,0,1
No Adaptive,1,274,train,strong,player_win,-10.0,5,50.0,1,Very Easy,0.05,0.05,1,575,98,0.0,0.0,1,0,1
No Adaptive,1,275,train,strong,player_win,-10.0,5,50.0,1,Very Easy,0.05,0.05,1,577,98,0.0,0.0,1,0,1
No Adaptive,1,276,train,strong,player_win,-10.0,5,50.0,1,Very Easy,0.05,0.05,1,579,98,0.0,0.0,1,0,1
No Adaptive,1,277,train,strong,player_win,-10.0,5,50.0,1,Very Easy,0.05,0.05,1,581,98,0.0,0.0,1,0,1
No Adaptive,1,278,train,strong,player_win,-10.0,5,50.0,1,Very Easy,0.05,0.05,1,583,98,0.0,0.0,1,0,1
No Adaptive,1,279,train,strong,player_win,-10.0,5,50.0,1,Very Easy,0.05,0.05,1,585,98,0.0,0.0,1,0,1
No Adaptive,1,280,train,strong,player_win,-10.0,5,50.0,1,Very Easy,0.05,0.05,1,587,98,0.0,0.0,1,0,1
No Adaptive,1,281,train,strong,player_win,-10.0,5,50.0,1,Very Easy,0.05,0.05,1,589,98,0.0,0.0,1,0,1
No Adaptive,1,282,train,strong,player_win,-10.0,5,50.0,1,Very Easy,0.05,0.05,1,591,98,0.0,0.0,1,0,1
No Adaptive,1,283,train,strong,player_win,-10.0,5,50.0,1,Very Easy,0.05,0.05,1,593,98,0.0,0.0,1,0,1
No Adaptive,1,284,train,strong,player_win,-10.0,7,50.0,1,Very Easy,0.05,0.05,1,596,98,0.0,0.0,2,0,1
No Adaptive,1,285,train,strong,player_win,-10.0,7,50.0,1,Very Easy,0.05,0.05,1,599,98,0.0,0.0,2,0,1
No Adaptive,1,286,train,strong,player_win,-10.0,5,50.0,1,Very Easy,0.05,0.05,1,601,98,0.0,0.0,1,0,1
No Adaptive,1,287,train,strong,player_win,-10.0,5,50.0,1,Very Easy,0.05,0.05,1,603,98,0.0,0.0,1,0,1
No Adaptive,1,288,train,strong,player_win,-10.0,5,50.0,1,Very Easy,0.05,0.05,1,605,98,0.0,0.0,1,0,1
No Adaptive,1,289,train,strong,player_win,-10.0,5,50.0,1,Very Easy,0.05,0.05,1,607,98,0.0,0.0,1,0,1
No Adaptive,1,290,train,strong,player_win,-10.0,5,50.0,1,Very Easy,0.05,0.05,1,609,98,0.0,0.0,1,0,1
No Adaptive,1,291,train,strong,player_win,-10.0,5,50.0,1,Very Easy,0.05,0.05,1,611,98,0.0,0.0,1,0,1
No Adaptive,1,292,train,strong,player_win,-10.0,5,50.0,1,Very Easy,0.05,0.05,1,613,98,0.0,0.0,1,0,1
No Adaptive,1,293,train,strong,player_win,-10.0,7,50.0,1,Very Easy,0.05,0.05,1,616,98,0.0,0.0,2,0,1
No Adaptive,1,294,train,strong,player_win,-10.0,5,50.0,1,Very Easy,0.05,0.05,1,618,98,0.0,0.0,1,0,1
No Adaptive,1,295,train,strong,player_win,-10.0,5,50.0,1,Very Easy,0.05,0.05,1,620,98,0.0,0.0,1,0,1
No Adaptive,1,296,train,strong,player_win,-10.0,5,50.0,1,Very Easy,0.05,0.05,1,622,98,0.0,0.0,1,0,1
No Adaptive,1,297,train,strong,player_win,-10.0,5,50.0,1,Very Easy,0.05,0.05,1,624,98,0.0,0.0,1,0,1
No Adaptive,1,298,train,strong,player_win,-10.0,5,50.0,1,Very Easy,0.05,0.05,1,626,98,0.0,0.0,1,0,1
No Adaptive,1,299,train,strong,player_win,-10.0,5,50.0,1,Very Easy,0.05,0.05,1,628,98,0.0,0.0,1,0,1
No Adaptive,1,300,train,strong,player_win,-10.0,5,50.0,1,Very Easy,0.05,0.05,1,630,98,0.0,0.0,1,0,1
No Adaptive,1,301,train,strong,player_win,-10.0,5,50.0,1,Very Easy,0.05,0.05,1,632,98,0.0,0.0,1,0,1
No Adaptive,1,302,train,strong,player_win,-10.0,5,50.0,1,Very Easy,0.05,0.05,1,634,98,0.0,0.0,1,0,1
No Adaptive,1,303,train,strong,player_win,-10.0,5,50.0,1,Very Easy,0.05,0.05,1,636,98,0.0,0.0,1,0,1
No Adaptive,1,304,train,strong,player_win,-10.0,5,50.0,1,Very Easy,0.05,0.05,1,638,98,0.0,0.0,1,0,1
No Adaptive,1,305,train,strong,player_win,-10.0,5,50.0,1,Very Easy,0.05,0.05,1,640,98,0.0,0.0,1,0,1
No Adaptive,1,306,train,strong,player_win,-10.0,5,50.0,1,Very Easy,0.05,0.05,1,642,98,0.0,0.0,1,0,1
No Adaptive,1,307,train,strong,player_win,-10.0,5,50.0,1,Very Easy,0.05,0.05,1,644,98,0.0,0.0,1,0,1
No Adaptive,1,308,train,strong,player_win,-10.0,5,50.0,1,Very Easy,0.05,0.05,1,646,98,0.0,0.0,1,0,1
No Adaptive,1,309,train,strong,player_win,-10.0,5,50.0,1,Very Easy,0.05,0.05,1,648,98,0.0,0.0,1,0,1
No Adaptive,1,310,train,strong,player_win,-10.0,5,50.0,1,Very Easy,0.05,0.05,1,650,98,0.0,0.0,1,0,1
No Adaptive,1,311,train,strong,player_win,-10.0,7,50.0,1,Very Easy,0.05,0.05,1,653,98,0.0,0.0,2,0,1
No Adaptive,1,312,train,strong,player_win,-10.0,7,50.0,1,Very Easy,0.05,0.05,1,656,98,0.0,0.0,2,0,1
No Adaptive,1,313,train,strong,player_win,-10.0,5,50.0,1,Very Easy,0.05,0.05,1,658,98,0.0,0.0,2,0,0
No Adaptive,1,314,train,strong,player_win,-10.0,5,50.0,1,Very Easy,0.05,0.05,1,660,98,0.0,0.0,1,0,1
No Adaptive,1,315,train,strong,player_win,-10.0,7,50.0,1,Very Easy,0.05,0.05,1,663,98,0.0,0.0,2,0,1
No Adaptive,1,316,train,strong,player_win,-10.0,7,50.0,1,Very Easy,0.05,0.05,1,666,98,0.0,0.0,2,0,1
No Adaptive,1,317,train,strong,player_win,-10.0,5,50.0,1,Very Easy,0.05,0.05,1,668,98,0.0,0.0,1,0,1
No Adaptive,1,318,train,strong,player_win,-10.0,5,50.0,1,Very Easy,0.05,0.05,1,670,98,0.0,0.0,1,0,1
No Adaptive,1,319,train,strong,player_win,-10.0,5,50.0,1,Very Easy,0.05,0.05,1,672,98,0.0,0.0,1,0,1
No Adaptive,1,320,train,strong,player_win,-10.0,5,50.0,1,Very Easy,0.05,0.05,1,674,98,0.0,0.0,1,1,0
No Adaptive,1,321,train,strong,player_win,-10.0,5,50.0,1,Very Easy,0.05,0.05,1,676,98,0.0,0.0,1,0,1
No Adaptive,1,322,train,strong,player_win,-10.0,5,50.0,1,Very Easy,0.05,0.05,1,678,98,0.0,0.0,1,0,1
No Adaptive,1,323,train,strong,player_win,-10.0,5,50.0,1,Very Easy,0.05,0.05,1,680,98,0.0,0.0,1,0,1
No Adaptive,1,324,train,strong,player_win,-10.0,5,50.0,1,Very Easy,0.05,0.05,1,682,98,0.0,0.0,1,0,1
No Adaptive,1,325,train,strong,player_win,-10.0,5,50.0,1,Very Easy,0.05,0.05,1,684,98,0.0,0.0,1,0,1
No Adaptive,1,326,train,strong,player_win,-10.0,5,50.0,1,Very Easy,0.05,0.05,1,686,98,0.0,0.0,1,0,1
No Adaptive,1,327,train,strong,player_win,-10.0,5,50.0,1,Very Easy,0.05,0.05,1,688,98,0.0,0.0,1,0,1
No Adaptive,1,328,train,strong,player_win,-10.0,5,50.0,1,Very Easy,0.05,0.05,1,690,98,0.0,0.0,1,0,1
No Adaptive,1,329,train,strong,player_win,-10.0,5,50.0,1,Very Easy,0.05,0.05,1,692,98,0.0,0.0,1,0,1
No Adaptive,1,330,train,strong,player_win,-10.0,5,50.0,1,Very Easy,0.05,0.05,1,694,98,0.0,0.0,1,0,1
No Adaptive,1,331,train,strong,player_win,-10.0,7,50.0,1,Very Easy,0.05,0.05,1,697,98,0.0,0.0,2,0,1
No Adaptive,1,332,train,strong,player_win,-10.0,7,50.0,1,Very Easy,0.05,0.05,1,700,98,0.0,0.0,2,0,1
No Adaptive,1,333,train,strong,player_win,-10.0,5,50.0,1,Very Easy,0.05,0.05,1,702,98,0.0,0.0,1,0,1
No Adaptive,1,334,train,strong,player_win,-10.0,5,50.0,1,Very Easy,0.05,0.05,1,704,98,0.0,0.0,1,0,1
No Adaptive,1,335,train,strong,player_win,-10.0,5,50.0,1,Very Easy,0.05,0.05,1,706,98,0.0,0.0,1,0,1
No Adaptive,1,336,train,strong,player_win,-10.0,7,50.0,1,Very Easy,0.05,0.05,1,709,98,0.0,0.0,2,1,0
No Adaptive,1,337,train,strong,player_win,-10.0,7,50.0,1,Very Easy,0.05,0.05,1,712,98,0.0,0.0,2,0,1
No Adaptive,1,338,train,strong,player_win,-10.0,5,50.0,1,Very Easy,0.05,0.05,1,714,98,0.0,0.0,1,0,1
No Adaptive,1,339,train,strong,player_win,-10.0,5,50.0,1,Very Easy,0.05,0.05,1,716,98,0.0,0.0,1,0,1
No Adaptive,1,340,train,strong,player_win,-10.0,5,50.0,1,Very Easy,0.05,0.05,1,718,98,0.0,0.0,1,1,0
No Adaptive,1,341,train,strong,player_win,-10.0,5,50.0,1,Very Easy,0.05,0.05,1,720,98,0.0,0.0,1,1,0
No Adaptive,1,342,train,strong,player_win,-10.0,5,50.0,1,Very Easy,0.05,0.05,1,722,98,0.0,0.0,1,0,1
No Adaptive,1,343,train,strong,player_win,-10.0,5,50.0,1,Very Easy,0.05,0.05,1,724,98,0.0,0.0,1,0,1
No Adaptive,1,344,train,strong,player_win,-10.0,5,50.0,1,Very Easy,0.05,0.05,1,726,98,0.0,0.0,1,0,1
No Adaptive,1,345,train,strong,player_win,-10.0,5,50.0,1,Very Easy,0.05,0.05,1,728,98,0.0,0.0,2,0,0
No Adaptive,1,346,train,strong,player_win,-10.0,5,50.0,1,Very Easy,0.05,0.05,1,730,98,0.0,0.0,1,1,0
No Adaptive,1,347,train,strong,player_win,-10.0,5,50.0,1,Very Easy,0.05,0.05,1,732,98,0.0,0.0,1,0,1
No Adaptive,1,348,train,strong,player_win,-10.0,5,50.0,1,Very Easy,0.05,0.05,1,734,98,0.0,0.0,1,0,1
No Adaptive,1,349,train,strong,player_win,-10.0,5,50.0,1,Very Easy,0.05,0.05,1,736,98,0.0,0.0,1,0,1
No Adaptive,1,350,train,strong,player_win,-10.0,5,50.0,1,Very Easy,0.05,0.05,1,738,98,0.0,0.0,1,0,1
No Adaptive,1,351,train,strong,player_win,-10.0,5,50.0,1,Very Easy,0.05,0.05,1,740,98,0.0,0.0,1,0,1
No Adaptive,1,352,train,strong,player_win,-10.0,5,50.0,1,Very Easy,0.05,0.05,1,742,98,0.0,0.0,1,0,1
No Adaptive,1,353,train,strong,player_win,-10.0,5,50.0,1,Very Easy,0.05,0.05,1,744,98,0.0,0.0,1,0,1
No Adaptive,1,354,train,strong,player_win,-10.0,5,50.0,1,Very Easy,0.05,0.05,1,746,98,0.0,0.0,1,0,1
No Adaptive,1,355,train,strong,player_win,-10.0,5,50.0,1,Very Easy,0.05,0.05,1,748,98,0.0,0.0,2,0,0
No Adaptive,1,356,train,strong,player_win,-10.0,5,50.0,1,Very Easy,0.05,0.05,1,750,98,0.0,0.0,1,0,1
No Adaptive,1,357,train,strong,player_win,-10.0,5,50.0,1,Very Easy,0.05,0.05,1,752,98,0.0,0.0,1,0,1
No Adaptive,1,358,train,strong,player_win,-10.0,5,50.0,1,Very Easy,0.05,0.05,1,754,98,0.0,0.0,1,0,1
No Adaptive,1,359,train,strong,player_win,-10.0,7,50.0,1,Very Easy,0.05,0.05,1,757,98,0.0,0.0,2,0,1
No Adaptive,1,360,train,strong,player_win,-10.0,5,50.0,1,Very Easy,0.05,0.05,1,759,98,0.0,0.0,1,0,1
No Adaptive,1,361,train,strong,player_win,-10.0,5,50.0,1,Very Easy,0.05,0.05,1,761,98,0.0,0.0,1,0,1
No Adaptive,1,362,train,strong,player_win,-10.0,5,50.0,1,Very Easy,0.05,0.05,1,763,98,0.0,0.0,1,0,1
No Adaptive,1,363,train,strong,player_win,-10.0,7,50.0,1,Very Easy,0.05,0.05,1,766,98,0.0,0.0,2,0,1
No Adaptive,1,364,train,strong,player_win,-10.0,5,50.0,1,Very Easy,0.05,0.05,1,768,98,0.0,0.0,1,0,1
No Adaptive,1,365,train,strong,player_win,-10.0,5,50.0,1,Very Easy,0.05,0.05,1,770,98,0.0,0.0,1,0,1
No Adaptive,1,366,train,strong,player_win,-10.0,5,50.0,1,Very Easy,0.05,0.05,1,772,98,0.0,0.0,1,0,1
No Adaptive,1,367,train,strong,player_win,-10.0,5,50.0,1,Very Easy,0.05,0.05,1,774,98,0.0,0.0,1,0,1
No Adaptive,1,368,train,strong,player_win,-10.0,5,50.0,1,Very Easy,0.05,0.05,1,776,98,0.0,0.0,1,0,1
No Adaptive,1,369,train,strong,player_win,-10.0,5,50.0,1,Very Easy,0.05,0.05,1,778,98,0.0,0.0,1,0,1
No Adaptive,1,370,train,strong,player_win,-10.0,7,50.0,1,Very Easy,0.05,0.05,1,781,98,0.0,0.0,2,0,1
No Adaptive,1,371,train,strong,player_win,-10.0,5,50.0,1,Very Easy,0.05,0.05,1,783,98,0.0,0.0,1,0,1
No Adaptive,1,372,train,strong,player_win,-10.0,5,50.0,1,Very Easy,0.05,0.05,1,785,98,0.0,0.0,1,0,1
No Adaptive,1,373,train,strong,player_win,-10.0,5,50.0,1,Very Easy,0.05,0.05,1,787,98,0.0,0.0,1,0,1
No Adaptive,1,374,train,strong,player_win,-10.0,5,50.0,1,Very Easy,0.05,0.05,1,789,98,0.0,0.0,1,0,1
No Adaptive,1,375,train,strong,player_win,-10.0,5,50.0,1,Very Easy,0.05,0.05,1,791,98,0.0,0.0,1,0,1
No Adaptive,1,376,train,strong,player_win,-10.0,5,50.0,1,Very Easy,0.05,0.05,1,793,98,0.0,0.0,2,0,0
No Adaptive,1,377,train,strong,player_win,-10.0,5,50.0,1,Very Easy,0.05,0.05,1,795,98,0.0,0.0,1,0,1
No Adaptive,1,378,train,strong,player_win,-10.0,5,50.0,1,Very Easy,0.05,0.05,1,797,98,0.0,0.0,1,0,1
No Adaptive,1,379,train,strong,player_win,-10.0,5,50.0,1,Very Easy,0.05,0.05,1,799,98,0.0,0.0,1,1,0
No Adaptive,1,380,train,strong,player_win,-10.0,5,50.0,1,Very Easy,0.05,0.05,1,801,98,0.0,0.0,1,0,1
No Adaptive,1,381,train,strong,player_win,-10.0,5,50.0,1,Very Easy,0.05,0.05,1,803,98,0.0,0.0,1,0,1
No Adaptive,1,382,train,strong,player_win,-10.0,5,50.0,1,Very Easy,0.05,0.05,1,805,98,0.0,0.0,1,0,1
No Adaptive,1,383,train,strong,player_win,-10.0,5,50.0,1,Very Easy,0.05,0.05,1,807,98,0.0,0.0,1,0,1
No Adaptive,1,384,train,strong,player_win,-10.0,5,50.0,1,Very Easy,0.05,0.05,1,809,98,0.0,0.0,1,0,1
No Adaptive,1,385,train,strong,player_win,-10.0,5,50.0,1,Very Easy,0.05,0.05,1,811,98,0.0,0.0,1,0,1
No Adaptive,1,386,train,strong,player_win,-10.0,5,50.0,1,Very Easy,0.05,0.05,1,813,98,0.0,0.0,1,0,1
No Adaptive,1,387,train,strong,player_win,-10.0,5,50.0,1,Very Easy,0.05,0.05,1,815,98,0.0,0.0,2,0,0
No Adaptive,1,388,train,strong,player_win,-10.0,5,50.0,1,Very Easy,0.05,0.05,1,817,98,0.0,0.0,1,0,1
No Adaptive,1,389,train,strong,player_win,-10.0,5,50.0,1,Very Easy,0.05,0.05,1,819,98,0.0,0.0,1,0,1
No Adaptive,1,390,train,strong,player_win,-10.0,5,50.0,1,Very Easy,0.05,0.05,1,821,98,0.0,0.0,1,0,1
No Adaptive,1,391,train,strong,player_win,-10.0,5,50.0,1,Very Easy,0.05,0.05,1,823,98,0.0,0.0,1,0,1
No Adaptive,1,392,train,strong,player_win,-10.0,5,50.0,1,Very Easy,0.05,0.05,1,825,98,0.0,0.0,1,0,1
No Adaptive,1,393,train,strong,player_win,-10.0,5,50.0,1,Very Easy,0.05,0.05,1,827,98,0.0,0.0,1,0,1
No Adaptive,1,394,train,strong,player_win,-10.0,5,50.0,1,Very Easy,0.05,0.05,1,829,98,0.0,0.0,1,0,1
No Adaptive,1,395,train,strong,player_win,-10.0,5,50.0,1,Very Easy,0.05,0.05,1,831,98,0.0,0.0,1,0,1
No Adaptive,1,396,train,strong,player_win,-10.0,5,50.0,1,Very Easy,0.05,0.05,1,833,98,0.0,0.0,1,0,1
No Adaptive,1,397,train,strong,player_win,-10.0,5,50.0,1,Very Easy,0.05,0.05,1,835,98,0.0,0.0,1,0,1
No Adaptive,1,398,train,strong,player_win,-10.0,5,50.0,1,Very Easy,0.05,0.05,1,837,98,0.0,0.0,1,1,0
No Adaptive,1,399,train,strong,player_win,-10.0,5,50.0,1,Very Easy,0.05,0.05,1,839,98,0.0,0.0,1,0,1
No Adaptive,1,400,train,strong,player_win,-10.0,5,50.0,1,Very Easy,0.05,0.05,1,841,98,0.0,0.0,1,0,1
No Adaptive,1,401,train,strong,player_win,-10.0,5,50.0,1,Very Easy,0.05,0.05,1,843,98,0.0,0.0,1,0,1
No Adaptive,1,402,train,strong,player_win,-10.0,5,50.0,1,Very Easy,0.05,0.05,1,845,98,0.0,0.0,1,0,1
No Adaptive,1,403,train,strong,player_win,-10.0,7,50.0,1,Very Easy,0.05,0.05,1,848,98,0.0,0.0,2,0,1
No Adaptive,1,404,train,strong,player_win,-10.0,5,50.0,1,Very Easy,0.05,0.05,1,850,98,0.0,0.0,1,0,1
No Adaptive,1,405,train,strong,player_win,-10.0,5,50.0,1,Very Easy,0.05,0.05,1,852,98,0.0,0.0,1,0,1
No Adaptive,1,406,train,strong,player_win,-10.0,5,50.0,1,Very Easy,0.05,0.05,1,854,98,0.0,0.0,1,0,1
No Adaptive,1,407,train,strong,player_win,-10.0,5,50.0,1,Very Easy,0.05,0.05,1,856,98,0.0,0.0,1,0,1
No Adaptive,1,408,train,strong,player_win,-10.0,5,50.0,1,Very Easy,0.05,0.05,1,858,98,0.0,0.0,1,0,1
No Adaptive,1,409,train,strong,player_win,-10.0,5,50.0,1,Very Easy,0.05,0.05,1,860,98,0.0,0.0,1,0,1
No Adaptive,1,410,train,strong,player_win,-10.0,5,50.0,1,Very Easy,0.05,0.05,1,862,98,0.0,0.0,2,0,0
No Adaptive,1,411,train,strong,player_win,-10.0,5,50.0,1,Very Easy,0.05,0.05,1,864,98,0.0,0.0,1,0,1
No Adaptive,1,412,train,strong,player_win,-10.0,5,50.0,1,Very Easy,0.05,0.05,1,866,98,0.0,0.0,1,0,1
No Adaptive,1,413,train,strong,player_win,-10.0,5,50.0,1,Very Easy,0.05,0.05,1,868,98,0.0,0.0,2,0,0
No Adaptive,1,414,train,strong,player_win,-10.0,5,50.0,1,Very Easy,0.05,0.05,1,870,98,0.0,0.0,2,0,0
No Adaptive,1,415,train,strong,player_win,-10.0,5,50.0,1,Very Easy,0.05,0.05,1,872,98,0.0,0.0,1,0,1
No Adaptive,1,416,train,strong,player_win,-10.0,5,50.0,1,Very Easy,0.05,0.05,1,874,98,0.0,0.0,1,0,1
No Adaptive,1,417,train,strong,player_win,-10.0,5,50.0,1,Very Easy,0.05,0.05,1,876,98,0.0,0.0,1,0,1
No Adaptive,1,418,train,strong,player_win,-10.0,5,50.0,1,Very Easy,0.05,0.05,1,878,98,0.0,0.0,1,0,1
No Adaptive,1,419,train,strong,player_win,-10.0,5,50.0,1,Very Easy,0.05,0.05,1,880,98,0.0,0.0,1,0,1
No Adaptive,1,420,train,strong,player_win,-10.0,5,50.0,1,Very Easy,0.05,0.05,1,882,98,0.0,0.0,1,0,1
No Adaptive,1,421,train,strong,player_win,-10.0,5,50.0,1,Very Easy,0.05,0.05,1,884,98,0.0,0.0,1,1,0
No Adaptive,1,422,train,strong,player_win,-10.0,5,50.0,1,Very Easy,0.05,0.05,1,886,98,0.0,0.0,2,0,0
No Adaptive,1,423,train,strong,player_win,-10.0,5,50.0,1,Very Easy,0.05,0.05,1,888,98,0.0,0.0,2,0,0
No Adaptive,1,424,train,strong,player_win,-10.0,5,50.0,1,Very Easy,0.05,0.05,1,890,99,0.0,0.0,1,0,1
No Adaptive,1,425,train,strong,player_win,-10.0,5,50.0,1,Very Easy,0.05,0.05,1,892,99,0.0,0.0,1,0,1
No Adaptive,1,426,train,strong,player_win,-10.0,5,50.0,1,Very Easy,0.05,0.05,1,894,99,0.0,0.0,1,0,1
No Adaptive,1,427,train,strong,player_win,-10.0,5,50.0,1,Very Easy,0.05,0.05,1,896,99,0.0,0.0,1,0,1
No Adaptive,1,428,train,strong,player_win,-10.0,7,50.0,1,Very Easy,0.05,0.05,1,899,99,0.0,0.0,2,0,1
No Adaptive,1,429,train,strong,player_win,-10.0,5,50.0,1,Very Easy,0.05,0.05,1,901,99,0.0,0.0,1,0,1
No Adaptive,1,430,train,strong,player_win,-10.0,5,50.0,1,Very Easy,0.05,0.05,1,903,99,0.0,0.0,1,0,1
No Adaptive,1,431,train,strong,player_win,-10.0,5,50.0,1,Very Easy,0.05,0.05,1,905,99,0.0,0.0,1,0,1
No Adaptive,1,432,train,strong,player_win,-10.0,5,50.0,1,Very Easy,0.05,0.05,1,907,99,0.0,0.0,1,0,1
No Adaptive,1,433,train,strong,player_win,-10.0,5,50.0,1,Very Easy,0.05,0.05,1,909,99,0.0,0.0,1,0,1
No Adaptive,1,434,train,strong,player_win,-10.0,5,50.0,1,Very Easy,0.05,0.05,1,911,99,0.0,0.0,1,0,1
No Adaptive,1,435,train,strong,player_win,-10.0,5,50.0,1,Very Easy,0.05,0.05,1,913,99,0.0,0.0,1,1,0
No Adaptive,1,436,train,strong,player_win,-10.0,5,50.0,1,Very Easy,0.05,0.05,1,915,99,0.0,0.0,1,0,1
No Adaptive,1,437,train,strong,player_win,-10.0,5,50.0,1,Very Easy,0.05,0.05,1,917,99,0.0,0.0,1,0,1
No Adaptive,1,438,train,strong,player_win,-10.0,5,50.0,1,Very Easy,0.05,0.05,1,919,99,0.0,0.0,1,0,1
No Adaptive,1,439,train,strong,player_win,-10.0,5,50.0,1,Very Easy,0.05,0.05,1,921,99,0.0,0.0,1,0,1
No Adaptive,1,440,train,strong,player_win,-10.0,7,50.0,1,Very Easy,0.05,0.05,1,924,99,0.0,0.0,2,0,1
No Adaptive,1,441,train,strong,player_win,-10.0,5,50.0,1,Very Easy,0.05,0.05,1,926,99,0.0,0.0,2,0,0
No Adaptive,1,442,train,strong,player_win,-10.0,5,50.0,1,Very Easy,0.05,0.05,1,928,99,0.0,0.0,1,0,1
No Adaptive,1,443,train,strong,player_win,-10.0,5,50.0,1,Very Easy,0.05,0.05,1,930,99,0.0,0.0,1,0,1
No Adaptive,1,444,train,strong,player_win,-10.0,7,50.0,1,Very Easy,0.05,0.05,1,933,99,0.0,0.0,2,0,1
No Adaptive,1,445,train,strong,player_win,-10.0,5,50.0,1,Very Easy,0.05,0.05,1,935,99,0.0,0.0,2,0,0
No Adaptive,1,446,train,strong,player_win,-10.0,5,50.0,1,Very Easy,0.05,0.05,1,937,99,0.0,0.0,1,0,1
No Adaptive,1,447,train,strong,player_win,-10.0,7,50.0,1,Very Easy,0.05,0.05,1,940,99,0.0,0.0,2,0,1
No Adaptive,1,448,train,strong,player_win,-10.0,5,50.0,1,Very Easy,0.05,0.05,1,942,99,0.0,0.0,1,0,1
No Adaptive,1,449,train,strong,player_win,-10.0,5,50.0,1,Very Easy,0.05,0.05,1,944,99,0.0,0.0,1,0,1
No Adaptive,1,450,train,strong,player_win,-10.0,5,50.0,1,Very Easy,0.05,0.05,1,946,99,0.0,0.0,1,0,1
No Adaptive,1,451,train,strong,player_win,-10.0,5,50.0,1,Very Easy,0.05,0.05,1,948,99,0.0,0.0,1,0,1
No Adaptive,1,452,train,strong,player_win,-10.0,5,50.0,1,Very Easy,0.05,0.05,1,950,99,0.0,0.0,1,0,1
No Adaptive,1,453,train,strong,player_win,-10.0,5,50.0,1,Very Easy,0.05,0.05,1,952,99,0.0,0.0,1,0,1
No Adaptive,1,454,train,strong,player_win,-10.0,5,50.0,1,Very Easy,0.05,0.05,1,954,99,0.0,0.0,1,0,1
No Adaptive,1,455,train,strong,player_win,-10.0,7,50.0,1,Very Easy,0.05,0.05,1,957,99,0.0,0.0,2,0,1
No Adaptive,1,456,train,strong,player_win,-10.0,5,50.0,1,Very Easy,0.05,0.05,1,959,99,0.0,0.0,1,0,1
No Adaptive,1,457,train,strong,player_win,-10.0,7,50.0,1,Very Easy,0.05,0.05,1,962,99,0.0,0.0,2,0,1
No Adaptive,1,458,train,strong,player_win,-10.0,7,50.0,1,Very Easy,0.05,0.05,1,965,99,0.0,0.0,2,0,1
No Adaptive,1,459,train,strong,player_win,-10.0,5,50.0,1,Very Easy,0.05,0.05,1,967,99,0.0,0.0,1,1,0
No Adaptive,1,460,train,strong,player_win,-10.0,5,50.0,1,Very Easy,0.05,0.05,1,969,99,0.0,0.0,1,0,1
No Adaptive,1,461,train,strong,player_win,-10.0,5,50.0,1,Very Easy,0.05,0.05,1,971,99,0.0,0.0,1,1,0
No Adaptive,1,462,train,strong,player_win,-10.0,5,50.0,1,Very Easy,0.05,0.05,1,973,99,0.0,0.0,1,1,0
No Adaptive,1,463,train,strong,player_win,-10.0,5,50.0,1,Very Easy,0.05,0.05,1,975,99,0.0,0.0,1,0,1
No Adaptive,1,464,train,strong,player_win,-10.0,7,50.0,1,Very Easy,0.05,0.05,1,978,99,0.0,0.0,2,0,1
No Adaptive,1,465,train,strong,player_win,-10.0,5,50.0,1,Very Easy,0.05,0.05,1,980,99,0.0,0.0,1,0,1
No Adaptive,1,466,train,strong,player_win,-10.0,5,50.0,1,Very Easy,0.05,0.05,1,982,99,0.0,0.0,1,0,1
No Adaptive,1,467,train,strong,player_win,-10.0,5,50.0,1,Very Easy,0.05,0.05,1,984,99,0.0,0.0,1,0,1
No Adaptive,1,468,train,strong,player_win,-10.0,7,50.0,1,Very Easy,0.05,0.05,1,987,99,0.0,0.0,2,0,1
No Adaptive,1,469,train,strong,player_win,-10.0,5,50.0,1,Very Easy,0.05,0.05,1,989,99,0.0,0.0,1,0,1
No Adaptive,1,470,train,strong,player_win,-10.0,5,50.0,1,Very Easy,0.05,0.05,1,991,99,0.0,0.0,1,0,1
No Adaptive,1,471,train,strong,player_win,-10.0,5,50.0,1,Very Easy,0.05,0.05,1,993,99,0.0,0.0,1,0,1
No Adaptive,1,472,train,strong,player_win,-10.0,5,50.0,1,Very Easy,0.05,0.05,1,995,99,0.0,0.0,1,0,1
No Adaptive,1,473,train,strong,player_win,-10.0,5,50.0,1,Very Easy,0.05,0.05,1,997,99,0.0,0.0,1,0,1
No Adaptive,1,474,train,strong,player_win,-10.0,5,50.0,1,Very Easy,0.05,0.05,1,999,99,0.0,0.0,1,0,1
No Adaptive,1,475,train,strong,player_win,-10.0,7,50.0,1,Very Easy,0.05,0.05,1,1002,99,0.0,0.0,2,0,1
No Adaptive,1,476,train,strong,player_win,-10.0,5,50.0,1,Very Easy,0.05,0.05,1,1004,99,0.0,0.0,1,0,1
No Adaptive,1,477,train,strong,player_win,-10.0,5,50.0,1,Very Easy,0.05,0.05,1,1006,99,0.0,0.0,1,0,1
No Adaptive,1,478,train,strong,player_win,-10.0,5,50.0,1,Very Easy,0.05,0.05,1,1008,99,0.0,0.0,1,0,1
No Adaptive,1,479,train,strong,player_win,-10.0,5,50.0,1,Very Easy,0.05,0.05,1,1010,99,0.0,0.0,1,0,1
No Adaptive,1,480,train,strong,player_win,-10.0,5,50.0,1,Very Easy,0.05,0.05,1,1012,99,0.0,0.0,1,0,1
No Adaptive,1,481,train,strong,player_win,-10.0,5,50.0,1,Very Easy,0.05,0.05,1,1014,99,0.0,0.0,1,0,1
No Adaptive,1,482,train,strong,player_win,-10.0,5,50.0,1,Very Easy,0.05,0.05,1,1016,99,0.0,0.0,1,0,1
No Adaptive,1,483,train,strong,player_win,-10.0,5,50.0,1,Very Easy,0.05,0.05,1,1018,99,0.0,0.0,1,0,1
No Adaptive,1,484,train,strong,player_win,-10.0,5,50.0,1,Very Easy,0.05,0.05,1,1020,99,0.0,0.0,1,0,1
No Adaptive,1,485,train,strong,player_win,-10.0,5,50.0,1,Very Easy,0.05,0.05,1,1022,99,0.0,0.0,1,0,1
No Adaptive,1,486,train,strong,player_win,-10.0,7,50.0,1,Very Easy,0.05,0.05,1,1025,99,0.0,0.0,2,0,1
No Adaptive,1,487,train,strong,player_win,-10.0,5,50.0,1,Very Easy,0.05,0.05,1,1027,99,0.0,0.0,1,0,1
No Adaptive,1,488,train,strong,player_win,-10.0,5,50.0,1,Very Easy,0.05,0.05,1,1029,99,0.0,0.0,1,0,1
No Adaptive,1,489,train,strong,player_win,-10.0,5,50.0,1,Very Easy,0.05,0.05,1,1031,99,0.0,0.0,1,0,1
No Adaptive,1,490,train,strong,player_win,-10.0,5,50.0,1,Very Easy,0.05,0.05,1,1033,99,0.0,0.0,1,0,1
No Adaptive,1,491,train,strong,player_win,-10.0,5,50.0,1,Very Easy,0.05,0.05,1,1035,99,0.0,0.0,1,0,1
No Adaptive,1,492,train,strong,player_win,-10.0,7,50.0,1,Very Easy,0.05,0.05,1,1038,99,0.0,0.0,2,0,1
No Adaptive,1,493,train,strong,player_win,-10.0,7,50.0,1,Very Easy,0.05,0.05,1,1041,99,0.0,0.0,2,0,1
No Adaptive,1,494,train,strong,player_win,-10.0,5,50.0,1,Very Easy,0.05,0.05,1,1043,99,0.0,0.0,1,0,1
No Adaptive,1,495,train,strong,player_win,-10.0,5,50.0,1,Very Easy,0.05,0.05,1,1045,99,0.0,0.0,1,0,1
No Adaptive,1,496,train,strong,player_win,-10.0,5,50.0,1,Very Easy,0.05,0.05,1,1047,99,0.0,0.0,1,0,1
No Adaptive,1,497,train,strong,player_win,-10.0,5,50.0,1,Very Easy,0.05,0.05,1,1049,99,0.0,0.0,1,0,1
No Adaptive,1,498,train,strong,player_win,-10.0,5,50.0,1,Very Easy,0.05,0.05,1,1051,99,0.0,0.0,1,0,1
No Adaptive,1,499,train,strong,player_win,-10.0,5,50.0,1,Very Easy,0.05,0.05,1,1053,99,0.0,0.0,1,0,1
No Adaptive,1,500,train,strong,player_win,-10.0,5,50.0,1,Very Easy,0.05,0.05,1,1055,99,0.0,0.0,1,0,1
No Adaptive,1,501,train,strong,player_win,-10.0,5,50.0,1,Very Easy,0.05,0.05,1,1057,99,0.0,0.0,1,0,1
No Adaptive,1,502,train,strong,player_win,-10.0,5,50.0,1,Very Easy,0.05,0.05,1,1059,99,0.0,0.0,1,0,1
No Adaptive,1,503,train,strong,player_win,-10.0,5,50.0,1,Very Easy,0.05,0.05,1,1061,99,0.0,0.0,1,0,1
No Adaptive,1,504,train,strong,player_win,-10.0,5,50.0,1,Very Easy,0.05,0.05,1,1063,99,0.0,0.0,1,0,1
No Adaptive,1,505,train,strong,player_win,-10.0,5,50.0,1,Very Easy,0.05,0.05,1,1065,99,0.0,0.0,1,0,1
No Adaptive,1,506,train,strong,player_win,-10.0,5,50.0,1,Very Easy,0.05,0.05,1,1067,99,0.0,0.0,1,1,0
No Adaptive,1,507,train,strong,player_win,-10.0,7,50.0,1,Very Easy,0.05,0.05,1,1070,99,0.0,0.0,2,0,1
No Adaptive,1,508,train,strong,player_win,-10.0,5,50.0,1,Very Easy,0.05,0.05,1,1072,99,0.0,0.0,1,0,1
No Adaptive,1,509,train,strong,player_win,-10.0,5,50.0,1,Very Easy,0.05,0.05,1,1074,99,0.0,0.0,1,0,1
No Adaptive,1,510,train,strong,player_win,-10.0,5,50.0,1,Very Easy,0.05,0.05,1,1076,99,0.0,0.0,1,0,1
No Adaptive,1,511,train,strong,player_win,-10.0,5,50.0,1,Very Easy,0.05,0.05,1,1078,99,0.0,0.0,1,0,1
No Adaptive,1,512,train,strong,player_win,-10.0,5,50.0,1,Very Easy,0.05,0.05,1,1080,99,0.0,0.0,1,0,1
No Adaptive,1,513,train,strong,player_win,-10.0,5,50.0,1,Very Easy,0.05,0.05,1,1082,99,0.0,0.0,1,0,1
No Adaptive,1,514,train,strong,player_win,-10.0,5,50.0,1,Very Easy,0.05,0.05,1,1084,99,0.0,0.0,1,0,1
No Adaptive,1,515,train,strong,player_win,-10.0,5,50.0,1,Very Easy,0.05,0.05,1,1086,99,0.0,0.0,1,0,1
No Adaptive,1,516,train,strong,player_win,-10.0,5,50.0,1,Very Easy,0.05,0.05,1,1088,99,0.0,0.0,2,0,0
No Adaptive,1,517,train,strong,player_win,-10.0,5,50.0,1,Very Easy,0.05,0.05,1,1090,99,0.0,0.0,1,0,1
No Adaptive,1,518,train,strong,player_win,-10.0,5,50.0,1,Very Easy,0.05,0.05,1,1092,99,0.0,0.0,1,0,1
No Adaptive,1,519,train,strong,player_win,-10.0,7,50.0,1,Very Easy,0.05,0.05,1,1095,99,0.0,0.0,2,0,1
No Adaptive,1,520,train,strong,player_win,-10.0,5,50.0,1,Very Easy,0.05,0.05,1,1097,99,0.0,0.0,1,0,1
No Adaptive,1,521,train,strong,player_win,-10.0,5,50.0,1,Very Easy,0.05,0.05,1,1099,99,0.0,0.0,1,0,1
No Adaptive,1,522,train,strong,player_win,-10.0,5,50.0,1,Very Easy,0.05,0.05,1,1101,99,0.0,0.0,1,0,1
No Adaptive,1,523,train,strong,player_win,-10.0,5,50.0,1,Very Easy,0.05,0.05,1,1103,99,0.0,0.0,1,0,1
No Adaptive,1,524,train,strong,player_win,-10.0,5,50.0,1,Very Easy,0.05,0.05,1,1105,99,0.0,0.0,1,0,1
No Adaptive,1,525,train,strong,player_win,-10.0,5,50.0,1,Very Easy,0.05,0.05,1,1107,99,0.0,0.0,1,0,1
No Adaptive,1,526,train,strong,player_win,-10.0,5,50.0,1,Very Easy,0.05,0.05,1,1109,99,0.0,0.0,1,0,1
No Adaptive,1,527,train,strong,player_win,-10.0,5,50.0,1,Very Easy,0.05,0.05,1,1111,99,0.0,0.0,1,0,1
No Adaptive,1,528,train,strong,player_win,-10.0,5,50.0,1,Very Easy,0.05,0.05,1,1113,99,0.0,0.0,1,0,1
No Adaptive,1,529,train,strong,player_win,-10.0,5,50.0,1,Very Easy,0.05,0.05,1,1115,99,0.0,0.0,1,0,1
No Adaptive,1,530,train,strong,player_win,-10.0,5,50.0,1,Very Easy,0.05,0.05,1,1117,99,0.0,0.0,1,0,1
No Adaptive,1,531,train,strong,player_win,-10.0,5,50.0,1,Very Easy,0.05,0.05,1,1119,99,0.0,0.0,1,0,1
No Adaptive,1,532,train,strong,player_win,-10.0,5,50.0,1,Very Easy,0.05,0.05,1,1121,99,0.0,0.0,1,0,1
No Adaptive,1,533,train,strong,player_win,-10.0,5,50.0,1,Very Easy,0.05,0.05,1,1123,99,0.0,0.0,1,0,1
No Adaptive,1,534,train,strong,player_win,-10.0,5,50.0,1,Very Easy,0.05,0.05,1,1125,99,0.0,0.0,1,0,1
No Adaptive,1,535,train,strong,player_win,-10.0,5,50.0,1,Very Easy,0.05,0.05,1,1127,99,0.0,0.0,1,0,1
No Adaptive,1,536,train,strong,player_win,-10.0,5,50.0,1,Very Easy,0.05,0.05,1,1129,99,0.0,0.0,1,0,1
No Adaptive,1,537,train,strong,player_win,-10.0,5,50.0,1,Very Easy,0.05,0.05,1,1131,99,0.0,0.0,1,0,1
No Adaptive,1,538,train,strong,player_win,-10.0,5,50.0,1,Very Easy,0.05,0.05,1,1133,99,0.0,0.0,1,0,1
No Adaptive,1,539,train,strong,player_win,-10.0,5,50.0,1,Very Easy,0.05,0.05,1,1135,99,0.0,0.0,1,0,1
No Adaptive,1,540,train,strong,player_win,-10.0,5,50.0,1,Very Easy,0.05,0.05,1,1137,99,0.0,0.0,1,0,1
No Adaptive,1,541,train,strong,player_win,-10.0,5,50.0,1,Very Easy,0.05,0.05,1,1139,99,0.0,0.0,1,0,1
No Adaptive,1,542,train,strong,player_win,-10.0,5,50.0,1,Very Easy,0.05,0.05,1,1141,99,0.0,0.0,1,0,1
No Adaptive,1,543,train,strong,player_win,-10.0,5,50.0,1,Very Easy,0.05,0.05,1,1143,99,0.0,0.0,1,0,1
No Adaptive,1,544,train,strong,player_win,-10.0,5,50.0,1,Very Easy,0.05,0.05,1,1145,99,0.0,0.0,1,0,1
No Adaptive,1,545,train,strong,player_win,-10.0,7,50.0,1,Very Easy,0.05,0.05,1,1148,99,0.0,0.0,2,0,1
No Adaptive,1,546,train,strong,player_win,-10.0,5,50.0,1,Very Easy,0.05,0.05,1,1150,99,0.0,0.0,1,0,1
No Adaptive,1,547,train,strong,player_win,-10.0,5,50.0,1,Very Easy,0.05,0.05,1,1152,99,0.0,0.0,1,0,1
No Adaptive,1,548,train,strong,player_win,-10.0,5,50.0,1,Very Easy,0.05,0.05,1,1154,99,0.0,0.0,1,0,1
No Adaptive,1,549,train,strong,player_win,-10.0,5,50.0,1,Very Easy,0.05,0.05,1,1156,99,0.0,0.0,1,0,1
No Adaptive,1,550,train,strong,player_win,-10.0,5,50.0,1,Very Easy,0.05,0.05,1,1158,99,0.0,0.0,1,0,1
No Adaptive,1,551,train,strong,player_win,-10.0,5,50.0,1,Very Easy,0.05,0.05,1,1160,99,0.0,0.0,1,0,1
No Adaptive,1,552,train,strong,player_win,-10.0,5,50.0,1,Very Easy,0.05,0.05,1,1162,99,0.0,0.0,1,0,1
No Adaptive,1,553,train,strong,player_win,-10.0,5,50.0,1,Very Easy,0.05,0.05,1,1164,99,0.0,0.0,1,0,1
No Adaptive,1,554,train,strong,player_win,-10.0,5,50.0,1,Very Easy,0.05,0.05,1,1166,99,0.0,0.0,1,0,1
No Adaptive,1,555,train,strong,player_win,-10.0,5,50.0,1,Very Easy,0.05,0.05,1,1168,99,0.0,0.0,1,0,1
No Adaptive,1,556,train,strong,player_win,-10.0,5,50.0,1,Very Easy,0.05,0.05,1,1170,99,0.0,0.0,1,0,1
No Adaptive,1,557,train,strong,player_win,-10.0,5,50.0,1,Very Easy,0.05,0.05,1,1172,99,0.0,0.0,1,0,1
No Adaptive,1,558,train,strong,player_win,-10.0,5,50.0,1,Very Easy,0.05,0.05,1,1174,99,0.0,0.0,1,0,1
No Adaptive,1,559,train,strong,player_win,-10.0,5,50.0,1,Very Easy,0.05,0.05,1,1176,99,0.0,0.0,1,0,1
No Adaptive,1,560,train,strong,player_win,-10.0,5,50.0,1,Very Easy,0.05,0.05,1,1178,99,0.0,0.0,1,0,1
No Adaptive,1,561,train,strong,player_win,-10.0,5,50.0,1,Very Easy,0.05,0.05,1,1180,99,0.0,0.0,1,0,1
No Adaptive,1,562,train,strong,player_win,-10.0,5,50.0,1,Very Easy,0.05,0.05,1,1182,99,0.0,0.0,2,0,0
No Adaptive,1,563,train,strong,player_win,-10.0,7,50.0,1,Very Easy,0.05,0.05,1,1185,100,0.0,0.0,2,0,1
No Adaptive,1,564,train,strong,player_win,-10.0,5,50.0,1,Very Easy,0.05,0.05,1,1187,100,0.0,0.0,1,0,1
No Adaptive,1,565,train,strong,player_win,-10.0,7,50.0,1,Very Easy,0.05,0.05,1,1190,100,0.0,0.0,2,0,1
No Adaptive,1,566,train,strong,player_win,-10.0,5,50.0,1,Very Easy,0.05,0.05,1,1192,100,0.0,0.0,1,0,1
No Adaptive,1,567,train,strong,player_win,-10.0,5,50.0,1,Very Easy,0.05,0.05,1,1194,100,0.0,0.0,1,0,1
No Adaptive,1,568,train,strong,player_win,-10.0,5,50.0,1,Very Easy,0.05,0.05,1,1196,100,0.0,0.0,1,0,1
No Adaptive,1,569,train,strong,player_win,-10.0,5,50.0,1,Very Easy,0.05,0.05,1,1198,100,0.0,0.0,1,0,1
No Adaptive,1,570,train,strong,player_win,-10.0,5,50.0,1,Very Easy,0.05,0.05,1,1200,100,0.0,0.0,1,0,1
No Adaptive,1,571,train,strong,player_win,-10.0,5,50.0,1,Very Easy,0.05,0.05,1,1202,100,0.0,0.0,1,0,1
No Adaptive,1,572,train,strong,player_win,-10.0,5,50.0,1,Very Easy,0.05,0.05,1,1204,100,0.0,0.0,1,0,1
No Adaptive,1,573,train,strong,player_win,-10.0,5,50.0,1,Very Easy,0.05,0.05,1,1206,100,0.0,0.0,1,0,1
No Adaptive,1,574,train,strong,player_win,-10.0,7,50.0,1,Very Easy,0.05,0.05,1,1209,100,0.0,0.0,2,0,1
No Adaptive,1,575,train,strong,player_win,-10.0,5,50.0,1,Very Easy,0.05,0.05,1,1211,100,0.0,0.0,1,0,1
No Adaptive,1,576,train,strong,player_win,-10.0,5,50.0,1,Very Easy,0.05,0.05,1,1213,100,0.0,0.0,1,0,1
No Adaptive,1,577,train,strong,player_win,-10.0,5,50.0,1,Very Easy,0.05,0.05,1,1215,100,0.0,0.0,1,0,1
No Adaptive,1,578,train,strong,player_win,-10.0,5,50.0,1,Very Easy,0.05,0.05,1,1217,100,0.0,0.0,2,0,0
No Adaptive,1,579,train,strong,player_win,-10.0,5,50.0,1,Very Easy,0.05,0.05,1,1219,100,0.0,0.0,1,0,1
No Adaptive,1,580,train,strong,player_win,-10.0,5,50.0,1,Very Easy,0.05,0.05,1,1221,100,0.0,0.0,1,0,1
No Adaptive,1,581,train,strong,player_win,-10.0,5,50.0,1,Very Easy,0.05,0.05,1,1223,100,0.0,0.0,1,0,1
No Adaptive,1,582,train,strong,player_win,-10.0,5,50.0,1,Very Easy,0.05,0.05,1,1225,100,0.0,0.0,1,0,1
No Adaptive,1,583,train,strong,player_win,-10.0,5,50.0,1,Very Easy,0.05,0.05,1,1227,100,0.0,0.0,1,0,1
No Adaptive,1,584,train,strong,player_win,-10.0,5,50.0,1,Very Easy,0.05,0.05,1,1229,100,0.0,0.0,1,0,1
No Adaptive,1,585,train,strong,player_win,-10.0,7,50.0,1,Very Easy,0.05,0.05,1,1232,100,0.0,0.0,2,0,1
No Adaptive,1,586,train,strong,player_win,-10.0,5,50.0,1,Very Easy,0.05,0.05,1,1234,100,0.0,0.0,2,0,0
No Adaptive,1,587,train,strong,player_win,-10.0,5,50.0,1,Very Easy,0.05,0.05,1,1236,100,0.0,0.0,1,0,1
No Adaptive,1,588,train,strong,player_win,-10.0,5,50.0,1,Very Easy,0.05,0.05,1,1238,100,0.0,0.0,1,0,1
No Adaptive,1,589,train,strong,player_win,-10.0,5,50.0,1,Very Easy,0.05,0.05,1,1240,100,0.0,0.0,1,0,1
No Adaptive,1,590,train,strong,player_win,-10.0,5,50.0,1,Very Easy,0.05,0.05,1,1242,100,0.0,0.0,1,0,1
No Adaptive,1,591,train,strong,player_win,-10.0,5,50.0,1,Very Easy,0.05,0.05,1,1244,100,0.0,0.0,1,0,1
No Adaptive,1,592,train,strong,player_win,-10.0,5,50.0,1,Very Easy,0.05,0.05,1,1246,100,0.0,0.0,1,0,1
No Adaptive,1,593,train,strong,player_win,-10.0,5,50.0,1,Very Easy,0.05,0.05,1,1248,100,0.0,0.0,1,0,1
No Adaptive,1,594,train,strong,player_win,-10.0,5,50.0,1,Very Easy,0.05,0.05,1,1250,100,0.0,0.0,1,0,1
No Adaptive,1,595,train,strong,player_win,-10.0,5,50.0,1,Very Easy,0.05,0.05,1,1252,100,0.0,0.0,1,0,1
No Adaptive,1,596,train,strong,player_win,-10.0,5,50.0,1,Very Easy,0.05,0.05,1,1254,100,0.0,0.0,1,0,1
No Adaptive,1,597,train,strong,player_win,-10.0,5,50.0,1,Very Easy,0.05,0.05,1,1256,100,0.0,0.0,1,0,1
No Adaptive,1,598,train,strong,player_win,-10.0,7,50.0,1,Very Easy,0.05,0.05,1,1259,100,0.0,0.0,2,0,1
No Adaptive,1,599,train,strong,player_win,-10.0,5,50.0,1,Very Easy,0.05,0.05,1,1261,100,0.0,0.0,1,1,0
No Adaptive,1,600,train,strong,player_win,-10.0,5,50.0,1,Very Easy,0.05,0.05,1,1263,100,0.0,0.0,1,0,1
No Adaptive,1,601,train,strong,player_win,-10.0,7,50.0,1,Very Easy,0.05,0.05,1,1266,100,0.0,0.0,2,0,1
No Adaptive,1,602,train,strong,player_win,-10.0,5,50.0,1,Very Easy,0.05,0.05,1,1268,100,0.0,0.0,1,0,1
No Adaptive,1,603,train,strong,player_win,-10.0,5,50.0,1,Very Easy,0.05,0.05,1,1270,100,0.0,0.0,1,0,1
No Adaptive,1,604,train,strong,player_win,-10.0,5,50.0,1,Very Easy,0.05,0.05,1,1272,100,0.0,0.0,1,0,1
No Adaptive,1,605,train,strong,player_win,-10.0,7,50.0,1,Very Easy,0.05,0.05,1,1275,100,0.0,0.0,2,0,1
No Adaptive,1,606,train,strong,player_win,-10.0,5,50.0,1,Very Easy,0.05,0.05,1,1277,100,0.0,0.0,1,0,1
No Adaptive,1,607,train,strong,player_win,-10.0,5,50.0,1,Very Easy,0.05,0.05,1,1279,100,0.0,0.0,1,0,1
No Adaptive,1,608,train,strong,player_win,-10.0,5,50.0,1,Very Easy,0.05,0.05,1,1281,100,0.0,0.0,1,0,1
No Adaptive,1,609,train,strong,player_win,-10.0,5,50.0,1,Very Easy,0.05,0.05,1,1283,100,0.0,0.0,1,0,1
No Adaptive,1,610,train,strong,player_win,-10.0,7,50.0,1,Very Easy,0.05,0.05,1,1286,100,0.0,0.0,2,0,1
No Adaptive,1,611,train,strong,player_win,-10.0,5,50.0,1,Very Easy,0.05,0.05,1,1288,100,0.0,0.0,1,0,1
No Adaptive,1,612,train,strong,player_win,-10.0,5,50.0,1,Very Easy,0.05,0.05,1,1290,100,0.0,0.0,1,0,1
No Adaptive,1,613,train,strong,player_win,-10.0,5,50.0,1,Very Easy,0.05,0.05,1,1292,100,0.0,0.0,1,0,1
No Adaptive,1,614,train,strong,player_win,-10.0,5,50.0,1,Very Easy,0.05,0.05,1,1294,100,0.0,0.0,1,0,1
No Adaptive,1,615,train,strong,player_win,-10.0,5,50.0,1,Very Easy,0.05,0.05,1,1296,100,0.0,0.0,1,0,1
No Adaptive,1,616,train,strong,player_win,-10.0,7,50.0,1,Very Easy,0.05,0.05,1,1299,100,0.0,0.0,2,0,1
No Adaptive,1,617,train,strong,player_win,-10.0,7,50.0,1,Very Easy,0.05,0.05,1,1302,100,0.0,0.0,2,0,1
No Adaptive,1,618,train,strong,player_win,-10.0,5,50.0,1,Very Easy,0.05,0.05,1,1304,100,0.0,0.0,1,0,1
No Adaptive,1,619,train,strong,player_win,-10.0,5,50.0,1,Very Easy,0.05,0.05,1,1306,100,0.0,0.0,1,1,0
No Adaptive,1,620,train,strong,player_win,-10.0,5,50.0,1,Very Easy,0.05,0.05,1,1308,100,0.0,0.0,1,0,1
No Adaptive,1,621,train,strong,player_win,-10.0,5,50.0,1,Very Easy,0.05,0.05,1,1310,100,0.0,0.0,1,0,1
No Adaptive,1,622,train,strong,player_win,-10.0,5,50.0,1,Very Easy,0.05,0.05,1,1312,100,0.0,0.0,1,0,1
No Adaptive,1,623,train,strong,player_win,-10.0,5,50.0,1,Very Easy,0.05,0.05,1,1314,100,0.0,0.0,1,0,1
No Adaptive,1,624,train,strong,player_win,-10.0,5,50.0,1,Very Easy,0.05,0.05,1,1316,100,0.0,0.0,1,0,1
No Adaptive,1,625,train,strong,player_win,-10.0,5,50.0,1,Very Easy,0.05,0.05,1,1318,100,0.0,0.0,1,0,1
No Adaptive,1,626,train,strong,player_win,-10.0,5,50.0,1,Very Easy,0.05,0.05,1,1320,100,0.0,0.0,1,0,1
No Adaptive,1,627,train,strong,player_win,-10.0,7,50.0,1,Very Easy,0.05,0.05,1,1323,100,0.0,0.0,2,0,1
No Adaptive,1,628,train,strong,player_win,-10.0,5,50.0,1,Very Easy,0.05,0.05,1,1325,100,0.0,0.0,1,0,1
No Adaptive,1,629,train,strong,player_win,-10.0,5,50.0,1,Very Easy,0.05,0.05,1,1327,100,0.0,0.0,1,0,1
No Adaptive,1,630,train,strong,player_win,-10.0,5,50.0,1,Very Easy,0.05,0.05,1,1329,100,0.0,0.0,1,0,1
No Adaptive,1,631,train,strong,player_win,-10.0,5,50.0,1,Very Easy,0.05,0.05,1,1331,100,0.0,0.0,1,0,1
No Adaptive,1,632,train,strong,player_win,-10.0,5,50.0,1,Very Easy,0.05,0.05,1,1333,100,0.0,0.0,1,0,1
No Adaptive,1,633,train,strong,player_win,-10.0,5,50.0,1,Very Easy,0.05,0.05,1,1335,100,0.0,0.0,1,0,1
No Adaptive,1,634,train,strong,player_win,-10.0,7,50.0,1,Very Easy,0.05,0.05,1,1338,100,0.0,0.0,2,0,1
No Adaptive,1,635,train,strong,player_win,-10.0,5,50.0,1,Very Easy,0.05,0.05,1,1340,100,0.0,0.0,1,0,1
No Adaptive,1,636,train,strong,player_win,-10.0,5,50.0,1,Very Easy,0.05,0.05,1,1342,100,0.0,0.0,1,0,1
No Adaptive,1,637,train,strong,player_win,-10.0,5,50.0,1,Very Easy,0.05,0.05,1,1344,100,0.0,0.0,1,0,1
No Adaptive,1,638,train,strong,player_win,-10.0,5,50.0,1,Very Easy,0.05,0.05,1,1346,100,0.0,0.0,1,0,1
No Adaptive,1,639,train,strong,player_win,-10.0,5,50.0,1,Very Easy,0.05,0.05,1,1348,100,0.0,0.0,1,0,1
No Adaptive,1,640,train,strong,player_win,-10.0,5,50.0,1,Very Easy,0.05,0.05,1,1350,100,0.0,0.0,1,0,1
No Adaptive,1,641,train,strong,player_win,-10.0,5,50.0,1,Very Easy,0.05,0.05,1,1352,100,0.0,0.0,1,0,1
No Adaptive,1,642,train,strong,player_win,-10.0,5,50.0,1,Very Easy,0.05,0.05,1,1354,100,0.0,0.0,1,0,1
No Adaptive,1,643,train,strong,player_win,-10.0,5,50.0,1,Very Easy,0.05,0.05,1,1356,100,0.0,0.0,1,0,1
No Adaptive,1,644,train,strong,player_win,-10.0,5,50.0,1,Very Easy,0.05,0.05,1,1358,100,0.0,0.0,1,0,1
No Adaptive,1,645,train,strong,player_win,-10.0,5,50.0,1,Very Easy,0.05,0.05,1,1360,100,0.0,0.0,1,0,1
No Adaptive,1,646,train,strong,player_win,-10.0,5,50.0,1,Very Easy,0.05,0.05,1,1362,100,0.0,0.0,1,0,1
No Adaptive,1,647,train,strong,player_win,-10.0,5,50.0,1,Very Easy,0.05,0.05,1,1364,100,0.0,0.0,1,0,1
No Adaptive,1,648,train,strong,player_win,-10.0,5,50.0,1,Very Easy,0.05,0.05,1,1366,100,0.0,0.0,1,0,1
No Adaptive,1,649,train,strong,player_win,-10.0,7,50.0,1,Very Easy,0.05,0.05,1,1369,100,0.0,0.0,2,0,1
No Adaptive,1,650,train,strong,player_win,-10.0,5,50.0,1,Very Easy,0.05,0.05,1,1371,100,0.0,0.0,1,0,1
No Adaptive,1,651,train,strong,player_win,-10.0,5,50.0,1,Very Easy,0.05,0.05,1,1373,100,0.0,0.0,1,0,1
No Adaptive,1,652,train,strong,player_win,-10.0,5,50.0,1,Very Easy,0.05,0.05,1,1375,100,0.0,0.0,1,0,1
No Adaptive,1,653,train,strong,player_win,-10.0,5,50.0,1,Very Easy,0.05,0.05,1,1377,100,0.0,0.0,1,0,1
No Adaptive,1,654,train,strong,player_win,-10.0,5,50.0,1,Very Easy,0.05,0.05,1,1379,100,0.0,0.0,1,0,1
No Adaptive,1,655,train,strong,player_win,-10.0,5,50.0,1,Very Easy,0.05,0.05,1,1381,100,0.0,0.0,1,0,1
No Adaptive,1,656,train,strong,player_win,-10.0,5,50.0,1,Very Easy,0.05,0.05,1,1383,100,0.0,0.0,1,0,1
No Adaptive,1,657,train,strong,player_win,-10.0,5,50.0,1,Very Easy,0.05,0.05,1,1385,100,0.0,0.0,1,0,1
No Adaptive,1,658,train,strong,player_win,-10.0,5,50.0,1,Very Easy,0.05,0.05,1,1387,100,0.0,0.0,1,0,1
No Adaptive,1,659,train,strong,player_win,-10.0,5,50.0,1,Very Easy,0.05,0.05,1,1389,100,0.0,0.0,1,0,1
No Adaptive,1,660,train,strong,player_win,-10.0,5,50.0,1,Very Easy,0.05,0.05,1,1391,100,0.0,0.0,1,0,1
No Adaptive,1,661,train,strong,player_win,-10.0,7,50.0,1,Very Easy,0.05,0.05,1,1394,100,0.0,0.0,2,0,1
No Adaptive,1,662,train,strong,player_win,-10.0,5,50.0,1,Very Easy,0.05,0.05,1,1396,100,0.0,0.0,1,0,1
No Adaptive,1,663,train,strong,player_win,-10.0,5,50.0,1,Very Easy,0.05,0.05,1,1398,100,0.0,0.0,1,0,1
No Adaptive,1,664,train,strong,player_win,-10.0,5,50.0,1,Very Easy,0.05,0.05,1,1400,100,0.0,0.0,1,0,1
No Adaptive,1,665,train,strong,player_win,-10.0,5,50.0,1,Very Easy,0.05,0.05,1,1402,100,0.0,0.0,1,0,1
No Adaptive,1,666,train,strong,player_win,-10.0,5,50.0,1,Very Easy,0.05,0.05,1,1404,100,0.0,0.0,1,0,1
No Adaptive,1,667,train,strong,player_win,-10.0,5,50.0,1,Very Easy,0.05,0.05,1,1406,100,0.0,0.0,2,0,0
No Adaptive,1,668,train,strong,player_win,-10.0,5,50.0,1,Very Easy,0.05,0.05,1,1408,100,0.0,0.0,1,0,1
No Adaptive,1,669,train,strong,player_win,-10.0,5,50.0,1,Very Easy,0.05,0.05,1,1410,100,0.0,0.0,1,0,1
No Adaptive,1,670,train,strong,player_win,-10.0,5,50.0,1,Very Easy,0.05,0.05,1,1412,100,0.0,0.0,1,0,1
No Adaptive,1,671,train,strong,player_win,-10.0,5,50.0,1,Very Easy,0.05,0.05,1,1414,100,0.0,0.0,1,1,0
No Adaptive,1,672,train,strong,player_win,-10.0,5,50.0,1,Very Easy,0.05,0.05,1,1416,100,0.0,0.0,1,1,0
No Adaptive,1,673,train,strong,player_win,-10.0,5,50.0,1,Very Easy,0.05,0.05,1,1418,100,0.0,0.0,1,0,1
No Adaptive,1,674,train,strong,player_win,-10.0,5,50.0,1,Very Easy,0.05,0.05,1,1420,100,0.0,0.0,1,0,1
No Adaptive,1,675,train,strong,player_win,-10.0,5,50.0,1,Very Easy,0.05,0.05,1,1422,100,0.0,0.0,1,0,1
No Adaptive,1,676,train,strong,player_win,-10.0,5,50.0,1,Very Easy,0.05,0.05,1,1424,100,0.0,0.0,1,0,1
No Adaptive,1,677,train,strong,player_win,-10.0,5,50.0,1,Very Easy,0.05,0.05,1,1426,100,0.0,0.0,1,0,1
No Adaptive,1,678,train,strong,player_win,-10.0,5,50.0,1,Very Easy,0.05,0.05,1,1428,100,0.0,0.0,1,0,1
No Adaptive,1,679,train,strong,player_win,-10.0,5,50.0,1,Very Easy,0.05,0.05,1,1430,100,0.0,0.0,1,0,1
No Adaptive,1,680,train,strong,player_win,-10.0,5,50.0,1,Very Easy,0.05,0.05,1,1432,100,0.0,0.0,1,0,1
No Adaptive,1,681,train,strong,player_win,-10.0,5,50.0,1,Very Easy,0.05,0.05,1,1434,100,0.0,0.0,1,0,1
No Adaptive,1,682,train,strong,player_win,-10.0,5,50.0,1,Very Easy,0.05,0.05,1,1436,100,0.0,0.0,1,0,1
No Adaptive,1,683,train,strong,player_win,-10.0,7,50.0,1,Very Easy,0.05,0.05,1,1439,100,0.0,0.0,2,0,1
No Adaptive,1,684,train,strong,player_win,-10.0,5,50.0,1,Very Easy,0.05,0.05,1,1441,100,0.0,0.0,1,0,1
No Adaptive,1,685,train,strong,player_win,-10.0,5,50.0,1,Very Easy,0.05,0.05,1,1443,100,0.0,0.0,1,0,1
No Adaptive,1,686,train,strong,player_win,-10.0,5,50.0,1,Very Easy,0.05,0.05,1,1445,100,0.0,0.0,1,0,1
No Adaptive,1,687,train,strong,player_win,-10.0,5,50.0,1,Very Easy,0.05,0.05,1,1447,100,0.0,0.0,1,0,1
No Adaptive,1,688,train,strong,player_win,-10.0,5,50.0,1,Very Easy,0.05,0.05,1,1449,100,0.0,0.0,2,0,0
No Adaptive,1,689,train,strong,player_win,-10.0,7,50.0,1,Very Easy,0.05,0.05,1,1452,100,0.0,0.0,2,0,1
No Adaptive,1,690,train,strong,player_win,-10.0,5,50.0,1,Very Easy,0.05,0.05,1,1454,100,0.0,0.0,1,0,1
No Adaptive,1,691,train,strong,player_win,-10.0,5,50.0,1,Very Easy,0.05,0.05,1,1456,100,0.0,0.0,1,0,1
No Adaptive,1,692,train,strong,player_win,-10.0,5,50.0,1,Very Easy,0.05,0.05,1,1458,100,0.0,0.0,2,0,0
No Adaptive,1,693,train,strong,player_win,-10.0,5,50.0,1,Very Easy,0.05,0.05,1,1460,100,0.0,0.0,2,0,0
No Adaptive,1,694,train,strong,player_win,-10.0,5,50.0,1,Very Easy,0.05,0.05,1,1462,100,0.0,0.0,1,0,1
No Adaptive,1,695,train,strong,player_win,-10.0,5,50.0,1,Very Easy,0.05,0.05,1,1464,100,0.0,0.0,1,0,1
No Adaptive,1,696,train,strong,player_win,-10.0,5,50.0,1,Very Easy,0.05,0.05,1,1466,100,0.0,0.0,1,0,1
No Adaptive,1,697,train,strong,player_win,-10.0,5,50.0,1,Very Easy,0.05,0.05,1,1468,100,0.0,0.0,1,0,1
No Adaptive,1,698,train,strong,player_win,-10.0,5,50.0,1,Very Easy,0.05,0.05,1,1470,100,0.0,0.0,1,0,1
No Adaptive,1,699,train,strong,player_win,-10.0,5,50.0,1,Very Easy,0.05,0.05,1,1472,100,0.0,0.0,1,0,1
No Adaptive,1,700,train,strong,player_win,-10.0,5,50.0,1,Very Easy,0.05,0.05,1,1474,100,0.0,0.0,1,0,1
No Adaptive,1,701,train,strong,player_win,-10.0,5,50.0,1,Very Easy,0.05,0.05,1,1476,100,0.0,0.0,1,1,0
No Adaptive,1,702,train,strong,player_win,-10.0,5,50.0,1,Very Easy,0.05,0.05,1,1478,100,0.0,0.0,1,0,1
No Adaptive,1,703,train,strong,player_win,-10.0,7,50.0,1,Very Easy,0.05,0.05,1,1481,100,0.0,0.0,2,0,1
No Adaptive,1,704,train,strong,player_win,-10.0,5,50.0,1,Very Easy,0.05,0.05,1,1483,100,0.0,0.0,1,0,1
No Adaptive,1,705,train,strong,player_win,-10.0,5,50.0,1,Very Easy,0.05,0.05,1,1485,100,0.0,0.0,1,0,1
No Adaptive,1,706,train,strong,player_win,-10.0,5,50.0,1,Very Easy,0.05,0.05,1,1487,100,0.0,0.0,1,0,1
No Adaptive,1,707,train,strong,player_win,-10.0,5,50.0,1,Very Easy,0.05,0.05,1,1489,100,0.0,0.0,1,0,1
No Adaptive,1,708,train,strong,player_win,-10.0,5,50.0,1,Very Easy,0.05,0.05,1,1491,100,0.0,0.0,1,1,0
No Adaptive,1,709,train,strong,player_win,-10.0,5,50.0,1,Very Easy,0.05,0.05,1,1493,100,0.0,0.0,1,0,1
No Adaptive,1,710,train,strong,player_win,-10.0,7,50.0,1,Very Easy,0.05,0.05,1,1496,100,0.0,0.0,2,0,1
No Adaptive,1,711,train,strong,player_win,-10.0,5,50.0,1,Very Easy,0.05,0.05,1,1498,100,0.0,0.0,1,0,1
No Adaptive,1,712,train,strong,player_win,-10.0,7,50.0,1,Very Easy,0.05,0.05,1,1501,100,0.0,0.0,2,0,1
No Adaptive,1,713,train,strong,player_win,-10.0,5,50.0,1,Very Easy,0.05,0.05,1,1503,100,0.0,0.0,1,1,0
No Adaptive,1,714,train,strong,player_win,-10.0,5,50.0,1,Very Easy,0.05,0.05,1,1505,100,0.0,0.0,1,1,0
No Adaptive,1,715,train,strong,player_win,-10.0,5,50.0,1,Very Easy,0.05,0.05,1,1507,100,0.0,0.0,1,0,1
No Adaptive,1,716,train,strong,player_win,-10.0,5,50.0,1,Very Easy,0.05,0.05,1,1509,100,0.0,0.0,1,0,1
No Adaptive,1,717,train,strong,player_win,-10.0,5,50.0,1,Very Easy,0.05,0.05,1,1511,100,0.0,0.0,1,0,1
No Adaptive,1,718,train,strong,player_win,-10.0,5,50.0,1,Very Easy,0.05,0.05,1,1513,100,0.0,0.0,1,0,1
No Adaptive,1,719,train,strong,player_win,-10.0,5,50.0,1,Very Easy,0.05,0.05,1,1515,100,0.0,0.0,1,0,1
No Adaptive,1,720,train,strong,player_win,-10.0,5,50.0,1,Very Easy,0.05,0.05,1,1517,100,0.0,0.0,1,0,1
No Adaptive,1,721,train,strong,player_win,-10.0,5,50.0,1,Very Easy,0.05,0.05,1,1519,100,0.0,0.0,1,0,1
No Adaptive,1,722,train,strong,player_win,-10.0,5,50.0,1,Very Easy,0.05,0.05,1,1521,100,0.0,0.0,1,0,1
No Adaptive,1,723,train,strong,player_win,-10.0,5,50.0,1,Very Easy,0.05,0.05,1,1523,100,0.0,0.0,1,0,1
No Adaptive,1,724,train,strong,player_win,-10.0,5,50.0,1,Very Easy,0.05,0.05,1,1525,100,0.0,0.0,1,0,1
No Adaptive,1,725,train,strong,player_win,-10.0,5,50.0,1,Very Easy,0.05,0.05,1,1527,100,0.0,0.0,1,0,1
No Adaptive,1,726,train,strong,player_win,-10.0,5,50.0,1,Very Easy,0.05,0.05,1,1529,100,0.0,0.0,1,0,1
No Adaptive,1,727,train,strong,player_win,-10.0,5,50.0,1,Very Easy,0.05,0.05,1,1531,100,0.0,0.0,1,0,1
No Adaptive,1,728,train,strong,player_win,-10.0,5,50.0,1,Very Easy,0.05,0.05,1,1533,100,0.0,0.0,1,0,1
No Adaptive,1,729,train,strong,player_win,-10.0,5,50.0,1,Very Easy,0.05,0.05,1,1535,100,0.0,0.0,1,0,1
No Adaptive,1,730,train,strong,player_win,-10.0,5,50.0,1,Very Easy,0.05,0.05,1,1537,100,0.0,0.0,2,0,0
No Adaptive,1,731,train,strong,player_win,-10.0,5,50.0,1,Very Easy,0.05,0.05,1,1539,100,0.0,0.0,1,0,1
No Adaptive,1,732,train,strong,player_win,-10.0,5,50.0,1,Very Easy,0.05,0.05,1,1541,100,0.0,0.0,1,0,1
No Adaptive,1,733,train,strong,player_win,-10.0,5,50.0,1,Very Easy,0.05,0.05,1,1543,100,0.0,0.0,1,0,1
No Adaptive,1,734,train,strong,player_win,-10.0,5,50.0,1,Very Easy,0.05,0.05,1,1545,100,0.0,0.0,1,0,1
No Adaptive,1,735,train,strong,player_win,-10.0,5,50.0,1,Very Easy,0.05,0.05,1,1547,100,0.0,0.0,1,0,1
No Adaptive,1,736,train,strong,player_win,-10.0,5,50.0,1,Very Easy,0.05,0.05,1,1549,100,0.0,0.0,1,0,1
No Adaptive,1,737,train,strong,player_win,-10.0,5,50.0,1,Very Easy,0.05,0.05,1,1551,100,0.0,0.0,2,0,0
No Adaptive,1,738,train,strong,player_win,-10.0,5,50.0,1,Very Easy,0.05,0.05,1,1553,100,0.0,0.0,1,0,1
No Adaptive,1,739,train,strong,player_win,-10.0,5,50.0,1,Very Easy,0.05,0.05,1,1555,100,0.0,0.0,2,0,0
No Adaptive,1,740,train,strong,player_win,-10.0,5,50.0,1,Very Easy,0.05,0.05,1,1557,100,0.0,0.0,1,0,1
No Adaptive,1,741,train,strong,player_win,-10.0,5,50.0,1,Very Easy,0.05,0.05,1,1559,100,0.0,0.0,2,0,0
No Adaptive,1,742,train,strong,player_win,-10.0,5,50.0,1,Very Easy,0.05,0.05,1,1561,100,0.0,0.0,1,0,1
No Adaptive,1,743,train,strong,player_win,-10.0,5,50.0,1,Very Easy,0.05,0.05,1,1563,100,0.0,0.0,1,0,1
No Adaptive,1,744,train,strong,player_win,-10.0,5,50.0,1,Very Easy,0.05,0.05,1,1565,100,0.0,0.0,1,0,1
No Adaptive,1,745,train,strong,player_win,-10.0,5,50.0,1,Very Easy,0.05,0.05,1,1567,100,0.0,0.0,1,0,1
No Adaptive,1,746,train,strong,player_win,-10.0,5,50.0,1,Very Easy,0.05,0.05,1,1569,100,0.0,0.0,1,0,1
No Adaptive,1,747,train,strong,player_win,-10.0,5,50.0,1,Very Easy,0.05,0.05,1,1571,100,0.0,0.0,1,0,1
No Adaptive,1,748,train,strong,player_win,-10.0,5,50.0,1,Very Easy,0.05,0.05,1,1573,100,0.0,0.0,1,0,1
No Adaptive,1,749,train,strong,player_win,-10.0,7,50.0,1,Very Easy,0.05,0.05,1,1576,100,0.0,0.0,2,0,1
No Adaptive,1,750,train,strong,player_win,-10.0,7,50.0,1,Very Easy,0.05,0.05,1,1579,100,0.0,0.0,2,0,1
No Adaptive,1,751,train,strong,player_win,-10.0,5,50.0,1,Very Easy,0.05,0.05,1,1581,100,0.0,0.0,1,0,1
No Adaptive,1,752,train,strong,player_win,-10.0,5,50.0,1,Very Easy,0.05,0.05,1,1583,100,0.0,0.0,1,0,1
No Adaptive,1,753,train,strong,player_win,-10.0,7,50.0,1,Very Easy,0.05,0.05,1,1586,100,0.0,0.0,2,0,1
No Adaptive,1,754,train,strong,player_win,-10.0,5,50.0,1,Very Easy,0.05,0.05,1,1588,100,0.0,0.0,2,0,0
No Adaptive,1,755,train,strong,player_win,-10.0,5,50.0,1,Very Easy,0.05,0.05,1,1590,100,0.0,0.0,1,0,1
No Adaptive,1,756,train,strong,player_win,-10.0,5,50.0,1,Very Easy,0.05,0.05,1,1592,100,0.0,0.0,1,0,1
No Adaptive,1,757,train,strong,player_win,-10.0,5,50.0,1,Very Easy,0.05,0.05,1,1594,100,0.0,0.0,2,0,0
No Adaptive,1,758,train,strong,player_win,-10.0,5,50.0,1,Very Easy,0.05,0.05,1,1596,100,0.0,0.0,1,0,1
No Adaptive,1,759,train,strong,player_win,-10.0,5,50.0,1,Very Easy,0.05,0.05,1,1598,100,0.0,0.0,1,0,1
No Adaptive,1,760,train,strong,player_win,-10.0,5,50.0,1,Very Easy,0.05,0.05,1,1600,100,0.0,0.0,1,0,1
No Adaptive,1,761,train,strong,player_win,-10.0,5,50.0,1,Very Easy,0.05,0.05,1,1602,100,0.0,0.0,1,0,1
No Adaptive,1,762,train,strong,player_win,-10.0,5,50.0,1,Very Easy,0.05,0.05,1,1604,100,0.0,0.0,1,0,1
No Adaptive,1,763,train,strong,player_win,-10.0,5,50.0,1,Very Easy,0.05,0.05,1,1606,100,0.0,0.0,1,0,1
No Adaptive,1,764,train,strong,player_win,-10.0,5,50.0,1,Very Easy,0.05,0.05,1,1608,100,0.0,0.0,1,0,1
No Adaptive,1,765,train,strong,player_win,-10.0,5,50.0,1,Very Easy,0.05,0.05,1,1610,100,0.0,0.0,1,0,1
No Adaptive,1,766,train,strong,player_win,-10.0,7,50.0,1,Very Easy,0.05,0.05,1,1613,100,0.0,0.0,2,0,1
No Adaptive,1,767,train,strong,player_win,-10.0,5,50.0,1,Very Easy,0.05,0.05,1,1615,100,0.0,0.0,1,0,1
No Adaptive,1,768,train,strong,player_win,-10.0,5,50.0,1,Very Easy,0.05,0.05,1,1617,100,0.0,0.0,1,0,1
No Adaptive,1,769,train,strong,player_win,-10.0,5,50.0,1,Very Easy,0.05,0.05,1,1619,100,0.0,0.0,1,0,1
No Adaptive,1,770,train,strong,player_win,-10.0,5,50.0,1,Very Easy,0.05,0.05,1,1621,100,0.0,0.0,1,0,1
No Adaptive,1,771,train,strong,player_win,-10.0,5,50.0,1,Very Easy,0.05,0.05,1,1623,100,0.0,0.0,1,0,1
No Adaptive,1,772,train,strong,player_win,-10.0,5,50.0,1,Very Easy,0.05,0.05,1,1625,100,0.0,0.0,1,0,1
No Adaptive,1,773,train,strong,player_win,-10.0,5,50.0,1,Very Easy,0.05,0.05,1,1627,100,0.0,0.0,1,1,0
No Adaptive,1,774,train,strong,player_win,-10.0,5,50.0,1,Very Easy,0.05,0.05,1,1629,100,0.0,0.0,1,0,1
No Adaptive,1,775,train,strong,player_win,-10.0,5,50.0,1,Very Easy,0.05,0.05,1,1631,100,0.0,0.0,1,0,1
No Adaptive,1,776,train,strong,player_win,-10.0,5,50.0,1,Very Easy,0.05,0.05,1,1633,100,0.0,0.0,1,0,1
No Adaptive,1,777,train,strong,player_win,-10.0,5,50.0,1,Very Easy,0.05,0.05,1,1635,100,0.0,0.0,1,0,1
No Adaptive,1,778,train,strong,player_win,-10.0,5,50.0,1,Very Easy,0.05,0.05,1,1637,100,0.0,0.0,1,0,1
No Adaptive,1,779,train,strong,player_win,-10.0,5,50.0,1,Very Easy,0.05,0.05,1,1639,100,0.0,0.0,1,0,1
No Adaptive,1,780,train,strong,player_win,-10.0,5,50.0,1,Very Easy,0.05,0.05,1,1641,100,0.0,0.0,1,0,1
No Adaptive,1,781,train,strong,player_win,-10.0,5,50.0,1,Very Easy,0.05,0.05,1,1643,100,0.0,0.0,1,0,1
No Adaptive,1,782,train,strong,player_win,-10.0,7,50.0,1,Very Easy,0.05,0.05,1,1646,100,0.0,0.0,2,0,1
No Adaptive,1,783,train,strong,player_win,-10.0,5,50.0,1,Very Easy,0.05,0.05,1,1648,100,0.0,0.0,1,1,0
No Adaptive,1,784,train,strong,player_win,-10.0,5,50.0,1,Very Easy,0.05,0.05,1,1650,100,0.0,0.0,1,0,1
No Adaptive,1,785,train,strong,player_win,-10.0,5,50.0,1,Very Easy,0.05,0.05,1,1652,100,0.0,0.0,1,0,1
No Adaptive,1,786,train,strong,player_win,-10.0,5,50.0,1,Very Easy,0.05,0.05,1,1654,100,0.0,0.0,1,0,1
No Adaptive,1,787,train,strong,player_win,-10.0,5,50.0,1,Very Easy,0.05,0.05,1,1656,100,0.0,0.0,1,0,1
No Adaptive,1,788,train,strong,player_win,-10.0,5,50.0,1,Very Easy,0.05,0.05,1,1658,100,0.0,0.0,1,0,1
No Adaptive,1,789,train,strong,player_win,-10.0,5,50.0,1,Very Easy,0.05,0.05,1,1660,100,0.0,0.0,1,0,1
No Adaptive,1,790,train,strong,player_win,-10.0,5,50.0,1,Very Easy,0.05,0.05,1,1662,100,0.0,0.0,2,0,0
No Adaptive,1,791,train,strong,player_win,-10.0,7,50.0,1,Very Easy,0.05,0.05,1,1665,100,0.0,0.0,2,0,1
No Adaptive,1,792,train,strong,player_win,-10.0,5,50.0,1,Very Easy,0.05,0.05,1,1667,100,0.0,0.0,1,0,1
No Adaptive,1,793,train,strong,player_win,-10.0,5,50.0,1,Very Easy,0.05,0.05,1,1669,100,0.0,0.0,1,0,1
No Adaptive,1,794,train,strong,player_win,-10.0,5,50.0,1,Very Easy,0.05,0.05,1,1671,100,0.0,0.0,1,0,1
No Adaptive,1,795,train,strong,player_win,-10.0,5,50.0,1,Very Easy,0.05,0.05,1,1673,100,0.0,0.0,1,1,0
No Adaptive,1,796,train,strong,player_win,-10.0,5,50.0,1,Very Easy,0.05,0.05,1,1675,100,0.0,0.0,1,0,1
No Adaptive,1,797,train,strong,player_win,-10.0,5,50.0,1,Very Easy,0.05,0.05,1,1677,100,0.0,0.0,1,0,1
No Adaptive,1,798,train,strong,player_win,-10.0,5,50.0,1,Very Easy,0.05,0.05,1,1679,100,0.0,0.0,1,0,1
No Adaptive,1,799,train,strong,player_win,-10.0,5,50.0,1,Very Easy,0.05,0.05,1,1681,100,0.0,0.0,1,0,1
No Adaptive,1,800,train,strong,player_win,-10.0,7,50.0,1,Very Easy,0.05,0.05,1,1684,100,0.0,0.0,2,0,1
No Adaptive,1,801,eval,strong,player_win,-10.0,5,50.0,1,Very Easy,0.05,0.0,0,1684,100,0.0,0.0,1,0,1
No Adaptive,1,802,eval,strong,player_win,-10.0,5,50.0,1,Very Easy,0.05,0.0,0,1684,100,0.0,0.0,1,0,1
No Adaptive,1,803,eval,strong,player_win,-10.0,7,50.0,1,Very Easy,0.05,0.0,0,1684,100,0.0,0.0,2,0,1
No Adaptive,1,804,eval,strong,player_win,-10.0,5,50.0,1,Very Easy,0.05,0.0,0,1684,100,0.0,0.0,1,0,1
No Adaptive,1,805,eval,strong,player_win,-10.0,5,50.0,1,Very Easy,0.05,0.0,0,1684,100,0.0,0.0,1,0,1
No Adaptive,1,806,eval,strong,player_win,-10.0,5,50.0,1,Very Easy,0.05,0.0,0,1684,100,0.0,0.0,1,0,1
No Adaptive,1,807,eval,strong,player_win,-10.0,5,50.0,1,Very Easy,0.05,0.0,0,1684,100,0.0,0.0,2,0,0
No Adaptive,1,808,eval,strong,player_win,-10.0,7,50.0,1,Very Easy,0.05,0.0,0,1684,100,0.0,0.0,2,0,1
No Adaptive,1,809,eval,strong,player_win,-10.0,5,50.0,1,Very Easy,0.05,0.0,0,1684,100,0.0,0.0,1,0,1
No Adaptive,1,810,eval,strong,player_win,-10.0,5,50.0,1,Very Easy,0.05,0.0,0,1684,100,0.0,0.0,1,0,1
No Adaptive,1,811,eval,strong,player_win,-10.0,5,50.0,1,Very Easy,0.05,0.0,0,1684,100,0.0,0.0,1,0,1
No Adaptive,1,812,eval,strong,player_win,-10.0,5,50.0,1,Very Easy,0.05,0.0,0,1684,100,0.0,0.0,1,0,1
No Adaptive,1,813,eval,strong,player_win,-10.0,7,50.0,1,Very Easy,0.05,0.0,0,1684,100,0.0,0.0,2,0,1
No Adaptive,1,814,eval,strong,player_win,-10.0,5,50.0,1,Very Easy,0.05,0.0,0,1684,100,0.0,0.0,1,0,1
No Adaptive,1,815,eval,strong,player_win,-10.0,7,50.0,1,Very Easy,0.05,0.0,0,1684,100,0.0,0.0,2,0,1
No Adaptive,1,816,eval,strong,player_win,-10.0,7,50.0,1,Very Easy,0.05,0.0,0,1684,100,0.0,0.0,2,0,1
No Adaptive,1,817,eval,strong,player_win,-10.0,5,50.0,1,Very Easy,0.05,0.0,0,1684,100,0.0,0.0,1,0,1
No Adaptive,1,818,eval,strong,player_win,-10.0,5,50.0,1,Very Easy,0.05,0.0,0,1684,100,0.0,0.0,1,0,1
No Adaptive,1,819,eval,strong,player_win,-10.0,5,50.0,1,Very Easy,0.05,0.0,0,1684,100,0.0,0.0,1,0,1
No Adaptive,1,820,eval,strong,player_win,-10.0,7,50.0,1,Very Easy,0.05,0.0,0,1684,100,0.0,0.0,2,0,1
No Adaptive,1,821,eval,strong,player_win,-10.0,5,50.0,1,Very Easy,0.05,0.0,0,1684,100,0.0,0.0,1,0,1
No Adaptive,1,822,eval,strong,player_win,-10.0,5,50.0,1,Very Easy,0.05,0.0,0,1684,100,0.0,0.0,1,0,1
No Adaptive,1,823,eval,strong,player_win,-10.0,5,50.0,1,Very Easy,0.05,0.0,0,1684,100,0.0,0.0,1,0,1
No Adaptive,1,824,eval,strong,player_win,-10.0,7,50.0,1,Very Easy,0.05,0.0,0,1684,100,0.0,0.0,2,0,1
No Adaptive,1,825,eval,strong,player_win,-10.0,5,50.0,1,Very Easy,0.05,0.0,0,1684,100,0.0,0.0,1,0,1
No Adaptive,1,826,eval,strong,player_win,-10.0,7,50.0,1,Very Easy,0.05,0.0,0,1684,100,0.0,0.0,2,0,1
No Adaptive,1,827,eval,strong,player_win,-10.0,7,50.0,1,Very Easy,0.05,0.0,0,1684,100,0.0,0.0,2,0,1
No Adaptive,1,828,eval,strong,player_win,-10.0,5,50.0,1,Very Easy,0.05,0.0,0,1684,100,0.0,0.0,1,0,1
No Adaptive,1,829,eval,strong,player_win,-10.0,5,50.0,1,Very Easy,0.05,0.0,0,1684,100,0.0,0.0,1,0,1
No Adaptive,1,830,eval,strong,player_win,-10.0,5,50.0,1,Very Easy,0.05,0.0,0,1684,100,0.0,0.0,1,0,1
No Adaptive,1,831,eval,strong,player_win,-10.0,5,50.0,1,Very Easy,0.05,0.0,0,1684,100,0.0,0.0,1,0,1
No Adaptive,1,832,eval,strong,player_win,-10.0,5,50.0,1,Very Easy,0.05,0.0,0,1684,100,0.0,0.0,1,0,1
No Adaptive,1,833,eval,strong,player_win,-10.0,5,50.0,1,Very Easy,0.05,0.0,0,1684,100,0.0,0.0,1,0,1
No Adaptive,1,834,eval,strong,player_win,-10.0,5,50.0,1,Very Easy,0.05,0.0,0,1684,100,0.0,0.0,1,0,1
No Adaptive,1,835,eval,strong,player_win,-10.0,5,50.0,1,Very Easy,0.05,0.0,0,1684,100,0.0,0.0,1,0,1
No Adaptive,1,836,eval,strong,player_win,-10.0,7,50.0,1,Very Easy,0.05,0.0,0,1684,100,0.0,0.0,2,0,1
No Adaptive,1,837,eval,strong,player_win,-10.0,5,50.0,1,Very Easy,0.05,0.0,0,1684,100,0.0,0.0,1,0,1
No Adaptive,1,838,eval,strong,player_win,-10.0,5,50.0,1,Very Easy,0.05,0.0,0,1684,100,0.0,0.0,1,0,1
No Adaptive,1,839,eval,strong,player_win,-10.0,7,50.0,1,Very Easy,0.05,0.0,0,1684,100,0.0,0.0,2,0,1
No Adaptive,1,840,eval,strong,player_win,-10.0,5,50.0,1,Very Easy,0.05,0.0,0,1684,100,0.0,0.0,1,0,1
No Adaptive,1,841,eval,strong,player_win,-10.0,5,50.0,1,Very Easy,0.05,0.0,0,1684,100,0.0,0.0,2,0,0
No Adaptive,1,842,eval,strong,player_win,-10.0,5,50.0,1,Very Easy,0.05,0.0,0,1684,100,0.0,0.0,1,0,1
No Adaptive,1,843,eval,strong,player_win,-10.0,5,50.0,1,Very Easy,0.05,0.0,0,1684,100,0.0,0.0,1,0,1
No Adaptive,1,844,eval,strong,player_win,-10.0,5,50.0,1,Very Easy,0.05,0.0,0,1684,100,0.0,0.0,1,0,1
No Adaptive,1,845,eval,strong,player_win,-10.0,5,50.0,1,Very Easy,0.05,0.0,0,1684,100,0.0,0.0,1,0,1
No Adaptive,1,846,eval,strong,player_win,-10.0,5,50.0,1,Very Easy,0.05,0.0,0,1684,100,0.0,0.0,1,0,1
No Adaptive,1,847,eval,strong,player_win,-10.0,5,50.0,1,Very Easy,0.05,0.0,0,1684,100,0.0,0.0,1,0,1
No Adaptive,1,848,eval,strong,player_win,-10.0,5,50.0,1,Very Easy,0.05,0.0,0,1684,100,0.0,0.0,1,0,1
No Adaptive,1,849,eval,strong,player_win,-10.0,5,50.0,1,Very Easy,0.05,0.0,0,1684,100,0.0,0.0,1,0,1
No Adaptive,1,850,eval,strong,player_win,-10.0,5,50.0,1,Very Easy,0.05,0.0,0,1684,100,0.0,0.0,1,0,1
No Adaptive,1,851,eval,strong,player_win,-10.0,5,50.0,1,Very Easy,0.05,0.0,0,1684,100,0.0,0.0,1,0,1
No Adaptive,1,852,eval,strong,player_win,-10.0,5,50.0,1,Very Easy,0.05,0.0,0,1684,100,0.0,0.0,1,0,1
No Adaptive,1,853,eval,strong,player_win,-10.0,5,50.0,1,Very Easy,0.05,0.0,0,1684,100,0.0,0.0,1,0,1
No Adaptive,1,854,eval,strong,player_win,-10.0,5,50.0,1,Very Easy,0.05,0.0,0,1684,100,0.0,0.0,1,0,1
No Adaptive,1,855,eval,strong,player_win,-10.0,5,50.0,1,Very Easy,0.05,0.0,0,1684,100,0.0,0.0,1,0,1
No Adaptive,1,856,eval,strong,player_win,-10.0,7,50.0,1,Very Easy,0.05,0.0,0,1684,100,0.0,0.0,2,0,1
No Adaptive,1,857,eval,strong,player_win,-10.0,5,50.0,1,Very Easy,0.05,0.0,0,1684,100,0.0,0.0,1,0,1
No Adaptive,1,858,eval,strong,player_win,-10.0,5,50.0,1,Very Easy,0.05,0.0,0,1684,100,0.0,0.0,1,0,1
No Adaptive,1,859,eval,strong,player_win,-10.0,5,50.0,1,Very Easy,0.05,0.0,0,1684,100,0.0,0.0,1,0,1
No Adaptive,1,860,eval,strong,player_win,-10.0,5,50.0,1,Very Easy,0.05,0.0,0,1684,100,0.0,0.0,1,0,1
No Adaptive,1,861,eval,strong,player_win,-10.0,5,50.0,1,Very Easy,0.05,0.0,0,1684,100,0.0,0.0,1,0,1
No Adaptive,1,862,eval,strong,player_win,-10.0,5,50.0,1,Very Easy,0.05,0.0,0,1684,100,0.0,0.0,1,0,1
No Adaptive,1,863,eval,strong,player_win,-10.0,5,50.0,1,Very Easy,0.05,0.0,0,1684,100,0.0,0.0,1,0,1
No Adaptive,1,864,eval,strong,player_win,-10.0,5,50.0,1,Very Easy,0.05,0.0,0,1684,100,0.0,0.0,1,0,1
No Adaptive,1,865,eval,strong,player_win,-10.0,5,50.0,1,Very Easy,0.05,0.0,0,1684,100,0.0,0.0,1,0,1
No Adaptive,1,866,eval,strong,player_win,-10.0,5,50.0,1,Very Easy,0.05,0.0,0,1684,100,0.0,0.0,1,0,1
No Adaptive,1,867,eval,strong,player_win,-10.0,5,50.0,1,Very Easy,0.05,0.0,0,1684,100,0.0,0.0,1,0,1
No Adaptive,1,868,eval,strong,player_win,-10.0,5,50.0,1,Very Easy,0.05,0.0,0,1684,100,0.0,0.0,2,0,0
No Adaptive,1,869,eval,strong,player_win,-10.0,5,50.0,1,Very Easy,0.05,0.0,0,1684,100,0.0,0.0,1,0,1
No Adaptive,1,870,eval,strong,player_win,-10.0,5,50.0,1,Very Easy,0.05,0.0,0,1684,100,0.0,0.0,1,0,1
No Adaptive,1,871,eval,strong,player_win,-10.0,7,50.0,1,Very Easy,0.05,0.0,0,1684,100,0.0,0.0,2,0,1
No Adaptive,1,872,eval,strong,player_win,-10.0,5,50.0,1,Very Easy,0.05,0.0,0,1684,100,0.0,0.0,1,0,1
No Adaptive,1,873,eval,strong,player_win,-10.0,7,50.0,1,Very Easy,0.05,0.0,0,1684,100,0.0,0.0,2,0,1
No Adaptive,1,874,eval,strong,player_win,-10.0,5,50.0,1,Very Easy,0.05,0.0,0,1684,100,0.0,0.0,1,0,1
No Adaptive,1,875,eval,strong,player_win,-10.0,5,50.0,1,Very Easy,0.05,0.0,0,1684,100,0.0,0.0,1,0,1
No Adaptive,1,876,eval,strong,player_win,-10.0,5,50.0,1,Very Easy,0.05,0.0,0,1684,100,0.0,0.0,2,0,0
No Adaptive,1,877,eval,strong,player_win,-10.0,7,50.0,1,Very Easy,0.05,0.0,0,1684,100,0.0,0.0,2,0,1
No Adaptive,1,878,eval,strong,player_win,-10.0,5,50.0,1,Very Easy,0.05,0.0,0,1684,100,0.0,0.0,1,0,1
No Adaptive,1,879,eval,strong,player_win,-10.0,5,50.0,1,Very Easy,0.05,0.0,0,1684,100,0.0,0.0,1,0,1
No Adaptive,1,880,eval,strong,player_win,-10.0,5,50.0,1,Very Easy,0.05,0.0,0,1684,100,0.0,0.0,2,0,0
No Adaptive,1,881,eval,strong,player_win,-10.0,5,50.0,1,Very Easy,0.05,0.0,0,1684,100,0.0,0.0,2,0,0
No Adaptive,1,882,eval,strong,player_win,-10.0,5,50.0,1,Very Easy,0.05,0.0,0,1684,100,0.0,0.0,1,0,1
No Adaptive,1,883,eval,strong,player_win,-10.0,7,50.0,1,Very Easy,0.05,0.0,0,1684,100,0.0,0.0,2,0,1
No Adaptive,1,884,eval,strong,player_win,-10.0,5,50.0,1,Very Easy,0.05,0.0,0,1684,100,0.0,0.0,2,0,0
No Adaptive,1,885,eval,strong,player_win,-10.0,5,50.0,1,Very Easy,0.05,0.0,0,1684,100,0.0,0.0,1,0,1
No Adaptive,1,886,eval,strong,player_win,-10.0,5,50.0,1,Very Easy,0.05,0.0,0,1684,100,0.0,0.0,1,0,1
No Adaptive,1,887,eval,strong,player_win,-10.0,5,50.0,1,Very Easy,0.05,0.0,0,1684,100,0.0,0.0,1,0,1
No Adaptive,1,888,eval,strong,player_win,-10.0,5,50.0,1,Very Easy,0.05,0.0,0,1684,100,0.0,0.0,1,0,1
No Adaptive,1,889,eval,strong,player_win,-10.0,7,50.0,1,Very Easy,0.05,0.0,0,1684,100,0.0,0.0,2,0,1
No Adaptive,1,890,eval,strong,player_win,-10.0,5,50.0,1,Very Easy,0.05,0.0,0,1684,100,0.0,0.0,1,0,1
No Adaptive,1,891,eval,strong,player_win,-10.0,7,50.0,1,Very Easy,0.05,0.0,0,1684,100,0.0,0.0,2,0,1
No Adaptive,1,892,eval,strong,player_win,-10.0,5,50.0,1,Very Easy,0.05,0.0,0,1684,100,0.0,0.0,1,0,1
No Adaptive,1,893,eval,strong,player_win,-10.0,5,50.0,1,Very Easy,0.05,0.0,0,1684,100,0.0,0.0,1,0,1
No Adaptive,1,894,eval,strong,player_win,-10.0,5,50.0,1,Very Easy,0.05,0.0,0,1684,100,0.0,0.0,1,0,1
No Adaptive,1,895,eval,strong,player_win,-10.0,5,50.0,1,Very Easy,0.05,0.0,0,1684,100,0.0,0.0,1,0,1
No Adaptive,1,896,eval,strong,player_win,-10.0,5,50.0,1,Very Easy,0.05,0.0,0,1684,100,0.0,0.0,1,0,1
No Adaptive,1,897,eval,strong,player_win,-10.0,5,50.0,1,Very Easy,0.05,0.0,0,1684,100,0.0,0.0,1,0,1
No Adaptive,1,898,eval,strong,player_win,-10.0,5,50.0,1,Very Easy,0.05,0.0,0,1684,100,0.0,0.0,1,0,1
No Adaptive,1,899,eval,strong,player_win,-10.0,5,50.0,1,Very Easy,0.05,0.0,0,1684,100,0.0,0.0,1,0,1
No Adaptive,1,900,eval,strong,player_win,-10.0,5,50.0,1,Very Easy,0.05,0.0,0,1684,100,0.0,0.0,1,0,1
No Adaptive,1,901,eval,strong,player_win,-10.0,5,50.0,1,Very Easy,0.05,0.0,0,1684,100,0.0,0.0,2,0,0
No Adaptive,1,902,eval,strong,player_win,-10.0,5,50.0,1,Very Easy,0.05,0.0,0,1684,100,0.0,0.0,1,0,1
No Adaptive,1,903,eval,strong,player_win,-10.0,5,50.0,1,Very Easy,0.05,0.0,0,1684,100,0.0,0.0,1,0,1
No Adaptive,1,904,eval,strong,player_win,-10.0,5,50.0,1,Very Easy,0.05,0.0,0,1684,100,0.0,0.0,1,0,1
No Adaptive,1,905,eval,strong,player_win,-10.0,7,50.0,1,Very Easy,0.05,0.0,0,1684,100,0.0,0.0,2,0,1
No Adaptive,1,906,eval,strong,player_win,-10.0,7,50.0,1,Very Easy,0.05,0.0,0,1684,100,0.0,0.0,2,0,1
No Adaptive,1,907,eval,strong,player_win,-10.0,5,50.0,1,Very Easy,0.05,0.0,0,1684,100,0.0,0.0,1,0,1
No Adaptive,1,908,eval,strong,player_win,-10.0,5,50.0,1,Very Easy,0.05,0.0,0,1684,100,0.0,0.0,1,0,1
No Adaptive,1,909,eval,strong,player_win,-10.0,5,50.0,1,Very Easy,0.05,0.0,0,1684,100,0.0,0.0,1,0,1
No Adaptive,1,910,eval,strong,player_win,-10.0,5,50.0,1,Very Easy,0.05,0.0,0,1684,100,0.0,0.0,1,0,1
No Adaptive,1,911,eval,strong,player_win,-10.0,5,50.0,1,Very Easy,0.05,0.0,0,1684,100,0.0,0.0,1,0,1
No Adaptive,1,912,eval,strong,player_win,-10.0,5,50.0,1,Very Easy,0.05,0.0,0,1684,100,0.0,0.0,1,0,1
No Adaptive,1,913,eval,strong,player_win,-10.0,5,50.0,1,Very Easy,0.05,0.0,0,1684,100,0.0,0.0,1,0,1
No Adaptive,1,914,eval,strong,player_win,-10.0,5,50.0,1,Very Easy,0.05,0.0,0,1684,100,0.0,0.0,1,0,1
No Adaptive,1,915,eval,strong,player_win,-10.0,5,50.0,1,Very Easy,0.05,0.0,0,1684,100,0.0,0.0,1,0,1
No Adaptive,1,916,eval,strong,player_win,-10.0,7,50.0,1,Very Easy,0.05,0.0,0,1684,100,0.0,0.0,2,0,1
No Adaptive,1,917,eval,strong,player_win,-10.0,5,50.0,1,Very Easy,0.05,0.0,0,1684,100,0.0,0.0,1,0,1
No Adaptive,1,918,eval,strong,player_win,-10.0,5,50.0,1,Very Easy,0.05,0.0,0,1684,100,0.0,0.0,1,0,1
No Adaptive,1,919,eval,strong,player_win,-10.0,5,50.0,1,Very Easy,0.05,0.0,0,1684,100,0.0,0.0,1,0,1
No Adaptive,1,920,eval,strong,player_win,-10.0,5,50.0,1,Very Easy,0.05,0.0,0,1684,100,0.0,0.0,1,0,1
No Adaptive,1,921,eval,strong,player_win,-10.0,5,50.0,1,Very Easy,0.05,0.0,0,1684,100,0.0,0.0,1,0,1
No Adaptive,1,922,eval,strong,player_win,-10.0,7,50.0,1,Very Easy,0.05,0.0,0,1684,100,0.0,0.0,2,0,1
No Adaptive,1,923,eval,strong,player_win,-10.0,5,50.0,1,Very Easy,0.05,0.0,0,1684,100,0.0,0.0,1,0,1
No Adaptive,1,924,eval,strong,player_win,-10.0,7,50.0,1,Very Easy,0.05,0.0,0,1684,100,0.0,0.0,2,0,1
No Adaptive,1,925,eval,strong,player_win,-10.0,5,50.0,1,Very Easy,0.05,0.0,0,1684,100,0.0,0.0,1,0,1
No Adaptive,1,926,eval,strong,player_win,-10.0,5,50.0,1,Very Easy,0.05,0.0,0,1684,100,0.0,0.0,1,0,1
No Adaptive,1,927,eval,strong,player_win,-10.0,5,50.0,1,Very Easy,0.05,0.0,0,1684,100,0.0,0.0,1,0,1
No Adaptive,1,928,eval,strong,player_win,-10.0,5,50.0,1,Very Easy,0.05,0.0,0,1684,100,0.0,0.0,1,0,1
No Adaptive,1,929,eval,strong,player_win,-10.0,5,50.0,1,Very Easy,0.05,0.0,0,1684,100,0.0,0.0,1,0,1
No Adaptive,1,930,eval,strong,player_win,-10.0,5,50.0,1,Very Easy,0.05,0.0,0,1684,100,0.0,0.0,2,0,0
No Adaptive,1,931,eval,strong,player_win,-10.0,5,50.0,1,Very Easy,0.05,0.0,0,1684,100,0.0,0.0,1,0,1
No Adaptive,1,932,eval,strong,player_win,-10.0,7,50.0,1,Very Easy,0.05,0.0,0,1684,100,0.0,0.0,2,0,1
No Adaptive,1,933,eval,strong,player_win,-10.0,7,50.0,1,Very Easy,0.05,0.0,0,1684,100,0.0,0.0,2,0,1
No Adaptive,1,934,eval,strong,player_win,-10.0,5,50.0,1,Very Easy,0.05,0.0,0,1684,100,0.0,0.0,1,0,1
No Adaptive,1,935,eval,strong,player_win,-10.0,5,50.0,1,Very Easy,0.05,0.0,0,1684,100,0.0,0.0,1,0,1
No Adaptive,1,936,eval,strong,player_win,-10.0,5,50.0,1,Very Easy,0.05,0.0,0,1684,100,0.0,0.0,1,0,1
No Adaptive,1,937,eval,strong,player_win,-10.0,5,50.0,1,Very Easy,0.05,0.0,0,1684,100,0.0,0.0,1,0,1
No Adaptive,1,938,eval,strong,player_win,-10.0,5,50.0,1,Very Easy,0.05,0.0,0,1684,100,0.0,0.0,1,0,1
No Adaptive,1,939,eval,strong,player_win,-10.0,5,50.0,1,Very Easy,0.05,0.0,0,1684,100,0.0,0.0,1,0,1
No Adaptive,1,940,eval,strong,player_win,-10.0,5,50.0,1,Very Easy,0.05,0.0,0,1684,100,0.0,0.0,1,0,1
No Adaptive,1,941,eval,strong,player_win,-10.0,5,50.0,1,Very Easy,0.05,0.0,0,1684,100,0.0,0.0,1,0,1
No Adaptive,1,942,eval,strong,player_win,-10.0,5,50.0,1,Very Easy,0.05,0.0,0,1684,100,0.0,0.0,1,0,1
No Adaptive,1,943,eval,strong,player_win,-10.0,5,50.0,1,Very Easy,0.05,0.0,0,1684,100,0.0,0.0,1,0,1
No Adaptive,1,944,eval,strong,player_win,-10.0,5,50.0,1,Very Easy,0.05,0.0,0,1684,100,0.0,0.0,1,0,1
No Adaptive,1,945,eval,strong,player_win,-10.0,5,50.0,1,Very Easy,0.05,0.0,0,1684,100,0.0,0.0,2,0,0
No Adaptive,1,946,eval,strong,player_win,-10.0,5,50.0,1,Very Easy,0.05,0.0,0,1684,100,0.0,0.0,1,0,1
No Adaptive,1,947,eval,strong,player_win,-10.0,5,50.0,1,Very Easy,0.05,0.0,0,1684,100,0.0,0.0,1,0,1
No Adaptive,1,948,eval,strong,player_win,-10.0,5,50.0,1,Very Easy,0.05,0.0,0,1684,100,0.0,0.0,2,0,0
No Adaptive,1,949,eval,strong,player_win,-10.0,5,50.0,1,Very Easy,0.05,0.0,0,1684,100,0.0,0.0,1,0,1
No Adaptive,1,950,eval,strong,player_win,-10.0,5,50.0,1,Very Easy,0.05,0.0,0,1684,100,0.0,0.0,1,0,1
No Adaptive,1,951,eval,strong,player_win,-10.0,5,50.0,1,Very Easy,0.05,0.0,0,1684,100,0.0,0.0,1,0,1
No Adaptive,1,952,eval,strong,player_win,-10.0,5,50.0,1,Very Easy,0.05,0.0,0,1684,100,0.0,0.0,1,0,1
No Adaptive,1,953,eval,strong,player_win,-10.0,5,50.0,1,Very Easy,0.05,0.0,0,1684,100,0.0,0.0,1,0,1
No Adaptive,1,954,eval,strong,player_win,-10.0,5,50.0,1,Very Easy,0.05,0.0,0,1684,100,0.0,0.0,1,0,1
No Adaptive,1,955,eval,strong,player_win,-10.0,5,50.0,1,Very Easy,0.05,0.0,0,1684,100,0.0,0.0,1,0,1
No Adaptive,1,956,eval,strong,player_win,-10.0,7,50.0,1,Very Easy,0.05,0.0,0,1684,100,0.0,0.0,2,0,1
No Adaptive,1,957,eval,strong,player_win,-10.0,5,50.0,1,Very Easy,0.05,0.0,0,1684,100,0.0,0.0,1,0,1
No Adaptive,1,958,eval,strong,player_win,-10.0,5,50.0,1,Very Easy,0.05,0.0,0,1684,100,0.0,0.0,1,0,1
No Adaptive,1,959,eval,strong,player_win,-10.0,5,50.0,1,Very Easy,0.05,0.0,0,1684,100,0.0,0.0,1,0,1
No Adaptive,1,960,eval,strong,player_win,-10.0,5,50.0,1,Very Easy,0.05,0.0,0,1684,100,0.0,0.0,1,0,1
No Adaptive,1,961,eval,strong,player_win,-10.0,5,50.0,1,Very Easy,0.05,0.0,0,1684,100,0.0,0.0,1,0,1
No Adaptive,1,962,eval,strong,player_win,-10.0,5,50.0,1,Very Easy,0.05,0.0,0,1684,100,0.0,0.0,1,0,1
No Adaptive,1,963,eval,strong,player_win,-10.0,5,50.0,1,Very Easy,0.05,0.0,0,1684,100,0.0,0.0,1,0,1
No Adaptive,1,964,eval,strong,player_win,-10.0,5,50.0,1,Very Easy,0.05,0.0,0,1684,100,0.0,0.0,1,0,1
No Adaptive,1,965,eval,strong,player_win,-10.0,5,50.0,1,Very Easy,0.05,0.0,0,1684,100,0.0,0.0,1,0,1
No Adaptive,1,966,eval,strong,player_win,-10.0,7,50.0,1,Very Easy,0.05,0.0,0,1684,100,0.0,0.0,2,0,1
No Adaptive,1,967,eval,strong,player_win,-10.0,5,50.0,1,Very Easy,0.05,0.0,0,1684,100,0.0,0.0,1,0,1
No Adaptive,1,968,eval,strong,player_win,-10.0,5,50.0,1,Very Easy,0.05,0.0,0,1684,100,0.0,0.0,1,0,1
No Adaptive,1,969,eval,strong,player_win,-10.0,5,50.0,1,Very Easy,0.05,0.0,0,1684,100,0.0,0.0,1,0,1
No Adaptive,1,970,eval,strong,player_win,-10.0,5,50.0,1,Very Easy,0.05,0.0,0,1684,100,0.0,0.0,1,0,1
No Adaptive,1,971,eval,strong,player_win,-10.0,5,50.0,1,Very Easy,0.05,0.0,0,1684,100,0.0,0.0,1,0,1
No Adaptive,1,972,eval,strong,player_win,-10.0,5,50.0,1,Very Easy,0.05,0.0,0,1684,100,0.0,0.0,1,0,1
No Adaptive,1,973,eval,strong,player_win,-10.0,5,50.0,1,Very Easy,0.05,0.0,0,1684,100,0.0,0.0,1,0,1
No Adaptive,1,974,eval,strong,player_win,-10.0,5,50.0,1,Very Easy,0.05,0.0,0,1684,100,0.0,0.0,1,0,1
No Adaptive,1,975,eval,strong,player_win,-10.0,5,50.0,1,Very Easy,0.05,0.0,0,1684,100,0.0,0.0,1,0,1
No Adaptive,1,976,eval,strong,player_win,-10.0,5,50.0,1,Very Easy,0.05,0.0,0,1684,100,0.0,0.0,1,0,1
No Adaptive,1,977,eval,strong,player_win,-10.0,5,50.0,1,Very Easy,0.05,0.0,0,1684,100,0.0,0.0,1,0,1
No Adaptive,1,978,eval,strong,player_win,-10.0,5,50.0,1,Very Easy,0.05,0.0,0,1684,100,0.0,0.0,1,0,1
No Adaptive,1,979,eval,strong,player_win,-10.0,5,50.0,1,Very Easy,0.05,0.0,0,1684,100,0.0,0.0,1,0,1
No Adaptive,1,980,eval,strong,player_win,-10.0,5,50.0,1,Very Easy,0.05,0.0,0,1684,100,0.0,0.0,1,0,1
No Adaptive,1,981,eval,strong,player_win,-10.0,5,50.0,1,Very Easy,0.05,0.0,0,1684,100,0.0,0.0,1,0,1
No Adaptive,1,982,eval,strong,player_win,-10.0,5,50.0,1,Very Easy,0.05,0.0,0,1684,100,0.0,0.0,1,0,1
No Adaptive,1,983,eval,strong,player_win,-10.0,5,50.0,1,Very Easy,0.05,0.0,0,1684,100,0.0,0.0,1,0,1
No Adaptive,1,984,eval,strong,player_win,-10.0,5,50.0,1,Very Easy,0.05,0.0,0,1684,100,0.0,0.0,2,0,0
No Adaptive,1,985,eval,strong,player_win,-10.0,5,50.0,1,Very Easy,0.05,0.0,0,1684,100,0.0,0.0,1,0,1
No Adaptive,1,986,eval,strong,player_win,-10.0,5,50.0,1,Very Easy,0.05,0.0,0,1684,100,0.0,0.0,1,0,1
No Adaptive,1,987,eval,strong,player_win,-10.0,5,50.0,1,Very Easy,0.05,0.0,0,1684,100,0.0,0.0,1,0,1
No Adaptive,1,988,eval,strong,player_win,-10.0,5,50.0,1,Very Easy,0.05,0.0,0,1684,100,0.0,0.0,1,0,1
No Adaptive,1,989,eval,strong,player_win,-10.0,5,50.0,1,Very Easy,0.05,0.0,0,1684,100,0.0,0.0,1,0,1
No Adaptive,1,990,eval,strong,player_win,-10.0,5,50.0,1,Very Easy,0.05,0.0,0,1684,100,0.0,0.0,1,0,1
No Adaptive,1,991,eval,strong,player_win,-10.0,5,50.0,1,Very Easy,0.05,0.0,0,1684,100,0.0,0.0,1,0,1
No Adaptive,1,992,eval,strong,player_win,-10.0,7,50.0,1,Very Easy,0.05,0.0,0,1684,100,0.0,0.0,2,0,1
No Adaptive,1,993,eval,strong,player_win,-10.0,5,50.0,1,Very Easy,0.05,0.0,0,1684,100,0.0,0.0,1,0,1
No Adaptive,1,994,eval,strong,player_win,-10.0,5,50.0,1,Very Easy,0.05,0.0,0,1684,100,0.0,0.0,1,0,1
No Adaptive,1,995,eval,strong,player_win,-10.0,5,50.0,1,Very Easy,0.05,0.0,0,1684,100,0.0,0.0,1,0,1
No Adaptive,1,996,eval,strong,player_win,-10.0,7,50.0,1,Very Easy,0.05,0.0,0,1684,100,0.0,0.0,2,0,1
No Adaptive,1,997,eval,strong,player_win,-10.0,5,50.0,1,Very Easy,0.05,0.0,0,1684,100,0.0,0.0,1,0,1
No Adaptive,1,998,eval,strong,player_win,-10.0,5,50.0,1,Very Easy,0.05,0.0,0,1684,100,0.0,0.0,1,0,1
No Adaptive,1,999,eval,strong,player_win,-10.0,5,50.0,1,Very Easy,0.05,0.0,0,1684,100,0.0,0.0,1,0,1
No Adaptive,1,1000,eval,strong,player_win,-10.0,5,50.0,1,Very Easy,0.05,0.0,0,1684,100,0.0,0.0,1,0,1
No Adaptive,2,1,train,strong,player_win,-10.0,5,50.0,1,Very Easy,0.95,0.76,1,2,2,0.0,0.0,1,0,1
No Adaptive,2,2,train,strong,player_win,-10.0,7,50.0,1,Very Easy,0.9025,0.722,1,5,5,0.0,0.0,2,0,1
No Adaptive,2,3,train,strong,player_win,-10.0,5,50.0,1,Very Easy,0.8573749999999999,0.6859,1,7,6,0.0,0.0,1,1,0
No Adaptive,2,4,train,strong,player_win,-10.0,5,50.0,1,Very Easy,0.8145062499999999,0.651605,1,9,7,0.0,0.0,1,1,0
No Adaptive,2,5,train,strong,player_win,-10.0,5,50.0,1,Very Easy,0.7737809374999999,0.6190247499999999,1,11,9,0.0,0.0,1,1,0
No Adaptive,2,6,train,strong,player_win,-10.0,5,50.0,1,Very Easy,0.7350918906249998,0.5880735124999998,1,13,11,0.0,0.0,1,1,0
No Adaptive,2,7,train,strong,player_win,-10.0,7,50.0,1,Very Easy,0.6983372960937497,0.5586698368749998,1,16,13,0.0,0.0,2,1,0
No Adaptive,2,8,train,strong,player_win,-10.0,5,50.0,1,Very Easy,0.6634204312890623,0.5307363450312498,1,18,14,0.0,0.0,1,1,0
No Adaptive,2,9,train,strong,player_win,-10.0,5,50.0,1,Very Easy,0.6302494097246091,0.5041995277796872,1,20,15,0.0,0.0,1,1,0
No Adaptive,2,10,train,strong,player_win,-10.0,7,50.0,1,Very Easy,0.5987369392383786,0.4789895513907029,1,23,17,0.0,0.0,2,1,0
No Adaptive,2,11,train,strong,player_win,-10.0,5,50.0,1,Very Easy,0.5688000922764596,0.4550400738211677,1,25,18,0.0,0.0,1,0,1
No Adaptive,2,12,train,strong,player_win,-10.0,5,50.0,1,Very Easy,0.5403600876626365,0.4322880701301093,1,27,19,0.0,0.0,1,1,0
No Adaptive,2,13,train,strong,player_win,-10.0,5,50.0,1,Very Easy,0.5133420832795047,0.4106736666236038,1,29,20,0.0,0.0,1,1,0
No Adaptive,2,14,train,strong,player_win,-10.0,5,50.0,1,Very Easy,0.48767497911552943,0.39013998329242355,1,31,21,0.0,0.0,1,0,1
No Adaptive,2,15,train,strong,player_win,-10.0,5,50.0,1,Very Easy,0.46329123015975293,0.3706329841278024,1,33,21,0.0,0.0,1,0,1
No Adaptive,2,16,train,strong,player_win,-10.0,5,50.0,1,Very Easy,0.44012666865176525,0.3521013349214122,1,35,21,0.0,0.0,1,1,0
No Adaptive,2,17,train,strong,player_win,-10.0,5,50.0,1,Very Easy,0.41812033521917696,0.3344962681753416,1,37,21,0.0,0.0,1,0,1
No Adaptive,2,18,train,strong,player_win,-10.0,5,50.0,1,Very Easy,0.3972143184582181,0.3177714547665745,1,39,22,0.0,0.0,1,0,1
No Adaptive,2,19,train,strong,player_win,-10.0,5,50.0,1,Very Easy,0.37735360253530714,0.30188288202824576,1,41,22,0.0,0.0,1,1,0
No Adaptive,2,20,train,strong,player_win,-10.0,5,50.0,1,Very Easy,0.35848592240854177,0.2867887379268334,1,43,23,0.0,0.0,1,0,1
No Adaptive,2,21,train,strong,player_win,-10.0,5,50.0,1,Very Easy,0.34056162628811465,0.27244930103049175,1,45,24,0.0,0.0,1,0,1
No Adaptive,2,22,train,strong,player_win,-10.0,7,50.0,1,Very Easy,0.3235335449737089,0.2588268359789671,1,48,26,0.0,0.0,2,0,1
No Adaptive,2,23,train,strong,player_win,-10.0,5,50.0,1,Very Easy,0.30735686772502346,0.2458854941800188,1,50,27,0.0,0.0,1,1,0
No Adaptive,2,24,train,strong,player_win,-10.0,5,50.0,1,Very Easy,0.2919890243387723,0.23359121947101782,1,52,28,0.0,0.0,1,0,1
No Adaptive,2,25,train,strong,player_win,-10.0,5,50.0,1,Very Easy,0.27738957312183365,0.22191165849746694,1,54,28,0.0,0.0,1,0,1
No Adaptive,2,26,train,strong,player_win,-10.0,5,50.0,1,Very Easy,0.263520094465742,0.2108160755725936,1,56,29,0.0,0.0,1,0,1
No Adaptive,2,27,train,strong,player_win,-10.0,5,50.0,1,Very Easy,0.25034408974245487,0.2002752717939639,1,58,30,0.0,0.0,1,1,0
No Adaptive,2,28,train,strong,player_win,-10.0,5,50.0,1,Very Easy,0.2378268852553321,0.19026150820426568,1,60,31,0.0,0.0,1,1,0
No Adaptive,2,29,train,strong,player_win,-10.0,5,50.0,1,Very Easy,0.2259355409925655,0.1807484327940524,1,62,31,0.0,0.0,1,0,1
No Adaptive,2,30,train,strong,player_win,-10.0,5,50.0,1,Very Easy,0.2146387639429372,0.17171101115434978,1,64,32,0.0,0.0,1,0,1
No Adaptive,2,31,train,strong,player_win,-10.0,5,50.0,1,Very Easy,0.20390682574579033,0.16312546059663227,1,66,32,0.0,0.0,1,1,0
No Adaptive,2,32,train,strong,player_win,-10.0,5,50.0,1,Very Easy,0.1937114844585008,0.15496918756680067,1,68,33,0.0,0.0,1,0,1
No Adaptive,2,33,train,strong,player_win,-10.0,5,50.0,1,Very Easy,0.18402591023557577,0.14722072818846063,1,70,33,0.0,0.0,1,0,1
No Adaptive,2,34,train,strong,player_win,-10.0,5,50.0,1,Very Easy,0.17482461472379698,0.1398596917790376,1,72,34,0.0,0.0,1,0,1
No Adaptive,2,35,train,strong,player_win,-10.0,5,50.0,1,Very Easy,0.16608338398760714,0.13286670719008573,1,74,35,0.0,0.0,1,0,1
No Adaptive,2,36,train,strong,player_win,-10.0,7,50.0,1,Very Easy,0.15777921478822676,0.1262233718305814,1,77,37,0.0,0.0,2,1,0
No Adaptive,2,37,train,strong,player_win,-10.0,5,50.0,1,Very Easy,0.14989025404881542,0.11991220323905234,1,79,38,0.0,0.0,1,0,1
No Adaptive,2,38,train,strong,player_win,-10.0,5,50.0,1,Very Easy,0.14239574134637464,0.11391659307709973,1,81,39,0.0,0.0,1,0,1
No Adaptive,2,39,train,strong,player_win,-10.0,5,50.0,1,Very Easy,0.1352759542790559,0.10822076342324471,1,83,40,0.0,0.0,1,0,1
No Adaptive,2,40,train,strong,player_win,-10.0,5,50.0,1,Very Easy,0.1285121565651031,0.10280972525208248,1,85,41,0.0,0.0,1,0,1
No Adaptive,2,41,train,strong,player_win,-10.0,5,50.0,1,Very Easy,0.12208654873684793,0.09766923898947835,1,87,42,0.0,0.0,1,0,1
No Adaptive,2,42,train,strong,player_win,-10.0,5,50.0,1,Very Easy,0.11598222130000553,0.09278577704000443,1,89,43,0.0,0.0,1,0,1
No Adaptive,2,43,train,strong,player_win,-10.0,5,50.0,1,Very Easy,0.11018311023500525,0.0881464881880042,1,91,44,0.0,0.0,1,0,1
No Adaptive,2,44,train,strong,player_win,-10.0,5,50.0,1,Very Easy,0.10467395472325498,0.08373916377860399,1,93,44,0.0,0.0,1,0,1
No Adaptive,2,45,train,strong,player_win,-10.0,5,50.0,1,Very Easy,0.09944025698709223,0.0795522055896738,1,95,45,0.0,0.0,1,0,1
No Adaptive,2,46,train,strong,player_win,-10.0,5,50.0,1,Very Easy,0.09446824413773762,0.0755745953101901,1,97,45,0.0,0.0,1,0,1
No Adaptive,2,47,train,strong,player_win,-10.0,5,50.0,1,Very Easy,0.08974483193085074,0.07179586554468059,1,99,45,0.0,0.0,2,0,0
No Adaptive,2,48,train,strong,player_win,-10.0,5,50.0,1,Very Easy,0.0852575903343082,0.06820607226744656,1,101,46,0.0,0.0,1,0,1
No Adaptive,2,49,train,strong,player_win,-10.0,5,50.0,1,Very Easy,0.08099471081759278,0.06479576865407423,1,103,46,0.0,0.0,1,0,1
No Adaptive,2,50,train,strong,player_win,-10.0,7,50.0,1,Very Easy,0.07694497527671314,0.061555980221370515,1,106,48,0.0,0.0,2,0,1
No Adaptive,2,51,train,strong,player_win,-10.0,5,50.0,1,Very Easy,0.07309772651287748,0.05847818121030199,1,108,49,0.0,0.0,1,0,1
No Adaptive,2,52,train,strong,player_win,-10.0,5,50.0,1,Very Easy,0.0694428401872336,0.05555427214978688,1,110,49,0.0,0.0,1,0,1
No Adaptive,2,53,train,strong,player_win,-10.0,5,50.0,1,Very Easy,0.0659706981778719,0.05277655854229753,1,112,49,0.0,0.0,2,0,0
No Adaptive,2,54,train,strong,player_win,-10.0,5,50.0,1,Very Easy,0.0626721632689783,0.050137730615182646,1,114,49,0.0,0.0,1,0,1
No Adaptive,2,55,train,strong,player_win,-10.0,5,50.0,1,Very Easy,0.059538555105529384,0.05,1,116,49,0.0,0.0,2,0,0
No Adaptive,2,56,train,strong,player_win,-10.0,5,50.0,1,Very Easy,0.05656162735025291,0.05,1,118,50,0.0,0.0,1,0,1
No Adaptive,2,57,train,strong,player_win,-10.0,5,50.0,1,Very Easy,0.053733545982740265,0.05,1,120,50,0.0,0.0,1,0,1
No Adaptive,2,58,train,strong,player_win,-10.0,5,50.0,1,Very Easy,0.05104686868360325,0.05,1,122,50,0.0,0.0,1,0,1
No Adaptive,2,59,train,strong,player_win,-10.0,5,50.0,1,Very Easy,0.05,0.05,1,124,51,0.0,0.0,2,0,0
No Adaptive,2,60,train,strong,player_win,-10.0,5,50.0,1,Very Easy,0.05,0.05,1,126,51,0.0,0.0,1,0,1
No Adaptive,2,61,train,strong,player_win,-10.0,5,50.0,1,Very Easy,0.05,0.05,1,128,51,0.0,0.0,1,0,1
No Adaptive,2,62,train,strong,player_win,-10.0,5,50.0,1,Very Easy,0.05,0.05,1,130,51,0.0,0.0,1,0,1
No Adaptive,2,63,train,strong,player_win,-10.0,5,50.0,1,Very Easy,0.05,0.05,1,132,51,0.0,0.0,1,0,1
No Adaptive,2,64,train,strong,player_win,-10.0,7,50.0,1,Very Easy,0.05,0.05,1,135,52,0.0,0.0,2,0,1
No Adaptive,2,65,train,strong,player_win,-10.0,5,50.0,1,Very Easy,0.05,0.05,1,137,53,0.0,0.0,1,0,1
No Adaptive,2,66,train,strong,player_win,-10.0,5,50.0,1,Very Easy,0.05,0.05,1,139,54,0.0,0.0,1,0,1
No Adaptive,2,67,train,strong,player_win,-10.0,5,50.0,1,Very Easy,0.05,0.05,1,141,55,0.0,0.0,1,0,1
No Adaptive,2,68,train,strong,player_win,-10.0,7,50.0,1,Very Easy,0.05,0.05,1,144,55,0.0,0.0,2,0,1
No Adaptive,2,69,train,strong,player_win,-10.0,5,50.0,1,Very Easy,0.05,0.05,1,146,55,0.0,0.0,1,0,1
No Adaptive,2,70,train,strong,player_win,-10.0,7,50.0,1,Very Easy,0.05,0.05,1,149,56,0.0,0.0,2,0,1
No Adaptive,2,71,train,strong,player_win,-10.0,5,50.0,1,Very Easy,0.05,0.05,1,151,56,0.0,0.0,1,0,1
No Adaptive,2,72,train,strong,player_win,-10.0,5,50.0,1,Very Easy,0.05,0.05,1,153,57,0.0,0.0,1,0,1
No Adaptive,2,73,train,strong,player_win,-10.0,5,50.0,1,Very Easy,0.05,0.05,1,155,57,0.0,0.0,1,0,1
No Adaptive,2,74,train,strong,player_win,-10.0,5,50.0,1,Very Easy,0.05,0.05,1,157,58,0.0,0.0,1,0,1
No Adaptive,2,75,train,strong,player_win,-10.0,5,50.0,1,Very Easy,0.05,0.05,1,159,59,0.0,0.0,1,0,1
No Adaptive,2,76,train,strong,player_win,-10.0,5,50.0,1,Very Easy,0.05,0.05,1,161,59,0.0,0.0,1,0,1
No Adaptive,2,77,train,strong,player_win,-10.0,5,50.0,1,Very Easy,0.05,0.05,1,163,59,0.0,0.0,1,0,1
No Adaptive,2,78,train,strong,player_win,-10.0,7,50.0,1,Very Easy,0.05,0.05,1,166,60,0.0,0.0,2,0,1
No Adaptive,2,79,train,strong,player_win,-10.0,5,50.0,1,Very Easy,0.05,0.05,1,168,61,0.0,0.0,1,1,0
No Adaptive,2,80,train,strong,player_win,-10.0,5,50.0,1,Very Easy,0.05,0.05,1,170,62,0.0,0.0,1,0,1
No Adaptive,2,81,train,strong,player_win,-10.0,5,50.0,1,Very Easy,0.05,0.05,1,172,62,0.0,0.0,1,0,1
No Adaptive,2,82,train,strong,player_win,-10.0,5,50.0,1,Very Easy,0.05,0.05,1,174,63,0.0,0.0,1,0,1
No Adaptive,2,83,train,strong,player_win,-10.0,5,50.0,1,Very Easy,0.05,0.05,1,176,63,0.0,0.0,1,0,1
No Adaptive,2,84,train,strong,player_win,-10.0,5,50.0,1,Very Easy,0.05,0.05,1,178,64,0.0,0.0,1,0,1
No Adaptive,2,85,train,strong,player_win,-10.0,5,50.0,1,Very Easy,0.05,0.05,1,180,64,0.0,0.0,1,0,1
No Adaptive,2,86,train,strong,player_win,-10.0,5,50.0,1,Very Easy,0.05,0.05,1,182,64,0.0,0.0,1,0,1
No Adaptive,2,87,train,strong,player_win,-10.0,5,50.0,1,Very Easy,0.05,0.05,1,184,64,0.0,0.0,1,0,1
No Adaptive,2,88,train,strong,player_win,-10.0,5,50.0,1,Very Easy,0.05,0.05,1,186,65,0.0,0.0,1,0,1
No Adaptive,2,89,train,strong,player_win,-10.0,5,50.0,1,Very Easy,0.05,0.05,1,188,65,0.0,0.0,1,0,1
No Adaptive,2,90,train,strong,player_win,-10.0,5,50.0,1,Very Easy,0.05,0.05,1,190,65,0.0,0.0,1,0,1
No Adaptive,2,91,train,strong,player_win,-10.0,5,50.0,1,Very Easy,0.05,0.05,1,192,66,0.0,0.0,1,0,1
No Adaptive,2,92,train,strong,player_win,-10.0,5,50.0,1,Very Easy,0.05,0.05,1,194,66,0.0,0.0,1,0,1
No Adaptive,2,93,train,strong,player_win,-10.0,7,50.0,1,Very Easy,0.05,0.05,1,197,68,0.0,0.0,2,0,1
No Adaptive,2,94,train,strong,player_win,-10.0,5,50.0,1,Very Easy,0.05,0.05,1,199,69,0.0,0.0,1,0,1
No Adaptive,2,95,train,strong,player_win,-10.0,7,50.0,1,Very Easy,0.05,0.05,1,202,70,0.0,0.0,2,0,1
No Adaptive,2,96,train,strong,player_win,-10.0,5,50.0,1,Very Easy,0.05,0.05,1,204,70,0.0,0.0,1,0,1
No Adaptive,2,97,train,strong,player_win,-10.0,5,50.0,1,Very Easy,0.05,0.05,1,206,71,0.0,0.0,1,0,1
No Adaptive,2,98,train,strong,player_win,-10.0,7,50.0,1,Very Easy,0.05,0.05,1,209,71,0.0,0.0,2,0,1
No Adaptive,2,99,train,strong,player_win,-10.0,5,50.0,1,Very Easy,0.05,0.05,1,211,72,0.0,0.0,1,0,1
No Adaptive,2,100,train,strong,player_win,-10.0,5,50.0,1,Very Easy,0.05,0.05,1,213,72,0.0,0.0,1,0,1
No Adaptive,2,101,train,strong,player_win,-10.0,5,50.0,1,Very Easy,0.05,0.05,1,215,72,0.0,0.0,1,0,1
No Adaptive,2,102,train,strong,player_win,-10.0,5,50.0,1,Very Easy,0.05,0.05,1,217,72,0.0,0.0,1,0,1
No Adaptive,2,103,train,strong,player_win,-10.0,5,50.0,1,Very Easy,0.05,0.05,1,219,72,0.0,0.0,1,0,1
No Adaptive,2,104,train,strong,player_win,-10.0,7,50.0,1,Very Easy,0.05,0.05,1,222,72,0.0,0.0,2,0,1
No Adaptive,2,105,train,strong,player_win,-10.0,5,50.0,1,Very Easy,0.05,0.05,1,224,72,0.0,0.0,1,0,1
No Adaptive,2,106,train,strong,player_win,-10.0,5,50.0,1,Very Easy,0.05,0.05,1,226,73,0.0,0.0,1,0,1
No Adaptive,2,107,train,strong,player_win,-10.0,5,50.0,1,Very Easy,0.05,0.05,1,228,73,0.0,0.0,1,0,1
No Adaptive,2,108,train,strong,player_win,-10.0,5,50.0,1,Very Easy,0.05,0.05,1,230,74,0.0,0.0,1,0,1
No Adaptive,2,109,train,strong,player_win,-10.0,5,50.0,1,Very Easy,0.05,0.05,1,232,74,0.0,0.0,1,0,1
No Adaptive,2,110,train,strong,player_win,-10.0,5,50.0,1,Very Easy,0.05,0.05,1,234,75,0.0,0.0,1,0,1
No Adaptive,2,111,train,strong,player_win,-10.0,5,50.0,1,Very Easy,0.05,0.05,1,236,75,0.0,0.0,1,0,1
No Adaptive,2,112,train,strong,player_win,-10.0,5,50.0,1,Very Easy,0.05,0.05,1,238,75,0.0,0.0,1,0,1
No Adaptive,2,113,train,strong,player_win,-10.0,7,50.0,1,Very Easy,0.05,0.05,1,241,76,0.0,0.0,2,0,1
No Adaptive,2,114,train,strong,player_win,-10.0,5,50.0,1,Very Easy,0.05,0.05,1,243,77,0.0,0.0,1,0,1
No Adaptive,2,115,train,strong,player_win,-10.0,7,50.0,1,Very Easy,0.05,0.05,1,246,78,0.0,0.0,2,0,1
No Adaptive,2,116,train,strong,player_win,-10.0,5,50.0,1,Very Easy,0.05,0.05,1,248,79,0.0,0.0,1,0,1
No Adaptive,2,117,train,strong,player_win,-10.0,5,50.0,1,Very Easy,0.05,0.05,1,250,79,0.0,0.0,1,0,1
No Adaptive,2,118,train,strong,player_win,-10.0,5,50.0,1,Very Easy,0.05,0.05,1,252,79,0.0,0.0,1,0,1
No Adaptive,2,119,train,strong,player_win,-10.0,5,50.0,1,Very Easy,0.05,0.05,1,254,79,0.0,0.0,1,0,1
No Adaptive,2,120,train,strong,player_win,-10.0,5,50.0,1,Very Easy,0.05,0.05,1,256,79,0.0,0.0,1,0,1
No Adaptive,2,121,train,strong,player_win,-10.0,5,50.0,1,Very Easy,0.05,0.05,1,258,79,0.0,0.0,1,0,1
No Adaptive,2,122,train,strong,player_win,-10.0,5,50.0,1,Very Easy,0.05,0.05,1,260,79,0.0,0.0,1,0,1
No Adaptive,2,123,train,strong,player_win,-10.0,5,50.0,1,Very Easy,0.05,0.05,1,262,79,0.0,0.0,1,0,1
No Adaptive,2,124,train,strong,player_win,-10.0,7,50.0,1,Very Easy,0.05,0.05,1,265,79,0.0,0.0,2,0,1
No Adaptive,2,125,train,strong,player_win,-10.0,5,50.0,1,Very Easy,0.05,0.05,1,267,79,0.0,0.0,1,0,1
No Adaptive,2,126,train,strong,player_win,-10.0,7,50.0,1,Very Easy,0.05,0.05,1,270,79,0.0,0.0,2,0,1
No Adaptive,2,127,train,strong,player_win,-10.0,5,50.0,1,Very Easy,0.05,0.05,1,272,79,0.0,0.0,1,0,1
No Adaptive,2,128,train,strong,player_win,-10.0,5,50.0,1,Very Easy,0.05,0.05,1,274,80,0.0,0.0,1,0,1
No Adaptive,2,129,train,strong,player_win,-10.0,5,50.0,1,Very Easy,0.05,0.05,1,276,80,0.0,0.0,1,0,1
No Adaptive,2,130,train,strong,player_win,-10.0,5,50.0,1,Very Easy,0.05,0.05,1,278,80,0.0,0.0,1,0,1
No Adaptive,2,131,train,strong,player_win,-10.0,5,50.0,1,Very Easy,0.05,0.05,1,280,80,0.0,0.0,1,0,1
No Adaptive,2,132,train,strong,player_win,-10.0,5,50.0,1,Very Easy,0.05,0.05,1,282,80,0.0,0.0,1,0,1
No Adaptive,2,133,train,strong,player_win,-10.0,5,50.0,1,Very Easy,0.05,0.05,1,284,80,0.0,0.0,1,0,1
No Adaptive,2,134,train,strong,player_win,-10.0,5,50.0,1,Very Easy,0.05,0.05,1,286,80,0.0,0.0,1,0,1
No Adaptive,2,135,train,strong,player_win,-10.0,5,50.0,1,Very Easy,0.05,0.05,1,288,80,0.0,0.0,1,0,1
No Adaptive,2,136,train,strong,player_win,-10.0,5,50.0,1,Very Easy,0.05,0.05,1,290,80,0.0,0.0,1,0,1
No Adaptive,2,137,train,strong,player_win,-10.0,5,50.0,1,Very Easy,0.05,0.05,1,292,80,0.0,0.0,1,0,1
No Adaptive,2,138,train,strong,player_win,-10.0,7,50.0,1,Very Easy,0.05,0.05,1,295,80,0.0,0.0,2,0,1
No Adaptive,2,139,train,strong,player_win,-10.0,5,50.0,1,Very Easy,0.05,0.05,1,297,80,0.0,0.0,2,0,0
No Adaptive,2,140,train,strong,player_win,-10.0,5,50.0,1,Very Easy,0.05,0.05,1,299,80,0.0,0.0,1,0,1
No Adaptive,2,141,train,strong,player_win,-10.0,5,50.0,1,Very Easy,0.05,0.05,1,301,80,0.0,0.0,1,0,1
No Adaptive,2,142,train,strong,player_win,-10.0,5,50.0,1,Very Easy,0.05,0.05,1,303,80,0.0,0.0,1,0,1
No Adaptive,2,143,train,strong,player_win,-10.0,5,50.0,1,Very Easy,0.05,0.05,1,305,80,0.0,0.0,2,0,0
No Adaptive,2,144,train,strong,player_win,-10.0,5,50.0,1,Very Easy,0.05,0.05,1,307,81,0.0,0.0,1,0,1
No Adaptive,2,145,train,strong,player_win,-10.0,5,50.0,1,Very Easy,0.05,0.05,1,309,81,0.0,0.0,1,0,1
No Adaptive,2,146,train,strong,player_win,-10.0,5,50.0,1,Very Easy,0.05,0.05,1,311,81,0.0,0.0,1,1,0
No Adaptive,2,147,train,strong,player_win,-10.0,5,50.0,1,Very Easy,0.05,0.05,1,313,81,0.0,0.0,2,0,0
No Adaptive,2,148,train,strong,player_win,-10.0,5,50.0,1,Very Easy,0.05,0.05,1,315,81,0.0,0.0,1,0,1
No Adaptive,2,149,train,strong,player_win,-10.0,7,50.0,1,Very Easy,0.05,0.05,1,318,81,0.0,0.0,2,0,1
No Adaptive,2,150,train,strong,player_win,-10.0,5,50.0,1,Very Easy,0.05,0.05,1,320,81,0.0,0.0,1,0,1
No Adaptive,2,151,train,strong,player_win,-10.0,5,50.0,1,Very Easy,0.05,0.05,1,322,81,0.0,0.0,1,0,1
No Adaptive,2,152,train,strong,player_win,-10.0,5,50.0,1,Very Easy,0.05,0.05,1,324,81,0.0,0.0,1,0,1
No Adaptive,2,153,train,strong,player_win,-10.0,5,50.0,1,Very Easy,0.05,0.05,1,326,81,0.0,0.0,1,0,1
No Adaptive,2,154,train,strong,player_win,-10.0,5,50.0,1,Very Easy,0.05,0.05,1,328,81,0.0,0.0,1,0,1
No Adaptive,2,155,train,strong,player_win,-10.0,5,50.0,1,Very Easy,0.05,0.05,1,330,81,0.0,0.0,1,0,1
No Adaptive,2,156,train,strong,player_win,-10.0,5,50.0,1,Very Easy,0.05,0.05,1,332,81,0.0,0.0,1,0,1
No Adaptive,2,157,train,strong,player_win,-10.0,5,50.0,1,Very Easy,0.05,0.05,1,334,81,0.0,0.0,1,0,1
No Adaptive,2,158,train,strong,player_win,-10.0,5,50.0,1,Very Easy,0.05,0.05,1,336,81,0.0,0.0,1,0,1
No Adaptive,2,159,train,strong,player_win,-10.0,5,50.0,1,Very Easy,0.05,0.05,1,338,81,0.0,0.0,2,0,0
No Adaptive,2,160,train,strong,player_win,-10.0,5,50.0,1,Very Easy,0.05,0.05,1,340,81,0.0,0.0,1,0,1
No Adaptive,2,161,train,strong,player_win,-10.0,5,50.0,1,Very Easy,0.05,0.05,1,342,81,0.0,0.0,1,0,1
No Adaptive,2,162,train,strong,player_win,-10.0,5,50.0,1,Very Easy,0.05,0.05,1,344,81,0.0,0.0,1,0,1
No Adaptive,2,163,train,strong,player_win,-10.0,5,50.0,1,Very Easy,0.05,0.05,1,346,81,0.0,0.0,1,0,1
No Adaptive,2,164,train,strong,player_win,-10.0,5,50.0,1,Very Easy,0.05,0.05,1,348,82,0.0,0.0,1,0,1
No Adaptive,2,165,train,strong,player_win,-10.0,5,50.0,1,Very Easy,0.05,0.05,1,350,82,0.0,0.0,1,0,1
No Adaptive,2,166,train,strong,player_win,-10.0,5,50.0,1,Very Easy,0.05,0.05,1,352,83,0.0,0.0,1,0,1
No Adaptive,2,167,train,strong,player_win,-10.0,5,50.0,1,Very Easy,0.05,0.05,1,354,83,0.0,0.0,1,0,1
No Adaptive,2,168,train,strong,player_win,-10.0,7,50.0,1,Very Easy,0.05,0.05,1,357,83,0.0,0.0,2,0,1
No Adaptive,2,169,train,strong,player_win,-10.0,5,50.0,1,Very Easy,0.05,0.05,1,359,83,0.0,0.0,1,0,1
No Adaptive,2,170,train,strong,player_win,-10.0,7,50.0,1,Very Easy,0.05,0.05,1,362,83,0.0,0.0,2,1,0
No Adaptive,2,171,train,strong,player_win,-10.0,7,50.0,1,Very Easy,0.05,0.05,1,365,84,0.0,0.0,2,0,1
No Adaptive,2,172,train,strong,player_win,-10.0,5,50.0,1,Very Easy,0.05,0.05,1,367,85,0.0,0.0,1,0,1
No Adaptive,2,173,train,strong,player_win,-10.0,7,50.0,1,Very Easy,0.05,0.05,1,370,85,0.0,0.0,2,0,1
No Adaptive,2,174,train,strong,player_win,-10.0,5,50.0,1,Very Easy,0.05,0.05,1,372,85,0.0,0.0,1,0,1
No Adaptive,2,175,train,strong,player_win,-10.0,5,50.0,1,Very Easy,0.05,0.05,1,374,85,0.0,0.0,1,0,1
No Adaptive,2,176,train,strong,player_win,-10.0,5,50.0,1,Very Easy,0.05,0.05,1,376,85,0.0,0.0,1,0,1
No Adaptive,2,177,train,strong,player_win,-10.0,5,50.0,1,Very Easy,0.05,0.05,1,378,86,0.0,0.0,1,0,1
No Adaptive,2,178,train,strong,player_win,-10.0,5,50.0,1,Very Easy,0.05,0.05,1,380,86,0.0,0.0,1,0,1
No Adaptive,2,179,train,strong,player_win,-10.0,5,50.0,1,Very Easy,0.05,0.05,1,382,86,0.0,0.0,1,0,1
No Adaptive,2,180,train,strong,player_win,-10.0,5,50.0,1,Very Easy,0.05,0.05,1,384,87,0.0,0.0,1,0,1
No Adaptive,2,181,train,strong,player_win,-10.0,5,50.0,1,Very Easy,0.05,0.05,1,386,87,0.0,0.0,1,0,1
No Adaptive,2,182,train,strong,player_win,-10.0,5,50.0,1,Very Easy,0.05,0.05,1,388,87,0.0,0.0,1,0,1
No Adaptive,2,183,train,strong,player_win,-10.0,7,50.0,1,Very Easy,0.05,0.05,1,391,88,0.0,0.0,2,0,1
No Adaptive,2,184,train,strong,player_win,-10.0,5,50.0,1,Very Easy,0.05,0.05,1,393,89,0.0,0.0,1,0,1
No Adaptive,2,185,train,strong,player_win,-10.0,5,50.0,1,Very Easy,0.05,0.05,1,395,89,0.0,0.0,1,0,1
No Adaptive,2,186,train,strong,player_win,-10.0,5,50.0,1,Very Easy,0.05,0.05,1,397,89,0.0,0.0,1,0,1
No Adaptive,2,187,train,strong,player_win,-10.0,5,50.0,1,Very Easy,0.05,0.05,1,399,89,0.0,0.0,1,0,1
No Adaptive,2,188,train,strong,player_win,-10.0,5,50.0,1,Very Easy,0.05,0.05,1,401,89,0.0,0.0,1,0,1
No Adaptive,2,189,train,strong,player_win,-10.0,5,50.0,1,Very Easy,0.05,0.05,1,403,89,0.0,0.0,1,0,1
No Adaptive,2,190,train,strong,player_win,-10.0,5,50.0,1,Very Easy,0.05,0.05,1,405,89,0.0,0.0,1,0,1
No Adaptive,2,191,train,strong,player_win,-10.0,5,50.0,1,Very Easy,0.05,0.05,1,407,90,0.0,0.0,1,0,1
No Adaptive,2,192,train,strong,player_win,-10.0,5,50.0,1,Very Easy,0.05,0.05,1,409,90,0.0,0.0,1,0,1
No Adaptive,2,193,train,strong,player_win,-10.0,5,50.0,1,Very Easy,0.05,0.05,1,411,91,0.0,0.0,1,0,1
No Adaptive,2,194,train,strong,player_win,-10.0,5,50.0,1,Very Easy,0.05,0.05,1,413,91,0.0,0.0,1,0,1
No Adaptive,2,195,train,strong,player_win,-10.0,5,50.0,1,Very Easy,0.05,0.05,1,415,91,0.0,0.0,1,0,1
No Adaptive,2,196,train,strong,player_win,-10.0,5,50.0,1,Very Easy,0.05,0.05,1,417,91,0.0,0.0,1,0,1
No Adaptive,2,197,train,strong,player_win,-10.0,5,50.0,1,Very Easy,0.05,0.05,1,419,91,0.0,0.0,1,0,1
No Adaptive,2,198,train,strong,player_win,-10.0,7,50.0,1,Very Easy,0.05,0.05,1,422,92,0.0,0.0,2,1,0
No Adaptive,2,199,train,strong,player_win,-10.0,5,50.0,1,Very Easy,0.05,0.05,1,424,92,0.0,0.0,1,0,1
No Adaptive,2,200,train,strong,player_win,-10.0,5,50.0,1,Very Easy,0.05,0.05,1,426,92,0.0,0.0,1,0,1
No Adaptive,2,201,train,strong,player_win,-10.0,5,50.0,1,Very Easy,0.05,0.05,1,428,92,0.0,0.0,1,0,1
No Adaptive,2,202,train,strong,player_win,-10.0,5,50.0,1,Very Easy,0.05,0.05,1,430,92,0.0,0.0,2,0,0
No Adaptive,2,203,train,strong,player_win,-10.0,5,50.0,1,Very Easy,0.05,0.05,1,432,92,0.0,0.0,1,0,1
No Adaptive,2,204,train,strong,player_win,-10.0,5,50.0,1,Very Easy,0.05,0.05,1,434,92,0.0,0.0,1,0,1
No Adaptive,2,205,train,strong,player_win,-10.0,5,50.0,1,Very Easy,0.05,0.05,1,436,92,0.0,0.0,1,0,1
No Adaptive,2,206,train,strong,player_win,-10.0,7,50.0,1,Very Easy,0.05,0.05,1,439,92,0.0,0.0,2,0,1
No Adaptive,2,207,train,strong,player_win,-10.0,5,50.0,1,Very Easy,0.05,0.05,1,441,92,0.0,0.0,2,0,0
No Adaptive,2,208,train,strong,player_win,-10.0,7,50.0,1,Very Easy,0.05,0.05,1,444,92,0.0,0.0,2,0,1
No Adaptive,2,209,train,strong,player_win,-10.0,7,50.0,1,Very Easy,0.05,0.05,1,447,92,0.0,0.0,2,0,1
No Adaptive,2,210,train,strong,player_win,-10.0,5,50.0,1,Very Easy,0.05,0.05,1,449,92,0.0,0.0,1,0,1
No Adaptive,2,211,train,strong,player_win,-10.0,5,50.0,1,Very Easy,0.05,0.05,1,451,92,0.0,0.0,2,0,0
No Adaptive,2,212,train,strong,player_win,-10.0,5,50.0,1,Very Easy,0.05,0.05,1,453,92,0.0,0.0,1,0,1
No Adaptive,2,213,train,strong,player_win,-10.0,5,50.0,1,Very Easy,0.05,0.05,1,455,92,0.0,0.0,1,0,1
No Adaptive,2,214,train,strong,player_win,-10.0,5,50.0,1,Very Easy,0.05,0.05,1,457,92,0.0,0.0,1,0,1
No Adaptive,2,215,train,strong,player_win,-10.0,5,50.0,1,Very Easy,0.05,0.05,1,459,92,0.0,0.0,1,0,1
No Adaptive,2,216,train,strong,player_win,-10.0,5,50.0,1,Very Easy,0.05,0.05,1,461,92,0.0,0.0,1,0,1
No Adaptive,2,217,train,strong,player_win,-10.0,5,50.0,1,Very Easy,0.05,0.05,1,463,92,0.0,0.0,1,0,1
No Adaptive,2,218,train,strong,player_win,-10.0,5,50.0,1,Very Easy,0.05,0.05,1,465,92,0.0,0.0,1,0,1
No Adaptive,2,219,train,strong,player_win,-10.0,5,50.0,1,Very Easy,0.05,0.05,1,467,92,0.0,0.0,1,0,1
No Adaptive,2,220,train,strong,player_win,-10.0,7,50.0,1,Very Easy,0.05,0.05,1,470,92,0.0,0.0,2,0,1
No Adaptive,2,221,train,strong,player_win,-10.0,5,50.0,1,Very Easy,0.05,0.05,1,472,92,0.0,0.0,1,0,1
No Adaptive,2,222,train,strong,player_win,-10.0,5,50.0,1,Very Easy,0.05,0.05,1,474,92,0.0,0.0,1,0,1
No Adaptive,2,223,train,strong,player_win,-10.0,7,50.0,1,Very Easy,0.05,0.05,1,477,92,0.0,0.0,2,0,1
No Adaptive,2,224,train,strong,player_win,-10.0,7,50.0,1,Very Easy,0.05,0.05,1,480,92,0.0,0.0,2,0,1
No Adaptive,2,225,train,strong,player_win,-10.0,5,50.0,1,Very Easy,0.05,0.05,1,482,92,0.0,0.0,1,0,1
No Adaptive,2,226,train,strong,player_win,-10.0,5,50.0,1,Very Easy,0.05,0.05,1,484,92,0.0,0.0,1,1,0
No Adaptive,2,227,train,strong,player_win,-10.0,5,50.0,1,Very Easy,0.05,0.05,1,486,92,0.0,0.0,1,0,1
No Adaptive,2,228,train,strong,player_win,-10.0,5,50.0,1,Very Easy,0.05,0.05,1,488,92,0.0,0.0,1,0,1
No Adaptive,2,229,train,strong,player_win,-10.0,5,50.0,1,Very Easy,0.05,0.05,1,490,92,0.0,0.0,1,0,1
No Adaptive,2,230,train,strong,player_win,-10.0,5,50.0,1,Very Easy,0.05,0.05,1,492,92,0.0,0.0,1,0,1
No Adaptive,2,231,train,strong,player_win,-10.0,5,50.0,1,Very Easy,0.05,0.05,1,494,92,0.0,0.0,1,0,1
No Adaptive,2,232,train,strong,player_win,-10.0,5,50.0,1,Very Easy,0.05,0.05,1,496,92,0.0,0.0,1,0,1
No Adaptive,2,233,train,strong,player_win,-10.0,5,50.0,1,Very Easy,0.05,0.05,1,498,92,0.0,0.0,1,0,1
No Adaptive,2,234,train,strong,player_win,-10.0,5,50.0,1,Very Easy,0.05,0.05,1,500,92,0.0,0.0,1,0,1
No Adaptive,2,235,train,strong,player_win,-10.0,5,50.0,1,Very Easy,0.05,0.05,1,502,92,0.0,0.0,1,0,1
No Adaptive,2,236,train,strong,player_win,-10.0,5,50.0,1,Very Easy,0.05,0.05,1,504,92,0.0,0.0,1,0,1
No Adaptive,2,237,train,strong,player_win,-10.0,5,50.0,1,Very Easy,0.05,0.05,1,506,92,0.0,0.0,1,0,1
No Adaptive,2,238,train,strong,player_win,-10.0,7,50.0,1,Very Easy,0.05,0.05,1,509,92,0.0,0.0,2,0,1
No Adaptive,2,239,train,strong,player_win,-10.0,5,50.0,1,Very Easy,0.05,0.05,1,511,92,0.0,0.0,1,0,1
No Adaptive,2,240,train,strong,player_win,-10.0,5,50.0,1,Very Easy,0.05,0.05,1,513,92,0.0,0.0,1,0,1
No Adaptive,2,241,train,strong,player_win,-10.0,5,50.0,1,Very Easy,0.05,0.05,1,515,92,0.0,0.0,1,0,1
No Adaptive,2,242,train,strong,player_win,-10.0,5,50.0,1,Very Easy,0.05,0.05,1,517,92,0.0,0.0,1,0,1
No Adaptive,2,243,train,strong,player_win,-10.0,5,50.0,1,Very Easy,0.05,0.05,1,519,92,0.0,0.0,1,0,1
No Adaptive,2,244,train,strong,player_win,-10.0,5,50.0,1,Very Easy,0.05,0.05,1,521,93,0.0,0.0,1,0,1
No Adaptive,2,245,train,strong,player_win,-10.0,5,50.0,1,Very Easy,0.05,0.05,1,523,93,0.0,0.0,1,0,1
No Adaptive,2,246,train,strong,player_win,-10.0,5,50.0,1,Very Easy,0.05,0.05,1,525,93,0.0,0.0,1,0,1
No Adaptive,2,247,train,strong,player_win,-10.0,5,50.0,1,Very Easy,0.05,0.05,1,527,93,0.0,0.0,2,0,0
No Adaptive,2,248,train,strong,player_win,-10.0,5,50.0,1,Very Easy,0.05,0.05,1,529,93,0.0,0.0,1,0,1
No Adaptive,2,249,train,strong,player_win,-10.0,7,50.0,1,Very Easy,0.05,0.05,1,532,93,0.0,0.0,2,0,1
No Adaptive,2,250,train,strong,player_win,-10.0,5,50.0,1,Very Easy,0.05,0.05,1,534,93,0.0,0.0,1,0,1
No Adaptive,2,251,train,strong,player_win,-10.0,5,50.0,1,Very Easy,0.05,0.05,1,536,93,0.0,0.0,1,0,1
No Adaptive,2,252,train,strong,player_win,-10.0,5,50.0,1,Very Easy,0.05,0.05,1,538,93,0.0,0.0,1,0,1
No Adaptive,2,253,train,strong,player_win,-10.0,5,50.0,1,Very Easy,0.05,0.05,1,540,93,0.0,0.0,1,0,1
No Adaptive,2,254,train,strong,player_win,-10.0,5,50.0,1,Very Easy,0.05,0.05,1,542,93,0.0,0.0,1,0,1
No Adaptive,2,255,train,strong,player_win,-10.0,5,50.0,1,Very Easy,0.05,0.05,1,544,93,0.0,0.0,1,0,1
No Adaptive,2,256,train,strong,player_win,-10.0,5,50.0,1,Very Easy,0.05,0.05,1,546,93,0.0,0.0,1,0,1
No Adaptive,2,257,train,strong,player_win,-10.0,5,50.0,1,Very Easy,0.05,0.05,1,548,93,0.0,0.0,1,0,1
No Adaptive,2,258,train,strong,player_win,-10.0,5,50.0,1,Very Easy,0.05,0.05,1,550,93,0.0,0.0,1,0,1
No Adaptive,2,259,train,strong,player_win,-10.0,5,50.0,1,Very Easy,0.05,0.05,1,552,93,0.0,0.0,1,0,1
No Adaptive,2,260,train,strong,player_win,-10.0,5,50.0,1,Very Easy,0.05,0.05,1,554,93,0.0,0.0,1,0,1
No Adaptive,2,261,train,strong,player_win,-10.0,5,50.0,1,Very Easy,0.05,0.05,1,556,93,0.0,0.0,1,0,1
No Adaptive,2,262,train,strong,player_win,-10.0,5,50.0,1,Very Easy,0.05,0.05,1,558,93,0.0,0.0,1,0,1
No Adaptive,2,263,train,strong,player_win,-10.0,5,50.0,1,Very Easy,0.05,0.05,1,560,93,0.0,0.0,2,0,0
No Adaptive,2,264,train,strong,player_win,-10.0,5,50.0,1,Very Easy,0.05,0.05,1,562,93,0.0,0.0,2,0,0
No Adaptive,2,265,train,strong,player_win,-10.0,5,50.0,1,Very Easy,0.05,0.05,1,564,93,0.0,0.0,1,0,1
No Adaptive,2,266,train,strong,player_win,-10.0,5,50.0,1,Very Easy,0.05,0.05,1,566,93,0.0,0.0,1,0,1
No Adaptive,2,267,train,strong,player_win,-10.0,5,50.0,1,Very Easy,0.05,0.05,1,568,93,0.0,0.0,1,0,1
No Adaptive,2,268,train,strong,player_win,-10.0,5,50.0,1,Very Easy,0.05,0.05,1,570,94,0.0,0.0,1,0,1
No Adaptive,2,269,train,strong,player_win,-10.0,5,50.0,1,Very Easy,0.05,0.05,1,572,94,0.0,0.0,1,1,0
No Adaptive,2,270,train,strong,player_win,-10.0,5,50.0,1,Very Easy,0.05,0.05,1,574,94,0.0,0.0,1,0,1
No Adaptive,2,271,train,strong,player_win,-10.0,5,50.0,1,Very Easy,0.05,0.05,1,576,94,0.0,0.0,1,0,1
No Adaptive,2,272,train,strong,player_win,-10.0,5,50.0,1,Very Easy,0.05,0.05,1,578,94,0.0,0.0,1,0,1
No Adaptive,2,273,train,strong,player_win,-10.0,5,50.0,1,Very Easy,0.05,0.05,1,580,94,0.0,0.0,1,0,1
No Adaptive,2,274,train,strong,player_win,-10.0,5,50.0,1,Very Easy,0.05,0.05,1,582,94,0.0,0.0,1,0,1
No Adaptive,2,275,train,strong,player_win,-10.0,5,50.0,1,Very Easy,0.05,0.05,1,584,94,0.0,0.0,2,0,0
No Adaptive,2,276,train,strong,player_win,-10.0,5,50.0,1,Very Easy,0.05,0.05,1,586,94,0.0,0.0,1,0,1
No Adaptive,2,277,train,strong,player_win,-10.0,5,50.0,1,Very Easy,0.05,0.05,1,588,94,0.0,0.0,1,0,1
No Adaptive,2,278,train,strong,player_win,-10.0,5,50.0,1,Very Easy,0.05,0.05,1,590,94,0.0,0.0,1,0,1
No Adaptive,2,279,train,strong,player_win,-10.0,5,50.0,1,Very Easy,0.05,0.05,1,592,94,0.0,0.0,1,0,1
No Adaptive,2,280,train,strong,player_win,-10.0,7,50.0,1,Very Easy,0.05,0.05,1,595,94,0.0,0.0,2,0,1
No Adaptive,2,281,train,strong,player_win,-10.0,7,50.0,1,Very Easy,0.05,0.05,1,598,94,0.0,0.0,2,0,1
No Adaptive,2,282,train,strong,player_win,-10.0,5,50.0,1,Very Easy,0.05,0.05,1,600,94,0.0,0.0,2,0,0
No Adaptive,2,283,train,strong,player_win,-10.0,5,50.0,1,Very Easy,0.05,0.05,1,602,94,0.0,0.0,1,0,1
No Adaptive,2,284,train,strong,player_win,-10.0,7,50.0,1,Very Easy,0.05,0.05,1,605,94,0.0,0.0,2,0,1
No Adaptive,2,285,train,strong,player_win,-10.0,7,50.0,1,Very Easy,0.05,0.05,1,608,94,0.0,0.0,2,0,1
No Adaptive,2,286,train,strong,player_win,-10.0,5,50.0,1,Very Easy,0.05,0.05,1,610,94,0.0,0.0,1,0,1
No Adaptive,2,287,train,strong,player_win,-10.0,7,50.0,1,Very Easy,0.05,0.05,1,613,94,0.0,0.0,2,0,1
No Adaptive,2,288,train,strong,player_win,-10.0,5,50.0,1,Very Easy,0.05,0.05,1,615,94,0.0,0.0,1,0,1
No Adaptive,2,289,train,strong,player_win,-10.0,5,50.0,1,Very Easy,0.05,0.05,1,617,94,0.0,0.0,1,0,1
No Adaptive,2,290,train,strong,player_win,-10.0,5,50.0,1,Very Easy,0.05,0.05,1,619,94,0.0,0.0,1,0,1
No Adaptive,2,291,train,strong,player_win,-10.0,5,50.0,1,Very Easy,0.05,0.05,1,621,94,0.0,0.0,1,0,1
No Adaptive,2,292,train,strong,player_win,-10.0,5,50.0,1,Very Easy,0.05,0.05,1,623,94,0.0,0.0,1,0,1
No Adaptive,2,293,train,strong,player_win,-10.0,5,50.0,1,Very Easy,0.05,0.05,1,625,94,0.0,0.0,1,0,1
No Adaptive,2,294,train,strong,player_win,-10.0,5,50.0,1,Very Easy,0.05,0.05,1,627,94,0.0,0.0,1,0,1
No Adaptive,2,295,train,strong,player_win,-10.0,7,50.0,1,Very Easy,0.05,0.05,1,630,94,0.0,0.0,2,0,1
No Adaptive,2,296,train,strong,player_win,-10.0,5,50.0,1,Very Easy,0.05,0.05,1,632,94,0.0,0.0,1,0,1
No Adaptive,2,297,train,strong,player_win,-10.0,7,50.0,1,Very Easy,0.05,0.05,1,635,94,0.0,0.0,2,1,0
No Adaptive,2,298,train,strong,player_win,-10.0,5,50.0,1,Very Easy,0.05,0.05,1,637,94,0.0,0.0,1,0,1
No Adaptive,2,299,train,strong,player_win,-10.0,5,50.0,1,Very Easy,0.05,0.05,1,639,94,0.0,0.0,1,0,1
No Adaptive,2,300,train,strong,player_win,-10.0,5,50.0,1,Very Easy,0.05,0.05,1,641,94,0.0,0.0,1,0,1
No Adaptive,2,301,train,strong,player_win,-10.0,5,50.0,1,Very Easy,0.05,0.05,1,643,94,0.0,0.0,1,0,1
No Adaptive,2,302,train,strong,player_win,-10.0,5,50.0,1,Very Easy,0.05,0.05,1,645,94,0.0,0.0,1,0,1
No Adaptive,2,303,train,strong,player_win,-10.0,5,50.0,1,Very Easy,0.05,0.05,1,647,94,0.0,0.0,2,0,0
No Adaptive,2,304,train,strong,player_win,-10.0,5,50.0,1,Very Easy,0.05,0.05,1,649,95,0.0,0.0,1,1,0
No Adaptive,2,305,train,strong,player_win,-10.0,5,50.0,1,Very Easy,0.05,0.05,1,651,95,0.0,0.0,1,0,1
No Adaptive,2,306,train,strong,player_win,-10.0,5,50.0,1,Very Easy,0.05,0.05,1,653,95,0.0,0.0,1,0,1
No Adaptive,2,307,train,strong,player_win,-10.0,7,50.0,1,Very Easy,0.05,0.05,1,656,95,0.0,0.0,2,0,1
No Adaptive,2,308,train,strong,player_win,-10.0,5,50.0,1,Very Easy,0.05,0.05,1,658,95,0.0,0.0,1,0,1
No Adaptive,2,309,train,strong,player_win,-10.0,5,50.0,1,Very Easy,0.05,0.05,1,660,95,0.0,0.0,1,0,1
No Adaptive,2,310,train,strong,player_win,-10.0,5,50.0,1,Very Easy,0.05,0.05,1,662,95,0.0,0.0,1,0,1
No Adaptive,2,311,train,strong,player_win,-10.0,5,50.0,1,Very Easy,0.05,0.05,1,664,95,0.0,0.0,1,0,1
No Adaptive,2,312,train,strong,player_win,-10.0,5,50.0,1,Very Easy,0.05,0.05,1,666,95,0.0,0.0,1,0,1
No Adaptive,2,313,train,strong,player_win,-10.0,5,50.0,1,Very Easy,0.05,0.05,1,668,95,0.0,0.0,1,0,1
No Adaptive,2,314,train,strong,player_win,-10.0,5,50.0,1,Very Easy,0.05,0.05,1,670,95,0.0,0.0,1,0,1
No Adaptive,2,315,train,strong,player_win,-10.0,5,50.0,1,Very Easy,0.05,0.05,1,672,95,0.0,0.0,1,0,1
No Adaptive,2,316,train,strong,player_win,-10.0,5,50.0,1,Very Easy,0.05,0.05,1,674,95,0.0,0.0,1,0,1
No Adaptive,2,317,train,strong,player_win,-10.0,5,50.0,1,Very Easy,0.05,0.05,1,676,95,0.0,0.0,1,0,1
No Adaptive,2,318,train,strong,player_win,-10.0,5,50.0,1,Very Easy,0.05,0.05,1,678,95,0.0,0.0,1,0,1
No Adaptive,2,319,train,strong,player_win,-10.0,5,50.0,1,Very Easy,0.05,0.05,1,680,96,0.0,0.0,1,0,1
No Adaptive,2,320,train,strong,player_win,-10.0,5,50.0,1,Very Easy,0.05,0.05,1,682,97,0.0,0.0,1,1,0
No Adaptive,2,321,train,strong,player_win,-10.0,5,50.0,1,Very Easy,0.05,0.05,1,684,97,0.0,0.0,1,0,1
No Adaptive,2,322,train,strong,player_win,-10.0,5,50.0,1,Very Easy,0.05,0.05,1,686,97,0.0,0.0,1,0,1
No Adaptive,2,323,train,strong,player_win,-10.0,5,50.0,1,Very Easy,0.05,0.05,1,688,97,0.0,0.0,1,0,1
No Adaptive,2,324,train,strong,player_win,-10.0,5,50.0,1,Very Easy,0.05,0.05,1,690,97,0.0,0.0,1,0,1
No Adaptive,2,325,train,strong,player_win,-10.0,5,50.0,1,Very Easy,0.05,0.05,1,692,97,0.0,0.0,1,0,1
No Adaptive,2,326,train,strong,player_win,-10.0,5,50.0,1,Very Easy,0.05,0.05,1,694,97,0.0,0.0,1,0,1
No Adaptive,2,327,train,strong,player_win,-10.0,5,50.0,1,Very Easy,0.05,0.05,1,696,97,0.0,0.0,1,0,1
No Adaptive,2,328,train,strong,player_win,-10.0,5,50.0,1,Very Easy,0.05,0.05,1,698,97,0.0,0.0,1,0,1
No Adaptive,2,329,train,strong,player_win,-10.0,5,50.0,1,Very Easy,0.05,0.05,1,700,97,0.0,0.0,1,0,1
No Adaptive,2,330,train,strong,player_win,-10.0,5,50.0,1,Very Easy,0.05,0.05,1,702,97,0.0,0.0,2,0,0
No Adaptive,2,331,train,strong,player_win,-10.0,5,50.0,1,Very Easy,0.05,0.05,1,704,97,0.0,0.0,1,0,1
No Adaptive,2,332,train,strong,player_win,-10.0,5,50.0,1,Very Easy,0.05,0.05,1,706,97,0.0,0.0,1,0,1
No Adaptive,2,333,train,strong,player_win,-10.0,5,50.0,1,Very Easy,0.05,0.05,1,708,97,0.0,0.0,1,0,1
No Adaptive,2,334,train,strong,player_win,-10.0,5,50.0,1,Very Easy,0.05,0.05,1,710,97,0.0,0.0,1,0,1
No Adaptive,2,335,train,strong,player_win,-10.0,5,50.0,1,Very Easy,0.05,0.05,1,712,98,0.0,0.0,1,0,1
No Adaptive,2,336,train,strong,player_win,-10.0,5,50.0,1,Very Easy,0.05,0.05,1,714,98,0.0,0.0,1,0,1
No Adaptive,2,337,train,strong,player_win,-10.0,7,50.0,1,Very Easy,0.05,0.05,1,717,98,0.0,0.0,2,1,0
No Adaptive,2,338,train,strong,player_win,-10.0,5,50.0,1,Very Easy,0.05,0.05,1,719,98,0.0,0.0,1,0,1
No Adaptive,2,339,train,strong,player_win,-10.0,5,50.0,1,Very Easy,0.05,0.05,1,721,98,0.0,0.0,1,1,0
No Adaptive,2,340,train,strong,player_win,-10.0,5,50.0,1,Very Easy,0.05,0.05,1,723,98,0.0,0.0,1,0,1
No Adaptive,2,341,train,strong,player_win,-10.0,5,50.0,1,Very Easy,0.05,0.05,1,725,98,0.0,0.0,1,0,1
No Adaptive,2,342,train,strong,player_win,-10.0,5,50.0,1,Very Easy,0.05,0.05,1,727,98,0.0,0.0,1,0,1
No Adaptive,2,343,train,strong,player_win,-10.0,5,50.0,1,Very Easy,0.05,0.05,1,729,98,0.0,0.0,1,0,1
No Adaptive,2,344,train,strong,player_win,-10.0,5,50.0,1,Very Easy,0.05,0.05,1,731,98,0.0,0.0,2,0,0
No Adaptive,2,345,train,strong,player_win,-10.0,5,50.0,1,Very Easy,0.05,0.05,1,733,98,0.0,0.0,1,0,1
No Adaptive,2,346,train,strong,player_win,-10.0,7,50.0,1,Very Easy,0.05,0.05,1,736,98,0.0,0.0,2,0,1
No Adaptive,2,347,train,strong,player_win,-10.0,5,50.0,1,Very Easy,0.05,0.05,1,738,98,0.0,0.0,1,0,1
No Adaptive,2,348,train,strong,player_win,-10.0,5,50.0,1,Very Easy,0.05,0.05,1,740,98,0.0,0.0,1,0,1
No Adaptive,2,349,train,strong,player_win,-10.0,5,50.0,1,Very Easy,0.05,0.05,1,742,98,0.0,0.0,1,0,1
No Adaptive,2,350,train,strong,player_win,-10.0,5,50.0,1,Very Easy,0.05,0.05,1,744,98,0.0,0.0,1,1,0
No Adaptive,2,351,train,strong,player_win,-10.0,5,50.0,1,Very Easy,0.05,0.05,1,746,98,0.0,0.0,1,0,1
No Adaptive,2,352,train,strong,player_win,-10.0,5,50.0,1,Very Easy,0.05,0.05,1,748,98,0.0,0.0,1,1,0
No Adaptive,2,353,train,strong,player_win,-10.0,7,50.0,1,Very Easy,0.05,0.05,1,751,98,0.0,0.0,2,0,1
No Adaptive,2,354,train,strong,player_win,-10.0,5,50.0,1,Very Easy,0.05,0.05,1,753,98,0.0,0.0,1,0,1
No Adaptive,2,355,train,strong,player_win,-10.0,5,50.0,1,Very Easy,0.05,0.05,1,755,98,0.0,0.0,1,0,1
No Adaptive,2,356,train,strong,player_win,-10.0,5,50.0,1,Very Easy,0.05,0.05,1,757,98,0.0,0.0,1,0,1
No Adaptive,2,357,train,strong,player_win,-10.0,5,50.0,1,Very Easy,0.05,0.05,1,759,98,0.0,0.0,1,0,1
No Adaptive,2,358,train,strong,player_win,-10.0,5,50.0,1,Very Easy,0.05,0.05,1,761,98,0.0,0.0,2,0,0
No Adaptive,2,359,train,strong,player_win,-10.0,5,50.0,1,Very Easy,0.05,0.05,1,763,98,0.0,0.0,1,0,1
No Adaptive,2,360,train,strong,player_win,-10.0,5,50.0,1,Very Easy,0.05,0.05,1,765,98,0.0,0.0,1,0,1
No Adaptive,2,361,train,strong,player_win,-10.0,5,50.0,1,Very Easy,0.05,0.05,1,767,98,0.0,0.0,1,0,1
No Adaptive,2,362,train,strong,player_win,-10.0,5,50.0,1,Very Easy,0.05,0.05,1,769,98,0.0,0.0,1,0,1
No Adaptive,2,363,train,strong,player_win,-10.0,5,50.0,1,Very Easy,0.05,0.05,1,771,98,0.0,0.0,2,0,0
No Adaptive,2,364,train,strong,player_win,-10.0,5,50.0,1,Very Easy,0.05,0.05,1,773,98,0.0,0.0,1,0,1
No Adaptive,2,365,train,strong,player_win,-10.0,5,50.0,1,Very Easy,0.05,0.05,1,775,98,0.0,0.0,1,0,1
No Adaptive,2,366,train,strong,player_win,-10.0,5,50.0,1,Very Easy,0.05,0.05,1,777,98,0.0,0.0,1,0,1
No Adaptive,2,367,train,strong,player_win,-10.0,7,50.0,1,Very Easy,0.05,0.05,1,780,98,0.0,0.0,2,0,1
No Adaptive,2,368,train,strong,player_win,-10.0,5,50.0,1,Very Easy,0.05,0.05,1,782,98,0.0,0.0,1,0,1
No Adaptive,2,369,train,strong,player_win,-10.0,5,50.0,1,Very Easy,0.05,0.05,1,784,98,0.0,0.0,1,0,1
No Adaptive,2,370,train,strong,player_win,-10.0,5,50.0,1,Very Easy,0.05,0.05,1,786,98,0.0,0.0,1,0,1
No Adaptive,2,371,train,strong,player_win,-10.0,5,50.0,1,Very Easy,0.05,0.05,1,788,98,0.0,0.0,1,0,1
No Adaptive,2,372,train,strong,player_win,-10.0,5,50.0,1,Very Easy,0.05,0.05,1,790,98,0.0,0.0,1,0,1
No Adaptive,2,373,train,strong,player_win,-10.0,5,50.0,1,Very Easy,0.05,0.05,1,792,98,0.0,0.0,1,0,1
No Adaptive,2,374,train,strong,player_win,-10.0,5,50.0,1,Very Easy,0.05,0.05,1,794,98,0.0,0.0,1,0,1
No Adaptive,2,375,train,strong,player_win,-10.0,5,50.0,1,Very Easy,0.05,0.05,1,796,98,0.0,0.0,1,0,1
No Adaptive,2,376,train,strong,player_win,-10.0,7,50.0,1,Very Easy,0.05,0.05,1,799,98,0.0,0.0,2,0,1
No Adaptive,2,377,train,strong,player_win,-10.0,5,50.0,1,Very Easy,0.05,0.05,1,801,98,0.0,0.0,1,0,1
No Adaptive,2,378,train,strong,player_win,-10.0,5,50.0,1,Very Easy,0.05,0.05,1,803,98,0.0,0.0,1,0,1
No Adaptive,2,379,train,strong,player_win,-10.0,5,50.0,1,Very Easy,0.05,0.05,1,805,98,0.0,0.0,1,0,1
No Adaptive,2,380,train,strong,player_win,-10.0,5,50.0,1,Very Easy,0.05,0.05,1,807,98,0.0,0.0,1,0,1
No Adaptive,2,381,train,strong,player_win,-10.0,5,50.0,1,Very Easy,0.05,0.05,1,809,99,0.0,0.0,1,0,1
No Adaptive,2,382,train,strong,player_win,-10.0,5,50.0,1,Very Easy,0.05,0.05,1,811,99,0.0,0.0,1,0,1
No Adaptive,2,383,train,strong,player_win,-10.0,5,50.0,1,Very Easy,0.05,0.05,1,813,99,0.0,0.0,1,0,1
No Adaptive,2,384,train,strong,player_win,-10.0,5,50.0,1,Very Easy,0.05,0.05,1,815,99,0.0,0.0,1,0,1
No Adaptive,2,385,train,strong,player_win,-10.0,5,50.0,1,Very Easy,0.05,0.05,1,817,99,0.0,0.0,1,0,1
No Adaptive,2,386,train,strong,player_win,-10.0,7,50.0,1,Very Easy,0.05,0.05,1,820,99,0.0,0.0,2,0,1
No Adaptive,2,387,train,strong,player_win,-10.0,5,50.0,1,Very Easy,0.05,0.05,1,822,99,0.0,0.0,1,0,1
No Adaptive,2,388,train,strong,player_win,-10.0,5,50.0,1,Very Easy,0.05,0.05,1,824,99,0.0,0.0,1,0,1
No Adaptive,2,389,train,strong,player_win,-10.0,5,50.0,1,Very Easy,0.05,0.05,1,826,99,0.0,0.0,1,0,1
No Adaptive,2,390,train,strong,player_win,-10.0,5,50.0,1,Very Easy,0.05,0.05,1,828,99,0.0,0.0,1,0,1
No Adaptive,2,391,train,strong,player_win,-10.0,7,50.0,1,Very Easy,0.05,0.05,1,831,99,0.0,0.0,2,0,1
No Adaptive,2,392,train,strong,player_win,-10.0,5,50.0,1,Very Easy,0.05,0.05,1,833,99,0.0,0.0,1,0,1
No Adaptive,2,393,train,strong,player_win,-10.0,7,50.0,1,Very Easy,0.05,0.05,1,836,99,0.0,0.0,2,0,1
No Adaptive,2,394,train,strong,player_win,-10.0,5,50.0,1,Very Easy,0.05,0.05,1,838,99,0.0,0.0,1,0,1
No Adaptive,2,395,train,strong,player_win,-10.0,5,50.0,1,Very Easy,0.05,0.05,1,840,99,0.0,0.0,1,0,1
No Adaptive,2,396,train,strong,player_win,-10.0,5,50.0,1,Very Easy,0.05,0.05,1,842,99,0.0,0.0,1,0,1
No Adaptive,2,397,train,strong,player_win,-10.0,5,50.0,1,Very Easy,0.05,0.05,1,844,99,0.0,0.0,1,0,1
No Adaptive,2,398,train,strong,player_win,-10.0,5,50.0,1,Very Easy,0.05,0.05,1,846,99,0.0,0.0,1,0,1
No Adaptive,2,399,train,strong,player_win,-10.0,7,50.0,1,Very Easy,0.05,0.05,1,849,99,0.0,0.0,2,0,1
No Adaptive,2,400,train,strong,player_win,-10.0,5,50.0,1,Very Easy,0.05,0.05,1,851,99,0.0,0.0,2,0,0
No Adaptive,2,401,train,strong,player_win,-10.0,5,50.0,1,Very Easy,0.05,0.05,1,853,99,0.0,0.0,1,0,1
No Adaptive,2,402,train,strong,player_win,-10.0,5,50.0,1,Very Easy,0.05,0.05,1,855,99,0.0,0.0,1,0,1
No Adaptive,2,403,train,strong,player_win,-10.0,5,50.0,1,Very Easy,0.05,0.05,1,857,99,0.0,0.0,1,0,1
No Adaptive,2,404,train,strong,player_win,-10.0,7,50.0,1,Very Easy,0.05,0.05,1,860,99,0.0,0.0,2,0,1
No Adaptive,2,405,train,strong,player_win,-10.0,5,50.0,1,Very Easy,0.05,0.05,1,862,99,0.0,0.0,1,0,1
No Adaptive,2,406,train,strong,player_win,-10.0,5,50.0,1,Very Easy,0.05,0.05,1,864,99,0.0,0.0,1,0,1
No Adaptive,2,407,train,strong,player_win,-10.0,7,50.0,1,Very Easy,0.05,0.05,1,867,99,0.0,0.0,2,0,1
No Adaptive,2,408,train,strong,player_win,-10.0,5,50.0,1,Very Easy,0.05,0.05,1,869,99,0.0,0.0,1,0,1
No Adaptive,2,409,train,strong,player_win,-10.0,5,50.0,1,Very Easy,0.05,0.05,1,871,99,0.0,0.0,1,0,1
No Adaptive,2,410,train,strong,player_win,-10.0,5,50.0,1,Very Easy,0.05,0.05,1,873,99,0.0,0.0,1,1,0
No Adaptive,2,411,train,strong,player_win,-10.0,5,50.0,1,Very Easy,0.05,0.05,1,875,99,0.0,0.0,1,0,1
No Adaptive,2,412,train,strong,player_win,-10.0,5,50.0,1,Very Easy,0.05,0.05,1,877,99,0.0,0.0,1,0,1
No Adaptive,2,413,train,strong,player_win,-10.0,5,50.0,1,Very Easy,0.05,0.05,1,879,99,0.0,0.0,1,0,1
No Adaptive,2,414,train,strong,player_win,-10.0,5,50.0,1,Very Easy,0.05,0.05,1,881,99,0.0,0.0,1,1,0
No Adaptive,2,415,train,strong,player_win,-10.0,7,50.0,1,Very Easy,0.05,0.05,1,884,99,0.0,0.0,2,0,1
No Adaptive,2,416,train,strong,player_win,-10.0,7,50.0,1,Very Easy,0.05,0.05,1,887,99,0.0,0.0,2,0,1
No Adaptive,2,417,train,strong,player_win,-10.0,5,50.0,1,Very Easy,0.05,0.05,1,889,99,0.0,0.0,1,0,1
No Adaptive,2,418,train,strong,player_win,-10.0,5,50.0,1,Very Easy,0.05,0.05,1,891,99,0.0,0.0,1,0,1
No Adaptive,2,419,train,strong,player_win,-10.0,5,50.0,1,Very Easy,0.05,0.05,1,893,99,0.0,0.0,1,0,1
No Adaptive,2,420,train,strong,player_win,-10.0,5,50.0,1,Very Easy,0.05,0.05,1,895,99,0.0,0.0,1,0,1
No Adaptive,2,421,train,strong,player_win,-10.0,5,50.0,1,Very Easy,0.05,0.05,1,897,99,0.0,0.0,1,0,1
No Adaptive,2,422,train,strong,player_win,-10.0,7,50.0,1,Very Easy,0.05,0.05,1,900,99,0.0,0.0,2,0,1
No Adaptive,2,423,train,strong,player_win,-10.0,5,50.0,1,Very Easy,0.05,0.05,1,902,99,0.0,0.0,1,0,1
No Adaptive,2,424,train,strong,player_win,-10.0,5,50.0,1,Very Easy,0.05,0.05,1,904,99,0.0,0.0,2,0,0
No Adaptive,2,425,train,strong,player_win,-10.0,7,50.0,1,Very Easy,0.05,0.05,1,907,99,0.0,0.0,2,0,1
No Adaptive,2,426,train,strong,player_win,-10.0,7,50.0,1,Very Easy,0.05,0.05,1,910,99,0.0,0.0,2,0,1
No Adaptive,2,427,train,strong,player_win,-10.0,5,50.0,1,Very Easy,0.05,0.05,1,912,99,0.0,0.0,1,0,1
No Adaptive,2,428,train,strong,player_win,-10.0,7,50.0,1,Very Easy,0.05,0.05,1,915,99,0.0,0.0,2,0,1
No Adaptive,2,429,train,strong,player_win,-10.0,5,50.0,1,Very Easy,0.05,0.05,1,917,99,0.0,0.0,1,0,1
No Adaptive,2,430,train,strong,player_win,-10.0,5,50.0,1,Very Easy,0.05,0.05,1,919,99,0.0,0.0,1,0,1
No Adaptive,2,431,train,strong,player_win,-10.0,5,50.0,1,Very Easy,0.05,0.05,1,921,99,0.0,0.0,1,0,1
No Adaptive,2,432,train,strong,player_win,-10.0,5,50.0,1,Very Easy,0.05,0.05,1,923,99,0.0,0.0,1,0,1
No Adaptive,2,433,train,strong,player_win,-10.0,7,50.0,1,Very Easy,0.05,0.05,1,926,99,0.0,0.0,2,1,0
No Adaptive,2,434,train,strong,player_win,-10.0,5,50.0,1,Very Easy,0.05,0.05,1,928,99,0.0,0.0,1,0,1
No Adaptive,2,435,train,strong,player_win,-10.0,5,50.0,1,Very Easy,0.05,0.05,1,930,99,0.0,0.0,1,0,1
No Adaptive,2,436,train,strong,player_win,-10.0,5,50.0,1,Very Easy,0.05,0.05,1,932,99,0.0,0.0,1,0,1
No Adaptive,2,437,train,strong,player_win,-10.0,5,50.0,1,Very Easy,0.05,0.05,1,934,99,0.0,0.0,1,0,1
No Adaptive,2,438,train,strong,player_win,-10.0,5,50.0,1,Very Easy,0.05,0.05,1,936,99,0.0,0.0,1,0,1
No Adaptive,2,439,train,strong,player_win,-10.0,5,50.0,1,Very Easy,0.05,0.05,1,938,99,0.0,0.0,1,0,1
No Adaptive,2,440,train,strong,player_win,-10.0,5,50.0,1,Very Easy,0.05,0.05,1,940,99,0.0,0.0,1,0,1
No Adaptive,2,441,train,strong,player_win,-10.0,5,50.0,1,Very Easy,0.05,0.05,1,942,99,0.0,0.0,2,0,0
No Adaptive,2,442,train,strong,player_win,-10.0,5,50.0,1,Very Easy,0.05,0.05,1,944,99,0.0,0.0,1,0,1
No Adaptive,2,443,train,strong,player_win,-10.0,5,50.0,1,Very Easy,0.05,0.05,1,946,99,0.0,0.0,1,0,1
No Adaptive,2,444,train,strong,player_win,-10.0,5,50.0,1,Very Easy,0.05,0.05,1,948,99,0.0,0.0,1,0,1
No Adaptive,2,445,train,strong,player_win,-10.0,5,50.0,1,Very Easy,0.05,0.05,1,950,99,0.0,0.0,1,0,1
No Adaptive,2,446,train,strong,player_win,-10.0,5,50.0,1,Very Easy,0.05,0.05,1,952,99,0.0,0.0,1,0,1
No Adaptive,2,447,train,strong,player_win,-10.0,5,50.0,1,Very Easy,0.05,0.05,1,954,99,0.0,0.0,1,0,1
No Adaptive,2,448,train,strong,player_win,-10.0,5,50.0,1,Very Easy,0.05,0.05,1,956,99,0.0,0.0,1,0,1
No Adaptive,2,449,train,strong,player_win,-10.0,5,50.0,1,Very Easy,0.05,0.05,1,958,99,0.0,0.0,1,0,1
No Adaptive,2,450,train,strong,player_win,-10.0,5,50.0,1,Very Easy,0.05,0.05,1,960,99,0.0,0.0,1,0,1
No Adaptive,2,451,train,strong,player_win,-10.0,5,50.0,1,Very Easy,0.05,0.05,1,962,99,0.0,0.0,1,0,1
No Adaptive,2,452,train,strong,player_win,-10.0,5,50.0,1,Very Easy,0.05,0.05,1,964,99,0.0,0.0,1,0,1
No Adaptive,2,453,train,strong,player_win,-10.0,5,50.0,1,Very Easy,0.05,0.05,1,966,99,0.0,0.0,1,0,1
No Adaptive,2,454,train,strong,player_win,-10.0,5,50.0,1,Very Easy,0.05,0.05,1,968,99,0.0,0.0,1,0,1
No Adaptive,2,455,train,strong,player_win,-10.0,7,50.0,1,Very Easy,0.05,0.05,1,971,99,0.0,0.0,2,0,1
No Adaptive,2,456,train,strong,player_win,-10.0,7,50.0,1,Very Easy,0.05,0.05,1,974,99,0.0,0.0,2,0,1
No Adaptive,2,457,train,strong,player_win,-10.0,5,50.0,1,Very Easy,0.05,0.05,1,976,99,0.0,0.0,2,0,0
No Adaptive,2,458,train,strong,player_win,-10.0,5,50.0,1,Very Easy,0.05,0.05,1,978,99,0.0,0.0,2,0,0
No Adaptive,2,459,train,strong,player_win,-10.0,5,50.0,1,Very Easy,0.05,0.05,1,980,99,0.0,0.0,1,0,1
No Adaptive,2,460,train,strong,player_win,-10.0,5,50.0,1,Very Easy,0.05,0.05,1,982,99,0.0,0.0,1,0,1
No Adaptive,2,461,train,strong,player_win,-10.0,5,50.0,1,Very Easy,0.05,0.05,1,984,99,0.0,0.0,1,0,1
No Adaptive,2,462,train,strong,player_win,-10.0,5,50.0,1,Very Easy,0.05,0.05,1,986,99,0.0,0.0,1,0,1
No Adaptive,2,463,train,strong,player_win,-10.0,5,50.0,1,Very Easy,0.05,0.05,1,988,99,0.0,0.0,1,0,1
No Adaptive,2,464,train,strong,player_win,-10.0,7,50.0,1,Very Easy,0.05,0.05,1,991,99,0.0,0.0,2,0,1
No Adaptive,2,465,train,strong,player_win,-10.0,7,50.0,1,Very Easy,0.05,0.05,1,994,99,0.0,0.0,2,0,1
No Adaptive,2,466,train,strong,player_win,-10.0,7,50.0,1,Very Easy,0.05,0.05,1,997,99,0.0,0.0,2,0,1
No Adaptive,2,467,train,strong,player_win,-10.0,5,50.0,1,Very Easy,0.05,0.05,1,999,99,0.0,0.0,1,0,1
No Adaptive,2,468,train,strong,player_win,-10.0,7,50.0,1,Very Easy,0.05,0.05,1,1002,99,0.0,0.0,2,0,1
No Adaptive,2,469,train,strong,player_win,-10.0,5,50.0,1,Very Easy,0.05,0.05,1,1004,99,0.0,0.0,1,0,1
No Adaptive,2,470,train,strong,player_win,-10.0,5,50.0,1,Very Easy,0.05,0.05,1,1006,99,0.0,0.0,1,0,1
No Adaptive,2,471,train,strong,player_win,-10.0,7,50.0,1,Very Easy,0.05,0.05,1,1009,99,0.0,0.0,2,0,1
No Adaptive,2,472,train,strong,player_win,-10.0,5,50.0,1,Very Easy,0.05,0.05,1,1011,99,0.0,0.0,1,0,1
No Adaptive,2,473,train,strong,player_win,-10.0,7,50.0,1,Very Easy,0.05,0.05,1,1014,99,0.0,0.0,2,0,1
No Adaptive,2,474,train,strong,player_win,-10.0,5,50.0,1,Very Easy,0.05,0.05,1,1016,99,0.0,0.0,1,0,1
No Adaptive,2,475,train,strong,player_win,-10.0,5,50.0,1,Very Easy,0.05,0.05,1,1018,99,0.0,0.0,1,0,1
No Adaptive,2,476,train,strong,player_win,-10.0,5,50.0,1,Very Easy,0.05,0.05,1,1020,99,0.0,0.0,1,0,1
No Adaptive,2,477,train,strong,player_win,-10.0,5,50.0,1,Very Easy,0.05,0.05,1,1022,99,0.0,0.0,1,0,1
No Adaptive,2,478,train,strong,player_win,-10.0,5,50.0,1,Very Easy,0.05,0.05,1,1024,99,0.0,0.0,1,1,0
No Adaptive,2,479,train,strong,player_win,-10.0,7,50.0,1,Very Easy,0.05,0.05,1,1027,99,0.0,0.0,2,0,1
No Adaptive,2,480,train,strong,player_win,-10.0,5,50.0,1,Very Easy,0.05,0.05,1,1029,99,0.0,0.0,1,0,1
No Adaptive,2,481,train,strong,player_win,-10.0,5,50.0,1,Very Easy,0.05,0.05,1,1031,99,0.0,0.0,1,0,1
No Adaptive,2,482,train,strong,player_win,-10.0,5,50.0,1,Very Easy,0.05,0.05,1,1033,99,0.0,0.0,1,0,1
No Adaptive,2,483,train,strong,player_win,-10.0,7,50.0,1,Very Easy,0.05,0.05,1,1036,99,0.0,0.0,2,0,1
No Adaptive,2,484,train,strong,player_win,-10.0,5,50.0,1,Very Easy,0.05,0.05,1,1038,99,0.0,0.0,1,0,1
No Adaptive,2,485,train,strong,player_win,-10.0,5,50.0,1,Very Easy,0.05,0.05,1,1040,99,0.0,0.0,1,0,1
No Adaptive,2,486,train,strong,player_win,-10.0,5,50.0,1,Very Easy,0.05,0.05,1,1042,99,0.0,0.0,1,1,0
No Adaptive,2,487,train,strong,player_win,-10.0,5,50.0,1,Very Easy,0.05,0.05,1,1044,99,0.0,0.0,1,0,1
No Adaptive,2,488,train,strong,player_win,-10.0,5,50.0,1,Very Easy,0.05,0.05,1,1046,99,0.0,0.0,1,1,0
No Adaptive,2,489,train,strong,player_win,-10.0,5,50.0,1,Very Easy,0.05,0.05,1,1048,99,0.0,0.0,1,0,1
No Adaptive,2,490,train,strong,player_win,-10.0,5,50.0,1,Very Easy,0.05,0.05,1,1050,99,0.0,0.0,1,0,1
No Adaptive,2,491,train,strong,player_win,-10.0,5,50.0,1,Very Easy,0.05,0.05,1,1052,99,0.0,0.0,1,0,1
No Adaptive,2,492,train,strong,player_win,-10.0,5,50.0,1,Very Easy,0.05,0.05,1,1054,99,0.0,0.0,1,0,1
No Adaptive,2,493,train,strong,player_win,-10.0,5,50.0,1,Very Easy,0.05,0.05,1,1056,99,0.0,0.0,1,1,0
No Adaptive,2,494,train,strong,player_win,-10.0,5,50.0,1,Very Easy,0.05,0.05,1,1058,99,0.0,0.0,1,0,1
No Adaptive,2,495,train,strong,player_win,-10.0,5,50.0,1,Very Easy,0.05,0.05,1,1060,99,0.0,0.0,1,0,1
No Adaptive,2,496,train,strong,player_win,-10.0,5,50.0,1,Very Easy,0.05,0.05,1,1062,99,0.0,0.0,1,0,1
No Adaptive,2,497,train,strong,player_win,-10.0,5,50.0,1,Very Easy,0.05,0.05,1,1064,99,0.0,0.0,1,0,1
No Adaptive,2,498,train,strong,player_win,-10.0,5,50.0,1,Very Easy,0.05,0.05,1,1066,99,0.0,0.0,1,0,1
No Adaptive,2,499,train,strong,player_win,-10.0,5,50.0,1,Very Easy,0.05,0.05,1,1068,99,0.0,0.0,1,0,1
No Adaptive,2,500,train,strong,player_win,-10.0,5,50.0,1,Very Easy,0.05,0.05,1,1070,99,0.0,0.0,1,0,1
No Adaptive,2,501,train,strong,player_win,-10.0,5,50.0,1,Very Easy,0.05,0.05,1,1072,99,0.0,0.0,1,0,1
No Adaptive,2,502,train,strong,player_win,-10.0,5,50.0,1,Very Easy,0.05,0.05,1,1074,99,0.0,0.0,1,0,1
No Adaptive,2,503,train,strong,player_win,-10.0,5,50.0,1,Very Easy,0.05,0.05,1,1076,99,0.0,0.0,1,0,1
No Adaptive,2,504,train,strong,player_win,-10.0,5,50.0,1,Very Easy,0.05,0.05,1,1078,99,0.0,0.0,1,0,1
No Adaptive,2,505,train,strong,player_win,-10.0,5,50.0,1,Very Easy,0.05,0.05,1,1080,99,0.0,0.0,1,0,1
No Adaptive,2,506,train,strong,player_win,-10.0,5,50.0,1,Very Easy,0.05,0.05,1,1082,99,0.0,0.0,1,0,1
No Adaptive,2,507,train,strong,player_win,-10.0,5,50.0,1,Very Easy,0.05,0.05,1,1084,99,0.0,0.0,1,0,1
No Adaptive,2,508,train,strong,player_win,-10.0,5,50.0,1,Very Easy,0.05,0.05,1,1086,99,0.0,0.0,1,0,1
No Adaptive,2,509,train,strong,player_win,-10.0,5,50.0,1,Very Easy,0.05,0.05,1,1088,99,0.0,0.0,2,0,0
No Adaptive,2,510,train,strong,player_win,-10.0,5,50.0,1,Very Easy,0.05,0.05,1,1090,99,0.0,0.0,1,0,1
No Adaptive,2,511,train,strong,player_win,-10.0,5,50.0,1,Very Easy,0.05,0.05,1,1092,99,0.0,0.0,1,0,1
No Adaptive,2,512,train,strong,player_win,-10.0,5,50.0,1,Very Easy,0.05,0.05,1,1094,99,0.0,0.0,1,0,1
No Adaptive,2,513,train,strong,player_win,-10.0,5,50.0,1,Very Easy,0.05,0.05,1,1096,99,0.0,0.0,1,0,1
No Adaptive,2,514,train,strong,player_win,-10.0,5,50.0,1,Very Easy,0.05,0.05,1,1098,99,0.0,0.0,1,0,1
No Adaptive,2,515,train,strong,player_win,-10.0,5,50.0,1,Very Easy,0.05,0.05,1,1100,99,0.0,0.0,1,0,1
No Adaptive,2,516,train,strong,player_win,-10.0,5,50.0,1,Very Easy,0.05,0.05,1,1102,99,0.0,0.0,1,0,1
No Adaptive,2,517,train,strong,player_win,-10.0,5,50.0,1,Very Easy,0.05,0.05,1,1104,99,0.0,0.0,1,0,1
No Adaptive,2,518,train,strong,player_win,-10.0,5,50.0,1,Very Easy,0.05,0.05,1,1106,99,0.0,0.0,1,0,1
No Adaptive,2,519,train,strong,player_win,-10.0,7,50.0,1,Very Easy,0.05,0.05,1,1109,99,0.0,0.0,2,0,1
No Adaptive,2,520,train,strong,player_win,-10.0,7,50.0,1,Very Easy,0.05,0.05,1,1112,99,0.0,0.0,2,0,1
No Adaptive,2,521,train,strong,player_win,-10.0,5,50.0,1,Very Easy,0.05,0.05,1,1114,99,0.0,0.0,1,0,1
No Adaptive,2,522,train,strong,player_win,-10.0,5,50.0,1,Very Easy,0.05,0.05,1,1116,99,0.0,0.0,1,0,1
No Adaptive,2,523,train,strong,player_win,-10.0,5,50.0,1,Very Easy,0.05,0.05,1,1118,99,0.0,0.0,1,0,1
No Adaptive,2,524,train,strong,player_win,-10.0,5,50.0,1,Very Easy,0.05,0.05,1,1120,99,0.0,0.0,1,0,1
No Adaptive,2,525,train,strong,player_win,-10.0,5,50.0,1,Very Easy,0.05,0.05,1,1122,99,0.0,0.0,1,0,1
No Adaptive,2,526,train,strong,player_win,-10.0,5,50.0,1,Very Easy,0.05,0.05,1,1124,99,0.0,0.0,1,0,1
No Adaptive,2,527,train,strong,player_win,-10.0,7,50.0,1,Very Easy,0.05,0.05,1,1127,99,0.0,0.0,2,0,1
No Adaptive,2,528,train,strong,player_win,-10.0,5,50.0,1,Very Easy,0.05,0.05,1,1129,99,0.0,0.0,1,0,1
No Adaptive,2,529,train,strong,player_win,-10.0,5,50.0,1,Very Easy,0.05,0.05,1,1131,99,0.0,0.0,1,0,1
No Adaptive,2,530,train,strong,player_win,-10.0,5,50.0,1,Very Easy,0.05,0.05,1,1133,99,0.0,0.0,1,0,1
No Adaptive,2,531,train,strong,player_win,-10.0,5,50.0,1,Very Easy,0.05,0.05,1,1135,99,0.0,0.0,1,0,1
No Adaptive,2,532,train,strong,player_win,-10.0,5,50.0,1,Very Easy,0.05,0.05,1,1137,99,0.0,0.0,1,0,1
No Adaptive,2,533,train,strong,player_win,-10.0,5,50.0,1,Very Easy,0.05,0.05,1,1139,99,0.0,0.0,1,0,1
No Adaptive,2,534,train,strong,player_win,-10.0,5,50.0,1,Very Easy,0.05,0.05,1,1141,99,0.0,0.0,1,0,1
No Adaptive,2,535,train,strong,player_win,-10.0,5,50.0,1,Very Easy,0.05,0.05,1,1143,99,0.0,0.0,1,0,1
No Adaptive,2,536,train,strong,player_win,-10.0,5,50.0,1,Very Easy,0.05,0.05,1,1145,99,0.0,0.0,1,0,1
No Adaptive,2,537,train,strong,player_win,-10.0,5,50.0,1,Very Easy,0.05,0.05,1,1147,99,0.0,0.0,1,0,1
No Adaptive,2,538,train,strong,player_win,-10.0,5,50.0,1,Very Easy,0.05,0.05,1,1149,99,0.0,0.0,1,0,1
No Adaptive,2,539,train,strong,player_win,-10.0,5,50.0,1,Very Easy,0.05,0.05,1,1151,99,0.0,0.0,1,0,1
No Adaptive,2,540,train,strong,player_win,-10.0,5,50.0,1,Very Easy,0.05,0.05,1,1153,99,0.0,0.0,1,0,1
No Adaptive,2,541,train,strong,player_win,-10.0,7,50.0,1,Very Easy,0.05,0.05,1,1156,99,0.0,0.0,2,0,1
No Adaptive,2,542,train,strong,player_win,-10.0,7,50.0,1,Very Easy,0.05,0.05,1,1159,99,0.0,0.0,2,0,1
No Adaptive,2,543,train,strong,player_win,-10.0,5,50.0,1,Very Easy,0.05,0.05,1,1161,99,0.0,0.0,1,0,1
No Adaptive,2,544,train,strong,player_win,-10.0,5,50.0,1,Very Easy,0.05,0.05,1,1163,99,0.0,0.0,1,0,1
No Adaptive,2,545,train,strong,player_win,-10.0,5,50.0,1,Very Easy,0.05,0.05,1,1165,99,0.0,0.0,1,0,1
No Adaptive,2,546,train,strong,player_win,-10.0,5,50.0,1,Very Easy,0.05,0.05,1,1167,99,0.0,0.0,1,0,1
No Adaptive,2,547,train,strong,player_win,-10.0,5,50.0,1,Very Easy,0.05,0.05,1,1169,99,0.0,0.0,1,0,1
No Adaptive,2,548,train,strong,player_win,-10.0,5,50.0,1,Very Easy,0.05,0.05,1,1171,99,0.0,0.0,1,0,1
No Adaptive,2,549,train,strong,player_win,-10.0,5,50.0,1,Very Easy,0.05,0.05,1,1173,99,0.0,0.0,1,0,1
No Adaptive,2,550,train,strong,player_win,-10.0,5,50.0,1,Very Easy,0.05,0.05,1,1175,99,0.0,0.0,1,0,1
No Adaptive,2,551,train,strong,player_win,-10.0,7,50.0,1,Very Easy,0.05,0.05,1,1178,99,0.0,0.0,2,0,1
No Adaptive,2,552,train,strong,player_win,-10.0,5,50.0,1,Very Easy,0.05,0.05,1,1180,99,0.0,0.0,1,0,1
No Adaptive,2,553,train,strong,player_win,-10.0,5,50.0,1,Very Easy,0.05,0.05,1,1182,99,0.0,0.0,1,0,1
No Adaptive,2,554,train,strong,player_win,-10.0,5,50.0,1,Very Easy,0.05,0.05,1,1184,99,0.0,0.0,1,0,1
No Adaptive,2,555,train,strong,player_win,-10.0,7,50.0,1,Very Easy,0.05,0.05,1,1187,99,0.0,0.0,2,0,1
No Adaptive,2,556,train,strong,player_win,-10.0,5,50.0,1,Very Easy,0.05,0.05,1,1189,99,0.0,0.0,1,0,1
No Adaptive,2,557,train,strong,player_win,-10.0,5,50.0,1,Very Easy,0.05,0.05,1,1191,99,0.0,0.0,1,0,1
No Adaptive,2,558,train,strong,player_win,-10.0,5,50.0,1,Very Easy,0.05,0.05,1,1193,99,0.0,0.0,1,0,1
No Adaptive,2,559,train,strong,player_win,-10.0,7,50.0,1,Very Easy,0.05,0.05,1,1196,99,0.0,0.0,2,0,1
No Adaptive,2,560,train,strong,player_win,-10.0,7,50.0,1,Very Easy,0.05,0.05,1,1199,99,0.0,0.0,2,1,0
No Adaptive,2,561,train,strong,player_win,-10.0,5,50.0,1,Very Easy,0.05,0.05,1,1201,99,0.0,0.0,1,0,1
No Adaptive,2,562,train,strong,player_win,-10.0,5,50.0,1,Very Easy,0.05,0.05,1,1203,99,0.0,0.0,1,0,1
No Adaptive,2,563,train,strong,player_win,-10.0,5,50.0,1,Very Easy,0.05,0.05,1,1205,99,0.0,0.0,1,0,1
No Adaptive,2,564,train,strong,player_win,-10.0,5,50.0,1,Very Easy,0.05,0.05,1,1207,99,0.0,0.0,1,0,1
No Adaptive,2,565,train,strong,player_win,-10.0,5,50.0,1,Very Easy,0.05,0.05,1,1209,99,0.0,0.0,1,0,1
No Adaptive,2,566,train,strong,player_win,-10.0,7,50.0,1,Very Easy,0.05,0.05,1,1212,99,0.0,0.0,2,0,1
No Adaptive,2,567,train,strong,player_win,-10.0,5,50.0,1,Very Easy,0.05,0.05,1,1214,99,0.0,0.0,1,0,1
No Adaptive,2,568,train,strong,player_win,-10.0,5,50.0,1,Very Easy,0.05,0.05,1,1216,99,0.0,0.0,1,0,1
No Adaptive,2,569,train,strong,player_win,-10.0,5,50.0,1,Very Easy,0.05,0.05,1,1218,99,0.0,0.0,2,0,0
No Adaptive,2,570,train,strong,player_win,-10.0,5,50.0,1,Very Easy,0.05,0.05,1,1220,99,0.0,0.0,1,0,1
No Adaptive,2,571,train,strong,player_win,-10.0,5,50.0,1,Very Easy,0.05,0.05,1,1222,99,0.0,0.0,1,0,1
No Adaptive,2,572,train,strong,player_win,-10.0,5,50.0,1,Very Easy,0.05,0.05,1,1224,99,0.0,0.0,1,0,1
No Adaptive,2,573,train,strong,player_win,-10.0,5,50.0,1,Very Easy,0.05,0.05,1,1226,99,0.0,0.0,2,0,0
No Adaptive,2,574,train,strong,player_win,-10.0,5,50.0,1,Very Easy,0.05,0.05,1,1228,99,0.0,0.0,1,0,1
No Adaptive,2,575,train,strong,player_win,-10.0,5,50.0,1,Very Easy,0.05,0.05,1,1230,99,0.0,0.0,1,0,1
No Adaptive,2,576,train,strong,player_win,-10.0,5,50.0,1,Very Easy,0.05,0.05,1,1232,99,0.0,0.0,1,0,1
No Adaptive,2,577,train,strong,player_win,-10.0,7,50.0,1,Very Easy,0.05,0.05,1,1235,99,0.0,0.0,2,0,1
No Adaptive,2,578,train,strong,player_win,-10.0,5,50.0,1,Very Easy,0.05,0.05,1,1237,99,0.0,0.0,1,0,1
No Adaptive,2,579,train,strong,player_win,-10.0,5,50.0,1,Very Easy,0.05,0.05,1,1239,99,0.0,0.0,1,0,1
No Adaptive,2,580,train,strong,player_win,-10.0,5,50.0,1,Very Easy,0.05,0.05,1,1241,99,0.0,0.0,1,0,1
No Adaptive,2,581,train,strong,player_win,-10.0,5,50.0,1,Very Easy,0.05,0.05,1,1243,99,0.0,0.0,1,0,1
No Adaptive,2,582,train,strong,player_win,-10.0,5,50.0,1,Very Easy,0.05,0.05,1,1245,99,0.0,0.0,1,0,1
No Adaptive,2,583,train,strong,player_win,-10.0,5,50.0,1,Very Easy,0.05,0.05,1,1247,99,0.0,0.0,1,0,1
No Adaptive,2,584,train,strong,player_win,-10.0,5,50.0,1,Very Easy,0.05,0.05,1,1249,99,0.0,0.0,2,0,0
No Adaptive,2,585,train,strong,player_win,-10.0,5,50.0,1,Very Easy,0.05,0.05,1,1251,99,0.0,0.0,1,0,1
No Adaptive,2,586,train,strong,player_win,-10.0,5,50.0,1,Very Easy,0.05,0.05,1,1253,99,0.0,0.0,1,0,1
No Adaptive,2,587,train,strong,player_win,-10.0,5,50.0,1,Very Easy,0.05,0.05,1,1255,99,0.0,0.0,1,0,1
No Adaptive,2,588,train,strong,player_win,-10.0,5,50.0,1,Very Easy,0.05,0.05,1,1257,99,0.0,0.0,1,1,0
No Adaptive,2,589,train,strong,player_win,-10.0,5,50.0,1,Very Easy,0.05,0.05,1,1259,99,0.0,0.0,1,0,1
No Adaptive,2,590,train,strong,player_win,-10.0,5,50.0,1,Very Easy,0.05,0.05,1,1261,99,0.0,0.0,1,0,1
No Adaptive,2,591,train,strong,player_win,-10.0,5,50.0,1,Very Easy,0.05,0.05,1,1263,99,0.0,0.0,1,0,1
No Adaptive,2,592,train,strong,player_win,-10.0,7,50.0,1,Very Easy,0.05,0.05,1,1266,99,0.0,0.0,2,0,1
No Adaptive,2,593,train,strong,player_win,-10.0,5,50.0,1,Very Easy,0.05,0.05,1,1268,99,0.0,0.0,2,0,0
No Adaptive,2,594,train,strong,player_win,-10.0,7,50.0,1,Very Easy,0.05,0.05,1,1271,100,0.0,0.0,2,0,1
No Adaptive,2,595,train,strong,player_win,-10.0,5,50.0,1,Very Easy,0.05,0.05,1,1273,100,0.0,0.0,1,1,0
No Adaptive,2,596,train,strong,player_win,-10.0,7,50.0,1,Very Easy,0.05,0.05,1,1276,100,0.0,0.0,2,1,0
No Adaptive,2,597,train,strong,player_win,-10.0,5,50.0,1,Very Easy,0.05,0.05,1,1278,100,0.0,0.0,1,0,1
No Adaptive,2,598,train,strong,player_win,-10.0,5,50.0,1,Very Easy,0.05,0.05,1,1280,100,0.0,0.0,1,0,1
No Adaptive,2,599,train,strong,player_win,-10.0,5,50.0,1,Very Easy,0.05,0.05,1,1282,100,0.0,0.0,1,0,1
No Adaptive,2,600,train,strong,player_win,-10.0,7,50.0,1,Very Easy,0.05,0.05,1,1285,100,0.0,0.0,2,0,1
No Adaptive,2,601,train,strong,player_win,-10.0,5,50.0,1,Very Easy,0.05,0.05,1,1287,100,0.0,0.0,1,0,1
No Adaptive,2,602,train,strong,player_win,-10.0,5,50.0,1,Very Easy,0.05,0.05,1,1289,100,0.0,0.0,1,0,1
No Adaptive,2,603,train,strong,player_win,-10.0,5,50.0,1,Very Easy,0.05,0.05,1,1291,100,0.0,0.0,1,0,1
No Adaptive,2,604,train,strong,player_win,-10.0,5,50.0,1,Very Easy,0.05,0.05,1,1293,100,0.0,0.0,1,0,1
No Adaptive,2,605,train,strong,player_win,-10.0,5,50.0,1,Very Easy,0.05,0.05,1,1295,100,0.0,0.0,1,0,1
No Adaptive,2,606,train,strong,player_win,-10.0,7,50.0,1,Very Easy,0.05,0.05,1,1298,100,0.0,0.0,2,0,1
No Adaptive,2,607,train,strong,player_win,-10.0,5,50.0,1,Very Easy,0.05,0.05,1,1300,100,0.0,0.0,1,0,1
No Adaptive,2,608,train,strong,player_win,-10.0,5,50.0,1,Very Easy,0.05,0.05,1,1302,100,0.0,0.0,1,0,1
No Adaptive,2,609,train,strong,player_win,-10.0,5,50.0,1,Very Easy,0.05,0.05,1,1304,100,0.0,0.0,1,0,1
No Adaptive,2,610,train,strong,player_win,-10.0,5,50.0,1,Very Easy,0.05,0.05,1,1306,100,0.0,0.0,1,0,1
No Adaptive,2,611,train,strong,player_win,-10.0,5,50.0,1,Very Easy,0.05,0.05,1,1308,100,0.0,0.0,1,0,1
No Adaptive,2,612,train,strong,player_win,-10.0,7,50.0,1,Very Easy,0.05,0.05,1,1311,100,0.0,0.0,2,0,1
No Adaptive,2,613,train,strong,player_win,-10.0,5,50.0,1,Very Easy,0.05,0.05,1,1313,100,0.0,0.0,1,0,1
No Adaptive,2,614,train,strong,player_win,-10.0,5,50.0,1,Very Easy,0.05,0.05,1,1315,100,0.0,0.0,1,0,1
No Adaptive,2,615,train,strong,player_win,-10.0,5,50.0,1,Very Easy,0.05,0.05,1,1317,100,0.0,0.0,1,0,1
No Adaptive,2,616,train,strong,player_win,-10.0,5,50.0,1,Very Easy,0.05,0.05,1,1319,100,0.0,0.0,1,0,1
No Adaptive,2,617,train,strong,player_win,-10.0,5,50.0,1,Very Easy,0.05,0.05,1,1321,100,0.0,0.0,1,0,1
No Adaptive,2,618,train,strong,player_win,-10.0,5,50.0,1,Very Easy,0.05,0.05,1,1323,100,0.0,0.0,1,0,1
No Adaptive,2,619,train,strong,player_win,-10.0,7,50.0,1,Very Easy,0.05,0.05,1,1326,100,0.0,0.0,2,0,1
No Adaptive,2,620,train,strong,player_win,-10.0,5,50.0,1,Very Easy,0.05,0.05,1,1328,100,0.0,0.0,1,0,1
No Adaptive,2,621,train,strong,player_win,-10.0,5,50.0,1,Very Easy,0.05,0.05,1,1330,100,0.0,0.0,1,0,1
No Adaptive,2,622,train,strong,player_win,-10.0,5,50.0,1,Very Easy,0.05,0.05,1,1332,100,0.0,0.0,1,0,1
No Adaptive,2,623,train,strong,player_win,-10.0,5,50.0,1,Very Easy,0.05,0.05,1,1334,100,0.0,0.0,1,0,1
No Adaptive,2,624,train,strong,player_win,-10.0,5,50.0,1,Very Easy,0.05,0.05,1,1336,100,0.0,0.0,1,0,1
No Adaptive,2,625,train,strong,player_win,-10.0,5,50.0,1,Very Easy,0.05,0.05,1,1338,100,0.0,0.0,1,0,1
No Adaptive,2,626,train,strong,player_win,-10.0,5,50.0,1,Very Easy,0.05,0.05,1,1340,100,0.0,0.0,1,0,1
No Adaptive,2,627,train,strong,player_win,-10.0,5,50.0,1,Very Easy,0.05,0.05,1,1342,100,0.0,0.0,1,0,1
No Adaptive,2,628,train,strong,player_win,-10.0,5,50.0,1,Very Easy,0.05,0.05,1,1344,100,0.0,0.0,1,0,1
No Adaptive,2,629,train,strong,player_win,-10.0,5,50.0,1,Very Easy,0.05,0.05,1,1346,100,0.0,0.0,1,0,1
No Adaptive,2,630,train,strong,player_win,-10.0,5,50.0,1,Very Easy,0.05,0.05,1,1348,100,0.0,0.0,1,0,1
No Adaptive,2,631,train,strong,player_win,-10.0,5,50.0,1,Very Easy,0.05,0.05,1,1350,100,0.0,0.0,1,0,1
No Adaptive,2,632,train,strong,player_win,-10.0,5,50.0,1,Very Easy,0.05,0.05,1,1352,100,0.0,0.0,1,0,1
No Adaptive,2,633,train,strong,player_win,-10.0,5,50.0,1,Very Easy,0.05,0.05,1,1354,100,0.0,0.0,1,0,1
No Adaptive,2,634,train,strong,player_win,-10.0,7,50.0,1,Very Easy,0.05,0.05,1,1357,100,0.0,0.0,2,0,1
No Adaptive,2,635,train,strong,player_win,-10.0,5,50.0,1,Very Easy,0.05,0.05,1,1359,100,0.0,0.0,1,0,1
No Adaptive,2,636,train,strong,player_win,-10.0,5,50.0,1,Very Easy,0.05,0.05,1,1361,100,0.0,0.0,1,0,1
No Adaptive,2,637,train,strong,player_win,-10.0,5,50.0,1,Very Easy,0.05,0.05,1,1363,100,0.0,0.0,1,0,1
No Adaptive,2,638,train,strong,player_win,-10.0,5,50.0,1,Very Easy,0.05,0.05,1,1365,100,0.0,0.0,1,0,1
No Adaptive,2,639,train,strong,player_win,-10.0,5,50.0,1,Very Easy,0.05,0.05,1,1367,100,0.0,0.0,1,0,1
No Adaptive,2,640,train,strong,player_win,-10.0,5,50.0,1,Very Easy,0.05,0.05,1,1369,100,0.0,0.0,1,0,1
No Adaptive,2,641,train,strong,player_win,-10.0,5,50.0,1,Very Easy,0.05,0.05,1,1371,100,0.0,0.0,1,0,1
No Adaptive,2,642,train,strong,player_win,-10.0,7,50.0,1,Very Easy,0.05,0.05,1,1374,100,0.0,0.0,2,0,1
No Adaptive,2,643,train,strong,player_win,-10.0,5,50.0,1,Very Easy,0.05,0.05,1,1376,100,0.0,0.0,1,0,1
No Adaptive,2,644,train,strong,player_win,-10.0,5,50.0,1,Very Easy,0.05,0.05,1,1378,100,0.0,0.0,1,0,1
No Adaptive,2,645,train,strong,player_win,-10.0,5,50.0,1,Very Easy,0.05,0.05,1,1380,100,0.0,0.0,1,0,1
No Adaptive,2,646,train,strong,player_win,-10.0,5,50.0,1,Very Easy,0.05,0.05,1,1382,100,0.0,0.0,1,0,1
No Adaptive,2,647,train,strong,player_win,-10.0,5,50.0,1,Very Easy,0.05,0.05,1,1384,100,0.0,0.0,1,0,1
No Adaptive,2,648,train,strong,player_win,-10.0,5,50.0,1,Very Easy,0.05,0.05,1,1386,100,0.0,0.0,1,0,1
No Adaptive,2,649,train,strong,player_win,-10.0,5,50.0,1,Very Easy,0.05,0.05,1,1388,100,0.0,0.0,1,0,1
No Adaptive,2,650,train,strong,player_win,-10.0,5,50.0,1,Very Easy,0.05,0.05,1,1390,100,0.0,0.0,1,0,1
No Adaptive,2,651,train,strong,player_win,-10.0,5,50.0,1,Very Easy,0.05,0.05,1,1392,100,0.0,0.0,2,0,0
No Adaptive,2,652,train,strong,player_win,-10.0,5,50.0,1,Very Easy,0.05,0.05,1,1394,100,0.0,0.0,1,0,1
No Adaptive,2,653,train,strong,player_win,-10.0,5,50.0,1,Very Easy,0.05,0.05,1,1396,100,0.0,0.0,1,0,1
No Adaptive,2,654,train,strong,player_win,-10.0,5,50.0,1,Very Easy,0.05,0.05,1,1398,100,0.0,0.0,1,1,0
No Adaptive,2,655,train,strong,player_win,-10.0,5,50.0,1,Very Easy,0.05,0.05,1,1400,100,0.0,0.0,1,0,1
No Adaptive,2,656,train,strong,player_win,-10.0,5,50.0,1,Very Easy,0.05,0.05,1,1402,100,0.0,0.0,1,1,0
No Adaptive,2,657,train,strong,player_win,-10.0,5,50.0,1,Very Easy,0.05,0.05,1,1404,100,0.0,0.0,1,0,1
No Adaptive,2,658,train,strong,player_win,-10.0,5,50.0,1,Very Easy,0.05,0.05,1,1406,100,0.0,0.0,1,0,1
No Adaptive,2,659,train,strong,player_win,-10.0,5,50.0,1,Very Easy,0.05,0.05,1,1408,100,0.0,0.0,1,0,1
No Adaptive,2,660,train,strong,player_win,-10.0,5,50.0,1,Very Easy,0.05,0.05,1,1410,100,0.0,0.0,1,0,1
No Adaptive,2,661,train,strong,player_win,-10.0,5,50.0,1,Very Easy,0.05,0.05,1,1412,100,0.0,0.0,1,0,1
No Adaptive,2,662,train,strong,player_win,-10.0,5,50.0,1,Very Easy,0.05,0.05,1,1414,100,0.0,0.0,1,0,1
No Adaptive,2,663,train,strong,player_win,-10.0,5,50.0,1,Very Easy,0.05,0.05,1,1416,100,0.0,0.0,1,0,1
No Adaptive,2,664,train,strong,player_win,-10.0,7,50.0,1,Very Easy,0.05,0.05,1,1419,100,0.0,0.0,2,0,1
No Adaptive,2,665,train,strong,player_win,-10.0,5,50.0,1,Very Easy,0.05,0.05,1,1421,100,0.0,0.0,1,0,1
No Adaptive,2,666,train,strong,player_win,-10.0,5,50.0,1,Very Easy,0.05,0.05,1,1423,100,0.0,0.0,1,0,1
No Adaptive,2,667,train,strong,player_win,-10.0,7,50.0,1,Very Easy,0.05,0.05,1,1426,100,0.0,0.0,2,0,1
No Adaptive,2,668,train,strong,player_win,-10.0,5,50.0,1,Very Easy,0.05,0.05,1,1428,100,0.0,0.0,1,0,1
No Adaptive,2,669,train,strong,player_win,-10.0,5,50.0,1,Very Easy,0.05,0.05,1,1430,100,0.0,0.0,1,0,1
No Adaptive,2,670,train,strong,player_win,-10.0,5,50.0,1,Very Easy,0.05,0.05,1,1432,100,0.0,0.0,1,0,1
No Adaptive,2,671,train,strong,player_win,-10.0,5,50.0,1,Very Easy,0.05,0.05,1,1434,100,0.0,0.0,1,0,1
No Adaptive,2,672,train,strong,player_win,-10.0,5,50.0,1,Very Easy,0.05,0.05,1,1436,100,0.0,0.0,1,0,1
No Adaptive,2,673,train,strong,player_win,-10.0,5,50.0,1,Very Easy,0.05,0.05,1,1438,100,0.0,0.0,1,0,1
No Adaptive,2,674,train,strong,player_win,-10.0,5,50.0,1,Very Easy,0.05,0.05,1,1440,100,0.0,0.0,1,0,1
No Adaptive,2,675,train,strong,player_win,-10.0,5,50.0,1,Very Easy,0.05,0.05,1,1442,100,0.0,0.0,1,0,1
No Adaptive,2,676,train,strong,player_win,-10.0,5,50.0,1,Very Easy,0.05,0.05,1,1444,100,0.0,0.0,1,0,1
No Adaptive,2,677,train,strong,player_win,-10.0,5,50.0,1,Very Easy,0.05,0.05,1,1446,100,0.0,0.0,1,0,1
No Adaptive,2,678,train,strong,player_win,-10.0,5,50.0,1,Very Easy,0.05,0.05,1,1448,100,0.0,0.0,1,1,0
No Adaptive,2,679,train,strong,player_win,-10.0,5,50.0,1,Very Easy,0.05,0.05,1,1450,100,0.0,0.0,1,0,1
No Adaptive,2,680,train,strong,player_win,-10.0,5,50.0,1,Very Easy,0.05,0.05,1,1452,100,0.0,0.0,1,0,1
No Adaptive,2,681,train,strong,player_win,-10.0,5,50.0,1,Very Easy,0.05,0.05,1,1454,100,0.0,0.0,1,0,1
No Adaptive,2,682,train,strong,player_win,-10.0,5,50.0,1,Very Easy,0.05,0.05,1,1456,100,0.0,0.0,1,0,1
No Adaptive,2,683,train,strong,player_win,-10.0,5,50.0,1,Very Easy,0.05,0.05,1,1458,100,0.0,0.0,1,0,1
No Adaptive,2,684,train,strong,player_win,-10.0,5,50.0,1,Very Easy,0.05,0.05,1,1460,100,0.0,0.0,1,1,0
No Adaptive,2,685,train,strong,player_win,-10.0,5,50.0,1,Very Easy,0.05,0.05,1,1462,100,0.0,0.0,2,0,0
No Adaptive,2,686,train,strong,player_win,-10.0,5,50.0,1,Very Easy,0.05,0.05,1,1464,100,0.0,0.0,1,0,1
No Adaptive,2,687,train,strong,player_win,-10.0,5,50.0,1,Very Easy,0.05,0.05,1,1466,100,0.0,0.0,1,0,1
No Adaptive,2,688,train,strong,player_win,-10.0,5,50.0,1,Very Easy,0.05,0.05,1,1468,100,0.0,0.0,1,0,1
No Adaptive,2,689,train,strong,player_win,-10.0,5,50.0,1,Very Easy,0.05,0.05,1,1470,100,0.0,0.0,1,0,1
No Adaptive,2,690,train,strong,player_win,-10.0,5,50.0,1,Very Easy,0.05,0.05,1,1472,100,0.0,0.0,1,0,1
No Adaptive,2,691,train,strong,player_win,-10.0,7,50.0,1,Very Easy,0.05,0.05,1,1475,100,0.0,0.0,2,0,1
No Adaptive,2,692,train,strong,player_win,-10.0,5,50.0,1,Very Easy,0.05,0.05,1,1477,100,0.0,0.0,1,0,1
No Adaptive,2,693,train,strong,player_win,-10.0,5,50.0,1,Very Easy,0.05,0.05,1,1479,100,0.0,0.0,1,0,1
No Adaptive,2,694,train,strong,player_win,-10.0,5,50.0,1,Very Easy,0.05,0.05,1,1481,100,0.0,0.0,1,0,1
No Adaptive,2,695,train,strong,player_win,-10.0,5,50.0,1,Very Easy,0.05,0.05,1,1483,100,0.0,0.0,1,0,1
No Adaptive,2,696,train,strong,player_win,-10.0,5,50.0,1,Very Easy,0.05,0.05,1,1485,100,0.0,0.0,1,0,1
No Adaptive,2,697,train,strong,player_win,-10.0,5,50.0,1,Very Easy,0.05,0.05,1,1487,100,0.0,0.0,1,0,1
No Adaptive,2,698,train,strong,player_win,-10.0,5,50.0,1,Very Easy,0.05,0.05,1,1489,100,0.0,0.0,1,0,1
No Adaptive,2,699,train,strong,player_win,-10.0,5,50.0,1,Very Easy,0.05,0.05,1,1491,100,0.0,0.0,1,1,0
No Adaptive,2,700,train,strong,player_win,-10.0,5,50.0,1,Very Easy,0.05,0.05,1,1493,100,0.0,0.0,1,0,1
No Adaptive,2,701,train,strong,player_win,-10.0,7,50.0,1,Very Easy,0.05,0.05,1,1496,100,0.0,0.0,2,0,1
No Adaptive,2,702,train,strong,player_win,-10.0,7,50.0,1,Very Easy,0.05,0.05,1,1499,100,0.0,0.0,2,0,1
No Adaptive,2,703,train,strong,player_win,-10.0,5,50.0,1,Very Easy,0.05,0.05,1,1501,100,0.0,0.0,1,0,1
No Adaptive,2,704,train,strong,player_win,-10.0,5,50.0,1,Very Easy,0.05,0.05,1,1503,100,0.0,0.0,1,0,1
No Adaptive,2,705,train,strong,player_win,-10.0,5,50.0,1,Very Easy,0.05,0.05,1,1505,100,0.0,0.0,1,0,1
No Adaptive,2,706,train,strong,player_win,-10.0,5,50.0,1,Very Easy,0.05,0.05,1,1507,100,0.0,0.0,1,0,1
No Adaptive,2,707,train,strong,player_win,-10.0,5,50.0,1,Very Easy,0.05,0.05,1,1509,100,0.0,0.0,1,0,1
No Adaptive,2,708,train,strong,player_win,-10.0,5,50.0,1,Very Easy,0.05,0.05,1,1511,100,0.0,0.0,1,0,1
No Adaptive,2,709,train,strong,player_win,-10.0,5,50.0,1,Very Easy,0.05,0.05,1,1513,100,0.0,0.0,2,0,0
No Adaptive,2,710,train,strong,player_win,-10.0,7,50.0,1,Very Easy,0.05,0.05,1,1516,100,0.0,0.0,2,0,1
No Adaptive,2,711,train,strong,player_win,-10.0,5,50.0,1,Very Easy,0.05,0.05,1,1518,100,0.0,0.0,1,0,1
No Adaptive,2,712,train,strong,player_win,-10.0,5,50.0,1,Very Easy,0.05,0.05,1,1520,100,0.0,0.0,1,0,1
No Adaptive,2,713,train,strong,player_win,-10.0,5,50.0,1,Very Easy,0.05,0.05,1,1522,100,0.0,0.0,1,0,1
No Adaptive,2,714,train,strong,player_win,-10.0,5,50.0,1,Very Easy,0.05,0.05,1,1524,100,0.0,0.0,1,0,1
No Adaptive,2,715,train,strong,player_win,-10.0,5,50.0,1,Very Easy,0.05,0.05,1,1526,100,0.0,0.0,1,0,1
No Adaptive,2,716,train,strong,player_win,-10.0,5,50.0,1,Very Easy,0.05,0.05,1,1528,100,0.0,0.0,1,0,1
No Adaptive,2,717,train,strong,player_win,-10.0,5,50.0,1,Very Easy,0.05,0.05,1,1530,100,0.0,0.0,1,0,1
No Adaptive,2,718,train,strong,player_win,-10.0,7,50.0,1,Very Easy,0.05,0.05,1,1533,100,0.0,0.0,2,1,0
No Adaptive,2,719,train,strong,player_win,-10.0,5,50.0,1,Very Easy,0.05,0.05,1,1535,100,0.0,0.0,2,0,0
No Adaptive,2,720,train,strong,player_win,-10.0,5,50.0,1,Very Easy,0.05,0.05,1,1537,100,0.0,0.0,2,0,0
No Adaptive,2,721,train,strong,player_win,-10.0,5,50.0,1,Very Easy,0.05,0.05,1,1539,100,0.0,0.0,1,0,1
No Adaptive,2,722,train,strong,player_win,-10.0,7,50.0,1,Very Easy,0.05,0.05,1,1542,100,0.0,0.0,2,0,1
No Adaptive,2,723,train,strong,player_win,-10.0,5,50.0,1,Very Easy,0.05,0.05,1,1544,100,0.0,0.0,1,0,1
No Adaptive,2,724,train,strong,player_win,-10.0,7,50.0,1,Very Easy,0.05,0.05,1,1547,100,0.0,0.0,2,0,1
No Adaptive,2,725,train,strong,player_win,-10.0,5,50.0,1,Very Easy,0.05,0.05,1,1549,100,0.0,0.0,2,0,0
No Adaptive,2,726,train,strong,player_win,-10.0,5,50.0,1,Very Easy,0.05,0.05,1,1551,100,0.0,0.0,1,0,1
No Adaptive,2,727,train,strong,player_win,-10.0,5,50.0,1,Very Easy,0.05,0.05,1,1553,100,0.0,0.0,2,0,0
No Adaptive,2,728,train,strong,player_win,-10.0,5,50.0,1,Very Easy,0.05,0.05,1,1555,100,0.0,0.0,1,0,1
No Adaptive,2,729,train,strong,player_win,-10.0,5,50.0,1,Very Easy,0.05,0.05,1,1557,100,0.0,0.0,1,0,1
No Adaptive,2,730,train,strong,player_win,-10.0,5,50.0,1,Very Easy,0.05,0.05,1,1559,100,0.0,0.0,1,0,1
No Adaptive,2,731,train,strong,player_win,-10.0,5,50.0,1,Very Easy,0.05,0.05,1,1561,100,0.0,0.0,1,0,1
No Adaptive,2,732,train,strong,player_win,-10.0,5,50.0,1,Very Easy,0.05,0.05,1,1563,100,0.0,0.0,1,0,1
No Adaptive,2,733,train,strong,player_win,-10.0,5,50.0,1,Very Easy,0.05,0.05,1,1565,100,0.0,0.0,1,1,0
No Adaptive,2,734,train,strong,player_win,-10.0,5,50.0,1,Very Easy,0.05,0.05,1,1567,100,0.0,0.0,1,0,1
No Adaptive,2,735,train,strong,player_win,-10.0,5,50.0,1,Very Easy,0.05,0.05,1,1569,100,0.0,0.0,1,1,0
No Adaptive,2,736,train,strong,player_win,-10.0,7,50.0,1,Very Easy,0.05,0.05,1,1572,100,0.0,0.0,2,0,1
No Adaptive,2,737,train,strong,player_win,-10.0,5,50.0,1,Very Easy,0.05,0.05,1,1574,100,0.0,0.0,1,0,1
No Adaptive,2,738,train,strong,player_win,-10.0,5,50.0,1,Very Easy,0.05,0.05,1,1576,100,0.0,0.0,1,0,1
No Adaptive,2,739,train,strong,player_win,-10.0,7,50.0,1,Very Easy,0.05,0.05,1,1579,100,0.0,0.0,2,0,1
No Adaptive,2,740,train,strong,player_win,-10.0,5,50.0,1,Very Easy,0.05,0.05,1,1581,100,0.0,0.0,1,1,0
No Adaptive,2,741,train,strong,player_win,-10.0,5,50.0,1,Very Easy,0.05,0.05,1,1583,100,0.0,0.0,1,0,1
No Adaptive,2,742,train,strong,player_win,-10.0,5,50.0,1,Very Easy,0.05,0.05,1,1585,100,0.0,0.0,1,0,1
No Adaptive,2,743,train,strong,player_win,-10.0,7,50.0,1,Very Easy,0.05,0.05,1,1588,100,0.0,0.0,2,0,1
No Adaptive,2,744,train,strong,player_win,-10.0,5,50.0,1,Very Easy,0.05,0.05,1,1590,100,0.0,0.0,1,0,1
No Adaptive,2,745,train,strong,player_win,-10.0,5,50.0,1,Very Easy,0.05,0.05,1,1592,100,0.0,0.0,1,0,1
No Adaptive,2,746,train,strong,player_win,-10.0,5,50.0,1,Very Easy,0.05,0.05,1,1594,100,0.0,0.0,1,0,1
No Adaptive,2,747,train,strong,player_win,-10.0,5,50.0,1,Very Easy,0.05,0.05,1,1596,100,0.0,0.0,1,0,1
No Adaptive,2,748,train,strong,player_win,-10.0,5,50.0,1,Very Easy,0.05,0.05,1,1598,100,0.0,0.0,1,0,1
No Adaptive,2,749,train,strong,player_win,-10.0,5,50.0,1,Very Easy,0.05,0.05,1,1600,100,0.0,0.0,1,0,1
No Adaptive,2,750,train,strong,player_win,-10.0,5,50.0,1,Very Easy,0.05,0.05,1,1602,100,0.0,0.0,1,0,1
No Adaptive,2,751,train,strong,player_win,-10.0,5,50.0,1,Very Easy,0.05,0.05,1,1604,100,0.0,0.0,1,0,1
No Adaptive,2,752,train,strong,player_win,-10.0,5,50.0,1,Very Easy,0.05,0.05,1,1606,100,0.0,0.0,1,0,1
No Adaptive,2,753,train,strong,player_win,-10.0,5,50.0,1,Very Easy,0.05,0.05,1,1608,100,0.0,0.0,2,0,0
No Adaptive,2,754,train,strong,player_win,-10.0,5,50.0,1,Very Easy,0.05,0.05,1,1610,100,0.0,0.0,1,0,1
No Adaptive,2,755,train,strong,player_win,-10.0,5,50.0,1,Very Easy,0.05,0.05,1,1612,100,0.0,0.0,1,0,1
No Adaptive,2,756,train,strong,player_win,-10.0,5,50.0,1,Very Easy,0.05,0.05,1,1614,100,0.0,0.0,1,0,1
No Adaptive,2,757,train,strong,player_win,-10.0,7,50.0,1,Very Easy,0.05,0.05,1,1617,100,0.0,0.0,2,0,1
No Adaptive,2,758,train,strong,player_win,-10.0,5,50.0,1,Very Easy,0.05,0.05,1,1619,100,0.0,0.0,1,0,1
No Adaptive,2,759,train,strong,player_win,-10.0,5,50.0,1,Very Easy,0.05,0.05,1,1621,100,0.0,0.0,1,0,1
No Adaptive,2,760,train,strong,player_win,-10.0,5,50.0,1,Very Easy,0.05,0.05,1,1623,100,0.0,0.0,1,0,1
No Adaptive,2,761,train,strong,player_win,-10.0,5,50.0,1,Very Easy,0.05,0.05,1,1625,100,0.0,0.0,1,0,1
No Adaptive,2,762,train,strong,player_win,-10.0,5,50.0,1,Very Easy,0.05,0.05,1,1627,100,0.0,0.0,1,0,1
No Adaptive,2,763,train,strong,player_win,-10.0,5,50.0,1,Very Easy,0.05,0.05,1,1629,100,0.0,0.0,1,0,1
No Adaptive,2,764,train,strong,player_win,-10.0,5,50.0,1,Very Easy,0.05,0.05,1,1631,100,0.0,0.0,1,0,1
No Adaptive,2,765,train,strong,player_win,-10.0,5,50.0,1,Very Easy,0.05,0.05,1,1633,100,0.0,0.0,1,0,1
No Adaptive,2,766,train,strong,player_win,-10.0,5,50.0,1,Very Easy,0.05,0.05,1,1635,100,0.0,0.0,1,0,1
No Adaptive,2,767,train,strong,player_win,-10.0,5,50.0,1,Very Easy,0.05,0.05,1,1637,100,0.0,0.0,1,0,1
No Adaptive,2,768,train,strong,player_win,-10.0,5,50.0,1,Very Easy,0.05,0.05,1,1639,100,0.0,0.0,1,0,1
No Adaptive,2,769,train,strong,player_win,-10.0,7,50.0,1,Very Easy,0.05,0.05,1,1642,100,0.0,0.0,2,0,1
No Adaptive,2,770,train,strong,player_win,-10.0,5,50.0,1,Very Easy,0.05,0.05,1,1644,100,0.0,0.0,1,0,1
No Adaptive,2,771,train,strong,player_win,-10.0,5,50.0,1,Very Easy,0.05,0.05,1,1646,100,0.0,0.0,1,0,1
No Adaptive,2,772,train,strong,player_win,-10.0,5,50.0,1,Very Easy,0.05,0.05,1,1648,100,0.0,0.0,1,0,1
No Adaptive,2,773,train,strong,player_win,-10.0,5,50.0,1,Very Easy,0.05,0.05,1,1650,100,0.0,0.0,1,0,1
No Adaptive,2,774,train,strong,player_win,-10.0,5,50.0,1,Very Easy,0.05,0.05,1,1652,100,0.0,0.0,1,0,1
No Adaptive,2,775,train,strong,player_win,-10.0,5,50.0,1,Very Easy,0.05,0.05,1,1654,100,0.0,0.0,2,0,0
No Adaptive,2,776,train,strong,player_win,-10.0,5,50.0,1,Very Easy,0.05,0.05,1,1656,100,0.0,0.0,1,0,1
No Adaptive,2,777,train,strong,player_win,-10.0,5,50.0,1,Very Easy,0.05,0.05,1,1658,100,0.0,0.0,1,0,1
No Adaptive,2,778,train,strong,player_win,-10.0,5,50.0,1,Very Easy,0.05,0.05,1,1660,100,0.0,0.0,1,0,1
No Adaptive,2,779,train,strong,player_win,-10.0,5,50.0,1,Very Easy,0.05,0.05,1,1662,100,0.0,0.0,1,0,1
No Adaptive,2,780,train,strong,player_win,-10.0,5,50.0,1,Very Easy,0.05,0.05,1,1664,100,0.0,0.0,1,0,1
No Adaptive,2,781,train,strong,player_win,-10.0,5,50.0,1,Very Easy,0.05,0.05,1,1666,100,0.0,0.0,1,0,1
No Adaptive,2,782,train,strong,player_win,-10.0,5,50.0,1,Very Easy,0.05,0.05,1,1668,100,0.0,0.0,1,0,1
No Adaptive,2,783,train,strong,player_win,-10.0,5,50.0,1,Very Easy,0.05,0.05,1,1670,100,0.0,0.0,1,0,1
No Adaptive,2,784,train,strong,player_win,-10.0,5,50.0,1,Very Easy,0.05,0.05,1,1672,100,0.0,0.0,1,0,1
No Adaptive,2,785,train,strong,player_win,-10.0,7,50.0,1,Very Easy,0.05,0.05,1,1675,100,0.0,0.0,2,0,1
No Adaptive,2,786,train,strong,player_win,-10.0,5,50.0,1,Very Easy,0.05,0.05,1,1677,100,0.0,0.0,1,0,1
No Adaptive,2,787,train,strong,player_win,-10.0,5,50.0,1,Very Easy,0.05,0.05,1,1679,100,0.0,0.0,2,0,0
No Adaptive,2,788,train,strong,player_win,-10.0,7,50.0,1,Very Easy,0.05,0.05,1,1682,100,0.0,0.0,2,0,1
No Adaptive,2,789,train,strong,player_win,-10.0,5,50.0,1,Very Easy,0.05,0.05,1,1684,100,0.0,0.0,1,0,1
No Adaptive,2,790,train,strong,player_win,-10.0,7,50.0,1,Very Easy,0.05,0.05,1,1687,100,0.0,0.0,2,0,1
No Adaptive,2,791,train,strong,player_win,-10.0,5,50.0,1,Very Easy,0.05,0.05,1,1689,100,0.0,0.0,1,0,1
No Adaptive,2,792,train,strong,player_win,-10.0,5,50.0,1,Very Easy,0.05,0.05,1,1691,100,0.0,0.0,1,0,1
No Adaptive,2,793,train,strong,player_win,-10.0,5,50.0,1,Very Easy,0.05,0.05,1,1693,100,0.0,0.0,1,0,1
No Adaptive,2,794,train,strong,player_win,-10.0,5,50.0,1,Very Easy,0.05,0.05,1,1695,100,0.0,0.0,1,0,1
No Adaptive,2,795,train,strong,player_win,-10.0,5,50.0,1,Very Easy,0.05,0.05,1,1697,100,0.0,0.0,2,0,0
No Adaptive,2,796,train,strong,player_win,-10.0,7,50.0,1,Very Easy,0.05,0.05,1,1700,100,0.0,0.0,2,0,1
No Adaptive,2,797,train,strong,player_win,-10.0,5,50.0,1,Very Easy,0.05,0.05,1,1702,100,0.0,0.0,1,0,1
No Adaptive,2,798,train,strong,player_win,-10.0,5,50.0,1,Very Easy,0.05,0.05,1,1704,100,0.0,0.0,1,0,1
No Adaptive,2,799,train,strong,player_win,-10.0,7,50.0,1,Very Easy,0.05,0.05,1,1707,100,0.0,0.0,2,0,1
No Adaptive,2,800,train,strong,player_win,-10.0,5,50.0,1,Very Easy,0.05,0.05,1,1709,100,0.0,0.0,1,0,1
No Adaptive,2,801,eval,strong,player_win,-10.0,5,50.0,1,Very Easy,0.05,0.0,0,1709,100,0.0,0.0,1,0,1
No Adaptive,2,802,eval,strong,player_win,-10.0,5,50.0,1,Very Easy,0.05,0.0,0,1709,100,0.0,0.0,1,0,1
No Adaptive,2,803,eval,strong,player_win,-10.0,5,50.0,1,Very Easy,0.05,0.0,0,1709,100,0.0,0.0,1,0,1
No Adaptive,2,804,eval,strong,player_win,-10.0,5,50.0,1,Very Easy,0.05,0.0,0,1709,100,0.0,0.0,1,0,1
No Adaptive,2,805,eval,strong,player_win,-10.0,5,50.0,1,Very Easy,0.05,0.0,0,1709,100,0.0,0.0,1,0,1
No Adaptive,2,806,eval,strong,player_win,-10.0,5,50.0,1,Very Easy,0.05,0.0,0,1709,100,0.0,0.0,1,0,1
No Adaptive,2,807,eval,strong,player_win,-10.0,7,50.0,1,Very Easy,0.05,0.0,0,1709,100,0.0,0.0,2,0,1
No Adaptive,2,808,eval,strong,player_win,-10.0,7,50.0,1,Very Easy,0.05,0.0,0,1709,100,0.0,0.0,2,0,1
No Adaptive,2,809,eval,strong,player_win,-10.0,5,50.0,1,Very Easy,0.05,0.0,0,1709,100,0.0,0.0,1,0,1
No Adaptive,2,810,eval,strong,player_win,-10.0,5,50.0,1,Very Easy,0.05,0.0,0,1709,100,0.0,0.0,1,0,1
No Adaptive,2,811,eval,strong,player_win,-10.0,5,50.0,1,Very Easy,0.05,0.0,0,1709,100,0.0,0.0,1,0,1
No Adaptive,2,812,eval,strong,player_win,-10.0,5,50.0,1,Very Easy,0.05,0.0,0,1709,100,0.0,0.0,1,0,1
No Adaptive,2,813,eval,strong,player_win,-10.0,5,50.0,1,Very Easy,0.05,0.0,0,1709,100,0.0,0.0,1,0,1
No Adaptive,2,814,eval,strong,player_win,-10.0,5,50.0,1,Very Easy,0.05,0.0,0,1709,100,0.0,0.0,1,0,1
No Adaptive,2,815,eval,strong,player_win,-10.0,5,50.0,1,Very Easy,0.05,0.0,0,1709,100,0.0,0.0,1,0,1
No Adaptive,2,816,eval,strong,player_win,-10.0,5,50.0,1,Very Easy,0.05,0.0,0,1709,100,0.0,0.0,1,0,1
No Adaptive,2,817,eval,strong,player_win,-10.0,5,50.0,1,Very Easy,0.05,0.0,0,1709,100,0.0,0.0,1,0,1
No Adaptive,2,818,eval,strong,player_win,-10.0,5,50.0,1,Very Easy,0.05,0.0,0,1709,100,0.0,0.0,1,0,1
No Adaptive,2,819,eval,strong,player_win,-10.0,5,50.0,1,Very Easy,0.05,0.0,0,1709,100,0.0,0.0,1,0,1
No Adaptive,2,820,eval,strong,player_win,-10.0,7,50.0,1,Very Easy,0.05,0.0,0,1709,100,0.0,0.0,2,0,1
No Adaptive,2,821,eval,strong,player_win,-10.0,5,50.0,1,Very Easy,0.05,0.0,0,1709,100,0.0,0.0,1,0,1
No Adaptive,2,822,eval,strong,player_win,-10.0,5,50.0,1,Very Easy,0.05,0.0,0,1709,100,0.0,0.0,1,0,1
No Adaptive,2,823,eval,strong,player_win,-10.0,5,50.0,1,Very Easy,0.05,0.0,0,1709,100,0.0,0.0,1,0,1
No Adaptive,2,824,eval,strong,player_win,-10.0,7,50.0,1,Very Easy,0.05,0.0,0,1709,100,0.0,0.0,2,0,1
No Adaptive,2,825,eval,strong,player_win,-10.0,5,50.0,1,Very Easy,0.05,0.0,0,1709,100,0.0,0.0,1,0,1
No Adaptive,2,826,eval,strong,player_win,-10.0,5,50.0,1,Very Easy,0.05,0.0,0,1709,100,0.0,0.0,1,0,1
No Adaptive,2,827,eval,strong,player_win,-10.0,5,50.0,1,Very Easy,0.05,0.0,0,1709,100,0.0,0.0,1,0,1
No Adaptive,2,828,eval,strong,player_win,-10.0,7,50.0,1,Very Easy,0.05,0.0,0,1709,100,0.0,0.0,2,0,1
No Adaptive,2,829,eval,strong,player_win,-10.0,5,50.0,1,Very Easy,0.05,0.0,0,1709,100,0.0,0.0,2,0,0
No Adaptive,2,830,eval,strong,player_win,-10.0,5,50.0,1,Very Easy,0.05,0.0,0,1709,100,0.0,0.0,1,0,1
No Adaptive,2,831,eval,strong,player_win,-10.0,5,50.0,1,Very Easy,0.05,0.0,0,1709,100,0.0,0.0,1,0,1
No Adaptive,2,832,eval,strong,player_win,-10.0,5,50.0,1,Very Easy,0.05,0.0,0,1709,100,0.0,0.0,1,0,1
No Adaptive,2,833,eval,strong,player_win,-10.0,5,50.0,1,Very Easy,0.05,0.0,0,1709,100,0.0,0.0,1,0,1
No Adaptive,2,834,eval,strong,player_win,-10.0,5,50.0,1,Very Easy,0.05,0.0,0,1709,100,0.0,0.0,1,0,1
No Adaptive,2,835,eval,strong,player_win,-10.0,5,50.0,1,Very Easy,0.05,0.0,0,1709,100,0.0,0.0,1,0,1
No Adaptive,2,836,eval,strong,player_win,-10.0,5,50.0,1,Very Easy,0.05,0.0,0,1709,100,0.0,0.0,1,0,1
No Adaptive,2,837,eval,strong,player_win,-10.0,5,50.0,1,Very Easy,0.05,0.0,0,1709,100,0.0,0.0,1,0,1
No Adaptive,2,838,eval,strong,player_win,-10.0,5,50.0,1,Very Easy,0.05,0.0,0,1709,100,0.0,0.0,1,0,1
No Adaptive,2,839,eval,strong,player_win,-10.0,5,50.0,1,Very Easy,0.05,0.0,0,1709,100,0.0,0.0,1,0,1
No Adaptive,2,840,eval,strong,player_win,-10.0,5,50.0,1,Very Easy,0.05,0.0,0,1709,100,0.0,0.0,1,0,1
No Adaptive,2,841,eval,strong,player_win,-10.0,5,50.0,1,Very Easy,0.05,0.0,0,1709,100,0.0,0.0,1,0,1
No Adaptive,2,842,eval,strong,player_win,-10.0,5,50.0,1,Very Easy,0.05,0.0,0,1709,100,0.0,0.0,1,0,1
No Adaptive,2,843,eval,strong,player_win,-10.0,7,50.0,1,Very Easy,0.05,0.0,0,1709,100,0.0,0.0,2,0,1
No Adaptive,2,844,eval,strong,player_win,-10.0,5,50.0,1,Very Easy,0.05,0.0,0,1709,100,0.0,0.0,1,0,1
No Adaptive,2,845,eval,strong,player_win,-10.0,5,50.0,1,Very Easy,0.05,0.0,0,1709,100,0.0,0.0,2,0,0
No Adaptive,2,846,eval,strong,player_win,-10.0,5,50.0,1,Very Easy,0.05,0.0,0,1709,100,0.0,0.0,1,0,1
No Adaptive,2,847,eval,strong,player_win,-10.0,5,50.0,1,Very Easy,0.05,0.0,0,1709,100,0.0,0.0,1,0,1
No Adaptive,2,848,eval,strong,player_win,-10.0,5,50.0,1,Very Easy,0.05,0.0,0,1709,100,0.0,0.0,1,0,1
No Adaptive,2,849,eval,strong,player_win,-10.0,5,50.0,1,Very Easy,0.05,0.0,0,1709,100,0.0,0.0,1,0,1
No Adaptive,2,850,eval,strong,player_win,-10.0,5,50.0,1,Very Easy,0.05,0.0,0,1709,100,0.0,0.0,1,0,1
No Adaptive,2,851,eval,strong,player_win,-10.0,5,50.0,1,Very Easy,0.05,0.0,0,1709,100,0.0,0.0,1,0,1
No Adaptive,2,852,eval,strong,player_win,-10.0,5,50.0,1,Very Easy,0.05,0.0,0,1709,100,0.0,0.0,1,0,1
No Adaptive,2,853,eval,strong,player_win,-10.0,5,50.0,1,Very Easy,0.05,0.0,0,1709,100,0.0,0.0,1,0,1
No Adaptive,2,854,eval,strong,player_win,-10.0,5,50.0,1,Very Easy,0.05,0.0,0,1709,100,0.0,0.0,1,0,1
No Adaptive,2,855,eval,strong,player_win,-10.0,5,50.0,1,Very Easy,0.05,0.0,0,1709,100,0.0,0.0,1,0,1
No Adaptive,2,856,eval,strong,player_win,-10.0,5,50.0,1,Very Easy,0.05,0.0,0,1709,100,0.0,0.0,1,0,1
No Adaptive,2,857,eval,strong,player_win,-10.0,5,50.0,1,Very Easy,0.05,0.0,0,1709,100,0.0,0.0,1,0,1
No Adaptive,2,858,eval,strong,player_win,-10.0,5,50.0,1,Very Easy,0.05,0.0,0,1709,100,0.0,0.0,1,0,1
No Adaptive,2,859,eval,strong,player_win,-10.0,5,50.0,1,Very Easy,0.05,0.0,0,1709,100,0.0,0.0,1,0,1
No Adaptive,2,860,eval,strong,player_win,-10.0,5,50.0,1,Very Easy,0.05,0.0,0,1709,100,0.0,0.0,1,0,1
No Adaptive,2,861,eval,strong,player_win,-10.0,5,50.0,1,Very Easy,0.05,0.0,0,1709,100,0.0,0.0,1,0,1
No Adaptive,2,862,eval,strong,player_win,-10.0,5,50.0,1,Very Easy,0.05,0.0,0,1709,100,0.0,0.0,1,0,1
No Adaptive,2,863,eval,strong,player_win,-10.0,5,50.0,1,Very Easy,0.05,0.0,0,1709,100,0.0,0.0,1,0,1
No Adaptive,2,864,eval,strong,player_win,-10.0,5,50.0,1,Very Easy,0.05,0.0,0,1709,100,0.0,0.0,1,0,1
No Adaptive,2,865,eval,strong,player_win,-10.0,7,50.0,1,Very Easy,0.05,0.0,0,1709,100,0.0,0.0,2,0,1
No Adaptive,2,866,eval,strong,player_win,-10.0,5,50.0,1,Very Easy,0.05,0.0,0,1709,100,0.0,0.0,1,0,1
No Adaptive,2,867,eval,strong,player_win,-10.0,5,50.0,1,Very Easy,0.05,0.0,0,1709,100,0.0,0.0,1,0,1
No Adaptive,2,868,eval,strong,player_win,-10.0,5,50.0,1,Very Easy,0.05,0.0,0,1709,100,0.0,0.0,1,0,1
No Adaptive,2,869,eval,strong,player_win,-10.0,5,50.0,1,Very Easy,0.05,0.0,0,1709,100,0.0,0.0,1,0,1
No Adaptive,2,870,eval,strong,player_win,-10.0,7,50.0,1,Very Easy,0.05,0.0,0,1709,100,0.0,0.0,2,0,1
No Adaptive,2,871,eval,strong,player_win,-10.0,5,50.0,1,Very Easy,0.05,0.0,0,1709,100,0.0,0.0,1,0,1
No Adaptive,2,872,eval,strong,player_win,-10.0,7,50.0,1,Very Easy,0.05,0.0,0,1709,100,0.0,0.0,2,0,1
No Adaptive,2,873,eval,strong,player_win,-10.0,5,50.0,1,Very Easy,0.05,0.0,0,1709,100,0.0,0.0,2,0,0
No Adaptive,2,874,eval,strong,player_win,-10.0,5,50.0,1,Very Easy,0.05,0.0,0,1709,100,0.0,0.0,1,0,1
No Adaptive,2,875,eval,strong,player_win,-10.0,7,50.0,1,Very Easy,0.05,0.0,0,1709,100,0.0,0.0,2,0,1
No Adaptive,2,876,eval,strong,player_win,-10.0,5,50.0,1,Very Easy,0.05,0.0,0,1709,100,0.0,0.0,1,0,1
No Adaptive,2,877,eval,strong,player_win,-10.0,5,50.0,1,Very Easy,0.05,0.0,0,1709,100,0.0,0.0,1,0,1
No Adaptive,2,878,eval,strong,player_win,-10.0,5,50.0,1,Very Easy,0.05,0.0,0,1709,100,0.0,0.0,1,0,1
No Adaptive,2,879,eval,strong,player_win,-10.0,5,50.0,1,Very Easy,0.05,0.0,0,1709,100,0.0,0.0,1,0,1
No Adaptive,2,880,eval,strong,player_win,-10.0,5,50.0,1,Very Easy,0.05,0.0,0,1709,100,0.0,0.0,1,0,1
No Adaptive,2,881,eval,strong,player_win,-10.0,5,50.0,1,Very Easy,0.05,0.0,0,1709,100,0.0,0.0,1,0,1
No Adaptive,2,882,eval,strong,player_win,-10.0,5,50.0,1,Very Easy,0.05,0.0,0,1709,100,0.0,0.0,1,0,1
No Adaptive,2,883,eval,strong,player_win,-10.0,5,50.0,1,Very Easy,0.05,0.0,0,1709,100,0.0,0.0,1,0,1
No Adaptive,2,884,eval,strong,player_win,-10.0,5,50.0,1,Very Easy,0.05,0.0,0,1709,100,0.0,0.0,1,0,1
No Adaptive,2,885,eval,strong,player_win,-10.0,5,50.0,1,Very Easy,0.05,0.0,0,1709,100,0.0,0.0,1,0,1
No Adaptive,2,886,eval,strong,player_win,-10.0,5,50.0,1,Very Easy,0.05,0.0,0,1709,100,0.0,0.0,2,0,0
No Adaptive,2,887,eval,strong,player_win,-10.0,5,50.0,1,Very Easy,0.05,0.0,0,1709,100,0.0,0.0,1,0,1
No Adaptive,2,888,eval,strong,player_win,-10.0,5,50.0,1,Very Easy,0.05,0.0,0,1709,100,0.0,0.0,1,0,1
No Adaptive,2,889,eval,strong,player_win,-10.0,7,50.0,1,Very Easy,0.05,0.0,0,1709,100,0.0,0.0,2,0,1
No Adaptive,2,890,eval,strong,player_win,-10.0,5,50.0,1,Very Easy,0.05,0.0,0,1709,100,0.0,0.0,1,0,1
No Adaptive,2,891,eval,strong,player_win,-10.0,5,50.0,1,Very Easy,0.05,0.0,0,1709,100,0.0,0.0,1,0,1
No Adaptive,2,892,eval,strong,player_win,-10.0,5,50.0,1,Very Easy,0.05,0.0,0,1709,100,0.0,0.0,1,0,1
No Adaptive,2,893,eval,strong,player_win,-10.0,5,50.0,1,Very Easy,0.05,0.0,0,1709,100,0.0,0.0,1,0,1
No Adaptive,2,894,eval,strong,player_win,-10.0,5,50.0,1,Very Easy,0.05,0.0,0,1709,100,0.0,0.0,1,0,1
No Adaptive,2,895,eval,strong,player_win,-10.0,5,50.0,1,Very Easy,0.05,0.0,0,1709,100,0.0,0.0,1,0,1
No Adaptive,2,896,eval,strong,player_win,-10.0,5,50.0,1,Very Easy,0.05,0.0,0,1709,100,0.0,0.0,1,0,1
No Adaptive,2,897,eval,strong,player_win,-10.0,5,50.0,1,Very Easy,0.05,0.0,0,1709,100,0.0,0.0,1,0,1
No Adaptive,2,898,eval,strong,player_win,-10.0,5,50.0,1,Very Easy,0.05,0.0,0,1709,100,0.0,0.0,1,0,1
No Adaptive,2,899,eval,strong,player_win,-10.0,5,50.0,1,Very Easy,0.05,0.0,0,1709,100,0.0,0.0,2,0,0
No Adaptive,2,900,eval,strong,player_win,-10.0,5,50.0,1,Very Easy,0.05,0.0,0,1709,100,0.0,0.0,1,0,1
No Adaptive,2,901,eval,strong,player_win,-10.0,5,50.0,1,Very Easy,0.05,0.0,0,1709,100,0.0,0.0,1,0,1
No Adaptive,2,902,eval,strong,player_win,-10.0,7,50.0,1,Very Easy,0.05,0.0,0,1709,100,0.0,0.0,2,0,1
No Adaptive,2,903,eval,strong,player_win,-10.0,5,50.0,1,Very Easy,0.05,0.0,0,1709,100,0.0,0.0,2,0,0
No Adaptive,2,904,eval,strong,player_win,-10.0,5,50.0,1,Very Easy,0.05,0.0,0,1709,100,0.0,0.0,1,0,1
No Adaptive,2,905,eval,strong,player_win,-10.0,5,50.0,1,Very Easy,0.05,0.0,0,1709,100,0.0,0.0,1,0,1
No Adaptive,2,906,eval,strong,player_win,-10.0,5,50.0,1,Very Easy,0.05,0.0,0,1709,100,0.0,0.0,1,0,1
No Adaptive,2,907,eval,strong,player_win,-10.0,5,50.0,1,Very Easy,0.05,0.0,0,1709,100,0.0,0.0,2,0,0
No Adaptive,2,908,eval,strong,player_win,-10.0,5,50.0,1,Very Easy,0.05,0.0,0,1709,100,0.0,0.0,2,0,0
No Adaptive,2,909,eval,strong,player_win,-10.0,5,50.0,1,Very Easy,0.05,0.0,0,1709,100,0.0,0.0,1,0,1
No Adaptive,2,910,eval,strong,player_win,-10.0,5,50.0,1,Very Easy,0.05,0.0,0,1709,100,0.0,0.0,1,0,1
No Adaptive,2,911,eval,strong,player_win,-10.0,5,50.0,1,Very Easy,0.05,0.0,0,1709,100,0.0,0.0,1,0,1
No Adaptive,2,912,eval,strong,player_win,-10.0,5,50.0,1,Very Easy,0.05,0.0,0,1709,100,0.0,0.0,2,0,0
No Adaptive,2,913,eval,strong,player_win,-10.0,7,50.0,1,Very Easy,0.05,0.0,0,1709,100,0.0,0.0,2,0,1
No Adaptive,2,914,eval,strong,player_win,-10.0,5,50.0,1,Very Easy,0.05,0.0,0,1709,100,0.0,0.0,2,0,0
No Adaptive,2,915,eval,strong,player_win,-10.0,7,50.0,1,Very Easy,0.05,0.0,0,1709,100,0.0,0.0,2,0,1
No Adaptive,2,916,eval,strong,player_win,-10.0,5,50.0,1,Very Easy,0.05,0.0,0,1709,100,0.0,0.0,1,0,1
No Adaptive,2,917,eval,strong,player_win,-10.0,5,50.0,1,Very Easy,0.05,0.0,0,1709,100,0.0,0.0,1,0,1
No Adaptive,2,918,eval,strong,player_win,-10.0,5,50.0,1,Very Easy,0.05,0.0,0,1709,100,0.0,0.0,1,0,1
No Adaptive,2,919,eval,strong,player_win,-10.0,5,50.0,1,Very Easy,0.05,0.0,0,1709,100,0.0,0.0,1,0,1
No Adaptive,2,920,eval,strong,player_win,-10.0,5,50.0,1,Very Easy,0.05,0.0,0,1709,100,0.0,0.0,1,0,1
No Adaptive,2,921,eval,strong,player_win,-10.0,5,50.0,1,Very Easy,0.05,0.0,0,1709,100,0.0,0.0,1,0,1
No Adaptive,2,922,eval,strong,player_win,-10.0,5,50.0,1,Very Easy,0.05,0.0,0,1709,100,0.0,0.0,1,0,1
No Adaptive,2,923,eval,strong,player_win,-10.0,5,50.0,1,Very Easy,0.05,0.0,0,1709,100,0.0,0.0,1,0,1
No Adaptive,2,924,eval,strong,player_win,-10.0,5,50.0,1,Very Easy,0.05,0.0,0,1709,100,0.0,0.0,1,0,1
No Adaptive,2,925,eval,strong,player_win,-10.0,5,50.0,1,Very Easy,0.05,0.0,0,1709,100,0.0,0.0,1,0,1
No Adaptive,2,926,eval,strong,player_win,-10.0,5,50.0,1,Very Easy,0.05,0.0,0,1709,100,0.0,0.0,1,0,1
No Adaptive,2,927,eval,strong,player_win,-10.0,5,50.0,1,Very Easy,0.05,0.0,0,1709,100,0.0,0.0,1,0,1
No Adaptive,2,928,eval,strong,player_win,-10.0,5,50.0,1,Very Easy,0.05,0.0,0,1709,100,0.0,0.0,1,0,1
No Adaptive,2,929,eval,strong,player_win,-10.0,5,50.0,1,Very Easy,0.05,0.0,0,1709,100,0.0,0.0,1,0,1
No Adaptive,2,930,eval,strong,player_win,-10.0,7,50.0,1,Very Easy,0.05,0.0,0,1709,100,0.0,0.0,2,0,1
No Adaptive,2,931,eval,strong,player_win,-10.0,7,50.0,1,Very Easy,0.05,0.0,0,1709,100,0.0,0.0,2,0,1
No Adaptive,2,932,eval,strong,player_win,-10.0,7,50.0,1,Very Easy,0.05,0.0,0,1709,100,0.0,0.0,2,0,1
No Adaptive,2,933,eval,strong,player_win,-10.0,5,50.0,1,Very Easy,0.05,0.0,0,1709,100,0.0,0.0,1,0,1
No Adaptive,2,934,eval,strong,player_win,-10.0,5,50.0,1,Very Easy,0.05,0.0,0,1709,100,0.0,0.0,1,0,1
No Adaptive,2,935,eval,strong,player_win,-10.0,5,50.0,1,Very Easy,0.05,0.0,0,1709,100,0.0,0.0,1,0,1
No Adaptive,2,936,eval,strong,player_win,-10.0,5,50.0,1,Very Easy,0.05,0.0,0,1709,100,0.0,0.0,1,0,1
No Adaptive,2,937,eval,strong,player_win,-10.0,5,50.0,1,Very Easy,0.05,0.0,0,1709,100,0.0,0.0,1,0,1
No Adaptive,2,938,eval,strong,player_win,-10.0,5,50.0,1,Very Easy,0.05,0.0,0,1709,100,0.0,0.0,1,0,1
No Adaptive,2,939,eval,strong,player_win,-10.0,5,50.0,1,Very Easy,0.05,0.0,0,1709,100,0.0,0.0,1,0,1
No Adaptive,2,940,eval,strong,player_win,-10.0,5,50.0,1,Very Easy,0.05,0.0,0,1709,100,0.0,0.0,1,0,1
No Adaptive,2,941,eval,strong,player_win,-10.0,7,50.0,1,Very Easy,0.05,0.0,0,1709,100,0.0,0.0,2,0,1
No Adaptive,2,942,eval,strong,player_win,-10.0,7,50.0,1,Very Easy,0.05,0.0,0,1709,100,0.0,0.0,2,0,1
No Adaptive,2,943,eval,strong,player_win,-10.0,5,50.0,1,Very Easy,0.05,0.0,0,1709,100,0.0,0.0,1,0,1
No Adaptive,2,944,eval,strong,player_win,-10.0,5,50.0,1,Very Easy,0.05,0.0,0,1709,100,0.0,0.0,1,0,1
No Adaptive,2,945,eval,strong,player_win,-10.0,5,50.0,1,Very Easy,0.05,0.0,0,1709,100,0.0,0.0,1,0,1
No Adaptive,2,946,eval,strong,player_win,-10.0,5,50.0,1,Very Easy,0.05,0.0,0,1709,100,0.0,0.0,1,0,1
No Adaptive,2,947,eval,strong,player_win,-10.0,5,50.0,1,Very Easy,0.05,0.0,0,1709,100,0.0,0.0,1,0,1
No Adaptive,2,948,eval,strong,player_win,-10.0,5,50.0,1,Very Easy,0.05,0.0,0,1709,100,0.0,0.0,1,0,1
No Adaptive,2,949,eval,strong,player_win,-10.0,5,50.0,1,Very Easy,0.05,0.0,0,1709,100,0.0,0.0,1,0,1
No Adaptive,2,950,eval,strong,player_win,-10.0,5,50.0,1,Very Easy,0.05,0.0,0,1709,100,0.0,0.0,1,0,1
No Adaptive,2,951,eval,strong,player_win,-10.0,5,50.0,1,Very Easy,0.05,0.0,0,1709,100,0.0,0.0,1,0,1
No Adaptive,2,952,eval,strong,player_win,-10.0,5,50.0,1,Very Easy,0.05,0.0,0,1709,100,0.0,0.0,2,0,0
No Adaptive,2,953,eval,strong,player_win,-10.0,5,50.0,1,Very Easy,0.05,0.0,0,1709,100,0.0,0.0,2,0,0
No Adaptive,2,954,eval,strong,player_win,-10.0,5,50.0,1,Very Easy,0.05,0.0,0,1709,100,0.0,0.0,1,0,1
No Adaptive,2,955,eval,strong,player_win,-10.0,5,50.0,1,Very Easy,0.05,0.0,0,1709,100,0.0,0.0,2,0,0
No Adaptive,2,956,eval,strong,player_win,-10.0,5,50.0,1,Very Easy,0.05,0.0,0,1709,100,0.0,0.0,1,0,1
No Adaptive,2,957,eval,strong,player_win,-10.0,5,50.0,1,Very Easy,0.05,0.0,0,1709,100,0.0,0.0,1,0,1
No Adaptive,2,958,eval,strong,player_win,-10.0,5,50.0,1,Very Easy,0.05,0.0,0,1709,100,0.0,0.0,1,0,1
No Adaptive,2,959,eval,strong,player_win,-10.0,5,50.0,1,Very Easy,0.05,0.0,0,1709,100,0.0,0.0,1,0,1
No Adaptive,2,960,eval,strong,player_win,-10.0,7,50.0,1,Very Easy,0.05,0.0,0,1709,100,0.0,0.0,2,0,1
No Adaptive,2,961,eval,strong,player_win,-10.0,5,50.0,1,Very Easy,0.05,0.0,0,1709,100,0.0,0.0,1,0,1
No Adaptive,2,962,eval,strong,player_win,-10.0,5,50.0,1,Very Easy,0.05,0.0,0,1709,100,0.0,0.0,1,0,1
No Adaptive,2,963,eval,strong,player_win,-10.0,5,50.0,1,Very Easy,0.05,0.0,0,1709,100,0.0,0.0,1,0,1
No Adaptive,2,964,eval,strong,player_win,-10.0,5,50.0,1,Very Easy,0.05,0.0,0,1709,100,0.0,0.0,1,0,1
No Adaptive,2,965,eval,strong,player_win,-10.0,5,50.0,1,Very Easy,0.05,0.0,0,1709,100,0.0,0.0,1,0,1
No Adaptive,2,966,eval,strong,player_win,-10.0,5,50.0,1,Very Easy,0.05,0.0,0,1709,100,0.0,0.0,1,0,1
No Adaptive,2,967,eval,strong,player_win,-10.0,5,50.0,1,Very Easy,0.05,0.0,0,1709,100,0.0,0.0,1,0,1
No Adaptive,2,968,eval,strong,player_win,-10.0,7,50.0,1,Very Easy,0.05,0.0,0,1709,100,0.0,0.0,2,0,1
No Adaptive,2,969,eval,strong,player_win,-10.0,5,50.0,1,Very Easy,0.05,0.0,0,1709,100,0.0,0.0,1,0,1
No Adaptive,2,970,eval,strong,player_win,-10.0,5,50.0,1,Very Easy,0.05,0.0,0,1709,100,0.0,0.0,1,0,1
No Adaptive,2,971,eval,strong,player_win,-10.0,5,50.0,1,Very Easy,0.05,0.0,0,1709,100,0.0,0.0,1,0,1
No Adaptive,2,972,eval,strong,player_win,-10.0,5,50.0,1,Very Easy,0.05,0.0,0,1709,100,0.0,0.0,1,0,1
No Adaptive,2,973,eval,strong,player_win,-10.0,5,50.0,1,Very Easy,0.05,0.0,0,1709,100,0.0,0.0,1,0,1
No Adaptive,2,974,eval,strong,player_win,-10.0,7,50.0,1,Very Easy,0.05,0.0,0,1709,100,0.0,0.0,2,0,1
No Adaptive,2,975,eval,strong,player_win,-10.0,5,50.0,1,Very Easy,0.05,0.0,0,1709,100,0.0,0.0,1,0,1
No Adaptive,2,976,eval,strong,player_win,-10.0,5,50.0,1,Very Easy,0.05,0.0,0,1709,100,0.0,0.0,1,0,1
No Adaptive,2,977,eval,strong,player_win,-10.0,5,50.0,1,Very Easy,0.05,0.0,0,1709,100,0.0,0.0,1,0,1
No Adaptive,2,978,eval,strong,player_win,-10.0,5,50.0,1,Very Easy,0.05,0.0,0,1709,100,0.0,0.0,1,0,1
No Adaptive,2,979,eval,strong,player_win,-10.0,5,50.0,1,Very Easy,0.05,0.0,0,1709,100,0.0,0.0,1,0,1
No Adaptive,2,980,eval,strong,player_win,-10.0,7,50.0,1,Very Easy,0.05,0.0,0,1709,100,0.0,0.0,2,0,1
No Adaptive,2,981,eval,strong,player_win,-10.0,7,50.0,1,Very Easy,0.05,0.0,0,1709,100,0.0,0.0,2,0,1
No Adaptive,2,982,eval,strong,player_win,-10.0,5,50.0,1,Very Easy,0.05,0.0,0,1709,100,0.0,0.0,1,0,1
No Adaptive,2,983,eval,strong,player_win,-10.0,5,50.0,1,Very Easy,0.05,0.0,0,1709,100,0.0,0.0,1,0,1
No Adaptive,2,984,eval,strong,player_win,-10.0,5,50.0,1,Very Easy,0.05,0.0,0,1709,100,0.0,0.0,1,0,1
No Adaptive,2,985,eval,strong,player_win,-10.0,5,50.0,1,Very Easy,0.05,0.0,0,1709,100,0.0,0.0,1,0,1
No Adaptive,2,986,eval,strong,player_win,-10.0,5,50.0,1,Very Easy,0.05,0.0,0,1709,100,0.0,0.0,1,0,1
No Adaptive,2,987,eval,strong,player_win,-10.0,5,50.0,1,Very Easy,0.05,0.0,0,1709,100,0.0,0.0,2,0,0
No Adaptive,2,988,eval,strong,player_win,-10.0,5,50.0,1,Very Easy,0.05,0.0,0,1709,100,0.0,0.0,1,0,1
No Adaptive,2,989,eval,strong,player_win,-10.0,5,50.0,1,Very Easy,0.05,0.0,0,1709,100,0.0,0.0,1,0,1
No Adaptive,2,990,eval,strong,player_win,-10.0,5,50.0,1,Very Easy,0.05,0.0,0,1709,100,0.0,0.0,2,0,0
No Adaptive,2,991,eval,strong,player_win,-10.0,5,50.0,1,Very Easy,0.05,0.0,0,1709,100,0.0,0.0,1,0,1
No Adaptive,2,992,eval,strong,player_win,-10.0,5,50.0,1,Very Easy,0.05,0.0,0,1709,100,0.0,0.0,2,0,0
No Adaptive,2,993,eval,strong,player_win,-10.0,5,50.0,1,Very Easy,0.05,0.0,0,1709,100,0.0,0.0,1,0,1
No Adaptive,2,994,eval,strong,player_win,-10.0,7,50.0,1,Very Easy,0.05,0.0,0,1709,100,0.0,0.0,2,0,1
No Adaptive,2,995,eval,strong,player_win,-10.0,5,50.0,1,Very Easy,0.05,0.0,0,1709,100,0.0,0.0,1,0,1
No Adaptive,2,996,eval,strong,player_win,-10.0,5,50.0,1,Very Easy,0.05,0.0,0,1709,100,0.0,0.0,2,0,0
No Adaptive,2,997,eval,strong,player_win,-10.0,5,50.0,1,Very Easy,0.05,0.0,0,1709,100,0.0,0.0,1,0,1
No Adaptive,2,998,eval,strong,player_win,-10.0,5,50.0,1,Very Easy,0.05,0.0,0,1709,100,0.0,0.0,1,0,1
No Adaptive,2,999,eval,strong,player_win,-10.0,5,50.0,1,Very Easy,0.05,0.0,0,1709,100,0.0,0.0,1,0,1
No Adaptive,2,1000,eval,strong,player_win,-10.0,5,50.0,1,Very Easy,0.05,0.0,0,1709,100,0.0,0.0,1,0,1
No Adaptive,3,1,train,strong,player_win,-10.0,5,50.0,1,Very Easy,0.95,0.76,1,2,2,0.0,0.0,1,1,0
No Adaptive,3,2,train,strong,player_win,-10.0,5,50.0,1,Very Easy,0.9025,0.722,1,4,4,0.0,0.0,1,1,0
No Adaptive,3,3,train,strong,player_win,-10.0,5,50.0,1,Very Easy,0.8573749999999999,0.6859,1,6,5,0.0,0.0,1,1,0
No Adaptive,3,4,train,strong,player_win,-10.0,5,50.0,1,Very Easy,0.8145062499999999,0.651605,1,8,6,0.0,0.0,1,1,0
No Adaptive,3,5,train,strong,player_win,-10.0,5,50.0,1,Very Easy,0.7737809374999999,0.6190247499999999,1,10,7,0.0,0.0,1,1,0
No Adaptive,3,6,train,strong,player_win,-10.0,5,50.0,1,Very Easy,0.7350918906249998,0.5880735124999998,1,12,8,0.0,0.0,1,0,1
No Adaptive,3,7,train,strong,player_win,-10.0,5,50.0,1,Very Easy,0.6983372960937497,0.5586698368749998,1,14,10,0.0,0.0,1,0,1
No Adaptive,3,8,train,strong,player_win,-10.0,5,50.0,1,Very Easy,0.6634204312890623,0.5307363450312498,1,16,11,0.0,0.0,1,1,0
No Adaptive,3,9,train,strong,player_win,-10.0,5,50.0,1,Very Easy,0.6302494097246091,0.5041995277796872,1,18,12,0.0,0.0,1,0,1
No Adaptive,3,10,train,strong,player_win,-10.0,5,50.0,1,Very Easy,0.5987369392383786,0.4789895513907029,1,20,14,0.0,0.0,1,1,0
No Adaptive,3,11,train,strong,player_win,-10.0,5,50.0,1,Very Easy,0.5688000922764596,0.4550400738211677,1,22,15,0.0,0.0,2,0,0
No Adaptive,3,12,train,strong,player_win,-10.0,5,50.0,1,Very Easy,0.5403600876626365,0.4322880701301093,1,24,16,0.0,0.0,1,0,1
No Adaptive,3,13,train,strong,player_win,-10.0,5,50.0,1,Very Easy,0.5133420832795047,0.4106736666236038,1,26,17,0.0,0.0,1,0,1
No Adaptive,3,14,train,strong,player_win,-10.0,5,50.0,1,Very Easy,0.48767497911552943,0.39013998329242355,1,28,18,0.0,0.0,1,1,0
No Adaptive,3,15,train,strong,player_win,-10.0,7,50.0,1,Very Easy,0.46329123015975293,0.3706329841278024,1,31,20,0.0,0.0,2,0,1
No Adaptive,3,16,train,strong,player_win,-10.0,7,50.0,1,Very Easy,0.44012666865176525,0.3521013349214122,1,34,22,0.0,0.0,2,1,0
No Adaptive,3,17,train,strong,player_win,-10.0,5,50.0,1,Very Easy,0.41812033521917696,0.3344962681753416,1,36,23,0.0,0.0,1,0,1
No Adaptive,3,18,train,strong,player_win,-10.0,5,50.0,1,Very Easy,0.3972143184582181,0.3177714547665745,1,38,24,0.0,0.0,1,0,1
No Adaptive,3,19,train,strong,player_win,-10.0,5,50.0,1,Very Easy,0.37735360253530714,0.30188288202824576,1,40,24,0.0,0.0,1,0,1
No Adaptive,3,20,train,strong,player_win,-10.0,5,50.0,1,Very Easy,0.35848592240854177,0.2867887379268334,1,42,24,0.0,0.0,2,0,0
No Adaptive,3,21,train,strong,player_win,-10.0,5,50.0,1,Very Easy,0.34056162628811465,0.27244930103049175,1,44,25,0.0,0.0,1,1,0
No Adaptive,3,22,train,strong,player_win,-10.0,5,50.0,1,Very Easy,0.3235335449737089,0.2588268359789671,1,46,26,0.0,0.0,1,0,1
No Adaptive,3,23,train,strong,player_win,-10.0,5,50.0,1,Very Easy,0.30735686772502346,0.2458854941800188,1,48,27,0.0,0.0,1,0,1
No Adaptive,3,24,train,strong,player_win,-10.0,5,50.0,1,Very Easy,0.2919890243387723,0.23359121947101782,1,50,28,0.0,0.0,1,0,1
No Adaptive,3,25,train,strong,player_win,-10.0,5,50.0,1,Very Easy,0.27738957312183365,0.22191165849746694,1,52,29,0.0,0.0,1,0,1
No Adaptive,3,26,train,strong,player_win,-10.0,5,50.0,1,Very Easy,0.263520094465742,0.2108160755725936,1,54,29,0.0,0.0,1,0,1
No Adaptive,3,27,train,strong,player_win,-10.0,5,50.0,1,Very Easy,0.25034408974245487,0.2002752717939639,1,56,30,0.0,0.0,1,1,0
No Adaptive,3,28,train,strong,player_win,-10.0,5,50.0,1,Very Easy,0.2378268852553321,0.19026150820426568,1,58,31,0.0,0.0,1,0,1
No Adaptive,3,29,train,strong,player_win,-10.0,5,50.0,1,Very Easy,0.2259355409925655,0.1807484327940524,1,60,32,0.0,0.0,1,0,1
No Adaptive,3,30,train,strong,player_win,-10.0,5,50.0,1,Very Easy,0.2146387639429372,0.17171101115434978,1,62,33,0.0,0.0,1,0,1
No Adaptive,3,31,train,strong,player_win,-10.0,7,50.0,1,Very Easy,0.20390682574579033,0.16312546059663227,1,65,35,0.0,0.0,2,0,1
No Adaptive,3,32,train,strong,player_win,-10.0,5,50.0,1,Very Easy,0.1937114844585008,0.15496918756680067,1,67,36,0.0,0.0,1,0,1
No Adaptive,3,33,train,strong,player_win,-10.0,5,50.0,1,Very Easy,0.18402591023557577,0.14722072818846063,1,69,37,0.0,0.0,1,0,1
No Adaptive,3,34,train,strong,player_win,-10.0,5,50.0,1,Very Easy,0.17482461472379698,0.1398596917790376,1,71,37,0.0,0.0,1,0,1
No Adaptive,3,35,train,strong,player_win,-10.0,5,50.0,1,Very Easy,0.16608338398760714,0.13286670719008573,1,73,38,0.0,0.0,1,0,1
No Adaptive,3,36,train,strong,player_win,-10.0,5,50.0,1,Very Easy,0.15777921478822676,0.1262233718305814,1,75,38,0.0,0.0,1,0,1
No Adaptive,3,37,train,strong,player_win,-10.0,5,50.0,1,Very Easy,0.14989025404881542,0.11991220323905234,1,77,38,0.0,0.0,1,0,1
No Adaptive,3,38,train,strong,player_win,-10.0,5,50.0,1,Very Easy,0.14239574134637464,0.11391659307709973,1,79,38,0.0,0.0,1,0,1
No Adaptive,3,39,train,strong,player_win,-10.0,5,50.0,1,Very Easy,0.1352759542790559,0.10822076342324471,1,81,39,0.0,0.0,1,0,1
No Adaptive,3,40,train,strong,player_win,-10.0,5,50.0,1,Very Easy,0.1285121565651031,0.10280972525208248,1,83,39,0.0,0.0,1,0,1
No Adaptive,3,41,train,strong,player_win,-10.0,5,50.0,1,Very Easy,0.12208654873684793,0.09766923898947835,1,85,40,0.0,0.0,1,0,1
No Adaptive,3,42,train,strong,player_win,-10.0,5,50.0,1,Very Easy,0.11598222130000553,0.09278577704000443,1,87,41,0.0,0.0,1,0,1
No Adaptive,3,43,train,strong,player_win,-10.0,5,50.0,1,Very Easy,0.11018311023500525,0.0881464881880042,1,89,41,0.0,0.0,1,0,1
No Adaptive,3,44,train,strong,player_win,-10.0,5,50.0,1,Very Easy,0.10467395472325498,0.08373916377860399,1,91,42,0.0,0.0,1,0,1
No Adaptive,3,45,train,strong,player_win,-10.0,5,50.0,1,Very Easy,0.09944025698709223,0.0795522055896738,1,93,43,0.0,0.0,1,0,1
No Adaptive,3,46,train,strong,player_win,-10.0,5,50.0,1,Very Easy,0.09446824413773762,0.0755745953101901,1,95,43,0.0,0.0,1,0,1
No Adaptive,3,47,train,strong,player_win,-10.0,5,50.0,1,Very Easy,0.08974483193085074,0.07179586554468059,1,97,43,0.0,0.0,1,0,1
No Adaptive,3,48,train,strong,player_win,-10.0,5,50.0,1,Very Easy,0.0852575903343082,0.06820607226744656,1,99,44,0.0,0.0,1,0,1
No Adaptive,3,49,train,strong,player_win,-10.0,5,50.0,1,Very Easy,0.08099471081759278,0.06479576865407423,1,101,44,0.0,0.0,1,0,1
No Adaptive,3,50,train,strong,player_win,-10.0,5,50.0,1,Very Easy,0.07694497527671314,0.061555980221370515,1,103,44,0.0,0.0,1,0,1
No Adaptive,3,51,train,strong,player_win,-10.0,5,50.0,1,Very Easy,0.07309772651287748,0.05847818121030199,1,105,44,0.0,0.0,1,0,1
No Adaptive,3,52,train,strong,player_win,-10.0,5,50.0,1,Very Easy,0.0694428401872336,0.05555427214978688,1,107,45,0.0,0.0,2,0,0
No Adaptive,3,53,train,strong,player_win,-10.0,5,50.0,1,Very Easy,0.0659706981778719,0.05277655854229753,1,109,45,0.0,0.0,1,0,1
No Adaptive,3,54,train,strong,player_win,-10.0,5,50.0,1,Very Easy,0.0626721632689783,0.050137730615182646,1,111,46,0.0,0.0,1,0,1
No Adaptive,3,55,train,strong,player_win,-10.0,5,50.0,1,Very Easy,0.059538555105529384,0.05,1,113,46,0.0,0.0,2,0,0
No Adaptive,3,56,train,strong,player_win,-10.0,5,50.0,1,Very Easy,0.05656162735025291,0.05,1,115,47,0.0,0.0,1,0,1
No Adaptive,3,57,train,strong,player_win,-10.0,5,50.0,1,Very Easy,0.053733545982740265,0.05,1,117,47,0.0,0.0,1,0,1
No Adaptive,3,58,train,strong,player_win,-10.0,5,50.0,1,Very Easy,0.05104686868360325,0.05,1,119,47,0.0,0.0,2,0,0
No Adaptive,3,59,train,strong,player_win,-10.0,5,50.0,1,Very Easy,0.05,0.05,1,121,47,0.0,0.0,1,0,1
No Adaptive,3,60,train,strong,player_win,-10.0,5,50.0,1,Very Easy,0.05,0.05,1,123,48,0.0,0.0,2,0,0
No Adaptive,3,61,train,strong,player_win,-10.0,5,50.0,1,Very Easy,0.05,0.05,1,125,49,0.0,0.0,1,0,1
No Adaptive,3,62,train,strong,player_win,-10.0,5,50.0,1,Very Easy,0.05,0.05,1,127,50,0.0,0.0,1,0,1
No Adaptive,3,63,train,strong,player_win,-10.0,5,50.0,1,Very Easy,0.05,0.05,1,129,50,0.0,0.0,1,0,1
No Adaptive,3,64,train,strong,player_win,-10.0,5,50.0,1,Very Easy,0.05,0.05,1,131,50,0.0,0.0,1,0,1
No Adaptive,3,65,train,strong,player_win,-10.0,5,50.0,1,Very Easy,0.05,0.05,1,133,51,0.0,0.0,1,0,1
No Adaptive,3,66,train,strong,player_win,-10.0,5,50.0,1,Very Easy,0.05,0.05,1,135,51,0.0,0.0,1,0,1
No Adaptive,3,67,train,strong,player_win,-10.0,5,50.0,1,Very Easy,0.05,0.05,1,137,51,0.0,0.0,1,1,0
No Adaptive,3,68,train,strong,player_win,-10.0,5,50.0,1,Very Easy,0.05,0.05,1,139,51,0.0,0.0,2,0,0
No Adaptive,3,69,train,strong,player_win,-10.0,5,50.0,1,Very Easy,0.05,0.05,1,141,51,0.0,0.0,1,0,1
No Adaptive,3,70,train,strong,player_win,-10.0,5,50.0,1,Very Easy,0.05,0.05,1,143,52,0.0,0.0,1,0,1
No Adaptive,3,71,train,strong,player_win,-10.0,5,50.0,1,Very Easy,0.05,0.05,1,145,52,0.0,0.0,1,1,0
No Adaptive,3,72,train,strong,player_win,-10.0,7,50.0,1,Very Easy,0.05,0.05,1,148,54,0.0,0.0,2,1,0
No Adaptive,3,73,train,strong,player_win,-10.0,5,50.0,1,Very Easy,0.05,0.05,1,150,54,0.0,0.0,1,0,1
No Adaptive,3,74,train,strong,player_win,-10.0,5,50.0,1,Very Easy,0.05,0.05,1,152,54,0.0,0.0,1,0,1
No Adaptive,3,75,train,strong,player_win,-10.0,5,50.0,1,Very Easy,0.05,0.05,1,154,54,0.0,0.0,1,0,1
No Adaptive,3,76,train,strong,player_win,-10.0,5,50.0,1,Very Easy,0.05,0.05,1,156,54,0.0,0.0,1,0,1
No Adaptive,3,77,train,strong,player_win,-10.0,5,50.0,1,Very Easy,0.05,0.05,1,158,54,0.0,0.0,1,1,0
No Adaptive,3,78,train,strong,player_win,-10.0,5,50.0,1,Very Easy,0.05,0.05,1,160,54,0.0,0.0,1,1,0
No Adaptive,3,79,train,strong,player_win,-10.0,7,50.0,1,Very Easy,0.05,0.05,1,163,56,0.0,0.0,2,0,1
No Adaptive,3,80,train,strong,player_win,-10.0,5,50.0,1,Very Easy,0.05,0.05,1,165,56,0.0,0.0,1,0,1
No Adaptive,3,81,train,strong,player_win,-10.0,5,50.0,1,Very Easy,0.05,0.05,1,167,56,0.0,0.0,1,0,1
No Adaptive,3,82,train,strong,player_win,-10.0,5,50.0,1,Very Easy,0.05,0.05,1,169,56,0.0,0.0,1,0,1
No Adaptive,3,83,train,strong,player_win,-10.0,5,50.0,1,Very Easy,0.05,0.05,1,171,56,0.0,0.0,1,0,1
No Adaptive,3,84,train,strong,player_win,-10.0,7,50.0,1,Very Easy,0.05,0.05,1,174,56,0.0,0.0,2,0,1
No Adaptive,3,85,train,strong,player_win,-10.0,5,50.0,1,Very Easy,0.05,0.05,1,176,57,0.0,0.0,1,0,1
No Adaptive,3,86,train,strong,player_win,-10.0,5,50.0,1,Very Easy,0.05,0.05,1,178,57,0.0,0.0,1,0,1
No Adaptive,3,87,train,strong,player_win,-10.0,5,50.0,1,Very Easy,0.05,0.05,1,180,58,0.0,0.0,1,0,1
No Adaptive,3,88,train,strong,player_win,-10.0,5,50.0,1,Very Easy,0.05,0.05,1,182,58,0.0,0.0,1,1,0
No Adaptive,3,89,train,strong,player_win,-10.0,5,50.0,1,Very Easy,0.05,0.05,1,184,58,0.0,0.0,2,0,0
No Adaptive,3,90,train,strong,player_win,-10.0,5,50.0,1,Very Easy,0.05,0.05,1,186,58,0.0,0.0,1,0,1
No Adaptive,3,91,train,strong,player_win,-10.0,5,50.0,1,Very Easy,0.05,0.05,1,188,58,0.0,0.0,1,1,0
No Adaptive,3,92,train,strong,player_win,-10.0,5,50.0,1,Very Easy,0.05,0.05,1,190,58,0.0,0.0,1,0,1
No Adaptive,3,93,train,strong,player_win,-10.0,5,50.0,1,Very Easy,0.05,0.05,1,192,58,0.0,0.0,1,0,1
No Adaptive,3,94,train,strong,player_win,-10.0,5,50.0,1,Very Easy,0.05,0.05,1,194,59,0.0,0.0,1,0,1
No Adaptive,3,95,train,strong,player_win,-10.0,5,50.0,1,Very Easy,0.05,0.05,1,196,59,0.0,0.0,1,0,1
No Adaptive,3,96,train,strong,player_win,-10.0,5,50.0,1,Very Easy,0.05,0.05,1,198,59,0.0,0.0,1,0,1
No Adaptive,3,97,train,strong,player_win,-10.0,5,50.0,1,Very Easy,0.05,0.05,1,200,60,0.0,0.0,1,0,1
No Adaptive,3,98,train,strong,player_win,-10.0,5,50.0,1,Very Easy,0.05,0.05,1,202,60,0.0,0.0,1,0,1
No Adaptive,3,99,train,strong,player_win,-10.0,5,50.0,1,Very Easy,0.05,0.05,1,204,60,0.0,0.0,1,0,1
No Adaptive,3,100,train,strong,player_win,-10.0,5,50.0,1,Very Easy,0.05,0.05,1,206,61,0.0,0.0,1,0,1
No Adaptive,3,101,train,strong,player_win,-10.0,5,50.0,1,Very Easy,0.05,0.05,1,208,61,0.0,0.0,1,0,1
No Adaptive,3,102,train,strong,player_win,-10.0,5,50.0,1,Very Easy,0.05,0.05,1,210,62,0.0,0.0,1,0,1
No Adaptive,3,103,train,strong,player_win,-10.0,5,50.0,1,Very Easy,0.05,0.05,1,212,62,0.0,0.0,1,0,1
No Adaptive,3,104,train,strong,player_win,-10.0,5,50.0,1,Very Easy,0.05,0.05,1,214,62,0.0,0.0,1,0,1
No Adaptive,3,105,train,strong,player_win,-10.0,5,50.0,1,Very Easy,0.05,0.05,1,216,63,0.0,0.0,1,0,1
No Adaptive,3,106,train,strong,player_win,-10.0,5,50.0,1,Very Easy,0.05,0.05,1,218,63,0.0,0.0,1,0,1
No Adaptive,3,107,train,strong,player_win,-10.0,5,50.0,1,Very Easy,0.05,0.05,1,220,63,0.0,0.0,1,0,1
No Adaptive,3,108,train,strong,player_win,-10.0,7,50.0,1,Very Easy,0.05,0.05,1,223,63,0.0,0.0,2,0,1
No Adaptive,3,109,train,strong,player_win,-10.0,5,50.0,1,Very Easy,0.05,0.05,1,225,63,0.0,0.0,1,0,1
No Adaptive,3,110,train,strong,player_win,-10.0,5,50.0,1,Very Easy,0.05,0.05,1,227,64,0.0,0.0,1,0,1
No Adaptive,3,111,train,strong,player_win,-10.0,7,50.0,1,Very Easy,0.05,0.05,1,230,66,0.0,0.0,2,0,1
No Adaptive,3,112,train,strong,player_win,-10.0,5,50.0,1,Very Easy,0.05,0.05,1,232,66,0.0,0.0,1,0,1
No Adaptive,3,113,train,strong,player_win,-10.0,7,50.0,1,Very Easy,0.05,0.05,1,235,68,0.0,0.0,2,0,1
No Adaptive,3,114,train,strong,player_win,-10.0,5,50.0,1,Very Easy,0.05,0.05,1,237,69,0.0,0.0,1,0,1
No Adaptive,3,115,train,strong,player_win,-10.0,5,50.0,1,Very Easy,0.05,0.05,1,239,70,0.0,0.0,1,0,1
No Adaptive,3,116,train,strong,player_win,-10.0,5,50.0,1,Very Easy,0.05,0.05,1,241,71,0.0,0.0,1,0,1
No Adaptive,3,117,train,strong,player_win,-10.0,7,50.0,1,Very Easy,0.05,0.05,1,244,72,0.0,0.0,2,0,1
No Adaptive,3,118,train,strong,player_win,-10.0,5,50.0,1,Very Easy,0.05,0.05,1,246,73,0.0,0.0,1,0,1
No Adaptive,3,119,train,strong,player_win,-10.0,5,50.0,1,Very Easy,0.05,0.05,1,248,73,0.0,0.0,2,0,0
No Adaptive,3,120,train,strong,player_win,-10.0,5,50.0,1,Very Easy,0.05,0.05,1,250,74,0.0,0.0,1,0,1
No Adaptive,3,121,train,strong,player_win,-10.0,7,50.0,1,Very Easy,0.05,0.05,1,253,76,0.0,0.0,2,0,1
No Adaptive,3,122,train,strong,player_win,-10.0,7,50.0,1,Very Easy,0.05,0.05,1,256,77,0.0,0.0,2,0,1
No Adaptive,3,123,train,strong,player_win,-10.0,5,50.0,1,Very Easy,0.05,0.05,1,258,77,0.0,0.0,1,0,1
No Adaptive,3,124,train,strong,player_win,-10.0,5,50.0,1,Very Easy,0.05,0.05,1,260,77,0.0,0.0,1,0,1
No Adaptive,3,125,train,strong,player_win,-10.0,5,50.0,1,Very Easy,0.05,0.05,1,262,77,0.0,0.0,1,0,1
No Adaptive,3,126,train,strong,player_win,-10.0,7,50.0,1,Very Easy,0.05,0.05,1,265,77,0.0,0.0,2,0,1
No Adaptive,3,127,train,strong,player_win,-10.0,5,50.0,1,Very Easy,0.05,0.05,1,267,78,0.0,0.0,1,0,1
No Adaptive,3,128,train,strong,player_win,-10.0,5,50.0,1,Very Easy,0.05,0.05,1,269,78,0.0,0.0,1,0,1
No Adaptive,3,129,train,strong,player_win,-10.0,5,50.0,1,Very Easy,0.05,0.05,1,271,79,0.0,0.0,1,0,1
No Adaptive,3,130,train,strong,player_win,-10.0,5,50.0,1,Very Easy,0.05,0.05,1,273,79,0.0,0.0,1,0,1
No Adaptive,3,131,train,strong,player_win,-10.0,5,50.0,1,Very Easy,0.05,0.05,1,275,79,0.0,0.0,1,0,1
No Adaptive,3,132,train,strong,player_win,-10.0,7,50.0,1,Very Easy,0.05,0.05,1,278,80,0.0,0.0,2,0,1
No Adaptive,3,133,train,strong,player_win,-10.0,5,50.0,1,Very Easy,0.05,0.05,1,280,80,0.0,0.0,1,0,1
No Adaptive,3,134,train,strong,player_win,-10.0,5,50.0,1,Very Easy,0.05,0.05,1,282,80,0.0,0.0,2,0,0
No Adaptive,3,135,train,strong,player_win,-10.0,5,50.0,1,Very Easy,0.05,0.05,1,284,80,0.0,0.0,1,0,1
No Adaptive,3,136,train,strong,player_win,-10.0,5,50.0,1,Very Easy,0.05,0.05,1,286,80,0.0,0.0,1,0,1
No Adaptive,3,137,train,strong,player_win,-10.0,5,50.0,1,Very Easy,0.05,0.05,1,288,80,0.0,0.0,1,0,1
No Adaptive,3,138,train,strong,player_win,-10.0,5,50.0,1,Very Easy,0.05,0.05,1,290,81,0.0,0.0,1,0,1
No Adaptive,3,139,train,strong,player_win,-10.0,5,50.0,1,Very Easy,0.05,0.05,1,292,81,0.0,0.0,1,0,1
No Adaptive,3,140,train,strong,player_win,-10.0,5,50.0,1,Very Easy,0.05,0.05,1,294,81,0.0,0.0,1,0,1
No Adaptive,3,141,train,strong,player_win,-10.0,5,50.0,1,Very Easy,0.05,0.05,1,296,81,0.0,0.0,1,0,1
No Adaptive,3,142,train,strong,player_win,-10.0,5,50.0,1,Very Easy,0.05,0.05,1,298,81,0.0,0.0,1,0,1
No Adaptive,3,143,train,strong,player_win,-10.0,5,50.0,1,Very Easy,0.05,0.05,1,300,81,0.0,0.0,1,1,0
No Adaptive,3,144,train,strong,player_win,-10.0,7,50.0,1,Very Easy,0.05,0.05,1,303,83,0.0,0.0,2,0,1
No Adaptive,3,145,train,strong,player_win,-10.0,5,50.0,1,Very Easy,0.05,0.05,1,305,83,0.0,0.0,1,0,1
No Adaptive,3,146,train,strong,player_win,-10.0,5,50.0,1,Very Easy,0.05,0.05,1,307,83,0.0,0.0,1,0,1
No Adaptive,3,147,train,strong,player_win,-10.0,5,50.0,1,Very Easy,0.05,0.05,1,309,83,0.0,0.0,1,1,0
No Adaptive,3,148,train,strong,player_win,-10.0,5,50.0,1,Very Easy,0.05,0.05,1,311,83,0.0,0.0,1,0,1
No Adaptive,3,149,train,strong,player_win,-10.0,5,50.0,1,Very Easy,0.05,0.05,1,313,84,0.0,0.0,1,0,1
No Adaptive,3,150,train,strong,player_win,-10.0,5,50.0,1,Very Easy,0.05,0.05,1,315,84,0.0,0.0,1,0,1
No Adaptive,3,151,train,strong,player_win,-10.0,5,50.0,1,Very Easy,0.05,0.05,1,317,84,0.0,0.0,1,0,1
No Adaptive,3,152,train,strong,player_win,-10.0,5,50.0,1,Very Easy,0.05,0.05,1,319,84,0.0,0.0,2,0,0
No Adaptive,3,153,train,strong,player_win,-10.0,5,50.0,1,Very Easy,0.05,0.05,1,321,84,0.0,0.0,1,0,1
No Adaptive,3,154,train,strong,player_win,-10.0,5,50.0,1,Very Easy,0.05,0.05,1,323,85,0.0,0.0,1,0,1
No Adaptive,3,155,train,strong,player_win,-10.0,5,50.0,1,Very Easy,0.05,0.05,1,325,86,0.0,0.0,1,0,1
No Adaptive,3,156,train,strong,player_win,-10.0,5,50.0,1,Very Easy,0.05,0.05,1,327,86,0.0,0.0,1,0,1
No Adaptive,3,157,train,strong,player_win,-10.0,5,50.0,1,Very Easy,0.05,0.05,1,329,86,0.0,0.0,1,0,1
No Adaptive,3,158,train,strong,player_win,-10.0,5,50.0,1,Very Easy,0.05,0.05,1,331,86,0.0,0.0,1,0,1
No Adaptive,3,159,train,strong,player_win,-10.0,5,50.0,1,Very Easy,0.05,0.05,1,333,86,0.0,0.0,1,0,1
No Adaptive,3,160,train,strong,player_win,-10.0,5,50.0,1,Very Easy,0.05,0.05,1,335,86,0.0,0.0,1,0,1
No Adaptive,3,161,train,strong,player_win,-10.0,5,50.0,1,Very Easy,0.05,0.05,1,337,86,0.0,0.0,1,0,1
No Adaptive,3,162,train,strong,player_win,-10.0,5,50.0,1,Very Easy,0.05,0.05,1,339,87,0.0,0.0,1,0,1
No Adaptive,3,163,train,strong,player_win,-10.0,5,50.0,1,Very Easy,0.05,0.05,1,341,87,0.0,0.0,1,1,0
No Adaptive,3,164,train,strong,player_win,-10.0,5,50.0,1,Very Easy,0.05,0.05,1,343,87,0.0,0.0,1,0,1
No Adaptive,3,165,train,strong,player_win,-10.0,5,50.0,1,Very Easy,0.05,0.05,1,345,87,0.0,0.0,1,1,0
No Adaptive,3,166,train,strong,player_win,-10.0,5,50.0,1,Very Easy,0.05,0.05,1,347,87,0.0,0.0,1,0,1
No Adaptive,3,167,train,strong,player_win,-10.0,5,50.0,1,Very Easy,0.05,0.05,1,349,87,0.0,0.0,1,1,0
No Adaptive,3,168,train,strong,player_win,-10.0,5,50.0,1,Very Easy,0.05,0.05,1,351,88,0.0,0.0,1,0,1
No Adaptive,3,169,train,strong,player_win,-10.0,7,50.0,1,Very Easy,0.05,0.05,1,354,88,0.0,0.0,2,0,1
No Adaptive,3,170,train,strong,player_win,-10.0,5,50.0,1,Very Easy,0.05,0.05,1,356,88,0.0,0.0,1,0,1
No Adaptive,3,171,train,strong,player_win,-10.0,5,50.0,1,Very Easy,0.05,0.05,1,358,88,0.0,0.0,1,1,0
No Adaptive,3,172,train,strong,player_win,-10.0,5,50.0,1,Very Easy,0.05,0.05,1,360,88,0.0,0.0,1,0,1
No Adaptive,3,173,train,strong,player_win,-10.0,5,50.0,1,Very Easy,0.05,0.05,1,362,88,0.0,0.0,1,0,1
No Adaptive,3,174,train,strong,player_win,-10.0,5,50.0,1,Very Easy,0.05,0.05,1,364,89,0.0,0.0,1,0,1
No Adaptive,3,175,train,strong,player_win,-10.0,5,50.0,1,Very Easy,0.05,0.05,1,366,89,0.0,0.0,1,0,1
No Adaptive,3,176,train,strong,player_win,-10.0,5,50.0,1,Very Easy,0.05,0.05,1,368,89,0.0,0.0,1,0,1
No Adaptive,3,177,train,strong,player_win,-10.0,7,50.0,1,Very Easy,0.05,0.05,1,371,89,0.0,0.0,2,0,1
No Adaptive,3,178,train,strong,player_win,-10.0,5,50.0,1,Very Easy,0.05,0.05,1,373,89,0.0,0.0,1,0,1
No Adaptive,3,179,train,strong,player_win,-10.0,5,50.0,1,Very Easy,0.05,0.05,1,375,89,0.0,0.0,2,0,0
No Adaptive,3,180,train,strong,player_win,-10.0,5,50.0,1,Very Easy,0.05,0.05,1,377,89,0.0,0.0,1,1,0
No Adaptive,3,181,train,strong,player_win,-10.0,5,50.0,1,Very Easy,0.05,0.05,1,379,89,0.0,0.0,1,0,1
No Adaptive,3,182,train,strong,player_win,-10.0,5,50.0,1,Very Easy,0.05,0.05,1,381,89,0.0,0.0,1,0,1
No Adaptive,3,183,train,strong,player_win,-10.0,7,50.0,1,Very Easy,0.05,0.05,1,384,90,0.0,0.0,2,0,1
No Adaptive,3,184,train,strong,player_win,-10.0,5,50.0,1,Very Easy,0.05,0.05,1,386,90,0.0,0.0,1,0,1
No Adaptive,3,185,train,strong,player_win,-10.0,7,50.0,1,Very Easy,0.05,0.05,1,389,91,0.0,0.0,2,0,1
No Adaptive,3,186,train,strong,player_win,-10.0,5,50.0,1,Very Easy,0.05,0.05,1,391,91,0.0,0.0,1,0,1
No Adaptive,3,187,train,strong,player_win,-10.0,5,50.0,1,Very Easy,0.05,0.05,1,393,91,0.0,0.0,1,0,1
No Adaptive,3,188,train,strong,player_win,-10.0,5,50.0,1,Very Easy,0.05,0.05,1,395,92,0.0,0.0,1,0,1
No Adaptive,3,189,train,strong,player_win,-10.0,5,50.0,1,Very Easy,0.05,0.05,1,397,92,0.0,0.0,1,0,1
No Adaptive,3,190,train,strong,player_win,-10.0,5,50.0,1,Very Easy,0.05,0.05,1,399,92,0.0,0.0,1,1,0
No Adaptive,3,191,train,strong,player_win,-10.0,5,50.0,1,Very Easy,0.05,0.05,1,401,92,0.0,0.0,1,0,1
No Adaptive,3,192,train,strong,player_win,-10.0,5,50.0,1,Very Easy,0.05,0.05,1,403,92,0.0,0.0,1,0,1
No Adaptive,3,193,train,strong,player_win,-10.0,5,50.0,1,Very Easy,0.05,0.05,1,405,92,0.0,0.0,1,0,1
No Adaptive,3,194,train,strong,player_win,-10.0,5,50.0,1,Very Easy,0.05,0.05,1,407,92,0.0,0.0,1,0,1
No Adaptive,3,195,train,strong,player_win,-10.0,5,50.0,1,Very Easy,0.05,0.05,1,409,92,0.0,0.0,2,0,0
No Adaptive,3,196,train,strong,player_win,-10.0,5,50.0,1,Very Easy,0.05,0.05,1,411,92,0.0,0.0,1,0,1
No Adaptive,3,197,train,strong,player_win,-10.0,7,50.0,1,Very Easy,0.05,0.05,1,414,92,0.0,0.0,2,0,1
No Adaptive,3,198,train,strong,player_win,-10.0,5,50.0,1,Very Easy,0.05,0.05,1,416,92,0.0,0.0,1,0,1
No Adaptive,3,199,train,strong,player_win,-10.0,7,50.0,1,Very Easy,0.05,0.05,1,419,92,0.0,0.0,2,1,0
No Adaptive,3,200,train,strong,player_win,-10.0,7,50.0,1,Very Easy,0.05,0.05,1,422,92,0.0,0.0,2,0,1
No Adaptive,3,201,train,strong,player_win,-10.0,5,50.0,1,Very Easy,0.05,0.05,1,424,92,0.0,0.0,1,0,1
No Adaptive,3,202,train,strong,player_win,-10.0,7,50.0,1,Very Easy,0.05,0.05,1,427,92,0.0,0.0,2,0,1
No Adaptive,3,203,train,strong,player_win,-10.0,5,50.0,1,Very Easy,0.05,0.05,1,429,92,0.0,0.0,1,0,1
No Adaptive,3,204,train,strong,player_win,-10.0,5,50.0,1,Very Easy,0.05,0.05,1,431,92,0.0,0.0,1,0,1
No Adaptive,3,205,train,strong,player_win,-10.0,5,50.0,1,Very Easy,0.05,0.05,1,433,92,0.0,0.0,1,0,1
No Adaptive,3,206,train,strong,player_win,-10.0,5,50.0,1,Very Easy,0.05,0.05,1,435,92,0.0,0.0,1,0,1
No Adaptive,3,207,train,strong,player_win,-10.0,5,50.0,1,Very Easy,0.05,0.05,1,437,92,0.0,0.0,1,0,1
No Adaptive,3,208,train,strong,player_win,-10.0,5,50.0,1,Very Easy,0.05,0.05,1,439,92,0.0,0.0,1,0,1
No Adaptive,3,209,train,strong,player_win,-10.0,5,50.0,1,Very Easy,0.05,0.05,1,441,93,0.0,0.0,1,0,1
No Adaptive,3,210,train,strong,player_win,-10.0,5,50.0,1,Very Easy,0.05,0.05,1,443,93,0.0,0.0,1,0,1
No Adaptive,3,211,train,strong,player_win,-10.0,5,50.0,1,Very Easy,0.05,0.05,1,445,93,0.0,0.0,1,0,1
No Adaptive,3,212,train,strong,player_win,-10.0,5,50.0,1,Very Easy,0.05,0.05,1,447,93,0.0,0.0,1,0,1
No Adaptive,3,213,train,strong,player_win,-10.0,5,50.0,1,Very Easy,0.05,0.05,1,449,93,0.0,0.0,1,0,1
No Adaptive,3,214,train,strong,player_win,-10.0,5,50.0,1,Very Easy,0.05,0.05,1,451,93,0.0,0.0,1,0,1
No Adaptive,3,215,train,strong,player_win,-10.0,7,50.0,1,Very Easy,0.05,0.05,1,454,93,0.0,0.0,2,0,1
No Adaptive,3,216,train,strong,player_win,-10.0,5,50.0,1,Very Easy,0.05,0.05,1,456,93,0.0,0.0,1,0,1
No Adaptive,3,217,train,strong,player_win,-10.0,5,50.0,1,Very Easy,0.05,0.05,1,458,93,0.0,0.0,1,0,1
No Adaptive,3,218,train,strong,player_win,-10.0,5,50.0,1,Very Easy,0.05,0.05,1,460,93,0.0,0.0,1,1,0
No Adaptive,3,219,train,strong,player_win,-10.0,5,50.0,1,Very Easy,0.05,0.05,1,462,93,0.0,0.0,2,0,0
No Adaptive,3,220,train,strong,player_win,-10.0,5,50.0,1,Very Easy,0.05,0.05,1,464,93,0.0,0.0,1,0,1
No Adaptive,3,221,train,strong,player_win,-10.0,5,50.0,1,Very Easy,0.05,0.05,1,466,93,0.0,0.0,1,0,1
No Adaptive,3,222,train,strong,player_win,-10.0,5,50.0,1,Very Easy,0.05,0.05,1,468,93,0.0,0.0,2,0,0
No Adaptive,3,223,train,strong,player_win,-10.0,5,50.0,1,Very Easy,0.05,0.05,1,470,93,0.0,0.0,1,0,1
No Adaptive,3,224,train,strong,player_win,-10.0,5,50.0,1,Very Easy,0.05,0.05,1,472,93,0.0,0.0,1,0,1
No Adaptive,3,225,train,strong,player_win,-10.0,5,50.0,1,Very Easy,0.05,0.05,1,474,93,0.0,0.0,1,0,1
No Adaptive,3,226,train,strong,player_win,-10.0,5,50.0,1,Very Easy,0.05,0.05,1,476,93,0.0,0.0,1,0,1
No Adaptive,3,227,train,strong,player_win,-10.0,5,50.0,1,Very Easy,0.05,0.05,1,478,93,0.0,0.0,1,0,1
No Adaptive,3,228,train,strong,player_win,-10.0,5,50.0,1,Very Easy,0.05,0.05,1,480,93,0.0,0.0,1,0,1
No Adaptive,3,229,train,strong,player_win,-10.0,7,50.0,1,Very Easy,0.05,0.05,1,483,93,0.0,0.0,2,0,1
No Adaptive,3,230,train,strong,player_win,-10.0,7,50.0,1,Very Easy,0.05,0.05,1,486,93,0.0,0.0,2,0,1
No Adaptive,3,231,train,strong,player_win,-10.0,5,50.0,1,Very Easy,0.05,0.05,1,488,94,0.0,0.0,1,0,1
No Adaptive,3,232,train,strong,player_win,-10.0,5,50.0,1,Very Easy,0.05,0.05,1,490,94,0.0,0.0,1,0,1
No Adaptive,3,233,train,strong,player_win,-10.0,5,50.0,1,Very Easy,0.05,0.05,1,492,94,0.0,0.0,1,0,1
No Adaptive,3,234,train,strong,player_win,-10.0,5,50.0,1,Very Easy,0.05,0.05,1,494,94,0.0,0.0,1,0,1
No Adaptive,3,235,train,strong,player_win,-10.0,5,50.0,1,Very Easy,0.05,0.05,1,496,94,0.0,0.0,1,0,1
No Adaptive,3,236,train,strong,player_win,-10.0,5,50.0,1,Very Easy,0.05,0.05,1,498,94,0.0,0.0,1,0,1
No Adaptive,3,237,train,strong,player_win,-10.0,5,50.0,1,Very Easy,0.05,0.05,1,500,94,0.0,0.0,1,0,1
No Adaptive,3,238,train,strong,player_win,-10.0,7,50.0,1,Very Easy,0.05,0.05,1,503,94,0.0,0.0,2,0,1
No Adaptive,3,239,train,strong,player_win,-10.0,5,50.0,1,Very Easy,0.05,0.05,1,505,94,0.0,0.0,1,0,1
No Adaptive,3,240,train,strong,player_win,-10.0,5,50.0,1,Very Easy,0.05,0.05,1,507,94,0.0,0.0,1,0,1
No Adaptive,3,241,train,strong,player_win,-10.0,5,50.0,1,Very Easy,0.05,0.05,1,509,94,0.0,0.0,1,0,1
No Adaptive,3,242,train,strong,player_win,-10.0,5,50.0,1,Very Easy,0.05,0.05,1,511,94,0.0,0.0,1,0,1
No Adaptive,3,243,train,strong,player_win,-10.0,5,50.0,1,Very Easy,0.05,0.05,1,513,95,0.0,0.0,1,0,1
No Adaptive,3,244,train,strong,player_win,-10.0,5,50.0,1,Very Easy,0.05,0.05,1,515,95,0.0,0.0,1,0,1
No Adaptive,3,245,train,strong,player_win,-10.0,5,50.0,1,Very Easy,0.05,0.05,1,517,95,0.0,0.0,1,0,1
No Adaptive,3,246,train,strong,player_win,-10.0,5,50.0,1,Very Easy,0.05,0.05,1,519,95,0.0,0.0,1,0,1
No Adaptive,3,247,train,strong,player_win,-10.0,7,50.0,1,Very Easy,0.05,0.05,1,522,95,0.0,0.0,2,0,1
No Adaptive,3,248,train,strong,player_win,-10.0,5,50.0,1,Very Easy,0.05,0.05,1,524,95,0.0,0.0,1,1,0
No Adaptive,3,249,train,strong,player_win,-10.0,5,50.0,1,Very Easy,0.05,0.05,1,526,95,0.0,0.0,1,0,1
No Adaptive,3,250,train,strong,player_win,-10.0,5,50.0,1,Very Easy,0.05,0.05,1,528,95,0.0,0.0,2,0,0
No Adaptive,3,251,train,strong,player_win,-10.0,5,50.0,1,Very Easy,0.05,0.05,1,530,95,0.0,0.0,1,0,1
No Adaptive,3,252,train,strong,player_win,-10.0,5,50.0,1,Very Easy,0.05,0.05,1,532,95,0.0,0.0,1,0,1
No Adaptive,3,253,train,strong,player_win,-10.0,5,50.0,1,Very Easy,0.05,0.05,1,534,95,0.0,0.0,1,0,1
No Adaptive,3,254,train,strong,player_win,-10.0,5,50.0,1,Very Easy,0.05,0.05,1,536,95,0.0,0.0,1,0,1
No Adaptive,3,255,train,strong,player_win,-10.0,5,50.0,1,Very Easy,0.05,0.05,1,538,95,0.0,0.0,1,0,1
No Adaptive,3,256,train,strong,player_win,-10.0,5,50.0,1,Very Easy,0.05,0.05,1,540,95,0.0,0.0,1,1,0
No Adaptive,3,257,train,strong,player_win,-10.0,5,50.0,1,Very Easy,0.05,0.05,1,542,95,0.0,0.0,1,0,1
No Adaptive,3,258,train,strong,player_win,-10.0,5,50.0,1,Very Easy,0.05,0.05,1,544,95,0.0,0.0,1,0,1
No Adaptive,3,259,train,strong,player_win,-10.0,5,50.0,1,Very Easy,0.05,0.05,1,546,95,0.0,0.0,1,0,1
No Adaptive,3,260,train,strong,player_win,-10.0,5,50.0,1,Very Easy,0.05,0.05,1,548,95,0.0,0.0,1,0,1
No Adaptive,3,261,train,strong,player_win,-10.0,5,50.0,1,Very Easy,0.05,0.05,1,550,95,0.0,0.0,1,0,1
No Adaptive,3,262,train,strong,player_win,-10.0,5,50.0,1,Very Easy,0.05,0.05,1,552,95,0.0,0.0,1,0,1
No Adaptive,3,263,train,strong,player_win,-10.0,5,50.0,1,Very Easy,0.05,0.05,1,554,95,0.0,0.0,1,0,1
No Adaptive,3,264,train,strong,player_win,-10.0,5,50.0,1,Very Easy,0.05,0.05,1,556,95,0.0,0.0,1,0,1
No Adaptive,3,265,train,strong,player_win,-10.0,5,50.0,1,Very Easy,0.05,0.05,1,558,96,0.0,0.0,1,0,1
No Adaptive,3,266,train,strong,player_win,-10.0,5,50.0,1,Very Easy,0.05,0.05,1,560,96,0.0,0.0,1,0,1
No Adaptive,3,267,train,strong,player_win,-10.0,5,50.0,1,Very Easy,0.05,0.05,1,562,96,0.0,0.0,1,0,1
No Adaptive,3,268,train,strong,player_win,-10.0,7,50.0,1,Very Easy,0.05,0.05,1,565,97,0.0,0.0,2,0,1
No Adaptive,3,269,train,strong,player_win,-10.0,5,50.0,1,Very Easy,0.05,0.05,1,567,97,0.0,0.0,1,0,1
No Adaptive,3,270,train,strong,player_win,-10.0,7,50.0,1,Very Easy,0.05,0.05,1,570,97,0.0,0.0,2,0,1
No Adaptive,3,271,train,strong,player_win,-10.0,5,50.0,1,Very Easy,0.05,0.05,1,572,97,0.0,0.0,1,0,1
No Adaptive,3,272,train,strong,player_win,-10.0,5,50.0,1,Very Easy,0.05,0.05,1,574,97,0.0,0.0,1,0,1
No Adaptive,3,273,train,strong,player_win,-10.0,5,50.0,1,Very Easy,0.05,0.05,1,576,97,0.0,0.0,1,1,0
No Adaptive,3,274,train,strong,player_win,-10.0,5,50.0,1,Very Easy,0.05,0.05,1,578,97,0.0,0.0,1,0,1
No Adaptive,3,275,train,strong,player_win,-10.0,5,50.0,1,Very Easy,0.05,0.05,1,580,97,0.0,0.0,1,0,1
No Adaptive,3,276,train,strong,player_win,-10.0,5,50.0,1,Very Easy,0.05,0.05,1,582,97,0.0,0.0,1,0,1
No Adaptive,3,277,train,strong,player_win,-10.0,5,50.0,1,Very Easy,0.05,0.05,1,584,97,0.0,0.0,1,0,1
No Adaptive,3,278,train,strong,player_win,-10.0,5,50.0,1,Very Easy,0.05,0.05,1,586,97,0.0,0.0,1,0,1
No Adaptive,3,279,train,strong,player_win,-10.0,7,50.0,1,Very Easy,0.05,0.05,1,589,97,0.0,0.0,2,0,1
No Adaptive,3,280,train,strong,player_win,-10.0,5,50.0,1,Very Easy,0.05,0.05,1,591,97,0.0,0.0,1,0,1
No Adaptive,3,281,train,strong,player_win,-10.0,5,50.0,1,Very Easy,0.05,0.05,1,593,97,0.0,0.0,1,0,1
No Adaptive,3,282,train,strong,player_win,-10.0,7,50.0,1,Very Easy,0.05,0.05,1,596,97,0.0,0.0,2,0,1
No Adaptive,3,283,train,strong,player_win,-10.0,5,50.0,1,Very Easy,0.05,0.05,1,598,97,0.0,0.0,1,0,1
No Adaptive,3,284,train,strong,player_win,-10.0,5,50.0,1,Very Easy,0.05,0.05,1,600,98,0.0,0.0,1,0,1
No Adaptive,3,285,train,strong,player_win,-10.0,5,50.0,1,Very Easy,0.05,0.05,1,602,98,0.0,0.0,1,0,1
No Adaptive,3,286,train,strong,player_win,-10.0,5,50.0,1,Very Easy,0.05,0.05,1,604,98,0.0,0.0,1,0,1
No Adaptive,3,287,train,strong,player_win,-10.0,5,50.0,1,Very Easy,0.05,0.05,1,606,99,0.0,0.0,1,0,1
No Adaptive,3,288,train,strong,player_win,-10.0,7,50.0,1,Very Easy,0.05,0.05,1,609,99,0.0,0.0,2,0,1
No Adaptive,3,289,train,strong,player_win,-10.0,5,50.0,1,Very Easy,0.05,0.05,1,611,99,0.0,0.0,1,0,1
No Adaptive,3,290,train,strong,player_win,-10.0,5,50.0,1,Very Easy,0.05,0.05,1,613,99,0.0,0.0,1,0,1
No Adaptive,3,291,train,strong,player_win,-10.0,5,50.0,1,Very Easy,0.05,0.05,1,615,99,0.0,0.0,1,0,1
No Adaptive,3,292,train,strong,player_win,-10.0,5,50.0,1,Very Easy,0.05,0.05,1,617,99,0.0,0.0,1,0,1
No Adaptive,3,293,train,strong,player_win,-10.0,7,50.0,1,Very Easy,0.05,0.05,1,620,99,0.0,0.0,2,0,1
No Adaptive,3,294,train,strong,player_win,-10.0,7,50.0,1,Very Easy,0.05,0.05,1,623,99,0.0,0.0,2,0,1
No Adaptive,3,295,train,strong,player_win,-10.0,5,50.0,1,Very Easy,0.05,0.05,1,625,99,0.0,0.0,1,0,1
No Adaptive,3,296,train,strong,player_win,-10.0,5,50.0,1,Very Easy,0.05,0.05,1,627,99,0.0,0.0,1,0,1
No Adaptive,3,297,train,strong,player_win,-10.0,5,50.0,1,Very Easy,0.05,0.05,1,629,99,0.0,0.0,2,0,0
No Adaptive,3,298,train,strong,player_win,-10.0,5,50.0,1,Very Easy,0.05,0.05,1,631,99,0.0,0.0,1,0,1
No Adaptive,3,299,train,strong,player_win,-10.0,7,50.0,1,Very Easy,0.05,0.05,1,634,99,0.0,0.0,2,0,1
No Adaptive,3,300,train,strong,player_win,-10.0,5,50.0,1,Very Easy,0.05,0.05,1,636,99,0.0,0.0,1,1,0
No Adaptive,3,301,train,strong,player_win,-10.0,7,50.0,1,Very Easy,0.05,0.05,1,639,99,0.0,0.0,2,0,1
No Adaptive,3,302,train,strong,player_win,-10.0,5,50.0,1,Very Easy,0.05,0.05,1,641,99,0.0,0.0,1,0,1
No Adaptive,3,303,train,strong,player_win,-10.0,5,50.0,1,Very Easy,0.05,0.05,1,643,99,0.0,0.0,1,0,1
No Adaptive,3,304,train,strong,player_win,-10.0,5,50.0,1,Very Easy,0.05,0.05,1,645,99,0.0,0.0,1,0,1
No Adaptive,3,305,train,strong,player_win,-10.0,5,50.0,1,Very Easy,0.05,0.05,1,647,99,0.0,0.0,1,0,1
No Adaptive,3,306,train,strong,player_win,-10.0,7,50.0,1,Very Easy,0.05,0.05,1,650,99,0.0,0.0,2,0,1
No Adaptive,3,307,train,strong,player_win,-10.0,5,50.0,1,Very Easy,0.05,0.05,1,652,99,0.0,0.0,2,0,0
No Adaptive,3,308,train,strong,player_win,-10.0,5,50.0,1,Very Easy,0.05,0.05,1,654,99,0.0,0.0,2,0,0
No Adaptive,3,309,train,strong,player_win,-10.0,5,50.0,1,Very Easy,0.05,0.05,1,656,99,0.0,0.0,1,0,1
No Adaptive,3,310,train,strong,player_win,-10.0,5,50.0,1,Very Easy,0.05,0.05,1,658,99,0.0,0.0,1,0,1
No Adaptive,3,311,train,strong,player_win,-10.0,5,50.0,1,Very Easy,0.05,0.05,1,660,99,0.0,0.0,1,0,1
No Adaptive,3,312,train,strong,player_win,-10.0,5,50.0,1,Very Easy,0.05,0.05,1,662,99,0.0,0.0,1,0,1
No Adaptive,3,313,train,strong,player_win,-10.0,5,50.0,1,Very Easy,0.05,0.05,1,664,99,0.0,0.0,1,1,0
No Adaptive,3,314,train,strong,player_win,-10.0,5,50.0,1,Very Easy,0.05,0.05,1,666,99,0.0,0.0,1,0,1
No Adaptive,3,315,train,strong,player_win,-10.0,5,50.0,1,Very Easy,0.05,0.05,1,668,99,0.0,0.0,1,0,1
No Adaptive,3,316,train,strong,player_win,-10.0,7,50.0,1,Very Easy,0.05,0.05,1,671,99,0.0,0.0,2,0,1
No Adaptive,3,317,train,strong,player_win,-10.0,5,50.0,1,Very Easy,0.05,0.05,1,673,99,0.0,0.0,1,0,1
No Adaptive,3,318,train,strong,player_win,-10.0,5,50.0,1,Very Easy,0.05,0.05,1,675,99,0.0,0.0,1,0,1
No Adaptive,3,319,train,strong,player_win,-10.0,5,50.0,1,Very Easy,0.05,0.05,1,677,99,0.0,0.0,1,0,1
No Adaptive,3,320,train,strong,player_win,-10.0,5,50.0,1,Very Easy,0.05,0.05,1,679,99,0.0,0.0,1,0,1
No Adaptive,3,321,train,strong,player_win,-10.0,5,50.0,1,Very Easy,0.05,0.05,1,681,99,0.0,0.0,1,0,1
No Adaptive,3,322,train,strong,player_win,-10.0,5,50.0,1,Very Easy,0.05,0.05,1,683,99,0.0,0.0,1,0,1
No Adaptive,3,323,train,strong,player_win,-10.0,5,50.0,1,Very Easy,0.05,0.05,1,685,99,0.0,0.0,1,0,1
No Adaptive,3,324,train,strong,player_win,-10.0,5,50.0,1,Very Easy,0.05,0.05,1,687,99,0.0,0.0,1,0,1
No Adaptive,3,325,train,strong,player_win,-10.0,5,50.0,1,Very Easy,0.05,0.05,1,689,99,0.0,0.0,1,0,1
No Adaptive,3,326,train,strong,player_win,-10.0,5,50.0,1,Very Easy,0.05,0.05,1,691,99,0.0,0.0,1,0,1
No Adaptive,3,327,train,strong,player_win,-10.0,5,50.0,1,Very Easy,0.05,0.05,1,693,99,0.0,0.0,1,0,1
No Adaptive,3,328,train,strong,player_win,-10.0,7,50.0,1,Very Easy,0.05,0.05,1,696,99,0.0,0.0,2,0,1
No Adaptive,3,329,train,strong,player_win,-10.0,5,50.0,1,Very Easy,0.05,0.05,1,698,99,0.0,0.0,1,0,1
No Adaptive,3,330,train,strong,player_win,-10.0,7,50.0,1,Very Easy,0.05,0.05,1,701,99,0.0,0.0,2,0,1
No Adaptive,3,331,train,strong,player_win,-10.0,5,50.0,1,Very Easy,0.05,0.05,1,703,100,0.0,0.0,1,0,1
No Adaptive,3,332,train,strong,player_win,-10.0,5,50.0,1,Very Easy,0.05,0.05,1,705,100,0.0,0.0,1,0,1
No Adaptive,3,333,train,strong,player_win,-10.0,5,50.0,1,Very Easy,0.05,0.05,1,707,100,0.0,0.0,1,0,1
No Adaptive,3,334,train,strong,player_win,-10.0,5,50.0,1,Very Easy,0.05,0.05,1,709,100,0.0,0.0,1,0,1
No Adaptive,3,335,train,strong,player_win,-10.0,5,50.0,1,Very Easy,0.05,0.05,1,711,100,0.0,0.0,1,0,1
No Adaptive,3,336,train,strong,player_win,-10.0,7,50.0,1,Very Easy,0.05,0.05,1,714,100,0.0,0.0,2,0,1
No Adaptive,3,337,train,strong,player_win,-10.0,5,50.0,1,Very Easy,0.05,0.05,1,716,100,0.0,0.0,1,0,1
No Adaptive,3,338,train,strong,player_win,-10.0,5,50.0,1,Very Easy,0.05,0.05,1,718,100,0.0,0.0,1,0,1
No Adaptive,3,339,train,strong,player_win,-10.0,5,50.0,1,Very Easy,0.05,0.05,1,720,100,0.0,0.0,1,0,1
No Adaptive,3,340,train,strong,player_win,-10.0,5,50.0,1,Very Easy,0.05,0.05,1,722,100,0.0,0.0,1,0,1
No Adaptive,3,341,train,strong,player_win,-10.0,7,50.0,1,Very Easy,0.05,0.05,1,725,100,0.0,0.0,2,0,1
No Adaptive,3,342,train,strong,player_win,-10.0,5,50.0,1,Very Easy,0.05,0.05,1,727,100,0.0,0.0,1,1,0
No Adaptive,3,343,train,strong,player_win,-10.0,5,50.0,1,Very Easy,0.05,0.05,1,729,100,0.0,0.0,1,0,1
No Adaptive,3,344,train,strong,player_win,-10.0,5,50.0,1,Very Easy,0.05,0.05,1,731,100,0.0,0.0,1,0,1
No Adaptive,3,345,train,strong,player_win,-10.0,5,50.0,1,Very Easy,0.05,0.05,1,733,100,0.0,0.0,1,0,1
No Adaptive,3,346,train,strong,player_win,-10.0,5,50.0,1,Very Easy,0.05,0.05,1,735,100,0.0,0.0,1,0,1
No Adaptive,3,347,train,strong,player_win,-10.0,5,50.0,1,Very Easy,0.05,0.05,1,737,100,0.0,0.0,1,0,1
No Adaptive,3,348,train,strong,player_win,-10.0,5,50.0,1,Very Easy,0.05,0.05,1,739,100,0.0,0.0,1,0,1
No Adaptive,3,349,train,strong,player_win,-10.0,5,50.0,1,Very Easy,0.05,0.05,1,741,100,0.0,0.0,1,0,1
No Adaptive,3,350,train,strong,player_win,-10.0,7,50.0,1,Very Easy,0.05,0.05,1,744,100,0.0,0.0,2,0,1
No Adaptive,3,351,train,strong,player_win,-10.0,5,50.0,1,Very Easy,0.05,0.05,1,746,100,0.0,0.0,1,0,1
No Adaptive,3,352,train,strong,player_win,-10.0,5,50.0,1,Very Easy,0.05,0.05,1,748,100,0.0,0.0,1,0,1
No Adaptive,3,353,train,strong,player_win,-10.0,5,50.0,1,Very Easy,0.05,0.05,1,750,100,0.0,0.0,1,0,1
No Adaptive,3,354,train,strong,player_win,-10.0,7,50.0,1,Very Easy,0.05,0.05,1,753,100,0.0,0.0,2,0,1
No Adaptive,3,355,train,strong,player_win,-10.0,5,50.0,1,Very Easy,0.05,0.05,1,755,100,0.0,0.0,1,0,1
No Adaptive,3,356,train,strong,player_win,-10.0,5,50.0,1,Very Easy,0.05,0.05,1,757,100,0.0,0.0,1,0,1
No Adaptive,3,357,train,strong,player_win,-10.0,7,50.0,1,Very Easy,0.05,0.05,1,760,100,0.0,0.0,2,0,1
No Adaptive,3,358,train,strong,player_win,-10.0,7,50.0,1,Very Easy,0.05,0.05,1,763,100,0.0,0.0,2,0,1
No Adaptive,3,359,train,strong,player_win,-10.0,5,50.0,1,Very Easy,0.05,0.05,1,765,100,0.0,0.0,1,0,1
No Adaptive,3,360,train,strong,player_win,-10.0,5,50.0,1,Very Easy,0.05,0.05,1,767,100,0.0,0.0,1,0,1
No Adaptive,3,361,train,strong,player_win,-10.0,5,50.0,1,Very Easy,0.05,0.05,1,769,100,0.0,0.0,1,0,1
No Adaptive,3,362,train,strong,player_win,-10.0,5,50.0,1,Very Easy,0.05,0.05,1,771,100,0.0,0.0,1,0,1
No Adaptive,3,363,train,strong,player_win,-10.0,7,50.0,1,Very Easy,0.05,0.05,1,774,100,0.0,0.0,2,0,1
No Adaptive,3,364,train,strong,player_win,-10.0,5,50.0,1,Very Easy,0.05,0.05,1,776,100,0.0,0.0,1,0,1
No Adaptive,3,365,train,strong,player_win,-10.0,5,50.0,1,Very Easy,0.05,0.05,1,778,100,0.0,0.0,1,0,1
No Adaptive,3,366,train,strong,player_win,-10.0,5,50.0,1,Very Easy,0.05,0.05,1,780,100,0.0,0.0,1,0,1
No Adaptive,3,367,train,strong,player_win,-10.0,7,50.0,1,Very Easy,0.05,0.05,1,783,100,0.0,0.0,2,0,1
No Adaptive,3,368,train,strong,player_win,-10.0,5,50.0,1,Very Easy,0.05,0.05,1,785,100,0.0,0.0,1,0,1
No Adaptive,3,369,train,strong,player_win,-10.0,5,50.0,1,Very Easy,0.05,0.05,1,787,100,0.0,0.0,2,0,0
No Adaptive,3,370,train,strong,player_win,-10.0,5,50.0,1,Very Easy,0.05,0.05,1,789,100,0.0,0.0,1,0,1
No Adaptive,3,371,train,strong,player_win,-10.0,5,50.0,1,Very Easy,0.05,0.05,1,791,100,0.0,0.0,1,0,1
No Adaptive,3,372,train,strong,player_win,-10.0,5,50.0,1,Very Easy,0.05,0.05,1,793,100,0.0,0.0,1,0,1
No Adaptive,3,373,train,strong,player_win,-10.0,5,50.0,1,Very Easy,0.05,0.05,1,795,100,0.0,0.0,1,0,1
No Adaptive,3,374,train,strong,player_win,-10.0,5,50.0,1,Very Easy,0.05,0.05,1,797,100,0.0,0.0,1,0,1
No Adaptive,3,375,train,strong,player_win,-10.0,7,50.0,1,Very Easy,0.05,0.05,1,800,100,0.0,0.0,2,0,1
No Adaptive,3,376,train,strong,player_win,-10.0,5,50.0,1,Very Easy,0.05,0.05,1,802,100,0.0,0.0,1,0,1
No Adaptive,3,377,train,strong,player_win,-10.0,7,50.0,1,Very Easy,0.05,0.05,1,805,100,0.0,0.0,2,0,1
No Adaptive,3,378,train,strong,player_win,-10.0,5,50.0,1,Very Easy,0.05,0.05,1,807,100,0.0,0.0,1,0,1
No Adaptive,3,379,train,strong,player_win,-10.0,5,50.0,1,Very Easy,0.05,0.05,1,809,100,0.0,0.0,2,0,0
No Adaptive,3,380,train,strong,player_win,-10.0,5,50.0,1,Very Easy,0.05,0.05,1,811,100,0.0,0.0,2,0,0
No Adaptive,3,381,train,strong,player_win,-10.0,5,50.0,1,Very Easy,0.05,0.05,1,813,100,0.0,0.0,1,0,1
No Adaptive,3,382,train,strong,player_win,-10.0,5,50.0,1,Very Easy,0.05,0.05,1,815,100,0.0,0.0,1,0,1
No Adaptive,3,383,train,strong,player_win,-10.0,5,50.0,1,Very Easy,0.05,0.05,1,817,100,0.0,0.0,1,0,1
No Adaptive,3,384,train,strong,player_win,-10.0,5,50.0,1,Very Easy,0.05,0.05,1,819,100,0.0,0.0,1,0,1
No Adaptive,3,385,train,strong,player_win,-10.0,5,50.0,1,Very Easy,0.05,0.05,1,821,100,0.0,0.0,1,1,0
No Adaptive,3,386,train,strong,player_win,-10.0,5,50.0,1,Very Easy,0.05,0.05,1,823,100,0.0,0.0,1,0,1
No Adaptive,3,387,train,strong,player_win,-10.0,5,50.0,1,Very Easy,0.05,0.05,1,825,100,0.0,0.0,1,0,1
No Adaptive,3,388,train,strong,player_win,-10.0,5,50.0,1,Very Easy,0.05,0.05,1,827,100,0.0,0.0,1,0,1
No Adaptive,3,389,train,strong,player_win,-10.0,5,50.0,1,Very Easy,0.05,0.05,1,829,100,0.0,0.0,1,0,1
No Adaptive,3,390,train,strong,player_win,-10.0,5,50.0,1,Very Easy,0.05,0.05,1,831,100,0.0,0.0,1,0,1
No Adaptive,3,391,train,strong,player_win,-10.0,5,50.0,1,Very Easy,0.05,0.05,1,833,100,0.0,0.0,1,0,1
No Adaptive,3,392,train,strong,player_win,-10.0,7,50.0,1,Very Easy,0.05,0.05,1,836,100,0.0,0.0,2,0,1
No Adaptive,3,393,train,strong,player_win,-10.0,5,50.0,1,Very Easy,0.05,0.05,1,838,100,0.0,0.0,1,0,1
No Adaptive,3,394,train,strong,player_win,-10.0,5,50.0,1,Very Easy,0.05,0.05,1,840,100,0.0,0.0,2,0,0
No Adaptive,3,395,train,strong,player_win,-10.0,5,50.0,1,Very Easy,0.05,0.05,1,842,100,0.0,0.0,1,0,1
No Adaptive,3,396,train,strong,player_win,-10.0,5,50.0,1,Very Easy,0.05,0.05,1,844,100,0.0,0.0,1,1,0
No Adaptive,3,397,train,strong,player_win,-10.0,5,50.0,1,Very Easy,0.05,0.05,1,846,100,0.0,0.0,1,0,1
No Adaptive,3,398,train,strong,player_win,-10.0,5,50.0,1,Very Easy,0.05,0.05,1,848,100,0.0,0.0,1,0,1
No Adaptive,3,399,train,strong,player_win,-10.0,5,50.0,1,Very Easy,0.05,0.05,1,850,100,0.0,0.0,1,0,1
No Adaptive,3,400,train,strong,player_win,-10.0,5,50.0,1,Very Easy,0.05,0.05,1,852,100,0.0,0.0,1,0,1
No Adaptive,3,401,train,strong,player_win,-10.0,7,50.0,1,Very Easy,0.05,0.05,1,855,100,0.0,0.0,2,0,1
No Adaptive,3,402,train,strong,player_win,-10.0,5,50.0,1,Very Easy,0.05,0.05,1,857,100,0.0,0.0,1,0,1
No Adaptive,3,403,train,strong,player_win,-10.0,5,50.0,1,Very Easy,0.05,0.05,1,859,100,0.0,0.0,1,0,1
No Adaptive,3,404,train,strong,player_win,-10.0,5,50.0,1,Very Easy,0.05,0.05,1,861,100,0.0,0.0,1,0,1
No Adaptive,3,405,train,strong,player_win,-10.0,5,50.0,1,Very Easy,0.05,0.05,1,863,100,0.0,0.0,1,0,1
No Adaptive,3,406,train,strong,player_win,-10.0,5,50.0,1,Very Easy,0.05,0.05,1,865,100,0.0,0.0,1,0,1
No Adaptive,3,407,train,strong,player_win,-10.0,5,50.0,1,Very Easy,0.05,0.05,1,867,100,0.0,0.0,1,0,1
No Adaptive,3,408,train,strong,player_win,-10.0,5,50.0,1,Very Easy,0.05,0.05,1,869,100,0.0,0.0,1,0,1
No Adaptive,3,409,train,strong,player_win,-10.0,5,50.0,1,Very Easy,0.05,0.05,1,871,100,0.0,0.0,1,1,0
No Adaptive,3,410,train,strong,player_win,-10.0,5,50.0,1,Very Easy,0.05,0.05,1,873,100,0.0,0.0,1,0,1
No Adaptive,3,411,train,strong,player_win,-10.0,5,50.0,1,Very Easy,0.05,0.05,1,875,100,0.0,0.0,1,0,1
No Adaptive,3,412,train,strong,player_win,-10.0,5,50.0,1,Very Easy,0.05,0.05,1,877,100,0.0,0.0,1,0,1
No Adaptive,3,413,train,strong,player_win,-10.0,5,50.0,1,Very Easy,0.05,0.05,1,879,100,0.0,0.0,1,0,1
No Adaptive,3,414,train,strong,player_win,-10.0,5,50.0,1,Very Easy,0.05,0.05,1,881,100,0.0,0.0,1,0,1
No Adaptive,3,415,train,strong,player_win,-10.0,5,50.0,1,Very Easy,0.05,0.05,1,883,100,0.0,0.0,1,0,1
No Adaptive,3,416,train,strong,player_win,-10.0,5,50.0,1,Very Easy,0.05,0.05,1,885,100,0.0,0.0,1,0,1
No Adaptive,3,417,train,strong,player_win,-10.0,5,50.0,1,Very Easy,0.05,0.05,1,887,100,0.0,0.0,1,0,1
No Adaptive,3,418,train,strong,player_win,-10.0,7,50.0,1,Very Easy,0.05,0.05,1,890,100,0.0,0.0,2,0,1
No Adaptive,3,419,train,strong,player_win,-10.0,5,50.0,1,Very Easy,0.05,0.05,1,892,100,0.0,0.0,1,0,1
No Adaptive,3,420,train,strong,player_win,-10.0,7,50.0,1,Very Easy,0.05,0.05,1,895,100,0.0,0.0,2,0,1
No Adaptive,3,421,train,strong,player_win,-10.0,7,50.0,1,Very Easy,0.05,0.05,1,898,100,0.0,0.0,2,0,1
No Adaptive,3,422,train,strong,player_win,-10.0,5,50.0,1,Very Easy,0.05,0.05,1,900,100,0.0,0.0,1,0,1
No Adaptive,3,423,train,strong,player_win,-10.0,5,50.0,1,Very Easy,0.05,0.05,1,902,100,0.0,0.0,1,0,1
No Adaptive,3,424,train,strong,player_win,-10.0,7,50.0,1,Very Easy,0.05,0.05,1,905,100,0.0,0.0,2,0,1
No Adaptive,3,425,train,strong,player_win,-10.0,5,50.0,1,Very Easy,0.05,0.05,1,907,100,0.0,0.0,1,0,1
No Adaptive,3,426,train,strong,player_win,-10.0,5,50.0,1,Very Easy,0.05,0.05,1,909,100,0.0,0.0,1,0,1
No Adaptive,3,427,train,strong,player_win,-10.0,5,50.0,1,Very Easy,0.05,0.05,1,911,100,0.0,0.0,1,0,1
No Adaptive,3,428,train,strong,player_win,-10.0,5,50.0,1,Very Easy,0.05,0.05,1,913,100,0.0,0.0,1,0,1
No Adaptive,3,429,train,strong,player_win,-10.0,7,50.0,1,Very Easy,0.05,0.05,1,916,100,0.0,0.0,2,0,1
No Adaptive,3,430,train,strong,player_win,-10.0,5,50.0,1,Very Easy,0.05,0.05,1,918,100,0.0,0.0,1,0,1
No Adaptive,3,431,train,strong,player_win,-10.0,5,50.0,1,Very Easy,0.05,0.05,1,920,100,0.0,0.0,2,0,0
No Adaptive,3,432,train,strong,player_win,-10.0,5,50.0,1,Very Easy,0.05,0.05,1,922,100,0.0,0.0,1,0,1
No Adaptive,3,433,train,strong,player_win,-10.0,5,50.0,1,Very Easy,0.05,0.05,1,924,100,0.0,0.0,1,0,1
No Adaptive,3,434,train,strong,player_win,-10.0,5,50.0,1,Very Easy,0.05,0.05,1,926,100,0.0,0.0,1,0,1
No Adaptive,3,435,train,strong,player_win,-10.0,7,50.0,1,Very Easy,0.05,0.05,1,929,100,0.0,0.0,2,0,1
No Adaptive,3,436,train,strong,player_win,-10.0,7,50.0,1,Very Easy,0.05,0.05,1,932,100,0.0,0.0,2,0,1
No Adaptive,3,437,train,strong,player_win,-10.0,5,50.0,1,Very Easy,0.05,0.05,1,934,100,0.0,0.0,1,0,1
No Adaptive,3,438,train,strong,player_win,-10.0,5,50.0,1,Very Easy,0.05,0.05,1,936,100,0.0,0.0,1,0,1
No Adaptive,3,439,train,strong,player_win,-10.0,5,50.0,1,Very Easy,0.05,0.05,1,938,100,0.0,0.0,1,0,1
No Adaptive,3,440,train,strong,player_win,-10.0,5,50.0,1,Very Easy,0.05,0.05,1,940,100,0.0,0.0,1,0,1
No Adaptive,3,441,train,strong,player_win,-10.0,5,50.0,1,Very Easy,0.05,0.05,1,942,100,0.0,0.0,2,0,0
No Adaptive,3,442,train,strong,player_win,-10.0,5,50.0,1,Very Easy,0.05,0.05,1,944,100,0.0,0.0,1,0,1
No Adaptive,3,443,train,strong,player_win,-10.0,5,50.0,1,Very Easy,0.05,0.05,1,946,100,0.0,0.0,1,0,1
No Adaptive,3,444,train,strong,player_win,-10.0,5,50.0,1,Very Easy,0.05,0.05,1,948,100,0.0,0.0,1,0,1
No Adaptive,3,445,train,strong,player_win,-10.0,5,50.0,1,Very Easy,0.05,0.05,1,950,100,0.0,0.0,1,0,1
No Adaptive,3,446,train,strong,player_win,-10.0,5,50.0,1,Very Easy,0.05,0.05,1,952,100,0.0,0.0,1,0,1
No Adaptive,3,447,train,strong,player_win,-10.0,5,50.0,1,Very Easy,0.05,0.05,1,954,100,0.0,0.0,1,0,1
No Adaptive,3,448,train,strong,player_win,-10.0,5,50.0,1,Very Easy,0.05,0.05,1,956,100,0.0,0.0,1,0,1
No Adaptive,3,449,train,strong,player_win,-10.0,5,50.0,1,Very Easy,0.05,0.05,1,958,100,0.0,0.0,1,0,1
No Adaptive,3,450,train,strong,player_win,-10.0,5,50.0,1,Very Easy,0.05,0.05,1,960,100,0.0,0.0,1,0,1
No Adaptive,3,451,train,strong,player_win,-10.0,5,50.0,1,Very Easy,0.05,0.05,1,962,100,0.0,0.0,1,0,1
No Adaptive,3,452,train,strong,player_win,-10.0,5,50.0,1,Very Easy,0.05,0.05,1,964,100,0.0,0.0,1,0,1
No Adaptive,3,453,train,strong,player_win,-10.0,5,50.0,1,Very Easy,0.05,0.05,1,966,100,0.0,0.0,1,0,1
No Adaptive,3,454,train,strong,player_win,-10.0,5,50.0,1,Very Easy,0.05,0.05,1,968,100,0.0,0.0,1,0,1
No Adaptive,3,455,train,strong,player_win,-10.0,5,50.0,1,Very Easy,0.05,0.05,1,970,100,0.0,0.0,1,0,1
No Adaptive,3,456,train,strong,player_win,-10.0,5,50.0,1,Very Easy,0.05,0.05,1,972,100,0.0,0.0,1,0,1
No Adaptive,3,457,train,strong,player_win,-10.0,5,50.0,1,Very Easy,0.05,0.05,1,974,100,0.0,0.0,1,0,1
No Adaptive,3,458,train,strong,player_win,-10.0,5,50.0,1,Very Easy,0.05,0.05,1,976,100,0.0,0.0,1,0,1
No Adaptive,3,459,train,strong,player_win,-10.0,5,50.0,1,Very Easy,0.05,0.05,1,978,100,0.0,0.0,1,0,1
No Adaptive,3,460,train,strong,player_win,-10.0,5,50.0,1,Very Easy,0.05,0.05,1,980,100,0.0,0.0,2,0,0
No Adaptive,3,461,train,strong,player_win,-10.0,7,50.0,1,Very Easy,0.05,0.05,1,983,100,0.0,0.0,2,1,0
No Adaptive,3,462,train,strong,player_win,-10.0,5,50.0,1,Very Easy,0.05,0.05,1,985,100,0.0,0.0,1,0,1
No Adaptive,3,463,train,strong,player_win,-10.0,5,50.0,1,Very Easy,0.05,0.05,1,987,100,0.0,0.0,1,0,1
No Adaptive,3,464,train,strong,player_win,-10.0,7,50.0,1,Very Easy,0.05,0.05,1,990,100,0.0,0.0,2,0,1
No Adaptive,3,465,train,strong,player_win,-10.0,5,50.0,1,Very Easy,0.05,0.05,1,992,100,0.0,0.0,1,0,1
No Adaptive,3,466,train,strong,player_win,-10.0,7,50.0,1,Very Easy,0.05,0.05,1,995,100,0.0,0.0,2,0,1
No Adaptive,3,467,train,strong,player_win,-10.0,5,50.0,1,Very Easy,0.05,0.05,1,997,100,0.0,0.0,1,0,1
No Adaptive,3,468,train,strong,player_win,-10.0,5,50.0,1,Very Easy,0.05,0.05,1,999,100,0.0,0.0,1,0,1
No Adaptive,3,469,train,strong,player_win,-10.0,5,50.0,1,Very Easy,0.05,0.05,1,1001,100,0.0,0.0,1,0,1
No Adaptive,3,470,train,strong,player_win,-10.0,5,50.0,1,Very Easy,0.05,0.05,1,1003,100,0.0,0.0,1,0,1
No Adaptive,3,471,train,strong,player_win,-10.0,7,50.0,1,Very Easy,0.05,0.05,1,1006,100,0.0,0.0,2,0,1
No Adaptive,3,472,train,strong,player_win,-10.0,5,50.0,1,Very Easy,0.05,0.05,1,1008,100,0.0,0.0,1,0,1
No Adaptive,3,473,train,strong,player_win,-10.0,5,50.0,1,Very Easy,0.05,0.05,1,1010,100,0.0,0.0,1,0,1
No Adaptive,3,474,train,strong,player_win,-10.0,5,50.0,1,Very Easy,0.05,0.05,1,1012,100,0.0,0.0,1,0,1
No Adaptive,3,475,train,strong,player_win,-10.0,5,50.0,1,Very Easy,0.05,0.05,1,1014,100,0.0,0.0,1,0,1
No Adaptive,3,476,train,strong,player_win,-10.0,5,50.0,1,Very Easy,0.05,0.05,1,1016,100,0.0,0.0,1,0,1
No Adaptive,3,477,train,strong,player_win,-10.0,5,50.0,1,Very Easy,0.05,0.05,1,1018,100,0.0,0.0,1,0,1
No Adaptive,3,478,train,strong,player_win,-10.0,5,50.0,1,Very Easy,0.05,0.05,1,1020,100,0.0,0.0,1,0,1
No Adaptive,3,479,train,strong,player_win,-10.0,5,50.0,1,Very Easy,0.05,0.05,1,1022,100,0.0,0.0,2,0,0
No Adaptive,3,480,train,strong,player_win,-10.0,5,50.0,1,Very Easy,0.05,0.05,1,1024,100,0.0,0.0,1,0,1
No Adaptive,3,481,train,strong,player_win,-10.0,5,50.0,1,Very Easy,0.05,0.05,1,1026,100,0.0,0.0,1,0,1
No Adaptive,3,482,train,strong,player_win,-10.0,5,50.0,1,Very Easy,0.05,0.05,1,1028,100,0.0,0.0,2,0,0
No Adaptive,3,483,train,strong,player_win,-10.0,7,50.0,1,Very Easy,0.05,0.05,1,1031,100,0.0,0.0,2,1,0
No Adaptive,3,484,train,strong,player_win,-10.0,5,50.0,1,Very Easy,0.05,0.05,1,1033,100,0.0,0.0,1,0,1
No Adaptive,3,485,train,strong,player_win,-10.0,5,50.0,1,Very Easy,0.05,0.05,1,1035,100,0.0,0.0,1,0,1
No Adaptive,3,486,train,strong,player_win,-10.0,5,50.0,1,Very Easy,0.05,0.05,1,1037,100,0.0,0.0,1,0,1
No Adaptive,3,487,train,strong,player_win,-10.0,7,50.0,1,Very Easy,0.05,0.05,1,1040,100,0.0,0.0,2,0,1
No Adaptive,3,488,train,strong,player_win,-10.0,5,50.0,1,Very Easy,0.05,0.05,1,1042,100,0.0,0.0,2,0,0
No Adaptive,3,489,train,strong,player_win,-10.0,5,50.0,1,Very Easy,0.05,0.05,1,1044,100,0.0,0.0,1,0,1
No Adaptive,3,490,train,strong,player_win,-10.0,7,50.0,1,Very Easy,0.05,0.05,1,1047,100,0.0,0.0,2,0,1
No Adaptive,3,491,train,strong,player_win,-10.0,5,50.0,1,Very Easy,0.05,0.05,1,1049,100,0.0,0.0,1,0,1
No Adaptive,3,492,train,strong,player_win,-10.0,5,50.0,1,Very Easy,0.05,0.05,1,1051,100,0.0,0.0,1,0,1
No Adaptive,3,493,train,strong,player_win,-10.0,5,50.0,1,Very Easy,0.05,0.05,1,1053,100,0.0,0.0,1,0,1
No Adaptive,3,494,train,strong,player_win,-10.0,5,50.0,1,Very Easy,0.05,0.05,1,1055,100,0.0,0.0,1,0,1
No Adaptive,3,495,train,strong,player_win,-10.0,5,50.0,1,Very Easy,0.05,0.05,1,1057,100,0.0,0.0,1,0,1
No Adaptive,3,496,train,strong,player_win,-10.0,5,50.0,1,Very Easy,0.05,0.05,1,1059,100,0.0,0.0,1,0,1
No Adaptive,3,497,train,strong,player_win,-10.0,5,50.0,1,Very Easy,0.05,0.05,1,1061,100,0.0,0.0,1,0,1
No Adaptive,3,498,train,strong,player_win,-10.0,5,50.0,1,Very Easy,0.05,0.05,1,1063,100,0.0,0.0,1,1,0
No Adaptive,3,499,train,strong,player_win,-10.0,5,50.0,1,Very Easy,0.05,0.05,1,1065,100,0.0,0.0,1,0,1
No Adaptive,3,500,train,strong,player_win,-10.0,5,50.0,1,Very Easy,0.05,0.05,1,1067,100,0.0,0.0,2,0,0
No Adaptive,3,501,train,strong,player_win,-10.0,5,50.0,1,Very Easy,0.05,0.05,1,1069,100,0.0,0.0,1,0,1
No Adaptive,3,502,train,strong,player_win,-10.0,5,50.0,1,Very Easy,0.05,0.05,1,1071,100,0.0,0.0,1,0,1
No Adaptive,3,503,train,strong,player_win,-10.0,5,50.0,1,Very Easy,0.05,0.05,1,1073,100,0.0,0.0,1,0,1
No Adaptive,3,504,train,strong,player_win,-10.0,5,50.0,1,Very Easy,0.05,0.05,1,1075,100,0.0,0.0,1,0,1
No Adaptive,3,505,train,strong,player_win,-10.0,5,50.0,1,Very Easy,0.05,0.05,1,1077,100,0.0,0.0,1,0,1
No Adaptive,3,506,train,strong,player_win,-10.0,5,50.0,1,Very Easy,0.05,0.05,1,1079,100,0.0,0.0,1,0,1
No Adaptive,3,507,train,strong,player_win,-10.0,5,50.0,1,Very Easy,0.05,0.05,1,1081,100,0.0,0.0,1,0,1
No Adaptive,3,508,train,strong,player_win,-10.0,5,50.0,1,Very Easy,0.05,0.05,1,1083,100,0.0,0.0,1,0,1
No Adaptive,3,509,train,strong,player_win,-10.0,7,50.0,1,Very Easy,0.05,0.05,1,1086,100,0.0,0.0,2,0,1
No Adaptive,3,510,train,strong,player_win,-10.0,5,50.0,1,Very Easy,0.05,0.05,1,1088,100,0.0,0.0,1,0,1
No Adaptive,3,511,train,strong,player_win,-10.0,5,50.0,1,Very Easy,0.05,0.05,1,1090,100,0.0,0.0,1,0,1
No Adaptive,3,512,train,strong,player_win,-10.0,5,50.0,1,Very Easy,0.05,0.05,1,1092,100,0.0,0.0,1,0,1
No Adaptive,3,513,train,strong,player_win,-10.0,5,50.0,1,Very Easy,0.05,0.05,1,1094,100,0.0,0.0,1,0,1
No Adaptive,3,514,train,strong,player_win,-10.0,5,50.0,1,Very Easy,0.05,0.05,1,1096,100,0.0,0.0,1,0,1
No Adaptive,3,515,train,strong,player_win,-10.0,5,50.0,1,Very Easy,0.05,0.05,1,1098,100,0.0,0.0,1,0,1
No Adaptive,3,516,train,strong,player_win,-10.0,5,50.0,1,Very Easy,0.05,0.05,1,1100,100,0.0,0.0,1,0,1
No Adaptive,3,517,train,strong,player_win,-10.0,7,50.0,1,Very Easy,0.05,0.05,1,1103,100,0.0,0.0,2,0,1
No Adaptive,3,518,train,strong,player_win,-10.0,5,50.0,1,Very Easy,0.05,0.05,1,1105,100,0.0,0.0,1,0,1
No Adaptive,3,519,train,strong,player_win,-10.0,5,50.0,1,Very Easy,0.05,0.05,1,1107,100,0.0,0.0,1,1,0
No Adaptive,3,520,train,strong,player_win,-10.0,5,50.0,1,Very Easy,0.05,0.05,1,1109,100,0.0,0.0,1,0,1
No Adaptive,3,521,train,strong,player_win,-10.0,5,50.0,1,Very Easy,0.05,0.05,1,1111,100,0.0,0.0,1,0,1
No Adaptive,3,522,train,strong,player_win,-10.0,5,50.0,1,Very Easy,0.05,0.05,1,1113,100,0.0,0.0,1,0,1
No Adaptive,3,523,train,strong,player_win,-10.0,5,50.0,1,Very Easy,0.05,0.05,1,1115,100,0.0,0.0,1,0,1
No Adaptive,3,524,train,strong,player_win,-10.0,5,50.0,1,Very Easy,0.05,0.05,1,1117,100,0.0,0.0,1,0,1
No Adaptive,3,525,train,strong,player_win,-10.0,5,50.0,1,Very Easy,0.05,0.05,1,1119,100,0.0,0.0,1,0,1
No Adaptive,3,526,train,strong,player_win,-10.0,5,50.0,1,Very Easy,0.05,0.05,1,1121,100,0.0,0.0,1,0,1
No Adaptive,3,527,train,strong,player_win,-10.0,5,50.0,1,Very Easy,0.05,0.05,1,1123,100,0.0,0.0,1,0,1
No Adaptive,3,528,train,strong,player_win,-10.0,7,50.0,1,Very Easy,0.05,0.05,1,1126,100,0.0,0.0,2,0,1
No Adaptive,3,529,train,strong,player_win,-10.0,5,50.0,1,Very Easy,0.05,0.05,1,1128,100,0.0,0.0,1,0,1
No Adaptive,3,530,train,strong,player_win,-10.0,5,50.0,1,Very Easy,0.05,0.05,1,1130,100,0.0,0.0,1,0,1
No Adaptive,3,531,train,strong,player_win,-10.0,5,50.0,1,Very Easy,0.05,0.05,1,1132,100,0.0,0.0,1,0,1
No Adaptive,3,532,train,strong,player_win,-10.0,5,50.0,1,Very Easy,0.05,0.05,1,1134,100,0.0,0.0,1,1,0
No Adaptive,3,533,train,strong,player_win,-10.0,7,50.0,1,Very Easy,0.05,0.05,1,1137,100,0.0,0.0,2,0,1
No Adaptive,3,534,train,strong,player_win,-10.0,5,50.0,1,Very Easy,0.05,0.05,1,1139,100,0.0,0.0,1,0,1
No Adaptive,3,535,train,strong,player_win,-10.0,5,50.0,1,Very Easy,0.05,0.05,1,1141,100,0.0,0.0,1,0,1
No Adaptive,3,536,train,strong,player_win,-10.0,7,50.0,1,Very Easy,0.05,0.05,1,1144,100,0.0,0.0,2,0,1
No Adaptive,3,537,train,strong,player_win,-10.0,5,50.0,1,Very Easy,0.05,0.05,1,1146,100,0.0,0.0,1,0,1
No Adaptive,3,538,train,strong,player_win,-10.0,5,50.0,1,Very Easy,0.05,0.05,1,1148,100,0.0,0.0,1,0,1
No Adaptive,3,539,train,strong,player_win,-10.0,5,50.0,1,Very Easy,0.05,0.05,1,1150,100,0.0,0.0,1,0,1
No Adaptive,3,540,train,strong,player_win,-10.0,5,50.0,1,Very Easy,0.05,0.05,1,1152,100,0.0,0.0,1,0,1
No Adaptive,3,541,train,strong,player_win,-10.0,7,50.0,1,Very Easy,0.05,0.05,1,1155,100,0.0,0.0,2,0,1
No Adaptive,3,542,train,strong,player_win,-10.0,5,50.0,1,Very Easy,0.05,0.05,1,1157,100,0.0,0.0,1,0,1
No Adaptive,3,543,train,strong,player_win,-10.0,5,50.0,1,Very Easy,0.05,0.05,1,1159,100,0.0,0.0,1,0,1
No Adaptive,3,544,train,strong,player_win,-10.0,5,50.0,1,Very Easy,0.05,0.05,1,1161,100,0.0,0.0,1,0,1
No Adaptive,3,545,train,strong,player_win,-10.0,5,50.0,1,Very Easy,0.05,0.05,1,1163,100,0.0,0.0,1,0,1
No Adaptive,3,546,train,strong,player_win,-10.0,5,50.0,1,Very Easy,0.05,0.05,1,1165,100,0.0,0.0,1,0,1
No Adaptive,3,547,train,strong,player_win,-10.0,5,50.0,1,Very Easy,0.05,0.05,1,1167,100,0.0,0.0,1,0,1
No Adaptive,3,548,train,strong,player_win,-10.0,7,50.0,1,Very Easy,0.05,0.05,1,1170,100,0.0,0.0,2,0,1
No Adaptive,3,549,train,strong,player_win,-10.0,7,50.0,1,Very Easy,0.05,0.05,1,1173,100,0.0,0.0,2,0,1
No Adaptive,3,550,train,strong,player_win,-10.0,5,50.0,1,Very Easy,0.05,0.05,1,1175,100,0.0,0.0,1,0,1
No Adaptive,3,551,train,strong,player_win,-10.0,5,50.0,1,Very Easy,0.05,0.05,1,1177,100,0.0,0.0,2,0,0
No Adaptive,3,552,train,strong,player_win,-10.0,5,50.0,1,Very Easy,0.05,0.05,1,1179,100,0.0,0.0,1,0,1
No Adaptive,3,553,train,strong,player_win,-10.0,5,50.0,1,Very Easy,0.05,0.05,1,1181,100,0.0,0.0,1,0,1
No Adaptive,3,554,train,strong,player_win,-10.0,5,50.0,1,Very Easy,0.05,0.05,1,1183,100,0.0,0.0,1,0,1
No Adaptive,3,555,train,strong,player_win,-10.0,5,50.0,1,Very Easy,0.05,0.05,1,1185,100,0.0,0.0,1,0,1
No Adaptive,3,556,train,strong,player_win,-10.0,5,50.0,1,Very Easy,0.05,0.05,1,1187,100,0.0,0.0,1,0,1
No Adaptive,3,557,train,strong,player_win,-10.0,5,50.0,1,Very Easy,0.05,0.05,1,1189,100,0.0,0.0,1,0,1
No Adaptive,3,558,train,strong,player_win,-10.0,5,50.0,1,Very Easy,0.05,0.05,1,1191,100,0.0,0.0,2,0,0
No Adaptive,3,559,train,strong,player_win,-10.0,5,50.0,1,Very Easy,0.05,0.05,1,1193,100,0.0,0.0,1,0,1
No Adaptive,3,560,train,strong,player_win,-10.0,5,50.0,1,Very Easy,0.05,0.05,1,1195,100,0.0,0.0,1,0,1
No Adaptive,3,561,train,strong,player_win,-10.0,5,50.0,1,Very Easy,0.05,0.05,1,1197,100,0.0,0.0,1,0,1
No Adaptive,3,562,train,strong,player_win,-10.0,7,50.0,1,Very Easy,0.05,0.05,1,1200,100,0.0,0.0,2,0,1
No Adaptive,3,563,train,strong,player_win,-10.0,7,50.0,1,Very Easy,0.05,0.05,1,1203,100,0.0,0.0,2,0,1
No Adaptive,3,564,train,strong,player_win,-10.0,5,50.0,1,Very Easy,0.05,0.05,1,1205,100,0.0,0.0,1,0,1
No Adaptive,3,565,train,strong,player_win,-10.0,5,50.0,1,Very Easy,0.05,0.05,1,1207,100,0.0,0.0,1,0,1
No Adaptive,3,566,train,strong,player_win,-10.0,5,50.0,1,Very Easy,0.05,0.05,1,1209,100,0.0,0.0,1,0,1
No Adaptive,3,567,train,strong,player_win,-10.0,5,50.0,1,Very Easy,0.05,0.05,1,1211,100,0.0,0.0,1,0,1
No Adaptive,3,568,train,strong,player_win,-10.0,5,50.0,1,Very Easy,0.05,0.05,1,1213,100,0.0,0.0,1,0,1
No Adaptive,3,569,train,strong,player_win,-10.0,5,50.0,1,Very Easy,0.05,0.05,1,1215,100,0.0,0.0,1,0,1
No Adaptive,3,570,train,strong,player_win,-10.0,5,50.0,1,Very Easy,0.05,0.05,1,1217,100,0.0,0.0,1,0,1
No Adaptive,3,571,train,strong,player_win,-10.0,5,50.0,1,Very Easy,0.05,0.05,1,1219,100,0.0,0.0,1,0,1
No Adaptive,3,572,train,strong,player_win,-10.0,5,50.0,1,Very Easy,0.05,0.05,1,1221,100,0.0,0.0,1,0,1
No Adaptive,3,573,train,strong,player_win,-10.0,5,50.0,1,Very Easy,0.05,0.05,1,1223,100,0.0,0.0,1,0,1
No Adaptive,3,574,train,strong,player_win,-10.0,5,50.0,1,Very Easy,0.05,0.05,1,1225,100,0.0,0.0,1,0,1
No Adaptive,3,575,train,strong,player_win,-10.0,5,50.0,1,Very Easy,0.05,0.05,1,1227,100,0.0,0.0,1,0,1
No Adaptive,3,576,train,strong,player_win,-10.0,5,50.0,1,Very Easy,0.05,0.05,1,1229,100,0.0,0.0,1,0,1
No Adaptive,3,577,train,strong,player_win,-10.0,5,50.0,1,Very Easy,0.05,0.05,1,1231,100,0.0,0.0,1,0,1
No Adaptive,3,578,train,strong,player_win,-10.0,5,50.0,1,Very Easy,0.05,0.05,1,1233,100,0.0,0.0,1,0,1
No Adaptive,3,579,train,strong,player_win,-10.0,7,50.0,1,Very Easy,0.05,0.05,1,1236,100,0.0,0.0,2,0,1
No Adaptive,3,580,train,strong,player_win,-10.0,5,50.0,1,Very Easy,0.05,0.05,1,1238,100,0.0,0.0,1,0,1
No Adaptive,3,581,train,strong,player_win,-10.0,5,50.0,1,Very Easy,0.05,0.05,1,1240,100,0.0,0.0,1,0,1
No Adaptive,3,582,train,strong,player_win,-10.0,7,50.0,1,Very Easy,0.05,0.05,1,1243,100,0.0,0.0,2,1,0
No Adaptive,3,583,train,strong,player_win,-10.0,5,50.0,1,Very Easy,0.05,0.05,1,1245,100,0.0,0.0,1,0,1
No Adaptive,3,584,train,strong,player_win,-10.0,7,50.0,1,Very Easy,0.05,0.05,1,1248,100,0.0,0.0,2,0,1
No Adaptive,3,585,train,strong,player_win,-10.0,5,50.0,1,Very Easy,0.05,0.05,1,1250,100,0.0,0.0,1,0,1
No Adaptive,3,586,train,strong,player_win,-10.0,5,50.0,1,Very Easy,0.05,0.05,1,1252,100,0.0,0.0,1,0,1
No Adaptive,3,587,train,strong,player_win,-10.0,5,50.0,1,Very Easy,0.05,0.05,1,1254,100,0.0,0.0,1,0,1
No Adaptive,3,588,train,strong,player_win,-10.0,5,50.0,1,Very Easy,0.05,0.05,1,1256,100,0.0,0.0,1,0,1
No Adaptive,3,589,train,strong,player_win,-10.0,5,50.0,1,Very Easy,0.05,0.05,1,1258,100,0.0,0.0,1,0,1
No Adaptive,3,590,train,strong,player_win,-10.0,5,50.0,1,Very Easy,0.05,0.05,1,1260,100,0.0,0.0,1,0,1
No Adaptive,3,591,train,strong,player_win,-10.0,5,50.0,1,Very Easy,0.05,0.05,1,1262,100,0.0,0.0,1,0,1
No Adaptive,3,592,train,strong,player_win,-10.0,5,50.0,1,Very Easy,0.05,0.05,1,1264,100,0.0,0.0,1,0,1
No Adaptive,3,593,train,strong,player_win,-10.0,5,50.0,1,Very Easy,0.05,0.05,1,1266,100,0.0,0.0,1,0,1
No Adaptive,3,594,train,strong,player_win,-10.0,5,50.0,1,Very Easy,0.05,0.05,1,1268,100,0.0,0.0,1,0,1
No Adaptive,3,595,train,strong,player_win,-10.0,5,50.0,1,Very Easy,0.05,0.05,1,1270,100,0.0,0.0,1,0,1
No Adaptive,3,596,train,strong,player_win,-10.0,5,50.0,1,Very Easy,0.05,0.05,1,1272,100,0.0,0.0,1,0,1
No Adaptive,3,597,train,strong,player_win,-10.0,5,50.0,1,Very Easy,0.05,0.05,1,1274,100,0.0,0.0,1,0,1
No Adaptive,3,598,train,strong,player_win,-10.0,5,50.0,1,Very Easy,0.05,0.05,1,1276,100,0.0,0.0,1,0,1
No Adaptive,3,599,train,strong,player_win,-10.0,5,50.0,1,Very Easy,0.05,0.05,1,1278,100,0.0,0.0,1,0,1
No Adaptive,3,600,train,strong,player_win,-10.0,5,50.0,1,Very Easy,0.05,0.05,1,1280,100,0.0,0.0,1,0,1
No Adaptive,3,601,train,strong,player_win,-10.0,5,50.0,1,Very Easy,0.05,0.05,1,1282,100,0.0,0.0,1,0,1
No Adaptive,3,602,train,strong,player_win,-10.0,5,50.0,1,Very Easy,0.05,0.05,1,1284,100,0.0,0.0,1,0,1
No Adaptive,3,603,train,strong,player_win,-10.0,5,50.0,1,Very Easy,0.05,0.05,1,1286,100,0.0,0.0,1,0,1
No Adaptive,3,604,train,strong,player_win,-10.0,5,50.0,1,Very Easy,0.05,0.05,1,1288,100,0.0,0.0,1,0,1
No Adaptive,3,605,train,strong,player_win,-10.0,5,50.0,1,Very Easy,0.05,0.05,1,1290,100,0.0,0.0,1,0,1
No Adaptive,3,606,train,strong,player_win,-10.0,5,50.0,1,Very Easy,0.05,0.05,1,1292,100,0.0,0.0,1,0,1
No Adaptive,3,607,train,strong,player_win,-10.0,5,50.0,1,Very Easy,0.05,0.05,1,1294,100,0.0,0.0,1,0,1
No Adaptive,3,608,train,strong,player_win,-10.0,5,50.0,1,Very Easy,0.05,0.05,1,1296,100,0.0,0.0,1,0,1
No Adaptive,3,609,train,strong,player_win,-10.0,7,50.0,1,Very Easy,0.05,0.05,1,1299,100,0.0,0.0,2,0,1
No Adaptive,3,610,train,strong,player_win,-10.0,5,50.0,1,Very Easy,0.05,0.05,1,1301,100,0.0,0.0,1,0,1
No Adaptive,3,611,train,strong,player_win,-10.0,5,50.0,1,Very Easy,0.05,0.05,1,1303,100,0.0,0.0,1,1,0
No Adaptive,3,612,train,strong,player_win,-10.0,5,50.0,1,Very Easy,0.05,0.05,1,1305,100,0.0,0.0,1,1,0
No Adaptive,3,613,train,strong,player_win,-10.0,5,50.0,1,Very Easy,0.05,0.05,1,1307,100,0.0,0.0,1,0,1
No Adaptive,3,614,train,strong,player_win,-10.0,7,50.0,1,Very Easy,0.05,0.05,1,1310,100,0.0,0.0,2,0,1
No Adaptive,3,615,train,strong,player_win,-10.0,7,50.0,1,Very Easy,0.05,0.05,1,1313,100,0.0,0.0,2,0,1
No Adaptive,3,616,train,strong,player_win,-10.0,5,50.0,1,Very Easy,0.05,0.05,1,1315,100,0.0,0.0,1,0,1
No Adaptive,3,617,train,strong,player_win,-10.0,5,50.0,1,Very Easy,0.05,0.05,1,1317,100,0.0,0.0,1,0,1
No Adaptive,3,618,train,strong,player_win,-10.0,7,50.0,1,Very Easy,0.05,0.05,1,1320,100,0.0,0.0,2,0,1
No Adaptive,3,619,train,strong,player_win,-10.0,5,50.0,1,Very Easy,0.05,0.05,1,1322,100,0.0,0.0,1,0,1
No Adaptive,3,620,train,strong,player_win,-10.0,5,50.0,1,Very Easy,0.05,0.05,1,1324,100,0.0,0.0,1,0,1
No Adaptive,3,621,train,strong,player_win,-10.0,5,50.0,1,Very Easy,0.05,0.05,1,1326,100,0.0,0.0,1,0,1
No Adaptive,3,622,train,strong,player_win,-10.0,5,50.0,1,Very Easy,0.05,0.05,1,1328,100,0.0,0.0,1,0,1
No Adaptive,3,623,train,strong,player_win,-10.0,5,50.0,1,Very Easy,0.05,0.05,1,1330,100,0.0,0.0,1,0,1
No Adaptive,3,624,train,strong,player_win,-10.0,5,50.0,1,Very Easy,0.05,0.05,1,1332,100,0.0,0.0,1,0,1
No Adaptive,3,625,train,strong,player_win,-10.0,5,50.0,1,Very Easy,0.05,0.05,1,1334,100,0.0,0.0,1,0,1
No Adaptive,3,626,train,strong,player_win,-10.0,5,50.0,1,Very Easy,0.05,0.05,1,1336,100,0.0,0.0,1,0,1
No Adaptive,3,627,train,strong,player_win,-10.0,5,50.0,1,Very Easy,0.05,0.05,1,1338,100,0.0,0.0,1,0,1
No Adaptive,3,628,train,strong,player_win,-10.0,5,50.0,1,Very Easy,0.05,0.05,1,1340,100,0.0,0.0,1,0,1
No Adaptive,3,629,train,strong,player_win,-10.0,5,50.0,1,Very Easy,0.05,0.05,1,1342,100,0.0,0.0,1,0,1
No Adaptive,3,630,train,strong,player_win,-10.0,5,50.0,1,Very Easy,0.05,0.05,1,1344,100,0.0,0.0,1,0,1
No Adaptive,3,631,train,strong,player_win,-10.0,5,50.0,1,Very Easy,0.05,0.05,1,1346,100,0.0,0.0,1,0,1
No Adaptive,3,632,train,strong,player_win,-10.0,5,50.0,1,Very Easy,0.05,0.05,1,1348,100,0.0,0.0,1,0,1
No Adaptive,3,633,train,strong,player_win,-10.0,5,50.0,1,Very Easy,0.05,0.05,1,1350,100,0.0,0.0,1,0,1
No Adaptive,3,634,train,strong,player_win,-10.0,5,50.0,1,Very Easy,0.05,0.05,1,1352,100,0.0,0.0,2,0,0
No Adaptive,3,635,train,strong,player_win,-10.0,5,50.0,1,Very Easy,0.05,0.05,1,1354,100,0.0,0.0,1,0,1
No Adaptive,3,636,train,strong,player_win,-10.0,5,50.0,1,Very Easy,0.05,0.05,1,1356,100,0.0,0.0,1,0,1
No Adaptive,3,637,train,strong,player_win,-10.0,5,50.0,1,Very Easy,0.05,0.05,1,1358,100,0.0,0.0,1,0,1
No Adaptive,3,638,train,strong,player_win,-10.0,5,50.0,1,Very Easy,0.05,0.05,1,1360,100,0.0,0.0,1,1,0
No Adaptive,3,639,train,strong,player_win,-10.0,5,50.0,1,Very Easy,0.05,0.05,1,1362,100,0.0,0.0,1,0,1
No Adaptive,3,640,train,strong,player_win,-10.0,7,50.0,1,Very Easy,0.05,0.05,1,1365,100,0.0,0.0,2,0,1
No Adaptive,3,641,train,strong,player_win,-10.0,5,50.0,1,Very Easy,0.05,0.05,1,1367,100,0.0,0.0,1,0,1
No Adaptive,3,642,train,strong,player_win,-10.0,5,50.0,1,Very Easy,0.05,0.05,1,1369,100,0.0,0.0,1,1,0
No Adaptive,3,643,train,strong,player_win,-10.0,5,50.0,1,Very Easy,0.05,0.05,1,1371,100,0.0,0.0,1,0,1
No Adaptive,3,644,train,strong,player_win,-10.0,5,50.0,1,Very Easy,0.05,0.05,1,1373,100,0.0,0.0,1,0,1
No Adaptive,3,645,train,strong,player_win,-10.0,5,50.0,1,Very Easy,0.05,0.05,1,1375,100,0.0,0.0,1,0,1
No Adaptive,3,646,train,strong,player_win,-10.0,5,50.0,1,Very Easy,0.05,0.05,1,1377,100,0.0,0.0,1,0,1
No Adaptive,3,647,train,strong,player_win,-10.0,5,50.0,1,Very Easy,0.05,0.05,1,1379,100,0.0,0.0,1,0,1
No Adaptive,3,648,train,strong,player_win,-10.0,5,50.0,1,Very Easy,0.05,0.05,1,1381,100,0.0,0.0,1,0,1
No Adaptive,3,649,train,strong,player_win,-10.0,5,50.0,1,Very Easy,0.05,0.05,1,1383,100,0.0,0.0,1,1,0
No Adaptive,3,650,train,strong,player_win,-10.0,5,50.0,1,Very Easy,0.05,0.05,1,1385,100,0.0,0.0,1,0,1
No Adaptive,3,651,train,strong,player_win,-10.0,5,50.0,1,Very Easy,0.05,0.05,1,1387,100,0.0,0.0,1,0,1
No Adaptive,3,652,train,strong,player_win,-10.0,5,50.0,1,Very Easy,0.05,0.05,1,1389,100,0.0,0.0,1,0,1
No Adaptive,3,653,train,strong,player_win,-10.0,5,50.0,1,Very Easy,0.05,0.05,1,1391,100,0.0,0.0,1,0,1
No Adaptive,3,654,train,strong,player_win,-10.0,5,50.0,1,Very Easy,0.05,0.05,1,1393,100,0.0,0.0,1,0,1
No Adaptive,3,655,train,strong,player_win,-10.0,5,50.0,1,Very Easy,0.05,0.05,1,1395,100,0.0,0.0,1,0,1
No Adaptive,3,656,train,strong,player_win,-10.0,7,50.0,1,Very Easy,0.05,0.05,1,1398,100,0.0,0.0,2,0,1
No Adaptive,3,657,train,strong,player_win,-10.0,5,50.0,1,Very Easy,0.05,0.05,1,1400,100,0.0,0.0,1,0,1
No Adaptive,3,658,train,strong,player_win,-10.0,5,50.0,1,Very Easy,0.05,0.05,1,1402,100,0.0,0.0,1,0,1
No Adaptive,3,659,train,strong,player_win,-10.0,5,50.0,1,Very Easy,0.05,0.05,1,1404,100,0.0,0.0,1,0,1
No Adaptive,3,660,train,strong,player_win,-10.0,5,50.0,1,Very Easy,0.05,0.05,1,1406,100,0.0,0.0,1,0,1
No Adaptive,3,661,train,strong,player_win,-10.0,5,50.0,1,Very Easy,0.05,0.05,1,1408,100,0.0,0.0,1,0,1
No Adaptive,3,662,train,strong,player_win,-10.0,5,50.0,1,Very Easy,0.05,0.05,1,1410,100,0.0,0.0,1,0,1
No Adaptive,3,663,train,strong,player_win,-10.0,5,50.0,1,Very Easy,0.05,0.05,1,1412,100,0.0,0.0,1,0,1
No Adaptive,3,664,train,strong,player_win,-10.0,5,50.0,1,Very Easy,0.05,0.05,1,1414,100,0.0,0.0,1,0,1
No Adaptive,3,665,train,strong,player_win,-10.0,5,50.0,1,Very Easy,0.05,0.05,1,1416,100,0.0,0.0,1,0,1
No Adaptive,3,666,train,strong,player_win,-10.0,5,50.0,1,Very Easy,0.05,0.05,1,1418,100,0.0,0.0,1,0,1
No Adaptive,3,667,train,strong,player_win,-10.0,5,50.0,1,Very Easy,0.05,0.05,1,1420,100,0.0,0.0,1,0,1
No Adaptive,3,668,train,strong,player_win,-10.0,5,50.0,1,Very Easy,0.05,0.05,1,1422,100,0.0,0.0,1,0,1
No Adaptive,3,669,train,strong,player_win,-10.0,5,50.0,1,Very Easy,0.05,0.05,1,1424,100,0.0,0.0,1,0,1
No Adaptive,3,670,train,strong,player_win,-10.0,5,50.0,1,Very Easy,0.05,0.05,1,1426,100,0.0,0.0,1,0,1
No Adaptive,3,671,train,strong,player_win,-10.0,5,50.0,1,Very Easy,0.05,0.05,1,1428,100,0.0,0.0,2,0,0
No Adaptive,3,672,train,strong,player_win,-10.0,5,50.0,1,Very Easy,0.05,0.05,1,1430,100,0.0,0.0,1,0,1
No Adaptive,3,673,train,strong,player_win,-10.0,5,50.0,1,Very Easy,0.05,0.05,1,1432,100,0.0,0.0,2,0,0
No Adaptive,3,674,train,strong,player_win,-10.0,5,50.0,1,Very Easy,0.05,0.05,1,1434,100,0.0,0.0,1,0,1
No Adaptive,3,675,train,strong,player_win,-10.0,5,50.0,1,Very Easy,0.05,0.05,1,1436,100,0.0,0.0,1,0,1
No Adaptive,3,676,train,strong,player_win,-10.0,5,50.0,1,Very Easy,0.05,0.05,1,1438,100,0.0,0.0,1,0,1
No Adaptive,3,677,train,strong,player_win,-10.0,7,50.0,1,Very Easy,0.05,0.05,1,1441,100,0.0,0.0,2,0,1
No Adaptive,3,678,train,strong,player_win,-10.0,5,50.0,1,Very Easy,0.05,0.05,1,1443,100,0.0,0.0,1,0,1
No Adaptive,3,679,train,strong,player_win,-10.0,5,50.0,1,Very Easy,0.05,0.05,1,1445,100,0.0,0.0,1,0,1
No Adaptive,3,680,train,strong,player_win,-10.0,5,50.0,1,Very Easy,0.05,0.05,1,1447,100,0.0,0.0,1,0,1
No Adaptive,3,681,train,strong,player_win,-10.0,5,50.0,1,Very Easy,0.05,0.05,1,1449,100,0.0,0.0,1,0,1
No Adaptive,3,682,train,strong,player_win,-10.0,5,50.0,1,Very Easy,0.05,0.05,1,1451,100,0.0,0.0,2,0,0
No Adaptive,3,683,train,strong,player_win,-10.0,5,50.0,1,Very Easy,0.05,0.05,1,1453,100,0.0,0.0,1,0,1
No Adaptive,3,684,train,strong,player_win,-10.0,5,50.0,1,Very Easy,0.05,0.05,1,1455,100,0.0,0.0,1,0,1
No Adaptive,3,685,train,strong,player_win,-10.0,5,50.0,1,Very Easy,0.05,0.05,1,1457,100,0.0,0.0,1,0,1
No Adaptive,3,686,train,strong,player_win,-10.0,7,50.0,1,Very Easy,0.05,0.05,1,1460,100,0.0,0.0,2,0,1
No Adaptive,3,687,train,strong,player_win,-10.0,5,50.0,1,Very Easy,0.05,0.05,1,1462,100,0.0,0.0,2,0,0
No Adaptive,3,688,train,strong,player_win,-10.0,5,50.0,1,Very Easy,0.05,0.05,1,1464,100,0.0,0.0,1,0,1
No Adaptive,3,689,train,strong,player_win,-10.0,5,50.0,1,Very Easy,0.05,0.05,1,1466,100,0.0,0.0,1,0,1
No Adaptive,3,690,train,strong,player_win,-10.0,5,50.0,1,Very Easy,0.05,0.05,1,1468,100,0.0,0.0,1,0,1
No Adaptive,3,691,train,strong,player_win,-10.0,5,50.0,1,Very Easy,0.05,0.05,1,1470,100,0.0,0.0,1,0,1
No Adaptive,3,692,train,strong,player_win,-10.0,5,50.0,1,Very Easy,0.05,0.05,1,1472,100,0.0,0.0,1,0,1
No Adaptive,3,693,train,strong,player_win,-10.0,7,50.0,1,Very Easy,0.05,0.05,1,1475,100,0.0,0.0,2,0,1
No Adaptive,3,694,train,strong,player_win,-10.0,5,50.0,1,Very Easy,0.05,0.05,1,1477,100,0.0,0.0,1,0,1
No Adaptive,3,695,train,strong,player_win,-10.0,5,50.0,1,Very Easy,0.05,0.05,1,1479,100,0.0,0.0,1,0,1
No Adaptive,3,696,train,strong,player_win,-10.0,5,50.0,1,Very Easy,0.05,0.05,1,1481,100,0.0,0.0,1,0,1
No Adaptive,3,697,train,strong,player_win,-10.0,5,50.0,1,Very Easy,0.05,0.05,1,1483,100,0.0,0.0,1,0,1
No Adaptive,3,698,train,strong,player_win,-10.0,5,50.0,1,Very Easy,0.05,0.05,1,1485,100,0.0,0.0,1,1,0
No Adaptive,3,699,train,strong,player_win,-10.0,5,50.0,1,Very Easy,0.05,0.05,1,1487,100,0.0,0.0,1,0,1
No Adaptive,3,700,train,strong,player_win,-10.0,5,50.0,1,Very Easy,0.05,0.05,1,1489,100,0.0,0.0,1,0,1
No Adaptive,3,701,train,strong,player_win,-10.0,5,50.0,1,Very Easy,0.05,0.05,1,1491,100,0.0,0.0,1,0,1
No Adaptive,3,702,train,strong,player_win,-10.0,7,50.0,1,Very Easy,0.05,0.05,1,1494,100,0.0,0.0,2,0,1
No Adaptive,3,703,train,strong,player_win,-10.0,5,50.0,1,Very Easy,0.05,0.05,1,1496,100,0.0,0.0,1,0,1
No Adaptive,3,704,train,strong,player_win,-10.0,5,50.0,1,Very Easy,0.05,0.05,1,1498,100,0.0,0.0,1,0,1
No Adaptive,3,705,train,strong,player_win,-10.0,5,50.0,1,Very Easy,0.05,0.05,1,1500,100,0.0,0.0,1,0,1
No Adaptive,3,706,train,strong,player_win,-10.0,5,50.0,1,Very Easy,0.05,0.05,1,1502,100,0.0,0.0,1,0,1
No Adaptive,3,707,train,strong,player_win,-10.0,5,50.0,1,Very Easy,0.05,0.05,1,1504,100,0.0,0.0,1,0,1
No Adaptive,3,708,train,strong,player_win,-10.0,5,50.0,1,Very Easy,0.05,0.05,1,1506,100,0.0,0.0,1,0,1
No Adaptive,3,709,train,strong,player_win,-10.0,5,50.0,1,Very Easy,0.05,0.05,1,1508,100,0.0,0.0,1,0,1
No Adaptive,3,710,train,strong,player_win,-10.0,5,50.0,1,Very Easy,0.05,0.05,1,1510,100,0.0,0.0,1,0,1
No Adaptive,3,711,train,strong,player_win,-10.0,7,50.0,1,Very Easy,0.05,0.05,1,1513,100,0.0,0.0,2,0,1
No Adaptive,3,712,train,strong,player_win,-10.0,5,50.0,1,Very Easy,0.05,0.05,1,1515,100,0.0,0.0,1,0,1
No Adaptive,3,713,train,strong,player_win,-10.0,5,50.0,1,Very Easy,0.05,0.05,1,1517,100,0.0,0.0,1,0,1
No Adaptive,3,714,train,strong,player_win,-10.0,5,50.0,1,Very Easy,0.05,0.05,1,1519,100,0.0,0.0,1,0,1
No Adaptive,3,715,train,strong,player_win,-10.0,5,50.0,1,Very Easy,0.05,0.05,1,1521,100,0.0,0.0,1,0,1
No Adaptive,3,716,train,strong,player_win,-10.0,5,50.0,1,Very Easy,0.05,0.05,1,1523,100,0.0,0.0,1,0,1
No Adaptive,3,717,train,strong,player_win,-10.0,5,50.0,1,Very Easy,0.05,0.05,1,1525,100,0.0,0.0,1,0,1
No Adaptive,3,718,train,strong,player_win,-10.0,5,50.0,1,Very Easy,0.05,0.05,1,1527,100,0.0,0.0,2,0,0
No Adaptive,3,719,train,strong,player_win,-10.0,5,50.0,1,Very Easy,0.05,0.05,1,1529,100,0.0,0.0,1,0,1
No Adaptive,3,720,train,strong,player_win,-10.0,5,50.0,1,Very Easy,0.05,0.05,1,1531,100,0.0,0.0,1,0,1
No Adaptive,3,721,train,strong,player_win,-10.0,5,50.0,1,Very Easy,0.05,0.05,1,1533,100,0.0,0.0,1,0,1
No Adaptive,3,722,train,strong,player_win,-10.0,5,50.0,1,Very Easy,0.05,0.05,1,1535,100,0.0,0.0,1,0,1
No Adaptive,3,723,train,strong,player_win,-10.0,5,50.0,1,Very Easy,0.05,0.05,1,1537,100,0.0,0.0,1,0,1
No Adaptive,3,724,train,strong,player_win,-10.0,7,50.0,1,Very Easy,0.05,0.05,1,1540,100,0.0,0.0,2,0,1
No Adaptive,3,725,train,strong,player_win,-10.0,5,50.0,1,Very Easy,0.05,0.05,1,1542,100,0.0,0.0,1,0,1
No Adaptive,3,726,train,strong,player_win,-10.0,5,50.0,1,Very Easy,0.05,0.05,1,1544,100,0.0,0.0,1,0,1
No Adaptive,3,727,train,strong,player_win,-10.0,5,50.0,1,Very Easy,0.05,0.05,1,1546,100,0.0,0.0,1,0,1
No Adaptive,3,728,train,strong,player_win,-10.0,5,50.0,1,Very Easy,0.05,0.05,1,1548,100,0.0,0.0,1,0,1
No Adaptive,3,729,train,strong,player_win,-10.0,5,50.0,1,Very Easy,0.05,0.05,1,1550,100,0.0,0.0,1,0,1
No Adaptive,3,730,train,strong,player_win,-10.0,5,50.0,1,Very Easy,0.05,0.05,1,1552,100,0.0,0.0,1,1,0
No Adaptive,3,731,train,strong,player_win,-10.0,5,50.0,1,Very Easy,0.05,0.05,1,1554,100,0.0,0.0,1,0,1
No Adaptive,3,732,train,strong,player_win,-10.0,5,50.0,1,Very Easy,0.05,0.05,1,1556,100,0.0,0.0,1,1,0
No Adaptive,3,733,train,strong,player_win,-10.0,5,50.0,1,Very Easy,0.05,0.05,1,1558,100,0.0,0.0,1,0,1
No Adaptive,3,734,train,strong,player_win,-10.0,5,50.0,1,Very Easy,0.05,0.05,1,1560,100,0.0,0.0,1,0,1
No Adaptive,3,735,train,strong,player_win,-10.0,5,50.0,1,Very Easy,0.05,0.05,1,1562,100,0.0,0.0,1,0,1
No Adaptive,3,736,train,strong,player_win,-10.0,5,50.0,1,Very Easy,0.05,0.05,1,1564,100,0.0,0.0,1,0,1
No Adaptive,3,737,train,strong,player_win,-10.0,5,50.0,1,Very Easy,0.05,0.05,1,1566,100,0.0,0.0,1,0,1
No Adaptive,3,738,train,strong,player_win,-10.0,5,50.0,1,Very Easy,0.05,0.05,1,1568,100,0.0,0.0,1,0,1
No Adaptive,3,739,train,strong,player_win,-10.0,5,50.0,1,Very Easy,0.05,0.05,1,1570,100,0.0,0.0,1,0,1
No Adaptive,3,740,train,strong,player_win,-10.0,5,50.0,1,Very Easy,0.05,0.05,1,1572,100,0.0,0.0,1,0,1
No Adaptive,3,741,train,strong,player_win,-10.0,5,50.0,1,Very Easy,0.05,0.05,1,1574,100,0.0,0.0,1,0,1
No Adaptive,3,742,train,strong,player_win,-10.0,5,50.0,1,Very Easy,0.05,0.05,1,1576,100,0.0,0.0,1,0,1
No Adaptive,3,743,train,strong,player_win,-10.0,5,50.0,1,Very Easy,0.05,0.05,1,1578,100,0.0,0.0,1,0,1
No Adaptive,3,744,train,strong,player_win,-10.0,5,50.0,1,Very Easy,0.05,0.05,1,1580,100,0.0,0.0,1,0,1
No Adaptive,3,745,train,strong,player_win,-10.0,5,50.0,1,Very Easy,0.05,0.05,1,1582,100,0.0,0.0,1,0,1
No Adaptive,3,746,train,strong,player_win,-10.0,5,50.0,1,Very Easy,0.05,0.05,1,1584,100,0.0,0.0,1,0,1
No Adaptive,3,747,train,strong,player_win,-10.0,5,50.0,1,Very Easy,0.05,0.05,1,1586,100,0.0,0.0,1,0,1
No Adaptive,3,748,train,strong,player_win,-10.0,5,50.0,1,Very Easy,0.05,0.05,1,1588,100,0.0,0.0,1,0,1
No Adaptive,3,749,train,strong,player_win,-10.0,5,50.0,1,Very Easy,0.05,0.05,1,1590,100,0.0,0.0,1,0,1
No Adaptive,3,750,train,strong,player_win,-10.0,5,50.0,1,Very Easy,0.05,0.05,1,1592,100,0.0,0.0,1,0,1
No Adaptive,3,751,train,strong,player_win,-10.0,5,50.0,1,Very Easy,0.05,0.05,1,1594,100,0.0,0.0,1,0,1
No Adaptive,3,752,train,strong,player_win,-10.0,5,50.0,1,Very Easy,0.05,0.05,1,1596,100,0.0,0.0,1,1,0
No Adaptive,3,753,train,strong,player_win,-10.0,5,50.0,1,Very Easy,0.05,0.05,1,1598,100,0.0,0.0,1,0,1
No Adaptive,3,754,train,strong,player_win,-10.0,5,50.0,1,Very Easy,0.05,0.05,1,1600,100,0.0,0.0,1,0,1
No Adaptive,3,755,train,strong,player_win,-10.0,5,50.0,1,Very Easy,0.05,0.05,1,1602,100,0.0,0.0,1,1,0
No Adaptive,3,756,train,strong,player_win,-10.0,5,50.0,1,Very Easy,0.05,0.05,1,1604,100,0.0,0.0,1,1,0
No Adaptive,3,757,train,strong,player_win,-10.0,5,50.0,1,Very Easy,0.05,0.05,1,1606,100,0.0,0.0,1,0,1
No Adaptive,3,758,train,strong,player_win,-10.0,5,50.0,1,Very Easy,0.05,0.05,1,1608,100,0.0,0.0,1,0,1
No Adaptive,3,759,train,strong,player_win,-10.0,5,50.0,1,Very Easy,0.05,0.05,1,1610,100,0.0,0.0,1,0,1
No Adaptive,3,760,train,strong,player_win,-10.0,5,50.0,1,Very Easy,0.05,0.05,1,1612,100,0.0,0.0,1,0,1
No Adaptive,3,761,train,strong,player_win,-10.0,5,50.0,1,Very Easy,0.05,0.05,1,1614,100,0.0,0.0,1,0,1
No Adaptive,3,762,train,strong,player_win,-10.0,5,50.0,1,Very Easy,0.05,0.05,1,1616,100,0.0,0.0,1,0,1
No Adaptive,3,763,train,strong,player_win,-10.0,7,50.0,1,Very Easy,0.05,0.05,1,1619,100,0.0,0.0,2,0,1
No Adaptive,3,764,train,strong,player_win,-10.0,5,50.0,1,Very Easy,0.05,0.05,1,1621,100,0.0,0.0,1,0,1
No Adaptive,3,765,train,strong,player_win,-10.0,5,50.0,1,Very Easy,0.05,0.05,1,1623,100,0.0,0.0,1,0,1
No Adaptive,3,766,train,strong,player_win,-10.0,5,50.0,1,Very Easy,0.05,0.05,1,1625,100,0.0,0.0,1,0,1
No Adaptive,3,767,train,strong,player_win,-10.0,5,50.0,1,Very Easy,0.05,0.05,1,1627,100,0.0,0.0,1,0,1
No Adaptive,3,768,train,strong,player_win,-10.0,5,50.0,1,Very Easy,0.05,0.05,1,1629,100,0.0,0.0,1,0,1
No Adaptive,3,769,train,strong,player_win,-10.0,5,50.0,1,Very Easy,0.05,0.05,1,1631,100,0.0,0.0,2,0,0
No Adaptive,3,770,train,strong,player_win,-10.0,5,50.0,1,Very Easy,0.05,0.05,1,1633,100,0.0,0.0,1,0,1
No Adaptive,3,771,train,strong,player_win,-10.0,5,50.0,1,Very Easy,0.05,0.05,1,1635,100,0.0,0.0,2,0,0
No Adaptive,3,772,train,strong,player_win,-10.0,5,50.0,1,Very Easy,0.05,0.05,1,1637,100,0.0,0.0,1,0,1
No Adaptive,3,773,train,strong,player_win,-10.0,5,50.0,1,Very Easy,0.05,0.05,1,1639,100,0.0,0.0,1,0,1
No Adaptive,3,774,train,strong,player_win,-10.0,5,50.0,1,Very Easy,0.05,0.05,1,1641,100,0.0,0.0,1,0,1
No Adaptive,3,775,train,strong,player_win,-10.0,5,50.0,1,Very Easy,0.05,0.05,1,1643,100,0.0,0.0,1,0,1
No Adaptive,3,776,train,strong,player_win,-10.0,5,50.0,1,Very Easy,0.05,0.05,1,1645,100,0.0,0.0,1,0,1
No Adaptive,3,777,train,strong,player_win,-10.0,5,50.0,1,Very Easy,0.05,0.05,1,1647,100,0.0,0.0,1,0,1
No Adaptive,3,778,train,strong,player_win,-10.0,5,50.0,1,Very Easy,0.05,0.05,1,1649,100,0.0,0.0,1,0,1
No Adaptive,3,779,train,strong,player_win,-10.0,5,50.0,1,Very Easy,0.05,0.05,1,1651,100,0.0,0.0,1,0,1
No Adaptive,3,780,train,strong,player_win,-10.0,5,50.0,1,Very Easy,0.05,0.05,1,1653,100,0.0,0.0,1,0,1
No Adaptive,3,781,train,strong,player_win,-10.0,5,50.0,1,Very Easy,0.05,0.05,1,1655,100,0.0,0.0,1,0,1
No Adaptive,3,782,train,strong,player_win,-10.0,5,50.0,1,Very Easy,0.05,0.05,1,1657,100,0.0,0.0,1,0,1
No Adaptive,3,783,train,strong,player_win,-10.0,5,50.0,1,Very Easy,0.05,0.05,1,1659,100,0.0,0.0,1,0,1
No Adaptive,3,784,train,strong,player_win,-10.0,5,50.0,1,Very Easy,0.05,0.05,1,1661,100,0.0,0.0,1,0,1
No Adaptive,3,785,train,strong,player_win,-10.0,5,50.0,1,Very Easy,0.05,0.05,1,1663,100,0.0,0.0,1,0,1
No Adaptive,3,786,train,strong,player_win,-10.0,5,50.0,1,Very Easy,0.05,0.05,1,1665,100,0.0,0.0,1,0,1
No Adaptive,3,787,train,strong,player_win,-10.0,5,50.0,1,Very Easy,0.05,0.05,1,1667,100,0.0,0.0,1,0,1
No Adaptive,3,788,train,strong,player_win,-10.0,5,50.0,1,Very Easy,0.05,0.05,1,1669,100,0.0,0.0,1,0,1
No Adaptive,3,789,train,strong,player_win,-10.0,5,50.0,1,Very Easy,0.05,0.05,1,1671,100,0.0,0.0,1,0,1
No Adaptive,3,790,train,strong,player_win,-10.0,7,50.0,1,Very Easy,0.05,0.05,1,1674,100,0.0,0.0,2,0,1
No Adaptive,3,791,train,strong,player_win,-10.0,5,50.0,1,Very Easy,0.05,0.05,1,1676,100,0.0,0.0,1,0,1
No Adaptive,3,792,train,strong,player_win,-10.0,5,50.0,1,Very Easy,0.05,0.05,1,1678,100,0.0,0.0,1,0,1
No Adaptive,3,793,train,strong,player_win,-10.0,5,50.0,1,Very Easy,0.05,0.05,1,1680,100,0.0,0.0,1,0,1
No Adaptive,3,794,train,strong,player_win,-10.0,7,50.0,1,Very Easy,0.05,0.05,1,1683,100,0.0,0.0,2,0,1
No Adaptive,3,795,train,strong,player_win,-10.0,5,50.0,1,Very Easy,0.05,0.05,1,1685,100,0.0,0.0,1,0,1
No Adaptive,3,796,train,strong,player_win,-10.0,5,50.0,1,Very Easy,0.05,0.05,1,1687,100,0.0,0.0,1,0,1
No Adaptive,3,797,train,strong,player_win,-10.0,5,50.0,1,Very Easy,0.05,0.05,1,1689,100,0.0,0.0,1,0,1
No Adaptive,3,798,train,strong,player_win,-10.0,7,50.0,1,Very Easy,0.05,0.05,1,1692,100,0.0,0.0,2,0,1
No Adaptive,3,799,train,strong,player_win,-10.0,5,50.0,1,Very Easy,0.05,0.05,1,1694,100,0.0,0.0,1,0,1
No Adaptive,3,800,train,strong,player_win,-10.0,5,50.0,1,Very Easy,0.05,0.05,1,1696,100,0.0,0.0,1,0,1
No Adaptive,3,801,eval,strong,player_win,-10.0,5,50.0,1,Very Easy,0.05,0.0,0,1696,100,0.0,0.0,1,0,1
No Adaptive,3,802,eval,strong,player_win,-10.0,5,50.0,1,Very Easy,0.05,0.0,0,1696,100,0.0,0.0,1,0,1
No Adaptive,3,803,eval,strong,player_win,-10.0,5,50.0,1,Very Easy,0.05,0.0,0,1696,100,0.0,0.0,1,0,1
No Adaptive,3,804,eval,strong,player_win,-10.0,5,50.0,1,Very Easy,0.05,0.0,0,1696,100,0.0,0.0,2,0,0
No Adaptive,3,805,eval,strong,player_win,-10.0,7,50.0,1,Very Easy,0.05,0.0,0,1696,100,0.0,0.0,2,0,1
No Adaptive,3,806,eval,strong,player_win,-10.0,5,50.0,1,Very Easy,0.05,0.0,0,1696,100,0.0,0.0,1,0,1
No Adaptive,3,807,eval,strong,player_win,-10.0,5,50.0,1,Very Easy,0.05,0.0,0,1696,100,0.0,0.0,1,0,1
No Adaptive,3,808,eval,strong,player_win,-10.0,5,50.0,1,Very Easy,0.05,0.0,0,1696,100,0.0,0.0,1,0,1
No Adaptive,3,809,eval,strong,player_win,-10.0,5,50.0,1,Very Easy,0.05,0.0,0,1696,100,0.0,0.0,1,0,1
No Adaptive,3,810,eval,strong,player_win,-10.0,5,50.0,1,Very Easy,0.05,0.0,0,1696,100,0.0,0.0,1,0,1
No Adaptive,3,811,eval,strong,player_win,-10.0,5,50.0,1,Very Easy,0.05,0.0,0,1696,100,0.0,0.0,1,0,1
No Adaptive,3,812,eval,strong,player_win,-10.0,7,50.0,1,Very Easy,0.05,0.0,0,1696,100,0.0,0.0,2,0,1
No Adaptive,3,813,eval,strong,player_win,-10.0,7,50.0,1,Very Easy,0.05,0.0,0,1696,100,0.0,0.0,2,0,1
No Adaptive,3,814,eval,strong,player_win,-10.0,5,50.0,1,Very Easy,0.05,0.0,0,1696,100,0.0,0.0,1,0,1
No Adaptive,3,815,eval,strong,player_win,-10.0,5,50.0,1,Very Easy,0.05,0.0,0,1696,100,0.0,0.0,1,0,1
No Adaptive,3,816,eval,strong,player_win,-10.0,5,50.0,1,Very Easy,0.05,0.0,0,1696,100,0.0,0.0,1,0,1
No Adaptive,3,817,eval,strong,player_win,-10.0,7,50.0,1,Very Easy,0.05,0.0,0,1696,100,0.0,0.0,2,0,1
No Adaptive,3,818,eval,strong,player_win,-10.0,5,50.0,1,Very Easy,0.05,0.0,0,1696,100,0.0,0.0,2,0,0
No Adaptive,3,819,eval,strong,player_win,-10.0,5,50.0,1,Very Easy,0.05,0.0,0,1696,100,0.0,0.0,2,0,0
No Adaptive,3,820,eval,strong,player_win,-10.0,5,50.0,1,Very Easy,0.05,0.0,0,1696,100,0.0,0.0,1,0,1
No Adaptive,3,821,eval,strong,player_win,-10.0,5,50.0,1,Very Easy,0.05,0.0,0,1696,100,0.0,0.0,1,0,1
No Adaptive,3,822,eval,strong,player_win,-10.0,5,50.0,1,Very Easy,0.05,0.0,0,1696,100,0.0,0.0,1,0,1
No Adaptive,3,823,eval,strong,player_win,-10.0,5,50.0,1,Very Easy,0.05,0.0,0,1696,100,0.0,0.0,1,0,1
No Adaptive,3,824,eval,strong,player_win,-10.0,7,50.0,1,Very Easy,0.05,0.0,0,1696,100,0.0,0.0,2,0,1
No Adaptive,3,825,eval,strong,player_win,-10.0,5,50.0,1,Very Easy,0.05,0.0,0,1696,100,0.0,0.0,1,0,1
No Adaptive,3,826,eval,strong,player_win,-10.0,5,50.0,1,Very Easy,0.05,0.0,0,1696,100,0.0,0.0,1,0,1
No Adaptive,3,827,eval,strong,player_win,-10.0,5,50.0,1,Very Easy,0.05,0.0,0,1696,100,0.0,0.0,1,0,1
No Adaptive,3,828,eval,strong,player_win,-10.0,5,50.0,1,Very Easy,0.05,0.0,0,1696,100,0.0,0.0,1,0,1
No Adaptive,3,829,eval,strong,player_win,-10.0,5,50.0,1,Very Easy,0.05,0.0,0,1696,100,0.0,0.0,2,0,0
No Adaptive,3,830,eval,strong,player_win,-10.0,5,50.0,1,Very Easy,0.05,0.0,0,1696,100,0.0,0.0,1,0,1
No Adaptive,3,831,eval,strong,player_win,-10.0,5,50.0,1,Very Easy,0.05,0.0,0,1696,100,0.0,0.0,1,0,1
No Adaptive,3,832,eval,strong,player_win,-10.0,5,50.0,1,Very Easy,0.05,0.0,0,1696,100,0.0,0.0,1,0,1
No Adaptive,3,833,eval,strong,player_win,-10.0,5,50.0,1,Very Easy,0.05,0.0,0,1696,100,0.0,0.0,1,0,1
No Adaptive,3,834,eval,strong,player_win,-10.0,7,50.0,1,Very Easy,0.05,0.0,0,1696,100,0.0,0.0,2,0,1
No Adaptive,3,835,eval,strong,player_win,-10.0,5,50.0,1,Very Easy,0.05,0.0,0,1696,100,0.0,0.0,1,0,1
No Adaptive,3,836,eval,strong,player_win,-10.0,5,50.0,1,Very Easy,0.05,0.0,0,1696,100,0.0,0.0,1,0,1
No Adaptive,3,837,eval,strong,player_win,-10.0,5,50.0,1,Very Easy,0.05,0.0,0,1696,100,0.0,0.0,1,0,1
No Adaptive,3,838,eval,strong,player_win,-10.0,5,50.0,1,Very Easy,0.05,0.0,0,1696,100,0.0,0.0,1,0,1
No Adaptive,3,839,eval,strong,player_win,-10.0,5,50.0,1,Very Easy,0.05,0.0,0,1696,100,0.0,0.0,1,0,1
No Adaptive,3,840,eval,strong,player_win,-10.0,5,50.0,1,Very Easy,0.05,0.0,0,1696,100,0.0,0.0,1,0,1
No Adaptive,3,841,eval,strong,player_win,-10.0,7,50.0,1,Very Easy,0.05,0.0,0,1696,100,0.0,0.0,2,0,1
No Adaptive,3,842,eval,strong,player_win,-10.0,5,50.0,1,Very Easy,0.05,0.0,0,1696,100,0.0,0.0,1,0,1
No Adaptive,3,843,eval,strong,player_win,-10.0,5,50.0,1,Very Easy,0.05,0.0,0,1696,100,0.0,0.0,1,0,1
No Adaptive,3,844,eval,strong,player_win,-10.0,5,50.0,1,Very Easy,0.05,0.0,0,1696,100,0.0,0.0,1,0,1
No Adaptive,3,845,eval,strong,player_win,-10.0,5,50.0,1,Very Easy,0.05,0.0,0,1696,100,0.0,0.0,1,0,1
No Adaptive,3,846,eval,strong,player_win,-10.0,5,50.0,1,Very Easy,0.05,0.0,0,1696,100,0.0,0.0,1,0,1
No Adaptive,3,847,eval,strong,player_win,-10.0,5,50.0,1,Very Easy,0.05,0.0,0,1696,100,0.0,0.0,1,0,1
No Adaptive,3,848,eval,strong,player_win,-10.0,5,50.0,1,Very Easy,0.05,0.0,0,1696,100,0.0,0.0,1,0,1
No Adaptive,3,849,eval,strong,player_win,-10.0,5,50.0,1,Very Easy,0.05,0.0,0,1696,100,0.0,0.0,1,0,1
No Adaptive,3,850,eval,strong,player_win,-10.0,5,50.0,1,Very Easy,0.05,0.0,0,1696,100,0.0,0.0,1,0,1
No Adaptive,3,851,eval,strong,player_win,-10.0,5,50.0,1,Very Easy,0.05,0.0,0,1696,100,0.0,0.0,1,0,1
No Adaptive,3,852,eval,strong,player_win,-10.0,5,50.0,1,Very Easy,0.05,0.0,0,1696,100,0.0,0.0,1,0,1
No Adaptive,3,853,eval,strong,player_win,-10.0,5,50.0,1,Very Easy,0.05,0.0,0,1696,100,0.0,0.0,1,0,1
No Adaptive,3,854,eval,strong,player_win,-10.0,5,50.0,1,Very Easy,0.05,0.0,0,1696,100,0.0,0.0,1,0,1
No Adaptive,3,855,eval,strong,player_win,-10.0,5,50.0,1,Very Easy,0.05,0.0,0,1696,100,0.0,0.0,1,0,1
No Adaptive,3,856,eval,strong,player_win,-10.0,5,50.0,1,Very Easy,0.05,0.0,0,1696,100,0.0,0.0,1,0,1
No Adaptive,3,857,eval,strong,player_win,-10.0,5,50.0,1,Very Easy,0.05,0.0,0,1696,100,0.0,0.0,1,0,1
No Adaptive,3,858,eval,strong,player_win,-10.0,5,50.0,1,Very Easy,0.05,0.0,0,1696,100,0.0,0.0,1,0,1
No Adaptive,3,859,eval,strong,player_win,-10.0,5,50.0,1,Very Easy,0.05,0.0,0,1696,100,0.0,0.0,1,0,1
No Adaptive,3,860,eval,strong,player_win,-10.0,5,50.0,1,Very Easy,0.05,0.0,0,1696,100,0.0,0.0,1,0,1
No Adaptive,3,861,eval,strong,player_win,-10.0,5,50.0,1,Very Easy,0.05,0.0,0,1696,100,0.0,0.0,1,0,1
No Adaptive,3,862,eval,strong,player_win,-10.0,5,50.0,1,Very Easy,0.05,0.0,0,1696,100,0.0,0.0,1,0,1
No Adaptive,3,863,eval,strong,player_win,-10.0,5,50.0,1,Very Easy,0.05,0.0,0,1696,100,0.0,0.0,1,0,1
No Adaptive,3,864,eval,strong,player_win,-10.0,5,50.0,1,Very Easy,0.05,0.0,0,1696,100,0.0,0.0,1,0,1
No Adaptive,3,865,eval,strong,player_win,-10.0,5,50.0,1,Very Easy,0.05,0.0,0,1696,100,0.0,0.0,1,0,1
No Adaptive,3,866,eval,strong,player_win,-10.0,5,50.0,1,Very Easy,0.05,0.0,0,1696,100,0.0,0.0,1,0,1
No Adaptive,3,867,eval,strong,player_win,-10.0,5,50.0,1,Very Easy,0.05,0.0,0,1696,100,0.0,0.0,1,0,1
No Adaptive,3,868,eval,strong,player_win,-10.0,7,50.0,1,Very Easy,0.05,0.0,0,1696,100,0.0,0.0,2,0,1
No Adaptive,3,869,eval,strong,player_win,-10.0,5,50.0,1,Very Easy,0.05,0.0,0,1696,100,0.0,0.0,1,0,1
No Adaptive,3,870,eval,strong,player_win,-10.0,5,50.0,1,Very Easy,0.05,0.0,0,1696,100,0.0,0.0,2,0,0
No Adaptive,3,871,eval,strong,player_win,-10.0,5,50.0,1,Very Easy,0.05,0.0,0,1696,100,0.0,0.0,1,0,1
No Adaptive,3,872,eval,strong,player_win,-10.0,7,50.0,1,Very Easy,0.05,0.0,0,1696,100,0.0,0.0,2,0,1
No Adaptive,3,873,eval,strong,player_win,-10.0,5,50.0,1,Very Easy,0.05,0.0,0,1696,100,0.0,0.0,1,0,1
No Adaptive,3,874,eval,strong,player_win,-10.0,5,50.0,1,Very Easy,0.05,0.0,0,1696,100,0.0,0.0,1,0,1
No Adaptive,3,875,eval,strong,player_win,-10.0,5,50.0,1,Very Easy,0.05,0.0,0,1696,100,0.0,0.0,1,0,1
No Adaptive,3,876,eval,strong,player_win,-10.0,5,50.0,1,Very Easy,0.05,0.0,0,1696,100,0.0,0.0,1,0,1
No Adaptive,3,877,eval,strong,player_win,-10.0,5,50.0,1,Very Easy,0.05,0.0,0,1696,100,0.0,0.0,1,0,1
No Adaptive,3,878,eval,strong,player_win,-10.0,5,50.0,1,Very Easy,0.05,0.0,0,1696,100,0.0,0.0,1,0,1
No Adaptive,3,879,eval,strong,player_win,-10.0,5,50.0,1,Very Easy,0.05,0.0,0,1696,100,0.0,0.0,1,0,1
No Adaptive,3,880,eval,strong,player_win,-10.0,5,50.0,1,Very Easy,0.05,0.0,0,1696,100,0.0,0.0,1,0,1
No Adaptive,3,881,eval,strong,player_win,-10.0,5,50.0,1,Very Easy,0.05,0.0,0,1696,100,0.0,0.0,1,0,1
No Adaptive,3,882,eval,strong,player_win,-10.0,5,50.0,1,Very Easy,0.05,0.0,0,1696,100,0.0,0.0,1,0,1
No Adaptive,3,883,eval,strong,player_win,-10.0,5,50.0,1,Very Easy,0.05,0.0,0,1696,100,0.0,0.0,1,0,1
No Adaptive,3,884,eval,strong,player_win,-10.0,5,50.0,1,Very Easy,0.05,0.0,0,1696,100,0.0,0.0,1,0,1
No Adaptive,3,885,eval,strong,player_win,-10.0,5,50.0,1,Very Easy,0.05,0.0,0,1696,100,0.0,0.0,1,0,1
No Adaptive,3,886,eval,strong,player_win,-10.0,5,50.0,1,Very Easy,0.05,0.0,0,1696,100,0.0,0.0,2,0,0
No Adaptive,3,887,eval,strong,player_win,-10.0,5,50.0,1,Very Easy,0.05,0.0,0,1696,100,0.0,0.0,1,0,1
No Adaptive,3,888,eval,strong,player_win,-10.0,5,50.0,1,Very Easy,0.05,0.0,0,1696,100,0.0,0.0,1,0,1
No Adaptive,3,889,eval,strong,player_win,-10.0,5,50.0,1,Very Easy,0.05,0.0,0,1696,100,0.0,0.0,1,0,1
No Adaptive,3,890,eval,strong,player_win,-10.0,5,50.0,1,Very Easy,0.05,0.0,0,1696,100,0.0,0.0,1,0,1
No Adaptive,3,891,eval,strong,player_win,-10.0,5,50.0,1,Very Easy,0.05,0.0,0,1696,100,0.0,0.0,1,0,1
No Adaptive,3,892,eval,strong,player_win,-10.0,7,50.0,1,Very Easy,0.05,0.0,0,1696,100,0.0,0.0,2,0,1
No Adaptive,3,893,eval,strong,player_win,-10.0,5,50.0,1,Very Easy,0.05,0.0,0,1696,100,0.0,0.0,1,0,1
No Adaptive,3,894,eval,strong,player_win,-10.0,5,50.0,1,Very Easy,0.05,0.0,0,1696,100,0.0,0.0,1,0,1
No Adaptive,3,895,eval,strong,player_win,-10.0,5,50.0,1,Very Easy,0.05,0.0,0,1696,100,0.0,0.0,1,0,1
No Adaptive,3,896,eval,strong,player_win,-10.0,5,50.0,1,Very Easy,0.05,0.0,0,1696,100,0.0,0.0,2,0,0
No Adaptive,3,897,eval,strong,player_win,-10.0,5,50.0,1,Very Easy,0.05,0.0,0,1696,100,0.0,0.0,1,0,1
No Adaptive,3,898,eval,strong,player_win,-10.0,5,50.0,1,Very Easy,0.05,0.0,0,1696,100,0.0,0.0,1,0,1
No Adaptive,3,899,eval,strong,player_win,-10.0,5,50.0,1,Very Easy,0.05,0.0,0,1696,100,0.0,0.0,2,0,0
No Adaptive,3,900,eval,strong,player_win,-10.0,7,50.0,1,Very Easy,0.05,0.0,0,1696,100,0.0,0.0,2,0,1
No Adaptive,3,901,eval,strong,player_win,-10.0,5,50.0,1,Very Easy,0.05,0.0,0,1696,100,0.0,0.0,1,0,1
No Adaptive,3,902,eval,strong,player_win,-10.0,5,50.0,1,Very Easy,0.05,0.0,0,1696,100,0.0,0.0,1,0,1
No Adaptive,3,903,eval,strong,player_win,-10.0,5,50.0,1,Very Easy,0.05,0.0,0,1696,100,0.0,0.0,1,0,1
No Adaptive,3,904,eval,strong,player_win,-10.0,5,50.0,1,Very Easy,0.05,0.0,0,1696,100,0.0,0.0,1,0,1
No Adaptive,3,905,eval,strong,player_win,-10.0,5,50.0,1,Very Easy,0.05,0.0,0,1696,100,0.0,0.0,1,0,1
No Adaptive,3,906,eval,strong,player_win,-10.0,5,50.0,1,Very Easy,0.05,0.0,0,1696,100,0.0,0.0,1,0,1
No Adaptive,3,907,eval,strong,player_win,-10.0,7,50.0,1,Very Easy,0.05,0.0,0,1696,100,0.0,0.0,2,0,1
No Adaptive,3,908,eval,strong,player_win,-10.0,5,50.0,1,Very Easy,0.05,0.0,0,1696,100,0.0,0.0,1,0,1
No Adaptive,3,909,eval,strong,player_win,-10.0,5,50.0,1,Very Easy,0.05,0.0,0,1696,100,0.0,0.0,1,0,1
No Adaptive,3,910,eval,strong,player_win,-10.0,5,50.0,1,Very Easy,0.05,0.0,0,1696,100,0.0,0.0,1,0,1
No Adaptive,3,911,eval,strong,player_win,-10.0,5,50.0,1,Very Easy,0.05,0.0,0,1696,100,0.0,0.0,1,0,1
No Adaptive,3,912,eval,strong,player_win,-10.0,5,50.0,1,Very Easy,0.05,0.0,0,1696,100,0.0,0.0,1,0,1
No Adaptive,3,913,eval,strong,player_win,-10.0,7,50.0,1,Very Easy,0.05,0.0,0,1696,100,0.0,0.0,2,0,1
No Adaptive,3,914,eval,strong,player_win,-10.0,5,50.0,1,Very Easy,0.05,0.0,0,1696,100,0.0,0.0,2,0,0
No Adaptive,3,915,eval,strong,player_win,-10.0,5,50.0,1,Very Easy,0.05,0.0,0,1696,100,0.0,0.0,1,0,1
No Adaptive,3,916,eval,strong,player_win,-10.0,5,50.0,1,Very Easy,0.05,0.0,0,1696,100,0.0,0.0,1,0,1
No Adaptive,3,917,eval,strong,player_win,-10.0,5,50.0,1,Very Easy,0.05,0.0,0,1696,100,0.0,0.0,1,0,1
No Adaptive,3,918,eval,strong,player_win,-10.0,5,50.0,1,Very Easy,0.05,0.0,0,1696,100,0.0,0.0,1,0,1
No Adaptive,3,919,eval,strong,player_win,-10.0,5,50.0,1,Very Easy,0.05,0.0,0,1696,100,0.0,0.0,1,0,1
No Adaptive,3,920,eval,strong,player_win,-10.0,5,50.0,1,Very Easy,0.05,0.0,0,1696,100,0.0,0.0,1,0,1
No Adaptive,3,921,eval,strong,player_win,-10.0,5,50.0,1,Very Easy,0.05,0.0,0,1696,100,0.0,0.0,2,0,0
No Adaptive,3,922,eval,strong,player_win,-10.0,7,50.0,1,Very Easy,0.05,0.0,0,1696,100,0.0,0.0,2,0,1
No Adaptive,3,923,eval,strong,player_win,-10.0,5,50.0,1,Very Easy,0.05,0.0,0,1696,100,0.0,0.0,1,0,1
No Adaptive,3,924,eval,strong,player_win,-10.0,5,50.0,1,Very Easy,0.05,0.0,0,1696,100,0.0,0.0,1,0,1
No Adaptive,3,925,eval,strong,player_win,-10.0,5,50.0,1,Very Easy,0.05,0.0,0,1696,100,0.0,0.0,1,0,1
No Adaptive,3,926,eval,strong,player_win,-10.0,5,50.0,1,Very Easy,0.05,0.0,0,1696,100,0.0,0.0,1,0,1
No Adaptive,3,927,eval,strong,player_win,-10.0,7,50.0,1,Very Easy,0.05,0.0,0,1696,100,0.0,0.0,2,0,1
No Adaptive,3,928,eval,strong,player_win,-10.0,5,50.0,1,Very Easy,0.05,0.0,0,1696,100,0.0,0.0,1,0,1
No Adaptive,3,929,eval,strong,player_win,-10.0,5,50.0,1,Very Easy,0.05,0.0,0,1696,100,0.0,0.0,1,0,1
No Adaptive,3,930,eval,strong,player_win,-10.0,5,50.0,1,Very Easy,0.05,0.0,0,1696,100,0.0,0.0,1,0,1
No Adaptive,3,931,eval,strong,player_win,-10.0,5,50.0,1,Very Easy,0.05,0.0,0,1696,100,0.0,0.0,1,0,1
No Adaptive,3,932,eval,strong,player_win,-10.0,5,50.0,1,Very Easy,0.05,0.0,0,1696,100,0.0,0.0,1,0,1
No Adaptive,3,933,eval,strong,player_win,-10.0,5,50.0,1,Very Easy,0.05,0.0,0,1696,100,0.0,0.0,1,0,1
No Adaptive,3,934,eval,strong,player_win,-10.0,5,50.0,1,Very Easy,0.05,0.0,0,1696,100,0.0,0.0,1,0,1
No Adaptive,3,935,eval,strong,player_win,-10.0,5,50.0,1,Very Easy,0.05,0.0,0,1696,100,0.0,0.0,1,0,1
No Adaptive,3,936,eval,strong,player_win,-10.0,7,50.0,1,Very Easy,0.05,0.0,0,1696,100,0.0,0.0,2,0,1
No Adaptive,3,937,eval,strong,player_win,-10.0,5,50.0,1,Very Easy,0.05,0.0,0,1696,100,0.0,0.0,2,0,0
No Adaptive,3,938,eval,strong,player_win,-10.0,5,50.0,1,Very Easy,0.05,0.0,0,1696,100,0.0,0.0,1,0,1
No Adaptive,3,939,eval,strong,player_win,-10.0,7,50.0,1,Very Easy,0.05,0.0,0,1696,100,0.0,0.0,2,0,1
No Adaptive,3,940,eval,strong,player_win,-10.0,5,50.0,1,Very Easy,0.05,0.0,0,1696,100,0.0,0.0,1,0,1
No Adaptive,3,941,eval,strong,player_win,-10.0,5,50.0,1,Very Easy,0.05,0.0,0,1696,100,0.0,0.0,1,0,1
No Adaptive,3,942,eval,strong,player_win,-10.0,5,50.0,1,Very Easy,0.05,0.0,0,1696,100,0.0,0.0,2,0,0
No Adaptive,3,943,eval,strong,player_win,-10.0,7,50.0,1,Very Easy,0.05,0.0,0,1696,100,0.0,0.0,2,0,1
No Adaptive,3,944,eval,strong,player_win,-10.0,5,50.0,1,Very Easy,0.05,0.0,0,1696,100,0.0,0.0,1,0,1
No Adaptive,3,945,eval,strong,player_win,-10.0,5,50.0,1,Very Easy,0.05,0.0,0,1696,100,0.0,0.0,1,0,1
No Adaptive,3,946,eval,strong,player_win,-10.0,5,50.0,1,Very Easy,0.05,0.0,0,1696,100,0.0,0.0,1,0,1
No Adaptive,3,947,eval,strong,player_win,-10.0,5,50.0,1,Very Easy,0.05,0.0,0,1696,100,0.0,0.0,1,0,1
No Adaptive,3,948,eval,strong,player_win,-10.0,5,50.0,1,Very Easy,0.05,0.0,0,1696,100,0.0,0.0,1,0,1
No Adaptive,3,949,eval,strong,player_win,-10.0,5,50.0,1,Very Easy,0.05,0.0,0,1696,100,0.0,0.0,1,0,1
No Adaptive,3,950,eval,strong,player_win,-10.0,5,50.0,1,Very Easy,0.05,0.0,0,1696,100,0.0,0.0,1,0,1
No Adaptive,3,951,eval,strong,player_win,-10.0,5,50.0,1,Very Easy,0.05,0.0,0,1696,100,0.0,0.0,1,0,1
No Adaptive,3,952,eval,strong,player_win,-10.0,5,50.0,1,Very Easy,0.05,0.0,0,1696,100,0.0,0.0,1,0,1
No Adaptive,3,953,eval,strong,player_win,-10.0,5,50.0,1,Very Easy,0.05,0.0,0,1696,100,0.0,0.0,1,0,1
No Adaptive,3,954,eval,strong,player_win,-10.0,5,50.0,1,Very Easy,0.05,0.0,0,1696,100,0.0,0.0,1,0,1
No Adaptive,3,955,eval,strong,player_win,-10.0,5,50.0,1,Very Easy,0.05,0.0,0,1696,100,0.0,0.0,1,0,1
No Adaptive,3,956,eval,strong,player_win,-10.0,5,50.0,1,Very Easy,0.05,0.0,0,1696,100,0.0,0.0,1,0,1
No Adaptive,3,957,eval,strong,player_win,-10.0,5,50.0,1,Very Easy,0.05,0.0,0,1696,100,0.0,0.0,1,0,1
No Adaptive,3,958,eval,strong,player_win,-10.0,5,50.0,1,Very Easy,0.05,0.0,0,1696,100,0.0,0.0,2,0,0
No Adaptive,3,959,eval,strong,player_win,-10.0,5,50.0,1,Very Easy,0.05,0.0,0,1696,100,0.0,0.0,1,0,1
No Adaptive,3,960,eval,strong,player_win,-10.0,5,50.0,1,Very Easy,0.05,0.0,0,1696,100,0.0,0.0,1,0,1
No Adaptive,3,961,eval,strong,player_win,-10.0,5,50.0,1,Very Easy,0.05,0.0,0,1696,100,0.0,0.0,1,0,1
No Adaptive,3,962,eval,strong,player_win,-10.0,5,50.0,1,Very Easy,0.05,0.0,0,1696,100,0.0,0.0,1,0,1
No Adaptive,3,963,eval,strong,player_win,-10.0,5,50.0,1,Very Easy,0.05,0.0,0,1696,100,0.0,0.0,1,0,1
No Adaptive,3,964,eval,strong,player_win,-10.0,7,50.0,1,Very Easy,0.05,0.0,0,1696,100,0.0,0.0,2,0,1
No Adaptive,3,965,eval,strong,player_win,-10.0,5,50.0,1,Very Easy,0.05,0.0,0,1696,100,0.0,0.0,1,0,1
No Adaptive,3,966,eval,strong,player_win,-10.0,5,50.0,1,Very Easy,0.05,0.0,0,1696,100,0.0,0.0,1,0,1
No Adaptive,3,967,eval,strong,player_win,-10.0,5,50.0,1,Very Easy,0.05,0.0,0,1696,100,0.0,0.0,1,0,1
No Adaptive,3,968,eval,strong,player_win,-10.0,5,50.0,1,Very Easy,0.05,0.0,0,1696,100,0.0,0.0,1,0,1
No Adaptive,3,969,eval,strong,player_win,-10.0,5,50.0,1,Very Easy,0.05,0.0,0,1696,100,0.0,0.0,1,0,1
No Adaptive,3,970,eval,strong,player_win,-10.0,5,50.0,1,Very Easy,0.05,0.0,0,1696,100,0.0,0.0,1,0,1
No Adaptive,3,971,eval,strong,player_win,-10.0,5,50.0,1,Very Easy,0.05,0.0,0,1696,100,0.0,0.0,2,0,0
No Adaptive,3,972,eval,strong,player_win,-10.0,5,50.0,1,Very Easy,0.05,0.0,0,1696,100,0.0,0.0,2,0,0
No Adaptive,3,973,eval,strong,player_win,-10.0,7,50.0,1,Very Easy,0.05,0.0,0,1696,100,0.0,0.0,2,0,1
No Adaptive,3,974,eval,strong,player_win,-10.0,5,50.0,1,Very Easy,0.05,0.0,0,1696,100,0.0,0.0,1,0,1
No Adaptive,3,975,eval,strong,player_win,-10.0,7,50.0,1,Very Easy,0.05,0.0,0,1696,100,0.0,0.0,2,0,1
No Adaptive,3,976,eval,strong,player_win,-10.0,5,50.0,1,Very Easy,0.05,0.0,0,1696,100,0.0,0.0,1,0,1
No Adaptive,3,977,eval,strong,player_win,-10.0,5,50.0,1,Very Easy,0.05,0.0,0,1696,100,0.0,0.0,1,0,1
No Adaptive,3,978,eval,strong,player_win,-10.0,5,50.0,1,Very Easy,0.05,0.0,0,1696,100,0.0,0.0,1,0,1
No Adaptive,3,979,eval,strong,player_win,-10.0,7,50.0,1,Very Easy,0.05,0.0,0,1696,100,0.0,0.0,2,0,1
No Adaptive,3,980,eval,strong,player_win,-10.0,5,50.0,1,Very Easy,0.05,0.0,0,1696,100,0.0,0.0,1,0,1
No Adaptive,3,981,eval,strong,player_win,-10.0,5,50.0,1,Very Easy,0.05,0.0,0,1696,100,0.0,0.0,1,0,1
No Adaptive,3,982,eval,strong,player_win,-10.0,5,50.0,1,Very Easy,0.05,0.0,0,1696,100,0.0,0.0,1,0,1
No Adaptive,3,983,eval,strong,player_win,-10.0,7,50.0,1,Very Easy,0.05,0.0,0,1696,100,0.0,0.0,2,0,1
No Adaptive,3,984,eval,strong,player_win,-10.0,5,50.0,1,Very Easy,0.05,0.0,0,1696,100,0.0,0.0,1,0,1
No Adaptive,3,985,eval,strong,player_win,-10.0,5,50.0,1,Very Easy,0.05,0.0,0,1696,100,0.0,0.0,1,0,1
No Adaptive,3,986,eval,strong,player_win,-10.0,5,50.0,1,Very Easy,0.05,0.0,0,1696,100,0.0,0.0,1,0,1
No Adaptive,3,987,eval,strong,player_win,-10.0,5,50.0,1,Very Easy,0.05,0.0,0,1696,100,0.0,0.0,1,0,1
No Adaptive,3,988,eval,strong,player_win,-10.0,5,50.0,1,Very Easy,0.05,0.0,0,1696,100,0.0,0.0,1,0,1
No Adaptive,3,989,eval,strong,player_win,-10.0,5,50.0,1,Very Easy,0.05,0.0,0,1696,100,0.0,0.0,1,0,1
No Adaptive,3,990,eval,strong,player_win,-10.0,5,50.0,1,Very Easy,0.05,0.0,0,1696,100,0.0,0.0,1,0,1
No Adaptive,3,991,eval,strong,player_win,-10.0,5,50.0,1,Very Easy,0.05,0.0,0,1696,100,0.0,0.0,1,0,1
No Adaptive,3,992,eval,strong,player_win,-10.0,7,50.0,1,Very Easy,0.05,0.0,0,1696,100,0.0,0.0,2,0,1
No Adaptive,3,993,eval,strong,player_win,-10.0,7,50.0,1,Very Easy,0.05,0.0,0,1696,100,0.0,0.0,2,0,1
No Adaptive,3,994,eval,strong,player_win,-10.0,5,50.0,1,Very Easy,0.05,0.0,0,1696,100,0.0,0.0,1,0,1
No Adaptive,3,995,eval,strong,player_win,-10.0,5,50.0,1,Very Easy,0.05,0.0,0,1696,100,0.0,0.0,1,0,1
No Adaptive,3,996,eval,strong,player_win,-10.0,5,50.0,1,Very Easy,0.05,0.0,0,1696,100,0.0,0.0,1,0,1
No Adaptive,3,997,eval,strong,player_win,-10.0,5,50.0,1,Very Easy,0.05,0.0,0,1696,100,0.0,0.0,1,0,1
No Adaptive,3,998,eval,strong,player_win,-10.0,5,50.0,1,Very Easy,0.05,0.0,0,1696,100,0.0,0.0,1,0,1
No Adaptive,3,999,eval,strong,player_win,-10.0,5,50.0,1,Very Easy,0.05,0.0,0,1696,100,0.0,0.0,1,0,1
No Adaptive,3,1000,eval,strong,player_win,-10.0,5,50.0,1,Very Easy,0.05,0.0,0,1696,100,0.0,0.0,1,0,1
No Adaptive,4,1,train,strong,player_win,-10.0,5,50.0,1,Very Easy,0.95,0.76,1,2,2,0.0,0.0,1,1,0
No Adaptive,4,2,train,strong,player_win,-10.0,5,50.0,1,Very Easy,0.9025,0.722,1,4,4,0.0,0.0,1,1,0
No Adaptive,4,3,train,strong,player_win,-10.0,5,50.0,1,Very Easy,0.8573749999999999,0.6859,1,6,5,0.0,0.0,1,0,1
No Adaptive,4,4,train,strong,player_win,-10.0,5,50.0,1,Very Easy,0.8145062499999999,0.651605,1,8,7,0.0,0.0,1,1,0
No Adaptive,4,5,train,strong,player_win,-10.0,7,50.0,1,Very Easy,0.7737809374999999,0.6190247499999999,1,11,9,0.0,0.0,2,0,1
No Adaptive,4,6,train,strong,player_win,-10.0,5,50.0,1,Very Easy,0.7350918906249998,0.5880735124999998,1,13,10,0.0,0.0,1,1,0
No Adaptive,4,7,train,strong,player_win,-10.0,7,50.0,1,Very Easy,0.6983372960937497,0.5586698368749998,1,16,12,0.0,0.0,2,0,1
No Adaptive,4,8,train,strong,player_win,-10.0,5,50.0,1,Very Easy,0.6634204312890623,0.5307363450312498,1,18,12,0.0,0.0,1,1,0
No Adaptive,4,9,train,strong,player_win,-10.0,5,50.0,1,Very Easy,0.6302494097246091,0.5041995277796872,1,20,13,0.0,0.0,2,0,0
No Adaptive,4,10,train,strong,player_win,-10.0,5,50.0,1,Very Easy,0.5987369392383786,0.4789895513907029,1,22,14,0.0,0.0,1,0,1
No Adaptive,4,11,train,strong,player_win,-10.0,5,50.0,1,Very Easy,0.5688000922764596,0.4550400738211677,1,24,16,0.0,0.0,1,1,0
No Adaptive,4,12,train,strong,player_win,-10.0,5,50.0,1,Very Easy,0.5403600876626365,0.4322880701301093,1,26,17,0.0,0.0,1,0,1
No Adaptive,4,13,train,strong,player_win,-10.0,5,50.0,1,Very Easy,0.5133420832795047,0.4106736666236038,1,28,18,0.0,0.0,2,0,0
No Adaptive,4,14,train,strong,player_win,-10.0,5,50.0,1,Very Easy,0.48767497911552943,0.39013998329242355,1,30,19,0.0,0.0,1,0,1
No Adaptive,4,15,train,strong,player_win,-10.0,5,50.0,1,Very Easy,0.46329123015975293,0.3706329841278024,1,32,20,0.0,0.0,1,0,1
No Adaptive,4,16,train,strong,player_win,-10.0,5,50.0,1,Very Easy,0.44012666865176525,0.3521013349214122,1,34,20,0.0,0.0,1,0,1
No Adaptive,4,17,train,strong,player_win,-10.0,5,50.0,1,Very Easy,0.41812033521917696,0.3344962681753416,1,36,21,0.0,0.0,1,0,1
No Adaptive,4,18,train,strong,player_win,-10.0,5,50.0,1,Very Easy,0.3972143184582181,0.3177714547665745,1,38,22,0.0,0.0,1,1,0
No Adaptive,4,19,train,strong,player_win,-10.0,5,50.0,1,Very Easy,0.37735360253530714,0.30188288202824576,1,40,23,0.0,0.0,1,0,1
No Adaptive,4,20,train,strong,player_win,-10.0,5,50.0,1,Very Easy,0.35848592240854177,0.2867887379268334,1,42,24,0.0,0.0,1,0,1
No Adaptive,4,21,train,strong,player_win,-10.0,5,50.0,1,Very Easy,0.34056162628811465,0.27244930103049175,1,44,24,0.0,0.0,2,0,0
No Adaptive,4,22,train,strong,player_win,-10.0,5,50.0,1,Very Easy,0.3235335449737089,0.2588268359789671,1,46,25,0.0,0.0,1,0,1
No Adaptive,4,23,train,strong,player_win,-10.0,5,50.0,1,Very Easy,0.30735686772502346,0.2458854941800188,1,48,25,0.0,0.0,2,0,0
No Adaptive,4,24,train,strong,player_win,-10.0,5,50.0,1,Very Easy,0.2919890243387723,0.23359121947101782,1,50,26,0.0,0.0,1,0,1
No Adaptive,4,25,train,strong,player_win,-10.0,5,50.0,1,Very Easy,0.27738957312183365,0.22191165849746694,1,52,27,0.0,0.0,1,1,0
No Adaptive,4,26,train,strong,player_win,-10.0,5,50.0,1,Very Easy,0.263520094465742,0.2108160755725936,1,54,28,0.0,0.0,1,0,1
No Adaptive,4,27,train,strong,player_win,-10.0,5,50.0,1,Very Easy,0.25034408974245487,0.2002752717939639,1,56,29,0.0,0.0,1,0,1
No Adaptive,4,28,train,strong,player_win,-10.0,5,50.0,1,Very Easy,0.2378268852553321,0.19026150820426568,1,58,30,0.0,0.0,1,0,1
No Adaptive,4,29,train,strong,player_win,-10.0,5,50.0,1,Very Easy,0.2259355409925655,0.1807484327940524,1,60,31,0.0,0.0,1,0,1
No Adaptive,4,30,train,strong,player_win,-10.0,5,50.0,1,Very Easy,0.2146387639429372,0.17171101115434978,1,62,32,0.0,0.0,1,1,0
No Adaptive,4,31,train,strong,player_win,-10.0,5,50.0,1,Very Easy,0.20390682574579033,0.16312546059663227,1,64,32,0.0,0.0,1,0,1
No Adaptive,4,32,train,strong,player_win,-10.0,5,50.0,1,Very Easy,0.1937114844585008,0.15496918756680067,1,66,32,0.0,0.0,1,0,1
No Adaptive,4,33,train,strong,player_win,-10.0,5,50.0,1,Very Easy,0.18402591023557577,0.14722072818846063,1,68,33,0.0,0.0,1,0,1
No Adaptive,4,34,train,strong,player_win,-10.0,5,50.0,1,Very Easy,0.17482461472379698,0.1398596917790376,1,70,34,0.0,0.0,1,0,1
No Adaptive,4,35,train,strong,player_win,-10.0,5,50.0,1,Very Easy,0.16608338398760714,0.13286670719008573,1,72,35,0.0,0.0,1,0,1
No Adaptive,4,36,train,strong,player_win,-10.0,5,50.0,1,Very Easy,0.15777921478822676,0.1262233718305814,1,74,36,0.0,0.0,1,0,1
No Adaptive,4,37,train,strong,player_win,-10.0,5,50.0,1,Very Easy,0.14989025404881542,0.11991220323905234,1,76,36,0.0,0.0,1,1,0
No Adaptive,4,38,train,strong,player_win,-10.0,7,50.0,1,Very Easy,0.14239574134637464,0.11391659307709973,1,79,38,0.0,0.0,2,0,1
No Adaptive,4,39,train,strong,player_win,-10.0,7,50.0,1,Very Easy,0.1352759542790559,0.10822076342324471,1,82,40,0.0,0.0,2,1,0
No Adaptive,4,40,train,strong,player_win,-10.0,5,50.0,1,Very Easy,0.1285121565651031,0.10280972525208248,1,84,41,0.0,0.0,1,0,1
No Adaptive,4,41,train,strong,player_win,-10.0,5,50.0,1,Very Easy,0.12208654873684793,0.09766923898947835,1,86,41,0.0,0.0,1,1,0
No Adaptive,4,42,train,strong,player_win,-10.0,5,50.0,1,Very Easy,0.11598222130000553,0.09278577704000443,1,88,42,0.0,0.0,1,0,1
No Adaptive,4,43,train,strong,player_win,-10.0,5,50.0,1,Very Easy,0.11018311023500525,0.0881464881880042,1,90,42,0.0,0.0,1,0,1
No Adaptive,4,44,train,strong,player_win,-10.0,5,50.0,1,Very Easy,0.10467395472325498,0.08373916377860399,1,92,43,0.0,0.0,1,0,1
No Adaptive,4,45,train,strong,player_win,-10.0,5,50.0,1,Very Easy,0.09944025698709223,0.0795522055896738,1,94,43,0.0,0.0,1,0,1
No Adaptive,4,46,train,strong,player_win,-10.0,5,50.0,1,Very Easy,0.09446824413773762,0.0755745953101901,1,96,44,0.0,0.0,2,0,0
No Adaptive,4,47,train,strong,player_win,-10.0,5,50.0,1,Very Easy,0.08974483193085074,0.07179586554468059,1,98,45,0.0,0.0,1,0,1
No Adaptive,4,48,train,strong,player_win,-10.0,5,50.0,1,Very Easy,0.0852575903343082,0.06820607226744656,1,100,45,0.0,0.0,1,0,1
No Adaptive,4,49,train,strong,player_win,-10.0,5,50.0,1,Very Easy,0.08099471081759278,0.06479576865407423,1,102,45,0.0,0.0,1,0,1
No Adaptive,4,50,train,strong,player_win,-10.0,5,50.0,1,Very Easy,0.07694497527671314,0.061555980221370515,1,104,45,0.0,0.0,1,0,1
No Adaptive,4,51,train,strong,player_win,-10.0,5,50.0,1,Very Easy,0.07309772651287748,0.05847818121030199,1,106,45,0.0,0.0,1,0,1
No Adaptive,4,52,train,strong,player_win,-10.0,5,50.0,1,Very Easy,0.0694428401872336,0.05555427214978688,1,108,46,0.0,0.0,1,0,1
No Adaptive,4,53,train,strong,player_win,-10.0,5,50.0,1,Very Easy,0.0659706981778719,0.05277655854229753,1,110,47,0.0,0.0,1,0,1
No Adaptive,4,54,train,strong,player_win,-10.0,5,50.0,1,Very Easy,0.0626721632689783,0.050137730615182646,1,112,47,0.0,0.0,1,0,1
No Adaptive,4,55,train,strong,player_win,-10.0,5,50.0,1,Very Easy,0.059538555105529384,0.05,1,114,47,0.0,0.0,1,0,1
No Adaptive,4,56,train,strong,player_win,-10.0,5,50.0,1,Very Easy,0.05656162735025291,0.05,1,116,47,0.0,0.0,1,0,1
No Adaptive,4,57,train,strong,player_win,-10.0,7,50.0,1,Very Easy,0.053733545982740265,0.05,1,119,48,0.0,0.0,2,0,1
No Adaptive,4,58,train,strong,player_win,-10.0,5,50.0,1,Very Easy,0.05104686868360325,0.05,1,121,49,0.0,0.0,1,0,1
No Adaptive,4,59,train,strong,player_win,-10.0,7,50.0,1,Very Easy,0.05,0.05,1,124,51,0.0,0.0,2,0,1
No Adaptive,4,60,train,strong,player_win,-10.0,5,50.0,1,Very Easy,0.05,0.05,1,126,52,0.0,0.0,1,0,1
No Adaptive,4,61,train,strong,player_win,-10.0,5,50.0,1,Very Easy,0.05,0.05,1,128,53,0.0,0.0,1,0,1
No Adaptive,4,62,train,strong,player_win,-10.0,5,50.0,1,Very Easy,0.05,0.05,1,130,53,0.0,0.0,1,0,1
No Adaptive,4,63,train,strong,player_win,-10.0,7,50.0,1,Very Easy,0.05,0.05,1,133,53,0.0,0.0,2,0,1
No Adaptive,4,64,train,strong,player_win,-10.0,5,50.0,1,Very Easy,0.05,0.05,1,135,54,0.0,0.0,1,0,1
No Adaptive,4,65,train,strong,player_win,-10.0,5,50.0,1,Very Easy,0.05,0.05,1,137,54,0.0,0.0,1,0,1
No Adaptive,4,66,train,strong,player_win,-10.0,5,50.0,1,Very Easy,0.05,0.05,1,139,55,0.0,0.0,1,0,1
No Adaptive,4,67,train,strong,player_win,-10.0,5,50.0,1,Very Easy,0.05,0.05,1,141,55,0.0,0.0,1,1,0
No Adaptive,4,68,train,strong,player_win,-10.0,5,50.0,1,Very Easy,0.05,0.05,1,143,55,0.0,0.0,1,0,1
No Adaptive,4,69,train,strong,player_win,-10.0,5,50.0,1,Very Easy,0.05,0.05,1,145,55,0.0,0.0,1,0,1
No Adaptive,4,70,train,strong,player_win,-10.0,5,50.0,1,Very Easy,0.05,0.05,1,147,56,0.0,0.0,1,0,1
No Adaptive,4,71,train,strong,player_win,-10.0,5,50.0,1,Very Easy,0.05,0.05,1,149,56,0.0,0.0,1,0,1
No Adaptive,4,72,train,strong,player_win,-10.0,5,50.0,1,Very Easy,0.05,0.05,1,151,56,0.0,0.0,1,0,1
No Adaptive,4,73,train,strong,player_win,-10.0,7,50.0,1,Very Easy,0.05,0.05,1,154,58,0.0,0.0,2,0,1
No Adaptive,4,74,train,strong,player_win,-10.0,5,50.0,1,Very Easy,0.05,0.05,1,156,58,0.0,0.0,1,0,1
No Adaptive,4,75,train,strong,player_win,-10.0,5,50.0,1,Very Easy,0.05,0.05,1,158,58,0.0,0.0,1,0,1
No Adaptive,4,76,train,strong,player_win,-10.0,7,50.0,1,Very Easy,0.05,0.05,1,161,58,0.0,0.0,2,0,1
No Adaptive,4,77,train,strong,player_win,-10.0,7,50.0,1,Very Easy,0.05,0.05,1,164,58,0.0,0.0,2,0,1
No Adaptive,4,78,train,strong,player_win,-10.0,5,50.0,1,Very Easy,0.05,0.05,1,166,59,0.0,0.0,1,0,1
No Adaptive,4,79,train,strong,player_win,-10.0,5,50.0,1,Very Easy,0.05,0.05,1,168,59,0.0,0.0,1,0,1
No Adaptive,4,80,train,strong,player_win,-10.0,5,50.0,1,Very Easy,0.05,0.05,1,170,60,0.0,0.0,1,0,1
No Adaptive,4,81,train,strong,player_win,-10.0,5,50.0,1,Very Easy,0.05,0.05,1,172,61,0.0,0.0,1,0,1
No Adaptive,4,82,train,strong,player_win,-10.0,5,50.0,1,Very Easy,0.05,0.05,1,174,61,0.0,0.0,1,0,1
No Adaptive,4,83,train,strong,player_win,-10.0,5,50.0,1,Very Easy,0.05,0.05,1,176,61,0.0,0.0,1,0,1
No Adaptive,4,84,train,strong,player_win,-10.0,7,50.0,1,Very Easy,0.05,0.05,1,179,62,0.0,0.0,2,0,1
No Adaptive,4,85,train,strong,player_win,-10.0,7,50.0,1,Very Easy,0.05,0.05,1,182,62,0.0,0.0,2,0,1
No Adaptive,4,86,train,strong,player_win,-10.0,5,50.0,1,Very Easy,0.05,0.05,1,184,63,0.0,0.0,1,0,1
No Adaptive,4,87,train,strong,player_win,-10.0,5,50.0,1,Very Easy,0.05,0.05,1,186,63,0.0,0.0,1,0,1
No Adaptive,4,88,train,strong,player_win,-10.0,5,50.0,1,Very Easy,0.05,0.05,1,188,64,0.0,0.0,1,0,1
No Adaptive,4,89,train,strong,player_win,-10.0,7,50.0,1,Very Easy,0.05,0.05,1,191,65,0.0,0.0,2,0,1
No Adaptive,4,90,train,strong,player_win,-10.0,5,50.0,1,Very Easy,0.05,0.05,1,193,65,0.0,0.0,1,0,1
No Adaptive,4,91,train,strong,player_win,-10.0,5,50.0,1,Very Easy,0.05,0.05,1,195,66,0.0,0.0,1,0,1
No Adaptive,4,92,train,strong,player_win,-10.0,5,50.0,1,Very Easy,0.05,0.05,1,197,66,0.0,0.0,1,0,1
No Adaptive,4,93,train,strong,player_win,-10.0,5,50.0,1,Very Easy,0.05,0.05,1,199,67,0.0,0.0,1,0,1
No Adaptive,4,94,train,strong,player_win,-10.0,5,50.0,1,Very Easy,0.05,0.05,1,201,67,0.0,0.0,1,0,1
No Adaptive,4,95,train,strong,player_win,-10.0,5,50.0,1,Very Easy,0.05,0.05,1,203,68,0.0,0.0,1,0,1
No Adaptive,4,96,train,strong,player_win,-10.0,5,50.0,1,Very Easy,0.05,0.05,1,205,68,0.0,0.0,2,0,0
No Adaptive,4,97,train,strong,player_win,-10.0,5,50.0,1,Very Easy,0.05,0.05,1,207,69,0.0,0.0,1,0,1
No Adaptive,4,98,train,strong,player_win,-10.0,5,50.0,1,Very Easy,0.05,0.05,1,209,70,0.0,0.0,1,0,1
No Adaptive,4,99,train,strong,player_win,-10.0,5,50.0,1,Very Easy,0.05,0.05,1,211,71,0.0,0.0,1,0,1
No Adaptive,4,100,train,strong,player_win,-10.0,7,50.0,1,Very Easy,0.05,0.05,1,214,71,0.0,0.0,2,0,1
No Adaptive,4,101,train,strong,player_win,-10.0,5,50.0,1,Very Easy,0.05,0.05,1,216,71,0.0,0.0,1,0,1
No Adaptive,4,102,train,strong,player_win,-10.0,5,50.0,1,Very Easy,0.05,0.05,1,218,71,0.0,0.0,1,0,1
No Adaptive,4,103,train,strong,player_win,-10.0,5,50.0,1,Very Easy,0.05,0.05,1,220,71,0.0,0.0,1,0,1
No Adaptive,4,104,train,strong,player_win,-10.0,7,50.0,1,Very Easy,0.05,0.05,1,223,72,0.0,0.0,2,0,1
No Adaptive,4,105,train,strong,player_win,-10.0,7,50.0,1,Very Easy,0.05,0.05,1,226,72,0.0,0.0,2,0,1
No Adaptive,4,106,train,strong,player_win,-10.0,5,50.0,1,Very Easy,0.05,0.05,1,228,72,0.0,0.0,1,1,0
No Adaptive,4,107,train,strong,player_win,-10.0,5,50.0,1,Very Easy,0.05,0.05,1,230,73,0.0,0.0,1,0,1
No Adaptive,4,108,train,strong,player_win,-10.0,5,50.0,1,Very Easy,0.05,0.05,1,232,73,0.0,0.0,1,0,1
No Adaptive,4,109,train,strong,player_win,-10.0,7,50.0,1,Very Easy,0.05,0.05,1,235,74,0.0,0.0,2,0,1
No Adaptive,4,110,train,strong,player_win,-10.0,5,50.0,1,Very Easy,0.05,0.05,1,237,74,0.0,0.0,1,0,1
No Adaptive,4,111,train,strong,player_win,-10.0,5,50.0,1,Very Easy,0.05,0.05,1,239,75,0.0,0.0,1,0,1
No Adaptive,4,112,train,strong,player_win,-10.0,5,50.0,1,Very Easy,0.05,0.05,1,241,75,0.0,0.0,1,0,1
No Adaptive,4,113,train,strong,player_win,-10.0,5,50.0,1,Very Easy,0.05,0.05,1,243,75,0.0,0.0,1,1,0
No Adaptive,4,114,train,strong,player_win,-10.0,5,50.0,1,Very Easy,0.05,0.05,1,245,75,0.0,0.0,1,0,1
No Adaptive,4,115,train,strong,player_win,-10.0,7,50.0,1,Very Easy,0.05,0.05,1,248,75,0.0,0.0,2,0,1
No Adaptive,4,116,train,strong,player_win,-10.0,5,50.0,1,Very Easy,0.05,0.05,1,250,75,0.0,0.0,1,0,1
No Adaptive,4,117,train,strong,player_win,-10.0,5,50.0,1,Very Easy,0.05,0.05,1,252,75,0.0,0.0,1,0,1
No Adaptive,4,118,train,strong,player_win,-10.0,5,50.0,1,Very Easy,0.05,0.05,1,254,75,0.0,0.0,1,0,1
No Adaptive,4,119,train,strong,player_win,-10.0,5,50.0,1,Very Easy,0.05,0.05,1,256,75,0.0,0.0,1,1,0
No Adaptive,4,120,train,strong,player_win,-10.0,5,50.0,1,Very Easy,0.05,0.05,1,258,75,0.0,0.0,2,0,0
No Adaptive,4,121,train,strong,player_win,-10.0,5,50.0,1,Very Easy,0.05,0.05,1,260,75,0.0,0.0,1,0,1
No Adaptive,4,122,train,strong,player_win,-10.0,7,50.0,1,Very Easy,0.05,0.05,1,263,75,0.0,0.0,2,0,1
No Adaptive,4,123,train,strong,player_win,-10.0,5,50.0,1,Very Easy,0.05,0.05,1,265,75,0.0,0.0,1,0,1
No Adaptive,4,124,train,strong,player_win,-10.0,5,50.0,1,Very Easy,0.05,0.05,1,267,75,0.0,0.0,1,0,1
No Adaptive,4,125,train,strong,player_win,-10.0,5,50.0,1,Very Easy,0.05,0.05,1,269,76,0.0,0.0,1,0,1
No Adaptive,4,126,train,strong,player_win,-10.0,5,50.0,1,Very Easy,0.05,0.05,1,271,76,0.0,0.0,1,0,1
No Adaptive,4,127,train,strong,player_win,-10.0,5,50.0,1,Very Easy,0.05,0.05,1,273,76,0.0,0.0,2,0,0
No Adaptive,4,128,train,strong,player_win,-10.0,5,50.0,1,Very Easy,0.05,0.05,1,275,77,0.0,0.0,1,0,1
No Adaptive,4,129,train,strong,player_win,-10.0,5,50.0,1,Very Easy,0.05,0.05,1,277,78,0.0,0.0,1,0,1
No Adaptive,4,130,train,strong,player_win,-10.0,5,50.0,1,Very Easy,0.05,0.05,1,279,78,0.0,0.0,1,0,1
No Adaptive,4,131,train,strong,player_win,-10.0,5,50.0,1,Very Easy,0.05,0.05,1,281,78,0.0,0.0,1,0,1
No Adaptive,4,132,train,strong,player_win,-10.0,5,50.0,1,Very Easy,0.05,0.05,1,283,78,0.0,0.0,1,0,1
No Adaptive,4,133,train,strong,player_win,-10.0,7,50.0,1,Very Easy,0.05,0.05,1,286,78,0.0,0.0,2,0,1
No Adaptive,4,134,train,strong,player_win,-10.0,5,50.0,1,Very Easy,0.05,0.05,1,288,78,0.0,0.0,1,0,1
No Adaptive,4,135,train,strong,player_win,-10.0,5,50.0,1,Very Easy,0.05,0.05,1,290,78,0.0,0.0,1,0,1
No Adaptive,4,136,train,strong,player_win,-10.0,5,50.0,1,Very Easy,0.05,0.05,1,292,78,0.0,0.0,1,0,1
No Adaptive,4,137,train,strong,player_win,-10.0,5,50.0,1,Very Easy,0.05,0.05,1,294,78,0.0,0.0,1,0,1
No Adaptive,4,138,train,strong,player_win,-10.0,5,50.0,1,Very Easy,0.05,0.05,1,296,78,0.0,0.0,1,1,0
No Adaptive,4,139,train,strong,player_win,-10.0,5,50.0,1,Very Easy,0.05,0.05,1,298,78,0.0,0.0,1,0,1
No Adaptive,4,140,train,strong,player_win,-10.0,5,50.0,1,Very Easy,0.05,0.05,1,300,78,0.0,0.0,1,0,1
No Adaptive,4,141,train,strong,player_win,-10.0,5,50.0,1,Very Easy,0.05,0.05,1,302,78,0.0,0.0,1,0,1
No Adaptive,4,142,train,strong,player_win,-10.0,5,50.0,1,Very Easy,0.05,0.05,1,304,78,0.0,0.0,1,0,1
No Adaptive,4,143,train,strong,player_win,-10.0,5,50.0,1,Very Easy,0.05,0.05,1,306,79,0.0,0.0,1,0,1
No Adaptive,4,144,train,strong,player_win,-10.0,5,50.0,1,Very Easy,0.05,0.05,1,308,79,0.0,0.0,1,0,1
No Adaptive,4,145,train,strong,player_win,-10.0,5,50.0,1,Very Easy,0.05,0.05,1,310,79,0.0,0.0,1,0,1
No Adaptive,4,146,train,strong,player_win,-10.0,5,50.0,1,Very Easy,0.05,0.05,1,312,79,0.0,0.0,2,0,0
No Adaptive,4,147,train,strong,player_win,-10.0,5,50.0,1,Very Easy,0.05,0.05,1,314,79,0.0,0.0,1,0,1
No Adaptive,4,148,train,strong,player_win,-10.0,5,50.0,1,Very Easy,0.05,0.05,1,316,79,0.0,0.0,1,0,1
No Adaptive,4,149,train,strong,player_win,-10.0,5,50.0,1,Very Easy,0.05,0.05,1,318,79,0.0,0.0,1,0,1
No Adaptive,4,150,train,strong,player_win,-10.0,5,50.0,1,Very Easy,0.05,0.05,1,320,79,0.0,0.0,1,0,1
No Adaptive,4,151,train,strong,player_win,-10.0,7,50.0,1,Very Easy,0.05,0.05,1,323,79,0.0,0.0,2,0,1
No Adaptive,4,152,train,strong,player_win,-10.0,5,50.0,1,Very Easy,0.05,0.05,1,325,79,0.0,0.0,1,0,1
No Adaptive,4,153,train,strong,player_win,-10.0,5,50.0,1,Very Easy,0.05,0.05,1,327,79,0.0,0.0,1,0,1
No Adaptive,4,154,train,strong,player_win,-10.0,5,50.0,1,Very Easy,0.05,0.05,1,329,79,0.0,0.0,1,0,1
No Adaptive,4,155,train,strong,player_win,-10.0,5,50.0,1,Very Easy,0.05,0.05,1,331,79,0.0,0.0,1,0,1
No Adaptive,4,156,train,strong,player_win,-10.0,5,50.0,1,Very Easy,0.05,0.05,1,333,79,0.0,0.0,2,0,0
No Adaptive,4,157,train,strong,player_win,-10.0,5,50.0,1,Very Easy,0.05,0.05,1,335,79,0.0,0.0,1,0,1
No Adaptive,4,158,train,strong,player_win,-10.0,5,50.0,1,Very Easy,0.05,0.05,1,337,79,0.0,0.0,1,0,1
No Adaptive,4,159,train,strong,player_win,-10.0,5,50.0,1,Very Easy,0.05,0.05,1,339,79,0.0,0.0,1,0,1
No Adaptive,4,160,train,strong,player_win,-10.0,7,50.0,1,Very Easy,0.05,0.05,1,342,79,0.0,0.0,2,1,0
No Adaptive,4,161,train,strong,player_win,-10.0,5,50.0,1,Very Easy,0.05,0.05,1,344,79,0.0,0.0,2,0,0
No Adaptive,4,162,train,strong,player_win,-10.0,5,50.0,1,Very Easy,0.05,0.05,1,346,79,0.0,0.0,1,0,1
No Adaptive,4,163,train,strong,player_win,-10.0,5,50.0,1,Very Easy,0.05,0.05,1,348,80,0.0,0.0,1,0,1
No Adaptive,4,164,train,strong,player_win,-10.0,5,50.0,1,Very Easy,0.05,0.05,1,350,80,0.0,0.0,1,0,1
No Adaptive,4,165,train,strong,player_win,-10.0,5,50.0,1,Very Easy,0.05,0.05,1,352,80,0.0,0.0,1,0,1
No Adaptive,4,166,train,strong,player_win,-10.0,7,50.0,1,Very Easy,0.05,0.05,1,355,80,0.0,0.0,2,0,1
No Adaptive,4,167,train,strong,player_win,-10.0,5,50.0,1,Very Easy,0.05,0.05,1,357,80,0.0,0.0,1,0,1
No Adaptive,4,168,train,strong,player_win,-10.0,5,50.0,1,Very Easy,0.05,0.05,1,359,80,0.0,0.0,1,0,1
No Adaptive,4,169,train,strong,player_win,-10.0,5,50.0,1,Very Easy,0.05,0.05,1,361,80,0.0,0.0,1,0,1
No Adaptive,4,170,train,strong,player_win,-10.0,5,50.0,1,Very Easy,0.05,0.05,1,363,80,0.0,0.0,1,0,1
No Adaptive,4,171,train,strong,player_win,-10.0,7,50.0,1,Very Easy,0.05,0.05,1,366,80,0.0,0.0,2,0,1
No Adaptive,4,172,train,strong,player_win,-10.0,5,50.0,1,Very Easy,0.05,0.05,1,368,80,0.0,0.0,1,0,1
No Adaptive,4,173,train,strong,player_win,-10.0,5,50.0,1,Very Easy,0.05,0.05,1,370,80,0.0,0.0,1,0,1
No Adaptive,4,174,train,strong,player_win,-10.0,5,50.0,1,Very Easy,0.05,0.05,1,372,80,0.0,0.0,1,0,1
No Adaptive,4,175,train,strong,player_win,-10.0,5,50.0,1,Very Easy,0.05,0.05,1,374,80,0.0,0.0,1,0,1
No Adaptive,4,176,train,strong,player_win,-10.0,5,50.0,1,Very Easy,0.05,0.05,1,376,81,0.0,0.0,1,0,1
No Adaptive,4,177,train,strong,player_win,-10.0,5,50.0,1,Very Easy,0.05,0.05,1,378,81,0.0,0.0,1,0,1
No Adaptive,4,178,train,strong,player_win,-10.0,7,50.0,1,Very Easy,0.05,0.05,1,381,83,0.0,0.0,2,0,1
No Adaptive,4,179,train,strong,player_win,-10.0,5,50.0,1,Very Easy,0.05,0.05,1,383,84,0.0,0.0,1,0,1
No Adaptive,4,180,train,strong,player_win,-10.0,5,50.0,1,Very Easy,0.05,0.05,1,385,84,0.0,0.0,1,0,1
No Adaptive,4,181,train,strong,player_win,-10.0,5,50.0,1,Very Easy,0.05,0.05,1,387,84,0.0,0.0,1,0,1
No Adaptive,4,182,train,strong,player_win,-10.0,5,50.0,1,Very Easy,0.05,0.05,1,389,84,0.0,0.0,1,1,0
No Adaptive,4,183,train,strong,player_win,-10.0,5,50.0,1,Very Easy,0.05,0.05,1,391,84,0.0,0.0,1,0,1
No Adaptive,4,184,train,strong,player_win,-10.0,5,50.0,1,Very Easy,0.05,0.05,1,393,84,0.0,0.0,1,1,0
No Adaptive,4,185,train,strong,player_win,-10.0,5,50.0,1,Very Easy,0.05,0.05,1,395,85,0.0,0.0,1,0,1
No Adaptive,4,186,train,strong,player_win,-10.0,5,50.0,1,Very Easy,0.05,0.05,1,397,85,0.0,0.0,1,0,1
No Adaptive,4,187,train,strong,player_win,-10.0,5,50.0,1,Very Easy,0.05,0.05,1,399,85,0.0,0.0,1,0,1
No Adaptive,4,188,train,strong,player_win,-10.0,7,50.0,1,Very Easy,0.05,0.05,1,402,85,0.0,0.0,2,0,1
No Adaptive,4,189,train,strong,player_win,-10.0,5,50.0,1,Very Easy,0.05,0.05,1,404,85,0.0,0.0,1,0,1
No Adaptive,4,190,train,strong,player_win,-10.0,5,50.0,1,Very Easy,0.05,0.05,1,406,85,0.0,0.0,1,0,1
No Adaptive,4,191,train,strong,player_win,-10.0,5,50.0,1,Very Easy,0.05,0.05,1,408,85,0.0,0.0,1,0,1
No Adaptive,4,192,train,strong,player_win,-10.0,5,50.0,1,Very Easy,0.05,0.05,1,410,85,0.0,0.0,1,0,1
No Adaptive,4,193,train,strong,player_win,-10.0,5,50.0,1,Very Easy,0.05,0.05,1,412,85,0.0,0.0,1,0,1
No Adaptive,4,194,train,strong,player_win,-10.0,5,50.0,1,Very Easy,0.05,0.05,1,414,85,0.0,0.0,1,0,1
No Adaptive,4,195,train,strong,player_win,-10.0,5,50.0,1,Very Easy,0.05,0.05,1,416,85,0.0,0.0,1,0,1
No Adaptive,4,196,train,strong,player_win,-10.0,5,50.0,1,Very Easy,0.05,0.05,1,418,85,0.0,0.0,1,0,1
No Adaptive,4,197,train,strong,player_win,-10.0,7,50.0,1,Very Easy,0.05,0.05,1,421,85,0.0,0.0,2,0,1
No Adaptive,4,198,train,strong,player_win,-10.0,5,50.0,1,Very Easy,0.05,0.05,1,423,85,0.0,0.0,1,0,1
No Adaptive,4,199,train,strong,player_win,-10.0,5,50.0,1,Very Easy,0.05,0.05,1,425,85,0.0,0.0,1,0,1
No Adaptive,4,200,train,strong,player_win,-10.0,5,50.0,1,Very Easy,0.05,0.05,1,427,86,0.0,0.0,1,0,1
No Adaptive,4,201,train,strong,player_win,-10.0,5,50.0,1,Very Easy,0.05,0.05,1,429,86,0.0,0.0,1,0,1
No Adaptive,4,202,train,strong,player_win,-10.0,5,50.0,1,Very Easy,0.05,0.05,1,431,86,0.0,0.0,1,0,1
No Adaptive,4,203,train,strong,player_win,-10.0,5,50.0,1,Very Easy,0.05,0.05,1,433,86,0.0,0.0,2,0,0
No Adaptive,4,204,train,strong,player_win,-10.0,5,50.0,1,Very Easy,0.05,0.05,1,435,86,0.0,0.0,1,0,1
No Adaptive,4,205,train,strong,player_win,-10.0,7,50.0,1,Very Easy,0.05,0.05,1,438,86,0.0,0.0,2,0,1
No Adaptive,4,206,train,strong,player_win,-10.0,7,50.0,1,Very Easy,0.05,0.05,1,441,87,0.0,0.0,2,0,1
No Adaptive,4,207,train,strong,player_win,-10.0,5,50.0,1,Very Easy,0.05,0.05,1,443,87,0.0,0.0,1,1,0
No Adaptive,4,208,train,strong,player_win,-10.0,5,50.0,1,Very Easy,0.05,0.05,1,445,87,0.0,0.0,1,1,0
No Adaptive,4,209,train,strong,player_win,-10.0,5,50.0,1,Very Easy,0.05,0.05,1,447,87,0.0,0.0,1,0,1
No Adaptive,4,210,train,strong,player_win,-10.0,5,50.0,1,Very Easy,0.05,0.05,1,449,87,0.0,0.0,2,0,0
No Adaptive,4,211,train,strong,player_win,-10.0,5,50.0,1,Very Easy,0.05,0.05,1,451,87,0.0,0.0,1,0,1
No Adaptive,4,212,train,strong,player_win,-10.0,5,50.0,1,Very Easy,0.05,0.05,1,453,88,0.0,0.0,1,0,1
No Adaptive,4,213,train,strong,player_win,-10.0,5,50.0,1,Very Easy,0.05,0.05,1,455,88,0.0,0.0,1,0,1
No Adaptive,4,214,train,strong,player_win,-10.0,5,50.0,1,Very Easy,0.05,0.05,1,457,88,0.0,0.0,1,0,1
No Adaptive,4,215,train,strong,player_win,-10.0,5,50.0,1,Very Easy,0.05,0.05,1,459,88,0.0,0.0,1,0,1
No Adaptive,4,216,train,strong,player_win,-10.0,5,50.0,1,Very Easy,0.05,0.05,1,461,88,0.0,0.0,1,0,1
No Adaptive,4,217,train,strong,player_win,-10.0,5,50.0,1,Very Easy,0.05,0.05,1,463,88,0.0,0.0,1,0,1
No Adaptive,4,218,train,strong,player_win,-10.0,5,50.0,1,Very Easy,0.05,0.05,1,465,88,0.0,0.0,1,0,1
No Adaptive,4,219,train,strong,player_win,-10.0,5,50.0,1,Very Easy,0.05,0.05,1,467,88,0.0,0.0,1,0,1
No Adaptive,4,220,train,strong,player_win,-10.0,5,50.0,1,Very Easy,0.05,0.05,1,469,88,0.0,0.0,1,0,1
No Adaptive,4,221,train,strong,player_win,-10.0,5,50.0,1,Very Easy,0.05,0.05,1,471,88,0.0,0.0,1,0,1
No Adaptive,4,222,train,strong,player_win,-10.0,7,50.0,1,Very Easy,0.05,0.05,1,474,88,0.0,0.0,2,0,1
No Adaptive,4,223,train,strong,player_win,-10.0,7,50.0,1,Very Easy,0.05,0.05,1,477,89,0.0,0.0,2,0,1
No Adaptive,4,224,train,strong,player_win,-10.0,5,50.0,1,Very Easy,0.05,0.05,1,479,89,0.0,0.0,1,0,1
No Adaptive,4,225,train,strong,player_win,-10.0,5,50.0,1,Very Easy,0.05,0.05,1,481,89,0.0,0.0,1,0,1
No Adaptive,4,226,train,strong,player_win,-10.0,5,50.0,1,Very Easy,0.05,0.05,1,483,89,0.0,0.0,1,0,1
No Adaptive,4,227,train,strong,player_win,-10.0,5,50.0,1,Very Easy,0.05,0.05,1,485,90,0.0,0.0,1,0,1
No Adaptive,4,228,train,strong,player_win,-10.0,5,50.0,1,Very Easy,0.05,0.05,1,487,90,0.0,0.0,1,0,1
No Adaptive,4,229,train,strong,player_win,-10.0,5,50.0,1,Very Easy,0.05,0.05,1,489,90,0.0,0.0,1,0,1
No Adaptive,4,230,train,strong,player_win,-10.0,5,50.0,1,Very Easy,0.05,0.05,1,491,90,0.0,0.0,1,0,1
No Adaptive,4,231,train,strong,player_win,-10.0,5,50.0,1,Very Easy,0.05,0.05,1,493,90,0.0,0.0,1,0,1
No Adaptive,4,232,train,strong,player_win,-10.0,5,50.0,1,Very Easy,0.05,0.05,1,495,90,0.0,0.0,1,0,1
No Adaptive,4,233,train,strong,player_win,-10.0,5,50.0,1,Very Easy,0.05,0.05,1,497,90,0.0,0.0,1,0,1
No Adaptive,4,234,train,strong,player_win,-10.0,5,50.0,1,Very Easy,0.05,0.05,1,499,90,0.0,0.0,1,1,0
No Adaptive,4,235,train,strong,player_win,-10.0,5,50.0,1,Very Easy,0.05,0.05,1,501,90,0.0,0.0,1,0,1
No Adaptive,4,236,train,strong,player_win,-10.0,5,50.0,1,Very Easy,0.05,0.05,1,503,91,0.0,0.0,1,0,1
No Adaptive,4,237,train,strong,player_win,-10.0,5,50.0,1,Very Easy,0.05,0.05,1,505,91,0.0,0.0,2,0,0
No Adaptive,4,238,train,strong,player_win,-10.0,5,50.0,1,Very Easy,0.05,0.05,1,507,91,0.0,0.0,1,0,1
No Adaptive,4,239,train,strong,player_win,-10.0,5,50.0,1,Very Easy,0.05,0.05,1,509,91,0.0,0.0,1,1,0
No Adaptive,4,240,train,strong,player_win,-10.0,5,50.0,1,Very Easy,0.05,0.05,1,511,91,0.0,0.0,1,1,0
No Adaptive,4,241,train,strong,player_win,-10.0,5,50.0,1,Very Easy,0.05,0.05,1,513,91,0.0,0.0,1,0,1
No Adaptive,4,242,train,strong,player_win,-10.0,5,50.0,1,Very Easy,0.05,0.05,1,515,91,0.0,0.0,1,0,1
No Adaptive,4,243,train,strong,player_win,-10.0,5,50.0,1,Very Easy,0.05,0.05,1,517,91,0.0,0.0,1,0,1
No Adaptive,4,244,train,strong,player_win,-10.0,7,50.0,1,Very Easy,0.05,0.05,1,520,91,0.0,0.0,2,0,1
No Adaptive,4,245,train,strong,player_win,-10.0,5,50.0,1,Very Easy,0.05,0.05,1,522,91,0.0,0.0,1,0,1
No Adaptive,4,246,train,strong,player_win,-10.0,5,50.0,1,Very Easy,0.05,0.05,1,524,91,0.0,0.0,1,0,1
No Adaptive,4,247,train,strong,player_win,-10.0,5,50.0,1,Very Easy,0.05,0.05,1,526,91,0.0,0.0,1,0,1
No Adaptive,4,248,train,strong,player_win,-10.0,5,50.0,1,Very Easy,0.05,0.05,1,528,91,0.0,0.0,1,0,1
No Adaptive,4,249,train,strong,player_win,-10.0,5,50.0,1,Very Easy,0.05,0.05,1,530,91,0.0,0.0,1,0,1
No Adaptive,4,250,train,strong,player_win,-10.0,5,50.0,1,Very Easy,0.05,0.05,1,532,92,0.0,0.0,1,0,1
No Adaptive,4,251,train,strong,player_win,-10.0,5,50.0,1,Very Easy,0.05,0.05,1,534,92,0.0,0.0,1,0,1
No Adaptive,4,252,train,strong,player_win,-10.0,5,50.0,1,Very Easy,0.05,0.05,1,536,93,0.0,0.0,1,0,1
No Adaptive,4,253,train,strong,player_win,-10.0,5,50.0,1,Very Easy,0.05,0.05,1,538,93,0.0,0.0,1,0,1
No Adaptive,4,254,train,strong,player_win,-10.0,5,50.0,1,Very Easy,0.05,0.05,1,540,93,0.0,0.0,1,0,1
No Adaptive,4,255,train,strong,player_win,-10.0,5,50.0,1,Very Easy,0.05,0.05,1,542,93,0.0,0.0,1,0,1
No Adaptive,4,256,train,strong,player_win,-10.0,7,50.0,1,Very Easy,0.05,0.05,1,545,93,0.0,0.0,2,0,1
No Adaptive,4,257,train,strong,player_win,-10.0,7,50.0,1,Very Easy,0.05,0.05,1,548,93,0.0,0.0,2,0,1
No Adaptive,4,258,train,strong,player_win,-10.0,5,50.0,1,Very Easy,0.05,0.05,1,550,93,0.0,0.0,1,1,0
No Adaptive,4,259,train,strong,player_win,-10.0,5,50.0,1,Very Easy,0.05,0.05,1,552,93,0.0,0.0,1,0,1
No Adaptive,4,260,train,strong,player_win,-10.0,5,50.0,1,Very Easy,0.05,0.05,1,554,93,0.0,0.0,1,0,1
No Adaptive,4,261,train,strong,player_win,-10.0,5,50.0,1,Very Easy,0.05,0.05,1,556,93,0.0,0.0,1,0,1
No Adaptive,4,262,train,strong,player_win,-10.0,5,50.0,1,Very Easy,0.05,0.05,1,558,93,0.0,0.0,1,0,1
No Adaptive,4,263,train,strong,player_win,-10.0,5,50.0,1,Very Easy,0.05,0.05,1,560,94,0.0,0.0,1,0,1
No Adaptive,4,264,train,strong,player_win,-10.0,5,50.0,1,Very Easy,0.05,0.05,1,562,94,0.0,0.0,1,0,1
No Adaptive,4,265,train,strong,player_win,-10.0,5,50.0,1,Very Easy,0.05,0.05,1,564,94,0.0,0.0,1,0,1
No Adaptive,4,266,train,strong,player_win,-10.0,5,50.0,1,Very Easy,0.05,0.05,1,566,94,0.0,0.0,1,0,1
No Adaptive,4,267,train,strong,player_win,-10.0,5,50.0,1,Very Easy,0.05,0.05,1,568,94,0.0,0.0,1,0,1
No Adaptive,4,268,train,strong,player_win,-10.0,5,50.0,1,Very Easy,0.05,0.05,1,570,94,0.0,0.0,1,0,1
No Adaptive,4,269,train,strong,player_win,-10.0,7,50.0,1,Very Easy,0.05,0.05,1,573,94,0.0,0.0,2,0,1
No Adaptive,4,270,train,strong,player_win,-10.0,5,50.0,1,Very Easy,0.05,0.05,1,575,94,0.0,0.0,1,0,1
No Adaptive,4,271,train,strong,player_win,-10.0,5,50.0,1,Very Easy,0.05,0.05,1,577,94,0.0,0.0,1,0,1
No Adaptive,4,272,train,strong,player_win,-10.0,5,50.0,1,Very Easy,0.05,0.05,1,579,94,0.0,0.0,1,0,1
No Adaptive,4,273,train,strong,player_win,-10.0,7,50.0,1,Very Easy,0.05,0.05,1,582,95,0.0,0.0,2,0,1
No Adaptive,4,274,train,strong,player_win,-10.0,5,50.0,1,Very Easy,0.05,0.05,1,584,95,0.0,0.0,1,0,1
No Adaptive,4,275,train,strong,player_win,-10.0,5,50.0,1,Very Easy,0.05,0.05,1,586,95,0.0,0.0,1,0,1
No Adaptive,4,276,train,strong,player_win,-10.0,5,50.0,1,Very Easy,0.05,0.05,1,588,95,0.0,0.0,1,0,1
No Adaptive,4,277,train,strong,player_win,-10.0,7,50.0,1,Very Easy,0.05,0.05,1,591,95,0.0,0.0,2,0,1
No Adaptive,4,278,train,strong,player_win,-10.0,5,50.0,1,Very Easy,0.05,0.05,1,593,95,0.0,0.0,1,0,1
No Adaptive,4,279,train,strong,player_win,-10.0,7,50.0,1,Very Easy,0.05,0.05,1,596,95,0.0,0.0,2,0,1
No Adaptive,4,280,train,strong,player_win,-10.0,7,50.0,1,Very Easy,0.05,0.05,1,599,95,0.0,0.0,2,0,1
No Adaptive,4,281,train,strong,player_win,-10.0,5,50.0,1,Very Easy,0.05,0.05,1,601,95,0.0,0.0,1,0,1
No Adaptive,4,282,train,strong,player_win,-10.0,5,50.0,1,Very Easy,0.05,0.05,1,603,95,0.0,0.0,1,0,1
No Adaptive,4,283,train,strong,player_win,-10.0,5,50.0,1,Very Easy,0.05,0.05,1,605,95,0.0,0.0,1,0,1
No Adaptive,4,284,train,strong,player_win,-10.0,5,50.0,1,Very Easy,0.05,0.05,1,607,95,0.0,0.0,1,0,1
No Adaptive,4,285,train,strong,player_win,-10.0,7,50.0,1,Very Easy,0.05,0.05,1,610,95,0.0,0.0,2,0,1
No Adaptive,4,286,train,strong,player_win,-10.0,5,50.0,1,Very Easy,0.05,0.05,1,612,95,0.0,0.0,1,0,1
No Adaptive,4,287,train,strong,player_win,-10.0,5,50.0,1,Very Easy,0.05,0.05,1,614,95,0.0,0.0,1,0,1
No Adaptive,4,288,train,strong,player_win,-10.0,5,50.0,1,Very Easy,0.05,0.05,1,616,95,0.0,0.0,1,0,1
No Adaptive,4,289,train,strong,player_win,-10.0,5,50.0,1,Very Easy,0.05,0.05,1,618,95,0.0,0.0,1,0,1
No Adaptive,4,290,train,strong,player_win,-10.0,5,50.0,1,Very Easy,0.05,0.05,1,620,95,0.0,0.0,1,1,0
No Adaptive,4,291,train,strong,player_win,-10.0,5,50.0,1,Very Easy,0.05,0.05,1,622,95,0.0,0.0,1,0,1
No Adaptive,4,292,train,strong,player_win,-10.0,5,50.0,1,Very Easy,0.05,0.05,1,624,95,0.0,0.0,1,0,1
No Adaptive,4,293,train,strong,player_win,-10.0,5,50.0,1,Very Easy,0.05,0.05,1,626,95,0.0,0.0,1,0,1
No Adaptive,4,294,train,strong,player_win,-10.0,5,50.0,1,Very Easy,0.05,0.05,1,628,95,0.0,0.0,1,0,1
No Adaptive,4,295,train,strong,player_win,-10.0,5,50.0,1,Very Easy,0.05,0.05,1,630,95,0.0,0.0,1,1,0
No Adaptive,4,296,train,strong,player_win,-10.0,5,50.0,1,Very Easy,0.05,0.05,1,632,95,0.0,0.0,1,0,1
No Adaptive,4,297,train,strong,player_win,-10.0,7,50.0,1,Very Easy,0.05,0.05,1,635,97,0.0,0.0,2,0,1
No Adaptive,4,298,train,strong,player_win,-10.0,5,50.0,1,Very Easy,0.05,0.05,1,637,97,0.0,0.0,1,0,1
No Adaptive,4,299,train,strong,player_win,-10.0,5,50.0,1,Very Easy,0.05,0.05,1,639,97,0.0,0.0,1,0,1
No Adaptive,4,300,train,strong,player_win,-10.0,5,50.0,1,Very Easy,0.05,0.05,1,641,97,0.0,0.0,1,0,1
No Adaptive,4,301,train,strong,player_win,-10.0,5,50.0,1,Very Easy,0.05,0.05,1,643,97,0.0,0.0,1,0,1
No Adaptive,4,302,train,strong,player_win,-10.0,5,50.0,1,Very Easy,0.05,0.05,1,645,97,0.0,0.0,1,0,1
No Adaptive,4,303,train,strong,player_win,-10.0,5,50.0,1,Very Easy,0.05,0.05,1,647,97,0.0,0.0,1,0,1
No Adaptive,4,304,train,strong,player_win,-10.0,5,50.0,1,Very Easy,0.05,0.05,1,649,97,0.0,0.0,1,0,1
No Adaptive,4,305,train,strong,player_win,-10.0,5,50.0,1,Very Easy,0.05,0.05,1,651,97,0.0,0.0,1,0,1
No Adaptive,4,306,train,strong,player_win,-10.0,5,50.0,1,Very Easy,0.05,0.05,1,653,97,0.0,0.0,1,0,1
No Adaptive,4,307,train,strong,player_win,-10.0,5,50.0,1,Very Easy,0.05,0.05,1,655,97,0.0,0.0,1,0,1
No Adaptive,4,308,train,strong,player_win,-10.0,5,50.0,1,Very Easy,0.05,0.05,1,657,97,0.0,0.0,1,0,1
No Adaptive,4,309,train,strong,player_win,-10.0,5,50.0,1,Very Easy,0.05,0.05,1,659,97,0.0,0.0,1,0,1
No Adaptive,4,310,train,strong,player_win,-10.0,5,50.0,1,Very Easy,0.05,0.05,1,661,97,0.0,0.0,1,0,1
No Adaptive,4,311,train,strong,player_win,-10.0,5,50.0,1,Very Easy,0.05,0.05,1,663,97,0.0,0.0,1,0,1
No Adaptive,4,312,train,strong,player_win,-10.0,5,50.0,1,Very Easy,0.05,0.05,1,665,97,0.0,0.0,1,0,1
No Adaptive,4,313,train,strong,player_win,-10.0,5,50.0,1,Very Easy,0.05,0.05,1,667,98,0.0,0.0,1,0,1
No Adaptive,4,314,train,strong,player_win,-10.0,5,50.0,1,Very Easy,0.05,0.05,1,669,98,0.0,0.0,1,0,1
No Adaptive,4,315,train,strong,player_win,-10.0,5,50.0,1,Very Easy,0.05,0.05,1,671,98,0.0,0.0,1,0,1
No Adaptive,4,316,train,strong,player_win,-10.0,5,50.0,1,Very Easy,0.05,0.05,1,673,98,0.0,0.0,1,0,1
No Adaptive,4,317,train,strong,player_win,-10.0,5,50.0,1,Very Easy,0.05,0.05,1,675,98,0.0,0.0,1,0,1
No Adaptive,4,318,train,strong,player_win,-10.0,5,50.0,1,Very Easy,0.05,0.05,1,677,98,0.0,0.0,1,0,1
No Adaptive,4,319,train,strong,player_win,-10.0,5,50.0,1,Very Easy,0.05,0.05,1,679,98,0.0,0.0,1,0,1
No Adaptive,4,320,train,strong,player_win,-10.0,5,50.0,1,Very Easy,0.05,0.05,1,681,98,0.0,0.0,1,0,1
No Adaptive,4,321,train,strong,player_win,-10.0,5,50.0,1,Very Easy,0.05,0.05,1,683,98,0.0,0.0,1,0,1
No Adaptive,4,322,train,strong,player_win,-10.0,5,50.0,1,Very Easy,0.05,0.05,1,685,98,0.0,0.0,1,0,1
No Adaptive,4,323,train,strong,player_win,-10.0,5,50.0,1,Very Easy,0.05,0.05,1,687,98,0.0,0.0,1,0,1
No Adaptive,4,324,train,strong,player_win,-10.0,5,50.0,1,Very Easy,0.05,0.05,1,689,98,0.0,0.0,1,0,1
No Adaptive,4,325,train,strong,player_win,-10.0,5,50.0,1,Very Easy,0.05,0.05,1,691,98,0.0,0.0,1,0,1
No Adaptive,4,326,train,strong,player_win,-10.0,5,50.0,1,Very Easy,0.05,0.05,1,693,98,0.0,0.0,1,0,1
No Adaptive,4,327,train,strong,player_win,-10.0,5,50.0,1,Very Easy,0.05,0.05,1,695,99,0.0,0.0,1,0,1
No Adaptive,4,328,train,strong,player_win,-10.0,5,50.0,1,Very Easy,0.05,0.05,1,697,99,0.0,0.0,2,0,0
No Adaptive,4,329,train,strong,player_win,-10.0,5,50.0,1,Very Easy,0.05,0.05,1,699,99,0.0,0.0,1,0,1
No Adaptive,4,330,train,strong,player_win,-10.0,5,50.0,1,Very Easy,0.05,0.05,1,701,99,0.0,0.0,1,0,1
No Adaptive,4,331,train,strong,player_win,-10.0,7,50.0,1,Very Easy,0.05,0.05,1,704,99,0.0,0.0,2,0,1
No Adaptive,4,332,train,strong,player_win,-10.0,5,50.0,1,Very Easy,0.05,0.05,1,706,99,0.0,0.0,1,0,1
No Adaptive,4,333,train,strong,player_win,-10.0,5,50.0,1,Very Easy,0.05,0.05,1,708,99,0.0,0.0,1,0,1
No Adaptive,4,334,train,strong,player_win,-10.0,5,50.0,1,Very Easy,0.05,0.05,1,710,99,0.0,0.0,1,0,1
No Adaptive,4,335,train,strong,player_win,-10.0,5,50.0,1,Very Easy,0.05,0.05,1,712,99,0.0,0.0,1,0,1
No Adaptive,4,336,train,strong,player_win,-10.0,5,50.0,1,Very Easy,0.05,0.05,1,714,99,0.0,0.0,1,0,1
No Adaptive,4,337,train,strong,player_win,-10.0,5,50.0,1,Very Easy,0.05,0.05,1,716,99,0.0,0.0,1,0,1
No Adaptive,4,338,train,strong,player_win,-10.0,5,50.0,1,Very Easy,0.05,0.05,1,718,99,0.0,0.0,1,0,1
No Adaptive,4,339,train,strong,player_win,-10.0,5,50.0,1,Very Easy,0.05,0.05,1,720,99,0.0,0.0,1,0,1
No Adaptive,4,340,train,strong,player_win,-10.0,5,50.0,1,Very Easy,0.05,0.05,1,722,99,0.0,0.0,1,0,1
No Adaptive,4,341,train,strong,player_win,-10.0,5,50.0,1,Very Easy,0.05,0.05,1,724,99,0.0,0.0,1,0,1
No Adaptive,4,342,train,strong,player_win,-10.0,5,50.0,1,Very Easy,0.05,0.05,1,726,99,0.0,0.0,1,1,0
No Adaptive,4,343,train,strong,player_win,-10.0,5,50.0,1,Very Easy,0.05,0.05,1,728,99,0.0,0.0,1,0,1
No Adaptive,4,344,train,strong,player_win,-10.0,5,50.0,1,Very Easy,0.05,0.05,1,730,99,0.0,0.0,1,1,0
No Adaptive,4,345,train,strong,player_win,-10.0,5,50.0,1,Very Easy,0.05,0.05,1,732,99,0.0,0.0,1,0,1
No Adaptive,4,346,train,strong,player_win,-10.0,5,50.0,1,Very Easy,0.05,0.05,1,734,99,0.0,0.0,1,0,1
No Adaptive,4,347,train,strong,player_win,-10.0,5,50.0,1,Very Easy,0.05,0.05,1,736,99,0.0,0.0,1,0,1
No Adaptive,4,348,train,strong,player_win,-10.0,5,50.0,1,Very Easy,0.05,0.05,1,738,99,0.0,0.0,1,0,1
No Adaptive,4,349,train,strong,player_win,-10.0,5,50.0,1,Very Easy,0.05,0.05,1,740,99,0.0,0.0,1,0,1
No Adaptive,4,350,train,strong,player_win,-10.0,5,50.0,1,Very Easy,0.05,0.05,1,742,99,0.0,0.0,1,0,1
No Adaptive,4,351,train,strong,player_win,-10.0,5,50.0,1,Very Easy,0.05,0.05,1,744,99,0.0,0.0,1,0,1
No Adaptive,4,352,train,strong,player_win,-10.0,5,50.0,1,Very Easy,0.05,0.05,1,746,99,0.0,0.0,1,0,1
No Adaptive,4,353,train,strong,player_win,-10.0,7,50.0,1,Very Easy,0.05,0.05,1,749,99,0.0,0.0,2,0,1
No Adaptive,4,354,train,strong,player_win,-10.0,5,50.0,1,Very Easy,0.05,0.05,1,751,99,0.0,0.0,1,0,1
No Adaptive,4,355,train,strong,player_win,-10.0,5,50.0,1,Very Easy,0.05,0.05,1,753,99,0.0,0.0,1,0,1
No Adaptive,4,356,train,strong,player_win,-10.0,5,50.0,1,Very Easy,0.05,0.05,1,755,99,0.0,0.0,1,0,1
No Adaptive,4,357,train,strong,player_win,-10.0,7,50.0,1,Very Easy,0.05,0.05,1,758,99,0.0,0.0,2,0,1
No Adaptive,4,358,train,strong,player_win,-10.0,5,50.0,1,Very Easy,0.05,0.05,1,760,99,0.0,0.0,1,0,1
No Adaptive,4,359,train,strong,player_win,-10.0,5,50.0,1,Very Easy,0.05,0.05,1,762,99,0.0,0.0,1,0,1
No Adaptive,4,360,train,strong,player_win,-10.0,7,50.0,1,Very Easy,0.05,0.05,1,765,99,0.0,0.0,2,0,1
No Adaptive,4,361,train,strong,player_win,-10.0,5,50.0,1,Very Easy,0.05,0.05,1,767,99,0.0,0.0,1,0,1
No Adaptive,4,362,train,strong,player_win,-10.0,5,50.0,1,Very Easy,0.05,0.05,1,769,99,0.0,0.0,1,0,1
No Adaptive,4,363,train,strong,player_win,-10.0,5,50.0,1,Very Easy,0.05,0.05,1,771,99,0.0,0.0,1,1,0
No Adaptive,4,364,train,strong,player_win,-10.0,5,50.0,1,Very Easy,0.05,0.05,1,773,99,0.0,0.0,1,0,1
No Adaptive,4,365,train,strong,player_win,-10.0,5,50.0,1,Very Easy,0.05,0.05,1,775,99,0.0,0.0,1,0,1
No Adaptive,4,366,train,strong,player_win,-10.0,5,50.0,1,Very Easy,0.05,0.05,1,777,99,0.0,0.0,1,0,1
No Adaptive,4,367,train,strong,player_win,-10.0,5,50.0,1,Very Easy,0.05,0.05,1,779,99,0.0,0.0,2,0,0
No Adaptive,4,368,train,strong,player_win,-10.0,5,50.0,1,Very Easy,0.05,0.05,1,781,99,0.0,0.0,1,0,1
No Adaptive,4,369,train,strong,player_win,-10.0,5,50.0,1,Very Easy,0.05,0.05,1,783,99,0.0,0.0,1,1,0
No Adaptive,4,370,train,strong,player_win,-10.0,5,50.0,1,Very Easy,0.05,0.05,1,785,99,0.0,0.0,1,0,1
No Adaptive,4,371,train,strong,player_win,-10.0,5,50.0,1,Very Easy,0.05,0.05,1,787,99,0.0,0.0,1,0,1
No Adaptive,4,372,train,strong,player_win,-10.0,5,50.0,1,Very Easy,0.05,0.05,1,789,99,0.0,0.0,1,0,1
No Adaptive,4,373,train,strong,player_win,-10.0,7,50.0,1,Very Easy,0.05,0.05,1,792,99,0.0,0.0,2,0,1
No Adaptive,4,374,train,strong,player_win,-10.0,5,50.0,1,Very Easy,0.05,0.05,1,794,99,0.0,0.0,1,0,1
No Adaptive,4,375,train,strong,player_win,-10.0,5,50.0,1,Very Easy,0.05,0.05,1,796,99,0.0,0.0,1,0,1
No Adaptive,4,376,train,strong,player_win,-10.0,5,50.0,1,Very Easy,0.05,0.05,1,798,99,0.0,0.0,1,0,1
No Adaptive,4,377,train,strong,player_win,-10.0,5,50.0,1,Very Easy,0.05,0.05,1,800,99,0.0,0.0,1,0,1
No Adaptive,4,378,train,strong,player_win,-10.0,5,50.0,1,Very Easy,0.05,0.05,1,802,99,0.0,0.0,1,0,1
No Adaptive,4,379,train,strong,player_win,-10.0,5,50.0,1,Very Easy,0.05,0.05,1,804,99,0.0,0.0,1,0,1
No Adaptive,4,380,train,strong,player_win,-10.0,5,50.0,1,Very Easy,0.05,0.05,1,806,99,0.0,0.0,1,0,1
No Adaptive,4,381,train,strong,player_win,-10.0,5,50.0,1,Very Easy,0.05,0.05,1,808,99,0.0,0.0,1,0,1
No Adaptive,4,382,train,strong,player_win,-10.0,5,50.0,1,Very Easy,0.05,0.05,1,810,99,0.0,0.0,1,0,1
No Adaptive,4,383,train,strong,player_win,-10.0,5,50.0,1,Very Easy,0.05,0.05,1,812,99,0.0,0.0,1,0,1
No Adaptive,4,384,train,strong,player_win,-10.0,5,50.0,1,Very Easy,0.05,0.05,1,814,99,0.0,0.0,1,0,1
No Adaptive,4,385,train,strong,player_win,-10.0,5,50.0,1,Very Easy,0.05,0.05,1,816,99,0.0,0.0,1,0,1
No Adaptive,4,386,train,strong,player_win,-10.0,5,50.0,1,Very Easy,0.05,0.05,1,818,99,0.0,0.0,1,0,1
No Adaptive,4,387,train,strong,player_win,-10.0,5,50.0,1,Very Easy,0.05,0.05,1,820,99,0.0,0.0,1,0,1
No Adaptive,4,388,train,strong,player_win,-10.0,7,50.0,1,Very Easy,0.05,0.05,1,823,99,0.0,0.0,2,0,1
No Adaptive,4,389,train,strong,player_win,-10.0,5,50.0,1,Very Easy,0.05,0.05,1,825,99,0.0,0.0,1,0,1
No Adaptive,4,390,train,strong,player_win,-10.0,5,50.0,1,Very Easy,0.05,0.05,1,827,99,0.0,0.0,1,0,1
No Adaptive,4,391,train,strong,player_win,-10.0,7,50.0,1,Very Easy,0.05,0.05,1,830,99,0.0,0.0,2,0,1
No Adaptive,4,392,train,strong,player_win,-10.0,5,50.0,1,Very Easy,0.05,0.05,1,832,99,0.0,0.0,1,0,1
No Adaptive,4,393,train,strong,player_win,-10.0,5,50.0,1,Very Easy,0.05,0.05,1,834,99,0.0,0.0,1,0,1
No Adaptive,4,394,train,strong,player_win,-10.0,5,50.0,1,Very Easy,0.05,0.05,1,836,99,0.0,0.0,1,0,1
No Adaptive,4,395,train,strong,player_win,-10.0,7,50.0,1,Very Easy,0.05,0.05,1,839,99,0.0,0.0,2,0,1
No Adaptive,4,396,train,strong,player_win,-10.0,5,50.0,1,Very Easy,0.05,0.05,1,841,99,0.0,0.0,1,0,1
No Adaptive,4,397,train,strong,player_win,-10.0,5,50.0,1,Very Easy,0.05,0.05,1,843,99,0.0,0.0,1,0,1
No Adaptive,4,398,train,strong,player_win,-10.0,5,50.0,1,Very Easy,0.05,0.05,1,845,99,0.0,0.0,1,0,1
No Adaptive,4,399,train,strong,player_win,-10.0,5,50.0,1,Very Easy,0.05,0.05,1,847,99,0.0,0.0,1,0,1
No Adaptive,4,400,train,strong,player_win,-10.0,5,50.0,1,Very Easy,0.05,0.05,1,849,99,0.0,0.0,1,0,1
No Adaptive,4,401,train,strong,player_win,-10.0,5,50.0,1,Very Easy,0.05,0.05,1,851,99,0.0,0.0,1,0,1
No Adaptive,4,402,train,strong,player_win,-10.0,5,50.0,1,Very Easy,0.05,0.05,1,853,99,0.0,0.0,1,0,1
No Adaptive,4,403,train,strong,player_win,-10.0,5,50.0,1,Very Easy,0.05,0.05,1,855,99,0.0,0.0,1,0,1
No Adaptive,4,404,train,strong,player_win,-10.0,7,50.0,1,Very Easy,0.05,0.05,1,858,99,0.0,0.0,2,0,1
No Adaptive,4,405,train,strong,player_win,-10.0,7,50.0,1,Very Easy,0.05,0.05,1,861,99,0.0,0.0,2,0,1
No Adaptive,4,406,train,strong,player_win,-10.0,7,50.0,1,Very Easy,0.05,0.05,1,864,99,0.0,0.0,2,0,1
No Adaptive,4,407,train,strong,player_win,-10.0,5,50.0,1,Very Easy,0.05,0.05,1,866,99,0.0,0.0,1,0,1
No Adaptive,4,408,train,strong,player_win,-10.0,5,50.0,1,Very Easy,0.05,0.05,1,868,99,0.0,0.0,1,0,1
No Adaptive,4,409,train,strong,player_win,-10.0,5,50.0,1,Very Easy,0.05,0.05,1,870,99,0.0,0.0,2,0,0
No Adaptive,4,410,train,strong,player_win,-10.0,5,50.0,1,Very Easy,0.05,0.05,1,872,99,0.0,0.0,1,0,1
No Adaptive,4,411,train,strong,player_win,-10.0,5,50.0,1,Very Easy,0.05,0.05,1,874,99,0.0,0.0,1,0,1
No Adaptive,4,412,train,strong,player_win,-10.0,5,50.0,1,Very Easy,0.05,0.05,1,876,99,0.0,0.0,1,0,1
No Adaptive,4,413,train,strong,player_win,-10.0,7,50.0,1,Very Easy,0.05,0.05,1,879,99,0.0,0.0,2,0,1
No Adaptive,4,414,train,strong,player_win,-10.0,5,50.0,1,Very Easy,0.05,0.05,1,881,99,0.0,0.0,1,0,1
No Adaptive,4,415,train,strong,player_win,-10.0,7,50.0,1,Very Easy,0.05,0.05,1,884,99,0.0,0.0,2,0,1
No Adaptive,4,416,train,strong,player_win,-10.0,5,50.0,1,Very Easy,0.05,0.05,1,886,99,0.0,0.0,1,0,1
No Adaptive,4,417,train,strong,player_win,-10.0,7,50.0,1,Very Easy,0.05,0.05,1,889,99,0.0,0.0,2,0,1
No Adaptive,4,418,train,strong,player_win,-10.0,5,50.0,1,Very Easy,0.05,0.05,1,891,99,0.0,0.0,1,0,1
No Adaptive,4,419,train,strong,player_win,-10.0,5,50.0,1,Very Easy,0.05,0.05,1,893,99,0.0,0.0,1,0,1
No Adaptive,4,420,train,strong,player_win,-10.0,5,50.0,1,Very Easy,0.05,0.05,1,895,99,0.0,0.0,1,0,1
No Adaptive,4,421,train,strong,player_win,-10.0,5,50.0,1,Very Easy,0.05,0.05,1,897,99,0.0,0.0,1,0,1
No Adaptive,4,422,train,strong,player_win,-10.0,5,50.0,1,Very Easy,0.05,0.05,1,899,99,0.0,0.0,1,0,1
No Adaptive,4,423,train,strong,player_win,-10.0,5,50.0,1,Very Easy,0.05,0.05,1,901,99,0.0,0.0,1,0,1
No Adaptive,4,424,train,strong,player_win,-10.0,5,50.0,1,Very Easy,0.05,0.05,1,903,99,0.0,0.0,1,0,1
No Adaptive,4,425,train,strong,player_win,-10.0,5,50.0,1,Very Easy,0.05,0.05,1,905,100,0.0,0.0,1,0,1
No Adaptive,4,426,train,strong,player_win,-10.0,5,50.0,1,Very Easy,0.05,0.05,1,907,100,0.0,0.0,1,0,1
No Adaptive,4,427,train,strong,player_win,-10.0,5,50.0,1,Very Easy,0.05,0.05,1,909,100,0.0,0.0,1,0,1
No Adaptive,4,428,train,strong,player_win,-10.0,5,50.0,1,Very Easy,0.05,0.05,1,911,100,0.0,0.0,2,0,0
No Adaptive,4,429,train,strong,player_win,-10.0,7,50.0,1,Very Easy,0.05,0.05,1,914,100,0.0,0.0,2,0,1
No Adaptive,4,430,train,strong,player_win,-10.0,5,50.0,1,Very Easy,0.05,0.05,1,916,100,0.0,0.0,1,0,1
No Adaptive,4,431,train,strong,player_win,-10.0,5,50.0,1,Very Easy,0.05,0.05,1,918,100,0.0,0.0,1,0,1
No Adaptive,4,432,train,strong,player_win,-10.0,5,50.0,1,Very Easy,0.05,0.05,1,920,100,0.0,0.0,1,0,1
No Adaptive,4,433,train,strong,player_win,-10.0,5,50.0,1,Very Easy,0.05,0.05,1,922,100,0.0,0.0,1,0,1
No Adaptive,4,434,train,strong,player_win,-10.0,5,50.0,1,Very Easy,0.05,0.05,1,924,100,0.0,0.0,1,0,1
No Adaptive,4,435,train,strong,player_win,-10.0,5,50.0,1,Very Easy,0.05,0.05,1,926,100,0.0,0.0,1,0,1
No Adaptive,4,436,train,strong,player_win,-10.0,5,50.0,1,Very Easy,0.05,0.05,1,928,100,0.0,0.0,1,0,1
No Adaptive,4,437,train,strong,player_win,-10.0,5,50.0,1,Very Easy,0.05,0.05,1,930,100,0.0,0.0,1,0,1
No Adaptive,4,438,train,strong,player_win,-10.0,5,50.0,1,Very Easy,0.05,0.05,1,932,100,0.0,0.0,1,0,1
No Adaptive,4,439,train,strong,player_win,-10.0,5,50.0,1,Very Easy,0.05,0.05,1,934,100,0.0,0.0,1,0,1
No Adaptive,4,440,train,strong,player_win,-10.0,5,50.0,1,Very Easy,0.05,0.05,1,936,100,0.0,0.0,1,0,1
No Adaptive,4,441,train,strong,player_win,-10.0,5,50.0,1,Very Easy,0.05,0.05,1,938,100,0.0,0.0,1,0,1
No Adaptive,4,442,train,strong,player_win,-10.0,5,50.0,1,Very Easy,0.05,0.05,1,940,100,0.0,0.0,1,0,1
No Adaptive,4,443,train,strong,player_win,-10.0,5,50.0,1,Very Easy,0.05,0.05,1,942,100,0.0,0.0,1,0,1
No Adaptive,4,444,train,strong,player_win,-10.0,5,50.0,1,Very Easy,0.05,0.05,1,944,100,0.0,0.0,1,0,1
No Adaptive,4,445,train,strong,player_win,-10.0,5,50.0,1,Very Easy,0.05,0.05,1,946,100,0.0,0.0,1,0,1
No Adaptive,4,446,train,strong,player_win,-10.0,5,50.0,1,Very Easy,0.05,0.05,1,948,100,0.0,0.0,1,0,1
No Adaptive,4,447,train,strong,player_win,-10.0,5,50.0,1,Very Easy,0.05,0.05,1,950,100,0.0,0.0,1,0,1
No Adaptive,4,448,train,strong,player_win,-10.0,5,50.0,1,Very Easy,0.05,0.05,1,952,100,0.0,0.0,1,1,0
No Adaptive,4,449,train,strong,player_win,-10.0,5,50.0,1,Very Easy,0.05,0.05,1,954,100,0.0,0.0,1,0,1
No Adaptive,4,450,train,strong,player_win,-10.0,5,50.0,1,Very Easy,0.05,0.05,1,956,100,0.0,0.0,1,0,1
No Adaptive,4,451,train,strong,player_win,-10.0,5,50.0,1,Very Easy,0.05,0.05,1,958,100,0.0,0.0,1,0,1
No Adaptive,4,452,train,strong,player_win,-10.0,5,50.0,1,Very Easy,0.05,0.05,1,960,100,0.0,0.0,1,0,1
No Adaptive,4,453,train,strong,player_win,-10.0,5,50.0,1,Very Easy,0.05,0.05,1,962,100,0.0,0.0,1,0,1
No Adaptive,4,454,train,strong,player_win,-10.0,5,50.0,1,Very Easy,0.05,0.05,1,964,100,0.0,0.0,1,0,1
No Adaptive,4,455,train,strong,player_win,-10.0,5,50.0,1,Very Easy,0.05,0.05,1,966,100,0.0,0.0,1,1,0
No Adaptive,4,456,train,strong,player_win,-10.0,5,50.0,1,Very Easy,0.05,0.05,1,968,100,0.0,0.0,1,0,1
No Adaptive,4,457,train,strong,player_win,-10.0,5,50.0,1,Very Easy,0.05,0.05,1,970,100,0.0,0.0,1,0,1
No Adaptive,4,458,train,strong,player_win,-10.0,5,50.0,1,Very Easy,0.05,0.05,1,972,100,0.0,0.0,1,0,1
No Adaptive,4,459,train,strong,player_win,-10.0,5,50.0,1,Very Easy,0.05,0.05,1,974,100,0.0,0.0,2,0,0
No Adaptive,4,460,train,strong,player_win,-10.0,5,50.0,1,Very Easy,0.05,0.05,1,976,100,0.0,0.0,1,0,1
No Adaptive,4,461,train,strong,player_win,-10.0,7,50.0,1,Very Easy,0.05,0.05,1,979,100,0.0,0.0,2,0,1
No Adaptive,4,462,train,strong,player_win,-10.0,5,50.0,1,Very Easy,0.05,0.05,1,981,100,0.0,0.0,1,0,1
No Adaptive,4,463,train,strong,player_win,-10.0,5,50.0,1,Very Easy,0.05,0.05,1,983,100,0.0,0.0,1,0,1
No Adaptive,4,464,train,strong,player_win,-10.0,5,50.0,1,Very Easy,0.05,0.05,1,985,100,0.0,0.0,1,0,1
No Adaptive,4,465,train,strong,player_win,-10.0,5,50.0,1,Very Easy,0.05,0.05,1,987,100,0.0,0.0,1,0,1
No Adaptive,4,466,train,strong,player_win,-10.0,5,50.0,1,Very Easy,0.05,0.05,1,989,100,0.0,0.0,1,0,1
No Adaptive,4,467,train,strong,player_win,-10.0,7,50.0,1,Very Easy,0.05,0.05,1,992,100,0.0,0.0,2,0,1
No Adaptive,4,468,train,strong,player_win,-10.0,5,50.0,1,Very Easy,0.05,0.05,1,994,100,0.0,0.0,1,0,1
No Adaptive,4,469,train,strong,player_win,-10.0,5,50.0,1,Very Easy,0.05,0.05,1,996,100,0.0,0.0,1,0,1
No Adaptive,4,470,train,strong,player_win,-10.0,5,50.0,1,Very Easy,0.05,0.05,1,998,100,0.0,0.0,1,0,1
No Adaptive,4,471,train,strong,player_win,-10.0,7,50.0,1,Very Easy,0.05,0.05,1,1001,100,0.0,0.0,2,0,1
No Adaptive,4,472,train,strong,player_win,-10.0,5,50.0,1,Very Easy,0.05,0.05,1,1003,100,0.0,0.0,1,1,0
No Adaptive,4,473,train,strong,player_win,-10.0,5,50.0,1,Very Easy,0.05,0.05,1,1005,100,0.0,0.0,1,0,1
No Adaptive,4,474,train,strong,player_win,-10.0,5,50.0,1,Very Easy,0.05,0.05,1,1007,100,0.0,0.0,1,0,1
No Adaptive,4,475,train,strong,player_win,-10.0,7,50.0,1,Very Easy,0.05,0.05,1,1010,100,0.0,0.0,2,0,1
No Adaptive,4,476,train,strong,player_win,-10.0,7,50.0,1,Very Easy,0.05,0.05,1,1013,100,0.0,0.0,2,0,1
No Adaptive,4,477,train,strong,player_win,-10.0,5,50.0,1,Very Easy,0.05,0.05,1,1015,100,0.0,0.0,1,0,1
No Adaptive,4,478,train,strong,player_win,-10.0,5,50.0,1,Very Easy,0.05,0.05,1,1017,100,0.0,0.0,1,0,1
No Adaptive,4,479,train,strong,player_win,-10.0,5,50.0,1,Very Easy,0.05,0.05,1,1019,100,0.0,0.0,1,0,1
No Adaptive,4,480,train,strong,player_win,-10.0,5,50.0,1,Very Easy,0.05,0.05,1,1021,100,0.0,0.0,1,0,1
No Adaptive,4,481,train,strong,player_win,-10.0,5,50.0,1,Very Easy,0.05,0.05,1,1023,100,0.0,0.0,1,0,1
No Adaptive,4,482,train,strong,player_win,-10.0,5,50.0,1,Very Easy,0.05,0.05,1,1025,100,0.0,0.0,1,0,1
No Adaptive,4,483,train,strong,player_win,-10.0,5,50.0,1,Very Easy,0.05,0.05,1,1027,100,0.0,0.0,1,0,1
No Adaptive,4,484,train,strong,player_win,-10.0,5,50.0,1,Very Easy,0.05,0.05,1,1029,100,0.0,0.0,1,0,1
No Adaptive,4,485,train,strong,player_win,-10.0,7,50.0,1,Very Easy,0.05,0.05,1,1032,100,0.0,0.0,2,0,1
No Adaptive,4,486,train,strong,player_win,-10.0,5,50.0,1,Very Easy,0.05,0.05,1,1034,100,0.0,0.0,2,0,0
No Adaptive,4,487,train,strong,player_win,-10.0,7,50.0,1,Very Easy,0.05,0.05,1,1037,100,0.0,0.0,2,0,1
No Adaptive,4,488,train,strong,player_win,-10.0,5,50.0,1,Very Easy,0.05,0.05,1,1039,100,0.0,0.0,1,0,1
No Adaptive,4,489,train,strong,player_win,-10.0,5,50.0,1,Very Easy,0.05,0.05,1,1041,100,0.0,0.0,1,0,1
No Adaptive,4,490,train,strong,player_win,-10.0,5,50.0,1,Very Easy,0.05,0.05,1,1043,100,0.0,0.0,2,0,0
No Adaptive,4,491,train,strong,player_win,-10.0,5,50.0,1,Very Easy,0.05,0.05,1,1045,100,0.0,0.0,1,0,1
No Adaptive,4,492,train,strong,player_win,-10.0,5,50.0,1,Very Easy,0.05,0.05,1,1047,100,0.0,0.0,1,0,1
No Adaptive,4,493,train,strong,player_win,-10.0,5,50.0,1,Very Easy,0.05,0.05,1,1049,100,0.0,0.0,1,0,1
No Adaptive,4,494,train,strong,player_win,-10.0,5,50.0,1,Very Easy,0.05,0.05,1,1051,100,0.0,0.0,1,0,1
No Adaptive,4,495,train,strong,player_win,-10.0,5,50.0,1,Very Easy,0.05,0.05,1,1053,100,0.0,0.0,1,0,1
No Adaptive,4,496,train,strong,player_win,-10.0,5,50.0,1,Very Easy,0.05,0.05,1,1055,100,0.0,0.0,1,0,1
No Adaptive,4,497,train,strong,player_win,-10.0,5,50.0,1,Very Easy,0.05,0.05,1,1057,100,0.0,0.0,1,0,1
No Adaptive,4,498,train,strong,player_win,-10.0,5,50.0,1,Very Easy,0.05,0.05,1,1059,100,0.0,0.0,1,0,1
No Adaptive,4,499,train,strong,player_win,-10.0,7,50.0,1,Very Easy,0.05,0.05,1,1062,100,0.0,0.0,2,0,1
No Adaptive,4,500,train,strong,player_win,-10.0,7,50.0,1,Very Easy,0.05,0.05,1,1065,100,0.0,0.0,2,0,1
No Adaptive,4,501,train,strong,player_win,-10.0,5,50.0,1,Very Easy,0.05,0.05,1,1067,100,0.0,0.0,1,0,1
No Adaptive,4,502,train,strong,player_win,-10.0,5,50.0,1,Very Easy,0.05,0.05,1,1069,100,0.0,0.0,1,0,1
No Adaptive,4,503,train,strong,player_win,-10.0,5,50.0,1,Very Easy,0.05,0.05,1,1071,100,0.0,0.0,1,0,1
No Adaptive,4,504,train,strong,player_win,-10.0,5,50.0,1,Very Easy,0.05,0.05,1,1073,100,0.0,0.0,1,0,1
No Adaptive,4,505,train,strong,player_win,-10.0,5,50.0,1,Very Easy,0.05,0.05,1,1075,100,0.0,0.0,1,0,1
No Adaptive,4,506,train,strong,player_win,-10.0,5,50.0,1,Very Easy,0.05,0.05,1,1077,100,0.0,0.0,1,0,1
No Adaptive,4,507,train,strong,player_win,-10.0,5,50.0,1,Very Easy,0.05,0.05,1,1079,100,0.0,0.0,1,0,1
No Adaptive,4,508,train,strong,player_win,-10.0,5,50.0,1,Very Easy,0.05,0.05,1,1081,100,0.0,0.0,1,0,1
No Adaptive,4,509,train,strong,player_win,-10.0,7,50.0,1,Very Easy,0.05,0.05,1,1084,100,0.0,0.0,2,0,1
No Adaptive,4,510,train,strong,player_win,-10.0,5,50.0,1,Very Easy,0.05,0.05,1,1086,100,0.0,0.0,1,0,1
No Adaptive,4,511,train,strong,player_win,-10.0,5,50.0,1,Very Easy,0.05,0.05,1,1088,100,0.0,0.0,1,0,1
No Adaptive,4,512,train,strong,player_win,-10.0,5,50.0,1,Very Easy,0.05,0.05,1,1090,100,0.0,0.0,1,0,1
No Adaptive,4,513,train,strong,player_win,-10.0,5,50.0,1,Very Easy,0.05,0.05,1,1092,100,0.0,0.0,1,0,1
No Adaptive,4,514,train,strong,player_win,-10.0,5,50.0,1,Very Easy,0.05,0.05,1,1094,100,0.0,0.0,1,0,1
No Adaptive,4,515,train,strong,player_win,-10.0,5,50.0,1,Very Easy,0.05,0.05,1,1096,100,0.0,0.0,1,0,1
No Adaptive,4,516,train,strong,player_win,-10.0,5,50.0,1,Very Easy,0.05,0.05,1,1098,100,0.0,0.0,1,0,1
No Adaptive,4,517,train,strong,player_win,-10.0,5,50.0,1,Very Easy,0.05,0.05,1,1100,100,0.0,0.0,1,0,1
No Adaptive,4,518,train,strong,player_win,-10.0,5,50.0,1,Very Easy,0.05,0.05,1,1102,100,0.0,0.0,1,0,1
No Adaptive,4,519,train,strong,player_win,-10.0,5,50.0,1,Very Easy,0.05,0.05,1,1104,100,0.0,0.0,1,0,1
No Adaptive,4,520,train,strong,player_win,-10.0,7,50.0,1,Very Easy,0.05,0.05,1,1107,100,0.0,0.0,2,0,1
No Adaptive,4,521,train,strong,player_win,-10.0,5,50.0,1,Very Easy,0.05,0.05,1,1109,100,0.0,0.0,1,0,1
No Adaptive,4,522,train,strong,player_win,-10.0,5,50.0,1,Very Easy,0.05,0.05,1,1111,100,0.0,0.0,1,0,1
No Adaptive,4,523,train,strong,player_win,-10.0,5,50.0,1,Very Easy,0.05,0.05,1,1113,100,0.0,0.0,1,0,1
No Adaptive,4,524,train,strong,player_win,-10.0,5,50.0,1,Very Easy,0.05,0.05,1,1115,100,0.0,0.0,2,0,0
No Adaptive,4,525,train,strong,player_win,-10.0,5,50.0,1,Very Easy,0.05,0.05,1,1117,100,0.0,0.0,1,0,1
No Adaptive,4,526,train,strong,player_win,-10.0,5,50.0,1,Very Easy,0.05,0.05,1,1119,100,0.0,0.0,1,0,1
No Adaptive,4,527,train,strong,player_win,-10.0,5,50.0,1,Very Easy,0.05,0.05,1,1121,100,0.0,0.0,1,0,1
No Adaptive,4,528,train,strong,player_win,-10.0,5,50.0,1,Very Easy,0.05,0.05,1,1123,100,0.0,0.0,2,0,0
No Adaptive,4,529,train,strong,player_win,-10.0,5,50.0,1,Very Easy,0.05,0.05,1,1125,100,0.0,0.0,1,1,0
No Adaptive,4,530,train,strong,player_win,-10.0,7,50.0,1,Very Easy,0.05,0.05,1,1128,100,0.0,0.0,2,0,1
No Adaptive,4,531,train,strong,player_win,-10.0,5,50.0,1,Very Easy,0.05,0.05,1,1130,100,0.0,0.0,1,0,1
No Adaptive,4,532,train,strong,player_win,-10.0,5,50.0,1,Very Easy,0.05,0.05,1,1132,100,0.0,0.0,1,0,1
No Adaptive,4,533,train,strong,player_win,-10.0,5,50.0,1,Very Easy,0.05,0.05,1,1134,100,0.0,0.0,1,0,1
No Adaptive,4,534,train,strong,player_win,-10.0,5,50.0,1,Very Easy,0.05,0.05,1,1136,100,0.0,0.0,2,0,0
No Adaptive,4,535,train,strong,player_win,-10.0,5,50.0,1,Very Easy,0.05,0.05,1,1138,100,0.0,0.0,1,0,1
No Adaptive,4,536,train,strong,player_win,-10.0,5,50.0,1,Very Easy,0.05,0.05,1,1140,100,0.0,0.0,1,0,1
No Adaptive,4,537,train,strong,player_win,-10.0,5,50.0,1,Very Easy,0.05,0.05,1,1142,100,0.0,0.0,1,1,0
No Adaptive,4,538,train,strong,player_win,-10.0,5,50.0,1,Very Easy,0.05,0.05,1,1144,100,0.0,0.0,1,0,1
No Adaptive,4,539,train,strong,player_win,-10.0,5,50.0,1,Very Easy,0.05,0.05,1,1146,100,0.0,0.0,1,0,1
No Adaptive,4,540,train,strong,player_win,-10.0,7,50.0,1,Very Easy,0.05,0.05,1,1149,100,0.0,0.0,2,0,1
No Adaptive,4,541,train,strong,player_win,-10.0,5,50.0,1,Very Easy,0.05,0.05,1,1151,100,0.0,0.0,1,0,1
No Adaptive,4,542,train,strong,player_win,-10.0,5,50.0,1,Very Easy,0.05,0.05,1,1153,100,0.0,0.0,1,0,1
No Adaptive,4,543,train,strong,player_win,-10.0,5,50.0,1,Very Easy,0.05,0.05,1,1155,100,0.0,0.0,1,0,1
No Adaptive,4,544,train,strong,player_win,-10.0,5,50.0,1,Very Easy,0.05,0.05,1,1157,100,0.0,0.0,1,1,0
No Adaptive,4,545,train,strong,player_win,-10.0,5,50.0,1,Very Easy,0.05,0.05,1,1159,100,0.0,0.0,1,0,1
No Adaptive,4,546,train,strong,player_win,-10.0,5,50.0,1,Very Easy,0.05,0.05,1,1161,100,0.0,0.0,1,0,1
No Adaptive,4,547,train,strong,player_win,-10.0,5,50.0,1,Very Easy,0.05,0.05,1,1163,100,0.0,0.0,1,0,1
No Adaptive,4,548,train,strong,player_win,-10.0,5,50.0,1,Very Easy,0.05,0.05,1,1165,100,0.0,0.0,1,0,1
No Adaptive,4,549,train,strong,player_win,-10.0,5,50.0,1,Very Easy,0.05,0.05,1,1167,100,0.0,0.0,1,0,1
No Adaptive,4,550,train,strong,player_win,-10.0,7,50.0,1,Very Easy,0.05,0.05,1,1170,100,0.0,0.0,2,0,1
No Adaptive,4,551,train,strong,player_win,-10.0,5,50.0,1,Very Easy,0.05,0.05,1,1172,100,0.0,0.0,1,0,1
No Adaptive,4,552,train,strong,player_win,-10.0,5,50.0,1,Very Easy,0.05,0.05,1,1174,100,0.0,0.0,1,0,1
No Adaptive,4,553,train,strong,player_win,-10.0,5,50.0,1,Very Easy,0.05,0.05,1,1176,100,0.0,0.0,1,0,1
No Adaptive,4,554,train,strong,player_win,-10.0,5,50.0,1,Very Easy,0.05,0.05,1,1178,100,0.0,0.0,1,0,1
No Adaptive,4,555,train,strong,player_win,-10.0,5,50.0,1,Very Easy,0.05,0.05,1,1180,100,0.0,0.0,2,0,0
No Adaptive,4,556,train,strong,player_win,-10.0,5,50.0,1,Very Easy,0.05,0.05,1,1182,100,0.0,0.0,1,1,0
No Adaptive,4,557,train,strong,player_win,-10.0,5,50.0,1,Very Easy,0.05,0.05,1,1184,100,0.0,0.0,1,0,1
No Adaptive,4,558,train,strong,player_win,-10.0,5,50.0,1,Very Easy,0.05,0.05,1,1186,100,0.0,0.0,1,0,1
No Adaptive,4,559,train,strong,player_win,-10.0,7,50.0,1,Very Easy,0.05,0.05,1,1189,100,0.0,0.0,2,0,1
No Adaptive,4,560,train,strong,player_win,-10.0,5,50.0,1,Very Easy,0.05,0.05,1,1191,100,0.0,0.0,1,0,1
No Adaptive,4,561,train,strong,player_win,-10.0,5,50.0,1,Very Easy,0.05,0.05,1,1193,100,0.0,0.0,2,0,0
No Adaptive,4,562,train,strong,player_win,-10.0,5,50.0,1,Very Easy,0.05,0.05,1,1195,100,0.0,0.0,1,0,1
No Adaptive,4,563,train,strong,player_win,-10.0,5,50.0,1,Very Easy,0.05,0.05,1,1197,100,0.0,0.0,1,0,1
No Adaptive,4,564,train,strong,player_win,-10.0,5,50.0,1,Very Easy,0.05,0.05,1,1199,100,0.0,0.0,1,0,1
No Adaptive,4,565,train,strong,player_win,-10.0,5,50.0,1,Very Easy,0.05,0.05,1,1201,100,0.0,0.0,1,0,1
No Adaptive,4,566,train,strong,player_win,-10.0,5,50.0,1,Very Easy,0.05,0.05,1,1203,100,0.0,0.0,1,0,1
No Adaptive,4,567,train,strong,player_win,-10.0,5,50.0,1,Very Easy,0.05,0.05,1,1205,100,0.0,0.0,1,0,1
No Adaptive,4,568,train,strong,player_win,-10.0,5,50.0,1,Very Easy,0.05,0.05,1,1207,100,0.0,0.0,1,0,1
No Adaptive,4,569,train,strong,player_win,-10.0,5,50.0,1,Very Easy,0.05,0.05,1,1209,100,0.0,0.0,2,0,0
No Adaptive,4,570,train,strong,player_win,-10.0,5,50.0,1,Very Easy,0.05,0.05,1,1211,100,0.0,0.0,1,0,1
No Adaptive,4,571,train,strong,player_win,-10.0,5,50.0,1,Very Easy,0.05,0.05,1,1213,100,0.0,0.0,1,0,1
No Adaptive,4,572,train,strong,player_win,-10.0,5,50.0,1,Very Easy,0.05,0.05,1,1215,100,0.0,0.0,1,0,1
No Adaptive,4,573,train,strong,player_win,-10.0,5,50.0,1,Very Easy,0.05,0.05,1,1217,100,0.0,0.0,1,0,1
No Adaptive,4,574,train,strong,player_win,-10.0,5,50.0,1,Very Easy,0.05,0.05,1,1219,100,0.0,0.0,1,0,1
No Adaptive,4,575,train,strong,player_win,-10.0,5,50.0,1,Very Easy,0.05,0.05,1,1221,100,0.0,0.0,1,0,1
No Adaptive,4,576,train,strong,player_win,-10.0,5,50.0,1,Very Easy,0.05,0.05,1,1223,100,0.0,0.0,1,0,1
No Adaptive,4,577,train,strong,player_win,-10.0,7,50.0,1,Very Easy,0.05,0.05,1,1226,100,0.0,0.0,2,0,1
No Adaptive,4,578,train,strong,player_win,-10.0,5,50.0,1,Very Easy,0.05,0.05,1,1228,100,0.0,0.0,1,0,1
No Adaptive,4,579,train,strong,player_win,-10.0,5,50.0,1,Very Easy,0.05,0.05,1,1230,100,0.0,0.0,1,0,1
No Adaptive,4,580,train,strong,player_win,-10.0,5,50.0,1,Very Easy,0.05,0.05,1,1232,100,0.0,0.0,1,1,0
No Adaptive,4,581,train,strong,player_win,-10.0,5,50.0,1,Very Easy,0.05,0.05,1,1234,100,0.0,0.0,1,1,0
No Adaptive,4,582,train,strong,player_win,-10.0,5,50.0,1,Very Easy,0.05,0.05,1,1236,100,0.0,0.0,1,0,1
No Adaptive,4,583,train,strong,player_win,-10.0,5,50.0,1,Very Easy,0.05,0.05,1,1238,100,0.0,0.0,1,0,1
No Adaptive,4,584,train,strong,player_win,-10.0,5,50.0,1,Very Easy,0.05,0.05,1,1240,100,0.0,0.0,1,0,1
No Adaptive,4,585,train,strong,player_win,-10.0,5,50.0,1,Very Easy,0.05,0.05,1,1242,100,0.0,0.0,1,0,1
No Adaptive,4,586,train,strong,player_win,-10.0,5,50.0,1,Very Easy,0.05,0.05,1,1244,100,0.0,0.0,1,0,1
No Adaptive,4,587,train,strong,player_win,-10.0,5,50.0,1,Very Easy,0.05,0.05,1,1246,100,0.0,0.0,1,0,1
No Adaptive,4,588,train,strong,player_win,-10.0,5,50.0,1,Very Easy,0.05,0.05,1,1248,100,0.0,0.0,1,0,1
No Adaptive,4,589,train,strong,player_win,-10.0,5,50.0,1,Very Easy,0.05,0.05,1,1250,100,0.0,0.0,1,0,1
No Adaptive,4,590,train,strong,player_win,-10.0,5,50.0,1,Very Easy,0.05,0.05,1,1252,100,0.0,0.0,1,0,1
No Adaptive,4,591,train,strong,player_win,-10.0,5,50.0,1,Very Easy,0.05,0.05,1,1254,100,0.0,0.0,1,0,1
No Adaptive,4,592,train,strong,player_win,-10.0,5,50.0,1,Very Easy,0.05,0.05,1,1256,100,0.0,0.0,1,0,1
No Adaptive,4,593,train,strong,player_win,-10.0,5,50.0,1,Very Easy,0.05,0.05,1,1258,100,0.0,0.0,1,0,1
No Adaptive,4,594,train,strong,player_win,-10.0,5,50.0,1,Very Easy,0.05,0.05,1,1260,100,0.0,0.0,1,0,1
No Adaptive,4,595,train,strong,player_win,-10.0,5,50.0,1,Very Easy,0.05,0.05,1,1262,100,0.0,0.0,1,0,1
No Adaptive,4,596,train,strong,player_win,-10.0,7,50.0,1,Very Easy,0.05,0.05,1,1265,100,0.0,0.0,2,0,1
No Adaptive,4,597,train,strong,player_win,-10.0,7,50.0,1,Very Easy,0.05,0.05,1,1268,100,0.0,0.0,2,0,1
No Adaptive,4,598,train,strong,player_win,-10.0,5,50.0,1,Very Easy,0.05,0.05,1,1270,100,0.0,0.0,1,0,1
No Adaptive,4,599,train,strong,player_win,-10.0,5,50.0,1,Very Easy,0.05,0.05,1,1272,100,0.0,0.0,1,0,1
No Adaptive,4,600,train,strong,player_win,-10.0,5,50.0,1,Very Easy,0.05,0.05,1,1274,100,0.0,0.0,1,0,1
No Adaptive,4,601,train,strong,player_win,-10.0,5,50.0,1,Very Easy,0.05,0.05,1,1276,100,0.0,0.0,1,0,1
No Adaptive,4,602,train,strong,player_win,-10.0,5,50.0,1,Very Easy,0.05,0.05,1,1278,100,0.0,0.0,1,1,0
No Adaptive,4,603,train,strong,player_win,-10.0,5,50.0,1,Very Easy,0.05,0.05,1,1280,100,0.0,0.0,1,0,1
No Adaptive,4,604,train,strong,player_win,-10.0,5,50.0,1,Very Easy,0.05,0.05,1,1282,100,0.0,0.0,2,0,0
No Adaptive,4,605,train,strong,player_win,-10.0,5,50.0,1,Very Easy,0.05,0.05,1,1284,100,0.0,0.0,2,0,0
No Adaptive,4,606,train,strong,player_win,-10.0,7,50.0,1,Very Easy,0.05,0.05,1,1287,100,0.0,0.0,2,0,1
No Adaptive,4,607,train,strong,player_win,-10.0,5,50.0,1,Very Easy,0.05,0.05,1,1289,100,0.0,0.0,1,0,1
No Adaptive,4,608,train,strong,player_win,-10.0,5,50.0,1,Very Easy,0.05,0.05,1,1291,100,0.0,0.0,1,0,1
No Adaptive,4,609,train,strong,player_win,-10.0,5,50.0,1,Very Easy,0.05,0.05,1,1293,100,0.0,0.0,1,0,1
No Adaptive,4,610,train,strong,player_win,-10.0,5,50.0,1,Very Easy,0.05,0.05,1,1295,100,0.0,0.0,1,0,1
No Adaptive,4,611,train,strong,player_win,-10.0,7,50.0,1,Very Easy,0.05,0.05,1,1298,100,0.0,0.0,2,0,1
No Adaptive,4,612,train,strong,player_win,-10.0,5,50.0,1,Very Easy,0.05,0.05,1,1300,100,0.0,0.0,1,0,1
No Adaptive,4,613,train,strong,player_win,-10.0,5,50.0,1,Very Easy,0.05,0.05,1,1302,100,0.0,0.0,1,0,1
No Adaptive,4,614,train,strong,player_win,-10.0,5,50.0,1,Very Easy,0.05,0.05,1,1304,100,0.0,0.0,1,0,1
No Adaptive,4,615,train,strong,player_win,-10.0,5,50.0,1,Very Easy,0.05,0.05,1,1306,100,0.0,0.0,1,0,1
No Adaptive,4,616,train,strong,player_win,-10.0,5,50.0,1,Very Easy,0.05,0.05,1,1308,100,0.0,0.0,1,0,1
No Adaptive,4,617,train,strong,player_win,-10.0,5,50.0,1,Very Easy,0.05,0.05,1,1310,100,0.0,0.0,2,0,0
No Adaptive,4,618,train,strong,player_win,-10.0,5,50.0,1,Very Easy,0.05,0.05,1,1312,100,0.0,0.0,1,0,1
No Adaptive,4,619,train,strong,player_win,-10.0,5,50.0,1,Very Easy,0.05,0.05,1,1314,100,0.0,0.0,1,0,1
No Adaptive,4,620,train,strong,player_win,-10.0,5,50.0,1,Very Easy,0.05,0.05,1,1316,100,0.0,0.0,1,1,0
No Adaptive,4,621,train,strong,player_win,-10.0,5,50.0,1,Very Easy,0.05,0.05,1,1318,100,0.0,0.0,1,0,1
No Adaptive,4,622,train,strong,player_win,-10.0,5,50.0,1,Very Easy,0.05,0.05,1,1320,100,0.0,0.0,1,0,1
No Adaptive,4,623,train,strong,player_win,-10.0,7,50.0,1,Very Easy,0.05,0.05,1,1323,100,0.0,0.0,2,0,1
No Adaptive,4,624,train,strong,player_win,-10.0,5,50.0,1,Very Easy,0.05,0.05,1,1325,100,0.0,0.0,1,0,1
No Adaptive,4,625,train,strong,player_win,-10.0,5,50.0,1,Very Easy,0.05,0.05,1,1327,100,0.0,0.0,1,0,1
No Adaptive,4,626,train,strong,player_win,-10.0,5,50.0,1,Very Easy,0.05,0.05,1,1329,100,0.0,0.0,1,0,1
No Adaptive,4,627,train,strong,player_win,-10.0,5,50.0,1,Very Easy,0.05,0.05,1,1331,100,0.0,0.0,1,0,1
No Adaptive,4,628,train,strong,player_win,-10.0,5,50.0,1,Very Easy,0.05,0.05,1,1333,100,0.0,0.0,1,0,1
No Adaptive,4,629,train,strong,player_win,-10.0,5,50.0,1,Very Easy,0.05,0.05,1,1335,100,0.0,0.0,1,0,1
No Adaptive,4,630,train,strong,player_win,-10.0,5,50.0,1,Very Easy,0.05,0.05,1,1337,100,0.0,0.0,1,0,1
No Adaptive,4,631,train,strong,player_win,-10.0,7,50.0,1,Very Easy,0.05,0.05,1,1340,100,0.0,0.0,2,0,1
No Adaptive,4,632,train,strong,player_win,-10.0,5,50.0,1,Very Easy,0.05,0.05,1,1342,100,0.0,0.0,1,0,1
No Adaptive,4,633,train,strong,player_win,-10.0,5,50.0,1,Very Easy,0.05,0.05,1,1344,100,0.0,0.0,1,0,1
No Adaptive,4,634,train,strong,player_win,-10.0,5,50.0,1,Very Easy,0.05,0.05,1,1346,100,0.0,0.0,1,0,1
No Adaptive,4,635,train,strong,player_win,-10.0,5,50.0,1,Very Easy,0.05,0.05,1,1348,100,0.0,0.0,1,0,1
No Adaptive,4,636,train,strong,player_win,-10.0,5,50.0,1,Very Easy,0.05,0.05,1,1350,100,0.0,0.0,1,0,1
No Adaptive,4,637,train,strong,player_win,-10.0,5,50.0,1,Very Easy,0.05,0.05,1,1352,100,0.0,0.0,1,0,1
No Adaptive,4,638,train,strong,player_win,-10.0,5,50.0,1,Very Easy,0.05,0.05,1,1354,100,0.0,0.0,1,0,1
No Adaptive,4,639,train,strong,player_win,-10.0,5,50.0,1,Very Easy,0.05,0.05,1,1356,100,0.0,0.0,1,1,0
No Adaptive,4,640,train,strong,player_win,-10.0,5,50.0,1,Very Easy,0.05,0.05,1,1358,100,0.0,0.0,1,0,1
No Adaptive,4,641,train,strong,player_win,-10.0,7,50.0,1,Very Easy,0.05,0.05,1,1361,100,0.0,0.0,2,0,1
No Adaptive,4,642,train,strong,player_win,-10.0,7,50.0,1,Very Easy,0.05,0.05,1,1364,100,0.0,0.0,2,0,1
No Adaptive,4,643,train,strong,player_win,-10.0,7,50.0,1,Very Easy,0.05,0.05,1,1367,100,0.0,0.0,2,0,1
No Adaptive,4,644,train,strong,player_win,-10.0,5,50.0,1,Very Easy,0.05,0.05,1,1369,100,0.0,0.0,1,0,1
No Adaptive,4,645,train,strong,player_win,-10.0,5,50.0,1,Very Easy,0.05,0.05,1,1371,100,0.0,0.0,1,0,1
No Adaptive,4,646,train,strong,player_win,-10.0,7,50.0,1,Very Easy,0.05,0.05,1,1374,100,0.0,0.0,2,0,1
No Adaptive,4,647,train,strong,player_win,-10.0,5,50.0,1,Very Easy,0.05,0.05,1,1376,100,0.0,0.0,1,0,1
No Adaptive,4,648,train,strong,player_win,-10.0,7,50.0,1,Very Easy,0.05,0.05,1,1379,100,0.0,0.0,2,0,1
No Adaptive,4,649,train,strong,player_win,-10.0,5,50.0,1,Very Easy,0.05,0.05,1,1381,100,0.0,0.0,1,0,1
No Adaptive,4,650,train,strong,player_win,-10.0,5,50.0,1,Very Easy,0.05,0.05,1,1383,100,0.0,0.0,1,0,1
No Adaptive,4,651,train,strong,player_win,-10.0,5,50.0,1,Very Easy,0.05,0.05,1,1385,100,0.0,0.0,1,0,1
No Adaptive,4,652,train,strong,player_win,-10.0,5,50.0,1,Very Easy,0.05,0.05,1,1387,100,0.0,0.0,1,0,1
No Adaptive,4,653,train,strong,player_win,-10.0,5,50.0,1,Very Easy,0.05,0.05,1,1389,100,0.0,0.0,1,0,1
No Adaptive,4,654,train,strong,player_win,-10.0,7,50.0,1,Very Easy,0.05,0.05,1,1392,100,0.0,0.0,2,0,1
No Adaptive,4,655,train,strong,player_win,-10.0,5,50.0,1,Very Easy,0.05,0.05,1,1394,100,0.0,0.0,1,0,1
No Adaptive,4,656,train,strong,player_win,-10.0,5,50.0,1,Very Easy,0.05,0.05,1,1396,100,0.0,0.0,1,0,1
No Adaptive,4,657,train,strong,player_win,-10.0,5,50.0,1,Very Easy,0.05,0.05,1,1398,100,0.0,0.0,1,0,1
No Adaptive,4,658,train,strong,player_win,-10.0,5,50.0,1,Very Easy,0.05,0.05,1,1400,100,0.0,0.0,1,0,1
No Adaptive,4,659,train,strong,player_win,-10.0,5,50.0,1,Very Easy,0.05,0.05,1,1402,100,0.0,0.0,1,0,1
No Adaptive,4,660,train,strong,player_win,-10.0,5,50.0,1,Very Easy,0.05,0.05,1,1404,100,0.0,0.0,1,0,1
No Adaptive,4,661,train,strong,player_win,-10.0,5,50.0,1,Very Easy,0.05,0.05,1,1406,100,0.0,0.0,1,0,1
No Adaptive,4,662,train,strong,player_win,-10.0,5,50.0,1,Very Easy,0.05,0.05,1,1408,100,0.0,0.0,1,0,1
No Adaptive,4,663,train,strong,player_win,-10.0,5,50.0,1,Very Easy,0.05,0.05,1,1410,100,0.0,0.0,1,0,1
No Adaptive,4,664,train,strong,player_win,-10.0,5,50.0,1,Very Easy,0.05,0.05,1,1412,100,0.0,0.0,1,0,1
No Adaptive,4,665,train,strong,player_win,-10.0,5,50.0,1,Very Easy,0.05,0.05,1,1414,100,0.0,0.0,1,0,1
No Adaptive,4,666,train,strong,player_win,-10.0,5,50.0,1,Very Easy,0.05,0.05,1,1416,100,0.0,0.0,1,0,1
No Adaptive,4,667,train,strong,player_win,-10.0,5,50.0,1,Very Easy,0.05,0.05,1,1418,100,0.0,0.0,1,0,1
No Adaptive,4,668,train,strong,player_win,-10.0,5,50.0,1,Very Easy,0.05,0.05,1,1420,100,0.0,0.0,1,0,1
No Adaptive,4,669,train,strong,player_win,-10.0,5,50.0,1,Very Easy,0.05,0.05,1,1422,100,0.0,0.0,1,0,1
No Adaptive,4,670,train,strong,player_win,-10.0,7,50.0,1,Very Easy,0.05,0.05,1,1425,100,0.0,0.0,2,0,1
No Adaptive,4,671,train,strong,player_win,-10.0,5,50.0,1,Very Easy,0.05,0.05,1,1427,100,0.0,0.0,2,0,0
No Adaptive,4,672,train,strong,player_win,-10.0,5,50.0,1,Very Easy,0.05,0.05,1,1429,100,0.0,0.0,1,0,1
No Adaptive,4,673,train,strong,player_win,-10.0,5,50.0,1,Very Easy,0.05,0.05,1,1431,100,0.0,0.0,1,0,1
No Adaptive,4,674,train,strong,player_win,-10.0,5,50.0,1,Very Easy,0.05,0.05,1,1433,100,0.0,0.0,2,0,0
No Adaptive,4,675,train,strong,player_win,-10.0,5,50.0,1,Very Easy,0.05,0.05,1,1435,100,0.0,0.0,1,0,1
No Adaptive,4,676,train,strong,player_win,-10.0,5,50.0,1,Very Easy,0.05,0.05,1,1437,100,0.0,0.0,1,0,1
No Adaptive,4,677,train,strong,player_win,-10.0,5,50.0,1,Very Easy,0.05,0.05,1,1439,100,0.0,0.0,1,0,1
No Adaptive,4,678,train,strong,player_win,-10.0,5,50.0,1,Very Easy,0.05,0.05,1,1441,100,0.0,0.0,1,0,1
No Adaptive,4,679,train,strong,player_win,-10.0,7,50.0,1,Very Easy,0.05,0.05,1,1444,100,0.0,0.0,2,0,1
No Adaptive,4,680,train,strong,player_win,-10.0,7,50.0,1,Very Easy,0.05,0.05,1,1447,100,0.0,0.0,2,0,1
No Adaptive,4,681,train,strong,player_win,-10.0,5,50.0,1,Very Easy,0.05,0.05,1,1449,100,0.0,0.0,1,0,1
No Adaptive,4,682,train,strong,player_win,-10.0,5,50.0,1,Very Easy,0.05,0.05,1,1451,100,0.0,0.0,1,0,1
No Adaptive,4,683,train,strong,player_win,-10.0,5,50.0,1,Very Easy,0.05,0.05,1,1453,100,0.0,0.0,1,0,1
No Adaptive,4,684,train,strong,player_win,-10.0,5,50.0,1,Very Easy,0.05,0.05,1,1455,100,0.0,0.0,1,0,1
No Adaptive,4,685,train,strong,player_win,-10.0,7,50.0,1,Very Easy,0.05,0.05,1,1458,100,0.0,0.0,2,0,1
No Adaptive,4,686,train,strong,player_win,-10.0,5,50.0,1,Very Easy,0.05,0.05,1,1460,100,0.0,0.0,1,0,1
No Adaptive,4,687,train,strong,player_win,-10.0,7,50.0,1,Very Easy,0.05,0.05,1,1463,100,0.0,0.0,2,0,1
No Adaptive,4,688,train,strong,player_win,-10.0,5,50.0,1,Very Easy,0.05,0.05,1,1465,100,0.0,0.0,1,0,1
No Adaptive,4,689,train,strong,player_win,-10.0,5,50.0,1,Very Easy,0.05,0.05,1,1467,100,0.0,0.0,1,0,1
No Adaptive,4,690,train,strong,player_win,-10.0,5,50.0,1,Very Easy,0.05,0.05,1,1469,100,0.0,0.0,1,0,1
No Adaptive,4,691,train,strong,player_win,-10.0,5,50.0,1,Very Easy,0.05,0.05,1,1471,100,0.0,0.0,1,0,1
No Adaptive,4,692,train,strong,player_win,-10.0,5,50.0,1,Very Easy,0.05,0.05,1,1473,100,0.0,0.0,1,0,1
No Adaptive,4,693,train,strong,player_win,-10.0,5,50.0,1,Very Easy,0.05,0.05,1,1475,100,0.0,0.0,1,0,1
No Adaptive,4,694,train,strong,player_win,-10.0,5,50.0,1,Very Easy,0.05,0.05,1,1477,100,0.0,0.0,1,0,1
No Adaptive,4,695,train,strong,player_win,-10.0,5,50.0,1,Very Easy,0.05,0.05,1,1479,100,0.0,0.0,1,0,1
No Adaptive,4,696,train,strong,player_win,-10.0,5,50.0,1,Very Easy,0.05,0.05,1,1481,100,0.0,0.0,1,0,1
No Adaptive,4,697,train,strong,player_win,-10.0,5,50.0,1,Very Easy,0.05,0.05,1,1483,100,0.0,0.0,1,0,1
No Adaptive,4,698,train,strong,player_win,-10.0,5,50.0,1,Very Easy,0.05,0.05,1,1485,100,0.0,0.0,2,0,0
No Adaptive,4,699,train,strong,player_win,-10.0,7,50.0,1,Very Easy,0.05,0.05,1,1488,100,0.0,0.0,2,0,1
No Adaptive,4,700,train,strong,player_win,-10.0,5,50.0,1,Very Easy,0.05,0.05,1,1490,100,0.0,0.0,1,0,1
No Adaptive,4,701,train,strong,player_win,-10.0,5,50.0,1,Very Easy,0.05,0.05,1,1492,100,0.0,0.0,1,0,1
No Adaptive,4,702,train,strong,player_win,-10.0,5,50.0,1,Very Easy,0.05,0.05,1,1494,100,0.0,0.0,1,0,1
No Adaptive,4,703,train,strong,player_win,-10.0,5,50.0,1,Very Easy,0.05,0.05,1,1496,100,0.0,0.0,1,0,1
No Adaptive,4,704,train,strong,player_win,-10.0,5,50.0,1,Very Easy,0.05,0.05,1,1498,100,0.0,0.0,1,0,1
No Adaptive,4,705,train,strong,player_win,-10.0,5,50.0,1,Very Easy,0.05,0.05,1,1500,100,0.0,0.0,1,0,1
No Adaptive,4,706,train,strong,player_win,-10.0,5,50.0,1,Very Easy,0.05,0.05,1,1502,100,0.0,0.0,1,0,1
No Adaptive,4,707,train,strong,player_win,-10.0,5,50.0,1,Very Easy,0.05,0.05,1,1504,100,0.0,0.0,1,0,1
No Adaptive,4,708,train,strong,player_win,-10.0,5,50.0,1,Very Easy,0.05,0.05,1,1506,100,0.0,0.0,1,0,1
No Adaptive,4,709,train,strong,player_win,-10.0,5,50.0,1,Very Easy,0.05,0.05,1,1508,100,0.0,0.0,1,0,1
No Adaptive,4,710,train,strong,player_win,-10.0,5,50.0,1,Very Easy,0.05,0.05,1,1510,100,0.0,0.0,1,0,1
No Adaptive,4,711,train,strong,player_win,-10.0,5,50.0,1,Very Easy,0.05,0.05,1,1512,100,0.0,0.0,1,0,1
No Adaptive,4,712,train,strong,player_win,-10.0,7,50.0,1,Very Easy,0.05,0.05,1,1515,100,0.0,0.0,2,0,1
No Adaptive,4,713,train,strong,player_win,-10.0,5,50.0,1,Very Easy,0.05,0.05,1,1517,100,0.0,0.0,1,0,1
No Adaptive,4,714,train,strong,player_win,-10.0,5,50.0,1,Very Easy,0.05,0.05,1,1519,100,0.0,0.0,1,0,1
No Adaptive,4,715,train,strong,player_win,-10.0,5,50.0,1,Very Easy,0.05,0.05,1,1521,100,0.0,0.0,1,0,1
No Adaptive,4,716,train,strong,player_win,-10.0,5,50.0,1,Very Easy,0.05,0.05,1,1523,100,0.0,0.0,1,0,1
No Adaptive,4,717,train,strong,player_win,-10.0,5,50.0,1,Very Easy,0.05,0.05,1,1525,100,0.0,0.0,1,0,1
No Adaptive,4,718,train,strong,player_win,-10.0,5,50.0,1,Very Easy,0.05,0.05,1,1527,100,0.0,0.0,1,0,1
No Adaptive,4,719,train,strong,player_win,-10.0,5,50.0,1,Very Easy,0.05,0.05,1,1529,100,0.0,0.0,1,0,1
No Adaptive,4,720,train,strong,player_win,-10.0,5,50.0,1,Very Easy,0.05,0.05,1,1531,100,0.0,0.0,2,0,0
No Adaptive,4,721,train,strong,player_win,-10.0,5,50.0,1,Very Easy,0.05,0.05,1,1533,100,0.0,0.0,1,0,1
No Adaptive,4,722,train,strong,player_win,-10.0,5,50.0,1,Very Easy,0.05,0.05,1,1535,100,0.0,0.0,1,0,1
No Adaptive,4,723,train,strong,player_win,-10.0,7,50.0,1,Very Easy,0.05,0.05,1,1538,100,0.0,0.0,2,0,1
No Adaptive,4,724,train,strong,player_win,-10.0,5,50.0,1,Very Easy,0.05,0.05,1,1540,100,0.0,0.0,1,0,1
No Adaptive,4,725,train,strong,player_win,-10.0,5,50.0,1,Very Easy,0.05,0.05,1,1542,100,0.0,0.0,1,0,1
No Adaptive,4,726,train,strong,player_win,-10.0,5,50.0,1,Very Easy,0.05,0.05,1,1544,100,0.0,0.0,1,0,1
No Adaptive,4,727,train,strong,player_win,-10.0,5,50.0,1,Very Easy,0.05,0.05,1,1546,100,0.0,0.0,1,1,0
No Adaptive,4,728,train,strong,player_win,-10.0,7,50.0,1,Very Easy,0.05,0.05,1,1549,100,0.0,0.0,2,0,1
No Adaptive,4,729,train,strong,player_win,-10.0,5,50.0,1,Very Easy,0.05,0.05,1,1551,100,0.0,0.0,1,0,1
No Adaptive,4,730,train,strong,player_win,-10.0,7,50.0,1,Very Easy,0.05,0.05,1,1554,100,0.0,0.0,2,0,1
No Adaptive,4,731,train,strong,player_win,-10.0,7,50.0,1,Very Easy,0.05,0.05,1,1557,100,0.0,0.0,2,0,1
No Adaptive,4,732,train,strong,player_win,-10.0,5,50.0,1,Very Easy,0.05,0.05,1,1559,100,0.0,0.0,1,0,1
No Adaptive,4,733,train,strong,player_win,-10.0,5,50.0,1,Very Easy,0.05,0.05,1,1561,100,0.0,0.0,1,0,1
No Adaptive,4,734,train,strong,player_win,-10.0,5,50.0,1,Very Easy,0.05,0.05,1,1563,100,0.0,0.0,1,0,1
No Adaptive,4,735,train,strong,player_win,-10.0,5,50.0,1,Very Easy,0.05,0.05,1,1565,100,0.0,0.0,1,0,1
No Adaptive,4,736,train,strong,player_win,-10.0,5,50.0,1,Very Easy,0.05,0.05,1,1567,100,0.0,0.0,1,0,1
No Adaptive,4,737,train,strong,player_win,-10.0,7,50.0,1,Very Easy,0.05,0.05,1,1570,100,0.0,0.0,2,0,1
No Adaptive,4,738,train,strong,player_win,-10.0,5,50.0,1,Very Easy,0.05,0.05,1,1572,100,0.0,0.0,1,0,1
No Adaptive,4,739,train,strong,player_win,-10.0,5,50.0,1,Very Easy,0.05,0.05,1,1574,100,0.0,0.0,1,0,1
No Adaptive,4,740,train,strong,player_win,-10.0,5,50.0,1,Very Easy,0.05,0.05,1,1576,100,0.0,0.0,1,0,1
No Adaptive,4,741,train,strong,player_win,-10.0,5,50.0,1,Very Easy,0.05,0.05,1,1578,100,0.0,0.0,1,0,1
No Adaptive,4,742,train,strong,player_win,-10.0,5,50.0,1,Very Easy,0.05,0.05,1,1580,100,0.0,0.0,1,0,1
No Adaptive,4,743,train,strong,player_win,-10.0,5,50.0,1,Very Easy,0.05,0.05,1,1582,100,0.0,0.0,1,0,1
No Adaptive,4,744,train,strong,player_win,-10.0,7,50.0,1,Very Easy,0.05,0.05,1,1585,100,0.0,0.0,2,0,1
No Adaptive,4,745,train,strong,player_win,-10.0,5,50.0,1,Very Easy,0.05,0.05,1,1587,100,0.0,0.0,1,0,1
No Adaptive,4,746,train,strong,player_win,-10.0,5,50.0,1,Very Easy,0.05,0.05,1,1589,100,0.0,0.0,1,0,1
No Adaptive,4,747,train,strong,player_win,-10.0,5,50.0,1,Very Easy,0.05,0.05,1,1591,100,0.0,0.0,1,0,1
No Adaptive,4,748,train,strong,player_win,-10.0,5,50.0,1,Very Easy,0.05,0.05,1,1593,100,0.0,0.0,1,0,1
No Adaptive,4,749,train,strong,player_win,-10.0,5,50.0,1,Very Easy,0.05,0.05,1,1595,100,0.0,0.0,1,0,1
No Adaptive,4,750,train,strong,player_win,-10.0,7,50.0,1,Very Easy,0.05,0.05,1,1598,100,0.0,0.0,2,0,1
No Adaptive,4,751,train,strong,player_win,-10.0,5,50.0,1,Very Easy,0.05,0.05,1,1600,100,0.0,0.0,1,0,1
No Adaptive,4,752,train,strong,player_win,-10.0,5,50.0,1,Very Easy,0.05,0.05,1,1602,100,0.0,0.0,1,0,1
No Adaptive,4,753,train,strong,player_win,-10.0,5,50.0,1,Very Easy,0.05,0.05,1,1604,100,0.0,0.0,1,0,1
No Adaptive,4,754,train,strong,player_win,-10.0,5,50.0,1,Very Easy,0.05,0.05,1,1606,100,0.0,0.0,1,0,1
No Adaptive,4,755,train,strong,player_win,-10.0,7,50.0,1,Very Easy,0.05,0.05,1,1609,100,0.0,0.0,2,0,1
No Adaptive,4,756,train,strong,player_win,-10.0,5,50.0,1,Very Easy,0.05,0.05,1,1611,100,0.0,0.0,1,0,1
No Adaptive,4,757,train,strong,player_win,-10.0,5,50.0,1,Very Easy,0.05,0.05,1,1613,100,0.0,0.0,1,0,1
No Adaptive,4,758,train,strong,player_win,-10.0,7,50.0,1,Very Easy,0.05,0.05,1,1616,100,0.0,0.0,2,0,1
No Adaptive,4,759,train,strong,player_win,-10.0,5,50.0,1,Very Easy,0.05,0.05,1,1618,100,0.0,0.0,1,0,1
No Adaptive,4,760,train,strong,player_win,-10.0,5,50.0,1,Very Easy,0.05,0.05,1,1620,100,0.0,0.0,1,0,1
No Adaptive,4,761,train,strong,player_win,-10.0,5,50.0,1,Very Easy,0.05,0.05,1,1622,100,0.0,0.0,2,0,0
No Adaptive,4,762,train,strong,player_win,-10.0,5,50.0,1,Very Easy,0.05,0.05,1,1624,100,0.0,0.0,1,0,1
No Adaptive,4,763,train,strong,player_win,-10.0,5,50.0,1,Very Easy,0.05,0.05,1,1626,100,0.0,0.0,1,0,1
No Adaptive,4,764,train,strong,player_win,-10.0,7,50.0,1,Very Easy,0.05,0.05,1,1629,100,0.0,0.0,2,0,1
No Adaptive,4,765,train,strong,player_win,-10.0,5,50.0,1,Very Easy,0.05,0.05,1,1631,100,0.0,0.0,1,0,1
No Adaptive,4,766,train,strong,player_win,-10.0,5,50.0,1,Very Easy,0.05,0.05,1,1633,100,0.0,0.0,1,0,1
No Adaptive,4,767,train,strong,player_win,-10.0,5,50.0,1,Very Easy,0.05,0.05,1,1635,100,0.0,0.0,1,0,1
No Adaptive,4,768,train,strong,player_win,-10.0,5,50.0,1,Very Easy,0.05,0.05,1,1637,100,0.0,0.0,1,0,1
No Adaptive,4,769,train,strong,player_win,-10.0,5,50.0,1,Very Easy,0.05,0.05,1,1639,100,0.0,0.0,1,0,1
No Adaptive,4,770,train,strong,player_win,-10.0,5,50.0,1,Very Easy,0.05,0.05,1,1641,100,0.0,0.0,1,0,1
No Adaptive,4,771,train,strong,player_win,-10.0,7,50.0,1,Very Easy,0.05,0.05,1,1644,100,0.0,0.0,2,0,1
No Adaptive,4,772,train,strong,player_win,-10.0,5,50.0,1,Very Easy,0.05,0.05,1,1646,100,0.0,0.0,1,0,1
No Adaptive,4,773,train,strong,player_win,-10.0,7,50.0,1,Very Easy,0.05,0.05,1,1649,100,0.0,0.0,2,0,1
No Adaptive,4,774,train,strong,player_win,-10.0,5,50.0,1,Very Easy,0.05,0.05,1,1651,100,0.0,0.0,1,0,1
No Adaptive,4,775,train,strong,player_win,-10.0,5,50.0,1,Very Easy,0.05,0.05,1,1653,100,0.0,0.0,2,0,0
No Adaptive,4,776,train,strong,player_win,-10.0,5,50.0,1,Very Easy,0.05,0.05,1,1655,100,0.0,0.0,1,0,1
No Adaptive,4,777,train,strong,player_win,-10.0,5,50.0,1,Very Easy,0.05,0.05,1,1657,100,0.0,0.0,2,0,0
No Adaptive,4,778,train,strong,player_win,-10.0,5,50.0,1,Very Easy,0.05,0.05,1,1659,100,0.0,0.0,1,0,1
No Adaptive,4,779,train,strong,player_win,-10.0,5,50.0,1,Very Easy,0.05,0.05,1,1661,100,0.0,0.0,1,0,1
No Adaptive,4,780,train,strong,player_win,-10.0,5,50.0,1,Very Easy,0.05,0.05,1,1663,100,0.0,0.0,1,0,1
No Adaptive,4,781,train,strong,player_win,-10.0,7,50.0,1,Very Easy,0.05,0.05,1,1666,100,0.0,0.0,2,0,1
No Adaptive,4,782,train,strong,player_win,-10.0,5,50.0,1,Very Easy,0.05,0.05,1,1668,100,0.0,0.0,1,0,1
No Adaptive,4,783,train,strong,player_win,-10.0,5,50.0,1,Very Easy,0.05,0.05,1,1670,100,0.0,0.0,1,0,1
No Adaptive,4,784,train,strong,player_win,-10.0,5,50.0,1,Very Easy,0.05,0.05,1,1672,100,0.0,0.0,1,0,1
No Adaptive,4,785,train,strong,player_win,-10.0,7,50.0,1,Very Easy,0.05,0.05,1,1675,100,0.0,0.0,2,0,1
No Adaptive,4,786,train,strong,player_win,-10.0,5,50.0,1,Very Easy,0.05,0.05,1,1677,100,0.0,0.0,1,0,1
No Adaptive,4,787,train,strong,player_win,-10.0,5,50.0,1,Very Easy,0.05,0.05,1,1679,100,0.0,0.0,1,0,1
No Adaptive,4,788,train,strong,player_win,-10.0,5,50.0,1,Very Easy,0.05,0.05,1,1681,100,0.0,0.0,1,0,1
No Adaptive,4,789,train,strong,player_win,-10.0,7,50.0,1,Very Easy,0.05,0.05,1,1684,100,0.0,0.0,2,0,1
No Adaptive,4,790,train,strong,player_win,-10.0,5,50.0,1,Very Easy,0.05,0.05,1,1686,100,0.0,0.0,1,0,1
No Adaptive,4,791,train,strong,player_win,-10.0,5,50.0,1,Very Easy,0.05,0.05,1,1688,100,0.0,0.0,1,0,1
No Adaptive,4,792,train,strong,player_win,-10.0,7,50.0,1,Very Easy,0.05,0.05,1,1691,100,0.0,0.0,2,0,1
No Adaptive,4,793,train,strong,player_win,-10.0,5,50.0,1,Very Easy,0.05,0.05,1,1693,100,0.0,0.0,1,0,1
No Adaptive,4,794,train,strong,player_win,-10.0,5,50.0,1,Very Easy,0.05,0.05,1,1695,100,0.0,0.0,1,0,1
No Adaptive,4,795,train,strong,player_win,-10.0,7,50.0,1,Very Easy,0.05,0.05,1,1698,100,0.0,0.0,2,1,0
No Adaptive,4,796,train,strong,player_win,-10.0,5,50.0,1,Very Easy,0.05,0.05,1,1700,100,0.0,0.0,1,0,1
No Adaptive,4,797,train,strong,player_win,-10.0,5,50.0,1,Very Easy,0.05,0.05,1,1702,100,0.0,0.0,1,0,1
No Adaptive,4,798,train,strong,player_win,-10.0,5,50.0,1,Very Easy,0.05,0.05,1,1704,100,0.0,0.0,1,0,1
No Adaptive,4,799,train,strong,player_win,-10.0,5,50.0,1,Very Easy,0.05,0.05,1,1706,100,0.0,0.0,1,0,1
No Adaptive,4,800,train,strong,player_win,-10.0,5,50.0,1,Very Easy,0.05,0.05,1,1708,100,0.0,0.0,2,0,0
No Adaptive,4,801,eval,strong,player_win,-10.0,5,50.0,1,Very Easy,0.05,0.0,0,1708,100,0.0,0.0,1,0,1
No Adaptive,4,802,eval,strong,player_win,-10.0,5,50.0,1,Very Easy,0.05,0.0,0,1708,100,0.0,0.0,1,0,1
No Adaptive,4,803,eval,strong,player_win,-10.0,5,50.0,1,Very Easy,0.05,0.0,0,1708,100,0.0,0.0,1,0,1
No Adaptive,4,804,eval,strong,player_win,-10.0,5,50.0,1,Very Easy,0.05,0.0,0,1708,100,0.0,0.0,1,0,1
No Adaptive,4,805,eval,strong,player_win,-10.0,5,50.0,1,Very Easy,0.05,0.0,0,1708,100,0.0,0.0,1,0,1
No Adaptive,4,806,eval,strong,player_win,-10.0,5,50.0,1,Very Easy,0.05,0.0,0,1708,100,0.0,0.0,1,0,1
No Adaptive,4,807,eval,strong,player_win,-10.0,5,50.0,1,Very Easy,0.05,0.0,0,1708,100,0.0,0.0,1,0,1
No Adaptive,4,808,eval,strong,player_win,-10.0,5,50.0,1,Very Easy,0.05,0.0,0,1708,100,0.0,0.0,1,0,1
No Adaptive,4,809,eval,strong,player_win,-10.0,5,50.0,1,Very Easy,0.05,0.0,0,1708,100,0.0,0.0,1,0,1
No Adaptive,4,810,eval,strong,player_win,-10.0,5,50.0,1,Very Easy,0.05,0.0,0,1708,100,0.0,0.0,1,0,1
No Adaptive,4,811,eval,strong,player_win,-10.0,5,50.0,1,Very Easy,0.05,0.0,0,1708,100,0.0,0.0,1,0,1
No Adaptive,4,812,eval,strong,player_win,-10.0,5,50.0,1,Very Easy,0.05,0.0,0,1708,100,0.0,0.0,1,0,1
No Adaptive,4,813,eval,strong,player_win,-10.0,5,50.0,1,Very Easy,0.05,0.0,0,1708,100,0.0,0.0,1,0,1
No Adaptive,4,814,eval,strong,player_win,-10.0,5,50.0,1,Very Easy,0.05,0.0,0,1708,100,0.0,0.0,1,0,1
No Adaptive,4,815,eval,strong,player_win,-10.0,7,50.0,1,Very Easy,0.05,0.0,0,1708,100,0.0,0.0,2,0,1
No Adaptive,4,816,eval,strong,player_win,-10.0,5,50.0,1,Very Easy,0.05,0.0,0,1708,100,0.0,0.0,1,0,1
No Adaptive,4,817,eval,strong,player_win,-10.0,5,50.0,1,Very Easy,0.05,0.0,0,1708,100,0.0,0.0,1,0,1
No Adaptive,4,818,eval,strong,player_win,-10.0,5,50.0,1,Very Easy,0.05,0.0,0,1708,100,0.0,0.0,1,0,1
No Adaptive,4,819,eval,strong,player_win,-10.0,5,50.0,1,Very Easy,0.05,0.0,0,1708,100,0.0,0.0,1,0,1
No Adaptive,4,820,eval,strong,player_win,-10.0,5,50.0,1,Very Easy,0.05,0.0,0,1708,100,0.0,0.0,1,0,1
No Adaptive,4,821,eval,strong,player_win,-10.0,5,50.0,1,Very Easy,0.05,0.0,0,1708,100,0.0,0.0,1,0,1
No Adaptive,4,822,eval,strong,player_win,-10.0,5,50.0,1,Very Easy,0.05,0.0,0,1708,100,0.0,0.0,2,0,0
No Adaptive,4,823,eval,strong,player_win,-10.0,5,50.0,1,Very Easy,0.05,0.0,0,1708,100,0.0,0.0,1,0,1
No Adaptive,4,824,eval,strong,player_win,-10.0,5,50.0,1,Very Easy,0.05,0.0,0,1708,100,0.0,0.0,1,0,1
No Adaptive,4,825,eval,strong,player_win,-10.0,5,50.0,1,Very Easy,0.05,0.0,0,1708,100,0.0,0.0,1,0,1
No Adaptive,4,826,eval,strong,player_win,-10.0,5,50.0,1,Very Easy,0.05,0.0,0,1708,100,0.0,0.0,1,0,1
No Adaptive,4,827,eval,strong,player_win,-10.0,7,50.0,1,Very Easy,0.05,0.0,0,1708,100,0.0,0.0,2,0,1
No Adaptive,4,828,eval,strong,player_win,-10.0,5,50.0,1,Very Easy,0.05,0.0,0,1708,100,0.0,0.0,1,0,1
No Adaptive,4,829,eval,strong,player_win,-10.0,7,50.0,1,Very Easy,0.05,0.0,0,1708,100,0.0,0.0,2,0,1
No Adaptive,4,830,eval,strong,player_win,-10.0,5,50.0,1,Very Easy,0.05,0.0,0,1708,100,0.0,0.0,1,0,1
No Adaptive,4,831,eval,strong,player_win,-10.0,5,50.0,1,Very Easy,0.05,0.0,0,1708,100,0.0,0.0,1,0,1
No Adaptive,4,832,eval,strong,player_win,-10.0,5,50.0,1,Very Easy,0.05,0.0,0,1708,100,0.0,0.0,1,0,1
No Adaptive,4,833,eval,strong,player_win,-10.0,5,50.0,1,Very Easy,0.05,0.0,0,1708,100,0.0,0.0,1,0,1
No Adaptive,4,834,eval,strong,player_win,-10.0,5,50.0,1,Very Easy,0.05,0.0,0,1708,100,0.0,0.0,2,0,0
No Adaptive,4,835,eval,strong,player_win,-10.0,5,50.0,1,Very Easy,0.05,0.0,0,1708,100,0.0,0.0,1,0,1
No Adaptive,4,836,eval,strong,player_win,-10.0,5,50.0,1,Very Easy,0.05,0.0,0,1708,100,0.0,0.0,1,0,1
No Adaptive,4,837,eval,strong,player_win,-10.0,5,50.0,1,Very Easy,0.05,0.0,0,1708,100,0.0,0.0,1,0,1
No Adaptive,4,838,eval,strong,player_win,-10.0,5,50.0,1,Very Easy,0.05,0.0,0,1708,100,0.0,0.0,1,0,1
No Adaptive,4,839,eval,strong,player_win,-10.0,5,50.0,1,Very Easy,0.05,0.0,0,1708,100,0.0,0.0,1,0,1
No Adaptive,4,840,eval,strong,player_win,-10.0,5,50.0,1,Very Easy,0.05,0.0,0,1708,100,0.0,0.0,1,0,1
No Adaptive,4,841,eval,strong,player_win,-10.0,5,50.0,1,Very Easy,0.05,0.0,0,1708,100,0.0,0.0,2,0,0
No Adaptive,4,842,eval,strong,player_win,-10.0,5,50.0,1,Very Easy,0.05,0.0,0,1708,100,0.0,0.0,1,0,1
No Adaptive,4,843,eval,strong,player_win,-10.0,7,50.0,1,Very Easy,0.05,0.0,0,1708,100,0.0,0.0,2,0,1
No Adaptive,4,844,eval,strong,player_win,-10.0,5,50.0,1,Very Easy,0.05,0.0,0,1708,100,0.0,0.0,1,0,1
No Adaptive,4,845,eval,strong,player_win,-10.0,5,50.0,1,Very Easy,0.05,0.0,0,1708,100,0.0,0.0,1,0,1
No Adaptive,4,846,eval,strong,player_win,-10.0,5,50.0,1,Very Easy,0.05,0.0,0,1708,100,0.0,0.0,1,0,1
No Adaptive,4,847,eval,strong,player_win,-10.0,5,50.0,1,Very Easy,0.05,0.0,0,1708,100,0.0,0.0,1,0,1
No Adaptive,4,848,eval,strong,player_win,-10.0,5,50.0,1,Very Easy,0.05,0.0,0,1708,100,0.0,0.0,1,0,1
No Adaptive,4,849,eval,strong,player_win,-10.0,5,50.0,1,Very Easy,0.05,0.0,0,1708,100,0.0,0.0,1,0,1
No Adaptive,4,850,eval,strong,player_win,-10.0,5,50.0,1,Very Easy,0.05,0.0,0,1708,100,0.0,0.0,1,0,1
No Adaptive,4,851,eval,strong,player_win,-10.0,5,50.0,1,Very Easy,0.05,0.0,0,1708,100,0.0,0.0,1,0,1
No Adaptive,4,852,eval,strong,player_win,-10.0,5,50.0,1,Very Easy,0.05,0.0,0,1708,100,0.0,0.0,2,0,0
No Adaptive,4,853,eval,strong,player_win,-10.0,5,50.0,1,Very Easy,0.05,0.0,0,1708,100,0.0,0.0,1,0,1
No Adaptive,4,854,eval,strong,player_win,-10.0,5,50.0,1,Very Easy,0.05,0.0,0,1708,100,0.0,0.0,1,0,1
No Adaptive,4,855,eval,strong,player_win,-10.0,5,50.0,1,Very Easy,0.05,0.0,0,1708,100,0.0,0.0,1,0,1
No Adaptive,4,856,eval,strong,player_win,-10.0,5,50.0,1,Very Easy,0.05,0.0,0,1708,100,0.0,0.0,1,0,1
No Adaptive,4,857,eval,strong,player_win,-10.0,5,50.0,1,Very Easy,0.05,0.0,0,1708,100,0.0,0.0,1,0,1
No Adaptive,4,858,eval,strong,player_win,-10.0,5,50.0,1,Very Easy,0.05,0.0,0,1708,100,0.0,0.0,1,0,1
No Adaptive,4,859,eval,strong,player_win,-10.0,7,50.0,1,Very Easy,0.05,0.0,0,1708,100,0.0,0.0,2,0,1
No Adaptive,4,860,eval,strong,player_win,-10.0,5,50.0,1,Very Easy,0.05,0.0,0,1708,100,0.0,0.0,1,0,1
No Adaptive,4,861,eval,strong,player_win,-10.0,5,50.0,1,Very Easy,0.05,0.0,0,1708,100,0.0,0.0,1,0,1
No Adaptive,4,862,eval,strong,player_win,-10.0,5,50.0,1,Very Easy,0.05,0.0,0,1708,100,0.0,0.0,1,0,1
No Adaptive,4,863,eval,strong,player_win,-10.0,5,50.0,1,Very Easy,0.05,0.0,0,1708,100,0.0,0.0,1,0,1
No Adaptive,4,864,eval,strong,player_win,-10.0,5,50.0,1,Very Easy,0.05,0.0,0,1708,100,0.0,0.0,1,0,1
No Adaptive,4,865,eval,strong,player_win,-10.0,7,50.0,1,Very Easy,0.05,0.0,0,1708,100,0.0,0.0,2,0,1
No Adaptive,4,866,eval,strong,player_win,-10.0,7,50.0,1,Very Easy,0.05,0.0,0,1708,100,0.0,0.0,2,0,1
No Adaptive,4,867,eval,strong,player_win,-10.0,5,50.0,1,Very Easy,0.05,0.0,0,1708,100,0.0,0.0,1,0,1
No Adaptive,4,868,eval,strong,player_win,-10.0,5,50.0,1,Very Easy,0.05,0.0,0,1708,100,0.0,0.0,1,0,1
No Adaptive,4,869,eval,strong,player_win,-10.0,5,50.0,1,Very Easy,0.05,0.0,0,1708,100,0.0,0.0,2,0,0
No Adaptive,4,870,eval,strong,player_win,-10.0,5,50.0,1,Very Easy,0.05,0.0,0,1708,100,0.0,0.0,1,0,1
No Adaptive,4,871,eval,strong,player_win,-10.0,5,50.0,1,Very Easy,0.05,0.0,0,1708,100,0.0,0.0,1,0,1
No Adaptive,4,872,eval,strong,player_win,-10.0,5,50.0,1,Very Easy,0.05,0.0,0,1708,100,0.0,0.0,1,0,1
No Adaptive,4,873,eval,strong,player_win,-10.0,5,50.0,1,Very Easy,0.05,0.0,0,1708,100,0.0,0.0,1,0,1
No Adaptive,4,874,eval,strong,player_win,-10.0,5,50.0,1,Very Easy,0.05,0.0,0,1708,100,0.0,0.0,1,0,1
No Adaptive,4,875,eval,strong,player_win,-10.0,5,50.0,1,Very Easy,0.05,0.0,0,1708,100,0.0,0.0,2,0,0
No Adaptive,4,876,eval,strong,player_win,-10.0,5,50.0,1,Very Easy,0.05,0.0,0,1708,100,0.0,0.0,1,0,1
No Adaptive,4,877,eval,strong,player_win,-10.0,5,50.0,1,Very Easy,0.05,0.0,0,1708,100,0.0,0.0,1,0,1
No Adaptive,4,878,eval,strong,player_win,-10.0,5,50.0,1,Very Easy,0.05,0.0,0,1708,100,0.0,0.0,1,0,1
No Adaptive,4,879,eval,strong,player_win,-10.0,5,50.0,1,Very Easy,0.05,0.0,0,1708,100,0.0,0.0,1,0,1
No Adaptive,4,880,eval,strong,player_win,-10.0,5,50.0,1,Very Easy,0.05,0.0,0,1708,100,0.0,0.0,1,0,1
No Adaptive,4,881,eval,strong,player_win,-10.0,5,50.0,1,Very Easy,0.05,0.0,0,1708,100,0.0,0.0,1,0,1
No Adaptive,4,882,eval,strong,player_win,-10.0,5,50.0,1,Very Easy,0.05,0.0,0,1708,100,0.0,0.0,1,0,1
No Adaptive,4,883,eval,strong,player_win,-10.0,5,50.0,1,Very Easy,0.05,0.0,0,1708,100,0.0,0.0,1,0,1
No Adaptive,4,884,eval,strong,player_win,-10.0,5,50.0,1,Very Easy,0.05,0.0,0,1708,100,0.0,0.0,1,0,1
No Adaptive,4,885,eval,strong,player_win,-10.0,7,50.0,1,Very Easy,0.05,0.0,0,1708,100,0.0,0.0,2,0,1
No Adaptive,4,886,eval,strong,player_win,-10.0,7,50.0,1,Very Easy,0.05,0.0,0,1708,100,0.0,0.0,2,0,1
No Adaptive,4,887,eval,strong,player_win,-10.0,5,50.0,1,Very Easy,0.05,0.0,0,1708,100,0.0,0.0,1,0,1
No Adaptive,4,888,eval,strong,player_win,-10.0,5,50.0,1,Very Easy,0.05,0.0,0,1708,100,0.0,0.0,1,0,1
No Adaptive,4,889,eval,strong,player_win,-10.0,5,50.0,1,Very Easy,0.05,0.0,0,1708,100,0.0,0.0,1,0,1
No Adaptive,4,890,eval,strong,player_win,-10.0,5,50.0,1,Very Easy,0.05,0.0,0,1708,100,0.0,0.0,1,0,1
No Adaptive,4,891,eval,strong,player_win,-10.0,5,50.0,1,Very Easy,0.05,0.0,0,1708,100,0.0,0.0,1,0,1
No Adaptive,4,892,eval,strong,player_win,-10.0,5,50.0,1,Very Easy,0.05,0.0,0,1708,100,0.0,0.0,1,0,1
No Adaptive,4,893,eval,strong,player_win,-10.0,5,50.0,1,Very Easy,0.05,0.0,0,1708,100,0.0,0.0,1,0,1
No Adaptive,4,894,eval,strong,player_win,-10.0,5,50.0,1,Very Easy,0.05,0.0,0,1708,100,0.0,0.0,1,0,1
No Adaptive,4,895,eval,strong,player_win,-10.0,5,50.0,1,Very Easy,0.05,0.0,0,1708,100,0.0,0.0,1,0,1
No Adaptive,4,896,eval,strong,player_win,-10.0,5,50.0,1,Very Easy,0.05,0.0,0,1708,100,0.0,0.0,1,0,1
No Adaptive,4,897,eval,strong,player_win,-10.0,7,50.0,1,Very Easy,0.05,0.0,0,1708,100,0.0,0.0,2,0,1
No Adaptive,4,898,eval,strong,player_win,-10.0,5,50.0,1,Very Easy,0.05,0.0,0,1708,100,0.0,0.0,1,0,1
No Adaptive,4,899,eval,strong,player_win,-10.0,7,50.0,1,Very Easy,0.05,0.0,0,1708,100,0.0,0.0,2,0,1
No Adaptive,4,900,eval,strong,player_win,-10.0,5,50.0,1,Very Easy,0.05,0.0,0,1708,100,0.0,0.0,1,0,1
No Adaptive,4,901,eval,strong,player_win,-10.0,5,50.0,1,Very Easy,0.05,0.0,0,1708,100,0.0,0.0,1,0,1
No Adaptive,4,902,eval,strong,player_win,-10.0,5,50.0,1,Very Easy,0.05,0.0,0,1708,100,0.0,0.0,1,0,1
No Adaptive,4,903,eval,strong,player_win,-10.0,5,50.0,1,Very Easy,0.05,0.0,0,1708,100,0.0,0.0,1,0,1
No Adaptive,4,904,eval,strong,player_win,-10.0,5,50.0,1,Very Easy,0.05,0.0,0,1708,100,0.0,0.0,1,0,1
No Adaptive,4,905,eval,strong,player_win,-10.0,7,50.0,1,Very Easy,0.05,0.0,0,1708,100,0.0,0.0,2,0,1
No Adaptive,4,906,eval,strong,player_win,-10.0,5,50.0,1,Very Easy,0.05,0.0,0,1708,100,0.0,0.0,1,0,1
No Adaptive,4,907,eval,strong,player_win,-10.0,5,50.0,1,Very Easy,0.05,0.0,0,1708,100,0.0,0.0,1,0,1
No Adaptive,4,908,eval,strong,player_win,-10.0,5,50.0,1,Very Easy,0.05,0.0,0,1708,100,0.0,0.0,1,0,1
No Adaptive,4,909,eval,strong,player_win,-10.0,5,50.0,1,Very Easy,0.05,0.0,0,1708,100,0.0,0.0,1,0,1
No Adaptive,4,910,eval,strong,player_win,-10.0,5,50.0,1,Very Easy,0.05,0.0,0,1708,100,0.0,0.0,1,0,1
No Adaptive,4,911,eval,strong,player_win,-10.0,5,50.0,1,Very Easy,0.05,0.0,0,1708,100,0.0,0.0,2,0,0
No Adaptive,4,912,eval,strong,player_win,-10.0,7,50.0,1,Very Easy,0.05,0.0,0,1708,100,0.0,0.0,2,0,1
No Adaptive,4,913,eval,strong,player_win,-10.0,5,50.0,1,Very Easy,0.05,0.0,0,1708,100,0.0,0.0,1,0,1
No Adaptive,4,914,eval,strong,player_win,-10.0,5,50.0,1,Very Easy,0.05,0.0,0,1708,100,0.0,0.0,1,0,1
No Adaptive,4,915,eval,strong,player_win,-10.0,5,50.0,1,Very Easy,0.05,0.0,0,1708,100,0.0,0.0,2,0,0
No Adaptive,4,916,eval,strong,player_win,-10.0,5,50.0,1,Very Easy,0.05,0.0,0,1708,100,0.0,0.0,1,0,1
No Adaptive,4,917,eval,strong,player_win,-10.0,7,50.0,1,Very Easy,0.05,0.0,0,1708,100,0.0,0.0,2,0,1
No Adaptive,4,918,eval,strong,player_win,-10.0,5,50.0,1,Very Easy,0.05,0.0,0,1708,100,0.0,0.0,1,0,1
No Adaptive,4,919,eval,strong,player_win,-10.0,5,50.0,1,Very Easy,0.05,0.0,0,1708,100,0.0,0.0,1,0,1
No Adaptive,4,920,eval,strong,player_win,-10.0,5,50.0,1,Very Easy,0.05,0.0,0,1708,100,0.0,0.0,1,0,1
No Adaptive,4,921,eval,strong,player_win,-10.0,5,50.0,1,Very Easy,0.05,0.0,0,1708,100,0.0,0.0,1,0,1
No Adaptive,4,922,eval,strong,player_win,-10.0,5,50.0,1,Very Easy,0.05,0.0,0,1708,100,0.0,0.0,1,0,1
No Adaptive,4,923,eval,strong,player_win,-10.0,5,50.0,1,Very Easy,0.05,0.0,0,1708,100,0.0,0.0,1,0,1
No Adaptive,4,924,eval,strong,player_win,-10.0,5,50.0,1,Very Easy,0.05,0.0,0,1708,100,0.0,0.0,1,0,1
No Adaptive,4,925,eval,strong,player_win,-10.0,5,50.0,1,Very Easy,0.05,0.0,0,1708,100,0.0,0.0,1,0,1
No Adaptive,4,926,eval,strong,player_win,-10.0,5,50.0,1,Very Easy,0.05,0.0,0,1708,100,0.0,0.0,1,0,1
No Adaptive,4,927,eval,strong,player_win,-10.0,5,50.0,1,Very Easy,0.05,0.0,0,1708,100,0.0,0.0,1,0,1
No Adaptive,4,928,eval,strong,player_win,-10.0,5,50.0,1,Very Easy,0.05,0.0,0,1708,100,0.0,0.0,1,0,1
No Adaptive,4,929,eval,strong,player_win,-10.0,5,50.0,1,Very Easy,0.05,0.0,0,1708,100,0.0,0.0,1,0,1
No Adaptive,4,930,eval,strong,player_win,-10.0,5,50.0,1,Very Easy,0.05,0.0,0,1708,100,0.0,0.0,1,0,1
No Adaptive,4,931,eval,strong,player_win,-10.0,5,50.0,1,Very Easy,0.05,0.0,0,1708,100,0.0,0.0,1,0,1
No Adaptive,4,932,eval,strong,player_win,-10.0,5,50.0,1,Very Easy,0.05,0.0,0,1708,100,0.0,0.0,1,0,1
No Adaptive,4,933,eval,strong,player_win,-10.0,7,50.0,1,Very Easy,0.05,0.0,0,1708,100,0.0,0.0,2,0,1
No Adaptive,4,934,eval,strong,player_win,-10.0,5,50.0,1,Very Easy,0.05,0.0,0,1708,100,0.0,0.0,2,0,0
No Adaptive,4,935,eval,strong,player_win,-10.0,5,50.0,1,Very Easy,0.05,0.0,0,1708,100,0.0,0.0,1,0,1
No Adaptive,4,936,eval,strong,player_win,-10.0,5,50.0,1,Very Easy,0.05,0.0,0,1708,100,0.0,0.0,1,0,1
No Adaptive,4,937,eval,strong,player_win,-10.0,5,50.0,1,Very Easy,0.05,0.0,0,1708,100,0.0,0.0,1,0,1
No Adaptive,4,938,eval,strong,player_win,-10.0,5,50.0,1,Very Easy,0.05,0.0,0,1708,100,0.0,0.0,1,0,1
No Adaptive,4,939,eval,strong,player_win,-10.0,5,50.0,1,Very Easy,0.05,0.0,0,1708,100,0.0,0.0,1,0,1
No Adaptive,4,940,eval,strong,player_win,-10.0,5,50.0,1,Very Easy,0.05,0.0,0,1708,100,0.0,0.0,1,0,1
No Adaptive,4,941,eval,strong,player_win,-10.0,5,50.0,1,Very Easy,0.05,0.0,0,1708,100,0.0,0.0,1,0,1
No Adaptive,4,942,eval,strong,player_win,-10.0,5,50.0,1,Very Easy,0.05,0.0,0,1708,100,0.0,0.0,1,0,1
No Adaptive,4,943,eval,strong,player_win,-10.0,7,50.0,1,Very Easy,0.05,0.0,0,1708,100,0.0,0.0,2,0,1
No Adaptive,4,944,eval,strong,player_win,-10.0,5,50.0,1,Very Easy,0.05,0.0,0,1708,100,0.0,0.0,1,0,1
No Adaptive,4,945,eval,strong,player_win,-10.0,5,50.0,1,Very Easy,0.05,0.0,0,1708,100,0.0,0.0,1,0,1
No Adaptive,4,946,eval,strong,player_win,-10.0,5,50.0,1,Very Easy,0.05,0.0,0,1708,100,0.0,0.0,1,0,1
No Adaptive,4,947,eval,strong,player_win,-10.0,5,50.0,1,Very Easy,0.05,0.0,0,1708,100,0.0,0.0,1,0,1
No Adaptive,4,948,eval,strong,player_win,-10.0,5,50.0,1,Very Easy,0.05,0.0,0,1708,100,0.0,0.0,1,0,1
No Adaptive,4,949,eval,strong,player_win,-10.0,5,50.0,1,Very Easy,0.05,0.0,0,1708,100,0.0,0.0,1,0,1
No Adaptive,4,950,eval,strong,player_win,-10.0,5,50.0,1,Very Easy,0.05,0.0,0,1708,100,0.0,0.0,1,0,1
No Adaptive,4,951,eval,strong,player_win,-10.0,5,50.0,1,Very Easy,0.05,0.0,0,1708,100,0.0,0.0,1,0,1
No Adaptive,4,952,eval,strong,player_win,-10.0,5,50.0,1,Very Easy,0.05,0.0,0,1708,100,0.0,0.0,1,0,1
No Adaptive,4,953,eval,strong,player_win,-10.0,5,50.0,1,Very Easy,0.05,0.0,0,1708,100,0.0,0.0,1,0,1
No Adaptive,4,954,eval,strong,player_win,-10.0,7,50.0,1,Very Easy,0.05,0.0,0,1708,100,0.0,0.0,2,0,1
No Adaptive,4,955,eval,strong,player_win,-10.0,5,50.0,1,Very Easy,0.05,0.0,0,1708,100,0.0,0.0,1,0,1
No Adaptive,4,956,eval,strong,player_win,-10.0,5,50.0,1,Very Easy,0.05,0.0,0,1708,100,0.0,0.0,2,0,0
No Adaptive,4,957,eval,strong,player_win,-10.0,5,50.0,1,Very Easy,0.05,0.0,0,1708,100,0.0,0.0,1,0,1
No Adaptive,4,958,eval,strong,player_win,-10.0,5,50.0,1,Very Easy,0.05,0.0,0,1708,100,0.0,0.0,1,0,1
No Adaptive,4,959,eval,strong,player_win,-10.0,5,50.0,1,Very Easy,0.05,0.0,0,1708,100,0.0,0.0,2,0,0
No Adaptive,4,960,eval,strong,player_win,-10.0,5,50.0,1,Very Easy,0.05,0.0,0,1708,100,0.0,0.0,1,0,1
No Adaptive,4,961,eval,strong,player_win,-10.0,5,50.0,1,Very Easy,0.05,0.0,0,1708,100,0.0,0.0,1,0,1
No Adaptive,4,962,eval,strong,player_win,-10.0,5,50.0,1,Very Easy,0.05,0.0,0,1708,100,0.0,0.0,1,0,1
No Adaptive,4,963,eval,strong,player_win,-10.0,5,50.0,1,Very Easy,0.05,0.0,0,1708,100,0.0,0.0,1,0,1
No Adaptive,4,964,eval,strong,player_win,-10.0,5,50.0,1,Very Easy,0.05,0.0,0,1708,100,0.0,0.0,1,0,1
No Adaptive,4,965,eval,strong,player_win,-10.0,5,50.0,1,Very Easy,0.05,0.0,0,1708,100,0.0,0.0,1,0,1
No Adaptive,4,966,eval,strong,player_win,-10.0,5,50.0,1,Very Easy,0.05,0.0,0,1708,100,0.0,0.0,1,0,1
No Adaptive,4,967,eval,strong,player_win,-10.0,5,50.0,1,Very Easy,0.05,0.0,0,1708,100,0.0,0.0,1,0,1
No Adaptive,4,968,eval,strong,player_win,-10.0,5,50.0,1,Very Easy,0.05,0.0,0,1708,100,0.0,0.0,1,0,1
No Adaptive,4,969,eval,strong,player_win,-10.0,5,50.0,1,Very Easy,0.05,0.0,0,1708,100,0.0,0.0,1,0,1
No Adaptive,4,970,eval,strong,player_win,-10.0,5,50.0,1,Very Easy,0.05,0.0,0,1708,100,0.0,0.0,1,0,1
No Adaptive,4,971,eval,strong,player_win,-10.0,5,50.0,1,Very Easy,0.05,0.0,0,1708,100,0.0,0.0,1,0,1
No Adaptive,4,972,eval,strong,player_win,-10.0,5,50.0,1,Very Easy,0.05,0.0,0,1708,100,0.0,0.0,1,0,1
No Adaptive,4,973,eval,strong,player_win,-10.0,5,50.0,1,Very Easy,0.05,0.0,0,1708,100,0.0,0.0,1,0,1
No Adaptive,4,974,eval,strong,player_win,-10.0,7,50.0,1,Very Easy,0.05,0.0,0,1708,100,0.0,0.0,2,0,1
No Adaptive,4,975,eval,strong,player_win,-10.0,5,50.0,1,Very Easy,0.05,0.0,0,1708,100,0.0,0.0,1,0,1
No Adaptive,4,976,eval,strong,player_win,-10.0,5,50.0,1,Very Easy,0.05,0.0,0,1708,100,0.0,0.0,1,0,1
No Adaptive,4,977,eval,strong,player_win,-10.0,5,50.0,1,Very Easy,0.05,0.0,0,1708,100,0.0,0.0,2,0,0
No Adaptive,4,978,eval,strong,player_win,-10.0,5,50.0,1,Very Easy,0.05,0.0,0,1708,100,0.0,0.0,1,0,1
No Adaptive,4,979,eval,strong,player_win,-10.0,5,50.0,1,Very Easy,0.05,0.0,0,1708,100,0.0,0.0,1,0,1
No Adaptive,4,980,eval,strong,player_win,-10.0,5,50.0,1,Very Easy,0.05,0.0,0,1708,100,0.0,0.0,1,0,1
No Adaptive,4,981,eval,strong,player_win,-10.0,7,50.0,1,Very Easy,0.05,0.0,0,1708,100,0.0,0.0,2,0,1
No Adaptive,4,982,eval,strong,player_win,-10.0,5,50.0,1,Very Easy,0.05,0.0,0,1708,100,0.0,0.0,1,0,1
No Adaptive,4,983,eval,strong,player_win,-10.0,5,50.0,1,Very Easy,0.05,0.0,0,1708,100,0.0,0.0,1,0,1
No Adaptive,4,984,eval,strong,player_win,-10.0,7,50.0,1,Very Easy,0.05,0.0,0,1708,100,0.0,0.0,2,0,1
No Adaptive,4,985,eval,strong,player_win,-10.0,5,50.0,1,Very Easy,0.05,0.0,0,1708,100,0.0,0.0,1,0,1
No Adaptive,4,986,eval,strong,player_win,-10.0,7,50.0,1,Very Easy,0.05,0.0,0,1708,100,0.0,0.0,2,0,1
No Adaptive,4,987,eval,strong,player_win,-10.0,5,50.0,1,Very Easy,0.05,0.0,0,1708,100,0.0,0.0,1,0,1
No Adaptive,4,988,eval,strong,player_win,-10.0,5,50.0,1,Very Easy,0.05,0.0,0,1708,100,0.0,0.0,1,0,1
No Adaptive,4,989,eval,strong,player_win,-10.0,5,50.0,1,Very Easy,0.05,0.0,0,1708,100,0.0,0.0,1,0,1
No Adaptive,4,990,eval,strong,player_win,-10.0,5,50.0,1,Very Easy,0.05,0.0,0,1708,100,0.0,0.0,1,0,1
No Adaptive,4,991,eval,strong,player_win,-10.0,5,50.0,1,Very Easy,0.05,0.0,0,1708,100,0.0,0.0,2,0,0
No Adaptive,4,992,eval,strong,player_win,-10.0,5,50.0,1,Very Easy,0.05,0.0,0,1708,100,0.0,0.0,1,0,1
No Adaptive,4,993,eval,strong,player_win,-10.0,5,50.0,1,Very Easy,0.05,0.0,0,1708,100,0.0,0.0,1,0,1
No Adaptive,4,994,eval,strong,player_win,-10.0,5,50.0,1,Very Easy,0.05,0.0,0,1708,100,0.0,0.0,1,0,1
No Adaptive,4,995,eval,strong,player_win,-10.0,5,50.0,1,Very Easy,0.05,0.0,0,1708,100,0.0,0.0,1,0,1
No Adaptive,4,996,eval,strong,player_win,-10.0,5,50.0,1,Very Easy,0.05,0.0,0,1708,100,0.0,0.0,1,0,1
No Adaptive,4,997,eval,strong,player_win,-10.0,5,50.0,1,Very Easy,0.05,0.0,0,1708,100,0.0,0.0,1,0,1
No Adaptive,4,998,eval,strong,player_win,-10.0,5,50.0,1,Very Easy,0.05,0.0,0,1708,100,0.0,0.0,1,0,1
No Adaptive,4,999,eval,strong,player_win,-10.0,5,50.0,1,Very Easy,0.05,0.0,0,1708,100,0.0,0.0,1,0,1
No Adaptive,4,1000,eval,strong,player_win,-10.0,5,50.0,1,Very Easy,0.05,0.0,0,1708,100,0.0,0.0,1,0,1
No Adaptive,5,1,train,strong,player_win,-10.0,5,50.0,1,Very Easy,0.95,0.76,1,2,2,0.0,0.0,1,1,0
No Adaptive,5,2,train,strong,player_win,-10.0,7,50.0,1,Very Easy,0.9025,0.722,1,5,4,0.0,0.0,2,0,1
No Adaptive,5,3,train,strong,player_win,-10.0,5,50.0,1,Very Easy,0.8573749999999999,0.6859,1,7,6,0.0,0.0,1,1,0
No Adaptive,5,4,train,strong,player_win,-10.0,5,50.0,1,Very Easy,0.8145062499999999,0.651605,1,9,7,0.0,0.0,1,1,0
No Adaptive,5,5,train,strong,player_win,-10.0,5,50.0,1,Very Easy,0.7737809374999999,0.6190247499999999,1,11,9,0.0,0.0,1,1,0
No Adaptive,5,6,train,strong,player_win,-10.0,5,50.0,1,Very Easy,0.7350918906249998,0.5880735124999998,1,13,10,0.0,0.0,1,0,1
No Adaptive,5,7,train,strong,player_win,-10.0,5,50.0,1,Very Easy,0.6983372960937497,0.5586698368749998,1,15,11,0.0,0.0,1,1,0
No Adaptive,5,8,train,strong,player_win,-10.0,7,50.0,1,Very Easy,0.6634204312890623,0.5307363450312498,1,18,14,0.0,0.0,2,1,0
No Adaptive,5,9,train,strong,player_win,-10.0,5,50.0,1,Very Easy,0.6302494097246091,0.5041995277796872,1,20,15,0.0,0.0,1,1,0
No Adaptive,5,10,train,strong,player_win,-10.0,5,50.0,1,Very Easy,0.5987369392383786,0.4789895513907029,1,22,16,0.0,0.0,1,0,1
No Adaptive,5,11,train,strong,player_win,-10.0,5,50.0,1,Very Easy,0.5688000922764596,0.4550400738211677,1,24,17,0.0,0.0,1,1,0
No Adaptive,5,12,train,strong,player_win,-10.0,5,50.0,1,Very Easy,0.5403600876626365,0.4322880701301093,1,26,18,0.0,0.0,1,1,0
No Adaptive,5,13,train,strong,player_win,-10.0,5,50.0,1,Very Easy,0.5133420832795047,0.4106736666236038,1,28,19,0.0,0.0,1,0,1
No Adaptive,5,14,train,strong,player_win,-10.0,5,50.0,1,Very Easy,0.48767497911552943,0.39013998329242355,1,30,20,0.0,0.0,1,1,0
No Adaptive,5,15,train,strong,player_win,-10.0,5,50.0,1,Very Easy,0.46329123015975293,0.3706329841278024,1,32,21,0.0,0.0,1,0,1
No Adaptive,5,16,train,strong,player_win,-10.0,5,50.0,1,Very Easy,0.44012666865176525,0.3521013349214122,1,34,22,0.0,0.0,1,0,1
No Adaptive,5,17,train,strong,player_win,-10.0,5,50.0,1,Very Easy,0.41812033521917696,0.3344962681753416,1,36,23,0.0,0.0,1,1,0
No Adaptive,5,18,train,strong,player_win,-10.0,5,50.0,1,Very Easy,0.3972143184582181,0.3177714547665745,1,38,23,0.0,0.0,1,0,1
No Adaptive,5,19,train,strong,player_win,-10.0,5,50.0,1,Very Easy,0.37735360253530714,0.30188288202824576,1,40,24,0.0,0.0,2,0,0
No Adaptive,5,20,train,strong,player_win,-10.0,7,50.0,1,Very Easy,0.35848592240854177,0.2867887379268334,1,43,26,0.0,0.0,2,1,0
No Adaptive,5,21,train,strong,player_win,-10.0,5,50.0,1,Very Easy,0.34056162628811465,0.27244930103049175,1,45,27,0.0,0.0,1,0,1
No Adaptive,5,22,train,strong,player_win,-10.0,5,50.0,1,Very Easy,0.3235335449737089,0.2588268359789671,1,47,28,0.0,0.0,1,0,1
No Adaptive,5,23,train,strong,player_win,-10.0,5,50.0,1,Very Easy,0.30735686772502346,0.2458854941800188,1,49,28,0.0,0.0,1,1,0
No Adaptive,5,24,train,strong,player_win,-10.0,5,50.0,1,Very Easy,0.2919890243387723,0.23359121947101782,1,51,29,0.0,0.0,1,0,1
No Adaptive,5,25,train,strong,player_win,-10.0,7,50.0,1,Very Easy,0.27738957312183365,0.22191165849746694,1,54,31,0.0,0.0,2,0,1
No Adaptive,5,26,train,strong,player_win,-10.0,5,50.0,1,Very Easy,0.263520094465742,0.2108160755725936,1,56,32,0.0,0.0,1,0,1
No Adaptive,5,27,train,strong,player_win,-10.0,5,50.0,1,Very Easy,0.25034408974245487,0.2002752717939639,1,58,32,0.0,0.0,1,0,1
No Adaptive,5,28,train,strong,player_win,-10.0,5,50.0,1,Very Easy,0.2378268852553321,0.19026150820426568,1,60,33,0.0,0.0,1,1,0
No Adaptive,5,29,train,strong,player_win,-10.0,5,50.0,1,Very Easy,0.2259355409925655,0.1807484327940524,1,62,33,0.0,0.0,2,0,0
No Adaptive,5,30,train,strong,player_win,-10.0,5,50.0,1,Very Easy,0.2146387639429372,0.17171101115434978,1,64,33,0.0,0.0,1,0,1
No Adaptive,5,31,train,strong,player_win,-10.0,5,50.0,1,Very Easy,0.20390682574579033,0.16312546059663227,1,66,34,0.0,0.0,1,0,1
No Adaptive,5,32,train,strong,player_win,-10.0,5,50.0,1,Very Easy,0.1937114844585008,0.15496918756680067,1,68,34,0.0,0.0,1,0,1
No Adaptive,5,33,train,strong,player_win,-10.0,7,50.0,1,Very Easy,0.18402591023557577,0.14722072818846063,1,71,36,0.0,0.0,2,0,1
No Adaptive,5,34,train,strong,player_win,-10.0,5,50.0,1,Very Easy,0.17482461472379698,0.1398596917790376,1,73,36,0.0,0.0,1,1,0
No Adaptive,5,35,train,strong,player_win,-10.0,5,50.0,1,Very Easy,0.16608338398760714,0.13286670719008573,1,75,37,0.0,0.0,1,0,1
No Adaptive,5,36,train,strong,player_win,-10.0,5,50.0,1,Very Easy,0.15777921478822676,0.1262233718305814,1,77,38,0.0,0.0,1,0,1
No Adaptive,5,37,train,strong,player_win,-10.0,5,50.0,1,Very Easy,0.14989025404881542,0.11991220323905234,1,79,38,0.0,0.0,1,0,1
No Adaptive,5,38,train,strong,player_win,-10.0,5,50.0,1,Very Easy,0.14239574134637464,0.11391659307709973,1,81,39,0.0,0.0,1,0,1
No Adaptive,5,39,train,strong,player_win,-10.0,5,50.0,1,Very Easy,0.1352759542790559,0.10822076342324471,1,83,40,0.0,0.0,1,0,1
No Adaptive,5,40,train,strong,player_win,-10.0,7,50.0,1,Very Easy,0.1285121565651031,0.10280972525208248,1,86,41,0.0,0.0,2,0,1
No Adaptive,5,41,train,strong,player_win,-10.0,5,50.0,1,Very Easy,0.12208654873684793,0.09766923898947835,1,88,42,0.0,0.0,1,0,1
No Adaptive,5,42,train,strong,player_win,-10.0,5,50.0,1,Very Easy,0.11598222130000553,0.09278577704000443,1,90,43,0.0,0.0,1,0,1
No Adaptive,5,43,train,strong,player_win,-10.0,5,50.0,1,Very Easy,0.11018311023500525,0.0881464881880042,1,92,43,0.0,0.0,1,0,1
No Adaptive,5,44,train,strong,player_win,-10.0,5,50.0,1,Very Easy,0.10467395472325498,0.08373916377860399,1,94,43,0.0,0.0,1,0,1
No Adaptive,5,45,train,strong,player_win,-10.0,5,50.0,1,Very Easy,0.09944025698709223,0.0795522055896738,1,96,44,0.0,0.0,1,0,1
No Adaptive,5,46,train,strong,player_win,-10.0,5,50.0,1,Very Easy,0.09446824413773762,0.0755745953101901,1,98,45,0.0,0.0,1,0,1
No Adaptive,5,47,train,strong,player_win,-10.0,5,50.0,1,Very Easy,0.08974483193085074,0.07179586554468059,1,100,46,0.0,0.0,1,0,1
No Adaptive,5,48,train,strong,player_win,-10.0,5,50.0,1,Very Easy,0.0852575903343082,0.06820607226744656,1,102,46,0.0,0.0,1,0,1
No Adaptive,5,49,train,strong,player_win,-10.0,5,50.0,1,Very Easy,0.08099471081759278,0.06479576865407423,1,104,46,0.0,0.0,1,0,1
No Adaptive,5,50,train,strong,player_win,-10.0,5,50.0,1,Very Easy,0.07694497527671314,0.061555980221370515,1,106,46,0.0,0.0,1,0,1
No Adaptive,5,51,train,strong,player_win,-10.0,5,50.0,1,Very Easy,0.07309772651287748,0.05847818121030199,1,108,46,0.0,0.0,1,0,1
No Adaptive,5,52,train,strong,player_win,-10.0,5,50.0,1,Very Easy,0.0694428401872336,0.05555427214978688,1,110,47,0.0,0.0,1,0,1
No Adaptive,5,53,train,strong,player_win,-10.0,5,50.0,1,Very Easy,0.0659706981778719,0.05277655854229753,1,112,47,0.0,0.0,1,0,1
No Adaptive,5,54,train,strong,player_win,-10.0,5,50.0,1,Very Easy,0.0626721632689783,0.050137730615182646,1,114,47,0.0,0.0,1,1,0
No Adaptive,5,55,train,strong,player_win,-10.0,7,50.0,1,Very Easy,0.059538555105529384,0.05,1,117,48,0.0,0.0,2,0,1
No Adaptive,5,56,train,strong,player_win,-10.0,7,50.0,1,Very Easy,0.05656162735025291,0.05,1,120,48,0.0,0.0,2,0,1
No Adaptive,5,57,train,strong,player_win,-10.0,5,50.0,1,Very Easy,0.053733545982740265,0.05,1,122,49,0.0,0.0,1,0,1
No Adaptive,5,58,train,strong,player_win,-10.0,5,50.0,1,Very Easy,0.05104686868360325,0.05,1,124,50,0.0,0.0,1,0,1
No Adaptive,5,59,train,strong,player_win,-10.0,5,50.0,1,Very Easy,0.05,0.05,1,126,51,0.0,0.0,1,0,1
No Adaptive,5,60,train,strong,player_win,-10.0,5,50.0,1,Very Easy,0.05,0.05,1,128,52,0.0,0.0,1,0,1
No Adaptive,5,61,train,strong,player_win,-10.0,5,50.0,1,Very Easy,0.05,0.05,1,130,52,0.0,0.0,1,0,1
No Adaptive,5,62,train,strong,player_win,-10.0,5,50.0,1,Very Easy,0.05,0.05,1,132,53,0.0,0.0,1,0,1
No Adaptive,5,63,train,strong,player_win,-10.0,5,50.0,1,Very Easy,0.05,0.05,1,134,53,0.0,0.0,1,0,1
No Adaptive,5,64,train,strong,player_win,-10.0,5,50.0,1,Very Easy,0.05,0.05,1,136,53,0.0,0.0,1,0,1
No Adaptive,5,65,train,strong,player_win,-10.0,5,50.0,1,Very Easy,0.05,0.05,1,138,53,0.0,0.0,1,0,1
No Adaptive,5,66,train,strong,player_win,-10.0,5,50.0,1,Very Easy,0.05,0.05,1,140,53,0.0,0.0,1,0,1
No Adaptive,5,67,train,strong,player_win,-10.0,5,50.0,1,Very Easy,0.05,0.05,1,142,54,0.0,0.0,1,0,1
No Adaptive,5,68,train,strong,player_win,-10.0,5,50.0,1,Very Easy,0.05,0.05,1,144,55,0.0,0.0,1,0,1
No Adaptive,5,69,train,strong,player_win,-10.0,5,50.0,1,Very Easy,0.05,0.05,1,146,55,0.0,0.0,1,0,1
No Adaptive,5,70,train,strong,player_win,-10.0,5,50.0,1,Very Easy,0.05,0.05,1,148,56,0.0,0.0,1,0,1
No Adaptive,5,71,train,strong,player_win,-10.0,5,50.0,1,Very Easy,0.05,0.05,1,150,57,0.0,0.0,1,0,1
No Adaptive,5,72,train,strong,player_win,-10.0,5,50.0,1,Very Easy,0.05,0.05,1,152,58,0.0,0.0,1,0,1
No Adaptive,5,73,train,strong,player_win,-10.0,5,50.0,1,Very Easy,0.05,0.05,1,154,59,0.0,0.0,1,0,1
No Adaptive,5,74,train,strong,player_win,-10.0,5,50.0,1,Very Easy,0.05,0.05,1,156,60,0.0,0.0,1,1,0
No Adaptive,5,75,train,strong,player_win,-10.0,5,50.0,1,Very Easy,0.05,0.05,1,158,60,0.0,0.0,1,0,1
No Adaptive,5,76,train,strong,player_win,-10.0,7,50.0,1,Very Easy,0.05,0.05,1,161,60,0.0,0.0,2,0,1
No Adaptive,5,77,train,strong,player_win,-10.0,5,50.0,1,Very Easy,0.05,0.05,1,163,60,0.0,0.0,1,0,1
No Adaptive,5,78,train,strong,player_win,-10.0,5,50.0,1,Very Easy,0.05,0.05,1,165,60,0.0,0.0,1,0,1
No Adaptive,5,79,train,strong,player_win,-10.0,5,50.0,1,Very Easy,0.05,0.05,1,167,60,0.0,0.0,1,0,1
No Adaptive,5,80,train,strong,player_win,-10.0,5,50.0,1,Very Easy,0.05,0.05,1,169,61,0.0,0.0,1,0,1
No Adaptive,5,81,train,strong,player_win,-10.0,5,50.0,1,Very Easy,0.05,0.05,1,171,62,0.0,0.0,1,0,1
No Adaptive,5,82,train,strong,player_win,-10.0,5,50.0,1,Very Easy,0.05,0.05,1,173,62,0.0,0.0,2,0,0
No Adaptive,5,83,train,strong,player_win,-10.0,5,50.0,1,Very Easy,0.05,0.05,1,175,63,0.0,0.0,1,0,1
No Adaptive,5,84,train,strong,player_win,-10.0,5,50.0,1,Very Easy,0.05,0.05,1,177,63,0.0,0.0,1,1,0
No Adaptive,5,85,train,strong,player_win,-10.0,5,50.0,1,Very Easy,0.05,0.05,1,179,64,0.0,0.0,1,0,1
No Adaptive,5,86,train,strong,player_win,-10.0,5,50.0,1,Very Easy,0.05,0.05,1,181,64,0.0,0.0,2,0,0
No Adaptive,5,87,train,strong,player_win,-10.0,5,50.0,1,Very Easy,0.05,0.05,1,183,64,0.0,0.0,1,0,1
No Adaptive,5,88,train,strong,player_win,-10.0,5,50.0,1,Very Easy,0.05,0.05,1,185,64,0.0,0.0,2,0,0
No Adaptive,5,89,train,strong,player_win,-10.0,5,50.0,1,Very Easy,0.05,0.05,1,187,65,0.0,0.0,1,0,1
No Adaptive,5,90,train,strong,player_win,-10.0,5,50.0,1,Very Easy,0.05,0.05,1,189,66,0.0,0.0,1,0,1
No Adaptive,5,91,train,strong,player_win,-10.0,5,50.0,1,Very Easy,0.05,0.05,1,191,66,0.0,0.0,1,0,1
No Adaptive,5,92,train,strong,player_win,-10.0,5,50.0,1,Very Easy,0.05,0.05,1,193,67,0.0,0.0,1,0,1
No Adaptive,5,93,train,strong,player_win,-10.0,5,50.0,1,Very Easy,0.05,0.05,1,195,67,0.0,0.0,1,0,1
No Adaptive,5,94,train,strong,player_win,-10.0,5,50.0,1,Very Easy,0.05,0.05,1,197,67,0.0,0.0,1,0,1
No Adaptive,5,95,train,strong,player_win,-10.0,7,50.0,1,Very Easy,0.05,0.05,1,200,67,0.0,0.0,2,0,1
No Adaptive,5,96,train,strong,player_win,-10.0,5,50.0,1,Very Easy,0.05,0.05,1,202,67,0.0,0.0,1,1,0
No Adaptive,5,97,train,strong,player_win,-10.0,7,50.0,1,Very Easy,0.05,0.05,1,205,68,0.0,0.0,2,0,1
No Adaptive,5,98,train,strong,player_win,-10.0,5,50.0,1,Very Easy,0.05,0.05,1,207,68,0.0,0.0,1,0,1
No Adaptive,5,99,train,strong,player_win,-10.0,5,50.0,1,Very Easy,0.05,0.05,1,209,68,0.0,0.0,1,0,1
No Adaptive,5,100,train,strong,player_win,-10.0,5,50.0,1,Very Easy,0.05,0.05,1,211,69,0.0,0.0,1,0,1
No Adaptive,5,101,train,strong,player_win,-10.0,7,50.0,1,Very Easy,0.05,0.05,1,214,69,0.0,0.0,2,0,1
No Adaptive,5,102,train,strong,player_win,-10.0,5,50.0,1,Very Easy,0.05,0.05,1,216,69,0.0,0.0,1,0,1
No Adaptive,5,103,train,strong,player_win,-10.0,5,50.0,1,Very Easy,0.05,0.05,1,218,69,0.0,0.0,1,0,1
No Adaptive,5,104,train,strong,player_win,-10.0,5,50.0,1,Very Easy,0.05,0.05,1,220,69,0.0,0.0,1,0,1
No Adaptive,5,105,train,strong,player_win,-10.0,5,50.0,1,Very Easy,0.05,0.05,1,222,69,0.0,0.0,1,0,1
No Adaptive,5,106,train,strong,player_win,-10.0,5,50.0,1,Very Easy,0.05,0.05,1,224,69,0.0,0.0,1,0,1
No Adaptive,5,107,train,strong,player_win,-10.0,5,50.0,1,Very Easy,0.05,0.05,1,226,69,0.0,0.0,1,0,1
No Adaptive,5,108,train,strong,player_win,-10.0,5,50.0,1,Very Easy,0.05,0.05,1,228,69,0.0,0.0,1,0,1
No Adaptive,5,109,train,strong,player_win,-10.0,5,50.0,1,Very Easy,0.05,0.05,1,230,69,0.0,0.0,1,0,1
No Adaptive,5,110,train,strong,player_win,-10.0,5,50.0,1,Very Easy,0.05,0.05,1,232,69,0.0,0.0,1,0,1
No Adaptive,5,111,train,strong,player_win,-10.0,7,50.0,1,Very Easy,0.05,0.05,1,235,71,0.0,0.0,2,0,1
No Adaptive,5,112,train,strong,player_win,-10.0,5,50.0,1,Very Easy,0.05,0.05,1,237,71,0.0,0.0,1,0,1
No Adaptive,5,113,train,strong,player_win,-10.0,5,50.0,1,Very Easy,0.05,0.05,1,239,71,0.0,0.0,1,0,1
No Adaptive,5,114,train,strong,player_win,-10.0,5,50.0,1,Very Easy,0.05,0.05,1,241,71,0.0,0.0,1,1,0
No Adaptive,5,115,train,strong,player_win,-10.0,7,50.0,1,Very Easy,0.05,0.05,1,244,73,0.0,0.0,2,0,1
No Adaptive,5,116,train,strong,player_win,-10.0,5,50.0,1,Very Easy,0.05,0.05,1,246,73,0.0,0.0,1,0,1
No Adaptive,5,117,train,strong,player_win,-10.0,5,50.0,1,Very Easy,0.05,0.05,1,248,73,0.0,0.0,1,0,1
No Adaptive,5,118,train,strong,player_win,-10.0,5,50.0,1,Very Easy,0.05,0.05,1,250,73,0.0,0.0,1,0,1
No Adaptive,5,119,train,strong,player_win,-10.0,7,50.0,1,Very Easy,0.05,0.05,1,253,74,0.0,0.0,2,0,1
No Adaptive,5,120,train,strong,player_win,-10.0,5,50.0,1,Very Easy,0.05,0.05,1,255,74,0.0,0.0,1,0,1
No Adaptive,5,121,train,strong,player_win,-10.0,5,50.0,1,Very Easy,0.05,0.05,1,257,74,0.0,0.0,1,0,1
No Adaptive,5,122,train,strong,player_win,-10.0,5,50.0,1,Very Easy,0.05,0.05,1,259,75,0.0,0.0,1,0,1
No Adaptive,5,123,train,strong,player_win,-10.0,5,50.0,1,Very Easy,0.05,0.05,1,261,75,0.0,0.0,2,0,0
No Adaptive,5,124,train,strong,player_win,-10.0,5,50.0,1,Very Easy,0.05,0.05,1,263,75,0.0,0.0,2,0,0
No Adaptive,5,125,train,strong,player_win,-10.0,5,50.0,1,Very Easy,0.05,0.05,1,265,75,0.0,0.0,2,0,0
No Adaptive,5,126,train,strong,player_win,-10.0,5,50.0,1,Very Easy,0.05,0.05,1,267,76,0.0,0.0,1,0,1
No Adaptive,5,127,train,strong,player_win,-10.0,5,50.0,1,Very Easy,0.05,0.05,1,269,76,0.0,0.0,1,0,1
No Adaptive,5,128,train,strong,player_win,-10.0,5,50.0,1,Very Easy,0.05,0.05,1,271,77,0.0,0.0,1,0,1
No Adaptive,5,129,train,strong,player_win,-10.0,7,50.0,1,Very Easy,0.05,0.05,1,274,79,0.0,0.0,2,0,1
No Adaptive,5,130,train,strong,player_win,-10.0,7,50.0,1,Very Easy,0.05,0.05,1,277,81,0.0,0.0,2,1,0
No Adaptive,5,131,train,strong,player_win,-10.0,5,50.0,1,Very Easy,0.05,0.05,1,279,81,0.0,0.0,1,0,1
No Adaptive,5,132,train,strong,player_win,-10.0,5,50.0,1,Very Easy,0.05,0.05,1,281,81,0.0,0.0,1,0,1
No Adaptive,5,133,train,strong,player_win,-10.0,5,50.0,1,Very Easy,0.05,0.05,1,283,82,0.0,0.0,1,0,1
No Adaptive,5,134,train,strong,player_win,-10.0,5,50.0,1,Very Easy,0.05,0.05,1,285,83,0.0,0.0,1,0,1
No Adaptive,5,135,train,strong,player_win,-10.0,5,50.0,1,Very Easy,0.05,0.05,1,287,83,0.0,0.0,1,0,1
No Adaptive,5,136,train,strong,player_win,-10.0,7,50.0,1,Very Easy,0.05,0.05,1,290,83,0.0,0.0,2,0,1
No Adaptive,5,137,train,strong,player_win,-10.0,5,50.0,1,Very Easy,0.05,0.05,1,292,83,0.0,0.0,1,0,1
No Adaptive,5,138,train,strong,player_win,-10.0,7,50.0,1,Very Easy,0.05,0.05,1,295,83,0.0,0.0,2,0,1
No Adaptive,5,139,train,strong,player_win,-10.0,7,50.0,1,Very Easy,0.05,0.05,1,298,83,0.0,0.0,2,0,1
No Adaptive,5,140,train,strong,player_win,-10.0,5,50.0,1,Very Easy,0.05,0.05,1,300,83,0.0,0.0,1,0,1
No Adaptive,5,141,train,strong,player_win,-10.0,5,50.0,1,Very Easy,0.05,0.05,1,302,83,0.0,0.0,2,0,0
No Adaptive,5,142,train,strong,player_win,-10.0,7,50.0,1,Very Easy,0.05,0.05,1,305,83,0.0,0.0,2,0,1
No Adaptive,5,143,train,strong,player_win,-10.0,5,50.0,1,Very Easy,0.05,0.05,1,307,83,0.0,0.0,1,0,1
No Adaptive,5,144,train,strong,player_win,-10.0,5,50.0,1,Very Easy,0.05,0.05,1,309,83,0.0,0.0,1,0,1
No Adaptive,5,145,train,strong,player_win,-10.0,5,50.0,1,Very Easy,0.05,0.05,1,311,84,0.0,0.0,1,0,1
No Adaptive,5,146,train,strong,player_win,-10.0,5,50.0,1,Very Easy,0.05,0.05,1,313,84,0.0,0.0,1,0,1
No Adaptive,5,147,train,strong,player_win,-10.0,5,50.0,1,Very Easy,0.05,0.05,1,315,85,0.0,0.0,1,0,1
No Adaptive,5,148,train,strong,player_win,-10.0,7,50.0,1,Very Easy,0.05,0.05,1,318,85,0.0,0.0,2,0,1
No Adaptive,5,149,train,strong,player_win,-10.0,5,50.0,1,Very Easy,0.05,0.05,1,320,85,0.0,0.0,1,0,1
No Adaptive,5,150,train,strong,player_win,-10.0,5,50.0,1,Very Easy,0.05,0.05,1,322,85,0.0,0.0,1,0,1
No Adaptive,5,151,train,strong,player_win,-10.0,5,50.0,1,Very Easy,0.05,0.05,1,324,85,0.0,0.0,1,0,1
No Adaptive,5,152,train,strong,player_win,-10.0,5,50.0,1,Very Easy,0.05,0.05,1,326,85,0.0,0.0,1,0,1
No Adaptive,5,153,train,strong,player_win,-10.0,7,50.0,1,Very Easy,0.05,0.05,1,329,85,0.0,0.0,2,0,1
No Adaptive,5,154,train,strong,player_win,-10.0,7,50.0,1,Very Easy,0.05,0.05,1,332,85,0.0,0.0,2,0,1
No Adaptive,5,155,train,strong,player_win,-10.0,5,50.0,1,Very Easy,0.05,0.05,1,334,85,0.0,0.0,1,0,1
No Adaptive,5,156,train,strong,player_win,-10.0,7,50.0,1,Very Easy,0.05,0.05,1,337,85,0.0,0.0,2,0,1
No Adaptive,5,157,train,strong,player_win,-10.0,5,50.0,1,Very Easy,0.05,0.05,1,339,85,0.0,0.0,1,0,1
No Adaptive,5,158,train,strong,player_win,-10.0,5,50.0,1,Very Easy,0.05,0.05,1,341,85,0.0,0.0,1,0,1
No Adaptive,5,159,train,strong,player_win,-10.0,5,50.0,1,Very Easy,0.05,0.05,1,343,85,0.0,0.0,1,0,1
No Adaptive,5,160,train,strong,player_win,-10.0,5,50.0,1,Very Easy,0.05,0.05,1,345,85,0.0,0.0,1,0,1
No Adaptive,5,161,train,strong,player_win,-10.0,5,50.0,1,Very Easy,0.05,0.05,1,347,85,0.0,0.0,1,0,1
No Adaptive,5,162,train,strong,player_win,-10.0,5,50.0,1,Very Easy,0.05,0.05,1,349,85,0.0,0.0,1,0,1
No Adaptive,5,163,train,strong,player_win,-10.0,7,50.0,1,Very Easy,0.05,0.05,1,352,85,0.0,0.0,2,0,1
No Adaptive,5,164,train,strong,player_win,-10.0,7,50.0,1,Very Easy,0.05,0.05,1,355,85,0.0,0.0,2,0,1
No Adaptive,5,165,train,strong,player_win,-10.0,5,50.0,1,Very Easy,0.05,0.05,1,357,85,0.0,0.0,1,0,1
No Adaptive,5,166,train,strong,player_win,-10.0,5,50.0,1,Very Easy,0.05,0.05,1,359,85,0.0,0.0,1,0,1
No Adaptive,5,167,train,strong,player_win,-10.0,5,50.0,1,Very Easy,0.05,0.05,1,361,85,0.0,0.0,1,0,1
No Adaptive,5,168,train,strong,player_win,-10.0,5,50.0,1,Very Easy,0.05,0.05,1,363,85,0.0,0.0,1,1,0
No Adaptive,5,169,train,strong,player_win,-10.0,5,50.0,1,Very Easy,0.05,0.05,1,365,85,0.0,0.0,1,0,1
No Adaptive,5,170,train,strong,player_win,-10.0,5,50.0,1,Very Easy,0.05,0.05,1,367,85,0.0,0.0,1,0,1
No Adaptive,5,171,train,strong,player_win,-10.0,5,50.0,1,Very Easy,0.05,0.05,1,369,85,0.0,0.0,1,0,1
No Adaptive,5,172,train,strong,player_win,-10.0,5,50.0,1,Very Easy,0.05,0.05,1,371,85,0.0,0.0,1,0,1
No Adaptive,5,173,train,strong,player_win,-10.0,5,50.0,1,Very Easy,0.05,0.05,1,373,85,0.0,0.0,1,0,1
No Adaptive,5,174,train,strong,player_win,-10.0,5,50.0,1,Very Easy,0.05,0.05,1,375,85,0.0,0.0,1,0,1
No Adaptive,5,175,train,strong,player_win,-10.0,5,50.0,1,Very Easy,0.05,0.05,1,377,85,0.0,0.0,1,0,1
No Adaptive,5,176,train,strong,player_win,-10.0,5,50.0,1,Very Easy,0.05,0.05,1,379,85,0.0,0.0,1,1,0
No Adaptive,5,177,train,strong,player_win,-10.0,7,50.0,1,Very Easy,0.05,0.05,1,382,85,0.0,0.0,2,0,1
No Adaptive,5,178,train,strong,player_win,-10.0,5,50.0,1,Very Easy,0.05,0.05,1,384,85,0.0,0.0,1,0,1
No Adaptive,5,179,train,strong,player_win,-10.0,5,50.0,1,Very Easy,0.05,0.05,1,386,85,0.0,0.0,1,0,1
No Adaptive,5,180,train,strong,player_win,-10.0,5,50.0,1,Very Easy,0.05,0.05,1,388,85,0.0,0.0,1,0,1
No Adaptive,5,181,train,strong,player_win,-10.0,5,50.0,1,Very Easy,0.05,0.05,1,390,85,0.0,0.0,1,0,1
No Adaptive,5,182,train,strong,player_win,-10.0,7,50.0,1,Very Easy,0.05,0.05,1,393,86,0.0,0.0,2,0,1
No Adaptive,5,183,train,strong,player_win,-10.0,7,50.0,1,Very Easy,0.05,0.05,1,396,86,0.0,0.0,2,0,1
No Adaptive,5,184,train,strong,player_win,-10.0,5,50.0,1,Very Easy,0.05,0.05,1,398,86,0.0,0.0,1,0,1
No Adaptive,5,185,train,strong,player_win,-10.0,5,50.0,1,Very Easy,0.05,0.05,1,400,87,0.0,0.0,1,0,1
No Adaptive,5,186,train,strong,player_win,-10.0,5,50.0,1,Very Easy,0.05,0.05,1,402,87,0.0,0.0,1,0,1
No Adaptive,5,187,train,strong,player_win,-10.0,5,50.0,1,Very Easy,0.05,0.05,1,404,87,0.0,0.0,2,0,0
No Adaptive,5,188,train,strong,player_win,-10.0,5,50.0,1,Very Easy,0.05,0.05,1,406,87,0.0,0.0,1,0,1
No Adaptive,5,189,train,strong,player_win,-10.0,5,50.0,1,Very Easy,0.05,0.05,1,408,87,0.0,0.0,1,0,1
No Adaptive,5,190,train,strong,player_win,-10.0,5,50.0,1,Very Easy,0.05,0.05,1,410,87,0.0,0.0,1,0,1
No Adaptive,5,191,train,strong,player_win,-10.0,7,50.0,1,Very Easy,0.05,0.05,1,413,87,0.0,0.0,2,0,1
No Adaptive,5,192,train,strong,player_win,-10.0,5,50.0,1,Very Easy,0.05,0.05,1,415,87,0.0,0.0,2,0,0
No Adaptive,5,193,train,strong,player_win,-10.0,5,50.0,1,Very Easy,0.05,0.05,1,417,87,0.0,0.0,1,0,1
No Adaptive,5,194,train,strong,player_win,-10.0,5,50.0,1,Very Easy,0.05,0.05,1,419,87,0.0,0.0,1,0,1
No Adaptive,5,195,train,strong,player_win,-10.0,5,50.0,1,Very Easy,0.05,0.05,1,421,88,0.0,0.0,1,0,1
No Adaptive,5,196,train,strong,player_win,-10.0,7,50.0,1,Very Easy,0.05,0.05,1,424,88,0.0,0.0,2,0,1
No Adaptive,5,197,train,strong,player_win,-10.0,7,50.0,1,Very Easy,0.05,0.05,1,427,88,0.0,0.0,2,0,1
No Adaptive,5,198,train,strong,player_win,-10.0,5,50.0,1,Very Easy,0.05,0.05,1,429,88,0.0,0.0,1,0,1
No Adaptive,5,199,train,strong,player_win,-10.0,5,50.0,1,Very Easy,0.05,0.05,1,431,88,0.0,0.0,1,0,1
No Adaptive,5,200,train,strong,player_win,-10.0,5,50.0,1,Very Easy,0.05,0.05,1,433,88,0.0,0.0,1,0,1
No Adaptive,5,201,train,strong,player_win,-10.0,5,50.0,1,Very Easy,0.05,0.05,1,435,88,0.0,0.0,1,0,1
No Adaptive,5,202,train,strong,player_win,-10.0,5,50.0,1,Very Easy,0.05,0.05,1,437,89,0.0,0.0,1,0,1
No Adaptive,5,203,train,strong,player_win,-10.0,5,50.0,1,Very Easy,0.05,0.05,1,439,89,0.0,0.0,1,0,1
No Adaptive,5,204,train,strong,player_win,-10.0,5,50.0,1,Very Easy,0.05,0.05,1,441,90,0.0,0.0,1,0,1
No Adaptive,5,205,train,strong,player_win,-10.0,5,50.0,1,Very Easy,0.05,0.05,1,443,90,0.0,0.0,1,0,1
No Adaptive,5,206,train,strong,player_win,-10.0,5,50.0,1,Very Easy,0.05,0.05,1,445,90,0.0,0.0,1,0,1
No Adaptive,5,207,train,strong,player_win,-10.0,7,50.0,1,Very Easy,0.05,0.05,1,448,90,0.0,0.0,2,1,0
No Adaptive,5,208,train,strong,player_win,-10.0,7,50.0,1,Very Easy,0.05,0.05,1,451,90,0.0,0.0,2,0,1
No Adaptive,5,209,train,strong,player_win,-10.0,7,50.0,1,Very Easy,0.05,0.05,1,454,90,0.0,0.0,2,0,1
No Adaptive,5,210,train,strong,player_win,-10.0,5,50.0,1,Very Easy,0.05,0.05,1,456,90,0.0,0.0,1,0,1
No Adaptive,5,211,train,strong,player_win,-10.0,5,50.0,1,Very Easy,0.05,0.05,1,458,90,0.0,0.0,1,0,1
No Adaptive,5,212,train,strong,player_win,-10.0,7,50.0,1,Very Easy,0.05,0.05,1,461,90,0.0,0.0,2,1,0
No Adaptive,5,213,train,strong,player_win,-10.0,5,50.0,1,Very Easy,0.05,0.05,1,463,90,0.0,0.0,1,0,1
No Adaptive,5,214,train,strong,player_win,-10.0,5,50.0,1,Very Easy,0.05,0.05,1,465,90,0.0,0.0,1,0,1
No Adaptive,5,215,train,strong,player_win,-10.0,5,50.0,1,Very Easy,0.05,0.05,1,467,90,0.0,0.0,1,0,1
No Adaptive,5,216,train,strong,player_win,-10.0,5,50.0,1,Very Easy,0.05,0.05,1,469,90,0.0,0.0,1,0,1
No Adaptive,5,217,train,strong,player_win,-10.0,5,50.0,1,Very Easy,0.05,0.05,1,471,90,0.0,0.0,1,0,1
No Adaptive,5,218,train,strong,player_win,-10.0,5,50.0,1,Very Easy,0.05,0.05,1,473,90,0.0,0.0,1,0,1
No Adaptive,5,219,train,strong,player_win,-10.0,5,50.0,1,Very Easy,0.05,0.05,1,475,90,0.0,0.0,2,0,0
No Adaptive,5,220,train,strong,player_win,-10.0,5,50.0,1,Very Easy,0.05,0.05,1,477,90,0.0,0.0,1,1,0
No Adaptive,5,221,train,strong,player_win,-10.0,5,50.0,1,Very Easy,0.05,0.05,1,479,90,0.0,0.0,1,0,1
No Adaptive,5,222,train,strong,player_win,-10.0,5,50.0,1,Very Easy,0.05,0.05,1,481,90,0.0,0.0,2,0,0
No Adaptive,5,223,train,strong,player_win,-10.0,5,50.0,1,Very Easy,0.05,0.05,1,483,90,0.0,0.0,1,0,1
No Adaptive,5,224,train,strong,player_win,-10.0,5,50.0,1,Very Easy,0.05,0.05,1,485,90,0.0,0.0,1,0,1
No Adaptive,5,225,train,strong,player_win,-10.0,5,50.0,1,Very Easy,0.05,0.05,1,487,90,0.0,0.0,1,0,1
No Adaptive,5,226,train,strong,player_win,-10.0,5,50.0,1,Very Easy,0.05,0.05,1,489,90,0.0,0.0,1,0,1
No Adaptive,5,227,train,strong,player_win,-10.0,5,50.0,1,Very Easy,0.05,0.05,1,491,90,0.0,0.0,1,0,1
No Adaptive,5,228,train,strong,player_win,-10.0,5,50.0,1,Very Easy,0.05,0.05,1,493,90,0.0,0.0,1,0,1
No Adaptive,5,229,train,strong,player_win,-10.0,5,50.0,1,Very Easy,0.05,0.05,1,495,90,0.0,0.0,1,0,1
No Adaptive,5,230,train,strong,player_win,-10.0,5,50.0,1,Very Easy,0.05,0.05,1,497,90,0.0,0.0,1,0,1
No Adaptive,5,231,train,strong,player_win,-10.0,5,50.0,1,Very Easy,0.05,0.05,1,499,90,0.0,0.0,2,0,0
No Adaptive,5,232,train,strong,player_win,-10.0,5,50.0,1,Very Easy,0.05,0.05,1,501,90,0.0,0.0,1,1,0
No Adaptive,5,233,train,strong,player_win,-10.0,5,50.0,1,Very Easy,0.05,0.05,1,503,91,0.0,0.0,1,0,1
No Adaptive,5,234,train,strong,player_win,-10.0,5,50.0,1,Very Easy,0.05,0.05,1,505,92,0.0,0.0,1,0,1
No Adaptive,5,235,train,strong,player_win,-10.0,5,50.0,1,Very Easy,0.05,0.05,1,507,92,0.0,0.0,2,0,0
No Adaptive,5,236,train,strong,player_win,-10.0,5,50.0,1,Very Easy,0.05,0.05,1,509,92,0.0,0.0,1,0,1
No Adaptive,5,237,train,strong,player_win,-10.0,5,50.0,1,Very Easy,0.05,0.05,1,511,92,0.0,0.0,1,0,1
No Adaptive,5,238,train,strong,player_win,-10.0,5,50.0,1,Very Easy,0.05,0.05,1,513,93,0.0,0.0,1,0,1
No Adaptive,5,239,train,strong,player_win,-10.0,5,50.0,1,Very Easy,0.05,0.05,1,515,93,0.0,0.0,1,0,1
No Adaptive,5,240,train,strong,player_win,-10.0,5,50.0,1,Very Easy,0.05,0.05,1,517,93,0.0,0.0,1,0,1
No Adaptive,5,241,train,strong,player_win,-10.0,5,50.0,1,Very Easy,0.05,0.05,1,519,93,0.0,0.0,2,0,0
No Adaptive,5,242,train,strong,player_win,-10.0,5,50.0,1,Very Easy,0.05,0.05,1,521,93,0.0,0.0,1,0,1
No Adaptive,5,243,train,strong,player_win,-10.0,5,50.0,1,Very Easy,0.05,0.05,1,523,93,0.0,0.0,1,0,1
No Adaptive,5,244,train,strong,player_win,-10.0,5,50.0,1,Very Easy,0.05,0.05,1,525,93,0.0,0.0,1,0,1
No Adaptive,5,245,train,strong,player_win,-10.0,5,50.0,1,Very Easy,0.05,0.05,1,527,93,0.0,0.0,1,0,1
No Adaptive,5,246,train,strong,player_win,-10.0,5,50.0,1,Very Easy,0.05,0.05,1,529,93,0.0,0.0,1,0,1
No Adaptive,5,247,train,strong,player_win,-10.0,5,50.0,1,Very Easy,0.05,0.05,1,531,93,0.0,0.0,1,0,1
No Adaptive,5,248,train,strong,player_win,-10.0,5,50.0,1,Very Easy,0.05,0.05,1,533,93,0.0,0.0,1,0,1
No Adaptive,5,249,train,strong,player_win,-10.0,5,50.0,1,Very Easy,0.05,0.05,1,535,93,0.0,0.0,1,0,1
No Adaptive,5,250,train,strong,player_win,-10.0,5,50.0,1,Very Easy,0.05,0.05,1,537,93,0.0,0.0,2,0,0
No Adaptive,5,251,train,strong,player_win,-10.0,5,50.0,1,Very Easy,0.05,0.05,1,539,93,0.0,0.0,1,0,1
No Adaptive,5,252,train,strong,player_win,-10.0,5,50.0,1,Very Easy,0.05,0.05,1,541,94,0.0,0.0,1,0,1
No Adaptive,5,253,train,strong,player_win,-10.0,5,50.0,1,Very Easy,0.05,0.05,1,543,94,0.0,0.0,1,0,1
No Adaptive,5,254,train,strong,player_win,-10.0,5,50.0,1,Very Easy,0.05,0.05,1,545,94,0.0,0.0,1,0,1
No Adaptive,5,255,train,strong,player_win,-10.0,5,50.0,1,Very Easy,0.05,0.05,1,547,94,0.0,0.0,1,0,1
No Adaptive,5,256,train,strong,player_win,-10.0,5,50.0,1,Very Easy,0.05,0.05,1,549,94,0.0,0.0,1,0,1
No Adaptive,5,257,train,strong,player_win,-10.0,5,50.0,1,Very Easy,0.05,0.05,1,551,94,0.0,0.0,1,0,1
No Adaptive,5,258,train,strong,player_win,-10.0,5,50.0,1,Very Easy,0.05,0.05,1,553,94,0.0,0.0,2,0,0
No Adaptive,5,259,train,strong,player_win,-10.0,5,50.0,1,Very Easy,0.05,0.05,1,555,94,0.0,0.0,1,0,1
No Adaptive,5,260,train,strong,player_win,-10.0,5,50.0,1,Very Easy,0.05,0.05,1,557,94,0.0,0.0,1,0,1
No Adaptive,5,261,train,strong,player_win,-10.0,5,50.0,1,Very Easy,0.05,0.05,1,559,94,0.0,0.0,1,0,1
No Adaptive,5,262,train,strong,player_win,-10.0,5,50.0,1,Very Easy,0.05,0.05,1,561,94,0.0,0.0,1,0,1
No Adaptive,5,263,train,strong,player_win,-10.0,5,50.0,1,Very Easy,0.05,0.05,1,563,94,0.0,0.0,1,0,1
No Adaptive,5,264,train,strong,player_win,-10.0,5,50.0,1,Very Easy,0.05,0.05,1,565,94,0.0,0.0,1,0,1
No Adaptive,5,265,train,strong,player_win,-10.0,5,50.0,1,Very Easy,0.05,0.05,1,567,94,0.0,0.0,1,0,1
No Adaptive,5,266,train,strong,player_win,-10.0,5,50.0,1,Very Easy,0.05,0.05,1,569,94,0.0,0.0,1,0,1
No Adaptive,5,267,train,strong,player_win,-10.0,5,50.0,1,Very Easy,0.05,0.05,1,571,94,0.0,0.0,1,0,1
No Adaptive,5,268,train,strong,player_win,-10.0,5,50.0,1,Very Easy,0.05,0.05,1,573,94,0.0,0.0,1,0,1
No Adaptive,5,269,train,strong,player_win,-10.0,5,50.0,1,Very Easy,0.05,0.05,1,575,94,0.0,0.0,2,0,0
No Adaptive,5,270,train,strong,player_win,-10.0,5,50.0,1,Very Easy,0.05,0.05,1,577,94,0.0,0.0,1,0,1
No Adaptive,5,271,train,strong,player_win,-10.0,5,50.0,1,Very Easy,0.05,0.05,1,579,94,0.0,0.0,1,0,1
No Adaptive,5,272,train,strong,player_win,-10.0,5,50.0,1,Very Easy,0.05,0.05,1,581,94,0.0,0.0,1,0,1
No Adaptive,5,273,train,strong,player_win,-10.0,5,50.0,1,Very Easy,0.05,0.05,1,583,94,0.0,0.0,1,0,1
No Adaptive,5,274,train,strong,player_win,-10.0,5,50.0,1,Very Easy,0.05,0.05,1,585,94,0.0,0.0,1,0,1
No Adaptive,5,275,train,strong,player_win,-10.0,5,50.0,1,Very Easy,0.05,0.05,1,587,94,0.0,0.0,1,0,1
No Adaptive,5,276,train,strong,player_win,-10.0,5,50.0,1,Very Easy,0.05,0.05,1,589,94,0.0,0.0,1,0,1
No Adaptive,5,277,train,strong,player_win,-10.0,5,50.0,1,Very Easy,0.05,0.05,1,591,94,0.0,0.0,2,0,0
No Adaptive,5,278,train,strong,player_win,-10.0,5,50.0,1,Very Easy,0.05,0.05,1,593,94,0.0,0.0,1,0,1
No Adaptive,5,279,train,strong,player_win,-10.0,5,50.0,1,Very Easy,0.05,0.05,1,595,94,0.0,0.0,1,0,1
No Adaptive,5,280,train,strong,player_win,-10.0,5,50.0,1,Very Easy,0.05,0.05,1,597,94,0.0,0.0,1,0,1
No Adaptive,5,281,train,strong,player_win,-10.0,5,50.0,1,Very Easy,0.05,0.05,1,599,94,0.0,0.0,1,0,1
No Adaptive,5,282,train,strong,player_win,-10.0,5,50.0,1,Very Easy,0.05,0.05,1,601,94,0.0,0.0,2,0,0
No Adaptive,5,283,train,strong,player_win,-10.0,7,50.0,1,Very Easy,0.05,0.05,1,604,94,0.0,0.0,2,0,1
No Adaptive,5,284,train,strong,player_win,-10.0,5,50.0,1,Very Easy,0.05,0.05,1,606,94,0.0,0.0,1,0,1
No Adaptive,5,285,train,strong,player_win,-10.0,5,50.0,1,Very Easy,0.05,0.05,1,608,94,0.0,0.0,1,1,0
No Adaptive,5,286,train,strong,player_win,-10.0,5,50.0,1,Very Easy,0.05,0.05,1,610,94,0.0,0.0,1,0,1
No Adaptive,5,287,train,strong,player_win,-10.0,5,50.0,1,Very Easy,0.05,0.05,1,612,94,0.0,0.0,1,0,1
No Adaptive,5,288,train,strong,player_win,-10.0,5,50.0,1,Very Easy,0.05,0.05,1,614,94,0.0,0.0,1,0,1
No Adaptive,5,289,train,strong,player_win,-10.0,7,50.0,1,Very Easy,0.05,0.05,1,617,94,0.0,0.0,2,0,1
No Adaptive,5,290,train,strong,player_win,-10.0,5,50.0,1,Very Easy,0.05,0.05,1,619,94,0.0,0.0,1,0,1
No Adaptive,5,291,train,strong,player_win,-10.0,5,50.0,1,Very Easy,0.05,0.05,1,621,94,0.0,0.0,1,0,1
No Adaptive,5,292,train,strong,player_win,-10.0,5,50.0,1,Very Easy,0.05,0.05,1,623,95,0.0,0.0,1,0,1
No Adaptive,5,293,train,strong,player_win,-10.0,7,50.0,1,Very Easy,0.05,0.05,1,626,95,0.0,0.0,2,0,1
No Adaptive,5,294,train,strong,player_win,-10.0,5,50.0,1,Very Easy,0.05,0.05,1,628,95,0.0,0.0,1,0,1
No Adaptive,5,295,train,strong,player_win,-10.0,5,50.0,1,Very Easy,0.05,0.05,1,630,95,0.0,0.0,1,0,1
No Adaptive,5,296,train,strong,player_win,-10.0,5,50.0,1,Very Easy,0.05,0.05,1,632,95,0.0,0.0,1,0,1
No Adaptive,5,297,train,strong,player_win,-10.0,5,50.0,1,Very Easy,0.05,0.05,1,634,95,0.0,0.0,1,0,1
No Adaptive,5,298,train,strong,player_win,-10.0,5,50.0,1,Very Easy,0.05,0.05,1,636,95,0.0,0.0,1,0,1
No Adaptive,5,299,train,strong,player_win,-10.0,5,50.0,1,Very Easy,0.05,0.05,1,638,95,0.0,0.0,1,0,1
No Adaptive,5,300,train,strong,player_win,-10.0,5,50.0,1,Very Easy,0.05,0.05,1,640,95,0.0,0.0,2,0,0
No Adaptive,5,301,train,strong,player_win,-10.0,5,50.0,1,Very Easy,0.05,0.05,1,642,95,0.0,0.0,1,0,1
No Adaptive,5,302,train,strong,player_win,-10.0,5,50.0,1,Very Easy,0.05,0.05,1,644,95,0.0,0.0,1,0,1
No Adaptive,5,303,train,strong,player_win,-10.0,5,50.0,1,Very Easy,0.05,0.05,1,646,95,0.0,0.0,1,0,1
No Adaptive,5,304,train,strong,player_win,-10.0,5,50.0,1,Very Easy,0.05,0.05,1,648,95,0.0,0.0,1,0,1
No Adaptive,5,305,train,strong,player_win,-10.0,5,50.0,1,Very Easy,0.05,0.05,1,650,95,0.0,0.0,1,1,0
No Adaptive,5,306,train,strong,player_win,-10.0,5,50.0,1,Very Easy,0.05,0.05,1,652,95,0.0,0.0,1,0,1
No Adaptive,5,307,train,strong,player_win,-10.0,5,50.0,1,Very Easy,0.05,0.05,1,654,95,0.0,0.0,2,0,0
No Adaptive,5,308,train,strong,player_win,-10.0,5,50.0,1,Very Easy,0.05,0.05,1,656,95,0.0,0.0,1,0,1
No Adaptive,5,309,train,strong,player_win,-10.0,5,50.0,1,Very Easy,0.05,0.05,1,658,95,0.0,0.0,1,0,1
No Adaptive,5,310,train,strong,player_win,-10.0,5,50.0,1,Very Easy,0.05,0.05,1,660,95,0.0,0.0,1,0,1
No Adaptive,5,311,train,strong,player_win,-10.0,5,50.0,1,Very Easy,0.05,0.05,1,662,95,0.0,0.0,1,0,1
No Adaptive,5,312,train,strong,player_win,-10.0,5,50.0,1,Very Easy,0.05,0.05,1,664,95,0.0,0.0,1,0,1
No Adaptive,5,313,train,strong,player_win,-10.0,5,50.0,1,Very Easy,0.05,0.05,1,666,95,0.0,0.0,1,0,1
No Adaptive,5,314,train,strong,player_win,-10.0,5,50.0,1,Very Easy,0.05,0.05,1,668,95,0.0,0.0,1,0,1
No Adaptive,5,315,train,strong,player_win,-10.0,5,50.0,1,Very Easy,0.05,0.05,1,670,95,0.0,0.0,1,0,1
No Adaptive,5,316,train,strong,player_win,-10.0,5,50.0,1,Very Easy,0.05,0.05,1,672,96,0.0,0.0,1,0,1
No Adaptive,5,317,train,strong,player_win,-10.0,5,50.0,1,Very Easy,0.05,0.05,1,674,96,0.0,0.0,1,0,1
No Adaptive,5,318,train,strong,player_win,-10.0,5,50.0,1,Very Easy,0.05,0.05,1,676,96,0.0,0.0,1,0,1
No Adaptive,5,319,train,strong,player_win,-10.0,5,50.0,1,Very Easy,0.05,0.05,1,678,96,0.0,0.0,1,0,1
No Adaptive,5,320,train,strong,player_win,-10.0,5,50.0,1,Very Easy,0.05,0.05,1,680,96,0.0,0.0,1,0,1
No Adaptive,5,321,train,strong,player_win,-10.0,5,50.0,1,Very Easy,0.05,0.05,1,682,96,0.0,0.0,1,0,1
No Adaptive,5,322,train,strong,player_win,-10.0,5,50.0,1,Very Easy,0.05,0.05,1,684,96,0.0,0.0,1,0,1
No Adaptive,5,323,train,strong,player_win,-10.0,5,50.0,1,Very Easy,0.05,0.05,1,686,96,0.0,0.0,1,0,1
No Adaptive,5,324,train,strong,player_win,-10.0,7,50.0,1,Very Easy,0.05,0.05,1,689,96,0.0,0.0,2,0,1
No Adaptive,5,325,train,strong,player_win,-10.0,5,50.0,1,Very Easy,0.05,0.05,1,691,96,0.0,0.0,1,0,1
No Adaptive,5,326,train,strong,player_win,-10.0,5,50.0,1,Very Easy,0.05,0.05,1,693,96,0.0,0.0,1,0,1
No Adaptive,5,327,train,strong,player_win,-10.0,5,50.0,1,Very Easy,0.05,0.05,1,695,96,0.0,0.0,1,0,1
No Adaptive,5,328,train,strong,player_win,-10.0,5,50.0,1,Very Easy,0.05,0.05,1,697,96,0.0,0.0,1,0,1
No Adaptive,5,329,train,strong,player_win,-10.0,5,50.0,1,Very Easy,0.05,0.05,1,699,96,0.0,0.0,1,0,1
No Adaptive,5,330,train,strong,player_win,-10.0,5,50.0,1,Very Easy,0.05,0.05,1,701,96,0.0,0.0,1,0,1
No Adaptive,5,331,train,strong,player_win,-10.0,5,50.0,1,Very Easy,0.05,0.05,1,703,96,0.0,0.0,2,0,0
No Adaptive,5,332,train,strong,player_win,-10.0,5,50.0,1,Very Easy,0.05,0.05,1,705,96,0.0,0.0,1,0,1
No Adaptive,5,333,train,strong,player_win,-10.0,5,50.0,1,Very Easy,0.05,0.05,1,707,97,0.0,0.0,1,0,1
No Adaptive,5,334,train,strong,player_win,-10.0,5,50.0,1,Very Easy,0.05,0.05,1,709,97,0.0,0.0,1,0,1
No Adaptive,5,335,train,strong,player_win,-10.0,5,50.0,1,Very Easy,0.05,0.05,1,711,97,0.0,0.0,1,0,1
No Adaptive,5,336,train,strong,player_win,-10.0,5,50.0,1,Very Easy,0.05,0.05,1,713,97,0.0,0.0,1,0,1
No Adaptive,5,337,train,strong,player_win,-10.0,5,50.0,1,Very Easy,0.05,0.05,1,715,97,0.0,0.0,1,0,1
No Adaptive,5,338,train,strong,player_win,-10.0,5,50.0,1,Very Easy,0.05,0.05,1,717,97,0.0,0.0,1,0,1
No Adaptive,5,339,train,strong,player_win,-10.0,5,50.0,1,Very Easy,0.05,0.05,1,719,97,0.0,0.0,1,0,1
No Adaptive,5,340,train,strong,player_win,-10.0,5,50.0,1,Very Easy,0.05,0.05,1,721,97,0.0,0.0,1,0,1
No Adaptive,5,341,train,strong,player_win,-10.0,5,50.0,1,Very Easy,0.05,0.05,1,723,97,0.0,0.0,1,0,1
No Adaptive,5,342,train,strong,player_win,-10.0,5,50.0,1,Very Easy,0.05,0.05,1,725,97,0.0,0.0,1,0,1
No Adaptive,5,343,train,strong,player_win,-10.0,7,50.0,1,Very Easy,0.05,0.05,1,728,97,0.0,0.0,2,0,1
No Adaptive,5,344,train,strong,player_win,-10.0,5,50.0,1,Very Easy,0.05,0.05,1,730,97,0.0,0.0,1,0,1
No Adaptive,5,345,train,strong,player_win,-10.0,5,50.0,1,Very Easy,0.05,0.05,1,732,97,0.0,0.0,1,0,1
No Adaptive,5,346,train,strong,player_win,-10.0,5,50.0,1,Very Easy,0.05,0.05,1,734,97,0.0,0.0,1,0,1
No Adaptive,5,347,train,strong,player_win,-10.0,5,50.0,1,Very Easy,0.05,0.05,1,736,97,0.0,0.0,1,0,1
No Adaptive,5,348,train,strong,player_win,-10.0,5,50.0,1,Very Easy,0.05,0.05,1,738,97,0.0,0.0,1,0,1
No Adaptive,5,349,train,strong,player_win,-10.0,5,50.0,1,Very Easy,0.05,0.05,1,740,97,0.0,0.0,2,0,0
No Adaptive,5,350,train,strong,player_win,-10.0,5,50.0,1,Very Easy,0.05,0.05,1,742,97,0.0,0.0,1,0,1
No Adaptive,5,351,train,strong,player_win,-10.0,5,50.0,1,Very Easy,0.05,0.05,1,744,97,0.0,0.0,1,0,1
No Adaptive,5,352,train,strong,player_win,-10.0,5,50.0,1,Very Easy,0.05,0.05,1,746,97,0.0,0.0,1,1,0
No Adaptive,5,353,train,strong,player_win,-10.0,5,50.0,1,Very Easy,0.05,0.05,1,748,97,0.0,0.0,1,0,1
No Adaptive,5,354,train,strong,player_win,-10.0,5,50.0,1,Very Easy,0.05,0.05,1,750,97,0.0,0.0,1,0,1
No Adaptive,5,355,train,strong,player_win,-10.0,5,50.0,1,Very Easy,0.05,0.05,1,752,97,0.0,0.0,1,0,1
No Adaptive,5,356,train,strong,player_win,-10.0,5,50.0,1,Very Easy,0.05,0.05,1,754,97,0.0,0.0,1,1,0
No Adaptive,5,357,train,strong,player_win,-10.0,5,50.0,1,Very Easy,0.05,0.05,1,756,97,0.0,0.0,1,0,1
No Adaptive,5,358,train,strong,player_win,-10.0,5,50.0,1,Very Easy,0.05,0.05,1,758,98,0.0,0.0,1,0,1
No Adaptive,5,359,train,strong,player_win,-10.0,5,50.0,1,Very Easy,0.05,0.05,1,760,98,0.0,0.0,1,0,1
No Adaptive,5,360,train,strong,player_win,-10.0,5,50.0,1,Very Easy,0.05,0.05,1,762,98,0.0,0.0,1,0,1
No Adaptive,5,361,train,strong,player_win,-10.0,5,50.0,1,Very Easy,0.05,0.05,1,764,98,0.0,0.0,1,0,1
No Adaptive,5,362,train,strong,player_win,-10.0,5,50.0,1,Very Easy,0.05,0.05,1,766,98,0.0,0.0,1,0,1
No Adaptive,5,363,train,strong,player_win,-10.0,5,50.0,1,Very Easy,0.05,0.05,1,768,98,0.0,0.0,1,0,1
No Adaptive,5,364,train,strong,player_win,-10.0,5,50.0,1,Very Easy,0.05,0.05,1,770,98,0.0,0.0,1,0,1
No Adaptive,5,365,train,strong,player_win,-10.0,5,50.0,1,Very Easy,0.05,0.05,1,772,99,0.0,0.0,1,0,1
No Adaptive,5,366,train,strong,player_win,-10.0,5,50.0,1,Very Easy,0.05,0.05,1,774,99,0.0,0.0,1,0,1
No Adaptive,5,367,train,strong,player_win,-10.0,5,50.0,1,Very Easy,0.05,0.05,1,776,99,0.0,0.0,1,0,1
No Adaptive,5,368,train,strong,player_win,-10.0,5,50.0,1,Very Easy,0.05,0.05,1,778,99,0.0,0.0,1,0,1
No Adaptive,5,369,train,strong,player_win,-10.0,5,50.0,1,Very Easy,0.05,0.05,1,780,99,0.0,0.0,1,0,1
No Adaptive,5,370,train,strong,player_win,-10.0,7,50.0,1,Very Easy,0.05,0.05,1,783,99,0.0,0.0,2,0,1
No Adaptive,5,371,train,strong,player_win,-10.0,5,50.0,1,Very Easy,0.05,0.05,1,785,99,0.0,0.0,1,0,1
No Adaptive,5,372,train,strong,player_win,-10.0,5,50.0,1,Very Easy,0.05,0.05,1,787,99,0.0,0.0,1,0,1
No Adaptive,5,373,train,strong,player_win,-10.0,5,50.0,1,Very Easy,0.05,0.05,1,789,99,0.0,0.0,1,0,1
No Adaptive,5,374,train,strong,player_win,-10.0,5,50.0,1,Very Easy,0.05,0.05,1,791,99,0.0,0.0,1,0,1
No Adaptive,5,375,train,strong,player_win,-10.0,5,50.0,1,Very Easy,0.05,0.05,1,793,99,0.0,0.0,1,0,1
No Adaptive,5,376,train,strong,player_win,-10.0,5,50.0,1,Very Easy,0.05,0.05,1,795,99,0.0,0.0,1,0,1
No Adaptive,5,377,train,strong,player_win,-10.0,5,50.0,1,Very Easy,0.05,0.05,1,797,99,0.0,0.0,1,0,1
No Adaptive,5,378,train,strong,player_win,-10.0,5,50.0,1,Very Easy,0.05,0.05,1,799,99,0.0,0.0,2,0,0
No Adaptive,5,379,train,strong,player_win,-10.0,5,50.0,1,Very Easy,0.05,0.05,1,801,99,0.0,0.0,1,0,1
No Adaptive,5,380,train,strong,player_win,-10.0,7,50.0,1,Very Easy,0.05,0.05,1,804,99,0.0,0.0,2,0,1
No Adaptive,5,381,train,strong,player_win,-10.0,7,50.0,1,Very Easy,0.05,0.05,1,807,99,0.0,0.0,2,0,1
No Adaptive,5,382,train,strong,player_win,-10.0,7,50.0,1,Very Easy,0.05,0.05,1,810,99,0.0,0.0,2,0,1
No Adaptive,5,383,train,strong,player_win,-10.0,5,50.0,1,Very Easy,0.05,0.05,1,812,99,0.0,0.0,1,0,1
No Adaptive,5,384,train,strong,player_win,-10.0,7,50.0,1,Very Easy,0.05,0.05,1,815,99,0.0,0.0,2,0,1
No Adaptive,5,385,train,strong,player_win,-10.0,5,50.0,1,Very Easy,0.05,0.05,1,817,99,0.0,0.0,2,0,0
No Adaptive,5,386,train,strong,player_win,-10.0,5,50.0,1,Very Easy,0.05,0.05,1,819,99,0.0,0.0,1,0,1
No Adaptive,5,387,train,strong,player_win,-10.0,5,50.0,1,Very Easy,0.05,0.05,1,821,99,0.0,0.0,1,0,1
No Adaptive,5,388,train,strong,player_win,-10.0,5,50.0,1,Very Easy,0.05,0.05,1,823,99,0.0,0.0,1,0,1
No Adaptive,5,389,train,strong,player_win,-10.0,7,50.0,1,Very Easy,0.05,0.05,1,826,99,0.0,0.0,2,0,1
No Adaptive,5,390,train,strong,player_win,-10.0,5,50.0,1,Very Easy,0.05,0.05,1,828,99,0.0,0.0,1,0,1
No Adaptive,5,391,train,strong,player_win,-10.0,5,50.0,1,Very Easy,0.05,0.05,1,830,99,0.0,0.0,1,0,1
No Adaptive,5,392,train,strong,player_win,-10.0,7,50.0,1,Very Easy,0.05,0.05,1,833,99,0.0,0.0,2,0,1
No Adaptive,5,393,train,strong,player_win,-10.0,5,50.0,1,Very Easy,0.05,0.05,1,835,99,0.0,0.0,1,0,1
No Adaptive,5,394,train,strong,player_win,-10.0,5,50.0,1,Very Easy,0.05,0.05,1,837,99,0.0,0.0,1,0,1
No Adaptive,5,395,train,strong,player_win,-10.0,5,50.0,1,Very Easy,0.05,0.05,1,839,99,0.0,0.0,1,0,1
No Adaptive,5,396,train,strong,player_win,-10.0,5,50.0,1,Very Easy,0.05,0.05,1,841,99,0.0,0.0,1,0,1
No Adaptive,5,397,train,strong,player_win,-10.0,5,50.0,1,Very Easy,0.05,0.05,1,843,99,0.0,0.0,1,0,1
No Adaptive,5,398,train,strong,player_win,-10.0,5,50.0,1,Very Easy,0.05,0.05,1,845,99,0.0,0.0,1,0,1
No Adaptive,5,399,train,strong,player_win,-10.0,5,50.0,1,Very Easy,0.05,0.05,1,847,99,0.0,0.0,1,0,1
No Adaptive,5,400,train,strong,player_win,-10.0,5,50.0,1,Very Easy,0.05,0.05,1,849,99,0.0,0.0,1,0,1
No Adaptive,5,401,train,strong,player_win,-10.0,5,50.0,1,Very Easy,0.05,0.05,1,851,99,0.0,0.0,1,0,1
No Adaptive,5,402,train,strong,player_win,-10.0,5,50.0,1,Very Easy,0.05,0.05,1,853,99,0.0,0.0,1,0,1
No Adaptive,5,403,train,strong,player_win,-10.0,5,50.0,1,Very Easy,0.05,0.05,1,855,99,0.0,0.0,1,0,1
No Adaptive,5,404,train,strong,player_win,-10.0,7,50.0,1,Very Easy,0.05,0.05,1,858,99,0.0,0.0,2,0,1
No Adaptive,5,405,train,strong,player_win,-10.0,5,50.0,1,Very Easy,0.05,0.05,1,860,99,0.0,0.0,1,0,1
No Adaptive,5,406,train,strong,player_win,-10.0,5,50.0,1,Very Easy,0.05,0.05,1,862,99,0.0,0.0,1,1,0
No Adaptive,5,407,train,strong,player_win,-10.0,5,50.0,1,Very Easy,0.05,0.05,1,864,99,0.0,0.0,1,0,1
No Adaptive,5,408,train,strong,player_win,-10.0,5,50.0,1,Very Easy,0.05,0.05,1,866,99,0.0,0.0,1,0,1
No Adaptive,5,409,train,strong,player_win,-10.0,5,50.0,1,Very Easy,0.05,0.05,1,868,99,0.0,0.0,1,0,1
No Adaptive,5,410,train,strong,player_win,-10.0,5,50.0,1,Very Easy,0.05,0.05,1,870,99,0.0,0.0,2,0,0
No Adaptive,5,411,train,strong,player_win,-10.0,5,50.0,1,Very Easy,0.05,0.05,1,872,99,0.0,0.0,1,0,1
No Adaptive,5,412,train,strong,player_win,-10.0,5,50.0,1,Very Easy,0.05,0.05,1,874,99,0.0,0.0,1,0,1
No Adaptive,5,413,train,strong,player_win,-10.0,5,50.0,1,Very Easy,0.05,0.05,1,876,99,0.0,0.0,1,1,0
No Adaptive,5,414,train,strong,player_win,-10.0,5,50.0,1,Very Easy,0.05,0.05,1,878,99,0.0,0.0,1,0,1
No Adaptive,5,415,train,strong,player_win,-10.0,5,50.0,1,Very Easy,0.05,0.05,1,880,99,0.0,0.0,1,0,1
No Adaptive,5,416,train,strong,player_win,-10.0,5,50.0,1,Very Easy,0.05,0.05,1,882,99,0.0,0.0,1,0,1
No Adaptive,5,417,train,strong,player_win,-10.0,5,50.0,1,Very Easy,0.05,0.05,1,884,99,0.0,0.0,1,0,1
No Adaptive,5,418,train,strong,player_win,-10.0,5,50.0,1,Very Easy,0.05,0.05,1,886,99,0.0,0.0,1,0,1
No Adaptive,5,419,train,strong,player_win,-10.0,5,50.0,1,Very Easy,0.05,0.05,1,888,99,0.0,0.0,1,0,1
No Adaptive,5,420,train,strong,player_win,-10.0,7,50.0,1,Very Easy,0.05,0.05,1,891,99,0.0,0.0,2,0,1
No Adaptive,5,421,train,strong,player_win,-10.0,5,50.0,1,Very Easy,0.05,0.05,1,893,99,0.0,0.0,1,0,1
No Adaptive,5,422,train,strong,player_win,-10.0,5,50.0,1,Very Easy,0.05,0.05,1,895,99,0.0,0.0,1,1,0
No Adaptive,5,423,train,strong,player_win,-10.0,5,50.0,1,Very Easy,0.05,0.05,1,897,99,0.0,0.0,1,0,1
No Adaptive,5,424,train,strong,player_win,-10.0,5,50.0,1,Very Easy,0.05,0.05,1,899,99,0.0,0.0,1,0,1
No Adaptive,5,425,train,strong,player_win,-10.0,5,50.0,1,Very Easy,0.05,0.05,1,901,99,0.0,0.0,1,0,1
No Adaptive,5,426,train,strong,player_win,-10.0,5,50.0,1,Very Easy,0.05,0.05,1,903,99,0.0,0.0,1,0,1
No Adaptive,5,427,train,strong,player_win,-10.0,5,50.0,1,Very Easy,0.05,0.05,1,905,99,0.0,0.0,1,0,1
No Adaptive,5,428,train,strong,player_win,-10.0,5,50.0,1,Very Easy,0.05,0.05,1,907,99,0.0,0.0,1,1,0
No Adaptive,5,429,train,strong,player_win,-10.0,5,50.0,1,Very Easy,0.05,0.05,1,909,99,0.0,0.0,1,0,1
No Adaptive,5,430,train,strong,player_win,-10.0,7,50.0,1,Very Easy,0.05,0.05,1,912,99,0.0,0.0,2,0,1
No Adaptive,5,431,train,strong,player_win,-10.0,7,50.0,1,Very Easy,0.05,0.05,1,915,99,0.0,0.0,2,0,1
No Adaptive,5,432,train,strong,player_win,-10.0,5,50.0,1,Very Easy,0.05,0.05,1,917,99,0.0,0.0,1,0,1
No Adaptive,5,433,train,strong,player_win,-10.0,5,50.0,1,Very Easy,0.05,0.05,1,919,99,0.0,0.0,1,0,1
No Adaptive,5,434,train,strong,player_win,-10.0,5,50.0,1,Very Easy,0.05,0.05,1,921,99,0.0,0.0,1,0,1
No Adaptive,5,435,train,strong,player_win,-10.0,5,50.0,1,Very Easy,0.05,0.05,1,923,99,0.0,0.0,1,0,1
No Adaptive,5,436,train,strong,player_win,-10.0,5,50.0,1,Very Easy,0.05,0.05,1,925,99,0.0,0.0,2,0,0
No Adaptive,5,437,train,strong,player_win,-10.0,5,50.0,1,Very Easy,0.05,0.05,1,927,99,0.0,0.0,1,0,1
No Adaptive,5,438,train,strong,player_win,-10.0,5,50.0,1,Very Easy,0.05,0.05,1,929,99,0.0,0.0,1,0,1
No Adaptive,5,439,train,strong,player_win,-10.0,5,50.0,1,Very Easy,0.05,0.05,1,931,99,0.0,0.0,1,0,1
No Adaptive,5,440,train,strong,player_win,-10.0,5,50.0,1,Very Easy,0.05,0.05,1,933,99,0.0,0.0,1,0,1
No Adaptive,5,441,train,strong,player_win,-10.0,5,50.0,1,Very Easy,0.05,0.05,1,935,99,0.0,0.0,1,0,1
No Adaptive,5,442,train,strong,player_win,-10.0,5,50.0,1,Very Easy,0.05,0.05,1,937,99,0.0,0.0,1,0,1
No Adaptive,5,443,train,strong,player_win,-10.0,5,50.0,1,Very Easy,0.05,0.05,1,939,99,0.0,0.0,1,0,1
No Adaptive,5,444,train,strong,player_win,-10.0,5,50.0,1,Very Easy,0.05,0.05,1,941,99,0.0,0.0,1,0,1
No Adaptive,5,445,train,strong,player_win,-10.0,5,50.0,1,Very Easy,0.05,0.05,1,943,99,0.0,0.0,1,0,1
No Adaptive,5,446,train,strong,player_win,-10.0,5,50.0,1,Very Easy,0.05,0.05,1,945,99,0.0,0.0,1,0,1
No Adaptive,5,447,train,strong,player_win,-10.0,5,50.0,1,Very Easy,0.05,0.05,1,947,99,0.0,0.0,1,0,1
No Adaptive,5,448,train,strong,player_win,-10.0,7,50.0,1,Very Easy,0.05,0.05,1,950,99,0.0,0.0,2,0,1
No Adaptive,5,449,train,strong,player_win,-10.0,5,50.0,1,Very Easy,0.05,0.05,1,952,99,0.0,0.0,1,0,1
No Adaptive,5,450,train,strong,player_win,-10.0,5,50.0,1,Very Easy,0.05,0.05,1,954,99,0.0,0.0,1,0,1
No Adaptive,5,451,train,strong,player_win,-10.0,7,50.0,1,Very Easy,0.05,0.05,1,957,99,0.0,0.0,2,0,1
No Adaptive,5,452,train,strong,player_win,-10.0,5,50.0,1,Very Easy,0.05,0.05,1,959,99,0.0,0.0,1,0,1
No Adaptive,5,453,train,strong,player_win,-10.0,5,50.0,1,Very Easy,0.05,0.05,1,961,99,0.0,0.0,1,0,1
No Adaptive,5,454,train,strong,player_win,-10.0,5,50.0,1,Very Easy,0.05,0.05,1,963,99,0.0,0.0,1,0,1
No Adaptive,5,455,train,strong,player_win,-10.0,5,50.0,1,Very Easy,0.05,0.05,1,965,99,0.0,0.0,1,0,1
No Adaptive,5,456,train,strong,player_win,-10.0,5,50.0,1,Very Easy,0.05,0.05,1,967,99,0.0,0.0,1,0,1
No Adaptive,5,457,train,strong,player_win,-10.0,5,50.0,1,Very Easy,0.05,0.05,1,969,99,0.0,0.0,1,0,1
No Adaptive,5,458,train,strong,player_win,-10.0,5,50.0,1,Very Easy,0.05,0.05,1,971,99,0.0,0.0,1,0,1
No Adaptive,5,459,train,strong,player_win,-10.0,5,50.0,1,Very Easy,0.05,0.05,1,973,99,0.0,0.0,1,0,1
No Adaptive,5,460,train,strong,player_win,-10.0,5,50.0,1,Very Easy,0.05,0.05,1,975,99,0.0,0.0,1,0,1
No Adaptive,5,461,train,strong,player_win,-10.0,5,50.0,1,Very Easy,0.05,0.05,1,977,99,0.0,0.0,1,0,1
No Adaptive,5,462,train,strong,player_win,-10.0,5,50.0,1,Very Easy,0.05,0.05,1,979,99,0.0,0.0,1,0,1
No Adaptive,5,463,train,strong,player_win,-10.0,5,50.0,1,Very Easy,0.05,0.05,1,981,99,0.0,0.0,1,0,1
No Adaptive,5,464,train,strong,player_win,-10.0,5,50.0,1,Very Easy,0.05,0.05,1,983,99,0.0,0.0,1,0,1
No Adaptive,5,465,train,strong,player_win,-10.0,7,50.0,1,Very Easy,0.05,0.05,1,986,100,0.0,0.0,2,0,1
No Adaptive,5,466,train,strong,player_win,-10.0,5,50.0,1,Very Easy,0.05,0.05,1,988,100,0.0,0.0,1,0,1
No Adaptive,5,467,train,strong,player_win,-10.0,5,50.0,1,Very Easy,0.05,0.05,1,990,100,0.0,0.0,1,0,1
No Adaptive,5,468,train,strong,player_win,-10.0,5,50.0,1,Very Easy,0.05,0.05,1,992,100,0.0,0.0,1,0,1
No Adaptive,5,469,train,strong,player_win,-10.0,5,50.0,1,Very Easy,0.05,0.05,1,994,100,0.0,0.0,1,0,1
No Adaptive,5,470,train,strong,player_win,-10.0,7,50.0,1,Very Easy,0.05,0.05,1,997,100,0.0,0.0,2,0,1
No Adaptive,5,471,train,strong,player_win,-10.0,5,50.0,1,Very Easy,0.05,0.05,1,999,100,0.0,0.0,1,0,1
No Adaptive,5,472,train,strong,player_win,-10.0,7,50.0,1,Very Easy,0.05,0.05,1,1002,100,0.0,0.0,2,0,1
No Adaptive,5,473,train,strong,player_win,-10.0,7,50.0,1,Very Easy,0.05,0.05,1,1005,100,0.0,0.0,2,0,1
No Adaptive,5,474,train,strong,player_win,-10.0,5,50.0,1,Very Easy,0.05,0.05,1,1007,100,0.0,0.0,1,0,1
No Adaptive,5,475,train,strong,player_win,-10.0,7,50.0,1,Very Easy,0.05,0.05,1,1010,100,0.0,0.0,2,0,1
No Adaptive,5,476,train,strong,player_win,-10.0,5,50.0,1,Very Easy,0.05,0.05,1,1012,100,0.0,0.0,1,0,1
No Adaptive,5,477,train,strong,player_win,-10.0,5,50.0,1,Very Easy,0.05,0.05,1,1014,100,0.0,0.0,1,0,1
No Adaptive,5,478,train,strong,player_win,-10.0,5,50.0,1,Very Easy,0.05,0.05,1,1016,100,0.0,0.0,1,0,1
No Adaptive,5,479,train,strong,player_win,-10.0,5,50.0,1,Very Easy,0.05,0.05,1,1018,100,0.0,0.0,1,0,1
No Adaptive,5,480,train,strong,player_win,-10.0,5,50.0,1,Very Easy,0.05,0.05,1,1020,100,0.0,0.0,1,0,1
No Adaptive,5,481,train,strong,player_win,-10.0,5,50.0,1,Very Easy,0.05,0.05,1,1022,100,0.0,0.0,1,0,1
No Adaptive,5,482,train,strong,player_win,-10.0,5,50.0,1,Very Easy,0.05,0.05,1,1024,100,0.0,0.0,1,0,1
No Adaptive,5,483,train,strong,player_win,-10.0,5,50.0,1,Very Easy,0.05,0.05,1,1026,100,0.0,0.0,1,0,1
No Adaptive,5,484,train,strong,player_win,-10.0,5,50.0,1,Very Easy,0.05,0.05,1,1028,100,0.0,0.0,1,0,1
No Adaptive,5,485,train,strong,player_win,-10.0,5,50.0,1,Very Easy,0.05,0.05,1,1030,100,0.0,0.0,1,0,1
No Adaptive,5,486,train,strong,player_win,-10.0,7,50.0,1,Very Easy,0.05,0.05,1,1033,100,0.0,0.0,2,0,1
No Adaptive,5,487,train,strong,player_win,-10.0,5,50.0,1,Very Easy,0.05,0.05,1,1035,100,0.0,0.0,1,0,1
No Adaptive,5,488,train,strong,player_win,-10.0,5,50.0,1,Very Easy,0.05,0.05,1,1037,100,0.0,0.0,1,0,1
No Adaptive,5,489,train,strong,player_win,-10.0,5,50.0,1,Very Easy,0.05,0.05,1,1039,100,0.0,0.0,1,0,1
No Adaptive,5,490,train,strong,player_win,-10.0,5,50.0,1,Very Easy,0.05,0.05,1,1041,100,0.0,0.0,1,0,1
No Adaptive,5,491,train,strong,player_win,-10.0,5,50.0,1,Very Easy,0.05,0.05,1,1043,100,0.0,0.0,1,0,1
No Adaptive,5,492,train,strong,player_win,-10.0,5,50.0,1,Very Easy,0.05,0.05,1,1045,100,0.0,0.0,1,0,1
No Adaptive,5,493,train,strong,player_win,-10.0,5,50.0,1,Very Easy,0.05,0.05,1,1047,100,0.0,0.0,1,0,1
No Adaptive,5,494,train,strong,player_win,-10.0,5,50.0,1,Very Easy,0.05,0.05,1,1049,100,0.0,0.0,1,0,1
No Adaptive,5,495,train,strong,player_win,-10.0,5,50.0,1,Very Easy,0.05,0.05,1,1051,100,0.0,0.0,1,0,1
No Adaptive,5,496,train,strong,player_win,-10.0,5,50.0,1,Very Easy,0.05,0.05,1,1053,100,0.0,0.0,1,0,1
No Adaptive,5,497,train,strong,player_win,-10.0,5,50.0,1,Very Easy,0.05,0.05,1,1055,100,0.0,0.0,1,0,1
No Adaptive,5,498,train,strong,player_win,-10.0,5,50.0,1,Very Easy,0.05,0.05,1,1057,100,0.0,0.0,1,0,1
No Adaptive,5,499,train,strong,player_win,-10.0,5,50.0,1,Very Easy,0.05,0.05,1,1059,100,0.0,0.0,1,0,1
No Adaptive,5,500,train,strong,player_win,-10.0,5,50.0,1,Very Easy,0.05,0.05,1,1061,100,0.0,0.0,1,0,1
No Adaptive,5,501,train,strong,player_win,-10.0,5,50.0,1,Very Easy,0.05,0.05,1,1063,100,0.0,0.0,1,0,1
No Adaptive,5,502,train,strong,player_win,-10.0,5,50.0,1,Very Easy,0.05,0.05,1,1065,100,0.0,0.0,1,0,1
No Adaptive,5,503,train,strong,player_win,-10.0,5,50.0,1,Very Easy,0.05,0.05,1,1067,100,0.0,0.0,1,0,1
No Adaptive,5,504,train,strong,player_win,-10.0,5,50.0,1,Very Easy,0.05,0.05,1,1069,100,0.0,0.0,1,0,1
No Adaptive,5,505,train,strong,player_win,-10.0,5,50.0,1,Very Easy,0.05,0.05,1,1071,100,0.0,0.0,1,0,1
No Adaptive,5,506,train,strong,player_win,-10.0,5,50.0,1,Very Easy,0.05,0.05,1,1073,100,0.0,0.0,1,0,1
No Adaptive,5,507,train,strong,player_win,-10.0,5,50.0,1,Very Easy,0.05,0.05,1,1075,100,0.0,0.0,1,0,1
No Adaptive,5,508,train,strong,player_win,-10.0,5,50.0,1,Very Easy,0.05,0.05,1,1077,100,0.0,0.0,1,0,1
No Adaptive,5,509,train,strong,player_win,-10.0,5,50.0,1,Very Easy,0.05,0.05,1,1079,100,0.0,0.0,1,1,0
No Adaptive,5,510,train,strong,player_win,-10.0,5,50.0,1,Very Easy,0.05,0.05,1,1081,100,0.0,0.0,1,0,1
No Adaptive,5,511,train,strong,player_win,-10.0,5,50.0,1,Very Easy,0.05,0.05,1,1083,100,0.0,0.0,1,0,1
No Adaptive,5,512,train,strong,player_win,-10.0,7,50.0,1,Very Easy,0.05,0.05,1,1086,100,0.0,0.0,2,0,1
No Adaptive,5,513,train,strong,player_win,-10.0,5,50.0,1,Very Easy,0.05,0.05,1,1088,100,0.0,0.0,1,0,1
No Adaptive,5,514,train,strong,player_win,-10.0,5,50.0,1,Very Easy,0.05,0.05,1,1090,100,0.0,0.0,1,0,1
No Adaptive,5,515,train,strong,player_win,-10.0,5,50.0,1,Very Easy,0.05,0.05,1,1092,100,0.0,0.0,1,0,1
No Adaptive,5,516,train,strong,player_win,-10.0,5,50.0,1,Very Easy,0.05,0.05,1,1094,100,0.0,0.0,1,0,1
No Adaptive,5,517,train,strong,player_win,-10.0,5,50.0,1,Very Easy,0.05,0.05,1,1096,100,0.0,0.0,1,0,1
No Adaptive,5,518,train,strong,player_win,-10.0,5,50.0,1,Very Easy,0.05,0.05,1,1098,100,0.0,0.0,1,0,1
No Adaptive,5,519,train,strong,player_win,-10.0,5,50.0,1,Very Easy,0.05,0.05,1,1100,100,0.0,0.0,1,0,1
No Adaptive,5,520,train,strong,player_win,-10.0,7,50.0,1,Very Easy,0.05,0.05,1,1103,100,0.0,0.0,2,0,1
No Adaptive,5,521,train,strong,player_win,-10.0,7,50.0,1,Very Easy,0.05,0.05,1,1106,100,0.0,0.0,2,0,1
No Adaptive,5,522,train,strong,player_win,-10.0,5,50.0,1,Very Easy,0.05,0.05,1,1108,100,0.0,0.0,1,0,1
No Adaptive,5,523,train,strong,player_win,-10.0,5,50.0,1,Very Easy,0.05,0.05,1,1110,100,0.0,0.0,1,0,1
No Adaptive,5,524,train,strong,player_win,-10.0,5,50.0,1,Very Easy,0.05,0.05,1,1112,100,0.0,0.0,1,0,1
No Adaptive,5,525,train,strong,player_win,-10.0,5,50.0,1,Very Easy,0.05,0.05,1,1114,100,0.0,0.0,1,0,1
No Adaptive,5,526,train,strong,player_win,-10.0,5,50.0,1,Very Easy,0.05,0.05,1,1116,100,0.0,0.0,1,0,1
No Adaptive,5,527,train,strong,player_win,-10.0,7,50.0,1,Very Easy,0.05,0.05,1,1119,100,0.0,0.0,2,0,1
No Adaptive,5,528,train,strong,player_win,-10.0,5,50.0,1,Very Easy,0.05,0.05,1,1121,100,0.0,0.0,1,0,1
No Adaptive,5,529,train,strong,player_win,-10.0,5,50.0,1,Very Easy,0.05,0.05,1,1123,100,0.0,0.0,1,0,1
No Adaptive,5,530,train,strong,player_win,-10.0,5,50.0,1,Very Easy,0.05,0.05,1,1125,100,0.0,0.0,2,0,0
No Adaptive,5,531,train,strong,player_win,-10.0,5,50.0,1,Very Easy,0.05,0.05,1,1127,100,0.0,0.0,1,0,1
No Adaptive,5,532,train,strong,player_win,-10.0,5,50.0,1,Very Easy,0.05,0.05,1,1129,100,0.0,0.0,1,0,1
No Adaptive,5,533,train,strong,player_win,-10.0,7,50.0,1,Very Easy,0.05,0.05,1,1132,100,0.0,0.0,2,0,1
No Adaptive,5,534,train,strong,player_win,-10.0,5,50.0,1,Very Easy,0.05,0.05,1,1134,100,0.0,0.0,1,0,1
No Adaptive,5,535,train,strong,player_win,-10.0,5,50.0,1,Very Easy,0.05,0.05,1,1136,100,0.0,0.0,1,0,1
No Adaptive,5,536,train,strong,player_win,-10.0,5,50.0,1,Very Easy,0.05,0.05,1,1138,100,0.0,0.0,1,0,1
No Adaptive,5,537,train,strong,player_win,-10.0,5,50.0,1,Very Easy,0.05,0.05,1,1140,100,0.0,0.0,1,0,1
No Adaptive,5,538,train,strong,player_win,-10.0,5,50.0,1,Very Easy,0.05,0.05,1,1142,100,0.0,0.0,1,1,0
No Adaptive,5,539,train,strong,player_win,-10.0,5,50.0,1,Very Easy,0.05,0.05,1,1144,100,0.0,0.0,1,0,1
No Adaptive,5,540,train,strong,player_win,-10.0,5,50.0,1,Very Easy,0.05,0.05,1,1146,100,0.0,0.0,1,0,1
No Adaptive,5,541,train,strong,player_win,-10.0,5,50.0,1,Very Easy,0.05,0.05,1,1148,100,0.0,0.0,1,0,1
No Adaptive,5,542,train,strong,player_win,-10.0,5,50.0,1,Very Easy,0.05,0.05,1,1150,100,0.0,0.0,2,0,0
No Adaptive,5,543,train,strong,player_win,-10.0,5,50.0,1,Very Easy,0.05,0.05,1,1152,100,0.0,0.0,1,0,1
No Adaptive,5,544,train,strong,player_win,-10.0,5,50.0,1,Very Easy,0.05,0.05,1,1154,100,0.0,0.0,1,0,1
No Adaptive,5,545,train,strong,player_win,-10.0,5,50.0,1,Very Easy,0.05,0.05,1,1156,100,0.0,0.0,1,0,1
No Adaptive,5,546,train,strong,player_win,-10.0,5,50.0,1,Very Easy,0.05,0.05,1,1158,100,0.0,0.0,1,0,1
No Adaptive,5,547,train,strong,player_win,-10.0,5,50.0,1,Very Easy,0.05,0.05,1,1160,100,0.0,0.0,1,0,1
No Adaptive,5,548,train,strong,player_win,-10.0,7,50.0,1,Very Easy,0.05,0.05,1,1163,100,0.0,0.0,2,0,1
No Adaptive,5,549,train,strong,player_win,-10.0,5,50.0,1,Very Easy,0.05,0.05,1,1165,100,0.0,0.0,1,0,1
No Adaptive,5,550,train,strong,player_win,-10.0,5,50.0,1,Very Easy,0.05,0.05,1,1167,100,0.0,0.0,1,0,1
No Adaptive,5,551,train,strong,player_win,-10.0,5,50.0,1,Very Easy,0.05,0.05,1,1169,100,0.0,0.0,1,0,1
No Adaptive,5,552,train,strong,player_win,-10.0,5,50.0,1,Very Easy,0.05,0.05,1,1171,100,0.0,0.0,1,0,1
No Adaptive,5,553,train,strong,player_win,-10.0,5,50.0,1,Very Easy,0.05,0.05,1,1173,100,0.0,0.0,1,0,1
No Adaptive,5,554,train,strong,player_win,-10.0,5,50.0,1,Very Easy,0.05,0.05,1,1175,100,0.0,0.0,1,0,1
No Adaptive,5,555,train,strong,player_win,-10.0,5,50.0,1,Very Easy,0.05,0.05,1,1177,100,0.0,0.0,1,0,1
No Adaptive,5,556,train,strong,player_win,-10.0,5,50.0,1,Very Easy,0.05,0.05,1,1179,100,0.0,0.0,1,0,1
No Adaptive,5,557,train,strong,player_win,-10.0,5,50.0,1,Very Easy,0.05,0.05,1,1181,100,0.0,0.0,1,0,1
No Adaptive,5,558,train,strong,player_win,-10.0,5,50.0,1,Very Easy,0.05,0.05,1,1183,100,0.0,0.0,2,0,0
No Adaptive,5,559,train,strong,player_win,-10.0,5,50.0,1,Very Easy,0.05,0.05,1,1185,100,0.0,0.0,2,0,0
No Adaptive,5,560,train,strong,player_win,-10.0,5,50.0,1,Very Easy,0.05,0.05,1,1187,100,0.0,0.0,1,0,1
No Adaptive,5,561,train,strong,player_win,-10.0,5,50.0,1,Very Easy,0.05,0.05,1,1189,100,0.0,0.0,1,0,1
No Adaptive,5,562,train,strong,player_win,-10.0,5,50.0,1,Very Easy,0.05,0.05,1,1191,100,0.0,0.0,1,0,1
No Adaptive,5,563,train,strong,player_win,-10.0,5,50.0,1,Very Easy,0.05,0.05,1,1193,100,0.0,0.0,1,0,1
No Adaptive,5,564,train,strong,player_win,-10.0,5,50.0,1,Very Easy,0.05,0.05,1,1195,100,0.0,0.0,1,0,1
No Adaptive,5,565,train,strong,player_win,-10.0,5,50.0,1,Very Easy,0.05,0.05,1,1197,100,0.0,0.0,1,0,1
No Adaptive,5,566,train,strong,player_win,-10.0,5,50.0,1,Very Easy,0.05,0.05,1,1199,100,0.0,0.0,1,0,1
No Adaptive,5,567,train,strong,player_win,-10.0,5,50.0,1,Very Easy,0.05,0.05,1,1201,100,0.0,0.0,1,0,1
No Adaptive,5,568,train,strong,player_win,-10.0,5,50.0,1,Very Easy,0.05,0.05,1,1203,100,0.0,0.0,1,0,1
No Adaptive,5,569,train,strong,player_win,-10.0,7,50.0,1,Very Easy,0.05,0.05,1,1206,100,0.0,0.0,2,0,1
No Adaptive,5,570,train,strong,player_win,-10.0,7,50.0,1,Very Easy,0.05,0.05,1,1209,100,0.0,0.0,2,0,1
No Adaptive,5,571,train,strong,player_win,-10.0,5,50.0,1,Very Easy,0.05,0.05,1,1211,100,0.0,0.0,1,0,1
No Adaptive,5,572,train,strong,player_win,-10.0,5,50.0,1,Very Easy,0.05,0.05,1,1213,100,0.0,0.0,1,0,1
No Adaptive,5,573,train,strong,player_win,-10.0,5,50.0,1,Very Easy,0.05,0.05,1,1215,100,0.0,0.0,1,0,1
No Adaptive,5,574,train,strong,player_win,-10.0,5,50.0,1,Very Easy,0.05,0.05,1,1217,100,0.0,0.0,1,0,1
No Adaptive,5,575,train,strong,player_win,-10.0,5,50.0,1,Very Easy,0.05,0.05,1,1219,100,0.0,0.0,1,0,1
No Adaptive,5,576,train,strong,player_win,-10.0,5,50.0,1,Very Easy,0.05,0.05,1,1221,100,0.0,0.0,1,0,1
No Adaptive,5,577,train,strong,player_win,-10.0,5,50.0,1,Very Easy,0.05,0.05,1,1223,100,0.0,0.0,1,0,1
No Adaptive,5,578,train,strong,player_win,-10.0,5,50.0,1,Very Easy,0.05,0.05,1,1225,100,0.0,0.0,1,0,1
No Adaptive,5,579,train,strong,player_win,-10.0,5,50.0,1,Very Easy,0.05,0.05,1,1227,100,0.0,0.0,1,0,1
No Adaptive,5,580,train,strong,player_win,-10.0,5,50.0,1,Very Easy,0.05,0.05,1,1229,100,0.0,0.0,1,0,1
No Adaptive,5,581,train,strong,player_win,-10.0,5,50.0,1,Very Easy,0.05,0.05,1,1231,100,0.0,0.0,1,0,1
No Adaptive,5,582,train,strong,player_win,-10.0,5,50.0,1,Very Easy,0.05,0.05,1,1233,100,0.0,0.0,1,0,1
No Adaptive,5,583,train,strong,player_win,-10.0,5,50.0,1,Very Easy,0.05,0.05,1,1235,100,0.0,0.0,1,0,1
No Adaptive,5,584,train,strong,player_win,-10.0,7,50.0,1,Very Easy,0.05,0.05,1,1238,100,0.0,0.0,2,0,1
No Adaptive,5,585,train,strong,player_win,-10.0,5,50.0,1,Very Easy,0.05,0.05,1,1240,100,0.0,0.0,1,0,1
No Adaptive,5,586,train,strong,player_win,-10.0,5,50.0,1,Very Easy,0.05,0.05,1,1242,100,0.0,0.0,1,0,1
No Adaptive,5,587,train,strong,player_win,-10.0,5,50.0,1,Very Easy,0.05,0.05,1,1244,100,0.0,0.0,1,0,1
No Adaptive,5,588,train,strong,player_win,-10.0,5,50.0,1,Very Easy,0.05,0.05,1,1246,100,0.0,0.0,1,0,1
No Adaptive,5,589,train,strong,player_win,-10.0,5,50.0,1,Very Easy,0.05,0.05,1,1248,100,0.0,0.0,1,0,1
No Adaptive,5,590,train,strong,player_win,-10.0,5,50.0,1,Very Easy,0.05,0.05,1,1250,100,0.0,0.0,1,0,1
No Adaptive,5,591,train,strong,player_win,-10.0,5,50.0,1,Very Easy,0.05,0.05,1,1252,100,0.0,0.0,1,0,1
No Adaptive,5,592,train,strong,player_win,-10.0,7,50.0,1,Very Easy,0.05,0.05,1,1255,100,0.0,0.0,2,0,1
No Adaptive,5,593,train,strong,player_win,-10.0,5,50.0,1,Very Easy,0.05,0.05,1,1257,100,0.0,0.0,1,0,1
No Adaptive,5,594,train,strong,player_win,-10.0,5,50.0,1,Very Easy,0.05,0.05,1,1259,100,0.0,0.0,1,0,1
No Adaptive,5,595,train,strong,player_win,-10.0,5,50.0,1,Very Easy,0.05,0.05,1,1261,100,0.0,0.0,1,0,1
No Adaptive,5,596,train,strong,player_win,-10.0,5,50.0,1,Very Easy,0.05,0.05,1,1263,100,0.0,0.0,1,0,1
No Adaptive,5,597,train,strong,player_win,-10.0,5,50.0,1,Very Easy,0.05,0.05,1,1265,100,0.0,0.0,1,0,1
No Adaptive,5,598,train,strong,player_win,-10.0,5,50.0,1,Very Easy,0.05,0.05,1,1267,100,0.0,0.0,1,0,1
No Adaptive,5,599,train,strong,player_win,-10.0,5,50.0,1,Very Easy,0.05,0.05,1,1269,100,0.0,0.0,1,0,1
No Adaptive,5,600,train,strong,player_win,-10.0,5,50.0,1,Very Easy,0.05,0.05,1,1271,100,0.0,0.0,1,0,1
No Adaptive,5,601,train,strong,player_win,-10.0,5,50.0,1,Very Easy,0.05,0.05,1,1273,100,0.0,0.0,1,0,1
No Adaptive,5,602,train,strong,player_win,-10.0,5,50.0,1,Very Easy,0.05,0.05,1,1275,100,0.0,0.0,1,0,1
No Adaptive,5,603,train,strong,player_win,-10.0,5,50.0,1,Very Easy,0.05,0.05,1,1277,100,0.0,0.0,1,0,1
No Adaptive,5,604,train,strong,player_win,-10.0,7,50.0,1,Very Easy,0.05,0.05,1,1280,100,0.0,0.0,2,0,1
No Adaptive,5,605,train,strong,player_win,-10.0,5,50.0,1,Very Easy,0.05,0.05,1,1282,100,0.0,0.0,1,0,1
No Adaptive,5,606,train,strong,player_win,-10.0,5,50.0,1,Very Easy,0.05,0.05,1,1284,100,0.0,0.0,1,0,1
No Adaptive,5,607,train,strong,player_win,-10.0,5,50.0,1,Very Easy,0.05,0.05,1,1286,100,0.0,0.0,1,0,1
No Adaptive,5,608,train,strong,player_win,-10.0,5,50.0,1,Very Easy,0.05,0.05,1,1288,100,0.0,0.0,1,0,1
No Adaptive,5,609,train,strong,player_win,-10.0,5,50.0,1,Very Easy,0.05,0.05,1,1290,100,0.0,0.0,1,0,1
No Adaptive,5,610,train,strong,player_win,-10.0,5,50.0,1,Very Easy,0.05,0.05,1,1292,100,0.0,0.0,1,0,1
No Adaptive,5,611,train,strong,player_win,-10.0,5,50.0,1,Very Easy,0.05,0.05,1,1294,100,0.0,0.0,1,0,1
No Adaptive,5,612,train,strong,player_win,-10.0,5,50.0,1,Very Easy,0.05,0.05,1,1296,100,0.0,0.0,1,0,1
No Adaptive,5,613,train,strong,player_win,-10.0,5,50.0,1,Very Easy,0.05,0.05,1,1298,100,0.0,0.0,1,0,1
No Adaptive,5,614,train,strong,player_win,-10.0,5,50.0,1,Very Easy,0.05,0.05,1,1300,100,0.0,0.0,1,0,1
No Adaptive,5,615,train,strong,player_win,-10.0,5,50.0,1,Very Easy,0.05,0.05,1,1302,100,0.0,0.0,1,1,0
No Adaptive,5,616,train,strong,player_win,-10.0,5,50.0,1,Very Easy,0.05,0.05,1,1304,100,0.0,0.0,1,0,1
No Adaptive,5,617,train,strong,player_win,-10.0,7,50.0,1,Very Easy,0.05,0.05,1,1307,100,0.0,0.0,2,0,1
No Adaptive,5,618,train,strong,player_win,-10.0,7,50.0,1,Very Easy,0.05,0.05,1,1310,100,0.0,0.0,2,0,1
No Adaptive,5,619,train,strong,player_win,-10.0,5,50.0,1,Very Easy,0.05,0.05,1,1312,100,0.0,0.0,1,0,1
No Adaptive,5,620,train,strong,player_win,-10.0,5,50.0,1,Very Easy,0.05,0.05,1,1314,100,0.0,0.0,1,0,1
No Adaptive,5,621,train,strong,player_win,-10.0,5,50.0,1,Very Easy,0.05,0.05,1,1316,100,0.0,0.0,1,0,1
No Adaptive,5,622,train,strong,player_win,-10.0,5,50.0,1,Very Easy,0.05,0.05,1,1318,100,0.0,0.0,1,0,1
No Adaptive,5,623,train,strong,player_win,-10.0,5,50.0,1,Very Easy,0.05,0.05,1,1320,100,0.0,0.0,1,0,1
No Adaptive,5,624,train,strong,player_win,-10.0,5,50.0,1,Very Easy,0.05,0.05,1,1322,100,0.0,0.0,1,0,1
No Adaptive,5,625,train,strong,player_win,-10.0,5,50.0,1,Very Easy,0.05,0.05,1,1324,100,0.0,0.0,1,0,1
No Adaptive,5,626,train,strong,player_win,-10.0,5,50.0,1,Very Easy,0.05,0.05,1,1326,100,0.0,0.0,1,0,1
No Adaptive,5,627,train,strong,player_win,-10.0,5,50.0,1,Very Easy,0.05,0.05,1,1328,100,0.0,0.0,1,0,1
No Adaptive,5,628,train,strong,player_win,-10.0,5,50.0,1,Very Easy,0.05,0.05,1,1330,100,0.0,0.0,2,0,0
No Adaptive,5,629,train,strong,player_win,-10.0,5,50.0,1,Very Easy,0.05,0.05,1,1332,100,0.0,0.0,1,0,1
No Adaptive,5,630,train,strong,player_win,-10.0,5,50.0,1,Very Easy,0.05,0.05,1,1334,100,0.0,0.0,1,0,1
No Adaptive,5,631,train,strong,player_win,-10.0,5,50.0,1,Very Easy,0.05,0.05,1,1336,100,0.0,0.0,1,0,1
No Adaptive,5,632,train,strong,player_win,-10.0,5,50.0,1,Very Easy,0.05,0.05,1,1338,100,0.0,0.0,1,0,1
No Adaptive,5,633,train,strong,player_win,-10.0,5,50.0,1,Very Easy,0.05,0.05,1,1340,100,0.0,0.0,1,0,1
No Adaptive,5,634,train,strong,player_win,-10.0,5,50.0,1,Very Easy,0.05,0.05,1,1342,100,0.0,0.0,1,0,1
No Adaptive,5,635,train,strong,player_win,-10.0,5,50.0,1,Very Easy,0.05,0.05,1,1344,100,0.0,0.0,1,0,1
No Adaptive,5,636,train,strong,player_win,-10.0,5,50.0,1,Very Easy,0.05,0.05,1,1346,100,0.0,0.0,1,0,1
No Adaptive,5,637,train,strong,player_win,-10.0,5,50.0,1,Very Easy,0.05,0.05,1,1348,100,0.0,0.0,1,0,1
No Adaptive,5,638,train,strong,player_win,-10.0,5,50.0,1,Very Easy,0.05,0.05,1,1350,100,0.0,0.0,1,0,1
No Adaptive,5,639,train,strong,player_win,-10.0,5,50.0,1,Very Easy,0.05,0.05,1,1352,100,0.0,0.0,1,0,1
No Adaptive,5,640,train,strong,player_win,-10.0,5,50.0,1,Very Easy,0.05,0.05,1,1354,100,0.0,0.0,1,0,1
No Adaptive,5,641,train,strong,player_win,-10.0,5,50.0,1,Very Easy,0.05,0.05,1,1356,100,0.0,0.0,2,0,0
No Adaptive,5,642,train,strong,player_win,-10.0,5,50.0,1,Very Easy,0.05,0.05,1,1358,100,0.0,0.0,1,0,1
No Adaptive,5,643,train,strong,player_win,-10.0,5,50.0,1,Very Easy,0.05,0.05,1,1360,100,0.0,0.0,1,0,1
No Adaptive,5,644,train,strong,player_win,-10.0,5,50.0,1,Very Easy,0.05,0.05,1,1362,100,0.0,0.0,1,0,1
No Adaptive,5,645,train,strong,player_win,-10.0,5,50.0,1,Very Easy,0.05,0.05,1,1364,100,0.0,0.0,1,0,1
No Adaptive,5,646,train,strong,player_win,-10.0,7,50.0,1,Very Easy,0.05,0.05,1,1367,100,0.0,0.0,2,0,1
No Adaptive,5,647,train,strong,player_win,-10.0,5,50.0,1,Very Easy,0.05,0.05,1,1369,100,0.0,0.0,1,0,1
No Adaptive,5,648,train,strong,player_win,-10.0,5,50.0,1,Very Easy,0.05,0.05,1,1371,100,0.0,0.0,1,0,1
No Adaptive,5,649,train,strong,player_win,-10.0,5,50.0,1,Very Easy,0.05,0.05,1,1373,100,0.0,0.0,1,0,1
No Adaptive,5,650,train,strong,player_win,-10.0,5,50.0,1,Very Easy,0.05,0.05,1,1375,100,0.0,0.0,1,0,1
No Adaptive,5,651,train,strong,player_win,-10.0,7,50.0,1,Very Easy,0.05,0.05,1,1378,100,0.0,0.0,2,0,1
No Adaptive,5,652,train,strong,player_win,-10.0,5,50.0,1,Very Easy,0.05,0.05,1,1380,100,0.0,0.0,1,0,1
No Adaptive,5,653,train,strong,player_win,-10.0,5,50.0,1,Very Easy,0.05,0.05,1,1382,100,0.0,0.0,1,0,1
No Adaptive,5,654,train,strong,player_win,-10.0,5,50.0,1,Very Easy,0.05,0.05,1,1384,100,0.0,0.0,2,0,0
No Adaptive,5,655,train,strong,player_win,-10.0,5,50.0,1,Very Easy,0.05,0.05,1,1386,100,0.0,0.0,1,0,1
No Adaptive,5,656,train,strong,player_win,-10.0,5,50.0,1,Very Easy,0.05,0.05,1,1388,100,0.0,0.0,1,0,1
No Adaptive,5,657,train,strong,player_win,-10.0,5,50.0,1,Very Easy,0.05,0.05,1,1390,100,0.0,0.0,1,0,1
No Adaptive,5,658,train,strong,player_win,-10.0,5,50.0,1,Very Easy,0.05,0.05,1,1392,100,0.0,0.0,1,0,1
No Adaptive,5,659,train,strong,player_win,-10.0,5,50.0,1,Very Easy,0.05,0.05,1,1394,100,0.0,0.0,1,0,1
No Adaptive,5,660,train,strong,player_win,-10.0,5,50.0,1,Very Easy,0.05,0.05,1,1396,100,0.0,0.0,1,0,1
No Adaptive,5,661,train,strong,player_win,-10.0,5,50.0,1,Very Easy,0.05,0.05,1,1398,100,0.0,0.0,1,0,1
No Adaptive,5,662,train,strong,player_win,-10.0,5,50.0,1,Very Easy,0.05,0.05,1,1400,100,0.0,0.0,1,0,1
No Adaptive,5,663,train,strong,player_win,-10.0,5,50.0,1,Very Easy,0.05,0.05,1,1402,100,0.0,0.0,1,0,1
No Adaptive,5,664,train,strong,player_win,-10.0,5,50.0,1,Very Easy,0.05,0.05,1,1404,100,0.0,0.0,1,0,1
No Adaptive,5,665,train,strong,player_win,-10.0,5,50.0,1,Very Easy,0.05,0.05,1,1406,100,0.0,0.0,1,0,1
No Adaptive,5,666,train,strong,player_win,-10.0,5,50.0,1,Very Easy,0.05,0.05,1,1408,100,0.0,0.0,1,0,1
No Adaptive,5,667,train,strong,player_win,-10.0,5,50.0,1,Very Easy,0.05,0.05,1,1410,100,0.0,0.0,1,0,1
No Adaptive,5,668,train,strong,player_win,-10.0,5,50.0,1,Very Easy,0.05,0.05,1,1412,100,0.0,0.0,1,0,1
No Adaptive,5,669,train,strong,player_win,-10.0,5,50.0,1,Very Easy,0.05,0.05,1,1414,100,0.0,0.0,1,0,1
No Adaptive,5,670,train,strong,player_win,-10.0,5,50.0,1,Very Easy,0.05,0.05,1,1416,100,0.0,0.0,1,1,0
No Adaptive,5,671,train,strong,player_win,-10.0,5,50.0,1,Very Easy,0.05,0.05,1,1418,100,0.0,0.0,1,0,1
No Adaptive,5,672,train,strong,player_win,-10.0,5,50.0,1,Very Easy,0.05,0.05,1,1420,100,0.0,0.0,1,0,1
No Adaptive,5,673,train,strong,player_win,-10.0,5,50.0,1,Very Easy,0.05,0.05,1,1422,100,0.0,0.0,1,0,1
No Adaptive,5,674,train,strong,player_win,-10.0,7,50.0,1,Very Easy,0.05,0.05,1,1425,100,0.0,0.0,2,0,1
No Adaptive,5,675,train,strong,player_win,-10.0,5,50.0,1,Very Easy,0.05,0.05,1,1427,100,0.0,0.0,1,0,1
No Adaptive,5,676,train,strong,player_win,-10.0,5,50.0,1,Very Easy,0.05,0.05,1,1429,100,0.0,0.0,1,0,1
No Adaptive,5,677,train,strong,player_win,-10.0,5,50.0,1,Very Easy,0.05,0.05,1,1431,100,0.0,0.0,1,0,1
No Adaptive,5,678,train,strong,player_win,-10.0,5,50.0,1,Very Easy,0.05,0.05,1,1433,100,0.0,0.0,1,0,1
No Adaptive,5,679,train,strong,player_win,-10.0,5,50.0,1,Very Easy,0.05,0.05,1,1435,100,0.0,0.0,1,0,1
No Adaptive,5,680,train,strong,player_win,-10.0,5,50.0,1,Very Easy,0.05,0.05,1,1437,100,0.0,0.0,1,0,1
No Adaptive,5,681,train,strong,player_win,-10.0,5,50.0,1,Very Easy,0.05,0.05,1,1439,100,0.0,0.0,1,0,1
No Adaptive,5,682,train,strong,player_win,-10.0,5,50.0,1,Very Easy,0.05,0.05,1,1441,100,0.0,0.0,1,0,1
No Adaptive,5,683,train,strong,player_win,-10.0,7,50.0,1,Very Easy,0.05,0.05,1,1444,100,0.0,0.0,2,0,1
No Adaptive,5,684,train,strong,player_win,-10.0,5,50.0,1,Very Easy,0.05,0.05,1,1446,100,0.0,0.0,1,0,1
No Adaptive,5,685,train,strong,player_win,-10.0,5,50.0,1,Very Easy,0.05,0.05,1,1448,100,0.0,0.0,2,0,0
No Adaptive,5,686,train,strong,player_win,-10.0,5,50.0,1,Very Easy,0.05,0.05,1,1450,100,0.0,0.0,1,0,1
No Adaptive,5,687,train,strong,player_win,-10.0,5,50.0,1,Very Easy,0.05,0.05,1,1452,100,0.0,0.0,1,0,1
No Adaptive,5,688,train,strong,player_win,-10.0,5,50.0,1,Very Easy,0.05,0.05,1,1454,100,0.0,0.0,1,0,1
No Adaptive,5,689,train,strong,player_win,-10.0,5,50.0,1,Very Easy,0.05,0.05,1,1456,100,0.0,0.0,1,0,1
No Adaptive,5,690,train,strong,player_win,-10.0,5,50.0,1,Very Easy,0.05,0.05,1,1458,100,0.0,0.0,1,1,0
No Adaptive,5,691,train,strong,player_win,-10.0,7,50.0,1,Very Easy,0.05,0.05,1,1461,100,0.0,0.0,2,0,1
No Adaptive,5,692,train,strong,player_win,-10.0,5,50.0,1,Very Easy,0.05,0.05,1,1463,100,0.0,0.0,2,0,0
No Adaptive,5,693,train,strong,player_win,-10.0,5,50.0,1,Very Easy,0.05,0.05,1,1465,100,0.0,0.0,1,0,1
No Adaptive,5,694,train,strong,player_win,-10.0,5,50.0,1,Very Easy,0.05,0.05,1,1467,100,0.0,0.0,2,0,0
No Adaptive,5,695,train,strong,player_win,-10.0,5,50.0,1,Very Easy,0.05,0.05,1,1469,100,0.0,0.0,1,0,1
No Adaptive,5,696,train,strong,player_win,-10.0,5,50.0,1,Very Easy,0.05,0.05,1,1471,100,0.0,0.0,1,0,1
No Adaptive,5,697,train,strong,player_win,-10.0,5,50.0,1,Very Easy,0.05,0.05,1,1473,100,0.0,0.0,1,0,1
No Adaptive,5,698,train,strong,player_win,-10.0,5,50.0,1,Very Easy,0.05,0.05,1,1475,100,0.0,0.0,1,0,1
No Adaptive,5,699,train,strong,player_win,-10.0,5,50.0,1,Very Easy,0.05,0.05,1,1477,100,0.0,0.0,1,0,1
No Adaptive,5,700,train,strong,player_win,-10.0,5,50.0,1,Very Easy,0.05,0.05,1,1479,100,0.0,0.0,1,0,1
No Adaptive,5,701,train,strong,player_win,-10.0,5,50.0,1,Very Easy,0.05,0.05,1,1481,100,0.0,0.0,1,0,1
No Adaptive,5,702,train,strong,player_win,-10.0,5,50.0,1,Very Easy,0.05,0.05,1,1483,100,0.0,0.0,1,0,1
No Adaptive,5,703,train,strong,player_win,-10.0,5,50.0,1,Very Easy,0.05,0.05,1,1485,100,0.0,0.0,1,0,1
No Adaptive,5,704,train,strong,player_win,-10.0,5,50.0,1,Very Easy,0.05,0.05,1,1487,100,0.0,0.0,1,0,1
No Adaptive,5,705,train,strong,player_win,-10.0,5,50.0,1,Very Easy,0.05,0.05,1,1489,100,0.0,0.0,1,0,1
No Adaptive,5,706,train,strong,player_win,-10.0,5,50.0,1,Very Easy,0.05,0.05,1,1491,100,0.0,0.0,1,0,1
No Adaptive,5,707,train,strong,player_win,-10.0,5,50.0,1,Very Easy,0.05,0.05,1,1493,100,0.0,0.0,1,0,1
No Adaptive,5,708,train,strong,player_win,-10.0,5,50.0,1,Very Easy,0.05,0.05,1,1495,100,0.0,0.0,1,0,1
No Adaptive,5,709,train,strong,player_win,-10.0,5,50.0,1,Very Easy,0.05,0.05,1,1497,100,0.0,0.0,1,0,1
No Adaptive,5,710,train,strong,player_win,-10.0,5,50.0,1,Very Easy,0.05,0.05,1,1499,100,0.0,0.0,2,0,0
No Adaptive,5,711,train,strong,player_win,-10.0,5,50.0,1,Very Easy,0.05,0.05,1,1501,100,0.0,0.0,1,0,1
No Adaptive,5,712,train,strong,player_win,-10.0,5,50.0,1,Very Easy,0.05,0.05,1,1503,100,0.0,0.0,1,0,1
No Adaptive,5,713,train,strong,player_win,-10.0,5,50.0,1,Very Easy,0.05,0.05,1,1505,100,0.0,0.0,1,0,1
No Adaptive,5,714,train,strong,player_win,-10.0,5,50.0,1,Very Easy,0.05,0.05,1,1507,100,0.0,0.0,1,0,1
No Adaptive,5,715,train,strong,player_win,-10.0,5,50.0,1,Very Easy,0.05,0.05,1,1509,100,0.0,0.0,1,0,1
No Adaptive,5,716,train,strong,player_win,-10.0,5,50.0,1,Very Easy,0.05,0.05,1,1511,100,0.0,0.0,1,1,0
No Adaptive,5,717,train,strong,player_win,-10.0,5,50.0,1,Very Easy,0.05,0.05,1,1513,100,0.0,0.0,1,0,1
No Adaptive,5,718,train,strong,player_win,-10.0,5,50.0,1,Very Easy,0.05,0.05,1,1515,100,0.0,0.0,1,0,1
No Adaptive,5,719,train,strong,player_win,-10.0,5,50.0,1,Very Easy,0.05,0.05,1,1517,100,0.0,0.0,1,0,1
No Adaptive,5,720,train,strong,player_win,-10.0,5,50.0,1,Very Easy,0.05,0.05,1,1519,100,0.0,0.0,1,0,1
No Adaptive,5,721,train,strong,player_win,-10.0,7,50.0,1,Very Easy,0.05,0.05,1,1522,100,0.0,0.0,2,0,1
No Adaptive,5,722,train,strong,player_win,-10.0,5,50.0,1,Very Easy,0.05,0.05,1,1524,100,0.0,0.0,1,0,1
No Adaptive,5,723,train,strong,player_win,-10.0,5,50.0,1,Very Easy,0.05,0.05,1,1526,100,0.0,0.0,1,0,1
No Adaptive,5,724,train,strong,player_win,-10.0,5,50.0,1,Very Easy,0.05,0.05,1,1528,100,0.0,0.0,2,0,0
No Adaptive,5,725,train,strong,player_win,-10.0,5,50.0,1,Very Easy,0.05,0.05,1,1530,100,0.0,0.0,1,0,1
No Adaptive,5,726,train,strong,player_win,-10.0,5,50.0,1,Very Easy,0.05,0.05,1,1532,100,0.0,0.0,1,0,1
No Adaptive,5,727,train,strong,player_win,-10.0,5,50.0,1,Very Easy,0.05,0.05,1,1534,100,0.0,0.0,1,0,1
No Adaptive,5,728,train,strong,player_win,-10.0,7,50.0,1,Very Easy,0.05,0.05,1,1537,100,0.0,0.0,2,0,1
No Adaptive,5,729,train,strong,player_win,-10.0,5,50.0,1,Very Easy,0.05,0.05,1,1539,100,0.0,0.0,1,0,1
No Adaptive,5,730,train,strong,player_win,-10.0,5,50.0,1,Very Easy,0.05,0.05,1,1541,100,0.0,0.0,1,0,1
No Adaptive,5,731,train,strong,player_win,-10.0,5,50.0,1,Very Easy,0.05,0.05,1,1543,100,0.0,0.0,1,0,1
No Adaptive,5,732,train,strong,player_win,-10.0,7,50.0,1,Very Easy,0.05,0.05,1,1546,100,0.0,0.0,2,0,1
No Adaptive,5,733,train,strong,player_win,-10.0,7,50.0,1,Very Easy,0.05,0.05,1,1549,100,0.0,0.0,2,0,1
No Adaptive,5,734,train,strong,player_win,-10.0,5,50.0,1,Very Easy,0.05,0.05,1,1551,100,0.0,0.0,1,0,1
No Adaptive,5,735,train,strong,player_win,-10.0,5,50.0,1,Very Easy,0.05,0.05,1,1553,100,0.0,0.0,1,0,1
No Adaptive,5,736,train,strong,player_win,-10.0,5,50.0,1,Very Easy,0.05,0.05,1,1555,100,0.0,0.0,1,0,1
No Adaptive,5,737,train,strong,player_win,-10.0,5,50.0,1,Very Easy,0.05,0.05,1,1557,100,0.0,0.0,1,0,1
No Adaptive,5,738,train,strong,player_win,-10.0,5,50.0,1,Very Easy,0.05,0.05,1,1559,100,0.0,0.0,1,0,1
No Adaptive,5,739,train,strong,player_win,-10.0,5,50.0,1,Very Easy,0.05,0.05,1,1561,100,0.0,0.0,1,0,1
No Adaptive,5,740,train,strong,player_win,-10.0,5,50.0,1,Very Easy,0.05,0.05,1,1563,100,0.0,0.0,1,0,1
No Adaptive,5,741,train,strong,player_win,-10.0,5,50.0,1,Very Easy,0.05,0.05,1,1565,100,0.0,0.0,1,0,1
No Adaptive,5,742,train,strong,player_win,-10.0,5,50.0,1,Very Easy,0.05,0.05,1,1567,100,0.0,0.0,1,0,1
No Adaptive,5,743,train,strong,player_win,-10.0,5,50.0,1,Very Easy,0.05,0.05,1,1569,100,0.0,0.0,1,0,1
No Adaptive,5,744,train,strong,player_win,-10.0,5,50.0,1,Very Easy,0.05,0.05,1,1571,100,0.0,0.0,1,0,1
No Adaptive,5,745,train,strong,player_win,-10.0,5,50.0,1,Very Easy,0.05,0.05,1,1573,100,0.0,0.0,1,0,1
No Adaptive,5,746,train,strong,player_win,-10.0,5,50.0,1,Very Easy,0.05,0.05,1,1575,100,0.0,0.0,1,0,1
No Adaptive,5,747,train,strong,player_win,-10.0,5,50.0,1,Very Easy,0.05,0.05,1,1577,100,0.0,0.0,1,0,1
No Adaptive,5,748,train,strong,player_win,-10.0,5,50.0,1,Very Easy,0.05,0.05,1,1579,100,0.0,0.0,1,0,1
No Adaptive,5,749,train,strong,player_win,-10.0,5,50.0,1,Very Easy,0.05,0.05,1,1581,100,0.0,0.0,1,0,1
No Adaptive,5,750,train,strong,player_win,-10.0,5,50.0,1,Very Easy,0.05,0.05,1,1583,100,0.0,0.0,1,0,1
No Adaptive,5,751,train,strong,player_win,-10.0,5,50.0,1,Very Easy,0.05,0.05,1,1585,100,0.0,0.0,1,0,1
No Adaptive,5,752,train,strong,player_win,-10.0,5,50.0,1,Very Easy,0.05,0.05,1,1587,100,0.0,0.0,1,0,1
No Adaptive,5,753,train,strong,player_win,-10.0,7,50.0,1,Very Easy,0.05,0.05,1,1590,100,0.0,0.0,2,0,1
No Adaptive,5,754,train,strong,player_win,-10.0,5,50.0,1,Very Easy,0.05,0.05,1,1592,100,0.0,0.0,1,0,1
No Adaptive,5,755,train,strong,player_win,-10.0,7,50.0,1,Very Easy,0.05,0.05,1,1595,100,0.0,0.0,2,0,1
No Adaptive,5,756,train,strong,player_win,-10.0,5,50.0,1,Very Easy,0.05,0.05,1,1597,100,0.0,0.0,2,0,0
No Adaptive,5,757,train,strong,player_win,-10.0,5,50.0,1,Very Easy,0.05,0.05,1,1599,100,0.0,0.0,1,0,1
No Adaptive,5,758,train,strong,player_win,-10.0,5,50.0,1,Very Easy,0.05,0.05,1,1601,100,0.0,0.0,1,0,1
No Adaptive,5,759,train,strong,player_win,-10.0,5,50.0,1,Very Easy,0.05,0.05,1,1603,100,0.0,0.0,1,0,1
No Adaptive,5,760,train,strong,player_win,-10.0,5,50.0,1,Very Easy,0.05,0.05,1,1605,100,0.0,0.0,1,0,1
No Adaptive,5,761,train,strong,player_win,-10.0,5,50.0,1,Very Easy,0.05,0.05,1,1607,100,0.0,0.0,1,0,1
No Adaptive,5,762,train,strong,player_win,-10.0,7,50.0,1,Very Easy,0.05,0.05,1,1610,100,0.0,0.0,2,0,1
No Adaptive,5,763,train,strong,player_win,-10.0,5,50.0,1,Very Easy,0.05,0.05,1,1612,100,0.0,0.0,1,0,1
No Adaptive,5,764,train,strong,player_win,-10.0,5,50.0,1,Very Easy,0.05,0.05,1,1614,100,0.0,0.0,1,1,0
No Adaptive,5,765,train,strong,player_win,-10.0,5,50.0,1,Very Easy,0.05,0.05,1,1616,100,0.0,0.0,1,0,1
No Adaptive,5,766,train,strong,player_win,-10.0,5,50.0,1,Very Easy,0.05,0.05,1,1618,100,0.0,0.0,1,0,1
No Adaptive,5,767,train,strong,player_win,-10.0,5,50.0,1,Very Easy,0.05,0.05,1,1620,100,0.0,0.0,1,1,0
No Adaptive,5,768,train,strong,player_win,-10.0,5,50.0,1,Very Easy,0.05,0.05,1,1622,100,0.0,0.0,2,0,0
No Adaptive,5,769,train,strong,player_win,-10.0,5,50.0,1,Very Easy,0.05,0.05,1,1624,100,0.0,0.0,1,0,1
No Adaptive,5,770,train,strong,player_win,-10.0,5,50.0,1,Very Easy,0.05,0.05,1,1626,100,0.0,0.0,1,0,1
No Adaptive,5,771,train,strong,player_win,-10.0,5,50.0,1,Very Easy,0.05,0.05,1,1628,100,0.0,0.0,1,0,1
No Adaptive,5,772,train,strong,player_win,-10.0,5,50.0,1,Very Easy,0.05,0.05,1,1630,100,0.0,0.0,1,0,1
No Adaptive,5,773,train,strong,player_win,-10.0,5,50.0,1,Very Easy,0.05,0.05,1,1632,100,0.0,0.0,1,0,1
No Adaptive,5,774,train,strong,player_win,-10.0,5,50.0,1,Very Easy,0.05,0.05,1,1634,100,0.0,0.0,1,0,1
No Adaptive,5,775,train,strong,player_win,-10.0,5,50.0,1,Very Easy,0.05,0.05,1,1636,100,0.0,0.0,1,0,1
No Adaptive,5,776,train,strong,player_win,-10.0,5,50.0,1,Very Easy,0.05,0.05,1,1638,100,0.0,0.0,1,0,1
No Adaptive,5,777,train,strong,player_win,-10.0,5,50.0,1,Very Easy,0.05,0.05,1,1640,100,0.0,0.0,1,0,1
No Adaptive,5,778,train,strong,player_win,-10.0,7,50.0,1,Very Easy,0.05,0.05,1,1643,100,0.0,0.0,2,0,1
No Adaptive,5,779,train,strong,player_win,-10.0,5,50.0,1,Very Easy,0.05,0.05,1,1645,100,0.0,0.0,1,0,1
No Adaptive,5,780,train,strong,player_win,-10.0,5,50.0,1,Very Easy,0.05,0.05,1,1647,100,0.0,0.0,1,0,1
No Adaptive,5,781,train,strong,player_win,-10.0,5,50.0,1,Very Easy,0.05,0.05,1,1649,100,0.0,0.0,1,0,1
No Adaptive,5,782,train,strong,player_win,-10.0,5,50.0,1,Very Easy,0.05,0.05,1,1651,100,0.0,0.0,1,0,1
No Adaptive,5,783,train,strong,player_win,-10.0,5,50.0,1,Very Easy,0.05,0.05,1,1653,100,0.0,0.0,1,0,1
No Adaptive,5,784,train,strong,player_win,-10.0,7,50.0,1,Very Easy,0.05,0.05,1,1656,100,0.0,0.0,2,0,1
No Adaptive,5,785,train,strong,player_win,-10.0,5,50.0,1,Very Easy,0.05,0.05,1,1658,100,0.0,0.0,1,0,1
No Adaptive,5,786,train,strong,player_win,-10.0,5,50.0,1,Very Easy,0.05,0.05,1,1660,100,0.0,0.0,1,0,1
No Adaptive,5,787,train,strong,player_win,-10.0,5,50.0,1,Very Easy,0.05,0.05,1,1662,100,0.0,0.0,1,1,0
No Adaptive,5,788,train,strong,player_win,-10.0,5,50.0,1,Very Easy,0.05,0.05,1,1664,100,0.0,0.0,1,1,0
No Adaptive,5,789,train,strong,player_win,-10.0,5,50.0,1,Very Easy,0.05,0.05,1,1666,100,0.0,0.0,1,0,1
No Adaptive,5,790,train,strong,player_win,-10.0,5,50.0,1,Very Easy,0.05,0.05,1,1668,100,0.0,0.0,1,0,1
No Adaptive,5,791,train,strong,player_win,-10.0,5,50.0,1,Very Easy,0.05,0.05,1,1670,100,0.0,0.0,1,0,1
No Adaptive,5,792,train,strong,player_win,-10.0,5,50.0,1,Very Easy,0.05,0.05,1,1672,100,0.0,0.0,1,0,1
No Adaptive,5,793,train,strong,player_win,-10.0,5,50.0,1,Very Easy,0.05,0.05,1,1674,100,0.0,0.0,1,0,1
No Adaptive,5,794,train,strong,player_win,-10.0,5,50.0,1,Very Easy,0.05,0.05,1,1676,100,0.0,0.0,1,0,1
No Adaptive,5,795,train,strong,player_win,-10.0,5,50.0,1,Very Easy,0.05,0.05,1,1678,100,0.0,0.0,1,0,1
No Adaptive,5,796,train,strong,player_win,-10.0,5,50.0,1,Very Easy,0.05,0.05,1,1680,100,0.0,0.0,1,0,1
No Adaptive,5,797,train,strong,player_win,-10.0,5,50.0,1,Very Easy,0.05,0.05,1,1682,100,0.0,0.0,1,0,1
No Adaptive,5,798,train,strong,player_win,-10.0,7,50.0,1,Very Easy,0.05,0.05,1,1685,100,0.0,0.0,2,0,1
No Adaptive,5,799,train,strong,player_win,-10.0,5,50.0,1,Very Easy,0.05,0.05,1,1687,100,0.0,0.0,1,0,1
No Adaptive,5,800,train,strong,player_win,-10.0,7,50.0,1,Very Easy,0.05,0.05,1,1690,100,0.0,0.0,2,0,1
No Adaptive,5,801,eval,strong,player_win,-10.0,5,50.0,1,Very Easy,0.05,0.0,0,1690,100,0.0,0.0,1,0,1
No Adaptive,5,802,eval,strong,player_win,-10.0,5,50.0,1,Very Easy,0.05,0.0,0,1690,100,0.0,0.0,1,0,1
No Adaptive,5,803,eval,strong,player_win,-10.0,5,50.0,1,Very Easy,0.05,0.0,0,1690,100,0.0,0.0,1,0,1
No Adaptive,5,804,eval,strong,player_win,-10.0,5,50.0,1,Very Easy,0.05,0.0,0,1690,100,0.0,0.0,1,0,1
No Adaptive,5,805,eval,strong,player_win,-10.0,5,50.0,1,Very Easy,0.05,0.0,0,1690,100,0.0,0.0,1,0,1
No Adaptive,5,806,eval,strong,player_win,-10.0,5,50.0,1,Very Easy,0.05,0.0,0,1690,100,0.0,0.0,1,0,1
No Adaptive,5,807,eval,strong,player_win,-10.0,5,50.0,1,Very Easy,0.05,0.0,0,1690,100,0.0,0.0,1,0,1
No Adaptive,5,808,eval,strong,player_win,-10.0,5,50.0,1,Very Easy,0.05,0.0,0,1690,100,0.0,0.0,1,0,1
No Adaptive,5,809,eval,strong,player_win,-10.0,5,50.0,1,Very Easy,0.05,0.0,0,1690,100,0.0,0.0,1,0,1
No Adaptive,5,810,eval,strong,player_win,-10.0,5,50.0,1,Very Easy,0.05,0.0,0,1690,100,0.0,0.0,1,0,1
No Adaptive,5,811,eval,strong,player_win,-10.0,5,50.0,1,Very Easy,0.05,0.0,0,1690,100,0.0,0.0,1,0,1
No Adaptive,5,812,eval,strong,player_win,-10.0,7,50.0,1,Very Easy,0.05,0.0,0,1690,100,0.0,0.0,2,0,1
No Adaptive,5,813,eval,strong,player_win,-10.0,7,50.0,1,Very Easy,0.05,0.0,0,1690,100,0.0,0.0,2,0,1
No Adaptive,5,814,eval,strong,player_win,-10.0,5,50.0,1,Very Easy,0.05,0.0,0,1690,100,0.0,0.0,2,0,0
No Adaptive,5,815,eval,strong,player_win,-10.0,5,50.0,1,Very Easy,0.05,0.0,0,1690,100,0.0,0.0,1,0,1
No Adaptive,5,816,eval,strong,player_win,-10.0,5,50.0,1,Very Easy,0.05,0.0,0,1690,100,0.0,0.0,1,0,1
No Adaptive,5,817,eval,strong,player_win,-10.0,5,50.0,1,Very Easy,0.05,0.0,0,1690,100,0.0,0.0,1,0,1
No Adaptive,5,818,eval,strong,player_win,-10.0,5,50.0,1,Very Easy,0.05,0.0,0,1690,100,0.0,0.0,1,0,1
No Adaptive,5,819,eval,strong,player_win,-10.0,5,50.0,1,Very Easy,0.05,0.0,0,1690,100,0.0,0.0,1,0,1
No Adaptive,5,820,eval,strong,player_win,-10.0,5,50.0,1,Very Easy,0.05,0.0,0,1690,100,0.0,0.0,1,0,1
No Adaptive,5,821,eval,strong,player_win,-10.0,5,50.0,1,Very Easy,0.05,0.0,0,1690,100,0.0,0.0,1,0,1
No Adaptive,5,822,eval,strong,player_win,-10.0,5,50.0,1,Very Easy,0.05,0.0,0,1690,100,0.0,0.0,1,0,1
No Adaptive,5,823,eval,strong,player_win,-10.0,5,50.0,1,Very Easy,0.05,0.0,0,1690,100,0.0,0.0,1,0,1
No Adaptive,5,824,eval,strong,player_win,-10.0,5,50.0,1,Very Easy,0.05,0.0,0,1690,100,0.0,0.0,1,0,1
No Adaptive,5,825,eval,strong,player_win,-10.0,5,50.0,1,Very Easy,0.05,0.0,0,1690,100,0.0,0.0,1,0,1
No Adaptive,5,826,eval,strong,player_win,-10.0,5,50.0,1,Very Easy,0.05,0.0,0,1690,100,0.0,0.0,1,0,1
No Adaptive,5,827,eval,strong,player_win,-10.0,5,50.0,1,Very Easy,0.05,0.0,0,1690,100,0.0,0.0,1,0,1
No Adaptive,5,828,eval,strong,player_win,-10.0,7,50.0,1,Very Easy,0.05,0.0,0,1690,100,0.0,0.0,2,0,1
No Adaptive,5,829,eval,strong,player_win,-10.0,5,50.0,1,Very Easy,0.05,0.0,0,1690,100,0.0,0.0,1,0,1
No Adaptive,5,830,eval,strong,player_win,-10.0,5,50.0,1,Very Easy,0.05,0.0,0,1690,100,0.0,0.0,1,0,1
No Adaptive,5,831,eval,strong,player_win,-10.0,5,50.0,1,Very Easy,0.05,0.0,0,1690,100,0.0,0.0,2,0,0
No Adaptive,5,832,eval,strong,player_win,-10.0,5,50.0,1,Very Easy,0.05,0.0,0,1690,100,0.0,0.0,1,0,1
No Adaptive,5,833,eval,strong,player_win,-10.0,5,50.0,1,Very Easy,0.05,0.0,0,1690,100,0.0,0.0,1,0,1
No Adaptive,5,834,eval,strong,player_win,-10.0,5,50.0,1,Very Easy,0.05,0.0,0,1690,100,0.0,0.0,1,0,1
No Adaptive,5,835,eval,strong,player_win,-10.0,5,50.0,1,Very Easy,0.05,0.0,0,1690,100,0.0,0.0,1,0,1
No Adaptive,5,836,eval,strong,player_win,-10.0,5,50.0,1,Very Easy,0.05,0.0,0,1690,100,0.0,0.0,1,0,1
No Adaptive,5,837,eval,strong,player_win,-10.0,5,50.0,1,Very Easy,0.05,0.0,0,1690,100,0.0,0.0,2,0,0
No Adaptive,5,838,eval,strong,player_win,-10.0,5,50.0,1,Very Easy,0.05,0.0,0,1690,100,0.0,0.0,1,0,1
No Adaptive,5,839,eval,strong,player_win,-10.0,5,50.0,1,Very Easy,0.05,0.0,0,1690,100,0.0,0.0,1,0,1
No Adaptive,5,840,eval,strong,player_win,-10.0,7,50.0,1,Very Easy,0.05,0.0,0,1690,100,0.0,0.0,2,0,1
No Adaptive,5,841,eval,strong,player_win,-10.0,5,50.0,1,Very Easy,0.05,0.0,0,1690,100,0.0,0.0,1,0,1
No Adaptive,5,842,eval,strong,player_win,-10.0,5,50.0,1,Very Easy,0.05,0.0,0,1690,100,0.0,0.0,1,0,1
No Adaptive,5,843,eval,strong,player_win,-10.0,5,50.0,1,Very Easy,0.05,0.0,0,1690,100,0.0,0.0,2,0,0
No Adaptive,5,844,eval,strong,player_win,-10.0,7,50.0,1,Very Easy,0.05,0.0,0,1690,100,0.0,0.0,2,0,1
No Adaptive,5,845,eval,strong,player_win,-10.0,7,50.0,1,Very Easy,0.05,0.0,0,1690,100,0.0,0.0,2,0,1
No Adaptive,5,846,eval,strong,player_win,-10.0,5,50.0,1,Very Easy,0.05,0.0,0,1690,100,0.0,0.0,1,0,1
No Adaptive,5,847,eval,strong,player_win,-10.0,5,50.0,1,Very Easy,0.05,0.0,0,1690,100,0.0,0.0,1,0,1
No Adaptive,5,848,eval,strong,player_win,-10.0,5,50.0,1,Very Easy,0.05,0.0,0,1690,100,0.0,0.0,2,0,0
No Adaptive,5,849,eval,strong,player_win,-10.0,5,50.0,1,Very Easy,0.05,0.0,0,1690,100,0.0,0.0,1,0,1
No Adaptive,5,850,eval,strong,player_win,-10.0,5,50.0,1,Very Easy,0.05,0.0,0,1690,100,0.0,0.0,1,0,1
No Adaptive,5,851,eval,strong,player_win,-10.0,5,50.0,1,Very Easy,0.05,0.0,0,1690,100,0.0,0.0,1,0,1
No Adaptive,5,852,eval,strong,player_win,-10.0,5,50.0,1,Very Easy,0.05,0.0,0,1690,100,0.0,0.0,1,0,1
No Adaptive,5,853,eval,strong,player_win,-10.0,5,50.0,1,Very Easy,0.05,0.0,0,1690,100,0.0,0.0,1,0,1
No Adaptive,5,854,eval,strong,player_win,-10.0,5,50.0,1,Very Easy,0.05,0.0,0,1690,100,0.0,0.0,1,0,1
No Adaptive,5,855,eval,strong,player_win,-10.0,5,50.0,1,Very Easy,0.05,0.0,0,1690,100,0.0,0.0,1,0,1
No Adaptive,5,856,eval,strong,player_win,-10.0,5,50.0,1,Very Easy,0.05,0.0,0,1690,100,0.0,0.0,2,0,0
No Adaptive,5,857,eval,strong,player_win,-10.0,5,50.0,1,Very Easy,0.05,0.0,0,1690,100,0.0,0.0,1,0,1
No Adaptive,5,858,eval,strong,player_win,-10.0,5,50.0,1,Very Easy,0.05,0.0,0,1690,100,0.0,0.0,1,0,1
No Adaptive,5,859,eval,strong,player_win,-10.0,5,50.0,1,Very Easy,0.05,0.0,0,1690,100,0.0,0.0,1,0,1
No Adaptive,5,860,eval,strong,player_win,-10.0,5,50.0,1,Very Easy,0.05,0.0,0,1690,100,0.0,0.0,1,0,1
No Adaptive,5,861,eval,strong,player_win,-10.0,5,50.0,1,Very Easy,0.05,0.0,0,1690,100,0.0,0.0,2,0,0
No Adaptive,5,862,eval,strong,player_win,-10.0,5,50.0,1,Very Easy,0.05,0.0,0,1690,100,0.0,0.0,1,0,1
No Adaptive,5,863,eval,strong,player_win,-10.0,5,50.0,1,Very Easy,0.05,0.0,0,1690,100,0.0,0.0,1,0,1
No Adaptive,5,864,eval,strong,player_win,-10.0,5,50.0,1,Very Easy,0.05,0.0,0,1690,100,0.0,0.0,1,0,1
No Adaptive,5,865,eval,strong,player_win,-10.0,5,50.0,1,Very Easy,0.05,0.0,0,1690,100,0.0,0.0,1,0,1
No Adaptive,5,866,eval,strong,player_win,-10.0,5,50.0,1,Very Easy,0.05,0.0,0,1690,100,0.0,0.0,1,0,1
No Adaptive,5,867,eval,strong,player_win,-10.0,5,50.0,1,Very Easy,0.05,0.0,0,1690,100,0.0,0.0,1,0,1
No Adaptive,5,868,eval,strong,player_win,-10.0,5,50.0,1,Very Easy,0.05,0.0,0,1690,100,0.0,0.0,1,0,1
No Adaptive,5,869,eval,strong,player_win,-10.0,5,50.0,1,Very Easy,0.05,0.0,0,1690,100,0.0,0.0,2,0,0
No Adaptive,5,870,eval,strong,player_win,-10.0,5,50.0,1,Very Easy,0.05,0.0,0,1690,100,0.0,0.0,1,0,1
No Adaptive,5,871,eval,strong,player_win,-10.0,5,50.0,1,Very Easy,0.05,0.0,0,1690,100,0.0,0.0,1,0,1
No Adaptive,5,872,eval,strong,player_win,-10.0,5,50.0,1,Very Easy,0.05,0.0,0,1690,100,0.0,0.0,1,0,1
No Adaptive,5,873,eval,strong,player_win,-10.0,5,50.0,1,Very Easy,0.05,0.0,0,1690,100,0.0,0.0,1,0,1
No Adaptive,5,874,eval,strong,player_win,-10.0,5,50.0,1,Very Easy,0.05,0.0,0,1690,100,0.0,0.0,1,0,1
No Adaptive,5,875,eval,strong,player_win,-10.0,7,50.0,1,Very Easy,0.05,0.0,0,1690,100,0.0,0.0,2,0,1
No Adaptive,5,876,eval,strong,player_win,-10.0,5,50.0,1,Very Easy,0.05,0.0,0,1690,100,0.0,0.0,1,0,1
No Adaptive,5,877,eval,strong,player_win,-10.0,5,50.0,1,Very Easy,0.05,0.0,0,1690,100,0.0,0.0,1,0,1
No Adaptive,5,878,eval,strong,player_win,-10.0,5,50.0,1,Very Easy,0.05,0.0,0,1690,100,0.0,0.0,1,0,1
No Adaptive,5,879,eval,strong,player_win,-10.0,7,50.0,1,Very Easy,0.05,0.0,0,1690,100,0.0,0.0,2,0,1
No Adaptive,5,880,eval,strong,player_win,-10.0,5,50.0,1,Very Easy,0.05,0.0,0,1690,100,0.0,0.0,1,0,1
No Adaptive,5,881,eval,strong,player_win,-10.0,5,50.0,1,Very Easy,0.05,0.0,0,1690,100,0.0,0.0,1,0,1
No Adaptive,5,882,eval,strong,player_win,-10.0,7,50.0,1,Very Easy,0.05,0.0,0,1690,100,0.0,0.0,2,0,1
No Adaptive,5,883,eval,strong,player_win,-10.0,5,50.0,1,Very Easy,0.05,0.0,0,1690,100,0.0,0.0,1,0,1
No Adaptive,5,884,eval,strong,player_win,-10.0,5,50.0,1,Very Easy,0.05,0.0,0,1690,100,0.0,0.0,1,0,1
No Adaptive,5,885,eval,strong,player_win,-10.0,7,50.0,1,Very Easy,0.05,0.0,0,1690,100,0.0,0.0,2,0,1
No Adaptive,5,886,eval,strong,player_win,-10.0,5,50.0,1,Very Easy,0.05,0.0,0,1690,100,0.0,0.0,1,0,1
No Adaptive,5,887,eval,strong,player_win,-10.0,5,50.0,1,Very Easy,0.05,0.0,0,1690,100,0.0,0.0,2,0,0
No Adaptive,5,888,eval,strong,player_win,-10.0,5,50.0,1,Very Easy,0.05,0.0,0,1690,100,0.0,0.0,1,0,1
No Adaptive,5,889,eval,strong,player_win,-10.0,5,50.0,1,Very Easy,0.05,0.0,0,1690,100,0.0,0.0,1,0,1
No Adaptive,5,890,eval,strong,player_win,-10.0,7,50.0,1,Very Easy,0.05,0.0,0,1690,100,0.0,0.0,2,0,1
No Adaptive,5,891,eval,strong,player_win,-10.0,5,50.0,1,Very Easy,0.05,0.0,0,1690,100,0.0,0.0,1,0,1
No Adaptive,5,892,eval,strong,player_win,-10.0,5,50.0,1,Very Easy,0.05,0.0,0,1690,100,0.0,0.0,1,0,1
No Adaptive,5,893,eval,strong,player_win,-10.0,7,50.0,1,Very Easy,0.05,0.0,0,1690,100,0.0,0.0,2,0,1
No Adaptive,5,894,eval,strong,player_win,-10.0,5,50.0,1,Very Easy,0.05,0.0,0,1690,100,0.0,0.0,1,0,1
No Adaptive,5,895,eval,strong,player_win,-10.0,5,50.0,1,Very Easy,0.05,0.0,0,1690,100,0.0,0.0,1,0,1
No Adaptive,5,896,eval,strong,player_win,-10.0,5,50.0,1,Very Easy,0.05,0.0,0,1690,100,0.0,0.0,1,0,1
No Adaptive,5,897,eval,strong,player_win,-10.0,5,50.0,1,Very Easy,0.05,0.0,0,1690,100,0.0,0.0,1,0,1
No Adaptive,5,898,eval,strong,player_win,-10.0,5,50.0,1,Very Easy,0.05,0.0,0,1690,100,0.0,0.0,1,0,1
No Adaptive,5,899,eval,strong,player_win,-10.0,7,50.0,1,Very Easy,0.05,0.0,0,1690,100,0.0,0.0,2,0,1
No Adaptive,5,900,eval,strong,player_win,-10.0,7,50.0,1,Very Easy,0.05,0.0,0,1690,100,0.0,0.0,2,0,1
No Adaptive,5,901,eval,strong,player_win,-10.0,5,50.0,1,Very Easy,0.05,0.0,0,1690,100,0.0,0.0,1,0,1
No Adaptive,5,902,eval,strong,player_win,-10.0,5,50.0,1,Very Easy,0.05,0.0,0,1690,100,0.0,0.0,1,0,1
No Adaptive,5,903,eval,strong,player_win,-10.0,7,50.0,1,Very Easy,0.05,0.0,0,1690,100,0.0,0.0,2,0,1
No Adaptive,5,904,eval,strong,player_win,-10.0,7,50.0,1,Very Easy,0.05,0.0,0,1690,100,0.0,0.0,2,0,1
No Adaptive,5,905,eval,strong,player_win,-10.0,5,50.0,1,Very Easy,0.05,0.0,0,1690,100,0.0,0.0,1,0,1
No Adaptive,5,906,eval,strong,player_win,-10.0,5,50.0,1,Very Easy,0.05,0.0,0,1690,100,0.0,0.0,1,0,1
No Adaptive,5,907,eval,strong,player_win,-10.0,5,50.0,1,Very Easy,0.05,0.0,0,1690,100,0.0,0.0,1,0,1
No Adaptive,5,908,eval,strong,player_win,-10.0,7,50.0,1,Very Easy,0.05,0.0,0,1690,100,0.0,0.0,2,0,1
No Adaptive,5,909,eval,strong,player_win,-10.0,5,50.0,1,Very Easy,0.05,0.0,0,1690,100,0.0,0.0,1,0,1
No Adaptive,5,910,eval,strong,player_win,-10.0,5,50.0,1,Very Easy,0.05,0.0,0,1690,100,0.0,0.0,1,0,1
No Adaptive,5,911,eval,strong,player_win,-10.0,5,50.0,1,Very Easy,0.05,0.0,0,1690,100,0.0,0.0,1,0,1
No Adaptive,5,912,eval,strong,player_win,-10.0,7,50.0,1,Very Easy,0.05,0.0,0,1690,100,0.0,0.0,2,0,1
No Adaptive,5,913,eval,strong,player_win,-10.0,5,50.0,1,Very Easy,0.05,0.0,0,1690,100,0.0,0.0,1,0,1
No Adaptive,5,914,eval,strong,player_win,-10.0,5,50.0,1,Very Easy,0.05,0.0,0,1690,100,0.0,0.0,1,0,1
No Adaptive,5,915,eval,strong,player_win,-10.0,7,50.0,1,Very Easy,0.05,0.0,0,1690,100,0.0,0.0,2,0,1
No Adaptive,5,916,eval,strong,player_win,-10.0,5,50.0,1,Very Easy,0.05,0.0,0,1690,100,0.0,0.0,2,0,0
No Adaptive,5,917,eval,strong,player_win,-10.0,5,50.0,1,Very Easy,0.05,0.0,0,1690,100,0.0,0.0,1,0,1
No Adaptive,5,918,eval,strong,player_win,-10.0,5,50.0,1,Very Easy,0.05,0.0,0,1690,100,0.0,0.0,1,0,1
No Adaptive,5,919,eval,strong,player_win,-10.0,5,50.0,1,Very Easy,0.05,0.0,0,1690,100,0.0,0.0,1,0,1
No Adaptive,5,920,eval,strong,player_win,-10.0,5,50.0,1,Very Easy,0.05,0.0,0,1690,100,0.0,0.0,1,0,1
No Adaptive,5,921,eval,strong,player_win,-10.0,5,50.0,1,Very Easy,0.05,0.0,0,1690,100,0.0,0.0,1,0,1
No Adaptive,5,922,eval,strong,player_win,-10.0,7,50.0,1,Very Easy,0.05,0.0,0,1690,100,0.0,0.0,2,0,1
No Adaptive,5,923,eval,strong,player_win,-10.0,5,50.0,1,Very Easy,0.05,0.0,0,1690,100,0.0,0.0,1,0,1
No Adaptive,5,924,eval,strong,player_win,-10.0,5,50.0,1,Very Easy,0.05,0.0,0,1690,100,0.0,0.0,1,0,1
No Adaptive,5,925,eval,strong,player_win,-10.0,5,50.0,1,Very Easy,0.05,0.0,0,1690,100,0.0,0.0,1,0,1
No Adaptive,5,926,eval,strong,player_win,-10.0,5,50.0,1,Very Easy,0.05,0.0,0,1690,100,0.0,0.0,1,0,1
No Adaptive,5,927,eval,strong,player_win,-10.0,5,50.0,1,Very Easy,0.05,0.0,0,1690,100,0.0,0.0,1,0,1
No Adaptive,5,928,eval,strong,player_win,-10.0,5,50.0,1,Very Easy,0.05,0.0,0,1690,100,0.0,0.0,1,0,1
No Adaptive,5,929,eval,strong,player_win,-10.0,5,50.0,1,Very Easy,0.05,0.0,0,1690,100,0.0,0.0,1,0,1
No Adaptive,5,930,eval,strong,player_win,-10.0,5,50.0,1,Very Easy,0.05,0.0,0,1690,100,0.0,0.0,1,0,1
No Adaptive,5,931,eval,strong,player_win,-10.0,5,50.0,1,Very Easy,0.05,0.0,0,1690,100,0.0,0.0,1,0,1
No Adaptive,5,932,eval,strong,player_win,-10.0,5,50.0,1,Very Easy,0.05,0.0,0,1690,100,0.0,0.0,1,0,1
No Adaptive,5,933,eval,strong,player_win,-10.0,5,50.0,1,Very Easy,0.05,0.0,0,1690,100,0.0,0.0,1,0,1
No Adaptive,5,934,eval,strong,player_win,-10.0,5,50.0,1,Very Easy,0.05,0.0,0,1690,100,0.0,0.0,1,0,1
No Adaptive,5,935,eval,strong,player_win,-10.0,5,50.0,1,Very Easy,0.05,0.0,0,1690,100,0.0,0.0,1,0,1
No Adaptive,5,936,eval,strong,player_win,-10.0,5,50.0,1,Very Easy,0.05,0.0,0,1690,100,0.0,0.0,2,0,0
No Adaptive,5,937,eval,strong,player_win,-10.0,5,50.0,1,Very Easy,0.05,0.0,0,1690,100,0.0,0.0,1,0,1
No Adaptive,5,938,eval,strong,player_win,-10.0,5,50.0,1,Very Easy,0.05,0.0,0,1690,100,0.0,0.0,1,0,1
No Adaptive,5,939,eval,strong,player_win,-10.0,5,50.0,1,Very Easy,0.05,0.0,0,1690,100,0.0,0.0,1,0,1
No Adaptive,5,940,eval,strong,player_win,-10.0,7,50.0,1,Very Easy,0.05,0.0,0,1690,100,0.0,0.0,2,0,1
No Adaptive,5,941,eval,strong,player_win,-10.0,7,50.0,1,Very Easy,0.05,0.0,0,1690,100,0.0,0.0,2,0,1
No Adaptive,5,942,eval,strong,player_win,-10.0,5,50.0,1,Very Easy,0.05,0.0,0,1690,100,0.0,0.0,1,0,1
No Adaptive,5,943,eval,strong,player_win,-10.0,5,50.0,1,Very Easy,0.05,0.0,0,1690,100,0.0,0.0,1,0,1
No Adaptive,5,944,eval,strong,player_win,-10.0,5,50.0,1,Very Easy,0.05,0.0,0,1690,100,0.0,0.0,1,0,1
No Adaptive,5,945,eval,strong,player_win,-10.0,7,50.0,1,Very Easy,0.05,0.0,0,1690,100,0.0,0.0,2,0,1
No Adaptive,5,946,eval,strong,player_win,-10.0,5,50.0,1,Very Easy,0.05,0.0,0,1690,100,0.0,0.0,1,0,1
No Adaptive,5,947,eval,strong,player_win,-10.0,5,50.0,1,Very Easy,0.05,0.0,0,1690,100,0.0,0.0,1,0,1
No Adaptive,5,948,eval,strong,player_win,-10.0,5,50.0,1,Very Easy,0.05,0.0,0,1690,100,0.0,0.0,1,0,1
No Adaptive,5,949,eval,strong,player_win,-10.0,5,50.0,1,Very Easy,0.05,0.0,0,1690,100,0.0,0.0,2,0,0
No Adaptive,5,950,eval,strong,player_win,-10.0,5,50.0,1,Very Easy,0.05,0.0,0,1690,100,0.0,0.0,2,0,0
No Adaptive,5,951,eval,strong,player_win,-10.0,7,50.0,1,Very Easy,0.05,0.0,0,1690,100,0.0,0.0,2,0,1
No Adaptive,5,952,eval,strong,player_win,-10.0,5,50.0,1,Very Easy,0.05,0.0,0,1690,100,0.0,0.0,1,0,1
No Adaptive,5,953,eval,strong,player_win,-10.0,5,50.0,1,Very Easy,0.05,0.0,0,1690,100,0.0,0.0,1,0,1
No Adaptive,5,954,eval,strong,player_win,-10.0,5,50.0,1,Very Easy,0.05,0.0,0,1690,100,0.0,0.0,1,0,1
No Adaptive,5,955,eval,strong,player_win,-10.0,7,50.0,1,Very Easy,0.05,0.0,0,1690,100,0.0,0.0,2,0,1
No Adaptive,5,956,eval,strong,player_win,-10.0,5,50.0,1,Very Easy,0.05,0.0,0,1690,100,0.0,0.0,1,0,1
No Adaptive,5,957,eval,strong,player_win,-10.0,5,50.0,1,Very Easy,0.05,0.0,0,1690,100,0.0,0.0,1,0,1
No Adaptive,5,958,eval,strong,player_win,-10.0,5,50.0,1,Very Easy,0.05,0.0,0,1690,100,0.0,0.0,1,0,1
No Adaptive,5,959,eval,strong,player_win,-10.0,5,50.0,1,Very Easy,0.05,0.0,0,1690,100,0.0,0.0,1,0,1
No Adaptive,5,960,eval,strong,player_win,-10.0,5,50.0,1,Very Easy,0.05,0.0,0,1690,100,0.0,0.0,1,0,1
No Adaptive,5,961,eval,strong,player_win,-10.0,5,50.0,1,Very Easy,0.05,0.0,0,1690,100,0.0,0.0,1,0,1
No Adaptive,5,962,eval,strong,player_win,-10.0,5,50.0,1,Very Easy,0.05,0.0,0,1690,100,0.0,0.0,2,0,0
No Adaptive,5,963,eval,strong,player_win,-10.0,7,50.0,1,Very Easy,0.05,0.0,0,1690,100,0.0,0.0,2,0,1
No Adaptive,5,964,eval,strong,player_win,-10.0,7,50.0,1,Very Easy,0.05,0.0,0,1690,100,0.0,0.0,2,0,1
No Adaptive,5,965,eval,strong,player_win,-10.0,5,50.0,1,Very Easy,0.05,0.0,0,1690,100,0.0,0.0,1,0,1
No Adaptive,5,966,eval,strong,player_win,-10.0,5,50.0,1,Very Easy,0.05,0.0,0,1690,100,0.0,0.0,1,0,1
No Adaptive,5,967,eval,strong,player_win,-10.0,7,50.0,1,Very Easy,0.05,0.0,0,1690,100,0.0,0.0,2,0,1
No Adaptive,5,968,eval,strong,player_win,-10.0,5,50.0,1,Very Easy,0.05,0.0,0,1690,100,0.0,0.0,1,0,1
No Adaptive,5,969,eval,strong,player_win,-10.0,5,50.0,1,Very Easy,0.05,0.0,0,1690,100,0.0,0.0,1,0,1
No Adaptive,5,970,eval,strong,player_win,-10.0,5,50.0,1,Very Easy,0.05,0.0,0,1690,100,0.0,0.0,1,0,1
No Adaptive,5,971,eval,strong,player_win,-10.0,7,50.0,1,Very Easy,0.05,0.0,0,1690,100,0.0,0.0,2,0,1
No Adaptive,5,972,eval,strong,player_win,-10.0,5,50.0,1,Very Easy,0.05,0.0,0,1690,100,0.0,0.0,1,0,1
No Adaptive,5,973,eval,strong,player_win,-10.0,5,50.0,1,Very Easy,0.05,0.0,0,1690,100,0.0,0.0,1,0,1
No Adaptive,5,974,eval,strong,player_win,-10.0,5,50.0,1,Very Easy,0.05,0.0,0,1690,100,0.0,0.0,1,0,1
No Adaptive,5,975,eval,strong,player_win,-10.0,5,50.0,1,Very Easy,0.05,0.0,0,1690,100,0.0,0.0,1,0,1
No Adaptive,5,976,eval,strong,player_win,-10.0,5,50.0,1,Very Easy,0.05,0.0,0,1690,100,0.0,0.0,1,0,1
No Adaptive,5,977,eval,strong,player_win,-10.0,5,50.0,1,Very Easy,0.05,0.0,0,1690,100,0.0,0.0,1,0,1
No Adaptive,5,978,eval,strong,player_win,-10.0,5,50.0,1,Very Easy,0.05,0.0,0,1690,100,0.0,0.0,1,0,1
No Adaptive,5,979,eval,strong,player_win,-10.0,7,50.0,1,Very Easy,0.05,0.0,0,1690,100,0.0,0.0,2,0,1
No Adaptive,5,980,eval,strong,player_win,-10.0,5,50.0,1,Very Easy,0.05,0.0,0,1690,100,0.0,0.0,1,0,1
No Adaptive,5,981,eval,strong,player_win,-10.0,5,50.0,1,Very Easy,0.05,0.0,0,1690,100,0.0,0.0,1,0,1
No Adaptive,5,982,eval,strong,player_win,-10.0,5,50.0,1,Very Easy,0.05,0.0,0,1690,100,0.0,0.0,1,0,1
No Adaptive,5,983,eval,strong,player_win,-10.0,5,50.0,1,Very Easy,0.05,0.0,0,1690,100,0.0,0.0,1,0,1
No Adaptive,5,984,eval,strong,player_win,-10.0,7,50.0,1,Very Easy,0.05,0.0,0,1690,100,0.0,0.0,2,0,1
No Adaptive,5,985,eval,strong,player_win,-10.0,5,50.0,1,Very Easy,0.05,0.0,0,1690,100,0.0,0.0,1,0,1
No Adaptive,5,986,eval,strong,player_win,-10.0,5,50.0,1,Very Easy,0.05,0.0,0,1690,100,0.0,0.0,1,0,1
No Adaptive,5,987,eval,strong,player_win,-10.0,5,50.0,1,Very Easy,0.05,0.0,0,1690,100,0.0,0.0,1,0,1
No Adaptive,5,988,eval,strong,player_win,-10.0,5,50.0,1,Very Easy,0.05,0.0,0,1690,100,0.0,0.0,1,0,1
No Adaptive,5,989,eval,strong,player_win,-10.0,5,50.0,1,Very Easy,0.05,0.0,0,1690,100,0.0,0.0,1,0,1
No Adaptive,5,990,eval,strong,player_win,-10.0,5,50.0,1,Very Easy,0.05,0.0,0,1690,100,0.0,0.0,1,0,1
No Adaptive,5,991,eval,strong,player_win,-10.0,5,50.0,1,Very Easy,0.05,0.0,0,1690,100,0.0,0.0,1,0,1
No Adaptive,5,992,eval,strong,player_win,-10.0,5,50.0,1,Very Easy,0.05,0.0,0,1690,100,0.0,0.0,1,0,1
No Adaptive,5,993,eval,strong,player_win,-10.0,5,50.0,1,Very Easy,0.05,0.0,0,1690,100,0.0,0.0,1,0,1
No Adaptive,5,994,eval,strong,player_win,-10.0,7,50.0,1,Very Easy,0.05,0.0,0,1690,100,0.0,0.0,2,0,1
No Adaptive,5,995,eval,strong,player_win,-10.0,5,50.0,1,Very Easy,0.05,0.0,0,1690,100,0.0,0.0,1,0,1
No Adaptive,5,996,eval,strong,player_win,-10.0,7,50.0,1,Very Easy,0.05,0.0,0,1690,100,0.0,0.0,2,0,1
No Adaptive,5,997,eval,strong,player_win,-10.0,5,50.0,1,Very Easy,0.05,0.0,0,1690,100,0.0,0.0,1,0,1
No Adaptive,5,998,eval,strong,player_win,-10.0,5,50.0,1,Very Easy,0.05,0.0,0,1690,100,0.0,0.0,1,0,1
No Adaptive,5,999,eval,strong,player_win,-10.0,5,50.0,1,Very Easy,0.05,0.0,0,1690,100,0.0,0.0,1,0,1
No Adaptive,5,1000,eval,strong,player_win,-10.0,5,50.0,1,Very Easy,0.05,0.0,0,1690,100,0.0,0.0,1,0,1
