model,seed,episode,phase,opponent,result,reward,move_count,skill,difficulty,difficulty_name,epsilon,effective_epsilon,q_updates_enabled,q_updates,learned_states,avg_abs_q_change,max_abs_q_change,tactical_moves,epsilon_moves,q_policy_moves
No Tactical,1,1,train,random,player_win,-10.0,7,60.0,1,Very Easy,0.95,1.0,1,3,3,0.0,0.0,0,3,0
No Tactical,1,2,train,random,player_win,-10.0,9,70.0,1,Very Easy,0.9025,1.0,1,7,7,0.0,0.0,0,4,0
No Tactical,1,3,train,random,agent_win,10.0,12,62.0,3,Normal,0.8573749999999999,0.6859,1,13,13,3.0,3.0,0,6,0
No Tactical,1,4,train,random,player_win,-10.0,7,72.0,4,Hard,0.8145062499999999,0.40725312499999994,1,16,16,0.0,0.0,0,2,1
No Tactical,1,5,train,random,agent_win,10.0,10,64.0,3,Normal,0.7737809374999999,0.6190247499999999,1,21,21,3.0,3.0,0,1,4
No Tactical,1,6,train,random,agent_win,10.0,12,56.0,3,Normal,0.7350918906249998,0.5880735124999998,1,27,26,3.0,3.0,0,2,4
No Tactical,1,7,train,random,agent_win,10.0,14,48.0,3,Normal,0.6983372960937497,0.5586698368749998,1,34,32,3.0,3.0,0,5,2
No Tactical,1,8,train,random,agent_win,10.0,10,40.0,2,Easy,0.6634204312890623,0.7297624744179685,1,39,37,3.0,3.0,0,2,3
No Tactical,1,9,train,random,agent_win,10.0,10,32.0,2,Easy,0.6302494097246091,0.69327435069707,1,44,42,3.0,3.0,0,5,0
No Tactical,1,10,train,random,player_win,-10.0,7,42.0,2,Easy,0.5987369392383786,0.6586106331622165,1,47,45,0.0,0.0,0,3,0
No Tactical,1,11,train,random,agent_win,10.0,8,34.0,2,Easy,0.5688000922764596,0.6256801015041056,1,51,48,3.0,3.0,0,2,2
No Tactical,1,12,train,random,agent_win,10.0,10,26.0,2,Easy,0.5403600876626365,0.5943960964289002,1,56,53,3.0,3.0,0,2,3
No Tactical,1,13,train,random,agent_win,10.0,10,18.0,1,Very Easy,0.5133420832795047,0.6930118124273313,1,61,57,3.0,3.0,0,3,2
No Tactical,1,14,train,random,agent_win,10.0,8,10.0,1,Very Easy,0.48767497911552943,0.6583612218059648,1,65,61,3.0,3.0,0,3,1
No Tactical,1,15,train,random,player_win,-10.0,13,20.0,1,Very Easy,0.46329123015975293,0.6254431607156665,1,71,66,0.0,0.0,0,3,3
No Tactical,1,16,train,random,agent_win,10.0,10,12.0,1,Very Easy,0.44012666865176525,0.5941710026798831,1,76,71,3.0,3.0,0,4,1
No Tactical,1,17,train,random,agent_win,10.0,10,4.0,1,Very Easy,0.41812033521917696,0.5644624525458889,1,81,75,3.0,3.0,0,4,1
No Tactical,1,18,train,random,player_win,-10.0,7,14.0,1,Very Easy,0.3972143184582181,0.5362393299185945,1,84,77,0.0,0.0,0,3,0
No Tactical,1,19,train,random,player_win,-10.0,7,24.0,1,Very Easy,0.37735360253530714,0.5094273634226647,1,87,80,0.0,0.0,0,1,2
No Tactical,1,20,train,random,player_win,-10.0,5,34.0,2,Easy,0.35848592240854177,0.39433451464939595,1,89,81,0.0,0.0,0,2,0
No Tactical,1,21,train,random,player_win,-10.0,7,44.0,2,Easy,0.34056162628811465,0.37461778891692615,1,92,83,0.0,0.0,0,1,2
No Tactical,1,22,train,random,player_win,-10.0,5,54.0,3,Normal,0.3235335449737089,0.2588268359789671,1,94,84,0.0,0.0,0,1,1
No Tactical,1,23,train,random,agent_win,10.0,12,46.0,3,Normal,0.30735686772502346,0.2458854941800188,1,100,89,3.0,3.0,0,1,5
No Tactical,1,24,train,random,player_win,-10.0,11,56.0,3,Normal,0.2919890243387723,0.23359121947101782,1,105,94,0.0,0.0,0,2,3
No Tactical,1,25,train,random,player_win,-10.0,9,66.0,4,Hard,0.27738957312183365,0.13869478656091683,1,109,97,0.0,0.0,0,1,3
No Tactical,1,26,train,random,player_win,-10.0,11,76.0,4,Hard,0.263520094465742,0.131760047232871,1,114,101,0.0,0.0,0,1,4
No Tactical,1,27,train,random,player_win,-10.0,7,86.0,5,Expert,0.25034408974245487,0.06258602243561372,1,117,103,0.0,0.0,0,0,3
No Tactical,1,28,train,random,player_win,-10.0,13,96.0,5,Expert,0.2378268852553321,0.059456721313833026,1,123,108,0.0,0.0,0,0,6
No Tactical,1,29,train,random,player_win,-10.0,9,100.0,5,Expert,0.2259355409925655,0.05648388524814137,1,127,111,0.0,0.0,0,0,4
No Tactical,1,30,train,random,player_win,-10.0,11,100.0,5,Expert,0.2146387639429372,0.0536596909857343,1,132,115,0.0,0.0,0,0,5
No Tactical,1,31,train,random,player_win,-10.0,11,100.0,5,Expert,0.20390682574579033,0.05097670643644758,1,137,119,0.0,0.0,0,0,5
No Tactical,1,32,train,random,player_win,-10.0,7,100.0,5,Expert,0.1937114844585008,0.05,1,140,121,0.0,0.0,0,0,3
No Tactical,1,33,train,random,player_win,-10.0,11,100.0,5,Expert,0.18402591023557577,0.05,1,145,126,0.0,0.0,0,1,4
No Tactical,1,34,train,random,agent_win,10.0,6,92.0,5,Expert,0.17482461472379698,0.05,1,148,128,3.0,3.0,0,0,3
No Tactical,1,35,train,random,agent_win,10.0,10,84.0,5,Expert,0.16608338398760714,0.05,1,153,132,3.0,3.0,0,0,5
No Tactical,1,36,train,random,agent_win,10.0,6,76.0,4,Hard,0.15777921478822676,0.07888960739411338,1,156,134,3.0,3.0,0,0,3
No Tactical,1,37,train,random,agent_win,10.0,8,68.0,4,Hard,0.14989025404881542,0.07494512702440771,1,160,137,3.0,3.0,0,1,3
No Tactical,1,38,train,random,player_win,-10.0,15,78.0,4,Hard,0.14239574134637464,0.07119787067318732,1,167,144,0.0,0.0,0,0,7
No Tactical,1,39,train,random,player_win,-10.0,7,88.0,5,Expert,0.1352759542790559,0.05,1,170,146,0.0,0.0,0,1,2
No Tactical,1,40,train,random,player_win,-10.0,11,98.0,5,Expert,0.1285121565651031,0.05,1,175,150,0.0,0.0,0,0,5
No Tactical,1,41,train,random,agent_win,10.0,12,90.0,5,Expert,0.12208654873684793,0.05,1,181,155,3.0,3.0,0,0,6
No Tactical,1,42,train,random,player_win,-10.0,9,100.0,5,Expert,0.11598222130000553,0.05,1,185,158,0.0,0.0,0,0,4
No Tactical,1,43,train,random,player_win,-10.0,11,100.0,5,Expert,0.11018311023500525,0.05,1,190,162,0.0,0.0,0,0,5
No Tactical,1,44,train,random,player_win,-10.0,9,100.0,5,Expert,0.10467395472325498,0.05,1,194,165,0.0,0.0,0,0,4
No Tactical,1,45,train,random,player_win,-10.0,5,100.0,5,Expert,0.09944025698709223,0.05,1,196,166,0.0,0.0,0,0,2
No Tactical,1,46,train,random,player_win,-10.0,11,100.0,5,Expert,0.09446824413773762,0.05,1,201,171,0.0,0.0,0,1,4
No Tactical,1,47,train,random,agent_win,10.0,8,92.0,5,Expert,0.08974483193085074,0.05,1,205,174,3.0,3.0,0,0,4
No Tactical,1,48,train,random,player_win,-10.0,11,100.0,5,Expert,0.0852575903343082,0.05,1,210,178,0.0,0.0,0,0,5
No Tactical,1,49,train,random,player_win,-10.0,9,100.0,5,Expert,0.08099471081759278,0.05,1,214,181,0.0,0.0,0,0,4
No Tactical,1,50,train,random,player_win,-10.0,13,100.0,5,Expert,0.07694497527671314,0.05,1,220,186,0.0,0.0,0,0,6
No Tactical,1,51,train,random,agent_win,10.0,14,92.0,5,Expert,0.07309772651287748,0.05,1,227,192,3.0,3.0,0,2,5
No Tactical,1,52,train,random,player_win,-10.0,13,100.0,5,Expert,0.0694428401872336,0.05,1,233,197,0.0,0.0,0,0,6
No Tactical,1,53,train,random,player_win,-10.0,9,100.0,5,Expert,0.0659706981778719,0.05,1,237,200,0.0,0.0,0,0,4
No Tactical,1,54,train,random,player_win,-10.0,13,100.0,5,Expert,0.0626721632689783,0.05,1,243,205,0.0,0.0,0,1,5
No Tactical,1,55,train,random,agent_win,10.0,10,92.0,5,Expert,0.059538555105529384,0.05,1,248,209,3.0,3.0,0,0,5
No Tactical,1,56,train,random,player_win,-10.0,11,100.0,5,Expert,0.05656162735025291,0.05,1,253,213,0.0,0.0,0,0,5
No Tactical,1,57,train,random,agent_win,10.0,10,92.0,5,Expert,0.053733545982740265,0.05,1,258,217,3.0,3.0,0,0,5
No Tactical,1,58,train,random,player_win,-10.0,7,100.0,5,Expert,0.05104686868360325,0.05,1,261,219,0.0,0.0,0,0,3
No Tactical,1,59,train,random,player_win,-10.0,7,100.0,5,Expert,0.05,0.05,1,264,221,0.0,0.0,0,0,3
No Tactical,1,60,train,random,agent_win,10.0,8,92.0,5,Expert,0.05,0.05,1,268,224,3.0,3.0,0,0,4
No Tactical,1,61,train,random,player_win,-10.0,7,100.0,5,Expert,0.05,0.05,1,271,226,0.0,0.0,0,0,3
No Tactical,1,62,train,random,player_win,-10.0,9,100.0,5,Expert,0.05,0.05,1,275,229,0.0,0.0,0,0,4
No Tactical,1,63,train,random,agent_win,10.0,14,92.0,5,Expert,0.05,0.05,1,282,235,3.0,3.0,0,1,6
No Tactical,1,64,train,random,player_win,-10.0,9,100.0,5,Expert,0.05,0.05,1,286,238,0.0,0.0,0,0,4
No Tactical,1,65,train,random,agent_win,10.0,12,92.0,5,Expert,0.05,0.05,1,292,243,3.0,3.0,0,0,6
No Tactical,1,66,train,random,player_win,-10.0,11,100.0,5,Expert,0.05,0.05,1,297,247,0.0,0.0,0,1,4
No Tactical,1,67,train,random,player_win,-10.0,7,100.0,5,Expert,0.05,0.05,1,300,249,0.0,0.0,0,0,3
No Tactical,1,68,train,random,player_win,-10.0,7,100.0,5,Expert,0.05,0.05,1,303,251,0.0,0.0,0,0,3
No Tactical,1,69,train,random,player_win,-10.0,9,100.0,5,Expert,0.05,0.05,1,307,254,0.0,0.0,0,0,4
No Tactical,1,70,train,random,agent_win,10.0,12,92.0,5,Expert,0.05,0.05,1,313,259,3.0,3.0,0,1,5
No Tactical,1,71,train,random,agent_win,10.0,12,84.0,5,Expert,0.05,0.05,1,319,264,3.0,3.0,0,1,5
No Tactical,1,72,train,random,player_win,-10.0,13,94.0,5,Expert,0.05,0.05,1,325,269,0.0,0.0,0,0,6
No Tactical,1,73,train,random,agent_win,10.0,12,86.0,5,Expert,0.05,0.05,1,331,274,3.0,3.0,0,0,6
No Tactical,1,74,train,random,agent_win,10.0,6,78.0,4,Hard,0.05,0.05,1,334,276,3.0,3.0,0,0,3
No Tactical,1,75,train,random,player_win,-10.0,11,88.0,5,Expert,0.05,0.05,1,339,280,0.0,0.0,0,1,4
No Tactical,1,76,train,random,player_win,-10.0,7,98.0,5,Expert,0.05,0.05,1,342,282,0.0,0.0,0,1,2
No Tactical,1,77,train,random,player_win,-10.0,9,100.0,5,Expert,0.05,0.05,1,346,285,0.0,0.0,0,0,4
No Tactical,1,78,train,random,agent_win,10.0,12,92.0,5,Expert,0.05,0.05,1,352,290,3.0,3.0,0,0,6
No Tactical,1,79,train,random,agent_win,10.0,8,84.0,5,Expert,0.05,0.05,1,356,293,3.0,3.0,0,0,4
No Tactical,1,80,train,random,player_win,-10.0,9,94.0,5,Expert,0.05,0.05,1,360,295,0.0,0.0,0,0,4
No Tactical,1,81,train,random,agent_win,10.0,8,86.0,5,Expert,0.05,0.05,1,364,298,3.0,3.0,0,0,4
No Tactical,1,82,train,random,player_win,-10.0,9,96.0,5,Expert,0.05,0.05,1,368,301,0.0,0.0,0,0,4
No Tactical,1,83,train,random,player_win,-10.0,11,100.0,5,Expert,0.05,0.05,1,373,305,0.0,0.0,0,0,5
No Tactical,1,84,train,random,agent_win,10.0,8,92.0,5,Expert,0.05,0.05,1,377,308,3.0,3.0,0,0,4
No Tactical,1,85,train,random,agent_win,10.0,12,84.0,5,Expert,0.05,0.05,1,383,313,3.0,3.0,0,1,5
No Tactical,1,86,train,random,agent_win,10.0,10,76.0,4,Hard,0.05,0.05,1,388,316,3.0,3.0,0,0,5
No Tactical,1,87,train,random,player_win,-10.0,11,86.0,5,Expert,0.05,0.05,1,393,320,0.0,0.0,0,0,5
No Tactical,1,88,train,random,player_win,-10.0,7,96.0,5,Expert,0.05,0.05,1,396,322,0.0,0.0,0,0,3
No Tactical,1,89,train,random,agent_win,10.0,14,88.0,5,Expert,0.05,0.05,1,403,328,3.0,3.0,0,1,6
No Tactical,1,90,train,random,player_win,-10.0,9,98.0,5,Expert,0.05,0.05,1,407,331,0.0,0.0,0,1,3
No Tactical,1,91,train,random,agent_win,10.0,12,90.0,5,Expert,0.05,0.05,1,413,336,3.0,3.0,0,2,4
No Tactical,1,92,train,random,player_win,-10.0,9,100.0,5,Expert,0.05,0.05,1,417,339,0.0,0.0,0,0,4
No Tactical,1,93,train,random,agent_win,10.0,12,92.0,5,Expert,0.05,0.05,1,423,344,3.0,3.0,0,0,6
No Tactical,1,94,train,random,agent_win,10.0,8,84.0,5,Expert,0.05,0.05,1,427,347,3.0,3.0,0,0,4
No Tactical,1,95,train,random,player_win,-10.0,7,94.0,5,Expert,0.05,0.05,1,430,349,0.0,0.0,0,0,3
No Tactical,1,96,train,random,player_win,-10.0,13,100.0,5,Expert,0.05,0.05,1,436,354,0.0,0.0,0,1,5
No Tactical,1,97,train,random,agent_win,10.0,12,92.0,5,Expert,0.05,0.05,1,442,359,3.0,3.0,0,2,4
No Tactical,1,98,train,random,player_win,-10.0,7,100.0,5,Expert,0.05,0.05,1,445,361,0.0,0.0,0,0,3
No Tactical,1,99,train,random,player_win,-10.0,11,100.0,5,Expert,0.05,0.05,1,450,365,0.0,0.0,0,1,4
No Tactical,1,100,train,random,agent_win,10.0,12,92.0,5,Expert,0.05,0.05,1,456,370,3.0,3.0,0,0,6
No Tactical,1,101,train,random,player_win,-10.0,11,100.0,5,Expert,0.05,0.05,1,461,374,0.0,0.0,0,0,5
No Tactical,1,102,train,random,player_win,-10.0,9,100.0,5,Expert,0.05,0.05,1,465,376,0.0,0.0,0,0,4
No Tactical,1,103,train,random,agent_win,10.0,8,92.0,5,Expert,0.05,0.05,1,469,379,3.0,3.0,0,0,4
No Tactical,1,104,train,random,player_win,-10.0,9,100.0,5,Expert,0.05,0.05,1,473,382,0.0,0.0,0,0,4
No Tactical,1,105,train,random,agent_win,10.0,8,92.0,5,Expert,0.05,0.05,1,477,385,3.0,3.0,0,0,4
No Tactical,1,106,train,random,player_win,-10.0,7,100.0,5,Expert,0.05,0.05,1,480,387,0.0,0.0,0,0,3
No Tactical,1,107,train,random,player_win,-10.0,7,100.0,5,Expert,0.05,0.05,1,483,389,0.0,0.0,0,0,3
No Tactical,1,108,train,random,player_win,-10.0,9,100.0,5,Expert,0.05,0.05,1,487,392,0.0,0.0,0,0,4
No Tactical,1,109,train,random,agent_win,10.0,12,92.0,5,Expert,0.05,0.05,1,493,397,3.0,3.0,0,1,5
No Tactical,1,110,train,random,player_win,-10.0,9,100.0,5,Expert,0.05,0.05,1,497,400,0.0,0.0,0,0,4
No Tactical,1,111,train,random,player_win,-10.0,13,100.0,5,Expert,0.05,0.05,1,503,405,0.0,0.0,0,0,6
No Tactical,1,112,train,random,agent_win,10.0,8,92.0,5,Expert,0.05,0.05,1,507,408,3.0,3.0,0,1,3
No Tactical,1,113,train,random,player_win,-10.0,13,100.0,5,Expert,0.05,0.05,1,513,413,0.0,0.0,0,0,6
No Tactical,1,114,train,random,agent_win,10.0,10,92.0,5,Expert,0.05,0.05,1,518,417,3.0,3.0,0,0,5
No Tactical,1,115,train,random,agent_win,10.0,8,84.0,5,Expert,0.05,0.05,1,522,420,3.0,3.0,0,1,3
No Tactical,1,116,train,random,player_win,-10.0,11,94.0,5,Expert,0.05,0.05,1,527,424,0.0,0.0,0,0,5
No Tactical,1,117,train,random,player_win,-10.0,9,100.0,5,Expert,0.05,0.05,1,531,427,0.0,0.0,0,0,4
No Tactical,1,118,train,random,agent_win,10.0,6,92.0,5,Expert,0.05,0.05,1,534,429,3.0,3.0,0,0,3
No Tactical,1,119,train,random,player_win,-10.0,13,100.0,5,Expert,0.05,0.05,1,540,434,0.0,0.0,0,0,6
No Tactical,1,120,train,random,agent_win,10.0,12,92.0,5,Expert,0.05,0.05,1,546,439,3.0,3.0,0,0,6
No Tactical,1,121,train,random,player_win,-10.0,9,100.0,5,Expert,0.05,0.05,1,550,442,0.0,0.0,0,1,3
No Tactical,1,122,train,random,agent_win,10.0,12,92.0,5,Expert,0.05,0.05,1,556,447,3.0,3.0,0,0,6
No Tactical,1,123,train,random,player_win,-10.0,9,100.0,5,Expert,0.05,0.05,1,560,450,0.0,0.0,0,0,4
No Tactical,1,124,train,random,player_win,-10.0,13,100.0,5,Expert,0.05,0.05,1,566,455,0.0,0.0,0,0,6
No Tactical,1,125,train,random,player_win,-10.0,7,100.0,5,Expert,0.05,0.05,1,569,457,0.0,0.0,0,0,3
No Tactical,1,126,train,random,player_win,-10.0,5,100.0,5,Expert,0.05,0.05,1,571,457,0.0,0.0,0,0,2
No Tactical,1,127,train,random,agent_win,10.0,12,92.0,5,Expert,0.05,0.05,1,577,462,3.0,3.0,0,0,6
No Tactical,1,128,train,random,agent_win,10.0,12,84.0,5,Expert,0.05,0.05,1,583,467,3.0,3.0,0,0,6
No Tactical,1,129,train,random,agent_win,10.0,12,76.0,4,Hard,0.05,0.05,1,589,472,3.0,3.0,0,0,6
No Tactical,1,130,train,random,player_win,-10.0,13,86.0,5,Expert,0.05,0.05,1,595,477,0.0,0.0,0,1,5
No Tactical,1,131,train,random,agent_win,10.0,8,78.0,4,Hard,0.05,0.05,1,599,480,3.0,3.0,0,0,4
No Tactical,1,132,train,random,player_win,-10.0,9,88.0,5,Expert,0.05,0.05,1,603,483,0.0,0.0,0,0,4
No Tactical,1,133,train,random,agent_win,10.0,10,80.0,5,Expert,0.05,0.05,1,608,487,3.0,3.0,0,0,5
No Tactical,1,134,train,random,player_win,-10.0,13,90.0,5,Expert,0.05,0.05,1,614,492,0.0,0.0,0,0,6
No Tactical,1,135,train,random,player_win,-10.0,7,100.0,5,Expert,0.05,0.05,1,617,494,0.0,0.0,0,0,3
No Tactical,1,136,train,random,player_win,-10.0,11,100.0,5,Expert,0.05,0.05,1,622,498,0.0,0.0,0,0,5
No Tactical,1,137,train,random,agent_win,10.0,12,92.0,5,Expert,0.05,0.05,1,628,503,3.0,3.0,0,0,6
No Tactical,1,138,train,random,agent_win,10.0,16,84.0,5,Expert,0.05,0.05,1,636,509,3.0,3.0,0,0,8
No Tactical,1,139,train,random,agent_win,10.0,10,76.0,4,Hard,0.05,0.05,1,641,513,3.0,3.0,0,0,5
No Tactical,1,140,train,random,player_win,-10.0,5,86.0,5,Expert,0.05,0.05,1,643,514,0.0,0.0,0,0,2
No Tactical,1,141,train,random,agent_win,10.0,10,78.0,4,Hard,0.05,0.05,1,648,518,3.0,3.0,0,0,5
No Tactical,1,142,train,random,agent_win,10.0,14,70.0,4,Hard,0.05,0.05,1,655,524,3.0,3.0,0,0,7
No Tactical,1,143,train,random,player_win,-10.0,11,80.0,5,Expert,0.05,0.05,1,660,528,0.0,0.0,0,0,5
No Tactical,1,144,train,random,player_win,-10.0,9,90.0,5,Expert,0.05,0.05,1,664,531,0.0,0.0,0,0,4
No Tactical,1,145,train,random,player_win,-10.0,9,100.0,5,Expert,0.05,0.05,1,668,534,0.0,0.0,0,0,4
No Tactical,1,146,train,random,player_win,-10.0,13,100.0,5,Expert,0.05,0.05,1,674,539,0.0,0.0,0,0,6
No Tactical,1,147,train,random,agent_win,10.0,8,92.0,5,Expert,0.05,0.05,1,678,542,3.0,3.0,0,0,4
No Tactical,1,148,train,random,agent_win,10.0,10,84.0,5,Expert,0.05,0.05,1,683,546,3.0,3.0,0,0,5
No Tactical,1,149,train,random,agent_win,10.0,10,76.0,4,Hard,0.05,0.05,1,688,550,3.0,3.0,0,0,5
No Tactical,1,150,train,random,player_win,-10.0,11,86.0,5,Expert,0.05,0.05,1,693,554,0.0,0.0,0,0,5
No Tactical,1,151,train,random,player_win,-10.0,13,96.0,5,Expert,0.05,0.05,1,699,559,0.0,0.0,0,0,6
No Tactical,1,152,train,random,player_win,-10.0,9,100.0,5,Expert,0.05,0.05,1,703,562,0.0,0.0,0,0,4
No Tactical,1,153,train,random,agent_win,10.0,8,92.0,5,Expert,0.05,0.05,1,707,565,3.0,3.0,0,0,4
No Tactical,1,154,train,random,agent_win,10.0,10,84.0,5,Expert,0.05,0.05,1,712,569,3.0,3.0,0,0,5
No Tactical,1,155,train,random,agent_win,10.0,14,76.0,4,Hard,0.05,0.05,1,719,575,3.0,3.0,0,0,7
No Tactical,1,156,train,random,agent_win,10.0,12,68.0,4,Hard,0.05,0.05,1,725,580,3.0,3.0,0,1,5
No Tactical,1,157,train,random,agent_win,10.0,8,60.0,3,Normal,0.05,0.05,1,729,583,3.0,3.0,0,0,4
No Tactical,1,158,train,random,player_win,-10.0,5,70.0,4,Hard,0.05,0.05,1,731,584,0.0,0.0,0,0,2
No Tactical,1,159,train,random,player_win,-10.0,13,80.0,5,Expert,0.05,0.05,1,737,589,0.0,0.0,0,1,5
No Tactical,1,160,train,random,player_win,-10.0,7,90.0,5,Expert,0.05,0.05,1,740,591,0.0,0.0,0,0,3
No Tactical,1,161,train,random,agent_win,10.0,8,82.0,5,Expert,0.05,0.05,1,744,594,3.0,3.0,0,1,3
No Tactical,1,162,train,random,player_win,-10.0,11,92.0,5,Expert,0.05,0.05,1,749,598,0.0,0.0,0,0,5
No Tactical,1,163,train,random,player_win,-10.0,13,100.0,5,Expert,0.05,0.05,1,755,603,0.0,0.0,0,1,5
No Tactical,1,164,train,random,player_win,-10.0,9,100.0,5,Expert,0.05,0.05,1,759,605,0.0,0.0,0,0,4
No Tactical,1,165,train,random,player_win,-10.0,11,100.0,5,Expert,0.05,0.05,1,764,609,0.0,0.0,0,2,3
No Tactical,1,166,train,random,player_win,-10.0,11,100.0,5,Expert,0.05,0.05,1,769,613,0.0,0.0,0,0,5
No Tactical,1,167,train,random,agent_win,10.0,8,92.0,5,Expert,0.05,0.05,1,773,615,3.0,3.0,0,0,4
No Tactical,1,168,train,random,agent_win,10.0,12,84.0,5,Expert,0.05,0.05,1,779,620,3.0,3.0,0,0,6
No Tactical,1,169,train,random,agent_win,10.0,8,76.0,4,Hard,0.05,0.05,1,783,623,3.0,3.0,0,0,4
No Tactical,1,170,train,random,player_win,-10.0,9,86.0,5,Expert,0.05,0.05,1,787,626,0.0,0.0,0,0,4
No Tactical,1,171,train,random,agent_win,10.0,8,78.0,4,Hard,0.05,0.05,1,791,629,3.0,3.0,0,0,4
No Tactical,1,172,train,random,player_win,-10.0,13,88.0,5,Expert,0.05,0.05,1,797,634,0.0,0.0,0,1,5
No Tactical,1,173,train,random,player_win,-10.0,11,98.0,5,Expert,0.05,0.05,1,802,638,0.0,0.0,0,0,5
No Tactical,1,174,train,random,player_win,-10.0,11,100.0,5,Expert,0.05,0.05,1,807,642,0.0,0.0,0,1,4
No Tactical,1,175,train,random,player_win,-10.0,7,100.0,5,Expert,0.05,0.05,1,810,644,0.0,0.0,0,0,3
No Tactical,1,176,train,random,player_win,-10.0,5,100.0,5,Expert,0.05,0.05,1,812,645,0.0,0.0,0,0,2
No Tactical,1,177,train,random,player_win,-10.0,9,100.0,5,Expert,0.05,0.05,1,816,648,0.0,0.0,0,0,4
No Tactical,1,178,train,random,player_win,-10.0,11,100.0,5,Expert,0.05,0.05,1,821,652,0.0,0.0,0,0,5
No Tactical,1,179,train,random,player_win,-10.0,9,100.0,5,Expert,0.05,0.05,1,825,654,0.0,0.0,0,1,3
No Tactical,1,180,train,random,player_win,-10.0,13,100.0,5,Expert,0.05,0.05,1,831,659,0.0,0.0,0,1,5
No Tactical,1,181,train,random,player_win,-10.0,5,100.0,5,Expert,0.05,0.05,1,833,660,0.0,0.0,0,0,2
No Tactical,1,182,train,random,player_win,-10.0,7,100.0,5,Expert,0.05,0.05,1,836,662,0.0,0.0,0,0,3
No Tactical,1,183,train,random,player_win,-10.0,11,100.0,5,Expert,0.05,0.05,1,841,666,0.0,0.0,0,0,5
No Tactical,1,184,train,random,player_win,-10.0,11,100.0,5,Expert,0.05,0.05,1,846,670,0.0,0.0,0,1,4
No Tactical,1,185,train,random,player_win,-10.0,11,100.0,5,Expert,0.05,0.05,1,851,674,0.0,0.0,0,0,5
No Tactical,1,186,train,random,agent_win,10.0,12,92.0,5,Expert,0.05,0.05,1,857,679,3.0,3.0,0,0,6
No Tactical,1,187,train,random,agent_win,10.0,16,84.0,5,Expert,0.05,0.05,1,865,685,3.0,3.0,0,1,7
No Tactical,1,188,train,random,player_win,-10.0,15,94.0,5,Expert,0.05,0.05,1,872,691,0.0,0.0,0,2,5
No Tactical,1,189,train,random,player_win,-10.0,9,100.0,5,Expert,0.05,0.05,1,876,694,0.0,0.0,0,0,4
No Tactical,1,190,train,random,player_win,-10.0,11,100.0,5,Expert,0.05,0.05,1,881,698,0.0,0.0,0,0,5
No Tactical,1,191,train,random,player_win,-10.0,11,100.0,5,Expert,0.05,0.05,1,886,701,0.0,0.0,0,0,5
No Tactical,1,192,train,random,player_win,-10.0,13,100.0,5,Expert,0.05,0.05,1,892,705,0.0,0.0,0,0,6
No Tactical,1,193,train,random,player_win,-10.0,5,100.0,5,Expert,0.05,0.05,1,894,706,0.0,0.0,0,0,2
No Tactical,1,194,train,random,agent_win,10.0,8,92.0,5,Expert,0.05,0.05,1,898,708,3.0,3.0,0,0,4
No Tactical,1,195,train,random,agent_win,10.0,12,84.0,5,Expert,0.05,0.05,1,904,713,3.0,3.0,0,1,5
No Tactical,1,196,train,random,draw,3.0,16,87.0,5,Expert,0.05,0.05,1,912,720,0.8999999999999999,0.8999999999999999,0,1,7
No Tactical,1,197,train,random,agent_win,10.0,6,79.0,4,Hard,0.05,0.05,1,915,721,3.0,3.0,0,0,3
No Tactical,1,198,train,random,player_win,-10.0,5,89.0,5,Expert,0.05,0.05,1,917,722,0.0,0.0,0,0,2
No Tactical,1,199,train,random,agent_win,10.0,10,81.0,5,Expert,0.05,0.05,1,922,726,3.0,3.0,0,2,3
No Tactical,1,200,train,random,player_win,-10.0,13,91.0,5,Expert,0.05,0.05,1,928,731,0.0,0.0,0,1,5
No Tactical,1,201,train,random,agent_win,10.0,10,83.0,5,Expert,0.05,0.05,1,933,735,3.0,3.0,0,0,5
No Tactical,1,202,train,random,player_win,-10.0,11,93.0,5,Expert,0.05,0.05,1,938,739,0.0,0.0,0,1,4
No Tactical,1,203,train,random,agent_win,10.0,14,85.0,5,Expert,0.05,0.05,1,945,745,3.0,3.0,0,0,7
No Tactical,1,204,train,random,player_win,-10.0,13,95.0,5,Expert,0.05,0.05,1,951,750,0.0,0.0,0,0,6
No Tactical,1,205,train,random,agent_win,10.0,10,87.0,5,Expert,0.05,0.05,1,956,754,3.0,3.0,0,0,5
No Tactical,1,206,train,random,player_win,-10.0,13,97.0,5,Expert,0.05,0.05,1,962,759,0.0,0.0,0,0,6
No Tactical,1,207,train,random,player_win,-10.0,7,100.0,5,Expert,0.05,0.05,1,965,760,0.0,0.0,0,0,3
No Tactical,1,208,train,random,player_win,-10.0,13,100.0,5,Expert,0.05,0.05,1,971,765,0.0,0.0,0,0,6
No Tactical,1,209,train,random,agent_win,10.0,8,92.0,5,Expert,0.05,0.05,1,975,768,3.0,3.0,0,0,4
No Tactical,1,210,train,random,player_win,-10.0,9,100.0,5,Expert,0.05,0.05,1,979,771,0.0,0.0,0,0,4
No Tactical,1,211,train,random,agent_win,10.0,8,92.0,5,Expert,0.05,0.05,1,983,774,3.0,3.0,0,1,3
No Tactical,1,212,train,random,player_win,-10.0,7,100.0,5,Expert,0.05,0.05,1,986,776,0.0,0.0,0,0,3
No Tactical,1,213,train,random,agent_win,10.0,10,92.0,5,Expert,0.05,0.05,1,991,780,3.0,3.0,0,1,4
No Tactical,1,214,train,random,player_win,-10.0,7,100.0,5,Expert,0.05,0.05,1,994,782,0.0,0.0,0,0,3
No Tactical,1,215,train,random,agent_win,10.0,8,92.0,5,Expert,0.05,0.05,1,998,785,3.0,3.0,0,1,3
No Tactical,1,216,train,random,agent_win,10.0,10,84.0,5,Expert,0.05,0.05,1,1003,788,3.0,3.0,0,0,5
No Tactical,1,217,train,random,player_win,-10.0,7,94.0,5,Expert,0.05,0.05,1,1006,790,0.0,0.0,0,0,3
No Tactical,1,218,train,random,agent_win,10.0,10,86.0,5,Expert,0.05,0.05,1,1011,794,3.0,3.0,0,1,4
No Tactical,1,219,train,random,player_win,-10.0,5,96.0,5,Expert,0.05,0.05,1,1013,795,0.0,0.0,0,0,2
No Tactical,1,220,train,random,player_win,-10.0,11,100.0,5,Expert,0.05,0.05,1,1018,799,0.0,0.0,0,0,5
No Tactical,1,221,train,random,agent_win,10.0,8,92.0,5,Expert,0.05,0.05,1,1022,802,3.0,3.0,0,0,4
No Tactical,1,222,train,random,agent_win,10.0,6,84.0,5,Expert,0.05,0.05,1,1025,804,3.0,3.0,0,0,3
No Tactical,1,223,train,random,player_win,-10.0,9,94.0,5,Expert,0.05,0.05,1,1029,807,0.0,0.0,0,0,4
No Tactical,1,224,train,random,player_win,-10.0,9,100.0,5,Expert,0.05,0.05,1,1033,810,0.0,0.0,0,0,4
No Tactical,1,225,train,random,player_win,-10.0,9,100.0,5,Expert,0.05,0.05,1,1037,813,0.0,0.0,0,0,4
No Tactical,1,226,train,random,player_win,-10.0,7,100.0,5,Expert,0.05,0.05,1,1040,815,0.0,0.0,0,0,3
No Tactical,1,227,train,random,player_win,-10.0,13,100.0,5,Expert,0.05,0.05,1,1046,820,0.0,0.0,0,0,6
No Tactical,1,228,train,random,player_win,-10.0,7,100.0,5,Expert,0.05,0.05,1,1049,821,0.0,0.0,0,0,3
No Tactical,1,229,train,random,agent_win,10.0,8,92.0,5,Expert,0.05,0.05,1,1053,824,3.0,3.0,0,0,4
No Tactical,1,230,train,random,agent_win,10.0,6,84.0,5,Expert,0.05,0.05,1,1056,826,3.0,3.0,0,0,3
No Tactical,1,231,train,random,player_win,-10.0,13,94.0,5,Expert,0.05,0.05,1,1062,831,0.0,0.0,0,1,5
No Tactical,1,232,train,random,player_win,-10.0,11,100.0,5,Expert,0.05,0.05,1,1067,835,0.0,0.0,0,0,5
No Tactical,1,233,train,random,player_win,-10.0,15,100.0,5,Expert,0.05,0.05,1,1074,841,0.0,0.0,0,0,7
No Tactical,1,234,train,random,agent_win,10.0,6,92.0,5,Expert,0.05,0.05,1,1077,843,3.0,3.0,0,0,3
No Tactical,1,235,train,random,agent_win,10.0,8,84.0,5,Expert,0.05,0.05,1,1081,846,3.0,3.0,0,1,3
No Tactical,1,236,train,random,player_win,-10.0,9,94.0,5,Expert,0.05,0.05,1,1085,848,0.0,0.0,0,0,4
No Tactical,1,237,train,random,agent_win,10.0,10,86.0,5,Expert,0.05,0.05,1,1090,852,3.0,3.0,0,1,4
No Tactical,1,238,train,random,agent_win,10.0,10,78.0,4,Hard,0.05,0.05,1,1095,855,3.0,3.0,0,0,5
No Tactical,1,239,train,random,agent_win,10.0,8,70.0,4,Hard,0.05,0.05,1,1099,858,3.0,3.0,0,0,4
No Tactical,1,240,train,random,player_win,-10.0,9,80.0,5,Expert,0.05,0.05,1,1103,861,0.0,0.0,0,0,4
No Tactical,1,241,train,random,agent_win,10.0,14,72.0,4,Hard,0.05,0.05,1,1110,867,3.0,3.0,0,1,6
No Tactical,1,242,train,random,agent_win,10.0,12,64.0,3,Normal,0.05,0.05,1,1116,871,3.0,3.0,0,0,6
No Tactical,1,243,train,random,agent_win,10.0,10,56.0,3,Normal,0.05,0.05,1,1121,875,3.0,3.0,0,0,5
No Tactical,1,244,train,random,agent_win,10.0,10,48.0,3,Normal,0.05,0.05,1,1126,879,3.0,3.0,0,1,4
No Tactical,1,245,train,random,player_win,-10.0,11,58.0,3,Normal,0.05,0.05,1,1131,883,0.0,0.0,0,0,5
No Tactical,1,246,train,random,player_win,-10.0,13,68.0,4,Hard,0.05,0.05,1,1137,888,0.0,0.0,0,0,6
No Tactical,1,247,train,random,player_win,-10.0,7,78.0,4,Hard,0.05,0.05,1,1140,890,0.0,0.0,0,0,3
No Tactical,1,248,train,random,player_win,-10.0,9,88.0,5,Expert,0.05,0.05,1,1144,893,0.0,0.0,0,0,4
No Tactical,1,249,train,random,player_win,-10.0,9,98.0,5,Expert,0.05,0.05,1,1148,896,0.0,0.0,0,1,3
No Tactical,1,250,train,random,agent_win,10.0,10,90.0,5,Expert,0.05,0.05,1,1153,900,3.0,3.0,0,0,5
No Tactical,1,251,train,random,player_win,-10.0,13,100.0,5,Expert,0.05,0.05,1,1159,905,0.0,0.0,0,0,6
No Tactical,1,252,train,random,agent_win,10.0,6,92.0,5,Expert,0.05,0.05,1,1162,907,3.0,3.0,0,0,3
No Tactical,1,253,train,random,player_win,-10.0,11,100.0,5,Expert,0.05,0.05,1,1167,911,0.0,0.0,0,2,3
No Tactical,1,254,train,random,agent_win,10.0,10,92.0,5,Expert,0.05,0.05,1,1172,914,3.0,3.0,0,0,5
No Tactical,1,255,train,random,player_win,-10.0,9,100.0,5,Expert,0.05,0.05,1,1176,917,0.0,0.0,0,0,4
No Tactical,1,256,train,random,agent_win,10.0,8,92.0,5,Expert,0.05,0.05,1,1180,919,3.0,3.0,0,0,4
No Tactical,1,257,train,random,agent_win,10.0,10,84.0,5,Expert,0.05,0.05,1,1185,923,3.0,3.0,0,0,5
No Tactical,1,258,train,random,player_win,-10.0,15,94.0,5,Expert,0.05,0.05,1,1192,929,0.0,0.0,0,0,7
No Tactical,1,259,train,random,agent_win,10.0,12,86.0,5,Expert,0.05,0.05,1,1198,934,3.0,3.0,0,1,5
No Tactical,1,260,train,random,player_win,-10.0,11,96.0,5,Expert,0.05,0.05,1,1203,938,0.0,0.0,0,0,5
No Tactical,1,261,train,random,agent_win,10.0,12,88.0,5,Expert,0.05,0.05,1,1209,943,3.0,3.0,0,0,6
No Tactical,1,262,train,random,agent_win,10.0,6,80.0,5,Expert,0.05,0.05,1,1212,945,3.0,3.0,0,0,3
No Tactical,1,263,train,random,agent_win,10.0,8,72.0,4,Hard,0.05,0.05,1,1216,948,3.0,3.0,0,0,4
No Tactical,1,264,train,random,agent_win,10.0,12,64.0,3,Normal,0.05,0.05,1,1222,953,3.0,3.0,0,0,6
No Tactical,1,265,train,random,player_win,-10.0,5,74.0,4,Hard,0.05,0.05,1,1224,954,0.0,0.0,0,0,2
No Tactical,1,266,train,random,player_win,-10.0,11,84.0,5,Expert,0.05,0.05,1,1229,958,0.0,0.0,0,0,5
No Tactical,1,267,train,random,player_win,-10.0,13,94.0,5,Expert,0.05,0.05,1,1235,963,0.0,0.0,0,0,6
No Tactical,1,268,train,random,player_win,-10.0,7,100.0,5,Expert,0.05,0.05,1,1238,965,0.0,0.0,0,0,3
No Tactical,1,269,train,random,agent_win,10.0,12,92.0,5,Expert,0.05,0.05,1,1244,970,3.0,3.0,0,0,6
No Tactical,1,270,train,random,player_win,-10.0,9,100.0,5,Expert,0.05,0.05,1,1248,973,0.0,0.0,0,0,4
No Tactical,1,271,train,random,player_win,-10.0,7,100.0,5,Expert,0.05,0.05,1,1251,975,0.0,0.0,0,0,3
No Tactical,1,272,train,random,agent_win,10.0,12,92.0,5,Expert,0.05,0.05,1,1257,979,3.0,3.0,0,0,6
No Tactical,1,273,train,random,player_win,-10.0,15,100.0,5,Expert,0.05,0.05,1,1264,985,0.0,0.0,0,0,7
No Tactical,1,274,train,random,player_win,-10.0,11,100.0,5,Expert,0.05,0.05,1,1269,989,0.0,0.0,0,0,5
No Tactical,1,275,train,random,player_win,-10.0,9,100.0,5,Expert,0.05,0.05,1,1273,992,0.0,0.0,0,0,4
No Tactical,1,276,train,random,player_win,-10.0,9,100.0,5,Expert,0.05,0.05,1,1277,995,0.0,0.0,0,0,4
No Tactical,1,277,train,random,player_win,-10.0,11,100.0,5,Expert,0.05,0.05,1,1282,998,0.0,0.0,0,1,4
No Tactical,1,278,train,random,agent_win,10.0,10,92.0,5,Expert,0.05,0.05,1,1287,1002,3.0,3.0,0,0,5
No Tactical,1,279,train,random,player_win,-10.0,9,100.0,5,Expert,0.05,0.05,1,1291,1005,0.0,0.0,0,0,4
No Tactical,1,280,train,random,player_win,-10.0,11,100.0,5,Expert,0.05,0.05,1,1296,1009,0.0,0.0,0,1,4
No Tactical,1,281,train,random,player_win,-10.0,11,100.0,5,Expert,0.05,0.05,1,1301,1012,0.0,0.0,0,0,5
No Tactical,1,282,train,random,agent_win,10.0,12,92.0,5,Expert,0.05,0.05,1,1307,1017,3.0,3.0,0,0,6
No Tactical,1,283,train,random,player_win,-10.0,9,100.0,5,Expert,0.05,0.05,1,1311,1020,0.0,0.0,0,1,3
No Tactical,1,284,train,random,agent_win,10.0,12,92.0,5,Expert,0.05,0.05,1,1317,1025,3.0,3.0,0,0,6
No Tactical,1,285,train,random,agent_win,10.0,8,84.0,5,Expert,0.05,0.05,1,1321,1028,3.0,3.0,0,0,4
No Tactical,1,286,train,random,player_win,-10.0,11,94.0,5,Expert,0.05,0.05,1,1326,1032,0.0,0.0,0,1,4
No Tactical,1,287,train,random,agent_win,10.0,12,86.0,5,Expert,0.05,0.05,1,1332,1037,3.0,3.0,0,1,5
No Tactical,1,288,train,random,agent_win,10.0,14,78.0,4,Hard,0.05,0.05,1,1339,1043,3.0,3.0,0,0,7
No Tactical,1,289,train,random,player_win,-10.0,5,88.0,5,Expert,0.05,0.05,1,1341,1044,0.0,0.0,0,0,2
No Tactical,1,290,train,random,agent_win,10.0,10,80.0,5,Expert,0.05,0.05,1,1346,1048,3.0,3.0,0,0,5
No Tactical,1,291,train,random,player_win,-10.0,9,90.0,5,Expert,0.05,0.05,1,1350,1051,0.0,0.0,0,0,4
No Tactical,1,292,train,random,agent_win,10.0,10,82.0,5,Expert,0.05,0.05,1,1355,1055,3.0,3.0,0,0,5
No Tactical,1,293,train,random,player_win,-10.0,15,92.0,5,Expert,0.05,0.05,1,1362,1061,0.0,0.0,0,0,7
No Tactical,1,294,train,random,player_win,-10.0,7,100.0,5,Expert,0.05,0.05,1,1365,1063,0.0,0.0,0,0,3
No Tactical,1,295,train,random,agent_win,10.0,12,92.0,5,Expert,0.05,0.05,1,1371,1068,3.0,3.0,0,0,6
No Tactical,1,296,train,random,agent_win,10.0,10,84.0,5,Expert,0.05,0.05,1,1376,1072,3.0,3.0,0,1,4
No Tactical,1,297,train,random,player_win,-10.0,7,94.0,5,Expert,0.05,0.05,1,1379,1074,0.0,0.0,0,0,3
No Tactical,1,298,train,random,agent_win,10.0,12,86.0,5,Expert,0.05,0.05,1,1385,1079,3.0,3.0,0,0,6
No Tactical,1,299,train,random,player_win,-10.0,9,96.0,5,Expert,0.05,0.05,1,1389,1082,0.0,0.0,0,0,4
No Tactical,1,300,train,random,player_win,-10.0,11,100.0,5,Expert,0.05,0.05,1,1394,1086,0.0,0.0,0,1,4
No Tactical,1,301,train,random,player_win,-10.0,7,100.0,5,Expert,0.05,0.05,1,1397,1088,0.0,0.0,0,0,3
No Tactical,1,302,train,random,agent_win,10.0,12,92.0,5,Expert,0.05,0.05,1,1403,1093,3.0,3.0,0,0,6
No Tactical,1,303,train,random,agent_win,10.0,12,84.0,5,Expert,0.05,0.05,1,1409,1098,3.0,3.0,0,0,6
No Tactical,1,304,train,random,agent_win,10.0,14,76.0,4,Hard,0.05,0.05,1,1416,1103,3.0,3.0,0,0,7
No Tactical,1,305,train,random,player_win,-10.0,7,86.0,5,Expert,0.05,0.05,1,1419,1105,0.0,0.0,0,0,3
No Tactical,1,306,train,random,agent_win,10.0,8,78.0,4,Hard,0.05,0.05,1,1423,1108,3.0,3.0,0,1,3
No Tactical,1,307,train,random,player_win,-10.0,7,88.0,5,Expert,0.05,0.05,1,1426,1110,0.0,0.0,0,0,3
No Tactical,1,308,train,random,player_win,-10.0,13,98.0,5,Expert,0.05,0.05,1,1432,1115,0.0,0.0,0,0,6
No Tactical,1,309,train,random,agent_win,10.0,8,90.0,5,Expert,0.05,0.05,1,1436,1117,3.0,3.0,0,0,4
No Tactical,1,310,train,random,player_win,-10.0,9,100.0,5,Expert,0.05,0.05,1,1440,1120,0.0,0.0,0,0,4
No Tactical,1,311,train,random,agent_win,10.0,8,92.0,5,Expert,0.05,0.05,1,1444,1123,3.0,3.0,0,0,4
No Tactical,1,312,train,random,player_win,-10.0,7,100.0,5,Expert,0.05,0.05,1,1447,1123,0.0,0.0,0,0,3
No Tactical,1,313,train,random,player_win,-10.0,7,100.0,5,Expert,0.05,0.05,1,1450,1125,0.0,0.0,0,0,3
No Tactical,1,314,train,random,player_win,-10.0,7,100.0,5,Expert,0.05,0.05,1,1453,1127,0.0,0.0,0,0,3
No Tactical,1,315,train,random,agent_win,10.0,8,92.0,5,Expert,0.05,0.05,1,1457,1130,3.0,3.0,0,1,3
No Tactical,1,316,train,random,player_win,-10.0,9,100.0,5,Expert,0.05,0.05,1,1461,1133,0.0,0.0,0,0,4
No Tactical,1,317,train,random,player_win,-10.0,9,100.0,5,Expert,0.05,0.05,1,1465,1136,0.0,0.0,0,0,4
No Tactical,1,318,train,random,agent_win,10.0,14,92.0,5,Expert,0.05,0.05,1,1472,1142,3.0,3.0,0,0,7
No Tactical,1,319,train,random,player_win,-10.0,11,100.0,5,Expert,0.05,0.05,1,1477,1146,0.0,0.0,0,0,5
No Tactical,1,320,train,random,agent_win,10.0,10,92.0,5,Expert,0.05,0.05,1,1482,1149,3.0,3.0,0,1,4
No Tactical,1,321,train,random,player_win,-10.0,11,100.0,5,Expert,0.05,0.05,1,1487,1153,0.0,0.0,0,0,5
No Tactical,1,322,train,random,player_win,-10.0,5,100.0,5,Expert,0.05,0.05,1,1489,1154,0.0,0.0,0,0,2
No Tactical,1,323,train,random,player_win,-10.0,13,100.0,5,Expert,0.05,0.05,1,1495,1159,0.0,0.0,0,0,6
No Tactical,1,324,train,random,player_win,-10.0,13,100.0,5,Expert,0.05,0.05,1,1501,1164,0.0,0.0,0,0,6
No Tactical,1,325,train,random,agent_win,10.0,8,92.0,5,Expert,0.05,0.05,1,1505,1167,3.0,3.0,0,0,4
No Tactical,1,326,train,random,player_win,-10.0,13,100.0,5,Expert,0.05,0.05,1,1511,1172,0.0,0.0,0,2,4
No Tactical,1,327,train,random,agent_win,10.0,12,92.0,5,Expert,0.05,0.05,1,1517,1177,3.0,3.0,0,1,5
No Tactical,1,328,train,random,agent_win,10.0,12,84.0,5,Expert,0.05,0.05,1,1523,1182,3.0,3.0,0,1,5
No Tactical,1,329,train,random,agent_win,10.0,12,76.0,4,Hard,0.05,0.05,1,1529,1186,3.0,3.0,0,1,5
No Tactical,1,330,train,random,player_win,-10.0,11,86.0,5,Expert,0.05,0.05,1,1534,1189,0.0,0.0,0,0,5
No Tactical,1,331,train,random,player_win,-10.0,9,96.0,5,Expert,0.05,0.05,1,1538,1192,0.0,0.0,0,0,4
No Tactical,1,332,train,random,agent_win,10.0,10,88.0,5,Expert,0.05,0.05,1,1543,1196,3.0,3.0,0,0,5
No Tactical,1,333,train,random,player_win,-10.0,11,98.0,5,Expert,0.05,0.05,1,1548,1200,0.0,0.0,0,0,5
No Tactical,1,334,train,random,agent_win,10.0,12,90.0,5,Expert,0.05,0.05,1,1554,1205,3.0,3.0,0,0,6
No Tactical,1,335,train,random,player_win,-10.0,7,100.0,5,Expert,0.05,0.05,1,1557,1207,0.0,0.0,0,0,3
No Tactical,1,336,train,random,player_win,-10.0,5,100.0,5,Expert,0.05,0.05,1,1559,1208,0.0,0.0,0,0,2
No Tactical,1,337,train,random,agent_win,10.0,12,92.0,5,Expert,0.05,0.05,1,1565,1212,3.0,3.0,0,0,6
No Tactical,1,338,train,random,player_win,-10.0,9,100.0,5,Expert,0.05,0.05,1,1569,1215,0.0,0.0,0,0,4
No Tactical,1,339,train,random,agent_win,10.0,10,92.0,5,Expert,0.05,0.05,1,1574,1219,3.0,3.0,0,0,5
No Tactical,1,340,train,random,agent_win,10.0,8,84.0,5,Expert,0.05,0.05,1,1578,1222,3.0,3.0,0,0,4
No Tactical,1,341,train,random,player_win,-10.0,11,94.0,5,Expert,0.05,0.05,1,1583,1226,0.0,0.0,0,0,5
No Tactical,1,342,train,random,player_win,-10.0,13,100.0,5,Expert,0.05,0.05,1,1589,1231,0.0,0.0,0,0,6
No Tactical,1,343,train,random,agent_win,10.0,12,92.0,5,Expert,0.05,0.05,1,1595,1236,3.0,3.0,0,1,5
No Tactical,1,344,train,random,player_win,-10.0,5,100.0,5,Expert,0.05,0.05,1,1597,1236,0.0,0.0,0,0,2
No Tactical,1,345,train,random,agent_win,10.0,10,92.0,5,Expert,0.05,0.05,1,1602,1240,3.0,3.0,0,0,5
No Tactical,1,346,train,random,player_win,-10.0,9,100.0,5,Expert,0.05,0.05,1,1606,1243,0.0,0.0,0,1,3
No Tactical,1,347,train,random,player_win,-10.0,11,100.0,5,Expert,0.05,0.05,1,1611,1247,0.0,0.0,0,2,3
No Tactical,1,348,train,random,player_win,-10.0,15,100.0,5,Expert,0.05,0.05,1,1618,1252,0.0,0.0,0,0,7
No Tactical,1,349,train,random,player_win,-10.0,7,100.0,5,Expert,0.05,0.05,1,1621,1254,0.0,0.0,0,0,3
No Tactical,1,350,train,random,player_win,-10.0,13,100.0,5,Expert,0.05,0.05,1,1627,1259,0.0,0.0,0,0,6
No Tactical,1,351,train,random,player_win,-10.0,5,100.0,5,Expert,0.05,0.05,1,1629,1260,0.0,0.0,0,0,2
No Tactical,1,352,train,random,agent_win,10.0,14,92.0,5,Expert,0.05,0.05,1,1636,1266,3.0,3.0,0,0,7
No Tactical,1,353,train,random,player_win,-10.0,7,100.0,5,Expert,0.05,0.05,1,1639,1268,0.0,0.0,0,0,3
No Tactical,1,354,train,random,agent_win,10.0,10,92.0,5,Expert,0.05,0.05,1,1644,1272,3.0,3.0,0,0,5
No Tactical,1,355,train,random,agent_win,10.0,12,84.0,5,Expert,0.05,0.05,1,1650,1276,3.0,3.0,0,0,6
No Tactical,1,356,train,random,agent_win,10.0,14,76.0,4,Hard,0.05,0.05,1,1657,1282,3.0,3.0,0,0,7
No Tactical,1,357,train,random,player_win,-10.0,7,86.0,5,Expert,0.05,0.05,1,1660,1284,0.0,0.0,0,0,3
No Tactical,1,358,train,random,agent_win,10.0,8,78.0,4,Hard,0.05,0.05,1,1664,1287,3.0,3.0,0,0,4
No Tactical,1,359,train,random,agent_win,10.0,12,70.0,4,Hard,0.05,0.05,1,1670,1292,3.0,3.0,0,0,6
No Tactical,1,360,train,random,player_win,-10.0,9,80.0,5,Expert,0.05,0.05,1,1674,1295,0.0,0.0,0,0,4
No Tactical,1,361,train,random,player_win,-10.0,7,90.0,5,Expert,0.05,0.05,1,1677,1297,0.0,0.0,0,0,3
No Tactical,1,362,train,random,agent_win,10.0,12,82.0,5,Expert,0.05,0.05,1,1683,1302,3.0,3.0,0,0,6
No Tactical,1,363,train,random,player_win,-10.0,11,92.0,5,Expert,0.05,0.05,1,1688,1306,0.0,0.0,0,0,5
No Tactical,1,364,train,random,agent_win,10.0,10,84.0,5,Expert,0.05,0.05,1,1693,1310,3.0,3.0,0,1,4
No Tactical,1,365,train,random,agent_win,10.0,12,76.0,4,Hard,0.05,0.05,1,1699,1315,3.0,3.0,0,0,6
No Tactical,1,366,train,random,agent_win,10.0,10,68.0,4,Hard,0.05,0.05,1,1704,1319,3.0,3.0,0,0,5
No Tactical,1,367,train,random,agent_win,10.0,8,60.0,3,Normal,0.05,0.05,1,1708,1322,3.0,3.0,0,0,4
No Tactical,1,368,train,random,agent_win,10.0,12,52.0,3,Normal,0.05,0.05,1,1714,1327,3.0,3.0,0,1,5
No Tactical,1,369,train,random,agent_win,10.0,8,44.0,2,Easy,0.05,0.05500000000000001,1,1718,1330,3.0,3.0,0,1,3
No Tactical,1,370,train,random,player_win,-10.0,13,54.0,3,Normal,0.05,0.05,1,1724,1335,0.0,0.0,0,0,6
No Tactical,1,371,train,random,agent_win,10.0,10,46.0,3,Normal,0.05,0.05,1,1729,1339,3.0,3.0,0,0,5
No Tactical,1,372,train,random,player_win,-10.0,11,56.0,3,Normal,0.05,0.05,1,1734,1343,0.0,0.0,0,0,5
No Tactical,1,373,train,random,agent_win,10.0,8,48.0,3,Normal,0.05,0.05,1,1738,1346,3.0,3.0,0,0,4
No Tactical,1,374,train,random,agent_win,10.0,14,40.0,2,Easy,0.05,0.05500000000000001,1,1745,1352,3.0,3.0,0,1,6
No Tactical,1,375,train,random,player_win,-10.0,7,50.0,3,Normal,0.05,0.05,1,1748,1353,0.0,0.0,0,0,3
No Tactical,1,376,train,random,player_win,-10.0,9,60.0,3,Normal,0.05,0.05,1,1752,1356,0.0,0.0,0,0,4
No Tactical,1,377,train,random,player_win,-10.0,11,70.0,4,Hard,0.05,0.05,1,1757,1360,0.0,0.0,0,0,5
No Tactical,1,378,train,random,player_win,-10.0,7,80.0,5,Expert,0.05,0.05,1,1760,1362,0.0,0.0,0,0,3
No Tactical,1,379,train,random,player_win,-10.0,11,90.0,5,Expert,0.05,0.05,1,1765,1366,0.0,0.0,0,0,5
No Tactical,1,380,train,random,player_win,-10.0,11,100.0,5,Expert,0.05,0.05,1,1770,1370,0.0,0.0,0,0,5
No Tactical,1,381,train,random,player_win,-10.0,7,100.0,5,Expert,0.05,0.05,1,1773,1372,0.0,0.0,0,0,3
No Tactical,1,382,train,random,player_win,-10.0,7,100.0,5,Expert,0.05,0.05,1,1776,1374,0.0,0.0,0,0,3
No Tactical,1,383,train,random,player_win,-10.0,11,100.0,5,Expert,0.05,0.05,1,1781,1378,0.0,0.0,0,0,5
No Tactical,1,384,train,random,player_win,-10.0,7,100.0,5,Expert,0.05,0.05,1,1784,1380,0.0,0.0,0,0,3
No Tactical,1,385,train,random,player_win,-10.0,7,100.0,5,Expert,0.05,0.05,1,1787,1382,0.0,0.0,0,0,3
No Tactical,1,386,train,random,player_win,-10.0,9,100.0,5,Expert,0.05,0.05,1,1791,1385,0.0,0.0,0,0,4
No Tactical,1,387,train,random,agent_win,10.0,8,92.0,5,Expert,0.05,0.05,1,1795,1388,3.0,3.0,0,0,4
No Tactical,1,388,train,random,agent_win,10.0,12,84.0,5,Expert,0.05,0.05,1,1801,1393,3.0,3.0,0,0,6
No Tactical,1,389,train,random,agent_win,10.0,14,76.0,4,Hard,0.05,0.05,1,1808,1399,3.0,3.0,0,2,5
No Tactical,1,390,train,random,player_win,-10.0,11,86.0,5,Expert,0.05,0.05,1,1813,1403,0.0,0.0,0,0,5
No Tactical,1,391,train,random,agent_win,10.0,14,78.0,4,Hard,0.05,0.05,1,1820,1409,3.0,3.0,0,0,7
No Tactical,1,392,train,random,agent_win,10.0,10,70.0,4,Hard,0.05,0.05,1,1825,1412,3.0,3.0,0,0,5
No Tactical,1,393,train,random,player_win,-10.0,11,80.0,5,Expert,0.05,0.05,1,1830,1415,0.0,0.0,0,0,5
No Tactical,1,394,train,random,player_win,-10.0,9,90.0,5,Expert,0.05,0.05,1,1834,1418,0.0,0.0,0,0,4
No Tactical,1,395,train,random,player_win,-10.0,7,100.0,5,Expert,0.05,0.05,1,1837,1420,0.0,0.0,0,0,3
No Tactical,1,396,train,random,player_win,-10.0,7,100.0,5,Expert,0.05,0.05,1,1840,1421,0.0,0.0,0,0,3
No Tactical,1,397,train,random,player_win,-10.0,5,100.0,5,Expert,0.05,0.05,1,1842,1422,0.0,0.0,0,0,2
No Tactical,1,398,train,random,agent_win,10.0,10,92.0,5,Expert,0.05,0.05,1,1847,1426,3.0,3.0,0,0,5
No Tactical,1,399,train,random,agent_win,10.0,6,84.0,5,Expert,0.05,0.05,1,1850,1427,3.0,3.0,0,0,3
No Tactical,1,400,train,random,player_win,-10.0,5,94.0,5,Expert,0.05,0.05,1,1852,1427,0.0,0.0,0,0,2
No Tactical,1,401,train,random,agent_win,10.0,8,86.0,5,Expert,0.05,0.05,1,1856,1429,3.0,3.0,0,1,3
No Tactical,1,402,train,random,player_win,-10.0,9,96.0,5,Expert,0.05,0.05,1,1860,1432,0.0,0.0,0,0,4
No Tactical,1,403,train,random,agent_win,10.0,12,88.0,5,Expert,0.05,0.05,1,1866,1437,3.0,3.0,0,0,6
No Tactical,1,404,train,random,agent_win,10.0,6,80.0,5,Expert,0.05,0.05,1,1869,1439,3.0,3.0,0,1,2
No Tactical,1,405,train,random,agent_win,10.0,8,72.0,4,Hard,0.05,0.05,1,1873,1442,3.0,3.0,0,1,3
No Tactical,1,406,train,random,agent_win,10.0,14,64.0,3,Normal,0.05,0.05,1,1880,1448,3.0,3.0,0,0,7
No Tactical,1,407,train,random,player_win,-10.0,9,74.0,4,Hard,0.05,0.05,1,1884,1451,0.0,0.0,0,0,4
No Tactical,1,408,train,random,player_win,-10.0,9,84.0,5,Expert,0.05,0.05,1,1888,1454,0.0,0.0,0,0,4
No Tactical,1,409,train,random,agent_win,10.0,12,76.0,4,Hard,0.05,0.05,1,1894,1459,3.0,3.0,0,1,5
No Tactical,1,410,train,random,player_win,-10.0,7,86.0,5,Expert,0.05,0.05,1,1897,1461,0.0,0.0,0,0,3
No Tactical,1,411,train,random,agent_win,10.0,10,78.0,4,Hard,0.05,0.05,1,1902,1464,3.0,3.0,0,1,4
No Tactical,1,412,train,random,player_win,-10.0,11,88.0,5,Expert,0.05,0.05,1,1907,1468,0.0,0.0,0,0,5
No Tactical,1,413,train,random,player_win,-10.0,9,98.0,5,Expert,0.05,0.05,1,1911,1471,0.0,0.0,0,1,3
No Tactical,1,414,train,random,player_win,-10.0,13,100.0,5,Expert,0.05,0.05,1,1917,1476,0.0,0.0,0,0,6
No Tactical,1,415,train,random,player_win,-10.0,11,100.0,5,Expert,0.05,0.05,1,1922,1479,0.0,0.0,0,0,5
No Tactical,1,416,train,random,agent_win,10.0,12,92.0,5,Expert,0.05,0.05,1,1928,1484,3.0,3.0,0,0,6
No Tactical,1,417,train,random,player_win,-10.0,11,100.0,5,Expert,0.05,0.05,1,1933,1488,0.0,0.0,0,0,5
No Tactical,1,418,train,random,player_win,-10.0,11,100.0,5,Expert,0.05,0.05,1,1938,1492,0.0,0.0,0,1,4
No Tactical,1,419,train,random,player_win,-10.0,7,100.0,5,Expert,0.05,0.05,1,1941,1494,0.0,0.0,0,0,3
No Tactical,1,420,train,random,agent_win,10.0,10,92.0,5,Expert,0.05,0.05,1,1946,1498,3.0,3.0,0,1,4
No Tactical,1,421,train,random,agent_win,10.0,8,84.0,5,Expert,0.05,0.05,1,1950,1501,3.0,3.0,0,0,4
No Tactical,1,422,train,random,player_win,-10.0,13,94.0,5,Expert,0.05,0.05,1,1956,1506,0.0,0.0,0,0,6
No Tactical,1,423,train,random,agent_win,10.0,8,86.0,5,Expert,0.05,0.05,1,1960,1509,3.0,3.0,0,0,4
No Tactical,1,424,train,random,player_win,-10.0,9,96.0,5,Expert,0.05,0.05,1,1964,1512,0.0,0.0,0,0,4
No Tactical,1,425,train,random,agent_win,10.0,12,88.0,5,Expert,0.05,0.05,1,1970,1517,3.0,3.0,0,1,5
No Tactical,1,426,train,random,agent_win,10.0,10,80.0,5,Expert,0.05,0.05,1,1975,1521,3.0,3.0,0,1,4
No Tactical,1,427,train,random,player_win,-10.0,11,90.0,5,Expert,0.05,0.05,1,1980,1525,0.0,0.0,0,0,5
No Tactical,1,428,train,random,agent_win,10.0,10,82.0,5,Expert,0.05,0.05,1,1985,1529,3.0,3.0,0,0,5
No Tactical,1,429,train,random,agent_win,10.0,10,74.0,4,Hard,0.05,0.05,1,1990,1533,3.0,3.0,0,0,5
No Tactical,1,430,train,random,player_win,-10.0,9,84.0,5,Expert,0.05,0.05,1,1994,1535,0.0,0.0,0,0,4
No Tactical,1,431,train,random,player_win,-10.0,7,94.0,5,Expert,0.05,0.05,1,1997,1537,0.0,0.0,0,0,3
No Tactical,1,432,train,random,player_win,-10.0,11,100.0,5,Expert,0.05,0.05,1,2002,1541,0.0,0.0,0,0,5
No Tactical,1,433,train,random,agent_win,10.0,12,92.0,5,Expert,0.05,0.05,1,2008,1546,3.0,3.0,0,0,6
No Tactical,1,434,train,random,agent_win,10.0,12,84.0,5,Expert,0.05,0.05,1,2014,1551,3.0,3.0,0,0,6
No Tactical,1,435,train,random,agent_win,10.0,10,76.0,4,Hard,0.05,0.05,1,2019,1555,3.0,3.0,0,0,5
No Tactical,1,436,train,random,player_win,-10.0,7,86.0,5,Expert,0.05,0.05,1,2022,1557,0.0,0.0,0,0,3
No Tactical,1,437,train,random,agent_win,10.0,8,78.0,4,Hard,0.05,0.05,1,2026,1560,3.0,3.0,0,1,3
No Tactical,1,438,train,random,player_win,-10.0,5,88.0,5,Expert,0.05,0.05,1,2028,1561,0.0,0.0,0,0,2
No Tactical,1,439,train,random,player_win,-10.0,9,98.0,5,Expert,0.05,0.05,1,2032,1564,0.0,0.0,0,0,4
No Tactical,1,440,train,random,agent_win,10.0,12,90.0,5,Expert,0.05,0.05,1,2038,1569,3.0,3.0,0,1,5
No Tactical,1,441,train,random,player_win,-10.0,7,100.0,5,Expert,0.05,0.05,1,2041,1571,0.0,0.0,0,1,2
No Tactical,1,442,train,random,player_win,-10.0,9,100.0,5,Expert,0.05,0.05,1,2045,1574,0.0,0.0,0,0,4
No Tactical,1,443,train,random,player_win,-10.0,9,100.0,5,Expert,0.05,0.05,1,2049,1577,0.0,0.0,0,0,4
No Tactical,1,444,train,random,agent_win,10.0,6,92.0,5,Expert,0.05,0.05,1,2052,1579,3.0,3.0,0,0,3
No Tactical,1,445,train,random,player_win,-10.0,11,100.0,5,Expert,0.05,0.05,1,2057,1583,0.0,0.0,0,0,5
No Tactical,1,446,train,random,agent_win,10.0,8,92.0,5,Expert,0.05,0.05,1,2061,1585,3.0,3.0,0,0,4
No Tactical,1,447,train,random,agent_win,10.0,10,84.0,5,Expert,0.05,0.05,1,2066,1589,3.0,3.0,0,1,4
No Tactical,1,448,train,random,player_win,-10.0,11,94.0,5,Expert,0.05,0.05,1,2071,1593,0.0,0.0,0,0,5
No Tactical,1,449,train,random,player_win,-10.0,9,100.0,5,Expert,0.05,0.05,1,2075,1596,0.0,0.0,0,2,2
No Tactical,1,450,train,random,agent_win,10.0,6,92.0,5,Expert,0.05,0.05,1,2078,1598,3.0,3.0,0,0,3
No Tactical,1,451,train,random,agent_win,10.0,10,84.0,5,Expert,0.05,0.05,1,2083,1602,3.0,3.0,0,0,5
No Tactical,1,452,train,random,player_win,-10.0,11,94.0,5,Expert,0.05,0.05,1,2088,1606,0.0,0.0,0,0,5
No Tactical,1,453,train,random,player_win,-10.0,9,100.0,5,Expert,0.05,0.05,1,2092,1609,0.0,0.0,0,2,2
No Tactical,1,454,train,random,agent_win,10.0,14,92.0,5,Expert,0.05,0.05,1,2099,1615,3.0,3.0,0,1,6
No Tactical,1,455,train,random,agent_win,10.0,12,84.0,5,Expert,0.05,0.05,1,2105,1620,3.0,3.0,0,0,6
No Tactical,1,456,train,random,agent_win,10.0,8,76.0,4,Hard,0.05,0.05,1,2109,1623,3.0,3.0,0,0,4
No Tactical,1,457,train,random,player_win,-10.0,9,86.0,5,Expert,0.05,0.05,1,2113,1626,0.0,0.0,0,0,4
No Tactical,1,458,train,random,agent_win,10.0,12,78.0,4,Hard,0.05,0.05,1,2119,1631,3.0,3.0,0,0,6
No Tactical,1,459,train,random,player_win,-10.0,9,88.0,5,Expert,0.05,0.05,1,2123,1634,0.0,0.0,0,1,3
No Tactical,1,460,train,random,agent_win,10.0,8,80.0,5,Expert,0.05,0.05,1,2127,1636,3.0,3.0,0,1,3
No Tactical,1,461,train,random,agent_win,10.0,8,72.0,4,Hard,0.05,0.05,1,2131,1639,3.0,3.0,0,0,4
No Tactical,1,462,train,random,player_win,-10.0,13,82.0,5,Expert,0.05,0.05,1,2137,1644,0.0,0.0,0,0,6
No Tactical,1,463,train,random,agent_win,10.0,10,74.0,4,Hard,0.05,0.05,1,2142,1648,3.0,3.0,0,0,5
No Tactical,1,464,train,random,player_win,-10.0,9,84.0,5,Expert,0.05,0.05,1,2146,1651,0.0,0.0,0,0,4
No Tactical,1,465,train,random,agent_win,10.0,8,76.0,4,Hard,0.05,0.05,1,2150,1654,3.0,3.0,0,0,4
No Tactical,1,466,train,random,agent_win,10.0,10,68.0,4,Hard,0.05,0.05,1,2155,1658,3.0,3.0,0,1,4
No Tactical,1,467,train,random,player_win,-10.0,11,78.0,4,Hard,0.05,0.05,1,2160,1662,0.0,0.0,0,1,4
No Tactical,1,468,train,random,agent_win,10.0,6,70.0,4,Hard,0.05,0.05,1,2163,1664,3.0,3.0,0,0,3
No Tactical,1,469,train,random,agent_win,10.0,8,62.0,3,Normal,0.05,0.05,1,2167,1667,3.0,3.0,0,0,4
No Tactical,1,470,train,random,player_win,-10.0,7,72.0,4,Hard,0.05,0.05,1,2170,1669,0.0,0.0,0,0,3
No Tactical,1,471,train,random,player_win,-10.0,13,82.0,5,Expert,0.05,0.05,1,2176,1674,0.0,0.0,0,0,6
No Tactical,1,472,train,random,agent_win,10.0,8,74.0,4,Hard,0.05,0.05,1,2180,1677,3.0,3.0,0,0,4
No Tactical,1,473,train,random,player_win,-10.0,11,84.0,5,Expert,0.05,0.05,1,2185,1681,0.0,0.0,0,1,4
No Tactical,1,474,train,random,player_win,-10.0,13,94.0,5,Expert,0.05,0.05,1,2191,1686,0.0,0.0,0,0,6
No Tactical,1,475,train,random,agent_win,10.0,8,86.0,5,Expert,0.05,0.05,1,2195,1689,3.0,3.0,0,0,4
No Tactical,1,476,train,random,player_win,-10.0,7,96.0,5,Expert,0.05,0.05,1,2198,1691,0.0,0.0,0,0,3
No Tactical,1,477,train,random,player_win,-10.0,9,100.0,5,Expert,0.05,0.05,1,2202,1694,0.0,0.0,0,0,4
No Tactical,1,478,train,random,player_win,-10.0,7,100.0,5,Expert,0.05,0.05,1,2205,1695,0.0,0.0,0,0,3
No Tactical,1,479,train,random,player_win,-10.0,7,100.0,5,Expert,0.05,0.05,1,2208,1696,0.0,0.0,0,0,3
No Tactical,1,480,train,random,agent_win,10.0,12,92.0,5,Expert,0.05,0.05,1,2214,1701,3.0,3.0,0,0,6
No Tactical,1,481,train,random,agent_win,10.0,16,84.0,5,Expert,0.05,0.05,1,2222,1708,3.0,3.0,0,1,7
No Tactical,1,482,train,random,agent_win,10.0,8,76.0,4,Hard,0.05,0.05,1,2226,1710,3.0,3.0,0,0,4
No Tactical,1,483,train,random,player_win,-10.0,7,86.0,5,Expert,0.05,0.05,1,2229,1712,0.0,0.0,0,0,3
No Tactical,1,484,train,random,player_win,-10.0,5,96.0,5,Expert,0.05,0.05,1,2231,1713,0.0,0.0,0,1,1
No Tactical,1,485,train,random,player_win,-10.0,9,100.0,5,Expert,0.05,0.05,1,2235,1715,0.0,0.0,0,1,3
No Tactical,1,486,train,random,agent_win,10.0,12,92.0,5,Expert,0.05,0.05,1,2241,1719,3.0,3.0,0,0,6
No Tactical,1,487,train,random,agent_win,10.0,8,84.0,5,Expert,0.05,0.05,1,2245,1722,3.0,3.0,0,0,4
No Tactical,1,488,train,random,player_win,-10.0,7,94.0,5,Expert,0.05,0.05,1,2248,1724,0.0,0.0,0,0,3
No Tactical,1,489,train,random,player_win,-10.0,7,100.0,5,Expert,0.05,0.05,1,2251,1725,0.0,0.0,0,0,3
No Tactical,1,490,train,random,player_win,-10.0,15,100.0,5,Expert,0.05,0.05,1,2258,1731,0.0,0.0,0,0,7
No Tactical,1,491,train,random,player_win,-10.0,7,100.0,5,Expert,0.05,0.05,1,2261,1733,0.0,0.0,0,0,3
No Tactical,1,492,train,random,player_win,-10.0,9,100.0,5,Expert,0.05,0.05,1,2265,1736,0.0,0.0,0,0,4
No Tactical,1,493,train,random,player_win,-10.0,15,100.0,5,Expert,0.05,0.05,1,2272,1742,0.0,0.0,0,0,7
No Tactical,1,494,train,random,agent_win,10.0,8,92.0,5,Expert,0.05,0.05,1,2276,1745,3.0,3.0,0,0,4
No Tactical,1,495,train,random,player_win,-10.0,9,100.0,5,Expert,0.05,0.05,1,2280,1748,0.0,0.0,0,0,4
No Tactical,1,496,train,random,player_win,-10.0,13,100.0,5,Expert,0.05,0.05,1,2286,1753,0.0,0.0,0,1,5
No Tactical,1,497,train,random,agent_win,10.0,8,92.0,5,Expert,0.05,0.05,1,2290,1755,3.0,3.0,0,0,4
No Tactical,1,498,train,random,player_win,-10.0,7,100.0,5,Expert,0.05,0.05,1,2293,1757,0.0,0.0,0,1,2
No Tactical,1,499,train,random,agent_win,10.0,10,92.0,5,Expert,0.05,0.05,1,2298,1761,3.0,3.0,0,0,5
No Tactical,1,500,train,random,agent_win,10.0,6,84.0,5,Expert,0.05,0.05,1,2301,1763,3.0,3.0,0,0,3
No Tactical,1,501,train,random,player_win,-10.0,11,94.0,5,Expert,0.05,0.05,1,2306,1767,0.0,0.0,0,0,5
No Tactical,1,502,train,random,agent_win,10.0,10,86.0,5,Expert,0.05,0.05,1,2311,1770,3.0,3.0,0,0,5
No Tactical,1,503,train,random,player_win,-10.0,11,96.0,5,Expert,0.05,0.05,1,2316,1773,0.0,0.0,0,0,5
No Tactical,1,504,train,random,player_win,-10.0,11,100.0,5,Expert,0.05,0.05,1,2321,1777,0.0,0.0,0,1,4
No Tactical,1,505,train,random,player_win,-10.0,5,100.0,5,Expert,0.05,0.05,1,2323,1778,0.0,0.0,0,0,2
No Tactical,1,506,train,random,player_win,-10.0,9,100.0,5,Expert,0.05,0.05,1,2327,1781,0.0,0.0,0,0,4
No Tactical,1,507,train,random,player_win,-10.0,9,100.0,5,Expert,0.05,0.05,1,2331,1784,0.0,0.0,0,0,4
No Tactical,1,508,train,random,player_win,-10.0,9,100.0,5,Expert,0.05,0.05,1,2335,1787,0.0,0.0,0,0,4
No Tactical,1,509,train,random,player_win,-10.0,11,100.0,5,Expert,0.05,0.05,1,2340,1791,0.0,0.0,0,0,5
No Tactical,1,510,train,random,player_win,-10.0,13,100.0,5,Expert,0.05,0.05,1,2346,1796,0.0,0.0,0,0,6
No Tactical,1,511,train,random,player_win,-10.0,5,100.0,5,Expert,0.05,0.05,1,2348,1797,0.0,0.0,0,0,2
No Tactical,1,512,train,random,player_win,-10.0,11,100.0,5,Expert,0.05,0.05,1,2353,1800,0.0,0.0,0,1,4
No Tactical,1,513,train,random,player_win,-10.0,9,100.0,5,Expert,0.05,0.05,1,2357,1802,0.0,0.0,0,0,4
No Tactical,1,514,train,random,agent_win,10.0,8,92.0,5,Expert,0.05,0.05,1,2361,1805,3.0,3.0,0,0,4
No Tactical,1,515,train,random,agent_win,10.0,12,84.0,5,Expert,0.05,0.05,1,2367,1809,3.0,3.0,0,1,5
No Tactical,1,516,train,random,player_win,-10.0,11,94.0,5,Expert,0.05,0.05,1,2372,1813,0.0,0.0,0,0,5
No Tactical,1,517,train,random,agent_win,10.0,8,86.0,5,Expert,0.05,0.05,1,2376,1815,3.0,3.0,0,0,4
No Tactical,1,518,train,random,agent_win,10.0,10,78.0,4,Hard,0.05,0.05,1,2381,1819,3.0,3.0,0,0,5
No Tactical,1,519,train,random,player_win,-10.0,15,88.0,5,Expert,0.05,0.05,1,2388,1825,0.0,0.0,0,1,6
No Tactical,1,520,train,random,player_win,-10.0,11,98.0,5,Expert,0.05,0.05,1,2393,1828,0.0,0.0,0,0,5
No Tactical,1,521,train,random,agent_win,10.0,10,90.0,5,Expert,0.05,0.05,1,2398,1832,3.0,3.0,0,0,5
No Tactical,1,522,train,random,player_win,-10.0,9,100.0,5,Expert,0.05,0.05,1,2402,1835,0.0,0.0,0,0,4
No Tactical,1,523,train,random,player_win,-10.0,11,100.0,5,Expert,0.05,0.05,1,2407,1839,0.0,0.0,0,0,5
No Tactical,1,524,train,random,player_win,-10.0,9,100.0,5,Expert,0.05,0.05,1,2411,1842,0.0,0.0,0,0,4
No Tactical,1,525,train,random,agent_win,10.0,6,92.0,5,Expert,0.05,0.05,1,2414,1844,3.0,3.0,0,0,3
No Tactical,1,526,train,random,agent_win,10.0,10,84.0,5,Expert,0.05,0.05,1,2419,1847,3.0,3.0,0,1,4
No Tactical,1,527,train,random,agent_win,10.0,8,76.0,4,Hard,0.05,0.05,1,2423,1849,3.0,3.0,0,0,4
No Tactical,1,528,train,random,player_win,-10.0,11,86.0,5,Expert,0.05,0.05,1,2428,1852,0.0,0.0,0,0,5
No Tactical,1,529,train,random,agent_win,10.0,10,78.0,4,Hard,0.05,0.05,1,2433,1856,3.0,3.0,0,0,5
No Tactical,1,530,train,random,player_win,-10.0,13,88.0,5,Expert,0.05,0.05,1,2439,1861,0.0,0.0,0,0,6
No Tactical,1,531,train,random,player_win,-10.0,7,98.0,5,Expert,0.05,0.05,1,2442,1863,0.0,0.0,0,0,3
No Tactical,1,532,train,random,player_win,-10.0,11,100.0,5,Expert,0.05,0.05,1,2447,1866,0.0,0.0,0,0,5
No Tactical,1,533,train,random,agent_win,10.0,8,92.0,5,Expert,0.05,0.05,1,2451,1869,3.0,3.0,0,0,4
No Tactical,1,534,train,random,player_win,-10.0,9,100.0,5,Expert,0.05,0.05,1,2455,1871,0.0,0.0,0,0,4
No Tactical,1,535,train,random,agent_win,10.0,10,92.0,5,Expert,0.05,0.05,1,2460,1874,3.0,3.0,0,1,4
No Tactical,1,536,train,random,agent_win,10.0,16,84.0,5,Expert,0.05,0.05,1,2468,1881,3.0,3.0,0,1,7
No Tactical,1,537,train,random,player_win,-10.0,7,94.0,5,Expert,0.05,0.05,1,2471,1882,0.0,0.0,0,0,3
No Tactical,1,538,train,random,player_win,-10.0,9,100.0,5,Expert,0.05,0.05,1,2475,1885,0.0,0.0,0,1,3
No Tactical,1,539,train,random,player_win,-10.0,7,100.0,5,Expert,0.05,0.05,1,2478,1887,0.0,0.0,0,1,2
No Tactical,1,540,train,random,agent_win,10.0,8,92.0,5,Expert,0.05,0.05,1,2482,1890,3.0,3.0,0,0,4
No Tactical,1,541,train,random,player_win,-10.0,13,100.0,5,Expert,0.05,0.05,1,2488,1895,0.0,0.0,0,0,6
No Tactical,1,542,train,random,player_win,-10.0,13,100.0,5,Expert,0.05,0.05,1,2494,1900,0.0,0.0,0,1,5
No Tactical,1,543,train,random,player_win,-10.0,11,100.0,5,Expert,0.05,0.05,1,2499,1904,0.0,0.0,0,0,5
No Tactical,1,544,train,random,player_win,-10.0,11,100.0,5,Expert,0.05,0.05,1,2504,1908,0.0,0.0,0,0,5
No Tactical,1,545,train,random,player_win,-10.0,7,100.0,5,Expert,0.05,0.05,1,2507,1910,0.0,0.0,0,0,3
No Tactical,1,546,train,random,player_win,-10.0,13,100.0,5,Expert,0.05,0.05,1,2513,1915,0.0,0.0,0,0,6
No Tactical,1,547,train,random,player_win,-10.0,7,100.0,5,Expert,0.05,0.05,1,2516,1917,0.0,0.0,0,0,3
No Tactical,1,548,train,random,agent_win,10.0,10,92.0,5,Expert,0.05,0.05,1,2521,1920,3.0,3.0,0,0,5
No Tactical,1,549,train,random,agent_win,10.0,8,84.0,5,Expert,0.05,0.05,1,2525,1923,3.0,3.0,0,0,4
No Tactical,1,550,train,random,agent_win,10.0,8,76.0,4,Hard,0.05,0.05,1,2529,1926,3.0,3.0,0,0,4
No Tactical,1,551,train,random,agent_win,10.0,10,68.0,4,Hard,0.05,0.05,1,2534,1930,3.0,3.0,0,0,5
No Tactical,1,552,train,random,player_win,-10.0,11,78.0,4,Hard,0.05,0.05,1,2539,1933,0.0,0.0,0,0,5
No Tactical,1,553,train,random,player_win,-10.0,9,88.0,5,Expert,0.05,0.05,1,2543,1936,0.0,0.0,0,0,4
No Tactical,1,554,train,random,agent_win,10.0,12,80.0,5,Expert,0.05,0.05,1,2549,1941,3.0,3.0,0,1,5
No Tactical,1,555,train,random,player_win,-10.0,7,90.0,5,Expert,0.05,0.05,1,2552,1943,0.0,0.0,0,1,2
No Tactical,1,556,train,random,agent_win,10.0,8,82.0,5,Expert,0.05,0.05,1,2556,1945,3.0,3.0,0,0,4
No Tactical,1,557,train,random,player_win,-10.0,9,92.0,5,Expert,0.05,0.05,1,2560,1948,0.0,0.0,0,0,4
No Tactical,1,558,train,random,player_win,-10.0,11,100.0,5,Expert,0.05,0.05,1,2565,1952,0.0,0.0,0,0,5
No Tactical,1,559,train,random,player_win,-10.0,9,100.0,5,Expert,0.05,0.05,1,2569,1955,0.0,0.0,0,0,4
No Tactical,1,560,train,random,agent_win,10.0,14,92.0,5,Expert,0.05,0.05,1,2576,1960,3.0,3.0,0,0,7
No Tactical,1,561,train,random,agent_win,10.0,12,84.0,5,Expert,0.05,0.05,1,2582,1965,3.0,3.0,0,0,6
No Tactical,1,562,train,random,player_win,-10.0,15,94.0,5,Expert,0.05,0.05,1,2589,1971,0.0,0.0,0,1,6
No Tactical,1,563,train,random,player_win,-10.0,7,100.0,5,Expert,0.05,0.05,1,2592,1973,0.0,0.0,0,0,3
No Tactical,1,564,train,random,player_win,-10.0,7,100.0,5,Expert,0.05,0.05,1,2595,1975,0.0,0.0,0,0,3
No Tactical,1,565,train,random,player_win,-10.0,7,100.0,5,Expert,0.05,0.05,1,2598,1977,0.0,0.0,0,0,3
No Tactical,1,566,train,random,agent_win,10.0,12,92.0,5,Expert,0.05,0.05,1,2604,1982,3.0,3.0,0,0,6
No Tactical,1,567,train,random,agent_win,10.0,8,84.0,5,Expert,0.05,0.05,1,2608,1984,3.0,3.0,0,1,3
No Tactical,1,568,train,random,player_win,-10.0,15,94.0,5,Expert,0.05,0.05,1,2615,1990,0.0,0.0,0,0,7
No Tactical,1,569,train,random,player_win,-10.0,7,100.0,5,Expert,0.05,0.05,1,2618,1992,0.0,0.0,0,0,3
No Tactical,1,570,train,random,agent_win,10.0,12,92.0,5,Expert,0.05,0.05,1,2624,1997,3.0,3.0,0,0,6
No Tactical,1,571,train,random,player_win,-10.0,13,100.0,5,Expert,0.05,0.05,1,2630,2002,0.0,0.0,0,1,5
No Tactical,1,572,train,random,agent_win,10.0,14,92.0,5,Expert,0.05,0.05,1,2637,2008,3.0,3.0,0,0,7
No Tactical,1,573,train,random,player_win,-10.0,9,100.0,5,Expert,0.05,0.05,1,2641,2011,0.0,0.0,0,0,4
No Tactical,1,574,train,random,agent_win,10.0,10,92.0,5,Expert,0.05,0.05,1,2646,2015,3.0,3.0,0,0,5
No Tactical,1,575,train,random,agent_win,10.0,14,84.0,5,Expert,0.05,0.05,1,2653,2021,3.0,3.0,0,1,6
No Tactical,1,576,train,random,agent_win,10.0,12,76.0,4,Hard,0.05,0.05,1,2659,2026,3.0,3.0,0,1,5
No Tactical,1,577,train,random,player_win,-10.0,9,86.0,5,Expert,0.05,0.05,1,2663,2029,0.0,0.0,0,0,4
No Tactical,1,578,train,random,player_win,-10.0,11,96.0,5,Expert,0.05,0.05,1,2668,2032,0.0,0.0,0,1,4
No Tactical,1,579,train,random,agent_win,10.0,12,88.0,5,Expert,0.05,0.05,1,2674,2037,3.0,3.0,0,1,5
No Tactical,1,580,train,random,player_win,-10.0,7,98.0,5,Expert,0.05,0.05,1,2677,2038,0.0,0.0,0,0,3
No Tactical,1,581,train,random,agent_win,10.0,6,90.0,5,Expert,0.05,0.05,1,2680,2040,3.0,3.0,0,1,2
No Tactical,1,582,train,random,agent_win,10.0,10,82.0,5,Expert,0.05,0.05,1,2685,2044,3.0,3.0,0,0,5
No Tactical,1,583,train,random,player_win,-10.0,9,92.0,5,Expert,0.05,0.05,1,2689,2047,0.0,0.0,0,0,4
No Tactical,1,584,train,random,player_win,-10.0,9,100.0,5,Expert,0.05,0.05,1,2693,2050,0.0,0.0,0,0,4
No Tactical,1,585,train,random,player_win,-10.0,7,100.0,5,Expert,0.05,0.05,1,2696,2051,0.0,0.0,0,0,3
No Tactical,1,586,train,random,agent_win,10.0,10,92.0,5,Expert,0.05,0.05,1,2701,2055,3.0,3.0,0,1,4
No Tactical,1,587,train,random,player_win,-10.0,7,100.0,5,Expert,0.05,0.05,1,2704,2056,0.0,0.0,0,0,3
No Tactical,1,588,train,random,player_win,-10.0,9,100.0,5,Expert,0.05,0.05,1,2708,2059,0.0,0.0,0,0,4
No Tactical,1,589,train,random,agent_win,10.0,8,92.0,5,Expert,0.05,0.05,1,2712,2062,3.0,3.0,0,0,4
No Tactical,1,590,train,random,player_win,-10.0,9,100.0,5,Expert,0.05,0.05,1,2716,2065,0.0,0.0,0,0,4
No Tactical,1,591,train,random,player_win,-10.0,7,100.0,5,Expert,0.05,0.05,1,2719,2067,0.0,0.0,0,0,3
No Tactical,1,592,train,random,agent_win,10.0,14,92.0,5,Expert,0.05,0.05,1,2726,2073,3.0,3.0,0,0,7
No Tactical,1,593,train,random,player_win,-10.0,13,100.0,5,Expert,0.05,0.05,1,2732,2077,0.0,0.0,0,0,6
No Tactical,1,594,train,random,player_win,-10.0,9,100.0,5,Expert,0.05,0.05,1,2736,2079,0.0,0.0,0,0,4
No Tactical,1,595,train,random,agent_win,10.0,8,92.0,5,Expert,0.05,0.05,1,2740,2081,3.0,3.0,0,0,4
No Tactical,1,596,train,random,player_win,-10.0,11,100.0,5,Expert,0.05,0.05,1,2745,2085,0.0,0.0,0,0,5
No Tactical,1,597,train,random,player_win,-10.0,9,100.0,5,Expert,0.05,0.05,1,2749,2088,0.0,0.0,0,0,4
No Tactical,1,598,train,random,player_win,-10.0,13,100.0,5,Expert,0.05,0.05,1,2755,2093,0.0,0.0,0,1,5
No Tactical,1,599,train,random,agent_win,10.0,10,92.0,5,Expert,0.05,0.05,1,2760,2097,3.0,3.0,0,0,5
No Tactical,1,600,train,random,player_win,-10.0,11,100.0,5,Expert,0.05,0.05,1,2765,2101,0.0,0.0,0,0,5
No Tactical,1,601,train,random,agent_win,10.0,12,92.0,5,Expert,0.05,0.05,1,2771,2105,3.0,3.0,0,1,5
No Tactical,1,602,train,random,player_win,-10.0,11,100.0,5,Expert,0.05,0.05,1,2776,2109,0.0,0.0,0,0,5
No Tactical,1,603,train,random,agent_win,10.0,8,92.0,5,Expert,0.05,0.05,1,2780,2112,3.0,3.0,0,0,4
No Tactical,1,604,train,random,player_win,-10.0,11,100.0,5,Expert,0.05,0.05,1,2785,2116,0.0,0.0,0,1,4
No Tactical,1,605,train,random,player_win,-10.0,15,100.0,5,Expert,0.05,0.05,1,2792,2122,0.0,0.0,0,0,7
No Tactical,1,606,train,random,player_win,-10.0,7,100.0,5,Expert,0.05,0.05,1,2795,2123,0.0,0.0,0,0,3
No Tactical,1,607,train,random,agent_win,10.0,8,92.0,5,Expert,0.05,0.05,1,2799,2126,3.0,3.0,0,0,4
No Tactical,1,608,train,random,player_win,-10.0,11,100.0,5,Expert,0.05,0.05,1,2804,2130,0.0,0.0,0,0,5
No Tactical,1,609,train,random,player_win,-10.0,11,100.0,5,Expert,0.05,0.05,1,2809,2134,0.0,0.0,0,0,5
No Tactical,1,610,train,random,player_win,-10.0,11,100.0,5,Expert,0.05,0.05,1,2814,2137,0.0,0.0,0,1,4
No Tactical,1,611,train,random,agent_win,10.0,8,92.0,5,Expert,0.05,0.05,1,2818,2140,3.0,3.0,0,0,4
No Tactical,1,612,train,random,agent_win,10.0,14,84.0,5,Expert,0.05,0.05,1,2825,2146,3.0,3.0,0,0,7
No Tactical,1,613,train,random,agent_win,10.0,6,76.0,4,Hard,0.05,0.05,1,2828,2148,3.0,3.0,0,0,3
No Tactical,1,614,train,random,agent_win,10.0,12,68.0,4,Hard,0.05,0.05,1,2834,2153,3.0,3.0,0,0,6
No Tactical,1,615,train,random,player_win,-10.0,7,78.0,4,Hard,0.05,0.05,1,2837,2155,0.0,0.0,0,0,3
No Tactical,1,616,train,random,player_win,-10.0,11,88.0,5,Expert,0.05,0.05,1,2842,2159,0.0,0.0,0,0,5
No Tactical,1,617,train,random,player_win,-10.0,13,98.0,5,Expert,0.05,0.05,1,2848,2163,0.0,0.0,0,0,6
No Tactical,1,618,train,random,player_win,-10.0,11,100.0,5,Expert,0.05,0.05,1,2853,2167,0.0,0.0,0,0,5
No Tactical,1,619,train,random,player_win,-10.0,9,100.0,5,Expert,0.05,0.05,1,2857,2170,0.0,0.0,0,0,4
No Tactical,1,620,train,random,player_win,-10.0,5,100.0,5,Expert,0.05,0.05,1,2859,2171,0.0,0.0,0,0,2
No Tactical,1,621,train,random,player_win,-10.0,9,100.0,5,Expert,0.05,0.05,1,2863,2174,0.0,0.0,0,0,4
No Tactical,1,622,train,random,player_win,-10.0,11,100.0,5,Expert,0.05,0.05,1,2868,2177,0.0,0.0,0,0,5
No Tactical,1,623,train,random,agent_win,10.0,14,92.0,5,Expert,0.05,0.05,1,2875,2183,3.0,3.0,0,0,7
No Tactical,1,624,train,random,agent_win,10.0,6,84.0,5,Expert,0.05,0.05,1,2878,2185,3.0,3.0,0,0,3
No Tactical,1,625,train,random,player_win,-10.0,11,94.0,5,Expert,0.05,0.05,1,2883,2189,0.0,0.0,0,1,4
No Tactical,1,626,train,random,player_win,-10.0,7,100.0,5,Expert,0.05,0.05,1,2886,2191,0.0,0.0,0,0,3
No Tactical,1,627,train,random,agent_win,10.0,10,92.0,5,Expert,0.05,0.05,1,2891,2194,3.0,3.0,0,0,5
No Tactical,1,628,train,random,agent_win,10.0,14,84.0,5,Expert,0.05,0.05,1,2898,2200,3.0,3.0,0,0,7
No Tactical,1,629,train,random,player_win,-10.0,15,94.0,5,Expert,0.05,0.05,1,2905,2206,0.0,0.0,0,1,6
No Tactical,1,630,train,random,player_win,-10.0,15,100.0,5,Expert,0.05,0.05,1,2912,2212,0.0,0.0,0,0,7
No Tactical,1,631,train,random,agent_win,10.0,10,92.0,5,Expert,0.05,0.05,1,2917,2216,3.0,3.0,0,0,5
No Tactical,1,632,train,random,agent_win,10.0,12,84.0,5,Expert,0.05,0.05,1,2923,2221,3.0,3.0,0,0,6
No Tactical,1,633,train,random,agent_win,10.0,8,76.0,4,Hard,0.05,0.05,1,2927,2224,3.0,3.0,0,1,3
No Tactical,1,634,train,random,agent_win,10.0,8,68.0,4,Hard,0.05,0.05,1,2931,2227,3.0,3.0,0,0,4
No Tactical,1,635,train,random,agent_win,10.0,12,60.0,3,Normal,0.05,0.05,1,2937,2232,3.0,3.0,0,0,6
No Tactical,1,636,train,random,agent_win,10.0,6,52.0,3,Normal,0.05,0.05,1,2940,2233,3.0,3.0,0,0,3
No Tactical,1,637,train,random,player_win,-10.0,13,62.0,3,Normal,0.05,0.05,1,2946,2238,0.0,0.0,0,0,6
No Tactical,1,638,train,random,agent_win,10.0,8,54.0,3,Normal,0.05,0.05,1,2950,2240,3.0,3.0,0,0,4
No Tactical,1,639,train,random,player_win,-10.0,11,64.0,3,Normal,0.05,0.05,1,2955,2244,0.0,0.0,0,0,5
No Tactical,1,640,train,random,player_win,-10.0,11,74.0,4,Hard,0.05,0.05,1,2960,2248,0.0,0.0,0,0,5
No Tactical,1,641,train,random,player_win,-10.0,11,84.0,5,Expert,0.05,0.05,1,2965,2252,0.0,0.0,0,0,5
No Tactical,1,642,train,random,agent_win,10.0,6,76.0,4,Hard,0.05,0.05,1,2968,2254,3.0,3.0,0,1,2
No Tactical,1,643,train,random,agent_win,10.0,10,68.0,4,Hard,0.05,0.05,1,2973,2257,3.0,3.0,0,0,5
No Tactical,1,644,train,random,player_win,-10.0,13,78.0,4,Hard,0.05,0.05,1,2979,2262,0.0,0.0,0,0,6
No Tactical,1,645,train,random,player_win,-10.0,13,88.0,5,Expert,0.05,0.05,1,2985,2266,0.0,0.0,0,0,6
No Tactical,1,646,train,random,player_win,-10.0,11,98.0,5,Expert,0.05,0.05,1,2990,2270,0.0,0.0,0,0,5
No Tactical,1,647,train,random,agent_win,10.0,12,90.0,5,Expert,0.05,0.05,1,2996,2275,3.0,3.0,0,0,6
No Tactical,1,648,train,random,player_win,-10.0,13,100.0,5,Expert,0.05,0.05,1,3002,2280,0.0,0.0,0,0,6
No Tactical,1,649,train,random,player_win,-10.0,11,100.0,5,Expert,0.05,0.05,1,3007,2283,0.0,0.0,0,0,5
No Tactical,1,650,train,random,player_win,-10.0,5,100.0,5,Expert,0.05,0.05,1,3009,2284,0.0,0.0,0,0,2
No Tactical,1,651,train,random,agent_win,10.0,10,92.0,5,Expert,0.05,0.05,1,3014,2288,3.0,3.0,0,1,4
No Tactical,1,652,train,random,player_win,-10.0,11,100.0,5,Expert,0.05,0.05,1,3019,2291,0.0,0.0,0,0,5
No Tactical,1,653,train,random,player_win,-10.0,9,100.0,5,Expert,0.05,0.05,1,3023,2294,0.0,0.0,0,0,4
No Tactical,1,654,train,random,player_win,-10.0,9,100.0,5,Expert,0.05,0.05,1,3027,2297,0.0,0.0,0,0,4
No Tactical,1,655,train,random,agent_win,10.0,8,92.0,5,Expert,0.05,0.05,1,3031,2300,3.0,3.0,0,1,3
No Tactical,1,656,train,random,player_win,-10.0,11,100.0,5,Expert,0.05,0.05,1,3036,2303,0.0,0.0,0,1,4
No Tactical,1,657,train,random,agent_win,10.0,10,92.0,5,Expert,0.05,0.05,1,3041,2307,3.0,3.0,0,0,5
No Tactical,1,658,train,random,agent_win,10.0,8,84.0,5,Expert,0.05,0.05,1,3045,2309,3.0,3.0,0,0,4
No Tactical,1,659,train,random,player_win,-10.0,13,94.0,5,Expert,0.05,0.05,1,3051,2314,0.0,0.0,0,0,6
No Tactical,1,660,train,random,player_win,-10.0,11,100.0,5,Expert,0.05,0.05,1,3056,2317,0.0,0.0,0,1,4
No Tactical,1,661,train,random,player_win,-10.0,7,100.0,5,Expert,0.05,0.05,1,3059,2319,0.0,0.0,0,0,3
No Tactical,1,662,train,random,player_win,-10.0,11,100.0,5,Expert,0.05,0.05,1,3064,2323,0.0,0.0,0,0,5
No Tactical,1,663,train,random,player_win,-10.0,9,100.0,5,Expert,0.05,0.05,1,3068,2326,0.0,0.0,0,0,4
No Tactical,1,664,train,random,player_win,-10.0,7,100.0,5,Expert,0.05,0.05,1,3071,2328,0.0,0.0,0,0,3
No Tactical,1,665,train,random,player_win,-10.0,11,100.0,5,Expert,0.05,0.05,1,3076,2332,0.0,0.0,0,0,5
No Tactical,1,666,train,random,player_win,-10.0,13,100.0,5,Expert,0.05,0.05,1,3082,2337,0.0,0.0,0,1,5
No Tactical,1,667,train,random,agent_win,10.0,12,92.0,5,Expert,0.05,0.05,1,3088,2342,3.0,3.0,0,0,6
No Tactical,1,668,train,random,player_win,-10.0,9,100.0,5,Expert,0.05,0.05,1,3092,2345,0.0,0.0,0,0,4
No Tactical,1,669,train,random,agent_win,10.0,10,92.0,5,Expert,0.05,0.05,1,3097,2349,3.0,3.0,0,0,5
No Tactical,1,670,train,random,agent_win,10.0,12,84.0,5,Expert,0.05,0.05,1,3103,2354,3.0,3.0,0,0,6
No Tactical,1,671,train,random,agent_win,10.0,8,76.0,4,Hard,0.05,0.05,1,3107,2357,3.0,3.0,0,0,4
No Tactical,1,672,train,random,player_win,-10.0,11,86.0,5,Expert,0.05,0.05,1,3112,2361,0.0,0.0,0,0,5
No Tactical,1,673,train,random,agent_win,10.0,10,78.0,4,Hard,0.05,0.05,1,3117,2365,3.0,3.0,0,2,3
No Tactical,1,674,train,random,player_win,-10.0,5,88.0,5,Expert,0.05,0.05,1,3119,2365,0.0,0.0,0,0,2
No Tactical,1,675,train,random,agent_win,10.0,6,80.0,5,Expert,0.05,0.05,1,3122,2366,3.0,3.0,0,0,3
No Tactical,1,676,train,random,agent_win,10.0,12,72.0,4,Hard,0.05,0.05,1,3128,2371,3.0,3.0,0,1,5
No Tactical,1,677,train,random,agent_win,10.0,14,64.0,3,Normal,0.05,0.05,1,3135,2377,3.0,3.0,0,0,7
No Tactical,1,678,train,random,agent_win,10.0,6,56.0,3,Normal,0.05,0.05,1,3138,2378,3.0,3.0,0,0,3
No Tactical,1,679,train,random,player_win,-10.0,11,66.0,4,Hard,0.05,0.05,1,3143,2381,0.0,0.0,0,1,4
No Tactical,1,680,train,random,player_win,-10.0,11,76.0,4,Hard,0.05,0.05,1,3148,2384,0.0,0.0,0,0,5
No Tactical,1,681,train,random,player_win,-10.0,11,86.0,5,Expert,0.05,0.05,1,3153,2388,0.0,0.0,0,1,4
No Tactical,1,682,train,random,player_win,-10.0,9,96.0,5,Expert,0.05,0.05,1,3157,2390,0.0,0.0,0,0,4
No Tactical,1,683,train,random,player_win,-10.0,13,100.0,5,Expert,0.05,0.05,1,3163,2395,0.0,0.0,0,0,6
No Tactical,1,684,train,random,player_win,-10.0,15,100.0,5,Expert,0.05,0.05,1,3170,2401,0.0,0.0,0,0,7
No Tactical,1,685,train,random,agent_win,10.0,10,92.0,5,Expert,0.05,0.05,1,3175,2405,3.0,3.0,0,0,5
No Tactical,1,686,train,random,player_win,-10.0,9,100.0,5,Expert,0.05,0.05,1,3179,2407,0.0,0.0,0,1,3
No Tactical,1,687,train,random,agent_win,10.0,10,92.0,5,Expert,0.05,0.05,1,3184,2411,3.0,3.0,0,0,5
No Tactical,1,688,train,random,player_win,-10.0,13,100.0,5,Expert,0.05,0.05,1,3190,2416,0.0,0.0,0,0,6
No Tactical,1,689,train,random,player_win,-10.0,5,100.0,5,Expert,0.05,0.05,1,3192,2417,0.0,0.0,0,0,2
No Tactical,1,690,train,random,player_win,-10.0,13,100.0,5,Expert,0.05,0.05,1,3198,2421,0.0,0.0,0,0,6
No Tactical,1,691,train,random,player_win,-10.0,11,100.0,5,Expert,0.05,0.05,1,3203,2425,0.0,0.0,0,1,4
No Tactical,1,692,train,random,player_win,-10.0,9,100.0,5,Expert,0.05,0.05,1,3207,2428,0.0,0.0,0,0,4
No Tactical,1,693,train,random,player_win,-10.0,15,100.0,5,Expert,0.05,0.05,1,3214,2434,0.0,0.0,0,0,7
No Tactical,1,694,train,random,agent_win,10.0,12,92.0,5,Expert,0.05,0.05,1,3220,2438,3.0,3.0,0,0,6
No Tactical,1,695,train,random,agent_win,10.0,8,84.0,5,Expert,0.05,0.05,1,3224,2441,3.0,3.0,0,1,3
No Tactical,1,696,train,random,agent_win,10.0,12,76.0,4,Hard,0.05,0.05,1,3230,2446,3.0,3.0,0,0,6
No Tactical,1,697,train,random,player_win,-10.0,9,86.0,5,Expert,0.05,0.05,1,3234,2448,0.0,0.0,0,0,4
No Tactical,1,698,train,random,agent_win,10.0,10,78.0,4,Hard,0.05,0.05,1,3239,2451,3.0,3.0,0,0,5
No Tactical,1,699,train,random,player_win,-10.0,13,88.0,5,Expert,0.05,0.05,1,3245,2455,0.0,0.0,0,0,6
No Tactical,1,700,train,random,player_win,-10.0,11,98.0,5,Expert,0.05,0.05,1,3250,2459,0.0,0.0,0,2,3
No Tactical,1,701,train,random,player_win,-10.0,11,100.0,5,Expert,0.05,0.05,1,3255,2463,0.0,0.0,0,0,5
No Tactical,1,702,train,random,agent_win,10.0,12,92.0,5,Expert,0.05,0.05,1,3261,2468,3.0,3.0,0,0,6
No Tactical,1,703,train,random,agent_win,10.0,10,84.0,5,Expert,0.05,0.05,1,3266,2472,3.0,3.0,0,0,5
No Tactical,1,704,train,random,agent_win,10.0,8,76.0,4,Hard,0.05,0.05,1,3270,2475,3.0,3.0,0,0,4
No Tactical,1,705,train,random,player_win,-10.0,9,86.0,5,Expert,0.05,0.05,1,3274,2478,0.0,0.0,0,0,4
No Tactical,1,706,train,random,agent_win,10.0,12,78.0,4,Hard,0.05,0.05,1,3280,2482,3.0,3.0,0,0,6
No Tactical,1,707,train,random,agent_win,10.0,8,70.0,4,Hard,0.05,0.05,1,3284,2484,3.0,3.0,0,0,4
No Tactical,1,708,train,random,player_win,-10.0,11,80.0,5,Expert,0.05,0.05,1,3289,2488,0.0,0.0,0,0,5
No Tactical,1,709,train,random,player_win,-10.0,7,90.0,5,Expert,0.05,0.05,1,3292,2490,0.0,0.0,0,0,3
No Tactical,1,710,train,random,player_win,-10.0,15,100.0,5,Expert,0.05,0.05,1,3299,2496,0.0,0.0,0,2,5
No Tactical,1,711,train,random,player_win,-10.0,9,100.0,5,Expert,0.05,0.05,1,3303,2499,0.0,0.0,0,0,4
No Tactical,1,712,train,random,agent_win,10.0,8,92.0,5,Expert,0.05,0.05,1,3307,2502,3.0,3.0,0,1,3
No Tactical,1,713,train,random,agent_win,10.0,8,84.0,5,Expert,0.05,0.05,1,3311,2505,3.0,3.0,0,0,4
No Tactical,1,714,train,random,player_win,-10.0,5,94.0,5,Expert,0.05,0.05,1,3313,2506,0.0,0.0,0,0,2
No Tactical,1,715,train,random,agent_win,10.0,10,86.0,5,Expert,0.05,0.05,1,3318,2510,3.0,3.0,0,0,5
No Tactical,1,716,train,random,player_win,-10.0,9,96.0,5,Expert,0.05,0.05,1,3322,2512,0.0,0.0,0,0,4
No Tactical,1,717,train,random,player_win,-10.0,7,100.0,5,Expert,0.05,0.05,1,3325,2513,0.0,0.0,0,0,3
No Tactical,1,718,train,random,agent_win,10.0,10,92.0,5,Expert,0.05,0.05,1,3330,2517,3.0,3.0,0,0,5
No Tactical,1,719,train,random,agent_win,10.0,10,84.0,5,Expert,0.05,0.05,1,3335,2521,3.0,3.0,0,1,4
No Tactical,1,720,train,random,agent_win,10.0,6,76.0,4,Hard,0.05,0.05,1,3338,2523,3.0,3.0,0,0,3
No Tactical,1,721,train,random,agent_win,10.0,10,68.0,4,Hard,0.05,0.05,1,3343,2527,3.0,3.0,0,0,5
No Tactical,1,722,train,random,player_win,-10.0,5,78.0,4,Hard,0.05,0.05,1,3345,2527,0.0,0.0,0,0,2
No Tactical,1,723,train,random,player_win,-10.0,7,88.0,5,Expert,0.05,0.05,1,3348,2529,0.0,0.0,0,0,3
No Tactical,1,724,train,random,player_win,-10.0,11,98.0,5,Expert,0.05,0.05,1,3353,2533,0.0,0.0,0,0,5
No Tactical,1,725,train,random,player_win,-10.0,11,100.0,5,Expert,0.05,0.05,1,3358,2536,0.0,0.0,0,0,5
No Tactical,1,726,train,random,agent_win,10.0,12,92.0,5,Expert,0.05,0.05,1,3364,2540,3.0,3.0,0,0,6
No Tactical,1,727,train,random,player_win,-10.0,5,100.0,5,Expert,0.05,0.05,1,3366,2540,0.0,0.0,0,0,2
No Tactical,1,728,train,random,player_win,-10.0,11,100.0,5,Expert,0.05,0.05,1,3371,2543,0.0,0.0,0,1,4
No Tactical,1,729,train,random,player_win,-10.0,13,100.0,5,Expert,0.05,0.05,1,3377,2547,0.0,0.0,0,0,6
No Tactical,1,730,train,random,player_win,-10.0,13,100.0,5,Expert,0.05,0.05,1,3383,2552,0.0,0.0,0,0,6
No Tactical,1,731,train,random,agent_win,10.0,12,92.0,5,Expert,0.05,0.05,1,3389,2557,3.0,3.0,0,2,4
No Tactical,1,732,train,random,player_win,-10.0,7,100.0,5,Expert,0.05,0.05,1,3392,2558,0.0,0.0,0,0,3
No Tactical,1,733,train,random,agent_win,10.0,12,92.0,5,Expert,0.05,0.05,1,3398,2563,3.0,3.0,0,0,6
No Tactical,1,734,train,random,player_win,-10.0,9,100.0,5,Expert,0.05,0.05,1,3402,2566,0.0,0.0,0,0,4
No Tactical,1,735,train,random,agent_win,10.0,8,92.0,5,Expert,0.05,0.05,1,3406,2569,3.0,3.0,0,1,3
No Tactical,1,736,train,random,player_win,-10.0,7,100.0,5,Expert,0.05,0.05,1,3409,2570,0.0,0.0,0,0,3
No Tactical,1,737,train,random,player_win,-10.0,11,100.0,5,Expert,0.05,0.05,1,3414,2574,0.0,0.0,0,0,5
No Tactical,1,738,train,random,agent_win,10.0,8,92.0,5,Expert,0.05,0.05,1,3418,2577,3.0,3.0,0,0,4
No Tactical,1,739,train,random,player_win,-10.0,11,100.0,5,Expert,0.05,0.05,1,3423,2581,0.0,0.0,0,0,5
No Tactical,1,740,train,random,agent_win,10.0,8,92.0,5,Expert,0.05,0.05,1,3427,2583,3.0,3.0,0,0,4
No Tactical,1,741,train,random,player_win,-10.0,9,100.0,5,Expert,0.05,0.05,1,3431,2585,0.0,0.0,0,0,4
No Tactical,1,742,train,random,agent_win,10.0,8,92.0,5,Expert,0.05,0.05,1,3435,2588,3.0,3.0,0,0,4
No Tactical,1,743,train,random,player_win,-10.0,9,100.0,5,Expert,0.05,0.05,1,3439,2591,0.0,0.0,0,1,3
No Tactical,1,744,train,random,agent_win,10.0,12,92.0,5,Expert,0.05,0.05,1,3445,2596,3.0,3.0,0,0,6
No Tactical,1,745,train,random,player_win,-10.0,11,100.0,5,Expert,0.05,0.05,1,3450,2600,0.0,0.0,0,0,5
No Tactical,1,746,train,random,agent_win,10.0,10,92.0,5,Expert,0.05,0.05,1,3455,2603,3.0,3.0,0,0,5
No Tactical,1,747,train,random,player_win,-10.0,11,100.0,5,Expert,0.05,0.05,1,3460,2606,0.0,0.0,0,0,5
No Tactical,1,748,train,random,agent_win,10.0,12,92.0,5,Expert,0.05,0.05,1,3466,2611,3.0,3.0,0,0,6
No Tactical,1,749,train,random,agent_win,10.0,10,84.0,5,Expert,0.05,0.05,1,3471,2615,3.0,3.0,0,0,5
No Tactical,1,750,train,random,player_win,-10.0,11,94.0,5,Expert,0.05,0.05,1,3476,2619,0.0,0.0,0,0,5
No Tactical,1,751,train,random,player_win,-10.0,7,100.0,5,Expert,0.05,0.05,1,3479,2621,0.0,0.0,0,0,3
No Tactical,1,752,train,random,player_win,-10.0,7,100.0,5,Expert,0.05,0.05,1,3482,2623,0.0,0.0,0,0,3
No Tactical,1,753,train,random,agent_win,10.0,10,92.0,5,Expert,0.05,0.05,1,3487,2627,3.0,3.0,0,0,5
No Tactical,1,754,train,random,player_win,-10.0,5,100.0,5,Expert,0.05,0.05,1,3489,2627,0.0,0.0,0,0,2
No Tactical,1,755,train,random,agent_win,10.0,12,92.0,5,Expert,0.05,0.05,1,3495,2631,3.0,3.0,0,0,6
No Tactical,1,756,train,random,agent_win,10.0,8,84.0,5,Expert,0.05,0.05,1,3499,2633,3.0,3.0,0,0,4
No Tactical,1,757,train,random,agent_win,10.0,6,76.0,4,Hard,0.05,0.05,1,3502,2635,3.0,3.0,0,0,3
No Tactical,1,758,train,random,agent_win,10.0,8,68.0,4,Hard,0.05,0.05,1,3506,2638,3.0,3.0,0,0,4
No Tactical,1,759,train,random,player_win,-10.0,11,78.0,4,Hard,0.05,0.05,1,3511,2641,0.0,0.0,0,0,5
No Tactical,1,760,train,random,player_win,-10.0,9,88.0,5,Expert,0.05,0.05,1,3515,2644,0.0,0.0,0,0,4
No Tactical,1,761,train,random,player_win,-10.0,9,98.0,5,Expert,0.05,0.05,1,3519,2647,0.0,0.0,0,0,4
No Tactical,1,762,train,random,player_win,-10.0,11,100.0,5,Expert,0.05,0.05,1,3524,2651,0.0,0.0,0,0,5
No Tactical,1,763,train,random,player_win,-10.0,9,100.0,5,Expert,0.05,0.05,1,3528,2653,0.0,0.0,0,1,3
No Tactical,1,764,train,random,player_win,-10.0,7,100.0,5,Expert,0.05,0.05,1,3531,2654,0.0,0.0,0,0,3
No Tactical,1,765,train,random,agent_win,10.0,12,92.0,5,Expert,0.05,0.05,1,3537,2659,3.0,3.0,0,0,6
No Tactical,1,766,train,random,agent_win,10.0,12,84.0,5,Expert,0.05,0.05,1,3543,2664,3.0,3.0,0,1,5
No Tactical,1,767,train,random,agent_win,10.0,6,76.0,4,Hard,0.05,0.05,1,3546,2665,3.0,3.0,0,0,3
No Tactical,1,768,train,random,player_win,-10.0,13,86.0,5,Expert,0.05,0.05,1,3552,2669,0.0,0.0,0,1,5
No Tactical,1,769,train,random,agent_win,10.0,10,78.0,4,Hard,0.05,0.05,1,3557,2673,3.0,3.0,0,1,4
No Tactical,1,770,train,random,player_win,-10.0,13,88.0,5,Expert,0.05,0.05,1,3563,2677,0.0,0.0,0,1,5
No Tactical,1,771,train,random,agent_win,10.0,10,80.0,5,Expert,0.05,0.05,1,3568,2681,3.0,3.0,0,0,5
No Tactical,1,772,train,random,player_win,-10.0,7,90.0,5,Expert,0.05,0.05,1,3571,2682,0.0,0.0,0,0,3
No Tactical,1,773,train,random,agent_win,10.0,12,82.0,5,Expert,0.05,0.05,1,3577,2686,3.0,3.0,0,1,5
No Tactical,1,774,train,random,agent_win,10.0,6,74.0,4,Hard,0.05,0.05,1,3580,2687,3.0,3.0,0,0,3
No Tactical,1,775,train,random,player_win,-10.0,13,84.0,5,Expert,0.05,0.05,1,3586,2692,0.0,0.0,0,0,6
No Tactical,1,776,train,random,player_win,-10.0,7,94.0,5,Expert,0.05,0.05,1,3589,2693,0.0,0.0,0,0,3
No Tactical,1,777,train,random,agent_win,10.0,10,86.0,5,Expert,0.05,0.05,1,3594,2696,3.0,3.0,0,1,4
No Tactical,1,778,train,random,agent_win,10.0,12,78.0,4,Hard,0.05,0.05,1,3600,2701,3.0,3.0,0,0,6
No Tactical,1,779,train,random,player_win,-10.0,9,88.0,5,Expert,0.05,0.05,1,3604,2704,0.0,0.0,0,0,4
No Tactical,1,780,train,random,agent_win,10.0,8,80.0,5,Expert,0.05,0.05,1,3608,2707,3.0,3.0,0,1,3
No Tactical,1,781,train,random,agent_win,10.0,10,72.0,4,Hard,0.05,0.05,1,3613,2710,3.0,3.0,0,0,5
No Tactical,1,782,train,random,agent_win,10.0,8,64.0,3,Normal,0.05,0.05,1,3617,2712,3.0,3.0,0,0,4
No Tactical,1,783,train,random,player_win,-10.0,9,74.0,4,Hard,0.05,0.05,1,3621,2715,0.0,0.0,0,0,4
No Tactical,1,784,train,random,player_win,-10.0,5,84.0,5,Expert,0.05,0.05,1,3623,2715,0.0,0.0,0,0,2
No Tactical,1,785,train,random,agent_win,10.0,10,76.0,4,Hard,0.05,0.05,1,3628,2719,3.0,3.0,0,0,5
No Tactical,1,786,train,random,agent_win,10.0,10,68.0,4,Hard,0.05,0.05,1,3633,2723,3.0,3.0,0,0,5
No Tactical,1,787,train,random,player_win,-10.0,9,78.0,4,Hard,0.05,0.05,1,3637,2725,0.0,0.0,0,1,3
No Tactical,1,788,train,random,agent_win,10.0,8,70.0,4,Hard,0.05,0.05,1,3641,2727,3.0,3.0,0,0,4
No Tactical,1,789,train,random,player_win,-10.0,11,80.0,5,Expert,0.05,0.05,1,3646,2731,0.0,0.0,0,0,5
No Tactical,1,790,train,random,player_win,-10.0,11,90.0,5,Expert,0.05,0.05,1,3651,2735,0.0,0.0,0,0,5
No Tactical,1,791,train,random,agent_win,10.0,12,82.0,5,Expert,0.05,0.05,1,3657,2740,3.0,3.0,0,0,6
No Tactical,1,792,train,random,player_win,-10.0,9,92.0,5,Expert,0.05,0.05,1,3661,2743,0.0,0.0,0,1,3
No Tactical,1,793,train,random,agent_win,10.0,14,84.0,5,Expert,0.05,0.05,1,3668,2749,3.0,3.0,0,0,7
No Tactical,1,794,train,random,agent_win,10.0,10,76.0,4,Hard,0.05,0.05,1,3673,2752,3.0,3.0,0,0,5
No Tactical,1,795,train,random,player_win,-10.0,15,86.0,5,Expert,0.05,0.05,1,3680,2758,0.0,0.0,0,1,6
No Tactical,1,796,train,random,player_win,-10.0,9,96.0,5,Expert,0.05,0.05,1,3684,2761,0.0,0.0,0,0,4
No Tactical,1,797,train,random,agent_win,10.0,14,88.0,5,Expert,0.05,0.05,1,3691,2767,3.0,3.0,0,0,7
No Tactical,1,798,train,random,player_win,-10.0,11,98.0,5,Expert,0.05,0.05,1,3696,2771,0.0,0.0,0,0,5
No Tactical,1,799,train,random,player_win,-10.0,9,100.0,5,Expert,0.05,0.05,1,3700,2774,0.0,0.0,0,0,4
No Tactical,1,800,train,random,player_win,-10.0,9,100.0,5,Expert,0.05,0.05,1,3704,2777,0.0,0.0,0,0,4
No Tactical,1,801,eval,random,player_win,-10.0,7,100.0,5,Expert,0.05,0.0,0,3704,2777,0.0,0.0,0,0,3
No Tactical,1,802,eval,random,agent_win,10.0,10,92.0,5,Expert,0.05,0.0,0,3704,2777,0.0,0.0,0,0,5
No Tactical,1,803,eval,random,player_win,-10.0,9,100.0,5,Expert,0.05,0.0,0,3704,2777,0.0,0.0,0,0,4
No Tactical,1,804,eval,random,player_win,-10.0,7,100.0,5,Expert,0.05,0.0,0,3704,2777,0.0,0.0,0,0,3
No Tactical,1,805,eval,random,agent_win,10.0,10,92.0,5,Expert,0.05,0.0,0,3704,2777,0.0,0.0,0,0,5
No Tactical,1,806,eval,random,player_win,-10.0,9,100.0,5,Expert,0.05,0.0,0,3704,2777,0.0,0.0,0,0,4
No Tactical,1,807,eval,random,player_win,-10.0,7,100.0,5,Expert,0.05,0.0,0,3704,2777,0.0,0.0,0,0,3
No Tactical,1,808,eval,random,agent_win,10.0,8,92.0,5,Expert,0.05,0.0,0,3704,2777,0.0,0.0,0,0,4
No Tactical,1,809,eval,random,agent_win,10.0,6,84.0,5,Expert,0.05,0.0,0,3704,2777,0.0,0.0,0,0,3
No Tactical,1,810,eval,random,agent_win,10.0,10,76.0,4,Hard,0.05,0.0,0,3704,2777,0.0,0.0,0,0,5
No Tactical,1,811,eval,random,agent_win,10.0,10,68.0,4,Hard,0.05,0.0,0,3704,2777,0.0,0.0,0,0,5
No Tactical,1,812,eval,random,agent_win,10.0,10,60.0,3,Normal,0.05,0.0,0,3704,2777,0.0,0.0,0,0,5
No Tactical,1,813,eval,random,agent_win,10.0,8,52.0,3,Normal,0.05,0.0,0,3704,2777,0.0,0.0,0,0,4
No Tactical,1,814,eval,random,agent_win,10.0,12,44.0,2,Easy,0.05,0.0,0,3704,2777,0.0,0.0,0,0,6
No Tactical,1,815,eval,random,agent_win,10.0,12,36.0,2,Easy,0.05,0.0,0,3704,2777,0.0,0.0,0,0,6
No Tactical,1,816,eval,random,player_win,-10.0,11,46.0,3,Normal,0.05,0.0,0,3704,2777,0.0,0.0,0,0,5
No Tactical,1,817,eval,random,agent_win,10.0,12,38.0,2,Easy,0.05,0.0,0,3704,2777,0.0,0.0,0,0,6
No Tactical,1,818,eval,random,player_win,-10.0,11,48.0,3,Normal,0.05,0.0,0,3704,2777,0.0,0.0,0,0,5
No Tactical,1,819,eval,random,player_win,-10.0,11,58.0,3,Normal,0.05,0.0,0,3704,2777,0.0,0.0,0,0,5
No Tactical,1,820,eval,random,agent_win,10.0,12,50.0,3,Normal,0.05,0.0,0,3704,2777,0.0,0.0,0,0,6
No Tactical,1,821,eval,random,agent_win,10.0,10,42.0,2,Easy,0.05,0.0,0,3704,2777,0.0,0.0,0,0,5
No Tactical,1,822,eval,random,agent_win,10.0,8,34.0,2,Easy,0.05,0.0,0,3704,2777,0.0,0.0,0,0,4
No Tactical,1,823,eval,random,agent_win,10.0,12,26.0,2,Easy,0.05,0.0,0,3704,2777,0.0,0.0,0,0,6
No Tactical,1,824,eval,random,agent_win,10.0,8,18.0,1,Very Easy,0.05,0.0,0,3704,2777,0.0,0.0,0,0,4
No Tactical,1,825,eval,random,player_win,-10.0,5,28.0,2,Easy,0.05,0.0,0,3704,2777,0.0,0.0,0,0,2
No Tactical,1,826,eval,random,agent_win,10.0,12,20.0,1,Very Easy,0.05,0.0,0,3704,2777,0.0,0.0,0,0,6
No Tactical,1,827,eval,random,agent_win,10.0,10,12.0,1,Very Easy,0.05,0.0,0,3704,2777,0.0,0.0,0,0,5
No Tactical,1,828,eval,random,player_win,-10.0,5,22.0,1,Very Easy,0.05,0.0,0,3704,2777,0.0,0.0,0,0,2
No Tactical,1,829,eval,random,player_win,-10.0,7,32.0,2,Easy,0.05,0.0,0,3704,2777,0.0,0.0,0,0,3
No Tactical,1,830,eval,random,player_win,-10.0,9,42.0,2,Easy,0.05,0.0,0,3704,2777,0.0,0.0,0,0,4
No Tactical,1,831,eval,random,agent_win,10.0,12,34.0,2,Easy,0.05,0.0,0,3704,2777,0.0,0.0,0,0,6
No Tactical,1,832,eval,random,player_win,-10.0,11,44.0,2,Easy,0.05,0.0,0,3704,2777,0.0,0.0,0,0,5
No Tactical,1,833,eval,random,player_win,-10.0,9,54.0,3,Normal,0.05,0.0,0,3704,2777,0.0,0.0,0,0,4
No Tactical,1,834,eval,random,agent_win,10.0,10,46.0,3,Normal,0.05,0.0,0,3704,2777,0.0,0.0,0,0,5
No Tactical,1,835,eval,random,player_win,-10.0,7,56.0,3,Normal,0.05,0.0,0,3704,2777,0.0,0.0,0,0,3
No Tactical,1,836,eval,random,player_win,-10.0,11,66.0,4,Hard,0.05,0.0,0,3704,2777,0.0,0.0,0,0,5
No Tactical,1,837,eval,random,agent_win,10.0,8,58.0,3,Normal,0.05,0.0,0,3704,2777,0.0,0.0,0,0,4
No Tactical,1,838,eval,random,agent_win,10.0,8,50.0,3,Normal,0.05,0.0,0,3704,2777,0.0,0.0,0,0,4
No Tactical,1,839,eval,random,player_win,-10.0,9,60.0,3,Normal,0.05,0.0,0,3704,2777,0.0,0.0,0,0,4
No Tactical,1,840,eval,random,player_win,-10.0,13,70.0,4,Hard,0.05,0.0,0,3704,2777,0.0,0.0,0,0,6
No Tactical,1,841,eval,random,player_win,-10.0,9,80.0,5,Expert,0.05,0.0,0,3704,2777,0.0,0.0,0,0,4
No Tactical,1,842,eval,random,player_win,-10.0,9,90.0,5,Expert,0.05,0.0,0,3704,2777,0.0,0.0,0,0,4
No Tactical,1,843,eval,random,player_win,-10.0,9,100.0,5,Expert,0.05,0.0,0,3704,2777,0.0,0.0,0,0,4
No Tactical,1,844,eval,random,player_win,-10.0,11,100.0,5,Expert,0.05,0.0,0,3704,2777,0.0,0.0,0,0,5
No Tactical,1,845,eval,random,player_win,-10.0,7,100.0,5,Expert,0.05,0.0,0,3704,2777,0.0,0.0,0,0,3
No Tactical,1,846,eval,random,agent_win,10.0,10,92.0,5,Expert,0.05,0.0,0,3704,2777,0.0,0.0,0,0,5
No Tactical,1,847,eval,random,player_win,-10.0,7,100.0,5,Expert,0.05,0.0,0,3704,2777,0.0,0.0,0,0,3
No Tactical,1,848,eval,random,agent_win,10.0,14,92.0,5,Expert,0.05,0.0,0,3704,2777,0.0,0.0,0,0,7
No Tactical,1,849,eval,random,player_win,-10.0,9,100.0,5,Expert,0.05,0.0,0,3704,2777,0.0,0.0,0,0,4
No Tactical,1,850,eval,random,player_win,-10.0,9,100.0,5,Expert,0.05,0.0,0,3704,2777,0.0,0.0,0,0,4
No Tactical,1,851,eval,random,agent_win,10.0,16,92.0,5,Expert,0.05,0.0,0,3704,2777,0.0,0.0,0,0,8
No Tactical,1,852,eval,random,agent_win,10.0,10,84.0,5,Expert,0.05,0.0,0,3704,2777,0.0,0.0,0,0,5
No Tactical,1,853,eval,random,player_win,-10.0,7,94.0,5,Expert,0.05,0.0,0,3704,2777,0.0,0.0,0,0,3
No Tactical,1,854,eval,random,agent_win,10.0,8,86.0,5,Expert,0.05,0.0,0,3704,2777,0.0,0.0,0,0,4
No Tactical,1,855,eval,random,agent_win,10.0,10,78.0,4,Hard,0.05,0.0,0,3704,2777,0.0,0.0,0,0,5
No Tactical,1,856,eval,random,player_win,-10.0,11,88.0,5,Expert,0.05,0.0,0,3704,2777,0.0,0.0,0,0,5
No Tactical,1,857,eval,random,agent_win,10.0,10,80.0,5,Expert,0.05,0.0,0,3704,2777,0.0,0.0,0,0,5
No Tactical,1,858,eval,random,agent_win,10.0,8,72.0,4,Hard,0.05,0.0,0,3704,2777,0.0,0.0,0,0,4
No Tactical,1,859,eval,random,agent_win,10.0,14,64.0,3,Normal,0.05,0.0,0,3704,2777,0.0,0.0,0,0,7
No Tactical,1,860,eval,random,agent_win,10.0,10,56.0,3,Normal,0.05,0.0,0,3704,2777,0.0,0.0,0,0,5
No Tactical,1,861,eval,random,player_win,-10.0,7,66.0,4,Hard,0.05,0.0,0,3704,2777,0.0,0.0,0,0,3
No Tactical,1,862,eval,random,agent_win,10.0,14,58.0,3,Normal,0.05,0.0,0,3704,2777,0.0,0.0,0,0,7
No Tactical,1,863,eval,random,agent_win,10.0,8,50.0,3,Normal,0.05,0.0,0,3704,2777,0.0,0.0,0,0,4
No Tactical,1,864,eval,random,player_win,-10.0,13,60.0,3,Normal,0.05,0.0,0,3704,2777,0.0,0.0,0,0,6
No Tactical,1,865,eval,random,player_win,-10.0,13,70.0,4,Hard,0.05,0.0,0,3704,2777,0.0,0.0,0,0,6
No Tactical,1,866,eval,random,player_win,-10.0,11,80.0,5,Expert,0.05,0.0,0,3704,2777,0.0,0.0,0,0,5
No Tactical,1,867,eval,random,player_win,-10.0,7,90.0,5,Expert,0.05,0.0,0,3704,2777,0.0,0.0,0,0,3
No Tactical,1,868,eval,random,player_win,-10.0,11,100.0,5,Expert,0.05,0.0,0,3704,2777,0.0,0.0,0,0,5
No Tactical,1,869,eval,random,agent_win,10.0,8,92.0,5,Expert,0.05,0.0,0,3704,2777,0.0,0.0,0,0,4
No Tactical,1,870,eval,random,player_win,-10.0,7,100.0,5,Expert,0.05,0.0,0,3704,2777,0.0,0.0,0,0,3
No Tactical,1,871,eval,random,player_win,-10.0,5,100.0,5,Expert,0.05,0.0,0,3704,2777,0.0,0.0,0,0,2
No Tactical,1,872,eval,random,agent_win,10.0,10,92.0,5,Expert,0.05,0.0,0,3704,2777,0.0,0.0,0,0,5
No Tactical,1,873,eval,random,player_win,-10.0,15,100.0,5,Expert,0.05,0.0,0,3704,2777,0.0,0.0,0,0,7
No Tactical,1,874,eval,random,agent_win,10.0,10,92.0,5,Expert,0.05,0.0,0,3704,2777,0.0,0.0,0,0,5
No Tactical,1,875,eval,random,player_win,-10.0,7,100.0,5,Expert,0.05,0.0,0,3704,2777,0.0,0.0,0,0,3
No Tactical,1,876,eval,random,player_win,-10.0,11,100.0,5,Expert,0.05,0.0,0,3704,2777,0.0,0.0,0,0,5
No Tactical,1,877,eval,random,agent_win,10.0,10,92.0,5,Expert,0.05,0.0,0,3704,2777,0.0,0.0,0,0,5
No Tactical,1,878,eval,random,player_win,-10.0,13,100.0,5,Expert,0.05,0.0,0,3704,2777,0.0,0.0,0,0,6
No Tactical,1,879,eval,random,agent_win,10.0,10,92.0,5,Expert,0.05,0.0,0,3704,2777,0.0,0.0,0,0,5
No Tactical,1,880,eval,random,agent_win,10.0,12,84.0,5,Expert,0.05,0.0,0,3704,2777,0.0,0.0,0,0,6
No Tactical,1,881,eval,random,agent_win,10.0,8,76.0,4,Hard,0.05,0.0,0,3704,2777,0.0,0.0,0,0,4
No Tactical,1,882,eval,random,agent_win,10.0,10,68.0,4,Hard,0.05,0.0,0,3704,2777,0.0,0.0,0,0,5
No Tactical,1,883,eval,random,agent_win,10.0,8,60.0,3,Normal,0.05,0.0,0,3704,2777,0.0,0.0,0,0,4
No Tactical,1,884,eval,random,agent_win,10.0,12,52.0,3,Normal,0.05,0.0,0,3704,2777,0.0,0.0,0,0,6
No Tactical,1,885,eval,random,player_win,-10.0,7,62.0,3,Normal,0.05,0.0,0,3704,2777,0.0,0.0,0,0,3
No Tactical,1,886,eval,random,player_win,-10.0,9,72.0,4,Hard,0.05,0.0,0,3704,2777,0.0,0.0,0,0,4
No Tactical,1,887,eval,random,agent_win,10.0,12,64.0,3,Normal,0.05,0.0,0,3704,2777,0.0,0.0,0,0,6
No Tactical,1,888,eval,random,player_win,-10.0,9,74.0,4,Hard,0.05,0.0,0,3704,2777,0.0,0.0,0,0,4
No Tactical,1,889,eval,random,player_win,-10.0,7,84.0,5,Expert,0.05,0.0,0,3704,2777,0.0,0.0,0,0,3
No Tactical,1,890,eval,random,player_win,-10.0,9,94.0,5,Expert,0.05,0.0,0,3704,2777,0.0,0.0,0,0,4
No Tactical,1,891,eval,random,player_win,-10.0,11,100.0,5,Expert,0.05,0.0,0,3704,2777,0.0,0.0,0,0,5
No Tactical,1,892,eval,random,agent_win,10.0,12,92.0,5,Expert,0.05,0.0,0,3704,2777,0.0,0.0,0,0,6
No Tactical,1,893,eval,random,player_win,-10.0,11,100.0,5,Expert,0.05,0.0,0,3704,2777,0.0,0.0,0,0,5
No Tactical,1,894,eval,random,player_win,-10.0,5,100.0,5,Expert,0.05,0.0,0,3704,2777,0.0,0.0,0,0,2
No Tactical,1,895,eval,random,player_win,-10.0,7,100.0,5,Expert,0.05,0.0,0,3704,2777,0.0,0.0,0,0,3
No Tactical,1,896,eval,random,agent_win,10.0,8,92.0,5,Expert,0.05,0.0,0,3704,2777,0.0,0.0,0,0,4
No Tactical,1,897,eval,random,player_win,-10.0,7,100.0,5,Expert,0.05,0.0,0,3704,2777,0.0,0.0,0,0,3
No Tactical,1,898,eval,random,agent_win,10.0,6,92.0,5,Expert,0.05,0.0,0,3704,2777,0.0,0.0,0,0,3
No Tactical,1,899,eval,random,player_win,-10.0,13,100.0,5,Expert,0.05,0.0,0,3704,2777,0.0,0.0,0,0,6
No Tactical,1,900,eval,random,player_win,-10.0,11,100.0,5,Expert,0.05,0.0,0,3704,2777,0.0,0.0,0,0,5
No Tactical,1,901,eval,random,agent_win,10.0,12,92.0,5,Expert,0.05,0.0,0,3704,2777,0.0,0.0,0,0,6
No Tactical,1,902,eval,random,player_win,-10.0,11,100.0,5,Expert,0.05,0.0,0,3704,2777,0.0,0.0,0,0,5
No Tactical,1,903,eval,random,player_win,-10.0,9,100.0,5,Expert,0.05,0.0,0,3704,2777,0.0,0.0,0,0,4
No Tactical,1,904,eval,random,player_win,-10.0,9,100.0,5,Expert,0.05,0.0,0,3704,2777,0.0,0.0,0,0,4
No Tactical,1,905,eval,random,agent_win,10.0,10,92.0,5,Expert,0.05,0.0,0,3704,2777,0.0,0.0,0,0,5
No Tactical,1,906,eval,random,agent_win,10.0,14,84.0,5,Expert,0.05,0.0,0,3704,2777,0.0,0.0,0,0,7
No Tactical,1,907,eval,random,player_win,-10.0,11,94.0,5,Expert,0.05,0.0,0,3704,2777,0.0,0.0,0,0,5
No Tactical,1,908,eval,random,player_win,-10.0,7,100.0,5,Expert,0.05,0.0,0,3704,2777,0.0,0.0,0,0,3
No Tactical,1,909,eval,random,agent_win,10.0,10,92.0,5,Expert,0.05,0.0,0,3704,2777,0.0,0.0,0,0,5
No Tactical,1,910,eval,random,player_win,-10.0,11,100.0,5,Expert,0.05,0.0,0,3704,2777,0.0,0.0,0,0,5
No Tactical,1,911,eval,random,player_win,-10.0,9,100.0,5,Expert,0.05,0.0,0,3704,2777,0.0,0.0,0,0,4
No Tactical,1,912,eval,random,player_win,-10.0,11,100.0,5,Expert,0.05,0.0,0,3704,2777,0.0,0.0,0,0,5
No Tactical,1,913,eval,random,player_win,-10.0,9,100.0,5,Expert,0.05,0.0,0,3704,2777,0.0,0.0,0,0,4
No Tactical,1,914,eval,random,player_win,-10.0,7,100.0,5,Expert,0.05,0.0,0,3704,2777,0.0,0.0,0,0,3
No Tactical,1,915,eval,random,player_win,-10.0,5,100.0,5,Expert,0.05,0.0,0,3704,2777,0.0,0.0,0,0,2
No Tactical,1,916,eval,random,player_win,-10.0,9,100.0,5,Expert,0.05,0.0,0,3704,2777,0.0,0.0,0,0,4
No Tactical,1,917,eval,random,player_win,-10.0,7,100.0,5,Expert,0.05,0.0,0,3704,2777,0.0,0.0,0,0,3
No Tactical,1,918,eval,random,player_win,-10.0,9,100.0,5,Expert,0.05,0.0,0,3704,2777,0.0,0.0,0,0,4
No Tactical,1,919,eval,random,player_win,-10.0,13,100.0,5,Expert,0.05,0.0,0,3704,2777,0.0,0.0,0,0,6
No Tactical,1,920,eval,random,player_win,-10.0,5,100.0,5,Expert,0.05,0.0,0,3704,2777,0.0,0.0,0,0,2
No Tactical,1,921,eval,random,player_win,-10.0,7,100.0,5,Expert,0.05,0.0,0,3704,2777,0.0,0.0,0,0,3
No Tactical,1,922,eval,random,player_win,-10.0,9,100.0,5,Expert,0.05,0.0,0,3704,2777,0.0,0.0,0,0,4
No Tactical,1,923,eval,random,agent_win,10.0,14,92.0,5,Expert,0.05,0.0,0,3704,2777,0.0,0.0,0,0,7
No Tactical,1,924,eval,random,player_win,-10.0,13,100.0,5,Expert,0.05,0.0,0,3704,2777,0.0,0.0,0,0,6
No Tactical,1,925,eval,random,agent_win,10.0,12,92.0,5,Expert,0.05,0.0,0,3704,2777,0.0,0.0,0,0,6
No Tactical,1,926,eval,random,agent_win,10.0,12,84.0,5,Expert,0.05,0.0,0,3704,2777,0.0,0.0,0,0,6
No Tactical,1,927,eval,random,agent_win,10.0,10,76.0,4,Hard,0.05,0.0,0,3704,2777,0.0,0.0,0,0,5
No Tactical,1,928,eval,random,player_win,-10.0,13,86.0,5,Expert,0.05,0.0,0,3704,2777,0.0,0.0,0,0,6
No Tactical,1,929,eval,random,agent_win,10.0,14,78.0,4,Hard,0.05,0.0,0,3704,2777,0.0,0.0,0,0,7
No Tactical,1,930,eval,random,player_win,-10.0,9,88.0,5,Expert,0.05,0.0,0,3704,2777,0.0,0.0,0,0,4
No Tactical,1,931,eval,random,player_win,-10.0,9,98.0,5,Expert,0.05,0.0,0,3704,2777,0.0,0.0,0,0,4
No Tactical,1,932,eval,random,player_win,-10.0,9,100.0,5,Expert,0.05,0.0,0,3704,2777,0.0,0.0,0,0,4
No Tactical,1,933,eval,random,agent_win,10.0,8,92.0,5,Expert,0.05,0.0,0,3704,2777,0.0,0.0,0,0,4
No Tactical,1,934,eval,random,agent_win,10.0,12,84.0,5,Expert,0.05,0.0,0,3704,2777,0.0,0.0,0,0,6
No Tactical,1,935,eval,random,player_win,-10.0,13,94.0,5,Expert,0.05,0.0,0,3704,2777,0.0,0.0,0,0,6
No Tactical,1,936,eval,random,player_win,-10.0,7,100.0,5,Expert,0.05,0.0,0,3704,2777,0.0,0.0,0,0,3
No Tactical,1,937,eval,random,player_win,-10.0,13,100.0,5,Expert,0.05,0.0,0,3704,2777,0.0,0.0,0,0,6
No Tactical,1,938,eval,random,agent_win,10.0,8,92.0,5,Expert,0.05,0.0,0,3704,2777,0.0,0.0,0,0,4
No Tactical,1,939,eval,random,agent_win,10.0,12,84.0,5,Expert,0.05,0.0,0,3704,2777,0.0,0.0,0,0,6
No Tactical,1,940,eval,random,player_win,-10.0,11,94.0,5,Expert,0.05,0.0,0,3704,2777,0.0,0.0,0,0,5
No Tactical,1,941,eval,random,agent_win,10.0,6,86.0,5,Expert,0.05,0.0,0,3704,2777,0.0,0.0,0,0,3
No Tactical,1,942,eval,random,player_win,-10.0,13,96.0,5,Expert,0.05,0.0,0,3704,2777,0.0,0.0,0,0,6
No Tactical,1,943,eval,random,agent_win,10.0,14,88.0,5,Expert,0.05,0.0,0,3704,2777,0.0,0.0,0,0,7
No Tactical,1,944,eval,random,player_win,-10.0,11,98.0,5,Expert,0.05,0.0,0,3704,2777,0.0,0.0,0,0,5
No Tactical,1,945,eval,random,agent_win,10.0,8,90.0,5,Expert,0.05,0.0,0,3704,2777,0.0,0.0,0,0,4
No Tactical,1,946,eval,random,agent_win,10.0,8,82.0,5,Expert,0.05,0.0,0,3704,2777,0.0,0.0,0,0,4
No Tactical,1,947,eval,random,agent_win,10.0,12,74.0,4,Hard,0.05,0.0,0,3704,2777,0.0,0.0,0,0,6
No Tactical,1,948,eval,random,agent_win,10.0,6,66.0,4,Hard,0.05,0.0,0,3704,2777,0.0,0.0,0,0,3
No Tactical,1,949,eval,random,player_win,-10.0,7,76.0,4,Hard,0.05,0.0,0,3704,2777,0.0,0.0,0,0,3
No Tactical,1,950,eval,random,agent_win,10.0,12,68.0,4,Hard,0.05,0.0,0,3704,2777,0.0,0.0,0,0,6
No Tactical,1,951,eval,random,player_win,-10.0,7,78.0,4,Hard,0.05,0.0,0,3704,2777,0.0,0.0,0,0,3
No Tactical,1,952,eval,random,agent_win,10.0,8,70.0,4,Hard,0.05,0.0,0,3704,2777,0.0,0.0,0,0,4
No Tactical,1,953,eval,random,agent_win,10.0,12,62.0,3,Normal,0.05,0.0,0,3704,2777,0.0,0.0,0,0,6
No Tactical,1,954,eval,random,player_win,-10.0,11,72.0,4,Hard,0.05,0.0,0,3704,2777,0.0,0.0,0,0,5
No Tactical,1,955,eval,random,player_win,-10.0,9,82.0,5,Expert,0.05,0.0,0,3704,2777,0.0,0.0,0,0,4
No Tactical,1,956,eval,random,player_win,-10.0,7,92.0,5,Expert,0.05,0.0,0,3704,2777,0.0,0.0,0,0,3
No Tactical,1,957,eval,random,agent_win,10.0,14,84.0,5,Expert,0.05,0.0,0,3704,2777,0.0,0.0,0,0,7
No Tactical,1,958,eval,random,agent_win,10.0,14,76.0,4,Hard,0.05,0.0,0,3704,2777,0.0,0.0,0,0,7
No Tactical,1,959,eval,random,player_win,-10.0,13,86.0,5,Expert,0.05,0.0,0,3704,2777,0.0,0.0,0,0,6
No Tactical,1,960,eval,random,agent_win,10.0,12,78.0,4,Hard,0.05,0.0,0,3704,2777,0.0,0.0,0,0,6
No Tactical,1,961,eval,random,agent_win,10.0,14,70.0,4,Hard,0.05,0.0,0,3704,2777,0.0,0.0,0,0,7
No Tactical,1,962,eval,random,agent_win,10.0,10,62.0,3,Normal,0.05,0.0,0,3704,2777,0.0,0.0,0,0,5
No Tactical,1,963,eval,random,player_win,-10.0,11,72.0,4,Hard,0.05,0.0,0,3704,2777,0.0,0.0,0,0,5
No Tactical,1,964,eval,random,player_win,-10.0,9,82.0,5,Expert,0.05,0.0,0,3704,2777,0.0,0.0,0,0,4
No Tactical,1,965,eval,random,player_win,-10.0,13,92.0,5,Expert,0.05,0.0,0,3704,2777,0.0,0.0,0,0,6
No Tactical,1,966,eval,random,player_win,-10.0,5,100.0,5,Expert,0.05,0.0,0,3704,2777,0.0,0.0,0,0,2
No Tactical,1,967,eval,random,player_win,-10.0,5,100.0,5,Expert,0.05,0.0,0,3704,2777,0.0,0.0,0,0,2
No Tactical,1,968,eval,random,player_win,-10.0,13,100.0,5,Expert,0.05,0.0,0,3704,2777,0.0,0.0,0,0,6
No Tactical,1,969,eval,random,player_win,-10.0,11,100.0,5,Expert,0.05,0.0,0,3704,2777,0.0,0.0,0,0,5
No Tactical,1,970,eval,random,agent_win,10.0,10,92.0,5,Expert,0.05,0.0,0,3704,2777,0.0,0.0,0,0,5
No Tactical,1,971,eval,random,player_win,-10.0,11,100.0,5,Expert,0.05,0.0,0,3704,2777,0.0,0.0,0,0,5
No Tactical,1,972,eval,random,player_win,-10.0,9,100.0,5,Expert,0.05,0.0,0,3704,2777,0.0,0.0,0,0,4
No Tactical,1,973,eval,random,player_win,-10.0,9,100.0,5,Expert,0.05,0.0,0,3704,2777,0.0,0.0,0,0,4
No Tactical,1,974,eval,random,player_win,-10.0,11,100.0,5,Expert,0.05,0.0,0,3704,2777,0.0,0.0,0,0,5
No Tactical,1,975,eval,random,player_win,-10.0,9,100.0,5,Expert,0.05,0.0,0,3704,2777,0.0,0.0,0,0,4
No Tactical,1,976,eval,random,player_win,-10.0,11,100.0,5,Expert,0.05,0.0,0,3704,2777,0.0,0.0,0,0,5
No Tactical,1,977,eval,random,player_win,-10.0,9,100.0,5,Expert,0.05,0.0,0,3704,2777,0.0,0.0,0,0,4
No Tactical,1,978,eval,random,agent_win,10.0,14,92.0,5,Expert,0.05,0.0,0,3704,2777,0.0,0.0,0,0,7
No Tactical,1,979,eval,random,player_win,-10.0,11,100.0,5,Expert,0.05,0.0,0,3704,2777,0.0,0.0,0,0,5
No Tactical,1,980,eval,random,player_win,-10.0,9,100.0,5,Expert,0.05,0.0,0,3704,2777,0.0,0.0,0,0,4
No Tactical,1,981,eval,random,player_win,-10.0,7,100.0,5,Expert,0.05,0.0,0,3704,2777,0.0,0.0,0,0,3
No Tactical,1,982,eval,random,agent_win,10.0,10,92.0,5,Expert,0.05,0.0,0,3704,2777,0.0,0.0,0,0,5
No Tactical,1,983,eval,random,agent_win,10.0,14,84.0,5,Expert,0.05,0.0,0,3704,2777,0.0,0.0,0,0,7
No Tactical,1,984,eval,random,agent_win,10.0,14,76.0,4,Hard,0.05,0.0,0,3704,2777,0.0,0.0,0,0,7
No Tactical,1,985,eval,random,player_win,-10.0,13,86.0,5,Expert,0.05,0.0,0,3704,2777,0.0,0.0,0,0,6
No Tactical,1,986,eval,random,player_win,-10.0,11,96.0,5,Expert,0.05,0.0,0,3704,2777,0.0,0.0,0,0,5
No Tactical,1,987,eval,random,player_win,-10.0,11,100.0,5,Expert,0.05,0.0,0,3704,2777,0.0,0.0,0,0,5
No Tactical,1,988,eval,random,player_win,-10.0,5,100.0,5,Expert,0.05,0.0,0,3704,2777,0.0,0.0,0,0,2
No Tactical,1,989,eval,random,player_win,-10.0,11,100.0,5,Expert,0.05,0.0,0,3704,2777,0.0,0.0,0,0,5
No Tactical,1,990,eval,random,player_win,-10.0,7,100.0,5,Expert,0.05,0.0,0,3704,2777,0.0,0.0,0,0,3
No Tactical,1,991,eval,random,agent_win,10.0,14,92.0,5,Expert,0.05,0.0,0,3704,2777,0.0,0.0,0,0,7
No Tactical,1,992,eval,random,agent_win,10.0,10,84.0,5,Expert,0.05,0.0,0,3704,2777,0.0,0.0,0,0,5
No Tactical,1,993,eval,random,player_win,-10.0,9,94.0,5,Expert,0.05,0.0,0,3704,2777,0.0,0.0,0,0,4
No Tactical,1,994,eval,random,agent_win,10.0,12,86.0,5,Expert,0.05,0.0,0,3704,2777,0.0,0.0,0,0,6
No Tactical,1,995,eval,random,player_win,-10.0,13,96.0,5,Expert,0.05,0.0,0,3704,2777,0.0,0.0,0,0,6
No Tactical,1,996,eval,random,player_win,-10.0,7,100.0,5,Expert,0.05,0.0,0,3704,2777,0.0,0.0,0,0,3
No Tactical,1,997,eval,random,player_win,-10.0,13,100.0,5,Expert,0.05,0.0,0,3704,2777,0.0,0.0,0,0,6
No Tactical,1,998,eval,random,agent_win,10.0,8,92.0,5,Expert,0.05,0.0,0,3704,2777,0.0,0.0,0,0,4
No Tactical,1,999,eval,random,agent_win,10.0,10,84.0,5,Expert,0.05,0.0,0,3704,2777,0.0,0.0,0,0,5
No Tactical,1,1000,eval,random,player_win,-10.0,7,94.0,5,Expert,0.05,0.0,0,3704,2777,0.0,0.0,0,0,3
No Tactical,2,1,train,random,agent_win,10.0,8,42.0,1,Very Easy,0.95,1.0,1,4,4,3.0,3.0,0,4,0
No Tactical,2,2,train,random,agent_win,10.0,12,34.0,1,Very Easy,0.9025,1.0,1,10,10,3.0,3.0,0,6,0
No Tactical,2,3,train,random,player_win,-10.0,9,44.0,2,Easy,0.8573749999999999,0.9431124999999999,1,14,14,0.0,0.0,0,4,0
No Tactical,2,4,train,random,player_win,-10.0,15,54.0,3,Normal,0.8145062499999999,0.651605,1,21,21,0.0,0.0,0,7,0
No Tactical,2,5,train,random,agent_win,10.0,14,46.0,3,Normal,0.7737809374999999,0.6190247499999999,1,28,28,3.0,3.0,0,2,5
No Tactical,2,6,train,random,agent_win,10.0,6,38.0,2,Easy,0.7350918906249998,0.8086010796874998,1,31,30,3.0,3.0,0,1,2
No Tactical,2,7,train,random,agent_win,10.0,10,30.0,2,Easy,0.6983372960937497,0.7681710257031248,1,36,35,3.0,3.0,0,4,1
No Tactical,2,8,train,random,player_win,-10.0,7,40.0,2,Easy,0.6634204312890623,0.7297624744179685,1,39,38,0.0,0.0,0,1,2
No Tactical,2,9,train,random,player_win,-10.0,9,50.0,3,Normal,0.6302494097246091,0.5041995277796872,1,43,42,0.0,0.0,0,3,1
No Tactical,2,10,train,random,agent_win,10.0,10,42.0,2,Easy,0.5987369392383786,0.6586106331622165,1,48,46,3.0,3.0,0,3,2
No Tactical,2,11,train,random,player_win,-10.0,11,52.0,3,Normal,0.5688000922764596,0.4550400738211677,1,53,51,0.0,0.0,0,3,2
No Tactical,2,12,train,random,player_win,-10.0,7,62.0,3,Normal,0.5403600876626365,0.4322880701301093,1,56,53,0.0,0.0,0,0,3
No Tactical,2,13,train,random,player_win,-10.0,5,72.0,4,Hard,0.5133420832795047,0.25667104163975235,1,58,54,0.0,0.0,0,1,1
No Tactical,2,14,train,random,player_win,-10.0,11,82.0,5,Expert,0.48767497911552943,0.12191874477888236,1,63,58,0.0,0.0,0,3,2
No Tactical,2,15,train,random,agent_win,10.0,8,74.0,4,Hard,0.46329123015975293,0.23164561507987647,1,67,61,3.0,3.0,0,0,4
No Tactical,2,16,train,random,player_win,-10.0,13,84.0,5,Expert,0.44012666865176525,0.11003166716294131,1,73,66,0.0,0.0,0,1,5
No Tactical,2,17,train,random,player_win,-10.0,5,94.0,5,Expert,0.41812033521917696,0.10453008380479424,1,75,68,0.0,0.0,0,0,2
No Tactical,2,18,train,random,player_win,-10.0,13,100.0,5,Expert,0.3972143184582181,0.09930357961455452,1,81,73,0.0,0.0,0,1,5
No Tactical,2,19,train,random,agent_win,10.0,8,92.0,5,Expert,0.37735360253530714,0.09433840063382679,1,85,77,3.0,3.0,0,0,4
No Tactical,2,20,train,random,player_win,-10.0,7,100.0,5,Expert,0.35848592240854177,0.08962148060213544,1,88,79,0.0,0.0,0,0,3
No Tactical,2,21,train,random,agent_win,10.0,10,92.0,5,Expert,0.34056162628811465,0.08514040657202866,1,93,83,3.0,3.0,0,1,4
No Tactical,2,22,train,random,player_win,-10.0,11,100.0,5,Expert,0.3235335449737089,0.08088338624342722,1,98,87,0.0,0.0,0,0,5
No Tactical,2,23,train,random,player_win,-10.0,5,100.0,5,Expert,0.30735686772502346,0.07683921693125587,1,100,88,0.0,0.0,0,0,2
No Tactical,2,24,train,random,agent_win,10.0,10,92.0,5,Expert,0.2919890243387723,0.07299725608469307,1,105,92,3.0,3.0,0,1,4
No Tactical,2,25,train,random,player_win,-10.0,13,100.0,5,Expert,0.27738957312183365,0.06934739328045841,1,111,97,0.0,0.0,0,0,6
No Tactical,2,26,train,random,player_win,-10.0,9,100.0,5,Expert,0.263520094465742,0.0658800236164355,1,115,100,0.0,0.0,0,0,4
No Tactical,2,27,train,random,player_win,-10.0,9,100.0,5,Expert,0.25034408974245487,0.06258602243561372,1,119,103,0.0,0.0,0,0,4
No Tactical,2,28,train,random,player_win,-10.0,9,100.0,5,Expert,0.2378268852553321,0.059456721313833026,1,123,106,0.0,0.0,0,0,4
No Tactical,2,29,train,random,player_win,-10.0,11,100.0,5,Expert,0.2259355409925655,0.05648388524814137,1,128,111,0.0,0.0,0,0,5
No Tactical,2,30,train,random,player_win,-10.0,9,100.0,5,Expert,0.2146387639429372,0.0536596909857343,1,132,114,0.0,0.0,0,0,4
No Tactical,2,31,train,random,agent_win,10.0,6,92.0,5,Expert,0.20390682574579033,0.05097670643644758,1,135,117,3.0,3.0,0,0,3
No Tactical,2,32,train,random,agent_win,10.0,10,84.0,5,Expert,0.1937114844585008,0.05,1,140,121,3.0,3.0,0,0,5
No Tactical,2,33,train,random,player_win,-10.0,5,94.0,5,Expert,0.18402591023557577,0.05,1,142,122,0.0,0.0,0,0,2
No Tactical,2,34,train,random,agent_win,10.0,10,86.0,5,Expert,0.17482461472379698,0.05,1,147,126,3.0,3.0,0,0,5
No Tactical,2,35,train,random,player_win,-10.0,9,96.0,5,Expert,0.16608338398760714,0.05,1,151,129,0.0,0.0,0,0,4
No Tactical,2,36,train,random,player_win,-10.0,9,100.0,5,Expert,0.15777921478822676,0.05,1,155,132,0.0,0.0,0,0,4
No Tactical,2,37,train,random,player_win,-10.0,7,100.0,5,Expert,0.14989025404881542,0.05,1,158,135,0.0,0.0,0,0,3
No Tactical,2,38,train,random,player_win,-10.0,11,100.0,5,Expert,0.14239574134637464,0.05,1,163,139,0.0,0.0,0,1,4
No Tactical,2,39,train,random,player_win,-10.0,11,100.0,5,Expert,0.1352759542790559,0.05,1,168,143,0.0,0.0,0,0,5
No Tactical,2,40,train,random,player_win,-10.0,9,100.0,5,Expert,0.1285121565651031,0.05,1,172,146,0.0,0.0,0,0,4
No Tactical,2,41,train,random,player_win,-10.0,15,100.0,5,Expert,0.12208654873684793,0.05,1,179,152,0.0,0.0,0,0,7
No Tactical,2,42,train,random,player_win,-10.0,9,100.0,5,Expert,0.11598222130000553,0.05,1,183,154,0.0,0.0,0,0,4
No Tactical,2,43,train,random,player_win,-10.0,15,100.0,5,Expert,0.11018311023500525,0.05,1,190,160,0.0,0.0,0,0,7
No Tactical,2,44,train,random,player_win,-10.0,5,100.0,5,Expert,0.10467395472325498,0.05,1,192,161,0.0,0.0,0,0,2
No Tactical,2,45,train,random,player_win,-10.0,11,100.0,5,Expert,0.09944025698709223,0.05,1,197,165,0.0,0.0,0,0,5
No Tactical,2,46,train,random,player_win,-10.0,13,100.0,5,Expert,0.09446824413773762,0.05,1,203,170,0.0,0.0,0,1,5
No Tactical,2,47,train,random,agent_win,10.0,10,92.0,5,Expert,0.08974483193085074,0.05,1,208,174,3.0,3.0,0,0,5
No Tactical,2,48,train,random,agent_win,10.0,8,84.0,5,Expert,0.0852575903343082,0.05,1,212,177,3.0,3.0,0,0,4
No Tactical,2,49,train,random,player_win,-10.0,13,94.0,5,Expert,0.08099471081759278,0.05,1,218,182,0.0,0.0,0,1,5
No Tactical,2,50,train,random,agent_win,10.0,12,86.0,5,Expert,0.07694497527671314,0.05,1,224,187,3.0,3.0,0,0,6
No Tactical,2,51,train,random,agent_win,10.0,14,78.0,4,Hard,0.07309772651287748,0.05,1,231,194,3.0,3.0,0,0,7
No Tactical,2,52,train,random,player_win,-10.0,13,88.0,5,Expert,0.0694428401872336,0.05,1,237,199,0.0,0.0,0,0,6
No Tactical,2,53,train,random,player_win,-10.0,11,98.0,5,Expert,0.0659706981778719,0.05,1,242,203,0.0,0.0,0,0,5
No Tactical,2,54,train,random,player_win,-10.0,7,100.0,5,Expert,0.0626721632689783,0.05,1,245,205,0.0,0.0,0,0,3
No Tactical,2,55,train,random,player_win,-10.0,13,100.0,5,Expert,0.059538555105529384,0.05,1,251,210,0.0,0.0,0,0,6
No Tactical,2,56,train,random,player_win,-10.0,13,100.0,5,Expert,0.05656162735025291,0.05,1,257,215,0.0,0.0,0,0,6
No Tactical,2,57,train,random,player_win,-10.0,7,100.0,5,Expert,0.053733545982740265,0.05,1,260,217,0.0,0.0,0,0,3
No Tactical,2,58,train,random,player_win,-10.0,7,100.0,5,Expert,0.05104686868360325,0.05,1,263,219,0.0,0.0,0,0,3
No Tactical,2,59,train,random,player_win,-10.0,5,100.0,5,Expert,0.05,0.05,1,265,220,0.0,0.0,0,0,2
No Tactical,2,60,train,random,agent_win,10.0,10,92.0,5,Expert,0.05,0.05,1,270,224,3.0,3.0,0,0,5
No Tactical,2,61,train,random,agent_win,10.0,8,84.0,5,Expert,0.05,0.05,1,274,227,3.0,3.0,0,1,3
No Tactical,2,62,train,random,agent_win,10.0,12,76.0,4,Hard,0.05,0.05,1,280,232,3.0,3.0,0,0,6
No Tactical,2,63,train,random,agent_win,10.0,8,68.0,4,Hard,0.05,0.05,1,284,235,3.0,3.0,0,1,3
No Tactical,2,64,train,random,player_win,-10.0,11,78.0,4,Hard,0.05,0.05,1,289,239,0.0,0.0,0,0,5
No Tactical,2,65,train,random,player_win,-10.0,9,88.0,5,Expert,0.05,0.05,1,293,242,0.0,0.0,0,0,4
No Tactical,2,66,train,random,player_win,-10.0,7,98.0,5,Expert,0.05,0.05,1,296,244,0.0,0.0,0,0,3
No Tactical,2,67,train,random,player_win,-10.0,13,100.0,5,Expert,0.05,0.05,1,302,249,0.0,0.0,0,0,6
No Tactical,2,68,train,random,player_win,-10.0,9,100.0,5,Expert,0.05,0.05,1,306,252,0.0,0.0,0,0,4
No Tactical,2,69,train,random,player_win,-10.0,11,100.0,5,Expert,0.05,0.05,1,311,256,0.0,0.0,0,1,4
No Tactical,2,70,train,random,player_win,-10.0,9,100.0,5,Expert,0.05,0.05,1,315,259,0.0,0.0,0,0,4
No Tactical,2,71,train,random,agent_win,10.0,8,92.0,5,Expert,0.05,0.05,1,319,262,3.0,3.0,0,0,4
No Tactical,2,72,train,random,agent_win,10.0,12,84.0,5,Expert,0.05,0.05,1,325,267,3.0,3.0,0,0,6
No Tactical,2,73,train,random,player_win,-10.0,9,94.0,5,Expert,0.05,0.05,1,329,270,0.0,0.0,0,0,4
No Tactical,2,74,train,random,agent_win,10.0,10,86.0,5,Expert,0.05,0.05,1,334,274,3.0,3.0,0,0,5
No Tactical,2,75,train,random,agent_win,10.0,12,78.0,4,Hard,0.05,0.05,1,340,279,3.0,3.0,0,0,6
No Tactical,2,76,train,random,player_win,-10.0,5,88.0,5,Expert,0.05,0.05,1,342,280,0.0,0.0,0,0,2
No Tactical,2,77,train,random,agent_win,10.0,10,80.0,5,Expert,0.05,0.05,1,347,284,3.0,3.0,0,0,5
No Tactical,2,78,train,random,player_win,-10.0,7,90.0,5,Expert,0.05,0.05,1,350,286,0.0,0.0,0,0,3
No Tactical,2,79,train,random,player_win,-10.0,7,100.0,5,Expert,0.05,0.05,1,353,288,0.0,0.0,0,0,3
No Tactical,2,80,train,random,agent_win,10.0,12,92.0,5,Expert,0.05,0.05,1,359,293,3.0,3.0,0,0,6
No Tactical,2,81,train,random,agent_win,10.0,12,84.0,5,Expert,0.05,0.05,1,365,298,3.0,3.0,0,0,6
No Tactical,2,82,train,random,player_win,-10.0,11,94.0,5,Expert,0.05,0.05,1,370,302,0.0,0.0,0,0,5
No Tactical,2,83,train,random,player_win,-10.0,7,100.0,5,Expert,0.05,0.05,1,373,304,0.0,0.0,0,0,3
No Tactical,2,84,train,random,agent_win,10.0,12,92.0,5,Expert,0.05,0.05,1,379,309,3.0,3.0,0,0,6
No Tactical,2,85,train,random,agent_win,10.0,12,84.0,5,Expert,0.05,0.05,1,385,314,3.0,3.0,0,0,6
No Tactical,2,86,train,random,agent_win,10.0,6,76.0,4,Hard,0.05,0.05,1,388,317,3.0,3.0,0,0,3
No Tactical,2,87,train,random,agent_win,10.0,12,68.0,4,Hard,0.05,0.05,1,394,322,3.0,3.0,0,0,6
No Tactical,2,88,train,random,player_win,-10.0,9,78.0,4,Hard,0.05,0.05,1,398,325,0.0,0.0,0,0,4
No Tactical,2,89,train,random,player_win,-10.0,11,88.0,5,Expert,0.05,0.05,1,403,329,0.0,0.0,0,0,5
No Tactical,2,90,train,random,player_win,-10.0,13,98.0,5,Expert,0.05,0.05,1,409,334,0.0,0.0,0,0,6
No Tactical,2,91,train,random,agent_win,10.0,10,90.0,5,Expert,0.05,0.05,1,414,338,3.0,3.0,0,0,5
No Tactical,2,92,train,random,agent_win,10.0,16,82.0,5,Expert,0.05,0.05,1,422,345,3.0,3.0,0,0,8
No Tactical,2,93,train,random,agent_win,10.0,6,74.0,4,Hard,0.05,0.05,1,425,347,3.0,3.0,0,0,3
No Tactical,2,94,train,random,agent_win,10.0,8,66.0,4,Hard,0.05,0.05,1,429,350,3.0,3.0,0,0,4
No Tactical,2,95,train,random,agent_win,10.0,14,58.0,3,Normal,0.05,0.05,1,436,356,3.0,3.0,0,1,6
No Tactical,2,96,train,random,player_win,-10.0,13,68.0,4,Hard,0.05,0.05,1,442,360,0.0,0.0,0,0,6
No Tactical,2,97,train,random,player_win,-10.0,11,78.0,4,Hard,0.05,0.05,1,447,364,0.0,0.0,0,0,5
No Tactical,2,98,train,random,player_win,-10.0,9,88.0,5,Expert,0.05,0.05,1,451,367,0.0,0.0,0,2,2
No Tactical,2,99,train,random,agent_win,10.0,6,80.0,5,Expert,0.05,0.05,1,454,369,3.0,3.0,0,0,3
No Tactical,2,100,train,random,player_win,-10.0,9,90.0,5,Expert,0.05,0.05,1,458,372,0.0,0.0,0,1,3
No Tactical,2,101,train,random,player_win,-10.0,11,100.0,5,Expert,0.05,0.05,1,463,376,0.0,0.0,0,1,4
No Tactical,2,102,train,random,agent_win,10.0,10,92.0,5,Expert,0.05,0.05,1,468,380,3.0,3.0,0,0,5
No Tactical,2,103,train,random,player_win,-10.0,11,100.0,5,Expert,0.05,0.05,1,473,384,0.0,0.0,0,0,5
No Tactical,2,104,train,random,player_win,-10.0,11,100.0,5,Expert,0.05,0.05,1,478,388,0.0,0.0,0,0,5
No Tactical,2,105,train,random,agent_win,10.0,10,92.0,5,Expert,0.05,0.05,1,483,392,3.0,3.0,0,0,5
No Tactical,2,106,train,random,agent_win,10.0,8,84.0,5,Expert,0.05,0.05,1,487,395,3.0,3.0,0,0,4
No Tactical,2,107,train,random,agent_win,10.0,6,76.0,4,Hard,0.05,0.05,1,490,397,3.0,3.0,0,0,3
No Tactical,2,108,train,random,agent_win,10.0,12,68.0,4,Hard,0.05,0.05,1,496,402,3.0,3.0,0,0,6
No Tactical,2,109,train,random,agent_win,10.0,14,60.0,3,Normal,0.05,0.05,1,503,408,3.0,3.0,0,0,7
No Tactical,2,110,train,random,player_win,-10.0,15,70.0,4,Hard,0.05,0.05,1,510,414,0.0,0.0,0,0,7
No Tactical,2,111,train,random,agent_win,10.0,8,62.0,3,Normal,0.05,0.05,1,514,417,3.0,3.0,0,0,4
No Tactical,2,112,train,random,agent_win,10.0,12,54.0,3,Normal,0.05,0.05,1,520,422,3.0,3.0,0,0,6
No Tactical,2,113,train,random,player_win,-10.0,7,64.0,3,Normal,0.05,0.05,1,523,424,0.0,0.0,0,2,1
No Tactical,2,114,train,random,player_win,-10.0,11,74.0,4,Hard,0.05,0.05,1,528,428,0.0,0.0,0,0,5
No Tactical,2,115,train,random,player_win,-10.0,7,84.0,5,Expert,0.05,0.05,1,531,430,0.0,0.0,0,0,3
No Tactical,2,116,train,random,player_win,-10.0,13,94.0,5,Expert,0.05,0.05,1,537,434,0.0,0.0,0,2,4
No Tactical,2,117,train,random,player_win,-10.0,9,100.0,5,Expert,0.05,0.05,1,541,437,0.0,0.0,0,0,4
No Tactical,2,118,train,random,player_win,-10.0,9,100.0,5,Expert,0.05,0.05,1,545,440,0.0,0.0,0,0,4
No Tactical,2,119,train,random,player_win,-10.0,5,100.0,5,Expert,0.05,0.05,1,547,441,0.0,0.0,0,0,2
No Tactical,2,120,train,random,player_win,-10.0,11,100.0,5,Expert,0.05,0.05,1,552,445,0.0,0.0,0,0,5
No Tactical,2,121,train,random,agent_win,10.0,12,92.0,5,Expert,0.05,0.05,1,558,450,3.0,3.0,0,1,5
No Tactical,2,122,train,random,agent_win,10.0,10,84.0,5,Expert,0.05,0.05,1,563,454,3.0,3.0,0,1,4
No Tactical,2,123,train,random,player_win,-10.0,9,94.0,5,Expert,0.05,0.05,1,567,457,0.0,0.0,0,0,4
No Tactical,2,124,train,random,agent_win,10.0,10,86.0,5,Expert,0.05,0.05,1,572,461,3.0,3.0,0,0,5
No Tactical,2,125,train,random,player_win,-10.0,7,96.0,5,Expert,0.05,0.05,1,575,463,0.0,0.0,0,0,3
No Tactical,2,126,train,random,agent_win,10.0,10,88.0,5,Expert,0.05,0.05,1,580,467,3.0,3.0,0,0,5
No Tactical,2,127,train,random,agent_win,10.0,10,80.0,5,Expert,0.05,0.05,1,585,471,3.0,3.0,0,0,5
No Tactical,2,128,train,random,player_win,-10.0,5,90.0,5,Expert,0.05,0.05,1,587,472,0.0,0.0,0,0,2
No Tactical,2,129,train,random,player_win,-10.0,5,100.0,5,Expert,0.05,0.05,1,589,473,0.0,0.0,0,0,2
No Tactical,2,130,train,random,agent_win,10.0,14,92.0,5,Expert,0.05,0.05,1,596,479,3.0,3.0,0,1,6
No Tactical,2,131,train,random,player_win,-10.0,5,100.0,5,Expert,0.05,0.05,1,598,480,0.0,0.0,0,0,2
No Tactical,2,132,train,random,agent_win,10.0,8,92.0,5,Expert,0.05,0.05,1,602,482,3.0,3.0,0,0,4
No Tactical,2,133,train,random,player_win,-10.0,9,100.0,5,Expert,0.05,0.05,1,606,485,0.0,0.0,0,0,4
No Tactical,2,134,train,random,agent_win,10.0,10,92.0,5,Expert,0.05,0.05,1,611,489,3.0,3.0,0,0,5
No Tactical,2,135,train,random,player_win,-10.0,7,100.0,5,Expert,0.05,0.05,1,614,491,0.0,0.0,0,0,3
No Tactical,2,136,train,random,player_win,-10.0,7,100.0,5,Expert,0.05,0.05,1,617,493,0.0,0.0,0,0,3
No Tactical,2,137,train,random,agent_win,10.0,10,92.0,5,Expert,0.05,0.05,1,622,497,3.0,3.0,0,0,5
No Tactical,2,138,train,random,agent_win,10.0,10,84.0,5,Expert,0.05,0.05,1,627,500,3.0,3.0,0,0,5
No Tactical,2,139,train,random,player_win,-10.0,5,94.0,5,Expert,0.05,0.05,1,629,501,0.0,0.0,0,0,2
No Tactical,2,140,train,random,player_win,-10.0,5,100.0,5,Expert,0.05,0.05,1,631,502,0.0,0.0,0,0,2
No Tactical,2,141,train,random,player_win,-10.0,9,100.0,5,Expert,0.05,0.05,1,635,505,0.0,0.0,0,0,4
No Tactical,2,142,train,random,player_win,-10.0,15,100.0,5,Expert,0.05,0.05,1,642,511,0.0,0.0,0,1,6
No Tactical,2,143,train,random,player_win,-10.0,9,100.0,5,Expert,0.05,0.05,1,646,513,0.0,0.0,0,0,4
No Tactical,2,144,train,random,agent_win,10.0,12,92.0,5,Expert,0.05,0.05,1,652,518,3.0,3.0,0,0,6
No Tactical,2,145,train,random,player_win,-10.0,11,100.0,5,Expert,0.05,0.05,1,657,522,0.0,0.0,0,0,5
No Tactical,2,146,train,random,agent_win,10.0,14,92.0,5,Expert,0.05,0.05,1,664,528,3.0,3.0,0,0,7
No Tactical,2,147,train,random,player_win,-10.0,7,100.0,5,Expert,0.05,0.05,1,667,530,0.0,0.0,0,0,3
No Tactical,2,148,train,random,player_win,-10.0,11,100.0,5,Expert,0.05,0.05,1,672,534,0.0,0.0,0,1,4
No Tactical,2,149,train,random,agent_win,10.0,10,92.0,5,Expert,0.05,0.05,1,677,537,3.0,3.0,0,0,5
No Tactical,2,150,train,random,player_win,-10.0,7,100.0,5,Expert,0.05,0.05,1,680,539,0.0,0.0,0,0,3
No Tactical,2,151,train,random,player_win,-10.0,13,100.0,5,Expert,0.05,0.05,1,686,544,0.0,0.0,0,0,6
No Tactical,2,152,train,random,agent_win,10.0,12,92.0,5,Expert,0.05,0.05,1,692,549,3.0,3.0,0,0,6
No Tactical,2,153,train,random,player_win,-10.0,11,100.0,5,Expert,0.05,0.05,1,697,553,0.0,0.0,0,0,5
No Tactical,2,154,train,random,agent_win,10.0,6,92.0,5,Expert,0.05,0.05,1,700,555,3.0,3.0,0,0,3
No Tactical,2,155,train,random,player_win,-10.0,7,100.0,5,Expert,0.05,0.05,1,703,557,0.0,0.0,0,0,3
No Tactical,2,156,train,random,agent_win,10.0,10,92.0,5,Expert,0.05,0.05,1,708,561,3.0,3.0,0,2,3
No Tactical,2,157,train,random,agent_win,10.0,10,84.0,5,Expert,0.05,0.05,1,713,565,3.0,3.0,0,1,4
No Tactical,2,158,train,random,player_win,-10.0,9,94.0,5,Expert,0.05,0.05,1,717,568,0.0,0.0,0,0,4
No Tactical,2,159,train,random,agent_win,10.0,8,86.0,5,Expert,0.05,0.05,1,721,571,3.0,3.0,0,0,4
No Tactical,2,160,train,random,agent_win,10.0,8,78.0,4,Hard,0.05,0.05,1,725,574,3.0,3.0,0,1,3
No Tactical,2,161,train,random,player_win,-10.0,9,88.0,5,Expert,0.05,0.05,1,729,577,0.0,0.0,0,2,2
No Tactical,2,162,train,random,player_win,-10.0,7,98.0,5,Expert,0.05,0.05,1,732,579,0.0,0.0,0,0,3
No Tactical,2,163,train,random,agent_win,10.0,8,90.0,5,Expert,0.05,0.05,1,736,582,3.0,3.0,0,0,4
No Tactical,2,164,train,random,player_win,-10.0,15,100.0,5,Expert,0.05,0.05,1,743,588,0.0,0.0,0,1,6
No Tactical,2,165,train,random,agent_win,10.0,10,92.0,5,Expert,0.05,0.05,1,748,592,3.0,3.0,0,0,5
No Tactical,2,166,train,random,player_win,-10.0,9,100.0,5,Expert,0.05,0.05,1,752,595,0.0,0.0,0,0,4
No Tactical,2,167,train,random,player_win,-10.0,11,100.0,5,Expert,0.05,0.05,1,757,599,0.0,0.0,0,0,5
No Tactical,2,168,train,random,agent_win,10.0,10,92.0,5,Expert,0.05,0.05,1,762,603,3.0,3.0,0,0,5
No Tactical,2,169,train,random,player_win,-10.0,7,100.0,5,Expert,0.05,0.05,1,765,605,0.0,0.0,0,0,3
No Tactical,2,170,train,random,player_win,-10.0,7,100.0,5,Expert,0.05,0.05,1,768,607,0.0,0.0,0,0,3
No Tactical,2,171,train,random,agent_win,10.0,10,92.0,5,Expert,0.05,0.05,1,773,611,3.0,3.0,0,0,5
No Tactical,2,172,train,random,agent_win,10.0,10,84.0,5,Expert,0.05,0.05,1,778,615,3.0,3.0,0,1,4
No Tactical,2,173,train,random,player_win,-10.0,9,94.0,5,Expert,0.05,0.05,1,782,618,0.0,0.0,0,0,4
No Tactical,2,174,train,random,player_win,-10.0,9,100.0,5,Expert,0.05,0.05,1,786,621,0.0,0.0,0,1,3
No Tactical,2,175,train,random,player_win,-10.0,15,100.0,5,Expert,0.05,0.05,1,793,627,0.0,0.0,0,0,7
No Tactical,2,176,train,random,player_win,-10.0,7,100.0,5,Expert,0.05,0.05,1,796,629,0.0,0.0,0,0,3
No Tactical,2,177,train,random,player_win,-10.0,15,100.0,5,Expert,0.05,0.05,1,803,635,0.0,0.0,0,0,7
No Tactical,2,178,train,random,agent_win,10.0,10,92.0,5,Expert,0.05,0.05,1,808,639,3.0,3.0,0,0,5
No Tactical,2,179,train,random,player_win,-10.0,11,100.0,5,Expert,0.05,0.05,1,813,643,0.0,0.0,0,0,5
No Tactical,2,180,train,random,agent_win,10.0,8,92.0,5,Expert,0.05,0.05,1,817,646,3.0,3.0,0,0,4
No Tactical,2,181,train,random,player_win,-10.0,5,100.0,5,Expert,0.05,0.05,1,819,647,0.0,0.0,0,0,2
No Tactical,2,182,train,random,agent_win,10.0,12,92.0,5,Expert,0.05,0.05,1,825,652,3.0,3.0,0,0,6
No Tactical,2,183,train,random,player_win,-10.0,15,100.0,5,Expert,0.05,0.05,1,832,658,0.0,0.0,0,0,7
No Tactical,2,184,train,random,player_win,-10.0,13,100.0,5,Expert,0.05,0.05,1,838,663,0.0,0.0,0,2,4
No Tactical,2,185,train,random,agent_win,10.0,14,92.0,5,Expert,0.05,0.05,1,845,669,3.0,3.0,0,0,7
No Tactical,2,186,train,random,player_win,-10.0,15,100.0,5,Expert,0.05,0.05,1,852,675,0.0,0.0,0,2,5
No Tactical,2,187,train,random,agent_win,10.0,6,92.0,5,Expert,0.05,0.05,1,855,677,3.0,3.0,0,0,3
No Tactical,2,188,train,random,player_win,-10.0,13,100.0,5,Expert,0.05,0.05,1,861,682,0.0,0.0,0,0,6
No Tactical,2,189,train,random,agent_win,10.0,10,92.0,5,Expert,0.05,0.05,1,866,686,3.0,3.0,0,1,4
No Tactical,2,190,train,random,agent_win,10.0,8,84.0,5,Expert,0.05,0.05,1,870,688,3.0,3.0,0,0,4
No Tactical,2,191,train,random,agent_win,10.0,8,76.0,4,Hard,0.05,0.05,1,874,691,3.0,3.0,0,0,4
No Tactical,2,192,train,random,player_win,-10.0,11,86.0,5,Expert,0.05,0.05,1,879,695,0.0,0.0,0,1,4
No Tactical,2,193,train,random,player_win,-10.0,9,96.0,5,Expert,0.05,0.05,1,883,698,0.0,0.0,0,0,4
No Tactical,2,194,train,random,player_win,-10.0,7,100.0,5,Expert,0.05,0.05,1,886,700,0.0,0.0,0,1,2
No Tactical,2,195,train,random,agent_win,10.0,12,92.0,5,Expert,0.05,0.05,1,892,705,3.0,3.0,0,0,6
No Tactical,2,196,train,random,player_win,-10.0,5,100.0,5,Expert,0.05,0.05,1,894,706,0.0,0.0,0,0,2
No Tactical,2,197,train,random,player_win,-10.0,9,100.0,5,Expert,0.05,0.05,1,898,709,0.0,0.0,0,0,4
No Tactical,2,198,train,random,player_win,-10.0,9,100.0,5,Expert,0.05,0.05,1,902,712,0.0,0.0,0,1,3
No Tactical,2,199,train,random,player_win,-10.0,13,100.0,5,Expert,0.05,0.05,1,908,717,0.0,0.0,0,0,6
No Tactical,2,200,train,random,player_win,-10.0,11,100.0,5,Expert,0.05,0.05,1,913,721,0.0,0.0,0,0,5
No Tactical,2,201,train,random,agent_win,10.0,10,92.0,5,Expert,0.05,0.05,1,918,725,3.0,3.0,0,1,4
No Tactical,2,202,train,random,player_win,-10.0,15,100.0,5,Expert,0.05,0.05,1,925,731,0.0,0.0,0,0,7
No Tactical,2,203,train,random,player_win,-10.0,9,100.0,5,Expert,0.05,0.05,1,929,734,0.0,0.0,0,0,4
No Tactical,2,204,train,random,agent_win,10.0,12,92.0,5,Expert,0.05,0.05,1,935,739,3.0,3.0,0,1,5
No Tactical,2,205,train,random,player_win,-10.0,5,100.0,5,Expert,0.05,0.05,1,937,740,0.0,0.0,0,1,1
No Tactical,2,206,train,random,player_win,-10.0,9,100.0,5,Expert,0.05,0.05,1,941,743,0.0,0.0,0,0,4
No Tactical,2,207,train,random,agent_win,10.0,12,92.0,5,Expert,0.05,0.05,1,947,748,3.0,3.0,0,0,6
No Tactical,2,208,train,random,agent_win,10.0,14,84.0,5,Expert,0.05,0.05,1,954,754,3.0,3.0,0,1,6
No Tactical,2,209,train,random,player_win,-10.0,9,94.0,5,Expert,0.05,0.05,1,958,757,0.0,0.0,0,0,4
No Tactical,2,210,train,random,agent_win,10.0,14,86.0,5,Expert,0.05,0.05,1,965,763,3.0,3.0,0,0,7
No Tactical,2,211,train,random,agent_win,10.0,10,78.0,4,Hard,0.05,0.05,1,970,767,3.0,3.0,0,0,5
No Tactical,2,212,train,random,player_win,-10.0,5,88.0,5,Expert,0.05,0.05,1,972,767,0.0,0.0,0,0,2
No Tactical,2,213,train,random,player_win,-10.0,9,98.0,5,Expert,0.05,0.05,1,976,770,0.0,0.0,0,0,4
No Tactical,2,214,train,random,player_win,-10.0,7,100.0,5,Expert,0.05,0.05,1,979,772,0.0,0.0,0,0,3
No Tactical,2,215,train,random,player_win,-10.0,11,100.0,5,Expert,0.05,0.05,1,984,775,0.0,0.0,0,0,5
No Tactical,2,216,train,random,agent_win,10.0,8,92.0,5,Expert,0.05,0.05,1,988,778,3.0,3.0,0,0,4
No Tactical,2,217,train,random,player_win,-10.0,11,100.0,5,Expert,0.05,0.05,1,993,782,0.0,0.0,0,2,3
No Tactical,2,218,train,random,agent_win,10.0,12,92.0,5,Expert,0.05,0.05,1,999,787,3.0,3.0,0,0,6
No Tactical,2,219,train,random,player_win,-10.0,11,100.0,5,Expert,0.05,0.05,1,1004,790,0.0,0.0,0,0,5
No Tactical,2,220,train,random,player_win,-10.0,5,100.0,5,Expert,0.05,0.05,1,1006,791,0.0,0.0,0,0,2
No Tactical,2,221,train,random,player_win,-10.0,9,100.0,5,Expert,0.05,0.05,1,1010,794,0.0,0.0,0,0,4
No Tactical,2,222,train,random,player_win,-10.0,9,100.0,5,Expert,0.05,0.05,1,1014,797,0.0,0.0,0,0,4
No Tactical,2,223,train,random,player_win,-10.0,7,100.0,5,Expert,0.05,0.05,1,1017,799,0.0,0.0,0,0,3
No Tactical,2,224,train,random,player_win,-10.0,9,100.0,5,Expert,0.05,0.05,1,1021,802,0.0,0.0,0,0,4
No Tactical,2,225,train,random,player_win,-10.0,9,100.0,5,Expert,0.05,0.05,1,1025,805,0.0,0.0,0,1,3
No Tactical,2,226,train,random,player_win,-10.0,11,100.0,5,Expert,0.05,0.05,1,1030,809,0.0,0.0,0,0,5
No Tactical,2,227,train,random,agent_win,10.0,10,92.0,5,Expert,0.05,0.05,1,1035,813,3.0,3.0,0,1,4
No Tactical,2,228,train,random,player_win,-10.0,5,100.0,5,Expert,0.05,0.05,1,1037,814,0.0,0.0,0,0,2
No Tactical,2,229,train,random,player_win,-10.0,7,100.0,5,Expert,0.05,0.05,1,1040,816,0.0,0.0,0,0,3
No Tactical,2,230,train,random,player_win,-10.0,7,100.0,5,Expert,0.05,0.05,1,1043,818,0.0,0.0,0,0,3
No Tactical,2,231,train,random,agent_win,10.0,10,92.0,5,Expert,0.05,0.05,1,1048,822,3.0,3.0,0,0,5
No Tactical,2,232,train,random,player_win,-10.0,7,100.0,5,Expert,0.05,0.05,1,1051,824,0.0,0.0,0,0,3
No Tactical,2,233,train,random,player_win,-10.0,11,100.0,5,Expert,0.05,0.05,1,1056,828,0.0,0.0,0,0,5
No Tactical,2,234,train,random,agent_win,10.0,12,92.0,5,Expert,0.05,0.05,1,1062,833,3.0,3.0,0,1,5
No Tactical,2,235,train,random,player_win,-10.0,7,100.0,5,Expert,0.05,0.05,1,1065,835,0.0,0.0,0,0,3
No Tactical,2,236,train,random,player_win,-10.0,15,100.0,5,Expert,0.05,0.05,1,1072,841,0.0,0.0,0,1,6
No Tactical,2,237,train,random,player_win,-10.0,7,100.0,5,Expert,0.05,0.05,1,1075,842,0.0,0.0,0,1,2
No Tactical,2,238,train,random,player_win,-10.0,9,100.0,5,Expert,0.05,0.05,1,1079,845,0.0,0.0,0,0,4
No Tactical,2,239,train,random,player_win,-10.0,11,100.0,5,Expert,0.05,0.05,1,1084,849,0.0,0.0,0,1,4
No Tactical,2,240,train,random,player_win,-10.0,11,100.0,5,Expert,0.05,0.05,1,1089,853,0.0,0.0,0,0,5
No Tactical,2,241,train,random,player_win,-10.0,13,100.0,5,Expert,0.05,0.05,1,1095,858,0.0,0.0,0,0,6
No Tactical,2,242,train,random,agent_win,10.0,10,92.0,5,Expert,0.05,0.05,1,1100,862,3.0,3.0,0,2,3
No Tactical,2,243,train,random,agent_win,10.0,10,84.0,5,Expert,0.05,0.05,1,1105,866,3.0,3.0,0,0,5
No Tactical,2,244,train,random,player_win,-10.0,9,94.0,5,Expert,0.05,0.05,1,1109,868,0.0,0.0,0,1,3
No Tactical,2,245,train,random,player_win,-10.0,11,100.0,5,Expert,0.05,0.05,1,1114,872,0.0,0.0,0,0,5
No Tactical,2,246,train,random,player_win,-10.0,7,100.0,5,Expert,0.05,0.05,1,1117,874,0.0,0.0,0,0,3
No Tactical,2,247,train,random,agent_win,10.0,6,92.0,5,Expert,0.05,0.05,1,1120,876,3.0,3.0,0,0,3
No Tactical,2,248,train,random,agent_win,10.0,6,84.0,5,Expert,0.05,0.05,1,1123,878,3.0,3.0,0,1,2
No Tactical,2,249,train,random,agent_win,10.0,6,76.0,4,Hard,0.05,0.05,1,1126,879,3.0,3.0,0,0,3
No Tactical,2,250,train,random,agent_win,10.0,10,68.0,4,Hard,0.05,0.05,1,1131,883,3.0,3.0,0,0,5
No Tactical,2,251,train,random,player_win,-10.0,9,78.0,4,Hard,0.05,0.05,1,1135,886,0.0,0.0,0,0,4
No Tactical,2,252,train,random,agent_win,10.0,6,70.0,4,Hard,0.05,0.05,1,1138,888,3.0,3.0,0,0,3
No Tactical,2,253,train,random,player_win,-10.0,11,80.0,5,Expert,0.05,0.05,1,1143,892,0.0,0.0,0,0,5
No Tactical,2,254,train,random,agent_win,10.0,10,72.0,4,Hard,0.05,0.05,1,1148,896,3.0,3.0,0,0,5
No Tactical,2,255,train,random,player_win,-10.0,7,82.0,5,Expert,0.05,0.05,1,1151,898,0.0,0.0,0,1,2
No Tactical,2,256,train,random,player_win,-10.0,11,92.0,5,Expert,0.05,0.05,1,1156,902,0.0,0.0,0,0,5
No Tactical,2,257,train,random,agent_win,10.0,8,84.0,5,Expert,0.05,0.05,1,1160,905,3.0,3.0,0,0,4
No Tactical,2,258,train,random,player_win,-10.0,11,94.0,5,Expert,0.05,0.05,1,1165,909,0.0,0.0,0,0,5
No Tactical,2,259,train,random,agent_win,10.0,12,86.0,5,Expert,0.05,0.05,1,1171,914,3.0,3.0,0,0,6
No Tactical,2,260,train,random,player_win,-10.0,7,96.0,5,Expert,0.05,0.05,1,1174,916,0.0,0.0,0,1,2
No Tactical,2,261,train,random,player_win,-10.0,9,100.0,5,Expert,0.05,0.05,1,1178,919,0.0,0.0,0,1,3
No Tactical,2,262,train,random,agent_win,10.0,8,92.0,5,Expert,0.05,0.05,1,1182,922,3.0,3.0,0,0,4
No Tactical,2,263,train,random,player_win,-10.0,11,100.0,5,Expert,0.05,0.05,1,1187,926,0.0,0.0,0,0,5
No Tactical,2,264,train,random,player_win,-10.0,5,100.0,5,Expert,0.05,0.05,1,1189,927,0.0,0.0,0,0,2
No Tactical,2,265,train,random,agent_win,10.0,10,92.0,5,Expert,0.05,0.05,1,1194,931,3.0,3.0,0,0,5
No Tactical,2,266,train,random,player_win,-10.0,9,100.0,5,Expert,0.05,0.05,1,1198,934,0.0,0.0,0,0,4
No Tactical,2,267,train,random,player_win,-10.0,11,100.0,5,Expert,0.05,0.05,1,1203,938,0.0,0.0,0,0,5
No Tactical,2,268,train,random,agent_win,10.0,6,92.0,5,Expert,0.05,0.05,1,1206,940,3.0,3.0,0,0,3
No Tactical,2,269,train,random,player_win,-10.0,11,100.0,5,Expert,0.05,0.05,1,1211,944,0.0,0.0,0,0,5
No Tactical,2,270,train,random,player_win,-10.0,9,100.0,5,Expert,0.05,0.05,1,1215,947,0.0,0.0,0,0,4
No Tactical,2,271,train,random,player_win,-10.0,7,100.0,5,Expert,0.05,0.05,1,1218,949,0.0,0.0,0,0,3
No Tactical,2,272,train,random,player_win,-10.0,11,100.0,5,Expert,0.05,0.05,1,1223,952,0.0,0.0,0,0,5
No Tactical,2,273,train,random,player_win,-10.0,11,100.0,5,Expert,0.05,0.05,1,1228,956,0.0,0.0,0,0,5
No Tactical,2,274,train,random,player_win,-10.0,11,100.0,5,Expert,0.05,0.05,1,1233,959,0.0,0.0,0,0,5
No Tactical,2,275,train,random,player_win,-10.0,7,100.0,5,Expert,0.05,0.05,1,1236,961,0.0,0.0,0,0,3
No Tactical,2,276,train,random,player_win,-10.0,9,100.0,5,Expert,0.05,0.05,1,1240,964,0.0,0.0,0,0,4
No Tactical,2,277,train,random,player_win,-10.0,7,100.0,5,Expert,0.05,0.05,1,1243,966,0.0,0.0,0,0,3
No Tactical,2,278,train,random,player_win,-10.0,7,100.0,5,Expert,0.05,0.05,1,1246,968,0.0,0.0,0,0,3
No Tactical,2,279,train,random,agent_win,10.0,10,92.0,5,Expert,0.05,0.05,1,1251,971,3.0,3.0,0,0,5
No Tactical,2,280,train,random,player_win,-10.0,7,100.0,5,Expert,0.05,0.05,1,1254,973,0.0,0.0,0,0,3
No Tactical,2,281,train,random,player_win,-10.0,7,100.0,5,Expert,0.05,0.05,1,1257,975,0.0,0.0,0,0,3
No Tactical,2,282,train,random,player_win,-10.0,9,100.0,5,Expert,0.05,0.05,1,1261,978,0.0,0.0,0,0,4
No Tactical,2,283,train,random,agent_win,10.0,10,92.0,5,Expert,0.05,0.05,1,1266,982,3.0,3.0,0,0,5
No Tactical,2,284,train,random,player_win,-10.0,7,100.0,5,Expert,0.05,0.05,1,1269,984,0.0,0.0,0,0,3
No Tactical,2,285,train,random,player_win,-10.0,9,100.0,5,Expert,0.05,0.05,1,1273,987,0.0,0.0,0,0,4
No Tactical,2,286,train,random,agent_win,10.0,12,92.0,5,Expert,0.05,0.05,1,1279,992,3.0,3.0,0,0,6
No Tactical,2,287,train,random,agent_win,10.0,6,84.0,5,Expert,0.05,0.05,1,1282,994,3.0,3.0,0,0,3
No Tactical,2,288,train,random,agent_win,10.0,8,76.0,4,Hard,0.05,0.05,1,1286,997,3.0,3.0,0,0,4
No Tactical,2,289,train,random,player_win,-10.0,7,86.0,5,Expert,0.05,0.05,1,1289,999,0.0,0.0,0,1,2
No Tactical,2,290,train,random,player_win,-10.0,9,96.0,5,Expert,0.05,0.05,1,1293,1002,0.0,0.0,0,0,4
No Tactical,2,291,train,random,player_win,-10.0,5,100.0,5,Expert,0.05,0.05,1,1295,1003,0.0,0.0,0,0,2
No Tactical,2,292,train,random,player_win,-10.0,9,100.0,5,Expert,0.05,0.05,1,1299,1006,0.0,0.0,0,1,3
No Tactical,2,293,train,random,player_win,-10.0,9,100.0,5,Expert,0.05,0.05,1,1303,1009,0.0,0.0,0,0,4
No Tactical,2,294,train,random,player_win,-10.0,9,100.0,5,Expert,0.05,0.05,1,1307,1012,0.0,0.0,0,0,4
No Tactical,2,295,train,random,player_win,-10.0,9,100.0,5,Expert,0.05,0.05,1,1311,1015,0.0,0.0,0,0,4
No Tactical,2,296,train,random,player_win,-10.0,5,100.0,5,Expert,0.05,0.05,1,1313,1015,0.0,0.0,0,0,2
No Tactical,2,297,train,random,agent_win,10.0,6,92.0,5,Expert,0.05,0.05,1,1316,1017,3.0,3.0,0,0,3
No Tactical,2,298,train,random,player_win,-10.0,9,100.0,5,Expert,0.05,0.05,1,1320,1020,0.0,0.0,0,0,4
No Tactical,2,299,train,random,agent_win,10.0,10,92.0,5,Expert,0.05,0.05,1,1325,1024,3.0,3.0,0,0,5
No Tactical,2,300,train,random,player_win,-10.0,7,100.0,5,Expert,0.05,0.05,1,1328,1026,0.0,0.0,0,0,3
No Tactical,2,301,train,random,player_win,-10.0,11,100.0,5,Expert,0.05,0.05,1,1333,1030,0.0,0.0,0,0,5
No Tactical,2,302,train,random,player_win,-10.0,9,100.0,5,Expert,0.05,0.05,1,1337,1033,0.0,0.0,0,0,4
No Tactical,2,303,train,random,agent_win,10.0,6,92.0,5,Expert,0.05,0.05,1,1340,1035,3.0,3.0,0,0,3
No Tactical,2,304,train,random,player_win,-10.0,9,100.0,5,Expert,0.05,0.05,1,1344,1038,0.0,0.0,0,0,4
No Tactical,2,305,train,random,agent_win,10.0,12,92.0,5,Expert,0.05,0.05,1,1350,1043,3.0,3.0,0,0,6
No Tactical,2,306,train,random,player_win,-10.0,7,100.0,5,Expert,0.05,0.05,1,1353,1045,0.0,0.0,0,0,3
No Tactical,2,307,train,random,agent_win,10.0,10,92.0,5,Expert,0.05,0.05,1,1358,1049,3.0,3.0,0,0,5
No Tactical,2,308,train,random,player_win,-10.0,9,100.0,5,Expert,0.05,0.05,1,1362,1052,0.0,0.0,0,0,4
No Tactical,2,309,train,random,player_win,-10.0,7,100.0,5,Expert,0.05,0.05,1,1365,1053,0.0,0.0,0,0,3
No Tactical,2,310,train,random,player_win,-10.0,9,100.0,5,Expert,0.05,0.05,1,1369,1056,0.0,0.0,0,0,4
No Tactical,2,311,train,random,player_win,-10.0,15,100.0,5,Expert,0.05,0.05,1,1376,1061,0.0,0.0,0,0,7
No Tactical,2,312,train,random,player_win,-10.0,9,100.0,5,Expert,0.05,0.05,1,1380,1064,0.0,0.0,0,0,4
No Tactical,2,313,train,random,player_win,-10.0,7,100.0,5,Expert,0.05,0.05,1,1383,1066,0.0,0.0,0,0,3
No Tactical,2,314,train,random,player_win,-10.0,9,100.0,5,Expert,0.05,0.05,1,1387,1069,0.0,0.0,0,0,4
No Tactical,2,315,train,random,player_win,-10.0,9,100.0,5,Expert,0.05,0.05,1,1391,1071,0.0,0.0,0,0,4
No Tactical,2,316,train,random,player_win,-10.0,11,100.0,5,Expert,0.05,0.05,1,1396,1074,0.0,0.0,0,0,5
No Tactical,2,317,train,random,agent_win,10.0,10,92.0,5,Expert,0.05,0.05,1,1401,1078,3.0,3.0,0,0,5
No Tactical,2,318,train,random,player_win,-10.0,13,100.0,5,Expert,0.05,0.05,1,1407,1083,0.0,0.0,0,0,6
No Tactical,2,319,train,random,player_win,-10.0,7,100.0,5,Expert,0.05,0.05,1,1410,1085,0.0,0.0,0,0,3
No Tactical,2,320,train,random,agent_win,10.0,10,92.0,5,Expert,0.05,0.05,1,1415,1088,3.0,3.0,0,0,5
No Tactical,2,321,train,random,player_win,-10.0,11,100.0,5,Expert,0.05,0.05,1,1420,1092,0.0,0.0,0,0,5
No Tactical,2,322,train,random,player_win,-10.0,5,100.0,5,Expert,0.05,0.05,1,1422,1093,0.0,0.0,0,0,2
No Tactical,2,323,train,random,player_win,-10.0,7,100.0,5,Expert,0.05,0.05,1,1425,1095,0.0,0.0,0,1,2
No Tactical,2,324,train,random,player_win,-10.0,13,100.0,5,Expert,0.05,0.05,1,1431,1100,0.0,0.0,0,0,6
No Tactical,2,325,train,random,player_win,-10.0,11,100.0,5,Expert,0.05,0.05,1,1436,1104,0.0,0.0,0,0,5
No Tactical,2,326,train,random,agent_win,10.0,10,92.0,5,Expert,0.05,0.05,1,1441,1108,3.0,3.0,0,0,5
No Tactical,2,327,train,random,agent_win,10.0,10,84.0,5,Expert,0.05,0.05,1,1446,1112,3.0,3.0,0,0,5
No Tactical,2,328,train,random,player_win,-10.0,5,94.0,5,Expert,0.05,0.05,1,1448,1113,0.0,0.0,0,0,2
No Tactical,2,329,train,random,player_win,-10.0,13,100.0,5,Expert,0.05,0.05,1,1454,1118,0.0,0.0,0,0,6
No Tactical,2,330,train,random,player_win,-10.0,9,100.0,5,Expert,0.05,0.05,1,1458,1121,0.0,0.0,0,0,4
No Tactical,2,331,train,random,player_win,-10.0,11,100.0,5,Expert,0.05,0.05,1,1463,1125,0.0,0.0,0,0,5
No Tactical,2,332,train,random,agent_win,10.0,10,92.0,5,Expert,0.05,0.05,1,1468,1129,3.0,3.0,0,0,5
No Tactical,2,333,train,random,agent_win,10.0,8,84.0,5,Expert,0.05,0.05,1,1472,1131,3.0,3.0,0,0,4
No Tactical,2,334,train,random,agent_win,10.0,8,76.0,4,Hard,0.05,0.05,1,1476,1133,3.0,3.0,0,0,4
No Tactical,2,335,train,random,agent_win,10.0,8,68.0,4,Hard,0.05,0.05,1,1480,1136,3.0,3.0,0,0,4
No Tactical,2,336,train,random,player_win,-10.0,11,78.0,4,Hard,0.05,0.05,1,1485,1140,0.0,0.0,0,0,5
No Tactical,2,337,train,random,agent_win,10.0,12,70.0,4,Hard,0.05,0.05,1,1491,1145,3.0,3.0,0,1,5
No Tactical,2,338,train,random,player_win,-10.0,11,80.0,5,Expert,0.05,0.05,1,1496,1149,0.0,0.0,0,0,5
No Tactical,2,339,train,random,agent_win,10.0,12,72.0,4,Hard,0.05,0.05,1,1502,1154,3.0,3.0,0,0,6
No Tactical,2,340,train,random,agent_win,10.0,10,64.0,3,Normal,0.05,0.05,1,1507,1158,3.0,3.0,0,0,5
No Tactical,2,341,train,random,player_win,-10.0,11,74.0,4,Hard,0.05,0.05,1,1512,1161,0.0,0.0,0,0,5
No Tactical,2,342,train,random,agent_win,10.0,10,66.0,4,Hard,0.05,0.05,1,1517,1165,3.0,3.0,0,0,5
No Tactical,2,343,train,random,agent_win,10.0,10,58.0,3,Normal,0.05,0.05,1,1522,1169,3.0,3.0,0,0,5
No Tactical,2,344,train,random,agent_win,10.0,12,50.0,3,Normal,0.05,0.05,1,1528,1174,3.0,3.0,0,0,6
No Tactical,2,345,train,random,player_win,-10.0,9,60.0,3,Normal,0.05,0.05,1,1532,1177,0.0,0.0,0,0,4
No Tactical,2,346,train,random,agent_win,10.0,10,52.0,3,Normal,0.05,0.05,1,1537,1181,3.0,3.0,0,1,4
No Tactical,2,347,train,random,player_win,-10.0,9,62.0,3,Normal,0.05,0.05,1,1541,1183,0.0,0.0,0,0,4
No Tactical,2,348,train,random,player_win,-10.0,13,72.0,4,Hard,0.05,0.05,1,1547,1188,0.0,0.0,0,0,6
No Tactical,2,349,train,random,player_win,-10.0,9,82.0,5,Expert,0.05,0.05,1,1551,1190,0.0,0.0,0,1,3
No Tactical,2,350,train,random,agent_win,10.0,8,74.0,4,Hard,0.05,0.05,1,1555,1193,3.0,3.0,0,0,4
No Tactical,2,351,train,random,player_win,-10.0,9,84.0,5,Expert,0.05,0.05,1,1559,1196,0.0,0.0,0,0,4
No Tactical,2,352,train,random,agent_win,10.0,10,76.0,4,Hard,0.05,0.05,1,1564,1200,3.0,3.0,0,0,5
No Tactical,2,353,train,random,player_win,-10.0,11,86.0,5,Expert,0.05,0.05,1,1569,1203,0.0,0.0,0,2,3
No Tactical,2,354,train,random,player_win,-10.0,9,96.0,5,Expert,0.05,0.05,1,1573,1206,0.0,0.0,0,0,4
No Tactical,2,355,train,random,agent_win,10.0,8,88.0,5,Expert,0.05,0.05,1,1577,1209,3.0,3.0,0,1,3
No Tactical,2,356,train,random,player_win,-10.0,7,98.0,5,Expert,0.05,0.05,1,1580,1211,0.0,0.0,0,1,2
No Tactical,2,357,train,random,player_win,-10.0,7,100.0,5,Expert,0.05,0.05,1,1583,1213,0.0,0.0,0,1,2
No Tactical,2,358,train,random,player_win,-10.0,7,100.0,5,Expert,0.05,0.05,1,1586,1215,0.0,0.0,0,0,3
No Tactical,2,359,train,random,player_win,-10.0,5,100.0,5,Expert,0.05,0.05,1,1588,1215,0.0,0.0,0,0,2
No Tactical,2,360,train,random,agent_win,10.0,6,92.0,5,Expert,0.05,0.05,1,1591,1217,3.0,3.0,0,0,3
No Tactical,2,361,train,random,player_win,-10.0,13,100.0,5,Expert,0.05,0.05,1,1597,1222,0.0,0.0,0,0,6
No Tactical,2,362,train,random,player_win,-10.0,9,100.0,5,Expert,0.05,0.05,1,1601,1225,0.0,0.0,0,0,4
No Tactical,2,363,train,random,player_win,-10.0,9,100.0,5,Expert,0.05,0.05,1,1605,1228,0.0,0.0,0,0,4
No Tactical,2,364,train,random,player_win,-10.0,11,100.0,5,Expert,0.05,0.05,1,1610,1231,0.0,0.0,0,0,5
No Tactical,2,365,train,random,agent_win,10.0,12,92.0,5,Expert,0.05,0.05,1,1616,1235,3.0,3.0,0,0,6
No Tactical,2,366,train,random,agent_win,10.0,8,84.0,5,Expert,0.05,0.05,1,1620,1238,3.0,3.0,0,0,4
No Tactical,2,367,train,random,player_win,-10.0,13,94.0,5,Expert,0.05,0.05,1,1626,1242,0.0,0.0,0,0,6
No Tactical,2,368,train,random,agent_win,10.0,10,86.0,5,Expert,0.05,0.05,1,1631,1246,3.0,3.0,0,0,5
No Tactical,2,369,train,random,agent_win,10.0,8,78.0,4,Hard,0.05,0.05,1,1635,1249,3.0,3.0,0,0,4
No Tactical,2,370,train,random,agent_win,10.0,10,70.0,4,Hard,0.05,0.05,1,1640,1253,3.0,3.0,0,1,4
No Tactical,2,371,train,random,agent_win,10.0,8,62.0,3,Normal,0.05,0.05,1,1644,1256,3.0,3.0,0,0,4
No Tactical,2,372,train,random,player_win,-10.0,9,72.0,4,Hard,0.05,0.05,1,1648,1259,0.0,0.0,0,0,4
No Tactical,2,373,train,random,player_win,-10.0,7,82.0,5,Expert,0.05,0.05,1,1651,1261,0.0,0.0,0,0,3
No Tactical,2,374,train,random,player_win,-10.0,11,92.0,5,Expert,0.05,0.05,1,1656,1265,0.0,0.0,0,0,5
No Tactical,2,375,train,random,agent_win,10.0,12,84.0,5,Expert,0.05,0.05,1,1662,1270,3.0,3.0,0,1,5
No Tactical,2,376,train,random,player_win,-10.0,7,94.0,5,Expert,0.05,0.05,1,1665,1272,0.0,0.0,0,0,3
No Tactical,2,377,train,random,agent_win,10.0,12,86.0,5,Expert,0.05,0.05,1,1671,1277,3.0,3.0,0,0,6
No Tactical,2,378,train,random,player_win,-10.0,5,96.0,5,Expert,0.05,0.05,1,1673,1278,0.0,0.0,0,0,2
No Tactical,2,379,train,random,player_win,-10.0,9,100.0,5,Expert,0.05,0.05,1,1677,1281,0.0,0.0,0,0,4
No Tactical,2,380,train,random,agent_win,10.0,14,92.0,5,Expert,0.05,0.05,1,1684,1287,3.0,3.0,0,1,6
No Tactical,2,381,train,random,player_win,-10.0,11,100.0,5,Expert,0.05,0.05,1,1689,1291,0.0,0.0,0,1,4
No Tactical,2,382,train,random,player_win,-10.0,9,100.0,5,Expert,0.05,0.05,1,1693,1294,0.0,0.0,0,0,4
No Tactical,2,383,train,random,agent_win,10.0,10,92.0,5,Expert,0.05,0.05,1,1698,1298,3.0,3.0,0,0,5
No Tactical,2,384,train,random,player_win,-10.0,7,100.0,5,Expert,0.05,0.05,1,1701,1300,0.0,0.0,0,0,3
No Tactical,2,385,train,random,player_win,-10.0,11,100.0,5,Expert,0.05,0.05,1,1706,1304,0.0,0.0,0,0,5
No Tactical,2,386,train,random,player_win,-10.0,9,100.0,5,Expert,0.05,0.05,1,1710,1307,0.0,0.0,0,1,3
No Tactical,2,387,train,random,player_win,-10.0,9,100.0,5,Expert,0.05,0.05,1,1714,1310,0.0,0.0,0,0,4
No Tactical,2,388,train,random,player_win,-10.0,9,100.0,5,Expert,0.05,0.05,1,1718,1313,0.0,0.0,0,0,4
No Tactical,2,389,train,random,agent_win,10.0,14,92.0,5,Expert,0.05,0.05,1,1725,1319,3.0,3.0,0,1,6
No Tactical,2,390,train,random,player_win,-10.0,9,100.0,5,Expert,0.05,0.05,1,1729,1322,0.0,0.0,0,1,3
No Tactical,2,391,train,random,player_win,-10.0,7,100.0,5,Expert,0.05,0.05,1,1732,1324,0.0,0.0,0,0,3
No Tactical,2,392,train,random,agent_win,10.0,10,92.0,5,Expert,0.05,0.05,1,1737,1328,3.0,3.0,0,1,4
No Tactical,2,393,train,random,player_win,-10.0,9,100.0,5,Expert,0.05,0.05,1,1741,1331,0.0,0.0,0,0,4
No Tactical,2,394,train,random,agent_win,10.0,14,92.0,5,Expert,0.05,0.05,1,1748,1337,3.0,3.0,0,0,7
No Tactical,2,395,train,random,player_win,-10.0,7,100.0,5,Expert,0.05,0.05,1,1751,1339,0.0,0.0,0,2,1
No Tactical,2,396,train,random,agent_win,10.0,8,92.0,5,Expert,0.05,0.05,1,1755,1342,3.0,3.0,0,0,4
No Tactical,2,397,train,random,player_win,-10.0,9,100.0,5,Expert,0.05,0.05,1,1759,1344,0.0,0.0,0,0,4
No Tactical,2,398,train,random,player_win,-10.0,9,100.0,5,Expert,0.05,0.05,1,1763,1347,0.0,0.0,0,0,4
No Tactical,2,399,train,random,player_win,-10.0,11,100.0,5,Expert,0.05,0.05,1,1768,1351,0.0,0.0,0,0,5
No Tactical,2,400,train,random,player_win,-10.0,11,100.0,5,Expert,0.05,0.05,1,1773,1355,0.0,0.0,0,0,5
No Tactical,2,401,train,random,agent_win,10.0,10,92.0,5,Expert,0.05,0.05,1,1778,1359,3.0,3.0,0,0,5
No Tactical,2,402,train,random,player_win,-10.0,13,100.0,5,Expert,0.05,0.05,1,1784,1363,0.0,0.0,0,0,6
No Tactical,2,403,train,random,player_win,-10.0,11,100.0,5,Expert,0.05,0.05,1,1789,1367,0.0,0.0,0,1,4
No Tactical,2,404,train,random,player_win,-10.0,7,100.0,5,Expert,0.05,0.05,1,1792,1368,0.0,0.0,0,0,3
No Tactical,2,405,train,random,player_win,-10.0,15,100.0,5,Expert,0.05,0.05,1,1799,1374,0.0,0.0,0,0,7
No Tactical,2,406,train,random,agent_win,10.0,8,92.0,5,Expert,0.05,0.05,1,1803,1377,3.0,3.0,0,0,4
No Tactical,2,407,train,random,agent_win,10.0,8,84.0,5,Expert,0.05,0.05,1,1807,1380,3.0,3.0,0,1,3
No Tactical,2,408,train,random,player_win,-10.0,13,94.0,5,Expert,0.05,0.05,1,1813,1385,0.0,0.0,0,0,6
No Tactical,2,409,train,random,player_win,-10.0,9,100.0,5,Expert,0.05,0.05,1,1817,1388,0.0,0.0,0,0,4
No Tactical,2,410,train,random,player_win,-10.0,13,100.0,5,Expert,0.05,0.05,1,1823,1393,0.0,0.0,0,0,6
No Tactical,2,411,train,random,player_win,-10.0,7,100.0,5,Expert,0.05,0.05,1,1826,1395,0.0,0.0,0,0,3
No Tactical,2,412,train,random,agent_win,10.0,12,92.0,5,Expert,0.05,0.05,1,1832,1400,3.0,3.0,0,0,6
No Tactical,2,413,train,random,agent_win,10.0,10,84.0,5,Expert,0.05,0.05,1,1837,1403,3.0,3.0,0,0,5
No Tactical,2,414,train,random,agent_win,10.0,10,76.0,4,Hard,0.05,0.05,1,1842,1406,3.0,3.0,0,0,5
No Tactical,2,415,train,random,player_win,-10.0,9,86.0,5,Expert,0.05,0.05,1,1846,1409,0.0,0.0,0,0,4
No Tactical,2,416,train,random,player_win,-10.0,11,96.0,5,Expert,0.05,0.05,1,1851,1413,0.0,0.0,0,0,5
No Tactical,2,417,train,random,agent_win,10.0,14,88.0,5,Expert,0.05,0.05,1,1858,1419,3.0,3.0,0,0,7
No Tactical,2,418,train,random,agent_win,10.0,6,80.0,5,Expert,0.05,0.05,1,1861,1421,3.0,3.0,0,0,3
No Tactical,2,419,train,random,agent_win,10.0,12,72.0,4,Hard,0.05,0.05,1,1867,1426,3.0,3.0,0,0,6
No Tactical,2,420,train,random,player_win,-10.0,13,82.0,5,Expert,0.05,0.05,1,1873,1431,0.0,0.0,0,0,6
No Tactical,2,421,train,random,player_win,-10.0,13,92.0,5,Expert,0.05,0.05,1,1879,1436,0.0,0.0,0,0,6
No Tactical,2,422,train,random,agent_win,10.0,12,84.0,5,Expert,0.05,0.05,1,1885,1441,3.0,3.0,0,0,6
No Tactical,2,423,train,random,agent_win,10.0,14,76.0,4,Hard,0.05,0.05,1,1892,1447,3.0,3.0,0,1,6
No Tactical,2,424,train,random,agent_win,10.0,10,68.0,4,Hard,0.05,0.05,1,1897,1450,3.0,3.0,0,1,4
No Tactical,2,425,train,random,agent_win,10.0,12,60.0,3,Normal,0.05,0.05,1,1903,1455,3.0,3.0,0,0,6
No Tactical,2,426,train,random,player_win,-10.0,13,70.0,4,Hard,0.05,0.05,1,1909,1460,0.0,0.0,0,1,5
No Tactical,2,427,train,random,agent_win,10.0,10,62.0,3,Normal,0.05,0.05,1,1914,1463,3.0,3.0,0,2,3
No Tactical,2,428,train,random,agent_win,10.0,6,54.0,3,Normal,0.05,0.05,1,1917,1465,3.0,3.0,0,0,3
No Tactical,2,429,train,random,player_win,-10.0,13,64.0,3,Normal,0.05,0.05,1,1923,1470,0.0,0.0,0,0,6
No Tactical,2,430,train,random,player_win,-10.0,9,74.0,4,Hard,0.05,0.05,1,1927,1473,0.0,0.0,0,1,3
No Tactical,2,431,train,random,agent_win,10.0,12,66.0,4,Hard,0.05,0.05,1,1933,1477,3.0,3.0,0,1,5
No Tactical,2,432,train,random,agent_win,10.0,10,58.0,3,Normal,0.05,0.05,1,1938,1481,3.0,3.0,0,1,4
No Tactical,2,433,train,random,player_win,-10.0,11,68.0,4,Hard,0.05,0.05,1,1943,1485,0.0,0.0,0,0,5
No Tactical,2,434,train,random,agent_win,10.0,10,60.0,3,Normal,0.05,0.05,1,1948,1488,3.0,3.0,0,0,5
No Tactical,2,435,train,random,player_win,-10.0,9,70.0,4,Hard,0.05,0.05,1,1952,1491,0.0,0.0,0,0,4
No Tactical,2,436,train,random,player_win,-10.0,15,80.0,5,Expert,0.05,0.05,1,1959,1496,0.0,0.0,0,1,6
No Tactical,2,437,train,random,player_win,-10.0,9,90.0,5,Expert,0.05,0.05,1,1963,1498,0.0,0.0,0,0,4
No Tactical,2,438,train,random,agent_win,10.0,12,82.0,5,Expert,0.05,0.05,1,1969,1503,3.0,3.0,0,0,6
No Tactical,2,439,train,random,player_win,-10.0,9,92.0,5,Expert,0.05,0.05,1,1973,1506,0.0,0.0,0,0,4
No Tactical,2,440,train,random,agent_win,10.0,10,84.0,5,Expert,0.05,0.05,1,1978,1509,3.0,3.0,0,0,5
No Tactical,2,441,train,random,agent_win,10.0,6,76.0,4,Hard,0.05,0.05,1,1981,1510,3.0,3.0,0,0,3
No Tactical,2,442,train,random,player_win,-10.0,13,86.0,5,Expert,0.05,0.05,1,1987,1515,0.0,0.0,0,1,5
No Tactical,2,443,train,random,player_win,-10.0,15,96.0,5,Expert,0.05,0.05,1,1994,1520,0.0,0.0,0,1,6
No Tactical,2,444,train,random,player_win,-10.0,11,100.0,5,Expert,0.05,0.05,1,1999,1524,0.0,0.0,0,1,4
No Tactical,2,445,train,random,player_win,-10.0,11,100.0,5,Expert,0.05,0.05,1,2004,1528,0.0,0.0,0,0,5
No Tactical,2,446,train,random,player_win,-10.0,9,100.0,5,Expert,0.05,0.05,1,2008,1531,0.0,0.0,0,0,4
No Tactical,2,447,train,random,agent_win,10.0,10,92.0,5,Expert,0.05,0.05,1,2013,1535,3.0,3.0,0,0,5
No Tactical,2,448,train,random,agent_win,10.0,10,84.0,5,Expert,0.05,0.05,1,2018,1539,3.0,3.0,0,0,5
No Tactical,2,449,train,random,agent_win,10.0,12,76.0,4,Hard,0.05,0.05,1,2024,1544,3.0,3.0,0,0,6
No Tactical,2,450,train,random,player_win,-10.0,7,86.0,5,Expert,0.05,0.05,1,2027,1546,0.0,0.0,0,0,3
No Tactical,2,451,train,random,agent_win,10.0,12,78.0,4,Hard,0.05,0.05,1,2033,1550,3.0,3.0,0,2,4
No Tactical,2,452,train,random,player_win,-10.0,11,88.0,5,Expert,0.05,0.05,1,2038,1554,0.0,0.0,0,1,4
No Tactical,2,453,train,random,player_win,-10.0,7,98.0,5,Expert,0.05,0.05,1,2041,1556,0.0,0.0,0,0,3
No Tactical,2,454,train,random,agent_win,10.0,8,90.0,5,Expert,0.05,0.05,1,2045,1559,3.0,3.0,0,1,3
No Tactical,2,455,train,random,player_win,-10.0,11,100.0,5,Expert,0.05,0.05,1,2050,1563,0.0,0.0,0,0,5
No Tactical,2,456,train,random,agent_win,10.0,10,92.0,5,Expert,0.05,0.05,1,2055,1566,3.0,3.0,0,0,5
No Tactical,2,457,train,random,player_win,-10.0,11,100.0,5,Expert,0.05,0.05,1,2060,1569,0.0,0.0,0,0,5
No Tactical,2,458,train,random,agent_win,10.0,16,92.0,5,Expert,0.05,0.05,1,2068,1576,3.0,3.0,0,1,7
No Tactical,2,459,train,random,player_win,-10.0,9,100.0,5,Expert,0.05,0.05,1,2072,1579,0.0,0.0,0,0,4
No Tactical,2,460,train,random,player_win,-10.0,15,100.0,5,Expert,0.05,0.05,1,2079,1585,0.0,0.0,0,0,7
No Tactical,2,461,train,random,agent_win,10.0,12,92.0,5,Expert,0.05,0.05,1,2085,1590,3.0,3.0,0,0,6
No Tactical,2,462,train,random,player_win,-10.0,7,100.0,5,Expert,0.05,0.05,1,2088,1591,0.0,0.0,0,0,3
No Tactical,2,463,train,random,agent_win,10.0,8,92.0,5,Expert,0.05,0.05,1,2092,1594,3.0,3.0,0,0,4
No Tactical,2,464,train,random,player_win,-10.0,13,100.0,5,Expert,0.05,0.05,1,2098,1599,0.0,0.0,0,0,6
No Tactical,2,465,train,random,player_win,-10.0,5,100.0,5,Expert,0.05,0.05,1,2100,1599,0.0,0.0,0,0,2
No Tactical,2,466,train,random,player_win,-10.0,7,100.0,5,Expert,0.05,0.05,1,2103,1601,0.0,0.0,0,0,3
No Tactical,2,467,train,random,agent_win,10.0,10,92.0,5,Expert,0.05,0.05,1,2108,1605,3.0,3.0,0,1,4
No Tactical,2,468,train,random,agent_win,10.0,8,84.0,5,Expert,0.05,0.05,1,2112,1608,3.0,3.0,0,0,4
No Tactical,2,469,train,random,agent_win,10.0,10,76.0,4,Hard,0.05,0.05,1,2117,1612,3.0,3.0,0,0,5
No Tactical,2,470,train,random,player_win,-10.0,5,86.0,5,Expert,0.05,0.05,1,2119,1612,0.0,0.0,0,0,2
No Tactical,2,471,train,random,agent_win,10.0,10,78.0,4,Hard,0.05,0.05,1,2124,1615,3.0,3.0,0,0,5
No Tactical,2,472,train,random,player_win,-10.0,5,88.0,5,Expert,0.05,0.05,1,2126,1616,0.0,0.0,0,0,2
No Tactical,2,473,train,random,agent_win,10.0,10,80.0,5,Expert,0.05,0.05,1,2131,1620,3.0,3.0,0,1,4
No Tactical,2,474,train,random,agent_win,10.0,12,72.0,4,Hard,0.05,0.05,1,2137,1624,3.0,3.0,0,1,5
No Tactical,2,475,train,random,player_win,-10.0,13,82.0,5,Expert,0.05,0.05,1,2143,1629,0.0,0.0,0,0,6
No Tactical,2,476,train,random,agent_win,10.0,10,74.0,4,Hard,0.05,0.05,1,2148,1632,3.0,3.0,0,0,5
No Tactical,2,477,train,random,player_win,-10.0,11,84.0,5,Expert,0.05,0.05,1,2153,1636,0.0,0.0,0,0,5
No Tactical,2,478,train,random,player_win,-10.0,13,94.0,5,Expert,0.05,0.05,1,2159,1641,0.0,0.0,0,0,6
No Tactical,2,479,train,random,agent_win,10.0,8,86.0,5,Expert,0.05,0.05,1,2163,1644,3.0,3.0,0,0,4
No Tactical,2,480,train,random,agent_win,10.0,8,78.0,4,Hard,0.05,0.05,1,2167,1647,3.0,3.0,0,0,4
No Tactical,2,481,train,random,player_win,-10.0,13,88.0,5,Expert,0.05,0.05,1,2173,1652,0.0,0.0,0,0,6
No Tactical,2,482,train,random,player_win,-10.0,7,98.0,5,Expert,0.05,0.05,1,2176,1654,0.0,0.0,0,0,3
No Tactical,2,483,train,random,agent_win,10.0,8,90.0,5,Expert,0.05,0.05,1,2180,1657,3.0,3.0,0,0,4
No Tactical,2,484,train,random,agent_win,10.0,10,82.0,5,Expert,0.05,0.05,1,2185,1661,3.0,3.0,0,0,5
No Tactical,2,485,train,random,player_win,-10.0,9,92.0,5,Expert,0.05,0.05,1,2189,1664,0.0,0.0,0,0,4
No Tactical,2,486,train,random,agent_win,10.0,10,84.0,5,Expert,0.05,0.05,1,2194,1668,3.0,3.0,0,0,5
No Tactical,2,487,train,random,player_win,-10.0,7,94.0,5,Expert,0.05,0.05,1,2197,1669,0.0,0.0,0,0,3
No Tactical,2,488,train,random,player_win,-10.0,13,100.0,5,Expert,0.05,0.05,1,2203,1673,0.0,0.0,0,0,6
No Tactical,2,489,train,random,player_win,-10.0,5,100.0,5,Expert,0.05,0.05,1,2205,1673,0.0,0.0,0,0,2
No Tactical,2,490,train,random,player_win,-10.0,11,100.0,5,Expert,0.05,0.05,1,2210,1677,0.0,0.0,0,1,4
No Tactical,2,491,train,random,player_win,-10.0,11,100.0,5,Expert,0.05,0.05,1,2215,1681,0.0,0.0,0,0,5
No Tactical,2,492,train,random,player_win,-10.0,7,100.0,5,Expert,0.05,0.05,1,2218,1683,0.0,0.0,0,0,3
No Tactical,2,493,train,random,agent_win,10.0,12,92.0,5,Expert,0.05,0.05,1,2224,1688,3.0,3.0,0,0,6
No Tactical,2,494,train,random,player_win,-10.0,11,100.0,5,Expert,0.05,0.05,1,2229,1692,0.0,0.0,0,0,5
No Tactical,2,495,train,random,agent_win,10.0,10,92.0,5,Expert,0.05,0.05,1,2234,1696,3.0,3.0,0,0,5
No Tactical,2,496,train,random,agent_win,10.0,6,84.0,5,Expert,0.05,0.05,1,2237,1698,3.0,3.0,0,1,2
No Tactical,2,497,train,random,player_win,-10.0,13,94.0,5,Expert,0.05,0.05,1,2243,1703,0.0,0.0,0,0,6
No Tactical,2,498,train,random,agent_win,10.0,12,86.0,5,Expert,0.05,0.05,1,2249,1708,3.0,3.0,0,0,6
No Tactical,2,499,train,random,player_win,-10.0,11,96.0,5,Expert,0.05,0.05,1,2254,1712,0.0,0.0,0,1,4
No Tactical,2,500,train,random,agent_win,10.0,10,88.0,5,Expert,0.05,0.05,1,2259,1716,3.0,3.0,0,0,5
No Tactical,2,501,train,random,player_win,-10.0,7,98.0,5,Expert,0.05,0.05,1,2262,1718,0.0,0.0,0,0,3
No Tactical,2,502,train,random,player_win,-10.0,7,100.0,5,Expert,0.05,0.05,1,2265,1719,0.0,0.0,0,0,3
No Tactical,2,503,train,random,agent_win,10.0,10,92.0,5,Expert,0.05,0.05,1,2270,1723,3.0,3.0,0,0,5
No Tactical,2,504,train,random,agent_win,10.0,12,84.0,5,Expert,0.05,0.05,1,2276,1728,3.0,3.0,0,0,6
No Tactical,2,505,train,random,agent_win,10.0,10,76.0,4,Hard,0.05,0.05,1,2281,1732,3.0,3.0,0,0,5
No Tactical,2,506,train,random,agent_win,10.0,6,68.0,4,Hard,0.05,0.05,1,2284,1733,3.0,3.0,0,0,3
No Tactical,2,507,train,random,agent_win,10.0,10,60.0,3,Normal,0.05,0.05,1,2289,1737,3.0,3.0,0,1,4
No Tactical,2,508,train,random,draw,3.0,16,63.0,3,Normal,0.05,0.05,1,2297,1744,0.8999999999999999,0.8999999999999999,0,0,8
No Tactical,2,509,train,random,player_win,-10.0,11,73.0,4,Hard,0.05,0.05,1,2302,1748,0.0,0.0,0,0,5
No Tactical,2,510,train,random,agent_win,10.0,8,65.0,4,Hard,0.05,0.05,1,2306,1751,3.0,3.0,0,0,4
No Tactical,2,511,train,random,player_win,-10.0,11,75.0,4,Hard,0.05,0.05,1,2311,1754,0.0,0.0,0,0,5
No Tactical,2,512,train,random,player_win,-10.0,11,85.0,5,Expert,0.05,0.05,1,2316,1758,0.0,0.0,0,0,5
No Tactical,2,513,train,random,player_win,-10.0,11,95.0,5,Expert,0.05,0.05,1,2321,1761,0.0,0.0,0,1,4
No Tactical,2,514,train,random,agent_win,10.0,12,87.0,5,Expert,0.05,0.05,1,2327,1765,3.0,3.0,0,0,6
No Tactical,2,515,train,random,agent_win,10.0,10,79.0,4,Hard,0.05,0.05,1,2332,1769,3.0,3.0,0,1,4
No Tactical,2,516,train,random,player_win,-10.0,11,89.0,5,Expert,0.05,0.05,1,2337,1772,0.0,0.0,0,1,4
No Tactical,2,517,train,random,player_win,-10.0,7,99.0,5,Expert,0.05,0.05,1,2340,1774,0.0,0.0,0,0,3
No Tactical,2,518,train,random,agent_win,10.0,14,91.0,5,Expert,0.05,0.05,1,2347,1780,3.0,3.0,0,0,7
No Tactical,2,519,train,random,player_win,-10.0,9,100.0,5,Expert,0.05,0.05,1,2351,1783,0.0,0.0,0,0,4
No Tactical,2,520,train,random,agent_win,10.0,10,92.0,5,Expert,0.05,0.05,1,2356,1787,3.0,3.0,0,0,5
No Tactical,2,521,train,random,agent_win,10.0,6,84.0,5,Expert,0.05,0.05,1,2359,1789,3.0,3.0,0,0,3
No Tactical,2,522,train,random,agent_win,10.0,6,76.0,4,Hard,0.05,0.05,1,2362,1791,3.0,3.0,0,0,3
No Tactical,2,523,train,random,player_win,-10.0,13,86.0,5,Expert,0.05,0.05,1,2368,1796,0.0,0.0,0,0,6
No Tactical,2,524,train,random,agent_win,10.0,8,78.0,4,Hard,0.05,0.05,1,2372,1799,3.0,3.0,0,0,4
No Tactical,2,525,train,random,agent_win,10.0,14,70.0,4,Hard,0.05,0.05,1,2379,1805,3.0,3.0,0,0,7
No Tactical,2,526,train,random,player_win,-10.0,5,80.0,5,Expert,0.05,0.05,1,2381,1806,0.0,0.0,0,0,2
No Tactical,2,527,train,random,agent_win,10.0,8,72.0,4,Hard,0.05,0.05,1,2385,1809,3.0,3.0,0,0,4
No Tactical,2,528,train,random,player_win,-10.0,7,82.0,5,Expert,0.05,0.05,1,2388,1811,0.0,0.0,0,0,3
No Tactical,2,529,train,random,player_win,-10.0,11,92.0,5,Expert,0.05,0.05,1,2393,1815,0.0,0.0,0,0,5
No Tactical,2,530,train,random,agent_win,10.0,10,84.0,5,Expert,0.05,0.05,1,2398,1819,3.0,3.0,0,0,5
No Tactical,2,531,train,random,player_win,-10.0,9,94.0,5,Expert,0.05,0.05,1,2402,1821,0.0,0.0,0,0,4
No Tactical,2,532,train,random,player_win,-10.0,15,100.0,5,Expert,0.05,0.05,1,2409,1827,0.0,0.0,0,1,6
No Tactical,2,533,train,random,player_win,-10.0,7,100.0,5,Expert,0.05,0.05,1,2412,1828,0.0,0.0,0,0,3
No Tactical,2,534,train,random,agent_win,10.0,14,92.0,5,Expert,0.05,0.05,1,2419,1833,3.0,3.0,0,0,7
No Tactical,2,535,train,random,agent_win,10.0,12,84.0,5,Expert,0.05,0.05,1,2425,1838,3.0,3.0,0,0,6
No Tactical,2,536,train,random,player_win,-10.0,13,94.0,5,Expert,0.05,0.05,1,2431,1843,0.0,0.0,0,0,6
No Tactical,2,537,train,random,player_win,-10.0,11,100.0,5,Expert,0.05,0.05,1,2436,1847,0.0,0.0,0,1,4
No Tactical,2,538,train,random,agent_win,10.0,12,92.0,5,Expert,0.05,0.05,1,2442,1851,3.0,3.0,0,1,5
No Tactical,2,539,train,random,player_win,-10.0,5,100.0,5,Expert,0.05,0.05,1,2444,1852,0.0,0.0,0,0,2
No Tactical,2,540,train,random,player_win,-10.0,7,100.0,5,Expert,0.05,0.05,1,2447,1853,0.0,0.0,0,0,3
No Tactical,2,541,train,random,player_win,-10.0,5,100.0,5,Expert,0.05,0.05,1,2449,1854,0.0,0.0,0,0,2
No Tactical,2,542,train,random,player_win,-10.0,13,100.0,5,Expert,0.05,0.05,1,2455,1859,0.0,0.0,0,0,6
No Tactical,2,543,train,random,player_win,-10.0,11,100.0,5,Expert,0.05,0.05,1,2460,1862,0.0,0.0,0,0,5
No Tactical,2,544,train,random,agent_win,10.0,10,92.0,5,Expert,0.05,0.05,1,2465,1866,3.0,3.0,0,0,5
No Tactical,2,545,train,random,player_win,-10.0,7,100.0,5,Expert,0.05,0.05,1,2468,1868,0.0,0.0,0,0,3
No Tactical,2,546,train,random,player_win,-10.0,9,100.0,5,Expert,0.05,0.05,1,2472,1871,0.0,0.0,0,0,4
No Tactical,2,547,train,random,player_win,-10.0,9,100.0,5,Expert,0.05,0.05,1,2476,1874,0.0,0.0,0,0,4
No Tactical,2,548,train,random,player_win,-10.0,11,100.0,5,Expert,0.05,0.05,1,2481,1877,0.0,0.0,0,0,5
No Tactical,2,549,train,random,agent_win,10.0,12,92.0,5,Expert,0.05,0.05,1,2487,1882,3.0,3.0,0,0,6
No Tactical,2,550,train,random,player_win,-10.0,15,100.0,5,Expert,0.05,0.05,1,2494,1888,0.0,0.0,0,0,7
No Tactical,2,551,train,random,player_win,-10.0,9,100.0,5,Expert,0.05,0.05,1,2498,1891,0.0,0.0,0,0,4
No Tactical,2,552,train,random,agent_win,10.0,10,92.0,5,Expert,0.05,0.05,1,2503,1895,3.0,3.0,0,0,5
No Tactical,2,553,train,random,agent_win,10.0,10,84.0,5,Expert,0.05,0.05,1,2508,1899,3.0,3.0,0,0,5
No Tactical,2,554,train,random,agent_win,10.0,12,76.0,4,Hard,0.05,0.05,1,2514,1904,3.0,3.0,0,1,5
No Tactical,2,555,train,random,agent_win,10.0,14,68.0,4,Hard,0.05,0.05,1,2521,1909,3.0,3.0,0,1,6
No Tactical,2,556,train,random,agent_win,10.0,12,60.0,3,Normal,0.05,0.05,1,2527,1914,3.0,3.0,0,0,6
No Tactical,2,557,train,random,player_win,-10.0,13,70.0,4,Hard,0.05,0.05,1,2533,1919,0.0,0.0,0,1,5
No Tactical,2,558,train,random,player_win,-10.0,11,80.0,5,Expert,0.05,0.05,1,2538,1923,0.0,0.0,0,0,5
No Tactical,2,559,train,random,agent_win,10.0,8,72.0,4,Hard,0.05,0.05,1,2542,1926,3.0,3.0,0,1,3
No Tactical,2,560,train,random,player_win,-10.0,11,82.0,5,Expert,0.05,0.05,1,2547,1929,0.0,0.0,0,0,5
No Tactical,2,561,train,random,agent_win,10.0,8,74.0,4,Hard,0.05,0.05,1,2551,1932,3.0,3.0,0,1,3
No Tactical,2,562,train,random,player_win,-10.0,11,84.0,5,Expert,0.05,0.05,1,2556,1935,0.0,0.0,0,0,5
No Tactical,2,563,train,random,player_win,-10.0,9,94.0,5,Expert,0.05,0.05,1,2560,1938,0.0,0.0,0,1,3
No Tactical,2,564,train,random,agent_win,10.0,8,86.0,5,Expert,0.05,0.05,1,2564,1941,3.0,3.0,0,0,4
No Tactical,2,565,train,random,player_win,-10.0,11,96.0,5,Expert,0.05,0.05,1,2569,1945,0.0,0.0,0,1,4
No Tactical,2,566,train,random,player_win,-10.0,5,100.0,5,Expert,0.05,0.05,1,2571,1945,0.0,0.0,0,0,2
No Tactical,2,567,train,random,agent_win,10.0,12,92.0,5,Expert,0.05,0.05,1,2577,1949,3.0,3.0,0,0,6
No Tactical,2,568,train,random,agent_win,10.0,10,84.0,5,Expert,0.05,0.05,1,2582,1952,3.0,3.0,0,2,3
No Tactical,2,569,train,random,agent_win,10.0,12,76.0,4,Hard,0.05,0.05,1,2588,1957,3.0,3.0,0,0,6
No Tactical,2,570,train,random,player_win,-10.0,7,86.0,5,Expert,0.05,0.05,1,2591,1959,0.0,0.0,0,1,2
No Tactical,2,571,train,random,agent_win,10.0,6,78.0,4,Hard,0.05,0.05,1,2594,1961,3.0,3.0,0,0,3
No Tactical,2,572,train,random,agent_win,10.0,14,70.0,4,Hard,0.05,0.05,1,2601,1967,3.0,3.0,0,1,6
No Tactical,2,573,train,random,player_win,-10.0,5,80.0,5,Expert,0.05,0.05,1,2603,1968,0.0,0.0,0,0,2
No Tactical,2,574,train,random,player_win,-10.0,9,90.0,5,Expert,0.05,0.05,1,2607,1971,0.0,0.0,0,0,4
No Tactical,2,575,train,random,player_win,-10.0,11,100.0,5,Expert,0.05,0.05,1,2612,1974,0.0,0.0,0,0,5
No Tactical,2,576,train,random,agent_win,10.0,8,92.0,5,Expert,0.05,0.05,1,2616,1977,3.0,3.0,0,0,4
No Tactical,2,577,train,random,agent_win,10.0,8,84.0,5,Expert,0.05,0.05,1,2620,1980,3.0,3.0,0,0,4
No Tactical,2,578,train,random,player_win,-10.0,11,94.0,5,Expert,0.05,0.05,1,2625,1984,0.0,0.0,0,0,5
No Tactical,2,579,train,random,player_win,-10.0,9,100.0,5,Expert,0.05,0.05,1,2629,1987,0.0,0.0,0,0,4
No Tactical,2,580,train,random,agent_win,10.0,8,92.0,5,Expert,0.05,0.05,1,2633,1990,3.0,3.0,0,1,3
No Tactical,2,581,train,random,player_win,-10.0,13,100.0,5,Expert,0.05,0.05,1,2639,1995,0.0,0.0,0,0,6
No Tactical,2,582,train,random,agent_win,10.0,8,92.0,5,Expert,0.05,0.05,1,2643,1998,3.0,3.0,0,0,4
No Tactical,2,583,train,random,player_win,-10.0,15,100.0,5,Expert,0.05,0.05,1,2650,2003,0.0,0.0,0,0,7
No Tactical,2,584,train,random,player_win,-10.0,13,100.0,5,Expert,0.05,0.05,1,2656,2007,0.0,0.0,0,0,6
No Tactical,2,585,train,random,player_win,-10.0,9,100.0,5,Expert,0.05,0.05,1,2660,2010,0.0,0.0,0,0,4
No Tactical,2,586,train,random,player_win,-10.0,9,100.0,5,Expert,0.05,0.05,1,2664,2012,0.0,0.0,0,0,4
No Tactical,2,587,train,random,agent_win,10.0,6,92.0,5,Expert,0.05,0.05,1,2667,2014,3.0,3.0,0,0,3
No Tactical,2,588,train,random,agent_win,10.0,8,84.0,5,Expert,0.05,0.05,1,2671,2017,3.0,3.0,0,0,4
No Tactical,2,589,train,random,agent_win,10.0,8,76.0,4,Hard,0.05,0.05,1,2675,2019,3.0,3.0,0,0,4
No Tactical,2,590,train,random,player_win,-10.0,11,86.0,5,Expert,0.05,0.05,1,2680,2023,0.0,0.0,0,0,5
No Tactical,2,591,train,random,agent_win,10.0,12,78.0,4,Hard,0.05,0.05,1,2686,2028,3.0,3.0,0,0,6
No Tactical,2,592,train,random,agent_win,10.0,12,70.0,4,Hard,0.05,0.05,1,2692,2033,3.0,3.0,0,0,6
No Tactical,2,593,train,random,player_win,-10.0,9,80.0,5,Expert,0.05,0.05,1,2696,2036,0.0,0.0,0,0,4
No Tactical,2,594,train,random,agent_win,10.0,10,72.0,4,Hard,0.05,0.05,1,2701,2040,3.0,3.0,0,0,5
No Tactical,2,595,train,random,player_win,-10.0,9,82.0,5,Expert,0.05,0.05,1,2705,2043,0.0,0.0,0,0,4
No Tactical,2,596,train,random,agent_win,10.0,6,74.0,4,Hard,0.05,0.05,1,2708,2045,3.0,3.0,0,0,3
No Tactical,2,597,train,random,player_win,-10.0,9,84.0,5,Expert,0.05,0.05,1,2712,2048,0.0,0.0,0,0,4
No Tactical,2,598,train,random,player_win,-10.0,5,94.0,5,Expert,0.05,0.05,1,2714,2049,0.0,0.0,0,0,2
No Tactical,2,599,train,random,player_win,-10.0,5,100.0,5,Expert,0.05,0.05,1,2716,2050,0.0,0.0,0,0,2
No Tactical,2,600,train,random,agent_win,10.0,8,92.0,5,Expert,0.05,0.05,1,2720,2053,3.0,3.0,0,0,4
No Tactical,2,601,train,random,agent_win,10.0,10,84.0,5,Expert,0.05,0.05,1,2725,2057,3.0,3.0,0,0,5
No Tactical,2,602,train,random,player_win,-10.0,9,94.0,5,Expert,0.05,0.05,1,2729,2060,0.0,0.0,0,0,4
No Tactical,2,603,train,random,player_win,-10.0,7,100.0,5,Expert,0.05,0.05,1,2732,2062,0.0,0.0,0,0,3
No Tactical,2,604,train,random,agent_win,10.0,12,92.0,5,Expert,0.05,0.05,1,2738,2066,3.0,3.0,0,0,6
No Tactical,2,605,train,random,player_win,-10.0,9,100.0,5,Expert,0.05,0.05,1,2742,2068,0.0,0.0,0,1,3
No Tactical,2,606,train,random,player_win,-10.0,11,100.0,5,Expert,0.05,0.05,1,2747,2072,0.0,0.0,0,0,5
No Tactical,2,607,train,random,agent_win,10.0,10,92.0,5,Expert,0.05,0.05,1,2752,2076,3.0,3.0,0,1,4
No Tactical,2,608,train,random,player_win,-10.0,5,100.0,5,Expert,0.05,0.05,1,2754,2077,0.0,0.0,0,0,2
No Tactical,2,609,train,random,player_win,-10.0,11,100.0,5,Expert,0.05,0.05,1,2759,2081,0.0,0.0,0,0,5
No Tactical,2,610,train,random,player_win,-10.0,9,100.0,5,Expert,0.05,0.05,1,2763,2083,0.0,0.0,0,0,4
No Tactical,2,611,train,random,player_win,-10.0,11,100.0,5,Expert,0.05,0.05,1,2768,2087,0.0,0.0,0,2,3
No Tactical,2,612,train,random,agent_win,10.0,10,92.0,5,Expert,0.05,0.05,1,2773,2091,3.0,3.0,0,0,5
No Tactical,2,613,train,random,player_win,-10.0,9,100.0,5,Expert,0.05,0.05,1,2777,2094,0.0,0.0,0,0,4
No Tactical,2,614,train,random,agent_win,10.0,12,92.0,5,Expert,0.05,0.05,1,2783,2099,3.0,3.0,0,0,6
No Tactical,2,615,train,random,player_win,-10.0,9,100.0,5,Expert,0.05,0.05,1,2787,2102,0.0,0.0,0,2,2
No Tactical,2,616,train,random,player_win,-10.0,11,100.0,5,Expert,0.05,0.05,1,2792,2106,0.0,0.0,0,1,4
No Tactical,2,617,train,random,player_win,-10.0,9,100.0,5,Expert,0.05,0.05,1,2796,2108,0.0,0.0,0,0,4
No Tactical,2,618,train,random,player_win,-10.0,11,100.0,5,Expert,0.05,0.05,1,2801,2111,0.0,0.0,0,0,5
No Tactical,2,619,train,random,agent_win,10.0,10,92.0,5,Expert,0.05,0.05,1,2806,2115,3.0,3.0,0,0,5
No Tactical,2,620,train,random,agent_win,10.0,10,84.0,5,Expert,0.05,0.05,1,2811,2119,3.0,3.0,0,0,5
No Tactical,2,621,train,random,agent_win,10.0,8,76.0,4,Hard,0.05,0.05,1,2815,2121,3.0,3.0,0,0,4
No Tactical,2,622,train,random,player_win,-10.0,5,86.0,5,Expert,0.05,0.05,1,2817,2122,0.0,0.0,0,0,2
No Tactical,2,623,train,random,player_win,-10.0,9,96.0,5,Expert,0.05,0.05,1,2821,2125,0.0,0.0,0,0,4
No Tactical,2,624,train,random,agent_win,10.0,10,88.0,5,Expert,0.05,0.05,1,2826,2129,3.0,3.0,0,0,5
No Tactical,2,625,train,random,player_win,-10.0,9,98.0,5,Expert,0.05,0.05,1,2830,2132,0.0,0.0,0,1,3
No Tactical,2,626,train,random,player_win,-10.0,13,100.0,5,Expert,0.05,0.05,1,2836,2136,0.0,0.0,0,0,6
No Tactical,2,627,train,random,player_win,-10.0,15,100.0,5,Expert,0.05,0.05,1,2843,2141,0.0,0.0,0,0,7
No Tactical,2,628,train,random,agent_win,10.0,12,92.0,5,Expert,0.05,0.05,1,2849,2145,3.0,3.0,0,0,6
No Tactical,2,629,train,random,player_win,-10.0,13,100.0,5,Expert,0.05,0.05,1,2855,2150,0.0,0.0,0,1,5
No Tactical,2,630,train,random,agent_win,10.0,8,92.0,5,Expert,0.05,0.05,1,2859,2152,3.0,3.0,0,0,4
No Tactical,2,631,train,random,agent_win,10.0,10,84.0,5,Expert,0.05,0.05,1,2864,2156,3.0,3.0,0,1,4
No Tactical,2,632,train,random,agent_win,10.0,10,76.0,4,Hard,0.05,0.05,1,2869,2159,3.0,3.0,0,0,5
No Tactical,2,633,train,random,player_win,-10.0,9,86.0,5,Expert,0.05,0.05,1,2873,2162,0.0,0.0,0,0,4
No Tactical,2,634,train,random,agent_win,10.0,8,78.0,4,Hard,0.05,0.05,1,2877,2165,3.0,3.0,0,0,4
No Tactical,2,635,train,random,player_win,-10.0,13,88.0,5,Expert,0.05,0.05,1,2883,2170,0.0,0.0,0,0,6
No Tactical,2,636,train,random,agent_win,10.0,12,80.0,5,Expert,0.05,0.05,1,2889,2174,3.0,3.0,0,1,5
No Tactical,2,637,train,random,agent_win,10.0,14,72.0,4,Hard,0.05,0.05,1,2896,2180,3.0,3.0,0,0,7
No Tactical,2,638,train,random,agent_win,10.0,12,64.0,3,Normal,0.05,0.05,1,2902,2185,3.0,3.0,0,1,5
No Tactical,2,639,train,random,player_win,-10.0,7,74.0,4,Hard,0.05,0.05,1,2905,2186,0.0,0.0,0,0,3
No Tactical,2,640,train,random,player_win,-10.0,11,84.0,5,Expert,0.05,0.05,1,2910,2190,0.0,0.0,0,1,4
No Tactical,2,641,train,random,player_win,-10.0,11,94.0,5,Expert,0.05,0.05,1,2915,2194,0.0,0.0,0,1,4
No Tactical,2,642,train,random,agent_win,10.0,10,86.0,5,Expert,0.05,0.05,1,2920,2197,3.0,3.0,0,0,5
No Tactical,2,643,train,random,agent_win,10.0,14,78.0,4,Hard,0.05,0.05,1,2927,2203,3.0,3.0,0,0,7
No Tactical,2,644,train,random,player_win,-10.0,11,88.0,5,Expert,0.05,0.05,1,2932,2206,0.0,0.0,0,0,5
No Tactical,2,645,train,random,player_win,-10.0,15,98.0,5,Expert,0.05,0.05,1,2939,2212,0.0,0.0,0,0,7
No Tactical,2,646,train,random,player_win,-10.0,11,100.0,5,Expert,0.05,0.05,1,2944,2216,0.0,0.0,0,0,5
No Tactical,2,647,train,random,agent_win,10.0,10,92.0,5,Expert,0.05,0.05,1,2949,2219,3.0,3.0,0,0,5
No Tactical,2,648,train,random,agent_win,10.0,12,84.0,5,Expert,0.05,0.05,1,2955,2224,3.0,3.0,0,0,6
No Tactical,2,649,train,random,player_win,-10.0,9,94.0,5,Expert,0.05,0.05,1,2959,2227,0.0,0.0,0,0,4
No Tactical,2,650,train,random,player_win,-10.0,9,100.0,5,Expert,0.05,0.05,1,2963,2230,0.0,0.0,0,0,4
No Tactical,2,651,train,random,player_win,-10.0,7,100.0,5,Expert,0.05,0.05,1,2966,2231,0.0,0.0,0,1,2
No Tactical,2,652,train,random,agent_win,10.0,8,92.0,5,Expert,0.05,0.05,1,2970,2234,3.0,3.0,0,0,4
No Tactical,2,653,train,random,player_win,-10.0,9,100.0,5,Expert,0.05,0.05,1,2974,2237,0.0,0.0,0,0,4
No Tactical,2,654,train,random,agent_win,10.0,12,92.0,5,Expert,0.05,0.05,1,2980,2241,3.0,3.0,0,1,5
No Tactical,2,655,train,random,agent_win,10.0,14,84.0,5,Expert,0.05,0.05,1,2987,2247,3.0,3.0,0,1,6
No Tactical,2,656,train,random,agent_win,10.0,14,76.0,4,Hard,0.05,0.05,1,2994,2253,3.0,3.0,0,1,6
No Tactical,2,657,train,random,agent_win,10.0,10,68.0,4,Hard,0.05,0.05,1,2999,2257,3.0,3.0,0,0,5
No Tactical,2,658,train,random,player_win,-10.0,9,78.0,4,Hard,0.05,0.05,1,3003,2260,0.0,0.0,0,0,4
No Tactical,2,659,train,random,player_win,-10.0,11,88.0,5,Expert,0.05,0.05,1,3008,2264,0.0,0.0,0,0,5
No Tactical,2,660,train,random,agent_win,10.0,10,80.0,5,Expert,0.05,0.05,1,3013,2268,3.0,3.0,0,0,5
No Tactical,2,661,train,random,agent_win,10.0,8,72.0,4,Hard,0.05,0.05,1,3017,2271,3.0,3.0,0,0,4
No Tactical,2,662,train,random,player_win,-10.0,9,82.0,5,Expert,0.05,0.05,1,3021,2274,0.0,0.0,0,0,4
No Tactical,2,663,train,random,player_win,-10.0,9,92.0,5,Expert,0.05,0.05,1,3025,2277,0.0,0.0,0,0,4
No Tactical,2,664,train,random,agent_win,10.0,12,84.0,5,Expert,0.05,0.05,1,3031,2282,3.0,3.0,0,0,6
No Tactical,2,665,train,random,player_win,-10.0,11,94.0,5,Expert,0.05,0.05,1,3036,2286,0.0,0.0,0,0,5
No Tactical,2,666,train,random,agent_win,10.0,6,86.0,5,Expert,0.05,0.05,1,3039,2287,3.0,3.0,0,0,3
No Tactical,2,667,train,random,player_win,-10.0,7,96.0,5,Expert,0.05,0.05,1,3042,2288,0.0,0.0,0,1,2
No Tactical,2,668,train,random,player_win,-10.0,7,100.0,5,Expert,0.05,0.05,1,3045,2290,0.0,0.0,0,0,3
No Tactical,2,669,train,random,player_win,-10.0,13,100.0,5,Expert,0.05,0.05,1,3051,2294,0.0,0.0,0,0,6
No Tactical,2,670,train,random,agent_win,10.0,12,92.0,5,Expert,0.05,0.05,1,3057,2299,3.0,3.0,0,0,6
No Tactical,2,671,train,random,agent_win,10.0,8,84.0,5,Expert,0.05,0.05,1,3061,2302,3.0,3.0,0,0,4
No Tactical,2,672,train,random,agent_win,10.0,14,76.0,4,Hard,0.05,0.05,1,3068,2308,3.0,3.0,0,1,6
No Tactical,2,673,train,random,agent_win,10.0,8,68.0,4,Hard,0.05,0.05,1,3072,2311,3.0,3.0,0,0,4
No Tactical,2,674,train,random,player_win,-10.0,11,78.0,4,Hard,0.05,0.05,1,3077,2314,0.0,0.0,0,0,5
No Tactical,2,675,train,random,agent_win,10.0,14,70.0,4,Hard,0.05,0.05,1,3084,2319,3.0,3.0,0,1,6
No Tactical,2,676,train,random,agent_win,10.0,14,62.0,3,Normal,0.05,0.05,1,3091,2324,3.0,3.0,0,0,7
No Tactical,2,677,train,random,player_win,-10.0,7,72.0,4,Hard,0.05,0.05,1,3094,2326,0.0,0.0,0,0,3
No Tactical,2,678,train,random,agent_win,10.0,8,64.0,3,Normal,0.05,0.05,1,3098,2328,3.0,3.0,0,1,3
No Tactical,2,679,train,random,agent_win,10.0,14,56.0,3,Normal,0.05,0.05,1,3105,2333,3.0,3.0,0,0,7
No Tactical,2,680,train,random,player_win,-10.0,11,66.0,4,Hard,0.05,0.05,1,3110,2336,0.0,0.0,0,0,5
No Tactical,2,681,train,random,player_win,-10.0,15,76.0,4,Hard,0.05,0.05,1,3117,2342,0.0,0.0,0,1,6
No Tactical,2,682,train,random,player_win,-10.0,13,86.0,5,Expert,0.05,0.05,1,3123,2346,0.0,0.0,0,1,5
No Tactical,2,683,train,random,agent_win,10.0,10,78.0,4,Hard,0.05,0.05,1,3128,2350,3.0,3.0,0,0,5
No Tactical,2,684,train,random,agent_win,10.0,12,70.0,4,Hard,0.05,0.05,1,3134,2355,3.0,3.0,0,0,6
No Tactical,2,685,train,random,agent_win,10.0,10,62.0,3,Normal,0.05,0.05,1,3139,2359,3.0,3.0,0,0,5
No Tactical,2,686,train,random,player_win,-10.0,11,72.0,4,Hard,0.05,0.05,1,3144,2363,0.0,0.0,0,1,4
No Tactical,2,687,train,random,player_win,-10.0,9,82.0,5,Expert,0.05,0.05,1,3148,2366,0.0,0.0,0,0,4
No Tactical,2,688,train,random,player_win,-10.0,9,92.0,5,Expert,0.05,0.05,1,3152,2368,0.0,0.0,0,0,4
No Tactical,2,689,train,random,player_win,-10.0,13,100.0,5,Expert,0.05,0.05,1,3158,2372,0.0,0.0,0,0,6
No Tactical,2,690,train,random,player_win,-10.0,7,100.0,5,Expert,0.05,0.05,1,3161,2373,0.0,0.0,0,0,3
No Tactical,2,691,train,random,player_win,-10.0,7,100.0,5,Expert,0.05,0.05,1,3164,2375,0.0,0.0,0,0,3
No Tactical,2,692,train,random,agent_win,10.0,6,92.0,5,Expert,0.05,0.05,1,3167,2377,3.0,3.0,0,0,3
No Tactical,2,693,train,random,player_win,-10.0,15,100.0,5,Expert,0.05,0.05,1,3174,2383,0.0,0.0,0,0,7
No Tactical,2,694,train,random,player_win,-10.0,11,100.0,5,Expert,0.05,0.05,1,3179,2387,0.0,0.0,0,0,5
No Tactical,2,695,train,random,agent_win,10.0,8,92.0,5,Expert,0.05,0.05,1,3183,2390,3.0,3.0,0,0,4
No Tactical,2,696,train,random,agent_win,10.0,12,84.0,5,Expert,0.05,0.05,1,3189,2395,3.0,3.0,0,0,6
No Tactical,2,697,train,random,player_win,-10.0,13,94.0,5,Expert,0.05,0.05,1,3195,2399,0.0,0.0,0,0,6
No Tactical,2,698,train,random,player_win,-10.0,5,100.0,5,Expert,0.05,0.05,1,3197,2400,0.0,0.0,0,0,2
No Tactical,2,699,train,random,agent_win,10.0,12,92.0,5,Expert,0.05,0.05,1,3203,2405,3.0,3.0,0,0,6
No Tactical,2,700,train,random,agent_win,10.0,12,84.0,5,Expert,0.05,0.05,1,3209,2410,3.0,3.0,0,0,6
No Tactical,2,701,train,random,agent_win,10.0,14,76.0,4,Hard,0.05,0.05,1,3216,2416,3.0,3.0,0,0,7
No Tactical,2,702,train,random,player_win,-10.0,13,86.0,5,Expert,0.05,0.05,1,3222,2421,0.0,0.0,0,0,6
No Tactical,2,703,train,random,player_win,-10.0,13,96.0,5,Expert,0.05,0.05,1,3228,2426,0.0,0.0,0,0,6
No Tactical,2,704,train,random,player_win,-10.0,13,100.0,5,Expert,0.05,0.05,1,3234,2430,0.0,0.0,0,0,6
No Tactical,2,705,train,random,player_win,-10.0,5,100.0,5,Expert,0.05,0.05,1,3236,2431,0.0,0.0,0,0,2
No Tactical,2,706,train,random,player_win,-10.0,11,100.0,5,Expert,0.05,0.05,1,3241,2435,0.0,0.0,0,0,5
No Tactical,2,707,train,random,player_win,-10.0,9,100.0,5,Expert,0.05,0.05,1,3245,2438,0.0,0.0,0,0,4
No Tactical,2,708,train,random,agent_win,10.0,10,92.0,5,Expert,0.05,0.05,1,3250,2442,3.0,3.0,0,1,4
No Tactical,2,709,train,random,player_win,-10.0,9,100.0,5,Expert,0.05,0.05,1,3254,2445,0.0,0.0,0,0,4
No Tactical,2,710,train,random,player_win,-10.0,9,100.0,5,Expert,0.05,0.05,1,3258,2448,0.0,0.0,0,0,4
No Tactical,2,711,train,random,agent_win,10.0,8,92.0,5,Expert,0.05,0.05,1,3262,2450,3.0,3.0,0,0,4
No Tactical,2,712,train,random,player_win,-10.0,7,100.0,5,Expert,0.05,0.05,1,3265,2451,0.0,0.0,0,0,3
No Tactical,2,713,train,random,player_win,-10.0,9,100.0,5,Expert,0.05,0.05,1,3269,2454,0.0,0.0,0,0,4
No Tactical,2,714,train,random,player_win,-10.0,7,100.0,5,Expert,0.05,0.05,1,3272,2456,0.0,0.0,0,1,2
No Tactical,2,715,train,random,player_win,-10.0,13,100.0,5,Expert,0.05,0.05,1,3278,2460,0.0,0.0,0,1,5
No Tactical,2,716,train,random,player_win,-10.0,13,100.0,5,Expert,0.05,0.05,1,3284,2465,0.0,0.0,0,0,6
No Tactical,2,717,train,random,player_win,-10.0,11,100.0,5,Expert,0.05,0.05,1,3289,2469,0.0,0.0,0,0,5
No Tactical,2,718,train,random,player_win,-10.0,11,100.0,5,Expert,0.05,0.05,1,3294,2472,0.0,0.0,0,0,5
No Tactical,2,719,train,random,player_win,-10.0,13,100.0,5,Expert,0.05,0.05,1,3300,2476,0.0,0.0,0,0,6
No Tactical,2,720,train,random,player_win,-10.0,9,100.0,5,Expert,0.05,0.05,1,3304,2479,0.0,0.0,0,0,4
No Tactical,2,721,train,random,player_win,-10.0,7,100.0,5,Expert,0.05,0.05,1,3307,2480,0.0,0.0,0,0,3
No Tactical,2,722,train,random,player_win,-10.0,13,100.0,5,Expert,0.05,0.05,1,3313,2485,0.0,0.0,0,0,6
No Tactical,2,723,train,random,agent_win,10.0,12,92.0,5,Expert,0.05,0.05,1,3319,2490,3.0,3.0,0,1,5
No Tactical,2,724,train,random,player_win,-10.0,11,100.0,5,Expert,0.05,0.05,1,3324,2494,0.0,0.0,0,0,5
No Tactical,2,725,train,random,player_win,-10.0,15,100.0,5,Expert,0.05,0.05,1,3331,2499,0.0,0.0,0,0,7
No Tactical,2,726,train,random,agent_win,10.0,12,92.0,5,Expert,0.05,0.05,1,3337,2504,3.0,3.0,0,1,5
No Tactical,2,727,train,random,agent_win,10.0,12,84.0,5,Expert,0.05,0.05,1,3343,2508,3.0,3.0,0,1,5
No Tactical,2,728,train,random,agent_win,10.0,8,76.0,4,Hard,0.05,0.05,1,3347,2511,3.0,3.0,0,0,4
No Tactical,2,729,train,random,player_win,-10.0,11,86.0,5,Expert,0.05,0.05,1,3352,2514,0.0,0.0,0,0,5
No Tactical,2,730,train,random,player_win,-10.0,13,96.0,5,Expert,0.05,0.05,1,3358,2518,0.0,0.0,0,1,5
No Tactical,2,731,train,random,player_win,-10.0,5,100.0,5,Expert,0.05,0.05,1,3360,2519,0.0,0.0,0,0,2
No Tactical,2,732,train,random,player_win,-10.0,9,100.0,5,Expert,0.05,0.05,1,3364,2521,0.0,0.0,0,0,4
No Tactical,2,733,train,random,player_win,-10.0,11,100.0,5,Expert,0.05,0.05,1,3369,2524,0.0,0.0,0,0,5
No Tactical,2,734,train,random,agent_win,10.0,8,92.0,5,Expert,0.05,0.05,1,3373,2527,3.0,3.0,0,0,4
No Tactical,2,735,train,random,player_win,-10.0,7,100.0,5,Expert,0.05,0.05,1,3376,2528,0.0,0.0,0,0,3
No Tactical,2,736,train,random,player_win,-10.0,9,100.0,5,Expert,0.05,0.05,1,3380,2531,0.0,0.0,0,2,2
No Tactical,2,737,train,random,player_win,-10.0,7,100.0,5,Expert,0.05,0.05,1,3383,2533,0.0,0.0,0,1,2
No Tactical,2,738,train,random,agent_win,10.0,10,92.0,5,Expert,0.05,0.05,1,3388,2537,3.0,3.0,0,0,5
No Tactical,2,739,train,random,agent_win,10.0,10,84.0,5,Expert,0.05,0.05,1,3393,2540,3.0,3.0,0,0,5
No Tactical,2,740,train,random,player_win,-10.0,11,94.0,5,Expert,0.05,0.05,1,3398,2544,0.0,0.0,0,1,4
No Tactical,2,741,train,random,player_win,-10.0,13,100.0,5,Expert,0.05,0.05,1,3404,2549,0.0,0.0,0,2,4
No Tactical,2,742,train,random,player_win,-10.0,11,100.0,5,Expert,0.05,0.05,1,3409,2553,0.0,0.0,0,0,5
No Tactical,2,743,train,random,player_win,-10.0,11,100.0,5,Expert,0.05,0.05,1,3414,2557,0.0,0.0,0,0,5
No Tactical,2,744,train,random,agent_win,10.0,6,92.0,5,Expert,0.05,0.05,1,3417,2559,3.0,3.0,0,0,3
No Tactical,2,745,train,random,agent_win,10.0,10,84.0,5,Expert,0.05,0.05,1,3422,2563,3.0,3.0,0,1,4
No Tactical,2,746,train,random,agent_win,10.0,10,76.0,4,Hard,0.05,0.05,1,3427,2566,3.0,3.0,0,1,4
No Tactical,2,747,train,random,player_win,-10.0,11,86.0,5,Expert,0.05,0.05,1,3432,2570,0.0,0.0,0,0,5
No Tactical,2,748,train,random,player_win,-10.0,11,96.0,5,Expert,0.05,0.05,1,3437,2574,0.0,0.0,0,0,5
No Tactical,2,749,train,random,player_win,-10.0,9,100.0,5,Expert,0.05,0.05,1,3441,2576,0.0,0.0,0,0,4
No Tactical,2,750,train,random,agent_win,10.0,8,92.0,5,Expert,0.05,0.05,1,3445,2579,3.0,3.0,0,0,4
No Tactical,2,751,train,random,agent_win,10.0,12,84.0,5,Expert,0.05,0.05,1,3451,2584,3.0,3.0,0,0,6
No Tactical,2,752,train,random,player_win,-10.0,15,94.0,5,Expert,0.05,0.05,1,3458,2590,0.0,0.0,0,0,7
No Tactical,2,753,train,random,agent_win,10.0,8,86.0,5,Expert,0.05,0.05,1,3462,2592,3.0,3.0,0,0,4
No Tactical,2,754,train,random,player_win,-10.0,7,96.0,5,Expert,0.05,0.05,1,3465,2594,0.0,0.0,0,0,3
No Tactical,2,755,train,random,agent_win,10.0,8,88.0,5,Expert,0.05,0.05,1,3469,2597,3.0,3.0,0,0,4
No Tactical,2,756,train,random,player_win,-10.0,7,98.0,5,Expert,0.05,0.05,1,3472,2598,0.0,0.0,0,0,3
No Tactical,2,757,train,random,agent_win,10.0,14,90.0,5,Expert,0.05,0.05,1,3479,2604,3.0,3.0,0,1,6
No Tactical,2,758,train,random,agent_win,10.0,14,82.0,5,Expert,0.05,0.05,1,3486,2610,3.0,3.0,0,0,7
No Tactical,2,759,train,random,agent_win,10.0,10,74.0,4,Hard,0.05,0.05,1,3491,2614,3.0,3.0,0,1,4
No Tactical,2,760,train,random,player_win,-10.0,7,84.0,5,Expert,0.05,0.05,1,3494,2616,0.0,0.0,0,0,3
No Tactical,2,761,train,random,agent_win,10.0,10,76.0,4,Hard,0.05,0.05,1,3499,2619,3.0,3.0,0,0,5
No Tactical,2,762,train,random,player_win,-10.0,9,86.0,5,Expert,0.05,0.05,1,3503,2622,0.0,0.0,0,1,3
No Tactical,2,763,train,random,agent_win,10.0,14,78.0,4,Hard,0.05,0.05,1,3510,2628,3.0,3.0,0,1,6
No Tactical,2,764,train,random,player_win,-10.0,13,88.0,5,Expert,0.05,0.05,1,3516,2633,0.0,0.0,0,0,6
No Tactical,2,765,train,random,agent_win,10.0,12,80.0,5,Expert,0.05,0.05,1,3522,2637,3.0,3.0,0,0,6
No Tactical,2,766,train,random,player_win,-10.0,9,90.0,5,Expert,0.05,0.05,1,3526,2640,0.0,0.0,0,0,4
No Tactical,2,767,train,random,agent_win,10.0,12,82.0,5,Expert,0.05,0.05,1,3532,2645,3.0,3.0,0,0,6
No Tactical,2,768,train,random,player_win,-10.0,7,92.0,5,Expert,0.05,0.05,1,3535,2647,0.0,0.0,0,0,3
No Tactical,2,769,train,random,player_win,-10.0,9,100.0,5,Expert,0.05,0.05,1,3539,2650,0.0,0.0,0,1,3
No Tactical,2,770,train,random,player_win,-10.0,11,100.0,5,Expert,0.05,0.05,1,3544,2654,0.0,0.0,0,0,5
No Tactical,2,771,train,random,player_win,-10.0,5,100.0,5,Expert,0.05,0.05,1,3546,2655,0.0,0.0,0,0,2
No Tactical,2,772,train,random,player_win,-10.0,11,100.0,5,Expert,0.05,0.05,1,3551,2659,0.0,0.0,0,1,4
No Tactical,2,773,train,random,player_win,-10.0,15,100.0,5,Expert,0.05,0.05,1,3558,2664,0.0,0.0,0,0,7
No Tactical,2,774,train,random,agent_win,10.0,10,92.0,5,Expert,0.05,0.05,1,3563,2668,3.0,3.0,0,0,5
No Tactical,2,775,train,random,agent_win,10.0,10,84.0,5,Expert,0.05,0.05,1,3568,2672,3.0,3.0,0,0,5
No Tactical,2,776,train,random,player_win,-10.0,13,94.0,5,Expert,0.05,0.05,1,3574,2677,0.0,0.0,0,1,5
No Tactical,2,777,train,random,draw,3.0,16,97.0,5,Expert,0.05,0.05,1,3582,2684,0.8999999999999999,0.8999999999999999,0,0,8
No Tactical,2,778,train,random,player_win,-10.0,7,100.0,5,Expert,0.05,0.05,1,3585,2686,0.0,0.0,0,0,3
No Tactical,2,779,train,random,player_win,-10.0,9,100.0,5,Expert,0.05,0.05,1,3589,2689,0.0,0.0,0,0,4
No Tactical,2,780,train,random,player_win,-10.0,9,100.0,5,Expert,0.05,0.05,1,3593,2691,0.0,0.0,0,0,4
No Tactical,2,781,train,random,player_win,-10.0,5,100.0,5,Expert,0.05,0.05,1,3595,2692,0.0,0.0,0,1,1
No Tactical,2,782,train,random,agent_win,10.0,8,92.0,5,Expert,0.05,0.05,1,3599,2694,3.0,3.0,0,0,4
No Tactical,2,783,train,random,player_win,-10.0,9,100.0,5,Expert,0.05,0.05,1,3603,2697,0.0,0.0,0,0,4
No Tactical,2,784,train,random,player_win,-10.0,11,100.0,5,Expert,0.05,0.05,1,3608,2700,0.0,0.0,0,0,5
No Tactical,2,785,train,random,agent_win,10.0,8,92.0,5,Expert,0.05,0.05,1,3612,2703,3.0,3.0,0,1,3
No Tactical,2,786,train,random,agent_win,10.0,8,84.0,5,Expert,0.05,0.05,1,3616,2705,3.0,3.0,0,0,4
No Tactical,2,787,train,random,player_win,-10.0,9,94.0,5,Expert,0.05,0.05,1,3620,2707,0.0,0.0,0,0,4
No Tactical,2,788,train,random,agent_win,10.0,6,86.0,5,Expert,0.05,0.05,1,3623,2708,3.0,3.0,0,0,3
No Tactical,2,789,train,random,agent_win,10.0,8,78.0,4,Hard,0.05,0.05,1,3627,2711,3.0,3.0,0,0,4
No Tactical,2,790,train,random,agent_win,10.0,6,70.0,4,Hard,0.05,0.05,1,3630,2712,3.0,3.0,0,1,2
No Tactical,2,791,train,random,agent_win,10.0,8,62.0,3,Normal,0.05,0.05,1,3634,2714,3.0,3.0,0,0,4
No Tactical,2,792,train,random,player_win,-10.0,7,72.0,4,Hard,0.05,0.05,1,3637,2715,0.0,0.0,0,0,3
No Tactical,2,793,train,random,agent_win,10.0,10,64.0,3,Normal,0.05,0.05,1,3642,2717,3.0,3.0,0,1,4
No Tactical,2,794,train,random,player_win,-10.0,7,74.0,4,Hard,0.05,0.05,1,3645,2718,0.0,0.0,0,0,3
No Tactical,2,795,train,random,player_win,-10.0,11,84.0,5,Expert,0.05,0.05,1,3650,2721,0.0,0.0,0,1,4
No Tactical,2,796,train,random,player_win,-10.0,9,94.0,5,Expert,0.05,0.05,1,3654,2724,0.0,0.0,0,0,4
No Tactical,2,797,train,random,player_win,-10.0,9,100.0,5,Expert,0.05,0.05,1,3658,2727,0.0,0.0,0,1,3
No Tactical,2,798,train,random,player_win,-10.0,15,100.0,5,Expert,0.05,0.05,1,3665,2733,0.0,0.0,0,0,7
No Tactical,2,799,train,random,agent_win,10.0,6,92.0,5,Expert,0.05,0.05,1,3668,2734,3.0,3.0,0,0,3
No Tactical,2,800,train,random,agent_win,10.0,12,84.0,5,Expert,0.05,0.05,1,3674,2739,3.0,3.0,0,2,4
No Tactical,2,801,eval,random,player_win,-10.0,13,94.0,5,Expert,0.05,0.0,0,3674,2739,0.0,0.0,0,0,6
No Tactical,2,802,eval,random,player_win,-10.0,11,100.0,5,Expert,0.05,0.0,0,3674,2739,0.0,0.0,0,0,5
No Tactical,2,803,eval,random,player_win,-10.0,11,100.0,5,Expert,0.05,0.0,0,3674,2739,0.0,0.0,0,0,5
No Tactical,2,804,eval,random,agent_win,10.0,12,92.0,5,Expert,0.05,0.0,0,3674,2739,0.0,0.0,0,0,6
No Tactical,2,805,eval,random,player_win,-10.0,9,100.0,5,Expert,0.05,0.0,0,3674,2739,0.0,0.0,0,0,4
No Tactical,2,806,eval,random,agent_win,10.0,8,92.0,5,Expert,0.05,0.0,0,3674,2739,0.0,0.0,0,0,4
No Tactical,2,807,eval,random,agent_win,10.0,10,84.0,5,Expert,0.05,0.0,0,3674,2739,0.0,0.0,0,0,5
No Tactical,2,808,eval,random,agent_win,10.0,12,76.0,4,Hard,0.05,0.0,0,3674,2739,0.0,0.0,0,0,6
No Tactical,2,809,eval,random,agent_win,10.0,8,68.0,4,Hard,0.05,0.0,0,3674,2739,0.0,0.0,0,0,4
No Tactical,2,810,eval,random,player_win,-10.0,7,78.0,4,Hard,0.05,0.0,0,3674,2739,0.0,0.0,0,0,3
No Tactical,2,811,eval,random,player_win,-10.0,5,88.0,5,Expert,0.05,0.0,0,3674,2739,0.0,0.0,0,0,2
No Tactical,2,812,eval,random,player_win,-10.0,9,98.0,5,Expert,0.05,0.0,0,3674,2739,0.0,0.0,0,0,4
No Tactical,2,813,eval,random,player_win,-10.0,9,100.0,5,Expert,0.05,0.0,0,3674,2739,0.0,0.0,0,0,4
No Tactical,2,814,eval,random,player_win,-10.0,11,100.0,5,Expert,0.05,0.0,0,3674,2739,0.0,0.0,0,0,5
No Tactical,2,815,eval,random,player_win,-10.0,11,100.0,5,Expert,0.05,0.0,0,3674,2739,0.0,0.0,0,0,5
No Tactical,2,816,eval,random,agent_win,10.0,8,92.0,5,Expert,0.05,0.0,0,3674,2739,0.0,0.0,0,0,4
No Tactical,2,817,eval,random,agent_win,10.0,16,84.0,5,Expert,0.05,0.0,0,3674,2739,0.0,0.0,0,0,8
No Tactical,2,818,eval,random,player_win,-10.0,9,94.0,5,Expert,0.05,0.0,0,3674,2739,0.0,0.0,0,0,4
No Tactical,2,819,eval,random,player_win,-10.0,15,100.0,5,Expert,0.05,0.0,0,3674,2739,0.0,0.0,0,0,7
No Tactical,2,820,eval,random,player_win,-10.0,11,100.0,5,Expert,0.05,0.0,0,3674,2739,0.0,0.0,0,0,5
No Tactical,2,821,eval,random,player_win,-10.0,13,100.0,5,Expert,0.05,0.0,0,3674,2739,0.0,0.0,0,0,6
No Tactical,2,822,eval,random,agent_win,10.0,14,92.0,5,Expert,0.05,0.0,0,3674,2739,0.0,0.0,0,0,7
No Tactical,2,823,eval,random,agent_win,10.0,12,84.0,5,Expert,0.05,0.0,0,3674,2739,0.0,0.0,0,0,6
No Tactical,2,824,eval,random,agent_win,10.0,10,76.0,4,Hard,0.05,0.0,0,3674,2739,0.0,0.0,0,0,5
No Tactical,2,825,eval,random,agent_win,10.0,10,68.0,4,Hard,0.05,0.0,0,3674,2739,0.0,0.0,0,0,5
No Tactical,2,826,eval,random,agent_win,10.0,8,60.0,3,Normal,0.05,0.0,0,3674,2739,0.0,0.0,0,0,4
No Tactical,2,827,eval,random,agent_win,10.0,8,52.0,3,Normal,0.05,0.0,0,3674,2739,0.0,0.0,0,0,4
No Tactical,2,828,eval,random,player_win,-10.0,13,62.0,3,Normal,0.05,0.0,0,3674,2739,0.0,0.0,0,0,6
No Tactical,2,829,eval,random,player_win,-10.0,7,72.0,4,Hard,0.05,0.0,0,3674,2739,0.0,0.0,0,0,3
No Tactical,2,830,eval,random,agent_win,10.0,14,64.0,3,Normal,0.05,0.0,0,3674,2739,0.0,0.0,0,0,7
No Tactical,2,831,eval,random,agent_win,10.0,14,56.0,3,Normal,0.05,0.0,0,3674,2739,0.0,0.0,0,0,7
No Tactical,2,832,eval,random,agent_win,10.0,8,48.0,3,Normal,0.05,0.0,0,3674,2739,0.0,0.0,0,0,4
No Tactical,2,833,eval,random,player_win,-10.0,5,58.0,3,Normal,0.05,0.0,0,3674,2739,0.0,0.0,0,0,2
No Tactical,2,834,eval,random,player_win,-10.0,11,68.0,4,Hard,0.05,0.0,0,3674,2739,0.0,0.0,0,0,5
No Tactical,2,835,eval,random,agent_win,10.0,6,60.0,3,Normal,0.05,0.0,0,3674,2739,0.0,0.0,0,0,3
No Tactical,2,836,eval,random,player_win,-10.0,9,70.0,4,Hard,0.05,0.0,0,3674,2739,0.0,0.0,0,0,4
No Tactical,2,837,eval,random,player_win,-10.0,13,80.0,5,Expert,0.05,0.0,0,3674,2739,0.0,0.0,0,0,6
No Tactical,2,838,eval,random,player_win,-10.0,7,90.0,5,Expert,0.05,0.0,0,3674,2739,0.0,0.0,0,0,3
No Tactical,2,839,eval,random,agent_win,10.0,12,82.0,5,Expert,0.05,0.0,0,3674,2739,0.0,0.0,0,0,6
No Tactical,2,840,eval,random,agent_win,10.0,6,74.0,4,Hard,0.05,0.0,0,3674,2739,0.0,0.0,0,0,3
No Tactical,2,841,eval,random,agent_win,10.0,10,66.0,4,Hard,0.05,0.0,0,3674,2739,0.0,0.0,0,0,5
No Tactical,2,842,eval,random,agent_win,10.0,10,58.0,3,Normal,0.05,0.0,0,3674,2739,0.0,0.0,0,0,5
No Tactical,2,843,eval,random,player_win,-10.0,11,68.0,4,Hard,0.05,0.0,0,3674,2739,0.0,0.0,0,0,5
No Tactical,2,844,eval,random,player_win,-10.0,11,78.0,4,Hard,0.05,0.0,0,3674,2739,0.0,0.0,0,0,5
No Tactical,2,845,eval,random,player_win,-10.0,13,88.0,5,Expert,0.05,0.0,0,3674,2739,0.0,0.0,0,0,6
No Tactical,2,846,eval,random,agent_win,10.0,6,80.0,5,Expert,0.05,0.0,0,3674,2739,0.0,0.0,0,0,3
No Tactical,2,847,eval,random,player_win,-10.0,5,90.0,5,Expert,0.05,0.0,0,3674,2739,0.0,0.0,0,0,2
No Tactical,2,848,eval,random,player_win,-10.0,13,100.0,5,Expert,0.05,0.0,0,3674,2739,0.0,0.0,0,0,6
No Tactical,2,849,eval,random,player_win,-10.0,15,100.0,5,Expert,0.05,0.0,0,3674,2739,0.0,0.0,0,0,7
No Tactical,2,850,eval,random,agent_win,10.0,12,92.0,5,Expert,0.05,0.0,0,3674,2739,0.0,0.0,0,0,6
No Tactical,2,851,eval,random,player_win,-10.0,7,100.0,5,Expert,0.05,0.0,0,3674,2739,0.0,0.0,0,0,3
No Tactical,2,852,eval,random,agent_win,10.0,8,92.0,5,Expert,0.05,0.0,0,3674,2739,0.0,0.0,0,0,4
No Tactical,2,853,eval,random,player_win,-10.0,7,100.0,5,Expert,0.05,0.0,0,3674,2739,0.0,0.0,0,0,3
No Tactical,2,854,eval,random,player_win,-10.0,9,100.0,5,Expert,0.05,0.0,0,3674,2739,0.0,0.0,0,0,4
No Tactical,2,855,eval,random,agent_win,10.0,12,92.0,5,Expert,0.05,0.0,0,3674,2739,0.0,0.0,0,0,6
No Tactical,2,856,eval,random,agent_win,10.0,16,84.0,5,Expert,0.05,0.0,0,3674,2739,0.0,0.0,0,0,8
No Tactical,2,857,eval,random,player_win,-10.0,9,94.0,5,Expert,0.05,0.0,0,3674,2739,0.0,0.0,0,0,4
No Tactical,2,858,eval,random,player_win,-10.0,5,100.0,5,Expert,0.05,0.0,0,3674,2739,0.0,0.0,0,0,2
No Tactical,2,859,eval,random,player_win,-10.0,9,100.0,5,Expert,0.05,0.0,0,3674,2739,0.0,0.0,0,0,4
No Tactical,2,860,eval,random,player_win,-10.0,7,100.0,5,Expert,0.05,0.0,0,3674,2739,0.0,0.0,0,0,3
No Tactical,2,861,eval,random,agent_win,10.0,8,92.0,5,Expert,0.05,0.0,0,3674,2739,0.0,0.0,0,0,4
No Tactical,2,862,eval,random,player_win,-10.0,11,100.0,5,Expert,0.05,0.0,0,3674,2739,0.0,0.0,0,0,5
No Tactical,2,863,eval,random,player_win,-10.0,11,100.0,5,Expert,0.05,0.0,0,3674,2739,0.0,0.0,0,0,5
No Tactical,2,864,eval,random,player_win,-10.0,11,100.0,5,Expert,0.05,0.0,0,3674,2739,0.0,0.0,0,0,5
No Tactical,2,865,eval,random,agent_win,10.0,14,92.0,5,Expert,0.05,0.0,0,3674,2739,0.0,0.0,0,0,7
No Tactical,2,866,eval,random,agent_win,10.0,8,84.0,5,Expert,0.05,0.0,0,3674,2739,0.0,0.0,0,0,4
No Tactical,2,867,eval,random,agent_win,10.0,8,76.0,4,Hard,0.05,0.0,0,3674,2739,0.0,0.0,0,0,4
No Tactical,2,868,eval,random,player_win,-10.0,7,86.0,5,Expert,0.05,0.0,0,3674,2739,0.0,0.0,0,0,3
No Tactical,2,869,eval,random,player_win,-10.0,11,96.0,5,Expert,0.05,0.0,0,3674,2739,0.0,0.0,0,0,5
No Tactical,2,870,eval,random,agent_win,10.0,12,88.0,5,Expert,0.05,0.0,0,3674,2739,0.0,0.0,0,0,6
No Tactical,2,871,eval,random,agent_win,10.0,8,80.0,5,Expert,0.05,0.0,0,3674,2739,0.0,0.0,0,0,4
No Tactical,2,872,eval,random,agent_win,10.0,12,72.0,4,Hard,0.05,0.0,0,3674,2739,0.0,0.0,0,0,6
No Tactical,2,873,eval,random,player_win,-10.0,11,82.0,5,Expert,0.05,0.0,0,3674,2739,0.0,0.0,0,0,5
No Tactical,2,874,eval,random,agent_win,10.0,6,74.0,4,Hard,0.05,0.0,0,3674,2739,0.0,0.0,0,0,3
No Tactical,2,875,eval,random,agent_win,10.0,10,66.0,4,Hard,0.05,0.0,0,3674,2739,0.0,0.0,0,0,5
No Tactical,2,876,eval,random,player_win,-10.0,9,76.0,4,Hard,0.05,0.0,0,3674,2739,0.0,0.0,0,0,4
No Tactical,2,877,eval,random,player_win,-10.0,11,86.0,5,Expert,0.05,0.0,0,3674,2739,0.0,0.0,0,0,5
No Tactical,2,878,eval,random,player_win,-10.0,11,96.0,5,Expert,0.05,0.0,0,3674,2739,0.0,0.0,0,0,5
No Tactical,2,879,eval,random,player_win,-10.0,7,100.0,5,Expert,0.05,0.0,0,3674,2739,0.0,0.0,0,0,3
No Tactical,2,880,eval,random,player_win,-10.0,13,100.0,5,Expert,0.05,0.0,0,3674,2739,0.0,0.0,0,0,6
No Tactical,2,881,eval,random,player_win,-10.0,7,100.0,5,Expert,0.05,0.0,0,3674,2739,0.0,0.0,0,0,3
No Tactical,2,882,eval,random,player_win,-10.0,11,100.0,5,Expert,0.05,0.0,0,3674,2739,0.0,0.0,0,0,5
No Tactical,2,883,eval,random,player_win,-10.0,9,100.0,5,Expert,0.05,0.0,0,3674,2739,0.0,0.0,0,0,4
No Tactical,2,884,eval,random,player_win,-10.0,11,100.0,5,Expert,0.05,0.0,0,3674,2739,0.0,0.0,0,0,5
No Tactical,2,885,eval,random,player_win,-10.0,9,100.0,5,Expert,0.05,0.0,0,3674,2739,0.0,0.0,0,0,4
No Tactical,2,886,eval,random,agent_win,10.0,8,92.0,5,Expert,0.05,0.0,0,3674,2739,0.0,0.0,0,0,4
No Tactical,2,887,eval,random,player_win,-10.0,9,100.0,5,Expert,0.05,0.0,0,3674,2739,0.0,0.0,0,0,4
No Tactical,2,888,eval,random,agent_win,10.0,12,92.0,5,Expert,0.05,0.0,0,3674,2739,0.0,0.0,0,0,6
No Tactical,2,889,eval,random,player_win,-10.0,9,100.0,5,Expert,0.05,0.0,0,3674,2739,0.0,0.0,0,0,4
No Tactical,2,890,eval,random,player_win,-10.0,7,100.0,5,Expert,0.05,0.0,0,3674,2739,0.0,0.0,0,0,3
No Tactical,2,891,eval,random,player_win,-10.0,11,100.0,5,Expert,0.05,0.0,0,3674,2739,0.0,0.0,0,0,5
No Tactical,2,892,eval,random,player_win,-10.0,7,100.0,5,Expert,0.05,0.0,0,3674,2739,0.0,0.0,0,0,3
No Tactical,2,893,eval,random,player_win,-10.0,9,100.0,5,Expert,0.05,0.0,0,3674,2739,0.0,0.0,0,0,4
No Tactical,2,894,eval,random,player_win,-10.0,9,100.0,5,Expert,0.05,0.0,0,3674,2739,0.0,0.0,0,0,4
No Tactical,2,895,eval,random,player_win,-10.0,9,100.0,5,Expert,0.05,0.0,0,3674,2739,0.0,0.0,0,0,4
No Tactical,2,896,eval,random,agent_win,10.0,12,92.0,5,Expert,0.05,0.0,0,3674,2739,0.0,0.0,0,0,6
No Tactical,2,897,eval,random,agent_win,10.0,12,84.0,5,Expert,0.05,0.0,0,3674,2739,0.0,0.0,0,0,6
No Tactical,2,898,eval,random,player_win,-10.0,9,94.0,5,Expert,0.05,0.0,0,3674,2739,0.0,0.0,0,0,4
No Tactical,2,899,eval,random,player_win,-10.0,11,100.0,5,Expert,0.05,0.0,0,3674,2739,0.0,0.0,0,0,5
No Tactical,2,900,eval,random,agent_win,10.0,8,92.0,5,Expert,0.05,0.0,0,3674,2739,0.0,0.0,0,0,4
No Tactical,2,901,eval,random,player_win,-10.0,9,100.0,5,Expert,0.05,0.0,0,3674,2739,0.0,0.0,0,0,4
No Tactical,2,902,eval,random,player_win,-10.0,9,100.0,5,Expert,0.05,0.0,0,3674,2739,0.0,0.0,0,0,4
No Tactical,2,903,eval,random,agent_win,10.0,12,92.0,5,Expert,0.05,0.0,0,3674,2739,0.0,0.0,0,0,6
No Tactical,2,904,eval,random,agent_win,10.0,10,84.0,5,Expert,0.05,0.0,0,3674,2739,0.0,0.0,0,0,5
No Tactical,2,905,eval,random,agent_win,10.0,12,76.0,4,Hard,0.05,0.0,0,3674,2739,0.0,0.0,0,0,6
No Tactical,2,906,eval,random,player_win,-10.0,13,86.0,5,Expert,0.05,0.0,0,3674,2739,0.0,0.0,0,0,6
No Tactical,2,907,eval,random,agent_win,10.0,10,78.0,4,Hard,0.05,0.0,0,3674,2739,0.0,0.0,0,0,5
No Tactical,2,908,eval,random,player_win,-10.0,7,88.0,5,Expert,0.05,0.0,0,3674,2739,0.0,0.0,0,0,3
No Tactical,2,909,eval,random,agent_win,10.0,6,80.0,5,Expert,0.05,0.0,0,3674,2739,0.0,0.0,0,0,3
No Tactical,2,910,eval,random,player_win,-10.0,11,90.0,5,Expert,0.05,0.0,0,3674,2739,0.0,0.0,0,0,5
No Tactical,2,911,eval,random,player_win,-10.0,11,100.0,5,Expert,0.05,0.0,0,3674,2739,0.0,0.0,0,0,5
No Tactical,2,912,eval,random,agent_win,10.0,8,92.0,5,Expert,0.05,0.0,0,3674,2739,0.0,0.0,0,0,4
No Tactical,2,913,eval,random,player_win,-10.0,9,100.0,5,Expert,0.05,0.0,0,3674,2739,0.0,0.0,0,0,4
No Tactical,2,914,eval,random,player_win,-10.0,7,100.0,5,Expert,0.05,0.0,0,3674,2739,0.0,0.0,0,0,3
No Tactical,2,915,eval,random,player_win,-10.0,7,100.0,5,Expert,0.05,0.0,0,3674,2739,0.0,0.0,0,0,3
No Tactical,2,916,eval,random,player_win,-10.0,9,100.0,5,Expert,0.05,0.0,0,3674,2739,0.0,0.0,0,0,4
No Tactical,2,917,eval,random,agent_win,10.0,12,92.0,5,Expert,0.05,0.0,0,3674,2739,0.0,0.0,0,0,6
No Tactical,2,918,eval,random,player_win,-10.0,9,100.0,5,Expert,0.05,0.0,0,3674,2739,0.0,0.0,0,0,4
No Tactical,2,919,eval,random,player_win,-10.0,9,100.0,5,Expert,0.05,0.0,0,3674,2739,0.0,0.0,0,0,4
No Tactical,2,920,eval,random,agent_win,10.0,12,92.0,5,Expert,0.05,0.0,0,3674,2739,0.0,0.0,0,0,6
No Tactical,2,921,eval,random,player_win,-10.0,9,100.0,5,Expert,0.05,0.0,0,3674,2739,0.0,0.0,0,0,4
No Tactical,2,922,eval,random,agent_win,10.0,14,92.0,5,Expert,0.05,0.0,0,3674,2739,0.0,0.0,0,0,7
No Tactical,2,923,eval,random,agent_win,10.0,10,84.0,5,Expert,0.05,0.0,0,3674,2739,0.0,0.0,0,0,5
No Tactical,2,924,eval,random,agent_win,10.0,10,76.0,4,Hard,0.05,0.0,0,3674,2739,0.0,0.0,0,0,5
No Tactical,2,925,eval,random,agent_win,10.0,12,68.0,4,Hard,0.05,0.0,0,3674,2739,0.0,0.0,0,0,6
No Tactical,2,926,eval,random,agent_win,10.0,10,60.0,3,Normal,0.05,0.0,0,3674,2739,0.0,0.0,0,0,5
No Tactical,2,927,eval,random,player_win,-10.0,7,70.0,4,Hard,0.05,0.0,0,3674,2739,0.0,0.0,0,0,3
No Tactical,2,928,eval,random,player_win,-10.0,9,80.0,5,Expert,0.05,0.0,0,3674,2739,0.0,0.0,0,0,4
No Tactical,2,929,eval,random,player_win,-10.0,7,90.0,5,Expert,0.05,0.0,0,3674,2739,0.0,0.0,0,0,3
No Tactical,2,930,eval,random,player_win,-10.0,7,100.0,5,Expert,0.05,0.0,0,3674,2739,0.0,0.0,0,0,3
No Tactical,2,931,eval,random,player_win,-10.0,9,100.0,5,Expert,0.05,0.0,0,3674,2739,0.0,0.0,0,0,4
No Tactical,2,932,eval,random,player_win,-10.0,9,100.0,5,Expert,0.05,0.0,0,3674,2739,0.0,0.0,0,0,4
No Tactical,2,933,eval,random,agent_win,10.0,8,92.0,5,Expert,0.05,0.0,0,3674,2739,0.0,0.0,0,0,4
No Tactical,2,934,eval,random,agent_win,10.0,8,84.0,5,Expert,0.05,0.0,0,3674,2739,0.0,0.0,0,0,4
No Tactical,2,935,eval,random,player_win,-10.0,7,94.0,5,Expert,0.05,0.0,0,3674,2739,0.0,0.0,0,0,3
No Tactical,2,936,eval,random,player_win,-10.0,9,100.0,5,Expert,0.05,0.0,0,3674,2739,0.0,0.0,0,0,4
No Tactical,2,937,eval,random,player_win,-10.0,7,100.0,5,Expert,0.05,0.0,0,3674,2739,0.0,0.0,0,0,3
No Tactical,2,938,eval,random,player_win,-10.0,5,100.0,5,Expert,0.05,0.0,0,3674,2739,0.0,0.0,0,0,2
No Tactical,2,939,eval,random,agent_win,10.0,12,92.0,5,Expert,0.05,0.0,0,3674,2739,0.0,0.0,0,0,6
No Tactical,2,940,eval,random,player_win,-10.0,11,100.0,5,Expert,0.05,0.0,0,3674,2739,0.0,0.0,0,0,5
No Tactical,2,941,eval,random,player_win,-10.0,11,100.0,5,Expert,0.05,0.0,0,3674,2739,0.0,0.0,0,0,5
No Tactical,2,942,eval,random,player_win,-10.0,9,100.0,5,Expert,0.05,0.0,0,3674,2739,0.0,0.0,0,0,4
No Tactical,2,943,eval,random,agent_win,10.0,10,92.0,5,Expert,0.05,0.0,0,3674,2739,0.0,0.0,0,0,5
No Tactical,2,944,eval,random,player_win,-10.0,7,100.0,5,Expert,0.05,0.0,0,3674,2739,0.0,0.0,0,0,3
No Tactical,2,945,eval,random,player_win,-10.0,7,100.0,5,Expert,0.05,0.0,0,3674,2739,0.0,0.0,0,0,3
No Tactical,2,946,eval,random,agent_win,10.0,12,92.0,5,Expert,0.05,0.0,0,3674,2739,0.0,0.0,0,0,6
No Tactical,2,947,eval,random,agent_win,10.0,10,84.0,5,Expert,0.05,0.0,0,3674,2739,0.0,0.0,0,0,5
No Tactical,2,948,eval,random,agent_win,10.0,12,76.0,4,Hard,0.05,0.0,0,3674,2739,0.0,0.0,0,0,6
No Tactical,2,949,eval,random,agent_win,10.0,10,68.0,4,Hard,0.05,0.0,0,3674,2739,0.0,0.0,0,0,5
No Tactical,2,950,eval,random,agent_win,10.0,10,60.0,3,Normal,0.05,0.0,0,3674,2739,0.0,0.0,0,0,5
No Tactical,2,951,eval,random,player_win,-10.0,9,70.0,4,Hard,0.05,0.0,0,3674,2739,0.0,0.0,0,0,4
No Tactical,2,952,eval,random,agent_win,10.0,8,62.0,3,Normal,0.05,0.0,0,3674,2739,0.0,0.0,0,0,4
No Tactical,2,953,eval,random,player_win,-10.0,11,72.0,4,Hard,0.05,0.0,0,3674,2739,0.0,0.0,0,0,5
No Tactical,2,954,eval,random,player_win,-10.0,5,82.0,5,Expert,0.05,0.0,0,3674,2739,0.0,0.0,0,0,2
No Tactical,2,955,eval,random,agent_win,10.0,8,74.0,4,Hard,0.05,0.0,0,3674,2739,0.0,0.0,0,0,4
No Tactical,2,956,eval,random,agent_win,10.0,6,66.0,4,Hard,0.05,0.0,0,3674,2739,0.0,0.0,0,0,3
No Tactical,2,957,eval,random,player_win,-10.0,13,76.0,4,Hard,0.05,0.0,0,3674,2739,0.0,0.0,0,0,6
No Tactical,2,958,eval,random,agent_win,10.0,8,68.0,4,Hard,0.05,0.0,0,3674,2739,0.0,0.0,0,0,4
No Tactical,2,959,eval,random,player_win,-10.0,9,78.0,4,Hard,0.05,0.0,0,3674,2739,0.0,0.0,0,0,4
No Tactical,2,960,eval,random,player_win,-10.0,7,88.0,5,Expert,0.05,0.0,0,3674,2739,0.0,0.0,0,0,3
No Tactical,2,961,eval,random,agent_win,10.0,10,80.0,5,Expert,0.05,0.0,0,3674,2739,0.0,0.0,0,0,5
No Tactical,2,962,eval,random,agent_win,10.0,10,72.0,4,Hard,0.05,0.0,0,3674,2739,0.0,0.0,0,0,5
No Tactical,2,963,eval,random,agent_win,10.0,12,64.0,3,Normal,0.05,0.0,0,3674,2739,0.0,0.0,0,0,6
No Tactical,2,964,eval,random,player_win,-10.0,13,74.0,4,Hard,0.05,0.0,0,3674,2739,0.0,0.0,0,0,6
No Tactical,2,965,eval,random,player_win,-10.0,11,84.0,5,Expert,0.05,0.0,0,3674,2739,0.0,0.0,0,0,5
No Tactical,2,966,eval,random,player_win,-10.0,11,94.0,5,Expert,0.05,0.0,0,3674,2739,0.0,0.0,0,0,5
No Tactical,2,967,eval,random,player_win,-10.0,13,100.0,5,Expert,0.05,0.0,0,3674,2739,0.0,0.0,0,0,6
No Tactical,2,968,eval,random,agent_win,10.0,10,92.0,5,Expert,0.05,0.0,0,3674,2739,0.0,0.0,0,0,5
No Tactical,2,969,eval,random,agent_win,10.0,8,84.0,5,Expert,0.05,0.0,0,3674,2739,0.0,0.0,0,0,4
No Tactical,2,970,eval,random,player_win,-10.0,9,94.0,5,Expert,0.05,0.0,0,3674,2739,0.0,0.0,0,0,4
No Tactical,2,971,eval,random,player_win,-10.0,13,100.0,5,Expert,0.05,0.0,0,3674,2739,0.0,0.0,0,0,6
No Tactical,2,972,eval,random,agent_win,10.0,8,92.0,5,Expert,0.05,0.0,0,3674,2739,0.0,0.0,0,0,4
No Tactical,2,973,eval,random,player_win,-10.0,9,100.0,5,Expert,0.05,0.0,0,3674,2739,0.0,0.0,0,0,4
No Tactical,2,974,eval,random,agent_win,10.0,12,92.0,5,Expert,0.05,0.0,0,3674,2739,0.0,0.0,0,0,6
No Tactical,2,975,eval,random,agent_win,10.0,6,84.0,5,Expert,0.05,0.0,0,3674,2739,0.0,0.0,0,0,3
No Tactical,2,976,eval,random,player_win,-10.0,11,94.0,5,Expert,0.05,0.0,0,3674,2739,0.0,0.0,0,0,5
No Tactical,2,977,eval,random,player_win,-10.0,7,100.0,5,Expert,0.05,0.0,0,3674,2739,0.0,0.0,0,0,3
No Tactical,2,978,eval,random,agent_win,10.0,8,92.0,5,Expert,0.05,0.0,0,3674,2739,0.0,0.0,0,0,4
No Tactical,2,979,eval,random,agent_win,10.0,10,84.0,5,Expert,0.05,0.0,0,3674,2739,0.0,0.0,0,0,5
No Tactical,2,980,eval,random,player_win,-10.0,7,94.0,5,Expert,0.05,0.0,0,3674,2739,0.0,0.0,0,0,3
No Tactical,2,981,eval,random,agent_win,10.0,6,86.0,5,Expert,0.05,0.0,0,3674,2739,0.0,0.0,0,0,3
No Tactical,2,982,eval,random,agent_win,10.0,12,78.0,4,Hard,0.05,0.0,0,3674,2739,0.0,0.0,0,0,6
No Tactical,2,983,eval,random,player_win,-10.0,11,88.0,5,Expert,0.05,0.0,0,3674,2739,0.0,0.0,0,0,5
No Tactical,2,984,eval,random,player_win,-10.0,7,98.0,5,Expert,0.05,0.0,0,3674,2739,0.0,0.0,0,0,3
No Tactical,2,985,eval,random,player_win,-10.0,7,100.0,5,Expert,0.05,0.0,0,3674,2739,0.0,0.0,0,0,3
No Tactical,2,986,eval,random,player_win,-10.0,9,100.0,5,Expert,0.05,0.0,0,3674,2739,0.0,0.0,0,0,4
No Tactical,2,987,eval,random,agent_win,10.0,14,92.0,5,Expert,0.05,0.0,0,3674,2739,0.0,0.0,0,0,7
No Tactical,2,988,eval,random,agent_win,10.0,6,84.0,5,Expert,0.05,0.0,0,3674,2739,0.0,0.0,0,0,3
No Tactical,2,989,eval,random,agent_win,10.0,6,76.0,4,Hard,0.05,0.0,0,3674,2739,0.0,0.0,0,0,3
No Tactical,2,990,eval,random,agent_win,10.0,6,68.0,4,Hard,0.05,0.0,0,3674,2739,0.0,0.0,0,0,3
No Tactical,2,991,eval,random,player_win,-10.0,9,78.0,4,Hard,0.05,0.0,0,3674,2739,0.0,0.0,0,0,4
No Tactical,2,992,eval,random,player_win,-10.0,9,88.0,5,Expert,0.05,0.0,0,3674,2739,0.0,0.0,0,0,4
No Tactical,2,993,eval,random,player_win,-10.0,13,98.0,5,Expert,0.05,0.0,0,3674,2739,0.0,0.0,0,0,6
No Tactical,2,994,eval,random,player_win,-10.0,11,100.0,5,Expert,0.05,0.0,0,3674,2739,0.0,0.0,0,0,5
No Tactical,2,995,eval,random,agent_win,10.0,10,92.0,5,Expert,0.05,0.0,0,3674,2739,0.0,0.0,0,0,5
No Tactical,2,996,eval,random,player_win,-10.0,7,100.0,5,Expert,0.05,0.0,0,3674,2739,0.0,0.0,0,0,3
No Tactical,2,997,eval,random,player_win,-10.0,11,100.0,5,Expert,0.05,0.0,0,3674,2739,0.0,0.0,0,0,5
No Tactical,2,998,eval,random,player_win,-10.0,9,100.0,5,Expert,0.05,0.0,0,3674,2739,0.0,0.0,0,0,4
No Tactical,2,999,eval,random,player_win,-10.0,11,100.0,5,Expert,0.05,0.0,0,3674,2739,0.0,0.0,0,0,5
No Tactical,2,1000,eval,random,agent_win,10.0,10,92.0,5,Expert,0.05,0.0,0,3674,2739,0.0,0.0,0,0,5
No Tactical,3,1,train,random,agent_win,10.0,10,42.0,1,Very Easy,0.95,1.0,1,5,5,3.0,3.0,0,5,0
No Tactical,3,2,train,random,player_win,-10.0,9,52.0,1,Very Easy,0.9025,1.0,1,9,9,0.0,0.0,0,4,0
No Tactical,3,3,train,random,agent_win,10.0,12,44.0,2,Easy,0.8573749999999999,0.9431124999999999,1,15,15,3.0,3.0,0,6,0
No Tactical,3,4,train,random,agent_win,10.0,10,36.0,2,Easy,0.8145062499999999,0.895956875,1,20,20,3.0,3.0,0,5,0
No Tactical,3,5,train,random,player_win,-10.0,9,46.0,3,Normal,0.7737809374999999,0.6190247499999999,1,24,24,0.0,0.0,0,4,0
No Tactical,3,6,train,random,player_win,-10.0,7,56.0,3,Normal,0.7350918906249998,0.5880735124999998,1,27,27,0.0,0.0,0,1,2
No Tactical,3,7,train,random,player_win,-10.0,13,66.0,4,Hard,0.6983372960937497,0.34916864804687486,1,33,33,0.0,0.0,0,3,3
No Tactical,3,8,train,random,player_win,-10.0,11,76.0,4,Hard,0.6634204312890623,0.3317102156445311,1,38,38,0.0,0.0,0,2,3
No Tactical,3,9,train,random,player_win,-10.0,7,86.0,5,Expert,0.6302494097246091,0.15756235243115227,1,41,40,0.0,0.0,0,0,3
No Tactical,3,10,train,random,agent_win,10.0,8,78.0,4,Hard,0.5987369392383786,0.2993684696191893,1,45,43,3.0,3.0,0,2,2
No Tactical,3,11,train,random,player_win,-10.0,11,88.0,5,Expert,0.5688000922764596,0.1422000230691149,1,50,47,0.0,0.0,0,1,4
No Tactical,3,12,train,random,agent_win,10.0,8,80.0,5,Expert,0.5403600876626365,0.13509002191565914,1,54,51,3.0,3.0,0,1,3
No Tactical,3,13,train,random,player_win,-10.0,11,90.0,5,Expert,0.5133420832795047,0.12833552081987618,1,59,56,0.0,0.0,0,1,4
No Tactical,3,14,train,random,agent_win,10.0,12,82.0,5,Expert,0.48767497911552943,0.12191874477888236,1,65,61,3.0,3.0,0,0,6
No Tactical,3,15,train,random,player_win,-10.0,11,92.0,5,Expert,0.46329123015975293,0.11582280753993823,1,70,65,0.0,0.0,0,2,3
No Tactical,3,16,train,random,agent_win,10.0,10,84.0,5,Expert,0.44012666865176525,0.11003166716294131,1,75,69,3.0,3.0,0,1,4
No Tactical,3,17,train,random,agent_win,10.0,14,76.0,4,Hard,0.41812033521917696,0.20906016760958848,1,82,76,3.0,3.0,0,1,6
No Tactical,3,18,train,random,agent_win,10.0,8,68.0,4,Hard,0.3972143184582181,0.19860715922910904,1,86,79,3.0,3.0,0,0,4
No Tactical,3,19,train,random,agent_win,10.0,12,60.0,3,Normal,0.37735360253530714,0.30188288202824576,1,92,84,3.0,3.0,0,1,5
No Tactical,3,20,train,random,agent_win,10.0,14,52.0,3,Normal,0.35848592240854177,0.2867887379268334,1,99,91,3.0,3.0,0,2,5
No Tactical,3,21,train,random,agent_win,10.0,10,44.0,2,Easy,0.34056162628811465,0.37461778891692615,1,104,95,3.0,3.0,0,1,4
No Tactical,3,22,train,random,player_win,-10.0,13,54.0,3,Normal,0.3235335449737089,0.2588268359789671,1,110,100,0.0,0.0,0,3,3
No Tactical,3,23,train,random,agent_win,10.0,8,46.0,3,Normal,0.30735686772502346,0.2458854941800188,1,114,103,3.0,3.0,0,1,3
No Tactical,3,24,train,random,player_win,-10.0,13,56.0,3,Normal,0.2919890243387723,0.23359121947101782,1,120,108,0.0,0.0,0,1,5
No Tactical,3,25,train,random,player_win,-10.0,15,66.0,4,Hard,0.27738957312183365,0.13869478656091683,1,127,115,0.0,0.0,0,1,6
No Tactical,3,26,train,random,player_win,-10.0,11,76.0,4,Hard,0.263520094465742,0.131760047232871,1,132,119,0.0,0.0,0,2,3
No Tactical,3,27,train,random,player_win,-10.0,13,86.0,5,Expert,0.25034408974245487,0.06258602243561372,1,138,125,0.0,0.0,0,1,5
No Tactical,3,28,train,random,player_win,-10.0,7,96.0,5,Expert,0.2378268852553321,0.059456721313833026,1,141,127,0.0,0.0,0,0,3
No Tactical,3,29,train,random,player_win,-10.0,11,100.0,5,Expert,0.2259355409925655,0.05648388524814137,1,146,132,0.0,0.0,0,0,5
No Tactical,3,30,train,random,player_win,-10.0,9,100.0,5,Expert,0.2146387639429372,0.0536596909857343,1,150,135,0.0,0.0,0,0,4
No Tactical,3,31,train,random,player_win,-10.0,7,100.0,5,Expert,0.20390682574579033,0.05097670643644758,1,153,137,0.0,0.0,0,0,3
No Tactical,3,32,train,random,player_win,-10.0,11,100.0,5,Expert,0.1937114844585008,0.05,1,158,141,0.0,0.0,0,1,4
No Tactical,3,33,train,random,player_win,-10.0,5,100.0,5,Expert,0.18402591023557577,0.05,1,160,142,0.0,0.0,0,0,2
No Tactical,3,34,train,random,player_win,-10.0,9,100.0,5,Expert,0.17482461472379698,0.05,1,164,145,0.0,0.0,0,0,4
No Tactical,3,35,train,random,player_win,-10.0,7,100.0,5,Expert,0.16608338398760714,0.05,1,167,147,0.0,0.0,0,0,3
No Tactical,3,36,train,random,player_win,-10.0,5,100.0,5,Expert,0.15777921478822676,0.05,1,169,149,0.0,0.0,0,0,2
No Tactical,3,37,train,random,player_win,-10.0,11,100.0,5,Expert,0.14989025404881542,0.05,1,174,153,0.0,0.0,0,0,5
No Tactical,3,38,train,random,agent_win,10.0,8,92.0,5,Expert,0.14239574134637464,0.05,1,178,156,3.0,3.0,0,0,4
No Tactical,3,39,train,random,player_win,-10.0,11,100.0,5,Expert,0.1352759542790559,0.05,1,183,160,0.0,0.0,0,2,3
No Tactical,3,40,train,random,agent_win,10.0,10,92.0,5,Expert,0.1285121565651031,0.05,1,188,164,3.0,3.0,0,1,4
No Tactical,3,41,train,random,player_win,-10.0,5,100.0,5,Expert,0.12208654873684793,0.05,1,190,165,0.0,0.0,0,0,2
No Tactical,3,42,train,random,player_win,-10.0,13,100.0,5,Expert,0.11598222130000553,0.05,1,196,170,0.0,0.0,0,0,6
No Tactical,3,43,train,random,agent_win,10.0,10,92.0,5,Expert,0.11018311023500525,0.05,1,201,174,3.0,3.0,0,0,5
No Tactical,3,44,train,random,player_win,-10.0,9,100.0,5,Expert,0.10467395472325498,0.05,1,205,177,0.0,0.0,0,0,4
No Tactical,3,45,train,random,agent_win,10.0,12,92.0,5,Expert,0.09944025698709223,0.05,1,211,182,3.0,3.0,0,0,6
No Tactical,3,46,train,random,player_win,-10.0,11,100.0,5,Expert,0.09446824413773762,0.05,1,216,186,0.0,0.0,0,0,5
No Tactical,3,47,train,random,agent_win,10.0,8,92.0,5,Expert,0.08974483193085074,0.05,1,220,189,3.0,3.0,0,0,4
No Tactical,3,48,train,random,agent_win,10.0,12,84.0,5,Expert,0.0852575903343082,0.05,1,226,194,3.0,3.0,0,1,5
No Tactical,3,49,train,random,agent_win,10.0,10,76.0,4,Hard,0.08099471081759278,0.05,1,231,198,3.0,3.0,0,0,5
No Tactical,3,50,train,random,player_win,-10.0,9,86.0,5,Expert,0.07694497527671314,0.05,1,235,201,0.0,0.0,0,0,4
No Tactical,3,51,train,random,player_win,-10.0,11,96.0,5,Expert,0.07309772651287748,0.05,1,240,205,0.0,0.0,0,0,5
No Tactical,3,52,train,random,player_win,-10.0,7,100.0,5,Expert,0.0694428401872336,0.05,1,243,207,0.0,0.0,0,0,3
No Tactical,3,53,train,random,player_win,-10.0,7,100.0,5,Expert,0.0659706981778719,0.05,1,246,209,0.0,0.0,0,1,2
No Tactical,3,54,train,random,agent_win,10.0,12,92.0,5,Expert,0.0626721632689783,0.05,1,252,214,3.0,3.0,0,1,5
No Tactical,3,55,train,random,player_win,-10.0,11,100.0,5,Expert,0.059538555105529384,0.05,1,257,218,0.0,0.0,0,1,4
No Tactical,3,56,train,random,player_win,-10.0,11,100.0,5,Expert,0.05656162735025291,0.05,1,262,222,0.0,0.0,0,0,5
No Tactical,3,57,train,random,agent_win,10.0,12,92.0,5,Expert,0.053733545982740265,0.05,1,268,227,3.0,3.0,0,0,6
No Tactical,3,58,train,random,agent_win,10.0,12,84.0,5,Expert,0.05104686868360325,0.05,1,274,232,3.0,3.0,0,0,6
No Tactical,3,59,train,random,agent_win,10.0,12,76.0,4,Hard,0.05,0.05,1,280,237,3.0,3.0,0,0,6
No Tactical,3,60,train,random,agent_win,10.0,10,68.0,4,Hard,0.05,0.05,1,285,241,3.0,3.0,0,0,5
No Tactical,3,61,train,random,player_win,-10.0,11,78.0,4,Hard,0.05,0.05,1,290,245,0.0,0.0,0,0,5
No Tactical,3,62,train,random,agent_win,10.0,10,70.0,4,Hard,0.05,0.05,1,295,248,3.0,3.0,0,0,5
No Tactical,3,63,train,random,player_win,-10.0,7,80.0,5,Expert,0.05,0.05,1,298,250,0.0,0.0,0,0,3
No Tactical,3,64,train,random,player_win,-10.0,11,90.0,5,Expert,0.05,0.05,1,303,254,0.0,0.0,0,0,5
No Tactical,3,65,train,random,agent_win,10.0,8,82.0,5,Expert,0.05,0.05,1,307,257,3.0,3.0,0,0,4
No Tactical,3,66,train,random,player_win,-10.0,11,92.0,5,Expert,0.05,0.05,1,312,261,0.0,0.0,0,1,4
No Tactical,3,67,train,random,player_win,-10.0,13,100.0,5,Expert,0.05,0.05,1,318,266,0.0,0.0,0,0,6
No Tactical,3,68,train,random,agent_win,10.0,10,92.0,5,Expert,0.05,0.05,1,323,270,3.0,3.0,0,0,5
No Tactical,3,69,train,random,agent_win,10.0,8,84.0,5,Expert,0.05,0.05,1,327,273,3.0,3.0,0,0,4
No Tactical,3,70,train,random,player_win,-10.0,5,94.0,5,Expert,0.05,0.05,1,329,274,0.0,0.0,0,1,1
No Tactical,3,71,train,random,agent_win,10.0,14,86.0,5,Expert,0.05,0.05,1,336,280,3.0,3.0,0,0,7
No Tactical,3,72,train,random,agent_win,10.0,8,78.0,4,Hard,0.05,0.05,1,340,283,3.0,3.0,0,0,4
No Tactical,3,73,train,random,player_win,-10.0,7,88.0,5,Expert,0.05,0.05,1,343,285,0.0,0.0,0,0,3
No Tactical,3,74,train,random,player_win,-10.0,9,98.0,5,Expert,0.05,0.05,1,347,288,0.0,0.0,0,0,4
No Tactical,3,75,train,random,player_win,-10.0,9,100.0,5,Expert,0.05,0.05,1,351,291,0.0,0.0,0,0,4
No Tactical,3,76,train,random,agent_win,10.0,10,92.0,5,Expert,0.05,0.05,1,356,295,3.0,3.0,0,0,5
No Tactical,3,77,train,random,agent_win,10.0,10,84.0,5,Expert,0.05,0.05,1,361,299,3.0,3.0,0,1,4
No Tactical,3,78,train,random,player_win,-10.0,9,94.0,5,Expert,0.05,0.05,1,365,302,0.0,0.0,0,1,3
No Tactical,3,79,train,random,player_win,-10.0,11,100.0,5,Expert,0.05,0.05,1,370,305,0.0,0.0,0,3,2
No Tactical,3,80,train,random,player_win,-10.0,11,100.0,5,Expert,0.05,0.05,1,375,309,0.0,0.0,0,0,5
No Tactical,3,81,train,random,player_win,-10.0,9,100.0,5,Expert,0.05,0.05,1,379,312,0.0,0.0,0,0,4
No Tactical,3,82,train,random,agent_win,10.0,10,92.0,5,Expert,0.05,0.05,1,384,316,3.0,3.0,0,0,5
No Tactical,3,83,train,random,player_win,-10.0,9,100.0,5,Expert,0.05,0.05,1,388,319,0.0,0.0,0,0,4
No Tactical,3,84,train,random,player_win,-10.0,9,100.0,5,Expert,0.05,0.05,1,392,322,0.0,0.0,0,0,4
No Tactical,3,85,train,random,agent_win,10.0,10,92.0,5,Expert,0.05,0.05,1,397,326,3.0,3.0,0,0,5
No Tactical,3,86,train,random,agent_win,10.0,12,84.0,5,Expert,0.05,0.05,1,403,331,3.0,3.0,0,0,6
No Tactical,3,87,train,random,agent_win,10.0,8,76.0,4,Hard,0.05,0.05,1,407,334,3.0,3.0,0,0,4
No Tactical,3,88,train,random,player_win,-10.0,13,86.0,5,Expert,0.05,0.05,1,413,339,0.0,0.0,0,0,6
No Tactical,3,89,train,random,player_win,-10.0,15,96.0,5,Expert,0.05,0.05,1,420,345,0.0,0.0,0,2,5
No Tactical,3,90,train,random,agent_win,10.0,14,88.0,5,Expert,0.05,0.05,1,427,351,3.0,3.0,0,0,7
No Tactical,3,91,train,random,agent_win,10.0,10,80.0,5,Expert,0.05,0.05,1,432,355,3.0,3.0,0,0,5
No Tactical,3,92,train,random,player_win,-10.0,11,90.0,5,Expert,0.05,0.05,1,437,359,0.0,0.0,0,1,4
No Tactical,3,93,train,random,agent_win,10.0,10,82.0,5,Expert,0.05,0.05,1,442,363,3.0,3.0,0,0,5
No Tactical,3,94,train,random,agent_win,10.0,10,74.0,4,Hard,0.05,0.05,1,447,367,3.0,3.0,0,1,4
No Tactical,3,95,train,random,player_win,-10.0,13,84.0,5,Expert,0.05,0.05,1,453,372,0.0,0.0,0,0,6
No Tactical,3,96,train,random,agent_win,10.0,10,76.0,4,Hard,0.05,0.05,1,458,376,3.0,3.0,0,0,5
No Tactical,3,97,train,random,agent_win,10.0,12,68.0,4,Hard,0.05,0.05,1,464,381,3.0,3.0,0,0,6
No Tactical,3,98,train,random,player_win,-10.0,9,78.0,4,Hard,0.05,0.05,1,468,384,0.0,0.0,0,0,4
No Tactical,3,99,train,random,player_win,-10.0,9,88.0,5,Expert,0.05,0.05,1,472,387,0.0,0.0,0,1,3
No Tactical,3,100,train,random,player_win,-10.0,7,98.0,5,Expert,0.05,0.05,1,475,389,0.0,0.0,0,1,2
No Tactical,3,101,train,random,player_win,-10.0,11,100.0,5,Expert,0.05,0.05,1,480,393,0.0,0.0,0,0,5
No Tactical,3,102,train,random,player_win,-10.0,7,100.0,5,Expert,0.05,0.05,1,483,395,0.0,0.0,0,0,3
No Tactical,3,103,train,random,agent_win,10.0,10,92.0,5,Expert,0.05,0.05,1,488,399,3.0,3.0,0,0,5
No Tactical,3,104,train,random,agent_win,10.0,8,84.0,5,Expert,0.05,0.05,1,492,402,3.0,3.0,0,1,3
No Tactical,3,105,train,random,player_win,-10.0,13,94.0,5,Expert,0.05,0.05,1,498,406,0.0,0.0,0,0,6
No Tactical,3,106,train,random,player_win,-10.0,15,100.0,5,Expert,0.05,0.05,1,505,412,0.0,0.0,0,1,6
No Tactical,3,107,train,random,agent_win,10.0,12,92.0,5,Expert,0.05,0.05,1,511,417,3.0,3.0,0,0,6
No Tactical,3,108,train,random,player_win,-10.0,11,100.0,5,Expert,0.05,0.05,1,516,421,0.0,0.0,0,1,4
No Tactical,3,109,train,random,player_win,-10.0,11,100.0,5,Expert,0.05,0.05,1,521,425,0.0,0.0,0,1,4
No Tactical,3,110,train,random,player_win,-10.0,7,100.0,5,Expert,0.05,0.05,1,524,427,0.0,0.0,0,0,3
No Tactical,3,111,train,random,player_win,-10.0,9,100.0,5,Expert,0.05,0.05,1,528,430,0.0,0.0,0,0,4
No Tactical,3,112,train,random,agent_win,10.0,8,92.0,5,Expert,0.05,0.05,1,532,433,3.0,3.0,0,0,4
No Tactical,3,113,train,random,agent_win,10.0,6,84.0,5,Expert,0.05,0.05,1,535,434,3.0,3.0,0,1,2
No Tactical,3,114,train,random,player_win,-10.0,9,94.0,5,Expert,0.05,0.05,1,539,437,0.0,0.0,0,0,4
No Tactical,3,115,train,random,agent_win,10.0,10,86.0,5,Expert,0.05,0.05,1,544,441,3.0,3.0,0,0,5
No Tactical,3,116,train,random,player_win,-10.0,7,96.0,5,Expert,0.05,0.05,1,547,443,0.0,0.0,0,0,3
No Tactical,3,117,train,random,player_win,-10.0,7,100.0,5,Expert,0.05,0.05,1,550,445,0.0,0.0,0,0,3
No Tactical,3,118,train,random,player_win,-10.0,7,100.0,5,Expert,0.05,0.05,1,553,447,0.0,0.0,0,0,3
No Tactical,3,119,train,random,player_win,-10.0,13,100.0,5,Expert,0.05,0.05,1,559,452,0.0,0.0,0,0,6
No Tactical,3,120,train,random,agent_win,10.0,14,92.0,5,Expert,0.05,0.05,1,566,458,3.0,3.0,0,0,7
No Tactical,3,121,train,random,player_win,-10.0,7,100.0,5,Expert,0.05,0.05,1,569,460,0.0,0.0,0,0,3
No Tactical,3,122,train,random,player_win,-10.0,5,100.0,5,Expert,0.05,0.05,1,571,461,0.0,0.0,0,0,2
No Tactical,3,123,train,random,agent_win,10.0,8,92.0,5,Expert,0.05,0.05,1,575,463,3.0,3.0,0,0,4
No Tactical,3,124,train,random,agent_win,10.0,8,84.0,5,Expert,0.05,0.05,1,579,466,3.0,3.0,0,0,4
No Tactical,3,125,train,random,player_win,-10.0,7,94.0,5,Expert,0.05,0.05,1,582,468,0.0,0.0,0,1,2
No Tactical,3,126,train,random,agent_win,10.0,10,86.0,5,Expert,0.05,0.05,1,587,472,3.0,3.0,0,1,4
No Tactical,3,127,train,random,player_win,-10.0,11,96.0,5,Expert,0.05,0.05,1,592,476,0.0,0.0,0,0,5
No Tactical,3,128,train,random,agent_win,10.0,10,88.0,5,Expert,0.05,0.05,1,597,480,3.0,3.0,0,0,5
No Tactical,3,129,train,random,agent_win,10.0,14,80.0,5,Expert,0.05,0.05,1,604,486,3.0,3.0,0,0,7
No Tactical,3,130,train,random,player_win,-10.0,9,90.0,5,Expert,0.05,0.05,1,608,489,0.0,0.0,0,0,4
No Tactical,3,131,train,random,player_win,-10.0,9,100.0,5,Expert,0.05,0.05,1,612,492,0.0,0.0,0,0,4
No Tactical,3,132,train,random,agent_win,10.0,10,92.0,5,Expert,0.05,0.05,1,617,496,3.0,3.0,0,0,5
No Tactical,3,133,train,random,player_win,-10.0,7,100.0,5,Expert,0.05,0.05,1,620,498,0.0,0.0,0,0,3
No Tactical,3,134,train,random,player_win,-10.0,11,100.0,5,Expert,0.05,0.05,1,625,502,0.0,0.0,0,0,5
No Tactical,3,135,train,random,agent_win,10.0,16,92.0,5,Expert,0.05,0.05,1,633,509,3.0,3.0,0,0,8
No Tactical,3,136,train,random,agent_win,10.0,8,84.0,5,Expert,0.05,0.05,1,637,512,3.0,3.0,0,1,3
No Tactical,3,137,train,random,agent_win,10.0,12,76.0,4,Hard,0.05,0.05,1,643,517,3.0,3.0,0,1,5
No Tactical,3,138,train,random,player_win,-10.0,11,86.0,5,Expert,0.05,0.05,1,648,521,0.0,0.0,0,1,4
No Tactical,3,139,train,random,player_win,-10.0,11,96.0,5,Expert,0.05,0.05,1,653,525,0.0,0.0,0,0,5
No Tactical,3,140,train,random,player_win,-10.0,7,100.0,5,Expert,0.05,0.05,1,656,527,0.0,0.0,0,1,2
No Tactical,3,141,train,random,agent_win,10.0,10,92.0,5,Expert,0.05,0.05,1,661,531,3.0,3.0,0,0,5
No Tactical,3,142,train,random,player_win,-10.0,11,100.0,5,Expert,0.05,0.05,1,666,535,0.0,0.0,0,0,5
No Tactical,3,143,train,random,player_win,-10.0,5,100.0,5,Expert,0.05,0.05,1,668,536,0.0,0.0,0,0,2
No Tactical,3,144,train,random,agent_win,10.0,10,92.0,5,Expert,0.05,0.05,1,673,540,3.0,3.0,0,0,5
No Tactical,3,145,train,random,player_win,-10.0,7,100.0,5,Expert,0.05,0.05,1,676,542,0.0,0.0,0,0,3
No Tactical,3,146,train,random,player_win,-10.0,13,100.0,5,Expert,0.05,0.05,1,682,546,0.0,0.0,0,0,6
No Tactical,3,147,train,random,player_win,-10.0,9,100.0,5,Expert,0.05,0.05,1,686,549,0.0,0.0,0,0,4
No Tactical,3,148,train,random,player_win,-10.0,11,100.0,5,Expert,0.05,0.05,1,691,553,0.0,0.0,0,0,5
No Tactical,3,149,train,random,agent_win,10.0,10,92.0,5,Expert,0.05,0.05,1,696,557,3.0,3.0,0,0,5
No Tactical,3,150,train,random,player_win,-10.0,9,100.0,5,Expert,0.05,0.05,1,700,560,0.0,0.0,0,1,3
No Tactical,3,151,train,random,agent_win,10.0,6,92.0,5,Expert,0.05,0.05,1,703,562,3.0,3.0,0,0,3
No Tactical,3,152,train,random,agent_win,10.0,12,84.0,5,Expert,0.05,0.05,1,709,567,3.0,3.0,0,0,6
No Tactical,3,153,train,random,agent_win,10.0,14,76.0,4,Hard,0.05,0.05,1,716,573,3.0,3.0,0,0,7
No Tactical,3,154,train,random,player_win,-10.0,11,86.0,5,Expert,0.05,0.05,1,721,577,0.0,0.0,0,0,5
No Tactical,3,155,train,random,agent_win,10.0,14,78.0,4,Hard,0.05,0.05,1,728,583,3.0,3.0,0,0,7
No Tactical,3,156,train,random,player_win,-10.0,7,88.0,5,Expert,0.05,0.05,1,731,585,0.0,0.0,0,0,3
No Tactical,3,157,train,random,agent_win,10.0,14,80.0,5,Expert,0.05,0.05,1,738,591,3.0,3.0,0,0,7
No Tactical,3,158,train,random,agent_win,10.0,14,72.0,4,Hard,0.05,0.05,1,745,597,3.0,3.0,0,0,7
No Tactical,3,159,train,random,player_win,-10.0,9,82.0,5,Expert,0.05,0.05,1,749,600,0.0,0.0,0,0,4
No Tactical,3,160,train,random,agent_win,10.0,12,74.0,4,Hard,0.05,0.05,1,755,605,3.0,3.0,0,0,6
No Tactical,3,161,train,random,player_win,-10.0,9,84.0,5,Expert,0.05,0.05,1,759,608,0.0,0.0,0,0,4
No Tactical,3,162,train,random,agent_win,10.0,8,76.0,4,Hard,0.05,0.05,1,763,611,3.0,3.0,0,0,4
No Tactical,3,163,train,random,agent_win,10.0,12,68.0,4,Hard,0.05,0.05,1,769,616,3.0,3.0,0,0,6
No Tactical,3,164,train,random,player_win,-10.0,7,78.0,4,Hard,0.05,0.05,1,772,618,0.0,0.0,0,0,3
No Tactical,3,165,train,random,player_win,-10.0,9,88.0,5,Expert,0.05,0.05,1,776,621,0.0,0.0,0,0,4
No Tactical,3,166,train,random,agent_win,10.0,6,80.0,5,Expert,0.05,0.05,1,779,621,2.0999999999999996,2.0999999999999996,0,0,3
No Tactical,3,167,train,random,agent_win,10.0,10,72.0,4,Hard,0.05,0.05,1,784,624,3.0,3.0,0,0,5
No Tactical,3,168,train,random,player_win,-10.0,11,82.0,5,Expert,0.05,0.05,1,789,628,0.0,0.0,0,0,5
No Tactical,3,169,train,random,player_win,-10.0,7,92.0,5,Expert,0.05,0.05,1,792,630,0.0,0.0,0,0,3
No Tactical,3,170,train,random,player_win,-10.0,9,100.0,5,Expert,0.05,0.05,1,796,633,0.0,0.0,0,0,4
No Tactical,3,171,train,random,agent_win,10.0,8,92.0,5,Expert,0.05,0.05,1,800,636,3.0,3.0,0,0,4
No Tactical,3,172,train,random,player_win,-10.0,9,100.0,5,Expert,0.05,0.05,1,804,639,0.0,0.0,0,0,4
No Tactical,3,173,train,random,agent_win,10.0,10,92.0,5,Expert,0.05,0.05,1,809,643,3.0,3.0,0,0,5
No Tactical,3,174,train,random,agent_win,10.0,10,84.0,5,Expert,0.05,0.05,1,814,647,3.0,3.0,0,1,4
No Tactical,3,175,train,random,agent_win,10.0,10,76.0,4,Hard,0.05,0.05,1,819,651,3.0,3.0,0,1,4
No Tactical,3,176,train,random,agent_win,10.0,10,68.0,4,Hard,0.05,0.05,1,824,655,3.0,3.0,0,1,4
No Tactical,3,177,train,random,agent_win,10.0,8,60.0,3,Normal,0.05,0.05,1,828,658,3.0,3.0,0,1,3
No Tactical,3,178,train,random,agent_win,10.0,10,52.0,3,Normal,0.05,0.05,1,833,662,3.0,3.0,0,0,5
No Tactical,3,179,train,random,player_win,-10.0,7,62.0,3,Normal,0.05,0.05,1,836,664,0.0,0.0,0,0,3
No Tactical,3,180,train,random,agent_win,10.0,12,54.0,3,Normal,0.05,0.05,1,842,669,3.0,3.0,0,0,6
No Tactical,3,181,train,random,player_win,-10.0,7,64.0,3,Normal,0.05,0.05,1,845,671,0.0,0.0,0,0,3
No Tactical,3,182,train,random,player_win,-10.0,9,74.0,4,Hard,0.05,0.05,1,849,674,0.0,0.0,0,1,3
No Tactical,3,183,train,random,player_win,-10.0,9,84.0,5,Expert,0.05,0.05,1,853,677,0.0,0.0,0,1,3
No Tactical,3,184,train,random,player_win,-10.0,11,94.0,5,Expert,0.05,0.05,1,858,681,0.0,0.0,0,1,4
No Tactical,3,185,train,random,player_win,-10.0,7,100.0,5,Expert,0.05,0.05,1,861,683,0.0,0.0,0,0,3
No Tactical,3,186,train,random,agent_win,10.0,12,92.0,5,Expert,0.05,0.05,1,867,688,3.0,3.0,0,1,5
No Tactical,3,187,train,random,agent_win,10.0,12,84.0,5,Expert,0.05,0.05,1,873,693,3.0,3.0,0,0,6
No Tactical,3,188,train,random,agent_win,10.0,12,76.0,4,Hard,0.05,0.05,1,879,698,3.0,3.0,0,0,6
No Tactical,3,189,train,random,agent_win,10.0,10,68.0,4,Hard,0.05,0.05,1,884,702,3.0,3.0,0,0,5
No Tactical,3,190,train,random,agent_win,10.0,6,60.0,3,Normal,0.05,0.05,1,887,704,3.0,3.0,0,0,3
No Tactical,3,191,train,random,agent_win,10.0,12,52.0,3,Normal,0.05,0.05,1,893,709,3.0,3.0,0,0,6
No Tactical,3,192,train,random,agent_win,10.0,6,44.0,2,Easy,0.05,0.05500000000000001,1,896,710,3.0,3.0,0,0,3
No Tactical,3,193,train,random,agent_win,10.0,12,36.0,2,Easy,0.05,0.05500000000000001,1,902,715,3.0,3.0,0,0,6
No Tactical,3,194,train,random,player_win,-10.0,11,46.0,3,Normal,0.05,0.05,1,907,719,0.0,0.0,0,0,5
No Tactical,3,195,train,random,player_win,-10.0,11,56.0,3,Normal,0.05,0.05,1,912,723,0.0,0.0,0,0,5
No Tactical,3,196,train,random,agent_win,10.0,8,48.0,3,Normal,0.05,0.05,1,916,726,3.0,3.0,0,2,2
No Tactical,3,197,train,random,agent_win,10.0,10,40.0,2,Easy,0.05,0.05500000000000001,1,921,730,3.0,3.0,0,0,5
No Tactical,3,198,train,random,agent_win,10.0,6,32.0,2,Easy,0.05,0.05500000000000001,1,924,732,3.0,3.0,0,0,3
No Tactical,3,199,train,random,player_win,-10.0,13,42.0,2,Easy,0.05,0.05500000000000001,1,930,737,0.0,0.0,0,1,5
No Tactical,3,200,train,random,agent_win,10.0,10,34.0,2,Easy,0.05,0.05500000000000001,1,935,740,3.0,3.0,0,0,5
No Tactical,3,201,train,random,player_win,-10.0,5,44.0,2,Easy,0.05,0.05500000000000001,1,937,741,0.0,0.0,0,0,2
No Tactical,3,202,train,random,player_win,-10.0,11,54.0,3,Normal,0.05,0.05,1,942,745,0.0,0.0,0,0,5
No Tactical,3,203,train,random,player_win,-10.0,11,64.0,3,Normal,0.05,0.05,1,947,749,0.0,0.0,0,1,4
No Tactical,3,204,train,random,player_win,-10.0,5,74.0,4,Hard,0.05,0.05,1,949,750,0.0,0.0,0,0,2
No Tactical,3,205,train,random,player_win,-10.0,11,84.0,5,Expert,0.05,0.05,1,954,754,0.0,0.0,0,1,4
No Tactical,3,206,train,random,player_win,-10.0,11,94.0,5,Expert,0.05,0.05,1,959,757,0.0,0.0,0,0,5
No Tactical,3,207,train,random,agent_win,10.0,10,86.0,5,Expert,0.05,0.05,1,964,761,3.0,3.0,0,0,5
No Tactical,3,208,train,random,player_win,-10.0,11,96.0,5,Expert,0.05,0.05,1,969,765,0.0,0.0,0,1,4
No Tactical,3,209,train,random,agent_win,10.0,8,88.0,5,Expert,0.05,0.05,1,973,768,3.0,3.0,0,0,4
No Tactical,3,210,train,random,agent_win,10.0,6,80.0,5,Expert,0.05,0.05,1,976,769,3.0,3.0,0,1,2
No Tactical,3,211,train,random,agent_win,10.0,10,72.0,4,Hard,0.05,0.05,1,981,772,3.0,3.0,0,0,5
No Tactical,3,212,train,random,player_win,-10.0,9,82.0,5,Expert,0.05,0.05,1,985,775,0.0,0.0,0,0,4
No Tactical,3,213,train,random,agent_win,10.0,12,74.0,4,Hard,0.05,0.05,1,991,779,3.0,3.0,0,1,5
No Tactical,3,214,train,random,player_win,-10.0,9,84.0,5,Expert,0.05,0.05,1,995,782,0.0,0.0,0,0,4
No Tactical,3,215,train,random,player_win,-10.0,11,94.0,5,Expert,0.05,0.05,1,1000,786,0.0,0.0,0,0,5
No Tactical,3,216,train,random,agent_win,10.0,10,86.0,5,Expert,0.05,0.05,1,1005,790,3.0,3.0,0,0,5
No Tactical,3,217,train,random,agent_win,10.0,8,78.0,4,Hard,0.05,0.05,1,1009,793,3.0,3.0,0,0,4
No Tactical,3,218,train,random,player_win,-10.0,9,88.0,5,Expert,0.05,0.05,1,1013,796,0.0,0.0,0,0,4
No Tactical,3,219,train,random,player_win,-10.0,5,98.0,5,Expert,0.05,0.05,1,1015,797,0.0,0.0,0,0,2
No Tactical,3,220,train,random,player_win,-10.0,7,100.0,5,Expert,0.05,0.05,1,1018,799,0.0,0.0,0,0,3
No Tactical,3,221,train,random,player_win,-10.0,13,100.0,5,Expert,0.05,0.05,1,1024,804,0.0,0.0,0,0,6
No Tactical,3,222,train,random,player_win,-10.0,13,100.0,5,Expert,0.05,0.05,1,1030,809,0.0,0.0,0,0,6
No Tactical,3,223,train,random,player_win,-10.0,13,100.0,5,Expert,0.05,0.05,1,1036,813,0.0,0.0,0,1,5
No Tactical,3,224,train,random,agent_win,10.0,12,92.0,5,Expert,0.05,0.05,1,1042,818,3.0,3.0,0,0,6
No Tactical,3,225,train,random,player_win,-10.0,5,100.0,5,Expert,0.05,0.05,1,1044,819,0.0,0.0,0,0,2
No Tactical,3,226,train,random,player_win,-10.0,7,100.0,5,Expert,0.05,0.05,1,1047,820,0.0,0.0,0,1,2
No Tactical,3,227,train,random,player_win,-10.0,13,100.0,5,Expert,0.05,0.05,1,1053,825,0.0,0.0,0,1,5
No Tactical,3,228,train,random,player_win,-10.0,13,100.0,5,Expert,0.05,0.05,1,1059,829,0.0,0.0,0,1,5
No Tactical,3,229,train,random,player_win,-10.0,9,100.0,5,Expert,0.05,0.05,1,1063,832,0.0,0.0,0,0,4
No Tactical,3,230,train,random,player_win,-10.0,15,100.0,5,Expert,0.05,0.05,1,1070,838,0.0,0.0,0,0,7
No Tactical,3,231,train,random,player_win,-10.0,11,100.0,5,Expert,0.05,0.05,1,1075,841,0.0,0.0,0,1,4
No Tactical,3,232,train,random,player_win,-10.0,5,100.0,5,Expert,0.05,0.05,1,1077,842,0.0,0.0,0,0,2
No Tactical,3,233,train,random,player_win,-10.0,9,100.0,5,Expert,0.05,0.05,1,1081,845,0.0,0.0,0,0,4
No Tactical,3,234,train,random,agent_win,10.0,10,92.0,5,Expert,0.05,0.05,1,1086,848,3.0,3.0,0,0,5
No Tactical,3,235,train,random,player_win,-10.0,11,100.0,5,Expert,0.05,0.05,1,1091,852,0.0,0.0,0,0,5
No Tactical,3,236,train,random,player_win,-10.0,13,100.0,5,Expert,0.05,0.05,1,1097,857,0.0,0.0,0,0,6
No Tactical,3,237,train,random,agent_win,10.0,8,92.0,5,Expert,0.05,0.05,1,1101,860,3.0,3.0,0,0,4
No Tactical,3,238,train,random,agent_win,10.0,12,84.0,5,Expert,0.05,0.05,1,1107,865,3.0,3.0,0,0,6
No Tactical,3,239,train,random,agent_win,10.0,10,76.0,4,Hard,0.05,0.05,1,1112,869,3.0,3.0,0,0,5
No Tactical,3,240,train,random,agent_win,10.0,6,68.0,4,Hard,0.05,0.05,1,1115,871,3.0,3.0,0,0,3
No Tactical,3,241,train,random,player_win,-10.0,13,78.0,4,Hard,0.05,0.05,1,1121,876,0.0,0.0,0,0,6
No Tactical,3,242,train,random,player_win,-10.0,13,88.0,5,Expert,0.05,0.05,1,1127,881,0.0,0.0,0,0,6
No Tactical,3,243,train,random,agent_win,10.0,12,80.0,5,Expert,0.05,0.05,1,1133,886,3.0,3.0,0,0,6
No Tactical,3,244,train,random,agent_win,10.0,6,72.0,4,Hard,0.05,0.05,1,1136,888,3.0,3.0,0,0,3
No Tactical,3,245,train,random,player_win,-10.0,5,82.0,5,Expert,0.05,0.05,1,1138,889,0.0,0.0,0,0,2
No Tactical,3,246,train,random,agent_win,10.0,10,74.0,4,Hard,0.05,0.05,1,1143,893,3.0,3.0,0,0,5
No Tactical,3,247,train,random,agent_win,10.0,8,66.0,4,Hard,0.05,0.05,1,1147,896,3.0,3.0,0,0,4
No Tactical,3,248,train,random,player_win,-10.0,9,76.0,4,Hard,0.05,0.05,1,1151,899,0.0,0.0,0,0,4
No Tactical,3,249,train,random,player_win,-10.0,7,86.0,5,Expert,0.05,0.05,1,1154,901,0.0,0.0,0,0,3
No Tactical,3,250,train,random,player_win,-10.0,7,96.0,5,Expert,0.05,0.05,1,1157,902,0.0,0.0,0,0,3
No Tactical,3,251,train,random,agent_win,10.0,8,88.0,5,Expert,0.05,0.05,1,1161,905,3.0,3.0,0,0,4
No Tactical,3,252,train,random,player_win,-10.0,9,98.0,5,Expert,0.05,0.05,1,1165,908,0.0,0.0,0,0,4
No Tactical,3,253,train,random,agent_win,10.0,10,90.0,5,Expert,0.05,0.05,1,1170,912,3.0,3.0,0,0,5
No Tactical,3,254,train,random,player_win,-10.0,9,100.0,5,Expert,0.05,0.05,1,1174,915,0.0,0.0,0,0,4
No Tactical,3,255,train,random,player_win,-10.0,7,100.0,5,Expert,0.05,0.05,1,1177,917,0.0,0.0,0,0,3
No Tactical,3,256,train,random,player_win,-10.0,13,100.0,5,Expert,0.05,0.05,1,1183,922,0.0,0.0,0,1,5
No Tactical,3,257,train,random,agent_win,10.0,10,92.0,5,Expert,0.05,0.05,1,1188,926,3.0,3.0,0,1,4
No Tactical,3,258,train,random,agent_win,10.0,8,84.0,5,Expert,0.05,0.05,1,1192,929,3.0,3.0,0,0,4
No Tactical,3,259,train,random,player_win,-10.0,15,94.0,5,Expert,0.05,0.05,1,1199,935,0.0,0.0,0,0,7
No Tactical,3,260,train,random,agent_win,10.0,8,86.0,5,Expert,0.05,0.05,1,1203,938,3.0,3.0,0,2,2
No Tactical,3,261,train,random,player_win,-10.0,13,96.0,5,Expert,0.05,0.05,1,1209,943,0.0,0.0,0,1,5
No Tactical,3,262,train,random,agent_win,10.0,14,88.0,5,Expert,0.05,0.05,1,1216,949,3.0,3.0,0,0,7
No Tactical,3,263,train,random,player_win,-10.0,9,98.0,5,Expert,0.05,0.05,1,1220,952,0.0,0.0,0,0,4
No Tactical,3,264,train,random,player_win,-10.0,13,100.0,5,Expert,0.05,0.05,1,1226,957,0.0,0.0,0,0,6
No Tactical,3,265,train,random,player_win,-10.0,7,100.0,5,Expert,0.05,0.05,1,1229,958,0.0,0.0,0,1,2
No Tactical,3,266,train,random,player_win,-10.0,11,100.0,5,Expert,0.05,0.05,1,1234,962,0.0,0.0,0,0,5
No Tactical,3,267,train,random,player_win,-10.0,11,100.0,5,Expert,0.05,0.05,1,1239,966,0.0,0.0,0,0,5
No Tactical,3,268,train,random,agent_win,10.0,8,92.0,5,Expert,0.05,0.05,1,1243,969,3.0,3.0,0,0,4
No Tactical,3,269,train,random,agent_win,10.0,10,84.0,5,Expert,0.05,0.05,1,1248,973,3.0,3.0,0,0,5
No Tactical,3,270,train,random,player_win,-10.0,9,94.0,5,Expert,0.05,0.05,1,1252,976,0.0,0.0,0,0,4
No Tactical,3,271,train,random,agent_win,10.0,8,86.0,5,Expert,0.05,0.05,1,1256,979,3.0,3.0,0,0,4
No Tactical,3,272,train,random,player_win,-10.0,7,96.0,5,Expert,0.05,0.05,1,1259,981,0.0,0.0,0,0,3
No Tactical,3,273,train,random,player_win,-10.0,11,100.0,5,Expert,0.05,0.05,1,1264,985,0.0,0.0,0,0,5
No Tactical,3,274,train,random,player_win,-10.0,7,100.0,5,Expert,0.05,0.05,1,1267,987,0.0,0.0,0,0,3
No Tactical,3,275,train,random,agent_win,10.0,8,92.0,5,Expert,0.05,0.05,1,1271,990,3.0,3.0,0,0,4
No Tactical,3,276,train,random,player_win,-10.0,13,100.0,5,Expert,0.05,0.05,1,1277,995,0.0,0.0,0,2,4
No Tactical,3,277,train,random,player_win,-10.0,13,100.0,5,Expert,0.05,0.05,1,1283,1000,0.0,0.0,0,0,6
No Tactical,3,278,train,random,player_win,-10.0,7,100.0,5,Expert,0.05,0.05,1,1286,1002,0.0,0.0,0,0,3
No Tactical,3,279,train,random,player_win,-10.0,11,100.0,5,Expert,0.05,0.05,1,1291,1006,0.0,0.0,0,1,4
No Tactical,3,280,train,random,agent_win,10.0,8,92.0,5,Expert,0.05,0.05,1,1295,1009,3.0,3.0,0,0,4
No Tactical,3,281,train,random,player_win,-10.0,7,100.0,5,Expert,0.05,0.05,1,1298,1011,0.0,0.0,0,0,3
No Tactical,3,282,train,random,agent_win,10.0,10,92.0,5,Expert,0.05,0.05,1,1303,1014,3.0,3.0,0,0,5
No Tactical,3,283,train,random,agent_win,10.0,8,84.0,5,Expert,0.05,0.05,1,1307,1017,3.0,3.0,0,0,4
No Tactical,3,284,train,random,player_win,-10.0,11,94.0,5,Expert,0.05,0.05,1,1312,1021,0.0,0.0,0,0,5
No Tactical,3,285,train,random,agent_win,10.0,8,86.0,5,Expert,0.05,0.05,1,1316,1024,3.0,3.0,0,2,2
No Tactical,3,286,train,random,agent_win,10.0,12,78.0,4,Hard,0.05,0.05,1,1322,1028,3.0,3.0,0,0,6
No Tactical,3,287,train,random,player_win,-10.0,7,88.0,5,Expert,0.05,0.05,1,1325,1030,0.0,0.0,0,0,3
No Tactical,3,288,train,random,agent_win,10.0,6,80.0,5,Expert,0.05,0.05,1,1328,1032,3.0,3.0,0,0,3
No Tactical,3,289,train,random,player_win,-10.0,5,90.0,5,Expert,0.05,0.05,1,1330,1033,0.0,0.0,0,0,2
No Tactical,3,290,train,random,agent_win,10.0,12,82.0,5,Expert,0.05,0.05,1,1336,1037,3.0,3.0,0,1,5
No Tactical,3,291,train,random,player_win,-10.0,11,92.0,5,Expert,0.05,0.05,1,1341,1041,0.0,0.0,0,0,5
No Tactical,3,292,train,random,player_win,-10.0,7,100.0,5,Expert,0.05,0.05,1,1344,1043,0.0,0.0,0,0,3
No Tactical,3,293,train,random,player_win,-10.0,9,100.0,5,Expert,0.05,0.05,1,1348,1046,0.0,0.0,0,1,3
No Tactical,3,294,train,random,player_win,-10.0,9,100.0,5,Expert,0.05,0.05,1,1352,1049,0.0,0.0,0,0,4
No Tactical,3,295,train,random,agent_win,10.0,8,92.0,5,Expert,0.05,0.05,1,1356,1052,3.0,3.0,0,0,4
No Tactical,3,296,train,random,agent_win,10.0,12,84.0,5,Expert,0.05,0.05,1,1362,1057,3.0,3.0,0,0,6
No Tactical,3,297,train,random,player_win,-10.0,7,94.0,5,Expert,0.05,0.05,1,1365,1059,0.0,0.0,0,0,3
No Tactical,3,298,train,random,player_win,-10.0,13,100.0,5,Expert,0.05,0.05,1,1371,1064,0.0,0.0,0,0,6
No Tactical,3,299,train,random,player_win,-10.0,7,100.0,5,Expert,0.05,0.05,1,1374,1066,0.0,0.0,0,0,3
No Tactical,3,300,train,random,player_win,-10.0,13,100.0,5,Expert,0.05,0.05,1,1380,1071,0.0,0.0,0,0,6
No Tactical,3,301,train,random,player_win,-10.0,7,100.0,5,Expert,0.05,0.05,1,1383,1073,0.0,0.0,0,0,3
No Tactical,3,302,train,random,agent_win,10.0,8,92.0,5,Expert,0.05,0.05,1,1387,1075,3.0,3.0,0,0,4
No Tactical,3,303,train,random,player_win,-10.0,5,100.0,5,Expert,0.05,0.05,1,1389,1076,0.0,0.0,0,0,2
No Tactical,3,304,train,random,agent_win,10.0,12,92.0,5,Expert,0.05,0.05,1,1395,1081,3.0,3.0,0,0,6
No Tactical,3,305,train,random,agent_win,10.0,10,84.0,5,Expert,0.05,0.05,1,1400,1085,3.0,3.0,0,1,4
No Tactical,3,306,train,random,player_win,-10.0,9,94.0,5,Expert,0.05,0.05,1,1404,1088,0.0,0.0,0,0,4
No Tactical,3,307,train,random,player_win,-10.0,7,100.0,5,Expert,0.05,0.05,1,1407,1090,0.0,0.0,0,0,3
No Tactical,3,308,train,random,player_win,-10.0,11,100.0,5,Expert,0.05,0.05,1,1412,1093,0.0,0.0,0,0,5
No Tactical,3,309,train,random,player_win,-10.0,7,100.0,5,Expert,0.05,0.05,1,1415,1095,0.0,0.0,0,0,3
No Tactical,3,310,train,random,agent_win,10.0,8,92.0,5,Expert,0.05,0.05,1,1419,1097,3.0,3.0,0,0,4
No Tactical,3,311,train,random,player_win,-10.0,13,100.0,5,Expert,0.05,0.05,1,1425,1101,0.0,0.0,0,0,6
No Tactical,3,312,train,random,agent_win,10.0,8,92.0,5,Expert,0.05,0.05,1,1429,1104,3.0,3.0,0,0,4
No Tactical,3,313,train,random,agent_win,10.0,8,84.0,5,Expert,0.05,0.05,1,1433,1107,3.0,3.0,0,0,4
No Tactical,3,314,train,random,player_win,-10.0,9,94.0,5,Expert,0.05,0.05,1,1437,1109,0.0,0.0,0,0,4
No Tactical,3,315,train,random,player_win,-10.0,11,100.0,5,Expert,0.05,0.05,1,1442,1113,0.0,0.0,0,0,5
No Tactical,3,316,train,random,agent_win,10.0,14,92.0,5,Expert,0.05,0.05,1,1449,1119,3.0,3.0,0,0,7
No Tactical,3,317,train,random,agent_win,10.0,8,84.0,5,Expert,0.05,0.05,1,1453,1122,3.0,3.0,0,0,4
No Tactical,3,318,train,random,player_win,-10.0,7,94.0,5,Expert,0.05,0.05,1,1456,1124,0.0,0.0,0,0,3
No Tactical,3,319,train,random,player_win,-10.0,9,100.0,5,Expert,0.05,0.05,1,1460,1126,0.0,0.0,0,0,4
No Tactical,3,320,train,random,agent_win,10.0,10,92.0,5,Expert,0.05,0.05,1,1465,1130,3.0,3.0,0,0,5
No Tactical,3,321,train,random,player_win,-10.0,9,100.0,5,Expert,0.05,0.05,1,1469,1133,0.0,0.0,0,1,3
No Tactical,3,322,train,random,player_win,-10.0,9,100.0,5,Expert,0.05,0.05,1,1473,1136,0.0,0.0,0,0,4
No Tactical,3,323,train,random,agent_win,10.0,8,92.0,5,Expert,0.05,0.05,1,1477,1139,3.0,3.0,0,0,4
No Tactical,3,324,train,random,player_win,-10.0,11,100.0,5,Expert,0.05,0.05,1,1482,1143,0.0,0.0,0,0,5
No Tactical,3,325,train,random,player_win,-10.0,11,100.0,5,Expert,0.05,0.05,1,1487,1147,0.0,0.0,0,0,5
No Tactical,3,326,train,random,agent_win,10.0,10,92.0,5,Expert,0.05,0.05,1,1492,1150,3.0,3.0,0,0,5
No Tactical,3,327,train,random,player_win,-10.0,11,100.0,5,Expert,0.05,0.05,1,1497,1154,0.0,0.0,0,0,5
No Tactical,3,328,train,random,player_win,-10.0,7,100.0,5,Expert,0.05,0.05,1,1500,1156,0.0,0.0,0,0,3
No Tactical,3,329,train,random,player_win,-10.0,5,100.0,5,Expert,0.05,0.05,1,1502,1157,0.0,0.0,0,0,2
No Tactical,3,330,train,random,agent_win,10.0,14,92.0,5,Expert,0.05,0.05,1,1509,1163,3.0,3.0,0,0,7
No Tactical,3,331,train,random,player_win,-10.0,5,100.0,5,Expert,0.05,0.05,1,1511,1164,0.0,0.0,0,0,2
No Tactical,3,332,train,random,player_win,-10.0,7,100.0,5,Expert,0.05,0.05,1,1514,1165,0.0,0.0,0,0,3
No Tactical,3,333,train,random,player_win,-10.0,9,100.0,5,Expert,0.05,0.05,1,1518,1168,0.0,0.0,0,0,4
No Tactical,3,334,train,random,player_win,-10.0,5,100.0,5,Expert,0.05,0.05,1,1520,1169,0.0,0.0,0,0,2
No Tactical,3,335,train,random,player_win,-10.0,11,100.0,5,Expert,0.05,0.05,1,1525,1172,0.0,0.0,0,0,5
No Tactical,3,336,train,random,player_win,-10.0,9,100.0,5,Expert,0.05,0.05,1,1529,1175,0.0,0.0,0,0,4
No Tactical,3,337,train,random,agent_win,10.0,6,92.0,5,Expert,0.05,0.05,1,1532,1177,3.0,3.0,0,0,3
No Tactical,3,338,train,random,agent_win,10.0,12,84.0,5,Expert,0.05,0.05,1,1538,1182,3.0,3.0,0,1,5
No Tactical,3,339,train,random,player_win,-10.0,11,94.0,5,Expert,0.05,0.05,1,1543,1186,0.0,0.0,0,0,5
No Tactical,3,340,train,random,player_win,-10.0,7,100.0,5,Expert,0.05,0.05,1,1546,1187,0.0,0.0,0,1,2
No Tactical,3,341,train,random,player_win,-10.0,11,100.0,5,Expert,0.05,0.05,1,1551,1191,0.0,0.0,0,0,5
No Tactical,3,342,train,random,player_win,-10.0,9,100.0,5,Expert,0.05,0.05,1,1555,1194,0.0,0.0,0,0,4
No Tactical,3,343,train,random,player_win,-10.0,13,100.0,5,Expert,0.05,0.05,1,1561,1199,0.0,0.0,0,1,5
No Tactical,3,344,train,random,player_win,-10.0,15,100.0,5,Expert,0.05,0.05,1,1568,1205,0.0,0.0,0,0,7
No Tactical,3,345,train,random,player_win,-10.0,9,100.0,5,Expert,0.05,0.05,1,1572,1208,0.0,0.0,0,1,3
No Tactical,3,346,train,random,agent_win,10.0,8,92.0,5,Expert,0.05,0.05,1,1576,1211,3.0,3.0,0,0,4
No Tactical,3,347,train,random,agent_win,10.0,10,84.0,5,Expert,0.05,0.05,1,1581,1215,3.0,3.0,0,0,5
No Tactical,3,348,train,random,player_win,-10.0,13,94.0,5,Expert,0.05,0.05,1,1587,1220,0.0,0.0,0,1,5
No Tactical,3,349,train,random,player_win,-10.0,5,100.0,5,Expert,0.05,0.05,1,1589,1221,0.0,0.0,0,0,2
No Tactical,3,350,train,random,agent_win,10.0,12,92.0,5,Expert,0.05,0.05,1,1595,1226,3.0,3.0,0,0,6
No Tactical,3,351,train,random,player_win,-10.0,9,100.0,5,Expert,0.05,0.05,1,1599,1229,0.0,0.0,0,0,4
No Tactical,3,352,train,random,player_win,-10.0,11,100.0,5,Expert,0.05,0.05,1,1604,1232,0.0,0.0,0,1,4
No Tactical,3,353,train,random,player_win,-10.0,11,100.0,5,Expert,0.05,0.05,1,1609,1236,0.0,0.0,0,0,5
No Tactical,3,354,train,random,agent_win,10.0,8,92.0,5,Expert,0.05,0.05,1,1613,1239,3.0,3.0,0,0,4
No Tactical,3,355,train,random,player_win,-10.0,13,100.0,5,Expert,0.05,0.05,1,1619,1244,0.0,0.0,0,0,6
No Tactical,3,356,train,random,draw,3.0,16,100.0,5,Expert,0.05,0.05,1,1627,1251,0.8999999999999999,0.8999999999999999,0,0,8
No Tactical,3,357,train,random,player_win,-10.0,9,100.0,5,Expert,0.05,0.05,1,1631,1253,0.0,0.0,0,0,4
No Tactical,3,358,train,random,agent_win,10.0,10,92.0,5,Expert,0.05,0.05,1,1636,1257,3.0,3.0,0,0,5
No Tactical,3,359,train,random,player_win,-10.0,9,100.0,5,Expert,0.05,0.05,1,1640,1259,0.0,0.0,0,1,3
No Tactical,3,360,train,random,player_win,-10.0,11,100.0,5,Expert,0.05,0.05,1,1645,1263,0.0,0.0,0,0,5
No Tactical,3,361,train,random,agent_win,10.0,12,92.0,5,Expert,0.05,0.05,1,1651,1268,3.0,3.0,0,1,5
No Tactical,3,362,train,random,agent_win,10.0,10,84.0,5,Expert,0.05,0.05,1,1656,1271,3.0,3.0,0,0,5
No Tactical,3,363,train,random,agent_win,10.0,10,76.0,4,Hard,0.05,0.05,1,1661,1274,3.0,3.0,0,0,5
No Tactical,3,364,train,random,player_win,-10.0,13,86.0,5,Expert,0.05,0.05,1,1667,1278,0.0,0.0,0,0,6
No Tactical,3,365,train,random,player_win,-10.0,9,96.0,5,Expert,0.05,0.05,1,1671,1280,0.0,0.0,0,0,4
No Tactical,3,366,train,random,player_win,-10.0,9,100.0,5,Expert,0.05,0.05,1,1675,1283,0.0,0.0,0,0,4
No Tactical,3,367,train,random,agent_win,10.0,8,92.0,5,Expert,0.05,0.05,1,1679,1286,3.0,3.0,0,1,3
No Tactical,3,368,train,random,player_win,-10.0,11,100.0,5,Expert,0.05,0.05,1,1684,1290,0.0,0.0,0,0,5
No Tactical,3,369,train,random,player_win,-10.0,5,100.0,5,Expert,0.05,0.05,1,1686,1291,0.0,0.0,0,0,2
No Tactical,3,370,train,random,player_win,-10.0,13,100.0,5,Expert,0.05,0.05,1,1692,1296,0.0,0.0,0,1,5
No Tactical,3,371,train,random,player_win,-10.0,9,100.0,5,Expert,0.05,0.05,1,1696,1299,0.0,0.0,0,0,4
No Tactical,3,372,train,random,agent_win,10.0,10,92.0,5,Expert,0.05,0.05,1,1701,1303,3.0,3.0,0,0,5
No Tactical,3,373,train,random,agent_win,10.0,10,84.0,5,Expert,0.05,0.05,1,1706,1307,3.0,3.0,0,0,5
No Tactical,3,374,train,random,player_win,-10.0,9,94.0,5,Expert,0.05,0.05,1,1710,1310,0.0,0.0,0,0,4
No Tactical,3,375,train,random,player_win,-10.0,7,100.0,5,Expert,0.05,0.05,1,1713,1311,0.0,0.0,0,0,3
No Tactical,3,376,train,random,agent_win,10.0,10,92.0,5,Expert,0.05,0.05,1,1718,1315,3.0,3.0,0,0,5
No Tactical,3,377,train,random,agent_win,10.0,10,84.0,5,Expert,0.05,0.05,1,1723,1318,3.0,3.0,0,1,4
No Tactical,3,378,train,random,player_win,-10.0,7,94.0,5,Expert,0.05,0.05,1,1726,1320,0.0,0.0,0,0,3
No Tactical,3,379,train,random,agent_win,10.0,10,86.0,5,Expert,0.05,0.05,1,1731,1324,3.0,3.0,0,0,5
No Tactical,3,380,train,random,player_win,-10.0,9,96.0,5,Expert,0.05,0.05,1,1735,1327,0.0,0.0,0,0,4
No Tactical,3,381,train,random,player_win,-10.0,9,100.0,5,Expert,0.05,0.05,1,1739,1330,0.0,0.0,0,0,4
No Tactical,3,382,train,random,agent_win,10.0,12,92.0,5,Expert,0.05,0.05,1,1745,1334,3.0,3.0,0,0,6
No Tactical,3,383,train,random,player_win,-10.0,11,100.0,5,Expert,0.05,0.05,1,1750,1338,0.0,0.0,0,1,4
No Tactical,3,384,train,random,player_win,-10.0,7,100.0,5,Expert,0.05,0.05,1,1753,1340,0.0,0.0,0,0,3
No Tactical,3,385,train,random,player_win,-10.0,11,100.0,5,Expert,0.05,0.05,1,1758,1344,0.0,0.0,0,0,5
No Tactical,3,386,train,random,player_win,-10.0,7,100.0,5,Expert,0.05,0.05,1,1761,1346,0.0,0.0,0,1,2
No Tactical,3,387,train,random,agent_win,10.0,8,92.0,5,Expert,0.05,0.05,1,1765,1349,3.0,3.0,0,2,2
No Tactical,3,388,train,random,player_win,-10.0,5,100.0,5,Expert,0.05,0.05,1,1767,1350,0.0,0.0,0,0,2
No Tactical,3,389,train,random,agent_win,10.0,6,92.0,5,Expert,0.05,0.05,1,1770,1351,3.0,3.0,0,0,3
No Tactical,3,390,train,random,player_win,-10.0,11,100.0,5,Expert,0.05,0.05,1,1775,1354,0.0,0.0,0,0,5
No Tactical,3,391,train,random,player_win,-10.0,13,100.0,5,Expert,0.05,0.05,1,1781,1359,0.0,0.0,0,0,6
No Tactical,3,392,train,random,player_win,-10.0,7,100.0,5,Expert,0.05,0.05,1,1784,1361,0.0,0.0,0,0,3
No Tactical,3,393,train,random,agent_win,10.0,10,92.0,5,Expert,0.05,0.05,1,1789,1365,3.0,3.0,0,0,5
No Tactical,3,394,train,random,player_win,-10.0,7,100.0,5,Expert,0.05,0.05,1,1792,1367,0.0,0.0,0,0,3
No Tactical,3,395,train,random,player_win,-10.0,7,100.0,5,Expert,0.05,0.05,1,1795,1368,0.0,0.0,0,1,2
No Tactical,3,396,train,random,player_win,-10.0,13,100.0,5,Expert,0.05,0.05,1,1801,1373,0.0,0.0,0,1,5
No Tactical,3,397,train,random,player_win,-10.0,9,100.0,5,Expert,0.05,0.05,1,1805,1376,0.0,0.0,0,0,4
No Tactical,3,398,train,random,player_win,-10.0,11,100.0,5,Expert,0.05,0.05,1,1810,1380,0.0,0.0,0,0,5
No Tactical,3,399,train,random,player_win,-10.0,7,100.0,5,Expert,0.05,0.05,1,1813,1381,0.0,0.0,0,0,3
No Tactical,3,400,train,random,player_win,-10.0,9,100.0,5,Expert,0.05,0.05,1,1817,1383,0.0,0.0,0,0,4
No Tactical,3,401,train,random,player_win,-10.0,15,100.0,5,Expert,0.05,0.05,1,1824,1389,0.0,0.0,0,0,7
No Tactical,3,402,train,random,draw,3.0,16,100.0,5,Expert,0.05,0.05,1,1832,1396,0.8999999999999999,0.8999999999999999,0,0,8
No Tactical,3,403,train,random,agent_win,10.0,8,92.0,5,Expert,0.05,0.05,1,1836,1399,3.0,3.0,0,0,4
No Tactical,3,404,train,random,player_win,-10.0,13,100.0,5,Expert,0.05,0.05,1,1842,1404,0.0,0.0,0,0,6
No Tactical,3,405,train,random,agent_win,10.0,8,92.0,5,Expert,0.05,0.05,1,1846,1407,3.0,3.0,0,0,4
No Tactical,3,406,train,random,agent_win,10.0,12,84.0,5,Expert,0.05,0.05,1,1852,1411,3.0,3.0,0,0,6
No Tactical,3,407,train,random,player_win,-10.0,9,94.0,5,Expert,0.05,0.05,1,1856,1414,0.0,0.0,0,0,4
No Tactical,3,408,train,random,agent_win,10.0,10,86.0,5,Expert,0.05,0.05,1,1861,1417,3.0,3.0,0,0,5
No Tactical,3,409,train,random,player_win,-10.0,13,96.0,5,Expert,0.05,0.05,1,1867,1422,0.0,0.0,0,0,6
No Tactical,3,410,train,random,player_win,-10.0,13,100.0,5,Expert,0.05,0.05,1,1873,1427,0.0,0.0,0,1,5
No Tactical,3,411,train,random,player_win,-10.0,13,100.0,5,Expert,0.05,0.05,1,1879,1432,0.0,0.0,0,0,6
No Tactical,3,412,train,random,player_win,-10.0,11,100.0,5,Expert,0.05,0.05,1,1884,1436,0.0,0.0,0,0,5
No Tactical,3,413,train,random,agent_win,10.0,12,92.0,5,Expert,0.05,0.05,1,1890,1441,3.0,3.0,0,0,6
No Tactical,3,414,train,random,player_win,-10.0,9,100.0,5,Expert,0.05,0.05,1,1894,1444,0.0,0.0,0,1,3
No Tactical,3,415,train,random,agent_win,10.0,10,92.0,5,Expert,0.05,0.05,1,1899,1448,3.0,3.0,0,0,5
No Tactical,3,416,train,random,player_win,-10.0,9,100.0,5,Expert,0.05,0.05,1,1903,1451,0.0,0.0,0,0,4
No Tactical,3,417,train,random,player_win,-10.0,15,100.0,5,Expert,0.05,0.05,1,1910,1457,0.0,0.0,0,0,7
No Tactical,3,418,train,random,agent_win,10.0,10,92.0,5,Expert,0.05,0.05,1,1915,1461,3.0,3.0,0,0,5
No Tactical,3,419,train,random,agent_win,10.0,10,84.0,5,Expert,0.05,0.05,1,1920,1465,3.0,3.0,0,0,5
No Tactical,3,420,train,random,agent_win,10.0,10,76.0,4,Hard,0.05,0.05,1,1925,1469,3.0,3.0,0,1,4
No Tactical,3,421,train,random,player_win,-10.0,7,86.0,5,Expert,0.05,0.05,1,1928,1471,0.0,0.0,0,1,2
No Tactical,3,422,train,random,agent_win,10.0,16,78.0,4,Hard,0.05,0.05,1,1936,1478,3.0,3.0,0,1,7
No Tactical,3,423,train,random,agent_win,10.0,6,70.0,4,Hard,0.05,0.05,1,1939,1480,3.0,3.0,0,0,3
No Tactical,3,424,train,random,player_win,-10.0,11,80.0,5,Expert,0.05,0.05,1,1944,1483,0.0,0.0,0,1,4
No Tactical,3,425,train,random,agent_win,10.0,8,72.0,4,Hard,0.05,0.05,1,1948,1486,3.0,3.0,0,0,4
No Tactical,3,426,train,random,player_win,-10.0,5,82.0,5,Expert,0.05,0.05,1,1950,1487,0.0,0.0,0,0,2
No Tactical,3,427,train,random,agent_win,10.0,10,74.0,4,Hard,0.05,0.05,1,1955,1490,3.0,3.0,0,0,5
No Tactical,3,428,train,random,agent_win,10.0,14,66.0,4,Hard,0.05,0.05,1,1962,1496,3.0,3.0,0,0,7
No Tactical,3,429,train,random,player_win,-10.0,15,76.0,4,Hard,0.05,0.05,1,1969,1502,0.0,0.0,0,0,7
No Tactical,3,430,train,random,player_win,-10.0,9,86.0,5,Expert,0.05,0.05,1,1973,1505,0.0,0.0,0,0,4
No Tactical,3,431,train,random,agent_win,10.0,8,78.0,4,Hard,0.05,0.05,1,1977,1507,3.0,3.0,0,0,4
No Tactical,3,432,train,random,agent_win,10.0,10,70.0,4,Hard,0.05,0.05,1,1982,1510,3.0,3.0,0,1,4
No Tactical,3,433,train,random,player_win,-10.0,13,80.0,5,Expert,0.05,0.05,1,1988,1515,0.0,0.0,0,0,6
No Tactical,3,434,train,random,player_win,-10.0,13,90.0,5,Expert,0.05,0.05,1,1994,1520,0.0,0.0,0,2,4
No Tactical,3,435,train,random,player_win,-10.0,7,100.0,5,Expert,0.05,0.05,1,1997,1521,0.0,0.0,0,0,3
No Tactical,3,436,train,random,player_win,-10.0,9,100.0,5,Expert,0.05,0.05,1,2001,1524,0.0,0.0,0,0,4
No Tactical,3,437,train,random,player_win,-10.0,9,100.0,5,Expert,0.05,0.05,1,2005,1527,0.0,0.0,0,0,4
No Tactical,3,438,train,random,player_win,-10.0,5,100.0,5,Expert,0.05,0.05,1,2007,1528,0.0,0.0,0,0,2
No Tactical,3,439,train,random,player_win,-10.0,9,100.0,5,Expert,0.05,0.05,1,2011,1531,0.0,0.0,0,0,4
No Tactical,3,440,train,random,agent_win,10.0,6,92.0,5,Expert,0.05,0.05,1,2014,1531,3.0,3.0,0,1,2
No Tactical,3,441,train,random,agent_win,10.0,6,84.0,5,Expert,0.05,0.05,1,2017,1532,3.0,3.0,0,0,3
No Tactical,3,442,train,random,player_win,-10.0,13,94.0,5,Expert,0.05,0.05,1,2023,1536,0.0,0.0,0,1,5
No Tactical,3,443,train,random,player_win,-10.0,11,100.0,5,Expert,0.05,0.05,1,2028,1539,0.0,0.0,0,0,5
No Tactical,3,444,train,random,player_win,-10.0,13,100.0,5,Expert,0.05,0.05,1,2034,1544,0.0,0.0,0,0,6
No Tactical,3,445,train,random,player_win,-10.0,11,100.0,5,Expert,0.05,0.05,1,2039,1547,0.0,0.0,0,1,4
No Tactical,3,446,train,random,player_win,-10.0,9,100.0,5,Expert,0.05,0.05,1,2043,1550,0.0,0.0,0,0,4
No Tactical,3,447,train,random,agent_win,10.0,8,92.0,5,Expert,0.05,0.05,1,2047,1553,3.0,3.0,0,0,4
No Tactical,3,448,train,random,agent_win,10.0,10,84.0,5,Expert,0.05,0.05,1,2052,1557,3.0,3.0,0,0,5
No Tactical,3,449,train,random,agent_win,10.0,8,76.0,4,Hard,0.05,0.05,1,2056,1560,3.0,3.0,0,0,4
No Tactical,3,450,train,random,agent_win,10.0,10,68.0,4,Hard,0.05,0.05,1,2061,1564,3.0,3.0,0,0,5
No Tactical,3,451,train,random,player_win,-10.0,5,78.0,4,Hard,0.05,0.05,1,2063,1564,0.0,0.0,0,0,2
No Tactical,3,452,train,random,player_win,-10.0,11,88.0,5,Expert,0.05,0.05,1,2068,1567,0.0,0.0,0,0,5
No Tactical,3,453,train,random,agent_win,10.0,10,80.0,5,Expert,0.05,0.05,1,2073,1571,3.0,3.0,0,1,4
No Tactical,3,454,train,random,player_win,-10.0,13,90.0,5,Expert,0.05,0.05,1,2079,1576,0.0,0.0,0,0,6
No Tactical,3,455,train,random,agent_win,10.0,14,82.0,5,Expert,0.05,0.05,1,2086,1582,3.0,3.0,0,0,7
No Tactical,3,456,train,random,player_win,-10.0,11,92.0,5,Expert,0.05,0.05,1,2091,1585,0.0,0.0,0,0,5
No Tactical,3,457,train,random,player_win,-10.0,9,100.0,5,Expert,0.05,0.05,1,2095,1588,0.0,0.0,0,1,3
No Tactical,3,458,train,random,player_win,-10.0,9,100.0,5,Expert,0.05,0.05,1,2099,1591,0.0,0.0,0,0,4
No Tactical,3,459,train,random,agent_win,10.0,10,92.0,5,Expert,0.05,0.05,1,2104,1594,3.0,3.0,0,3,2
No Tactical,3,460,train,random,agent_win,10.0,6,84.0,5,Expert,0.05,0.05,1,2107,1595,3.0,3.0,0,0,3
No Tactical,3,461,train,random,agent_win,10.0,8,76.0,4,Hard,0.05,0.05,1,2111,1597,3.0,3.0,0,0,4
No Tactical,3,462,train,random,agent_win,10.0,12,68.0,4,Hard,0.05,0.05,1,2117,1602,3.0,3.0,0,0,6
No Tactical,3,463,train,random,agent_win,10.0,8,60.0,3,Normal,0.05,0.05,1,2121,1605,3.0,3.0,0,0,4
No Tactical,3,464,train,random,player_win,-10.0,5,70.0,4,Hard,0.05,0.05,1,2123,1606,0.0,0.0,0,0,2
No Tactical,3,465,train,random,player_win,-10.0,11,80.0,5,Expert,0.05,0.05,1,2128,1609,0.0,0.0,0,0,5
No Tactical,3,466,train,random,player_win,-10.0,9,90.0,5,Expert,0.05,0.05,1,2132,1612,0.0,0.0,0,0,4
No Tactical,3,467,train,random,player_win,-10.0,9,100.0,5,Expert,0.05,0.05,1,2136,1615,0.0,0.0,0,0,4
No Tactical,3,468,train,random,player_win,-10.0,7,100.0,5,Expert,0.05,0.05,1,2139,1617,0.0,0.0,0,1,2
No Tactical,3,469,train,random,player_win,-10.0,11,100.0,5,Expert,0.05,0.05,1,2144,1621,0.0,0.0,0,0,5
No Tactical,3,470,train,random,player_win,-10.0,11,100.0,5,Expert,0.05,0.05,1,2149,1624,0.0,0.0,0,0,5
No Tactical,3,471,train,random,agent_win,10.0,8,92.0,5,Expert,0.05,0.05,1,2153,1627,3.0,3.0,0,1,3
No Tactical,3,472,train,random,agent_win,10.0,10,84.0,5,Expert,0.05,0.05,1,2158,1630,3.0,3.0,0,0,5
No Tactical,3,473,train,random,player_win,-10.0,9,94.0,5,Expert,0.05,0.05,1,2162,1633,0.0,0.0,0,0,4
No Tactical,3,474,train,random,agent_win,10.0,6,86.0,5,Expert,0.05,0.05,1,2165,1635,3.0,3.0,0,0,3
No Tactical,3,475,train,random,agent_win,10.0,10,78.0,4,Hard,0.05,0.05,1,2170,1638,3.0,3.0,0,0,5
No Tactical,3,476,train,random,player_win,-10.0,13,88.0,5,Expert,0.05,0.05,1,2176,1643,0.0,0.0,0,0,6
No Tactical,3,477,train,random,player_win,-10.0,9,98.0,5,Expert,0.05,0.05,1,2180,1645,0.0,0.0,0,1,3
No Tactical,3,478,train,random,player_win,-10.0,9,100.0,5,Expert,0.05,0.05,1,2184,1648,0.0,0.0,0,0,4
No Tactical,3,479,train,random,player_win,-10.0,7,100.0,5,Expert,0.05,0.05,1,2187,1650,0.0,0.0,0,1,2
No Tactical,3,480,train,random,player_win,-10.0,11,100.0,5,Expert,0.05,0.05,1,2192,1654,0.0,0.0,0,0,5
No Tactical,3,481,train,random,player_win,-10.0,9,100.0,5,Expert,0.05,0.05,1,2196,1657,0.0,0.0,0,1,3
No Tactical,3,482,train,random,agent_win,10.0,6,92.0,5,Expert,0.05,0.05,1,2199,1659,3.0,3.0,0,0,3
No Tactical,3,483,train,random,player_win,-10.0,9,100.0,5,Expert,0.05,0.05,1,2203,1661,0.0,0.0,0,0,4
No Tactical,3,484,train,random,player_win,-10.0,7,100.0,5,Expert,0.05,0.05,1,2206,1662,0.0,0.0,0,0,3
No Tactical,3,485,train,random,player_win,-10.0,13,100.0,5,Expert,0.05,0.05,1,2212,1666,0.0,0.0,0,0,6
No Tactical,3,486,train,random,player_win,-10.0,13,100.0,5,Expert,0.05,0.05,1,2218,1671,0.0,0.0,0,0,6
No Tactical,3,487,train,random,player_win,-10.0,15,100.0,5,Expert,0.05,0.05,1,2225,1677,0.0,0.0,0,0,7
No Tactical,3,488,train,random,player_win,-10.0,11,100.0,5,Expert,0.05,0.05,1,2230,1681,0.0,0.0,0,1,4
No Tactical,3,489,train,random,agent_win,10.0,8,92.0,5,Expert,0.05,0.05,1,2234,1684,3.0,3.0,0,0,4
No Tactical,3,490,train,random,agent_win,10.0,12,84.0,5,Expert,0.05,0.05,1,2240,1688,3.0,3.0,0,0,6
No Tactical,3,491,train,random,player_win,-10.0,9,94.0,5,Expert,0.05,0.05,1,2244,1691,0.0,0.0,0,0,4
No Tactical,3,492,train,random,player_win,-10.0,13,100.0,5,Expert,0.05,0.05,1,2250,1696,0.0,0.0,0,1,5
No Tactical,3,493,train,random,agent_win,10.0,10,92.0,5,Expert,0.05,0.05,1,2255,1700,3.0,3.0,0,0,5
No Tactical,3,494,train,random,player_win,-10.0,11,100.0,5,Expert,0.05,0.05,1,2260,1704,0.0,0.0,0,0,5
No Tactical,3,495,train,random,player_win,-10.0,9,100.0,5,Expert,0.05,0.05,1,2264,1707,0.0,0.0,0,1,3
No Tactical,3,496,train,random,agent_win,10.0,12,92.0,5,Expert,0.05,0.05,1,2270,1712,3.0,3.0,0,0,6
No Tactical,3,497,train,random,agent_win,10.0,8,84.0,5,Expert,0.05,0.05,1,2274,1715,3.0,3.0,0,0,4
No Tactical,3,498,train,random,player_win,-10.0,9,94.0,5,Expert,0.05,0.05,1,2278,1718,0.0,0.0,0,0,4
No Tactical,3,499,train,random,agent_win,10.0,12,86.0,5,Expert,0.05,0.05,1,2284,1723,3.0,3.0,0,0,6
No Tactical,3,500,train,random,player_win,-10.0,9,96.0,5,Expert,0.05,0.05,1,2288,1726,0.0,0.0,0,0,4
No Tactical,3,501,train,random,player_win,-10.0,9,100.0,5,Expert,0.05,0.05,1,2292,1729,0.0,0.0,0,0,4
No Tactical,3,502,train,random,player_win,-10.0,5,100.0,5,Expert,0.05,0.05,1,2294,1730,0.0,0.0,0,0,2
No Tactical,3,503,train,random,player_win,-10.0,11,100.0,5,Expert,0.05,0.05,1,2299,1733,0.0,0.0,0,1,4
No Tactical,3,504,train,random,player_win,-10.0,9,100.0,5,Expert,0.05,0.05,1,2303,1735,0.0,0.0,0,0,4
No Tactical,3,505,train,random,agent_win,10.0,6,92.0,5,Expert,0.05,0.05,1,2306,1736,3.0,3.0,0,0,3
No Tactical,3,506,train,random,agent_win,10.0,10,84.0,5,Expert,0.05,0.05,1,2311,1740,3.0,3.0,0,0,5
No Tactical,3,507,train,random,agent_win,10.0,6,76.0,4,Hard,0.05,0.05,1,2314,1742,3.0,3.0,0,1,2
No Tactical,3,508,train,random,agent_win,10.0,8,68.0,4,Hard,0.05,0.05,1,2318,1745,3.0,3.0,0,0,4
No Tactical,3,509,train,random,player_win,-10.0,11,78.0,4,Hard,0.05,0.05,1,2323,1749,0.0,0.0,0,0,5
No Tactical,3,510,train,random,agent_win,10.0,12,70.0,4,Hard,0.05,0.05,1,2329,1754,3.0,3.0,0,1,5
No Tactical,3,511,train,random,player_win,-10.0,11,80.0,5,Expert,0.05,0.05,1,2334,1758,0.0,0.0,0,0,5
No Tactical,3,512,train,random,agent_win,10.0,10,72.0,4,Hard,0.05,0.05,1,2339,1761,3.0,3.0,0,0,5
No Tactical,3,513,train,random,agent_win,10.0,8,64.0,3,Normal,0.05,0.05,1,2343,1764,3.0,3.0,0,0,4
No Tactical,3,514,train,random,agent_win,10.0,6,56.0,3,Normal,0.05,0.05,1,2346,1766,3.0,3.0,0,1,2
No Tactical,3,515,train,random,agent_win,10.0,8,48.0,3,Normal,0.05,0.05,1,2350,1769,3.0,3.0,0,0,4
No Tactical,3,516,train,random,agent_win,10.0,12,40.0,2,Easy,0.05,0.05500000000000001,1,2356,1774,3.0,3.0,0,1,5
No Tactical,3,517,train,random,player_win,-10.0,11,50.0,3,Normal,0.05,0.05,1,2361,1778,0.0,0.0,0,1,4
No Tactical,3,518,train,random,player_win,-10.0,7,60.0,3,Normal,0.05,0.05,1,2364,1780,0.0,0.0,0,0,3
No Tactical,3,519,train,random,player_win,-10.0,15,70.0,4,Hard,0.05,0.05,1,2371,1786,0.0,0.0,0,0,7
No Tactical,3,520,train,random,agent_win,10.0,12,62.0,3,Normal,0.05,0.05,1,2377,1791,3.0,3.0,0,0,6
No Tactical,3,521,train,random,player_win,-10.0,9,72.0,4,Hard,0.05,0.05,1,2381,1793,0.0,0.0,0,0,4
No Tactical,3,522,train,random,agent_win,10.0,8,64.0,3,Normal,0.05,0.05,1,2385,1795,3.0,3.0,0,0,4
No Tactical,3,523,train,random,player_win,-10.0,11,74.0,4,Hard,0.05,0.05,1,2390,1798,0.0,0.0,0,0,5
No Tactical,3,524,train,random,player_win,-10.0,7,84.0,5,Expert,0.05,0.05,1,2393,1800,0.0,0.0,0,0,3
No Tactical,3,525,train,random,player_win,-10.0,11,94.0,5,Expert,0.05,0.05,1,2398,1803,0.0,0.0,0,0,5
No Tactical,3,526,train,random,player_win,-10.0,11,100.0,5,Expert,0.05,0.05,1,2403,1807,0.0,0.0,0,0,5
No Tactical,3,527,train,random,player_win,-10.0,7,100.0,5,Expert,0.05,0.05,1,2406,1809,0.0,0.0,0,0,3
No Tactical,3,528,train,random,player_win,-10.0,11,100.0,5,Expert,0.05,0.05,1,2411,1812,0.0,0.0,0,0,5
No Tactical,3,529,train,random,player_win,-10.0,11,100.0,5,Expert,0.05,0.05,1,2416,1816,0.0,0.0,0,1,4
No Tactical,3,530,train,random,player_win,-10.0,7,100.0,5,Expert,0.05,0.05,1,2419,1818,0.0,0.0,0,1,2
No Tactical,3,531,train,random,player_win,-10.0,9,100.0,5,Expert,0.05,0.05,1,2423,1820,0.0,0.0,0,0,4
No Tactical,3,532,train,random,agent_win,10.0,10,92.0,5,Expert,0.05,0.05,1,2428,1824,3.0,3.0,0,0,5
No Tactical,3,533,train,random,player_win,-10.0,13,100.0,5,Expert,0.05,0.05,1,2434,1829,0.0,0.0,0,0,6
No Tactical,3,534,train,random,player_win,-10.0,9,100.0,5,Expert,0.05,0.05,1,2438,1832,0.0,0.0,0,0,4
No Tactical,3,535,train,random,player_win,-10.0,11,100.0,5,Expert,0.05,0.05,1,2443,1835,0.0,0.0,0,0,5
No Tactical,3,536,train,random,player_win,-10.0,11,100.0,5,Expert,0.05,0.05,1,2448,1839,0.0,0.0,0,0,5
No Tactical,3,537,train,random,player_win,-10.0,9,100.0,5,Expert,0.05,0.05,1,2452,1842,0.0,0.0,0,0,4
No Tactical,3,538,train,random,player_win,-10.0,13,100.0,5,Expert,0.05,0.05,1,2458,1847,0.0,0.0,0,0,6
No Tactical,3,539,train,random,player_win,-10.0,11,100.0,5,Expert,0.05,0.05,1,2463,1850,0.0,0.0,0,0,5
No Tactical,3,540,train,random,agent_win,10.0,10,92.0,5,Expert,0.05,0.05,1,2468,1854,3.0,3.0,0,1,4
No Tactical,3,541,train,random,player_win,-10.0,11,100.0,5,Expert,0.05,0.05,1,2473,1857,0.0,0.0,0,1,4
No Tactical,3,542,train,random,player_win,-10.0,13,100.0,5,Expert,0.05,0.05,1,2479,1862,0.0,0.0,0,0,6
No Tactical,3,543,train,random,agent_win,10.0,8,92.0,5,Expert,0.05,0.05,1,2483,1865,3.0,3.0,0,0,4
No Tactical,3,544,train,random,agent_win,10.0,8,84.0,5,Expert,0.05,0.05,1,2487,1868,3.0,3.0,0,0,4
No Tactical,3,545,train,random,agent_win,10.0,10,76.0,4,Hard,0.05,0.05,1,2492,1872,3.0,3.0,0,0,5
No Tactical,3,546,train,random,player_win,-10.0,5,86.0,5,Expert,0.05,0.05,1,2494,1872,0.0,0.0,0,0,2
No Tactical,3,547,train,random,agent_win,10.0,10,78.0,4,Hard,0.05,0.05,1,2499,1875,3.0,3.0,0,0,5
No Tactical,3,548,train,random,player_win,-10.0,7,88.0,5,Expert,0.05,0.05,1,2502,1876,0.0,0.0,0,0,3
No Tactical,3,549,train,random,agent_win,10.0,10,80.0,5,Expert,0.05,0.05,1,2507,1878,3.0,3.0,0,0,5
No Tactical,3,550,train,random,player_win,-10.0,9,90.0,5,Expert,0.05,0.05,1,2511,1881,0.0,0.0,0,0,4
No Tactical,3,551,train,random,agent_win,10.0,8,82.0,5,Expert,0.05,0.05,1,2515,1884,3.0,3.0,0,0,4
No Tactical,3,552,train,random,player_win,-10.0,13,92.0,5,Expert,0.05,0.05,1,2521,1889,0.0,0.0,0,0,6
No Tactical,3,553,train,random,player_win,-10.0,7,100.0,5,Expert,0.05,0.05,1,2524,1891,0.0,0.0,0,0,3
No Tactical,3,554,train,random,player_win,-10.0,13,100.0,5,Expert,0.05,0.05,1,2530,1896,0.0,0.0,0,0,6
No Tactical,3,555,train,random,player_win,-10.0,9,100.0,5,Expert,0.05,0.05,1,2534,1899,0.0,0.0,0,0,4
No Tactical,3,556,train,random,agent_win,10.0,10,92.0,5,Expert,0.05,0.05,1,2539,1903,3.0,3.0,0,0,5
No Tactical,3,557,train,random,player_win,-10.0,7,100.0,5,Expert,0.05,0.05,1,2542,1905,0.0,0.0,0,0,3
No Tactical,3,558,train,random,player_win,-10.0,11,100.0,5,Expert,0.05,0.05,1,2547,1909,0.0,0.0,0,0,5
No Tactical,3,559,train,random,agent_win,10.0,6,92.0,5,Expert,0.05,0.05,1,2550,1911,3.0,3.0,0,1,2
No Tactical,3,560,train,random,player_win,-10.0,5,100.0,5,Expert,0.05,0.05,1,2552,1912,0.0,0.0,0,0,2
No Tactical,3,561,train,random,player_win,-10.0,7,100.0,5,Expert,0.05,0.05,1,2555,1914,0.0,0.0,0,1,2
No Tactical,3,562,train,random,player_win,-10.0,7,100.0,5,Expert,0.05,0.05,1,2558,1915,0.0,0.0,0,0,3
No Tactical,3,563,train,random,player_win,-10.0,9,100.0,5,Expert,0.05,0.05,1,2562,1917,0.0,0.0,0,0,4
No Tactical,3,564,train,random,player_win,-10.0,5,100.0,5,Expert,0.05,0.05,1,2564,1918,0.0,0.0,0,0,2
No Tactical,3,565,train,random,player_win,-10.0,11,100.0,5,Expert,0.05,0.05,1,2569,1922,0.0,0.0,0,0,5
No Tactical,3,566,train,random,player_win,-10.0,11,100.0,5,Expert,0.05,0.05,1,2574,1925,0.0,0.0,0,0,5
No Tactical,3,567,train,random,player_win,-10.0,5,100.0,5,Expert,0.05,0.05,1,2576,1926,0.0,0.0,0,0,2
No Tactical,3,568,train,random,player_win,-10.0,11,100.0,5,Expert,0.05,0.05,1,2581,1930,0.0,0.0,0,0,5
No Tactical,3,569,train,random,agent_win,10.0,10,92.0,5,Expert,0.05,0.05,1,2586,1934,3.0,3.0,0,0,5
No Tactical,3,570,train,random,agent_win,10.0,10,84.0,5,Expert,0.05,0.05,1,2591,1938,3.0,3.0,0,0,5
No Tactical,3,571,train,random,agent_win,10.0,16,76.0,4,Hard,0.05,0.05,1,2599,1945,3.0,3.0,0,0,8
No Tactical,3,572,train,random,player_win,-10.0,11,86.0,5,Expert,0.05,0.05,1,2604,1949,0.0,0.0,0,0,5
No Tactical,3,573,train,random,agent_win,10.0,10,78.0,4,Hard,0.05,0.05,1,2609,1952,3.0,3.0,0,0,5
No Tactical,3,574,train,random,player_win,-10.0,9,88.0,5,Expert,0.05,0.05,1,2613,1955,0.0,0.0,0,0,4
No Tactical,3,575,train,random,player_win,-10.0,11,98.0,5,Expert,0.05,0.05,1,2618,1959,0.0,0.0,0,0,5
No Tactical,3,576,train,random,player_win,-10.0,7,100.0,5,Expert,0.05,0.05,1,2621,1961,0.0,0.0,0,0,3
No Tactical,3,577,train,random,agent_win,10.0,14,92.0,5,Expert,0.05,0.05,1,2628,1967,3.0,3.0,0,1,6
No Tactical,3,578,train,random,player_win,-10.0,11,100.0,5,Expert,0.05,0.05,1,2633,1971,0.0,0.0,0,1,4
No Tactical,3,579,train,random,player_win,-10.0,13,100.0,5,Expert,0.05,0.05,1,2639,1976,0.0,0.0,0,2,4
No Tactical,3,580,train,random,player_win,-10.0,7,100.0,5,Expert,0.05,0.05,1,2642,1978,0.0,0.0,0,1,2
No Tactical,3,581,train,random,player_win,-10.0,11,100.0,5,Expert,0.05,0.05,1,2647,1982,0.0,0.0,0,0,5
No Tactical,3,582,train,random,agent_win,10.0,10,92.0,5,Expert,0.05,0.05,1,2652,1986,3.0,3.0,0,0,5
No Tactical,3,583,train,random,player_win,-10.0,9,100.0,5,Expert,0.05,0.05,1,2656,1989,0.0,0.0,0,0,4
No Tactical,3,584,train,random,agent_win,10.0,10,92.0,5,Expert,0.05,0.05,1,2661,1993,3.0,3.0,0,1,4
No Tactical,3,585,train,random,player_win,-10.0,5,100.0,5,Expert,0.05,0.05,1,2663,1994,0.0,0.0,0,0,2
No Tactical,3,586,train,random,player_win,-10.0,9,100.0,5,Expert,0.05,0.05,1,2667,1997,0.0,0.0,0,0,4
No Tactical,3,587,train,random,player_win,-10.0,11,100.0,5,Expert,0.05,0.05,1,2672,2001,0.0,0.0,0,0,5
No Tactical,3,588,train,random,player_win,-10.0,9,100.0,5,Expert,0.05,0.05,1,2676,2004,0.0,0.0,0,1,3
No Tactical,3,589,train,random,player_win,-10.0,13,100.0,5,Expert,0.05,0.05,1,2682,2009,0.0,0.0,0,0,6
No Tactical,3,590,train,random,player_win,-10.0,13,100.0,5,Expert,0.05,0.05,1,2688,2014,0.0,0.0,0,1,5
No Tactical,3,591,train,random,player_win,-10.0,11,100.0,5,Expert,0.05,0.05,1,2693,2018,0.0,0.0,0,0,5
No Tactical,3,592,train,random,agent_win,10.0,8,92.0,5,Expert,0.05,0.05,1,2697,2020,3.0,3.0,0,0,4
No Tactical,3,593,train,random,player_win,-10.0,11,100.0,5,Expert,0.05,0.05,1,2702,2023,0.0,0.0,0,0,5
No Tactical,3,594,train,random,agent_win,10.0,12,92.0,5,Expert,0.05,0.05,1,2708,2027,3.0,3.0,0,0,6
No Tactical,3,595,train,random,agent_win,10.0,6,84.0,5,Expert,0.05,0.05,1,2711,2029,3.0,3.0,0,0,3
No Tactical,3,596,train,random,player_win,-10.0,9,94.0,5,Expert,0.05,0.05,1,2715,2032,0.0,0.0,0,0,4
No Tactical,3,597,train,random,player_win,-10.0,5,100.0,5,Expert,0.05,0.05,1,2717,2033,0.0,0.0,0,0,2
No Tactical,3,598,train,random,agent_win,10.0,8,92.0,5,Expert,0.05,0.05,1,2721,2036,3.0,3.0,0,0,4
No Tactical,3,599,train,random,player_win,-10.0,11,100.0,5,Expert,0.05,0.05,1,2726,2040,0.0,0.0,0,1,4
No Tactical,3,600,train,random,agent_win,10.0,10,92.0,5,Expert,0.05,0.05,1,2731,2044,3.0,3.0,0,0,5
No Tactical,3,601,train,random,agent_win,10.0,12,84.0,5,Expert,0.05,0.05,1,2737,2049,3.0,3.0,0,0,6
No Tactical,3,602,train,random,player_win,-10.0,9,94.0,5,Expert,0.05,0.05,1,2741,2051,0.0,0.0,0,0,4
No Tactical,3,603,train,random,agent_win,10.0,10,86.0,5,Expert,0.05,0.05,1,2746,2055,3.0,3.0,0,2,3
No Tactical,3,604,train,random,agent_win,10.0,12,78.0,4,Hard,0.05,0.05,1,2752,2060,3.0,3.0,0,1,5
No Tactical,3,605,train,random,player_win,-10.0,7,88.0,5,Expert,0.05,0.05,1,2755,2061,0.0,0.0,0,0,3
No Tactical,3,606,train,random,agent_win,10.0,14,80.0,5,Expert,0.05,0.05,1,2762,2066,3.0,3.0,0,0,7
No Tactical,3,607,train,random,agent_win,10.0,10,72.0,4,Hard,0.05,0.05,1,2767,2070,3.0,3.0,0,1,4
No Tactical,3,608,train,random,player_win,-10.0,11,82.0,5,Expert,0.05,0.05,1,2772,2074,0.0,0.0,0,0,5
No Tactical,3,609,train,random,player_win,-10.0,13,92.0,5,Expert,0.05,0.05,1,2778,2078,0.0,0.0,0,1,5
No Tactical,3,610,train,random,player_win,-10.0,11,100.0,5,Expert,0.05,0.05,1,2783,2082,0.0,0.0,0,0,5
No Tactical,3,611,train,random,agent_win,10.0,10,92.0,5,Expert,0.05,0.05,1,2788,2085,3.0,3.0,0,0,5
No Tactical,3,612,train,random,agent_win,10.0,14,84.0,5,Expert,0.05,0.05,1,2795,2091,3.0,3.0,0,0,7
No Tactical,3,613,train,random,player_win,-10.0,11,94.0,5,Expert,0.05,0.05,1,2800,2095,0.0,0.0,0,0,5
No Tactical,3,614,train,random,agent_win,10.0,6,86.0,5,Expert,0.05,0.05,1,2803,2096,3.0,3.0,0,0,3
No Tactical,3,615,train,random,player_win,-10.0,7,96.0,5,Expert,0.05,0.05,1,2806,2098,0.0,0.0,0,1,2
No Tactical,3,616,train,random,agent_win,10.0,8,88.0,5,Expert,0.05,0.05,1,2810,2101,3.0,3.0,0,0,4
No Tactical,3,617,train,random,player_win,-10.0,11,98.0,5,Expert,0.05,0.05,1,2815,2104,0.0,0.0,0,0,5
No Tactical,3,618,train,random,player_win,-10.0,9,100.0,5,Expert,0.05,0.05,1,2819,2107,0.0,0.0,0,0,4
No Tactical,3,619,train,random,agent_win,10.0,6,92.0,5,Expert,0.05,0.05,1,2822,2109,3.0,3.0,0,0,3
No Tactical,3,620,train,random,player_win,-10.0,13,100.0,5,Expert,0.05,0.05,1,2828,2114,0.0,0.0,0,1,5
No Tactical,3,621,train,random,agent_win,10.0,10,92.0,5,Expert,0.05,0.05,1,2833,2118,3.0,3.0,0,0,5
No Tactical,3,622,train,random,player_win,-10.0,13,100.0,5,Expert,0.05,0.05,1,2839,2122,0.0,0.0,0,1,5
No Tactical,3,623,train,random,agent_win,10.0,6,92.0,5,Expert,0.05,0.05,1,2842,2124,3.0,3.0,0,0,3
No Tactical,3,624,train,random,player_win,-10.0,7,100.0,5,Expert,0.05,0.05,1,2845,2125,0.0,0.0,0,0,3
No Tactical,3,625,train,random,agent_win,10.0,12,92.0,5,Expert,0.05,0.05,1,2851,2130,3.0,3.0,0,0,6
No Tactical,3,626,train,random,player_win,-10.0,9,100.0,5,Expert,0.05,0.05,1,2855,2132,0.0,0.0,0,0,4
No Tactical,3,627,train,random,player_win,-10.0,7,100.0,5,Expert,0.05,0.05,1,2858,2134,0.0,0.0,0,0,3
No Tactical,3,628,train,random,player_win,-10.0,11,100.0,5,Expert,0.05,0.05,1,2863,2138,0.0,0.0,0,0,5
No Tactical,3,629,train,random,player_win,-10.0,9,100.0,5,Expert,0.05,0.05,1,2867,2141,0.0,0.0,0,0,4
No Tactical,3,630,train,random,player_win,-10.0,11,100.0,5,Expert,0.05,0.05,1,2872,2145,0.0,0.0,0,1,4
No Tactical,3,631,train,random,player_win,-10.0,11,100.0,5,Expert,0.05,0.05,1,2877,2149,0.0,0.0,0,0,5
No Tactical,3,632,train,random,player_win,-10.0,5,100.0,5,Expert,0.05,0.05,1,2879,2149,0.0,0.0,0,0,2
No Tactical,3,633,train,random,agent_win,10.0,12,92.0,5,Expert,0.05,0.05,1,2885,2154,3.0,3.0,0,0,6
No Tactical,3,634,train,random,player_win,-10.0,9,100.0,5,Expert,0.05,0.05,1,2889,2157,0.0,0.0,0,0,4
No Tactical,3,635,train,random,agent_win,10.0,14,92.0,5,Expert,0.05,0.05,1,2896,2163,3.0,3.0,0,0,7
No Tactical,3,636,train,random,agent_win,10.0,10,84.0,5,Expert,0.05,0.05,1,2901,2166,3.0,3.0,0,0,5
No Tactical,3,637,train,random,player_win,-10.0,9,94.0,5,Expert,0.05,0.05,1,2905,2169,0.0,0.0,0,0,4
No Tactical,3,638,train,random,agent_win,10.0,12,86.0,5,Expert,0.05,0.05,1,2911,2173,3.0,3.0,0,0,6
No Tactical,3,639,train,random,player_win,-10.0,5,96.0,5,Expert,0.05,0.05,1,2913,2173,0.0,0.0,0,0,2
No Tactical,3,640,train,random,player_win,-10.0,5,100.0,5,Expert,0.05,0.05,1,2915,2174,0.0,0.0,0,0,2
No Tactical,3,641,train,random,agent_win,10.0,14,92.0,5,Expert,0.05,0.05,1,2922,2180,3.0,3.0,0,1,6
No Tactical,3,642,train,random,agent_win,10.0,10,84.0,5,Expert,0.05,0.05,1,2927,2183,3.0,3.0,0,0,5
No Tactical,3,643,train,random,player_win,-10.0,11,94.0,5,Expert,0.05,0.05,1,2932,2187,0.0,0.0,0,0,5
No Tactical,3,644,train,random,agent_win,10.0,10,86.0,5,Expert,0.05,0.05,1,2937,2190,3.0,3.0,0,1,4
No Tactical,3,645,train,random,agent_win,10.0,8,78.0,4,Hard,0.05,0.05,1,2941,2193,3.0,3.0,0,0,4
No Tactical,3,646,train,random,agent_win,10.0,10,70.0,4,Hard,0.05,0.05,1,2946,2197,3.0,3.0,0,0,5
No Tactical,3,647,train,random,player_win,-10.0,15,80.0,5,Expert,0.05,0.05,1,2953,2202,0.0,0.0,0,0,7
No Tactical,3,648,train,random,player_win,-10.0,9,90.0,5,Expert,0.05,0.05,1,2957,2205,0.0,0.0,0,1,3
No Tactical,3,649,train,random,agent_win,10.0,14,82.0,5,Expert,0.05,0.05,1,2964,2210,3.0,3.0,0,1,6
No Tactical,3,650,train,random,agent_win,10.0,12,74.0,4,Hard,0.05,0.05,1,2970,2214,3.0,3.0,0,1,5
No Tactical,3,651,train,random,agent_win,10.0,10,66.0,4,Hard,0.05,0.05,1,2975,2217,3.0,3.0,0,1,4
No Tactical,3,652,train,random,agent_win,10.0,8,58.0,3,Normal,0.05,0.05,1,2979,2219,3.0,3.0,0,0,4
No Tactical,3,653,train,random,player_win,-10.0,11,68.0,4,Hard,0.05,0.05,1,2984,2222,0.0,0.0,0,0,5
No Tactical,3,654,train,random,agent_win,10.0,14,60.0,3,Normal,0.05,0.05,1,2991,2227,3.0,3.0,0,0,7
No Tactical,3,655,train,random,player_win,-10.0,11,70.0,4,Hard,0.05,0.05,1,2996,2230,0.0,0.0,0,0,5
No Tactical,3,656,train,random,player_win,-10.0,5,80.0,5,Expert,0.05,0.05,1,2998,2231,0.0,0.0,0,0,2
No Tactical,3,657,train,random,player_win,-10.0,11,90.0,5,Expert,0.05,0.05,1,3003,2235,0.0,0.0,0,1,4
No Tactical,3,658,train,random,player_win,-10.0,7,100.0,5,Expert,0.05,0.05,1,3006,2236,0.0,0.0,0,0,3
No Tactical,3,659,train,random,player_win,-10.0,13,100.0,5,Expert,0.05,0.05,1,3012,2241,0.0,0.0,0,0,6
No Tactical,3,660,train,random,player_win,-10.0,9,100.0,5,Expert,0.05,0.05,1,3016,2244,0.0,0.0,0,0,4
No Tactical,3,661,train,random,player_win,-10.0,13,100.0,5,Expert,0.05,0.05,1,3022,2249,0.0,0.0,0,1,5
No Tactical,3,662,train,random,player_win,-10.0,7,100.0,5,Expert,0.05,0.05,1,3025,2251,0.0,0.0,0,1,2
No Tactical,3,663,train,random,player_win,-10.0,9,100.0,5,Expert,0.05,0.05,1,3029,2254,0.0,0.0,0,0,4
No Tactical,3,664,train,random,agent_win,10.0,12,92.0,5,Expert,0.05,0.05,1,3035,2259,3.0,3.0,0,1,5
No Tactical,3,665,train,random,agent_win,10.0,12,84.0,5,Expert,0.05,0.05,1,3041,2262,3.0,3.0,0,3,3
No Tactical,3,666,train,random,agent_win,10.0,8,76.0,4,Hard,0.05,0.05,1,3045,2264,3.0,3.0,0,0,4
No Tactical,3,667,train,random,agent_win,10.0,12,68.0,4,Hard,0.05,0.05,1,3051,2269,3.0,3.0,0,0,6
No Tactical,3,668,train,random,player_win,-10.0,5,78.0,4,Hard,0.05,0.05,1,3053,2269,0.0,0.0,0,0,2
No Tactical,3,669,train,random,player_win,-10.0,9,88.0,5,Expert,0.05,0.05,1,3057,2272,0.0,0.0,0,0,4
No Tactical,3,670,train,random,player_win,-10.0,11,98.0,5,Expert,0.05,0.05,1,3062,2275,0.0,0.0,0,0,5
No Tactical,3,671,train,random,agent_win,10.0,8,90.0,5,Expert,0.05,0.05,1,3066,2278,3.0,3.0,0,0,4
No Tactical,3,672,train,random,agent_win,10.0,8,82.0,5,Expert,0.05,0.05,1,3070,2281,3.0,3.0,0,0,4
No Tactical,3,673,train,random,agent_win,10.0,10,74.0,4,Hard,0.05,0.05,1,3075,2285,3.0,3.0,0,0,5
No Tactical,3,674,train,random,player_win,-10.0,13,84.0,5,Expert,0.05,0.05,1,3081,2289,0.0,0.0,0,0,6
No Tactical,3,675,train,random,player_win,-10.0,7,94.0,5,Expert,0.05,0.05,1,3084,2291,0.0,0.0,0,0,3
No Tactical,3,676,train,random,player_win,-10.0,9,100.0,5,Expert,0.05,0.05,1,3088,2293,0.0,0.0,0,0,4
No Tactical,3,677,train,random,agent_win,10.0,8,92.0,5,Expert,0.05,0.05,1,3092,2295,3.0,3.0,0,0,4
No Tactical,3,678,train,random,player_win,-10.0,11,100.0,5,Expert,0.05,0.05,1,3097,2299,0.0,0.0,0,0,5
No Tactical,3,679,train,random,agent_win,10.0,12,92.0,5,Expert,0.05,0.05,1,3103,2304,3.0,3.0,0,0,6
No Tactical,3,680,train,random,player_win,-10.0,11,100.0,5,Expert,0.05,0.05,1,3108,2308,0.0,0.0,0,0,5
No Tactical,3,681,train,random,player_win,-10.0,7,100.0,5,Expert,0.05,0.05,1,3111,2310,0.0,0.0,0,0,3
No Tactical,3,682,train,random,player_win,-10.0,9,100.0,5,Expert,0.05,0.05,1,3115,2313,0.0,0.0,0,0,4
No Tactical,3,683,train,random,agent_win,10.0,8,92.0,5,Expert,0.05,0.05,1,3119,2315,3.0,3.0,0,0,4
No Tactical,3,684,train,random,player_win,-10.0,7,100.0,5,Expert,0.05,0.05,1,3122,2317,0.0,0.0,0,0,3
No Tactical,3,685,train,random,player_win,-10.0,7,100.0,5,Expert,0.05,0.05,1,3125,2319,0.0,0.0,0,0,3
No Tactical,3,686,train,random,player_win,-10.0,7,100.0,5,Expert,0.05,0.05,1,3128,2321,0.0,0.0,0,0,3
No Tactical,3,687,train,random,player_win,-10.0,7,100.0,5,Expert,0.05,0.05,1,3131,2322,0.0,0.0,0,0,3
No Tactical,3,688,train,random,player_win,-10.0,5,100.0,5,Expert,0.05,0.05,1,3133,2323,0.0,0.0,0,0,2
No Tactical,3,689,train,random,agent_win,10.0,12,92.0,5,Expert,0.05,0.05,1,3139,2328,3.0,3.0,0,0,6
No Tactical,3,690,train,random,agent_win,10.0,12,84.0,5,Expert,0.05,0.05,1,3145,2333,3.0,3.0,0,0,6
No Tactical,3,691,train,random,agent_win,10.0,10,76.0,4,Hard,0.05,0.05,1,3150,2336,3.0,3.0,0,1,4
No Tactical,3,692,train,random,player_win,-10.0,11,86.0,5,Expert,0.05,0.05,1,3155,2339,0.0,0.0,0,0,5
No Tactical,3,693,train,random,player_win,-10.0,9,96.0,5,Expert,0.05,0.05,1,3159,2342,0.0,0.0,0,1,3
No Tactical,3,694,train,random,player_win,-10.0,13,100.0,5,Expert,0.05,0.05,1,3165,2347,0.0,0.0,0,0,6
No Tactical,3,695,train,random,agent_win,10.0,10,92.0,5,Expert,0.05,0.05,1,3170,2351,3.0,3.0,0,0,5
No Tactical,3,696,train,random,agent_win,10.0,8,84.0,5,Expert,0.05,0.05,1,3174,2354,3.0,3.0,0,0,4
No Tactical,3,697,train,random,player_win,-10.0,11,94.0,5,Expert,0.05,0.05,1,3179,2358,0.0,0.0,0,0,5
No Tactical,3,698,train,random,player_win,-10.0,7,100.0,5,Expert,0.05,0.05,1,3182,2360,0.0,0.0,0,0,3
No Tactical,3,699,train,random,agent_win,10.0,8,92.0,5,Expert,0.05,0.05,1,3186,2363,3.0,3.0,0,1,3
No Tactical,3,700,train,random,agent_win,10.0,12,84.0,5,Expert,0.05,0.05,1,3192,2368,3.0,3.0,0,0,6
No Tactical,3,701,train,random,player_win,-10.0,7,94.0,5,Expert,0.05,0.05,1,3195,2370,0.0,0.0,0,0,3
No Tactical,3,702,train,random,player_win,-10.0,5,100.0,5,Expert,0.05,0.05,1,3197,2371,0.0,0.0,0,0,2
No Tactical,3,703,train,random,player_win,-10.0,13,100.0,5,Expert,0.05,0.05,1,3203,2376,0.0,0.0,0,0,6
No Tactical,3,704,train,random,player_win,-10.0,9,100.0,5,Expert,0.05,0.05,1,3207,2379,0.0,0.0,0,1,3
No Tactical,3,705,train,random,player_win,-10.0,11,100.0,5,Expert,0.05,0.05,1,3212,2383,0.0,0.0,0,0,5
No Tactical,3,706,train,random,agent_win,10.0,14,92.0,5,Expert,0.05,0.05,1,3219,2389,3.0,3.0,0,0,7
No Tactical,3,707,train,random,agent_win,10.0,8,84.0,5,Expert,0.05,0.05,1,3223,2392,3.0,3.0,0,0,4
No Tactical,3,708,train,random,player_win,-10.0,9,94.0,5,Expert,0.05,0.05,1,3227,2395,0.0,0.0,0,0,4
No Tactical,3,709,train,random,player_win,-10.0,11,100.0,5,Expert,0.05,0.05,1,3232,2397,0.0,0.0,0,2,3
No Tactical,3,710,train,random,agent_win,10.0,12,92.0,5,Expert,0.05,0.05,1,3238,2402,3.0,3.0,0,0,6
No Tactical,3,711,train,random,player_win,-10.0,9,100.0,5,Expert,0.05,0.05,1,3242,2404,0.0,0.0,0,0,4
No Tactical,3,712,train,random,player_win,-10.0,7,100.0,5,Expert,0.05,0.05,1,3245,2406,0.0,0.0,0,0,3
No Tactical,3,713,train,random,agent_win,10.0,10,92.0,5,Expert,0.05,0.05,1,3250,2409,3.0,3.0,0,0,5
No Tactical,3,714,train,random,player_win,-10.0,7,100.0,5,Expert,0.05,0.05,1,3253,2411,0.0,0.0,0,0,3
No Tactical,3,715,train,random,player_win,-10.0,5,100.0,5,Expert,0.05,0.05,1,3255,2412,0.0,0.0,0,0,2
No Tactical,3,716,train,random,player_win,-10.0,11,100.0,5,Expert,0.05,0.05,1,3260,2415,0.0,0.0,0,0,5
No Tactical,3,717,train,random,player_win,-10.0,11,100.0,5,Expert,0.05,0.05,1,3265,2418,0.0,0.0,0,0,5
No Tactical,3,718,train,random,agent_win,10.0,10,92.0,5,Expert,0.05,0.05,1,3270,2422,3.0,3.0,0,0,5
No Tactical,3,719,train,random,player_win,-10.0,5,100.0,5,Expert,0.05,0.05,1,3272,2422,0.0,0.0,0,0,2
No Tactical,3,720,train,random,player_win,-10.0,11,100.0,5,Expert,0.05,0.05,1,3277,2426,0.0,0.0,0,0,5
No Tactical,3,721,train,random,agent_win,10.0,10,92.0,5,Expert,0.05,0.05,1,3282,2429,3.0,3.0,0,0,5
No Tactical,3,722,train,random,player_win,-10.0,7,100.0,5,Expert,0.05,0.05,1,3285,2431,0.0,0.0,0,1,2
No Tactical,3,723,train,random,agent_win,10.0,8,92.0,5,Expert,0.05,0.05,1,3289,2434,3.0,3.0,0,1,3
No Tactical,3,724,train,random,agent_win,10.0,12,84.0,5,Expert,0.05,0.05,1,3295,2439,3.0,3.0,0,1,5
No Tactical,3,725,train,random,player_win,-10.0,5,94.0,5,Expert,0.05,0.05,1,3297,2440,0.0,0.0,0,0,2
No Tactical,3,726,train,random,player_win,-10.0,7,100.0,5,Expert,0.05,0.05,1,3300,2442,0.0,0.0,0,1,2
No Tactical,3,727,train,random,player_win,-10.0,5,100.0,5,Expert,0.05,0.05,1,3302,2443,0.0,0.0,0,0,2
No Tactical,3,728,train,random,player_win,-10.0,9,100.0,5,Expert,0.05,0.05,1,3306,2446,0.0,0.0,0,0,4
No Tactical,3,729,train,random,player_win,-10.0,9,100.0,5,Expert,0.05,0.05,1,3310,2448,0.0,0.0,0,0,4
No Tactical,3,730,train,random,player_win,-10.0,9,100.0,5,Expert,0.05,0.05,1,3314,2450,0.0,0.0,0,0,4
No Tactical,3,731,train,random,player_win,-10.0,9,100.0,5,Expert,0.05,0.05,1,3318,2453,0.0,0.0,0,1,3
No Tactical,3,732,train,random,player_win,-10.0,9,100.0,5,Expert,0.05,0.05,1,3322,2456,0.0,0.0,0,0,4
No Tactical,3,733,train,random,player_win,-10.0,7,100.0,5,Expert,0.05,0.05,1,3325,2457,0.0,0.0,0,0,3
No Tactical,3,734,train,random,player_win,-10.0,11,100.0,5,Expert,0.05,0.05,1,3330,2460,0.0,0.0,0,1,4
No Tactical,3,735,train,random,player_win,-10.0,13,100.0,5,Expert,0.05,0.05,1,3336,2464,0.0,0.0,0,0,6
No Tactical,3,736,train,random,player_win,-10.0,11,100.0,5,Expert,0.05,0.05,1,3341,2468,0.0,0.0,0,0,5
No Tactical,3,737,train,random,player_win,-10.0,9,100.0,5,Expert,0.05,0.05,1,3345,2471,0.0,0.0,0,0,4
No Tactical,3,738,train,random,agent_win,10.0,8,92.0,5,Expert,0.05,0.05,1,3349,2474,3.0,3.0,0,0,4
No Tactical,3,739,train,random,agent_win,10.0,6,84.0,5,Expert,0.05,0.05,1,3352,2475,3.0,3.0,0,0,3
No Tactical,3,740,train,random,player_win,-10.0,13,94.0,5,Expert,0.05,0.05,1,3358,2479,0.0,0.0,0,1,5
No Tactical,3,741,train,random,player_win,-10.0,5,100.0,5,Expert,0.05,0.05,1,3360,2480,0.0,0.0,0,0,2
No Tactical,3,742,train,random,agent_win,10.0,8,92.0,5,Expert,0.05,0.05,1,3364,2483,3.0,3.0,0,1,3
No Tactical,3,743,train,random,agent_win,10.0,6,84.0,5,Expert,0.05,0.05,1,3367,2485,3.0,3.0,0,1,2
No Tactical,3,744,train,random,agent_win,10.0,8,76.0,4,Hard,0.05,0.05,1,3371,2488,3.0,3.0,0,0,4
No Tactical,3,745,train,random,agent_win,10.0,10,68.0,4,Hard,0.05,0.05,1,3376,2492,3.0,3.0,0,0,5
No Tactical,3,746,train,random,agent_win,10.0,10,60.0,3,Normal,0.05,0.05,1,3381,2495,3.0,3.0,0,0,5
No Tactical,3,747,train,random,player_win,-10.0,13,70.0,4,Hard,0.05,0.05,1,3387,2499,0.0,0.0,0,0,6
No Tactical,3,748,train,random,player_win,-10.0,11,80.0,5,Expert,0.05,0.05,1,3392,2502,0.0,0.0,0,0,5
No Tactical,3,749,train,random,player_win,-10.0,9,90.0,5,Expert,0.05,0.05,1,3396,2504,0.0,0.0,0,0,4
No Tactical,3,750,train,random,agent_win,10.0,8,82.0,5,Expert,0.05,0.05,1,3400,2507,3.0,3.0,0,0,4
No Tactical,3,751,train,random,agent_win,10.0,8,74.0,4,Hard,0.05,0.05,1,3404,2509,3.0,3.0,0,0,4
No Tactical,3,752,train,random,agent_win,10.0,6,66.0,4,Hard,0.05,0.05,1,3407,2511,3.0,3.0,0,0,3
No Tactical,3,753,train,random,player_win,-10.0,11,76.0,4,Hard,0.05,0.05,1,3412,2515,0.0,0.0,0,0,5
No Tactical,3,754,train,random,player_win,-10.0,9,86.0,5,Expert,0.05,0.05,1,3416,2518,0.0,0.0,0,0,4
No Tactical,3,755,train,random,agent_win,10.0,10,78.0,4,Hard,0.05,0.05,1,3421,2522,3.0,3.0,0,1,4
No Tactical,3,756,train,random,agent_win,10.0,12,70.0,4,Hard,0.05,0.05,1,3427,2526,3.0,3.0,0,0,6
No Tactical,3,757,train,random,player_win,-10.0,7,80.0,5,Expert,0.05,0.05,1,3430,2528,0.0,0.0,0,0,3
No Tactical,3,758,train,random,agent_win,10.0,8,72.0,4,Hard,0.05,0.05,1,3434,2531,3.0,3.0,0,1,3
No Tactical,3,759,train,random,player_win,-10.0,9,82.0,5,Expert,0.05,0.05,1,3438,2533,0.0,0.0,0,0,4
No Tactical,3,760,train,random,player_win,-10.0,13,92.0,5,Expert,0.05,0.05,1,3444,2538,0.0,0.0,0,1,5
No Tactical,3,761,train,random,player_win,-10.0,9,100.0,5,Expert,0.05,0.05,1,3448,2540,0.0,0.0,0,0,4
No Tactical,3,762,train,random,agent_win,10.0,6,92.0,5,Expert,0.05,0.05,1,3451,2542,3.0,3.0,0,0,3
No Tactical,3,763,train,random,agent_win,10.0,10,84.0,5,Expert,0.05,0.05,1,3456,2546,3.0,3.0,0,0,5
No Tactical,3,764,train,random,player_win,-10.0,9,94.0,5,Expert,0.05,0.05,1,3460,2548,0.0,0.0,0,0,4
No Tactical,3,765,train,random,player_win,-10.0,11,100.0,5,Expert,0.05,0.05,1,3465,2551,0.0,0.0,0,1,4
No Tactical,3,766,train,random,player_win,-10.0,11,100.0,5,Expert,0.05,0.05,1,3470,2555,0.0,0.0,0,0,5
No Tactical,3,767,train,random,player_win,-10.0,11,100.0,5,Expert,0.05,0.05,1,3475,2558,0.0,0.0,0,0,5
No Tactical,3,768,train,random,player_win,-10.0,9,100.0,5,Expert,0.05,0.05,1,3479,2561,0.0,0.0,0,0,4
No Tactical,3,769,train,random,player_win,-10.0,7,100.0,5,Expert,0.05,0.05,1,3482,2563,0.0,0.0,0,0,3
No Tactical,3,770,train,random,player_win,-10.0,5,100.0,5,Expert,0.05,0.05,1,3484,2564,0.0,0.0,0,0,2
No Tactical,3,771,train,random,player_win,-10.0,11,100.0,5,Expert,0.05,0.05,1,3489,2568,0.0,0.0,0,0,5
No Tactical,3,772,train,random,agent_win,10.0,10,92.0,5,Expert,0.05,0.05,1,3494,2572,3.0,3.0,0,0,5
No Tactical,3,773,train,random,agent_win,10.0,10,84.0,5,Expert,0.05,0.05,1,3499,2575,3.0,3.0,0,0,5
No Tactical,3,774,train,random,player_win,-10.0,9,94.0,5,Expert,0.05,0.05,1,3503,2578,0.0,0.0,0,0,4
No Tactical,3,775,train,random,player_win,-10.0,11,100.0,5,Expert,0.05,0.05,1,3508,2581,0.0,0.0,0,0,5
No Tactical,3,776,train,random,agent_win,10.0,12,92.0,5,Expert,0.05,0.05,1,3514,2586,3.0,3.0,0,0,6
No Tactical,3,777,train,random,agent_win,10.0,8,84.0,5,Expert,0.05,0.05,1,3518,2589,3.0,3.0,0,0,4
No Tactical,3,778,train,random,player_win,-10.0,9,94.0,5,Expert,0.05,0.05,1,3522,2591,0.0,0.0,0,0,4
No Tactical,3,779,train,random,agent_win,10.0,12,86.0,5,Expert,0.05,0.05,1,3528,2596,3.0,3.0,0,1,5
No Tactical,3,780,train,random,player_win,-10.0,13,96.0,5,Expert,0.05,0.05,1,3534,2600,0.0,0.0,0,0,6
No Tactical,3,781,train,random,agent_win,10.0,10,88.0,5,Expert,0.05,0.05,1,3539,2604,3.0,3.0,0,0,5
No Tactical,3,782,train,random,player_win,-10.0,13,98.0,5,Expert,0.05,0.05,1,3545,2608,0.0,0.0,0,0,6
No Tactical,3,783,train,random,agent_win,10.0,14,90.0,5,Expert,0.05,0.05,1,3552,2613,3.0,3.0,0,0,7
No Tactical,3,784,train,random,agent_win,10.0,10,82.0,5,Expert,0.05,0.05,1,3557,2616,3.0,3.0,0,0,5
No Tactical,3,785,train,random,player_win,-10.0,7,92.0,5,Expert,0.05,0.05,1,3560,2617,0.0,0.0,0,2,1
No Tactical,3,786,train,random,player_win,-10.0,9,100.0,5,Expert,0.05,0.05,1,3564,2620,0.0,0.0,0,0,4
No Tactical,3,787,train,random,agent_win,10.0,8,92.0,5,Expert,0.05,0.05,1,3568,2622,3.0,3.0,0,2,2
No Tactical,3,788,train,random,player_win,-10.0,13,100.0,5,Expert,0.05,0.05,1,3574,2627,0.0,0.0,0,0,6
No Tactical,3,789,train,random,agent_win,10.0,8,92.0,5,Expert,0.05,0.05,1,3578,2629,3.0,3.0,0,0,4
No Tactical,3,790,train,random,agent_win,10.0,10,84.0,5,Expert,0.05,0.05,1,3583,2632,3.0,3.0,0,0,5
No Tactical,3,791,train,random,player_win,-10.0,13,94.0,5,Expert,0.05,0.05,1,3589,2637,0.0,0.0,0,0,6
No Tactical,3,792,train,random,player_win,-10.0,13,100.0,5,Expert,0.05,0.05,1,3595,2641,0.0,0.0,0,1,5
No Tactical,3,793,train,random,player_win,-10.0,15,100.0,5,Expert,0.05,0.05,1,3602,2647,0.0,0.0,0,0,7
No Tactical,3,794,train,random,player_win,-10.0,7,100.0,5,Expert,0.05,0.05,1,3605,2648,0.0,0.0,0,0,3
No Tactical,3,795,train,random,player_win,-10.0,9,100.0,5,Expert,0.05,0.05,1,3609,2651,0.0,0.0,0,0,4
No Tactical,3,796,train,random,player_win,-10.0,11,100.0,5,Expert,0.05,0.05,1,3614,2654,0.0,0.0,0,0,5
No Tactical,3,797,train,random,agent_win,10.0,12,92.0,5,Expert,0.05,0.05,1,3620,2659,3.0,3.0,0,0,6
No Tactical,3,798,train,random,player_win,-10.0,11,100.0,5,Expert,0.05,0.05,1,3625,2663,0.0,0.0,0,0,5
No Tactical,3,799,train,random,player_win,-10.0,7,100.0,5,Expert,0.05,0.05,1,3628,2665,0.0,0.0,0,1,2
No Tactical,3,800,train,random,agent_win,10.0,12,92.0,5,Expert,0.05,0.05,1,3634,2669,3.0,3.0,0,0,6
No Tactical,3,801,eval,random,agent_win,10.0,10,84.0,5,Expert,0.05,0.0,0,3634,2669,0.0,0.0,0,0,5
No Tactical,3,802,eval,random,player_win,-10.0,5,94.0,5,Expert,0.05,0.0,0,3634,2669,0.0,0.0,0,0,2
No Tactical,3,803,eval,random,player_win,-10.0,11,100.0,5,Expert,0.05,0.0,0,3634,2669,0.0,0.0,0,0,5
No Tactical,3,804,eval,random,player_win,-10.0,5,100.0,5,Expert,0.05,0.0,0,3634,2669,0.0,0.0,0,0,2
No Tactical,3,805,eval,random,player_win,-10.0,13,100.0,5,Expert,0.05,0.0,0,3634,2669,0.0,0.0,0,0,6
No Tactical,3,806,eval,random,player_win,-10.0,9,100.0,5,Expert,0.05,0.0,0,3634,2669,0.0,0.0,0,0,4
No Tactical,3,807,eval,random,agent_win,10.0,12,92.0,5,Expert,0.05,0.0,0,3634,2669,0.0,0.0,0,0,6
No Tactical,3,808,eval,random,player_win,-10.0,15,100.0,5,Expert,0.05,0.0,0,3634,2669,0.0,0.0,0,0,7
No Tactical,3,809,eval,random,player_win,-10.0,7,100.0,5,Expert,0.05,0.0,0,3634,2669,0.0,0.0,0,0,3
No Tactical,3,810,eval,random,player_win,-10.0,13,100.0,5,Expert,0.05,0.0,0,3634,2669,0.0,0.0,0,0,6
No Tactical,3,811,eval,random,player_win,-10.0,9,100.0,5,Expert,0.05,0.0,0,3634,2669,0.0,0.0,0,0,4
No Tactical,3,812,eval,random,player_win,-10.0,5,100.0,5,Expert,0.05,0.0,0,3634,2669,0.0,0.0,0,0,2
No Tactical,3,813,eval,random,agent_win,10.0,12,92.0,5,Expert,0.05,0.0,0,3634,2669,0.0,0.0,0,0,6
No Tactical,3,814,eval,random,player_win,-10.0,7,100.0,5,Expert,0.05,0.0,0,3634,2669,0.0,0.0,0,0,3
No Tactical,3,815,eval,random,agent_win,10.0,8,92.0,5,Expert,0.05,0.0,0,3634,2669,0.0,0.0,0,0,4
No Tactical,3,816,eval,random,agent_win,10.0,12,84.0,5,Expert,0.05,0.0,0,3634,2669,0.0,0.0,0,0,6
No Tactical,3,817,eval,random,agent_win,10.0,6,76.0,4,Hard,0.05,0.0,0,3634,2669,0.0,0.0,0,0,3
No Tactical,3,818,eval,random,player_win,-10.0,7,86.0,5,Expert,0.05,0.0,0,3634,2669,0.0,0.0,0,0,3
No Tactical,3,819,eval,random,player_win,-10.0,9,96.0,5,Expert,0.05,0.0,0,3634,2669,0.0,0.0,0,0,4
No Tactical,3,820,eval,random,agent_win,10.0,14,88.0,5,Expert,0.05,0.0,0,3634,2669,0.0,0.0,0,0,7
No Tactical,3,821,eval,random,player_win,-10.0,11,98.0,5,Expert,0.05,0.0,0,3634,2669,0.0,0.0,0,0,5
No Tactical,3,822,eval,random,agent_win,10.0,6,90.0,5,Expert,0.05,0.0,0,3634,2669,0.0,0.0,0,0,3
No Tactical,3,823,eval,random,player_win,-10.0,9,100.0,5,Expert,0.05,0.0,0,3634,2669,0.0,0.0,0,0,4
No Tactical,3,824,eval,random,player_win,-10.0,13,100.0,5,Expert,0.05,0.0,0,3634,2669,0.0,0.0,0,0,6
No Tactical,3,825,eval,random,player_win,-10.0,11,100.0,5,Expert,0.05,0.0,0,3634,2669,0.0,0.0,0,0,5
No Tactical,3,826,eval,random,agent_win,10.0,8,92.0,5,Expert,0.05,0.0,0,3634,2669,0.0,0.0,0,0,4
No Tactical,3,827,eval,random,agent_win,10.0,10,84.0,5,Expert,0.05,0.0,0,3634,2669,0.0,0.0,0,0,5
No Tactical,3,828,eval,random,agent_win,10.0,10,76.0,4,Hard,0.05,0.0,0,3634,2669,0.0,0.0,0,0,5
No Tactical,3,829,eval,random,agent_win,10.0,8,68.0,4,Hard,0.05,0.0,0,3634,2669,0.0,0.0,0,0,4
No Tactical,3,830,eval,random,player_win,-10.0,11,78.0,4,Hard,0.05,0.0,0,3634,2669,0.0,0.0,0,0,5
No Tactical,3,831,eval,random,player_win,-10.0,13,88.0,5,Expert,0.05,0.0,0,3634,2669,0.0,0.0,0,0,6
No Tactical,3,832,eval,random,player_win,-10.0,7,98.0,5,Expert,0.05,0.0,0,3634,2669,0.0,0.0,0,0,3
No Tactical,3,833,eval,random,player_win,-10.0,7,100.0,5,Expert,0.05,0.0,0,3634,2669,0.0,0.0,0,0,3
No Tactical,3,834,eval,random,agent_win,10.0,10,92.0,5,Expert,0.05,0.0,0,3634,2669,0.0,0.0,0,0,5
No Tactical,3,835,eval,random,agent_win,10.0,8,84.0,5,Expert,0.05,0.0,0,3634,2669,0.0,0.0,0,0,4
No Tactical,3,836,eval,random,player_win,-10.0,7,94.0,5,Expert,0.05,0.0,0,3634,2669,0.0,0.0,0,0,3
No Tactical,3,837,eval,random,agent_win,10.0,6,86.0,5,Expert,0.05,0.0,0,3634,2669,0.0,0.0,0,0,3
No Tactical,3,838,eval,random,player_win,-10.0,11,96.0,5,Expert,0.05,0.0,0,3634,2669,0.0,0.0,0,0,5
No Tactical,3,839,eval,random,player_win,-10.0,7,100.0,5,Expert,0.05,0.0,0,3634,2669,0.0,0.0,0,0,3
No Tactical,3,840,eval,random,player_win,-10.0,11,100.0,5,Expert,0.05,0.0,0,3634,2669,0.0,0.0,0,0,5
No Tactical,3,841,eval,random,agent_win,10.0,8,92.0,5,Expert,0.05,0.0,0,3634,2669,0.0,0.0,0,0,4
No Tactical,3,842,eval,random,player_win,-10.0,9,100.0,5,Expert,0.05,0.0,0,3634,2669,0.0,0.0,0,0,4
No Tactical,3,843,eval,random,player_win,-10.0,9,100.0,5,Expert,0.05,0.0,0,3634,2669,0.0,0.0,0,0,4
No Tactical,3,844,eval,random,agent_win,10.0,10,92.0,5,Expert,0.05,0.0,0,3634,2669,0.0,0.0,0,0,5
No Tactical,3,845,eval,random,player_win,-10.0,11,100.0,5,Expert,0.05,0.0,0,3634,2669,0.0,0.0,0,0,5
No Tactical,3,846,eval,random,agent_win,10.0,8,92.0,5,Expert,0.05,0.0,0,3634,2669,0.0,0.0,0,0,4
No Tactical,3,847,eval,random,player_win,-10.0,7,100.0,5,Expert,0.05,0.0,0,3634,2669,0.0,0.0,0,0,3
No Tactical,3,848,eval,random,agent_win,10.0,10,92.0,5,Expert,0.05,0.0,0,3634,2669,0.0,0.0,0,0,5
No Tactical,3,849,eval,random,agent_win,10.0,10,84.0,5,Expert,0.05,0.0,0,3634,2669,0.0,0.0,0,0,5
No Tactical,3,850,eval,random,player_win,-10.0,9,94.0,5,Expert,0.05,0.0,0,3634,2669,0.0,0.0,0,0,4
No Tactical,3,851,eval,random,player_win,-10.0,11,100.0,5,Expert,0.05,0.0,0,3634,2669,0.0,0.0,0,0,5
No Tactical,3,852,eval,random,player_win,-10.0,5,100.0,5,Expert,0.05,0.0,0,3634,2669,0.0,0.0,0,0,2
No Tactical,3,853,eval,random,player_win,-10.0,9,100.0,5,Expert,0.05,0.0,0,3634,2669,0.0,0.0,0,0,4
No Tactical,3,854,eval,random,agent_win,10.0,8,92.0,5,Expert,0.05,0.0,0,3634,2669,0.0,0.0,0,0,4
No Tactical,3,855,eval,random,player_win,-10.0,5,100.0,5,Expert,0.05,0.0,0,3634,2669,0.0,0.0,0,0,2
No Tactical,3,856,eval,random,agent_win,10.0,10,92.0,5,Expert,0.05,0.0,0,3634,2669,0.0,0.0,0,0,5
No Tactical,3,857,eval,random,player_win,-10.0,7,100.0,5,Expert,0.05,0.0,0,3634,2669,0.0,0.0,0,0,3
No Tactical,3,858,eval,random,player_win,-10.0,15,100.0,5,Expert,0.05,0.0,0,3634,2669,0.0,0.0,0,0,7
No Tactical,3,859,eval,random,agent_win,10.0,8,92.0,5,Expert,0.05,0.0,0,3634,2669,0.0,0.0,0,0,4
No Tactical,3,860,eval,random,agent_win,10.0,10,84.0,5,Expert,0.05,0.0,0,3634,2669,0.0,0.0,0,0,5
No Tactical,3,861,eval,random,player_win,-10.0,13,94.0,5,Expert,0.05,0.0,0,3634,2669,0.0,0.0,0,0,6
No Tactical,3,862,eval,random,player_win,-10.0,13,100.0,5,Expert,0.05,0.0,0,3634,2669,0.0,0.0,0,0,6
No Tactical,3,863,eval,random,agent_win,10.0,10,92.0,5,Expert,0.05,0.0,0,3634,2669,0.0,0.0,0,0,5
No Tactical,3,864,eval,random,agent_win,10.0,10,84.0,5,Expert,0.05,0.0,0,3634,2669,0.0,0.0,0,0,5
No Tactical,3,865,eval,random,player_win,-10.0,9,94.0,5,Expert,0.05,0.0,0,3634,2669,0.0,0.0,0,0,4
No Tactical,3,866,eval,random,player_win,-10.0,11,100.0,5,Expert,0.05,0.0,0,3634,2669,0.0,0.0,0,0,5
No Tactical,3,867,eval,random,agent_win,10.0,12,92.0,5,Expert,0.05,0.0,0,3634,2669,0.0,0.0,0,0,6
No Tactical,3,868,eval,random,agent_win,10.0,12,84.0,5,Expert,0.05,0.0,0,3634,2669,0.0,0.0,0,0,6
No Tactical,3,869,eval,random,agent_win,10.0,10,76.0,4,Hard,0.05,0.0,0,3634,2669,0.0,0.0,0,0,5
No Tactical,3,870,eval,random,player_win,-10.0,7,86.0,5,Expert,0.05,0.0,0,3634,2669,0.0,0.0,0,0,3
No Tactical,3,871,eval,random,player_win,-10.0,11,96.0,5,Expert,0.05,0.0,0,3634,2669,0.0,0.0,0,0,5
No Tactical,3,872,eval,random,player_win,-10.0,13,100.0,5,Expert,0.05,0.0,0,3634,2669,0.0,0.0,0,0,6
No Tactical,3,873,eval,random,player_win,-10.0,9,100.0,5,Expert,0.05,0.0,0,3634,2669,0.0,0.0,0,0,4
No Tactical,3,874,eval,random,player_win,-10.0,11,100.0,5,Expert,0.05,0.0,0,3634,2669,0.0,0.0,0,0,5
No Tactical,3,875,eval,random,agent_win,10.0,10,92.0,5,Expert,0.05,0.0,0,3634,2669,0.0,0.0,0,0,5
No Tactical,3,876,eval,random,agent_win,10.0,8,84.0,5,Expert,0.05,0.0,0,3634,2669,0.0,0.0,0,0,4
No Tactical,3,877,eval,random,player_win,-10.0,9,94.0,5,Expert,0.05,0.0,0,3634,2669,0.0,0.0,0,0,4
No Tactical,3,878,eval,random,player_win,-10.0,11,100.0,5,Expert,0.05,0.0,0,3634,2669,0.0,0.0,0,0,5
No Tactical,3,879,eval,random,agent_win,10.0,8,92.0,5,Expert,0.05,0.0,0,3634,2669,0.0,0.0,0,0,4
No Tactical,3,880,eval,random,agent_win,10.0,10,84.0,5,Expert,0.05,0.0,0,3634,2669,0.0,0.0,0,0,5
No Tactical,3,881,eval,random,player_win,-10.0,9,94.0,5,Expert,0.05,0.0,0,3634,2669,0.0,0.0,0,0,4
No Tactical,3,882,eval,random,player_win,-10.0,13,100.0,5,Expert,0.05,0.0,0,3634,2669,0.0,0.0,0,0,6
No Tactical,3,883,eval,random,agent_win,10.0,10,92.0,5,Expert,0.05,0.0,0,3634,2669,0.0,0.0,0,0,5
No Tactical,3,884,eval,random,agent_win,10.0,8,84.0,5,Expert,0.05,0.0,0,3634,2669,0.0,0.0,0,0,4
No Tactical,3,885,eval,random,player_win,-10.0,7,94.0,5,Expert,0.05,0.0,0,3634,2669,0.0,0.0,0,0,3
No Tactical,3,886,eval,random,player_win,-10.0,7,100.0,5,Expert,0.05,0.0,0,3634,2669,0.0,0.0,0,0,3
No Tactical,3,887,eval,random,agent_win,10.0,8,92.0,5,Expert,0.05,0.0,0,3634,2669,0.0,0.0,0,0,4
No Tactical,3,888,eval,random,agent_win,10.0,10,84.0,5,Expert,0.05,0.0,0,3634,2669,0.0,0.0,0,0,5
No Tactical,3,889,eval,random,player_win,-10.0,11,94.0,5,Expert,0.05,0.0,0,3634,2669,0.0,0.0,0,0,5
No Tactical,3,890,eval,random,player_win,-10.0,7,100.0,5,Expert,0.05,0.0,0,3634,2669,0.0,0.0,0,0,3
No Tactical,3,891,eval,random,player_win,-10.0,7,100.0,5,Expert,0.05,0.0,0,3634,2669,0.0,0.0,0,0,3
No Tactical,3,892,eval,random,agent_win,10.0,12,92.0,5,Expert,0.05,0.0,0,3634,2669,0.0,0.0,0,0,6
No Tactical,3,893,eval,random,player_win,-10.0,9,100.0,5,Expert,0.05,0.0,0,3634,2669,0.0,0.0,0,0,4
No Tactical,3,894,eval,random,player_win,-10.0,9,100.0,5,Expert,0.05,0.0,0,3634,2669,0.0,0.0,0,0,4
No Tactical,3,895,eval,random,agent_win,10.0,10,92.0,5,Expert,0.05,0.0,0,3634,2669,0.0,0.0,0,0,5
No Tactical,3,896,eval,random,player_win,-10.0,15,100.0,5,Expert,0.05,0.0,0,3634,2669,0.0,0.0,0,0,7
No Tactical,3,897,eval,random,agent_win,10.0,10,92.0,5,Expert,0.05,0.0,0,3634,2669,0.0,0.0,0,0,5
No Tactical,3,898,eval,random,player_win,-10.0,11,100.0,5,Expert,0.05,0.0,0,3634,2669,0.0,0.0,0,0,5
No Tactical,3,899,eval,random,player_win,-10.0,11,100.0,5,Expert,0.05,0.0,0,3634,2669,0.0,0.0,0,0,5
No Tactical,3,900,eval,random,player_win,-10.0,7,100.0,5,Expert,0.05,0.0,0,3634,2669,0.0,0.0,0,0,3
No Tactical,3,901,eval,random,player_win,-10.0,9,100.0,5,Expert,0.05,0.0,0,3634,2669,0.0,0.0,0,0,4
No Tactical,3,902,eval,random,player_win,-10.0,7,100.0,5,Expert,0.05,0.0,0,3634,2669,0.0,0.0,0,0,3
No Tactical,3,903,eval,random,agent_win,10.0,8,92.0,5,Expert,0.05,0.0,0,3634,2669,0.0,0.0,0,0,4
No Tactical,3,904,eval,random,agent_win,10.0,10,84.0,5,Expert,0.05,0.0,0,3634,2669,0.0,0.0,0,0,5
No Tactical,3,905,eval,random,player_win,-10.0,11,94.0,5,Expert,0.05,0.0,0,3634,2669,0.0,0.0,0,0,5
No Tactical,3,906,eval,random,player_win,-10.0,11,100.0,5,Expert,0.05,0.0,0,3634,2669,0.0,0.0,0,0,5
No Tactical,3,907,eval,random,agent_win,10.0,8,92.0,5,Expert,0.05,0.0,0,3634,2669,0.0,0.0,0,0,4
No Tactical,3,908,eval,random,player_win,-10.0,9,100.0,5,Expert,0.05,0.0,0,3634,2669,0.0,0.0,0,0,4
No Tactical,3,909,eval,random,player_win,-10.0,9,100.0,5,Expert,0.05,0.0,0,3634,2669,0.0,0.0,0,0,4
No Tactical,3,910,eval,random,player_win,-10.0,15,100.0,5,Expert,0.05,0.0,0,3634,2669,0.0,0.0,0,0,7
No Tactical,3,911,eval,random,agent_win,10.0,14,92.0,5,Expert,0.05,0.0,0,3634,2669,0.0,0.0,0,0,7
No Tactical,3,912,eval,random,player_win,-10.0,5,100.0,5,Expert,0.05,0.0,0,3634,2669,0.0,0.0,0,0,2
No Tactical,3,913,eval,random,player_win,-10.0,7,100.0,5,Expert,0.05,0.0,0,3634,2669,0.0,0.0,0,0,3
No Tactical,3,914,eval,random,player_win,-10.0,13,100.0,5,Expert,0.05,0.0,0,3634,2669,0.0,0.0,0,0,6
No Tactical,3,915,eval,random,agent_win,10.0,12,92.0,5,Expert,0.05,0.0,0,3634,2669,0.0,0.0,0,0,6
No Tactical,3,916,eval,random,player_win,-10.0,11,100.0,5,Expert,0.05,0.0,0,3634,2669,0.0,0.0,0,0,5
No Tactical,3,917,eval,random,agent_win,10.0,10,92.0,5,Expert,0.05,0.0,0,3634,2669,0.0,0.0,0,0,5
No Tactical,3,918,eval,random,player_win,-10.0,7,100.0,5,Expert,0.05,0.0,0,3634,2669,0.0,0.0,0,0,3
No Tactical,3,919,eval,random,agent_win,10.0,12,92.0,5,Expert,0.05,0.0,0,3634,2669,0.0,0.0,0,0,6
No Tactical,3,920,eval,random,agent_win,10.0,10,84.0,5,Expert,0.05,0.0,0,3634,2669,0.0,0.0,0,0,5
No Tactical,3,921,eval,random,player_win,-10.0,11,94.0,5,Expert,0.05,0.0,0,3634,2669,0.0,0.0,0,0,5
No Tactical,3,922,eval,random,player_win,-10.0,7,100.0,5,Expert,0.05,0.0,0,3634,2669,0.0,0.0,0,0,3
No Tactical,3,923,eval,random,player_win,-10.0,9,100.0,5,Expert,0.05,0.0,0,3634,2669,0.0,0.0,0,0,4
No Tactical,3,924,eval,random,agent_win,10.0,8,92.0,5,Expert,0.05,0.0,0,3634,2669,0.0,0.0,0,0,4
No Tactical,3,925,eval,random,agent_win,10.0,8,84.0,5,Expert,0.05,0.0,0,3634,2669,0.0,0.0,0,0,4
No Tactical,3,926,eval,random,player_win,-10.0,7,94.0,5,Expert,0.05,0.0,0,3634,2669,0.0,0.0,0,0,3
No Tactical,3,927,eval,random,player_win,-10.0,11,100.0,5,Expert,0.05,0.0,0,3634,2669,0.0,0.0,0,0,5
No Tactical,3,928,eval,random,agent_win,10.0,8,92.0,5,Expert,0.05,0.0,0,3634,2669,0.0,0.0,0,0,4
No Tactical,3,929,eval,random,agent_win,10.0,12,84.0,5,Expert,0.05,0.0,0,3634,2669,0.0,0.0,0,0,6
No Tactical,3,930,eval,random,player_win,-10.0,7,94.0,5,Expert,0.05,0.0,0,3634,2669,0.0,0.0,0,0,3
No Tactical,3,931,eval,random,agent_win,10.0,12,86.0,5,Expert,0.05,0.0,0,3634,2669,0.0,0.0,0,0,6
No Tactical,3,932,eval,random,agent_win,10.0,12,78.0,4,Hard,0.05,0.0,0,3634,2669,0.0,0.0,0,0,6
No Tactical,3,933,eval,random,player_win,-10.0,7,88.0,5,Expert,0.05,0.0,0,3634,2669,0.0,0.0,0,0,3
No Tactical,3,934,eval,random,player_win,-10.0,9,98.0,5,Expert,0.05,0.0,0,3634,2669,0.0,0.0,0,0,4
No Tactical,3,935,eval,random,player_win,-10.0,9,100.0,5,Expert,0.05,0.0,0,3634,2669,0.0,0.0,0,0,4
No Tactical,3,936,eval,random,player_win,-10.0,7,100.0,5,Expert,0.05,0.0,0,3634,2669,0.0,0.0,0,0,3
No Tactical,3,937,eval,random,agent_win,10.0,10,92.0,5,Expert,0.05,0.0,0,3634,2669,0.0,0.0,0,0,5
No Tactical,3,938,eval,random,agent_win,10.0,6,84.0,5,Expert,0.05,0.0,0,3634,2669,0.0,0.0,0,0,3
No Tactical,3,939,eval,random,player_win,-10.0,9,94.0,5,Expert,0.05,0.0,0,3634,2669,0.0,0.0,0,0,4
No Tactical,3,940,eval,random,player_win,-10.0,5,100.0,5,Expert,0.05,0.0,0,3634,2669,0.0,0.0,0,0,2
No Tactical,3,941,eval,random,player_win,-10.0,7,100.0,5,Expert,0.05,0.0,0,3634,2669,0.0,0.0,0,0,3
No Tactical,3,942,eval,random,agent_win,10.0,10,92.0,5,Expert,0.05,0.0,0,3634,2669,0.0,0.0,0,0,5
No Tactical,3,943,eval,random,player_win,-10.0,5,100.0,5,Expert,0.05,0.0,0,3634,2669,0.0,0.0,0,0,2
No Tactical,3,944,eval,random,player_win,-10.0,11,100.0,5,Expert,0.05,0.0,0,3634,2669,0.0,0.0,0,0,5
No Tactical,3,945,eval,random,agent_win,10.0,10,92.0,5,Expert,0.05,0.0,0,3634,2669,0.0,0.0,0,0,5
No Tactical,3,946,eval,random,agent_win,10.0,8,84.0,5,Expert,0.05,0.0,0,3634,2669,0.0,0.0,0,0,4
No Tactical,3,947,eval,random,agent_win,10.0,8,76.0,4,Hard,0.05,0.0,0,3634,2669,0.0,0.0,0,0,4
No Tactical,3,948,eval,random,agent_win,10.0,8,68.0,4,Hard,0.05,0.0,0,3634,2669,0.0,0.0,0,0,4
No Tactical,3,949,eval,random,player_win,-10.0,11,78.0,4,Hard,0.05,0.0,0,3634,2669,0.0,0.0,0,0,5
No Tactical,3,950,eval,random,agent_win,10.0,10,70.0,4,Hard,0.05,0.0,0,3634,2669,0.0,0.0,0,0,5
No Tactical,3,951,eval,random,agent_win,10.0,12,62.0,3,Normal,0.05,0.0,0,3634,2669,0.0,0.0,0,0,6
No Tactical,3,952,eval,random,agent_win,10.0,6,54.0,3,Normal,0.05,0.0,0,3634,2669,0.0,0.0,0,0,3
No Tactical,3,953,eval,random,player_win,-10.0,5,64.0,3,Normal,0.05,0.0,0,3634,2669,0.0,0.0,0,0,2
No Tactical,3,954,eval,random,agent_win,10.0,10,56.0,3,Normal,0.05,0.0,0,3634,2669,0.0,0.0,0,0,5
No Tactical,3,955,eval,random,player_win,-10.0,5,66.0,4,Hard,0.05,0.0,0,3634,2669,0.0,0.0,0,0,2
No Tactical,3,956,eval,random,agent_win,10.0,14,58.0,3,Normal,0.05,0.0,0,3634,2669,0.0,0.0,0,0,7
No Tactical,3,957,eval,random,player_win,-10.0,7,68.0,4,Hard,0.05,0.0,0,3634,2669,0.0,0.0,0,0,3
No Tactical,3,958,eval,random,player_win,-10.0,11,78.0,4,Hard,0.05,0.0,0,3634,2669,0.0,0.0,0,0,5
No Tactical,3,959,eval,random,player_win,-10.0,5,88.0,5,Expert,0.05,0.0,0,3634,2669,0.0,0.0,0,0,2
No Tactical,3,960,eval,random,player_win,-10.0,11,98.0,5,Expert,0.05,0.0,0,3634,2669,0.0,0.0,0,0,5
No Tactical,3,961,eval,random,player_win,-10.0,7,100.0,5,Expert,0.05,0.0,0,3634,2669,0.0,0.0,0,0,3
No Tactical,3,962,eval,random,agent_win,10.0,10,92.0,5,Expert,0.05,0.0,0,3634,2669,0.0,0.0,0,0,5
No Tactical,3,963,eval,random,player_win,-10.0,7,100.0,5,Expert,0.05,0.0,0,3634,2669,0.0,0.0,0,0,3
No Tactical,3,964,eval,random,agent_win,10.0,10,92.0,5,Expert,0.05,0.0,0,3634,2669,0.0,0.0,0,0,5
No Tactical,3,965,eval,random,agent_win,10.0,6,84.0,5,Expert,0.05,0.0,0,3634,2669,0.0,0.0,0,0,3
No Tactical,3,966,eval,random,agent_win,10.0,10,76.0,4,Hard,0.05,0.0,0,3634,2669,0.0,0.0,0,0,5
No Tactical,3,967,eval,random,agent_win,10.0,12,68.0,4,Hard,0.05,0.0,0,3634,2669,0.0,0.0,0,0,6
No Tactical,3,968,eval,random,player_win,-10.0,11,78.0,4,Hard,0.05,0.0,0,3634,2669,0.0,0.0,0,0,5
No Tactical,3,969,eval,random,player_win,-10.0,9,88.0,5,Expert,0.05,0.0,0,3634,2669,0.0,0.0,0,0,4
No Tactical,3,970,eval,random,agent_win,10.0,8,80.0,5,Expert,0.05,0.0,0,3634,2669,0.0,0.0,0,0,4
No Tactical,3,971,eval,random,agent_win,10.0,10,72.0,4,Hard,0.05,0.0,0,3634,2669,0.0,0.0,0,0,5
No Tactical,3,972,eval,random,agent_win,10.0,14,64.0,3,Normal,0.05,0.0,0,3634,2669,0.0,0.0,0,0,7
No Tactical,3,973,eval,random,player_win,-10.0,9,74.0,4,Hard,0.05,0.0,0,3634,2669,0.0,0.0,0,0,4
No Tactical,3,974,eval,random,player_win,-10.0,11,84.0,5,Expert,0.05,0.0,0,3634,2669,0.0,0.0,0,0,5
No Tactical,3,975,eval,random,agent_win,10.0,8,76.0,4,Hard,0.05,0.0,0,3634,2669,0.0,0.0,0,0,4
No Tactical,3,976,eval,random,agent_win,10.0,6,68.0,4,Hard,0.05,0.0,0,3634,2669,0.0,0.0,0,0,3
No Tactical,3,977,eval,random,player_win,-10.0,11,78.0,4,Hard,0.05,0.0,0,3634,2669,0.0,0.0,0,0,5
No Tactical,3,978,eval,random,agent_win,10.0,10,70.0,4,Hard,0.05,0.0,0,3634,2669,0.0,0.0,0,0,5
No Tactical,3,979,eval,random,player_win,-10.0,11,80.0,5,Expert,0.05,0.0,0,3634,2669,0.0,0.0,0,0,5
No Tactical,3,980,eval,random,agent_win,10.0,8,72.0,4,Hard,0.05,0.0,0,3634,2669,0.0,0.0,0,0,4
No Tactical,3,981,eval,random,agent_win,10.0,12,64.0,3,Normal,0.05,0.0,0,3634,2669,0.0,0.0,0,0,6
No Tactical,3,982,eval,random,player_win,-10.0,9,74.0,4,Hard,0.05,0.0,0,3634,2669,0.0,0.0,0,0,4
No Tactical,3,983,eval,random,agent_win,10.0,8,66.0,4,Hard,0.05,0.0,0,3634,2669,0.0,0.0,0,0,4
No Tactical,3,984,eval,random,player_win,-10.0,13,76.0,4,Hard,0.05,0.0,0,3634,2669,0.0,0.0,0,0,6
No Tactical,3,985,eval,random,agent_win,10.0,12,68.0,4,Hard,0.05,0.0,0,3634,2669,0.0,0.0,0,0,6
No Tactical,3,986,eval,random,player_win,-10.0,9,78.0,4,Hard,0.05,0.0,0,3634,2669,0.0,0.0,0,0,4
No Tactical,3,987,eval,random,agent_win,10.0,8,70.0,4,Hard,0.05,0.0,0,3634,2669,0.0,0.0,0,0,4
No Tactical,3,988,eval,random,player_win,-10.0,7,80.0,5,Expert,0.05,0.0,0,3634,2669,0.0,0.0,0,0,3
No Tactical,3,989,eval,random,player_win,-10.0,9,90.0,5,Expert,0.05,0.0,0,3634,2669,0.0,0.0,0,0,4
No Tactical,3,990,eval,random,agent_win,10.0,8,82.0,5,Expert,0.05,0.0,0,3634,2669,0.0,0.0,0,0,4
No Tactical,3,991,eval,random,player_win,-10.0,11,92.0,5,Expert,0.05,0.0,0,3634,2669,0.0,0.0,0,0,5
No Tactical,3,992,eval,random,player_win,-10.0,9,100.0,5,Expert,0.05,0.0,0,3634,2669,0.0,0.0,0,0,4
No Tactical,3,993,eval,random,player_win,-10.0,11,100.0,5,Expert,0.05,0.0,0,3634,2669,0.0,0.0,0,0,5
No Tactical,3,994,eval,random,player_win,-10.0,11,100.0,5,Expert,0.05,0.0,0,3634,2669,0.0,0.0,0,0,5
No Tactical,3,995,eval,random,agent_win,10.0,12,92.0,5,Expert,0.05,0.0,0,3634,2669,0.0,0.0,0,0,6
No Tactical,3,996,eval,random,player_win,-10.0,13,100.0,5,Expert,0.05,0.0,0,3634,2669,0.0,0.0,0,0,6
No Tactical,3,997,eval,random,player_win,-10.0,11,100.0,5,Expert,0.05,0.0,0,3634,2669,0.0,0.0,0,0,5
No Tactical,3,998,eval,random,agent_win,10.0,8,92.0,5,Expert,0.05,0.0,0,3634,2669,0.0,0.0,0,0,4
No Tactical,3,999,eval,random,player_win,-10.0,9,100.0,5,Expert,0.05,0.0,0,3634,2669,0.0,0.0,0,0,4
No Tactical,3,1000,eval,random,player_win,-10.0,7,100.0,5,Expert,0.05,0.0,0,3634,2669,0.0,0.0,0,0,3
No Tactical,4,1,train,random,player_win,-10.0,11,60.0,1,Very Easy,0.95,1.0,1,5,5,0.0,0.0,0,5,0
No Tactical,4,2,train,random,player_win,-10.0,13,70.0,1,Very Easy,0.9025,1.0,1,11,11,0.0,0.0,0,6,0
No Tactical,4,3,train,random,player_win,-10.0,7,80.0,5,Expert,0.8573749999999999,0.21434374999999997,1,14,14,0.0,0.0,0,3,0
No Tactical,4,4,train,random,player_win,-10.0,7,90.0,5,Expert,0.8145062499999999,0.20362656249999997,1,17,16,0.0,0.0,0,1,2
No Tactical,4,5,train,random,agent_win,10.0,10,82.0,5,Expert,0.7737809374999999,0.19344523437499997,1,22,21,3.0,3.0,0,1,4
No Tactical,4,6,train,random,agent_win,10.0,8,74.0,4,Hard,0.7350918906249998,0.3675459453124999,1,26,25,3.0,3.0,0,0,4
No Tactical,4,7,train,random,player_win,-10.0,11,84.0,5,Expert,0.6983372960937497,0.17458432402343743,1,31,29,0.0,0.0,0,2,3
No Tactical,4,8,train,random,agent_win,10.0,8,76.0,4,Hard,0.6634204312890623,0.3317102156445311,1,35,32,3.0,3.0,0,0,4
No Tactical,4,9,train,random,player_win,-10.0,11,86.0,5,Expert,0.6302494097246091,0.15756235243115227,1,40,37,0.0,0.0,0,1,4
No Tactical,4,10,train,random,player_win,-10.0,11,96.0,5,Expert,0.5987369392383786,0.14968423480959464,1,45,42,0.0,0.0,0,2,3
No Tactical,4,11,train,random,player_win,-10.0,11,100.0,5,Expert,0.5688000922764596,0.1422000230691149,1,50,46,0.0,0.0,0,1,4
No Tactical,4,12,train,random,agent_win,10.0,14,92.0,5,Expert,0.5403600876626365,0.13509002191565914,1,57,53,3.0,3.0,0,1,6
No Tactical,4,13,train,random,player_win,-10.0,9,100.0,5,Expert,0.5133420832795047,0.12833552081987618,1,61,56,0.0,0.0,0,0,4
No Tactical,4,14,train,random,agent_win,10.0,10,92.0,5,Expert,0.48767497911552943,0.12191874477888236,1,66,60,3.0,3.0,0,1,4
No Tactical,4,15,train,random,agent_win,10.0,12,84.0,5,Expert,0.46329123015975293,0.11582280753993823,1,72,66,3.0,3.0,0,0,6
No Tactical,4,16,train,random,player_win,-10.0,13,94.0,5,Expert,0.44012666865176525,0.11003166716294131,1,78,71,0.0,0.0,0,2,4
No Tactical,4,17,train,random,player_win,-10.0,5,100.0,5,Expert,0.41812033521917696,0.10453008380479424,1,80,72,0.0,0.0,0,0,2
No Tactical,4,18,train,random,player_win,-10.0,11,100.0,5,Expert,0.3972143184582181,0.09930357961455452,1,85,76,0.0,0.0,0,0,5
No Tactical,4,19,train,random,player_win,-10.0,13,100.0,5,Expert,0.37735360253530714,0.09433840063382679,1,91,81,0.0,0.0,0,0,6
No Tactical,4,20,train,random,player_win,-10.0,5,100.0,5,Expert,0.35848592240854177,0.08962148060213544,1,93,83,0.0,0.0,0,0,2
No Tactical,4,21,train,random,agent_win,10.0,12,92.0,5,Expert,0.34056162628811465,0.08514040657202866,1,99,88,3.0,3.0,0,0,6
No Tactical,4,22,train,random,agent_win,10.0,10,84.0,5,Expert,0.3235335449737089,0.08088338624342722,1,104,92,3.0,3.0,0,0,5
No Tactical,4,23,train,random,agent_win,10.0,8,76.0,4,Hard,0.30735686772502346,0.15367843386251173,1,108,95,3.0,3.0,0,0,4
No Tactical,4,24,train,random,player_win,-10.0,11,86.0,5,Expert,0.2919890243387723,0.07299725608469307,1,113,99,0.0,0.0,0,1,4
No Tactical,4,25,train,random,agent_win,10.0,10,78.0,4,Hard,0.27738957312183365,0.13869478656091683,1,118,104,3.0,3.0,0,2,3
No Tactical,4,26,train,random,player_win,-10.0,13,88.0,5,Expert,0.263520094465742,0.0658800236164355,1,124,109,0.0,0.0,0,1,5
No Tactical,4,27,train,random,player_win,-10.0,5,98.0,5,Expert,0.25034408974245487,0.06258602243561372,1,126,111,0.0,0.0,0,0,2
No Tactical,4,28,train,random,player_win,-10.0,7,100.0,5,Expert,0.2378268852553321,0.059456721313833026,1,129,114,0.0,0.0,0,0,3
No Tactical,4,29,train,random,player_win,-10.0,11,100.0,5,Expert,0.2259355409925655,0.05648388524814137,1,134,119,0.0,0.0,0,0,5
No Tactical,4,30,train,random,agent_win,10.0,8,92.0,5,Expert,0.2146387639429372,0.0536596909857343,1,138,122,3.0,3.0,0,0,4
No Tactical,4,31,train,random,player_win,-10.0,13,100.0,5,Expert,0.20390682574579033,0.05097670643644758,1,144,127,0.0,0.0,0,0,6
No Tactical,4,32,train,random,agent_win,10.0,8,92.0,5,Expert,0.1937114844585008,0.05,1,148,130,3.0,3.0,0,0,4
No Tactical,4,33,train,random,player_win,-10.0,9,100.0,5,Expert,0.18402591023557577,0.05,1,152,133,0.0,0.0,0,1,3
No Tactical,4,34,train,random,player_win,-10.0,11,100.0,5,Expert,0.17482461472379698,0.05,1,157,137,0.0,0.0,0,0,5
No Tactical,4,35,train,random,agent_win,10.0,8,92.0,5,Expert,0.16608338398760714,0.05,1,161,140,3.0,3.0,0,0,4
No Tactical,4,36,train,random,player_win,-10.0,11,100.0,5,Expert,0.15777921478822676,0.05,1,166,144,0.0,0.0,0,0,5
No Tactical,4,37,train,random,player_win,-10.0,9,100.0,5,Expert,0.14989025404881542,0.05,1,170,147,0.0,0.0,0,1,3
No Tactical,4,38,train,random,player_win,-10.0,9,100.0,5,Expert,0.14239574134637464,0.05,1,174,151,0.0,0.0,0,0,4
No Tactical,4,39,train,random,player_win,-10.0,9,100.0,5,Expert,0.1352759542790559,0.05,1,178,154,0.0,0.0,0,0,4
No Tactical,4,40,train,random,agent_win,10.0,14,92.0,5,Expert,0.1285121565651031,0.05,1,185,160,3.0,3.0,0,0,7
No Tactical,4,41,train,random,player_win,-10.0,13,100.0,5,Expert,0.12208654873684793,0.05,1,191,165,0.0,0.0,0,0,6
No Tactical,4,42,train,random,player_win,-10.0,9,100.0,5,Expert,0.11598222130000553,0.05,1,195,168,0.0,0.0,0,0,4
No Tactical,4,43,train,random,player_win,-10.0,9,100.0,5,Expert,0.11018311023500525,0.05,1,199,172,0.0,0.0,0,0,4
No Tactical,4,44,train,random,player_win,-10.0,13,100.0,5,Expert,0.10467395472325498,0.05,1,205,177,0.0,0.0,0,0,6
No Tactical,4,45,train,random,player_win,-10.0,7,100.0,5,Expert,0.09944025698709223,0.05,1,208,179,0.0,0.0,0,0,3
No Tactical,4,46,train,random,agent_win,10.0,12,92.0,5,Expert,0.09446824413773762,0.05,1,214,184,3.0,3.0,0,0,6
No Tactical,4,47,train,random,agent_win,10.0,8,84.0,5,Expert,0.08974483193085074,0.05,1,218,187,3.0,3.0,0,0,4
No Tactical,4,48,train,random,player_win,-10.0,11,94.0,5,Expert,0.0852575903343082,0.05,1,223,191,0.0,0.0,0,0,5
No Tactical,4,49,train,random,player_win,-10.0,13,100.0,5,Expert,0.08099471081759278,0.05,1,229,196,0.0,0.0,0,0,6
No Tactical,4,50,train,random,player_win,-10.0,9,100.0,5,Expert,0.07694497527671314,0.05,1,233,199,0.0,0.0,0,1,3
No Tactical,4,51,train,random,agent_win,10.0,6,92.0,5,Expert,0.07309772651287748,0.05,1,236,201,3.0,3.0,0,0,3
No Tactical,4,52,train,random,agent_win,10.0,12,84.0,5,Expert,0.0694428401872336,0.05,1,242,206,3.0,3.0,0,0,6
No Tactical,4,53,train,random,player_win,-10.0,13,94.0,5,Expert,0.0659706981778719,0.05,1,248,211,0.0,0.0,0,0,6
No Tactical,4,54,train,random,player_win,-10.0,9,100.0,5,Expert,0.0626721632689783,0.05,1,252,214,0.0,0.0,0,0,4
No Tactical,4,55,train,random,agent_win,10.0,8,92.0,5,Expert,0.059538555105529384,0.05,1,256,217,3.0,3.0,0,0,4
No Tactical,4,56,train,random,player_win,-10.0,9,100.0,5,Expert,0.05656162735025291,0.05,1,260,220,0.0,0.0,0,1,3
No Tactical,4,57,train,random,player_win,-10.0,13,100.0,5,Expert,0.053733545982740265,0.05,1,266,225,0.0,0.0,0,0,6
No Tactical,4,58,train,random,agent_win,10.0,8,92.0,5,Expert,0.05104686868360325,0.05,1,270,228,3.0,3.0,0,1,3
No Tactical,4,59,train,random,player_win,-10.0,11,100.0,5,Expert,0.05,0.05,1,275,232,0.0,0.0,0,0,5
No Tactical,4,60,train,random,player_win,-10.0,9,100.0,5,Expert,0.05,0.05,1,279,235,0.0,0.0,0,0,4
No Tactical,4,61,train,random,agent_win,10.0,12,92.0,5,Expert,0.05,0.05,1,285,240,3.0,3.0,0,0,6
No Tactical,4,62,train,random,player_win,-10.0,9,100.0,5,Expert,0.05,0.05,1,289,243,0.0,0.0,0,0,4
No Tactical,4,63,train,random,agent_win,10.0,8,92.0,5,Expert,0.05,0.05,1,293,246,3.0,3.0,0,0,4
No Tactical,4,64,train,random,agent_win,10.0,10,84.0,5,Expert,0.05,0.05,1,298,250,3.0,3.0,0,0,5
No Tactical,4,65,train,random,player_win,-10.0,7,94.0,5,Expert,0.05,0.05,1,301,252,0.0,0.0,0,0,3
No Tactical,4,66,train,random,player_win,-10.0,11,100.0,5,Expert,0.05,0.05,1,306,256,0.0,0.0,0,0,5
No Tactical,4,67,train,random,player_win,-10.0,7,100.0,5,Expert,0.05,0.05,1,309,258,0.0,0.0,0,1,2
No Tactical,4,68,train,random,agent_win,10.0,8,92.0,5,Expert,0.05,0.05,1,313,261,3.0,3.0,0,1,3
No Tactical,4,69,train,random,agent_win,10.0,6,84.0,5,Expert,0.05,0.05,1,316,263,3.0,3.0,0,0,3
No Tactical,4,70,train,random,player_win,-10.0,11,94.0,5,Expert,0.05,0.05,1,321,267,0.0,0.0,0,0,5
No Tactical,4,71,train,random,player_win,-10.0,9,100.0,5,Expert,0.05,0.05,1,325,270,0.0,0.0,0,0,4
No Tactical,4,72,train,random,player_win,-10.0,11,100.0,5,Expert,0.05,0.05,1,330,274,0.0,0.0,0,0,5
No Tactical,4,73,train,random,player_win,-10.0,9,100.0,5,Expert,0.05,0.05,1,334,277,0.0,0.0,0,1,3
No Tactical,4,74,train,random,player_win,-10.0,11,100.0,5,Expert,0.05,0.05,1,339,281,0.0,0.0,0,0,5
No Tactical,4,75,train,random,agent_win,10.0,6,92.0,5,Expert,0.05,0.05,1,342,283,3.0,3.0,0,1,2
No Tactical,4,76,train,random,agent_win,10.0,12,84.0,5,Expert,0.05,0.05,1,348,288,3.0,3.0,0,0,6
No Tactical,4,77,train,random,agent_win,10.0,12,76.0,4,Hard,0.05,0.05,1,354,293,3.0,3.0,0,0,6
No Tactical,4,78,train,random,player_win,-10.0,7,86.0,5,Expert,0.05,0.05,1,357,295,0.0,0.0,0,0,3
No Tactical,4,79,train,random,agent_win,10.0,10,78.0,4,Hard,0.05,0.05,1,362,299,3.0,3.0,0,1,4
No Tactical,4,80,train,random,player_win,-10.0,7,88.0,5,Expert,0.05,0.05,1,365,301,0.0,0.0,0,0,3
No Tactical,4,81,train,random,player_win,-10.0,9,98.0,5,Expert,0.05,0.05,1,369,304,0.0,0.0,0,0,4
No Tactical,4,82,train,random,agent_win,10.0,12,90.0,5,Expert,0.05,0.05,1,375,309,3.0,3.0,0,0,6
No Tactical,4,83,train,random,player_win,-10.0,13,100.0,5,Expert,0.05,0.05,1,381,314,0.0,0.0,0,0,6
No Tactical,4,84,train,random,agent_win,10.0,12,92.0,5,Expert,0.05,0.05,1,387,319,3.0,3.0,0,1,5
No Tactical,4,85,train,random,player_win,-10.0,9,100.0,5,Expert,0.05,0.05,1,391,322,0.0,0.0,0,1,3
No Tactical,4,86,train,random,agent_win,10.0,10,92.0,5,Expert,0.05,0.05,1,396,326,3.0,3.0,0,0,5
No Tactical,4,87,train,random,agent_win,10.0,12,84.0,5,Expert,0.05,0.05,1,402,331,3.0,3.0,0,0,6
No Tactical,4,88,train,random,player_win,-10.0,11,94.0,5,Expert,0.05,0.05,1,407,335,0.0,0.0,0,0,5
No Tactical,4,89,train,random,agent_win,10.0,6,86.0,5,Expert,0.05,0.05,1,410,337,3.0,3.0,0,0,3
No Tactical,4,90,train,random,agent_win,10.0,10,78.0,4,Hard,0.05,0.05,1,415,341,3.0,3.0,0,1,4
No Tactical,4,91,train,random,player_win,-10.0,7,88.0,5,Expert,0.05,0.05,1,418,342,0.0,0.0,0,0,3
No Tactical,4,92,train,random,player_win,-10.0,9,98.0,5,Expert,0.05,0.05,1,422,345,0.0,0.0,0,0,4
No Tactical,4,93,train,random,player_win,-10.0,7,100.0,5,Expert,0.05,0.05,1,425,347,0.0,0.0,0,0,3
No Tactical,4,94,train,random,player_win,-10.0,13,100.0,5,Expert,0.05,0.05,1,431,352,0.0,0.0,0,1,5
No Tactical,4,95,train,random,agent_win,10.0,8,92.0,5,Expert,0.05,0.05,1,435,355,3.0,3.0,0,1,3
No Tactical,4,96,train,random,player_win,-10.0,13,100.0,5,Expert,0.05,0.05,1,441,360,0.0,0.0,0,0,6
No Tactical,4,97,train,random,agent_win,10.0,8,92.0,5,Expert,0.05,0.05,1,445,363,3.0,3.0,0,0,4
No Tactical,4,98,train,random,agent_win,10.0,8,84.0,5,Expert,0.05,0.05,1,449,366,3.0,3.0,0,1,3
No Tactical,4,99,train,random,agent_win,10.0,10,76.0,4,Hard,0.05,0.05,1,454,369,3.0,3.0,0,0,5
No Tactical,4,100,train,random,player_win,-10.0,5,86.0,5,Expert,0.05,0.05,1,456,370,0.0,0.0,0,0,2
No Tactical,4,101,train,random,agent_win,10.0,10,78.0,4,Hard,0.05,0.05,1,461,374,3.0,3.0,0,0,5
No Tactical,4,102,train,random,agent_win,10.0,10,70.0,4,Hard,0.05,0.05,1,466,378,3.0,3.0,0,0,5
No Tactical,4,103,train,random,player_win,-10.0,9,80.0,5,Expert,0.05,0.05,1,470,381,0.0,0.0,0,0,4
No Tactical,4,104,train,random,player_win,-10.0,11,90.0,5,Expert,0.05,0.05,1,475,385,0.0,0.0,0,0,5
No Tactical,4,105,train,random,agent_win,10.0,6,82.0,5,Expert,0.05,0.05,1,478,387,3.0,3.0,0,0,3
No Tactical,4,106,train,random,agent_win,10.0,12,74.0,4,Hard,0.05,0.05,1,484,392,3.0,3.0,0,0,6
No Tactical,4,107,train,random,player_win,-10.0,9,84.0,5,Expert,0.05,0.05,1,488,395,0.0,0.0,0,0,4
No Tactical,4,108,train,random,agent_win,10.0,8,76.0,4,Hard,0.05,0.05,1,492,398,3.0,3.0,0,0,4
No Tactical,4,109,train,random,agent_win,10.0,8,68.0,4,Hard,0.05,0.05,1,496,400,3.0,3.0,0,0,4
No Tactical,4,110,train,random,player_win,-10.0,13,78.0,4,Hard,0.05,0.05,1,502,405,0.0,0.0,0,0,6
No Tactical,4,111,train,random,player_win,-10.0,11,88.0,5,Expert,0.05,0.05,1,507,409,0.0,0.0,0,1,4
No Tactical,4,112,train,random,agent_win,10.0,6,80.0,5,Expert,0.05,0.05,1,510,411,3.0,3.0,0,0,3
No Tactical,4,113,train,random,agent_win,10.0,8,72.0,4,Hard,0.05,0.05,1,514,414,3.0,3.0,0,0,4
No Tactical,4,114,train,random,player_win,-10.0,7,82.0,5,Expert,0.05,0.05,1,517,416,0.0,0.0,0,0,3
No Tactical,4,115,train,random,agent_win,10.0,12,74.0,4,Hard,0.05,0.05,1,523,421,3.0,3.0,0,0,6
No Tactical,4,116,train,random,player_win,-10.0,13,84.0,5,Expert,0.05,0.05,1,529,426,0.0,0.0,0,0,6
No Tactical,4,117,train,random,agent_win,10.0,12,76.0,4,Hard,0.05,0.05,1,535,431,3.0,3.0,0,0,6
No Tactical,4,118,train,random,player_win,-10.0,7,86.0,5,Expert,0.05,0.05,1,538,433,0.0,0.0,0,0,3
No Tactical,4,119,train,random,player_win,-10.0,9,96.0,5,Expert,0.05,0.05,1,542,436,0.0,0.0,0,0,4
No Tactical,4,120,train,random,player_win,-10.0,9,100.0,5,Expert,0.05,0.05,1,546,439,0.0,0.0,0,0,4
No Tactical,4,121,train,random,agent_win,10.0,12,92.0,5,Expert,0.05,0.05,1,552,444,3.0,3.0,0,0,6
No Tactical,4,122,train,random,player_win,-10.0,9,100.0,5,Expert,0.05,0.05,1,556,446,0.0,0.0,0,0,4
No Tactical,4,123,train,random,agent_win,10.0,6,92.0,5,Expert,0.05,0.05,1,559,448,3.0,3.0,0,1,2
No Tactical,4,124,train,random,player_win,-10.0,9,100.0,5,Expert,0.05,0.05,1,563,451,0.0,0.0,0,0,4
No Tactical,4,125,train,random,player_win,-10.0,9,100.0,5,Expert,0.05,0.05,1,567,454,0.0,0.0,0,0,4
No Tactical,4,126,train,random,player_win,-10.0,9,100.0,5,Expert,0.05,0.05,1,571,457,0.0,0.0,0,0,4
No Tactical,4,127,train,random,agent_win,10.0,10,92.0,5,Expert,0.05,0.05,1,576,461,3.0,3.0,0,0,5
No Tactical,4,128,train,random,agent_win,10.0,14,84.0,5,Expert,0.05,0.05,1,583,467,3.0,3.0,0,0,7
No Tactical,4,129,train,random,player_win,-10.0,7,94.0,5,Expert,0.05,0.05,1,586,469,0.0,0.0,0,1,2
No Tactical,4,130,train,random,agent_win,10.0,10,86.0,5,Expert,0.05,0.05,1,591,473,3.0,3.0,0,0,5
No Tactical,4,131,train,random,player_win,-10.0,9,96.0,5,Expert,0.05,0.05,1,595,475,0.0,0.0,0,0,4
No Tactical,4,132,train,random,player_win,-10.0,9,100.0,5,Expert,0.05,0.05,1,599,478,0.0,0.0,0,0,4
No Tactical,4,133,train,random,agent_win,10.0,10,92.0,5,Expert,0.05,0.05,1,604,482,3.0,3.0,0,0,5
No Tactical,4,134,train,random,player_win,-10.0,13,100.0,5,Expert,0.05,0.05,1,610,487,0.0,0.0,0,1,5
No Tactical,4,135,train,random,player_win,-10.0,9,100.0,5,Expert,0.05,0.05,1,614,490,0.0,0.0,0,0,4
No Tactical,4,136,train,random,player_win,-10.0,11,100.0,5,Expert,0.05,0.05,1,619,494,0.0,0.0,0,0,5
No Tactical,4,137,train,random,agent_win,10.0,10,92.0,5,Expert,0.05,0.05,1,624,498,3.0,3.0,0,0,5
No Tactical,4,138,train,random,player_win,-10.0,13,100.0,5,Expert,0.05,0.05,1,630,503,0.0,0.0,0,0,6
No Tactical,4,139,train,random,agent_win,10.0,10,92.0,5,Expert,0.05,0.05,1,635,507,3.0,3.0,0,0,5
No Tactical,4,140,train,random,agent_win,10.0,14,84.0,5,Expert,0.05,0.05,1,642,513,3.0,3.0,0,0,7
No Tactical,4,141,train,random,player_win,-10.0,11,94.0,5,Expert,0.05,0.05,1,647,517,0.0,0.0,0,0,5
No Tactical,4,142,train,random,player_win,-10.0,9,100.0,5,Expert,0.05,0.05,1,651,520,0.0,0.0,0,0,4
No Tactical,4,143,train,random,player_win,-10.0,9,100.0,5,Expert,0.05,0.05,1,655,523,0.0,0.0,0,0,4
No Tactical,4,144,train,random,agent_win,10.0,10,92.0,5,Expert,0.05,0.05,1,660,527,3.0,3.0,0,0,5
No Tactical,4,145,train,random,player_win,-10.0,11,100.0,5,Expert,0.05,0.05,1,665,531,0.0,0.0,0,0,5
No Tactical,4,146,train,random,player_win,-10.0,7,100.0,5,Expert,0.05,0.05,1,668,533,0.0,0.0,0,0,3
No Tactical,4,147,train,random,player_win,-10.0,11,100.0,5,Expert,0.05,0.05,1,673,537,0.0,0.0,0,0,5
No Tactical,4,148,train,random,player_win,-10.0,9,100.0,5,Expert,0.05,0.05,1,677,540,0.0,0.0,0,0,4
No Tactical,4,149,train,random,player_win,-10.0,9,100.0,5,Expert,0.05,0.05,1,681,543,0.0,0.0,0,0,4
No Tactical,4,150,train,random,agent_win,10.0,10,92.0,5,Expert,0.05,0.05,1,686,547,3.0,3.0,0,0,5
No Tactical,4,151,train,random,agent_win,10.0,8,84.0,5,Expert,0.05,0.05,1,690,550,3.0,3.0,0,0,4
No Tactical,4,152,train,random,player_win,-10.0,9,94.0,5,Expert,0.05,0.05,1,694,553,0.0,0.0,0,1,3
No Tactical,4,153,train,random,agent_win,10.0,8,86.0,5,Expert,0.05,0.05,1,698,556,3.0,3.0,0,0,4
No Tactical,4,154,train,random,player_win,-10.0,13,96.0,5,Expert,0.05,0.05,1,704,561,0.0,0.0,0,1,5
No Tactical,4,155,train,random,player_win,-10.0,7,100.0,5,Expert,0.05,0.05,1,707,562,0.0,0.0,0,0,3
No Tactical,4,156,train,random,agent_win,10.0,12,92.0,5,Expert,0.05,0.05,1,713,567,3.0,3.0,0,1,5
No Tactical,4,157,train,random,agent_win,10.0,12,84.0,5,Expert,0.05,0.05,1,719,572,3.0,3.0,0,0,6
No Tactical,4,158,train,random,player_win,-10.0,7,94.0,5,Expert,0.05,0.05,1,722,574,0.0,0.0,0,0,3
No Tactical,4,159,train,random,player_win,-10.0,9,100.0,5,Expert,0.05,0.05,1,726,577,0.0,0.0,0,0,4
No Tactical,4,160,train,random,player_win,-10.0,7,100.0,5,Expert,0.05,0.05,1,729,579,0.0,0.0,0,0,3
No Tactical,4,161,train,random,player_win,-10.0,9,100.0,5,Expert,0.05,0.05,1,733,582,0.0,0.0,0,0,4
No Tactical,4,162,train,random,player_win,-10.0,11,100.0,5,Expert,0.05,0.05,1,738,586,0.0,0.0,0,0,5
No Tactical,4,163,train,random,player_win,-10.0,11,100.0,5,Expert,0.05,0.05,1,743,589,0.0,0.0,0,0,5
No Tactical,4,164,train,random,player_win,-10.0,13,100.0,5,Expert,0.05,0.05,1,749,593,0.0,0.0,0,0,6
No Tactical,4,165,train,random,agent_win,10.0,6,92.0,5,Expert,0.05,0.05,1,752,595,3.0,3.0,0,0,3
No Tactical,4,166,train,random,player_win,-10.0,9,100.0,5,Expert,0.05,0.05,1,756,598,0.0,0.0,0,0,4
No Tactical,4,167,train,random,agent_win,10.0,12,92.0,5,Expert,0.05,0.05,1,762,603,3.0,3.0,0,0,6
No Tactical,4,168,train,random,agent_win,10.0,10,84.0,5,Expert,0.05,0.05,1,767,607,3.0,3.0,0,0,5
No Tactical,4,169,train,random,agent_win,10.0,10,76.0,4,Hard,0.05,0.05,1,772,611,3.0,3.0,0,0,5
No Tactical,4,170,train,random,agent_win,10.0,12,68.0,4,Hard,0.05,0.05,1,778,616,3.0,3.0,0,1,5
No Tactical,4,171,train,random,agent_win,10.0,10,60.0,3,Normal,0.05,0.05,1,783,620,3.0,3.0,0,1,4
No Tactical,4,172,train,random,player_win,-10.0,9,70.0,4,Hard,0.05,0.05,1,787,623,0.0,0.0,0,1,3
No Tactical,4,173,train,random,player_win,-10.0,9,80.0,5,Expert,0.05,0.05,1,791,625,0.0,0.0,0,0,4
No Tactical,4,174,train,random,player_win,-10.0,7,90.0,5,Expert,0.05,0.05,1,794,627,0.0,0.0,0,0,3
No Tactical,4,175,train,random,player_win,-10.0,7,100.0,5,Expert,0.05,0.05,1,797,629,0.0,0.0,0,0,3
No Tactical,4,176,train,random,player_win,-10.0,9,100.0,5,Expert,0.05,0.05,1,801,632,0.0,0.0,0,0,4
No Tactical,4,177,train,random,player_win,-10.0,9,100.0,5,Expert,0.05,0.05,1,805,634,0.0,0.0,0,0,4
No Tactical,4,178,train,random,agent_win,10.0,10,92.0,5,Expert,0.05,0.05,1,810,638,3.0,3.0,0,0,5
No Tactical,4,179,train,random,player_win,-10.0,13,100.0,5,Expert,0.05,0.05,1,816,642,0.0,0.0,0,2,4
No Tactical,4,180,train,random,agent_win,10.0,12,92.0,5,Expert,0.05,0.05,1,822,647,3.0,3.0,0,0,6
No Tactical,4,181,train,random,agent_win,10.0,8,84.0,5,Expert,0.05,0.05,1,826,650,3.0,3.0,0,0,4
No Tactical,4,182,train,random,player_win,-10.0,13,94.0,5,Expert,0.05,0.05,1,832,655,0.0,0.0,0,0,6
No Tactical,4,183,train,random,player_win,-10.0,9,100.0,5,Expert,0.05,0.05,1,836,658,0.0,0.0,0,0,4
No Tactical,4,184,train,random,player_win,-10.0,7,100.0,5,Expert,0.05,0.05,1,839,660,0.0,0.0,0,1,2
No Tactical,4,185,train,random,player_win,-10.0,9,100.0,5,Expert,0.05,0.05,1,843,663,0.0,0.0,0,1,3
No Tactical,4,186,train,random,player_win,-10.0,9,100.0,5,Expert,0.05,0.05,1,847,666,0.0,0.0,0,0,4
No Tactical,4,187,train,random,player_win,-10.0,9,100.0,5,Expert,0.05,0.05,1,851,669,0.0,0.0,0,0,4
No Tactical,4,188,train,random,agent_win,10.0,10,92.0,5,Expert,0.05,0.05,1,856,673,3.0,3.0,0,0,5
No Tactical,4,189,train,random,agent_win,10.0,6,84.0,5,Expert,0.05,0.05,1,859,675,3.0,3.0,0,0,3
No Tactical,4,190,train,random,agent_win,10.0,6,76.0,4,Hard,0.05,0.05,1,862,677,3.0,3.0,0,0,3
No Tactical,4,191,train,random,player_win,-10.0,11,86.0,5,Expert,0.05,0.05,1,867,681,0.0,0.0,0,0,5
No Tactical,4,192,train,random,player_win,-10.0,9,96.0,5,Expert,0.05,0.05,1,871,684,0.0,0.0,0,0,4
No Tactical,4,193,train,random,player_win,-10.0,13,100.0,5,Expert,0.05,0.05,1,877,689,0.0,0.0,0,0,6
No Tactical,4,194,train,random,player_win,-10.0,9,100.0,5,Expert,0.05,0.05,1,881,692,0.0,0.0,0,0,4
No Tactical,4,195,train,random,player_win,-10.0,5,100.0,5,Expert,0.05,0.05,1,883,693,0.0,0.0,0,1,1
No Tactical,4,196,train,random,agent_win,10.0,8,92.0,5,Expert,0.05,0.05,1,887,695,3.0,3.0,0,0,4
No Tactical,4,197,train,random,agent_win,10.0,8,84.0,5,Expert,0.05,0.05,1,891,698,3.0,3.0,0,1,3
No Tactical,4,198,train,random,player_win,-10.0,5,94.0,5,Expert,0.05,0.05,1,893,699,0.0,0.0,0,0,2
No Tactical,4,199,train,random,agent_win,10.0,12,86.0,5,Expert,0.05,0.05,1,899,704,3.0,3.0,0,0,6
No Tactical,4,200,train,random,draw,3.0,16,89.0,5,Expert,0.05,0.05,1,907,711,0.8999999999999999,0.8999999999999999,0,0,8
No Tactical,4,201,train,random,player_win,-10.0,13,99.0,5,Expert,0.05,0.05,1,913,716,0.0,0.0,0,1,5
No Tactical,4,202,train,random,player_win,-10.0,9,100.0,5,Expert,0.05,0.05,1,917,719,0.0,0.0,0,0,4
No Tactical,4,203,train,random,agent_win,10.0,6,92.0,5,Expert,0.05,0.05,1,920,721,3.0,3.0,0,1,2
No Tactical,4,204,train,random,player_win,-10.0,7,100.0,5,Expert,0.05,0.05,1,923,722,0.0,0.0,0,0,3
No Tactical,4,205,train,random,player_win,-10.0,7,100.0,5,Expert,0.05,0.05,1,926,724,0.0,0.0,0,2,1
No Tactical,4,206,train,random,agent_win,10.0,10,92.0,5,Expert,0.05,0.05,1,931,728,3.0,3.0,0,0,5
No Tactical,4,207,train,random,player_win,-10.0,9,100.0,5,Expert,0.05,0.05,1,935,730,0.0,0.0,0,0,4
No Tactical,4,208,train,random,agent_win,10.0,10,92.0,5,Expert,0.05,0.05,1,940,733,3.0,3.0,0,0,5
No Tactical,4,209,train,random,player_win,-10.0,9,100.0,5,Expert,0.05,0.05,1,944,736,0.0,0.0,0,0,4
No Tactical,4,210,train,random,player_win,-10.0,9,100.0,5,Expert,0.05,0.05,1,948,739,0.0,0.0,0,0,4
No Tactical,4,211,train,random,player_win,-10.0,11,100.0,5,Expert,0.05,0.05,1,953,743,0.0,0.0,0,0,5
No Tactical,4,212,train,random,agent_win,10.0,10,92.0,5,Expert,0.05,0.05,1,958,747,3.0,3.0,0,0,5
No Tactical,4,213,train,random,agent_win,10.0,8,84.0,5,Expert,0.05,0.05,1,962,750,3.0,3.0,0,0,4
No Tactical,4,214,train,random,agent_win,10.0,8,76.0,4,Hard,0.05,0.05,1,966,753,3.0,3.0,0,0,4
No Tactical,4,215,train,random,player_win,-10.0,9,86.0,5,Expert,0.05,0.05,1,970,755,0.0,0.0,0,0,4
No Tactical,4,216,train,random,player_win,-10.0,11,96.0,5,Expert,0.05,0.05,1,975,759,0.0,0.0,0,0,5
No Tactical,4,217,train,random,player_win,-10.0,7,100.0,5,Expert,0.05,0.05,1,978,761,0.0,0.0,0,0,3
No Tactical,4,218,train,random,agent_win,10.0,14,92.0,5,Expert,0.05,0.05,1,985,767,3.0,3.0,0,0,7
No Tactical,4,219,train,random,agent_win,10.0,8,84.0,5,Expert,0.05,0.05,1,989,770,3.0,3.0,0,0,4
No Tactical,4,220,train,random,draw,3.0,16,87.0,5,Expert,0.05,0.05,1,997,777,0.8999999999999999,0.8999999999999999,0,1,7
No Tactical,4,221,train,random,agent_win,10.0,8,79.0,4,Hard,0.05,0.05,1,1001,780,3.0,3.0,0,0,4
No Tactical,4,222,train,random,agent_win,10.0,10,71.0,4,Hard,0.05,0.05,1,1006,784,3.0,3.0,0,0,5
No Tactical,4,223,train,random,agent_win,10.0,10,63.0,3,Normal,0.05,0.05,1,1011,788,3.0,3.0,0,0,5
No Tactical,4,224,train,random,player_win,-10.0,11,73.0,4,Hard,0.05,0.05,1,1016,792,0.0,0.0,0,0,5
No Tactical,4,225,train,random,agent_win,10.0,8,65.0,4,Hard,0.05,0.05,1,1020,795,3.0,3.0,0,0,4
No Tactical,4,226,train,random,agent_win,10.0,8,57.0,3,Normal,0.05,0.05,1,1024,798,3.0,3.0,0,1,3
No Tactical,4,227,train,random,player_win,-10.0,11,67.0,4,Hard,0.05,0.05,1,1029,802,0.0,0.0,0,0,5
No Tactical,4,228,train,random,player_win,-10.0,7,77.0,4,Hard,0.05,0.05,1,1032,804,0.0,0.0,0,0,3
No Tactical,4,229,train,random,agent_win,10.0,6,69.0,4,Hard,0.05,0.05,1,1035,806,3.0,3.0,0,0,3
No Tactical,4,230,train,random,agent_win,10.0,10,61.0,3,Normal,0.05,0.05,1,1040,809,3.0,3.0,0,0,5
No Tactical,4,231,train,random,player_win,-10.0,9,71.0,4,Hard,0.05,0.05,1,1044,812,0.0,0.0,0,0,4
No Tactical,4,232,train,random,player_win,-10.0,13,81.0,5,Expert,0.05,0.05,1,1050,817,0.0,0.0,0,0,6
No Tactical,4,233,train,random,player_win,-10.0,9,91.0,5,Expert,0.05,0.05,1,1054,820,0.0,0.0,0,0,4
No Tactical,4,234,train,random,player_win,-10.0,11,100.0,5,Expert,0.05,0.05,1,1059,824,0.0,0.0,0,0,5
No Tactical,4,235,train,random,player_win,-10.0,13,100.0,5,Expert,0.05,0.05,1,1065,829,0.0,0.0,0,0,6
No Tactical,4,236,train,random,player_win,-10.0,9,100.0,5,Expert,0.05,0.05,1,1069,832,0.0,0.0,0,0,4
No Tactical,4,237,train,random,player_win,-10.0,13,100.0,5,Expert,0.05,0.05,1,1075,837,0.0,0.0,0,0,6
No Tactical,4,238,train,random,agent_win,10.0,8,92.0,5,Expert,0.05,0.05,1,1079,840,3.0,3.0,0,0,4
No Tactical,4,239,train,random,player_win,-10.0,13,100.0,5,Expert,0.05,0.05,1,1085,845,0.0,0.0,0,0,6
No Tactical,4,240,train,random,player_win,-10.0,7,100.0,5,Expert,0.05,0.05,1,1088,847,0.0,0.0,0,0,3
No Tactical,4,241,train,random,player_win,-10.0,15,100.0,5,Expert,0.05,0.05,1,1095,853,0.0,0.0,0,1,6
No Tactical,4,242,train,random,agent_win,10.0,12,92.0,5,Expert,0.05,0.05,1,1101,858,3.0,3.0,0,0,6
No Tactical,4,243,train,random,player_win,-10.0,9,100.0,5,Expert,0.05,0.05,1,1105,861,0.0,0.0,0,0,4
No Tactical,4,244,train,random,player_win,-10.0,7,100.0,5,Expert,0.05,0.05,1,1108,863,0.0,0.0,0,0,3
No Tactical,4,245,train,random,agent_win,10.0,10,92.0,5,Expert,0.05,0.05,1,1113,867,3.0,3.0,0,0,5
No Tactical,4,246,train,random,player_win,-10.0,9,100.0,5,Expert,0.05,0.05,1,1117,869,0.0,0.0,0,0,4
No Tactical,4,247,train,random,player_win,-10.0,9,100.0,5,Expert,0.05,0.05,1,1121,872,0.0,0.0,0,0,4
No Tactical,4,248,train,random,agent_win,10.0,6,92.0,5,Expert,0.05,0.05,1,1124,874,3.0,3.0,0,0,3
No Tactical,4,249,train,random,player_win,-10.0,7,100.0,5,Expert,0.05,0.05,1,1127,876,0.0,0.0,0,0,3
No Tactical,4,250,train,random,agent_win,10.0,8,92.0,5,Expert,0.05,0.05,1,1131,879,3.0,3.0,0,0,4
No Tactical,4,251,train,random,player_win,-10.0,5,100.0,5,Expert,0.05,0.05,1,1133,880,0.0,0.0,0,1,1
No Tactical,4,252,train,random,player_win,-10.0,5,100.0,5,Expert,0.05,0.05,1,1135,881,0.0,0.0,0,0,2
No Tactical,4,253,train,random,player_win,-10.0,15,100.0,5,Expert,0.05,0.05,1,1142,887,0.0,0.0,0,0,7
No Tactical,4,254,train,random,agent_win,10.0,8,92.0,5,Expert,0.05,0.05,1,1146,890,3.0,3.0,0,1,3
No Tactical,4,255,train,random,player_win,-10.0,9,100.0,5,Expert,0.05,0.05,1,1150,893,0.0,0.0,0,0,4
No Tactical,4,256,train,random,agent_win,10.0,8,92.0,5,Expert,0.05,0.05,1,1154,896,3.0,3.0,0,1,3
No Tactical,4,257,train,random,agent_win,10.0,6,84.0,5,Expert,0.05,0.05,1,1157,898,3.0,3.0,0,0,3
No Tactical,4,258,train,random,player_win,-10.0,7,94.0,5,Expert,0.05,0.05,1,1160,900,0.0,0.0,0,1,2
No Tactical,4,259,train,random,agent_win,10.0,12,86.0,5,Expert,0.05,0.05,1,1166,904,3.0,3.0,0,0,6
No Tactical,4,260,train,random,player_win,-10.0,11,96.0,5,Expert,0.05,0.05,1,1171,907,0.0,0.0,0,0,5
No Tactical,4,261,train,random,player_win,-10.0,11,100.0,5,Expert,0.05,0.05,1,1176,911,0.0,0.0,0,0,5
No Tactical,4,262,train,random,player_win,-10.0,13,100.0,5,Expert,0.05,0.05,1,1182,916,0.0,0.0,0,0,6
No Tactical,4,263,train,random,player_win,-10.0,13,100.0,5,Expert,0.05,0.05,1,1188,921,0.0,0.0,0,1,5
No Tactical,4,264,train,random,agent_win,10.0,8,92.0,5,Expert,0.05,0.05,1,1192,924,3.0,3.0,0,0,4
No Tactical,4,265,train,random,agent_win,10.0,10,84.0,5,Expert,0.05,0.05,1,1197,928,3.0,3.0,0,0,5
No Tactical,4,266,train,random,player_win,-10.0,13,94.0,5,Expert,0.05,0.05,1,1203,933,0.0,0.0,0,1,5
No Tactical,4,267,train,random,player_win,-10.0,13,100.0,5,Expert,0.05,0.05,1,1209,938,0.0,0.0,0,0,6
No Tactical,4,268,train,random,player_win,-10.0,9,100.0,5,Expert,0.05,0.05,1,1213,941,0.0,0.0,0,1,3
No Tactical,4,269,train,random,player_win,-10.0,7,100.0,5,Expert,0.05,0.05,1,1216,942,0.0,0.0,0,0,3
No Tactical,4,270,train,random,player_win,-10.0,7,100.0,5,Expert,0.05,0.05,1,1219,944,0.0,0.0,0,0,3
No Tactical,4,271,train,random,player_win,-10.0,9,100.0,5,Expert,0.05,0.05,1,1223,947,0.0,0.0,0,0,4
No Tactical,4,272,train,random,player_win,-10.0,11,100.0,5,Expert,0.05,0.05,1,1228,951,0.0,0.0,0,2,3
No Tactical,4,273,train,random,player_win,-10.0,11,100.0,5,Expert,0.05,0.05,1,1233,955,0.0,0.0,0,0,5
No Tactical,4,274,train,random,player_win,-10.0,11,100.0,5,Expert,0.05,0.05,1,1238,959,0.0,0.0,0,0,5
No Tactical,4,275,train,random,player_win,-10.0,13,100.0,5,Expert,0.05,0.05,1,1244,964,0.0,0.0,0,0,6
No Tactical,4,276,train,random,player_win,-10.0,7,100.0,5,Expert,0.05,0.05,1,1247,965,0.0,0.0,0,0,3
No Tactical,4,277,train,random,player_win,-10.0,9,100.0,5,Expert,0.05,0.05,1,1251,968,0.0,0.0,0,0,4
No Tactical,4,278,train,random,player_win,-10.0,7,100.0,5,Expert,0.05,0.05,1,1254,970,0.0,0.0,0,3,0
No Tactical,4,279,train,random,player_win,-10.0,5,100.0,5,Expert,0.05,0.05,1,1256,971,0.0,0.0,0,0,2
No Tactical,4,280,train,random,agent_win,10.0,12,92.0,5,Expert,0.05,0.05,1,1262,976,3.0,3.0,0,0,6
No Tactical,4,281,train,random,player_win,-10.0,7,100.0,5,Expert,0.05,0.05,1,1265,978,0.0,0.0,0,0,3
No Tactical,4,282,train,random,agent_win,10.0,14,92.0,5,Expert,0.05,0.05,1,1272,984,3.0,3.0,0,0,7
No Tactical,4,283,train,random,agent_win,10.0,6,84.0,5,Expert,0.05,0.05,1,1275,986,3.0,3.0,0,0,3
No Tactical,4,284,train,random,player_win,-10.0,11,94.0,5,Expert,0.05,0.05,1,1280,990,0.0,0.0,0,0,5
No Tactical,4,285,train,random,player_win,-10.0,11,100.0,5,Expert,0.05,0.05,1,1285,994,0.0,0.0,0,0,5
No Tactical,4,286,train,random,player_win,-10.0,11,100.0,5,Expert,0.05,0.05,1,1290,998,0.0,0.0,0,0,5
No Tactical,4,287,train,random,agent_win,10.0,14,92.0,5,Expert,0.05,0.05,1,1297,1004,3.0,3.0,0,1,6
No Tactical,4,288,train,random,player_win,-10.0,11,100.0,5,Expert,0.05,0.05,1,1302,1007,0.0,0.0,0,0,5
No Tactical,4,289,train,random,player_win,-10.0,7,100.0,5,Expert,0.05,0.05,1,1305,1009,0.0,0.0,0,1,2
No Tactical,4,290,train,random,player_win,-10.0,11,100.0,5,Expert,0.05,0.05,1,1310,1013,0.0,0.0,0,0,5
No Tactical,4,291,train,random,player_win,-10.0,11,100.0,5,Expert,0.05,0.05,1,1315,1017,0.0,0.0,0,1,4
No Tactical,4,292,train,random,agent_win,10.0,8,92.0,5,Expert,0.05,0.05,1,1319,1020,3.0,3.0,0,1,3
No Tactical,4,293,train,random,agent_win,10.0,8,84.0,5,Expert,0.05,0.05,1,1323,1023,3.0,3.0,0,0,4
No Tactical,4,294,train,random,player_win,-10.0,5,94.0,5,Expert,0.05,0.05,1,1325,1024,0.0,0.0,0,0,2
No Tactical,4,295,train,random,agent_win,10.0,12,86.0,5,Expert,0.05,0.05,1,1331,1029,3.0,3.0,0,1,5
No Tactical,4,296,train,random,player_win,-10.0,9,96.0,5,Expert,0.05,0.05,1,1335,1032,0.0,0.0,0,0,4
No Tactical,4,297,train,random,player_win,-10.0,9,100.0,5,Expert,0.05,0.05,1,1339,1035,0.0,0.0,0,0,4
No Tactical,4,298,train,random,player_win,-10.0,7,100.0,5,Expert,0.05,0.05,1,1342,1037,0.0,0.0,0,0,3
No Tactical,4,299,train,random,agent_win,10.0,10,92.0,5,Expert,0.05,0.05,1,1347,1041,3.0,3.0,0,0,5
No Tactical,4,300,train,random,agent_win,10.0,8,84.0,5,Expert,0.05,0.05,1,1351,1044,3.0,3.0,0,1,3
No Tactical,4,301,train,random,agent_win,10.0,8,76.0,4,Hard,0.05,0.05,1,1355,1047,3.0,3.0,0,0,4
No Tactical,4,302,train,random,agent_win,10.0,8,68.0,4,Hard,0.05,0.05,1,1359,1050,3.0,3.0,0,0,4
No Tactical,4,303,train,random,agent_win,10.0,14,60.0,3,Normal,0.05,0.05,1,1366,1056,3.0,3.0,0,0,7
No Tactical,4,304,train,random,player_win,-10.0,7,70.0,4,Hard,0.05,0.05,1,1369,1058,0.0,0.0,0,0,3
No Tactical,4,305,train,random,agent_win,10.0,12,62.0,3,Normal,0.05,0.05,1,1375,1063,3.0,3.0,0,0,6
No Tactical,4,306,train,random,player_win,-10.0,11,72.0,4,Hard,0.05,0.05,1,1380,1067,0.0,0.0,0,0,5
No Tactical,4,307,train,random,player_win,-10.0,7,82.0,5,Expert,0.05,0.05,1,1383,1069,0.0,0.0,0,0,3
No Tactical,4,308,train,random,player_win,-10.0,9,92.0,5,Expert,0.05,0.05,1,1387,1071,0.0,0.0,0,0,4
No Tactical,4,309,train,random,player_win,-10.0,9,100.0,5,Expert,0.05,0.05,1,1391,1073,0.0,0.0,0,1,3
No Tactical,4,310,train,random,player_win,-10.0,9,100.0,5,Expert,0.05,0.05,1,1395,1076,0.0,0.0,0,0,4
No Tactical,4,311,train,random,player_win,-10.0,5,100.0,5,Expert,0.05,0.05,1,1397,1077,0.0,0.0,0,0,2
No Tactical,4,312,train,random,agent_win,10.0,12,92.0,5,Expert,0.05,0.05,1,1403,1081,3.0,3.0,0,0,6
No Tactical,4,313,train,random,agent_win,10.0,10,84.0,5,Expert,0.05,0.05,1,1408,1085,3.0,3.0,0,1,4
No Tactical,4,314,train,random,agent_win,10.0,12,76.0,4,Hard,0.05,0.05,1,1414,1090,3.0,3.0,0,0,6
No Tactical,4,315,train,random,agent_win,10.0,6,68.0,4,Hard,0.05,0.05,1,1417,1092,3.0,3.0,0,0,3
No Tactical,4,316,train,random,agent_win,10.0,6,60.0,3,Normal,0.05,0.05,1,1420,1094,3.0,3.0,0,1,2
No Tactical,4,317,train,random,agent_win,10.0,10,52.0,3,Normal,0.05,0.05,1,1425,1098,3.0,3.0,0,0,5
No Tactical,4,318,train,random,player_win,-10.0,13,62.0,3,Normal,0.05,0.05,1,1431,1103,0.0,0.0,0,0,6
No Tactical,4,319,train,random,player_win,-10.0,9,72.0,4,Hard,0.05,0.05,1,1435,1106,0.0,0.0,0,0,4
No Tactical,4,320,train,random,player_win,-10.0,7,82.0,5,Expert,0.05,0.05,1,1438,1108,0.0,0.0,0,0,3
No Tactical,4,321,train,random,player_win,-10.0,9,92.0,5,Expert,0.05,0.05,1,1442,1111,0.0,0.0,0,0,4
No Tactical,4,322,train,random,player_win,-10.0,5,100.0,5,Expert,0.05,0.05,1,1444,1112,0.0,0.0,0,0,2
No Tactical,4,323,train,random,player_win,-10.0,9,100.0,5,Expert,0.05,0.05,1,1448,1115,0.0,0.0,0,0,4
No Tactical,4,324,train,random,agent_win,10.0,10,92.0,5,Expert,0.05,0.05,1,1453,1119,3.0,3.0,0,0,5
No Tactical,4,325,train,random,player_win,-10.0,9,100.0,5,Expert,0.05,0.05,1,1457,1122,0.0,0.0,0,1,3
No Tactical,4,326,train,random,player_win,-10.0,9,100.0,5,Expert,0.05,0.05,1,1461,1125,0.0,0.0,0,0,4
No Tactical,4,327,train,random,player_win,-10.0,9,100.0,5,Expert,0.05,0.05,1,1465,1128,0.0,0.0,0,0,4
No Tactical,4,328,train,random,player_win,-10.0,11,100.0,5,Expert,0.05,0.05,1,1470,1131,0.0,0.0,0,0,5
No Tactical,4,329,train,random,player_win,-10.0,7,100.0,5,Expert,0.05,0.05,1,1473,1133,0.0,0.0,0,0,3
No Tactical,4,330,train,random,agent_win,10.0,14,92.0,5,Expert,0.05,0.05,1,1480,1139,3.0,3.0,0,0,7
No Tactical,4,331,train,random,player_win,-10.0,9,100.0,5,Expert,0.05,0.05,1,1484,1142,0.0,0.0,0,0,4
No Tactical,4,332,train,random,agent_win,10.0,8,92.0,5,Expert,0.05,0.05,1,1488,1145,3.0,3.0,0,0,4
No Tactical,4,333,train,random,agent_win,10.0,10,84.0,5,Expert,0.05,0.05,1,1493,1149,3.0,3.0,0,1,4
No Tactical,4,334,train,random,agent_win,10.0,12,76.0,4,Hard,0.05,0.05,1,1499,1154,3.0,3.0,0,0,6
No Tactical,4,335,train,random,agent_win,10.0,12,68.0,4,Hard,0.05,0.05,1,1505,1159,3.0,3.0,0,1,5
No Tactical,4,336,train,random,player_win,-10.0,13,78.0,4,Hard,0.05,0.05,1,1511,1164,0.0,0.0,0,0,6
No Tactical,4,337,train,random,agent_win,10.0,10,70.0,4,Hard,0.05,0.05,1,1516,1168,3.0,3.0,0,0,5
No Tactical,4,338,train,random,player_win,-10.0,13,80.0,5,Expert,0.05,0.05,1,1522,1173,0.0,0.0,0,0,6
No Tactical,4,339,train,random,agent_win,10.0,10,72.0,4,Hard,0.05,0.05,1,1527,1177,3.0,3.0,0,0,5
No Tactical,4,340,train,random,agent_win,10.0,10,64.0,3,Normal,0.05,0.05,1,1532,1180,3.0,3.0,0,0,5
No Tactical,4,341,train,random,agent_win,10.0,8,56.0,3,Normal,0.05,0.05,1,1536,1183,3.0,3.0,0,0,4
No Tactical,4,342,train,random,agent_win,10.0,6,48.0,3,Normal,0.05,0.05,1,1539,1184,3.0,3.0,0,0,3
No Tactical,4,343,train,random,player_win,-10.0,11,58.0,3,Normal,0.05,0.05,1,1544,1187,0.0,0.0,0,0,5
No Tactical,4,344,train,random,agent_win,10.0,10,50.0,3,Normal,0.05,0.05,1,1549,1191,3.0,3.0,0,0,5
No Tactical,4,345,train,random,agent_win,10.0,14,42.0,2,Easy,0.05,0.05500000000000001,1,1556,1196,3.0,3.0,0,1,6
No Tactical,4,346,train,random,agent_win,10.0,10,34.0,2,Easy,0.05,0.05500000000000001,1,1561,1200,3.0,3.0,0,0,5
No Tactical,4,347,train,random,player_win,-10.0,13,44.0,2,Easy,0.05,0.05500000000000001,1,1567,1205,0.0,0.0,0,0,6
No Tactical,4,348,train,random,player_win,-10.0,5,54.0,3,Normal,0.05,0.05,1,1569,1206,0.0,0.0,0,0,2
No Tactical,4,349,train,random,player_win,-10.0,7,64.0,3,Normal,0.05,0.05,1,1572,1208,0.0,0.0,0,0,3
No Tactical,4,350,train,random,agent_win,10.0,10,56.0,3,Normal,0.05,0.05,1,1577,1212,3.0,3.0,0,0,5
No Tactical,4,351,train,random,agent_win,10.0,12,48.0,3,Normal,0.05,0.05,1,1583,1217,3.0,3.0,0,0,6
No Tactical,4,352,train,random,agent_win,10.0,8,40.0,2,Easy,0.05,0.05500000000000001,1,1587,1220,3.0,3.0,0,0,4
No Tactical,4,353,train,random,player_win,-10.0,9,50.0,3,Normal,0.05,0.05,1,1591,1223,0.0,0.0,0,1,3
No Tactical,4,354,train,random,player_win,-10.0,5,60.0,3,Normal,0.05,0.05,1,1593,1224,0.0,0.0,0,0,2
No Tactical,4,355,train,random,player_win,-10.0,13,70.0,4,Hard,0.05,0.05,1,1599,1228,0.0,0.0,0,1,5
No Tactical,4,356,train,random,agent_win,10.0,10,62.0,3,Normal,0.05,0.05,1,1604,1232,3.0,3.0,0,0,5
No Tactical,4,357,train,random,agent_win,10.0,10,54.0,3,Normal,0.05,0.05,1,1609,1235,3.0,3.0,0,0,5
No Tactical,4,358,train,random,player_win,-10.0,11,64.0,3,Normal,0.05,0.05,1,1614,1239,0.0,0.0,0,0,5
No Tactical,4,359,train,random,agent_win,10.0,12,56.0,3,Normal,0.05,0.05,1,1620,1244,3.0,3.0,0,0,6
No Tactical,4,360,train,random,player_win,-10.0,11,66.0,4,Hard,0.05,0.05,1,1625,1248,0.0,0.0,0,0,5
No Tactical,4,361,train,random,player_win,-10.0,13,76.0,4,Hard,0.05,0.05,1,1631,1253,0.0,0.0,0,0,6
No Tactical,4,362,train,random,player_win,-10.0,11,86.0,5,Expert,0.05,0.05,1,1636,1257,0.0,0.0,0,0,5
No Tactical,4,363,train,random,player_win,-10.0,11,96.0,5,Expert,0.05,0.05,1,1641,1261,0.0,0.0,0,0,5
No Tactical,4,364,train,random,player_win,-10.0,5,100.0,5,Expert,0.05,0.05,1,1643,1262,0.0,0.0,0,0,2
No Tactical,4,365,train,random,player_win,-10.0,9,100.0,5,Expert,0.05,0.05,1,1647,1265,0.0,0.0,0,0,4
No Tactical,4,366,train,random,agent_win,10.0,14,92.0,5,Expert,0.05,0.05,1,1654,1271,3.0,3.0,0,1,6
No Tactical,4,367,train,random,player_win,-10.0,9,100.0,5,Expert,0.05,0.05,1,1658,1274,0.0,0.0,0,0,4
No Tactical,4,368,train,random,agent_win,10.0,12,92.0,5,Expert,0.05,0.05,1,1664,1279,3.0,3.0,0,0,6
No Tactical,4,369,train,random,player_win,-10.0,13,100.0,5,Expert,0.05,0.05,1,1670,1284,0.0,0.0,0,0,6
No Tactical,4,370,train,random,player_win,-10.0,13,100.0,5,Expert,0.05,0.05,1,1676,1289,0.0,0.0,0,0,6
No Tactical,4,371,train,random,player_win,-10.0,5,100.0,5,Expert,0.05,0.05,1,1678,1290,0.0,0.0,0,0,2
No Tactical,4,372,train,random,player_win,-10.0,7,100.0,5,Expert,0.05,0.05,1,1681,1292,0.0,0.0,0,1,2
No Tactical,4,373,train,random,player_win,-10.0,11,100.0,5,Expert,0.05,0.05,1,1686,1296,0.0,0.0,0,0,5
No Tactical,4,374,train,random,player_win,-10.0,11,100.0,5,Expert,0.05,0.05,1,1691,1300,0.0,0.0,0,0,5
No Tactical,4,375,train,random,agent_win,10.0,14,92.0,5,Expert,0.05,0.05,1,1698,1306,3.0,3.0,0,0,7
No Tactical,4,376,train,random,player_win,-10.0,11,100.0,5,Expert,0.05,0.05,1,1703,1310,0.0,0.0,0,0,5
No Tactical,4,377,train,random,agent_win,10.0,8,92.0,5,Expert,0.05,0.05,1,1707,1313,3.0,3.0,0,0,4
No Tactical,4,378,train,random,player_win,-10.0,7,100.0,5,Expert,0.05,0.05,1,1710,1315,0.0,0.0,0,0,3
No Tactical,4,379,train,random,player_win,-10.0,13,100.0,5,Expert,0.05,0.05,1,1716,1320,0.0,0.0,0,0,6
No Tactical,4,380,train,random,agent_win,10.0,6,92.0,5,Expert,0.05,0.05,1,1719,1322,3.0,3.0,0,0,3
No Tactical,4,381,train,random,agent_win,10.0,12,84.0,5,Expert,0.05,0.05,1,1725,1327,3.0,3.0,0,0,6
No Tactical,4,382,train,random,player_win,-10.0,11,94.0,5,Expert,0.05,0.05,1,1730,1331,0.0,0.0,0,1,4
No Tactical,4,383,train,random,player_win,-10.0,13,100.0,5,Expert,0.05,0.05,1,1736,1335,0.0,0.0,0,2,4
No Tactical,4,384,train,random,player_win,-10.0,7,100.0,5,Expert,0.05,0.05,1,1739,1337,0.0,0.0,0,0,3
No Tactical,4,385,train,random,player_win,-10.0,9,100.0,5,Expert,0.05,0.05,1,1743,1340,0.0,0.0,0,0,4
No Tactical,4,386,train,random,player_win,-10.0,5,100.0,5,Expert,0.05,0.05,1,1745,1341,0.0,0.0,0,0,2
No Tactical,4,387,train,random,agent_win,10.0,10,92.0,5,Expert,0.05,0.05,1,1750,1344,3.0,3.0,0,0,5
No Tactical,4,388,train,random,player_win,-10.0,11,100.0,5,Expert,0.05,0.05,1,1755,1348,0.0,0.0,0,0,5
No Tactical,4,389,train,random,player_win,-10.0,7,100.0,5,Expert,0.05,0.05,1,1758,1350,0.0,0.0,0,0,3
No Tactical,4,390,train,random,agent_win,10.0,12,92.0,5,Expert,0.05,0.05,1,1764,1355,3.0,3.0,0,1,5
No Tactical,4,391,train,random,agent_win,10.0,10,84.0,5,Expert,0.05,0.05,1,1769,1359,3.0,3.0,0,0,5
No Tactical,4,392,train,random,player_win,-10.0,5,94.0,5,Expert,0.05,0.05,1,1771,1360,0.0,0.0,0,0,2
No Tactical,4,393,train,random,player_win,-10.0,11,100.0,5,Expert,0.05,0.05,1,1776,1364,0.0,0.0,0,0,5
No Tactical,4,394,train,random,agent_win,10.0,6,92.0,5,Expert,0.05,0.05,1,1779,1366,3.0,3.0,0,0,3
No Tactical,4,395,train,random,player_win,-10.0,7,100.0,5,Expert,0.05,0.05,1,1782,1368,0.0,0.0,0,0,3
No Tactical,4,396,train,random,player_win,-10.0,7,100.0,5,Expert,0.05,0.05,1,1785,1370,0.0,0.0,0,0,3
No Tactical,4,397,train,random,agent_win,10.0,10,92.0,5,Expert,0.05,0.05,1,1790,1374,3.0,3.0,0,1,4
No Tactical,4,398,train,random,player_win,-10.0,9,100.0,5,Expert,0.05,0.05,1,1794,1377,0.0,0.0,0,0,4
No Tactical,4,399,train,random,agent_win,10.0,14,92.0,5,Expert,0.05,0.05,1,1801,1383,3.0,3.0,0,0,7
No Tactical,4,400,train,random,agent_win,10.0,10,84.0,5,Expert,0.05,0.05,1,1806,1387,3.0,3.0,0,0,5
No Tactical,4,401,train,random,player_win,-10.0,11,94.0,5,Expert,0.05,0.05,1,1811,1391,0.0,0.0,0,0,5
No Tactical,4,402,train,random,agent_win,10.0,12,86.0,5,Expert,0.05,0.05,1,1817,1396,3.0,3.0,0,0,6
No Tactical,4,403,train,random,agent_win,10.0,10,78.0,4,Hard,0.05,0.05,1,1822,1400,3.0,3.0,0,0,5
No Tactical,4,404,train,random,player_win,-10.0,11,88.0,5,Expert,0.05,0.05,1,1827,1404,0.0,0.0,0,0,5
No Tactical,4,405,train,random,agent_win,10.0,10,80.0,5,Expert,0.05,0.05,1,1832,1407,3.0,3.0,0,1,4
No Tactical,4,406,train,random,player_win,-10.0,7,90.0,5,Expert,0.05,0.05,1,1835,1409,0.0,0.0,0,0,3
No Tactical,4,407,train,random,agent_win,10.0,12,82.0,5,Expert,0.05,0.05,1,1841,1414,3.0,3.0,0,1,5
No Tactical,4,408,train,random,agent_win,10.0,12,74.0,4,Hard,0.05,0.05,1,1847,1419,3.0,3.0,0,2,4
No Tactical,4,409,train,random,player_win,-10.0,7,84.0,5,Expert,0.05,0.05,1,1850,1421,0.0,0.0,0,0,3
No Tactical,4,410,train,random,agent_win,10.0,10,76.0,4,Hard,0.05,0.05,1,1855,1425,3.0,3.0,0,0,5
No Tactical,4,411,train,random,player_win,-10.0,11,86.0,5,Expert,0.05,0.05,1,1860,1428,0.0,0.0,0,0,5
No Tactical,4,412,train,random,player_win,-10.0,7,96.0,5,Expert,0.05,0.05,1,1863,1430,0.0,0.0,0,0,3
No Tactical,4,413,train,random,player_win,-10.0,9,100.0,5,Expert,0.05,0.05,1,1867,1433,0.0,0.0,0,0,4
No Tactical,4,414,train,random,agent_win,10.0,10,92.0,5,Expert,0.05,0.05,1,1872,1437,3.0,3.0,0,0,5
No Tactical,4,415,train,random,agent_win,10.0,8,84.0,5,Expert,0.05,0.05,1,1876,1439,3.0,3.0,0,0,4
No Tactical,4,416,train,random,player_win,-10.0,7,94.0,5,Expert,0.05,0.05,1,1879,1441,0.0,0.0,0,0,3
No Tactical,4,417,train,random,agent_win,10.0,10,86.0,5,Expert,0.05,0.05,1,1884,1444,3.0,3.0,0,0,5
No Tactical,4,418,train,random,agent_win,10.0,10,78.0,4,Hard,0.05,0.05,1,1889,1447,3.0,3.0,0,0,5
No Tactical,4,419,train,random,player_win,-10.0,13,88.0,5,Expert,0.05,0.05,1,1895,1451,0.0,0.0,0,0,6
No Tactical,4,420,train,random,agent_win,10.0,8,80.0,5,Expert,0.05,0.05,1,1899,1453,3.0,3.0,0,1,3
No Tactical,4,421,train,random,agent_win,10.0,12,72.0,4,Hard,0.05,0.05,1,1905,1458,3.0,3.0,0,0,6
No Tactical,4,422,train,random,player_win,-10.0,9,82.0,5,Expert,0.05,0.05,1,1909,1461,0.0,0.0,0,0,4
No Tactical,4,423,train,random,agent_win,10.0,8,74.0,4,Hard,0.05,0.05,1,1913,1464,3.0,3.0,0,0,4
No Tactical,4,424,train,random,player_win,-10.0,5,84.0,5,Expert,0.05,0.05,1,1915,1465,0.0,0.0,0,0,2
No Tactical,4,425,train,random,agent_win,10.0,10,76.0,4,Hard,0.05,0.05,1,1920,1469,3.0,3.0,0,1,4
No Tactical,4,426,train,random,agent_win,10.0,10,68.0,4,Hard,0.05,0.05,1,1925,1473,3.0,3.0,0,0,5
No Tactical,4,427,train,random,player_win,-10.0,11,78.0,4,Hard,0.05,0.05,1,1930,1477,0.0,0.0,0,1,4
No Tactical,4,428,train,random,player_win,-10.0,13,88.0,5,Expert,0.05,0.05,1,1936,1482,0.0,0.0,0,0,6
No Tactical,4,429,train,random,player_win,-10.0,5,98.0,5,Expert,0.05,0.05,1,1938,1483,0.0,0.0,0,0,2
No Tactical,4,430,train,random,player_win,-10.0,9,100.0,5,Expert,0.05,0.05,1,1942,1485,0.0,0.0,0,0,4
No Tactical,4,431,train,random,player_win,-10.0,13,100.0,5,Expert,0.05,0.05,1,1948,1489,0.0,0.0,0,0,6
No Tactical,4,432,train,random,agent_win,10.0,10,92.0,5,Expert,0.05,0.05,1,1953,1493,3.0,3.0,0,1,4
No Tactical,4,433,train,random,player_win,-10.0,15,100.0,5,Expert,0.05,0.05,1,1960,1499,0.0,0.0,0,0,7
No Tactical,4,434,train,random,agent_win,10.0,10,92.0,5,Expert,0.05,0.05,1,1965,1503,3.0,3.0,0,0,5
No Tactical,4,435,train,random,player_win,-10.0,9,100.0,5,Expert,0.05,0.05,1,1969,1506,0.0,0.0,0,0,4
No Tactical,4,436,train,random,player_win,-10.0,9,100.0,5,Expert,0.05,0.05,1,1973,1509,0.0,0.0,0,0,4
No Tactical,4,437,train,random,agent_win,10.0,12,92.0,5,Expert,0.05,0.05,1,1979,1514,3.0,3.0,0,1,5
No Tactical,4,438,train,random,agent_win,10.0,12,84.0,5,Expert,0.05,0.05,1,1985,1519,3.0,3.0,0,0,6
No Tactical,4,439,train,random,agent_win,10.0,10,76.0,4,Hard,0.05,0.05,1,1990,1523,3.0,3.0,0,0,5
No Tactical,4,440,train,random,player_win,-10.0,11,86.0,5,Expert,0.05,0.05,1,1995,1526,0.0,0.0,0,0,5
No Tactical,4,441,train,random,agent_win,10.0,12,78.0,4,Hard,0.05,0.05,1,2001,1531,3.0,3.0,0,0,6
No Tactical,4,442,train,random,agent_win,10.0,12,70.0,4,Hard,0.05,0.05,1,2007,1536,3.0,3.0,0,0,6
No Tactical,4,443,train,random,agent_win,10.0,10,62.0,3,Normal,0.05,0.05,1,2012,1540,3.0,3.0,0,0,5
No Tactical,4,444,train,random,agent_win,10.0,10,54.0,3,Normal,0.05,0.05,1,2017,1544,3.0,3.0,0,0,5
No Tactical,4,445,train,random,agent_win,10.0,10,46.0,3,Normal,0.05,0.05,1,2022,1547,3.0,3.0,0,1,4
No Tactical,4,446,train,random,player_win,-10.0,9,56.0,3,Normal,0.05,0.05,1,2026,1550,0.0,0.0,0,1,3
No Tactical,4,447,train,random,agent_win,10.0,12,48.0,3,Normal,0.05,0.05,1,2032,1555,3.0,3.0,0,0,6
No Tactical,4,448,train,random,player_win,-10.0,11,58.0,3,Normal,0.05,0.05,1,2037,1559,0.0,0.0,0,0,5
No Tactical,4,449,train,random,player_win,-10.0,7,68.0,4,Hard,0.05,0.05,1,2040,1561,0.0,0.0,0,0,3
No Tactical,4,450,train,random,player_win,-10.0,11,78.0,4,Hard,0.05,0.05,1,2045,1565,0.0,0.0,0,0,5
No Tactical,4,451,train,random,player_win,-10.0,13,88.0,5,Expert,0.05,0.05,1,2051,1570,0.0,0.0,0,0,6
No Tactical,4,452,train,random,player_win,-10.0,11,98.0,5,Expert,0.05,0.05,1,2056,1574,0.0,0.0,0,0,5
No Tactical,4,453,train,random,player_win,-10.0,11,100.0,5,Expert,0.05,0.05,1,2061,1577,0.0,0.0,0,0,5
No Tactical,4,454,train,random,agent_win,10.0,14,92.0,5,Expert,0.05,0.05,1,2068,1583,3.0,3.0,0,0,7
No Tactical,4,455,train,random,agent_win,10.0,8,84.0,5,Expert,0.05,0.05,1,2072,1586,3.0,3.0,0,0,4
No Tactical,4,456,train,random,agent_win,10.0,8,76.0,4,Hard,0.05,0.05,1,2076,1588,3.0,3.0,0,1,3
No Tactical,4,457,train,random,agent_win,10.0,6,68.0,4,Hard,0.05,0.05,1,2079,1590,3.0,3.0,0,0,3
No Tactical,4,458,train,random,player_win,-10.0,9,78.0,4,Hard,0.05,0.05,1,2083,1593,0.0,0.0,0,0,4
No Tactical,4,459,train,random,agent_win,10.0,10,70.0,4,Hard,0.05,0.05,1,2088,1596,3.0,3.0,0,0,5
No Tactical,4,460,train,random,agent_win,10.0,6,62.0,3,Normal,0.05,0.05,1,2091,1598,3.0,3.0,0,0,3
No Tactical,4,461,train,random,player_win,-10.0,7,72.0,4,Hard,0.05,0.05,1,2094,1599,0.0,0.0,0,0,3
No Tactical,4,462,train,random,agent_win,10.0,10,64.0,3,Normal,0.05,0.05,1,2099,1603,3.0,3.0,0,0,5
No Tactical,4,463,train,random,player_win,-10.0,13,74.0,4,Hard,0.05,0.05,1,2105,1608,0.0,0.0,0,0,6
No Tactical,4,464,train,random,agent_win,10.0,6,66.0,4,Hard,0.05,0.05,1,2108,1609,3.0,3.0,0,0,3
No Tactical,4,465,train,random,agent_win,10.0,10,58.0,3,Normal,0.05,0.05,1,2113,1613,3.0,3.0,0,0,5
No Tactical,4,466,train,random,player_win,-10.0,7,68.0,4,Hard,0.05,0.05,1,2116,1614,0.0,0.0,0,0,3
No Tactical,4,467,train,random,player_win,-10.0,11,78.0,4,Hard,0.05,0.05,1,2121,1617,0.0,0.0,0,0,5
No Tactical,4,468,train,random,player_win,-10.0,7,88.0,5,Expert,0.05,0.05,1,2124,1619,0.0,0.0,0,0,3
No Tactical,4,469,train,random,agent_win,10.0,8,80.0,5,Expert,0.05,0.05,1,2128,1622,3.0,3.0,0,0,4
No Tactical,4,470,train,random,agent_win,10.0,14,72.0,4,Hard,0.05,0.05,1,2135,1628,3.0,3.0,0,0,7
No Tactical,4,471,train,random,agent_win,10.0,8,64.0,3,Normal,0.05,0.05,1,2139,1631,3.0,3.0,0,0,4
No Tactical,4,472,train,random,agent_win,10.0,8,56.0,3,Normal,0.05,0.05,1,2143,1634,3.0,3.0,0,0,4
No Tactical,4,473,train,random,agent_win,10.0,10,48.0,3,Normal,0.05,0.05,1,2148,1638,3.0,3.0,0,0,5
No Tactical,4,474,train,random,player_win,-10.0,11,58.0,3,Normal,0.05,0.05,1,2153,1642,0.0,0.0,0,1,4
No Tactical,4,475,train,random,agent_win,10.0,10,50.0,3,Normal,0.05,0.05,1,2158,1646,3.0,3.0,0,0,5
No Tactical,4,476,train,random,agent_win,10.0,12,42.0,2,Easy,0.05,0.05500000000000001,1,2164,1650,3.0,3.0,0,0,6
No Tactical,4,477,train,random,player_win,-10.0,13,52.0,3,Normal,0.05,0.05,1,2170,1655,0.0,0.0,0,0,6
No Tactical,4,478,train,random,agent_win,10.0,8,44.0,2,Easy,0.05,0.05500000000000001,1,2174,1658,3.0,3.0,0,0,4
No Tactical,4,479,train,random,player_win,-10.0,11,54.0,3,Normal,0.05,0.05,1,2179,1662,0.0,0.0,0,0,5
No Tactical,4,480,train,random,agent_win,10.0,8,46.0,3,Normal,0.05,0.05,1,2183,1664,3.0,3.0,0,0,4
No Tactical,4,481,train,random,agent_win,10.0,10,38.0,2,Easy,0.05,0.05500000000000001,1,2188,1668,3.0,3.0,0,0,5
No Tactical,4,482,train,random,player_win,-10.0,5,48.0,3,Normal,0.05,0.05,1,2190,1669,0.0,0.0,0,0,2
No Tactical,4,483,train,random,player_win,-10.0,13,58.0,3,Normal,0.05,0.05,1,2196,1674,0.0,0.0,0,0,6
No Tactical,4,484,train,random,agent_win,10.0,12,50.0,3,Normal,0.05,0.05,1,2202,1679,3.0,3.0,0,0,6
No Tactical,4,485,train,random,agent_win,10.0,12,42.0,2,Easy,0.05,0.05500000000000001,1,2208,1684,3.0,3.0,0,0,6
No Tactical,4,486,train,random,agent_win,10.0,8,34.0,2,Easy,0.05,0.05500000000000001,1,2212,1686,3.0,3.0,0,0,4
No Tactical,4,487,train,random,player_win,-10.0,9,44.0,2,Easy,0.05,0.05500000000000001,1,2216,1688,0.0,0.0,0,0,4
No Tactical,4,488,train,random,agent_win,10.0,6,36.0,2,Easy,0.05,0.05500000000000001,1,2219,1689,3.0,3.0,0,0,3
No Tactical,4,489,train,random,player_win,-10.0,15,46.0,3,Normal,0.05,0.05,1,2226,1695,0.0,0.0,0,0,7
No Tactical,4,490,train,random,player_win,-10.0,9,56.0,3,Normal,0.05,0.05,1,2230,1698,0.0,0.0,0,1,3
No Tactical,4,491,train,random,player_win,-10.0,13,66.0,4,Hard,0.05,0.05,1,2236,1702,0.0,0.0,0,1,5
No Tactical,4,492,train,random,player_win,-10.0,13,76.0,4,Hard,0.05,0.05,1,2242,1707,0.0,0.0,0,0,6
No Tactical,4,493,train,random,player_win,-10.0,7,86.0,5,Expert,0.05,0.05,1,2245,1709,0.0,0.0,0,0,3
No Tactical,4,494,train,random,player_win,-10.0,5,96.0,5,Expert,0.05,0.05,1,2247,1710,0.0,0.0,0,0,2
No Tactical,4,495,train,random,agent_win,10.0,10,88.0,5,Expert,0.05,0.05,1,2252,1714,3.0,3.0,0,0,5
No Tactical,4,496,train,random,agent_win,10.0,6,80.0,5,Expert,0.05,0.05,1,2255,1716,3.0,3.0,0,0,3
No Tactical,4,497,train,random,player_win,-10.0,7,90.0,5,Expert,0.05,0.05,1,2258,1717,0.0,0.0,0,0,3
No Tactical,4,498,train,random,player_win,-10.0,9,100.0,5,Expert,0.05,0.05,1,2262,1720,0.0,0.0,0,0,4
No Tactical,4,499,train,random,agent_win,10.0,14,92.0,5,Expert,0.05,0.05,1,2269,1726,3.0,3.0,0,0,7
No Tactical,4,500,train,random,agent_win,10.0,10,84.0,5,Expert,0.05,0.05,1,2274,1730,3.0,3.0,0,0,5
No Tactical,4,501,train,random,player_win,-10.0,15,94.0,5,Expert,0.05,0.05,1,2281,1736,0.0,0.0,0,1,6
No Tactical,4,502,train,random,player_win,-10.0,7,100.0,5,Expert,0.05,0.05,1,2284,1738,0.0,0.0,0,0,3
No Tactical,4,503,train,random,player_win,-10.0,9,100.0,5,Expert,0.05,0.05,1,2288,1740,0.0,0.0,0,0,4
No Tactical,4,504,train,random,agent_win,10.0,10,92.0,5,Expert,0.05,0.05,1,2293,1743,3.0,3.0,0,0,5
No Tactical,4,505,train,random,agent_win,10.0,10,84.0,5,Expert,0.05,0.05,1,2298,1745,3.0,3.0,0,0,5
No Tactical,4,506,train,random,agent_win,10.0,8,76.0,4,Hard,0.05,0.05,1,2302,1748,3.0,3.0,0,0,4
No Tactical,4,507,train,random,player_win,-10.0,7,86.0,5,Expert,0.05,0.05,1,2305,1750,0.0,0.0,0,1,2
No Tactical,4,508,train,random,player_win,-10.0,7,96.0,5,Expert,0.05,0.05,1,2308,1752,0.0,0.0,0,0,3
No Tactical,4,509,train,random,player_win,-10.0,9,100.0,5,Expert,0.05,0.05,1,2312,1755,0.0,0.0,0,0,4
No Tactical,4,510,train,random,agent_win,10.0,10,92.0,5,Expert,0.05,0.05,1,2317,1759,3.0,3.0,0,0,5
No Tactical,4,511,train,random,player_win,-10.0,5,100.0,5,Expert,0.05,0.05,1,2319,1760,0.0,0.0,0,0,2
No Tactical,4,512,train,random,player_win,-10.0,7,100.0,5,Expert,0.05,0.05,1,2322,1762,0.0,0.0,0,0,3
No Tactical,4,513,train,random,player_win,-10.0,9,100.0,5,Expert,0.05,0.05,1,2326,1765,0.0,0.0,0,0,4
No Tactical,4,514,train,random,player_win,-10.0,11,100.0,5,Expert,0.05,0.05,1,2331,1769,0.0,0.0,0,0,5
No Tactical,4,515,train,random,player_win,-10.0,13,100.0,5,Expert,0.05,0.05,1,2337,1773,0.0,0.0,0,0,6
No Tactical,4,516,train,random,agent_win,10.0,8,92.0,5,Expert,0.05,0.05,1,2341,1776,3.0,3.0,0,1,3
No Tactical,4,517,train,random,player_win,-10.0,9,100.0,5,Expert,0.05,0.05,1,2345,1778,0.0,0.0,0,0,4
No Tactical,4,518,train,random,agent_win,10.0,12,92.0,5,Expert,0.05,0.05,1,2351,1783,3.0,3.0,0,0,6
No Tactical,4,519,train,random,player_win,-10.0,9,100.0,5,Expert,0.05,0.05,1,2355,1786,0.0,0.0,0,0,4
No Tactical,4,520,train,random,player_win,-10.0,11,100.0,5,Expert,0.05,0.05,1,2360,1789,0.0,0.0,0,0,5
No Tactical,4,521,train,random,player_win,-10.0,9,100.0,5,Expert,0.05,0.05,1,2364,1792,0.0,0.0,0,2,2
No Tactical,4,522,train,random,player_win,-10.0,9,100.0,5,Expert,0.05,0.05,1,2368,1794,0.0,0.0,0,0,4
No Tactical,4,523,train,random,agent_win,10.0,8,92.0,5,Expert,0.05,0.05,1,2372,1796,3.0,3.0,0,0,4
No Tactical,4,524,train,random,agent_win,10.0,10,84.0,5,Expert,0.05,0.05,1,2377,1800,3.0,3.0,0,1,4
No Tactical,4,525,train,random,agent_win,10.0,10,76.0,4,Hard,0.05,0.05,1,2382,1804,3.0,3.0,0,1,4
No Tactical,4,526,train,random,agent_win,10.0,10,68.0,4,Hard,0.05,0.05,1,2387,1807,3.0,3.0,0,0,5
No Tactical,4,527,train,random,player_win,-10.0,9,78.0,4,Hard,0.05,0.05,1,2391,1810,0.0,0.0,0,1,3
No Tactical,4,528,train,random,player_win,-10.0,13,88.0,5,Expert,0.05,0.05,1,2397,1815,0.0,0.0,0,0,6
No Tactical,4,529,train,random,player_win,-10.0,5,98.0,5,Expert,0.05,0.05,1,2399,1816,0.0,0.0,0,0,2
No Tactical,4,530,train,random,player_win,-10.0,9,100.0,5,Expert,0.05,0.05,1,2403,1819,0.0,0.0,0,0,4
No Tactical,4,531,train,random,player_win,-10.0,11,100.0,5,Expert,0.05,0.05,1,2408,1823,0.0,0.0,0,1,4
No Tactical,4,532,train,random,agent_win,10.0,14,92.0,5,Expert,0.05,0.05,1,2415,1829,3.0,3.0,0,0,7
No Tactical,4,533,train,random,player_win,-10.0,13,100.0,5,Expert,0.05,0.05,1,2421,1834,0.0,0.0,0,0,6
No Tactical,4,534,train,random,agent_win,10.0,10,92.0,5,Expert,0.05,0.05,1,2426,1837,3.0,3.0,0,0,5
No Tactical,4,535,train,random,agent_win,10.0,12,84.0,5,Expert,0.05,0.05,1,2432,1842,3.0,3.0,0,0,6
No Tactical,4,536,train,random,agent_win,10.0,12,76.0,4,Hard,0.05,0.05,1,2438,1847,3.0,3.0,0,0,6
No Tactical,4,537,train,random,player_win,-10.0,7,86.0,5,Expert,0.05,0.05,1,2441,1849,0.0,0.0,0,1,2
No Tactical,4,538,train,random,player_win,-10.0,9,96.0,5,Expert,0.05,0.05,1,2445,1852,0.0,0.0,0,1,3
No Tactical,4,539,train,random,player_win,-10.0,9,100.0,5,Expert,0.05,0.05,1,2449,1855,0.0,0.0,0,0,4
No Tactical,4,540,train,random,player_win,-10.0,11,100.0,5,Expert,0.05,0.05,1,2454,1858,0.0,0.0,0,0,5
No Tactical,4,541,train,random,player_win,-10.0,5,100.0,5,Expert,0.05,0.05,1,2456,1859,0.0,0.0,0,1,1
No Tactical,4,542,train,random,player_win,-10.0,15,100.0,5,Expert,0.05,0.05,1,2463,1865,0.0,0.0,0,0,7
No Tactical,4,543,train,random,agent_win,10.0,8,92.0,5,Expert,0.05,0.05,1,2467,1868,3.0,3.0,0,0,4
No Tactical,4,544,train,random,agent_win,10.0,8,84.0,5,Expert,0.05,0.05,1,2471,1870,3.0,3.0,0,0,4
No Tactical,4,545,train,random,player_win,-10.0,13,94.0,5,Expert,0.05,0.05,1,2477,1875,0.0,0.0,0,0,6
No Tactical,4,546,train,random,agent_win,10.0,12,86.0,5,Expert,0.05,0.05,1,2483,1880,3.0,3.0,0,0,6
No Tactical,4,547,train,random,player_win,-10.0,7,96.0,5,Expert,0.05,0.05,1,2486,1882,0.0,0.0,0,0,3
No Tactical,4,548,train,random,agent_win,10.0,12,88.0,5,Expert,0.05,0.05,1,2492,1887,3.0,3.0,0,0,6
No Tactical,4,549,train,random,agent_win,10.0,10,80.0,5,Expert,0.05,0.05,1,2497,1891,3.0,3.0,0,0,5
No Tactical,4,550,train,random,agent_win,10.0,8,72.0,4,Hard,0.05,0.05,1,2501,1893,3.0,3.0,0,0,4
No Tactical,4,551,train,random,agent_win,10.0,12,64.0,3,Normal,0.05,0.05,1,2507,1898,3.0,3.0,0,0,6
No Tactical,4,552,train,random,player_win,-10.0,11,74.0,4,Hard,0.05,0.05,1,2512,1901,0.0,0.0,0,0,5
No Tactical,4,553,train,random,agent_win,10.0,12,66.0,4,Hard,0.05,0.05,1,2518,1905,3.0,3.0,0,1,5
No Tactical,4,554,train,random,player_win,-10.0,11,76.0,4,Hard,0.05,0.05,1,2523,1909,0.0,0.0,0,0,5
No Tactical,4,555,train,random,agent_win,10.0,10,68.0,4,Hard,0.05,0.05,1,2528,1913,3.0,3.0,0,0,5
No Tactical,4,556,train,random,player_win,-10.0,11,78.0,4,Hard,0.05,0.05,1,2533,1916,0.0,0.0,0,0,5
No Tactical,4,557,train,random,player_win,-10.0,11,88.0,5,Expert,0.05,0.05,1,2538,1919,0.0,0.0,0,1,4
No Tactical,4,558,train,random,player_win,-10.0,11,98.0,5,Expert,0.05,0.05,1,2543,1923,0.0,0.0,0,1,4
No Tactical,4,559,train,random,player_win,-10.0,7,100.0,5,Expert,0.05,0.05,1,2546,1925,0.0,0.0,0,0,3
No Tactical,4,560,train,random,player_win,-10.0,5,100.0,5,Expert,0.05,0.05,1,2548,1926,0.0,0.0,0,0,2
No Tactical,4,561,train,random,player_win,-10.0,11,100.0,5,Expert,0.05,0.05,1,2553,1930,0.0,0.0,0,0,5
No Tactical,4,562,train,random,player_win,-10.0,11,100.0,5,Expert,0.05,0.05,1,2558,1934,0.0,0.0,0,0,5
No Tactical,4,563,train,random,player_win,-10.0,9,100.0,5,Expert,0.05,0.05,1,2562,1936,0.0,0.0,0,0,4
No Tactical,4,564,train,random,agent_win,10.0,12,92.0,5,Expert,0.05,0.05,1,2568,1940,3.0,3.0,0,0,6
No Tactical,4,565,train,random,agent_win,10.0,8,84.0,5,Expert,0.05,0.05,1,2572,1943,3.0,3.0,0,0,4
No Tactical,4,566,train,random,player_win,-10.0,15,94.0,5,Expert,0.05,0.05,1,2579,1949,0.0,0.0,0,1,6
No Tactical,4,567,train,random,player_win,-10.0,11,100.0,5,Expert,0.05,0.05,1,2584,1953,0.0,0.0,0,0,5
No Tactical,4,568,train,random,agent_win,10.0,12,92.0,5,Expert,0.05,0.05,1,2590,1958,3.0,3.0,0,0,6
No Tactical,4,569,train,random,player_win,-10.0,13,100.0,5,Expert,0.05,0.05,1,2596,1962,0.0,0.0,0,0,6
No Tactical,4,570,train,random,player_win,-10.0,13,100.0,5,Expert,0.05,0.05,1,2602,1967,0.0,0.0,0,0,6
No Tactical,4,571,train,random,agent_win,10.0,10,92.0,5,Expert,0.05,0.05,1,2607,1971,3.0,3.0,0,1,4
No Tactical,4,572,train,random,agent_win,10.0,8,84.0,5,Expert,0.05,0.05,1,2611,1974,3.0,3.0,0,0,4
No Tactical,4,573,train,random,player_win,-10.0,9,94.0,5,Expert,0.05,0.05,1,2615,1977,0.0,0.0,0,0,4
No Tactical,4,574,train,random,agent_win,10.0,12,86.0,5,Expert,0.05,0.05,1,2621,1981,3.0,3.0,0,0,6
No Tactical,4,575,train,random,player_win,-10.0,9,96.0,5,Expert,0.05,0.05,1,2625,1983,0.0,0.0,0,0,4
No Tactical,4,576,train,random,agent_win,10.0,10,88.0,5,Expert,0.05,0.05,1,2630,1987,3.0,3.0,0,0,5
No Tactical,4,577,train,random,player_win,-10.0,9,98.0,5,Expert,0.05,0.05,1,2634,1990,0.0,0.0,0,0,4
No Tactical,4,578,train,random,player_win,-10.0,11,100.0,5,Expert,0.05,0.05,1,2639,1994,0.0,0.0,0,0,5
No Tactical,4,579,train,random,player_win,-10.0,11,100.0,5,Expert,0.05,0.05,1,2644,1998,0.0,0.0,0,1,4
No Tactical,4,580,train,random,player_win,-10.0,7,100.0,5,Expert,0.05,0.05,1,2647,1999,0.0,0.0,0,0,3
No Tactical,4,581,train,random,player_win,-10.0,7,100.0,5,Expert,0.05,0.05,1,2650,2001,0.0,0.0,0,1,2
No Tactical,4,582,train,random,agent_win,10.0,12,92.0,5,Expert,0.05,0.05,1,2656,2006,3.0,3.0,0,1,5
No Tactical,4,583,train,random,agent_win,10.0,8,84.0,5,Expert,0.05,0.05,1,2660,2008,3.0,3.0,0,0,4
No Tactical,4,584,train,random,player_win,-10.0,7,94.0,5,Expert,0.05,0.05,1,2663,2010,0.0,0.0,0,0,3
No Tactical,4,585,train,random,player_win,-10.0,5,100.0,5,Expert,0.05,0.05,1,2665,2011,0.0,0.0,0,0,2
No Tactical,4,586,train,random,player_win,-10.0,13,100.0,5,Expert,0.05,0.05,1,2671,2016,0.0,0.0,0,1,5
No Tactical,4,587,train,random,agent_win,10.0,6,92.0,5,Expert,0.05,0.05,1,2674,2018,3.0,3.0,0,0,3
No Tactical,4,588,train,random,player_win,-10.0,9,100.0,5,Expert,0.05,0.05,1,2678,2020,0.0,0.0,0,0,4
No Tactical,4,589,train,random,player_win,-10.0,11,100.0,5,Expert,0.05,0.05,1,2683,2024,0.0,0.0,0,1,4
No Tactical,4,590,train,random,player_win,-10.0,7,100.0,5,Expert,0.05,0.05,1,2686,2026,0.0,0.0,0,1,2
No Tactical,4,591,train,random,player_win,-10.0,9,100.0,5,Expert,0.05,0.05,1,2690,2029,0.0,0.0,0,0,4
No Tactical,4,592,train,random,agent_win,10.0,12,92.0,5,Expert,0.05,0.05,1,2696,2033,3.0,3.0,0,0,6
No Tactical,4,593,train,random,agent_win,10.0,8,84.0,5,Expert,0.05,0.05,1,2700,2035,3.0,3.0,0,0,4
No Tactical,4,594,train,random,player_win,-10.0,7,94.0,5,Expert,0.05,0.05,1,2703,2037,0.0,0.0,0,0,3
No Tactical,4,595,train,random,agent_win,10.0,8,86.0,5,Expert,0.05,0.05,1,2707,2040,3.0,3.0,0,0,4
No Tactical,4,596,train,random,agent_win,10.0,6,78.0,4,Hard,0.05,0.05,1,2710,2042,3.0,3.0,0,1,2
No Tactical,4,597,train,random,player_win,-10.0,7,88.0,5,Expert,0.05,0.05,1,2713,2043,0.0,0.0,0,0,3
No Tactical,4,598,train,random,agent_win,10.0,12,80.0,5,Expert,0.05,0.05,1,2719,2047,3.0,3.0,0,0,6
No Tactical,4,599,train,random,player_win,-10.0,7,90.0,5,Expert,0.05,0.05,1,2722,2048,0.0,0.0,0,0,3
No Tactical,4,600,train,random,player_win,-10.0,9,100.0,5,Expert,0.05,0.05,1,2726,2051,0.0,0.0,0,0,4
No Tactical,4,601,train,random,player_win,-10.0,13,100.0,5,Expert,0.05,0.05,1,2732,2056,0.0,0.0,0,0,6
No Tactical,4,602,train,random,player_win,-10.0,7,100.0,5,Expert,0.05,0.05,1,2735,2058,0.0,0.0,0,0,3
No Tactical,4,603,train,random,agent_win,10.0,8,92.0,5,Expert,0.05,0.05,1,2739,2061,3.0,3.0,0,0,4
No Tactical,4,604,train,random,player_win,-10.0,11,100.0,5,Expert,0.05,0.05,1,2744,2065,0.0,0.0,0,0,5
No Tactical,4,605,train,random,player_win,-10.0,13,100.0,5,Expert,0.05,0.05,1,2750,2069,0.0,0.0,0,0,6
No Tactical,4,606,train,random,agent_win,10.0,6,92.0,5,Expert,0.05,0.05,1,2753,2071,3.0,3.0,0,0,3
No Tactical,4,607,train,random,agent_win,10.0,10,84.0,5,Expert,0.05,0.05,1,2758,2075,3.0,3.0,0,0,5
No Tactical,4,608,train,random,player_win,-10.0,7,94.0,5,Expert,0.05,0.05,1,2761,2076,0.0,0.0,0,1,2
No Tactical,4,609,train,random,player_win,-10.0,13,100.0,5,Expert,0.05,0.05,1,2767,2080,0.0,0.0,0,0,6
No Tactical,4,610,train,random,player_win,-10.0,9,100.0,5,Expert,0.05,0.05,1,2771,2082,0.0,0.0,0,0,4
No Tactical,4,611,train,random,agent_win,10.0,10,92.0,5,Expert,0.05,0.05,1,2776,2086,3.0,3.0,0,0,5
No Tactical,4,612,train,random,player_win,-10.0,5,100.0,5,Expert,0.05,0.05,1,2778,2087,0.0,0.0,0,1,1
No Tactical,4,613,train,random,player_win,-10.0,13,100.0,5,Expert,0.05,0.05,1,2784,2091,0.0,0.0,0,1,5
No Tactical,4,614,train,random,player_win,-10.0,7,100.0,5,Expert,0.05,0.05,1,2787,2093,0.0,0.0,0,0,3
No Tactical,4,615,train,random,player_win,-10.0,11,100.0,5,Expert,0.05,0.05,1,2792,2097,0.0,0.0,0,1,4
No Tactical,4,616,train,random,player_win,-10.0,13,100.0,5,Expert,0.05,0.05,1,2798,2102,0.0,0.0,0,0,6
No Tactical,4,617,train,random,player_win,-10.0,7,100.0,5,Expert,0.05,0.05,1,2801,2104,0.0,0.0,0,0,3
No Tactical,4,618,train,random,agent_win,10.0,10,92.0,5,Expert,0.05,0.05,1,2806,2107,3.0,3.0,0,1,4
No Tactical,4,619,train,random,player_win,-10.0,9,100.0,5,Expert,0.05,0.05,1,2810,2110,0.0,0.0,0,0,4
No Tactical,4,620,train,random,player_win,-10.0,11,100.0,5,Expert,0.05,0.05,1,2815,2113,0.0,0.0,0,0,5
No Tactical,4,621,train,random,player_win,-10.0,9,100.0,5,Expert,0.05,0.05,1,2819,2115,0.0,0.0,0,1,3
No Tactical,4,622,train,random,player_win,-10.0,7,100.0,5,Expert,0.05,0.05,1,2822,2117,0.0,0.0,0,0,3
No Tactical,4,623,train,random,player_win,-10.0,11,100.0,5,Expert,0.05,0.05,1,2827,2120,0.0,0.0,0,0,5
No Tactical,4,624,train,random,player_win,-10.0,11,100.0,5,Expert,0.05,0.05,1,2832,2124,0.0,0.0,0,0,5
No Tactical,4,625,train,random,player_win,-10.0,5,100.0,5,Expert,0.05,0.05,1,2834,2125,0.0,0.0,0,0,2
No Tactical,4,626,train,random,player_win,-10.0,9,100.0,5,Expert,0.05,0.05,1,2838,2127,0.0,0.0,0,0,4
No Tactical,4,627,train,random,player_win,-10.0,11,100.0,5,Expert,0.05,0.05,1,2843,2131,0.0,0.0,0,0,5
No Tactical,4,628,train,random,agent_win,10.0,10,92.0,5,Expert,0.05,0.05,1,2848,2135,3.0,3.0,0,1,4
No Tactical,4,629,train,random,player_win,-10.0,11,100.0,5,Expert,0.05,0.05,1,2853,2138,0.0,0.0,0,0,5
No Tactical,4,630,train,random,player_win,-10.0,7,100.0,5,Expert,0.05,0.05,1,2856,2140,0.0,0.0,0,0,3
No Tactical,4,631,train,random,player_win,-10.0,9,100.0,5,Expert,0.05,0.05,1,2860,2143,0.0,0.0,0,0,4
No Tactical,4,632,train,random,player_win,-10.0,9,100.0,5,Expert,0.05,0.05,1,2864,2145,0.0,0.0,0,0,4
No Tactical,4,633,train,random,player_win,-10.0,5,100.0,5,Expert,0.05,0.05,1,2866,2146,0.0,0.0,0,0,2
No Tactical,4,634,train,random,player_win,-10.0,9,100.0,5,Expert,0.05,0.05,1,2870,2148,0.0,0.0,0,0,4
No Tactical,4,635,train,random,agent_win,10.0,10,92.0,5,Expert,0.05,0.05,1,2875,2152,3.0,3.0,0,0,5
No Tactical,4,636,train,random,player_win,-10.0,9,100.0,5,Expert,0.05,0.05,1,2879,2153,0.0,0.0,0,1,3
No Tactical,4,637,train,random,agent_win,10.0,12,92.0,5,Expert,0.05,0.05,1,2885,2158,3.0,3.0,0,0,6
No Tactical,4,638,train,random,player_win,-10.0,7,100.0,5,Expert,0.05,0.05,1,2888,2160,0.0,0.0,0,1,2
No Tactical,4,639,train,random,agent_win,10.0,8,92.0,5,Expert,0.05,0.05,1,2892,2162,3.0,3.0,0,0,4
No Tactical,4,640,train,random,player_win,-10.0,13,100.0,5,Expert,0.05,0.05,1,2898,2166,0.0,0.0,0,0,6
No Tactical,4,641,train,random,agent_win,10.0,10,92.0,5,Expert,0.05,0.05,1,2903,2170,3.0,3.0,0,0,5
No Tactical,4,642,train,random,agent_win,10.0,10,84.0,5,Expert,0.05,0.05,1,2908,2174,3.0,3.0,0,1,4
No Tactical,4,643,train,random,player_win,-10.0,11,94.0,5,Expert,0.05,0.05,1,2913,2178,0.0,0.0,0,0,5
No Tactical,4,644,train,random,agent_win,10.0,8,86.0,5,Expert,0.05,0.05,1,2917,2181,3.0,3.0,0,0,4
No Tactical,4,645,train,random,player_win,-10.0,13,96.0,5,Expert,0.05,0.05,1,2923,2186,0.0,0.0,0,0,6
No Tactical,4,646,train,random,agent_win,10.0,10,88.0,5,Expert,0.05,0.05,1,2928,2190,3.0,3.0,0,0,5
No Tactical,4,647,train,random,player_win,-10.0,7,98.0,5,Expert,0.05,0.05,1,2931,2192,0.0,0.0,0,1,2
No Tactical,4,648,train,random,player_win,-10.0,7,100.0,5,Expert,0.05,0.05,1,2934,2193,0.0,0.0,0,0,3
No Tactical,4,649,train,random,player_win,-10.0,7,100.0,5,Expert,0.05,0.05,1,2937,2195,0.0,0.0,0,0,3
No Tactical,4,650,train,random,player_win,-10.0,11,100.0,5,Expert,0.05,0.05,1,2942,2199,0.0,0.0,0,0,5
No Tactical,4,651,train,random,player_win,-10.0,7,100.0,5,Expert,0.05,0.05,1,2945,2201,0.0,0.0,0,0,3
No Tactical,4,652,train,random,player_win,-10.0,11,100.0,5,Expert,0.05,0.05,1,2950,2204,0.0,0.0,0,0,5
No Tactical,4,653,train,random,agent_win,10.0,12,92.0,5,Expert,0.05,0.05,1,2956,2209,3.0,3.0,0,0,6
No Tactical,4,654,train,random,player_win,-10.0,7,100.0,5,Expert,0.05,0.05,1,2959,2211,0.0,0.0,0,0,3
No Tactical,4,655,train,random,player_win,-10.0,5,100.0,5,Expert,0.05,0.05,1,2961,2212,0.0,0.0,0,0,2
No Tactical,4,656,train,random,agent_win,10.0,8,92.0,5,Expert,0.05,0.05,1,2965,2215,3.0,3.0,0,0,4
No Tactical,4,657,train,random,player_win,-10.0,5,100.0,5,Expert,0.05,0.05,1,2967,2216,0.0,0.0,0,0,2
No Tactical,4,658,train,random,agent_win,10.0,6,92.0,5,Expert,0.05,0.05,1,2970,2218,3.0,3.0,0,0,3
No Tactical,4,659,train,random,player_win,-10.0,9,100.0,5,Expert,0.05,0.05,1,2974,2220,0.0,0.0,0,0,4
No Tactical,4,660,train,random,player_win,-10.0,11,100.0,5,Expert,0.05,0.05,1,2979,2224,0.0,0.0,0,0,5
No Tactical,4,661,train,random,player_win,-10.0,11,100.0,5,Expert,0.05,0.05,1,2984,2228,0.0,0.0,0,0,5
No Tactical,4,662,train,random,agent_win,10.0,14,92.0,5,Expert,0.05,0.05,1,2991,2233,3.0,3.0,0,0,7
No Tactical,4,663,train,random,agent_win,10.0,10,84.0,5,Expert,0.05,0.05,1,2996,2236,3.0,3.0,0,1,4
No Tactical,4,664,train,random,player_win,-10.0,5,94.0,5,Expert,0.05,0.05,1,2998,2237,0.0,0.0,0,1,1
No Tactical,4,665,train,random,player_win,-10.0,13,100.0,5,Expert,0.05,0.05,1,3004,2242,0.0,0.0,0,0,6
No Tactical,4,666,train,random,player_win,-10.0,5,100.0,5,Expert,0.05,0.05,1,3006,2243,0.0,0.0,0,0,2
No Tactical,4,667,train,random,player_win,-10.0,7,100.0,5,Expert,0.05,0.05,1,3009,2245,0.0,0.0,0,1,2
No Tactical,4,668,train,random,player_win,-10.0,7,100.0,5,Expert,0.05,0.05,1,3012,2246,0.0,0.0,0,0,3
No Tactical,4,669,train,random,agent_win,10.0,12,92.0,5,Expert,0.05,0.05,1,3018,2251,3.0,3.0,0,0,6
No Tactical,4,670,train,random,player_win,-10.0,11,100.0,5,Expert,0.05,0.05,1,3023,2255,0.0,0.0,0,0,5
No Tactical,4,671,train,random,agent_win,10.0,8,92.0,5,Expert,0.05,0.05,1,3027,2257,3.0,3.0,0,0,4
No Tactical,4,672,train,random,player_win,-10.0,7,100.0,5,Expert,0.05,0.05,1,3030,2259,0.0,0.0,0,0,3
No Tactical,4,673,train,random,player_win,-10.0,11,100.0,5,Expert,0.05,0.05,1,3035,2263,0.0,0.0,0,0,5
No Tactical,4,674,train,random,agent_win,10.0,8,92.0,5,Expert,0.05,0.05,1,3039,2266,3.0,3.0,0,0,4
No Tactical,4,675,train,random,agent_win,10.0,10,84.0,5,Expert,0.05,0.05,1,3044,2269,3.0,3.0,0,0,5
No Tactical,4,676,train,random,player_win,-10.0,11,94.0,5,Expert,0.05,0.05,1,3049,2273,0.0,0.0,0,0,5
No Tactical,4,677,train,random,agent_win,10.0,10,86.0,5,Expert,0.05,0.05,1,3054,2277,3.0,3.0,0,0,5
No Tactical,4,678,train,random,agent_win,10.0,6,78.0,4,Hard,0.05,0.05,1,3057,2279,3.0,3.0,0,0,3
No Tactical,4,679,train,random,player_win,-10.0,7,88.0,5,Expert,0.05,0.05,1,3060,2281,0.0,0.0,0,0,3
No Tactical,4,680,train,random,agent_win,10.0,12,80.0,5,Expert,0.05,0.05,1,3066,2286,3.0,3.0,0,0,6
No Tactical,4,681,train,random,agent_win,10.0,8,72.0,4,Hard,0.05,0.05,1,3070,2288,3.0,3.0,0,0,4
No Tactical,4,682,train,random,player_win,-10.0,13,82.0,5,Expert,0.05,0.05,1,3076,2293,0.0,0.0,0,0,6
No Tactical,4,683,train,random,player_win,-10.0,11,92.0,5,Expert,0.05,0.05,1,3081,2297,0.0,0.0,0,0,5
No Tactical,4,684,train,random,player_win,-10.0,11,100.0,5,Expert,0.05,0.05,1,3086,2301,0.0,0.0,0,1,4
No Tactical,4,685,train,random,player_win,-10.0,7,100.0,5,Expert,0.05,0.05,1,3089,2302,0.0,0.0,0,0,3
No Tactical,4,686,train,random,agent_win,10.0,16,92.0,5,Expert,0.05,0.05,1,3097,2309,3.0,3.0,0,0,8
No Tactical,4,687,train,random,player_win,-10.0,5,100.0,5,Expert,0.05,0.05,1,3099,2309,0.0,0.0,0,0,2
No Tactical,4,688,train,random,player_win,-10.0,7,100.0,5,Expert,0.05,0.05,1,3102,2311,0.0,0.0,0,0,3
No Tactical,4,689,train,random,player_win,-10.0,11,100.0,5,Expert,0.05,0.05,1,3107,2314,0.0,0.0,0,0,5
No Tactical,4,690,train,random,player_win,-10.0,7,100.0,5,Expert,0.05,0.05,1,3110,2315,0.0,0.0,0,1,2
No Tactical,4,691,train,random,agent_win,10.0,10,92.0,5,Expert,0.05,0.05,1,3115,2319,3.0,3.0,0,1,4
No Tactical,4,692,train,random,player_win,-10.0,5,100.0,5,Expert,0.05,0.05,1,3117,2319,0.0,0.0,0,0,2
No Tactical,4,693,train,random,player_win,-10.0,15,100.0,5,Expert,0.05,0.05,1,3124,2325,0.0,0.0,0,0,7
No Tactical,4,694,train,random,agent_win,10.0,8,92.0,5,Expert,0.05,0.05,1,3128,2328,3.0,3.0,0,0,4
No Tactical,4,695,train,random,player_win,-10.0,13,100.0,5,Expert,0.05,0.05,1,3134,2333,0.0,0.0,0,0,6
No Tactical,4,696,train,random,player_win,-10.0,11,100.0,5,Expert,0.05,0.05,1,3139,2337,0.0,0.0,0,1,4
No Tactical,4,697,train,random,player_win,-10.0,7,100.0,5,Expert,0.05,0.05,1,3142,2339,0.0,0.0,0,0,3
No Tactical,4,698,train,random,agent_win,10.0,10,92.0,5,Expert,0.05,0.05,1,3147,2342,3.0,3.0,0,0,5
No Tactical,4,699,train,random,agent_win,10.0,14,84.0,5,Expert,0.05,0.05,1,3154,2347,3.0,3.0,0,0,7
No Tactical,4,700,train,random,player_win,-10.0,15,94.0,5,Expert,0.05,0.05,1,3161,2353,0.0,0.0,0,0,7
No Tactical,4,701,train,random,agent_win,10.0,10,86.0,5,Expert,0.05,0.05,1,3166,2357,3.0,3.0,0,0,5
No Tactical,4,702,train,random,agent_win,10.0,8,78.0,4,Hard,0.05,0.05,1,3170,2359,3.0,3.0,0,0,4
No Tactical,4,703,train,random,player_win,-10.0,11,88.0,5,Expert,0.05,0.05,1,3175,2363,0.0,0.0,0,0,5
No Tactical,4,704,train,random,player_win,-10.0,9,98.0,5,Expert,0.05,0.05,1,3179,2365,0.0,0.0,0,0,4
No Tactical,4,705,train,random,player_win,-10.0,11,100.0,5,Expert,0.05,0.05,1,3184,2369,0.0,0.0,0,0,5
No Tactical,4,706,train,random,agent_win,10.0,14,92.0,5,Expert,0.05,0.05,1,3191,2375,3.0,3.0,0,0,7
No Tactical,4,707,train,random,player_win,-10.0,13,100.0,5,Expert,0.05,0.05,1,3197,2379,0.0,0.0,0,0,6
No Tactical,4,708,train,random,agent_win,10.0,8,92.0,5,Expert,0.05,0.05,1,3201,2381,3.0,3.0,0,0,4
No Tactical,4,709,train,random,player_win,-10.0,11,100.0,5,Expert,0.05,0.05,1,3206,2385,0.0,0.0,0,0,5
No Tactical,4,710,train,random,agent_win,10.0,6,92.0,5,Expert,0.05,0.05,1,3209,2387,3.0,3.0,0,0,3
No Tactical,4,711,train,random,player_win,-10.0,13,100.0,5,Expert,0.05,0.05,1,3215,2392,0.0,0.0,0,1,5
No Tactical,4,712,train,random,agent_win,10.0,10,92.0,5,Expert,0.05,0.05,1,3220,2396,3.0,3.0,0,1,4
No Tactical,4,713,train,random,agent_win,10.0,14,84.0,5,Expert,0.05,0.05,1,3227,2402,3.0,3.0,0,0,7
No Tactical,4,714,train,random,player_win,-10.0,11,94.0,5,Expert,0.05,0.05,1,3232,2406,0.0,0.0,0,1,4
No Tactical,4,715,train,random,player_win,-10.0,11,100.0,5,Expert,0.05,0.05,1,3237,2409,0.0,0.0,0,1,4
No Tactical,4,716,train,random,agent_win,10.0,8,92.0,5,Expert,0.05,0.05,1,3241,2412,3.0,3.0,0,1,3
No Tactical,4,717,train,random,agent_win,10.0,8,84.0,5,Expert,0.05,0.05,1,3245,2414,3.0,3.0,0,0,4
No Tactical,4,718,train,random,agent_win,10.0,8,76.0,4,Hard,0.05,0.05,1,3249,2416,3.0,3.0,0,0,4
No Tactical,4,719,train,random,player_win,-10.0,11,86.0,5,Expert,0.05,0.05,1,3254,2420,0.0,0.0,0,1,4
No Tactical,4,720,train,random,player_win,-10.0,13,96.0,5,Expert,0.05,0.05,1,3260,2425,0.0,0.0,0,0,6
No Tactical,4,721,train,random,player_win,-10.0,9,100.0,5,Expert,0.05,0.05,1,3264,2428,0.0,0.0,0,1,3
No Tactical,4,722,train,random,agent_win,10.0,10,92.0,5,Expert,0.05,0.05,1,3269,2432,3.0,3.0,0,0,5
No Tactical,4,723,train,random,agent_win,10.0,12,84.0,5,Expert,0.05,0.05,1,3275,2437,3.0,3.0,0,0,6
No Tactical,4,724,train,random,player_win,-10.0,13,94.0,5,Expert,0.05,0.05,1,3281,2441,0.0,0.0,0,0,6
No Tactical,4,725,train,random,agent_win,10.0,14,86.0,5,Expert,0.05,0.05,1,3288,2445,3.0,3.0,0,1,6
No Tactical,4,726,train,random,player_win,-10.0,9,96.0,5,Expert,0.05,0.05,1,3292,2447,0.0,0.0,0,0,4
No Tactical,4,727,train,random,player_win,-10.0,7,100.0,5,Expert,0.05,0.05,1,3295,2449,0.0,0.0,0,0,3
No Tactical,4,728,train,random,player_win,-10.0,9,100.0,5,Expert,0.05,0.05,1,3299,2452,0.0,0.0,0,0,4
No Tactical,4,729,train,random,player_win,-10.0,9,100.0,5,Expert,0.05,0.05,1,3303,2454,0.0,0.0,0,1,3
No Tactical,4,730,train,random,agent_win,10.0,10,92.0,5,Expert,0.05,0.05,1,3308,2457,3.0,3.0,0,0,5
No Tactical,4,731,train,random,agent_win,10.0,12,84.0,5,Expert,0.05,0.05,1,3314,2462,3.0,3.0,0,0,6
No Tactical,4,732,train,random,player_win,-10.0,11,94.0,5,Expert,0.05,0.05,1,3319,2465,0.0,0.0,0,0,5
No Tactical,4,733,train,random,player_win,-10.0,7,100.0,5,Expert,0.05,0.05,1,3322,2467,0.0,0.0,0,0,3
No Tactical,4,734,train,random,player_win,-10.0,11,100.0,5,Expert,0.05,0.05,1,3327,2471,0.0,0.0,0,1,4
No Tactical,4,735,train,random,agent_win,10.0,12,92.0,5,Expert,0.05,0.05,1,3333,2476,3.0,3.0,0,0,6
No Tactical,4,736,train,random,player_win,-10.0,9,100.0,5,Expert,0.05,0.05,1,3337,2479,0.0,0.0,0,0,4
No Tactical,4,737,train,random,player_win,-10.0,11,100.0,5,Expert,0.05,0.05,1,3342,2482,0.0,0.0,0,0,5
No Tactical,4,738,train,random,agent_win,10.0,10,92.0,5,Expert,0.05,0.05,1,3347,2486,3.0,3.0,0,0,5
No Tactical,4,739,train,random,player_win,-10.0,13,100.0,5,Expert,0.05,0.05,1,3353,2490,0.0,0.0,0,0,6
No Tactical,4,740,train,random,player_win,-10.0,13,100.0,5,Expert,0.05,0.05,1,3359,2495,0.0,0.0,0,0,6
No Tactical,4,741,train,random,agent_win,10.0,10,92.0,5,Expert,0.05,0.05,1,3364,2499,3.0,3.0,0,1,4
No Tactical,4,742,train,random,agent_win,10.0,14,84.0,5,Expert,0.05,0.05,1,3371,2505,3.0,3.0,0,0,7
No Tactical,4,743,train,random,player_win,-10.0,7,94.0,5,Expert,0.05,0.05,1,3374,2506,0.0,0.0,0,2,1
No Tactical,4,744,train,random,player_win,-10.0,11,100.0,5,Expert,0.05,0.05,1,3379,2510,0.0,0.0,0,0,5
No Tactical,4,745,train,random,agent_win,10.0,8,92.0,5,Expert,0.05,0.05,1,3383,2512,3.0,3.0,0,0,4
No Tactical,4,746,train,random,player_win,-10.0,7,100.0,5,Expert,0.05,0.05,1,3386,2513,0.0,0.0,0,1,2
No Tactical,4,747,train,random,agent_win,10.0,12,92.0,5,Expert,0.05,0.05,1,3392,2517,3.0,3.0,0,0,6
No Tactical,4,748,train,random,agent_win,10.0,16,84.0,5,Expert,0.05,0.05,1,3400,2523,3.0,3.0,0,2,6
No Tactical,4,749,train,random,agent_win,10.0,10,76.0,4,Hard,0.05,0.05,1,3405,2526,3.0,3.0,0,0,5
No Tactical,4,750,train,random,player_win,-10.0,9,86.0,5,Expert,0.05,0.05,1,3409,2528,0.0,0.0,0,0,4
No Tactical,4,751,train,random,agent_win,10.0,12,78.0,4,Hard,0.05,0.05,1,3415,2533,3.0,3.0,0,0,6
No Tactical,4,752,train,random,agent_win,10.0,6,70.0,4,Hard,0.05,0.05,1,3418,2535,3.0,3.0,0,0,3
No Tactical,4,753,train,random,agent_win,10.0,10,62.0,3,Normal,0.05,0.05,1,3423,2538,3.0,3.0,0,1,4
No Tactical,4,754,train,random,agent_win,10.0,8,54.0,3,Normal,0.05,0.05,1,3427,2541,3.0,3.0,0,0,4
No Tactical,4,755,train,random,agent_win,10.0,10,46.0,3,Normal,0.05,0.05,1,3432,2545,3.0,3.0,0,0,5
No Tactical,4,756,train,random,player_win,-10.0,7,56.0,3,Normal,0.05,0.05,1,3435,2547,0.0,0.0,0,0,3
No Tactical,4,757,train,random,player_win,-10.0,7,66.0,4,Hard,0.05,0.05,1,3438,2548,0.0,0.0,0,0,3
No Tactical,4,758,train,random,player_win,-10.0,7,76.0,4,Hard,0.05,0.05,1,3441,2549,0.0,0.0,0,0,3
No Tactical,4,759,train,random,player_win,-10.0,7,86.0,5,Expert,0.05,0.05,1,3444,2551,0.0,0.0,0,0,3
No Tactical,4,760,train,random,agent_win,10.0,10,78.0,4,Hard,0.05,0.05,1,3449,2554,3.0,3.0,0,0,5
No Tactical,4,761,train,random,player_win,-10.0,7,88.0,5,Expert,0.05,0.05,1,3452,2555,0.0,0.0,0,0,3
No Tactical,4,762,train,random,agent_win,10.0,6,80.0,5,Expert,0.05,0.05,1,3455,2557,3.0,3.0,0,0,3
No Tactical,4,763,train,random,player_win,-10.0,11,90.0,5,Expert,0.05,0.05,1,3460,2560,0.0,0.0,0,0,5
No Tactical,4,764,train,random,agent_win,10.0,12,82.0,5,Expert,0.05,0.05,1,3466,2565,3.0,3.0,0,0,6
No Tactical,4,765,train,random,agent_win,10.0,8,74.0,4,Hard,0.05,0.05,1,3470,2567,3.0,3.0,0,0,4
No Tactical,4,766,train,random,player_win,-10.0,9,84.0,5,Expert,0.05,0.05,1,3474,2570,0.0,0.0,0,0,4
No Tactical,4,767,train,random,agent_win,10.0,8,76.0,4,Hard,0.05,0.05,1,3478,2573,3.0,3.0,0,0,4
No Tactical,4,768,train,random,player_win,-10.0,11,86.0,5,Expert,0.05,0.05,1,3483,2576,0.0,0.0,0,0,5
No Tactical,4,769,train,random,player_win,-10.0,7,96.0,5,Expert,0.05,0.05,1,3486,2577,0.0,0.0,0,0,3
No Tactical,4,770,train,random,player_win,-10.0,13,100.0,5,Expert,0.05,0.05,1,3492,2582,0.0,0.0,0,0,6
No Tactical,4,771,train,random,player_win,-10.0,9,100.0,5,Expert,0.05,0.05,1,3496,2584,0.0,0.0,0,1,3
No Tactical,4,772,train,random,agent_win,10.0,8,92.0,5,Expert,0.05,0.05,1,3500,2586,3.0,3.0,0,0,4
No Tactical,4,773,train,random,player_win,-10.0,11,100.0,5,Expert,0.05,0.05,1,3505,2589,0.0,0.0,0,0,5
No Tactical,4,774,train,random,player_win,-10.0,9,100.0,5,Expert,0.05,0.05,1,3509,2591,0.0,0.0,0,0,4
No Tactical,4,775,train,random,agent_win,10.0,8,92.0,5,Expert,0.05,0.05,1,3513,2593,3.0,3.0,0,1,3
No Tactical,4,776,train,random,player_win,-10.0,11,100.0,5,Expert,0.05,0.05,1,3518,2597,0.0,0.0,0,0,5
No Tactical,4,777,train,random,player_win,-10.0,15,100.0,5,Expert,0.05,0.05,1,3525,2602,0.0,0.0,0,0,7
No Tactical,4,778,train,random,agent_win,10.0,6,92.0,5,Expert,0.05,0.05,1,3528,2604,3.0,3.0,0,2,1
No Tactical,4,779,train,random,agent_win,10.0,6,84.0,5,Expert,0.05,0.05,1,3531,2606,3.0,3.0,0,0,3
No Tactical,4,780,train,random,agent_win,10.0,8,76.0,4,Hard,0.05,0.05,1,3535,2608,3.0,3.0,0,0,4
No Tactical,4,781,train,random,agent_win,10.0,8,68.0,4,Hard,0.05,0.05,1,3539,2611,3.0,3.0,0,0,4
No Tactical,4,782,train,random,agent_win,10.0,10,60.0,3,Normal,0.05,0.05,1,3544,2615,3.0,3.0,0,1,4
No Tactical,4,783,train,random,player_win,-10.0,9,70.0,4,Hard,0.05,0.05,1,3548,2617,0.0,0.0,0,0,4
No Tactical,4,784,train,random,agent_win,10.0,12,62.0,3,Normal,0.05,0.05,1,3554,2622,3.0,3.0,0,1,5
No Tactical,4,785,train,random,agent_win,10.0,8,54.0,3,Normal,0.05,0.05,1,3558,2625,3.0,3.0,0,1,3
No Tactical,4,786,train,random,agent_win,10.0,10,46.0,3,Normal,0.05,0.05,1,3563,2629,3.0,3.0,0,0,5
No Tactical,4,787,train,random,player_win,-10.0,7,56.0,3,Normal,0.05,0.05,1,3566,2631,0.0,0.0,0,0,3
No Tactical,4,788,train,random,agent_win,10.0,10,48.0,3,Normal,0.05,0.05,1,3571,2635,3.0,3.0,0,0,5
No Tactical,4,789,train,random,agent_win,10.0,8,40.0,2,Easy,0.05,0.05500000000000001,1,3575,2638,3.0,3.0,0,0,4
No Tactical,4,790,train,random,agent_win,10.0,10,32.0,2,Easy,0.05,0.05500000000000001,1,3580,2641,3.0,3.0,0,1,4
No Tactical,4,791,train,random,agent_win,10.0,14,24.0,1,Very Easy,0.05,0.0675,1,3587,2646,3.0,3.0,0,0,7
No Tactical,4,792,train,random,agent_win,10.0,8,16.0,1,Very Easy,0.05,0.0675,1,3591,2649,3.0,3.0,0,0,4
No Tactical,4,793,train,random,player_win,-10.0,13,26.0,2,Easy,0.05,0.05500000000000001,1,3597,2653,0.0,0.0,0,1,5
No Tactical,4,794,train,random,player_win,-10.0,9,36.0,2,Easy,0.05,0.05500000000000001,1,3601,2656,0.0,0.0,0,0,4
No Tactical,4,795,train,random,player_win,-10.0,11,46.0,3,Normal,0.05,0.05,1,3606,2659,0.0,0.0,0,0,5
No Tactical,4,796,train,random,agent_win,10.0,10,38.0,2,Easy,0.05,0.05500000000000001,1,3611,2663,3.0,3.0,0,0,5
No Tactical,4,797,train,random,agent_win,10.0,8,30.0,2,Easy,0.05,0.05500000000000001,1,3615,2665,3.0,3.0,0,0,4
No Tactical,4,798,train,random,player_win,-10.0,7,40.0,2,Easy,0.05,0.05500000000000001,1,3618,2666,0.0,0.0,0,0,3
No Tactical,4,799,train,random,player_win,-10.0,13,50.0,3,Normal,0.05,0.05,1,3624,2670,0.0,0.0,0,1,5
No Tactical,4,800,train,random,player_win,-10.0,11,60.0,3,Normal,0.05,0.05,1,3629,2673,0.0,0.0,0,1,4
No Tactical,4,801,eval,random,player_win,-10.0,15,70.0,4,Hard,0.05,0.0,0,3629,2673,0.0,0.0,0,0,7
No Tactical,4,802,eval,random,agent_win,10.0,12,62.0,3,Normal,0.05,0.0,0,3629,2673,0.0,0.0,0,0,6
No Tactical,4,803,eval,random,player_win,-10.0,5,72.0,4,Hard,0.05,0.0,0,3629,2673,0.0,0.0,0,0,2
No Tactical,4,804,eval,random,agent_win,10.0,12,64.0,3,Normal,0.05,0.0,0,3629,2673,0.0,0.0,0,0,6
No Tactical,4,805,eval,random,agent_win,10.0,8,56.0,3,Normal,0.05,0.0,0,3629,2673,0.0,0.0,0,0,4
No Tactical,4,806,eval,random,agent_win,10.0,12,48.0,3,Normal,0.05,0.0,0,3629,2673,0.0,0.0,0,0,6
No Tactical,4,807,eval,random,player_win,-10.0,9,58.0,3,Normal,0.05,0.0,0,3629,2673,0.0,0.0,0,0,4
No Tactical,4,808,eval,random,player_win,-10.0,7,68.0,4,Hard,0.05,0.0,0,3629,2673,0.0,0.0,0,0,3
No Tactical,4,809,eval,random,player_win,-10.0,13,78.0,4,Hard,0.05,0.0,0,3629,2673,0.0,0.0,0,0,6
No Tactical,4,810,eval,random,player_win,-10.0,9,88.0,5,Expert,0.05,0.0,0,3629,2673,0.0,0.0,0,0,4
No Tactical,4,811,eval,random,player_win,-10.0,7,98.0,5,Expert,0.05,0.0,0,3629,2673,0.0,0.0,0,0,3
No Tactical,4,812,eval,random,agent_win,10.0,6,90.0,5,Expert,0.05,0.0,0,3629,2673,0.0,0.0,0,0,3
No Tactical,4,813,eval,random,player_win,-10.0,11,100.0,5,Expert,0.05,0.0,0,3629,2673,0.0,0.0,0,0,5
No Tactical,4,814,eval,random,agent_win,10.0,12,92.0,5,Expert,0.05,0.0,0,3629,2673,0.0,0.0,0,0,6
No Tactical,4,815,eval,random,agent_win,10.0,10,84.0,5,Expert,0.05,0.0,0,3629,2673,0.0,0.0,0,0,5
No Tactical,4,816,eval,random,player_win,-10.0,7,94.0,5,Expert,0.05,0.0,0,3629,2673,0.0,0.0,0,0,3
No Tactical,4,817,eval,random,player_win,-10.0,13,100.0,5,Expert,0.05,0.0,0,3629,2673,0.0,0.0,0,0,6
No Tactical,4,818,eval,random,player_win,-10.0,9,100.0,5,Expert,0.05,0.0,0,3629,2673,0.0,0.0,0,0,4
No Tactical,4,819,eval,random,player_win,-10.0,11,100.0,5,Expert,0.05,0.0,0,3629,2673,0.0,0.0,0,0,5
No Tactical,4,820,eval,random,agent_win,10.0,12,92.0,5,Expert,0.05,0.0,0,3629,2673,0.0,0.0,0,0,6
No Tactical,4,821,eval,random,player_win,-10.0,9,100.0,5,Expert,0.05,0.0,0,3629,2673,0.0,0.0,0,0,4
No Tactical,4,822,eval,random,agent_win,10.0,12,92.0,5,Expert,0.05,0.0,0,3629,2673,0.0,0.0,0,0,6
No Tactical,4,823,eval,random,agent_win,10.0,6,84.0,5,Expert,0.05,0.0,0,3629,2673,0.0,0.0,0,0,3
No Tactical,4,824,eval,random,agent_win,10.0,12,76.0,4,Hard,0.05,0.0,0,3629,2673,0.0,0.0,0,0,6
No Tactical,4,825,eval,random,player_win,-10.0,9,86.0,5,Expert,0.05,0.0,0,3629,2673,0.0,0.0,0,0,4
No Tactical,4,826,eval,random,player_win,-10.0,9,96.0,5,Expert,0.05,0.0,0,3629,2673,0.0,0.0,0,0,4
No Tactical,4,827,eval,random,agent_win,10.0,8,88.0,5,Expert,0.05,0.0,0,3629,2673,0.0,0.0,0,0,4
No Tactical,4,828,eval,random,player_win,-10.0,9,98.0,5,Expert,0.05,0.0,0,3629,2673,0.0,0.0,0,0,4
No Tactical,4,829,eval,random,agent_win,10.0,14,90.0,5,Expert,0.05,0.0,0,3629,2673,0.0,0.0,0,0,7
No Tactical,4,830,eval,random,agent_win,10.0,8,82.0,5,Expert,0.05,0.0,0,3629,2673,0.0,0.0,0,0,4
No Tactical,4,831,eval,random,agent_win,10.0,10,74.0,4,Hard,0.05,0.0,0,3629,2673,0.0,0.0,0,0,5
No Tactical,4,832,eval,random,player_win,-10.0,7,84.0,5,Expert,0.05,0.0,0,3629,2673,0.0,0.0,0,0,3
No Tactical,4,833,eval,random,player_win,-10.0,11,94.0,5,Expert,0.05,0.0,0,3629,2673,0.0,0.0,0,0,5
No Tactical,4,834,eval,random,agent_win,10.0,8,86.0,5,Expert,0.05,0.0,0,3629,2673,0.0,0.0,0,0,4
No Tactical,4,835,eval,random,player_win,-10.0,13,96.0,5,Expert,0.05,0.0,0,3629,2673,0.0,0.0,0,0,6
No Tactical,4,836,eval,random,player_win,-10.0,7,100.0,5,Expert,0.05,0.0,0,3629,2673,0.0,0.0,0,0,3
No Tactical,4,837,eval,random,player_win,-10.0,9,100.0,5,Expert,0.05,0.0,0,3629,2673,0.0,0.0,0,0,4
No Tactical,4,838,eval,random,agent_win,10.0,10,92.0,5,Expert,0.05,0.0,0,3629,2673,0.0,0.0,0,0,5
No Tactical,4,839,eval,random,player_win,-10.0,5,100.0,5,Expert,0.05,0.0,0,3629,2673,0.0,0.0,0,0,2
No Tactical,4,840,eval,random,player_win,-10.0,7,100.0,5,Expert,0.05,0.0,0,3629,2673,0.0,0.0,0,0,3
No Tactical,4,841,eval,random,player_win,-10.0,11,100.0,5,Expert,0.05,0.0,0,3629,2673,0.0,0.0,0,0,5
No Tactical,4,842,eval,random,agent_win,10.0,10,92.0,5,Expert,0.05,0.0,0,3629,2673,0.0,0.0,0,0,5
No Tactical,4,843,eval,random,agent_win,10.0,10,84.0,5,Expert,0.05,0.0,0,3629,2673,0.0,0.0,0,0,5
No Tactical,4,844,eval,random,player_win,-10.0,11,94.0,5,Expert,0.05,0.0,0,3629,2673,0.0,0.0,0,0,5
No Tactical,4,845,eval,random,player_win,-10.0,9,100.0,5,Expert,0.05,0.0,0,3629,2673,0.0,0.0,0,0,4
No Tactical,4,846,eval,random,player_win,-10.0,7,100.0,5,Expert,0.05,0.0,0,3629,2673,0.0,0.0,0,0,3
No Tactical,4,847,eval,random,player_win,-10.0,11,100.0,5,Expert,0.05,0.0,0,3629,2673,0.0,0.0,0,0,5
No Tactical,4,848,eval,random,player_win,-10.0,9,100.0,5,Expert,0.05,0.0,0,3629,2673,0.0,0.0,0,0,4
No Tactical,4,849,eval,random,player_win,-10.0,9,100.0,5,Expert,0.05,0.0,0,3629,2673,0.0,0.0,0,0,4
No Tactical,4,850,eval,random,player_win,-10.0,5,100.0,5,Expert,0.05,0.0,0,3629,2673,0.0,0.0,0,0,2
No Tactical,4,851,eval,random,player_win,-10.0,7,100.0,5,Expert,0.05,0.0,0,3629,2673,0.0,0.0,0,0,3
No Tactical,4,852,eval,random,player_win,-10.0,7,100.0,5,Expert,0.05,0.0,0,3629,2673,0.0,0.0,0,0,3
No Tactical,4,853,eval,random,player_win,-10.0,9,100.0,5,Expert,0.05,0.0,0,3629,2673,0.0,0.0,0,0,4
No Tactical,4,854,eval,random,player_win,-10.0,5,100.0,5,Expert,0.05,0.0,0,3629,2673,0.0,0.0,0,0,2
No Tactical,4,855,eval,random,player_win,-10.0,9,100.0,5,Expert,0.05,0.0,0,3629,2673,0.0,0.0,0,0,4
No Tactical,4,856,eval,random,player_win,-10.0,9,100.0,5,Expert,0.05,0.0,0,3629,2673,0.0,0.0,0,0,4
No Tactical,4,857,eval,random,agent_win,10.0,8,92.0,5,Expert,0.05,0.0,0,3629,2673,0.0,0.0,0,0,4
No Tactical,4,858,eval,random,agent_win,10.0,10,84.0,5,Expert,0.05,0.0,0,3629,2673,0.0,0.0,0,0,5
No Tactical,4,859,eval,random,agent_win,10.0,10,76.0,4,Hard,0.05,0.0,0,3629,2673,0.0,0.0,0,0,5
No Tactical,4,860,eval,random,player_win,-10.0,9,86.0,5,Expert,0.05,0.0,0,3629,2673,0.0,0.0,0,0,4
No Tactical,4,861,eval,random,player_win,-10.0,11,96.0,5,Expert,0.05,0.0,0,3629,2673,0.0,0.0,0,0,5
No Tactical,4,862,eval,random,player_win,-10.0,5,100.0,5,Expert,0.05,0.0,0,3629,2673,0.0,0.0,0,0,2
No Tactical,4,863,eval,random,player_win,-10.0,5,100.0,5,Expert,0.05,0.0,0,3629,2673,0.0,0.0,0,0,2
No Tactical,4,864,eval,random,agent_win,10.0,10,92.0,5,Expert,0.05,0.0,0,3629,2673,0.0,0.0,0,0,5
No Tactical,4,865,eval,random,player_win,-10.0,13,100.0,5,Expert,0.05,0.0,0,3629,2673,0.0,0.0,0,0,6
No Tactical,4,866,eval,random,player_win,-10.0,7,100.0,5,Expert,0.05,0.0,0,3629,2673,0.0,0.0,0,0,3
No Tactical,4,867,eval,random,player_win,-10.0,9,100.0,5,Expert,0.05,0.0,0,3629,2673,0.0,0.0,0,0,4
No Tactical,4,868,eval,random,player_win,-10.0,9,100.0,5,Expert,0.05,0.0,0,3629,2673,0.0,0.0,0,0,4
No Tactical,4,869,eval,random,agent_win,10.0,14,92.0,5,Expert,0.05,0.0,0,3629,2673,0.0,0.0,0,0,7
No Tactical,4,870,eval,random,player_win,-10.0,9,100.0,5,Expert,0.05,0.0,0,3629,2673,0.0,0.0,0,0,4
No Tactical,4,871,eval,random,player_win,-10.0,5,100.0,5,Expert,0.05,0.0,0,3629,2673,0.0,0.0,0,0,2
No Tactical,4,872,eval,random,player_win,-10.0,7,100.0,5,Expert,0.05,0.0,0,3629,2673,0.0,0.0,0,0,3
No Tactical,4,873,eval,random,player_win,-10.0,9,100.0,5,Expert,0.05,0.0,0,3629,2673,0.0,0.0,0,0,4
No Tactical,4,874,eval,random,agent_win,10.0,10,92.0,5,Expert,0.05,0.0,0,3629,2673,0.0,0.0,0,0,5
No Tactical,4,875,eval,random,player_win,-10.0,9,100.0,5,Expert,0.05,0.0,0,3629,2673,0.0,0.0,0,0,4
No Tactical,4,876,eval,random,player_win,-10.0,7,100.0,5,Expert,0.05,0.0,0,3629,2673,0.0,0.0,0,0,3
No Tactical,4,877,eval,random,player_win,-10.0,5,100.0,5,Expert,0.05,0.0,0,3629,2673,0.0,0.0,0,0,2
No Tactical,4,878,eval,random,agent_win,10.0,12,92.0,5,Expert,0.05,0.0,0,3629,2673,0.0,0.0,0,0,6
No Tactical,4,879,eval,random,player_win,-10.0,11,100.0,5,Expert,0.05,0.0,0,3629,2673,0.0,0.0,0,0,5
No Tactical,4,880,eval,random,agent_win,10.0,8,92.0,5,Expert,0.05,0.0,0,3629,2673,0.0,0.0,0,0,4
No Tactical,4,881,eval,random,player_win,-10.0,9,100.0,5,Expert,0.05,0.0,0,3629,2673,0.0,0.0,0,0,4
No Tactical,4,882,eval,random,agent_win,10.0,10,92.0,5,Expert,0.05,0.0,0,3629,2673,0.0,0.0,0,0,5
No Tactical,4,883,eval,random,agent_win,10.0,8,84.0,5,Expert,0.05,0.0,0,3629,2673,0.0,0.0,0,0,4
No Tactical,4,884,eval,random,agent_win,10.0,14,76.0,4,Hard,0.05,0.0,0,3629,2673,0.0,0.0,0,0,7
No Tactical,4,885,eval,random,player_win,-10.0,9,86.0,5,Expert,0.05,0.0,0,3629,2673,0.0,0.0,0,0,4
No Tactical,4,886,eval,random,player_win,-10.0,13,96.0,5,Expert,0.05,0.0,0,3629,2673,0.0,0.0,0,0,6
No Tactical,4,887,eval,random,player_win,-10.0,7,100.0,5,Expert,0.05,0.0,0,3629,2673,0.0,0.0,0,0,3
No Tactical,4,888,eval,random,player_win,-10.0,13,100.0,5,Expert,0.05,0.0,0,3629,2673,0.0,0.0,0,0,6
No Tactical,4,889,eval,random,player_win,-10.0,11,100.0,5,Expert,0.05,0.0,0,3629,2673,0.0,0.0,0,0,5
No Tactical,4,890,eval,random,player_win,-10.0,9,100.0,5,Expert,0.05,0.0,0,3629,2673,0.0,0.0,0,0,4
No Tactical,4,891,eval,random,player_win,-10.0,9,100.0,5,Expert,0.05,0.0,0,3629,2673,0.0,0.0,0,0,4
No Tactical,4,892,eval,random,agent_win,10.0,8,92.0,5,Expert,0.05,0.0,0,3629,2673,0.0,0.0,0,0,4
No Tactical,4,893,eval,random,agent_win,10.0,8,84.0,5,Expert,0.05,0.0,0,3629,2673,0.0,0.0,0,0,4
No Tactical,4,894,eval,random,agent_win,10.0,12,76.0,4,Hard,0.05,0.0,0,3629,2673,0.0,0.0,0,0,6
No Tactical,4,895,eval,random,agent_win,10.0,12,68.0,4,Hard,0.05,0.0,0,3629,2673,0.0,0.0,0,0,6
No Tactical,4,896,eval,random,agent_win,10.0,16,60.0,3,Normal,0.05,0.0,0,3629,2673,0.0,0.0,0,0,8
No Tactical,4,897,eval,random,player_win,-10.0,7,70.0,4,Hard,0.05,0.0,0,3629,2673,0.0,0.0,0,0,3
No Tactical,4,898,eval,random,player_win,-10.0,15,80.0,5,Expert,0.05,0.0,0,3629,2673,0.0,0.0,0,0,7
No Tactical,4,899,eval,random,player_win,-10.0,9,90.0,5,Expert,0.05,0.0,0,3629,2673,0.0,0.0,0,0,4
No Tactical,4,900,eval,random,player_win,-10.0,11,100.0,5,Expert,0.05,0.0,0,3629,2673,0.0,0.0,0,0,5
No Tactical,4,901,eval,random,player_win,-10.0,11,100.0,5,Expert,0.05,0.0,0,3629,2673,0.0,0.0,0,0,5
No Tactical,4,902,eval,random,agent_win,10.0,12,92.0,5,Expert,0.05,0.0,0,3629,2673,0.0,0.0,0,0,6
No Tactical,4,903,eval,random,agent_win,10.0,8,84.0,5,Expert,0.05,0.0,0,3629,2673,0.0,0.0,0,0,4
No Tactical,4,904,eval,random,player_win,-10.0,11,94.0,5,Expert,0.05,0.0,0,3629,2673,0.0,0.0,0,0,5
No Tactical,4,905,eval,random,agent_win,10.0,8,86.0,5,Expert,0.05,0.0,0,3629,2673,0.0,0.0,0,0,4
No Tactical,4,906,eval,random,player_win,-10.0,13,96.0,5,Expert,0.05,0.0,0,3629,2673,0.0,0.0,0,0,6
No Tactical,4,907,eval,random,player_win,-10.0,7,100.0,5,Expert,0.05,0.0,0,3629,2673,0.0,0.0,0,0,3
No Tactical,4,908,eval,random,player_win,-10.0,9,100.0,5,Expert,0.05,0.0,0,3629,2673,0.0,0.0,0,0,4
No Tactical,4,909,eval,random,player_win,-10.0,9,100.0,5,Expert,0.05,0.0,0,3629,2673,0.0,0.0,0,0,4
No Tactical,4,910,eval,random,agent_win,10.0,8,92.0,5,Expert,0.05,0.0,0,3629,2673,0.0,0.0,0,0,4
No Tactical,4,911,eval,random,player_win,-10.0,11,100.0,5,Expert,0.05,0.0,0,3629,2673,0.0,0.0,0,0,5
No Tactical,4,912,eval,random,player_win,-10.0,7,100.0,5,Expert,0.05,0.0,0,3629,2673,0.0,0.0,0,0,3
No Tactical,4,913,eval,random,player_win,-10.0,9,100.0,5,Expert,0.05,0.0,0,3629,2673,0.0,0.0,0,0,4
No Tactical,4,914,eval,random,player_win,-10.0,7,100.0,5,Expert,0.05,0.0,0,3629,2673,0.0,0.0,0,0,3
No Tactical,4,915,eval,random,player_win,-10.0,7,100.0,5,Expert,0.05,0.0,0,3629,2673,0.0,0.0,0,0,3
No Tactical,4,916,eval,random,player_win,-10.0,11,100.0,5,Expert,0.05,0.0,0,3629,2673,0.0,0.0,0,0,5
No Tactical,4,917,eval,random,agent_win,10.0,10,92.0,5,Expert,0.05,0.0,0,3629,2673,0.0,0.0,0,0,5
No Tactical,4,918,eval,random,player_win,-10.0,11,100.0,5,Expert,0.05,0.0,0,3629,2673,0.0,0.0,0,0,5
No Tactical,4,919,eval,random,agent_win,10.0,14,92.0,5,Expert,0.05,0.0,0,3629,2673,0.0,0.0,0,0,7
No Tactical,4,920,eval,random,agent_win,10.0,14,84.0,5,Expert,0.05,0.0,0,3629,2673,0.0,0.0,0,0,7
No Tactical,4,921,eval,random,player_win,-10.0,7,94.0,5,Expert,0.05,0.0,0,3629,2673,0.0,0.0,0,0,3
No Tactical,4,922,eval,random,agent_win,10.0,8,86.0,5,Expert,0.05,0.0,0,3629,2673,0.0,0.0,0,0,4
No Tactical,4,923,eval,random,player_win,-10.0,13,96.0,5,Expert,0.05,0.0,0,3629,2673,0.0,0.0,0,0,6
No Tactical,4,924,eval,random,player_win,-10.0,9,100.0,5,Expert,0.05,0.0,0,3629,2673,0.0,0.0,0,0,4
No Tactical,4,925,eval,random,player_win,-10.0,11,100.0,5,Expert,0.05,0.0,0,3629,2673,0.0,0.0,0,0,5
No Tactical,4,926,eval,random,agent_win,10.0,8,92.0,5,Expert,0.05,0.0,0,3629,2673,0.0,0.0,0,0,4
No Tactical,4,927,eval,random,player_win,-10.0,7,100.0,5,Expert,0.05,0.0,0,3629,2673,0.0,0.0,0,0,3
No Tactical,4,928,eval,random,player_win,-10.0,7,100.0,5,Expert,0.05,0.0,0,3629,2673,0.0,0.0,0,0,3
No Tactical,4,929,eval,random,agent_win,10.0,10,92.0,5,Expert,0.05,0.0,0,3629,2673,0.0,0.0,0,0,5
No Tactical,4,930,eval,random,player_win,-10.0,9,100.0,5,Expert,0.05,0.0,0,3629,2673,0.0,0.0,0,0,4
No Tactical,4,931,eval,random,player_win,-10.0,15,100.0,5,Expert,0.05,0.0,0,3629,2673,0.0,0.0,0,0,7
No Tactical,4,932,eval,random,player_win,-10.0,11,100.0,5,Expert,0.05,0.0,0,3629,2673,0.0,0.0,0,0,5
No Tactical,4,933,eval,random,agent_win,10.0,10,92.0,5,Expert,0.05,0.0,0,3629,2673,0.0,0.0,0,0,5
No Tactical,4,934,eval,random,player_win,-10.0,11,100.0,5,Expert,0.05,0.0,0,3629,2673,0.0,0.0,0,0,5
No Tactical,4,935,eval,random,player_win,-10.0,11,100.0,5,Expert,0.05,0.0,0,3629,2673,0.0,0.0,0,0,5
No Tactical,4,936,eval,random,player_win,-10.0,5,100.0,5,Expert,0.05,0.0,0,3629,2673,0.0,0.0,0,0,2
No Tactical,4,937,eval,random,agent_win,10.0,10,92.0,5,Expert,0.05,0.0,0,3629,2673,0.0,0.0,0,0,5
No Tactical,4,938,eval,random,player_win,-10.0,13,100.0,5,Expert,0.05,0.0,0,3629,2673,0.0,0.0,0,0,6
No Tactical,4,939,eval,random,player_win,-10.0,13,100.0,5,Expert,0.05,0.0,0,3629,2673,0.0,0.0,0,0,6
No Tactical,4,940,eval,random,player_win,-10.0,11,100.0,5,Expert,0.05,0.0,0,3629,2673,0.0,0.0,0,0,5
No Tactical,4,941,eval,random,player_win,-10.0,11,100.0,5,Expert,0.05,0.0,0,3629,2673,0.0,0.0,0,0,5
No Tactical,4,942,eval,random,player_win,-10.0,9,100.0,5,Expert,0.05,0.0,0,3629,2673,0.0,0.0,0,0,4
No Tactical,4,943,eval,random,agent_win,10.0,12,92.0,5,Expert,0.05,0.0,0,3629,2673,0.0,0.0,0,0,6
No Tactical,4,944,eval,random,player_win,-10.0,9,100.0,5,Expert,0.05,0.0,0,3629,2673,0.0,0.0,0,0,4
No Tactical,4,945,eval,random,agent_win,10.0,14,92.0,5,Expert,0.05,0.0,0,3629,2673,0.0,0.0,0,0,7
No Tactical,4,946,eval,random,agent_win,10.0,10,84.0,5,Expert,0.05,0.0,0,3629,2673,0.0,0.0,0,0,5
No Tactical,4,947,eval,random,player_win,-10.0,9,94.0,5,Expert,0.05,0.0,0,3629,2673,0.0,0.0,0,0,4
No Tactical,4,948,eval,random,player_win,-10.0,9,100.0,5,Expert,0.05,0.0,0,3629,2673,0.0,0.0,0,0,4
No Tactical,4,949,eval,random,player_win,-10.0,9,100.0,5,Expert,0.05,0.0,0,3629,2673,0.0,0.0,0,0,4
No Tactical,4,950,eval,random,player_win,-10.0,9,100.0,5,Expert,0.05,0.0,0,3629,2673,0.0,0.0,0,0,4
No Tactical,4,951,eval,random,agent_win,10.0,14,92.0,5,Expert,0.05,0.0,0,3629,2673,0.0,0.0,0,0,7
No Tactical,4,952,eval,random,player_win,-10.0,7,100.0,5,Expert,0.05,0.0,0,3629,2673,0.0,0.0,0,0,3
No Tactical,4,953,eval,random,agent_win,10.0,8,92.0,5,Expert,0.05,0.0,0,3629,2673,0.0,0.0,0,0,4
No Tactical,4,954,eval,random,agent_win,10.0,12,84.0,5,Expert,0.05,0.0,0,3629,2673,0.0,0.0,0,0,6
No Tactical,4,955,eval,random,player_win,-10.0,9,94.0,5,Expert,0.05,0.0,0,3629,2673,0.0,0.0,0,0,4
No Tactical,4,956,eval,random,agent_win,10.0,6,86.0,5,Expert,0.05,0.0,0,3629,2673,0.0,0.0,0,0,3
No Tactical,4,957,eval,random,player_win,-10.0,9,96.0,5,Expert,0.05,0.0,0,3629,2673,0.0,0.0,0,0,4
No Tactical,4,958,eval,random,agent_win,10.0,10,88.0,5,Expert,0.05,0.0,0,3629,2673,0.0,0.0,0,0,5
No Tactical,4,959,eval,random,player_win,-10.0,7,98.0,5,Expert,0.05,0.0,0,3629,2673,0.0,0.0,0,0,3
No Tactical,4,960,eval,random,agent_win,10.0,6,90.0,5,Expert,0.05,0.0,0,3629,2673,0.0,0.0,0,0,3
No Tactical,4,961,eval,random,agent_win,10.0,10,82.0,5,Expert,0.05,0.0,0,3629,2673,0.0,0.0,0,0,5
No Tactical,4,962,eval,random,player_win,-10.0,11,92.0,5,Expert,0.05,0.0,0,3629,2673,0.0,0.0,0,0,5
No Tactical,4,963,eval,random,agent_win,10.0,8,84.0,5,Expert,0.05,0.0,0,3629,2673,0.0,0.0,0,0,4
No Tactical,4,964,eval,random,player_win,-10.0,5,94.0,5,Expert,0.05,0.0,0,3629,2673,0.0,0.0,0,0,2
No Tactical,4,965,eval,random,player_win,-10.0,7,100.0,5,Expert,0.05,0.0,0,3629,2673,0.0,0.0,0,0,3
No Tactical,4,966,eval,random,player_win,-10.0,9,100.0,5,Expert,0.05,0.0,0,3629,2673,0.0,0.0,0,0,4
No Tactical,4,967,eval,random,player_win,-10.0,9,100.0,5,Expert,0.05,0.0,0,3629,2673,0.0,0.0,0,0,4
No Tactical,4,968,eval,random,player_win,-10.0,7,100.0,5,Expert,0.05,0.0,0,3629,2673,0.0,0.0,0,0,3
No Tactical,4,969,eval,random,player_win,-10.0,9,100.0,5,Expert,0.05,0.0,0,3629,2673,0.0,0.0,0,0,4
No Tactical,4,970,eval,random,agent_win,10.0,14,92.0,5,Expert,0.05,0.0,0,3629,2673,0.0,0.0,0,0,7
No Tactical,4,971,eval,random,player_win,-10.0,5,100.0,5,Expert,0.05,0.0,0,3629,2673,0.0,0.0,0,0,2
No Tactical,4,972,eval,random,player_win,-10.0,9,100.0,5,Expert,0.05,0.0,0,3629,2673,0.0,0.0,0,0,4
No Tactical,4,973,eval,random,player_win,-10.0,9,100.0,5,Expert,0.05,0.0,0,3629,2673,0.0,0.0,0,0,4
No Tactical,4,974,eval,random,agent_win,10.0,12,92.0,5,Expert,0.05,0.0,0,3629,2673,0.0,0.0,0,0,6
No Tactical,4,975,eval,random,agent_win,10.0,10,84.0,5,Expert,0.05,0.0,0,3629,2673,0.0,0.0,0,0,5
No Tactical,4,976,eval,random,player_win,-10.0,9,94.0,5,Expert,0.05,0.0,0,3629,2673,0.0,0.0,0,0,4
No Tactical,4,977,eval,random,agent_win,10.0,16,86.0,5,Expert,0.05,0.0,0,3629,2673,0.0,0.0,0,0,8
No Tactical,4,978,eval,random,agent_win,10.0,12,78.0,4,Hard,0.05,0.0,0,3629,2673,0.0,0.0,0,0,6
No Tactical,4,979,eval,random,agent_win,10.0,12,70.0,4,Hard,0.05,0.0,0,3629,2673,0.0,0.0,0,0,6
No Tactical,4,980,eval,random,player_win,-10.0,9,80.0,5,Expert,0.05,0.0,0,3629,2673,0.0,0.0,0,0,4
No Tactical,4,981,eval,random,agent_win,10.0,10,72.0,4,Hard,0.05,0.0,0,3629,2673,0.0,0.0,0,0,5
No Tactical,4,982,eval,random,player_win,-10.0,9,82.0,5,Expert,0.05,0.0,0,3629,2673,0.0,0.0,0,0,4
No Tactical,4,983,eval,random,agent_win,10.0,10,74.0,4,Hard,0.05,0.0,0,3629,2673,0.0,0.0,0,0,5
No Tactical,4,984,eval,random,player_win,-10.0,7,84.0,5,Expert,0.05,0.0,0,3629,2673,0.0,0.0,0,0,3
No Tactical,4,985,eval,random,agent_win,10.0,10,76.0,4,Hard,0.05,0.0,0,3629,2673,0.0,0.0,0,0,5
No Tactical,4,986,eval,random,agent_win,10.0,12,68.0,4,Hard,0.05,0.0,0,3629,2673,0.0,0.0,0,0,6
No Tactical,4,987,eval,random,player_win,-10.0,9,78.0,4,Hard,0.05,0.0,0,3629,2673,0.0,0.0,0,0,4
No Tactical,4,988,eval,random,player_win,-10.0,11,88.0,5,Expert,0.05,0.0,0,3629,2673,0.0,0.0,0,0,5
No Tactical,4,989,eval,random,player_win,-10.0,7,98.0,5,Expert,0.05,0.0,0,3629,2673,0.0,0.0,0,0,3
No Tactical,4,990,eval,random,agent_win,10.0,6,90.0,5,Expert,0.05,0.0,0,3629,2673,0.0,0.0,0,0,3
No Tactical,4,991,eval,random,agent_win,10.0,8,82.0,5,Expert,0.05,0.0,0,3629,2673,0.0,0.0,0,0,4
No Tactical,4,992,eval,random,player_win,-10.0,7,92.0,5,Expert,0.05,0.0,0,3629,2673,0.0,0.0,0,0,3
No Tactical,4,993,eval,random,agent_win,10.0,12,84.0,5,Expert,0.05,0.0,0,3629,2673,0.0,0.0,0,0,6
No Tactical,4,994,eval,random,player_win,-10.0,9,94.0,5,Expert,0.05,0.0,0,3629,2673,0.0,0.0,0,0,4
No Tactical,4,995,eval,random,agent_win,10.0,12,86.0,5,Expert,0.05,0.0,0,3629,2673,0.0,0.0,0,0,6
No Tactical,4,996,eval,random,player_win,-10.0,13,96.0,5,Expert,0.05,0.0,0,3629,2673,0.0,0.0,0,0,6
No Tactical,4,997,eval,random,player_win,-10.0,5,100.0,5,Expert,0.05,0.0,0,3629,2673,0.0,0.0,0,0,2
No Tactical,4,998,eval,random,player_win,-10.0,7,100.0,5,Expert,0.05,0.0,0,3629,2673,0.0,0.0,0,0,3
No Tactical,4,999,eval,random,player_win,-10.0,9,100.0,5,Expert,0.05,0.0,0,3629,2673,0.0,0.0,0,0,4
No Tactical,4,1000,eval,random,player_win,-10.0,13,100.0,5,Expert,0.05,0.0,0,3629,2673,0.0,0.0,0,0,6
No Tactical,5,1,train,random,agent_win,10.0,6,42.0,1,Very Easy,0.95,1.0,1,3,3,3.0,3.0,0,3,0
No Tactical,5,2,train,random,player_win,-10.0,11,52.0,1,Very Easy,0.9025,1.0,1,8,8,0.0,0.0,0,5,0
No Tactical,5,3,train,random,player_win,-10.0,11,62.0,3,Normal,0.8573749999999999,0.6859,1,13,13,0.0,0.0,0,5,0
No Tactical,5,4,train,random,agent_win,10.0,10,54.0,3,Normal,0.8145062499999999,0.651605,1,18,18,3.0,3.0,0,3,2
No Tactical,5,5,train,random,agent_win,10.0,10,46.0,3,Normal,0.7737809374999999,0.6190247499999999,1,23,23,3.0,3.0,0,3,2
No Tactical,5,6,train,random,player_win,-10.0,9,56.0,3,Normal,0.7350918906249998,0.5880735124999998,1,27,27,0.0,0.0,0,2,2
No Tactical,5,7,train,random,agent_win,10.0,12,48.0,3,Normal,0.6983372960937497,0.5586698368749998,1,33,33,3.0,3.0,0,5,1
No Tactical,5,8,train,random,player_win,-10.0,11,58.0,3,Normal,0.6634204312890623,0.5307363450312498,1,38,38,0.0,0.0,0,2,3
No Tactical,5,9,train,random,player_win,-10.0,7,68.0,4,Hard,0.6302494097246091,0.31512470486230454,1,41,41,0.0,0.0,0,1,2
No Tactical,5,10,train,random,player_win,-10.0,9,78.0,4,Hard,0.5987369392383786,0.2993684696191893,1,45,45,0.0,0.0,0,2,2
No Tactical,5,11,train,random,agent_win,10.0,6,70.0,4,Hard,0.5688000922764596,0.2844000461382298,1,48,47,3.0,3.0,0,0,3
No Tactical,5,12,train,random,player_win,-10.0,7,80.0,5,Expert,0.5403600876626365,0.13509002191565914,1,51,49,0.0,0.0,0,0,3
No Tactical,5,13,train,random,player_win,-10.0,7,90.0,5,Expert,0.5133420832795047,0.12833552081987618,1,54,51,0.0,0.0,0,1,2
No Tactical,5,14,train,random,player_win,-10.0,11,100.0,5,Expert,0.48767497911552943,0.12191874477888236,1,59,56,0.0,0.0,0,0,5
No Tactical,5,15,train,random,player_win,-10.0,9,100.0,5,Expert,0.46329123015975293,0.11582280753993823,1,63,59,0.0,0.0,0,1,3
No Tactical,5,16,train,random,agent_win,10.0,8,92.0,5,Expert,0.44012666865176525,0.11003166716294131,1,67,63,3.0,3.0,0,1,3
No Tactical,5,17,train,random,player_win,-10.0,9,100.0,5,Expert,0.41812033521917696,0.10453008380479424,1,71,66,0.0,0.0,0,0,4
No Tactical,5,18,train,random,player_win,-10.0,11,100.0,5,Expert,0.3972143184582181,0.09930357961455452,1,76,70,0.0,0.0,0,0,5
No Tactical,5,19,train,random,player_win,-10.0,11,100.0,5,Expert,0.37735360253530714,0.09433840063382679,1,81,74,0.0,0.0,0,0,5
No Tactical,5,20,train,random,player_win,-10.0,9,100.0,5,Expert,0.35848592240854177,0.08962148060213544,1,85,77,0.0,0.0,0,1,3
No Tactical,5,21,train,random,agent_win,10.0,14,92.0,5,Expert,0.34056162628811465,0.08514040657202866,1,92,83,3.0,3.0,0,1,6
No Tactical,5,22,train,random,agent_win,10.0,8,84.0,5,Expert,0.3235335449737089,0.08088338624342722,1,96,86,3.0,3.0,0,0,4
No Tactical,5,23,train,random,player_win,-10.0,7,94.0,5,Expert,0.30735686772502346,0.07683921693125587,1,99,88,0.0,0.0,0,0,3
No Tactical,5,24,train,random,agent_win,10.0,6,86.0,5,Expert,0.2919890243387723,0.07299725608469307,1,102,91,3.0,3.0,0,0,3
No Tactical,5,25,train,random,agent_win,10.0,8,78.0,4,Hard,0.27738957312183365,0.13869478656091683,1,106,94,3.0,3.0,0,0,4
No Tactical,5,26,train,random,player_win,-10.0,7,88.0,5,Expert,0.263520094465742,0.0658800236164355,1,109,96,0.0,0.0,0,0,3
No Tactical,5,27,train,random,player_win,-10.0,11,98.0,5,Expert,0.25034408974245487,0.06258602243561372,1,114,100,0.0,0.0,0,0,5
No Tactical,5,28,train,random,player_win,-10.0,9,100.0,5,Expert,0.2378268852553321,0.059456721313833026,1,118,103,0.0,0.0,0,0,4
No Tactical,5,29,train,random,player_win,-10.0,11,100.0,5,Expert,0.2259355409925655,0.05648388524814137,1,123,108,0.0,0.0,0,0,5
No Tactical,5,30,train,random,agent_win,10.0,12,92.0,5,Expert,0.2146387639429372,0.0536596909857343,1,129,113,3.0,3.0,0,1,5
No Tactical,5,31,train,random,player_win,-10.0,9,100.0,5,Expert,0.20390682574579033,0.05097670643644758,1,133,116,0.0,0.0,0,1,3
No Tactical,5,32,train,random,agent_win,10.0,10,92.0,5,Expert,0.1937114844585008,0.05,1,138,120,3.0,3.0,0,0,5
No Tactical,5,33,train,random,player_win,-10.0,5,100.0,5,Expert,0.18402591023557577,0.05,1,140,121,0.0,0.0,0,0,2
No Tactical,5,34,train,random,agent_win,10.0,8,92.0,5,Expert,0.17482461472379698,0.05,1,144,124,3.0,3.0,0,0,4
No Tactical,5,35,train,random,player_win,-10.0,7,100.0,5,Expert,0.16608338398760714,0.05,1,147,126,0.0,0.0,0,0,3
No Tactical,5,36,train,random,player_win,-10.0,7,100.0,5,Expert,0.15777921478822676,0.05,1,150,128,0.0,0.0,0,0,3
No Tactical,5,37,train,random,agent_win,10.0,12,92.0,5,Expert,0.14989025404881542,0.05,1,156,133,3.0,3.0,0,0,6
No Tactical,5,38,train,random,player_win,-10.0,11,100.0,5,Expert,0.14239574134637464,0.05,1,161,136,0.0,0.0,0,1,4
No Tactical,5,39,train,random,player_win,-10.0,7,100.0,5,Expert,0.1352759542790559,0.05,1,164,138,0.0,0.0,0,0,3
No Tactical,5,40,train,random,agent_win,10.0,12,92.0,5,Expert,0.1285121565651031,0.05,1,170,144,3.0,3.0,0,1,5
No Tactical,5,41,train,random,agent_win,10.0,8,84.0,5,Expert,0.12208654873684793,0.05,1,174,147,3.0,3.0,0,1,3
No Tactical,5,42,train,random,agent_win,10.0,10,76.0,4,Hard,0.11598222130000553,0.057991110650002765,1,179,151,3.0,3.0,0,1,4
No Tactical,5,43,train,random,player_win,-10.0,7,86.0,5,Expert,0.11018311023500525,0.05,1,182,153,0.0,0.0,0,1,2
No Tactical,5,44,train,random,player_win,-10.0,9,96.0,5,Expert,0.10467395472325498,0.05,1,186,156,0.0,0.0,0,1,3
No Tactical,5,45,train,random,player_win,-10.0,11,100.0,5,Expert,0.09944025698709223,0.05,1,191,160,0.0,0.0,0,0,5
No Tactical,5,46,train,random,player_win,-10.0,9,100.0,5,Expert,0.09446824413773762,0.05,1,195,163,0.0,0.0,0,0,4
No Tactical,5,47,train,random,agent_win,10.0,12,92.0,5,Expert,0.08974483193085074,0.05,1,201,168,3.0,3.0,0,0,6
No Tactical,5,48,train,random,player_win,-10.0,9,100.0,5,Expert,0.0852575903343082,0.05,1,205,171,0.0,0.0,0,0,4
No Tactical,5,49,train,random,player_win,-10.0,11,100.0,5,Expert,0.08099471081759278,0.05,1,210,175,0.0,0.0,0,0,5
No Tactical,5,50,train,random,player_win,-10.0,11,100.0,5,Expert,0.07694497527671314,0.05,1,215,179,0.0,0.0,0,0,5
No Tactical,5,51,train,random,agent_win,10.0,10,92.0,5,Expert,0.07309772651287748,0.05,1,220,183,3.0,3.0,0,1,4
No Tactical,5,52,train,random,agent_win,10.0,12,84.0,5,Expert,0.0694428401872336,0.05,1,226,188,3.0,3.0,0,0,6
No Tactical,5,53,train,random,agent_win,10.0,8,76.0,4,Hard,0.0659706981778719,0.05,1,230,191,3.0,3.0,0,0,4
No Tactical,5,54,train,random,player_win,-10.0,11,86.0,5,Expert,0.0626721632689783,0.05,1,235,195,0.0,0.0,0,0,5
No Tactical,5,55,train,random,agent_win,10.0,6,78.0,4,Hard,0.059538555105529384,0.05,1,238,197,3.0,3.0,0,0,3
No Tactical,5,56,train,random,player_win,-10.0,7,88.0,5,Expert,0.05656162735025291,0.05,1,241,199,0.0,0.0,0,0,3
No Tactical,5,57,train,random,player_win,-10.0,9,98.0,5,Expert,0.053733545982740265,0.05,1,245,202,0.0,0.0,0,1,3
No Tactical,5,58,train,random,agent_win,10.0,10,90.0,5,Expert,0.05104686868360325,0.05,1,250,206,3.0,3.0,0,0,5
No Tactical,5,59,train,random,player_win,-10.0,13,100.0,5,Expert,0.05,0.05,1,256,211,0.0,0.0,0,0,6
No Tactical,5,60,train,random,agent_win,10.0,8,92.0,5,Expert,0.05,0.05,1,260,214,3.0,3.0,0,0,4
No Tactical,5,61,train,random,player_win,-10.0,7,100.0,5,Expert,0.05,0.05,1,263,216,0.0,0.0,0,1,2
No Tactical,5,62,train,random,agent_win,10.0,12,92.0,5,Expert,0.05,0.05,1,269,221,3.0,3.0,0,1,5
No Tactical,5,63,train,random,agent_win,10.0,10,84.0,5,Expert,0.05,0.05,1,274,225,3.0,3.0,0,0,5
No Tactical,5,64,train,random,player_win,-10.0,7,94.0,5,Expert,0.05,0.05,1,277,227,0.0,0.0,0,0,3
No Tactical,5,65,train,random,player_win,-10.0,9,100.0,5,Expert,0.05,0.05,1,281,230,0.0,0.0,0,0,4
No Tactical,5,66,train,random,player_win,-10.0,7,100.0,5,Expert,0.05,0.05,1,284,232,0.0,0.0,0,0,3
No Tactical,5,67,train,random,player_win,-10.0,13,100.0,5,Expert,0.05,0.05,1,290,236,0.0,0.0,0,0,6
No Tactical,5,68,train,random,agent_win,10.0,6,92.0,5,Expert,0.05,0.05,1,293,238,3.0,3.0,0,0,3
No Tactical,5,69,train,random,player_win,-10.0,7,100.0,5,Expert,0.05,0.05,1,296,241,0.0,0.0,0,0,3
No Tactical,5,70,train,random,player_win,-10.0,11,100.0,5,Expert,0.05,0.05,1,301,245,0.0,0.0,0,0,5
No Tactical,5,71,train,random,player_win,-10.0,7,100.0,5,Expert,0.05,0.05,1,304,247,0.0,0.0,0,0,3
No Tactical,5,72,train,random,agent_win,10.0,8,92.0,5,Expert,0.05,0.05,1,308,250,3.0,3.0,0,0,4
No Tactical,5,73,train,random,player_win,-10.0,9,100.0,5,Expert,0.05,0.05,1,312,253,0.0,0.0,0,1,3
No Tactical,5,74,train,random,player_win,-10.0,11,100.0,5,Expert,0.05,0.05,1,317,257,0.0,0.0,0,0,5
No Tactical,5,75,train,random,agent_win,10.0,6,92.0,5,Expert,0.05,0.05,1,320,259,3.0,3.0,0,0,3
No Tactical,5,76,train,random,player_win,-10.0,11,100.0,5,Expert,0.05,0.05,1,325,263,0.0,0.0,0,0,5
No Tactical,5,77,train,random,player_win,-10.0,9,100.0,5,Expert,0.05,0.05,1,329,266,0.0,0.0,0,0,4
No Tactical,5,78,train,random,agent_win,10.0,12,92.0,5,Expert,0.05,0.05,1,335,271,3.0,3.0,0,0,6
No Tactical,5,79,train,random,agent_win,10.0,8,84.0,5,Expert,0.05,0.05,1,339,274,3.0,3.0,0,0,4
No Tactical,5,80,train,random,player_win,-10.0,9,94.0,5,Expert,0.05,0.05,1,343,277,0.0,0.0,0,1,3
No Tactical,5,81,train,random,player_win,-10.0,5,100.0,5,Expert,0.05,0.05,1,345,278,0.0,0.0,0,0,2
No Tactical,5,82,train,random,player_win,-10.0,9,100.0,5,Expert,0.05,0.05,1,349,281,0.0,0.0,0,0,4
No Tactical,5,83,train,random,player_win,-10.0,13,100.0,5,Expert,0.05,0.05,1,355,286,0.0,0.0,0,0,6
No Tactical,5,84,train,random,player_win,-10.0,9,100.0,5,Expert,0.05,0.05,1,359,288,0.0,0.0,0,0,4
No Tactical,5,85,train,random,player_win,-10.0,7,100.0,5,Expert,0.05,0.05,1,362,290,0.0,0.0,0,1,2
No Tactical,5,86,train,random,agent_win,10.0,14,92.0,5,Expert,0.05,0.05,1,369,296,3.0,3.0,0,1,6
No Tactical,5,87,train,random,player_win,-10.0,13,100.0,5,Expert,0.05,0.05,1,375,301,0.0,0.0,0,0,6
No Tactical,5,88,train,random,player_win,-10.0,7,100.0,5,Expert,0.05,0.05,1,378,303,0.0,0.0,0,0,3
No Tactical,5,89,train,random,agent_win,10.0,10,92.0,5,Expert,0.05,0.05,1,383,307,3.0,3.0,0,0,5
No Tactical,5,90,train,random,agent_win,10.0,10,84.0,5,Expert,0.05,0.05,1,388,311,3.0,3.0,0,0,5
No Tactical,5,91,train,random,player_win,-10.0,15,94.0,5,Expert,0.05,0.05,1,395,317,0.0,0.0,0,0,7
No Tactical,5,92,train,random,player_win,-10.0,13,100.0,5,Expert,0.05,0.05,1,401,322,0.0,0.0,0,0,6
No Tactical,5,93,train,random,player_win,-10.0,9,100.0,5,Expert,0.05,0.05,1,405,325,0.0,0.0,0,0,4
No Tactical,5,94,train,random,agent_win,10.0,6,92.0,5,Expert,0.05,0.05,1,408,327,3.0,3.0,0,0,3
No Tactical,5,95,train,random,player_win,-10.0,11,100.0,5,Expert,0.05,0.05,1,413,331,0.0,0.0,0,0,5
No Tactical,5,96,train,random,agent_win,10.0,8,92.0,5,Expert,0.05,0.05,1,417,334,3.0,3.0,0,1,3
No Tactical,5,97,train,random,player_win,-10.0,7,100.0,5,Expert,0.05,0.05,1,420,336,0.0,0.0,0,0,3
No Tactical,5,98,train,random,player_win,-10.0,9,100.0,5,Expert,0.05,0.05,1,424,339,0.0,0.0,0,0,4
No Tactical,5,99,train,random,player_win,-10.0,13,100.0,5,Expert,0.05,0.05,1,430,344,0.0,0.0,0,0,6
No Tactical,5,100,train,random,player_win,-10.0,9,100.0,5,Expert,0.05,0.05,1,434,347,0.0,0.0,0,0,4
No Tactical,5,101,train,random,agent_win,10.0,6,92.0,5,Expert,0.05,0.05,1,437,349,3.0,3.0,0,0,3
No Tactical,5,102,train,random,player_win,-10.0,7,100.0,5,Expert,0.05,0.05,1,440,351,0.0,0.0,0,0,3
No Tactical,5,103,train,random,agent_win,10.0,10,92.0,5,Expert,0.05,0.05,1,445,354,3.0,3.0,0,0,5
No Tactical,5,104,train,random,agent_win,10.0,8,84.0,5,Expert,0.05,0.05,1,449,357,3.0,3.0,0,0,4
No Tactical,5,105,train,random,agent_win,10.0,12,76.0,4,Hard,0.05,0.05,1,455,362,3.0,3.0,0,0,6
No Tactical,5,106,train,random,player_win,-10.0,11,86.0,5,Expert,0.05,0.05,1,460,366,0.0,0.0,0,0,5
No Tactical,5,107,train,random,player_win,-10.0,11,96.0,5,Expert,0.05,0.05,1,465,370,0.0,0.0,0,0,5
No Tactical,5,108,train,random,player_win,-10.0,5,100.0,5,Expert,0.05,0.05,1,467,371,0.0,0.0,0,0,2
No Tactical,5,109,train,random,player_win,-10.0,9,100.0,5,Expert,0.05,0.05,1,471,374,0.0,0.0,0,0,4
No Tactical,5,110,train,random,agent_win,10.0,10,92.0,5,Expert,0.05,0.05,1,476,377,3.0,3.0,0,0,5
No Tactical,5,111,train,random,agent_win,10.0,8,84.0,5,Expert,0.05,0.05,1,480,380,3.0,3.0,0,0,4
No Tactical,5,112,train,random,agent_win,10.0,14,76.0,4,Hard,0.05,0.05,1,487,386,3.0,3.0,0,0,7
No Tactical,5,113,train,random,player_win,-10.0,7,86.0,5,Expert,0.05,0.05,1,490,388,0.0,0.0,0,0,3
No Tactical,5,114,train,random,player_win,-10.0,5,96.0,5,Expert,0.05,0.05,1,492,388,0.0,0.0,0,0,2
No Tactical,5,115,train,random,player_win,-10.0,11,100.0,5,Expert,0.05,0.05,1,497,392,0.0,0.0,0,0,5
No Tactical,5,116,train,random,player_win,-10.0,11,100.0,5,Expert,0.05,0.05,1,502,396,0.0,0.0,0,0,5
No Tactical,5,117,train,random,agent_win,10.0,14,92.0,5,Expert,0.05,0.05,1,509,402,3.0,3.0,0,1,6
No Tactical,5,118,train,random,agent_win,10.0,8,84.0,5,Expert,0.05,0.05,1,513,405,3.0,3.0,0,1,3
No Tactical,5,119,train,random,agent_win,10.0,10,76.0,4,Hard,0.05,0.05,1,518,409,3.0,3.0,0,0,5
No Tactical,5,120,train,random,player_win,-10.0,13,86.0,5,Expert,0.05,0.05,1,524,414,0.0,0.0,0,0,6
No Tactical,5,121,train,random,player_win,-10.0,5,96.0,5,Expert,0.05,0.05,1,526,415,0.0,0.0,0,0,2
No Tactical,5,122,train,random,player_win,-10.0,11,100.0,5,Expert,0.05,0.05,1,531,419,0.0,0.0,0,1,4
No Tactical,5,123,train,random,player_win,-10.0,5,100.0,5,Expert,0.05,0.05,1,533,420,0.0,0.0,0,0,2
No Tactical,5,124,train,random,player_win,-10.0,5,100.0,5,Expert,0.05,0.05,1,535,421,0.0,0.0,0,0,2
No Tactical,5,125,train,random,agent_win,10.0,12,92.0,5,Expert,0.05,0.05,1,541,426,3.0,3.0,0,0,6
No Tactical,5,126,train,random,player_win,-10.0,11,100.0,5,Expert,0.05,0.05,1,546,430,0.0,0.0,0,1,4
No Tactical,5,127,train,random,player_win,-10.0,7,100.0,5,Expert,0.05,0.05,1,549,432,0.0,0.0,0,0,3
No Tactical,5,128,train,random,agent_win,10.0,6,92.0,5,Expert,0.05,0.05,1,552,434,3.0,3.0,0,0,3
No Tactical,5,129,train,random,player_win,-10.0,11,100.0,5,Expert,0.05,0.05,1,557,438,0.0,0.0,0,0,5
No Tactical,5,130,train,random,player_win,-10.0,5,100.0,5,Expert,0.05,0.05,1,559,439,0.0,0.0,0,0,2
No Tactical,5,131,train,random,player_win,-10.0,11,100.0,5,Expert,0.05,0.05,1,564,443,0.0,0.0,0,2,3
No Tactical,5,132,train,random,player_win,-10.0,13,100.0,5,Expert,0.05,0.05,1,570,448,0.0,0.0,0,2,4
No Tactical,5,133,train,random,player_win,-10.0,7,100.0,5,Expert,0.05,0.05,1,573,450,0.0,0.0,0,0,3
No Tactical,5,134,train,random,player_win,-10.0,7,100.0,5,Expert,0.05,0.05,1,576,452,0.0,0.0,0,0,3
No Tactical,5,135,train,random,player_win,-10.0,13,100.0,5,Expert,0.05,0.05,1,582,457,0.0,0.0,0,0,6
No Tactical,5,136,train,random,agent_win,10.0,12,92.0,5,Expert,0.05,0.05,1,588,462,3.0,3.0,0,0,6
No Tactical,5,137,train,random,player_win,-10.0,11,100.0,5,Expert,0.05,0.05,1,593,466,0.0,0.0,0,0,5
No Tactical,5,138,train,random,agent_win,10.0,12,92.0,5,Expert,0.05,0.05,1,599,471,3.0,3.0,0,0,6
No Tactical,5,139,train,random,player_win,-10.0,9,100.0,5,Expert,0.05,0.05,1,603,474,0.0,0.0,0,1,3
No Tactical,5,140,train,random,player_win,-10.0,9,100.0,5,Expert,0.05,0.05,1,607,477,0.0,0.0,0,1,3
No Tactical,5,141,train,random,agent_win,10.0,8,92.0,5,Expert,0.05,0.05,1,611,480,3.0,3.0,0,0,4
No Tactical,5,142,train,random,agent_win,10.0,10,84.0,5,Expert,0.05,0.05,1,616,484,3.0,3.0,0,1,4
No Tactical,5,143,train,random,player_win,-10.0,5,94.0,5,Expert,0.05,0.05,1,618,485,0.0,0.0,0,0,2
No Tactical,5,144,train,random,player_win,-10.0,11,100.0,5,Expert,0.05,0.05,1,623,489,0.0,0.0,0,0,5
No Tactical,5,145,train,random,player_win,-10.0,13,100.0,5,Expert,0.05,0.05,1,629,494,0.0,0.0,0,0,6
No Tactical,5,146,train,random,agent_win,10.0,10,92.0,5,Expert,0.05,0.05,1,634,498,3.0,3.0,0,0,5
No Tactical,5,147,train,random,agent_win,10.0,12,84.0,5,Expert,0.05,0.05,1,640,503,3.0,3.0,0,0,6
No Tactical,5,148,train,random,player_win,-10.0,7,94.0,5,Expert,0.05,0.05,1,643,505,0.0,0.0,0,0,3
No Tactical,5,149,train,random,player_win,-10.0,7,100.0,5,Expert,0.05,0.05,1,646,507,0.0,0.0,0,0,3
No Tactical,5,150,train,random,agent_win,10.0,12,92.0,5,Expert,0.05,0.05,1,652,512,3.0,3.0,0,1,5
No Tactical,5,151,train,random,player_win,-10.0,11,100.0,5,Expert,0.05,0.05,1,657,516,0.0,0.0,0,0,5
No Tactical,5,152,train,random,player_win,-10.0,13,100.0,5,Expert,0.05,0.05,1,663,521,0.0,0.0,0,1,5
No Tactical,5,153,train,random,player_win,-10.0,7,100.0,5,Expert,0.05,0.05,1,666,523,0.0,0.0,0,0,3
No Tactical,5,154,train,random,player_win,-10.0,5,100.0,5,Expert,0.05,0.05,1,668,524,0.0,0.0,0,0,2
No Tactical,5,155,train,random,agent_win,10.0,6,92.0,5,Expert,0.05,0.05,1,671,526,3.0,3.0,0,0,3
No Tactical,5,156,train,random,agent_win,10.0,10,84.0,5,Expert,0.05,0.05,1,676,530,3.0,3.0,0,1,4
No Tactical,5,157,train,random,player_win,-10.0,7,94.0,5,Expert,0.05,0.05,1,679,532,0.0,0.0,0,0,3
No Tactical,5,158,train,random,player_win,-10.0,9,100.0,5,Expert,0.05,0.05,1,683,535,0.0,0.0,0,0,4
No Tactical,5,159,train,random,agent_win,10.0,10,92.0,5,Expert,0.05,0.05,1,688,539,3.0,3.0,0,0,5
No Tactical,5,160,train,random,agent_win,10.0,14,84.0,5,Expert,0.05,0.05,1,695,545,3.0,3.0,0,0,7
No Tactical,5,161,train,random,agent_win,10.0,10,76.0,4,Hard,0.05,0.05,1,700,549,3.0,3.0,0,0,5
No Tactical,5,162,train,random,player_win,-10.0,13,86.0,5,Expert,0.05,0.05,1,706,554,0.0,0.0,0,0,6
No Tactical,5,163,train,random,agent_win,10.0,10,78.0,4,Hard,0.05,0.05,1,711,558,3.0,3.0,0,0,5
No Tactical,5,164,train,random,player_win,-10.0,5,88.0,5,Expert,0.05,0.05,1,713,559,0.0,0.0,0,1,1
No Tactical,5,165,train,random,agent_win,10.0,8,80.0,5,Expert,0.05,0.05,1,717,562,3.0,3.0,0,0,4
No Tactical,5,166,train,random,player_win,-10.0,11,90.0,5,Expert,0.05,0.05,1,722,565,0.0,0.0,0,0,5
No Tactical,5,167,train,random,player_win,-10.0,11,100.0,5,Expert,0.05,0.05,1,727,569,0.0,0.0,0,2,3
No Tactical,5,168,train,random,player_win,-10.0,9,100.0,5,Expert,0.05,0.05,1,731,572,0.0,0.0,0,0,4
No Tactical,5,169,train,random,agent_win,10.0,10,92.0,5,Expert,0.05,0.05,1,736,575,3.0,3.0,0,0,5
No Tactical,5,170,train,random,player_win,-10.0,13,100.0,5,Expert,0.05,0.05,1,742,579,0.0,0.0,0,0,6
No Tactical,5,171,train,random,player_win,-10.0,11,100.0,5,Expert,0.05,0.05,1,747,583,0.0,0.0,0,0,5
No Tactical,5,172,train,random,player_win,-10.0,13,100.0,5,Expert,0.05,0.05,1,753,588,0.0,0.0,0,1,5
No Tactical,5,173,train,random,player_win,-10.0,9,100.0,5,Expert,0.05,0.05,1,757,591,0.0,0.0,0,0,4
No Tactical,5,174,train,random,agent_win,10.0,10,92.0,5,Expert,0.05,0.05,1,762,595,3.0,3.0,0,1,4
No Tactical,5,175,train,random,player_win,-10.0,11,100.0,5,Expert,0.05,0.05,1,767,599,0.0,0.0,0,0,5
No Tactical,5,176,train,random,player_win,-10.0,15,100.0,5,Expert,0.05,0.05,1,774,604,0.0,0.0,0,0,7
No Tactical,5,177,train,random,agent_win,10.0,8,92.0,5,Expert,0.05,0.05,1,778,607,3.0,3.0,0,1,3
No Tactical,5,178,train,random,agent_win,10.0,10,84.0,5,Expert,0.05,0.05,1,783,611,3.0,3.0,0,1,4
No Tactical,5,179,train,random,player_win,-10.0,11,94.0,5,Expert,0.05,0.05,1,788,615,0.0,0.0,0,0,5
No Tactical,5,180,train,random,player_win,-10.0,9,100.0,5,Expert,0.05,0.05,1,792,618,0.0,0.0,0,1,3
No Tactical,5,181,train,random,agent_win,10.0,8,92.0,5,Expert,0.05,0.05,1,796,621,3.0,3.0,0,0,4
No Tactical,5,182,train,random,agent_win,10.0,12,84.0,5,Expert,0.05,0.05,1,802,626,3.0,3.0,0,0,6
No Tactical,5,183,train,random,player_win,-10.0,11,94.0,5,Expert,0.05,0.05,1,807,630,0.0,0.0,0,0,5
No Tactical,5,184,train,random,player_win,-10.0,7,100.0,5,Expert,0.05,0.05,1,810,632,0.0,0.0,0,0,3
No Tactical,5,185,train,random,player_win,-10.0,9,100.0,5,Expert,0.05,0.05,1,814,635,0.0,0.0,0,0,4
No Tactical,5,186,train,random,player_win,-10.0,11,100.0,5,Expert,0.05,0.05,1,819,639,0.0,0.0,0,0,5
No Tactical,5,187,train,random,player_win,-10.0,9,100.0,5,Expert,0.05,0.05,1,823,642,0.0,0.0,0,0,4
No Tactical,5,188,train,random,player_win,-10.0,11,100.0,5,Expert,0.05,0.05,1,828,646,0.0,0.0,0,0,5
No Tactical,5,189,train,random,agent_win,10.0,6,92.0,5,Expert,0.05,0.05,1,831,648,3.0,3.0,0,0,3
No Tactical,5,190,train,random,player_win,-10.0,7,100.0,5,Expert,0.05,0.05,1,834,650,0.0,0.0,0,0,3
No Tactical,5,191,train,random,agent_win,10.0,8,92.0,5,Expert,0.05,0.05,1,838,653,3.0,3.0,0,0,4
No Tactical,5,192,train,random,agent_win,10.0,12,84.0,5,Expert,0.05,0.05,1,844,658,3.0,3.0,0,0,6
No Tactical,5,193,train,random,player_win,-10.0,11,94.0,5,Expert,0.05,0.05,1,849,662,0.0,0.0,0,0,5
No Tactical,5,194,train,random,agent_win,10.0,14,86.0,5,Expert,0.05,0.05,1,856,668,3.0,3.0,0,0,7
No Tactical,5,195,train,random,agent_win,10.0,8,78.0,4,Hard,0.05,0.05,1,860,670,3.0,3.0,0,0,4
No Tactical,5,196,train,random,agent_win,10.0,6,70.0,4,Hard,0.05,0.05,1,863,672,3.0,3.0,0,0,3
No Tactical,5,197,train,random,player_win,-10.0,11,80.0,5,Expert,0.05,0.05,1,868,676,0.0,0.0,0,0,5
No Tactical,5,198,train,random,agent_win,10.0,12,72.0,4,Hard,0.05,0.05,1,874,680,3.0,3.0,0,1,5
No Tactical,5,199,train,random,player_win,-10.0,9,82.0,5,Expert,0.05,0.05,1,878,683,0.0,0.0,0,0,4
No Tactical,5,200,train,random,player_win,-10.0,7,92.0,5,Expert,0.05,0.05,1,881,685,0.0,0.0,0,0,3
No Tactical,5,201,train,random,player_win,-10.0,9,100.0,5,Expert,0.05,0.05,1,885,688,0.0,0.0,0,0,4
No Tactical,5,202,train,random,player_win,-10.0,15,100.0,5,Expert,0.05,0.05,1,892,694,0.0,0.0,0,1,6
No Tactical,5,203,train,random,player_win,-10.0,9,100.0,5,Expert,0.05,0.05,1,896,697,0.0,0.0,0,0,4
No Tactical,5,204,train,random,player_win,-10.0,9,100.0,5,Expert,0.05,0.05,1,900,700,0.0,0.0,0,0,4
No Tactical,5,205,train,random,player_win,-10.0,7,100.0,5,Expert,0.05,0.05,1,903,702,0.0,0.0,0,0,3
No Tactical,5,206,train,random,player_win,-10.0,15,100.0,5,Expert,0.05,0.05,1,910,708,0.0,0.0,0,0,7
No Tactical,5,207,train,random,player_win,-10.0,5,100.0,5,Expert,0.05,0.05,1,912,709,0.0,0.0,0,0,2
No Tactical,5,208,train,random,player_win,-10.0,9,100.0,5,Expert,0.05,0.05,1,916,712,0.0,0.0,0,0,4
No Tactical,5,209,train,random,agent_win,10.0,10,92.0,5,Expert,0.05,0.05,1,921,716,3.0,3.0,0,0,5
No Tactical,5,210,train,random,player_win,-10.0,7,100.0,5,Expert,0.05,0.05,1,924,718,0.0,0.0,0,0,3
No Tactical,5,211,train,random,agent_win,10.0,10,92.0,5,Expert,0.05,0.05,1,929,722,3.0,3.0,0,0,5
No Tactical,5,212,train,random,agent_win,10.0,14,84.0,5,Expert,0.05,0.05,1,936,728,3.0,3.0,0,0,7
No Tactical,5,213,train,random,agent_win,10.0,12,76.0,4,Hard,0.05,0.05,1,942,733,3.0,3.0,0,0,6
No Tactical,5,214,train,random,player_win,-10.0,11,86.0,5,Expert,0.05,0.05,1,947,736,0.0,0.0,0,0,5
No Tactical,5,215,train,random,agent_win,10.0,8,78.0,4,Hard,0.05,0.05,1,951,739,3.0,3.0,0,0,4
No Tactical,5,216,train,random,player_win,-10.0,15,88.0,5,Expert,0.05,0.05,1,958,744,0.0,0.0,0,0,7
No Tactical,5,217,train,random,agent_win,10.0,8,80.0,5,Expert,0.05,0.05,1,962,747,3.0,3.0,0,0,4
No Tactical,5,218,train,random,player_win,-10.0,9,90.0,5,Expert,0.05,0.05,1,966,750,0.0,0.0,0,0,4
No Tactical,5,219,train,random,agent_win,10.0,10,82.0,5,Expert,0.05,0.05,1,971,754,3.0,3.0,0,0,5
No Tactical,5,220,train,random,agent_win,10.0,10,74.0,4,Hard,0.05,0.05,1,976,758,3.0,3.0,0,0,5
No Tactical,5,221,train,random,agent_win,10.0,10,66.0,4,Hard,0.05,0.05,1,981,762,3.0,3.0,0,0,5
No Tactical,5,222,train,random,player_win,-10.0,9,76.0,4,Hard,0.05,0.05,1,985,765,0.0,0.0,0,0,4
No Tactical,5,223,train,random,agent_win,10.0,10,68.0,4,Hard,0.05,0.05,1,990,768,3.0,3.0,0,1,4
No Tactical,5,224,train,random,agent_win,10.0,12,60.0,3,Normal,0.05,0.05,1,996,773,3.0,3.0,0,1,5
No Tactical,5,225,train,random,player_win,-10.0,11,70.0,4,Hard,0.05,0.05,1,1001,777,0.0,0.0,0,0,5
No Tactical,5,226,train,random,player_win,-10.0,11,80.0,5,Expert,0.05,0.05,1,1006,781,0.0,0.0,0,1,4
No Tactical,5,227,train,random,player_win,-10.0,13,90.0,5,Expert,0.05,0.05,1,1012,786,0.0,0.0,0,0,6
No Tactical,5,228,train,random,agent_win,10.0,6,82.0,5,Expert,0.05,0.05,1,1015,788,3.0,3.0,0,0,3
No Tactical,5,229,train,random,player_win,-10.0,7,92.0,5,Expert,0.05,0.05,1,1018,790,0.0,0.0,0,0,3
No Tactical,5,230,train,random,player_win,-10.0,9,100.0,5,Expert,0.05,0.05,1,1022,793,0.0,0.0,0,0,4
No Tactical,5,231,train,random,player_win,-10.0,5,100.0,5,Expert,0.05,0.05,1,1024,794,0.0,0.0,0,0,2
No Tactical,5,232,train,random,player_win,-10.0,13,100.0,5,Expert,0.05,0.05,1,1030,799,0.0,0.0,0,1,5
No Tactical,5,233,train,random,agent_win,10.0,12,92.0,5,Expert,0.05,0.05,1,1036,804,3.0,3.0,0,1,5
No Tactical,5,234,train,random,player_win,-10.0,13,100.0,5,Expert,0.05,0.05,1,1042,809,0.0,0.0,0,0,6
No Tactical,5,235,train,random,player_win,-10.0,13,100.0,5,Expert,0.05,0.05,1,1048,813,0.0,0.0,0,0,6
No Tactical,5,236,train,random,player_win,-10.0,5,100.0,5,Expert,0.05,0.05,1,1050,814,0.0,0.0,0,1,1
No Tactical,5,237,train,random,agent_win,10.0,12,92.0,5,Expert,0.05,0.05,1,1056,819,3.0,3.0,0,0,6
No Tactical,5,238,train,random,agent_win,10.0,10,84.0,5,Expert,0.05,0.05,1,1061,823,3.0,3.0,0,1,4
No Tactical,5,239,train,random,agent_win,10.0,6,76.0,4,Hard,0.05,0.05,1,1064,825,3.0,3.0,0,0,3
No Tactical,5,240,train,random,player_win,-10.0,11,86.0,5,Expert,0.05,0.05,1,1069,829,0.0,0.0,0,0,5
No Tactical,5,241,train,random,player_win,-10.0,11,96.0,5,Expert,0.05,0.05,1,1074,833,0.0,0.0,0,0,5
No Tactical,5,242,train,random,player_win,-10.0,5,100.0,5,Expert,0.05,0.05,1,1076,833,0.0,0.0,0,0,2
No Tactical,5,243,train,random,player_win,-10.0,7,100.0,5,Expert,0.05,0.05,1,1079,834,0.0,0.0,0,0,3
No Tactical,5,244,train,random,player_win,-10.0,7,100.0,5,Expert,0.05,0.05,1,1082,836,0.0,0.0,0,0,3
No Tactical,5,245,train,random,agent_win,10.0,12,92.0,5,Expert,0.05,0.05,1,1088,841,3.0,3.0,0,0,6
No Tactical,5,246,train,random,agent_win,10.0,8,84.0,5,Expert,0.05,0.05,1,1092,844,3.0,3.0,0,0,4
No Tactical,5,247,train,random,agent_win,10.0,8,76.0,4,Hard,0.05,0.05,1,1096,847,3.0,3.0,0,0,4
No Tactical,5,248,train,random,agent_win,10.0,12,68.0,4,Hard,0.05,0.05,1,1102,852,3.0,3.0,0,0,6
No Tactical,5,249,train,random,player_win,-10.0,11,78.0,4,Hard,0.05,0.05,1,1107,856,0.0,0.0,0,0,5
No Tactical,5,250,train,random,agent_win,10.0,6,70.0,4,Hard,0.05,0.05,1,1110,858,3.0,3.0,0,0,3
No Tactical,5,251,train,random,player_win,-10.0,11,80.0,5,Expert,0.05,0.05,1,1115,862,0.0,0.0,0,1,4
No Tactical,5,252,train,random,agent_win,10.0,10,72.0,4,Hard,0.05,0.05,1,1120,866,3.0,3.0,0,1,4
No Tactical,5,253,train,random,agent_win,10.0,6,64.0,3,Normal,0.05,0.05,1,1123,868,3.0,3.0,0,0,3
No Tactical,5,254,train,random,player_win,-10.0,7,74.0,4,Hard,0.05,0.05,1,1126,870,0.0,0.0,0,0,3
No Tactical,5,255,train,random,player_win,-10.0,11,84.0,5,Expert,0.05,0.05,1,1131,874,0.0,0.0,0,0,5
No Tactical,5,256,train,random,player_win,-10.0,11,94.0,5,Expert,0.05,0.05,1,1136,878,0.0,0.0,0,0,5
No Tactical,5,257,train,random,agent_win,10.0,8,86.0,5,Expert,0.05,0.05,1,1140,881,3.0,3.0,0,0,4
No Tactical,5,258,train,random,player_win,-10.0,11,96.0,5,Expert,0.05,0.05,1,1145,885,0.0,0.0,0,0,5
No Tactical,5,259,train,random,player_win,-10.0,5,100.0,5,Expert,0.05,0.05,1,1147,886,0.0,0.0,0,0,2
No Tactical,5,260,train,random,player_win,-10.0,13,100.0,5,Expert,0.05,0.05,1,1153,891,0.0,0.0,0,0,6
No Tactical,5,261,train,random,player_win,-10.0,7,100.0,5,Expert,0.05,0.05,1,1156,893,0.0,0.0,0,0,3
No Tactical,5,262,train,random,agent_win,10.0,14,92.0,5,Expert,0.05,0.05,1,1163,899,3.0,3.0,0,0,7
No Tactical,5,263,train,random,agent_win,10.0,6,84.0,5,Expert,0.05,0.05,1,1166,901,3.0,3.0,0,0,3
No Tactical,5,264,train,random,player_win,-10.0,9,94.0,5,Expert,0.05,0.05,1,1170,903,0.0,0.0,0,1,3
No Tactical,5,265,train,random,player_win,-10.0,9,100.0,5,Expert,0.05,0.05,1,1174,906,0.0,0.0,0,0,4
No Tactical,5,266,train,random,player_win,-10.0,9,100.0,5,Expert,0.05,0.05,1,1178,909,0.0,0.0,0,0,4
No Tactical,5,267,train,random,player_win,-10.0,7,100.0,5,Expert,0.05,0.05,1,1181,911,0.0,0.0,0,0,3
No Tactical,5,268,train,random,agent_win,10.0,10,92.0,5,Expert,0.05,0.05,1,1186,914,3.0,3.0,0,0,5
No Tactical,5,269,train,random,player_win,-10.0,11,100.0,5,Expert,0.05,0.05,1,1191,918,0.0,0.0,0,0,5
No Tactical,5,270,train,random,agent_win,10.0,10,92.0,5,Expert,0.05,0.05,1,1196,921,3.0,3.0,0,0,5
No Tactical,5,271,train,random,player_win,-10.0,9,100.0,5,Expert,0.05,0.05,1,1200,924,0.0,0.0,0,0,4
No Tactical,5,272,train,random,player_win,-10.0,13,100.0,5,Expert,0.05,0.05,1,1206,929,0.0,0.0,0,0,6
No Tactical,5,273,train,random,player_win,-10.0,5,100.0,5,Expert,0.05,0.05,1,1208,930,0.0,0.0,0,0,2
No Tactical,5,274,train,random,player_win,-10.0,9,100.0,5,Expert,0.05,0.05,1,1212,932,0.0,0.0,0,1,3
No Tactical,5,275,train,random,player_win,-10.0,13,100.0,5,Expert,0.05,0.05,1,1218,937,0.0,0.0,0,1,5
No Tactical,5,276,train,random,agent_win,10.0,12,92.0,5,Expert,0.05,0.05,1,1224,942,3.0,3.0,0,1,5
No Tactical,5,277,train,random,agent_win,10.0,10,84.0,5,Expert,0.05,0.05,1,1229,946,3.0,3.0,0,0,5
No Tactical,5,278,train,random,player_win,-10.0,5,94.0,5,Expert,0.05,0.05,1,1231,947,0.0,0.0,0,0,2
No Tactical,5,279,train,random,player_win,-10.0,9,100.0,5,Expert,0.05,0.05,1,1235,950,0.0,0.0,0,1,3
No Tactical,5,280,train,random,agent_win,10.0,10,92.0,5,Expert,0.05,0.05,1,1240,953,3.0,3.0,0,0,5
No Tactical,5,281,train,random,player_win,-10.0,13,100.0,5,Expert,0.05,0.05,1,1246,958,0.0,0.0,0,0,6
No Tactical,5,282,train,random,player_win,-10.0,7,100.0,5,Expert,0.05,0.05,1,1249,960,0.0,0.0,0,0,3
No Tactical,5,283,train,random,agent_win,10.0,8,92.0,5,Expert,0.05,0.05,1,1253,963,3.0,3.0,0,0,4
No Tactical,5,284,train,random,player_win,-10.0,9,100.0,5,Expert,0.05,0.05,1,1257,966,0.0,0.0,0,0,4
No Tactical,5,285,train,random,agent_win,10.0,8,92.0,5,Expert,0.05,0.05,1,1261,969,3.0,3.0,0,0,4
No Tactical,5,286,train,random,player_win,-10.0,11,100.0,5,Expert,0.05,0.05,1,1266,973,0.0,0.0,0,0,5
No Tactical,5,287,train,random,player_win,-10.0,9,100.0,5,Expert,0.05,0.05,1,1270,976,0.0,0.0,0,0,4
No Tactical,5,288,train,random,player_win,-10.0,9,100.0,5,Expert,0.05,0.05,1,1274,979,0.0,0.0,0,0,4
No Tactical,5,289,train,random,player_win,-10.0,9,100.0,5,Expert,0.05,0.05,1,1278,982,0.0,0.0,0,0,4
No Tactical,5,290,train,random,player_win,-10.0,9,100.0,5,Expert,0.05,0.05,1,1282,985,0.0,0.0,0,0,4
No Tactical,5,291,train,random,agent_win,10.0,10,92.0,5,Expert,0.05,0.05,1,1287,988,3.0,3.0,0,0,5
No Tactical,5,292,train,random,player_win,-10.0,7,100.0,5,Expert,0.05,0.05,1,1290,990,0.0,0.0,0,0,3
No Tactical,5,293,train,random,player_win,-10.0,7,100.0,5,Expert,0.05,0.05,1,1293,992,0.0,0.0,0,0,3
No Tactical,5,294,train,random,agent_win,10.0,10,92.0,5,Expert,0.05,0.05,1,1298,996,3.0,3.0,0,0,5
No Tactical,5,295,train,random,agent_win,10.0,6,84.0,5,Expert,0.05,0.05,1,1301,998,3.0,3.0,0,0,3
No Tactical,5,296,train,random,agent_win,10.0,12,76.0,4,Hard,0.05,0.05,1,1307,1002,3.0,3.0,0,0,6
No Tactical,5,297,train,random,player_win,-10.0,13,86.0,5,Expert,0.05,0.05,1,1313,1007,0.0,0.0,0,0,6
No Tactical,5,298,train,random,player_win,-10.0,11,96.0,5,Expert,0.05,0.05,1,1318,1011,0.0,0.0,0,0,5
No Tactical,5,299,train,random,player_win,-10.0,7,100.0,5,Expert,0.05,0.05,1,1321,1013,0.0,0.0,0,0,3
No Tactical,5,300,train,random,player_win,-10.0,9,100.0,5,Expert,0.05,0.05,1,1325,1016,0.0,0.0,0,1,3
No Tactical,5,301,train,random,player_win,-10.0,7,100.0,5,Expert,0.05,0.05,1,1328,1018,0.0,0.0,0,1,2
No Tactical,5,302,train,random,player_win,-10.0,11,100.0,5,Expert,0.05,0.05,1,1333,1022,0.0,0.0,0,0,5
No Tactical,5,303,train,random,agent_win,10.0,8,92.0,5,Expert,0.05,0.05,1,1337,1024,3.0,3.0,0,0,4
No Tactical,5,304,train,random,agent_win,10.0,12,84.0,5,Expert,0.05,0.05,1,1343,1029,3.0,3.0,0,0,6
No Tactical,5,305,train,random,agent_win,10.0,10,76.0,4,Hard,0.05,0.05,1,1348,1032,3.0,3.0,0,0,5
No Tactical,5,306,train,random,player_win,-10.0,7,86.0,5,Expert,0.05,0.05,1,1351,1034,0.0,0.0,0,0,3
No Tactical,5,307,train,random,agent_win,10.0,10,78.0,4,Hard,0.05,0.05,1,1356,1038,3.0,3.0,0,1,4
No Tactical,5,308,train,random,player_win,-10.0,13,88.0,5,Expert,0.05,0.05,1,1362,1043,0.0,0.0,0,0,6
No Tactical,5,309,train,random,player_win,-10.0,11,98.0,5,Expert,0.05,0.05,1,1367,1047,0.0,0.0,0,0,5
No Tactical,5,310,train,random,agent_win,10.0,12,90.0,5,Expert,0.05,0.05,1,1373,1052,3.0,3.0,0,0,6
No Tactical,5,311,train,random,player_win,-10.0,11,100.0,5,Expert,0.05,0.05,1,1378,1055,0.0,0.0,0,0,5
No Tactical,5,312,train,random,player_win,-10.0,13,100.0,5,Expert,0.05,0.05,1,1384,1060,0.0,0.0,0,1,5
No Tactical,5,313,train,random,player_win,-10.0,13,100.0,5,Expert,0.05,0.05,1,1390,1065,0.0,0.0,0,0,6
No Tactical,5,314,train,random,player_win,-10.0,11,100.0,5,Expert,0.05,0.05,1,1395,1069,0.0,0.0,0,0,5
No Tactical,5,315,train,random,agent_win,10.0,10,92.0,5,Expert,0.05,0.05,1,1400,1073,3.0,3.0,0,0,5
No Tactical,5,316,train,random,player_win,-10.0,7,100.0,5,Expert,0.05,0.05,1,1403,1074,0.0,0.0,0,1,2
No Tactical,5,317,train,random,agent_win,10.0,12,92.0,5,Expert,0.05,0.05,1,1409,1079,3.0,3.0,0,0,6
No Tactical,5,318,train,random,agent_win,10.0,12,84.0,5,Expert,0.05,0.05,1,1415,1084,3.0,3.0,0,0,6
No Tactical,5,319,train,random,agent_win,10.0,10,76.0,4,Hard,0.05,0.05,1,1420,1087,3.0,3.0,0,0,5
No Tactical,5,320,train,random,player_win,-10.0,7,86.0,5,Expert,0.05,0.05,1,1423,1088,0.0,0.0,0,0,3
No Tactical,5,321,train,random,player_win,-10.0,11,96.0,5,Expert,0.05,0.05,1,1428,1092,0.0,0.0,0,0,5
No Tactical,5,322,train,random,player_win,-10.0,7,100.0,5,Expert,0.05,0.05,1,1431,1093,0.0,0.0,0,0,3
No Tactical,5,323,train,random,agent_win,10.0,10,92.0,5,Expert,0.05,0.05,1,1436,1097,3.0,3.0,0,0,5
No Tactical,5,324,train,random,player_win,-10.0,9,100.0,5,Expert,0.05,0.05,1,1440,1099,0.0,0.0,0,0,4
No Tactical,5,325,train,random,agent_win,10.0,6,92.0,5,Expert,0.05,0.05,1,1443,1101,3.0,3.0,0,0,3
No Tactical,5,326,train,random,player_win,-10.0,9,100.0,5,Expert,0.05,0.05,1,1447,1104,0.0,0.0,0,1,3
No Tactical,5,327,train,random,player_win,-10.0,9,100.0,5,Expert,0.05,0.05,1,1451,1107,0.0,0.0,0,0,4
No Tactical,5,328,train,random,player_win,-10.0,11,100.0,5,Expert,0.05,0.05,1,1456,1111,0.0,0.0,0,0,5
No Tactical,5,329,train,random,player_win,-10.0,7,100.0,5,Expert,0.05,0.05,1,1459,1112,0.0,0.0,0,0,3
No Tactical,5,330,train,random,player_win,-10.0,5,100.0,5,Expert,0.05,0.05,1,1461,1112,0.0,0.0,0,0,2
No Tactical,5,331,train,random,agent_win,10.0,10,92.0,5,Expert,0.05,0.05,1,1466,1116,3.0,3.0,0,0,5
No Tactical,5,332,train,random,player_win,-10.0,7,100.0,5,Expert,0.05,0.05,1,1469,1118,0.0,0.0,0,0,3
No Tactical,5,333,train,random,player_win,-10.0,9,100.0,5,Expert,0.05,0.05,1,1473,1121,0.0,0.0,0,1,3
No Tactical,5,334,train,random,player_win,-10.0,11,100.0,5,Expert,0.05,0.05,1,1478,1125,0.0,0.0,0,0,5
No Tactical,5,335,train,random,player_win,-10.0,13,100.0,5,Expert,0.05,0.05,1,1484,1129,0.0,0.0,0,0,6
No Tactical,5,336,train,random,player_win,-10.0,11,100.0,5,Expert,0.05,0.05,1,1489,1133,0.0,0.0,0,2,3
No Tactical,5,337,train,random,player_win,-10.0,7,100.0,5,Expert,0.05,0.05,1,1492,1135,0.0,0.0,0,1,2
No Tactical,5,338,train,random,agent_win,10.0,8,92.0,5,Expert,0.05,0.05,1,1496,1138,3.0,3.0,0,0,4
No Tactical,5,339,train,random,player_win,-10.0,9,100.0,5,Expert,0.05,0.05,1,1500,1141,0.0,0.0,0,0,4
No Tactical,5,340,train,random,agent_win,10.0,10,92.0,5,Expert,0.05,0.05,1,1505,1145,3.0,3.0,0,0,5
No Tactical,5,341,train,random,player_win,-10.0,11,100.0,5,Expert,0.05,0.05,1,1510,1149,0.0,0.0,0,0,5
No Tactical,5,342,train,random,player_win,-10.0,9,100.0,5,Expert,0.05,0.05,1,1514,1152,0.0,0.0,0,0,4
No Tactical,5,343,train,random,player_win,-10.0,11,100.0,5,Expert,0.05,0.05,1,1519,1156,0.0,0.0,0,0,5
No Tactical,5,344,train,random,agent_win,10.0,8,92.0,5,Expert,0.05,0.05,1,1523,1159,3.0,3.0,0,1,3
No Tactical,5,345,train,random,player_win,-10.0,5,100.0,5,Expert,0.05,0.05,1,1525,1160,0.0,0.0,0,0,2
No Tactical,5,346,train,random,agent_win,10.0,10,92.0,5,Expert,0.05,0.05,1,1530,1164,3.0,3.0,0,0,5
No Tactical,5,347,train,random,player_win,-10.0,9,100.0,5,Expert,0.05,0.05,1,1534,1167,0.0,0.0,0,0,4
No Tactical,5,348,train,random,agent_win,10.0,6,92.0,5,Expert,0.05,0.05,1,1537,1169,3.0,3.0,0,0,3
No Tactical,5,349,train,random,agent_win,10.0,10,84.0,5,Expert,0.05,0.05,1,1542,1173,3.0,3.0,0,0,5
No Tactical,5,350,train,random,agent_win,10.0,10,76.0,4,Hard,0.05,0.05,1,1547,1177,3.0,3.0,0,0,5
No Tactical,5,351,train,random,player_win,-10.0,9,86.0,5,Expert,0.05,0.05,1,1551,1180,0.0,0.0,0,0,4
No Tactical,5,352,train,random,agent_win,10.0,6,78.0,4,Hard,0.05,0.05,1,1554,1182,3.0,3.0,0,1,2
No Tactical,5,353,train,random,player_win,-10.0,15,88.0,5,Expert,0.05,0.05,1,1561,1187,0.0,0.0,0,0,7
No Tactical,5,354,train,random,agent_win,10.0,10,80.0,5,Expert,0.05,0.05,1,1566,1191,3.0,3.0,0,0,5
No Tactical,5,355,train,random,agent_win,10.0,10,72.0,4,Hard,0.05,0.05,1,1571,1195,3.0,3.0,0,0,5
No Tactical,5,356,train,random,player_win,-10.0,9,82.0,5,Expert,0.05,0.05,1,1575,1197,0.0,0.0,0,0,4
No Tactical,5,357,train,random,agent_win,10.0,10,74.0,4,Hard,0.05,0.05,1,1580,1200,3.0,3.0,0,0,5
No Tactical,5,358,train,random,player_win,-10.0,7,84.0,5,Expert,0.05,0.05,1,1583,1202,0.0,0.0,0,0,3
No Tactical,5,359,train,random,agent_win,10.0,10,76.0,4,Hard,0.05,0.05,1,1588,1206,3.0,3.0,0,0,5
No Tactical,5,360,train,random,agent_win,10.0,12,68.0,4,Hard,0.05,0.05,1,1594,1211,3.0,3.0,0,0,6
No Tactical,5,361,train,random,agent_win,10.0,8,60.0,3,Normal,0.05,0.05,1,1598,1214,3.0,3.0,0,0,4
No Tactical,5,362,train,random,player_win,-10.0,9,70.0,4,Hard,0.05,0.05,1,1602,1217,0.0,0.0,0,1,3
No Tactical,5,363,train,random,agent_win,10.0,6,62.0,3,Normal,0.05,0.05,1,1605,1219,3.0,3.0,0,0,3
No Tactical,5,364,train,random,agent_win,10.0,10,54.0,3,Normal,0.05,0.05,1,1610,1222,3.0,3.0,0,0,5
No Tactical,5,365,train,random,agent_win,10.0,10,46.0,3,Normal,0.05,0.05,1,1615,1226,3.0,3.0,0,0,5
No Tactical,5,366,train,random,agent_win,10.0,12,38.0,2,Easy,0.05,0.05500000000000001,1,1621,1231,3.0,3.0,0,0,6
No Tactical,5,367,train,random,player_win,-10.0,11,48.0,3,Normal,0.05,0.05,1,1626,1235,0.0,0.0,0,1,4
No Tactical,5,368,train,random,player_win,-10.0,9,58.0,3,Normal,0.05,0.05,1,1630,1238,0.0,0.0,0,0,4
No Tactical,5,369,train,random,player_win,-10.0,7,68.0,4,Hard,0.05,0.05,1,1633,1240,0.0,0.0,0,0,3
No Tactical,5,370,train,random,player_win,-10.0,11,78.0,4,Hard,0.05,0.05,1,1638,1243,0.0,0.0,0,0,5
No Tactical,5,371,train,random,player_win,-10.0,9,88.0,5,Expert,0.05,0.05,1,1642,1246,0.0,0.0,0,1,3
No Tactical,5,372,train,random,player_win,-10.0,15,98.0,5,Expert,0.05,0.05,1,1649,1252,0.0,0.0,0,0,7
No Tactical,5,373,train,random,agent_win,10.0,8,90.0,5,Expert,0.05,0.05,1,1653,1255,3.0,3.0,0,0,4
No Tactical,5,374,train,random,agent_win,10.0,8,82.0,5,Expert,0.05,0.05,1,1657,1258,3.0,3.0,0,0,4
No Tactical,5,375,train,random,player_win,-10.0,9,92.0,5,Expert,0.05,0.05,1,1661,1261,0.0,0.0,0,0,4
No Tactical,5,376,train,random,agent_win,10.0,10,84.0,5,Expert,0.05,0.05,1,1666,1265,3.0,3.0,0,0,5
No Tactical,5,377,train,random,agent_win,10.0,10,76.0,4,Hard,0.05,0.05,1,1671,1268,3.0,3.0,0,0,5
No Tactical,5,378,train,random,player_win,-10.0,13,86.0,5,Expert,0.05,0.05,1,1677,1273,0.0,0.0,0,0,6
No Tactical,5,379,train,random,agent_win,10.0,8,78.0,4,Hard,0.05,0.05,1,1681,1276,3.0,3.0,0,0,4
No Tactical,5,380,train,random,player_win,-10.0,5,88.0,5,Expert,0.05,0.05,1,1683,1277,0.0,0.0,0,0,2
No Tactical,5,381,train,random,player_win,-10.0,11,98.0,5,Expert,0.05,0.05,1,1688,1281,0.0,0.0,0,0,5
No Tactical,5,382,train,random,player_win,-10.0,9,100.0,5,Expert,0.05,0.05,1,1692,1284,0.0,0.0,0,1,3
No Tactical,5,383,train,random,player_win,-10.0,13,100.0,5,Expert,0.05,0.05,1,1698,1289,0.0,0.0,0,2,4
No Tactical,5,384,train,random,agent_win,10.0,10,92.0,5,Expert,0.05,0.05,1,1703,1293,3.0,3.0,0,1,4
No Tactical,5,385,train,random,agent_win,10.0,14,84.0,5,Expert,0.05,0.05,1,1710,1298,3.0,3.0,0,0,7
No Tactical,5,386,train,random,agent_win,10.0,8,76.0,4,Hard,0.05,0.05,1,1714,1300,3.0,3.0,0,0,4
No Tactical,5,387,train,random,agent_win,10.0,8,68.0,4,Hard,0.05,0.05,1,1718,1302,3.0,3.0,0,0,4
No Tactical,5,388,train,random,player_win,-10.0,13,78.0,4,Hard,0.05,0.05,1,1724,1306,0.0,0.0,0,0,6
No Tactical,5,389,train,random,agent_win,10.0,10,70.0,4,Hard,0.05,0.05,1,1729,1310,3.0,3.0,0,0,5
No Tactical,5,390,train,random,agent_win,10.0,12,62.0,3,Normal,0.05,0.05,1,1735,1315,3.0,3.0,0,0,6
No Tactical,5,391,train,random,player_win,-10.0,9,72.0,4,Hard,0.05,0.05,1,1739,1318,0.0,0.0,0,0,4
No Tactical,5,392,train,random,agent_win,10.0,10,64.0,3,Normal,0.05,0.05,1,1744,1322,3.0,3.0,0,0,5
No Tactical,5,393,train,random,player_win,-10.0,11,74.0,4,Hard,0.05,0.05,1,1749,1326,0.0,0.0,0,0,5
No Tactical,5,394,train,random,agent_win,10.0,12,66.0,4,Hard,0.05,0.05,1,1755,1331,3.0,3.0,0,0,6
No Tactical,5,395,train,random,agent_win,10.0,8,58.0,3,Normal,0.05,0.05,1,1759,1334,3.0,3.0,0,0,4
No Tactical,5,396,train,random,agent_win,10.0,10,50.0,3,Normal,0.05,0.05,1,1764,1338,3.0,3.0,0,0,5
No Tactical,5,397,train,random,agent_win,10.0,10,42.0,2,Easy,0.05,0.05500000000000001,1,1769,1342,3.0,3.0,0,1,4
No Tactical,5,398,train,random,player_win,-10.0,9,52.0,3,Normal,0.05,0.05,1,1773,1345,0.0,0.0,0,0,4
No Tactical,5,399,train,random,player_win,-10.0,7,62.0,3,Normal,0.05,0.05,1,1776,1347,0.0,0.0,0,1,2
No Tactical,5,400,train,random,player_win,-10.0,7,72.0,4,Hard,0.05,0.05,1,1779,1349,0.0,0.0,0,0,3
No Tactical,5,401,train,random,player_win,-10.0,7,82.0,5,Expert,0.05,0.05,1,1782,1351,0.0,0.0,0,1,2
No Tactical,5,402,train,random,agent_win,10.0,10,74.0,4,Hard,0.05,0.05,1,1787,1354,3.0,3.0,0,0,5
No Tactical,5,403,train,random,agent_win,10.0,12,66.0,4,Hard,0.05,0.05,1,1793,1359,3.0,3.0,0,1,5
No Tactical,5,404,train,random,player_win,-10.0,9,76.0,4,Hard,0.05,0.05,1,1797,1362,0.0,0.0,0,0,4
No Tactical,5,405,train,random,agent_win,10.0,8,68.0,4,Hard,0.05,0.05,1,1801,1364,3.0,3.0,0,0,4
No Tactical,5,406,train,random,player_win,-10.0,5,78.0,4,Hard,0.05,0.05,1,1803,1365,0.0,0.0,0,1,1
No Tactical,5,407,train,random,agent_win,10.0,6,70.0,4,Hard,0.05,0.05,1,1806,1367,3.0,3.0,0,0,3
No Tactical,5,408,train,random,agent_win,10.0,10,62.0,3,Normal,0.05,0.05,1,1811,1371,3.0,3.0,0,1,4
No Tactical,5,409,train,random,player_win,-10.0,9,72.0,4,Hard,0.05,0.05,1,1815,1374,0.0,0.0,0,0,4
No Tactical,5,410,train,random,player_win,-10.0,11,82.0,5,Expert,0.05,0.05,1,1820,1378,0.0,0.0,0,1,4
No Tactical,5,411,train,random,player_win,-10.0,11,92.0,5,Expert,0.05,0.05,1,1825,1382,0.0,0.0,0,0,5
No Tactical,5,412,train,random,player_win,-10.0,7,100.0,5,Expert,0.05,0.05,1,1828,1384,0.0,0.0,0,0,3
No Tactical,5,413,train,random,player_win,-10.0,11,100.0,5,Expert,0.05,0.05,1,1833,1388,0.0,0.0,0,0,5
No Tactical,5,414,train,random,player_win,-10.0,13,100.0,5,Expert,0.05,0.05,1,1839,1393,0.0,0.0,0,0,6
No Tactical,5,415,train,random,player_win,-10.0,11,100.0,5,Expert,0.05,0.05,1,1844,1397,0.0,0.0,0,0,5
No Tactical,5,416,train,random,agent_win,10.0,14,92.0,5,Expert,0.05,0.05,1,1851,1403,3.0,3.0,0,1,6
No Tactical,5,417,train,random,agent_win,10.0,12,84.0,5,Expert,0.05,0.05,1,1857,1408,3.0,3.0,0,1,5
No Tactical,5,418,train,random,agent_win,10.0,12,76.0,4,Hard,0.05,0.05,1,1863,1413,3.0,3.0,0,0,6
No Tactical,5,419,train,random,player_win,-10.0,7,86.0,5,Expert,0.05,0.05,1,1866,1415,0.0,0.0,0,0,3
No Tactical,5,420,train,random,player_win,-10.0,7,96.0,5,Expert,0.05,0.05,1,1869,1417,0.0,0.0,0,0,3
No Tactical,5,421,train,random,player_win,-10.0,7,100.0,5,Expert,0.05,0.05,1,1872,1418,0.0,0.0,0,0,3
No Tactical,5,422,train,random,agent_win,10.0,8,92.0,5,Expert,0.05,0.05,1,1876,1421,3.0,3.0,0,0,4
No Tactical,5,423,train,random,player_win,-10.0,11,100.0,5,Expert,0.05,0.05,1,1881,1424,0.0,0.0,0,1,4
No Tactical,5,424,train,random,player_win,-10.0,9,100.0,5,Expert,0.05,0.05,1,1885,1427,0.0,0.0,0,1,3
No Tactical,5,425,train,random,player_win,-10.0,11,100.0,5,Expert,0.05,0.05,1,1890,1430,0.0,0.0,0,0,5
No Tactical,5,426,train,random,agent_win,10.0,8,92.0,5,Expert,0.05,0.05,1,1894,1433,3.0,3.0,0,0,4
No Tactical,5,427,train,random,agent_win,10.0,6,84.0,5,Expert,0.05,0.05,1,1897,1435,3.0,3.0,0,0,3
No Tactical,5,428,train,random,player_win,-10.0,7,94.0,5,Expert,0.05,0.05,1,1900,1436,0.0,0.0,0,1,2
No Tactical,5,429,train,random,player_win,-10.0,7,100.0,5,Expert,0.05,0.05,1,1903,1438,0.0,0.0,0,0,3
No Tactical,5,430,train,random,player_win,-10.0,11,100.0,5,Expert,0.05,0.05,1,1908,1441,0.0,0.0,0,0,5
No Tactical,5,431,train,random,agent_win,10.0,10,92.0,5,Expert,0.05,0.05,1,1913,1445,3.0,3.0,0,0,5
No Tactical,5,432,train,random,agent_win,10.0,14,84.0,5,Expert,0.05,0.05,1,1920,1451,3.0,3.0,0,0,7
No Tactical,5,433,train,random,player_win,-10.0,13,94.0,5,Expert,0.05,0.05,1,1926,1456,0.0,0.0,0,0,6
No Tactical,5,434,train,random,player_win,-10.0,5,100.0,5,Expert,0.05,0.05,1,1928,1457,0.0,0.0,0,0,2
No Tactical,5,435,train,random,agent_win,10.0,12,92.0,5,Expert,0.05,0.05,1,1934,1462,3.0,3.0,0,0,6
No Tactical,5,436,train,random,player_win,-10.0,9,100.0,5,Expert,0.05,0.05,1,1938,1465,0.0,0.0,0,0,4
No Tactical,5,437,train,random,player_win,-10.0,11,100.0,5,Expert,0.05,0.05,1,1943,1469,0.0,0.0,0,1,4
No Tactical,5,438,train,random,player_win,-10.0,11,100.0,5,Expert,0.05,0.05,1,1948,1473,0.0,0.0,0,0,5
No Tactical,5,439,train,random,player_win,-10.0,11,100.0,5,Expert,0.05,0.05,1,1953,1476,0.0,0.0,0,1,4
No Tactical,5,440,train,random,agent_win,10.0,8,92.0,5,Expert,0.05,0.05,1,1957,1479,3.0,3.0,0,0,4
No Tactical,5,441,train,random,player_win,-10.0,7,100.0,5,Expert,0.05,0.05,1,1960,1481,0.0,0.0,0,0,3
No Tactical,5,442,train,random,agent_win,10.0,8,92.0,5,Expert,0.05,0.05,1,1964,1484,3.0,3.0,0,1,3
No Tactical,5,443,train,random,player_win,-10.0,11,100.0,5,Expert,0.05,0.05,1,1969,1487,0.0,0.0,0,0,5
No Tactical,5,444,train,random,agent_win,10.0,10,92.0,5,Expert,0.05,0.05,1,1974,1491,3.0,3.0,0,1,4
No Tactical,5,445,train,random,agent_win,10.0,8,84.0,5,Expert,0.05,0.05,1,1978,1493,3.0,3.0,0,1,3
No Tactical,5,446,train,random,player_win,-10.0,7,94.0,5,Expert,0.05,0.05,1,1981,1495,0.0,0.0,0,1,2
No Tactical,5,447,train,random,player_win,-10.0,11,100.0,5,Expert,0.05,0.05,1,1986,1497,0.0,0.0,0,1,4
No Tactical,5,448,train,random,player_win,-10.0,11,100.0,5,Expert,0.05,0.05,1,1991,1501,0.0,0.0,0,0,5
No Tactical,5,449,train,random,player_win,-10.0,11,100.0,5,Expert,0.05,0.05,1,1996,1505,0.0,0.0,0,0,5
No Tactical,5,450,train,random,agent_win,10.0,10,92.0,5,Expert,0.05,0.05,1,2001,1508,3.0,3.0,0,0,5
No Tactical,5,451,train,random,player_win,-10.0,11,100.0,5,Expert,0.05,0.05,1,2006,1512,0.0,0.0,0,1,4
No Tactical,5,452,train,random,agent_win,10.0,8,92.0,5,Expert,0.05,0.05,1,2010,1515,3.0,3.0,0,1,3
No Tactical,5,453,train,random,agent_win,10.0,10,84.0,5,Expert,0.05,0.05,1,2015,1519,3.0,3.0,0,0,5
No Tactical,5,454,train,random,player_win,-10.0,5,94.0,5,Expert,0.05,0.05,1,2017,1520,0.0,0.0,0,0,2
No Tactical,5,455,train,random,agent_win,10.0,8,86.0,5,Expert,0.05,0.05,1,2021,1523,3.0,3.0,0,0,4
No Tactical,5,456,train,random,player_win,-10.0,7,96.0,5,Expert,0.05,0.05,1,2024,1524,0.0,0.0,0,0,3
No Tactical,5,457,train,random,player_win,-10.0,5,100.0,5,Expert,0.05,0.05,1,2026,1525,0.0,0.0,0,0,2
No Tactical,5,458,train,random,player_win,-10.0,9,100.0,5,Expert,0.05,0.05,1,2030,1528,0.0,0.0,0,0,4
No Tactical,5,459,train,random,agent_win,10.0,10,92.0,5,Expert,0.05,0.05,1,2035,1531,3.0,3.0,0,0,5
No Tactical,5,460,train,random,player_win,-10.0,7,100.0,5,Expert,0.05,0.05,1,2038,1532,0.0,0.0,0,0,3
No Tactical,5,461,train,random,agent_win,10.0,12,92.0,5,Expert,0.05,0.05,1,2044,1537,3.0,3.0,0,0,6
No Tactical,5,462,train,random,player_win,-10.0,9,100.0,5,Expert,0.05,0.05,1,2048,1540,0.0,0.0,0,0,4
No Tactical,5,463,train,random,player_win,-10.0,11,100.0,5,Expert,0.05,0.05,1,2053,1544,0.0,0.0,0,0,5
No Tactical,5,464,train,random,player_win,-10.0,13,100.0,5,Expert,0.05,0.05,1,2059,1549,0.0,0.0,0,1,5
No Tactical,5,465,train,random,player_win,-10.0,11,100.0,5,Expert,0.05,0.05,1,2064,1552,0.0,0.0,0,0,5
No Tactical,5,466,train,random,player_win,-10.0,9,100.0,5,Expert,0.05,0.05,1,2068,1555,0.0,0.0,0,0,4
No Tactical,5,467,train,random,player_win,-10.0,9,100.0,5,Expert,0.05,0.05,1,2072,1558,0.0,0.0,0,0,4
No Tactical,5,468,train,random,player_win,-10.0,9,100.0,5,Expert,0.05,0.05,1,2076,1560,0.0,0.0,0,0,4
No Tactical,5,469,train,random,agent_win,10.0,10,92.0,5,Expert,0.05,0.05,1,2081,1564,3.0,3.0,0,0,5
No Tactical,5,470,train,random,player_win,-10.0,9,100.0,5,Expert,0.05,0.05,1,2085,1566,0.0,0.0,0,0,4
No Tactical,5,471,train,random,player_win,-10.0,11,100.0,5,Expert,0.05,0.05,1,2090,1570,0.0,0.0,0,0,5
No Tactical,5,472,train,random,agent_win,10.0,10,92.0,5,Expert,0.05,0.05,1,2095,1574,3.0,3.0,0,0,5
No Tactical,5,473,train,random,player_win,-10.0,13,100.0,5,Expert,0.05,0.05,1,2101,1578,0.0,0.0,0,0,6
No Tactical,5,474,train,random,player_win,-10.0,5,100.0,5,Expert,0.05,0.05,1,2103,1579,0.0,0.0,0,0,2
No Tactical,5,475,train,random,player_win,-10.0,9,100.0,5,Expert,0.05,0.05,1,2107,1581,0.0,0.0,0,0,4
No Tactical,5,476,train,random,player_win,-10.0,11,100.0,5,Expert,0.05,0.05,1,2112,1585,0.0,0.0,0,0,5
No Tactical,5,477,train,random,player_win,-10.0,13,100.0,5,Expert,0.05,0.05,1,2118,1590,0.0,0.0,0,0,6
No Tactical,5,478,train,random,agent_win,10.0,14,92.0,5,Expert,0.05,0.05,1,2125,1595,3.0,3.0,0,1,6
No Tactical,5,479,train,random,player_win,-10.0,15,100.0,5,Expert,0.05,0.05,1,2132,1601,0.0,0.0,0,0,7
No Tactical,5,480,train,random,player_win,-10.0,11,100.0,5,Expert,0.05,0.05,1,2137,1604,0.0,0.0,0,0,5
No Tactical,5,481,train,random,agent_win,10.0,10,92.0,5,Expert,0.05,0.05,1,2142,1608,3.0,3.0,0,1,4
No Tactical,5,482,train,random,player_win,-10.0,13,100.0,5,Expert,0.05,0.05,1,2148,1613,0.0,0.0,0,0,6
No Tactical,5,483,train,random,agent_win,10.0,8,92.0,5,Expert,0.05,0.05,1,2152,1616,3.0,3.0,0,1,3
No Tactical,5,484,train,random,player_win,-10.0,13,100.0,5,Expert,0.05,0.05,1,2158,1621,0.0,0.0,0,0,6
No Tactical,5,485,train,random,agent_win,10.0,12,92.0,5,Expert,0.05,0.05,1,2164,1625,3.0,3.0,0,0,6
No Tactical,5,486,train,random,player_win,-10.0,13,100.0,5,Expert,0.05,0.05,1,2170,1630,0.0,0.0,0,0,6
No Tactical,5,487,train,random,player_win,-10.0,11,100.0,5,Expert,0.05,0.05,1,2175,1633,0.0,0.0,0,0,5
No Tactical,5,488,train,random,player_win,-10.0,9,100.0,5,Expert,0.05,0.05,1,2179,1636,0.0,0.0,0,0,4
No Tactical,5,489,train,random,player_win,-10.0,9,100.0,5,Expert,0.05,0.05,1,2183,1639,0.0,0.0,0,0,4
No Tactical,5,490,train,random,player_win,-10.0,9,100.0,5,Expert,0.05,0.05,1,2187,1642,0.0,0.0,0,0,4
No Tactical,5,491,train,random,player_win,-10.0,11,100.0,5,Expert,0.05,0.05,1,2192,1646,0.0,0.0,0,0,5
No Tactical,5,492,train,random,player_win,-10.0,11,100.0,5,Expert,0.05,0.05,1,2197,1650,0.0,0.0,0,0,5
No Tactical,5,493,train,random,player_win,-10.0,9,100.0,5,Expert,0.05,0.05,1,2201,1653,0.0,0.0,0,2,2
No Tactical,5,494,train,random,agent_win,10.0,14,92.0,5,Expert,0.05,0.05,1,2208,1658,3.0,3.0,0,0,7
No Tactical,5,495,train,random,player_win,-10.0,11,100.0,5,Expert,0.05,0.05,1,2213,1662,0.0,0.0,0,0,5
No Tactical,5,496,train,random,agent_win,10.0,8,92.0,5,Expert,0.05,0.05,1,2217,1665,3.0,3.0,0,0,4
No Tactical,5,497,train,random,player_win,-10.0,11,100.0,5,Expert,0.05,0.05,1,2222,1669,0.0,0.0,0,0,5
No Tactical,5,498,train,random,agent_win,10.0,8,92.0,5,Expert,0.05,0.05,1,2226,1672,3.0,3.0,0,0,4
No Tactical,5,499,train,random,agent_win,10.0,12,84.0,5,Expert,0.05,0.05,1,2232,1676,3.0,3.0,0,0,6
No Tactical,5,500,train,random,agent_win,10.0,8,76.0,4,Hard,0.05,0.05,1,2236,1679,3.0,3.0,0,0,4
No Tactical,5,501,train,random,player_win,-10.0,5,86.0,5,Expert,0.05,0.05,1,2238,1680,0.0,0.0,0,0,2
No Tactical,5,502,train,random,agent_win,10.0,8,78.0,4,Hard,0.05,0.05,1,2242,1682,3.0,3.0,0,0,4
No Tactical,5,503,train,random,player_win,-10.0,5,88.0,5,Expert,0.05,0.05,1,2244,1683,0.0,0.0,0,0,2
No Tactical,5,504,train,random,player_win,-10.0,13,98.0,5,Expert,0.05,0.05,1,2250,1687,0.0,0.0,0,0,6
No Tactical,5,505,train,random,agent_win,10.0,8,90.0,5,Expert,0.05,0.05,1,2254,1689,3.0,3.0,0,0,4
No Tactical,5,506,train,random,player_win,-10.0,9,100.0,5,Expert,0.05,0.05,1,2258,1692,0.0,0.0,0,0,4
No Tactical,5,507,train,random,agent_win,10.0,8,92.0,5,Expert,0.05,0.05,1,2262,1695,3.0,3.0,0,0,4
No Tactical,5,508,train,random,agent_win,10.0,10,84.0,5,Expert,0.05,0.05,1,2267,1699,3.0,3.0,0,0,5
No Tactical,5,509,train,random,player_win,-10.0,5,94.0,5,Expert,0.05,0.05,1,2269,1700,0.0,0.0,0,0,2
No Tactical,5,510,train,random,player_win,-10.0,11,100.0,5,Expert,0.05,0.05,1,2274,1704,0.0,0.0,0,0,5
No Tactical,5,511,train,random,player_win,-10.0,11,100.0,5,Expert,0.05,0.05,1,2279,1708,0.0,0.0,0,0,5
No Tactical,5,512,train,random,player_win,-10.0,15,100.0,5,Expert,0.05,0.05,1,2286,1713,0.0,0.0,0,0,7
No Tactical,5,513,train,random,player_win,-10.0,7,100.0,5,Expert,0.05,0.05,1,2289,1714,0.0,0.0,0,0,3
No Tactical,5,514,train,random,player_win,-10.0,11,100.0,5,Expert,0.05,0.05,1,2294,1718,0.0,0.0,0,0,5
No Tactical,5,515,train,random,agent_win,10.0,14,92.0,5,Expert,0.05,0.05,1,2301,1724,3.0,3.0,0,0,7
No Tactical,5,516,train,random,player_win,-10.0,7,100.0,5,Expert,0.05,0.05,1,2304,1726,0.0,0.0,0,0,3
No Tactical,5,517,train,random,player_win,-10.0,11,100.0,5,Expert,0.05,0.05,1,2309,1730,0.0,0.0,0,1,4
No Tactical,5,518,train,random,player_win,-10.0,7,100.0,5,Expert,0.05,0.05,1,2312,1732,0.0,0.0,0,0,3
No Tactical,5,519,train,random,player_win,-10.0,9,100.0,5,Expert,0.05,0.05,1,2316,1735,0.0,0.0,0,1,3
No Tactical,5,520,train,random,player_win,-10.0,9,100.0,5,Expert,0.05,0.05,1,2320,1738,0.0,0.0,0,0,4
No Tactical,5,521,train,random,agent_win,10.0,10,92.0,5,Expert,0.05,0.05,1,2325,1742,3.0,3.0,0,0,5
No Tactical,5,522,train,random,agent_win,10.0,12,84.0,5,Expert,0.05,0.05,1,2331,1747,3.0,3.0,0,0,6
No Tactical,5,523,train,random,agent_win,10.0,8,76.0,4,Hard,0.05,0.05,1,2335,1750,3.0,3.0,0,0,4
No Tactical,5,524,train,random,player_win,-10.0,11,86.0,5,Expert,0.05,0.05,1,2340,1753,0.0,0.0,0,0,5
No Tactical,5,525,train,random,player_win,-10.0,13,96.0,5,Expert,0.05,0.05,1,2346,1758,0.0,0.0,0,0,6
No Tactical,5,526,train,random,player_win,-10.0,13,100.0,5,Expert,0.05,0.05,1,2352,1763,0.0,0.0,0,0,6
No Tactical,5,527,train,random,player_win,-10.0,9,100.0,5,Expert,0.05,0.05,1,2356,1766,0.0,0.0,0,0,4
No Tactical,5,528,train,random,agent_win,10.0,14,92.0,5,Expert,0.05,0.05,1,2363,1772,3.0,3.0,0,0,7
No Tactical,5,529,train,random,player_win,-10.0,13,100.0,5,Expert,0.05,0.05,1,2369,1777,0.0,0.0,0,1,5
No Tactical,5,530,train,random,player_win,-10.0,9,100.0,5,Expert,0.05,0.05,1,2373,1780,0.0,0.0,0,0,4
No Tactical,5,531,train,random,player_win,-10.0,11,100.0,5,Expert,0.05,0.05,1,2378,1784,0.0,0.0,0,1,4
No Tactical,5,532,train,random,agent_win,10.0,6,92.0,5,Expert,0.05,0.05,1,2381,1786,3.0,3.0,0,0,3
No Tactical,5,533,train,random,agent_win,10.0,10,84.0,5,Expert,0.05,0.05,1,2386,1790,3.0,3.0,0,0,5
No Tactical,5,534,train,random,player_win,-10.0,9,94.0,5,Expert,0.05,0.05,1,2390,1792,0.0,0.0,0,1,3
No Tactical,5,535,train,random,player_win,-10.0,7,100.0,5,Expert,0.05,0.05,1,2393,1794,0.0,0.0,0,1,2
No Tactical,5,536,train,random,agent_win,10.0,12,92.0,5,Expert,0.05,0.05,1,2399,1799,3.0,3.0,0,0,6
No Tactical,5,537,train,random,player_win,-10.0,11,100.0,5,Expert,0.05,0.05,1,2404,1802,0.0,0.0,0,0,5
No Tactical,5,538,train,random,agent_win,10.0,10,92.0,5,Expert,0.05,0.05,1,2409,1806,3.0,3.0,0,1,4
No Tactical,5,539,train,random,agent_win,10.0,14,84.0,5,Expert,0.05,0.05,1,2416,1812,3.0,3.0,0,1,6
No Tactical,5,540,train,random,player_win,-10.0,13,94.0,5,Expert,0.05,0.05,1,2422,1817,0.0,0.0,0,0,6
No Tactical,5,541,train,random,agent_win,10.0,10,86.0,5,Expert,0.05,0.05,1,2427,1821,3.0,3.0,0,0,5
No Tactical,5,542,train,random,agent_win,10.0,12,78.0,4,Hard,0.05,0.05,1,2433,1826,3.0,3.0,0,1,5
No Tactical,5,543,train,random,player_win,-10.0,11,88.0,5,Expert,0.05,0.05,1,2438,1830,0.0,0.0,0,0,5
No Tactical,5,544,train,random,player_win,-10.0,7,98.0,5,Expert,0.05,0.05,1,2441,1831,0.0,0.0,0,1,2
No Tactical,5,545,train,random,player_win,-10.0,11,100.0,5,Expert,0.05,0.05,1,2446,1835,0.0,0.0,0,1,4
No Tactical,5,546,train,random,agent_win,10.0,10,92.0,5,Expert,0.05,0.05,1,2451,1839,3.0,3.0,0,0,5
No Tactical,5,547,train,random,agent_win,10.0,10,84.0,5,Expert,0.05,0.05,1,2456,1842,3.0,3.0,0,1,4
No Tactical,5,548,train,random,player_win,-10.0,5,94.0,5,Expert,0.05,0.05,1,2458,1842,0.0,0.0,0,0,2
No Tactical,5,549,train,random,agent_win,10.0,12,86.0,5,Expert,0.05,0.05,1,2464,1847,3.0,3.0,0,0,6
No Tactical,5,550,train,random,agent_win,10.0,12,78.0,4,Hard,0.05,0.05,1,2470,1852,3.0,3.0,0,1,5
No Tactical,5,551,train,random,agent_win,10.0,16,70.0,4,Hard,0.05,0.05,1,2478,1859,3.0,3.0,0,0,8
No Tactical,5,552,train,random,player_win,-10.0,13,80.0,5,Expert,0.05,0.05,1,2484,1864,0.0,0.0,0,0,6
No Tactical,5,553,train,random,agent_win,10.0,12,72.0,4,Hard,0.05,0.05,1,2490,1869,3.0,3.0,0,1,5
No Tactical,5,554,train,random,player_win,-10.0,7,82.0,5,Expert,0.05,0.05,1,2493,1871,0.0,0.0,0,0,3
No Tactical,5,555,train,random,agent_win,10.0,12,74.0,4,Hard,0.05,0.05,1,2499,1875,3.0,3.0,0,2,4
No Tactical,5,556,train,random,agent_win,10.0,12,66.0,4,Hard,0.05,0.05,1,2505,1880,3.0,3.0,0,1,5
No Tactical,5,557,train,random,agent_win,10.0,14,58.0,3,Normal,0.05,0.05,1,2512,1885,3.0,3.0,0,0,7
No Tactical,5,558,train,random,player_win,-10.0,11,68.0,4,Hard,0.05,0.05,1,2517,1889,0.0,0.0,0,0,5
No Tactical,5,559,train,random,player_win,-10.0,11,78.0,4,Hard,0.05,0.05,1,2522,1893,0.0,0.0,0,0,5
No Tactical,5,560,train,random,player_win,-10.0,11,88.0,5,Expert,0.05,0.05,1,2527,1897,0.0,0.0,0,0,5
No Tactical,5,561,train,random,player_win,-10.0,7,98.0,5,Expert,0.05,0.05,1,2530,1899,0.0,0.0,0,0,3
No Tactical,5,562,train,random,agent_win,10.0,12,90.0,5,Expert,0.05,0.05,1,2536,1904,3.0,3.0,0,0,6
No Tactical,5,563,train,random,player_win,-10.0,9,100.0,5,Expert,0.05,0.05,1,2540,1907,0.0,0.0,0,0,4
No Tactical,5,564,train,random,agent_win,10.0,12,92.0,5,Expert,0.05,0.05,1,2546,1912,3.0,3.0,0,1,5
No Tactical,5,565,train,random,player_win,-10.0,7,100.0,5,Expert,0.05,0.05,1,2549,1914,0.0,0.0,0,0,3
No Tactical,5,566,train,random,agent_win,10.0,6,92.0,5,Expert,0.05,0.05,1,2552,1915,3.0,3.0,0,0,3
No Tactical,5,567,train,random,agent_win,10.0,12,84.0,5,Expert,0.05,0.05,1,2558,1919,3.0,3.0,0,0,6
No Tactical,5,568,train,random,player_win,-10.0,11,94.0,5,Expert,0.05,0.05,1,2563,1923,0.0,0.0,0,0,5
No Tactical,5,569,train,random,agent_win,10.0,10,86.0,5,Expert,0.05,0.05,1,2568,1927,3.0,3.0,0,0,5
No Tactical,5,570,train,random,player_win,-10.0,9,96.0,5,Expert,0.05,0.05,1,2572,1930,0.0,0.0,0,1,3
No Tactical,5,571,train,random,player_win,-10.0,9,100.0,5,Expert,0.05,0.05,1,2576,1933,0.0,0.0,0,1,3
No Tactical,5,572,train,random,agent_win,10.0,10,92.0,5,Expert,0.05,0.05,1,2581,1936,3.0,3.0,0,0,5
No Tactical,5,573,train,random,agent_win,10.0,10,84.0,5,Expert,0.05,0.05,1,2586,1940,3.0,3.0,0,1,4
No Tactical,5,574,train,random,agent_win,10.0,12,76.0,4,Hard,0.05,0.05,1,2592,1945,3.0,3.0,0,0,6
No Tactical,5,575,train,random,agent_win,10.0,14,68.0,4,Hard,0.05,0.05,1,2599,1950,3.0,3.0,0,2,5
No Tactical,5,576,train,random,agent_win,10.0,6,60.0,3,Normal,0.05,0.05,1,2602,1952,3.0,3.0,0,0,3
No Tactical,5,577,train,random,player_win,-10.0,9,70.0,4,Hard,0.05,0.05,1,2606,1955,0.0,0.0,0,0,4
No Tactical,5,578,train,random,agent_win,10.0,10,62.0,3,Normal,0.05,0.05,1,2611,1959,3.0,3.0,0,1,4
No Tactical,5,579,train,random,player_win,-10.0,11,72.0,4,Hard,0.05,0.05,1,2616,1963,0.0,0.0,0,0,5
No Tactical,5,580,train,random,player_win,-10.0,11,82.0,5,Expert,0.05,0.05,1,2621,1967,0.0,0.0,0,0,5
No Tactical,5,581,train,random,player_win,-10.0,11,92.0,5,Expert,0.05,0.05,1,2626,1971,0.0,0.0,0,0,5
No Tactical,5,582,train,random,agent_win,10.0,8,84.0,5,Expert,0.05,0.05,1,2630,1974,3.0,3.0,0,0,4
No Tactical,5,583,train,random,player_win,-10.0,15,94.0,5,Expert,0.05,0.05,1,2637,1980,0.0,0.0,0,0,7
No Tactical,5,584,train,random,agent_win,10.0,8,86.0,5,Expert,0.05,0.05,1,2641,1983,3.0,3.0,0,0,4
No Tactical,5,585,train,random,agent_win,10.0,12,78.0,4,Hard,0.05,0.05,1,2647,1987,3.0,3.0,0,0,6
No Tactical,5,586,train,random,player_win,-10.0,7,88.0,5,Expert,0.05,0.05,1,2650,1988,0.0,0.0,0,0,3
No Tactical,5,587,train,random,player_win,-10.0,11,98.0,5,Expert,0.05,0.05,1,2655,1992,0.0,0.0,0,0,5
No Tactical,5,588,train,random,agent_win,10.0,10,90.0,5,Expert,0.05,0.05,1,2660,1996,3.0,3.0,0,0,5
No Tactical,5,589,train,random,agent_win,10.0,8,82.0,5,Expert,0.05,0.05,1,2664,1999,3.0,3.0,0,0,4
No Tactical,5,590,train,random,player_win,-10.0,11,92.0,5,Expert,0.05,0.05,1,2669,2003,0.0,0.0,0,0,5
No Tactical,5,591,train,random,player_win,-10.0,9,100.0,5,Expert,0.05,0.05,1,2673,2006,0.0,0.0,0,1,3
No Tactical,5,592,train,random,agent_win,10.0,8,92.0,5,Expert,0.05,0.05,1,2677,2009,3.0,3.0,0,0,4
No Tactical,5,593,train,random,agent_win,10.0,12,84.0,5,Expert,0.05,0.05,1,2683,2014,3.0,3.0,0,1,5
No Tactical,5,594,train,random,player_win,-10.0,9,94.0,5,Expert,0.05,0.05,1,2687,2017,0.0,0.0,0,1,3
No Tactical,5,595,train,random,player_win,-10.0,9,100.0,5,Expert,0.05,0.05,1,2691,2020,0.0,0.0,0,0,4
No Tactical,5,596,train,random,agent_win,10.0,8,92.0,5,Expert,0.05,0.05,1,2695,2023,3.0,3.0,0,0,4
No Tactical,5,597,train,random,agent_win,10.0,12,84.0,5,Expert,0.05,0.05,1,2701,2028,3.0,3.0,0,0,6
No Tactical,5,598,train,random,player_win,-10.0,7,94.0,5,Expert,0.05,0.05,1,2704,2029,0.0,0.0,0,0,3
No Tactical,5,599,train,random,agent_win,10.0,12,86.0,5,Expert,0.05,0.05,1,2710,2034,3.0,3.0,0,0,6
No Tactical,5,600,train,random,agent_win,10.0,10,78.0,4,Hard,0.05,0.05,1,2715,2038,3.0,3.0,0,0,5
No Tactical,5,601,train,random,agent_win,10.0,14,70.0,4,Hard,0.05,0.05,1,2722,2044,3.0,3.0,0,1,6
No Tactical,5,602,train,random,agent_win,10.0,10,62.0,3,Normal,0.05,0.05,1,2727,2047,3.0,3.0,0,0,5
No Tactical,5,603,train,random,agent_win,10.0,12,54.0,3,Normal,0.05,0.05,1,2733,2051,3.0,3.0,0,0,6
No Tactical,5,604,train,random,player_win,-10.0,15,64.0,3,Normal,0.05,0.05,1,2740,2057,0.0,0.0,0,0,7
No Tactical,5,605,train,random,player_win,-10.0,13,74.0,4,Hard,0.05,0.05,1,2746,2062,0.0,0.0,0,0,6
No Tactical,5,606,train,random,player_win,-10.0,7,84.0,5,Expert,0.05,0.05,1,2749,2064,0.0,0.0,0,0,3
No Tactical,5,607,train,random,agent_win,10.0,8,76.0,4,Hard,0.05,0.05,1,2753,2066,3.0,3.0,0,0,4
No Tactical,5,608,train,random,agent_win,10.0,10,68.0,4,Hard,0.05,0.05,1,2758,2070,3.0,3.0,0,0,5
No Tactical,5,609,train,random,player_win,-10.0,7,78.0,4,Hard,0.05,0.05,1,2761,2072,0.0,0.0,0,0,3
No Tactical,5,610,train,random,player_win,-10.0,11,88.0,5,Expert,0.05,0.05,1,2766,2076,0.0,0.0,0,0,5
No Tactical,5,611,train,random,player_win,-10.0,5,98.0,5,Expert,0.05,0.05,1,2768,2077,0.0,0.0,0,0,2
No Tactical,5,612,train,random,agent_win,10.0,14,90.0,5,Expert,0.05,0.05,1,2775,2083,3.0,3.0,0,0,7
No Tactical,5,613,train,random,agent_win,10.0,8,82.0,5,Expert,0.05,0.05,1,2779,2086,3.0,3.0,0,0,4
No Tactical,5,614,train,random,player_win,-10.0,13,92.0,5,Expert,0.05,0.05,1,2785,2091,0.0,0.0,0,0,6
No Tactical,5,615,train,random,agent_win,10.0,10,84.0,5,Expert,0.05,0.05,1,2790,2094,3.0,3.0,0,0,5
No Tactical,5,616,train,random,player_win,-10.0,9,94.0,5,Expert,0.05,0.05,1,2794,2097,0.0,0.0,0,0,4
No Tactical,5,617,train,random,player_win,-10.0,11,100.0,5,Expert,0.05,0.05,1,2799,2101,0.0,0.0,0,0,5
No Tactical,5,618,train,random,agent_win,10.0,12,92.0,5,Expert,0.05,0.05,1,2805,2106,3.0,3.0,0,0,6
No Tactical,5,619,train,random,player_win,-10.0,7,100.0,5,Expert,0.05,0.05,1,2808,2108,0.0,0.0,0,0,3
No Tactical,5,620,train,random,player_win,-10.0,13,100.0,5,Expert,0.05,0.05,1,2814,2112,0.0,0.0,0,1,5
No Tactical,5,621,train,random,player_win,-10.0,5,100.0,5,Expert,0.05,0.05,1,2816,2112,0.0,0.0,0,0,2
No Tactical,5,622,train,random,player_win,-10.0,9,100.0,5,Expert,0.05,0.05,1,2820,2114,0.0,0.0,0,0,4
No Tactical,5,623,train,random,player_win,-10.0,11,100.0,5,Expert,0.05,0.05,1,2825,2117,0.0,0.0,0,0,5
No Tactical,5,624,train,random,player_win,-10.0,9,100.0,5,Expert,0.05,0.05,1,2829,2120,0.0,0.0,0,0,4
No Tactical,5,625,train,random,agent_win,10.0,8,92.0,5,Expert,0.05,0.05,1,2833,2123,3.0,3.0,0,0,4
No Tactical,5,626,train,random,agent_win,10.0,6,84.0,5,Expert,0.05,0.05,1,2836,2125,3.0,3.0,0,0,3
No Tactical,5,627,train,random,player_win,-10.0,9,94.0,5,Expert,0.05,0.05,1,2840,2127,0.0,0.0,0,0,4
No Tactical,5,628,train,random,player_win,-10.0,9,100.0,5,Expert,0.05,0.05,1,2844,2130,0.0,0.0,0,0,4
No Tactical,5,629,train,random,player_win,-10.0,7,100.0,5,Expert,0.05,0.05,1,2847,2131,0.0,0.0,0,1,2
No Tactical,5,630,train,random,player_win,-10.0,13,100.0,5,Expert,0.05,0.05,1,2853,2136,0.0,0.0,0,0,6
No Tactical,5,631,train,random,player_win,-10.0,7,100.0,5,Expert,0.05,0.05,1,2856,2137,0.0,0.0,0,0,3
No Tactical,5,632,train,random,player_win,-10.0,7,100.0,5,Expert,0.05,0.05,1,2859,2138,0.0,0.0,0,0,3
No Tactical,5,633,train,random,player_win,-10.0,7,100.0,5,Expert,0.05,0.05,1,2862,2140,0.0,0.0,0,0,3
No Tactical,5,634,train,random,agent_win,10.0,10,92.0,5,Expert,0.05,0.05,1,2867,2144,3.0,3.0,0,0,5
No Tactical,5,635,train,random,agent_win,10.0,10,84.0,5,Expert,0.05,0.05,1,2872,2147,3.0,3.0,0,0,5
No Tactical,5,636,train,random,player_win,-10.0,9,94.0,5,Expert,0.05,0.05,1,2876,2149,0.0,0.0,0,1,3
No Tactical,5,637,train,random,agent_win,10.0,12,86.0,5,Expert,0.05,0.05,1,2882,2154,3.0,3.0,0,0,6
No Tactical,5,638,train,random,agent_win,10.0,8,78.0,4,Hard,0.05,0.05,1,2886,2156,3.0,3.0,0,0,4
No Tactical,5,639,train,random,player_win,-10.0,13,88.0,5,Expert,0.05,0.05,1,2892,2161,0.0,0.0,0,0,6
No Tactical,5,640,train,random,player_win,-10.0,11,98.0,5,Expert,0.05,0.05,1,2897,2165,0.0,0.0,0,0,5
No Tactical,5,641,train,random,player_win,-10.0,11,100.0,5,Expert,0.05,0.05,1,2902,2169,0.0,0.0,0,0,5
No Tactical,5,642,train,random,agent_win,10.0,8,92.0,5,Expert,0.05,0.05,1,2906,2171,3.0,3.0,0,0,4
No Tactical,5,643,train,random,player_win,-10.0,9,100.0,5,Expert,0.05,0.05,1,2910,2173,0.0,0.0,0,1,3
No Tactical,5,644,train,random,agent_win,10.0,12,92.0,5,Expert,0.05,0.05,1,2916,2178,3.0,3.0,0,1,5
No Tactical,5,645,train,random,agent_win,10.0,16,84.0,5,Expert,0.05,0.05,1,2924,2185,3.0,3.0,0,0,8
No Tactical,5,646,train,random,player_win,-10.0,13,94.0,5,Expert,0.05,0.05,1,2930,2190,0.0,0.0,0,0,6
No Tactical,5,647,train,random,agent_win,10.0,8,86.0,5,Expert,0.05,0.05,1,2934,2193,3.0,3.0,0,0,4
No Tactical,5,648,train,random,player_win,-10.0,9,96.0,5,Expert,0.05,0.05,1,2938,2194,0.0,0.0,0,0,4
No Tactical,5,649,train,random,player_win,-10.0,11,100.0,5,Expert,0.05,0.05,1,2943,2198,0.0,0.0,0,0,5
No Tactical,5,650,train,random,agent_win,10.0,14,92.0,5,Expert,0.05,0.05,1,2950,2204,3.0,3.0,0,0,7
No Tactical,5,651,train,random,agent_win,10.0,14,84.0,5,Expert,0.05,0.05,1,2957,2210,3.0,3.0,0,0,7
No Tactical,5,652,train,random,player_win,-10.0,11,94.0,5,Expert,0.05,0.05,1,2962,2213,0.0,0.0,0,0,5
No Tactical,5,653,train,random,player_win,-10.0,13,100.0,5,Expert,0.05,0.05,1,2968,2218,0.0,0.0,0,0,6
No Tactical,5,654,train,random,player_win,-10.0,11,100.0,5,Expert,0.05,0.05,1,2973,2222,0.0,0.0,0,0,5
No Tactical,5,655,train,random,player_win,-10.0,9,100.0,5,Expert,0.05,0.05,1,2977,2224,0.0,0.0,0,0,4
No Tactical,5,656,train,random,agent_win,10.0,10,92.0,5,Expert,0.05,0.05,1,2982,2228,3.0,3.0,0,0,5
No Tactical,5,657,train,random,agent_win,10.0,10,84.0,5,Expert,0.05,0.05,1,2987,2231,3.0,3.0,0,0,5
No Tactical,5,658,train,random,player_win,-10.0,11,94.0,5,Expert,0.05,0.05,1,2992,2235,0.0,0.0,0,0,5
No Tactical,5,659,train,random,player_win,-10.0,9,100.0,5,Expert,0.05,0.05,1,2996,2238,0.0,0.0,0,0,4
No Tactical,5,660,train,random,agent_win,10.0,10,92.0,5,Expert,0.05,0.05,1,3001,2241,3.0,3.0,0,0,5
No Tactical,5,661,train,random,player_win,-10.0,9,100.0,5,Expert,0.05,0.05,1,3005,2244,0.0,0.0,0,0,4
No Tactical,5,662,train,random,agent_win,10.0,12,92.0,5,Expert,0.05,0.05,1,3011,2248,3.0,3.0,0,0,6
No Tactical,5,663,train,random,agent_win,10.0,10,84.0,5,Expert,0.05,0.05,1,3016,2252,3.0,3.0,0,0,5
No Tactical,5,664,train,random,player_win,-10.0,7,94.0,5,Expert,0.05,0.05,1,3019,2254,0.0,0.0,0,0,3
No Tactical,5,665,train,random,player_win,-10.0,13,100.0,5,Expert,0.05,0.05,1,3025,2259,0.0,0.0,0,0,6
No Tactical,5,666,train,random,agent_win,10.0,10,92.0,5,Expert,0.05,0.05,1,3030,2262,3.0,3.0,0,0,5
No Tactical,5,667,train,random,agent_win,10.0,12,84.0,5,Expert,0.05,0.05,1,3036,2267,3.0,3.0,0,0,6
No Tactical,5,668,train,random,player_win,-10.0,9,94.0,5,Expert,0.05,0.05,1,3040,2270,0.0,0.0,0,0,4
No Tactical,5,669,train,random,player_win,-10.0,15,100.0,5,Expert,0.05,0.05,1,3047,2276,0.0,0.0,0,1,6
No Tactical,5,670,train,random,agent_win,10.0,10,92.0,5,Expert,0.05,0.05,1,3052,2280,3.0,3.0,0,1,4
No Tactical,5,671,train,random,agent_win,10.0,8,84.0,5,Expert,0.05,0.05,1,3056,2283,3.0,3.0,0,0,4
No Tactical,5,672,train,random,agent_win,10.0,10,76.0,4,Hard,0.05,0.05,1,3061,2286,3.0,3.0,0,1,4
No Tactical,5,673,train,random,player_win,-10.0,11,86.0,5,Expert,0.05,0.05,1,3066,2290,0.0,0.0,0,0,5
No Tactical,5,674,train,random,player_win,-10.0,9,96.0,5,Expert,0.05,0.05,1,3070,2292,0.0,0.0,0,0,4
No Tactical,5,675,train,random,agent_win,10.0,8,88.0,5,Expert,0.05,0.05,1,3074,2295,3.0,3.0,0,0,4
No Tactical,5,676,train,random,player_win,-10.0,13,98.0,5,Expert,0.05,0.05,1,3080,2299,0.0,0.0,0,0,6
No Tactical,5,677,train,random,agent_win,10.0,8,90.0,5,Expert,0.05,0.05,1,3084,2302,3.0,3.0,0,0,4
No Tactical,5,678,train,random,player_win,-10.0,9,100.0,5,Expert,0.05,0.05,1,3088,2304,0.0,0.0,0,0,4
No Tactical,5,679,train,random,player_win,-10.0,13,100.0,5,Expert,0.05,0.05,1,3094,2309,0.0,0.0,0,1,5
No Tactical,5,680,train,random,agent_win,10.0,8,92.0,5,Expert,0.05,0.05,1,3098,2312,3.0,3.0,0,1,3
No Tactical,5,681,train,random,agent_win,10.0,14,84.0,5,Expert,0.05,0.05,1,3105,2317,3.0,3.0,0,1,6
No Tactical,5,682,train,random,agent_win,10.0,10,76.0,4,Hard,0.05,0.05,1,3110,2321,3.0,3.0,0,0,5
No Tactical,5,683,train,random,player_win,-10.0,13,86.0,5,Expert,0.05,0.05,1,3116,2326,0.0,0.0,0,0,6
No Tactical,5,684,train,random,agent_win,10.0,12,78.0,4,Hard,0.05,0.05,1,3122,2330,3.0,3.0,0,0,6
No Tactical,5,685,train,random,player_win,-10.0,7,88.0,5,Expert,0.05,0.05,1,3125,2332,0.0,0.0,0,0,3
No Tactical,5,686,train,random,player_win,-10.0,7,98.0,5,Expert,0.05,0.05,1,3128,2333,0.0,0.0,0,0,3
No Tactical,5,687,train,random,agent_win,10.0,12,90.0,5,Expert,0.05,0.05,1,3134,2337,3.0,3.0,0,0,6
No Tactical,5,688,train,random,player_win,-10.0,11,100.0,5,Expert,0.05,0.05,1,3139,2340,0.0,0.0,0,0,5
No Tactical,5,689,train,random,agent_win,10.0,10,92.0,5,Expert,0.05,0.05,1,3144,2344,3.0,3.0,0,0,5
No Tactical,5,690,train,random,player_win,-10.0,7,100.0,5,Expert,0.05,0.05,1,3147,2345,0.0,0.0,0,0,3
No Tactical,5,691,train,random,player_win,-10.0,9,100.0,5,Expert,0.05,0.05,1,3151,2348,0.0,0.0,0,0,4
No Tactical,5,692,train,random,agent_win,10.0,6,92.0,5,Expert,0.05,0.05,1,3154,2349,3.0,3.0,0,0,3
No Tactical,5,693,train,random,agent_win,10.0,10,84.0,5,Expert,0.05,0.05,1,3159,2353,3.0,3.0,0,0,5
No Tactical,5,694,train,random,player_win,-10.0,7,94.0,5,Expert,0.05,0.05,1,3162,2354,0.0,0.0,0,0,3
No Tactical,5,695,train,random,agent_win,10.0,14,86.0,5,Expert,0.05,0.05,1,3169,2360,3.0,3.0,0,1,6
No Tactical,5,696,train,random,agent_win,10.0,8,78.0,4,Hard,0.05,0.05,1,3173,2363,3.0,3.0,0,1,3
No Tactical,5,697,train,random,player_win,-10.0,7,88.0,5,Expert,0.05,0.05,1,3176,2365,0.0,0.0,0,0,3
No Tactical,5,698,train,random,player_win,-10.0,9,98.0,5,Expert,0.05,0.05,1,3180,2368,0.0,0.0,0,0,4
No Tactical,5,699,train,random,agent_win,10.0,12,90.0,5,Expert,0.05,0.05,1,3186,2373,3.0,3.0,0,0,6
No Tactical,5,700,train,random,player_win,-10.0,15,100.0,5,Expert,0.05,0.05,1,3193,2379,0.0,0.0,0,2,5
No Tactical,5,701,train,random,agent_win,10.0,10,92.0,5,Expert,0.05,0.05,1,3198,2383,3.0,3.0,0,0,5
No Tactical,5,702,train,random,player_win,-10.0,11,100.0,5,Expert,0.05,0.05,1,3203,2387,0.0,0.0,0,1,4
No Tactical,5,703,train,random,agent_win,10.0,8,92.0,5,Expert,0.05,0.05,1,3207,2390,3.0,3.0,0,0,4
No Tactical,5,704,train,random,agent_win,10.0,8,84.0,5,Expert,0.05,0.05,1,3211,2393,3.0,3.0,0,0,4
No Tactical,5,705,train,random,player_win,-10.0,13,94.0,5,Expert,0.05,0.05,1,3217,2398,0.0,0.0,0,1,5
No Tactical,5,706,train,random,player_win,-10.0,7,100.0,5,Expert,0.05,0.05,1,3220,2399,0.0,0.0,0,0,3
No Tactical,5,707,train,random,player_win,-10.0,9,100.0,5,Expert,0.05,0.05,1,3224,2401,0.0,0.0,0,0,4
No Tactical,5,708,train,random,player_win,-10.0,7,100.0,5,Expert,0.05,0.05,1,3227,2402,0.0,0.0,0,1,2
No Tactical,5,709,train,random,player_win,-10.0,9,100.0,5,Expert,0.05,0.05,1,3231,2405,0.0,0.0,0,0,4
No Tactical,5,710,train,random,player_win,-10.0,13,100.0,5,Expert,0.05,0.05,1,3237,2409,0.0,0.0,0,1,5
No Tactical,5,711,train,random,player_win,-10.0,13,100.0,5,Expert,0.05,0.05,1,3243,2414,0.0,0.0,0,0,6
No Tactical,5,712,train,random,player_win,-10.0,7,100.0,5,Expert,0.05,0.05,1,3246,2416,0.0,0.0,0,0,3
No Tactical,5,713,train,random,agent_win,10.0,10,92.0,5,Expert,0.05,0.05,1,3251,2420,3.0,3.0,0,0,5
No Tactical,5,714,train,random,agent_win,10.0,10,84.0,5,Expert,0.05,0.05,1,3256,2423,3.0,3.0,0,0,5
No Tactical,5,715,train,random,agent_win,10.0,12,76.0,4,Hard,0.05,0.05,1,3262,2428,3.0,3.0,0,0,6
No Tactical,5,716,train,random,agent_win,10.0,8,68.0,4,Hard,0.05,0.05,1,3266,2430,3.0,3.0,0,0,4
No Tactical,5,717,train,random,agent_win,10.0,12,60.0,3,Normal,0.05,0.05,1,3272,2434,3.0,3.0,0,0,6
No Tactical,5,718,train,random,player_win,-10.0,5,70.0,4,Hard,0.05,0.05,1,3274,2435,0.0,0.0,0,0,2
No Tactical,5,719,train,random,player_win,-10.0,9,80.0,5,Expert,0.05,0.05,1,3278,2437,0.0,0.0,0,0,4
No Tactical,5,720,train,random,player_win,-10.0,11,90.0,5,Expert,0.05,0.05,1,3283,2441,0.0,0.0,0,1,4
No Tactical,5,721,train,random,agent_win,10.0,12,82.0,5,Expert,0.05,0.05,1,3289,2446,3.0,3.0,0,0,6
No Tactical,5,722,train,random,player_win,-10.0,11,92.0,5,Expert,0.05,0.05,1,3294,2450,0.0,0.0,0,0,5
No Tactical,5,723,train,random,player_win,-10.0,7,100.0,5,Expert,0.05,0.05,1,3297,2452,0.0,0.0,0,1,2
No Tactical,5,724,train,random,agent_win,10.0,10,92.0,5,Expert,0.05,0.05,1,3302,2456,3.0,3.0,0,0,5
No Tactical,5,725,train,random,player_win,-10.0,7,100.0,5,Expert,0.05,0.05,1,3305,2457,0.0,0.0,0,0,3
No Tactical,5,726,train,random,player_win,-10.0,7,100.0,5,Expert,0.05,0.05,1,3308,2458,0.0,0.0,0,0,3
No Tactical,5,727,train,random,player_win,-10.0,7,100.0,5,Expert,0.05,0.05,1,3311,2460,0.0,0.0,0,0,3
No Tactical,5,728,train,random,agent_win,10.0,6,92.0,5,Expert,0.05,0.05,1,3314,2461,3.0,3.0,0,0,3
No Tactical,5,729,train,random,agent_win,10.0,10,84.0,5,Expert,0.05,0.05,1,3319,2465,3.0,3.0,0,0,5
No Tactical,5,730,train,random,agent_win,10.0,6,76.0,4,Hard,0.05,0.05,1,3322,2467,3.0,3.0,0,0,3
No Tactical,5,731,train,random,player_win,-10.0,9,86.0,5,Expert,0.05,0.05,1,3326,2469,0.0,0.0,0,0,4
No Tactical,5,732,train,random,agent_win,10.0,12,78.0,4,Hard,0.05,0.05,1,3332,2474,3.0,3.0,0,0,6
No Tactical,5,733,train,random,agent_win,10.0,6,70.0,4,Hard,0.05,0.05,1,3335,2475,3.0,3.0,0,1,2
No Tactical,5,734,train,random,player_win,-10.0,5,80.0,5,Expert,0.05,0.05,1,3337,2476,0.0,0.0,0,0,2
No Tactical,5,735,train,random,player_win,-10.0,9,90.0,5,Expert,0.05,0.05,1,3341,2478,0.0,0.0,0,0,4
No Tactical,5,736,train,random,player_win,-10.0,9,100.0,5,Expert,0.05,0.05,1,3345,2481,0.0,0.0,0,0,4
No Tactical,5,737,train,random,player_win,-10.0,13,100.0,5,Expert,0.05,0.05,1,3351,2486,0.0,0.0,0,0,6
No Tactical,5,738,train,random,agent_win,10.0,10,92.0,5,Expert,0.05,0.05,1,3356,2490,3.0,3.0,0,2,3
No Tactical,5,739,train,random,player_win,-10.0,9,100.0,5,Expert,0.05,0.05,1,3360,2493,0.0,0.0,0,0,4
No Tactical,5,740,train,random,player_win,-10.0,11,100.0,5,Expert,0.05,0.05,1,3365,2496,0.0,0.0,0,0,5
No Tactical,5,741,train,random,agent_win,10.0,8,92.0,5,Expert,0.05,0.05,1,3369,2499,3.0,3.0,0,0,4
No Tactical,5,742,train,random,player_win,-10.0,15,100.0,5,Expert,0.05,0.05,1,3376,2504,0.0,0.0,0,1,6
No Tactical,5,743,train,random,agent_win,10.0,14,92.0,5,Expert,0.05,0.05,1,3383,2510,3.0,3.0,0,1,6
No Tactical,5,744,train,random,player_win,-10.0,9,100.0,5,Expert,0.05,0.05,1,3387,2513,0.0,0.0,0,0,4
No Tactical,5,745,train,random,agent_win,10.0,12,92.0,5,Expert,0.05,0.05,1,3393,2518,3.0,3.0,0,0,6
No Tactical,5,746,train,random,player_win,-10.0,11,100.0,5,Expert,0.05,0.05,1,3398,2521,0.0,0.0,0,0,5
No Tactical,5,747,train,random,player_win,-10.0,7,100.0,5,Expert,0.05,0.05,1,3401,2523,0.0,0.0,0,1,2
No Tactical,5,748,train,random,player_win,-10.0,9,100.0,5,Expert,0.05,0.05,1,3405,2525,0.0,0.0,0,0,4
No Tactical,5,749,train,random,player_win,-10.0,7,100.0,5,Expert,0.05,0.05,1,3408,2526,0.0,0.0,0,0,3
No Tactical,5,750,train,random,player_win,-10.0,7,100.0,5,Expert,0.05,0.05,1,3411,2528,0.0,0.0,0,0,3
No Tactical,5,751,train,random,player_win,-10.0,13,100.0,5,Expert,0.05,0.05,1,3417,2533,0.0,0.0,0,0,6
No Tactical,5,752,train,random,player_win,-10.0,9,100.0,5,Expert,0.05,0.05,1,3421,2536,0.0,0.0,0,1,3
No Tactical,5,753,train,random,agent_win,10.0,10,92.0,5,Expert,0.05,0.05,1,3426,2540,3.0,3.0,0,0,5
No Tactical,5,754,train,random,player_win,-10.0,11,100.0,5,Expert,0.05,0.05,1,3431,2544,0.0,0.0,0,0,5
No Tactical,5,755,train,random,agent_win,10.0,12,92.0,5,Expert,0.05,0.05,1,3437,2548,3.0,3.0,0,2,4
No Tactical,5,756,train,random,player_win,-10.0,7,100.0,5,Expert,0.05,0.05,1,3440,2550,0.0,0.0,0,0,3
No Tactical,5,757,train,random,player_win,-10.0,9,100.0,5,Expert,0.05,0.05,1,3444,2552,0.0,0.0,0,0,4
No Tactical,5,758,train,random,player_win,-10.0,9,100.0,5,Expert,0.05,0.05,1,3448,2554,0.0,0.0,0,1,3
No Tactical,5,759,train,random,player_win,-10.0,7,100.0,5,Expert,0.05,0.05,1,3451,2556,0.0,0.0,0,0,3
No Tactical,5,760,train,random,player_win,-10.0,13,100.0,5,Expert,0.05,0.05,1,3457,2560,0.0,0.0,0,0,6
No Tactical,5,761,train,random,player_win,-10.0,11,100.0,5,Expert,0.05,0.05,1,3462,2564,0.0,0.0,0,1,4
No Tactical,5,762,train,random,player_win,-10.0,11,100.0,5,Expert,0.05,0.05,1,3467,2567,0.0,0.0,0,0,5
No Tactical,5,763,train,random,agent_win,10.0,8,92.0,5,Expert,0.05,0.05,1,3471,2570,3.0,3.0,0,0,4
No Tactical,5,764,train,random,agent_win,10.0,8,84.0,5,Expert,0.05,0.05,1,3475,2573,3.0,3.0,0,1,3
No Tactical,5,765,train,random,agent_win,10.0,12,76.0,4,Hard,0.05,0.05,1,3481,2578,3.0,3.0,0,0,6
No Tactical,5,766,train,random,player_win,-10.0,9,86.0,5,Expert,0.05,0.05,1,3485,2581,0.0,0.0,0,0,4
No Tactical,5,767,train,random,agent_win,10.0,10,78.0,4,Hard,0.05,0.05,1,3490,2585,3.0,3.0,0,0,5
No Tactical,5,768,train,random,player_win,-10.0,9,88.0,5,Expert,0.05,0.05,1,3494,2586,0.0,0.0,0,1,3
No Tactical,5,769,train,random,player_win,-10.0,11,98.0,5,Expert,0.05,0.05,1,3499,2590,0.0,0.0,0,1,4
No Tactical,5,770,train,random,player_win,-10.0,7,100.0,5,Expert,0.05,0.05,1,3502,2591,0.0,0.0,0,0,3
No Tactical,5,771,train,random,player_win,-10.0,5,100.0,5,Expert,0.05,0.05,1,3504,2591,0.0,0.0,0,0,2
No Tactical,5,772,train,random,agent_win,10.0,6,92.0,5,Expert,0.05,0.05,1,3507,2593,3.0,3.0,0,0,3
No Tactical,5,773,train,random,player_win,-10.0,9,100.0,5,Expert,0.05,0.05,1,3511,2596,0.0,0.0,0,0,4
No Tactical,5,774,train,random,agent_win,10.0,8,92.0,5,Expert,0.05,0.05,1,3515,2599,3.0,3.0,0,0,4
No Tactical,5,775,train,random,agent_win,10.0,8,84.0,5,Expert,0.05,0.05,1,3519,2602,3.0,3.0,0,0,4
No Tactical,5,776,train,random,agent_win,10.0,8,76.0,4,Hard,0.05,0.05,1,3523,2605,3.0,3.0,0,0,4
No Tactical,5,777,train,random,agent_win,10.0,12,68.0,4,Hard,0.05,0.05,1,3529,2609,3.0,3.0,0,0,6
No Tactical,5,778,train,random,player_win,-10.0,11,78.0,4,Hard,0.05,0.05,1,3534,2612,0.0,0.0,0,0,5
No Tactical,5,779,train,random,player_win,-10.0,13,88.0,5,Expert,0.05,0.05,1,3540,2616,0.0,0.0,0,0,6
No Tactical,5,780,train,random,agent_win,10.0,10,80.0,5,Expert,0.05,0.05,1,3545,2619,3.0,3.0,0,0,5
No Tactical,5,781,train,random,player_win,-10.0,7,90.0,5,Expert,0.05,0.05,1,3548,2621,0.0,0.0,0,0,3
No Tactical,5,782,train,random,player_win,-10.0,9,100.0,5,Expert,0.05,0.05,1,3552,2623,0.0,0.0,0,0,4
No Tactical,5,783,train,random,agent_win,10.0,6,92.0,5,Expert,0.05,0.05,1,3555,2625,3.0,3.0,0,0,3
No Tactical,5,784,train,random,agent_win,10.0,12,84.0,5,Expert,0.05,0.05,1,3561,2630,3.0,3.0,0,0,6
No Tactical,5,785,train,random,player_win,-10.0,11,94.0,5,Expert,0.05,0.05,1,3566,2634,0.0,0.0,0,0,5
No Tactical,5,786,train,random,player_win,-10.0,11,100.0,5,Expert,0.05,0.05,1,3571,2637,0.0,0.0,0,0,5
No Tactical,5,787,train,random,player_win,-10.0,11,100.0,5,Expert,0.05,0.05,1,3576,2640,0.0,0.0,0,1,4
No Tactical,5,788,train,random,agent_win,10.0,12,92.0,5,Expert,0.05,0.05,1,3582,2644,3.0,3.0,0,2,4
No Tactical,5,789,train,random,player_win,-10.0,7,100.0,5,Expert,0.05,0.05,1,3585,2645,0.0,0.0,0,0,3
No Tactical,5,790,train,random,player_win,-10.0,9,100.0,5,Expert,0.05,0.05,1,3589,2648,0.0,0.0,0,0,4
No Tactical,5,791,train,random,player_win,-10.0,13,100.0,5,Expert,0.05,0.05,1,3595,2652,0.0,0.0,0,0,6
No Tactical,5,792,train,random,player_win,-10.0,7,100.0,5,Expert,0.05,0.05,1,3598,2654,0.0,0.0,0,0,3
No Tactical,5,793,train,random,player_win,-10.0,11,100.0,5,Expert,0.05,0.05,1,3603,2658,0.0,0.0,0,0,5
No Tactical,5,794,train,random,player_win,-10.0,11,100.0,5,Expert,0.05,0.05,1,3608,2661,0.0,0.0,0,2,3
No Tactical,5,795,train,random,player_win,-10.0,7,100.0,5,Expert,0.05,0.05,1,3611,2663,0.0,0.0,0,0,3
No Tactical,5,796,train,random,agent_win,10.0,14,92.0,5,Expert,0.05,0.05,1,3618,2669,3.0,3.0,0,0,7
No Tactical,5,797,train,random,player_win,-10.0,9,100.0,5,Expert,0.05,0.05,1,3622,2672,0.0,0.0,0,0,4
No Tactical,5,798,train,random,player_win,-10.0,9,100.0,5,Expert,0.05,0.05,1,3626,2675,0.0,0.0,0,0,4
No Tactical,5,799,train,random,agent_win,10.0,10,92.0,5,Expert,0.05,0.05,1,3631,2679,3.0,3.0,0,1,4
No Tactical,5,800,train,random,player_win,-10.0,11,100.0,5,Expert,0.05,0.05,1,3636,2683,0.0,0.0,0,0,5
No Tactical,5,801,eval,random,player_win,-10.0,11,100.0,5,Expert,0.05,0.0,0,3636,2683,0.0,0.0,0,0,5
No Tactical,5,802,eval,random,player_win,-10.0,9,100.0,5,Expert,0.05,0.0,0,3636,2683,0.0,0.0,0,0,4
No Tactical,5,803,eval,random,player_win,-10.0,7,100.0,5,Expert,0.05,0.0,0,3636,2683,0.0,0.0,0,0,3
No Tactical,5,804,eval,random,player_win,-10.0,11,100.0,5,Expert,0.05,0.0,0,3636,2683,0.0,0.0,0,0,5
No Tactical,5,805,eval,random,agent_win,10.0,10,92.0,5,Expert,0.05,0.0,0,3636,2683,0.0,0.0,0,0,5
No Tactical,5,806,eval,random,player_win,-10.0,9,100.0,5,Expert,0.05,0.0,0,3636,2683,0.0,0.0,0,0,4
No Tactical,5,807,eval,random,player_win,-10.0,11,100.0,5,Expert,0.05,0.0,0,3636,2683,0.0,0.0,0,0,5
No Tactical,5,808,eval,random,player_win,-10.0,9,100.0,5,Expert,0.05,0.0,0,3636,2683,0.0,0.0,0,0,4
No Tactical,5,809,eval,random,agent_win,10.0,10,92.0,5,Expert,0.05,0.0,0,3636,2683,0.0,0.0,0,0,5
No Tactical,5,810,eval,random,player_win,-10.0,11,100.0,5,Expert,0.05,0.0,0,3636,2683,0.0,0.0,0,0,5
No Tactical,5,811,eval,random,player_win,-10.0,11,100.0,5,Expert,0.05,0.0,0,3636,2683,0.0,0.0,0,0,5
No Tactical,5,812,eval,random,player_win,-10.0,7,100.0,5,Expert,0.05,0.0,0,3636,2683,0.0,0.0,0,0,3
No Tactical,5,813,eval,random,player_win,-10.0,9,100.0,5,Expert,0.05,0.0,0,3636,2683,0.0,0.0,0,0,4
No Tactical,5,814,eval,random,agent_win,10.0,14,92.0,5,Expert,0.05,0.0,0,3636,2683,0.0,0.0,0,0,7
No Tactical,5,815,eval,random,agent_win,10.0,8,84.0,5,Expert,0.05,0.0,0,3636,2683,0.0,0.0,0,0,4
No Tactical,5,816,eval,random,agent_win,10.0,10,76.0,4,Hard,0.05,0.0,0,3636,2683,0.0,0.0,0,0,5
No Tactical,5,817,eval,random,player_win,-10.0,9,86.0,5,Expert,0.05,0.0,0,3636,2683,0.0,0.0,0,0,4
No Tactical,5,818,eval,random,player_win,-10.0,9,96.0,5,Expert,0.05,0.0,0,3636,2683,0.0,0.0,0,0,4
No Tactical,5,819,eval,random,player_win,-10.0,5,100.0,5,Expert,0.05,0.0,0,3636,2683,0.0,0.0,0,0,2
No Tactical,5,820,eval,random,agent_win,10.0,10,92.0,5,Expert,0.05,0.0,0,3636,2683,0.0,0.0,0,0,5
No Tactical,5,821,eval,random,agent_win,10.0,12,84.0,5,Expert,0.05,0.0,0,3636,2683,0.0,0.0,0,0,6
No Tactical,5,822,eval,random,agent_win,10.0,12,76.0,4,Hard,0.05,0.0,0,3636,2683,0.0,0.0,0,0,6
No Tactical,5,823,eval,random,player_win,-10.0,11,86.0,5,Expert,0.05,0.0,0,3636,2683,0.0,0.0,0,0,5
No Tactical,5,824,eval,random,player_win,-10.0,9,96.0,5,Expert,0.05,0.0,0,3636,2683,0.0,0.0,0,0,4
No Tactical,5,825,eval,random,player_win,-10.0,9,100.0,5,Expert,0.05,0.0,0,3636,2683,0.0,0.0,0,0,4
No Tactical,5,826,eval,random,agent_win,10.0,10,92.0,5,Expert,0.05,0.0,0,3636,2683,0.0,0.0,0,0,5
No Tactical,5,827,eval,random,agent_win,10.0,12,84.0,5,Expert,0.05,0.0,0,3636,2683,0.0,0.0,0,0,6
No Tactical,5,828,eval,random,agent_win,10.0,10,76.0,4,Hard,0.05,0.0,0,3636,2683,0.0,0.0,0,0,5
No Tactical,5,829,eval,random,agent_win,10.0,10,68.0,4,Hard,0.05,0.0,0,3636,2683,0.0,0.0,0,0,5
No Tactical,5,830,eval,random,player_win,-10.0,9,78.0,4,Hard,0.05,0.0,0,3636,2683,0.0,0.0,0,0,4
No Tactical,5,831,eval,random,player_win,-10.0,7,88.0,5,Expert,0.05,0.0,0,3636,2683,0.0,0.0,0,0,3
No Tactical,5,832,eval,random,agent_win,10.0,10,80.0,5,Expert,0.05,0.0,0,3636,2683,0.0,0.0,0,0,5
No Tactical,5,833,eval,random,agent_win,10.0,6,72.0,4,Hard,0.05,0.0,0,3636,2683,0.0,0.0,0,0,3
No Tactical,5,834,eval,random,agent_win,10.0,8,64.0,3,Normal,0.05,0.0,0,3636,2683,0.0,0.0,0,0,4
No Tactical,5,835,eval,random,agent_win,10.0,10,56.0,3,Normal,0.05,0.0,0,3636,2683,0.0,0.0,0,0,5
No Tactical,5,836,eval,random,player_win,-10.0,11,66.0,4,Hard,0.05,0.0,0,3636,2683,0.0,0.0,0,0,5
No Tactical,5,837,eval,random,agent_win,10.0,12,58.0,3,Normal,0.05,0.0,0,3636,2683,0.0,0.0,0,0,6
No Tactical,5,838,eval,random,agent_win,10.0,8,50.0,3,Normal,0.05,0.0,0,3636,2683,0.0,0.0,0,0,4
No Tactical,5,839,eval,random,player_win,-10.0,5,60.0,3,Normal,0.05,0.0,0,3636,2683,0.0,0.0,0,0,2
No Tactical,5,840,eval,random,player_win,-10.0,11,70.0,4,Hard,0.05,0.0,0,3636,2683,0.0,0.0,0,0,5
No Tactical,5,841,eval,random,player_win,-10.0,13,80.0,5,Expert,0.05,0.0,0,3636,2683,0.0,0.0,0,0,6
No Tactical,5,842,eval,random,player_win,-10.0,11,90.0,5,Expert,0.05,0.0,0,3636,2683,0.0,0.0,0,0,5
No Tactical,5,843,eval,random,agent_win,10.0,12,82.0,5,Expert,0.05,0.0,0,3636,2683,0.0,0.0,0,0,6
No Tactical,5,844,eval,random,agent_win,10.0,12,74.0,4,Hard,0.05,0.0,0,3636,2683,0.0,0.0,0,0,6
No Tactical,5,845,eval,random,agent_win,10.0,8,66.0,4,Hard,0.05,0.0,0,3636,2683,0.0,0.0,0,0,4
No Tactical,5,846,eval,random,agent_win,10.0,10,58.0,3,Normal,0.05,0.0,0,3636,2683,0.0,0.0,0,0,5
No Tactical,5,847,eval,random,agent_win,10.0,8,50.0,3,Normal,0.05,0.0,0,3636,2683,0.0,0.0,0,0,4
No Tactical,5,848,eval,random,player_win,-10.0,5,60.0,3,Normal,0.05,0.0,0,3636,2683,0.0,0.0,0,0,2
No Tactical,5,849,eval,random,player_win,-10.0,13,70.0,4,Hard,0.05,0.0,0,3636,2683,0.0,0.0,0,0,6
No Tactical,5,850,eval,random,player_win,-10.0,13,80.0,5,Expert,0.05,0.0,0,3636,2683,0.0,0.0,0,0,6
No Tactical,5,851,eval,random,player_win,-10.0,11,90.0,5,Expert,0.05,0.0,0,3636,2683,0.0,0.0,0,0,5
No Tactical,5,852,eval,random,agent_win,10.0,8,82.0,5,Expert,0.05,0.0,0,3636,2683,0.0,0.0,0,0,4
No Tactical,5,853,eval,random,player_win,-10.0,9,92.0,5,Expert,0.05,0.0,0,3636,2683,0.0,0.0,0,0,4
No Tactical,5,854,eval,random,agent_win,10.0,6,84.0,5,Expert,0.05,0.0,0,3636,2683,0.0,0.0,0,0,3
No Tactical,5,855,eval,random,player_win,-10.0,13,94.0,5,Expert,0.05,0.0,0,3636,2683,0.0,0.0,0,0,6
No Tactical,5,856,eval,random,agent_win,10.0,14,86.0,5,Expert,0.05,0.0,0,3636,2683,0.0,0.0,0,0,7
No Tactical,5,857,eval,random,player_win,-10.0,9,96.0,5,Expert,0.05,0.0,0,3636,2683,0.0,0.0,0,0,4
No Tactical,5,858,eval,random,player_win,-10.0,5,100.0,5,Expert,0.05,0.0,0,3636,2683,0.0,0.0,0,0,2
No Tactical,5,859,eval,random,player_win,-10.0,13,100.0,5,Expert,0.05,0.0,0,3636,2683,0.0,0.0,0,0,6
No Tactical,5,860,eval,random,player_win,-10.0,9,100.0,5,Expert,0.05,0.0,0,3636,2683,0.0,0.0,0,0,4
No Tactical,5,861,eval,random,player_win,-10.0,15,100.0,5,Expert,0.05,0.0,0,3636,2683,0.0,0.0,0,0,7
No Tactical,5,862,eval,random,player_win,-10.0,9,100.0,5,Expert,0.05,0.0,0,3636,2683,0.0,0.0,0,0,4
No Tactical,5,863,eval,random,player_win,-10.0,7,100.0,5,Expert,0.05,0.0,0,3636,2683,0.0,0.0,0,0,3
No Tactical,5,864,eval,random,agent_win,10.0,10,92.0,5,Expert,0.05,0.0,0,3636,2683,0.0,0.0,0,0,5
No Tactical,5,865,eval,random,player_win,-10.0,11,100.0,5,Expert,0.05,0.0,0,3636,2683,0.0,0.0,0,0,5
No Tactical,5,866,eval,random,player_win,-10.0,9,100.0,5,Expert,0.05,0.0,0,3636,2683,0.0,0.0,0,0,4
No Tactical,5,867,eval,random,agent_win,10.0,12,92.0,5,Expert,0.05,0.0,0,3636,2683,0.0,0.0,0,0,6
No Tactical,5,868,eval,random,player_win,-10.0,7,100.0,5,Expert,0.05,0.0,0,3636,2683,0.0,0.0,0,0,3
No Tactical,5,869,eval,random,agent_win,10.0,6,92.0,5,Expert,0.05,0.0,0,3636,2683,0.0,0.0,0,0,3
No Tactical,5,870,eval,random,player_win,-10.0,9,100.0,5,Expert,0.05,0.0,0,3636,2683,0.0,0.0,0,0,4
No Tactical,5,871,eval,random,player_win,-10.0,11,100.0,5,Expert,0.05,0.0,0,3636,2683,0.0,0.0,0,0,5
No Tactical,5,872,eval,random,player_win,-10.0,13,100.0,5,Expert,0.05,0.0,0,3636,2683,0.0,0.0,0,0,6
No Tactical,5,873,eval,random,player_win,-10.0,7,100.0,5,Expert,0.05,0.0,0,3636,2683,0.0,0.0,0,0,3
No Tactical,5,874,eval,random,player_win,-10.0,13,100.0,5,Expert,0.05,0.0,0,3636,2683,0.0,0.0,0,0,6
No Tactical,5,875,eval,random,player_win,-10.0,9,100.0,5,Expert,0.05,0.0,0,3636,2683,0.0,0.0,0,0,4
No Tactical,5,876,eval,random,player_win,-10.0,9,100.0,5,Expert,0.05,0.0,0,3636,2683,0.0,0.0,0,0,4
No Tactical,5,877,eval,random,player_win,-10.0,11,100.0,5,Expert,0.05,0.0,0,3636,2683,0.0,0.0,0,0,5
No Tactical,5,878,eval,random,player_win,-10.0,9,100.0,5,Expert,0.05,0.0,0,3636,2683,0.0,0.0,0,0,4
No Tactical,5,879,eval,random,player_win,-10.0,7,100.0,5,Expert,0.05,0.0,0,3636,2683,0.0,0.0,0,0,3
No Tactical,5,880,eval,random,agent_win,10.0,8,92.0,5,Expert,0.05,0.0,0,3636,2683,0.0,0.0,0,0,4
No Tactical,5,881,eval,random,player_win,-10.0,13,100.0,5,Expert,0.05,0.0,0,3636,2683,0.0,0.0,0,0,6
No Tactical,5,882,eval,random,player_win,-10.0,7,100.0,5,Expert,0.05,0.0,0,3636,2683,0.0,0.0,0,0,3
No Tactical,5,883,eval,random,player_win,-10.0,15,100.0,5,Expert,0.05,0.0,0,3636,2683,0.0,0.0,0,0,7
No Tactical,5,884,eval,random,player_win,-10.0,9,100.0,5,Expert,0.05,0.0,0,3636,2683,0.0,0.0,0,0,4
No Tactical,5,885,eval,random,player_win,-10.0,9,100.0,5,Expert,0.05,0.0,0,3636,2683,0.0,0.0,0,0,4
No Tactical,5,886,eval,random,agent_win,10.0,8,92.0,5,Expert,0.05,0.0,0,3636,2683,0.0,0.0,0,0,4
No Tactical,5,887,eval,random,agent_win,10.0,12,84.0,5,Expert,0.05,0.0,0,3636,2683,0.0,0.0,0,0,6
No Tactical,5,888,eval,random,agent_win,10.0,14,76.0,4,Hard,0.05,0.0,0,3636,2683,0.0,0.0,0,0,7
No Tactical,5,889,eval,random,player_win,-10.0,7,86.0,5,Expert,0.05,0.0,0,3636,2683,0.0,0.0,0,0,3
No Tactical,5,890,eval,random,agent_win,10.0,8,78.0,4,Hard,0.05,0.0,0,3636,2683,0.0,0.0,0,0,4
No Tactical,5,891,eval,random,player_win,-10.0,7,88.0,5,Expert,0.05,0.0,0,3636,2683,0.0,0.0,0,0,3
No Tactical,5,892,eval,random,agent_win,10.0,10,80.0,5,Expert,0.05,0.0,0,3636,2683,0.0,0.0,0,0,5
No Tactical,5,893,eval,random,agent_win,10.0,8,72.0,4,Hard,0.05,0.0,0,3636,2683,0.0,0.0,0,0,4
No Tactical,5,894,eval,random,player_win,-10.0,9,82.0,5,Expert,0.05,0.0,0,3636,2683,0.0,0.0,0,0,4
No Tactical,5,895,eval,random,agent_win,10.0,6,74.0,4,Hard,0.05,0.0,0,3636,2683,0.0,0.0,0,0,3
No Tactical,5,896,eval,random,agent_win,10.0,12,66.0,4,Hard,0.05,0.0,0,3636,2683,0.0,0.0,0,0,6
No Tactical,5,897,eval,random,player_win,-10.0,13,76.0,4,Hard,0.05,0.0,0,3636,2683,0.0,0.0,0,0,6
No Tactical,5,898,eval,random,player_win,-10.0,11,86.0,5,Expert,0.05,0.0,0,3636,2683,0.0,0.0,0,0,5
No Tactical,5,899,eval,random,player_win,-10.0,13,96.0,5,Expert,0.05,0.0,0,3636,2683,0.0,0.0,0,0,6
No Tactical,5,900,eval,random,player_win,-10.0,9,100.0,5,Expert,0.05,0.0,0,3636,2683,0.0,0.0,0,0,4
No Tactical,5,901,eval,random,player_win,-10.0,11,100.0,5,Expert,0.05,0.0,0,3636,2683,0.0,0.0,0,0,5
No Tactical,5,902,eval,random,player_win,-10.0,9,100.0,5,Expert,0.05,0.0,0,3636,2683,0.0,0.0,0,0,4
No Tactical,5,903,eval,random,player_win,-10.0,9,100.0,5,Expert,0.05,0.0,0,3636,2683,0.0,0.0,0,0,4
No Tactical,5,904,eval,random,player_win,-10.0,9,100.0,5,Expert,0.05,0.0,0,3636,2683,0.0,0.0,0,0,4
No Tactical,5,905,eval,random,agent_win,10.0,8,92.0,5,Expert,0.05,0.0,0,3636,2683,0.0,0.0,0,0,4
No Tactical,5,906,eval,random,player_win,-10.0,5,100.0,5,Expert,0.05,0.0,0,3636,2683,0.0,0.0,0,0,2
No Tactical,5,907,eval,random,agent_win,10.0,10,92.0,5,Expert,0.05,0.0,0,3636,2683,0.0,0.0,0,0,5
No Tactical,5,908,eval,random,player_win,-10.0,13,100.0,5,Expert,0.05,0.0,0,3636,2683,0.0,0.0,0,0,6
No Tactical,5,909,eval,random,player_win,-10.0,13,100.0,5,Expert,0.05,0.0,0,3636,2683,0.0,0.0,0,0,6
No Tactical,5,910,eval,random,agent_win,10.0,8,92.0,5,Expert,0.05,0.0,0,3636,2683,0.0,0.0,0,0,4
No Tactical,5,911,eval,random,player_win,-10.0,13,100.0,5,Expert,0.05,0.0,0,3636,2683,0.0,0.0,0,0,6
No Tactical,5,912,eval,random,player_win,-10.0,13,100.0,5,Expert,0.05,0.0,0,3636,2683,0.0,0.0,0,0,6
No Tactical,5,913,eval,random,player_win,-10.0,11,100.0,5,Expert,0.05,0.0,0,3636,2683,0.0,0.0,0,0,5
No Tactical,5,914,eval,random,agent_win,10.0,12,92.0,5,Expert,0.05,0.0,0,3636,2683,0.0,0.0,0,0,6
No Tactical,5,915,eval,random,player_win,-10.0,13,100.0,5,Expert,0.05,0.0,0,3636,2683,0.0,0.0,0,0,6
No Tactical,5,916,eval,random,player_win,-10.0,7,100.0,5,Expert,0.05,0.0,0,3636,2683,0.0,0.0,0,0,3
No Tactical,5,917,eval,random,agent_win,10.0,8,92.0,5,Expert,0.05,0.0,0,3636,2683,0.0,0.0,0,0,4
No Tactical,5,918,eval,random,player_win,-10.0,11,100.0,5,Expert,0.05,0.0,0,3636,2683,0.0,0.0,0,0,5
No Tactical,5,919,eval,random,agent_win,10.0,12,92.0,5,Expert,0.05,0.0,0,3636,2683,0.0,0.0,0,0,6
No Tactical,5,920,eval,random,player_win,-10.0,11,100.0,5,Expert,0.05,0.0,0,3636,2683,0.0,0.0,0,0,5
No Tactical,5,921,eval,random,player_win,-10.0,13,100.0,5,Expert,0.05,0.0,0,3636,2683,0.0,0.0,0,0,6
No Tactical,5,922,eval,random,player_win,-10.0,11,100.0,5,Expert,0.05,0.0,0,3636,2683,0.0,0.0,0,0,5
No Tactical,5,923,eval,random,agent_win,10.0,10,92.0,5,Expert,0.05,0.0,0,3636,2683,0.0,0.0,0,0,5
No Tactical,5,924,eval,random,player_win,-10.0,11,100.0,5,Expert,0.05,0.0,0,3636,2683,0.0,0.0,0,0,5
No Tactical,5,925,eval,random,player_win,-10.0,13,100.0,5,Expert,0.05,0.0,0,3636,2683,0.0,0.0,0,0,6
No Tactical,5,926,eval,random,agent_win,10.0,10,92.0,5,Expert,0.05,0.0,0,3636,2683,0.0,0.0,0,0,5
No Tactical,5,927,eval,random,player_win,-10.0,7,100.0,5,Expert,0.05,0.0,0,3636,2683,0.0,0.0,0,0,3
No Tactical,5,928,eval,random,player_win,-10.0,7,100.0,5,Expert,0.05,0.0,0,3636,2683,0.0,0.0,0,0,3
No Tactical,5,929,eval,random,agent_win,10.0,8,92.0,5,Expert,0.05,0.0,0,3636,2683,0.0,0.0,0,0,4
No Tactical,5,930,eval,random,player_win,-10.0,7,100.0,5,Expert,0.05,0.0,0,3636,2683,0.0,0.0,0,0,3
No Tactical,5,931,eval,random,player_win,-10.0,5,100.0,5,Expert,0.05,0.0,0,3636,2683,0.0,0.0,0,0,2
No Tactical,5,932,eval,random,agent_win,10.0,12,92.0,5,Expert,0.05,0.0,0,3636,2683,0.0,0.0,0,0,6
No Tactical,5,933,eval,random,player_win,-10.0,9,100.0,5,Expert,0.05,0.0,0,3636,2683,0.0,0.0,0,0,4
No Tactical,5,934,eval,random,agent_win,10.0,8,92.0,5,Expert,0.05,0.0,0,3636,2683,0.0,0.0,0,0,4
No Tactical,5,935,eval,random,player_win,-10.0,7,100.0,5,Expert,0.05,0.0,0,3636,2683,0.0,0.0,0,0,3
No Tactical,5,936,eval,random,player_win,-10.0,9,100.0,5,Expert,0.05,0.0,0,3636,2683,0.0,0.0,0,0,4
No Tactical,5,937,eval,random,agent_win,10.0,10,92.0,5,Expert,0.05,0.0,0,3636,2683,0.0,0.0,0,0,5
No Tactical,5,938,eval,random,agent_win,10.0,14,84.0,5,Expert,0.05,0.0,0,3636,2683,0.0,0.0,0,0,7
No Tactical,5,939,eval,random,agent_win,10.0,12,76.0,4,Hard,0.05,0.0,0,3636,2683,0.0,0.0,0,0,6
No Tactical,5,940,eval,random,player_win,-10.0,13,86.0,5,Expert,0.05,0.0,0,3636,2683,0.0,0.0,0,0,6
No Tactical,5,941,eval,random,player_win,-10.0,13,96.0,5,Expert,0.05,0.0,0,3636,2683,0.0,0.0,0,0,6
No Tactical,5,942,eval,random,agent_win,10.0,8,88.0,5,Expert,0.05,0.0,0,3636,2683,0.0,0.0,0,0,4
No Tactical,5,943,eval,random,player_win,-10.0,9,98.0,5,Expert,0.05,0.0,0,3636,2683,0.0,0.0,0,0,4
No Tactical,5,944,eval,random,player_win,-10.0,11,100.0,5,Expert,0.05,0.0,0,3636,2683,0.0,0.0,0,0,5
No Tactical,5,945,eval,random,player_win,-10.0,11,100.0,5,Expert,0.05,0.0,0,3636,2683,0.0,0.0,0,0,5
No Tactical,5,946,eval,random,player_win,-10.0,13,100.0,5,Expert,0.05,0.0,0,3636,2683,0.0,0.0,0,0,6
No Tactical,5,947,eval,random,player_win,-10.0,7,100.0,5,Expert,0.05,0.0,0,3636,2683,0.0,0.0,0,0,3
No Tactical,5,948,eval,random,player_win,-10.0,11,100.0,5,Expert,0.05,0.0,0,3636,2683,0.0,0.0,0,0,5
No Tactical,5,949,eval,random,player_win,-10.0,7,100.0,5,Expert,0.05,0.0,0,3636,2683,0.0,0.0,0,0,3
No Tactical,5,950,eval,random,player_win,-10.0,9,100.0,5,Expert,0.05,0.0,0,3636,2683,0.0,0.0,0,0,4
No Tactical,5,951,eval,random,player_win,-10.0,11,100.0,5,Expert,0.05,0.0,0,3636,2683,0.0,0.0,0,0,5
No Tactical,5,952,eval,random,agent_win,10.0,8,92.0,5,Expert,0.05,0.0,0,3636,2683,0.0,0.0,0,0,4
No Tactical,5,953,eval,random,agent_win,10.0,6,84.0,5,Expert,0.05,0.0,0,3636,2683,0.0,0.0,0,0,3
No Tactical,5,954,eval,random,agent_win,10.0,12,76.0,4,Hard,0.05,0.0,0,3636,2683,0.0,0.0,0,0,6
No Tactical,5,955,eval,random,agent_win,10.0,12,68.0,4,Hard,0.05,0.0,0,3636,2683,0.0,0.0,0,0,6
No Tactical,5,956,eval,random,player_win,-10.0,11,78.0,4,Hard,0.05,0.0,0,3636,2683,0.0,0.0,0,0,5
No Tactical,5,957,eval,random,agent_win,10.0,8,70.0,4,Hard,0.05,0.0,0,3636,2683,0.0,0.0,0,0,4
No Tactical,5,958,eval,random,player_win,-10.0,7,80.0,5,Expert,0.05,0.0,0,3636,2683,0.0,0.0,0,0,3
No Tactical,5,959,eval,random,agent_win,10.0,12,72.0,4,Hard,0.05,0.0,0,3636,2683,0.0,0.0,0,0,6
No Tactical,5,960,eval,random,agent_win,10.0,6,64.0,3,Normal,0.05,0.0,0,3636,2683,0.0,0.0,0,0,3
No Tactical,5,961,eval,random,player_win,-10.0,15,74.0,4,Hard,0.05,0.0,0,3636,2683,0.0,0.0,0,0,7
No Tactical,5,962,eval,random,player_win,-10.0,11,84.0,5,Expert,0.05,0.0,0,3636,2683,0.0,0.0,0,0,5
No Tactical,5,963,eval,random,agent_win,10.0,12,76.0,4,Hard,0.05,0.0,0,3636,2683,0.0,0.0,0,0,6
No Tactical,5,964,eval,random,agent_win,10.0,10,68.0,4,Hard,0.05,0.0,0,3636,2683,0.0,0.0,0,0,5
No Tactical,5,965,eval,random,agent_win,10.0,8,60.0,3,Normal,0.05,0.0,0,3636,2683,0.0,0.0,0,0,4
No Tactical,5,966,eval,random,player_win,-10.0,11,70.0,4,Hard,0.05,0.0,0,3636,2683,0.0,0.0,0,0,5
No Tactical,5,967,eval,random,player_win,-10.0,11,80.0,5,Expert,0.05,0.0,0,3636,2683,0.0,0.0,0,0,5
No Tactical,5,968,eval,random,player_win,-10.0,11,90.0,5,Expert,0.05,0.0,0,3636,2683,0.0,0.0,0,0,5
No Tactical,5,969,eval,random,agent_win,10.0,8,82.0,5,Expert,0.05,0.0,0,3636,2683,0.0,0.0,0,0,4
No Tactical,5,970,eval,random,agent_win,10.0,12,74.0,4,Hard,0.05,0.0,0,3636,2683,0.0,0.0,0,0,6
No Tactical,5,971,eval,random,player_win,-10.0,9,84.0,5,Expert,0.05,0.0,0,3636,2683,0.0,0.0,0,0,4
No Tactical,5,972,eval,random,player_win,-10.0,13,94.0,5,Expert,0.05,0.0,0,3636,2683,0.0,0.0,0,0,6
No Tactical,5,973,eval,random,player_win,-10.0,13,100.0,5,Expert,0.05,0.0,0,3636,2683,0.0,0.0,0,0,6
No Tactical,5,974,eval,random,agent_win,10.0,8,92.0,5,Expert,0.05,0.0,0,3636,2683,0.0,0.0,0,0,4
No Tactical,5,975,eval,random,agent_win,10.0,10,84.0,5,Expert,0.05,0.0,0,3636,2683,0.0,0.0,0,0,5
No Tactical,5,976,eval,random,player_win,-10.0,13,94.0,5,Expert,0.05,0.0,0,3636,2683,0.0,0.0,0,0,6
No Tactical,5,977,eval,random,agent_win,10.0,8,86.0,5,Expert,0.05,0.0,0,3636,2683,0.0,0.0,0,0,4
No Tactical,5,978,eval,random,player_win,-10.0,11,96.0,5,Expert,0.05,0.0,0,3636,2683,0.0,0.0,0,0,5
No Tactical,5,979,eval,random,agent_win,10.0,8,88.0,5,Expert,0.05,0.0,0,3636,2683,0.0,0.0,0,0,4
No Tactical,5,980,eval,random,agent_win,10.0,12,80.0,5,Expert,0.05,0.0,0,3636,2683,0.0,0.0,0,0,6
No Tactical,5,981,eval,random,player_win,-10.0,15,90.0,5,Expert,0.05,0.0,0,3636,2683,0.0,0.0,0,0,7
No Tactical,5,982,eval,random,agent_win,10.0,12,82.0,5,Expert,0.05,0.0,0,3636,2683,0.0,0.0,0,0,6
No Tactical,5,983,eval,random,agent_win,10.0,10,74.0,4,Hard,0.05,0.0,0,3636,2683,0.0,0.0,0,0,5
No Tactical,5,984,eval,random,agent_win,10.0,10,66.0,4,Hard,0.05,0.0,0,3636,2683,0.0,0.0,0,0,5
No Tactical,5,985,eval,random,player_win,-10.0,11,76.0,4,Hard,0.05,0.0,0,3636,2683,0.0,0.0,0,0,5
No Tactical,5,986,eval,random,agent_win,10.0,12,68.0,4,Hard,0.05,0.0,0,3636,2683,0.0,0.0,0,0,6
No Tactical,5,987,eval,random,agent_win,10.0,8,60.0,3,Normal,0.05,0.0,0,3636,2683,0.0,0.0,0,0,4
No Tactical,5,988,eval,random,agent_win,10.0,12,52.0,3,Normal,0.05,0.0,0,3636,2683,0.0,0.0,0,0,6
No Tactical,5,989,eval,random,agent_win,10.0,8,44.0,2,Easy,0.05,0.0,0,3636,2683,0.0,0.0,0,0,4
No Tactical,5,990,eval,random,agent_win,10.0,8,36.0,2,Easy,0.05,0.0,0,3636,2683,0.0,0.0,0,0,4
No Tactical,5,991,eval,random,agent_win,10.0,10,28.0,2,Easy,0.05,0.0,0,3636,2683,0.0,0.0,0,0,5
No Tactical,5,992,eval,random,player_win,-10.0,5,38.0,2,Easy,0.05,0.0,0,3636,2683,0.0,0.0,0,0,2
No Tactical,5,993,eval,random,player_win,-10.0,11,48.0,3,Normal,0.05,0.0,0,3636,2683,0.0,0.0,0,0,5
No Tactical,5,994,eval,random,player_win,-10.0,7,58.0,3,Normal,0.05,0.0,0,3636,2683,0.0,0.0,0,0,3
No Tactical,5,995,eval,random,player_win,-10.0,15,68.0,4,Hard,0.05,0.0,0,3636,2683,0.0,0.0,0,0,7
No Tactical,5,996,eval,random,agent_win,10.0,10,60.0,3,Normal,0.05,0.0,0,3636,2683,0.0,0.0,0,0,5
No Tactical,5,997,eval,random,player_win,-10.0,9,70.0,4,Hard,0.05,0.0,0,3636,2683,0.0,0.0,0,0,4
No Tactical,5,998,eval,random,agent_win,10.0,8,62.0,3,Normal,0.05,0.0,0,3636,2683,0.0,0.0,0,0,4
No Tactical,5,999,eval,random,player_win,-10.0,13,72.0,4,Hard,0.05,0.0,0,3636,2683,0.0,0.0,0,0,6
No Tactical,5,1000,eval,random,player_win,-10.0,13,82.0,5,Expert,0.05,0.0,0,3636,2683,0.0,0.0,0,0,6
