model,seed,episode,phase,opponent,result,reward,move_count,skill,difficulty,difficulty_name,epsilon,effective_epsilon,q_updates_enabled,q_updates,learned_states,avg_abs_q_change,max_abs_q_change,tactical_moves,epsilon_moves,q_policy_moves
Full,1,1,train,heuristic,agent_win,10.0,8,42.0,1,Very Easy,0.95,1.0,1,4,4,3.0,3.0,3,1,0
Full,1,2,train,heuristic,player_win,-10.0,7,52.0,1,Very Easy,0.9025,1.0,1,7,7,0.0,0.0,2,1,0
Full,1,3,train,heuristic,player_win,-10.0,9,62.0,3,Normal,0.8573749999999999,0.6859,1,11,11,0.0,0.0,2,2,0
Full,1,4,train,heuristic,player_win,-10.0,11,72.0,4,Hard,0.8145062499999999,0.40725312499999994,1,16,16,0.0,0.0,2,2,1
Full,1,5,train,heuristic,player_win,-10.0,9,82.0,5,Expert,0.7737809374999999,0.19344523437499997,1,20,19,0.0,0.0,2,0,2
Full,1,6,train,heuristic,agent_win,10.0,8,74.0,4,Hard,0.7350918906249998,0.3675459453124999,1,24,23,3.0,3.0,3,0,1
Full,1,7,train,heuristic,agent_win,10.0,6,66.0,4,Hard,0.6983372960937497,0.34916864804687486,1,27,26,3.0,3.0,3,0,0
Full,1,8,train,heuristic,agent_win,10.0,12,58.0,3,Normal,0.6634204312890623,0.5307363450312498,1,33,32,3.0,3.0,6,0,0
Full,1,9,train,heuristic,player_win,-10.0,7,68.0,4,Hard,0.6302494097246091,0.31512470486230454,1,36,34,0.0,0.0,2,0,1
Full,1,10,train,heuristic,agent_win,10.0,6,60.0,3,Normal,0.5987369392383786,0.4789895513907029,1,39,36,3.0,3.0,3,0,0
Full,1,11,train,heuristic,player_win,-10.0,11,70.0,4,Hard,0.5688000922764596,0.2844000461382298,1,44,41,0.0,0.0,3,2,0
Full,1,12,train,heuristic,agent_win,10.0,6,62.0,3,Normal,0.5403600876626365,0.4322880701301093,1,47,44,3.0,3.0,2,0,1
Full,1,13,train,heuristic,player_win,-10.0,7,72.0,4,Hard,0.5133420832795047,0.25667104163975235,1,50,47,0.0,0.0,2,0,1
Full,1,14,train,heuristic,player_win,-10.0,7,82.0,5,Expert,0.48767497911552943,0.12191874477888236,1,53,49,0.0,0.0,3,0,0
Full,1,15,train,heuristic,agent_win,10.0,6,74.0,4,Hard,0.46329123015975293,0.23164561507987647,1,56,51,3.0,3.0,3,0,0
Full,1,16,train,heuristic,player_win,-10.0,5,84.0,5,Expert,0.44012666865176525,0.11003166716294131,1,58,52,0.0,0.0,1,0,1
Full,1,17,train,heuristic,agent_win,10.0,6,76.0,4,Hard,0.41812033521917696,0.20906016760958848,1,61,55,3.0,3.0,3,0,0
Full,1,18,train,heuristic,player_win,-10.0,7,86.0,5,Expert,0.3972143184582181,0.09930357961455452,1,64,58,0.0,0.0,2,0,1
Full,1,19,train,heuristic,agent_win,10.0,6,78.0,4,Hard,0.37735360253530714,0.18867680126765357,1,67,60,3.0,3.0,3,0,0
Full,1,20,train,heuristic,player_win,-10.0,9,88.0,5,Expert,0.35848592240854177,0.08962148060213544,1,71,63,0.0,0.0,4,0,0
Full,1,21,train,heuristic,agent_win,10.0,6,80.0,5,Expert,0.34056162628811465,0.08514040657202866,1,74,65,3.0,3.0,3,0,0
Full,1,22,train,heuristic,player_win,-10.0,5,90.0,5,Expert,0.3235335449737089,0.08088338624342722,1,76,66,0.0,0.0,2,0,0
Full,1,23,train,heuristic,player_win,-10.0,7,100.0,5,Expert,0.30735686772502346,0.07683921693125587,1,79,66,0.0,0.0,3,0,0
Full,1,24,train,heuristic,agent_win,10.0,6,92.0,5,Expert,0.2919890243387723,0.07299725608469307,1,82,69,3.0,3.0,3,0,0
Full,1,25,train,heuristic,agent_win,10.0,6,84.0,5,Expert,0.27738957312183365,0.06934739328045841,1,85,72,3.0,3.0,3,0,0
Full,1,26,train,heuristic,agent_win,10.0,6,76.0,4,Hard,0.263520094465742,0.131760047232871,1,88,74,3.0,3.0,3,0,0
Full,1,27,train,heuristic,agent_win,10.0,6,68.0,4,Hard,0.25034408974245487,0.12517204487122743,1,91,76,3.0,3.0,3,0,0
Full,1,28,train,heuristic,player_win,-10.0,5,78.0,4,Hard,0.2378268852553321,0.11891344262766605,1,93,77,0.0,0.0,2,0,0
Full,1,29,train,heuristic,player_win,-10.0,7,88.0,5,Expert,0.2259355409925655,0.05648388524814137,1,96,80,0.0,0.0,2,0,1
Full,1,30,train,heuristic,agent_win,10.0,6,80.0,5,Expert,0.2146387639429372,0.0536596909857343,1,99,83,3.0,3.0,3,0,0
Full,1,31,train,heuristic,agent_win,10.0,6,72.0,4,Hard,0.20390682574579033,0.10195341287289517,1,102,85,3.0,3.0,3,0,0
Full,1,32,train,heuristic,agent_win,10.0,6,64.0,3,Normal,0.1937114844585008,0.15496918756680067,1,105,87,3.0,3.0,3,0,0
Full,1,33,train,heuristic,agent_win,10.0,8,56.0,3,Normal,0.18402591023557577,0.14722072818846063,1,109,90,3.0,3.0,3,0,1
Full,1,34,train,heuristic,agent_win,10.0,8,48.0,3,Normal,0.17482461472379698,0.1398596917790376,1,113,93,3.0,3.0,3,0,1
Full,1,35,train,heuristic,agent_win,10.0,6,40.0,2,Easy,0.16608338398760714,0.18269172238636786,1,116,95,3.0,3.0,2,0,1
Full,1,36,train,heuristic,player_win,-10.0,7,50.0,3,Normal,0.15777921478822676,0.1262233718305814,1,119,97,0.0,0.0,2,0,1
Full,1,37,train,heuristic,player_win,-10.0,9,60.0,3,Normal,0.14989025404881542,0.11991220323905234,1,123,100,0.0,0.0,2,0,2
Full,1,38,train,heuristic,agent_win,10.0,6,52.0,3,Normal,0.14239574134637464,0.11391659307709973,1,126,102,3.0,3.0,2,0,1
Full,1,39,train,heuristic,player_win,-10.0,7,62.0,3,Normal,0.1352759542790559,0.10822076342324471,1,129,104,0.0,0.0,1,1,1
Full,1,40,train,heuristic,agent_win,10.0,8,54.0,3,Normal,0.1285121565651031,0.10280972525208248,1,133,107,3.0,3.0,3,0,1
Full,1,41,train,heuristic,player_win,-10.0,5,64.0,3,Normal,0.12208654873684793,0.09766923898947835,1,135,107,0.0,0.0,1,0,1
Full,1,42,train,heuristic,player_win,-10.0,9,74.0,4,Hard,0.11598222130000553,0.057991110650002765,1,139,110,0.0,0.0,3,0,1
Full,1,43,train,heuristic,agent_win,10.0,6,66.0,4,Hard,0.11018311023500525,0.055091555117502626,1,142,112,3.0,3.0,2,0,1
Full,1,44,train,heuristic,agent_win,10.0,8,58.0,3,Normal,0.10467395472325498,0.08373916377860399,1,146,115,3.0,3.0,3,0,1
Full,1,45,train,heuristic,player_win,-10.0,9,68.0,4,Hard,0.09944025698709223,0.05,1,150,118,0.0,0.0,2,0,2
Full,1,46,train,heuristic,agent_win,10.0,6,60.0,3,Normal,0.09446824413773762,0.0755745953101901,1,153,120,3.0,3.0,3,0,0
Full,1,47,train,heuristic,agent_win,10.0,10,52.0,3,Normal,0.08974483193085074,0.07179586554468059,1,158,124,3.0,3.0,2,0,3
Full,1,48,train,heuristic,agent_win,10.0,8,44.0,2,Easy,0.0852575903343082,0.09378334936773902,1,162,127,3.0,3.0,3,0,1
Full,1,49,train,heuristic,agent_win,10.0,8,36.0,2,Easy,0.08099471081759278,0.08909418189935207,1,166,130,3.0,3.0,3,1,0
Full,1,50,train,heuristic,agent_win,10.0,8,28.0,2,Easy,0.07694497527671314,0.08463947280438446,1,170,133,3.0,3.0,1,0,3
Full,1,51,train,heuristic,player_win,-10.0,7,38.0,2,Easy,0.07309772651287748,0.08040749916416523,1,173,135,0.0,0.0,1,0,2
Full,1,52,train,heuristic,agent_win,10.0,6,30.0,2,Easy,0.0694428401872336,0.07638712420595696,1,176,137,3.0,3.0,2,0,1
Full,1,53,train,heuristic,agent_win,10.0,8,22.0,1,Very Easy,0.0659706981778719,0.08906044254012709,1,180,140,3.0,3.0,4,0,0
Full,1,54,train,heuristic,agent_win,10.0,10,14.0,1,Very Easy,0.0626721632689783,0.0846074204131207,1,185,144,3.0,3.0,3,1,1
Full,1,55,train,heuristic,player_win,-10.0,7,24.0,1,Very Easy,0.059538555105529384,0.08037704939246468,1,188,146,0.0,0.0,2,0,1
Full,1,56,train,heuristic,agent_win,10.0,10,16.0,1,Very Easy,0.05656162735025291,0.07635819692284143,1,193,150,3.0,3.0,3,0,2
Full,1,57,train,heuristic,agent_win,10.0,10,8.0,1,Very Easy,0.053733545982740265,0.07254028707669936,1,198,154,3.0,3.0,2,0,3
Full,1,58,train,heuristic,player_win,-10.0,7,18.0,1,Very Easy,0.05104686868360325,0.06891327272286439,1,201,156,0.0,0.0,1,0,2
Full,1,59,train,heuristic,agent_win,10.0,14,10.0,1,Very Easy,0.05,0.0675,1,208,162,3.0,3.0,5,0,2
Full,1,60,train,heuristic,agent_win,10.0,10,2.0,1,Very Easy,0.05,0.0675,1,213,166,3.0,3.0,3,0,2
Full,1,61,train,heuristic,player_win,-10.0,13,12.0,1,Very Easy,0.05,0.0675,1,219,171,0.0,0.0,3,0,3
Full,1,62,train,heuristic,player_win,-10.0,9,22.0,1,Very Easy,0.05,0.0675,1,223,174,0.0,0.0,2,1,1
Full,1,63,train,heuristic,agent_win,10.0,8,14.0,1,Very Easy,0.05,0.0675,1,227,177,3.0,3.0,2,1,1
Full,1,64,train,heuristic,agent_win,10.0,10,6.0,1,Very Easy,0.05,0.0675,1,232,181,3.0,3.0,3,1,1
Full,1,65,train,heuristic,agent_win,10.0,14,0.0,1,Very Easy,0.05,0.0675,1,239,184,3.0,3.0,5,0,2
Full,1,66,train,heuristic,player_win,-10.0,9,10.0,1,Very Easy,0.05,0.0675,1,243,187,0.0,0.0,2,0,2
Full,1,67,train,heuristic,player_win,-10.0,7,20.0,1,Very Easy,0.05,0.0675,1,246,189,0.0,0.0,2,0,1
Full,1,68,train,heuristic,player_win,-10.0,7,30.0,2,Easy,0.05,0.05500000000000001,1,249,191,0.0,0.0,2,0,1
Full,1,69,train,heuristic,player_win,-10.0,7,40.0,2,Easy,0.05,0.05500000000000001,1,252,193,0.0,0.0,2,0,1
Full,1,70,train,heuristic,player_win,-10.0,7,50.0,3,Normal,0.05,0.05,1,255,195,0.0,0.0,2,0,1
Full,1,71,train,heuristic,agent_win,10.0,6,42.0,2,Easy,0.05,0.05500000000000001,1,258,197,3.0,3.0,2,0,1
Full,1,72,train,heuristic,agent_win,10.0,8,34.0,2,Easy,0.05,0.05500000000000001,1,262,200,3.0,3.0,2,0,2
Full,1,73,train,heuristic,agent_win,10.0,8,26.0,2,Easy,0.05,0.05500000000000001,1,266,203,3.0,3.0,3,0,1
Full,1,74,train,heuristic,player_win,-10.0,7,36.0,2,Easy,0.05,0.05500000000000001,1,269,205,0.0,0.0,2,0,1
Full,1,75,train,heuristic,player_win,-10.0,7,46.0,3,Normal,0.05,0.05,1,272,207,0.0,0.0,1,0,2
Full,1,76,train,heuristic,player_win,-10.0,7,56.0,3,Normal,0.05,0.05,1,275,209,0.0,0.0,2,0,1
Full,1,77,train,heuristic,player_win,-10.0,7,66.0,4,Hard,0.05,0.05,1,278,211,0.0,0.0,2,0,1
Full,1,78,train,heuristic,agent_win,10.0,6,58.0,3,Normal,0.05,0.05,1,281,213,3.0,3.0,3,0,0
Full,1,79,train,heuristic,agent_win,10.0,6,50.0,3,Normal,0.05,0.05,1,284,215,3.0,3.0,2,0,1
Full,1,80,train,heuristic,player_win,-10.0,5,60.0,3,Normal,0.05,0.05,1,286,216,0.0,0.0,1,0,1
Full,1,81,train,heuristic,agent_win,10.0,6,52.0,3,Normal,0.05,0.05,1,289,218,3.0,3.0,2,0,1
Full,1,82,train,heuristic,agent_win,10.0,6,44.0,2,Easy,0.05,0.05500000000000001,1,292,219,3.0,3.0,3,0,0
Full,1,83,train,heuristic,player_win,-10.0,9,54.0,3,Normal,0.05,0.05,1,296,222,0.0,0.0,1,0,3
Full,1,84,train,heuristic,player_win,-10.0,7,64.0,3,Normal,0.05,0.05,1,299,224,0.0,0.0,2,0,1
Full,1,85,train,heuristic,player_win,-10.0,7,74.0,4,Hard,0.05,0.05,1,302,226,0.0,0.0,2,1,0
Full,1,86,train,heuristic,player_win,-10.0,5,84.0,5,Expert,0.05,0.05,1,304,227,0.0,0.0,2,0,0
Full,1,87,train,heuristic,player_win,-10.0,7,94.0,5,Expert,0.05,0.05,1,307,229,0.0,0.0,3,0,0
Full,1,88,train,heuristic,agent_win,10.0,8,86.0,5,Expert,0.05,0.05,1,311,231,3.0,3.0,4,0,0
Full,1,89,train,heuristic,agent_win,10.0,8,78.0,4,Hard,0.05,0.05,1,315,234,3.0,3.0,4,0,0
Full,1,90,train,heuristic,player_win,-10.0,5,88.0,5,Expert,0.05,0.05,1,317,235,0.0,0.0,2,0,0
Full,1,91,train,heuristic,agent_win,10.0,6,80.0,5,Expert,0.05,0.05,1,320,237,3.0,3.0,3,0,0
Full,1,92,train,heuristic,player_win,-10.0,5,90.0,5,Expert,0.05,0.05,1,322,238,0.0,0.0,1,0,1
Full,1,93,train,heuristic,agent_win,10.0,8,82.0,5,Expert,0.05,0.05,1,326,241,3.0,3.0,3,0,1
Full,1,94,train,heuristic,agent_win,10.0,6,74.0,4,Hard,0.05,0.05,1,329,243,3.0,3.0,3,0,0
Full,1,95,train,heuristic,player_win,-10.0,5,84.0,5,Expert,0.05,0.05,1,331,244,0.0,0.0,1,0,1
Full,1,96,train,heuristic,agent_win,10.0,8,76.0,4,Hard,0.05,0.05,1,335,247,3.0,3.0,4,0,0
Full,1,97,train,heuristic,player_win,-10.0,7,86.0,5,Expert,0.05,0.05,1,338,249,0.0,0.0,2,0,1
Full,1,98,train,heuristic,agent_win,10.0,6,78.0,4,Hard,0.05,0.05,1,341,251,3.0,3.0,3,0,0
Full,1,99,train,heuristic,agent_win,10.0,6,70.0,4,Hard,0.05,0.05,1,344,253,3.0,3.0,2,0,1
Full,1,100,train,heuristic,agent_win,10.0,6,62.0,3,Normal,0.05,0.05,1,347,254,3.0,3.0,3,0,0
Full,1,101,train,heuristic,agent_win,10.0,8,54.0,3,Normal,0.05,0.05,1,351,257,3.0,3.0,3,0,1
Full,1,102,train,heuristic,agent_win,10.0,6,46.0,3,Normal,0.05,0.05,1,354,259,3.0,3.0,3,0,0
Full,1,103,train,heuristic,agent_win,10.0,6,38.0,2,Easy,0.05,0.05500000000000001,1,357,260,3.0,3.0,2,0,1
Full,1,104,train,heuristic,player_win,-10.0,13,48.0,3,Normal,0.05,0.05,1,363,265,0.0,0.0,3,0,3
Full,1,105,train,heuristic,agent_win,10.0,12,40.0,2,Easy,0.05,0.05500000000000001,1,369,270,3.0,3.0,5,0,1
Full,1,106,train,heuristic,agent_win,10.0,6,32.0,2,Easy,0.05,0.05500000000000001,1,372,272,3.0,3.0,2,0,1
Full,1,107,train,heuristic,player_win,-10.0,7,42.0,2,Easy,0.05,0.05500000000000001,1,375,274,0.0,0.0,2,0,1
Full,1,108,train,heuristic,agent_win,10.0,8,34.0,2,Easy,0.05,0.05500000000000001,1,379,277,3.0,3.0,3,0,1
Full,1,109,train,heuristic,agent_win,10.0,8,26.0,2,Easy,0.05,0.05500000000000001,1,383,280,3.0,3.0,2,0,2
Full,1,110,train,heuristic,player_win,-10.0,9,36.0,2,Easy,0.05,0.05500000000000001,1,387,283,0.0,0.0,2,0,2
Full,1,111,train,heuristic,player_win,-10.0,9,46.0,3,Normal,0.05,0.05,1,391,286,0.0,0.0,3,0,1
Full,1,112,train,heuristic,player_win,-10.0,11,56.0,3,Normal,0.05,0.05,1,396,290,0.0,0.0,4,0,1
Full,1,113,train,heuristic,agent_win,10.0,10,48.0,3,Normal,0.05,0.05,1,401,294,3.0,3.0,3,0,2
Full,1,114,train,heuristic,player_win,-10.0,7,58.0,3,Normal,0.05,0.05,1,404,296,0.0,0.0,3,0,0
Full,1,115,train,heuristic,agent_win,10.0,10,50.0,3,Normal,0.05,0.05,1,409,300,3.0,3.0,3,0,2
Full,1,116,train,heuristic,player_win,-10.0,7,60.0,3,Normal,0.05,0.05,1,412,302,0.0,0.0,2,0,1
Full,1,117,train,heuristic,player_win,-10.0,9,70.0,4,Hard,0.05,0.05,1,416,305,0.0,0.0,3,1,0
Full,1,118,train,heuristic,agent_win,10.0,8,62.0,3,Normal,0.05,0.05,1,420,308,3.0,3.0,2,0,2
Full,1,119,train,heuristic,agent_win,10.0,8,54.0,3,Normal,0.05,0.05,1,424,311,3.0,3.0,2,0,2
Full,1,120,train,heuristic,player_win,-10.0,11,64.0,3,Normal,0.05,0.05,1,429,315,0.0,0.0,3,1,1
Full,1,121,train,heuristic,player_win,-10.0,7,74.0,4,Hard,0.05,0.05,1,432,317,0.0,0.0,3,0,0
Full,1,122,train,heuristic,agent_win,10.0,6,66.0,4,Hard,0.05,0.05,1,435,319,3.0,3.0,3,0,0
Full,1,123,train,heuristic,agent_win,10.0,6,58.0,3,Normal,0.05,0.05,1,438,321,3.0,3.0,3,0,0
Full,1,124,train,heuristic,agent_win,10.0,6,50.0,3,Normal,0.05,0.05,1,441,323,3.0,3.0,3,0,0
Full,1,125,train,heuristic,player_win,-10.0,5,60.0,3,Normal,0.05,0.05,1,443,324,0.0,0.0,1,0,1
Full,1,126,train,heuristic,agent_win,10.0,10,52.0,3,Normal,0.05,0.05,1,448,328,3.0,3.0,2,0,3
Full,1,127,train,heuristic,player_win,-10.0,5,62.0,3,Normal,0.05,0.05,1,450,328,0.0,0.0,1,0,1
Full,1,128,train,heuristic,player_win,-10.0,9,72.0,4,Hard,0.05,0.05,1,454,331,0.0,0.0,2,0,2
Full,1,129,train,heuristic,agent_win,10.0,6,64.0,3,Normal,0.05,0.05,1,457,333,3.0,3.0,3,0,0
Full,1,130,train,heuristic,player_win,-10.0,7,74.0,4,Hard,0.05,0.05,1,460,335,0.0,0.0,2,0,1
Full,1,131,train,heuristic,agent_win,10.0,10,66.0,4,Hard,0.05,0.05,1,465,339,3.0,3.0,4,0,1
Full,1,132,train,heuristic,agent_win,10.0,6,58.0,3,Normal,0.05,0.05,1,468,341,3.0,3.0,2,0,1
Full,1,133,train,heuristic,agent_win,10.0,8,50.0,3,Normal,0.05,0.05,1,472,344,3.0,3.0,2,0,2
Full,1,134,train,heuristic,player_win,-10.0,9,60.0,3,Normal,0.05,0.05,1,476,347,0.0,0.0,2,0,2
Full,1,135,train,heuristic,player_win,-10.0,9,70.0,4,Hard,0.05,0.05,1,480,350,0.0,0.0,2,0,2
Full,1,136,train,heuristic,agent_win,10.0,6,62.0,3,Normal,0.05,0.05,1,483,352,3.0,3.0,3,0,0
Full,1,137,train,heuristic,agent_win,10.0,12,54.0,3,Normal,0.05,0.05,1,489,357,3.0,3.0,6,0,0
Full,1,138,train,heuristic,agent_win,10.0,8,46.0,3,Normal,0.05,0.05,1,493,360,3.0,3.0,3,0,1
Full,1,139,train,heuristic,player_win,-10.0,7,56.0,3,Normal,0.05,0.05,1,496,362,0.0,0.0,2,0,1
Full,1,140,train,heuristic,agent_win,10.0,10,48.0,3,Normal,0.05,0.05,1,501,366,3.0,3.0,2,0,3
Full,1,141,train,heuristic,agent_win,10.0,8,40.0,2,Easy,0.05,0.05500000000000001,1,505,367,2.0999999999999996,2.0999999999999996,2,0,2
Full,1,142,train,heuristic,player_win,-10.0,9,50.0,3,Normal,0.05,0.05,1,509,370,0.0,0.0,2,0,2
Full,1,143,train,heuristic,agent_win,10.0,12,42.0,2,Easy,0.05,0.05500000000000001,1,515,375,3.0,3.0,3,0,3
Full,1,144,train,heuristic,agent_win,10.0,12,34.0,2,Easy,0.05,0.05500000000000001,1,521,380,3.0,3.0,3,0,3
Full,1,145,train,heuristic,player_win,-10.0,7,44.0,2,Easy,0.05,0.05500000000000001,1,524,382,0.0,0.0,2,0,1
Full,1,146,train,heuristic,player_win,-10.0,7,54.0,3,Normal,0.05,0.05,1,527,384,0.0,0.0,2,0,1
Full,1,147,train,heuristic,agent_win,10.0,8,46.0,3,Normal,0.05,0.05,1,531,385,3.0,3.0,4,0,0
Full,1,148,train,heuristic,player_win,-10.0,7,56.0,3,Normal,0.05,0.05,1,534,387,0.0,0.0,2,0,1
Full,1,149,train,heuristic,agent_win,10.0,6,48.0,3,Normal,0.05,0.05,1,537,389,3.0,3.0,2,0,1
Full,1,150,train,heuristic,agent_win,10.0,12,40.0,2,Easy,0.05,0.05500000000000001,1,543,394,3.0,3.0,3,0,3
Full,1,151,train,heuristic,player_win,-10.0,7,50.0,3,Normal,0.05,0.05,1,546,396,0.0,0.0,2,0,1
Full,1,152,train,heuristic,player_win,-10.0,7,60.0,3,Normal,0.05,0.05,1,549,398,0.0,0.0,2,0,1
Full,1,153,train,heuristic,agent_win,10.0,10,52.0,3,Normal,0.05,0.05,1,554,402,3.0,3.0,4,0,1
Full,1,154,train,heuristic,agent_win,10.0,8,44.0,2,Easy,0.05,0.05500000000000001,1,558,405,3.0,3.0,2,0,2
Full,1,155,train,heuristic,player_win,-10.0,9,54.0,3,Normal,0.05,0.05,1,562,408,0.0,0.0,2,1,1
Full,1,156,train,heuristic,agent_win,10.0,8,46.0,3,Normal,0.05,0.05,1,566,411,3.0,3.0,3,0,1
Full,1,157,train,heuristic,agent_win,10.0,6,38.0,2,Easy,0.05,0.05500000000000001,1,569,413,3.0,3.0,2,0,1
Full,1,158,train,heuristic,agent_win,10.0,10,30.0,2,Easy,0.05,0.05500000000000001,1,574,417,3.0,3.0,3,0,2
Full,1,159,train,heuristic,agent_win,10.0,10,22.0,1,Very Easy,0.05,0.0675,1,579,421,3.0,3.0,3,0,2
Full,1,160,train,heuristic,player_win,-10.0,11,32.0,2,Easy,0.05,0.05500000000000001,1,584,425,0.0,0.0,4,0,1
Full,1,161,train,heuristic,player_win,-10.0,7,42.0,2,Easy,0.05,0.05500000000000001,1,587,427,0.0,0.0,1,0,2
Full,1,162,train,heuristic,agent_win,10.0,10,34.0,2,Easy,0.05,0.05500000000000001,1,592,431,3.0,3.0,2,0,3
Full,1,163,train,heuristic,player_win,-10.0,7,44.0,2,Easy,0.05,0.05500000000000001,1,595,433,0.0,0.0,2,0,1
Full,1,164,train,heuristic,agent_win,10.0,8,36.0,2,Easy,0.05,0.05500000000000001,1,599,436,3.0,3.0,2,0,2
Full,1,165,train,heuristic,player_win,-10.0,11,46.0,3,Normal,0.05,0.05,1,604,440,0.0,0.0,3,0,2
Full,1,166,train,heuristic,player_win,-10.0,9,56.0,3,Normal,0.05,0.05,1,608,443,0.0,0.0,2,0,2
Full,1,167,train,heuristic,agent_win,10.0,8,48.0,3,Normal,0.05,0.05,1,612,446,3.0,3.0,2,0,2
Full,1,168,train,heuristic,agent_win,10.0,8,40.0,2,Easy,0.05,0.05500000000000001,1,616,449,3.0,3.0,3,0,1
Full,1,169,train,heuristic,agent_win,10.0,10,32.0,2,Easy,0.05,0.05500000000000001,1,621,453,3.0,3.0,3,0,2
Full,1,170,train,heuristic,agent_win,10.0,6,24.0,1,Very Easy,0.05,0.0675,1,624,455,3.0,3.0,1,0,2
Full,1,171,train,heuristic,agent_win,10.0,12,16.0,1,Very Easy,0.05,0.0675,1,630,460,3.0,3.0,5,1,0
Full,1,172,train,heuristic,player_win,-10.0,9,26.0,2,Easy,0.05,0.05500000000000001,1,634,463,0.0,0.0,2,0,2
Full,1,173,train,heuristic,agent_win,10.0,8,18.0,1,Very Easy,0.05,0.0675,1,638,466,3.0,3.0,1,1,2
Full,1,174,train,heuristic,player_win,-10.0,7,28.0,2,Easy,0.05,0.05500000000000001,1,641,468,0.0,0.0,2,0,1
Full,1,175,train,heuristic,player_win,-10.0,7,38.0,2,Easy,0.05,0.05500000000000001,1,644,470,0.0,0.0,2,0,1
Full,1,176,train,heuristic,player_win,-10.0,5,48.0,3,Normal,0.05,0.05,1,646,471,0.0,0.0,2,0,0
Full,1,177,train,heuristic,player_win,-10.0,9,58.0,3,Normal,0.05,0.05,1,650,474,0.0,0.0,3,1,0
Full,1,178,train,heuristic,player_win,-10.0,7,68.0,4,Hard,0.05,0.05,1,653,476,0.0,0.0,2,0,1
Full,1,179,train,heuristic,agent_win,10.0,6,60.0,3,Normal,0.05,0.05,1,656,478,3.0,3.0,3,0,0
Full,1,180,train,heuristic,agent_win,10.0,8,52.0,3,Normal,0.05,0.05,1,660,481,3.0,3.0,3,0,1
Full,1,181,train,heuristic,player_win,-10.0,11,62.0,3,Normal,0.05,0.05,1,665,485,0.0,0.0,4,0,1
Full,1,182,train,heuristic,agent_win,10.0,10,54.0,3,Normal,0.05,0.05,1,670,489,3.0,3.0,4,0,1
Full,1,183,train,heuristic,agent_win,10.0,8,46.0,3,Normal,0.05,0.05,1,674,492,3.0,3.0,3,0,1
Full,1,184,train,heuristic,player_win,-10.0,9,56.0,3,Normal,0.05,0.05,1,678,494,0.0,0.0,2,0,2
Full,1,185,train,heuristic,player_win,-10.0,9,66.0,4,Hard,0.05,0.05,1,682,495,0.0,0.0,2,0,2
Full,1,186,train,heuristic,agent_win,10.0,6,58.0,3,Normal,0.05,0.05,1,685,497,3.0,3.0,3,0,0
Full,1,187,train,heuristic,agent_win,10.0,8,50.0,3,Normal,0.05,0.05,1,689,500,3.0,3.0,3,0,1
Full,1,188,train,heuristic,player_win,-10.0,9,60.0,3,Normal,0.05,0.05,1,693,503,0.0,0.0,3,0,1
Full,1,189,train,heuristic,agent_win,10.0,8,52.0,3,Normal,0.05,0.05,1,697,506,3.0,3.0,3,1,0
Full,1,190,train,heuristic,agent_win,10.0,10,44.0,2,Easy,0.05,0.05500000000000001,1,702,510,3.0,3.0,4,0,1
Full,1,191,train,heuristic,player_win,-10.0,7,54.0,3,Normal,0.05,0.05,1,705,512,0.0,0.0,1,0,2
Full,1,192,train,heuristic,agent_win,10.0,12,46.0,3,Normal,0.05,0.05,1,711,517,3.0,3.0,3,0,3
Full,1,193,train,heuristic,agent_win,10.0,8,38.0,2,Easy,0.05,0.05500000000000001,1,715,520,3.0,3.0,3,0,1
Full,1,194,train,heuristic,player_win,-10.0,7,48.0,3,Normal,0.05,0.05,1,718,522,0.0,0.0,2,0,1
Full,1,195,train,heuristic,player_win,-10.0,7,58.0,3,Normal,0.05,0.05,1,721,524,0.0,0.0,1,0,2
Full,1,196,train,heuristic,player_win,-10.0,7,68.0,4,Hard,0.05,0.05,1,724,526,0.0,0.0,2,0,1
Full,1,197,train,heuristic,agent_win,10.0,6,60.0,3,Normal,0.05,0.05,1,727,526,2.0999999999999996,2.0999999999999996,3,0,0
Full,1,198,train,heuristic,agent_win,10.0,6,52.0,3,Normal,0.05,0.05,1,730,527,2.0999999999999996,2.0999999999999996,3,0,0
Full,1,199,train,heuristic,agent_win,10.0,8,44.0,2,Easy,0.05,0.05500000000000001,1,734,530,3.0,3.0,3,0,1
Full,1,200,train,heuristic,player_win,-10.0,7,54.0,3,Normal,0.05,0.05,1,737,532,0.0,0.0,1,0,2
Full,1,201,train,heuristic,agent_win,10.0,12,46.0,3,Normal,0.05,0.05,1,743,537,3.0,3.0,2,0,4
Full,1,202,train,heuristic,agent_win,10.0,8,38.0,2,Easy,0.05,0.05500000000000001,1,747,538,3.0,3.0,3,0,1
Full,1,203,train,heuristic,agent_win,10.0,6,30.0,2,Easy,0.05,0.05500000000000001,1,750,539,3.0,3.0,3,0,0
Full,1,204,train,heuristic,agent_win,10.0,8,22.0,1,Very Easy,0.05,0.0675,1,754,542,3.0,3.0,2,0,2
Full,1,205,train,heuristic,player_win,-10.0,11,32.0,2,Easy,0.05,0.05500000000000001,1,759,545,0.0,0.0,3,1,1
Full,1,206,train,heuristic,agent_win,10.0,8,24.0,1,Very Easy,0.05,0.0675,1,763,548,3.0,3.0,2,0,2
Full,1,207,train,heuristic,agent_win,10.0,8,16.0,1,Very Easy,0.05,0.0675,1,767,551,3.0,3.0,2,0,2
Full,1,208,train,heuristic,player_win,-10.0,11,26.0,2,Easy,0.05,0.05500000000000001,1,772,555,0.0,0.0,3,1,1
Full,1,209,train,heuristic,agent_win,10.0,6,18.0,1,Very Easy,0.05,0.0675,1,775,557,3.0,3.0,2,0,1
Full,1,210,train,heuristic,player_win,-10.0,5,28.0,2,Easy,0.05,0.05500000000000001,1,777,557,0.0,0.0,1,0,1
Full,1,211,train,heuristic,player_win,-10.0,9,38.0,2,Easy,0.05,0.05500000000000001,1,781,560,0.0,0.0,2,1,1
Full,1,212,train,heuristic,agent_win,10.0,6,30.0,2,Easy,0.05,0.05500000000000001,1,784,562,3.0,3.0,1,0,2
Full,1,213,train,heuristic,agent_win,10.0,8,22.0,1,Very Easy,0.05,0.0675,1,788,565,3.0,3.0,2,0,2
Full,1,214,train,heuristic,player_win,-10.0,7,32.0,2,Easy,0.05,0.05500000000000001,1,791,567,0.0,0.0,2,0,1
Full,1,215,train,heuristic,player_win,-10.0,7,42.0,2,Easy,0.05,0.05500000000000001,1,794,569,0.0,0.0,2,0,1
Full,1,216,train,heuristic,player_win,-10.0,9,52.0,3,Normal,0.05,0.05,1,798,572,0.0,0.0,3,0,1
Full,1,217,train,heuristic,player_win,-10.0,7,62.0,3,Normal,0.05,0.05,1,801,574,0.0,0.0,2,0,1
Full,1,218,train,heuristic,player_win,-10.0,9,72.0,4,Hard,0.05,0.05,1,805,577,0.0,0.0,3,0,1
Full,1,219,train,heuristic,agent_win,10.0,8,64.0,3,Normal,0.05,0.05,1,809,580,3.0,3.0,4,0,0
Full,1,220,train,heuristic,agent_win,10.0,8,56.0,3,Normal,0.05,0.05,1,813,583,3.0,3.0,3,0,1
Full,1,221,train,heuristic,player_win,-10.0,5,66.0,4,Hard,0.05,0.05,1,815,584,0.0,0.0,1,0,1
Full,1,222,train,heuristic,agent_win,10.0,6,58.0,3,Normal,0.05,0.05,1,818,586,3.0,3.0,3,0,0
Full,1,223,train,heuristic,agent_win,10.0,6,50.0,3,Normal,0.05,0.05,1,821,588,3.0,3.0,3,0,0
Full,1,224,train,heuristic,player_win,-10.0,7,60.0,3,Normal,0.05,0.05,1,824,590,0.0,0.0,1,0,2
Full,1,225,train,heuristic,agent_win,10.0,8,52.0,3,Normal,0.05,0.05,1,828,593,3.0,3.0,3,0,1
Full,1,226,train,heuristic,player_win,-10.0,5,62.0,3,Normal,0.05,0.05,1,830,594,0.0,0.0,2,0,0
Full,1,227,train,heuristic,agent_win,10.0,6,54.0,3,Normal,0.05,0.05,1,833,595,2.0999999999999996,2.0999999999999996,3,0,0
Full,1,228,train,heuristic,player_win,-10.0,5,64.0,3,Normal,0.05,0.05,1,835,596,0.0,0.0,1,0,1
Full,1,229,train,heuristic,agent_win,10.0,8,56.0,3,Normal,0.05,0.05,1,839,599,3.0,3.0,2,0,2
Full,1,230,train,heuristic,agent_win,10.0,12,48.0,3,Normal,0.05,0.05,1,845,604,3.0,3.0,4,0,2
Full,1,231,train,heuristic,agent_win,10.0,10,40.0,2,Easy,0.05,0.05500000000000001,1,850,607,3.0,3.0,3,0,2
Full,1,232,train,heuristic,player_win,-10.0,9,50.0,3,Normal,0.05,0.05,1,854,610,0.0,0.0,2,0,2
Full,1,233,train,heuristic,player_win,-10.0,7,60.0,3,Normal,0.05,0.05,1,857,612,0.0,0.0,2,0,1
Full,1,234,train,heuristic,player_win,-10.0,7,70.0,4,Hard,0.05,0.05,1,860,614,0.0,0.0,3,0,0
Full,1,235,train,heuristic,player_win,-10.0,7,80.0,5,Expert,0.05,0.05,1,863,616,0.0,0.0,2,0,1
Full,1,236,train,heuristic,player_win,-10.0,5,90.0,5,Expert,0.05,0.05,1,865,617,0.0,0.0,2,0,0
Full,1,237,train,heuristic,agent_win,10.0,8,82.0,5,Expert,0.05,0.05,1,869,620,3.0,3.0,4,0,0
Full,1,238,train,heuristic,agent_win,10.0,6,74.0,4,Hard,0.05,0.05,1,872,622,3.0,3.0,3,0,0
Full,1,239,train,heuristic,agent_win,10.0,8,66.0,4,Hard,0.05,0.05,1,876,623,3.0,3.0,4,0,0
Full,1,240,train,heuristic,player_win,-10.0,7,76.0,4,Hard,0.05,0.05,1,879,625,0.0,0.0,2,0,1
Full,1,241,train,heuristic,agent_win,10.0,6,68.0,4,Hard,0.05,0.05,1,882,627,3.0,3.0,3,0,0
Full,1,242,train,heuristic,agent_win,10.0,6,60.0,3,Normal,0.05,0.05,1,885,629,3.0,3.0,3,0,0
Full,1,243,train,heuristic,agent_win,10.0,10,52.0,3,Normal,0.05,0.05,1,890,633,3.0,3.0,3,0,2
Full,1,244,train,heuristic,agent_win,10.0,6,44.0,2,Easy,0.05,0.05500000000000001,1,893,634,3.0,3.0,3,0,0
Full,1,245,train,heuristic,agent_win,10.0,8,36.0,2,Easy,0.05,0.05500000000000001,1,897,637,3.0,3.0,2,0,2
Full,1,246,train,heuristic,player_win,-10.0,7,46.0,3,Normal,0.05,0.05,1,900,637,0.0,0.0,2,0,1
Full,1,247,train,heuristic,agent_win,10.0,6,38.0,2,Easy,0.05,0.05500000000000001,1,903,639,3.0,3.0,1,0,2
Full,1,248,train,heuristic,agent_win,10.0,10,30.0,2,Easy,0.05,0.05500000000000001,1,908,643,3.0,3.0,2,1,2
Full,1,249,train,heuristic,player_win,-10.0,7,40.0,2,Easy,0.05,0.05500000000000001,1,911,645,0.0,0.0,1,0,2
Full,1,250,train,heuristic,agent_win,10.0,6,32.0,2,Easy,0.05,0.05500000000000001,1,914,647,3.0,3.0,2,0,1
Full,1,251,train,heuristic,agent_win,10.0,10,24.0,1,Very Easy,0.05,0.0675,1,919,651,3.0,3.0,3,0,2
Full,1,252,train,heuristic,agent_win,10.0,6,16.0,1,Very Easy,0.05,0.0675,1,922,653,3.0,3.0,1,0,2
Full,1,253,train,heuristic,agent_win,10.0,6,8.0,1,Very Easy,0.05,0.0675,1,925,653,2.0999999999999996,2.0999999999999996,2,0,1
Full,1,254,train,heuristic,player_win,-10.0,9,18.0,1,Very Easy,0.05,0.0675,1,929,656,0.0,0.0,2,0,2
Full,1,255,train,heuristic,player_win,-10.0,7,28.0,2,Easy,0.05,0.05500000000000001,1,932,657,0.0,0.0,1,0,2
Full,1,256,train,heuristic,player_win,-10.0,9,38.0,2,Easy,0.05,0.05500000000000001,1,936,660,0.0,0.0,3,0,1
Full,1,257,train,heuristic,agent_win,10.0,6,30.0,2,Easy,0.05,0.05500000000000001,1,939,662,3.0,3.0,3,0,0
Full,1,258,train,heuristic,agent_win,10.0,10,22.0,1,Very Easy,0.05,0.0675,1,944,666,3.0,3.0,3,0,2
Full,1,259,train,heuristic,player_win,-10.0,7,32.0,2,Easy,0.05,0.05500000000000001,1,947,668,0.0,0.0,2,0,1
Full,1,260,train,heuristic,player_win,-10.0,7,42.0,2,Easy,0.05,0.05500000000000001,1,950,670,0.0,0.0,2,0,1
Full,1,261,train,heuristic,agent_win,10.0,14,34.0,2,Easy,0.05,0.05500000000000001,1,957,676,3.0,3.0,4,0,3
Full,1,262,train,heuristic,agent_win,10.0,12,26.0,2,Easy,0.05,0.05500000000000001,1,963,681,3.0,3.0,4,0,2
Full,1,263,train,heuristic,agent_win,10.0,6,18.0,1,Very Easy,0.05,0.0675,1,966,683,3.0,3.0,2,0,1
Full,1,264,train,heuristic,player_win,-10.0,7,28.0,2,Easy,0.05,0.05500000000000001,1,969,685,0.0,0.0,2,0,1
Full,1,265,train,heuristic,agent_win,10.0,8,20.0,1,Very Easy,0.05,0.0675,1,973,688,3.0,3.0,1,0,3
Full,1,266,train,heuristic,agent_win,10.0,8,12.0,1,Very Easy,0.05,0.0675,1,977,690,3.0,3.0,2,0,2
Full,1,267,train,heuristic,player_win,-10.0,7,22.0,1,Very Easy,0.05,0.0675,1,980,692,0.0,0.0,1,1,1
Full,1,268,train,heuristic,agent_win,10.0,10,14.0,1,Very Easy,0.05,0.0675,1,985,695,3.0,3.0,3,0,2
Full,1,269,train,heuristic,player_win,-10.0,7,24.0,1,Very Easy,0.05,0.0675,1,988,695,0.0,0.0,3,0,0
Full,1,270,train,heuristic,agent_win,10.0,6,16.0,1,Very Easy,0.05,0.0675,1,991,697,3.0,3.0,2,0,1
Full,1,271,train,heuristic,player_win,-10.0,9,26.0,2,Easy,0.05,0.05500000000000001,1,995,700,0.0,0.0,2,0,2
Full,1,272,train,heuristic,player_win,-10.0,7,36.0,2,Easy,0.05,0.05500000000000001,1,998,702,0.0,0.0,1,0,2
Full,1,273,train,heuristic,agent_win,10.0,8,28.0,2,Easy,0.05,0.05500000000000001,1,1002,705,3.0,3.0,3,0,1
Full,1,274,train,heuristic,agent_win,10.0,8,20.0,1,Very Easy,0.05,0.0675,1,1006,708,3.0,3.0,2,0,2
Full,1,275,train,heuristic,player_win,-10.0,7,30.0,2,Easy,0.05,0.05500000000000001,1,1009,710,0.0,0.0,2,0,1
Full,1,276,train,heuristic,player_win,-10.0,5,40.0,2,Easy,0.05,0.05500000000000001,1,1011,710,0.0,0.0,2,0,0
Full,1,277,train,heuristic,agent_win,10.0,8,32.0,2,Easy,0.05,0.05500000000000001,1,1015,713,3.0,3.0,3,0,1
Full,1,278,train,heuristic,player_win,-10.0,9,42.0,2,Easy,0.05,0.05500000000000001,1,1019,716,0.0,0.0,3,0,1
Full,1,279,train,heuristic,player_win,-10.0,11,52.0,3,Normal,0.05,0.05,1,1024,719,0.0,0.0,5,0,0
Full,1,280,train,heuristic,player_win,-10.0,7,62.0,3,Normal,0.05,0.05,1,1027,719,0.0,0.0,3,0,0
Full,1,281,train,heuristic,agent_win,10.0,12,54.0,3,Normal,0.05,0.05,1,1033,724,3.0,3.0,5,0,1
Full,1,282,train,heuristic,player_win,-10.0,7,64.0,3,Normal,0.05,0.05,1,1036,725,0.0,0.0,3,0,0
Full,1,283,train,heuristic,agent_win,10.0,8,56.0,3,Normal,0.05,0.05,1,1040,728,3.0,3.0,2,0,2
Full,1,284,train,heuristic,agent_win,10.0,12,48.0,3,Normal,0.05,0.05,1,1046,731,3.0,3.0,5,0,1
Full,1,285,train,heuristic,player_win,-10.0,7,58.0,3,Normal,0.05,0.05,1,1049,733,0.0,0.0,2,0,1
Full,1,286,train,heuristic,agent_win,10.0,6,50.0,3,Normal,0.05,0.05,1,1052,735,3.0,3.0,3,0,0
Full,1,287,train,heuristic,player_win,-10.0,7,60.0,3,Normal,0.05,0.05,1,1055,736,0.0,0.0,2,0,1
Full,1,288,train,heuristic,player_win,-10.0,7,70.0,4,Hard,0.05,0.05,1,1058,738,0.0,0.0,2,0,1
Full,1,289,train,heuristic,agent_win,10.0,6,62.0,3,Normal,0.05,0.05,1,1061,739,2.0999999999999996,2.0999999999999996,2,0,1
Full,1,290,train,heuristic,agent_win,10.0,8,54.0,3,Normal,0.05,0.05,1,1065,741,3.0,3.0,3,0,1
Full,1,291,train,heuristic,agent_win,10.0,8,46.0,3,Normal,0.05,0.05,1,1069,743,3.0,3.0,2,0,2
Full,1,292,train,heuristic,agent_win,10.0,8,38.0,2,Easy,0.05,0.05500000000000001,1,1073,746,3.0,3.0,2,0,2
Full,1,293,train,heuristic,agent_win,10.0,8,30.0,2,Easy,0.05,0.05500000000000001,1,1077,749,3.0,3.0,2,0,2
Full,1,294,train,heuristic,agent_win,10.0,6,22.0,1,Very Easy,0.05,0.0675,1,1080,751,3.0,3.0,2,0,1
Full,1,295,train,heuristic,agent_win,10.0,10,14.0,1,Very Easy,0.05,0.0675,1,1085,755,3.0,3.0,1,0,4
Full,1,296,train,heuristic,player_win,-10.0,9,24.0,1,Very Easy,0.05,0.0675,1,1089,758,0.0,0.0,2,0,2
Full,1,297,train,heuristic,agent_win,10.0,6,16.0,1,Very Easy,0.05,0.0675,1,1092,760,3.0,3.0,2,0,1
Full,1,298,train,heuristic,player_win,-10.0,7,26.0,2,Easy,0.05,0.05500000000000001,1,1095,762,0.0,0.0,1,0,2
Full,1,299,train,heuristic,agent_win,10.0,6,18.0,1,Very Easy,0.05,0.0675,1,1098,764,3.0,3.0,2,0,1
Full,1,300,train,heuristic,agent_win,10.0,6,10.0,1,Very Easy,0.05,0.0675,1,1101,766,3.0,3.0,2,0,1
Full,1,301,train,heuristic,player_win,-10.0,11,20.0,1,Very Easy,0.05,0.0675,1,1106,770,0.0,0.0,3,0,2
Full,1,302,train,heuristic,agent_win,10.0,12,12.0,1,Very Easy,0.05,0.0675,1,1112,775,3.0,3.0,3,0,3
Full,1,303,train,heuristic,agent_win,10.0,8,4.0,1,Very Easy,0.05,0.0675,1,1116,778,3.0,3.0,2,0,2
Full,1,304,train,heuristic,agent_win,10.0,8,0.0,1,Very Easy,0.05,0.0675,1,1120,781,3.0,3.0,2,0,2
Full,1,305,train,heuristic,agent_win,10.0,12,0.0,1,Very Easy,0.05,0.0675,1,1126,785,3.0,3.0,4,0,2
Full,1,306,train,heuristic,player_win,-10.0,7,10.0,1,Very Easy,0.05,0.0675,1,1129,787,0.0,0.0,2,0,1
Full,1,307,train,heuristic,player_win,-10.0,7,20.0,1,Very Easy,0.05,0.0675,1,1132,789,0.0,0.0,2,0,1
Full,1,308,train,heuristic,player_win,-10.0,7,30.0,2,Easy,0.05,0.05500000000000001,1,1135,791,0.0,0.0,2,0,1
Full,1,309,train,heuristic,player_win,-10.0,9,40.0,2,Easy,0.05,0.05500000000000001,1,1139,794,0.0,0.0,2,0,2
Full,1,310,train,heuristic,player_win,-10.0,9,50.0,3,Normal,0.05,0.05,1,1143,796,0.0,0.0,1,2,1
Full,1,311,train,heuristic,player_win,-10.0,5,60.0,3,Normal,0.05,0.05,1,1145,797,0.0,0.0,1,0,1
Full,1,312,train,heuristic,agent_win,10.0,6,52.0,3,Normal,0.05,0.05,1,1148,798,3.0,3.0,2,0,1
Full,1,313,train,heuristic,player_win,-10.0,9,62.0,3,Normal,0.05,0.05,1,1152,801,0.0,0.0,3,0,1
Full,1,314,train,heuristic,player_win,-10.0,7,72.0,4,Hard,0.05,0.05,1,1155,803,0.0,0.0,2,0,1
Full,1,315,train,heuristic,agent_win,10.0,6,64.0,3,Normal,0.05,0.05,1,1158,805,3.0,3.0,3,0,0
Full,1,316,train,heuristic,player_win,-10.0,11,74.0,4,Hard,0.05,0.05,1,1163,809,0.0,0.0,3,0,2
Full,1,317,train,heuristic,agent_win,10.0,6,66.0,4,Hard,0.05,0.05,1,1166,810,3.0,3.0,3,0,0
Full,1,318,train,heuristic,agent_win,10.0,8,58.0,3,Normal,0.05,0.05,1,1170,813,3.0,3.0,3,0,1
Full,1,319,train,heuristic,player_win,-10.0,9,68.0,4,Hard,0.05,0.05,1,1174,816,0.0,0.0,2,1,1
Full,1,320,train,heuristic,agent_win,10.0,8,60.0,3,Normal,0.05,0.05,1,1178,818,3.0,3.0,3,0,1
Full,1,321,train,heuristic,player_win,-10.0,7,70.0,4,Hard,0.05,0.05,1,1181,819,0.0,0.0,1,0,2
Full,1,322,train,heuristic,player_win,-10.0,5,80.0,5,Expert,0.05,0.05,1,1183,819,0.0,0.0,2,0,0
Full,1,323,train,heuristic,agent_win,10.0,6,72.0,4,Hard,0.05,0.05,1,1186,821,3.0,3.0,2,0,1
Full,1,324,train,heuristic,agent_win,10.0,6,64.0,3,Normal,0.05,0.05,1,1189,823,3.0,3.0,3,0,0
Full,1,325,train,heuristic,agent_win,10.0,8,56.0,3,Normal,0.05,0.05,1,1193,826,3.0,3.0,3,0,1
Full,1,326,train,heuristic,player_win,-10.0,11,66.0,4,Hard,0.05,0.05,1,1198,830,0.0,0.0,3,0,2
Full,1,327,train,heuristic,player_win,-10.0,7,76.0,4,Hard,0.05,0.05,1,1201,832,0.0,0.0,2,0,1
Full,1,328,train,heuristic,agent_win,10.0,6,68.0,4,Hard,0.05,0.05,1,1204,832,2.0999999999999996,2.0999999999999996,3,0,0
Full,1,329,train,heuristic,player_win,-10.0,5,78.0,4,Hard,0.05,0.05,1,1206,833,0.0,0.0,2,0,0
Full,1,330,train,heuristic,agent_win,10.0,6,70.0,4,Hard,0.05,0.05,1,1209,835,3.0,3.0,3,0,0
Full,1,331,train,heuristic,agent_win,10.0,10,62.0,3,Normal,0.05,0.05,1,1214,838,3.0,3.0,4,0,1
Full,1,332,train,heuristic,agent_win,10.0,10,54.0,3,Normal,0.05,0.05,1,1219,842,3.0,3.0,2,0,3
Full,1,333,train,heuristic,player_win,-10.0,5,64.0,3,Normal,0.05,0.05,1,1221,843,0.0,0.0,1,0,1
Full,1,334,train,heuristic,agent_win,10.0,6,56.0,3,Normal,0.05,0.05,1,1224,845,3.0,3.0,3,0,0
Full,1,335,train,heuristic,player_win,-10.0,9,66.0,4,Hard,0.05,0.05,1,1228,848,0.0,0.0,2,0,2
Full,1,336,train,heuristic,agent_win,10.0,6,58.0,3,Normal,0.05,0.05,1,1231,849,3.0,3.0,3,0,0
Full,1,337,train,heuristic,agent_win,10.0,10,50.0,3,Normal,0.05,0.05,1,1236,853,3.0,3.0,4,0,1
Full,1,338,train,heuristic,agent_win,10.0,8,42.0,2,Easy,0.05,0.05500000000000001,1,1240,856,3.0,3.0,2,0,2
Full,1,339,train,heuristic,agent_win,10.0,6,34.0,2,Easy,0.05,0.05500000000000001,1,1243,858,3.0,3.0,2,0,1
Full,1,340,train,heuristic,agent_win,10.0,8,26.0,2,Easy,0.05,0.05500000000000001,1,1247,861,3.0,3.0,3,0,1
Full,1,341,train,heuristic,player_win,-10.0,9,36.0,2,Easy,0.05,0.05500000000000001,1,1251,864,0.0,0.0,3,0,1
Full,1,342,train,heuristic,agent_win,10.0,8,28.0,2,Easy,0.05,0.05500000000000001,1,1255,867,3.0,3.0,2,0,2
Full,1,343,train,heuristic,player_win,-10.0,13,38.0,2,Easy,0.05,0.05500000000000001,1,1261,869,0.0,0.0,4,0,2
Full,1,344,train,heuristic,player_win,-10.0,9,48.0,3,Normal,0.05,0.05,1,1265,872,0.0,0.0,2,0,2
Full,1,345,train,heuristic,agent_win,10.0,12,40.0,2,Easy,0.05,0.05500000000000001,1,1271,872,2.0999999999999996,2.0999999999999996,6,0,0
Full,1,346,train,heuristic,agent_win,10.0,10,32.0,2,Easy,0.05,0.05500000000000001,1,1276,876,3.0,3.0,4,0,1
Full,1,347,train,heuristic,agent_win,10.0,12,24.0,1,Very Easy,0.05,0.0675,1,1282,880,3.0,3.0,6,0,0
Full,1,348,train,heuristic,player_win,-10.0,7,34.0,2,Easy,0.05,0.05500000000000001,1,1285,882,0.0,0.0,2,0,1
Full,1,349,train,heuristic,agent_win,10.0,6,26.0,2,Easy,0.05,0.05500000000000001,1,1288,884,3.0,3.0,2,0,1
Full,1,350,train,heuristic,player_win,-10.0,11,36.0,2,Easy,0.05,0.05500000000000001,1,1293,888,0.0,0.0,2,1,2
Full,1,351,train,heuristic,player_win,-10.0,5,46.0,3,Normal,0.05,0.05,1,1295,888,0.0,0.0,1,0,1
Full,1,352,train,heuristic,player_win,-10.0,7,56.0,3,Normal,0.05,0.05,1,1298,890,0.0,0.0,2,0,1
Full,1,353,train,heuristic,player_win,-10.0,5,66.0,4,Hard,0.05,0.05,1,1300,891,0.0,0.0,1,1,0
Full,1,354,train,heuristic,player_win,-10.0,9,76.0,4,Hard,0.05,0.05,1,1304,893,0.0,0.0,2,0,2
Full,1,355,train,heuristic,agent_win,10.0,8,68.0,4,Hard,0.05,0.05,1,1308,896,3.0,3.0,3,0,1
Full,1,356,train,heuristic,agent_win,10.0,6,60.0,3,Normal,0.05,0.05,1,1311,896,2.0999999999999996,2.0999999999999996,3,0,0
Full,1,357,train,heuristic,player_win,-10.0,9,70.0,4,Hard,0.05,0.05,1,1315,899,0.0,0.0,1,0,3
Full,1,358,train,heuristic,agent_win,10.0,6,62.0,3,Normal,0.05,0.05,1,1318,901,3.0,3.0,3,0,0
Full,1,359,train,heuristic,agent_win,10.0,8,54.0,3,Normal,0.05,0.05,1,1322,902,3.0,3.0,3,0,1
Full,1,360,train,heuristic,agent_win,10.0,8,46.0,3,Normal,0.05,0.05,1,1326,905,3.0,3.0,2,0,2
Full,1,361,train,heuristic,player_win,-10.0,7,56.0,3,Normal,0.05,0.05,1,1329,907,0.0,0.0,2,0,1
Full,1,362,train,heuristic,agent_win,10.0,6,48.0,3,Normal,0.05,0.05,1,1332,909,3.0,3.0,2,0,1
Full,1,363,train,heuristic,player_win,-10.0,7,58.0,3,Normal,0.05,0.05,1,1335,910,0.0,0.0,1,0,2
Full,1,364,train,heuristic,agent_win,10.0,10,50.0,3,Normal,0.05,0.05,1,1340,913,3.0,3.0,4,0,1
Full,1,365,train,heuristic,agent_win,10.0,8,42.0,2,Easy,0.05,0.05500000000000001,1,1344,916,3.0,3.0,3,0,1
Full,1,366,train,heuristic,agent_win,10.0,6,34.0,2,Easy,0.05,0.05500000000000001,1,1347,917,3.0,3.0,2,0,1
Full,1,367,train,heuristic,agent_win,10.0,6,26.0,2,Easy,0.05,0.05500000000000001,1,1350,919,3.0,3.0,3,0,0
Full,1,368,train,heuristic,player_win,-10.0,7,36.0,2,Easy,0.05,0.05500000000000001,1,1353,921,0.0,0.0,2,0,1
Full,1,369,train,heuristic,agent_win,10.0,6,28.0,2,Easy,0.05,0.05500000000000001,1,1356,923,3.0,3.0,2,0,1
Full,1,370,train,heuristic,agent_win,10.0,6,20.0,1,Very Easy,0.05,0.0675,1,1359,925,3.0,3.0,2,1,0
Full,1,371,train,heuristic,player_win,-10.0,7,30.0,2,Easy,0.05,0.05500000000000001,1,1362,927,0.0,0.0,1,0,2
Full,1,372,train,heuristic,player_win,-10.0,9,40.0,2,Easy,0.05,0.05500000000000001,1,1366,930,0.0,0.0,3,0,1
Full,1,373,train,heuristic,agent_win,10.0,8,32.0,2,Easy,0.05,0.05500000000000001,1,1370,932,3.0,3.0,2,0,2
Full,1,374,train,heuristic,agent_win,10.0,6,24.0,1,Very Easy,0.05,0.0675,1,1373,932,2.0999999999999996,2.0999999999999996,2,0,1
Full,1,375,train,heuristic,player_win,-10.0,5,34.0,2,Easy,0.05,0.05500000000000001,1,1375,933,0.0,0.0,1,0,1
Full,1,376,train,heuristic,player_win,-10.0,7,44.0,2,Easy,0.05,0.05500000000000001,1,1378,935,0.0,0.0,1,0,2
Full,1,377,train,heuristic,agent_win,10.0,8,36.0,2,Easy,0.05,0.05500000000000001,1,1382,938,3.0,3.0,1,0,3
Full,1,378,train,heuristic,player_win,-10.0,11,46.0,3,Normal,0.05,0.05,1,1387,942,0.0,0.0,2,1,2
Full,1,379,train,heuristic,agent_win,10.0,10,38.0,2,Easy,0.05,0.05500000000000001,1,1392,946,3.0,3.0,4,0,1
Full,1,380,train,heuristic,agent_win,10.0,8,30.0,2,Easy,0.05,0.05500000000000001,1,1396,949,3.0,3.0,3,0,1
Full,1,381,train,heuristic,player_win,-10.0,7,40.0,2,Easy,0.05,0.05500000000000001,1,1399,951,0.0,0.0,2,0,1
Full,1,382,train,heuristic,agent_win,10.0,6,32.0,2,Easy,0.05,0.05500000000000001,1,1402,953,3.0,3.0,2,0,1
Full,1,383,train,heuristic,agent_win,10.0,10,24.0,1,Very Easy,0.05,0.0675,1,1407,957,3.0,3.0,3,0,2
Full,1,384,train,heuristic,player_win,-10.0,7,34.0,2,Easy,0.05,0.05500000000000001,1,1410,957,0.0,0.0,2,0,1
Full,1,385,train,heuristic,player_win,-10.0,9,44.0,2,Easy,0.05,0.05500000000000001,1,1414,960,0.0,0.0,2,0,2
Full,1,386,train,heuristic,player_win,-10.0,7,54.0,3,Normal,0.05,0.05,1,1417,962,0.0,0.0,2,0,1
Full,1,387,train,heuristic,player_win,-10.0,9,64.0,3,Normal,0.05,0.05,1,1421,965,0.0,0.0,3,0,1
Full,1,388,train,heuristic,agent_win,10.0,6,56.0,3,Normal,0.05,0.05,1,1424,967,3.0,3.0,3,0,0
Full,1,389,train,heuristic,agent_win,10.0,6,48.0,3,Normal,0.05,0.05,1,1427,969,3.0,3.0,3,0,0
Full,1,390,train,heuristic,agent_win,10.0,12,40.0,2,Easy,0.05,0.05500000000000001,1,1433,970,3.0,3.0,6,0,0
Full,1,391,train,heuristic,agent_win,10.0,6,32.0,2,Easy,0.05,0.05500000000000001,1,1436,972,3.0,3.0,1,0,2
Full,1,392,train,heuristic,player_win,-10.0,9,42.0,2,Easy,0.05,0.05500000000000001,1,1440,975,0.0,0.0,2,0,2
Full,1,393,train,heuristic,agent_win,10.0,10,34.0,2,Easy,0.05,0.05500000000000001,1,1445,978,3.0,3.0,3,0,2
Full,1,394,train,heuristic,agent_win,10.0,6,26.0,2,Easy,0.05,0.05500000000000001,1,1448,978,2.0999999999999996,2.0999999999999996,2,0,1
Full,1,395,train,heuristic,player_win,-10.0,5,36.0,2,Easy,0.05,0.05500000000000001,1,1450,979,0.0,0.0,1,0,1
Full,1,396,train,heuristic,agent_win,10.0,10,28.0,2,Easy,0.05,0.05500000000000001,1,1455,983,3.0,3.0,3,0,2
Full,1,397,train,heuristic,player_win,-10.0,9,38.0,2,Easy,0.05,0.05500000000000001,1,1459,986,0.0,0.0,1,0,3
Full,1,398,train,heuristic,agent_win,10.0,6,30.0,2,Easy,0.05,0.05500000000000001,1,1462,988,3.0,3.0,2,0,1
Full,1,399,train,heuristic,agent_win,10.0,8,22.0,1,Very Easy,0.05,0.0675,1,1466,991,3.0,3.0,3,0,1
Full,1,400,train,heuristic,agent_win,10.0,6,14.0,1,Very Easy,0.05,0.0675,1,1469,992,3.0,3.0,2,0,1
Full,1,401,train,heuristic,agent_win,10.0,8,6.0,1,Very Easy,0.05,0.0675,1,1473,995,3.0,3.0,2,0,2
Full,1,402,train,heuristic,player_win,-10.0,7,16.0,1,Very Easy,0.05,0.0675,1,1476,997,0.0,0.0,2,1,0
Full,1,403,train,heuristic,agent_win,10.0,10,8.0,1,Very Easy,0.05,0.0675,1,1481,1001,3.0,3.0,2,0,3
Full,1,404,train,heuristic,agent_win,10.0,8,0.0,1,Very Easy,0.05,0.0675,1,1485,1003,3.0,3.0,3,0,1
Full,1,405,train,heuristic,agent_win,10.0,8,0.0,1,Very Easy,0.05,0.0675,1,1489,1006,3.0,3.0,3,0,1
Full,1,406,train,heuristic,player_win,-10.0,7,10.0,1,Very Easy,0.05,0.0675,1,1492,1008,0.0,0.0,2,0,1
Full,1,407,train,heuristic,player_win,-10.0,7,20.0,1,Very Easy,0.05,0.0675,1,1495,1010,0.0,0.0,2,0,1
Full,1,408,train,heuristic,player_win,-10.0,5,30.0,2,Easy,0.05,0.05500000000000001,1,1497,1011,0.0,0.0,1,0,1
Full,1,409,train,heuristic,agent_win,10.0,6,22.0,1,Very Easy,0.05,0.0675,1,1500,1013,3.0,3.0,2,0,1
Full,1,410,train,heuristic,agent_win,10.0,10,14.0,1,Very Easy,0.05,0.0675,1,1505,1017,3.0,3.0,2,0,3
Full,1,411,train,heuristic,agent_win,10.0,6,6.0,1,Very Easy,0.05,0.0675,1,1508,1019,3.0,3.0,3,0,0
Full,1,412,train,heuristic,player_win,-10.0,11,16.0,1,Very Easy,0.05,0.0675,1,1513,1022,0.0,0.0,2,0,3
Full,1,413,train,heuristic,player_win,-10.0,5,26.0,2,Easy,0.05,0.05500000000000001,1,1515,1023,0.0,0.0,2,0,0
Full,1,414,train,heuristic,player_win,-10.0,9,36.0,2,Easy,0.05,0.05500000000000001,1,1519,1026,0.0,0.0,3,0,1
Full,1,415,train,heuristic,player_win,-10.0,11,46.0,3,Normal,0.05,0.05,1,1524,1030,0.0,0.0,2,0,3
Full,1,416,train,heuristic,player_win,-10.0,7,56.0,3,Normal,0.05,0.05,1,1527,1032,0.0,0.0,1,1,1
Full,1,417,train,heuristic,agent_win,10.0,6,48.0,3,Normal,0.05,0.05,1,1530,1034,3.0,3.0,3,0,0
Full,1,418,train,heuristic,agent_win,10.0,6,40.0,2,Easy,0.05,0.05500000000000001,1,1533,1036,3.0,3.0,2,0,1
Full,1,419,train,heuristic,player_win,-10.0,9,50.0,3,Normal,0.05,0.05,1,1537,1039,0.0,0.0,2,0,2
Full,1,420,train,heuristic,agent_win,10.0,8,42.0,2,Easy,0.05,0.05500000000000001,1,1541,1041,3.0,3.0,3,0,1
Full,1,421,train,heuristic,player_win,-10.0,7,52.0,3,Normal,0.05,0.05,1,1544,1043,0.0,0.0,1,0,2
Full,1,422,train,heuristic,player_win,-10.0,7,62.0,3,Normal,0.05,0.05,1,1547,1045,0.0,0.0,1,1,1
Full,1,423,train,heuristic,agent_win,10.0,6,54.0,3,Normal,0.05,0.05,1,1550,1046,3.0,3.0,2,0,1
Full,1,424,train,heuristic,agent_win,10.0,8,46.0,3,Normal,0.05,0.05,1,1554,1049,3.0,3.0,2,0,2
Full,1,425,train,heuristic,agent_win,10.0,6,38.0,2,Easy,0.05,0.05500000000000001,1,1557,1051,3.0,3.0,3,0,0
Full,1,426,train,heuristic,player_win,-10.0,9,48.0,3,Normal,0.05,0.05,1,1561,1054,0.0,0.0,2,0,2
Full,1,427,train,heuristic,player_win,-10.0,5,58.0,3,Normal,0.05,0.05,1,1563,1054,0.0,0.0,1,0,1
Full,1,428,train,heuristic,agent_win,10.0,8,50.0,3,Normal,0.05,0.05,1,1567,1056,3.0,3.0,2,0,2
Full,1,429,train,heuristic,player_win,-10.0,9,60.0,3,Normal,0.05,0.05,1,1571,1057,0.0,0.0,3,0,1
Full,1,430,train,heuristic,agent_win,10.0,6,52.0,3,Normal,0.05,0.05,1,1574,1059,3.0,3.0,2,0,1
Full,1,431,train,heuristic,player_win,-10.0,9,62.0,3,Normal,0.05,0.05,1,1578,1059,0.0,0.0,3,0,1
Full,1,432,train,heuristic,agent_win,10.0,6,54.0,3,Normal,0.05,0.05,1,1581,1059,2.0999999999999996,2.0999999999999996,2,0,1
Full,1,433,train,heuristic,player_win,-10.0,9,64.0,3,Normal,0.05,0.05,1,1585,1062,0.0,0.0,2,0,2
Full,1,434,train,heuristic,player_win,-10.0,11,74.0,4,Hard,0.05,0.05,1,1590,1066,0.0,0.0,1,0,4
Full,1,435,train,heuristic,player_win,-10.0,9,84.0,5,Expert,0.05,0.05,1,1594,1067,0.0,0.0,3,0,1
Full,1,436,train,heuristic,agent_win,10.0,6,76.0,4,Hard,0.05,0.05,1,1597,1067,2.0999999999999996,2.0999999999999996,3,0,0
Full,1,437,train,heuristic,player_win,-10.0,7,86.0,5,Expert,0.05,0.05,1,1600,1069,0.0,0.0,3,0,0
Full,1,438,train,heuristic,agent_win,10.0,6,78.0,4,Hard,0.05,0.05,1,1603,1070,3.0,3.0,3,0,0
Full,1,439,train,heuristic,agent_win,10.0,6,70.0,4,Hard,0.05,0.05,1,1606,1071,3.0,3.0,3,0,0
Full,1,440,train,heuristic,agent_win,10.0,6,62.0,3,Normal,0.05,0.05,1,1609,1072,3.0,3.0,3,0,0
Full,1,441,train,heuristic,agent_win,10.0,6,54.0,3,Normal,0.05,0.05,1,1612,1074,3.0,3.0,2,0,1
Full,1,442,train,heuristic,agent_win,10.0,6,46.0,3,Normal,0.05,0.05,1,1615,1076,3.0,3.0,3,0,0
Full,1,443,train,heuristic,agent_win,10.0,8,38.0,2,Easy,0.05,0.05500000000000001,1,1619,1079,3.0,3.0,3,0,1
Full,1,444,train,heuristic,player_win,-10.0,7,48.0,3,Normal,0.05,0.05,1,1622,1079,0.0,0.0,2,0,1
Full,1,445,train,heuristic,agent_win,10.0,6,40.0,2,Easy,0.05,0.05500000000000001,1,1625,1081,3.0,3.0,3,0,0
Full,1,446,train,heuristic,player_win,-10.0,7,50.0,3,Normal,0.05,0.05,1,1628,1083,0.0,0.0,1,1,1
Full,1,447,train,heuristic,agent_win,10.0,6,42.0,2,Easy,0.05,0.05500000000000001,1,1631,1083,2.0999999999999996,2.0999999999999996,3,0,0
Full,1,448,train,heuristic,agent_win,10.0,10,34.0,2,Easy,0.05,0.05500000000000001,1,1636,1087,3.0,3.0,2,0,3
Full,1,449,train,heuristic,agent_win,10.0,8,26.0,2,Easy,0.05,0.05500000000000001,1,1640,1090,3.0,3.0,1,0,3
Full,1,450,train,heuristic,player_win,-10.0,9,36.0,2,Easy,0.05,0.05500000000000001,1,1644,1093,0.0,0.0,3,0,1
Full,1,451,train,heuristic,player_win,-10.0,5,46.0,3,Normal,0.05,0.05,1,1646,1094,0.0,0.0,1,0,1
Full,1,452,train,heuristic,agent_win,10.0,8,38.0,2,Easy,0.05,0.05500000000000001,1,1650,1097,3.0,3.0,3,0,1
Full,1,453,train,heuristic,agent_win,10.0,8,30.0,2,Easy,0.05,0.05500000000000001,1,1654,1100,3.0,3.0,3,0,1
Full,1,454,train,heuristic,player_win,-10.0,9,40.0,2,Easy,0.05,0.05500000000000001,1,1658,1103,0.0,0.0,2,0,2
Full,1,455,train,heuristic,player_win,-10.0,5,50.0,3,Normal,0.05,0.05,1,1660,1104,0.0,0.0,1,0,1
Full,1,456,train,heuristic,player_win,-10.0,7,60.0,3,Normal,0.05,0.05,1,1663,1105,0.0,0.0,2,0,1
Full,1,457,train,heuristic,player_win,-10.0,11,70.0,4,Hard,0.05,0.05,1,1668,1109,0.0,0.0,2,0,3
Full,1,458,train,heuristic,agent_win,10.0,6,62.0,3,Normal,0.05,0.05,1,1671,1110,3.0,3.0,3,0,0
Full,1,459,train,heuristic,agent_win,10.0,14,54.0,3,Normal,0.05,0.05,1,1678,1116,3.0,3.0,5,0,2
Full,1,460,train,heuristic,agent_win,10.0,6,46.0,3,Normal,0.05,0.05,1,1681,1118,3.0,3.0,3,0,0
Full,1,461,train,heuristic,agent_win,10.0,8,38.0,2,Easy,0.05,0.05500000000000001,1,1685,1121,3.0,3.0,3,0,1
Full,1,462,train,heuristic,agent_win,10.0,6,30.0,2,Easy,0.05,0.05500000000000001,1,1688,1122,3.0,3.0,1,0,2
Full,1,463,train,heuristic,agent_win,10.0,6,22.0,1,Very Easy,0.05,0.0675,1,1691,1123,3.0,3.0,2,0,1
Full,1,464,train,heuristic,agent_win,10.0,8,14.0,1,Very Easy,0.05,0.0675,1,1695,1126,3.0,3.0,3,0,1
Full,1,465,train,heuristic,player_win,-10.0,9,24.0,1,Very Easy,0.05,0.0675,1,1699,1129,0.0,0.0,2,0,2
Full,1,466,train,heuristic,player_win,-10.0,9,34.0,2,Easy,0.05,0.05500000000000001,1,1703,1132,0.0,0.0,2,0,2
Full,1,467,train,heuristic,player_win,-10.0,7,44.0,2,Easy,0.05,0.05500000000000001,1,1706,1134,0.0,0.0,2,1,0
Full,1,468,train,heuristic,agent_win,10.0,10,36.0,2,Easy,0.05,0.05500000000000001,1,1711,1138,3.0,3.0,3,1,1
Full,1,469,train,heuristic,agent_win,10.0,8,28.0,2,Easy,0.05,0.05500000000000001,1,1715,1141,3.0,3.0,2,0,2
Full,1,470,train,heuristic,player_win,-10.0,13,38.0,2,Easy,0.05,0.05500000000000001,1,1721,1146,0.0,0.0,4,0,2
Full,1,471,train,heuristic,player_win,-10.0,9,48.0,3,Normal,0.05,0.05,1,1725,1146,0.0,0.0,3,0,1
Full,1,472,train,heuristic,agent_win,10.0,8,40.0,2,Easy,0.05,0.05500000000000001,1,1729,1149,3.0,3.0,2,0,2
Full,1,473,train,heuristic,player_win,-10.0,9,50.0,3,Normal,0.05,0.05,1,1733,1152,0.0,0.0,2,0,2
Full,1,474,train,heuristic,player_win,-10.0,9,60.0,3,Normal,0.05,0.05,1,1737,1154,0.0,0.0,2,0,2
Full,1,475,train,heuristic,player_win,-10.0,9,70.0,4,Hard,0.05,0.05,1,1741,1156,0.0,0.0,3,0,1
Full,1,476,train,heuristic,agent_win,10.0,10,62.0,3,Normal,0.05,0.05,1,1746,1157,3.0,3.0,4,0,1
Full,1,477,train,heuristic,player_win,-10.0,7,72.0,4,Hard,0.05,0.05,1,1749,1159,0.0,0.0,2,0,1
Full,1,478,train,heuristic,agent_win,10.0,12,64.0,3,Normal,0.05,0.05,1,1755,1164,3.0,3.0,6,0,0
Full,1,479,train,heuristic,agent_win,10.0,6,56.0,3,Normal,0.05,0.05,1,1758,1165,3.0,3.0,3,0,0
Full,1,480,train,heuristic,agent_win,10.0,10,48.0,3,Normal,0.05,0.05,1,1763,1167,3.0,3.0,4,0,1
Full,1,481,train,heuristic,agent_win,10.0,8,40.0,2,Easy,0.05,0.05500000000000001,1,1767,1170,3.0,3.0,3,0,1
Full,1,482,train,heuristic,player_win,-10.0,7,50.0,3,Normal,0.05,0.05,1,1770,1172,0.0,0.0,3,0,0
Full,1,483,train,heuristic,player_win,-10.0,7,60.0,3,Normal,0.05,0.05,1,1773,1174,0.0,0.0,1,0,2
Full,1,484,train,heuristic,player_win,-10.0,9,70.0,4,Hard,0.05,0.05,1,1777,1177,0.0,0.0,3,0,1
Full,1,485,train,heuristic,agent_win,10.0,6,62.0,3,Normal,0.05,0.05,1,1780,1178,3.0,3.0,3,0,0
Full,1,486,train,heuristic,agent_win,10.0,10,54.0,3,Normal,0.05,0.05,1,1785,1182,3.0,3.0,3,0,2
Full,1,487,train,heuristic,agent_win,10.0,10,46.0,3,Normal,0.05,0.05,1,1790,1186,3.0,3.0,2,1,2
Full,1,488,train,heuristic,agent_win,10.0,6,38.0,2,Easy,0.05,0.05500000000000001,1,1793,1187,3.0,3.0,2,0,1
Full,1,489,train,heuristic,agent_win,10.0,10,30.0,2,Easy,0.05,0.05500000000000001,1,1798,1191,3.0,3.0,2,0,3
Full,1,490,train,heuristic,agent_win,10.0,8,22.0,1,Very Easy,0.05,0.0675,1,1802,1194,3.0,3.0,2,0,2
Full,1,491,train,heuristic,agent_win,10.0,8,14.0,1,Very Easy,0.05,0.0675,1,1806,1197,3.0,3.0,2,0,2
Full,1,492,train,heuristic,agent_win,10.0,8,6.0,1,Very Easy,0.05,0.0675,1,1810,1199,3.0,3.0,3,0,1
Full,1,493,train,heuristic,player_win,-10.0,9,16.0,1,Very Easy,0.05,0.0675,1,1814,1202,0.0,0.0,2,0,2
Full,1,494,train,heuristic,player_win,-10.0,5,26.0,2,Easy,0.05,0.05500000000000001,1,1816,1203,0.0,0.0,1,0,1
Full,1,495,train,heuristic,player_win,-10.0,7,36.0,2,Easy,0.05,0.05500000000000001,1,1819,1205,0.0,0.0,2,0,1
Full,1,496,train,heuristic,agent_win,10.0,8,28.0,2,Easy,0.05,0.05500000000000001,1,1823,1208,3.0,3.0,1,0,3
Full,1,497,train,heuristic,player_win,-10.0,5,38.0,2,Easy,0.05,0.05500000000000001,1,1825,1209,0.0,0.0,1,0,1
Full,1,498,train,heuristic,player_win,-10.0,7,48.0,3,Normal,0.05,0.05,1,1828,1211,0.0,0.0,1,1,1
Full,1,499,train,heuristic,agent_win,10.0,6,40.0,2,Easy,0.05,0.05500000000000001,1,1831,1213,3.0,3.0,2,0,1
Full,1,500,train,heuristic,agent_win,10.0,6,32.0,2,Easy,0.05,0.05500000000000001,1,1834,1215,3.0,3.0,1,1,1
Full,1,501,train,heuristic,agent_win,10.0,6,24.0,1,Very Easy,0.05,0.0675,1,1837,1217,3.0,3.0,1,0,2
Full,1,502,train,heuristic,player_win,-10.0,7,34.0,2,Easy,0.05,0.05500000000000001,1,1840,1219,0.0,0.0,1,0,2
Full,1,503,train,heuristic,player_win,-10.0,7,44.0,2,Easy,0.05,0.05500000000000001,1,1843,1221,0.0,0.0,2,0,1
Full,1,504,train,heuristic,agent_win,10.0,8,36.0,2,Easy,0.05,0.05500000000000001,1,1847,1224,3.0,3.0,3,0,1
Full,1,505,train,heuristic,player_win,-10.0,7,46.0,3,Normal,0.05,0.05,1,1850,1226,0.0,0.0,2,0,1
Full,1,506,train,heuristic,agent_win,10.0,10,38.0,2,Easy,0.05,0.05500000000000001,1,1855,1229,3.0,3.0,3,0,2
Full,1,507,train,heuristic,agent_win,10.0,6,30.0,2,Easy,0.05,0.05500000000000001,1,1858,1231,3.0,3.0,2,0,1
Full,1,508,train,heuristic,agent_win,10.0,6,22.0,1,Very Easy,0.05,0.0675,1,1861,1232,3.0,3.0,3,0,0
Full,1,509,train,heuristic,player_win,-10.0,5,32.0,2,Easy,0.05,0.05500000000000001,1,1863,1233,0.0,0.0,1,0,1
Full,1,510,train,heuristic,player_win,-10.0,7,42.0,2,Easy,0.05,0.05500000000000001,1,1866,1235,0.0,0.0,2,0,1
Full,1,511,train,heuristic,player_win,-10.0,11,52.0,3,Normal,0.05,0.05,1,1871,1239,0.0,0.0,2,0,3
Full,1,512,train,heuristic,player_win,-10.0,7,62.0,3,Normal,0.05,0.05,1,1874,1241,0.0,0.0,3,0,0
Full,1,513,train,heuristic,agent_win,10.0,6,54.0,3,Normal,0.05,0.05,1,1877,1243,3.0,3.0,2,0,1
Full,1,514,train,heuristic,player_win,-10.0,9,64.0,3,Normal,0.05,0.05,1,1881,1246,0.0,0.0,2,0,2
Full,1,515,train,heuristic,player_win,-10.0,13,74.0,4,Hard,0.05,0.05,1,1887,1251,0.0,0.0,3,0,3
Full,1,516,train,heuristic,agent_win,10.0,6,66.0,4,Hard,0.05,0.05,1,1890,1251,2.0999999999999996,2.0999999999999996,2,0,1
Full,1,517,train,heuristic,player_win,-10.0,7,76.0,4,Hard,0.05,0.05,1,1893,1251,0.0,0.0,3,0,0
Full,1,518,train,heuristic,agent_win,10.0,6,68.0,4,Hard,0.05,0.05,1,1896,1252,3.0,3.0,2,0,1
Full,1,519,train,heuristic,player_win,-10.0,5,78.0,4,Hard,0.05,0.05,1,1898,1253,0.0,0.0,2,0,0
Full,1,520,train,heuristic,agent_win,10.0,6,70.0,4,Hard,0.05,0.05,1,1901,1255,3.0,3.0,3,0,0
Full,1,521,train,heuristic,player_win,-10.0,5,80.0,5,Expert,0.05,0.05,1,1903,1256,0.0,0.0,2,0,0
Full,1,522,train,heuristic,agent_win,10.0,6,72.0,4,Hard,0.05,0.05,1,1906,1258,3.0,3.0,3,0,0
Full,1,523,train,heuristic,player_win,-10.0,5,82.0,5,Expert,0.05,0.05,1,1908,1258,0.0,0.0,2,0,0
Full,1,524,train,heuristic,agent_win,10.0,6,74.0,4,Hard,0.05,0.05,1,1911,1259,3.0,3.0,3,0,0
Full,1,525,train,heuristic,agent_win,10.0,6,66.0,4,Hard,0.05,0.05,1,1914,1260,3.0,3.0,2,0,1
Full,1,526,train,heuristic,agent_win,10.0,6,58.0,3,Normal,0.05,0.05,1,1917,1262,3.0,3.0,3,0,0
Full,1,527,train,heuristic,agent_win,10.0,6,50.0,3,Normal,0.05,0.05,1,1920,1263,3.0,3.0,2,0,1
Full,1,528,train,heuristic,agent_win,10.0,12,42.0,2,Easy,0.05,0.05500000000000001,1,1926,1267,3.0,3.0,5,0,1
Full,1,529,train,heuristic,player_win,-10.0,7,52.0,3,Normal,0.05,0.05,1,1929,1269,0.0,0.0,1,1,1
Full,1,530,train,heuristic,player_win,-10.0,7,62.0,3,Normal,0.05,0.05,1,1932,1269,0.0,0.0,2,1,0
Full,1,531,train,heuristic,agent_win,10.0,6,54.0,3,Normal,0.05,0.05,1,1935,1271,3.0,3.0,3,0,0
Full,1,532,train,heuristic,player_win,-10.0,7,64.0,3,Normal,0.05,0.05,1,1938,1272,0.0,0.0,2,0,1
Full,1,533,train,heuristic,agent_win,10.0,6,56.0,3,Normal,0.05,0.05,1,1941,1273,3.0,3.0,2,0,1
Full,1,534,train,heuristic,agent_win,10.0,8,48.0,3,Normal,0.05,0.05,1,1945,1274,3.0,3.0,3,0,1
Full,1,535,train,heuristic,agent_win,10.0,6,40.0,2,Easy,0.05,0.05500000000000001,1,1948,1276,3.0,3.0,3,0,0
Full,1,536,train,heuristic,agent_win,10.0,8,32.0,2,Easy,0.05,0.05500000000000001,1,1952,1279,3.0,3.0,3,0,1
Full,1,537,train,heuristic,player_win,-10.0,7,42.0,2,Easy,0.05,0.05500000000000001,1,1955,1279,0.0,0.0,1,0,2
Full,1,538,train,heuristic,player_win,-10.0,9,52.0,3,Normal,0.05,0.05,1,1959,1282,0.0,0.0,3,0,1
Full,1,539,train,heuristic,player_win,-10.0,7,62.0,3,Normal,0.05,0.05,1,1962,1284,0.0,0.0,2,0,1
Full,1,540,train,heuristic,agent_win,10.0,12,54.0,3,Normal,0.05,0.05,1,1968,1286,3.0,3.0,5,0,1
Full,1,541,train,heuristic,agent_win,10.0,6,46.0,3,Normal,0.05,0.05,1,1971,1288,3.0,3.0,3,0,0
Full,1,542,train,heuristic,player_win,-10.0,7,56.0,3,Normal,0.05,0.05,1,1974,1288,0.0,0.0,2,0,1
Full,1,543,train,heuristic,agent_win,10.0,6,48.0,3,Normal,0.05,0.05,1,1977,1290,3.0,3.0,2,0,1
Full,1,544,train,heuristic,agent_win,10.0,6,40.0,2,Easy,0.05,0.05500000000000001,1,1980,1291,3.0,3.0,2,0,1
Full,1,545,train,heuristic,agent_win,10.0,8,32.0,2,Easy,0.05,0.05500000000000001,1,1984,1294,3.0,3.0,2,0,2
Full,1,546,train,heuristic,agent_win,10.0,10,24.0,1,Very Easy,0.05,0.0675,1,1989,1298,3.0,3.0,3,0,2
Full,1,547,train,heuristic,agent_win,10.0,8,16.0,1,Very Easy,0.05,0.0675,1,1993,1300,3.0,3.0,2,0,2
Full,1,548,train,heuristic,agent_win,10.0,6,8.0,1,Very Easy,0.05,0.0675,1,1996,1301,3.0,3.0,2,0,1
Full,1,549,train,heuristic,agent_win,10.0,10,0.0,1,Very Easy,0.05,0.0675,1,2001,1304,3.0,3.0,3,0,2
Full,1,550,train,heuristic,player_win,-10.0,9,10.0,1,Very Easy,0.05,0.0675,1,2005,1307,0.0,0.0,1,0,3
Full,1,551,train,heuristic,player_win,-10.0,9,20.0,1,Very Easy,0.05,0.0675,1,2009,1309,0.0,0.0,1,0,3
Full,1,552,train,heuristic,player_win,-10.0,7,30.0,2,Easy,0.05,0.05500000000000001,1,2012,1311,0.0,0.0,1,0,2
Full,1,553,train,heuristic,player_win,-10.0,9,40.0,2,Easy,0.05,0.05500000000000001,1,2016,1314,0.0,0.0,2,0,2
Full,1,554,train,heuristic,agent_win,10.0,8,32.0,2,Easy,0.05,0.05500000000000001,1,2020,1317,3.0,3.0,4,0,0
Full,1,555,train,heuristic,player_win,-10.0,13,42.0,2,Easy,0.05,0.05500000000000001,1,2026,1322,0.0,0.0,4,0,2
Full,1,556,train,heuristic,agent_win,10.0,6,34.0,2,Easy,0.05,0.05500000000000001,1,2029,1324,3.0,3.0,2,0,1
Full,1,557,train,heuristic,agent_win,10.0,10,26.0,2,Easy,0.05,0.05500000000000001,1,2034,1327,3.0,3.0,2,0,3
Full,1,558,train,heuristic,player_win,-10.0,7,36.0,2,Easy,0.05,0.05500000000000001,1,2037,1329,0.0,0.0,3,0,0
Full,1,559,train,heuristic,agent_win,10.0,8,28.0,2,Easy,0.05,0.05500000000000001,1,2041,1332,3.0,3.0,2,0,2
Full,1,560,train,heuristic,agent_win,10.0,6,20.0,1,Very Easy,0.05,0.0675,1,2044,1334,3.0,3.0,2,0,1
Full,1,561,train,heuristic,player_win,-10.0,7,30.0,2,Easy,0.05,0.05500000000000001,1,2047,1335,0.0,0.0,1,0,2
Full,1,562,train,heuristic,player_win,-10.0,7,40.0,2,Easy,0.05,0.05500000000000001,1,2050,1337,0.0,0.0,1,0,2
Full,1,563,train,heuristic,player_win,-10.0,7,50.0,3,Normal,0.05,0.05,1,2053,1339,0.0,0.0,1,0,2
Full,1,564,train,heuristic,player_win,-10.0,7,60.0,3,Normal,0.05,0.05,1,2056,1341,0.0,0.0,1,0,2
Full,1,565,train,heuristic,agent_win,10.0,6,52.0,3,Normal,0.05,0.05,1,2059,1343,3.0,3.0,2,0,1
Full,1,566,train,heuristic,agent_win,10.0,10,44.0,2,Easy,0.05,0.05500000000000001,1,2064,1346,3.0,3.0,3,0,2
Full,1,567,train,heuristic,player_win,-10.0,11,54.0,3,Normal,0.05,0.05,1,2069,1349,0.0,0.0,2,0,3
Full,1,568,train,heuristic,player_win,-10.0,7,64.0,3,Normal,0.05,0.05,1,2072,1351,0.0,0.0,1,0,2
Full,1,569,train,heuristic,player_win,-10.0,11,74.0,4,Hard,0.05,0.05,1,2077,1354,0.0,0.0,3,0,2
Full,1,570,train,heuristic,player_win,-10.0,7,84.0,5,Expert,0.05,0.05,1,2080,1356,0.0,0.0,1,1,1
Full,1,571,train,heuristic,agent_win,10.0,8,76.0,4,Hard,0.05,0.05,1,2084,1359,3.0,3.0,3,0,1
Full,1,572,train,heuristic,agent_win,10.0,6,68.0,4,Hard,0.05,0.05,1,2087,1359,1.4699999999999998,1.4699999999999998,3,0,0
Full,1,573,train,heuristic,agent_win,10.0,12,60.0,3,Normal,0.05,0.05,1,2093,1361,3.0,3.0,6,0,0
Full,1,574,train,heuristic,player_win,-10.0,13,70.0,4,Hard,0.05,0.05,1,2099,1366,0.0,0.0,3,0,3
Full,1,575,train,heuristic,agent_win,10.0,6,62.0,3,Normal,0.05,0.05,1,2102,1368,3.0,3.0,3,0,0
Full,1,576,train,heuristic,agent_win,10.0,6,54.0,3,Normal,0.05,0.05,1,2105,1370,3.0,3.0,3,0,0
Full,1,577,train,heuristic,player_win,-10.0,5,64.0,3,Normal,0.05,0.05,1,2107,1371,0.0,0.0,1,0,1
Full,1,578,train,heuristic,player_win,-10.0,7,74.0,4,Hard,0.05,0.05,1,2110,1371,0.0,0.0,2,1,0
Full,1,579,train,heuristic,player_win,-10.0,7,84.0,5,Expert,0.05,0.05,1,2113,1373,0.0,0.0,2,0,1
Full,1,580,train,heuristic,agent_win,10.0,6,76.0,4,Hard,0.05,0.05,1,2116,1374,3.0,3.0,3,0,0
Full,1,581,train,heuristic,agent_win,10.0,6,68.0,4,Hard,0.05,0.05,1,2119,1375,3.0,3.0,2,1,0
Full,1,582,train,heuristic,player_win,-10.0,5,78.0,4,Hard,0.05,0.05,1,2121,1376,0.0,0.0,2,0,0
Full,1,583,train,heuristic,agent_win,10.0,6,70.0,4,Hard,0.05,0.05,1,2124,1378,3.0,3.0,3,0,0
Full,1,584,train,heuristic,player_win,-10.0,9,80.0,5,Expert,0.05,0.05,1,2128,1380,0.0,0.0,3,0,1
Full,1,585,train,heuristic,agent_win,10.0,6,72.0,4,Hard,0.05,0.05,1,2131,1380,2.0999999999999996,2.0999999999999996,3,0,0
Full,1,586,train,heuristic,agent_win,10.0,6,64.0,3,Normal,0.05,0.05,1,2134,1381,3.0,3.0,3,0,0
Full,1,587,train,heuristic,player_win,-10.0,11,74.0,4,Hard,0.05,0.05,1,2139,1384,0.0,0.0,2,0,3
Full,1,588,train,heuristic,agent_win,10.0,8,66.0,4,Hard,0.05,0.05,1,2143,1386,3.0,3.0,3,0,1
Full,1,589,train,heuristic,agent_win,10.0,6,58.0,3,Normal,0.05,0.05,1,2146,1387,3.0,3.0,3,0,0
Full,1,590,train,heuristic,agent_win,10.0,6,50.0,3,Normal,0.05,0.05,1,2149,1389,3.0,3.0,2,0,1
Full,1,591,train,heuristic,player_win,-10.0,13,60.0,3,Normal,0.05,0.05,1,2155,1394,0.0,0.0,5,0,1
Full,1,592,train,heuristic,agent_win,10.0,8,52.0,3,Normal,0.05,0.05,1,2159,1396,3.0,3.0,3,0,1
Full,1,593,train,heuristic,agent_win,10.0,8,44.0,2,Easy,0.05,0.05500000000000001,1,2163,1399,3.0,3.0,2,0,2
Full,1,594,train,heuristic,player_win,-10.0,7,54.0,3,Normal,0.05,0.05,1,2166,1399,0.0,0.0,2,0,1
Full,1,595,train,heuristic,player_win,-10.0,9,64.0,3,Normal,0.05,0.05,1,2170,1402,0.0,0.0,2,0,2
Full,1,596,train,heuristic,player_win,-10.0,11,74.0,4,Hard,0.05,0.05,1,2175,1405,0.0,0.0,3,0,2
Full,1,597,train,heuristic,agent_win,10.0,6,66.0,4,Hard,0.05,0.05,1,2178,1406,3.0,3.0,2,0,1
Full,1,598,train,heuristic,player_win,-10.0,7,76.0,4,Hard,0.05,0.05,1,2181,1408,0.0,0.0,2,1,0
Full,1,599,train,heuristic,agent_win,10.0,6,68.0,4,Hard,0.05,0.05,1,2184,1410,3.0,3.0,2,0,1
Full,1,600,train,heuristic,player_win,-10.0,9,78.0,4,Hard,0.05,0.05,1,2188,1410,0.0,0.0,4,0,0
Full,1,601,train,heuristic,agent_win,10.0,6,70.0,4,Hard,0.05,0.05,1,2191,1412,3.0,3.0,3,0,0
Full,1,602,train,heuristic,player_win,-10.0,7,80.0,5,Expert,0.05,0.05,1,2194,1414,0.0,0.0,2,0,1
Full,1,603,train,heuristic,agent_win,10.0,8,72.0,4,Hard,0.05,0.05,1,2198,1417,3.0,3.0,4,0,0
Full,1,604,train,heuristic,agent_win,10.0,8,64.0,3,Normal,0.05,0.05,1,2202,1420,3.0,3.0,3,0,1
Full,1,605,train,heuristic,player_win,-10.0,7,74.0,4,Hard,0.05,0.05,1,2205,1420,0.0,0.0,2,0,1
Full,1,606,train,heuristic,agent_win,10.0,6,66.0,4,Hard,0.05,0.05,1,2208,1422,3.0,3.0,3,0,0
Full,1,607,train,heuristic,agent_win,10.0,10,58.0,3,Normal,0.05,0.05,1,2213,1424,3.0,3.0,2,0,3
Full,1,608,train,heuristic,agent_win,10.0,6,50.0,3,Normal,0.05,0.05,1,2216,1425,3.0,3.0,2,0,1
Full,1,609,train,heuristic,player_win,-10.0,7,60.0,3,Normal,0.05,0.05,1,2219,1427,0.0,0.0,3,0,0
Full,1,610,train,heuristic,agent_win,10.0,8,52.0,3,Normal,0.05,0.05,1,2223,1430,3.0,3.0,3,0,1
Full,1,611,train,heuristic,agent_win,10.0,6,44.0,2,Easy,0.05,0.05500000000000001,1,2226,1431,3.0,3.0,3,0,0
Full,1,612,train,heuristic,player_win,-10.0,11,54.0,3,Normal,0.05,0.05,1,2231,1435,0.0,0.0,3,0,2
Full,1,613,train,heuristic,agent_win,10.0,8,46.0,3,Normal,0.05,0.05,1,2235,1438,3.0,3.0,3,0,1
Full,1,614,train,heuristic,player_win,-10.0,5,56.0,3,Normal,0.05,0.05,1,2237,1439,0.0,0.0,1,0,1
Full,1,615,train,heuristic,player_win,-10.0,7,66.0,4,Hard,0.05,0.05,1,2240,1441,0.0,0.0,2,0,1
Full,1,616,train,heuristic,agent_win,10.0,6,58.0,3,Normal,0.05,0.05,1,2243,1443,3.0,3.0,2,0,1
Full,1,617,train,heuristic,agent_win,10.0,6,50.0,3,Normal,0.05,0.05,1,2246,1445,3.0,3.0,1,0,2
Full,1,618,train,heuristic,player_win,-10.0,5,60.0,3,Normal,0.05,0.05,1,2248,1445,0.0,0.0,2,0,0
Full,1,619,train,heuristic,player_win,-10.0,11,70.0,4,Hard,0.05,0.05,1,2253,1449,0.0,0.0,4,0,1
Full,1,620,train,heuristic,player_win,-10.0,5,80.0,5,Expert,0.05,0.05,1,2255,1449,0.0,0.0,2,0,0
Full,1,621,train,heuristic,agent_win,10.0,6,72.0,4,Hard,0.05,0.05,1,2258,1451,3.0,3.0,3,0,0
Full,1,622,train,heuristic,agent_win,10.0,6,64.0,3,Normal,0.05,0.05,1,2261,1452,3.0,3.0,3,0,0
Full,1,623,train,heuristic,player_win,-10.0,7,74.0,4,Hard,0.05,0.05,1,2264,1454,0.0,0.0,2,0,1
Full,1,624,train,heuristic,player_win,-10.0,7,84.0,5,Expert,0.05,0.05,1,2267,1455,0.0,0.0,3,0,0
Full,1,625,train,heuristic,agent_win,10.0,6,76.0,4,Hard,0.05,0.05,1,2270,1457,3.0,3.0,2,0,1
Full,1,626,train,heuristic,player_win,-10.0,7,86.0,5,Expert,0.05,0.05,1,2273,1458,0.0,0.0,2,0,1
Full,1,627,train,heuristic,agent_win,10.0,6,78.0,4,Hard,0.05,0.05,1,2276,1460,3.0,3.0,3,0,0
Full,1,628,train,heuristic,agent_win,10.0,6,70.0,4,Hard,0.05,0.05,1,2279,1461,2.0999999999999996,2.0999999999999996,3,0,0
Full,1,629,train,heuristic,agent_win,10.0,6,62.0,3,Normal,0.05,0.05,1,2282,1462,3.0,3.0,3,0,0
Full,1,630,train,heuristic,agent_win,10.0,8,54.0,3,Normal,0.05,0.05,1,2286,1462,2.0999999999999996,2.0999999999999996,3,0,1
Full,1,631,train,heuristic,agent_win,10.0,8,46.0,3,Normal,0.05,0.05,1,2290,1464,3.0,3.0,2,0,2
Full,1,632,train,heuristic,player_win,-10.0,9,56.0,3,Normal,0.05,0.05,1,2294,1467,0.0,0.0,2,0,2
Full,1,633,train,heuristic,agent_win,10.0,6,48.0,3,Normal,0.05,0.05,1,2297,1469,3.0,3.0,3,0,0
Full,1,634,train,heuristic,player_win,-10.0,5,58.0,3,Normal,0.05,0.05,1,2299,1469,0.0,0.0,2,0,0
Full,1,635,train,heuristic,agent_win,10.0,8,50.0,3,Normal,0.05,0.05,1,2303,1471,3.0,3.0,3,0,1
Full,1,636,train,heuristic,player_win,-10.0,7,60.0,3,Normal,0.05,0.05,1,2306,1473,0.0,0.0,1,0,2
Full,1,637,train,heuristic,agent_win,10.0,10,52.0,3,Normal,0.05,0.05,1,2311,1477,3.0,3.0,3,0,2
Full,1,638,train,heuristic,agent_win,10.0,8,44.0,2,Easy,0.05,0.05500000000000001,1,2315,1480,3.0,3.0,3,0,1
Full,1,639,train,heuristic,agent_win,10.0,6,36.0,2,Easy,0.05,0.05500000000000001,1,2318,1481,3.0,3.0,2,0,1
Full,1,640,train,heuristic,agent_win,10.0,8,28.0,2,Easy,0.05,0.05500000000000001,1,2322,1484,3.0,3.0,2,0,2
Full,1,641,train,heuristic,player_win,-10.0,5,38.0,2,Easy,0.05,0.05500000000000001,1,2324,1485,0.0,0.0,1,0,1
Full,1,642,train,heuristic,player_win,-10.0,7,48.0,3,Normal,0.05,0.05,1,2327,1487,0.0,0.0,1,0,2
Full,1,643,train,heuristic,agent_win,10.0,8,40.0,2,Easy,0.05,0.05500000000000001,1,2331,1490,3.0,3.0,1,0,3
Full,1,644,train,heuristic,player_win,-10.0,11,50.0,3,Normal,0.05,0.05,1,2336,1494,0.0,0.0,4,0,1
Full,1,645,train,heuristic,player_win,-10.0,11,60.0,3,Normal,0.05,0.05,1,2341,1498,0.0,0.0,3,0,2
Full,1,646,train,heuristic,player_win,-10.0,9,70.0,4,Hard,0.05,0.05,1,2345,1501,0.0,0.0,2,0,2
Full,1,647,train,heuristic,agent_win,10.0,6,62.0,3,Normal,0.05,0.05,1,2348,1503,3.0,3.0,3,0,0
Full,1,648,train,heuristic,player_win,-10.0,5,72.0,4,Hard,0.05,0.05,1,2350,1504,0.0,0.0,2,0,0
Full,1,649,train,heuristic,player_win,-10.0,7,82.0,5,Expert,0.05,0.05,1,2353,1505,0.0,0.0,2,0,1
Full,1,650,train,heuristic,agent_win,10.0,8,74.0,4,Hard,0.05,0.05,1,2357,1505,2.0999999999999996,2.0999999999999996,4,0,0
Full,1,651,train,heuristic,agent_win,10.0,6,66.0,4,Hard,0.05,0.05,1,2360,1507,3.0,3.0,2,0,1
Full,1,652,train,heuristic,agent_win,10.0,6,58.0,3,Normal,0.05,0.05,1,2363,1509,3.0,3.0,3,0,0
Full,1,653,train,heuristic,player_win,-10.0,7,68.0,4,Hard,0.05,0.05,1,2366,1511,0.0,0.0,2,0,1
Full,1,654,train,heuristic,player_win,-10.0,7,78.0,4,Hard,0.05,0.05,1,2369,1513,0.0,0.0,2,0,1
Full,1,655,train,heuristic,agent_win,10.0,6,70.0,4,Hard,0.05,0.05,1,2372,1514,2.0999999999999996,2.0999999999999996,3,0,0
Full,1,656,train,heuristic,agent_win,10.0,6,62.0,3,Normal,0.05,0.05,1,2375,1515,3.0,3.0,3,0,0
Full,1,657,train,heuristic,agent_win,10.0,8,54.0,3,Normal,0.05,0.05,1,2379,1518,3.0,3.0,4,0,0
Full,1,658,train,heuristic,agent_win,10.0,8,46.0,3,Normal,0.05,0.05,1,2383,1521,3.0,3.0,3,0,1
Full,1,659,train,heuristic,agent_win,10.0,8,38.0,2,Easy,0.05,0.05500000000000001,1,2387,1523,3.0,3.0,2,0,2
Full,1,660,train,heuristic,agent_win,10.0,8,30.0,2,Easy,0.05,0.05500000000000001,1,2391,1524,3.0,3.0,3,0,1
Full,1,661,train,heuristic,agent_win,10.0,10,22.0,1,Very Easy,0.05,0.0675,1,2396,1528,3.0,3.0,3,0,2
Full,1,662,train,heuristic,player_win,-10.0,5,32.0,2,Easy,0.05,0.05500000000000001,1,2398,1529,0.0,0.0,1,0,1
Full,1,663,train,heuristic,player_win,-10.0,7,42.0,2,Easy,0.05,0.05500000000000001,1,2401,1530,0.0,0.0,1,0,2
Full,1,664,train,heuristic,player_win,-10.0,11,52.0,3,Normal,0.05,0.05,1,2406,1533,0.0,0.0,3,0,2
Full,1,665,train,heuristic,player_win,-10.0,11,62.0,3,Normal,0.05,0.05,1,2411,1536,0.0,0.0,2,1,2
Full,1,666,train,heuristic,player_win,-10.0,13,72.0,4,Hard,0.05,0.05,1,2417,1541,0.0,0.0,3,0,3
Full,1,667,train,heuristic,agent_win,10.0,6,64.0,3,Normal,0.05,0.05,1,2420,1543,3.0,3.0,3,0,0
Full,1,668,train,heuristic,agent_win,10.0,8,56.0,3,Normal,0.05,0.05,1,2424,1546,3.0,3.0,3,0,1
Full,1,669,train,heuristic,player_win,-10.0,5,66.0,4,Hard,0.05,0.05,1,2426,1547,0.0,0.0,1,0,1
Full,1,670,train,heuristic,agent_win,10.0,6,58.0,3,Normal,0.05,0.05,1,2429,1549,3.0,3.0,3,0,0
Full,1,671,train,heuristic,agent_win,10.0,6,50.0,3,Normal,0.05,0.05,1,2432,1551,3.0,3.0,2,0,1
Full,1,672,train,heuristic,player_win,-10.0,9,60.0,3,Normal,0.05,0.05,1,2436,1553,0.0,0.0,2,0,2
Full,1,673,train,heuristic,player_win,-10.0,9,70.0,4,Hard,0.05,0.05,1,2440,1555,0.0,0.0,2,0,2
Full,1,674,train,heuristic,agent_win,10.0,6,62.0,3,Normal,0.05,0.05,1,2443,1556,3.0,3.0,3,0,0
Full,1,675,train,heuristic,player_win,-10.0,9,72.0,4,Hard,0.05,0.05,1,2447,1559,0.0,0.0,3,0,1
Full,1,676,train,heuristic,agent_win,10.0,6,64.0,3,Normal,0.05,0.05,1,2450,1560,3.0,3.0,3,0,0
Full,1,677,train,heuristic,agent_win,10.0,10,56.0,3,Normal,0.05,0.05,1,2455,1563,3.0,3.0,4,1,0
Full,1,678,train,heuristic,player_win,-10.0,5,66.0,4,Hard,0.05,0.05,1,2457,1564,0.0,0.0,2,0,0
Full,1,679,train,heuristic,agent_win,10.0,10,58.0,3,Normal,0.05,0.05,1,2462,1568,3.0,3.0,4,0,1
Full,1,680,train,heuristic,player_win,-10.0,5,68.0,4,Hard,0.05,0.05,1,2464,1569,0.0,0.0,2,0,0
Full,1,681,train,heuristic,player_win,-10.0,5,78.0,4,Hard,0.05,0.05,1,2466,1570,0.0,0.0,1,0,1
Full,1,682,train,heuristic,player_win,-10.0,7,88.0,5,Expert,0.05,0.05,1,2469,1571,0.0,0.0,2,0,1
Full,1,683,train,heuristic,agent_win,10.0,8,80.0,5,Expert,0.05,0.05,1,2473,1574,3.0,3.0,4,0,0
Full,1,684,train,heuristic,agent_win,10.0,6,72.0,4,Hard,0.05,0.05,1,2476,1574,1.4699999999999998,1.4699999999999998,3,0,0
Full,1,685,train,heuristic,player_win,-10.0,7,82.0,5,Expert,0.05,0.05,1,2479,1574,0.0,0.0,3,0,0
Full,1,686,train,heuristic,agent_win,10.0,6,74.0,4,Hard,0.05,0.05,1,2482,1575,3.0,3.0,3,0,0
Full,1,687,train,heuristic,agent_win,10.0,6,66.0,4,Hard,0.05,0.05,1,2485,1575,2.0999999999999996,2.0999999999999996,2,0,1
Full,1,688,train,heuristic,agent_win,10.0,8,58.0,3,Normal,0.05,0.05,1,2489,1578,3.0,3.0,3,1,0
Full,1,689,train,heuristic,player_win,-10.0,5,68.0,4,Hard,0.05,0.05,1,2491,1578,0.0,0.0,2,0,0
Full,1,690,train,heuristic,agent_win,10.0,8,60.0,3,Normal,0.05,0.05,1,2495,1581,3.0,3.0,4,0,0
Full,1,691,train,heuristic,player_win,-10.0,11,70.0,4,Hard,0.05,0.05,1,2500,1584,0.0,0.0,3,0,2
Full,1,692,train,heuristic,agent_win,10.0,6,62.0,3,Normal,0.05,0.05,1,2503,1586,3.0,3.0,2,0,1
Full,1,693,train,heuristic,agent_win,10.0,8,54.0,3,Normal,0.05,0.05,1,2507,1589,3.0,3.0,2,0,2
Full,1,694,train,heuristic,agent_win,10.0,8,46.0,3,Normal,0.05,0.05,1,2511,1591,2.0999999999999996,2.0999999999999996,3,0,1
Full,1,695,train,heuristic,agent_win,10.0,6,38.0,2,Easy,0.05,0.05500000000000001,1,2514,1591,1.4699999999999998,1.4699999999999998,2,0,1
Full,1,696,train,heuristic,player_win,-10.0,9,48.0,3,Normal,0.05,0.05,1,2518,1594,0.0,0.0,2,0,2
Full,1,697,train,heuristic,player_win,-10.0,7,58.0,3,Normal,0.05,0.05,1,2521,1595,0.0,0.0,2,0,1
Full,1,698,train,heuristic,agent_win,10.0,6,50.0,3,Normal,0.05,0.05,1,2524,1597,3.0,3.0,3,0,0
Full,1,699,train,heuristic,agent_win,10.0,8,42.0,2,Easy,0.05,0.05500000000000001,1,2528,1600,3.0,3.0,3,0,1
Full,1,700,train,heuristic,agent_win,10.0,8,34.0,2,Easy,0.05,0.05500000000000001,1,2532,1603,3.0,3.0,1,0,3
Full,1,701,train,heuristic,player_win,-10.0,13,44.0,2,Easy,0.05,0.05500000000000001,1,2538,1608,0.0,0.0,5,0,1
Full,1,702,train,heuristic,agent_win,10.0,8,36.0,2,Easy,0.05,0.05500000000000001,1,2542,1611,3.0,3.0,2,0,2
Full,1,703,train,heuristic,agent_win,10.0,12,28.0,2,Easy,0.05,0.05500000000000001,1,2548,1611,2.0999999999999996,2.0999999999999996,6,0,0
Full,1,704,train,heuristic,player_win,-10.0,7,38.0,2,Easy,0.05,0.05500000000000001,1,2551,1613,0.0,0.0,2,0,1
Full,1,705,train,heuristic,agent_win,10.0,8,30.0,2,Easy,0.05,0.05500000000000001,1,2555,1616,3.0,3.0,2,0,2
Full,1,706,train,heuristic,player_win,-10.0,7,40.0,2,Easy,0.05,0.05500000000000001,1,2558,1617,0.0,0.0,1,0,2
Full,1,707,train,heuristic,player_win,-10.0,5,50.0,3,Normal,0.05,0.05,1,2560,1617,0.0,0.0,2,0,0
Full,1,708,train,heuristic,agent_win,10.0,8,42.0,2,Easy,0.05,0.05500000000000001,1,2564,1620,3.0,3.0,2,0,2
Full,1,709,train,heuristic,player_win,-10.0,7,52.0,3,Normal,0.05,0.05,1,2567,1622,0.0,0.0,2,0,1
Full,1,710,train,heuristic,agent_win,10.0,8,44.0,2,Easy,0.05,0.05500000000000001,1,2571,1625,3.0,3.0,3,0,1
Full,1,711,train,heuristic,player_win,-10.0,9,54.0,3,Normal,0.05,0.05,1,2575,1628,0.0,0.0,3,0,1
Full,1,712,train,heuristic,agent_win,10.0,6,46.0,3,Normal,0.05,0.05,1,2578,1629,3.0,3.0,2,0,1
Full,1,713,train,heuristic,agent_win,10.0,8,38.0,2,Easy,0.05,0.05500000000000001,1,2582,1631,3.0,3.0,3,0,1
Full,1,714,train,heuristic,player_win,-10.0,9,48.0,3,Normal,0.05,0.05,1,2586,1632,0.0,0.0,2,0,2
Full,1,715,train,heuristic,agent_win,10.0,8,40.0,2,Easy,0.05,0.05500000000000001,1,2590,1635,3.0,3.0,3,0,1
Full,1,716,train,heuristic,player_win,-10.0,7,50.0,3,Normal,0.05,0.05,1,2593,1637,0.0,0.0,1,0,2
Full,1,717,train,heuristic,player_win,-10.0,5,60.0,3,Normal,0.05,0.05,1,2595,1637,0.0,0.0,1,0,1
Full,1,718,train,heuristic,draw,3.0,16,63.0,3,Normal,0.05,0.05,1,2603,1644,0.8999999999999999,0.8999999999999999,6,0,2
Full,1,719,train,heuristic,agent_win,10.0,8,55.0,3,Normal,0.05,0.05,1,2607,1646,3.0,3.0,3,0,1
Full,1,720,train,heuristic,player_win,-10.0,9,65.0,4,Hard,0.05,0.05,1,2611,1648,0.0,0.0,3,0,1
Full,1,721,train,heuristic,player_win,-10.0,7,75.0,4,Hard,0.05,0.05,1,2614,1650,0.0,0.0,2,0,1
Full,1,722,train,heuristic,agent_win,10.0,6,67.0,4,Hard,0.05,0.05,1,2617,1652,3.0,3.0,3,0,0
Full,1,723,train,heuristic,player_win,-10.0,9,77.0,4,Hard,0.05,0.05,1,2621,1652,0.0,0.0,3,1,0
Full,1,724,train,heuristic,agent_win,10.0,10,69.0,4,Hard,0.05,0.05,1,2626,1656,3.0,3.0,4,0,1
Full,1,725,train,heuristic,agent_win,10.0,6,61.0,3,Normal,0.05,0.05,1,2629,1657,2.0999999999999996,2.0999999999999996,3,0,0
Full,1,726,train,heuristic,agent_win,10.0,8,53.0,3,Normal,0.05,0.05,1,2633,1660,3.0,3.0,3,0,1
Full,1,727,train,heuristic,agent_win,10.0,6,45.0,3,Normal,0.05,0.05,1,2636,1662,3.0,3.0,3,0,0
Full,1,728,train,heuristic,agent_win,10.0,6,37.0,2,Easy,0.05,0.05500000000000001,1,2639,1663,3.0,3.0,2,0,1
Full,1,729,train,heuristic,agent_win,10.0,10,29.0,2,Easy,0.05,0.05500000000000001,1,2644,1666,3.0,3.0,2,0,3
Full,1,730,train,heuristic,player_win,-10.0,9,39.0,2,Easy,0.05,0.05500000000000001,1,2648,1669,0.0,0.0,1,0,3
Full,1,731,train,heuristic,agent_win,10.0,8,31.0,2,Easy,0.05,0.05500000000000001,1,2652,1671,3.0,3.0,2,0,2
Full,1,732,train,heuristic,agent_win,10.0,8,23.0,1,Very Easy,0.05,0.0675,1,2656,1674,3.0,3.0,2,0,2
Full,1,733,train,heuristic,agent_win,10.0,8,15.0,1,Very Easy,0.05,0.0675,1,2660,1677,3.0,3.0,3,0,1
Full,1,734,train,heuristic,agent_win,10.0,6,7.0,1,Very Easy,0.05,0.0675,1,2663,1679,3.0,3.0,2,0,1
Full,1,735,train,heuristic,agent_win,10.0,6,0.0,1,Very Easy,0.05,0.0675,1,2666,1681,3.0,3.0,3,0,0
Full,1,736,train,heuristic,agent_win,10.0,14,0.0,1,Very Easy,0.05,0.0675,1,2673,1684,3.0,3.0,4,0,3
Full,1,737,train,heuristic,player_win,-10.0,9,10.0,1,Very Easy,0.05,0.0675,1,2677,1687,0.0,0.0,3,0,1
Full,1,738,train,heuristic,player_win,-10.0,9,20.0,1,Very Easy,0.05,0.0675,1,2681,1690,0.0,0.0,2,0,2
Full,1,739,train,heuristic,agent_win,10.0,8,12.0,1,Very Easy,0.05,0.0675,1,2685,1692,3.0,3.0,2,0,2
Full,1,740,train,heuristic,agent_win,10.0,6,4.0,1,Very Easy,0.05,0.0675,1,2688,1694,3.0,3.0,2,0,1
Full,1,741,train,heuristic,player_win,-10.0,11,14.0,1,Very Easy,0.05,0.0675,1,2693,1698,0.0,0.0,2,0,3
Full,1,742,train,heuristic,player_win,-10.0,7,24.0,1,Very Easy,0.05,0.0675,1,2696,1700,0.0,0.0,1,0,2
Full,1,743,train,heuristic,player_win,-10.0,7,34.0,2,Easy,0.05,0.05500000000000001,1,2699,1701,0.0,0.0,1,0,2
Full,1,744,train,heuristic,agent_win,10.0,8,26.0,2,Easy,0.05,0.05500000000000001,1,2703,1703,3.0,3.0,2,0,2
Full,1,745,train,heuristic,player_win,-10.0,5,36.0,2,Easy,0.05,0.05500000000000001,1,2705,1704,0.0,0.0,1,0,1
Full,1,746,train,heuristic,player_win,-10.0,11,46.0,3,Normal,0.05,0.05,1,2710,1708,0.0,0.0,3,1,1
Full,1,747,train,heuristic,player_win,-10.0,5,56.0,3,Normal,0.05,0.05,1,2712,1709,0.0,0.0,1,0,1
Full,1,748,train,heuristic,player_win,-10.0,9,66.0,4,Hard,0.05,0.05,1,2716,1709,0.0,0.0,3,0,1
Full,1,749,train,heuristic,player_win,-10.0,9,76.0,4,Hard,0.05,0.05,1,2720,1712,0.0,0.0,3,0,1
Full,1,750,train,heuristic,agent_win,10.0,10,68.0,4,Hard,0.05,0.05,1,2725,1715,3.0,3.0,4,0,1
Full,1,751,train,heuristic,agent_win,10.0,6,60.0,3,Normal,0.05,0.05,1,2728,1715,2.0999999999999996,2.0999999999999996,3,0,0
Full,1,752,train,heuristic,player_win,-10.0,5,70.0,4,Hard,0.05,0.05,1,2730,1716,0.0,0.0,2,0,0
Full,1,753,train,heuristic,agent_win,10.0,6,62.0,3,Normal,0.05,0.05,1,2733,1717,3.0,3.0,3,0,0
Full,1,754,train,heuristic,player_win,-10.0,9,72.0,4,Hard,0.05,0.05,1,2737,1720,0.0,0.0,3,0,1
Full,1,755,train,heuristic,agent_win,10.0,10,64.0,3,Normal,0.05,0.05,1,2742,1723,3.0,3.0,4,0,1
Full,1,756,train,heuristic,agent_win,10.0,10,56.0,3,Normal,0.05,0.05,1,2747,1726,3.0,3.0,2,0,3
Full,1,757,train,heuristic,agent_win,10.0,8,48.0,3,Normal,0.05,0.05,1,2751,1727,3.0,3.0,2,0,2
Full,1,758,train,heuristic,draw,3.0,16,51.0,3,Normal,0.05,0.05,1,2759,1734,0.8999999999999999,0.8999999999999999,5,0,3
Full,1,759,train,heuristic,player_win,-10.0,9,61.0,3,Normal,0.05,0.05,1,2763,1736,0.0,0.0,3,0,1
Full,1,760,train,heuristic,agent_win,10.0,10,53.0,3,Normal,0.05,0.05,1,2768,1740,3.0,3.0,3,0,2
Full,1,761,train,heuristic,agent_win,10.0,6,45.0,3,Normal,0.05,0.05,1,2771,1741,3.0,3.0,3,0,0
Full,1,762,train,heuristic,player_win,-10.0,7,55.0,3,Normal,0.05,0.05,1,2774,1743,0.0,0.0,1,0,2
Full,1,763,train,heuristic,player_win,-10.0,9,65.0,4,Hard,0.05,0.05,1,2778,1745,0.0,0.0,1,1,2
Full,1,764,train,heuristic,player_win,-10.0,7,75.0,4,Hard,0.05,0.05,1,2781,1747,0.0,0.0,2,0,1
Full,1,765,train,heuristic,agent_win,10.0,6,67.0,4,Hard,0.05,0.05,1,2784,1749,3.0,3.0,3,0,0
Full,1,766,train,heuristic,player_win,-10.0,7,77.0,4,Hard,0.05,0.05,1,2787,1750,0.0,0.0,2,0,1
Full,1,767,train,heuristic,agent_win,10.0,6,69.0,4,Hard,0.05,0.05,1,2790,1752,3.0,3.0,3,0,0
Full,1,768,train,heuristic,agent_win,10.0,6,61.0,3,Normal,0.05,0.05,1,2793,1752,2.0999999999999996,2.0999999999999996,2,0,1
Full,1,769,train,heuristic,player_win,-10.0,7,71.0,4,Hard,0.05,0.05,1,2796,1754,0.0,0.0,2,0,1
Full,1,770,train,heuristic,player_win,-10.0,7,81.0,5,Expert,0.05,0.05,1,2799,1756,0.0,0.0,2,0,1
Full,1,771,train,heuristic,player_win,-10.0,7,91.0,5,Expert,0.05,0.05,1,2802,1758,0.0,0.0,2,0,1
Full,1,772,train,heuristic,agent_win,10.0,8,83.0,5,Expert,0.05,0.05,1,2806,1760,3.0,3.0,3,1,0
Full,1,773,train,heuristic,agent_win,10.0,8,75.0,4,Hard,0.05,0.05,1,2810,1763,3.0,3.0,3,0,1
Full,1,774,train,heuristic,agent_win,10.0,8,67.0,4,Hard,0.05,0.05,1,2814,1763,2.0999999999999996,2.0999999999999996,4,0,0
Full,1,775,train,heuristic,agent_win,10.0,6,59.0,3,Normal,0.05,0.05,1,2817,1765,3.0,3.0,3,0,0
Full,1,776,train,heuristic,player_win,-10.0,9,69.0,4,Hard,0.05,0.05,1,2821,1768,0.0,0.0,2,0,2
Full,1,777,train,heuristic,player_win,-10.0,7,79.0,4,Hard,0.05,0.05,1,2824,1768,0.0,0.0,3,0,0
Full,1,778,train,heuristic,player_win,-10.0,9,89.0,5,Expert,0.05,0.05,1,2828,1771,0.0,0.0,3,0,1
Full,1,779,train,heuristic,agent_win,10.0,6,81.0,5,Expert,0.05,0.05,1,2831,1772,3.0,3.0,3,0,0
Full,1,780,train,heuristic,agent_win,10.0,6,73.0,4,Hard,0.05,0.05,1,2834,1774,3.0,3.0,3,0,0
Full,1,781,train,heuristic,agent_win,10.0,8,65.0,4,Hard,0.05,0.05,1,2838,1777,3.0,3.0,3,0,1
Full,1,782,train,heuristic,player_win,-10.0,7,75.0,4,Hard,0.05,0.05,1,2841,1778,0.0,0.0,2,0,1
Full,1,783,train,heuristic,agent_win,10.0,6,67.0,4,Hard,0.05,0.05,1,2844,1778,2.0999999999999996,2.0999999999999996,3,0,0
Full,1,784,train,heuristic,player_win,-10.0,7,77.0,4,Hard,0.05,0.05,1,2847,1780,0.0,0.0,2,0,1
Full,1,785,train,heuristic,agent_win,10.0,6,69.0,4,Hard,0.05,0.05,1,2850,1781,3.0,3.0,3,0,0
Full,1,786,train,heuristic,agent_win,10.0,8,61.0,3,Normal,0.05,0.05,1,2854,1784,3.0,3.0,2,0,2
Full,1,787,train,heuristic,agent_win,10.0,6,53.0,3,Normal,0.05,0.05,1,2857,1786,3.0,3.0,3,0,0
Full,1,788,train,heuristic,player_win,-10.0,7,63.0,3,Normal,0.05,0.05,1,2860,1788,0.0,0.0,2,0,1
Full,1,789,train,heuristic,agent_win,10.0,12,55.0,3,Normal,0.05,0.05,1,2866,1790,3.0,3.0,6,0,0
Full,1,790,train,heuristic,agent_win,10.0,8,47.0,3,Normal,0.05,0.05,1,2870,1793,3.0,3.0,3,0,1
Full,1,791,train,heuristic,agent_win,10.0,14,39.0,2,Easy,0.05,0.05500000000000001,1,2877,1796,3.0,3.0,4,0,3
Full,1,792,train,heuristic,player_win,-10.0,7,49.0,3,Normal,0.05,0.05,1,2880,1798,0.0,0.0,2,0,1
Full,1,793,train,heuristic,player_win,-10.0,7,59.0,3,Normal,0.05,0.05,1,2883,1800,0.0,0.0,2,0,1
Full,1,794,train,heuristic,agent_win,10.0,10,51.0,3,Normal,0.05,0.05,1,2888,1803,3.0,3.0,2,1,2
Full,1,795,train,heuristic,agent_win,10.0,6,43.0,2,Easy,0.05,0.05500000000000001,1,2891,1805,3.0,3.0,3,0,0
Full,1,796,train,heuristic,agent_win,10.0,10,35.0,2,Easy,0.05,0.05500000000000001,1,2896,1809,3.0,3.0,3,0,2
Full,1,797,train,heuristic,player_win,-10.0,7,45.0,3,Normal,0.05,0.05,1,2899,1811,0.0,0.0,2,0,1
Full,1,798,train,heuristic,agent_win,10.0,12,37.0,2,Easy,0.05,0.05500000000000001,1,2905,1815,3.0,3.0,3,0,3
Full,1,799,train,heuristic,agent_win,10.0,12,29.0,2,Easy,0.05,0.05500000000000001,1,2911,1816,2.0999999999999996,2.0999999999999996,5,0,1
Full,1,800,train,heuristic,player_win,-10.0,9,39.0,2,Easy,0.05,0.05500000000000001,1,2915,1818,0.0,0.0,2,0,2
Full,1,801,eval,heuristic,agent_win,10.0,10,31.0,2,Easy,0.05,0.0,0,2915,1818,0.0,0.0,3,0,2
Full,1,802,eval,heuristic,agent_win,10.0,10,23.0,1,Very Easy,0.05,0.0,0,2915,1818,0.0,0.0,3,0,2
Full,1,803,eval,heuristic,player_win,-10.0,7,33.0,2,Easy,0.05,0.0,0,2915,1818,0.0,0.0,2,0,1
Full,1,804,eval,heuristic,player_win,-10.0,7,43.0,2,Easy,0.05,0.0,0,2915,1818,0.0,0.0,2,0,1
Full,1,805,eval,heuristic,player_win,-10.0,7,53.0,3,Normal,0.05,0.0,0,2915,1818,0.0,0.0,1,0,2
Full,1,806,eval,heuristic,agent_win,10.0,6,45.0,3,Normal,0.05,0.0,0,2915,1818,0.0,0.0,3,0,0
Full,1,807,eval,heuristic,agent_win,10.0,10,37.0,2,Easy,0.05,0.0,0,2915,1818,0.0,0.0,3,0,2
Full,1,808,eval,heuristic,player_win,-10.0,9,47.0,3,Normal,0.05,0.0,0,2915,1818,0.0,0.0,3,0,1
Full,1,809,eval,heuristic,agent_win,10.0,6,39.0,2,Easy,0.05,0.0,0,2915,1818,0.0,0.0,3,0,0
Full,1,810,eval,heuristic,player_win,-10.0,9,49.0,3,Normal,0.05,0.0,0,2915,1818,0.0,0.0,3,0,1
Full,1,811,eval,heuristic,agent_win,10.0,6,41.0,2,Easy,0.05,0.0,0,2915,1818,0.0,0.0,3,0,0
Full,1,812,eval,heuristic,agent_win,10.0,8,33.0,2,Easy,0.05,0.0,0,2915,1818,0.0,0.0,3,0,1
Full,1,813,eval,heuristic,player_win,-10.0,9,43.0,2,Easy,0.05,0.0,0,2915,1818,0.0,0.0,3,0,1
Full,1,814,eval,heuristic,player_win,-10.0,7,53.0,3,Normal,0.05,0.0,0,2915,1818,0.0,0.0,1,0,2
Full,1,815,eval,heuristic,player_win,-10.0,9,63.0,3,Normal,0.05,0.0,0,2915,1818,0.0,0.0,1,0,3
Full,1,816,eval,heuristic,player_win,-10.0,5,73.0,4,Hard,0.05,0.0,0,2915,1818,0.0,0.0,2,0,0
Full,1,817,eval,heuristic,player_win,-10.0,7,83.0,5,Expert,0.05,0.0,0,2915,1818,0.0,0.0,2,0,1
Full,1,818,eval,heuristic,agent_win,10.0,6,75.0,4,Hard,0.05,0.0,0,2915,1818,0.0,0.0,3,0,0
Full,1,819,eval,heuristic,agent_win,10.0,8,67.0,4,Hard,0.05,0.0,0,2915,1818,0.0,0.0,3,0,1
Full,1,820,eval,heuristic,agent_win,10.0,6,59.0,3,Normal,0.05,0.0,0,2915,1818,0.0,0.0,3,0,0
Full,1,821,eval,heuristic,player_win,-10.0,5,69.0,4,Hard,0.05,0.0,0,2915,1818,0.0,0.0,1,0,1
Full,1,822,eval,heuristic,agent_win,10.0,6,61.0,3,Normal,0.05,0.0,0,2915,1818,0.0,0.0,2,0,1
Full,1,823,eval,heuristic,player_win,-10.0,7,71.0,4,Hard,0.05,0.0,0,2915,1818,0.0,0.0,2,0,1
Full,1,824,eval,heuristic,agent_win,10.0,8,63.0,3,Normal,0.05,0.0,0,2915,1818,0.0,0.0,3,0,1
Full,1,825,eval,heuristic,agent_win,10.0,6,55.0,3,Normal,0.05,0.0,0,2915,1818,0.0,0.0,2,0,1
Full,1,826,eval,heuristic,player_win,-10.0,7,65.0,4,Hard,0.05,0.0,0,2915,1818,0.0,0.0,3,0,0
Full,1,827,eval,heuristic,agent_win,10.0,8,57.0,3,Normal,0.05,0.0,0,2915,1818,0.0,0.0,3,0,1
Full,1,828,eval,heuristic,agent_win,10.0,10,49.0,3,Normal,0.05,0.0,0,2915,1818,0.0,0.0,4,0,1
Full,1,829,eval,heuristic,agent_win,10.0,6,41.0,2,Easy,0.05,0.0,0,2915,1818,0.0,0.0,2,0,1
Full,1,830,eval,heuristic,agent_win,10.0,10,33.0,2,Easy,0.05,0.0,0,2915,1818,0.0,0.0,3,0,2
Full,1,831,eval,heuristic,player_win,-10.0,9,43.0,2,Easy,0.05,0.0,0,2915,1818,0.0,0.0,3,0,1
Full,1,832,eval,heuristic,agent_win,10.0,6,35.0,2,Easy,0.05,0.0,0,2915,1818,0.0,0.0,2,0,1
Full,1,833,eval,heuristic,player_win,-10.0,9,45.0,3,Normal,0.05,0.0,0,2915,1818,0.0,0.0,1,0,3
Full,1,834,eval,heuristic,agent_win,10.0,6,37.0,2,Easy,0.05,0.0,0,2915,1818,0.0,0.0,3,0,0
Full,1,835,eval,heuristic,agent_win,10.0,8,29.0,2,Easy,0.05,0.0,0,2915,1818,0.0,0.0,1,0,3
Full,1,836,eval,heuristic,player_win,-10.0,11,39.0,2,Easy,0.05,0.0,0,2915,1818,0.0,0.0,1,0,4
Full,1,837,eval,heuristic,player_win,-10.0,9,49.0,3,Normal,0.05,0.0,0,2915,1818,0.0,0.0,3,0,1
Full,1,838,eval,heuristic,player_win,-10.0,5,59.0,3,Normal,0.05,0.0,0,2915,1818,0.0,0.0,1,0,1
Full,1,839,eval,heuristic,agent_win,10.0,6,51.0,3,Normal,0.05,0.0,0,2915,1818,0.0,0.0,2,0,1
Full,1,840,eval,heuristic,agent_win,10.0,8,43.0,2,Easy,0.05,0.0,0,2915,1818,0.0,0.0,3,0,1
Full,1,841,eval,heuristic,agent_win,10.0,8,35.0,2,Easy,0.05,0.0,0,2915,1818,0.0,0.0,3,0,1
Full,1,842,eval,heuristic,agent_win,10.0,6,27.0,2,Easy,0.05,0.0,0,2915,1818,0.0,0.0,2,0,1
Full,1,843,eval,heuristic,player_win,-10.0,7,37.0,2,Easy,0.05,0.0,0,2915,1818,0.0,0.0,3,0,0
Full,1,844,eval,heuristic,agent_win,10.0,8,29.0,2,Easy,0.05,0.0,0,2915,1818,0.0,0.0,2,0,2
Full,1,845,eval,heuristic,player_win,-10.0,7,39.0,2,Easy,0.05,0.0,0,2915,1818,0.0,0.0,2,0,1
Full,1,846,eval,heuristic,agent_win,10.0,6,31.0,2,Easy,0.05,0.0,0,2915,1818,0.0,0.0,1,0,2
Full,1,847,eval,heuristic,agent_win,10.0,8,23.0,1,Very Easy,0.05,0.0,0,2915,1818,0.0,0.0,3,0,1
Full,1,848,eval,heuristic,agent_win,10.0,8,15.0,1,Very Easy,0.05,0.0,0,2915,1818,0.0,0.0,2,0,2
Full,1,849,eval,heuristic,player_win,-10.0,7,25.0,2,Easy,0.05,0.0,0,2915,1818,0.0,0.0,2,0,1
Full,1,850,eval,heuristic,agent_win,10.0,8,17.0,1,Very Easy,0.05,0.0,0,2915,1818,0.0,0.0,3,0,1
Full,1,851,eval,heuristic,player_win,-10.0,7,27.0,2,Easy,0.05,0.0,0,2915,1818,0.0,0.0,1,0,2
Full,1,852,eval,heuristic,player_win,-10.0,7,37.0,2,Easy,0.05,0.0,0,2915,1818,0.0,0.0,2,0,1
Full,1,853,eval,heuristic,player_win,-10.0,5,47.0,3,Normal,0.05,0.0,0,2915,1818,0.0,0.0,1,0,1
Full,1,854,eval,heuristic,agent_win,10.0,10,39.0,2,Easy,0.05,0.0,0,2915,1818,0.0,0.0,2,0,3
Full,1,855,eval,heuristic,player_win,-10.0,15,49.0,3,Normal,0.05,0.0,0,2915,1818,0.0,0.0,4,0,3
Full,1,856,eval,heuristic,agent_win,10.0,6,41.0,2,Easy,0.05,0.0,0,2915,1818,0.0,0.0,2,0,1
Full,1,857,eval,heuristic,player_win,-10.0,13,51.0,3,Normal,0.05,0.0,0,2915,1818,0.0,0.0,2,0,4
Full,1,858,eval,heuristic,player_win,-10.0,7,61.0,3,Normal,0.05,0.0,0,2915,1818,0.0,0.0,2,0,1
Full,1,859,eval,heuristic,agent_win,10.0,8,53.0,3,Normal,0.05,0.0,0,2915,1818,0.0,0.0,3,0,1
Full,1,860,eval,heuristic,agent_win,10.0,6,45.0,3,Normal,0.05,0.0,0,2915,1818,0.0,0.0,2,0,1
Full,1,861,eval,heuristic,agent_win,10.0,8,37.0,2,Easy,0.05,0.0,0,2915,1818,0.0,0.0,2,0,2
Full,1,862,eval,heuristic,player_win,-10.0,9,47.0,3,Normal,0.05,0.0,0,2915,1818,0.0,0.0,1,0,3
Full,1,863,eval,heuristic,agent_win,10.0,8,39.0,2,Easy,0.05,0.0,0,2915,1818,0.0,0.0,4,0,0
Full,1,864,eval,heuristic,agent_win,10.0,8,31.0,2,Easy,0.05,0.0,0,2915,1818,0.0,0.0,3,0,1
Full,1,865,eval,heuristic,agent_win,10.0,8,23.0,1,Very Easy,0.05,0.0,0,2915,1818,0.0,0.0,3,0,1
Full,1,866,eval,heuristic,agent_win,10.0,12,15.0,1,Very Easy,0.05,0.0,0,2915,1818,0.0,0.0,3,0,3
Full,1,867,eval,heuristic,agent_win,10.0,10,7.0,1,Very Easy,0.05,0.0,0,2915,1818,0.0,0.0,1,0,4
Full,1,868,eval,heuristic,player_win,-10.0,9,17.0,1,Very Easy,0.05,0.0,0,2915,1818,0.0,0.0,2,0,2
Full,1,869,eval,heuristic,player_win,-10.0,9,27.0,2,Easy,0.05,0.0,0,2915,1818,0.0,0.0,1,0,3
Full,1,870,eval,heuristic,agent_win,10.0,6,19.0,1,Very Easy,0.05,0.0,0,2915,1818,0.0,0.0,2,0,1
Full,1,871,eval,heuristic,player_win,-10.0,9,29.0,2,Easy,0.05,0.0,0,2915,1818,0.0,0.0,2,0,2
Full,1,872,eval,heuristic,player_win,-10.0,7,39.0,2,Easy,0.05,0.0,0,2915,1818,0.0,0.0,2,0,1
Full,1,873,eval,heuristic,player_win,-10.0,7,49.0,3,Normal,0.05,0.0,0,2915,1818,0.0,0.0,1,0,2
Full,1,874,eval,heuristic,agent_win,10.0,6,41.0,2,Easy,0.05,0.0,0,2915,1818,0.0,0.0,2,0,1
Full,1,875,eval,heuristic,player_win,-10.0,7,51.0,3,Normal,0.05,0.0,0,2915,1818,0.0,0.0,1,0,2
Full,1,876,eval,heuristic,agent_win,10.0,6,43.0,2,Easy,0.05,0.0,0,2915,1818,0.0,0.0,3,0,0
Full,1,877,eval,heuristic,agent_win,10.0,10,35.0,2,Easy,0.05,0.0,0,2915,1818,0.0,0.0,2,0,3
Full,1,878,eval,heuristic,player_win,-10.0,13,45.0,3,Normal,0.05,0.0,0,2915,1818,0.0,0.0,3,0,3
Full,1,879,eval,heuristic,player_win,-10.0,5,55.0,3,Normal,0.05,0.0,0,2915,1818,0.0,0.0,2,0,0
Full,1,880,eval,heuristic,player_win,-10.0,7,65.0,4,Hard,0.05,0.0,0,2915,1818,0.0,0.0,2,0,1
Full,1,881,eval,heuristic,agent_win,10.0,6,57.0,3,Normal,0.05,0.0,0,2915,1818,0.0,0.0,2,0,1
Full,1,882,eval,heuristic,player_win,-10.0,5,67.0,4,Hard,0.05,0.0,0,2915,1818,0.0,0.0,1,0,1
Full,1,883,eval,heuristic,player_win,-10.0,9,77.0,4,Hard,0.05,0.0,0,2915,1818,0.0,0.0,4,0,0
Full,1,884,eval,heuristic,player_win,-10.0,7,87.0,5,Expert,0.05,0.0,0,2915,1818,0.0,0.0,3,0,0
Full,1,885,eval,heuristic,agent_win,10.0,8,79.0,4,Hard,0.05,0.0,0,2915,1818,0.0,0.0,4,0,0
Full,1,886,eval,heuristic,player_win,-10.0,5,89.0,5,Expert,0.05,0.0,0,2915,1818,0.0,0.0,2,0,0
Full,1,887,eval,heuristic,agent_win,10.0,8,81.0,5,Expert,0.05,0.0,0,2915,1818,0.0,0.0,3,0,1
Full,1,888,eval,heuristic,agent_win,10.0,6,73.0,4,Hard,0.05,0.0,0,2915,1818,0.0,0.0,3,0,0
Full,1,889,eval,heuristic,agent_win,10.0,8,65.0,4,Hard,0.05,0.0,0,2915,1818,0.0,0.0,3,0,1
Full,1,890,eval,heuristic,agent_win,10.0,6,57.0,3,Normal,0.05,0.0,0,2915,1818,0.0,0.0,3,0,0
Full,1,891,eval,heuristic,agent_win,10.0,8,49.0,3,Normal,0.05,0.0,0,2915,1818,0.0,0.0,2,0,2
Full,1,892,eval,heuristic,agent_win,10.0,8,41.0,2,Easy,0.05,0.0,0,2915,1818,0.0,0.0,3,0,1
Full,1,893,eval,heuristic,player_win,-10.0,5,51.0,3,Normal,0.05,0.0,0,2915,1818,0.0,0.0,2,0,0
Full,1,894,eval,heuristic,player_win,-10.0,7,61.0,3,Normal,0.05,0.0,0,2915,1818,0.0,0.0,2,0,1
Full,1,895,eval,heuristic,player_win,-10.0,7,71.0,4,Hard,0.05,0.0,0,2915,1818,0.0,0.0,2,0,1
Full,1,896,eval,heuristic,player_win,-10.0,7,81.0,5,Expert,0.05,0.0,0,2915,1818,0.0,0.0,2,0,1
Full,1,897,eval,heuristic,agent_win,10.0,6,73.0,4,Hard,0.05,0.0,0,2915,1818,0.0,0.0,3,0,0
Full,1,898,eval,heuristic,agent_win,10.0,6,65.0,4,Hard,0.05,0.0,0,2915,1818,0.0,0.0,3,0,0
Full,1,899,eval,heuristic,agent_win,10.0,6,57.0,3,Normal,0.05,0.0,0,2915,1818,0.0,0.0,3,0,0
Full,1,900,eval,heuristic,agent_win,10.0,8,49.0,3,Normal,0.05,0.0,0,2915,1818,0.0,0.0,3,0,1
Full,1,901,eval,heuristic,agent_win,10.0,6,41.0,2,Easy,0.05,0.0,0,2915,1818,0.0,0.0,3,0,0
Full,1,902,eval,heuristic,player_win,-10.0,9,51.0,3,Normal,0.05,0.0,0,2915,1818,0.0,0.0,2,0,2
Full,1,903,eval,heuristic,player_win,-10.0,7,61.0,3,Normal,0.05,0.0,0,2915,1818,0.0,0.0,1,0,2
Full,1,904,eval,heuristic,agent_win,10.0,8,53.0,3,Normal,0.05,0.0,0,2915,1818,0.0,0.0,3,0,1
Full,1,905,eval,heuristic,agent_win,10.0,6,45.0,3,Normal,0.05,0.0,0,2915,1818,0.0,0.0,2,0,1
Full,1,906,eval,heuristic,agent_win,10.0,6,37.0,2,Easy,0.05,0.0,0,2915,1818,0.0,0.0,3,0,0
Full,1,907,eval,heuristic,agent_win,10.0,8,29.0,2,Easy,0.05,0.0,0,2915,1818,0.0,0.0,2,0,2
Full,1,908,eval,heuristic,agent_win,10.0,6,21.0,1,Very Easy,0.05,0.0,0,2915,1818,0.0,0.0,2,0,1
Full,1,909,eval,heuristic,draw,3.0,16,24.0,1,Very Easy,0.05,0.0,0,2915,1818,0.0,0.0,5,0,3
Full,1,910,eval,heuristic,agent_win,10.0,10,16.0,1,Very Easy,0.05,0.0,0,2915,1818,0.0,0.0,4,0,1
Full,1,911,eval,heuristic,agent_win,10.0,8,8.0,1,Very Easy,0.05,0.0,0,2915,1818,0.0,0.0,2,0,2
Full,1,912,eval,heuristic,agent_win,10.0,8,0.0,1,Very Easy,0.05,0.0,0,2915,1818,0.0,0.0,3,0,1
Full,1,913,eval,heuristic,player_win,-10.0,9,10.0,1,Very Easy,0.05,0.0,0,2915,1818,0.0,0.0,1,0,3
Full,1,914,eval,heuristic,player_win,-10.0,7,20.0,1,Very Easy,0.05,0.0,0,2915,1818,0.0,0.0,2,0,1
Full,1,915,eval,heuristic,agent_win,10.0,6,12.0,1,Very Easy,0.05,0.0,0,2915,1818,0.0,0.0,2,0,1
Full,1,916,eval,heuristic,agent_win,10.0,8,4.0,1,Very Easy,0.05,0.0,0,2915,1818,0.0,0.0,2,0,2
Full,1,917,eval,heuristic,agent_win,10.0,8,0.0,1,Very Easy,0.05,0.0,0,2915,1818,0.0,0.0,1,0,3
Full,1,918,eval,heuristic,player_win,-10.0,7,10.0,1,Very Easy,0.05,0.0,0,2915,1818,0.0,0.0,1,0,2
Full,1,919,eval,heuristic,agent_win,10.0,12,2.0,1,Very Easy,0.05,0.0,0,2915,1818,0.0,0.0,3,0,3
Full,1,920,eval,heuristic,player_win,-10.0,7,12.0,1,Very Easy,0.05,0.0,0,2915,1818,0.0,0.0,2,0,1
Full,1,921,eval,heuristic,agent_win,10.0,10,4.0,1,Very Easy,0.05,0.0,0,2915,1818,0.0,0.0,3,0,2
Full,1,922,eval,heuristic,player_win,-10.0,7,14.0,1,Very Easy,0.05,0.0,0,2915,1818,0.0,0.0,2,0,1
Full,1,923,eval,heuristic,agent_win,10.0,8,6.0,1,Very Easy,0.05,0.0,0,2915,1818,0.0,0.0,2,0,2
Full,1,924,eval,heuristic,player_win,-10.0,9,16.0,1,Very Easy,0.05,0.0,0,2915,1818,0.0,0.0,1,0,3
Full,1,925,eval,heuristic,player_win,-10.0,13,26.0,2,Easy,0.05,0.0,0,2915,1818,0.0,0.0,3,0,3
Full,1,926,eval,heuristic,player_win,-10.0,7,36.0,2,Easy,0.05,0.0,0,2915,1818,0.0,0.0,1,0,2
Full,1,927,eval,heuristic,player_win,-10.0,7,46.0,3,Normal,0.05,0.0,0,2915,1818,0.0,0.0,1,0,2
Full,1,928,eval,heuristic,player_win,-10.0,5,56.0,3,Normal,0.05,0.0,0,2915,1818,0.0,0.0,2,0,0
Full,1,929,eval,heuristic,agent_win,10.0,6,48.0,3,Normal,0.05,0.0,0,2915,1818,0.0,0.0,3,0,0
Full,1,930,eval,heuristic,agent_win,10.0,8,40.0,2,Easy,0.05,0.0,0,2915,1818,0.0,0.0,2,0,2
Full,1,931,eval,heuristic,player_win,-10.0,11,50.0,3,Normal,0.05,0.0,0,2915,1818,0.0,0.0,2,0,3
Full,1,932,eval,heuristic,agent_win,10.0,10,42.0,2,Easy,0.05,0.0,0,2915,1818,0.0,0.0,2,0,3
Full,1,933,eval,heuristic,player_win,-10.0,9,52.0,3,Normal,0.05,0.0,0,2915,1818,0.0,0.0,2,0,2
Full,1,934,eval,heuristic,agent_win,10.0,10,44.0,2,Easy,0.05,0.0,0,2915,1818,0.0,0.0,3,0,2
Full,1,935,eval,heuristic,player_win,-10.0,9,54.0,3,Normal,0.05,0.0,0,2915,1818,0.0,0.0,4,0,0
Full,1,936,eval,heuristic,player_win,-10.0,9,64.0,3,Normal,0.05,0.0,0,2915,1818,0.0,0.0,2,0,2
Full,1,937,eval,heuristic,player_win,-10.0,7,74.0,4,Hard,0.05,0.0,0,2915,1818,0.0,0.0,2,0,1
Full,1,938,eval,heuristic,agent_win,10.0,6,66.0,4,Hard,0.05,0.0,0,2915,1818,0.0,0.0,3,0,0
Full,1,939,eval,heuristic,agent_win,10.0,6,58.0,3,Normal,0.05,0.0,0,2915,1818,0.0,0.0,3,0,0
Full,1,940,eval,heuristic,agent_win,10.0,6,50.0,3,Normal,0.05,0.0,0,2915,1818,0.0,0.0,2,0,1
Full,1,941,eval,heuristic,player_win,-10.0,9,60.0,3,Normal,0.05,0.0,0,2915,1818,0.0,0.0,1,0,3
Full,1,942,eval,heuristic,player_win,-10.0,11,70.0,4,Hard,0.05,0.0,0,2915,1818,0.0,0.0,3,0,2
Full,1,943,eval,heuristic,player_win,-10.0,5,80.0,5,Expert,0.05,0.0,0,2915,1818,0.0,0.0,2,0,0
Full,1,944,eval,heuristic,agent_win,10.0,8,72.0,4,Hard,0.05,0.0,0,2915,1818,0.0,0.0,4,0,0
Full,1,945,eval,heuristic,player_win,-10.0,5,82.0,5,Expert,0.05,0.0,0,2915,1818,0.0,0.0,2,0,0
Full,1,946,eval,heuristic,agent_win,10.0,8,74.0,4,Hard,0.05,0.0,0,2915,1818,0.0,0.0,4,0,0
Full,1,947,eval,heuristic,agent_win,10.0,6,66.0,4,Hard,0.05,0.0,0,2915,1818,0.0,0.0,2,0,1
Full,1,948,eval,heuristic,player_win,-10.0,7,76.0,4,Hard,0.05,0.0,0,2915,1818,0.0,0.0,2,0,1
Full,1,949,eval,heuristic,agent_win,10.0,6,68.0,4,Hard,0.05,0.0,0,2915,1818,0.0,0.0,1,0,2
Full,1,950,eval,heuristic,player_win,-10.0,9,78.0,4,Hard,0.05,0.0,0,2915,1818,0.0,0.0,3,0,1
Full,1,951,eval,heuristic,agent_win,10.0,6,70.0,4,Hard,0.05,0.0,0,2915,1818,0.0,0.0,2,0,1
Full,1,952,eval,heuristic,agent_win,10.0,6,62.0,3,Normal,0.05,0.0,0,2915,1818,0.0,0.0,2,0,1
Full,1,953,eval,heuristic,player_win,-10.0,7,72.0,4,Hard,0.05,0.0,0,2915,1818,0.0,0.0,2,0,1
Full,1,954,eval,heuristic,player_win,-10.0,7,82.0,5,Expert,0.05,0.0,0,2915,1818,0.0,0.0,2,0,1
Full,1,955,eval,heuristic,player_win,-10.0,7,92.0,5,Expert,0.05,0.0,0,2915,1818,0.0,0.0,3,0,0
Full,1,956,eval,heuristic,agent_win,10.0,6,84.0,5,Expert,0.05,0.0,0,2915,1818,0.0,0.0,3,0,0
Full,1,957,eval,heuristic,agent_win,10.0,6,76.0,4,Hard,0.05,0.0,0,2915,1818,0.0,0.0,3,0,0
Full,1,958,eval,heuristic,agent_win,10.0,6,68.0,4,Hard,0.05,0.0,0,2915,1818,0.0,0.0,2,0,1
Full,1,959,eval,heuristic,player_win,-10.0,7,78.0,4,Hard,0.05,0.0,0,2915,1818,0.0,0.0,2,0,1
Full,1,960,eval,heuristic,player_win,-10.0,7,88.0,5,Expert,0.05,0.0,0,2915,1818,0.0,0.0,2,0,1
Full,1,961,eval,heuristic,agent_win,10.0,6,80.0,5,Expert,0.05,0.0,0,2915,1818,0.0,0.0,3,0,0
Full,1,962,eval,heuristic,agent_win,10.0,6,72.0,4,Hard,0.05,0.0,0,2915,1818,0.0,0.0,2,0,1
Full,1,963,eval,heuristic,player_win,-10.0,9,82.0,5,Expert,0.05,0.0,0,2915,1818,0.0,0.0,3,0,1
Full,1,964,eval,heuristic,agent_win,10.0,6,74.0,4,Hard,0.05,0.0,0,2915,1818,0.0,0.0,3,0,0
Full,1,965,eval,heuristic,agent_win,10.0,6,66.0,4,Hard,0.05,0.0,0,2915,1818,0.0,0.0,2,0,1
Full,1,966,eval,heuristic,player_win,-10.0,5,76.0,4,Hard,0.05,0.0,0,2915,1818,0.0,0.0,2,0,0
Full,1,967,eval,heuristic,agent_win,10.0,6,68.0,4,Hard,0.05,0.0,0,2915,1818,0.0,0.0,3,0,0
Full,1,968,eval,heuristic,agent_win,10.0,6,60.0,3,Normal,0.05,0.0,0,2915,1818,0.0,0.0,2,0,1
Full,1,969,eval,heuristic,agent_win,10.0,6,52.0,3,Normal,0.05,0.0,0,2915,1818,0.0,0.0,3,0,0
Full,1,970,eval,heuristic,player_win,-10.0,7,62.0,3,Normal,0.05,0.0,0,2915,1818,0.0,0.0,3,0,0
Full,1,971,eval,heuristic,player_win,-10.0,9,72.0,4,Hard,0.05,0.0,0,2915,1818,0.0,0.0,3,0,1
Full,1,972,eval,heuristic,player_win,-10.0,5,82.0,5,Expert,0.05,0.0,0,2915,1818,0.0,0.0,1,0,1
Full,1,973,eval,heuristic,player_win,-10.0,5,92.0,5,Expert,0.05,0.0,0,2915,1818,0.0,0.0,2,0,0
Full,1,974,eval,heuristic,player_win,-10.0,7,100.0,5,Expert,0.05,0.0,0,2915,1818,0.0,0.0,3,0,0
Full,1,975,eval,heuristic,agent_win,10.0,8,92.0,5,Expert,0.05,0.0,0,2915,1818,0.0,0.0,4,0,0
Full,1,976,eval,heuristic,agent_win,10.0,6,84.0,5,Expert,0.05,0.0,0,2915,1818,0.0,0.0,3,0,0
Full,1,977,eval,heuristic,agent_win,10.0,6,76.0,4,Hard,0.05,0.0,0,2915,1818,0.0,0.0,3,0,0
Full,1,978,eval,heuristic,agent_win,10.0,6,68.0,4,Hard,0.05,0.0,0,2915,1818,0.0,0.0,3,0,0
Full,1,979,eval,heuristic,agent_win,10.0,6,60.0,3,Normal,0.05,0.0,0,2915,1818,0.0,0.0,2,0,1
Full,1,980,eval,heuristic,agent_win,10.0,8,52.0,3,Normal,0.05,0.0,0,2915,1818,0.0,0.0,3,0,1
Full,1,981,eval,heuristic,agent_win,10.0,6,44.0,2,Easy,0.05,0.0,0,2915,1818,0.0,0.0,3,0,0
Full,1,982,eval,heuristic,player_win,-10.0,7,54.0,3,Normal,0.05,0.0,0,2915,1818,0.0,0.0,1,0,2
Full,1,983,eval,heuristic,agent_win,10.0,6,46.0,3,Normal,0.05,0.0,0,2915,1818,0.0,0.0,3,0,0
Full,1,984,eval,heuristic,player_win,-10.0,7,56.0,3,Normal,0.05,0.0,0,2915,1818,0.0,0.0,2,0,1
Full,1,985,eval,heuristic,player_win,-10.0,7,66.0,4,Hard,0.05,0.0,0,2915,1818,0.0,0.0,1,0,2
Full,1,986,eval,heuristic,agent_win,10.0,6,58.0,3,Normal,0.05,0.0,0,2915,1818,0.0,0.0,3,0,0
Full,1,987,eval,heuristic,agent_win,10.0,8,50.0,3,Normal,0.05,0.0,0,2915,1818,0.0,0.0,3,0,1
Full,1,988,eval,heuristic,player_win,-10.0,7,60.0,3,Normal,0.05,0.0,0,2915,1818,0.0,0.0,2,0,1
Full,1,989,eval,heuristic,player_win,-10.0,11,70.0,4,Hard,0.05,0.0,0,2915,1818,0.0,0.0,3,0,2
Full,1,990,eval,heuristic,agent_win,10.0,6,62.0,3,Normal,0.05,0.0,0,2915,1818,0.0,0.0,3,0,0
Full,1,991,eval,heuristic,agent_win,10.0,6,54.0,3,Normal,0.05,0.0,0,2915,1818,0.0,0.0,3,0,0
Full,1,992,eval,heuristic,player_win,-10.0,5,64.0,3,Normal,0.05,0.0,0,2915,1818,0.0,0.0,1,0,1
Full,1,993,eval,heuristic,player_win,-10.0,5,74.0,4,Hard,0.05,0.0,0,2915,1818,0.0,0.0,1,0,1
Full,1,994,eval,heuristic,player_win,-10.0,11,84.0,5,Expert,0.05,0.0,0,2915,1818,0.0,0.0,5,0,0
Full,1,995,eval,heuristic,player_win,-10.0,5,94.0,5,Expert,0.05,0.0,0,2915,1818,0.0,0.0,2,0,0
Full,1,996,eval,heuristic,agent_win,10.0,6,86.0,5,Expert,0.05,0.0,0,2915,1818,0.0,0.0,2,0,1
Full,1,997,eval,heuristic,agent_win,10.0,6,78.0,4,Hard,0.05,0.0,0,2915,1818,0.0,0.0,3,0,0
Full,1,998,eval,heuristic,agent_win,10.0,6,70.0,4,Hard,0.05,0.0,0,2915,1818,0.0,0.0,3,0,0
Full,1,999,eval,heuristic,agent_win,10.0,6,62.0,3,Normal,0.05,0.0,0,2915,1818,0.0,0.0,3,0,0
Full,1,1000,eval,heuristic,agent_win,10.0,8,54.0,3,Normal,0.05,0.0,0,2915,1818,0.0,0.0,3,0,1
Full,2,1,train,heuristic,agent_win,10.0,8,42.0,1,Very Easy,0.95,1.0,1,4,4,3.0,3.0,3,1,0
Full,2,2,train,heuristic,player_win,-10.0,7,52.0,1,Very Easy,0.9025,1.0,1,7,7,0.0,0.0,1,2,0
Full,2,3,train,heuristic,agent_win,10.0,8,44.0,2,Easy,0.8573749999999999,0.9431124999999999,1,11,11,3.0,3.0,4,0,0
Full,2,4,train,heuristic,agent_win,10.0,12,36.0,2,Easy,0.8145062499999999,0.895956875,1,17,16,3.0,3.0,5,1,0
Full,2,5,train,heuristic,agent_win,10.0,8,28.0,2,Easy,0.7737809374999999,0.8511590312499999,1,21,20,3.0,3.0,3,1,0
Full,2,6,train,heuristic,player_win,-10.0,7,38.0,2,Easy,0.7350918906249998,0.8086010796874998,1,24,23,0.0,0.0,2,1,0
Full,2,7,train,heuristic,player_win,-10.0,9,48.0,3,Normal,0.6983372960937497,0.5586698368749998,1,28,26,0.0,0.0,2,2,0
Full,2,8,train,heuristic,player_win,-10.0,7,58.0,3,Normal,0.6634204312890623,0.5307363450312498,1,31,29,0.0,0.0,2,0,1
Full,2,9,train,heuristic,player_win,-10.0,9,68.0,4,Hard,0.6302494097246091,0.31512470486230454,1,35,32,0.0,0.0,2,1,1
Full,2,10,train,heuristic,agent_win,10.0,8,60.0,3,Normal,0.5987369392383786,0.4789895513907029,1,39,36,3.0,3.0,2,0,2
Full,2,11,train,heuristic,player_win,-10.0,9,70.0,4,Hard,0.5688000922764596,0.2844000461382298,1,43,40,0.0,0.0,3,0,1
Full,2,12,train,heuristic,agent_win,10.0,6,62.0,3,Normal,0.5403600876626365,0.4322880701301093,1,46,43,3.0,3.0,3,0,0
Full,2,13,train,heuristic,player_win,-10.0,13,72.0,4,Hard,0.5133420832795047,0.25667104163975235,1,52,49,0.0,0.0,3,1,2
Full,2,14,train,heuristic,agent_win,10.0,6,64.0,3,Normal,0.48767497911552943,0.39013998329242355,1,55,51,3.0,3.0,3,0,0
Full,2,15,train,heuristic,agent_win,10.0,6,56.0,3,Normal,0.46329123015975293,0.3706329841278024,1,58,53,3.0,3.0,2,1,0
Full,2,16,train,heuristic,agent_win,10.0,8,48.0,3,Normal,0.44012666865176525,0.3521013349214122,1,62,57,3.0,3.0,3,0,1
Full,2,17,train,heuristic,player_win,-10.0,7,58.0,3,Normal,0.41812033521917696,0.3344962681753416,1,65,60,0.0,0.0,2,1,0
Full,2,18,train,heuristic,agent_win,10.0,6,50.0,3,Normal,0.3972143184582181,0.3177714547665745,1,68,63,3.0,3.0,2,1,0
Full,2,19,train,heuristic,player_win,-10.0,5,60.0,3,Normal,0.37735360253530714,0.30188288202824576,1,70,64,0.0,0.0,1,1,0
Full,2,20,train,heuristic,player_win,-10.0,5,70.0,4,Hard,0.35848592240854177,0.17924296120427088,1,72,66,0.0,0.0,1,1,0
Full,2,21,train,heuristic,agent_win,10.0,6,62.0,3,Normal,0.34056162628811465,0.27244930103049175,1,75,68,3.0,3.0,3,0,0
Full,2,22,train,heuristic,player_win,-10.0,5,72.0,4,Hard,0.3235335449737089,0.16176677248685445,1,77,69,0.0,0.0,2,0,0
Full,2,23,train,heuristic,player_win,-10.0,5,82.0,5,Expert,0.30735686772502346,0.07683921693125587,1,79,70,0.0,0.0,1,0,1
Full,2,24,train,heuristic,agent_win,10.0,6,74.0,4,Hard,0.2919890243387723,0.14599451216938614,1,82,72,3.0,3.0,3,0,0
Full,2,25,train,heuristic,agent_win,10.0,8,66.0,4,Hard,0.27738957312183365,0.13869478656091683,1,86,76,3.0,3.0,4,0,0
Full,2,26,train,heuristic,agent_win,10.0,8,58.0,3,Normal,0.263520094465742,0.2108160755725936,1,90,79,3.0,3.0,3,0,1
Full,2,27,train,heuristic,agent_win,10.0,6,50.0,3,Normal,0.25034408974245487,0.2002752717939639,1,93,81,3.0,3.0,3,0,0
Full,2,28,train,heuristic,agent_win,10.0,12,42.0,2,Easy,0.2378268852553321,0.26160957378086536,1,99,86,3.0,3.0,4,0,2
Full,2,29,train,heuristic,agent_win,10.0,10,34.0,2,Easy,0.2259355409925655,0.24852909509182206,1,104,90,3.0,3.0,2,0,3
Full,2,30,train,heuristic,agent_win,10.0,6,26.0,2,Easy,0.2146387639429372,0.23610264033723094,1,107,93,3.0,3.0,2,1,0
Full,2,31,train,heuristic,player_win,-10.0,7,36.0,2,Easy,0.20390682574579033,0.22429750832036938,1,110,95,0.0,0.0,2,1,0
Full,2,32,train,heuristic,agent_win,10.0,8,28.0,2,Easy,0.1937114844585008,0.21308263290435092,1,114,98,3.0,3.0,1,0,3
Full,2,33,train,heuristic,agent_win,10.0,8,20.0,1,Very Easy,0.18402591023557577,0.2484349788180273,1,118,101,3.0,3.0,1,1,2
Full,2,34,train,heuristic,agent_win,10.0,6,12.0,1,Very Easy,0.17482461472379698,0.23601322987712595,1,121,103,3.0,3.0,3,0,0
Full,2,35,train,heuristic,player_win,-10.0,7,22.0,1,Very Easy,0.16608338398760714,0.22421256838326964,1,124,105,0.0,0.0,2,0,1
Full,2,36,train,heuristic,player_win,-10.0,9,32.0,2,Easy,0.15777921478822676,0.17355713626704947,1,128,108,0.0,0.0,1,0,3
Full,2,37,train,heuristic,player_win,-10.0,11,42.0,2,Easy,0.14989025404881542,0.164879279453697,1,133,112,0.0,0.0,4,0,1
Full,2,38,train,heuristic,player_win,-10.0,7,52.0,3,Normal,0.14239574134637464,0.11391659307709973,1,136,114,0.0,0.0,2,0,1
Full,2,39,train,heuristic,player_win,-10.0,7,62.0,3,Normal,0.1352759542790559,0.10822076342324471,1,139,116,0.0,0.0,1,0,2
Full,2,40,train,heuristic,player_win,-10.0,9,72.0,4,Hard,0.1285121565651031,0.06425607828255155,1,143,119,0.0,0.0,3,0,1
Full,2,41,train,heuristic,player_win,-10.0,7,82.0,5,Expert,0.12208654873684793,0.05,1,146,121,0.0,0.0,2,0,1
Full,2,42,train,heuristic,agent_win,10.0,6,74.0,4,Hard,0.11598222130000553,0.057991110650002765,1,149,123,3.0,3.0,2,0,1
Full,2,43,train,heuristic,player_win,-10.0,7,84.0,5,Expert,0.11018311023500525,0.05,1,152,125,0.0,0.0,3,0,0
Full,2,44,train,heuristic,agent_win,10.0,6,76.0,4,Hard,0.10467395472325498,0.05233697736162749,1,155,127,3.0,3.0,3,0,0
Full,2,45,train,heuristic,agent_win,10.0,6,68.0,4,Hard,0.09944025698709223,0.05,1,158,129,3.0,3.0,3,0,0
Full,2,46,train,heuristic,player_win,-10.0,7,78.0,4,Hard,0.09446824413773762,0.05,1,161,131,0.0,0.0,3,0,0
Full,2,47,train,heuristic,player_win,-10.0,5,88.0,5,Expert,0.08974483193085074,0.05,1,163,132,0.0,0.0,1,0,1
Full,2,48,train,heuristic,agent_win,10.0,6,80.0,5,Expert,0.0852575903343082,0.05,1,166,134,3.0,3.0,3,0,0
Full,2,49,train,heuristic,agent_win,10.0,6,72.0,4,Hard,0.08099471081759278,0.05,1,169,136,3.0,3.0,3,0,0
Full,2,50,train,heuristic,agent_win,10.0,6,64.0,3,Normal,0.07694497527671314,0.061555980221370515,1,172,138,3.0,3.0,3,0,0
Full,2,51,train,heuristic,player_win,-10.0,7,74.0,4,Hard,0.07309772651287748,0.05,1,175,140,0.0,0.0,2,0,1
Full,2,52,train,heuristic,agent_win,10.0,8,66.0,4,Hard,0.0694428401872336,0.05,1,179,143,3.0,3.0,3,0,1
Full,2,53,train,heuristic,player_win,-10.0,7,76.0,4,Hard,0.0659706981778719,0.05,1,182,145,0.0,0.0,2,0,1
Full,2,54,train,heuristic,agent_win,10.0,8,68.0,4,Hard,0.0626721632689783,0.05,1,186,148,3.0,3.0,4,0,0
Full,2,55,train,heuristic,agent_win,10.0,6,60.0,3,Normal,0.059538555105529384,0.05,1,189,150,3.0,3.0,2,0,1
Full,2,56,train,heuristic,agent_win,10.0,10,52.0,3,Normal,0.05656162735025291,0.05,1,194,154,3.0,3.0,4,0,1
Full,2,57,train,heuristic,player_win,-10.0,7,62.0,3,Normal,0.053733545982740265,0.05,1,197,156,0.0,0.0,2,0,1
Full,2,58,train,heuristic,agent_win,10.0,6,54.0,3,Normal,0.05104686868360325,0.05,1,200,158,3.0,3.0,3,0,0
Full,2,59,train,heuristic,agent_win,10.0,8,46.0,3,Normal,0.05,0.05,1,204,161,3.0,3.0,1,0,3
Full,2,60,train,heuristic,agent_win,10.0,8,38.0,2,Easy,0.05,0.05500000000000001,1,208,164,3.0,3.0,3,0,1
Full,2,61,train,heuristic,player_win,-10.0,7,48.0,3,Normal,0.05,0.05,1,211,166,0.0,0.0,2,0,1
Full,2,62,train,heuristic,player_win,-10.0,7,58.0,3,Normal,0.05,0.05,1,214,168,0.0,0.0,2,0,1
Full,2,63,train,heuristic,agent_win,10.0,6,50.0,3,Normal,0.05,0.05,1,217,170,3.0,3.0,2,0,1
Full,2,64,train,heuristic,agent_win,10.0,6,42.0,2,Easy,0.05,0.05500000000000001,1,220,172,3.0,3.0,2,0,1
Full,2,65,train,heuristic,agent_win,10.0,8,34.0,2,Easy,0.05,0.05500000000000001,1,224,175,3.0,3.0,3,0,1
Full,2,66,train,heuristic,player_win,-10.0,7,44.0,2,Easy,0.05,0.05500000000000001,1,227,177,0.0,0.0,2,0,1
Full,2,67,train,heuristic,player_win,-10.0,7,54.0,3,Normal,0.05,0.05,1,230,179,0.0,0.0,3,0,0
Full,2,68,train,heuristic,agent_win,10.0,8,46.0,3,Normal,0.05,0.05,1,234,182,3.0,3.0,3,0,1
Full,2,69,train,heuristic,agent_win,10.0,6,38.0,2,Easy,0.05,0.05500000000000001,1,237,184,3.0,3.0,2,0,1
Full,2,70,train,heuristic,player_win,-10.0,13,48.0,3,Normal,0.05,0.05,1,243,189,0.0,0.0,4,0,2
Full,2,71,train,heuristic,player_win,-10.0,7,58.0,3,Normal,0.05,0.05,1,246,191,0.0,0.0,1,0,2
Full,2,72,train,heuristic,player_win,-10.0,7,68.0,4,Hard,0.05,0.05,1,249,193,0.0,0.0,1,0,2
Full,2,73,train,heuristic,agent_win,10.0,6,60.0,3,Normal,0.05,0.05,1,252,195,3.0,3.0,2,0,1
Full,2,74,train,heuristic,player_win,-10.0,9,70.0,4,Hard,0.05,0.05,1,256,198,0.0,0.0,2,0,2
Full,2,75,train,heuristic,agent_win,10.0,10,62.0,3,Normal,0.05,0.05,1,261,202,3.0,3.0,3,0,2
Full,2,76,train,heuristic,player_win,-10.0,5,72.0,4,Hard,0.05,0.05,1,263,203,0.0,0.0,2,0,0
Full,2,77,train,heuristic,player_win,-10.0,5,82.0,5,Expert,0.05,0.05,1,265,204,0.0,0.0,2,0,0
Full,2,78,train,heuristic,player_win,-10.0,5,92.0,5,Expert,0.05,0.05,1,267,205,0.0,0.0,2,0,0
Full,2,79,train,heuristic,agent_win,10.0,6,84.0,5,Expert,0.05,0.05,1,270,207,3.0,3.0,3,0,0
Full,2,80,train,heuristic,agent_win,10.0,6,76.0,4,Hard,0.05,0.05,1,273,208,3.0,3.0,3,0,0
Full,2,81,train,heuristic,player_win,-10.0,5,86.0,5,Expert,0.05,0.05,1,275,209,0.0,0.0,2,0,0
Full,2,82,train,heuristic,agent_win,10.0,6,78.0,4,Hard,0.05,0.05,1,278,211,3.0,3.0,3,0,0
Full,2,83,train,heuristic,agent_win,10.0,8,70.0,4,Hard,0.05,0.05,1,282,214,3.0,3.0,3,0,1
Full,2,84,train,heuristic,agent_win,10.0,6,62.0,3,Normal,0.05,0.05,1,285,216,3.0,3.0,2,0,1
Full,2,85,train,heuristic,agent_win,10.0,6,54.0,3,Normal,0.05,0.05,1,288,216,2.0999999999999996,2.0999999999999996,2,0,1
Full,2,86,train,heuristic,player_win,-10.0,5,64.0,3,Normal,0.05,0.05,1,290,217,0.0,0.0,1,0,1
Full,2,87,train,heuristic,agent_win,10.0,6,56.0,3,Normal,0.05,0.05,1,293,219,3.0,3.0,3,0,0
Full,2,88,train,heuristic,agent_win,10.0,8,48.0,3,Normal,0.05,0.05,1,297,222,3.0,3.0,3,0,1
Full,2,89,train,heuristic,agent_win,10.0,8,40.0,2,Easy,0.05,0.05500000000000001,1,301,225,3.0,3.0,3,0,1
Full,2,90,train,heuristic,agent_win,10.0,8,32.0,2,Easy,0.05,0.05500000000000001,1,305,228,3.0,3.0,2,0,2
Full,2,91,train,heuristic,player_win,-10.0,9,42.0,2,Easy,0.05,0.05500000000000001,1,309,231,0.0,0.0,2,0,2
Full,2,92,train,heuristic,agent_win,10.0,8,34.0,2,Easy,0.05,0.05500000000000001,1,313,234,3.0,3.0,3,0,1
Full,2,93,train,heuristic,player_win,-10.0,7,44.0,2,Easy,0.05,0.05500000000000001,1,316,236,0.0,0.0,2,0,1
Full,2,94,train,heuristic,player_win,-10.0,5,54.0,3,Normal,0.05,0.05,1,318,237,0.0,0.0,1,0,1
Full,2,95,train,heuristic,agent_win,10.0,6,46.0,3,Normal,0.05,0.05,1,321,239,3.0,3.0,2,0,1
Full,2,96,train,heuristic,agent_win,10.0,10,38.0,2,Easy,0.05,0.05500000000000001,1,326,243,3.0,3.0,4,0,1
Full,2,97,train,heuristic,agent_win,10.0,8,30.0,2,Easy,0.05,0.05500000000000001,1,330,246,3.0,3.0,3,0,1
Full,2,98,train,heuristic,player_win,-10.0,9,40.0,2,Easy,0.05,0.05500000000000001,1,334,249,0.0,0.0,1,0,3
Full,2,99,train,heuristic,agent_win,10.0,8,32.0,2,Easy,0.05,0.05500000000000001,1,338,252,3.0,3.0,2,1,1
Full,2,100,train,heuristic,agent_win,10.0,10,24.0,1,Very Easy,0.05,0.0675,1,343,256,3.0,3.0,3,1,1
Full,2,101,train,heuristic,player_win,-10.0,5,34.0,2,Easy,0.05,0.05500000000000001,1,345,257,0.0,0.0,1,0,1
Full,2,102,train,heuristic,agent_win,10.0,6,26.0,2,Easy,0.05,0.05500000000000001,1,348,259,3.0,3.0,2,0,1
Full,2,103,train,heuristic,player_win,-10.0,7,36.0,2,Easy,0.05,0.05500000000000001,1,351,261,0.0,0.0,2,0,1
Full,2,104,train,heuristic,player_win,-10.0,9,46.0,3,Normal,0.05,0.05,1,355,264,0.0,0.0,2,0,2
Full,2,105,train,heuristic,agent_win,10.0,6,38.0,2,Easy,0.05,0.05500000000000001,1,358,266,3.0,3.0,3,0,0
Full,2,106,train,heuristic,player_win,-10.0,7,48.0,3,Normal,0.05,0.05,1,361,268,0.0,0.0,2,0,1
Full,2,107,train,heuristic,agent_win,10.0,10,40.0,2,Easy,0.05,0.05500000000000001,1,366,272,3.0,3.0,3,0,2
Full,2,108,train,heuristic,agent_win,10.0,6,32.0,2,Easy,0.05,0.05500000000000001,1,369,274,3.0,3.0,3,0,0
Full,2,109,train,heuristic,agent_win,10.0,10,24.0,1,Very Easy,0.05,0.0675,1,374,278,3.0,3.0,3,0,2
Full,2,110,train,heuristic,player_win,-10.0,9,34.0,2,Easy,0.05,0.05500000000000001,1,378,280,0.0,0.0,2,1,1
Full,2,111,train,heuristic,player_win,-10.0,7,44.0,2,Easy,0.05,0.05500000000000001,1,381,282,0.0,0.0,2,0,1
Full,2,112,train,heuristic,player_win,-10.0,9,54.0,3,Normal,0.05,0.05,1,385,285,0.0,0.0,3,0,1
Full,2,113,train,heuristic,agent_win,10.0,8,46.0,3,Normal,0.05,0.05,1,389,288,3.0,3.0,3,0,1
Full,2,114,train,heuristic,agent_win,10.0,8,38.0,2,Easy,0.05,0.05500000000000001,1,393,291,3.0,3.0,3,0,1
Full,2,115,train,heuristic,agent_win,10.0,8,30.0,2,Easy,0.05,0.05500000000000001,1,397,294,3.0,3.0,2,0,2
Full,2,116,train,heuristic,agent_win,10.0,14,22.0,1,Very Easy,0.05,0.0675,1,404,300,3.0,3.0,3,1,3
Full,2,117,train,heuristic,player_win,-10.0,9,32.0,2,Easy,0.05,0.05500000000000001,1,408,303,0.0,0.0,3,0,1
Full,2,118,train,heuristic,player_win,-10.0,7,42.0,2,Easy,0.05,0.05500000000000001,1,411,305,0.0,0.0,1,0,2
Full,2,119,train,heuristic,agent_win,10.0,10,34.0,2,Easy,0.05,0.05500000000000001,1,416,309,3.0,3.0,3,0,2
Full,2,120,train,heuristic,player_win,-10.0,7,44.0,2,Easy,0.05,0.05500000000000001,1,419,309,0.0,0.0,2,0,1
Full,2,121,train,heuristic,player_win,-10.0,9,54.0,3,Normal,0.05,0.05,1,423,312,0.0,0.0,1,0,3
Full,2,122,train,heuristic,agent_win,10.0,6,46.0,3,Normal,0.05,0.05,1,426,314,3.0,3.0,2,0,1
Full,2,123,train,heuristic,agent_win,10.0,6,38.0,2,Easy,0.05,0.05500000000000001,1,429,316,3.0,3.0,2,0,1
Full,2,124,train,heuristic,player_win,-10.0,5,48.0,3,Normal,0.05,0.05,1,431,316,0.0,0.0,2,0,0
Full,2,125,train,heuristic,agent_win,10.0,6,40.0,2,Easy,0.05,0.05500000000000001,1,434,318,3.0,3.0,3,0,0
Full,2,126,train,heuristic,agent_win,10.0,10,32.0,2,Easy,0.05,0.05500000000000001,1,439,322,3.0,3.0,3,0,2
Full,2,127,train,heuristic,player_win,-10.0,7,42.0,2,Easy,0.05,0.05500000000000001,1,442,323,0.0,0.0,2,0,1
Full,2,128,train,heuristic,player_win,-10.0,13,52.0,3,Normal,0.05,0.05,1,448,328,0.0,0.0,4,0,2
Full,2,129,train,heuristic,agent_win,10.0,6,44.0,2,Easy,0.05,0.05500000000000001,1,451,329,3.0,3.0,3,0,0
Full,2,130,train,heuristic,agent_win,10.0,8,36.0,2,Easy,0.05,0.05500000000000001,1,455,332,3.0,3.0,2,0,2
Full,2,131,train,heuristic,player_win,-10.0,11,46.0,3,Normal,0.05,0.05,1,460,336,0.0,0.0,3,0,2
Full,2,132,train,heuristic,player_win,-10.0,5,56.0,3,Normal,0.05,0.05,1,462,337,0.0,0.0,2,0,0
Full,2,133,train,heuristic,agent_win,10.0,6,48.0,3,Normal,0.05,0.05,1,465,337,2.0999999999999996,2.0999999999999996,3,0,0
Full,2,134,train,heuristic,agent_win,10.0,6,40.0,2,Easy,0.05,0.05500000000000001,1,468,339,3.0,3.0,2,0,1
Full,2,135,train,heuristic,agent_win,10.0,10,32.0,2,Easy,0.05,0.05500000000000001,1,473,343,3.0,3.0,4,0,1
Full,2,136,train,heuristic,agent_win,10.0,6,24.0,1,Very Easy,0.05,0.0675,1,476,345,3.0,3.0,3,0,0
Full,2,137,train,heuristic,player_win,-10.0,7,34.0,2,Easy,0.05,0.05500000000000001,1,479,347,0.0,0.0,1,0,2
Full,2,138,train,heuristic,agent_win,10.0,8,26.0,2,Easy,0.05,0.05500000000000001,1,483,350,3.0,3.0,3,1,0
Full,2,139,train,heuristic,player_win,-10.0,9,36.0,2,Easy,0.05,0.05500000000000001,1,487,353,0.0,0.0,2,0,2
Full,2,140,train,heuristic,agent_win,10.0,8,28.0,2,Easy,0.05,0.05500000000000001,1,491,356,3.0,3.0,2,0,2
Full,2,141,train,heuristic,player_win,-10.0,9,38.0,2,Easy,0.05,0.05500000000000001,1,495,359,0.0,0.0,3,0,1
Full,2,142,train,heuristic,agent_win,10.0,8,30.0,2,Easy,0.05,0.05500000000000001,1,499,361,3.0,3.0,2,0,2
Full,2,143,train,heuristic,agent_win,10.0,8,22.0,1,Very Easy,0.05,0.0675,1,503,364,3.0,3.0,2,0,2
Full,2,144,train,heuristic,player_win,-10.0,7,32.0,2,Easy,0.05,0.05500000000000001,1,506,365,0.0,0.0,2,1,0
Full,2,145,train,heuristic,agent_win,10.0,8,24.0,1,Very Easy,0.05,0.0675,1,510,368,3.0,3.0,2,0,2
Full,2,146,train,heuristic,player_win,-10.0,7,34.0,2,Easy,0.05,0.05500000000000001,1,513,370,0.0,0.0,2,0,1
Full,2,147,train,heuristic,player_win,-10.0,13,44.0,2,Easy,0.05,0.05500000000000001,1,519,375,0.0,0.0,3,0,3
Full,2,148,train,heuristic,agent_win,10.0,10,36.0,2,Easy,0.05,0.05500000000000001,1,524,379,3.0,3.0,3,0,2
Full,2,149,train,heuristic,player_win,-10.0,7,46.0,3,Normal,0.05,0.05,1,527,381,0.0,0.0,3,0,0
Full,2,150,train,heuristic,agent_win,10.0,8,38.0,2,Easy,0.05,0.05500000000000001,1,531,383,3.0,3.0,3,0,1
Full,2,151,train,heuristic,agent_win,10.0,6,30.0,2,Easy,0.05,0.05500000000000001,1,534,385,3.0,3.0,1,0,2
Full,2,152,train,heuristic,player_win,-10.0,9,40.0,2,Easy,0.05,0.05500000000000001,1,538,388,0.0,0.0,1,0,3
Full,2,153,train,heuristic,agent_win,10.0,8,32.0,2,Easy,0.05,0.05500000000000001,1,542,391,3.0,3.0,3,0,1
Full,2,154,train,heuristic,player_win,-10.0,5,42.0,2,Easy,0.05,0.05500000000000001,1,544,392,0.0,0.0,1,0,1
Full,2,155,train,heuristic,agent_win,10.0,10,34.0,2,Easy,0.05,0.05500000000000001,1,549,395,3.0,3.0,3,0,2
Full,2,156,train,heuristic,player_win,-10.0,9,44.0,2,Easy,0.05,0.05500000000000001,1,553,398,0.0,0.0,3,0,1
Full,2,157,train,heuristic,agent_win,10.0,10,36.0,2,Easy,0.05,0.05500000000000001,1,558,402,3.0,3.0,3,0,2
Full,2,158,train,heuristic,agent_win,10.0,6,28.0,2,Easy,0.05,0.05500000000000001,1,561,404,3.0,3.0,3,0,0
Full,2,159,train,heuristic,player_win,-10.0,13,38.0,2,Easy,0.05,0.05500000000000001,1,567,409,0.0,0.0,2,0,4
Full,2,160,train,heuristic,agent_win,10.0,8,30.0,2,Easy,0.05,0.05500000000000001,1,571,412,3.0,3.0,3,0,1
Full,2,161,train,heuristic,player_win,-10.0,7,40.0,2,Easy,0.05,0.05500000000000001,1,574,414,0.0,0.0,1,0,2
Full,2,162,train,heuristic,agent_win,10.0,8,32.0,2,Easy,0.05,0.05500000000000001,1,578,417,3.0,3.0,3,0,1
Full,2,163,train,heuristic,player_win,-10.0,5,42.0,2,Easy,0.05,0.05500000000000001,1,580,418,0.0,0.0,1,0,1
Full,2,164,train,heuristic,player_win,-10.0,7,52.0,3,Normal,0.05,0.05,1,583,420,0.0,0.0,1,0,2
Full,2,165,train,heuristic,agent_win,10.0,6,44.0,2,Easy,0.05,0.05500000000000001,1,586,422,3.0,3.0,2,0,1
Full,2,166,train,heuristic,player_win,-10.0,7,54.0,3,Normal,0.05,0.05,1,589,424,0.0,0.0,2,0,1
Full,2,167,train,heuristic,agent_win,10.0,8,46.0,3,Normal,0.05,0.05,1,593,427,3.0,3.0,2,0,2
Full,2,168,train,heuristic,agent_win,10.0,10,38.0,2,Easy,0.05,0.05500000000000001,1,598,431,3.0,3.0,2,0,3
Full,2,169,train,heuristic,agent_win,10.0,8,30.0,2,Easy,0.05,0.05500000000000001,1,602,434,3.0,3.0,3,0,1
Full,2,170,train,heuristic,player_win,-10.0,9,40.0,2,Easy,0.05,0.05500000000000001,1,606,437,0.0,0.0,2,0,2
Full,2,171,train,heuristic,player_win,-10.0,7,50.0,3,Normal,0.05,0.05,1,609,439,0.0,0.0,2,0,1
Full,2,172,train,heuristic,player_win,-10.0,9,60.0,3,Normal,0.05,0.05,1,613,442,0.0,0.0,1,1,2
Full,2,173,train,heuristic,agent_win,10.0,8,52.0,3,Normal,0.05,0.05,1,617,445,3.0,3.0,3,0,1
Full,2,174,train,heuristic,player_win,-10.0,7,62.0,3,Normal,0.05,0.05,1,620,447,0.0,0.0,1,0,2
Full,2,175,train,heuristic,player_win,-10.0,7,72.0,4,Hard,0.05,0.05,1,623,448,0.0,0.0,2,0,1
Full,2,176,train,heuristic,agent_win,10.0,8,64.0,3,Normal,0.05,0.05,1,627,450,3.0,3.0,3,0,1
Full,2,177,train,heuristic,agent_win,10.0,6,56.0,3,Normal,0.05,0.05,1,630,452,3.0,3.0,2,0,1
Full,2,178,train,heuristic,player_win,-10.0,9,66.0,4,Hard,0.05,0.05,1,634,455,0.0,0.0,2,1,1
Full,2,179,train,heuristic,agent_win,10.0,8,58.0,3,Normal,0.05,0.05,1,638,458,3.0,3.0,3,0,1
Full,2,180,train,heuristic,player_win,-10.0,11,68.0,4,Hard,0.05,0.05,1,643,462,0.0,0.0,3,0,2
Full,2,181,train,heuristic,agent_win,10.0,6,60.0,3,Normal,0.05,0.05,1,646,464,3.0,3.0,3,0,0
Full,2,182,train,heuristic,agent_win,10.0,6,52.0,3,Normal,0.05,0.05,1,649,466,3.0,3.0,3,0,0
Full,2,183,train,heuristic,agent_win,10.0,10,44.0,2,Easy,0.05,0.05500000000000001,1,654,469,3.0,3.0,4,0,1
Full,2,184,train,heuristic,player_win,-10.0,7,54.0,3,Normal,0.05,0.05,1,657,471,0.0,0.0,3,0,0
Full,2,185,train,heuristic,player_win,-10.0,9,64.0,3,Normal,0.05,0.05,1,661,474,0.0,0.0,3,0,1
Full,2,186,train,heuristic,player_win,-10.0,11,74.0,4,Hard,0.05,0.05,1,666,478,0.0,0.0,4,0,1
Full,2,187,train,heuristic,agent_win,10.0,6,66.0,4,Hard,0.05,0.05,1,669,480,3.0,3.0,2,0,1
Full,2,188,train,heuristic,agent_win,10.0,8,58.0,3,Normal,0.05,0.05,1,673,481,3.0,3.0,3,0,1
Full,2,189,train,heuristic,player_win,-10.0,9,68.0,4,Hard,0.05,0.05,1,677,484,0.0,0.0,1,0,3
Full,2,190,train,heuristic,agent_win,10.0,6,60.0,3,Normal,0.05,0.05,1,680,486,3.0,3.0,3,0,0
Full,2,191,train,heuristic,agent_win,10.0,8,52.0,3,Normal,0.05,0.05,1,684,489,3.0,3.0,1,0,3
Full,2,192,train,heuristic,player_win,-10.0,9,62.0,3,Normal,0.05,0.05,1,688,492,0.0,0.0,2,0,2
Full,2,193,train,heuristic,agent_win,10.0,8,54.0,3,Normal,0.05,0.05,1,692,495,3.0,3.0,2,0,2
Full,2,194,train,heuristic,player_win,-10.0,11,64.0,3,Normal,0.05,0.05,1,697,499,0.0,0.0,2,0,3
Full,2,195,train,heuristic,player_win,-10.0,9,74.0,4,Hard,0.05,0.05,1,701,502,0.0,0.0,3,0,1
Full,2,196,train,heuristic,agent_win,10.0,6,66.0,4,Hard,0.05,0.05,1,704,503,3.0,3.0,3,0,0
Full,2,197,train,heuristic,agent_win,10.0,6,58.0,3,Normal,0.05,0.05,1,707,505,3.0,3.0,3,0,0
Full,2,198,train,heuristic,agent_win,10.0,6,50.0,3,Normal,0.05,0.05,1,710,507,3.0,3.0,3,0,0
Full,2,199,train,heuristic,player_win,-10.0,5,60.0,3,Normal,0.05,0.05,1,712,508,0.0,0.0,1,0,1
Full,2,200,train,heuristic,agent_win,10.0,6,52.0,3,Normal,0.05,0.05,1,715,510,3.0,3.0,3,0,0
Full,2,201,train,heuristic,player_win,-10.0,7,62.0,3,Normal,0.05,0.05,1,718,512,0.0,0.0,2,0,1
Full,2,202,train,heuristic,agent_win,10.0,8,54.0,3,Normal,0.05,0.05,1,722,515,3.0,3.0,3,1,0
Full,2,203,train,heuristic,player_win,-10.0,9,64.0,3,Normal,0.05,0.05,1,726,518,0.0,0.0,2,0,2
Full,2,204,train,heuristic,agent_win,10.0,6,56.0,3,Normal,0.05,0.05,1,729,520,3.0,3.0,2,0,1
Full,2,205,train,heuristic,player_win,-10.0,7,66.0,4,Hard,0.05,0.05,1,732,520,0.0,0.0,3,0,0
Full,2,206,train,heuristic,agent_win,10.0,6,58.0,3,Normal,0.05,0.05,1,735,522,3.0,3.0,2,0,1
Full,2,207,train,heuristic,agent_win,10.0,8,50.0,3,Normal,0.05,0.05,1,739,525,3.0,3.0,3,0,1
Full,2,208,train,heuristic,player_win,-10.0,7,60.0,3,Normal,0.05,0.05,1,742,527,0.0,0.0,2,0,1
Full,2,209,train,heuristic,agent_win,10.0,10,52.0,3,Normal,0.05,0.05,1,747,530,3.0,3.0,4,0,1
Full,2,210,train,heuristic,agent_win,10.0,6,44.0,2,Easy,0.05,0.05500000000000001,1,750,532,3.0,3.0,2,0,1
Full,2,211,train,heuristic,player_win,-10.0,5,54.0,3,Normal,0.05,0.05,1,752,532,0.0,0.0,1,0,1
Full,2,212,train,heuristic,agent_win,10.0,10,46.0,3,Normal,0.05,0.05,1,757,536,3.0,3.0,4,0,1
Full,2,213,train,heuristic,player_win,-10.0,9,56.0,3,Normal,0.05,0.05,1,761,539,0.0,0.0,3,0,1
Full,2,214,train,heuristic,player_win,-10.0,7,66.0,4,Hard,0.05,0.05,1,764,541,0.0,0.0,2,0,1
Full,2,215,train,heuristic,agent_win,10.0,6,58.0,3,Normal,0.05,0.05,1,767,543,3.0,3.0,3,0,0
Full,2,216,train,heuristic,agent_win,10.0,8,50.0,3,Normal,0.05,0.05,1,771,545,3.0,3.0,2,0,2
Full,2,217,train,heuristic,agent_win,10.0,8,42.0,2,Easy,0.05,0.05500000000000001,1,775,548,3.0,3.0,3,0,1
Full,2,218,train,heuristic,player_win,-10.0,7,52.0,3,Normal,0.05,0.05,1,778,550,0.0,0.0,1,0,2
Full,2,219,train,heuristic,player_win,-10.0,7,62.0,3,Normal,0.05,0.05,1,781,552,0.0,0.0,2,0,1
Full,2,220,train,heuristic,agent_win,10.0,8,54.0,3,Normal,0.05,0.05,1,785,555,3.0,3.0,3,0,1
Full,2,221,train,heuristic,agent_win,10.0,8,46.0,3,Normal,0.05,0.05,1,789,558,3.0,3.0,4,0,0
Full,2,222,train,heuristic,agent_win,10.0,8,38.0,2,Easy,0.05,0.05500000000000001,1,793,561,3.0,3.0,2,1,1
Full,2,223,train,heuristic,agent_win,10.0,10,30.0,2,Easy,0.05,0.05500000000000001,1,798,565,3.0,3.0,2,1,2
Full,2,224,train,heuristic,agent_win,10.0,6,22.0,1,Very Easy,0.05,0.0675,1,801,567,3.0,3.0,2,0,1
Full,2,225,train,heuristic,player_win,-10.0,7,32.0,2,Easy,0.05,0.05500000000000001,1,804,569,0.0,0.0,2,0,1
Full,2,226,train,heuristic,player_win,-10.0,7,42.0,2,Easy,0.05,0.05500000000000001,1,807,570,0.0,0.0,1,0,2
Full,2,227,train,heuristic,agent_win,10.0,8,34.0,2,Easy,0.05,0.05500000000000001,1,811,572,3.0,3.0,3,0,1
Full,2,228,train,heuristic,agent_win,10.0,6,26.0,2,Easy,0.05,0.05500000000000001,1,814,573,3.0,3.0,3,0,0
Full,2,229,train,heuristic,player_win,-10.0,7,36.0,2,Easy,0.05,0.05500000000000001,1,817,575,0.0,0.0,2,0,1
Full,2,230,train,heuristic,agent_win,10.0,6,28.0,2,Easy,0.05,0.05500000000000001,1,820,577,3.0,3.0,1,0,2
Full,2,231,train,heuristic,player_win,-10.0,7,38.0,2,Easy,0.05,0.05500000000000001,1,823,579,0.0,0.0,2,0,1
Full,2,232,train,heuristic,player_win,-10.0,7,48.0,3,Normal,0.05,0.05,1,826,581,0.0,0.0,2,0,1
Full,2,233,train,heuristic,agent_win,10.0,8,40.0,2,Easy,0.05,0.05500000000000001,1,830,583,3.0,3.0,3,0,1
Full,2,234,train,heuristic,agent_win,10.0,12,32.0,2,Easy,0.05,0.05500000000000001,1,836,588,3.0,3.0,3,0,3
Full,2,235,train,heuristic,agent_win,10.0,6,24.0,1,Very Easy,0.05,0.0675,1,839,590,3.0,3.0,3,0,0
Full,2,236,train,heuristic,player_win,-10.0,7,34.0,2,Easy,0.05,0.05500000000000001,1,842,591,0.0,0.0,2,0,1
Full,2,237,train,heuristic,agent_win,10.0,6,26.0,2,Easy,0.05,0.05500000000000001,1,845,593,3.0,3.0,1,0,2
Full,2,238,train,heuristic,player_win,-10.0,7,36.0,2,Easy,0.05,0.05500000000000001,1,848,593,0.0,0.0,2,0,1
Full,2,239,train,heuristic,player_win,-10.0,9,46.0,3,Normal,0.05,0.05,1,852,596,0.0,0.0,2,1,1
Full,2,240,train,heuristic,player_win,-10.0,9,56.0,3,Normal,0.05,0.05,1,856,599,0.0,0.0,2,0,2
Full,2,241,train,heuristic,agent_win,10.0,6,48.0,3,Normal,0.05,0.05,1,859,600,3.0,3.0,2,0,1
Full,2,242,train,heuristic,player_win,-10.0,5,58.0,3,Normal,0.05,0.05,1,861,601,0.0,0.0,1,0,1
Full,2,243,train,heuristic,agent_win,10.0,8,50.0,3,Normal,0.05,0.05,1,865,604,3.0,3.0,2,0,2
Full,2,244,train,heuristic,player_win,-10.0,7,60.0,3,Normal,0.05,0.05,1,868,606,0.0,0.0,2,0,1
Full,2,245,train,heuristic,agent_win,10.0,8,52.0,3,Normal,0.05,0.05,1,872,609,3.0,3.0,3,0,1
Full,2,246,train,heuristic,agent_win,10.0,8,44.0,2,Easy,0.05,0.05500000000000001,1,876,612,3.0,3.0,3,0,1
Full,2,247,train,heuristic,player_win,-10.0,7,54.0,3,Normal,0.05,0.05,1,879,614,0.0,0.0,2,0,1
Full,2,248,train,heuristic,player_win,-10.0,7,64.0,3,Normal,0.05,0.05,1,882,616,0.0,0.0,3,0,0
Full,2,249,train,heuristic,player_win,-10.0,7,74.0,4,Hard,0.05,0.05,1,885,618,0.0,0.0,2,0,1
Full,2,250,train,heuristic,player_win,-10.0,5,84.0,5,Expert,0.05,0.05,1,887,619,0.0,0.0,2,0,0
Full,2,251,train,heuristic,agent_win,10.0,8,76.0,4,Hard,0.05,0.05,1,891,620,3.0,3.0,4,0,0
Full,2,252,train,heuristic,agent_win,10.0,6,68.0,4,Hard,0.05,0.05,1,894,622,3.0,3.0,3,0,0
Full,2,253,train,heuristic,agent_win,10.0,6,60.0,3,Normal,0.05,0.05,1,897,624,3.0,3.0,3,0,0
Full,2,254,train,heuristic,player_win,-10.0,7,70.0,4,Hard,0.05,0.05,1,900,626,0.0,0.0,2,0,1
Full,2,255,train,heuristic,player_win,-10.0,9,80.0,5,Expert,0.05,0.05,1,904,629,0.0,0.0,3,0,1
Full,2,256,train,heuristic,agent_win,10.0,8,72.0,4,Hard,0.05,0.05,1,908,632,3.0,3.0,4,0,0
Full,2,257,train,heuristic,player_win,-10.0,5,82.0,5,Expert,0.05,0.05,1,910,633,0.0,0.0,2,0,0
Full,2,258,train,heuristic,agent_win,10.0,6,74.0,4,Hard,0.05,0.05,1,913,635,3.0,3.0,3,0,0
Full,2,259,train,heuristic,agent_win,10.0,8,66.0,4,Hard,0.05,0.05,1,917,638,3.0,3.0,3,0,1
Full,2,260,train,heuristic,agent_win,10.0,6,58.0,3,Normal,0.05,0.05,1,920,640,3.0,3.0,3,0,0
Full,2,261,train,heuristic,player_win,-10.0,9,68.0,4,Hard,0.05,0.05,1,924,642,0.0,0.0,2,0,2
Full,2,262,train,heuristic,agent_win,10.0,6,60.0,3,Normal,0.05,0.05,1,927,644,3.0,3.0,3,0,0
Full,2,263,train,heuristic,agent_win,10.0,8,52.0,3,Normal,0.05,0.05,1,931,647,3.0,3.0,3,0,1
Full,2,264,train,heuristic,player_win,-10.0,9,62.0,3,Normal,0.05,0.05,1,935,650,0.0,0.0,2,0,2
Full,2,265,train,heuristic,agent_win,10.0,6,54.0,3,Normal,0.05,0.05,1,938,650,2.0999999999999996,2.0999999999999996,2,0,1
Full,2,266,train,heuristic,player_win,-10.0,7,64.0,3,Normal,0.05,0.05,1,941,650,0.0,0.0,2,0,1
Full,2,267,train,heuristic,player_win,-10.0,9,74.0,4,Hard,0.05,0.05,1,945,653,0.0,0.0,3,1,0
Full,2,268,train,heuristic,agent_win,10.0,8,66.0,4,Hard,0.05,0.05,1,949,656,3.0,3.0,4,0,0
Full,2,269,train,heuristic,agent_win,10.0,8,58.0,3,Normal,0.05,0.05,1,953,659,3.0,3.0,3,0,1
Full,2,270,train,heuristic,player_win,-10.0,7,68.0,4,Hard,0.05,0.05,1,956,660,0.0,0.0,2,0,1
Full,2,271,train,heuristic,agent_win,10.0,6,60.0,3,Normal,0.05,0.05,1,959,662,3.0,3.0,3,0,0
Full,2,272,train,heuristic,player_win,-10.0,7,70.0,4,Hard,0.05,0.05,1,962,662,0.0,0.0,2,0,1
Full,2,273,train,heuristic,player_win,-10.0,5,80.0,5,Expert,0.05,0.05,1,964,662,0.0,0.0,2,0,0
Full,2,274,train,heuristic,agent_win,10.0,6,72.0,4,Hard,0.05,0.05,1,967,664,3.0,3.0,3,0,0
Full,2,275,train,heuristic,agent_win,10.0,6,64.0,3,Normal,0.05,0.05,1,970,666,3.0,3.0,3,0,0
Full,2,276,train,heuristic,agent_win,10.0,6,56.0,3,Normal,0.05,0.05,1,973,668,3.0,3.0,3,0,0
Full,2,277,train,heuristic,player_win,-10.0,7,66.0,4,Hard,0.05,0.05,1,976,669,0.0,0.0,2,0,1
Full,2,278,train,heuristic,player_win,-10.0,5,76.0,4,Hard,0.05,0.05,1,978,669,0.0,0.0,2,0,0
Full,2,279,train,heuristic,agent_win,10.0,8,68.0,4,Hard,0.05,0.05,1,982,672,3.0,3.0,3,0,1
Full,2,280,train,heuristic,agent_win,10.0,6,60.0,3,Normal,0.05,0.05,1,985,674,3.0,3.0,3,0,0
Full,2,281,train,heuristic,player_win,-10.0,9,70.0,4,Hard,0.05,0.05,1,989,677,0.0,0.0,3,0,1
Full,2,282,train,heuristic,agent_win,10.0,10,62.0,3,Normal,0.05,0.05,1,994,681,3.0,3.0,3,0,2
Full,2,283,train,heuristic,player_win,-10.0,9,72.0,4,Hard,0.05,0.05,1,998,684,0.0,0.0,2,0,2
Full,2,284,train,heuristic,agent_win,10.0,8,64.0,3,Normal,0.05,0.05,1,1002,686,3.0,3.0,3,0,1
Full,2,285,train,heuristic,agent_win,10.0,6,56.0,3,Normal,0.05,0.05,1,1005,688,3.0,3.0,2,0,1
Full,2,286,train,heuristic,player_win,-10.0,5,66.0,4,Hard,0.05,0.05,1,1007,689,0.0,0.0,1,0,1
Full,2,287,train,heuristic,player_win,-10.0,7,76.0,4,Hard,0.05,0.05,1,1010,689,0.0,0.0,3,0,0
Full,2,288,train,heuristic,player_win,-10.0,5,86.0,5,Expert,0.05,0.05,1,1012,690,0.0,0.0,2,0,0
Full,2,289,train,heuristic,agent_win,10.0,6,78.0,4,Hard,0.05,0.05,1,1015,692,3.0,3.0,3,0,0
Full,2,290,train,heuristic,agent_win,10.0,6,70.0,4,Hard,0.05,0.05,1,1018,694,3.0,3.0,3,0,0
Full,2,291,train,heuristic,agent_win,10.0,6,62.0,3,Normal,0.05,0.05,1,1021,696,3.0,3.0,3,0,0
Full,2,292,train,heuristic,player_win,-10.0,7,72.0,4,Hard,0.05,0.05,1,1024,698,0.0,0.0,2,0,1
Full,2,293,train,heuristic,agent_win,10.0,6,64.0,3,Normal,0.05,0.05,1,1027,700,3.0,3.0,3,0,0
Full,2,294,train,heuristic,agent_win,10.0,6,56.0,3,Normal,0.05,0.05,1,1030,702,3.0,3.0,3,0,0
Full,2,295,train,heuristic,agent_win,10.0,8,48.0,3,Normal,0.05,0.05,1,1034,705,3.0,3.0,3,0,1
Full,2,296,train,heuristic,player_win,-10.0,9,58.0,3,Normal,0.05,0.05,1,1038,708,0.0,0.0,1,0,3
Full,2,297,train,heuristic,player_win,-10.0,9,68.0,4,Hard,0.05,0.05,1,1042,711,0.0,0.0,3,0,1
Full,2,298,train,heuristic,player_win,-10.0,7,78.0,4,Hard,0.05,0.05,1,1045,711,0.0,0.0,2,0,1
Full,2,299,train,heuristic,agent_win,10.0,6,70.0,4,Hard,0.05,0.05,1,1048,713,3.0,3.0,3,0,0
Full,2,300,train,heuristic,agent_win,10.0,6,62.0,3,Normal,0.05,0.05,1,1051,714,3.0,3.0,2,0,1
Full,2,301,train,heuristic,agent_win,10.0,8,54.0,3,Normal,0.05,0.05,1,1055,717,3.0,3.0,3,0,1
Full,2,302,train,heuristic,player_win,-10.0,7,64.0,3,Normal,0.05,0.05,1,1058,719,0.0,0.0,2,0,1
Full,2,303,train,heuristic,player_win,-10.0,11,74.0,4,Hard,0.05,0.05,1,1063,721,0.0,0.0,3,1,1
Full,2,304,train,heuristic,player_win,-10.0,7,84.0,5,Expert,0.05,0.05,1,1066,721,0.0,0.0,3,0,0
Full,2,305,train,heuristic,agent_win,10.0,6,76.0,4,Hard,0.05,0.05,1,1069,721,2.0999999999999996,2.0999999999999996,3,0,0
Full,2,306,train,heuristic,agent_win,10.0,6,68.0,4,Hard,0.05,0.05,1,1072,722,3.0,3.0,3,0,0
Full,2,307,train,heuristic,agent_win,10.0,6,60.0,3,Normal,0.05,0.05,1,1075,724,3.0,3.0,3,0,0
Full,2,308,train,heuristic,agent_win,10.0,6,52.0,3,Normal,0.05,0.05,1,1078,726,3.0,3.0,3,0,0
Full,2,309,train,heuristic,player_win,-10.0,5,62.0,3,Normal,0.05,0.05,1,1080,727,0.0,0.0,1,0,1
Full,2,310,train,heuristic,player_win,-10.0,7,72.0,4,Hard,0.05,0.05,1,1083,729,0.0,0.0,2,0,1
Full,2,311,train,heuristic,player_win,-10.0,9,82.0,5,Expert,0.05,0.05,1,1087,732,0.0,0.0,3,0,1
Full,2,312,train,heuristic,agent_win,10.0,6,74.0,4,Hard,0.05,0.05,1,1090,734,3.0,3.0,3,0,0
Full,2,313,train,heuristic,agent_win,10.0,6,66.0,4,Hard,0.05,0.05,1,1093,736,3.0,3.0,3,0,0
Full,2,314,train,heuristic,agent_win,10.0,8,58.0,3,Normal,0.05,0.05,1,1097,739,3.0,3.0,3,0,1
Full,2,315,train,heuristic,agent_win,10.0,6,50.0,3,Normal,0.05,0.05,1,1100,741,3.0,3.0,3,0,0
Full,2,316,train,heuristic,agent_win,10.0,8,42.0,2,Easy,0.05,0.05500000000000001,1,1104,744,3.0,3.0,3,0,1
Full,2,317,train,heuristic,agent_win,10.0,6,34.0,2,Easy,0.05,0.05500000000000001,1,1107,746,3.0,3.0,2,0,1
Full,2,318,train,heuristic,agent_win,10.0,8,26.0,2,Easy,0.05,0.05500000000000001,1,1111,749,3.0,3.0,2,0,2
Full,2,319,train,heuristic,player_win,-10.0,9,36.0,2,Easy,0.05,0.05500000000000001,1,1115,752,0.0,0.0,2,0,2
Full,2,320,train,heuristic,agent_win,10.0,8,28.0,2,Easy,0.05,0.05500000000000001,1,1119,754,3.0,3.0,3,0,1
Full,2,321,train,heuristic,player_win,-10.0,7,38.0,2,Easy,0.05,0.05500000000000001,1,1122,756,0.0,0.0,2,0,1
Full,2,322,train,heuristic,agent_win,10.0,8,30.0,2,Easy,0.05,0.05500000000000001,1,1126,757,3.0,3.0,4,0,0
Full,2,323,train,heuristic,agent_win,10.0,8,22.0,1,Very Easy,0.05,0.0675,1,1130,759,3.0,3.0,2,1,1
Full,2,324,train,heuristic,player_win,-10.0,11,32.0,2,Easy,0.05,0.05500000000000001,1,1135,763,0.0,0.0,2,0,3
Full,2,325,train,heuristic,agent_win,10.0,6,24.0,1,Very Easy,0.05,0.0675,1,1138,765,3.0,3.0,2,0,1
Full,2,326,train,heuristic,player_win,-10.0,9,34.0,2,Easy,0.05,0.05500000000000001,1,1142,768,0.0,0.0,1,0,3
Full,2,327,train,heuristic,player_win,-10.0,11,44.0,2,Easy,0.05,0.05500000000000001,1,1147,772,0.0,0.0,2,1,2
Full,2,328,train,heuristic,agent_win,10.0,8,36.0,2,Easy,0.05,0.05500000000000001,1,1151,775,3.0,3.0,1,0,3
Full,2,329,train,heuristic,player_win,-10.0,9,46.0,3,Normal,0.05,0.05,1,1155,778,0.0,0.0,2,0,2
Full,2,330,train,heuristic,agent_win,10.0,6,38.0,2,Easy,0.05,0.05500000000000001,1,1158,779,3.0,3.0,3,0,0
Full,2,331,train,heuristic,player_win,-10.0,5,48.0,3,Normal,0.05,0.05,1,1160,780,0.0,0.0,1,0,1
Full,2,332,train,heuristic,agent_win,10.0,8,40.0,2,Easy,0.05,0.05500000000000001,1,1164,783,3.0,3.0,2,0,2
Full,2,333,train,heuristic,agent_win,10.0,10,32.0,2,Easy,0.05,0.05500000000000001,1,1169,787,3.0,3.0,3,0,2
Full,2,334,train,heuristic,agent_win,10.0,8,24.0,1,Very Easy,0.05,0.0675,1,1173,790,3.0,3.0,2,0,2
Full,2,335,train,heuristic,player_win,-10.0,7,34.0,2,Easy,0.05,0.05500000000000001,1,1176,792,0.0,0.0,2,0,1
Full,2,336,train,heuristic,player_win,-10.0,7,44.0,2,Easy,0.05,0.05500000000000001,1,1179,794,0.0,0.0,2,0,1
Full,2,337,train,heuristic,player_win,-10.0,9,54.0,3,Normal,0.05,0.05,1,1183,797,0.0,0.0,1,0,3
Full,2,338,train,heuristic,agent_win,10.0,6,46.0,3,Normal,0.05,0.05,1,1186,798,2.0999999999999996,2.0999999999999996,3,0,0
Full,2,339,train,heuristic,agent_win,10.0,10,38.0,2,Easy,0.05,0.05500000000000001,1,1191,802,3.0,3.0,4,0,1
Full,2,340,train,heuristic,agent_win,10.0,8,30.0,2,Easy,0.05,0.05500000000000001,1,1195,805,3.0,3.0,3,0,1
Full,2,341,train,heuristic,player_win,-10.0,9,40.0,2,Easy,0.05,0.05500000000000001,1,1199,808,0.0,0.0,2,0,2
Full,2,342,train,heuristic,agent_win,10.0,8,32.0,2,Easy,0.05,0.05500000000000001,1,1203,811,3.0,3.0,3,0,1
Full,2,343,train,heuristic,agent_win,10.0,10,24.0,1,Very Easy,0.05,0.0675,1,1208,815,3.0,3.0,2,0,3
Full,2,344,train,heuristic,player_win,-10.0,11,34.0,2,Easy,0.05,0.05500000000000001,1,1213,819,0.0,0.0,3,0,2
Full,2,345,train,heuristic,player_win,-10.0,7,44.0,2,Easy,0.05,0.05500000000000001,1,1216,820,0.0,0.0,1,0,2
Full,2,346,train,heuristic,agent_win,10.0,6,36.0,2,Easy,0.05,0.05500000000000001,1,1219,822,3.0,3.0,1,1,1
Full,2,347,train,heuristic,player_win,-10.0,7,46.0,3,Normal,0.05,0.05,1,1222,824,0.0,0.0,2,0,1
Full,2,348,train,heuristic,player_win,-10.0,9,56.0,3,Normal,0.05,0.05,1,1226,827,0.0,0.0,2,0,2
Full,2,349,train,heuristic,agent_win,10.0,8,48.0,3,Normal,0.05,0.05,1,1230,830,3.0,3.0,2,0,2
Full,2,350,train,heuristic,agent_win,10.0,8,40.0,2,Easy,0.05,0.05500000000000001,1,1234,833,3.0,3.0,3,0,1
Full,2,351,train,heuristic,player_win,-10.0,7,50.0,3,Normal,0.05,0.05,1,1237,835,0.0,0.0,1,2,0
Full,2,352,train,heuristic,player_win,-10.0,11,60.0,3,Normal,0.05,0.05,1,1242,838,0.0,0.0,3,0,2
Full,2,353,train,heuristic,agent_win,10.0,6,52.0,3,Normal,0.05,0.05,1,1245,840,3.0,3.0,2,0,1
Full,2,354,train,heuristic,player_win,-10.0,7,62.0,3,Normal,0.05,0.05,1,1248,842,0.0,0.0,1,0,2
Full,2,355,train,heuristic,agent_win,10.0,10,54.0,3,Normal,0.05,0.05,1,1253,845,3.0,3.0,4,0,1
Full,2,356,train,heuristic,agent_win,10.0,8,46.0,3,Normal,0.05,0.05,1,1257,848,3.0,3.0,2,0,2
Full,2,357,train,heuristic,player_win,-10.0,7,56.0,3,Normal,0.05,0.05,1,1260,848,0.0,0.0,3,0,0
Full,2,358,train,heuristic,player_win,-10.0,9,66.0,4,Hard,0.05,0.05,1,1264,851,0.0,0.0,2,0,2
Full,2,359,train,heuristic,agent_win,10.0,8,58.0,3,Normal,0.05,0.05,1,1268,854,3.0,3.0,3,0,1
Full,2,360,train,heuristic,agent_win,10.0,8,50.0,3,Normal,0.05,0.05,1,1272,856,3.0,3.0,2,0,2
Full,2,361,train,heuristic,agent_win,10.0,10,42.0,2,Easy,0.05,0.05500000000000001,1,1277,859,3.0,3.0,3,1,1
Full,2,362,train,heuristic,player_win,-10.0,7,52.0,3,Normal,0.05,0.05,1,1280,861,0.0,0.0,2,0,1
Full,2,363,train,heuristic,player_win,-10.0,7,62.0,3,Normal,0.05,0.05,1,1283,863,0.0,0.0,2,0,1
Full,2,364,train,heuristic,player_win,-10.0,9,72.0,4,Hard,0.05,0.05,1,1287,866,0.0,0.0,3,0,1
Full,2,365,train,heuristic,player_win,-10.0,11,82.0,5,Expert,0.05,0.05,1,1292,870,0.0,0.0,3,0,2
Full,2,366,train,heuristic,agent_win,10.0,6,74.0,4,Hard,0.05,0.05,1,1295,871,3.0,3.0,3,0,0
Full,2,367,train,heuristic,agent_win,10.0,12,66.0,4,Hard,0.05,0.05,1,1301,876,3.0,3.0,4,0,2
Full,2,368,train,heuristic,agent_win,10.0,6,58.0,3,Normal,0.05,0.05,1,1304,878,3.0,3.0,3,0,0
Full,2,369,train,heuristic,agent_win,10.0,6,50.0,3,Normal,0.05,0.05,1,1307,880,3.0,3.0,3,0,0
Full,2,370,train,heuristic,agent_win,10.0,8,42.0,2,Easy,0.05,0.05500000000000001,1,1311,883,3.0,3.0,2,1,1
Full,2,371,train,heuristic,player_win,-10.0,5,52.0,3,Normal,0.05,0.05,1,1313,884,0.0,0.0,1,0,1
Full,2,372,train,heuristic,player_win,-10.0,7,62.0,3,Normal,0.05,0.05,1,1316,885,0.0,0.0,1,0,2
Full,2,373,train,heuristic,agent_win,10.0,8,54.0,3,Normal,0.05,0.05,1,1320,888,3.0,3.0,2,0,2
Full,2,374,train,heuristic,player_win,-10.0,9,64.0,3,Normal,0.05,0.05,1,1324,891,0.0,0.0,1,0,3
Full,2,375,train,heuristic,player_win,-10.0,9,74.0,4,Hard,0.05,0.05,1,1328,894,0.0,0.0,2,0,2
Full,2,376,train,heuristic,player_win,-10.0,5,84.0,5,Expert,0.05,0.05,1,1330,895,0.0,0.0,2,0,0
Full,2,377,train,heuristic,player_win,-10.0,5,94.0,5,Expert,0.05,0.05,1,1332,896,0.0,0.0,2,0,0
Full,2,378,train,heuristic,agent_win,10.0,6,86.0,5,Expert,0.05,0.05,1,1335,898,3.0,3.0,3,0,0
Full,2,379,train,heuristic,agent_win,10.0,6,78.0,4,Hard,0.05,0.05,1,1338,900,3.0,3.0,3,0,0
Full,2,380,train,heuristic,agent_win,10.0,6,70.0,4,Hard,0.05,0.05,1,1341,901,3.0,3.0,3,0,0
Full,2,381,train,heuristic,agent_win,10.0,6,62.0,3,Normal,0.05,0.05,1,1344,901,2.0999999999999996,2.0999999999999996,3,0,0
Full,2,382,train,heuristic,player_win,-10.0,7,72.0,4,Hard,0.05,0.05,1,1347,902,0.0,0.0,2,0,1
Full,2,383,train,heuristic,player_win,-10.0,5,82.0,5,Expert,0.05,0.05,1,1349,903,0.0,0.0,1,0,1
Full,2,384,train,heuristic,agent_win,10.0,6,74.0,4,Hard,0.05,0.05,1,1352,905,3.0,3.0,3,0,0
Full,2,385,train,heuristic,agent_win,10.0,8,66.0,4,Hard,0.05,0.05,1,1356,907,3.0,3.0,4,0,0
Full,2,386,train,heuristic,agent_win,10.0,12,58.0,3,Normal,0.05,0.05,1,1362,912,3.0,3.0,6,0,0
Full,2,387,train,heuristic,player_win,-10.0,9,68.0,4,Hard,0.05,0.05,1,1366,914,0.0,0.0,2,0,2
Full,2,388,train,heuristic,agent_win,10.0,6,60.0,3,Normal,0.05,0.05,1,1369,916,3.0,3.0,3,0,0
Full,2,389,train,heuristic,player_win,-10.0,7,70.0,4,Hard,0.05,0.05,1,1372,918,0.0,0.0,2,0,1
Full,2,390,train,heuristic,player_win,-10.0,13,80.0,5,Expert,0.05,0.05,1,1378,923,0.0,0.0,5,0,1
Full,2,391,train,heuristic,agent_win,10.0,6,72.0,4,Hard,0.05,0.05,1,1381,925,3.0,3.0,2,0,1
Full,2,392,train,heuristic,agent_win,10.0,6,64.0,3,Normal,0.05,0.05,1,1384,927,3.0,3.0,3,0,0
Full,2,393,train,heuristic,agent_win,10.0,12,56.0,3,Normal,0.05,0.05,1,1390,932,3.0,3.0,4,0,2
Full,2,394,train,heuristic,agent_win,10.0,8,48.0,3,Normal,0.05,0.05,1,1394,935,3.0,3.0,3,0,1
Full,2,395,train,heuristic,player_win,-10.0,5,58.0,3,Normal,0.05,0.05,1,1396,936,0.0,0.0,2,0,0
Full,2,396,train,heuristic,player_win,-10.0,7,68.0,4,Hard,0.05,0.05,1,1399,938,0.0,0.0,2,0,1
Full,2,397,train,heuristic,player_win,-10.0,7,78.0,4,Hard,0.05,0.05,1,1402,940,0.0,0.0,2,0,1
Full,2,398,train,heuristic,agent_win,10.0,8,70.0,4,Hard,0.05,0.05,1,1406,943,3.0,3.0,3,0,1
Full,2,399,train,heuristic,agent_win,10.0,6,62.0,3,Normal,0.05,0.05,1,1409,945,3.0,3.0,3,0,0
Full,2,400,train,heuristic,agent_win,10.0,8,54.0,3,Normal,0.05,0.05,1,1413,948,3.0,3.0,2,0,2
Full,2,401,train,heuristic,agent_win,10.0,8,46.0,3,Normal,0.05,0.05,1,1417,951,3.0,3.0,3,0,1
Full,2,402,train,heuristic,agent_win,10.0,8,38.0,2,Easy,0.05,0.05500000000000001,1,1421,953,3.0,3.0,2,0,2
Full,2,403,train,heuristic,agent_win,10.0,8,30.0,2,Easy,0.05,0.05500000000000001,1,1425,956,3.0,3.0,2,0,2
Full,2,404,train,heuristic,agent_win,10.0,8,22.0,1,Very Easy,0.05,0.0675,1,1429,959,3.0,3.0,1,0,3
Full,2,405,train,heuristic,player_win,-10.0,9,32.0,2,Easy,0.05,0.05500000000000001,1,1433,962,0.0,0.0,3,0,1
Full,2,406,train,heuristic,agent_win,10.0,6,24.0,1,Very Easy,0.05,0.0675,1,1436,964,3.0,3.0,2,0,1
Full,2,407,train,heuristic,player_win,-10.0,9,34.0,2,Easy,0.05,0.05500000000000001,1,1440,967,0.0,0.0,2,1,1
Full,2,408,train,heuristic,draw,3.0,16,37.0,2,Easy,0.05,0.05500000000000001,1,1448,974,0.8999999999999999,0.8999999999999999,6,0,2
Full,2,409,train,heuristic,player_win,-10.0,11,47.0,3,Normal,0.05,0.05,1,1453,978,0.0,0.0,2,0,3
Full,2,410,train,heuristic,player_win,-10.0,9,57.0,3,Normal,0.05,0.05,1,1457,981,0.0,0.0,2,0,2
Full,2,411,train,heuristic,agent_win,10.0,10,49.0,3,Normal,0.05,0.05,1,1462,984,3.0,3.0,3,0,2
Full,2,412,train,heuristic,agent_win,10.0,10,41.0,2,Easy,0.05,0.05500000000000001,1,1467,988,3.0,3.0,3,0,2
Full,2,413,train,heuristic,agent_win,10.0,12,33.0,2,Easy,0.05,0.05500000000000001,1,1473,993,3.0,3.0,4,0,2
Full,2,414,train,heuristic,player_win,-10.0,9,43.0,2,Easy,0.05,0.05500000000000001,1,1477,995,0.0,0.0,1,0,3
Full,2,415,train,heuristic,player_win,-10.0,7,53.0,3,Normal,0.05,0.05,1,1480,997,0.0,0.0,1,0,2
Full,2,416,train,heuristic,agent_win,10.0,8,45.0,3,Normal,0.05,0.05,1,1484,1000,3.0,3.0,3,0,1
Full,2,417,train,heuristic,agent_win,10.0,8,37.0,2,Easy,0.05,0.05500000000000001,1,1488,1003,3.0,3.0,3,0,1
Full,2,418,train,heuristic,player_win,-10.0,9,47.0,3,Normal,0.05,0.05,1,1492,1006,0.0,0.0,1,0,3
Full,2,419,train,heuristic,agent_win,10.0,8,39.0,2,Easy,0.05,0.05500000000000001,1,1496,1008,3.0,3.0,2,0,2
Full,2,420,train,heuristic,agent_win,10.0,8,31.0,2,Easy,0.05,0.05500000000000001,1,1500,1011,3.0,3.0,3,0,1
Full,2,421,train,heuristic,agent_win,10.0,8,23.0,1,Very Easy,0.05,0.0675,1,1504,1014,3.0,3.0,3,0,1
Full,2,422,train,heuristic,agent_win,10.0,10,15.0,1,Very Easy,0.05,0.0675,1,1509,1018,3.0,3.0,2,0,3
Full,2,423,train,heuristic,player_win,-10.0,7,25.0,2,Easy,0.05,0.05500000000000001,1,1512,1020,0.0,0.0,1,0,2
Full,2,424,train,heuristic,player_win,-10.0,7,35.0,2,Easy,0.05,0.05500000000000001,1,1515,1022,0.0,0.0,1,0,2
Full,2,425,train,heuristic,player_win,-10.0,9,45.0,3,Normal,0.05,0.05,1,1519,1025,0.0,0.0,4,0,0
Full,2,426,train,heuristic,agent_win,10.0,6,37.0,2,Easy,0.05,0.05500000000000001,1,1522,1027,3.0,3.0,3,0,0
Full,2,427,train,heuristic,agent_win,10.0,10,29.0,2,Easy,0.05,0.05500000000000001,1,1527,1031,3.0,3.0,3,0,2
Full,2,428,train,heuristic,player_win,-10.0,5,39.0,2,Easy,0.05,0.05500000000000001,1,1529,1032,0.0,0.0,1,0,1
Full,2,429,train,heuristic,player_win,-10.0,7,49.0,3,Normal,0.05,0.05,1,1532,1033,0.0,0.0,2,0,1
Full,2,430,train,heuristic,agent_win,10.0,6,41.0,2,Easy,0.05,0.05500000000000001,1,1535,1035,3.0,3.0,2,0,1
Full,2,431,train,heuristic,player_win,-10.0,11,51.0,3,Normal,0.05,0.05,1,1540,1039,0.0,0.0,2,0,3
Full,2,432,train,heuristic,agent_win,10.0,6,43.0,2,Easy,0.05,0.05500000000000001,1,1543,1041,3.0,3.0,2,0,1
Full,2,433,train,heuristic,agent_win,10.0,6,35.0,2,Easy,0.05,0.05500000000000001,1,1546,1043,3.0,3.0,2,0,1
Full,2,434,train,heuristic,agent_win,10.0,6,27.0,2,Easy,0.05,0.05500000000000001,1,1549,1045,3.0,3.0,3,0,0
Full,2,435,train,heuristic,agent_win,10.0,8,19.0,1,Very Easy,0.05,0.0675,1,1553,1048,3.0,3.0,2,0,2
Full,2,436,train,heuristic,player_win,-10.0,13,29.0,2,Easy,0.05,0.05500000000000001,1,1559,1053,0.0,0.0,4,0,2
Full,2,437,train,heuristic,player_win,-10.0,9,39.0,2,Easy,0.05,0.05500000000000001,1,1563,1055,0.0,0.0,3,0,1
Full,2,438,train,heuristic,player_win,-10.0,9,49.0,3,Normal,0.05,0.05,1,1567,1058,0.0,0.0,3,0,1
Full,2,439,train,heuristic,player_win,-10.0,7,59.0,3,Normal,0.05,0.05,1,1570,1060,0.0,0.0,2,0,1
Full,2,440,train,heuristic,player_win,-10.0,11,69.0,4,Hard,0.05,0.05,1,1575,1064,0.0,0.0,2,0,3
Full,2,441,train,heuristic,agent_win,10.0,6,61.0,3,Normal,0.05,0.05,1,1578,1065,3.0,3.0,3,0,0
Full,2,442,train,heuristic,agent_win,10.0,8,53.0,3,Normal,0.05,0.05,1,1582,1067,3.0,3.0,3,1,0
Full,2,443,train,heuristic,player_win,-10.0,11,63.0,3,Normal,0.05,0.05,1,1587,1071,0.0,0.0,5,0,0
Full,2,444,train,heuristic,agent_win,10.0,8,55.0,3,Normal,0.05,0.05,1,1591,1074,3.0,3.0,3,1,0
Full,2,445,train,heuristic,player_win,-10.0,11,65.0,4,Hard,0.05,0.05,1,1596,1078,0.0,0.0,3,1,1
Full,2,446,train,heuristic,agent_win,10.0,12,57.0,3,Normal,0.05,0.05,1,1602,1082,3.0,3.0,3,1,2
Full,2,447,train,heuristic,player_win,-10.0,9,67.0,4,Hard,0.05,0.05,1,1606,1085,0.0,0.0,2,0,2
Full,2,448,train,heuristic,player_win,-10.0,7,77.0,4,Hard,0.05,0.05,1,1609,1086,0.0,0.0,2,0,1
Full,2,449,train,heuristic,player_win,-10.0,5,87.0,5,Expert,0.05,0.05,1,1611,1087,0.0,0.0,2,0,0
Full,2,450,train,heuristic,player_win,-10.0,5,97.0,5,Expert,0.05,0.05,1,1613,1087,0.0,0.0,2,0,0
Full,2,451,train,heuristic,player_win,-10.0,5,100.0,5,Expert,0.05,0.05,1,1615,1087,0.0,0.0,2,0,0
Full,2,452,train,heuristic,player_win,-10.0,7,100.0,5,Expert,0.05,0.05,1,1618,1089,0.0,0.0,3,0,0
Full,2,453,train,heuristic,agent_win,10.0,6,92.0,5,Expert,0.05,0.05,1,1621,1091,3.0,3.0,3,0,0
Full,2,454,train,heuristic,agent_win,10.0,6,84.0,5,Expert,0.05,0.05,1,1624,1092,3.0,3.0,3,0,0
Full,2,455,train,heuristic,agent_win,10.0,6,76.0,4,Hard,0.05,0.05,1,1627,1094,3.0,3.0,3,0,0
Full,2,456,train,heuristic,player_win,-10.0,5,86.0,5,Expert,0.05,0.05,1,1629,1095,0.0,0.0,1,0,1
Full,2,457,train,heuristic,agent_win,10.0,6,78.0,4,Hard,0.05,0.05,1,1632,1096,2.0999999999999996,2.0999999999999996,3,0,0
Full,2,458,train,heuristic,agent_win,10.0,8,70.0,4,Hard,0.05,0.05,1,1636,1096,3.0,3.0,4,0,0
Full,2,459,train,heuristic,agent_win,10.0,8,62.0,3,Normal,0.05,0.05,1,1640,1099,3.0,3.0,4,0,0
Full,2,460,train,heuristic,player_win,-10.0,7,72.0,4,Hard,0.05,0.05,1,1643,1101,0.0,0.0,3,0,0
Full,2,461,train,heuristic,agent_win,10.0,6,64.0,3,Normal,0.05,0.05,1,1646,1102,3.0,3.0,3,0,0
Full,2,462,train,heuristic,agent_win,10.0,6,56.0,3,Normal,0.05,0.05,1,1649,1104,3.0,3.0,2,0,1
Full,2,463,train,heuristic,agent_win,10.0,6,48.0,3,Normal,0.05,0.05,1,1652,1106,3.0,3.0,2,0,1
Full,2,464,train,heuristic,player_win,-10.0,7,58.0,3,Normal,0.05,0.05,1,1655,1108,0.0,0.0,2,0,1
Full,2,465,train,heuristic,agent_win,10.0,8,50.0,3,Normal,0.05,0.05,1,1659,1110,3.0,3.0,3,0,1
Full,2,466,train,heuristic,agent_win,10.0,6,42.0,2,Easy,0.05,0.05500000000000001,1,1662,1110,2.0999999999999996,2.0999999999999996,3,0,0
Full,2,467,train,heuristic,player_win,-10.0,7,52.0,3,Normal,0.05,0.05,1,1665,1112,0.0,0.0,1,0,2
Full,2,468,train,heuristic,agent_win,10.0,8,44.0,2,Easy,0.05,0.05500000000000001,1,1669,1115,3.0,3.0,3,0,1
Full,2,469,train,heuristic,agent_win,10.0,8,36.0,2,Easy,0.05,0.05500000000000001,1,1673,1118,3.0,3.0,1,0,3
Full,2,470,train,heuristic,agent_win,10.0,8,28.0,2,Easy,0.05,0.05500000000000001,1,1677,1121,3.0,3.0,3,0,1
Full,2,471,train,heuristic,player_win,-10.0,11,38.0,2,Easy,0.05,0.05500000000000001,1,1682,1125,0.0,0.0,3,1,1
Full,2,472,train,heuristic,player_win,-10.0,7,48.0,3,Normal,0.05,0.05,1,1685,1127,0.0,0.0,2,0,1
Full,2,473,train,heuristic,agent_win,10.0,8,40.0,2,Easy,0.05,0.05500000000000001,1,1689,1127,2.0999999999999996,2.0999999999999996,3,0,1
Full,2,474,train,heuristic,agent_win,10.0,8,32.0,2,Easy,0.05,0.05500000000000001,1,1693,1127,2.0999999999999996,2.0999999999999996,4,0,0
Full,2,475,train,heuristic,player_win,-10.0,7,42.0,2,Easy,0.05,0.05500000000000001,1,1696,1129,0.0,0.0,2,0,1
Full,2,476,train,heuristic,player_win,-10.0,11,52.0,3,Normal,0.05,0.05,1,1701,1133,0.0,0.0,3,0,2
Full,2,477,train,heuristic,player_win,-10.0,7,62.0,3,Normal,0.05,0.05,1,1704,1135,0.0,0.0,2,0,1
Full,2,478,train,heuristic,player_win,-10.0,11,72.0,4,Hard,0.05,0.05,1,1709,1139,0.0,0.0,4,0,1
Full,2,479,train,heuristic,agent_win,10.0,6,64.0,3,Normal,0.05,0.05,1,1712,1141,3.0,3.0,3,0,0
Full,2,480,train,heuristic,player_win,-10.0,5,74.0,4,Hard,0.05,0.05,1,1714,1142,0.0,0.0,1,0,1
Full,2,481,train,heuristic,player_win,-10.0,5,84.0,5,Expert,0.05,0.05,1,1716,1143,0.0,0.0,2,0,0
Full,2,482,train,heuristic,player_win,-10.0,7,94.0,5,Expert,0.05,0.05,1,1719,1143,0.0,0.0,3,0,0
Full,2,483,train,heuristic,player_win,-10.0,7,100.0,5,Expert,0.05,0.05,1,1722,1145,0.0,0.0,3,0,0
Full,2,484,train,heuristic,agent_win,10.0,6,92.0,5,Expert,0.05,0.05,1,1725,1146,3.0,3.0,3,0,0
Full,2,485,train,heuristic,agent_win,10.0,6,84.0,5,Expert,0.05,0.05,1,1728,1146,2.0999999999999996,2.0999999999999996,3,0,0
Full,2,486,train,heuristic,agent_win,10.0,6,76.0,4,Hard,0.05,0.05,1,1731,1148,3.0,3.0,3,0,0
Full,2,487,train,heuristic,agent_win,10.0,8,68.0,4,Hard,0.05,0.05,1,1735,1149,3.0,3.0,3,0,1
Full,2,488,train,heuristic,player_win,-10.0,9,78.0,4,Hard,0.05,0.05,1,1739,1152,0.0,0.0,4,0,0
Full,2,489,train,heuristic,agent_win,10.0,6,70.0,4,Hard,0.05,0.05,1,1742,1154,3.0,3.0,3,0,0
Full,2,490,train,heuristic,agent_win,10.0,6,62.0,3,Normal,0.05,0.05,1,1745,1154,2.0999999999999996,2.0999999999999996,3,0,0
Full,2,491,train,heuristic,player_win,-10.0,9,72.0,4,Hard,0.05,0.05,1,1749,1157,0.0,0.0,2,0,2
Full,2,492,train,heuristic,agent_win,10.0,6,64.0,3,Normal,0.05,0.05,1,1752,1158,3.0,3.0,2,0,1
Full,2,493,train,heuristic,agent_win,10.0,8,56.0,3,Normal,0.05,0.05,1,1756,1161,3.0,3.0,2,1,1
Full,2,494,train,heuristic,agent_win,10.0,14,48.0,3,Normal,0.05,0.05,1,1763,1164,3.0,3.0,4,1,2
Full,2,495,train,heuristic,agent_win,10.0,6,40.0,2,Easy,0.05,0.05500000000000001,1,1766,1166,3.0,3.0,3,0,0
Full,2,496,train,heuristic,player_win,-10.0,7,50.0,3,Normal,0.05,0.05,1,1769,1168,0.0,0.0,2,0,1
Full,2,497,train,heuristic,agent_win,10.0,10,42.0,2,Easy,0.05,0.05500000000000001,1,1774,1172,3.0,3.0,4,0,1
Full,2,498,train,heuristic,player_win,-10.0,9,52.0,3,Normal,0.05,0.05,1,1778,1175,0.0,0.0,3,0,1
Full,2,499,train,heuristic,agent_win,10.0,8,44.0,2,Easy,0.05,0.05500000000000001,1,1782,1177,3.0,3.0,3,0,1
Full,2,500,train,heuristic,player_win,-10.0,5,54.0,3,Normal,0.05,0.05,1,1784,1178,0.0,0.0,1,0,1
Full,2,501,train,heuristic,agent_win,10.0,8,46.0,3,Normal,0.05,0.05,1,1788,1181,3.0,3.0,3,0,1
Full,2,502,train,heuristic,agent_win,10.0,6,38.0,2,Easy,0.05,0.05500000000000001,1,1791,1183,3.0,3.0,3,0,0
Full,2,503,train,heuristic,agent_win,10.0,8,30.0,2,Easy,0.05,0.05500000000000001,1,1795,1186,3.0,3.0,3,0,1
Full,2,504,train,heuristic,draw,3.0,16,33.0,2,Easy,0.05,0.05500000000000001,1,1803,1193,0.8999999999999999,0.8999999999999999,5,0,3
Full,2,505,train,heuristic,player_win,-10.0,7,43.0,2,Easy,0.05,0.05500000000000001,1,1806,1195,0.0,0.0,2,0,1
Full,2,506,train,heuristic,agent_win,10.0,10,35.0,2,Easy,0.05,0.05500000000000001,1,1811,1199,3.0,3.0,2,0,3
Full,2,507,train,heuristic,agent_win,10.0,6,27.0,2,Easy,0.05,0.05500000000000001,1,1814,1201,3.0,3.0,2,0,1
Full,2,508,train,heuristic,player_win,-10.0,5,37.0,2,Easy,0.05,0.05500000000000001,1,1816,1201,0.0,0.0,2,0,0
Full,2,509,train,heuristic,agent_win,10.0,8,29.0,2,Easy,0.05,0.05500000000000001,1,1820,1203,3.0,3.0,2,0,2
Full,2,510,train,heuristic,player_win,-10.0,7,39.0,2,Easy,0.05,0.05500000000000001,1,1823,1205,0.0,0.0,2,0,1
Full,2,511,train,heuristic,player_win,-10.0,9,49.0,3,Normal,0.05,0.05,1,1827,1207,0.0,0.0,2,0,2
Full,2,512,train,heuristic,agent_win,10.0,8,41.0,2,Easy,0.05,0.05500000000000001,1,1831,1210,3.0,3.0,2,1,1
Full,2,513,train,heuristic,player_win,-10.0,7,51.0,3,Normal,0.05,0.05,1,1834,1211,0.0,0.0,2,0,1
Full,2,514,train,heuristic,agent_win,10.0,6,43.0,2,Easy,0.05,0.05500000000000001,1,1837,1212,3.0,3.0,2,0,1
Full,2,515,train,heuristic,player_win,-10.0,7,53.0,3,Normal,0.05,0.05,1,1840,1213,0.0,0.0,2,0,1
Full,2,516,train,heuristic,player_win,-10.0,5,63.0,3,Normal,0.05,0.05,1,1842,1213,0.0,0.0,2,0,0
Full,2,517,train,heuristic,agent_win,10.0,10,55.0,3,Normal,0.05,0.05,1,1847,1217,3.0,3.0,3,0,2
Full,2,518,train,heuristic,player_win,-10.0,9,65.0,4,Hard,0.05,0.05,1,1851,1219,0.0,0.0,2,0,2
Full,2,519,train,heuristic,agent_win,10.0,6,57.0,3,Normal,0.05,0.05,1,1854,1219,2.0999999999999996,2.0999999999999996,2,0,1
Full,2,520,train,heuristic,player_win,-10.0,7,67.0,4,Hard,0.05,0.05,1,1857,1221,0.0,0.0,3,0,0
Full,2,521,train,heuristic,agent_win,10.0,6,59.0,3,Normal,0.05,0.05,1,1860,1221,2.0999999999999996,2.0999999999999996,3,0,0
Full,2,522,train,heuristic,player_win,-10.0,9,69.0,4,Hard,0.05,0.05,1,1864,1224,0.0,0.0,2,0,2
Full,2,523,train,heuristic,agent_win,10.0,8,61.0,3,Normal,0.05,0.05,1,1868,1226,3.0,3.0,4,0,0
Full,2,524,train,heuristic,agent_win,10.0,6,53.0,3,Normal,0.05,0.05,1,1871,1227,2.0999999999999996,2.0999999999999996,2,0,1
Full,2,525,train,heuristic,player_win,-10.0,9,63.0,3,Normal,0.05,0.05,1,1875,1230,0.0,0.0,1,0,3
Full,2,526,train,heuristic,agent_win,10.0,8,55.0,3,Normal,0.05,0.05,1,1879,1232,3.0,3.0,2,0,2
Full,2,527,train,heuristic,player_win,-10.0,11,65.0,4,Hard,0.05,0.05,1,1884,1236,0.0,0.0,2,0,3
Full,2,528,train,heuristic,agent_win,10.0,6,57.0,3,Normal,0.05,0.05,1,1887,1237,3.0,3.0,3,0,0
Full,2,529,train,heuristic,agent_win,10.0,8,49.0,3,Normal,0.05,0.05,1,1891,1240,3.0,3.0,3,0,1
Full,2,530,train,heuristic,player_win,-10.0,7,59.0,3,Normal,0.05,0.05,1,1894,1242,0.0,0.0,2,0,1
Full,2,531,train,heuristic,agent_win,10.0,8,51.0,3,Normal,0.05,0.05,1,1898,1245,3.0,3.0,3,0,1
Full,2,532,train,heuristic,player_win,-10.0,9,61.0,3,Normal,0.05,0.05,1,1902,1247,0.0,0.0,2,0,2
Full,2,533,train,heuristic,agent_win,10.0,8,53.0,3,Normal,0.05,0.05,1,1906,1250,3.0,3.0,4,0,0
Full,2,534,train,heuristic,player_win,-10.0,7,63.0,3,Normal,0.05,0.05,1,1909,1252,0.0,0.0,2,0,1
Full,2,535,train,heuristic,player_win,-10.0,5,73.0,4,Hard,0.05,0.05,1,1911,1252,0.0,0.0,2,0,0
Full,2,536,train,heuristic,agent_win,10.0,10,65.0,4,Hard,0.05,0.05,1,1916,1256,3.0,3.0,4,0,1
Full,2,537,train,heuristic,player_win,-10.0,7,75.0,4,Hard,0.05,0.05,1,1919,1256,0.0,0.0,3,0,0
Full,2,538,train,heuristic,agent_win,10.0,6,67.0,4,Hard,0.05,0.05,1,1922,1258,3.0,3.0,3,0,0
Full,2,539,train,heuristic,player_win,-10.0,7,77.0,4,Hard,0.05,0.05,1,1925,1260,0.0,0.0,3,0,0
Full,2,540,train,heuristic,agent_win,10.0,8,69.0,4,Hard,0.05,0.05,1,1929,1263,3.0,3.0,3,0,1
Full,2,541,train,heuristic,agent_win,10.0,6,61.0,3,Normal,0.05,0.05,1,1932,1265,3.0,3.0,3,0,0
Full,2,542,train,heuristic,player_win,-10.0,7,71.0,4,Hard,0.05,0.05,1,1935,1267,0.0,0.0,3,0,0
Full,2,543,train,heuristic,player_win,-10.0,7,81.0,5,Expert,0.05,0.05,1,1938,1268,0.0,0.0,2,0,1
Full,2,544,train,heuristic,agent_win,10.0,6,73.0,4,Hard,0.05,0.05,1,1941,1270,3.0,3.0,3,0,0
Full,2,545,train,heuristic,agent_win,10.0,6,65.0,4,Hard,0.05,0.05,1,1944,1272,3.0,3.0,3,0,0
Full,2,546,train,heuristic,agent_win,10.0,6,57.0,3,Normal,0.05,0.05,1,1947,1273,3.0,3.0,3,0,0
Full,2,547,train,heuristic,player_win,-10.0,5,67.0,4,Hard,0.05,0.05,1,1949,1274,0.0,0.0,2,0,0
Full,2,548,train,heuristic,player_win,-10.0,5,77.0,4,Hard,0.05,0.05,1,1951,1274,0.0,0.0,2,0,0
Full,2,549,train,heuristic,agent_win,10.0,8,69.0,4,Hard,0.05,0.05,1,1955,1277,3.0,3.0,4,0,0
Full,2,550,train,heuristic,agent_win,10.0,6,61.0,3,Normal,0.05,0.05,1,1958,1279,3.0,3.0,3,0,0
Full,2,551,train,heuristic,agent_win,10.0,6,53.0,3,Normal,0.05,0.05,1,1961,1281,3.0,3.0,3,0,0
Full,2,552,train,heuristic,agent_win,10.0,6,45.0,3,Normal,0.05,0.05,1,1964,1281,2.0999999999999996,2.0999999999999996,2,0,1
Full,2,553,train,heuristic,agent_win,10.0,8,37.0,2,Easy,0.05,0.05500000000000001,1,1968,1284,3.0,3.0,4,0,0
Full,2,554,train,heuristic,player_win,-10.0,5,47.0,3,Normal,0.05,0.05,1,1970,1284,0.0,0.0,2,0,0
Full,2,555,train,heuristic,player_win,-10.0,5,57.0,3,Normal,0.05,0.05,1,1972,1285,0.0,0.0,1,0,1
Full,2,556,train,heuristic,player_win,-10.0,7,67.0,4,Hard,0.05,0.05,1,1975,1287,0.0,0.0,2,0,1
Full,2,557,train,heuristic,player_win,-10.0,7,77.0,4,Hard,0.05,0.05,1,1978,1288,0.0,0.0,2,0,1
Full,2,558,train,heuristic,agent_win,10.0,6,69.0,4,Hard,0.05,0.05,1,1981,1288,1.4699999999999998,1.4699999999999998,3,0,0
Full,2,559,train,heuristic,agent_win,10.0,6,61.0,3,Normal,0.05,0.05,1,1984,1290,3.0,3.0,3,0,0
Full,2,560,train,heuristic,player_win,-10.0,9,71.0,4,Hard,0.05,0.05,1,1988,1293,0.0,0.0,2,0,2
Full,2,561,train,heuristic,agent_win,10.0,8,63.0,3,Normal,0.05,0.05,1,1992,1296,3.0,3.0,3,0,1
Full,2,562,train,heuristic,agent_win,10.0,8,55.0,3,Normal,0.05,0.05,1,1996,1299,3.0,3.0,2,0,2
Full,2,563,train,heuristic,agent_win,10.0,14,47.0,3,Normal,0.05,0.05,1,2003,1305,3.0,3.0,6,0,1
Full,2,564,train,heuristic,player_win,-10.0,7,57.0,3,Normal,0.05,0.05,1,2006,1307,0.0,0.0,1,0,2
Full,2,565,train,heuristic,player_win,-10.0,7,67.0,4,Hard,0.05,0.05,1,2009,1309,0.0,0.0,2,0,1
Full,2,566,train,heuristic,agent_win,10.0,6,59.0,3,Normal,0.05,0.05,1,2012,1311,3.0,3.0,3,0,0
Full,2,567,train,heuristic,player_win,-10.0,5,69.0,4,Hard,0.05,0.05,1,2014,1311,0.0,0.0,1,0,1
Full,2,568,train,heuristic,player_win,-10.0,7,79.0,4,Hard,0.05,0.05,1,2017,1312,0.0,0.0,2,0,1
Full,2,569,train,heuristic,agent_win,10.0,6,71.0,4,Hard,0.05,0.05,1,2020,1314,3.0,3.0,3,0,0
Full,2,570,train,heuristic,agent_win,10.0,6,63.0,3,Normal,0.05,0.05,1,2023,1315,3.0,3.0,3,0,0
Full,2,571,train,heuristic,agent_win,10.0,12,55.0,3,Normal,0.05,0.05,1,2029,1320,3.0,3.0,3,1,2
Full,2,572,train,heuristic,agent_win,10.0,10,47.0,3,Normal,0.05,0.05,1,2034,1323,3.0,3.0,4,0,1
Full,2,573,train,heuristic,agent_win,10.0,6,39.0,2,Easy,0.05,0.05500000000000001,1,2037,1323,2.0999999999999996,2.0999999999999996,2,0,1
Full,2,574,train,heuristic,agent_win,10.0,8,31.0,2,Easy,0.05,0.05500000000000001,1,2041,1326,3.0,3.0,2,0,2
Full,2,575,train,heuristic,player_win,-10.0,9,41.0,2,Easy,0.05,0.05500000000000001,1,2045,1328,0.0,0.0,1,0,3
Full,2,576,train,heuristic,agent_win,10.0,10,33.0,2,Easy,0.05,0.05500000000000001,1,2050,1332,3.0,3.0,4,0,1
Full,2,577,train,heuristic,player_win,-10.0,7,43.0,2,Easy,0.05,0.05500000000000001,1,2053,1333,0.0,0.0,2,0,1
Full,2,578,train,heuristic,player_win,-10.0,9,53.0,3,Normal,0.05,0.05,1,2057,1336,0.0,0.0,2,0,2
Full,2,579,train,heuristic,agent_win,10.0,6,45.0,3,Normal,0.05,0.05,1,2060,1337,3.0,3.0,3,0,0
Full,2,580,train,heuristic,agent_win,10.0,8,37.0,2,Easy,0.05,0.05500000000000001,1,2064,1339,3.0,3.0,2,0,2
Full,2,581,train,heuristic,agent_win,10.0,12,29.0,2,Easy,0.05,0.05500000000000001,1,2070,1344,3.0,3.0,3,0,3
Full,2,582,train,heuristic,player_win,-10.0,13,39.0,2,Easy,0.05,0.05500000000000001,1,2076,1349,0.0,0.0,4,0,2
Full,2,583,train,heuristic,player_win,-10.0,5,49.0,3,Normal,0.05,0.05,1,2078,1350,0.0,0.0,1,0,1
Full,2,584,train,heuristic,player_win,-10.0,7,59.0,3,Normal,0.05,0.05,1,2081,1352,0.0,0.0,2,0,1
Full,2,585,train,heuristic,player_win,-10.0,7,69.0,4,Hard,0.05,0.05,1,2084,1352,0.0,0.0,3,0,0
Full,2,586,train,heuristic,player_win,-10.0,5,79.0,4,Hard,0.05,0.05,1,2086,1353,0.0,0.0,1,0,1
Full,2,587,train,heuristic,player_win,-10.0,5,89.0,5,Expert,0.05,0.05,1,2088,1353,0.0,0.0,2,0,0
Full,2,588,train,heuristic,agent_win,10.0,6,81.0,5,Expert,0.05,0.05,1,2091,1354,3.0,3.0,3,0,0
Full,2,589,train,heuristic,agent_win,10.0,6,73.0,4,Hard,0.05,0.05,1,2094,1356,3.0,3.0,3,0,0
Full,2,590,train,heuristic,agent_win,10.0,6,65.0,4,Hard,0.05,0.05,1,2097,1358,3.0,3.0,3,0,0
Full,2,591,train,heuristic,player_win,-10.0,5,75.0,4,Hard,0.05,0.05,1,2099,1359,0.0,0.0,2,0,0
Full,2,592,train,heuristic,agent_win,10.0,8,67.0,4,Hard,0.05,0.05,1,2103,1362,3.0,3.0,3,0,1
Full,2,593,train,heuristic,agent_win,10.0,8,59.0,3,Normal,0.05,0.05,1,2107,1364,3.0,3.0,4,0,0
Full,2,594,train,heuristic,agent_win,10.0,10,51.0,3,Normal,0.05,0.05,1,2112,1368,3.0,3.0,2,0,3
Full,2,595,train,heuristic,player_win,-10.0,9,61.0,3,Normal,0.05,0.05,1,2116,1371,0.0,0.0,2,0,2
Full,2,596,train,heuristic,player_win,-10.0,7,71.0,4,Hard,0.05,0.05,1,2119,1372,0.0,0.0,2,0,1
Full,2,597,train,heuristic,agent_win,10.0,8,63.0,3,Normal,0.05,0.05,1,2123,1375,3.0,3.0,3,0,1
Full,2,598,train,heuristic,agent_win,10.0,6,55.0,3,Normal,0.05,0.05,1,2126,1375,2.0999999999999996,2.0999999999999996,2,0,1
Full,2,599,train,heuristic,player_win,-10.0,9,65.0,4,Hard,0.05,0.05,1,2130,1378,0.0,0.0,2,0,2
Full,2,600,train,heuristic,player_win,-10.0,5,75.0,4,Hard,0.05,0.05,1,2132,1379,0.0,0.0,1,0,1
Full,2,601,train,heuristic,player_win,-10.0,7,85.0,5,Expert,0.05,0.05,1,2135,1379,0.0,0.0,2,0,1
Full,2,602,train,heuristic,agent_win,10.0,6,77.0,4,Hard,0.05,0.05,1,2138,1379,2.0999999999999996,2.0999999999999996,3,0,0
Full,2,603,train,heuristic,agent_win,10.0,6,69.0,4,Hard,0.05,0.05,1,2141,1381,3.0,3.0,3,0,0
Full,2,604,train,heuristic,agent_win,10.0,6,61.0,3,Normal,0.05,0.05,1,2144,1383,3.0,3.0,2,0,1
Full,2,605,train,heuristic,agent_win,10.0,8,53.0,3,Normal,0.05,0.05,1,2148,1386,3.0,3.0,3,0,1
Full,2,606,train,heuristic,player_win,-10.0,7,63.0,3,Normal,0.05,0.05,1,2151,1388,0.0,0.0,2,0,1
Full,2,607,train,heuristic,agent_win,10.0,6,55.0,3,Normal,0.05,0.05,1,2154,1390,3.0,3.0,2,0,1
Full,2,608,train,heuristic,player_win,-10.0,9,65.0,4,Hard,0.05,0.05,1,2158,1393,0.0,0.0,3,0,1
Full,2,609,train,heuristic,player_win,-10.0,7,75.0,4,Hard,0.05,0.05,1,2161,1395,0.0,0.0,2,0,1
Full,2,610,train,heuristic,player_win,-10.0,5,85.0,5,Expert,0.05,0.05,1,2163,1395,0.0,0.0,1,0,1
Full,2,611,train,heuristic,player_win,-10.0,9,95.0,5,Expert,0.05,0.05,1,2167,1395,0.0,0.0,4,0,0
Full,2,612,train,heuristic,agent_win,10.0,6,87.0,5,Expert,0.05,0.05,1,2170,1397,3.0,3.0,3,0,0
Full,2,613,train,heuristic,agent_win,10.0,8,79.0,4,Hard,0.05,0.05,1,2174,1399,2.0999999999999996,2.0999999999999996,3,0,1
Full,2,614,train,heuristic,player_win,-10.0,9,89.0,5,Expert,0.05,0.05,1,2178,1402,0.0,0.0,3,0,1
Full,2,615,train,heuristic,player_win,-10.0,5,99.0,5,Expert,0.05,0.05,1,2180,1402,0.0,0.0,2,0,0
Full,2,616,train,heuristic,agent_win,10.0,8,91.0,5,Expert,0.05,0.05,1,2184,1404,3.0,3.0,4,0,0
Full,2,617,train,heuristic,agent_win,10.0,6,83.0,5,Expert,0.05,0.05,1,2187,1405,3.0,3.0,3,0,0
Full,2,618,train,heuristic,agent_win,10.0,8,75.0,4,Hard,0.05,0.05,1,2191,1406,3.0,3.0,3,0,1
Full,2,619,train,heuristic,agent_win,10.0,8,67.0,4,Hard,0.05,0.05,1,2195,1408,3.0,3.0,2,0,2
Full,2,620,train,heuristic,agent_win,10.0,6,59.0,3,Normal,0.05,0.05,1,2198,1410,3.0,3.0,3,0,0
Full,2,621,train,heuristic,player_win,-10.0,7,69.0,4,Hard,0.05,0.05,1,2201,1411,0.0,0.0,2,0,1
Full,2,622,train,heuristic,player_win,-10.0,9,79.0,4,Hard,0.05,0.05,1,2205,1414,0.0,0.0,2,0,2
Full,2,623,train,heuristic,agent_win,10.0,6,71.0,4,Hard,0.05,0.05,1,2208,1415,2.0999999999999996,2.0999999999999996,3,0,0
Full,2,624,train,heuristic,agent_win,10.0,8,63.0,3,Normal,0.05,0.05,1,2212,1415,3.0,3.0,4,0,0
Full,2,625,train,heuristic,agent_win,10.0,6,55.0,3,Normal,0.05,0.05,1,2215,1417,3.0,3.0,3,0,0
Full,2,626,train,heuristic,agent_win,10.0,10,47.0,3,Normal,0.05,0.05,1,2220,1421,3.0,3.0,4,0,1
Full,2,627,train,heuristic,player_win,-10.0,7,57.0,3,Normal,0.05,0.05,1,2223,1423,0.0,0.0,2,0,1
Full,2,628,train,heuristic,player_win,-10.0,7,67.0,4,Hard,0.05,0.05,1,2226,1425,0.0,0.0,3,0,0
Full,2,629,train,heuristic,agent_win,10.0,6,59.0,3,Normal,0.05,0.05,1,2229,1426,2.0999999999999996,2.0999999999999996,3,0,0
Full,2,630,train,heuristic,agent_win,10.0,8,51.0,3,Normal,0.05,0.05,1,2233,1427,3.0,3.0,4,0,0
Full,2,631,train,heuristic,player_win,-10.0,7,61.0,3,Normal,0.05,0.05,1,2236,1429,0.0,0.0,2,0,1
Full,2,632,train,heuristic,player_win,-10.0,7,71.0,4,Hard,0.05,0.05,1,2239,1431,0.0,0.0,2,0,1
Full,2,633,train,heuristic,agent_win,10.0,8,63.0,3,Normal,0.05,0.05,1,2243,1432,3.0,3.0,4,0,0
Full,2,634,train,heuristic,player_win,-10.0,7,73.0,4,Hard,0.05,0.05,1,2246,1434,0.0,0.0,2,0,1
Full,2,635,train,heuristic,agent_win,10.0,6,65.0,4,Hard,0.05,0.05,1,2249,1435,3.0,3.0,3,0,0
Full,2,636,train,heuristic,player_win,-10.0,11,75.0,4,Hard,0.05,0.05,1,2254,1436,0.0,0.0,4,0,1
Full,2,637,train,heuristic,agent_win,10.0,6,67.0,4,Hard,0.05,0.05,1,2257,1436,2.0999999999999996,2.0999999999999996,3,0,0
Full,2,638,train,heuristic,agent_win,10.0,6,59.0,3,Normal,0.05,0.05,1,2260,1436,1.4699999999999998,1.4699999999999998,3,0,0
Full,2,639,train,heuristic,agent_win,10.0,8,51.0,3,Normal,0.05,0.05,1,2264,1438,3.0,3.0,3,0,1
Full,2,640,train,heuristic,player_win,-10.0,9,61.0,3,Normal,0.05,0.05,1,2268,1440,0.0,0.0,3,0,1
Full,2,641,train,heuristic,player_win,-10.0,5,71.0,4,Hard,0.05,0.05,1,2270,1441,0.0,0.0,1,0,1
Full,2,642,train,heuristic,agent_win,10.0,6,63.0,3,Normal,0.05,0.05,1,2273,1442,3.0,3.0,2,0,1
Full,2,643,train,heuristic,agent_win,10.0,6,55.0,3,Normal,0.05,0.05,1,2276,1442,2.0999999999999996,2.0999999999999996,2,0,1
Full,2,644,train,heuristic,agent_win,10.0,8,47.0,3,Normal,0.05,0.05,1,2280,1445,3.0,3.0,2,1,1
Full,2,645,train,heuristic,player_win,-10.0,7,57.0,3,Normal,0.05,0.05,1,2283,1447,0.0,0.0,2,0,1
Full,2,646,train,heuristic,player_win,-10.0,7,67.0,4,Hard,0.05,0.05,1,2286,1449,0.0,0.0,2,0,1
Full,2,647,train,heuristic,agent_win,10.0,6,59.0,3,Normal,0.05,0.05,1,2289,1450,3.0,3.0,3,0,0
Full,2,648,train,heuristic,player_win,-10.0,9,69.0,4,Hard,0.05,0.05,1,2293,1452,0.0,0.0,3,0,1
Full,2,649,train,heuristic,player_win,-10.0,9,79.0,4,Hard,0.05,0.05,1,2297,1454,0.0,0.0,3,0,1
Full,2,650,train,heuristic,agent_win,10.0,6,71.0,4,Hard,0.05,0.05,1,2300,1456,3.0,3.0,2,0,1
Full,2,651,train,heuristic,agent_win,10.0,8,63.0,3,Normal,0.05,0.05,1,2304,1458,3.0,3.0,4,0,0
Full,2,652,train,heuristic,agent_win,10.0,6,55.0,3,Normal,0.05,0.05,1,2307,1460,3.0,3.0,3,0,0
Full,2,653,train,heuristic,agent_win,10.0,8,47.0,3,Normal,0.05,0.05,1,2311,1463,3.0,3.0,2,0,2
Full,2,654,train,heuristic,player_win,-10.0,7,57.0,3,Normal,0.05,0.05,1,2314,1465,0.0,0.0,2,0,1
Full,2,655,train,heuristic,agent_win,10.0,8,49.0,3,Normal,0.05,0.05,1,2318,1467,3.0,3.0,3,0,1
Full,2,656,train,heuristic,agent_win,10.0,6,41.0,2,Easy,0.05,0.05500000000000001,1,2321,1467,2.0999999999999996,2.0999999999999996,3,0,0
Full,2,657,train,heuristic,agent_win,10.0,10,33.0,2,Easy,0.05,0.05500000000000001,1,2326,1471,3.0,3.0,2,0,3
Full,2,658,train,heuristic,player_win,-10.0,5,43.0,2,Easy,0.05,0.05500000000000001,1,2328,1472,0.0,0.0,1,0,1
Full,2,659,train,heuristic,player_win,-10.0,9,53.0,3,Normal,0.05,0.05,1,2332,1475,0.0,0.0,1,0,3
Full,2,660,train,heuristic,agent_win,10.0,6,45.0,3,Normal,0.05,0.05,1,2335,1476,2.0999999999999996,2.0999999999999996,3,0,0
Full,2,661,train,heuristic,player_win,-10.0,7,55.0,3,Normal,0.05,0.05,1,2338,1476,0.0,0.0,2,0,1
Full,2,662,train,heuristic,player_win,-10.0,7,65.0,4,Hard,0.05,0.05,1,2341,1477,0.0,0.0,2,0,1
Full,2,663,train,heuristic,agent_win,10.0,6,57.0,3,Normal,0.05,0.05,1,2344,1477,1.029,1.029,3,0,0
Full,2,664,train,heuristic,agent_win,10.0,6,49.0,3,Normal,0.05,0.05,1,2347,1478,3.0,3.0,3,0,0
Full,2,665,train,heuristic,player_win,-10.0,7,59.0,3,Normal,0.05,0.05,1,2350,1480,0.0,0.0,1,0,2
Full,2,666,train,heuristic,agent_win,10.0,6,51.0,3,Normal,0.05,0.05,1,2353,1480,2.0999999999999996,2.0999999999999996,2,0,1
Full,2,667,train,heuristic,player_win,-10.0,7,61.0,3,Normal,0.05,0.05,1,2356,1480,0.0,0.0,2,0,1
Full,2,668,train,heuristic,player_win,-10.0,7,71.0,4,Hard,0.05,0.05,1,2359,1481,0.0,0.0,1,0,2
Full,2,669,train,heuristic,agent_win,10.0,6,63.0,3,Normal,0.05,0.05,1,2362,1483,3.0,3.0,3,0,0
Full,2,670,train,heuristic,player_win,-10.0,7,73.0,4,Hard,0.05,0.05,1,2365,1483,0.0,0.0,2,0,1
Full,2,671,train,heuristic,agent_win,10.0,6,65.0,4,Hard,0.05,0.05,1,2368,1485,3.0,3.0,3,0,0
Full,2,672,train,heuristic,agent_win,10.0,8,57.0,3,Normal,0.05,0.05,1,2372,1487,3.0,3.0,3,0,1
Full,2,673,train,heuristic,player_win,-10.0,7,67.0,4,Hard,0.05,0.05,1,2375,1489,0.0,0.0,2,0,1
Full,2,674,train,heuristic,agent_win,10.0,8,59.0,3,Normal,0.05,0.05,1,2379,1491,3.0,3.0,3,0,1
Full,2,675,train,heuristic,agent_win,10.0,12,51.0,3,Normal,0.05,0.05,1,2385,1496,3.0,3.0,4,1,1
Full,2,676,train,heuristic,player_win,-10.0,9,61.0,3,Normal,0.05,0.05,1,2389,1499,0.0,0.0,4,0,0
Full,2,677,train,heuristic,player_win,-10.0,9,71.0,4,Hard,0.05,0.05,1,2393,1502,0.0,0.0,2,0,2
Full,2,678,train,heuristic,agent_win,10.0,6,63.0,3,Normal,0.05,0.05,1,2396,1502,2.0999999999999996,2.0999999999999996,3,0,0
Full,2,679,train,heuristic,agent_win,10.0,10,55.0,3,Normal,0.05,0.05,1,2401,1506,3.0,3.0,3,0,2
Full,2,680,train,heuristic,player_win,-10.0,9,65.0,4,Hard,0.05,0.05,1,2405,1509,0.0,0.0,3,0,1
Full,2,681,train,heuristic,agent_win,10.0,6,57.0,3,Normal,0.05,0.05,1,2408,1510,3.0,3.0,3,0,0
Full,2,682,train,heuristic,agent_win,10.0,8,49.0,3,Normal,0.05,0.05,1,2412,1513,3.0,3.0,2,0,2
Full,2,683,train,heuristic,player_win,-10.0,7,59.0,3,Normal,0.05,0.05,1,2415,1515,0.0,0.0,2,0,1
Full,2,684,train,heuristic,agent_win,10.0,6,51.0,3,Normal,0.05,0.05,1,2418,1517,3.0,3.0,2,1,0
Full,2,685,train,heuristic,player_win,-10.0,5,61.0,3,Normal,0.05,0.05,1,2420,1518,0.0,0.0,1,0,1
Full,2,686,train,heuristic,agent_win,10.0,6,53.0,3,Normal,0.05,0.05,1,2423,1519,3.0,3.0,3,0,0
Full,2,687,train,heuristic,agent_win,10.0,6,45.0,3,Normal,0.05,0.05,1,2426,1521,3.0,3.0,2,0,1
Full,2,688,train,heuristic,agent_win,10.0,8,37.0,2,Easy,0.05,0.05500000000000001,1,2430,1524,3.0,3.0,2,0,2
Full,2,689,train,heuristic,agent_win,10.0,6,29.0,2,Easy,0.05,0.05500000000000001,1,2433,1526,3.0,3.0,3,0,0
Full,2,690,train,heuristic,agent_win,10.0,10,21.0,1,Very Easy,0.05,0.0675,1,2438,1530,3.0,3.0,3,0,2
Full,2,691,train,heuristic,player_win,-10.0,9,31.0,2,Easy,0.05,0.05500000000000001,1,2442,1532,0.0,0.0,2,0,2
Full,2,692,train,heuristic,player_win,-10.0,7,41.0,2,Easy,0.05,0.05500000000000001,1,2445,1534,0.0,0.0,2,0,1
Full,2,693,train,heuristic,player_win,-10.0,7,51.0,3,Normal,0.05,0.05,1,2448,1534,0.0,0.0,2,0,1
Full,2,694,train,heuristic,player_win,-10.0,13,61.0,3,Normal,0.05,0.05,1,2454,1539,0.0,0.0,4,0,2
Full,2,695,train,heuristic,agent_win,10.0,6,53.0,3,Normal,0.05,0.05,1,2457,1540,3.0,3.0,3,0,0
Full,2,696,train,heuristic,player_win,-10.0,7,63.0,3,Normal,0.05,0.05,1,2460,1541,0.0,0.0,2,0,1
Full,2,697,train,heuristic,player_win,-10.0,9,73.0,4,Hard,0.05,0.05,1,2464,1544,0.0,0.0,1,1,2
Full,2,698,train,heuristic,agent_win,10.0,6,65.0,4,Hard,0.05,0.05,1,2467,1545,2.0999999999999996,2.0999999999999996,3,0,0
Full,2,699,train,heuristic,agent_win,10.0,6,57.0,3,Normal,0.05,0.05,1,2470,1547,3.0,3.0,3,0,0
Full,2,700,train,heuristic,player_win,-10.0,13,67.0,4,Hard,0.05,0.05,1,2476,1552,0.0,0.0,5,0,1
Full,2,701,train,heuristic,agent_win,10.0,6,59.0,3,Normal,0.05,0.05,1,2479,1553,3.0,3.0,3,0,0
Full,2,702,train,heuristic,agent_win,10.0,8,51.0,3,Normal,0.05,0.05,1,2483,1555,3.0,3.0,2,0,2
Full,2,703,train,heuristic,player_win,-10.0,9,61.0,3,Normal,0.05,0.05,1,2487,1557,0.0,0.0,2,0,2
Full,2,704,train,heuristic,player_win,-10.0,7,71.0,4,Hard,0.05,0.05,1,2490,1559,0.0,0.0,2,0,1
Full,2,705,train,heuristic,agent_win,10.0,8,63.0,3,Normal,0.05,0.05,1,2494,1560,3.0,3.0,4,0,0
Full,2,706,train,heuristic,player_win,-10.0,9,73.0,4,Hard,0.05,0.05,1,2498,1563,0.0,0.0,2,0,2
Full,2,707,train,heuristic,player_win,-10.0,9,83.0,5,Expert,0.05,0.05,1,2502,1566,0.0,0.0,2,0,2
Full,2,708,train,heuristic,agent_win,10.0,6,75.0,4,Hard,0.05,0.05,1,2505,1567,3.0,3.0,3,0,0
Full,2,709,train,heuristic,agent_win,10.0,6,67.0,4,Hard,0.05,0.05,1,2508,1568,3.0,3.0,3,0,0
Full,2,710,train,heuristic,agent_win,10.0,6,59.0,3,Normal,0.05,0.05,1,2511,1569,3.0,3.0,2,0,1
Full,2,711,train,heuristic,agent_win,10.0,8,51.0,3,Normal,0.05,0.05,1,2515,1571,3.0,3.0,3,0,1
Full,2,712,train,heuristic,agent_win,10.0,8,43.0,2,Easy,0.05,0.05500000000000001,1,2519,1574,3.0,3.0,3,0,1
Full,2,713,train,heuristic,agent_win,10.0,6,35.0,2,Easy,0.05,0.05500000000000001,1,2522,1574,2.0999999999999996,2.0999999999999996,3,0,0
Full,2,714,train,heuristic,agent_win,10.0,8,27.0,2,Easy,0.05,0.05500000000000001,1,2526,1577,3.0,3.0,3,0,1
Full,2,715,train,heuristic,agent_win,10.0,8,19.0,1,Very Easy,0.05,0.0675,1,2530,1579,3.0,3.0,2,0,2
Full,2,716,train,heuristic,agent_win,10.0,10,11.0,1,Very Easy,0.05,0.0675,1,2535,1582,3.0,3.0,4,0,1
Full,2,717,train,heuristic,player_win,-10.0,9,21.0,1,Very Easy,0.05,0.0675,1,2539,1585,0.0,0.0,2,0,2
Full,2,718,train,heuristic,player_win,-10.0,5,31.0,2,Easy,0.05,0.05500000000000001,1,2541,1586,0.0,0.0,1,0,1
Full,2,719,train,heuristic,agent_win,10.0,10,23.0,1,Very Easy,0.05,0.0675,1,2546,1590,3.0,3.0,3,0,2
Full,2,720,train,heuristic,player_win,-10.0,5,33.0,2,Easy,0.05,0.05500000000000001,1,2548,1591,0.0,0.0,1,0,1
Full,2,721,train,heuristic,agent_win,10.0,6,25.0,2,Easy,0.05,0.05500000000000001,1,2551,1592,3.0,3.0,2,0,1
Full,2,722,train,heuristic,player_win,-10.0,7,35.0,2,Easy,0.05,0.05500000000000001,1,2554,1593,0.0,0.0,2,0,1
Full,2,723,train,heuristic,player_win,-10.0,5,45.0,3,Normal,0.05,0.05,1,2556,1594,0.0,0.0,1,0,1
Full,2,724,train,heuristic,agent_win,10.0,8,37.0,2,Easy,0.05,0.05500000000000001,1,2560,1596,3.0,3.0,4,0,0
Full,2,725,train,heuristic,player_win,-10.0,11,47.0,3,Normal,0.05,0.05,1,2565,1600,0.0,0.0,3,0,2
Full,2,726,train,heuristic,agent_win,10.0,8,39.0,2,Easy,0.05,0.05500000000000001,1,2569,1601,3.0,3.0,3,0,1
Full,2,727,train,heuristic,agent_win,10.0,10,31.0,2,Easy,0.05,0.05500000000000001,1,2574,1604,3.0,3.0,2,1,2
Full,2,728,train,heuristic,player_win,-10.0,9,41.0,2,Easy,0.05,0.05500000000000001,1,2578,1607,0.0,0.0,3,0,1
Full,2,729,train,heuristic,agent_win,10.0,6,33.0,2,Easy,0.05,0.05500000000000001,1,2581,1609,3.0,3.0,2,0,1
Full,2,730,train,heuristic,player_win,-10.0,5,43.0,2,Easy,0.05,0.05500000000000001,1,2583,1610,0.0,0.0,1,0,1
Full,2,731,train,heuristic,agent_win,10.0,8,35.0,2,Easy,0.05,0.05500000000000001,1,2587,1613,3.0,3.0,3,0,1
Full,2,732,train,heuristic,player_win,-10.0,7,45.0,3,Normal,0.05,0.05,1,2590,1615,0.0,0.0,2,0,1
Full,2,733,train,heuristic,player_win,-10.0,7,55.0,3,Normal,0.05,0.05,1,2593,1616,0.0,0.0,2,0,1
Full,2,734,train,heuristic,agent_win,10.0,8,47.0,3,Normal,0.05,0.05,1,2597,1618,3.0,3.0,3,0,1
Full,2,735,train,heuristic,agent_win,10.0,12,39.0,2,Easy,0.05,0.05500000000000001,1,2603,1623,3.0,3.0,4,0,2
Full,2,736,train,heuristic,agent_win,10.0,8,31.0,2,Easy,0.05,0.05500000000000001,1,2607,1625,3.0,3.0,3,0,1
Full,2,737,train,heuristic,agent_win,10.0,6,23.0,1,Very Easy,0.05,0.0675,1,2610,1625,2.0999999999999996,2.0999999999999996,2,0,1
Full,2,738,train,heuristic,agent_win,10.0,8,15.0,1,Very Easy,0.05,0.0675,1,2614,1627,3.0,3.0,1,0,3
Full,2,739,train,heuristic,agent_win,10.0,8,7.0,1,Very Easy,0.05,0.0675,1,2618,1630,3.0,3.0,3,0,1
Full,2,740,train,heuristic,player_win,-10.0,7,17.0,1,Very Easy,0.05,0.0675,1,2621,1632,0.0,0.0,1,0,2
Full,2,741,train,heuristic,player_win,-10.0,5,27.0,2,Easy,0.05,0.05500000000000001,1,2623,1633,0.0,0.0,1,0,1
Full,2,742,train,heuristic,player_win,-10.0,7,37.0,2,Easy,0.05,0.05500000000000001,1,2626,1635,0.0,0.0,2,0,1
Full,2,743,train,heuristic,agent_win,10.0,8,29.0,2,Easy,0.05,0.05500000000000001,1,2630,1637,3.0,3.0,3,0,1
Full,2,744,train,heuristic,player_win,-10.0,9,39.0,2,Easy,0.05,0.05500000000000001,1,2634,1640,0.0,0.0,2,0,2
Full,2,745,train,heuristic,agent_win,10.0,10,31.0,2,Easy,0.05,0.05500000000000001,1,2639,1644,3.0,3.0,2,1,2
Full,2,746,train,heuristic,player_win,-10.0,7,41.0,2,Easy,0.05,0.05500000000000001,1,2642,1646,0.0,0.0,2,0,1
Full,2,747,train,heuristic,player_win,-10.0,7,51.0,3,Normal,0.05,0.05,1,2645,1648,0.0,0.0,2,0,1
Full,2,748,train,heuristic,player_win,-10.0,9,61.0,3,Normal,0.05,0.05,1,2649,1651,0.0,0.0,3,0,1
Full,2,749,train,heuristic,agent_win,10.0,10,53.0,3,Normal,0.05,0.05,1,2654,1654,3.0,3.0,3,0,2
Full,2,750,train,heuristic,agent_win,10.0,6,45.0,3,Normal,0.05,0.05,1,2657,1656,3.0,3.0,3,0,0
Full,2,751,train,heuristic,agent_win,10.0,6,37.0,2,Easy,0.05,0.05500000000000001,1,2660,1657,3.0,3.0,3,0,0
Full,2,752,train,heuristic,agent_win,10.0,6,29.0,2,Easy,0.05,0.05500000000000001,1,2663,1657,2.0999999999999996,2.0999999999999996,2,0,1
Full,2,753,train,heuristic,agent_win,10.0,6,21.0,1,Very Easy,0.05,0.0675,1,2666,1659,3.0,3.0,3,0,0
Full,2,754,train,heuristic,player_win,-10.0,5,31.0,2,Easy,0.05,0.05500000000000001,1,2668,1660,0.0,0.0,1,0,1
Full,2,755,train,heuristic,agent_win,10.0,8,23.0,1,Very Easy,0.05,0.0675,1,2672,1661,3.0,3.0,3,0,1
Full,2,756,train,heuristic,player_win,-10.0,7,33.0,2,Easy,0.05,0.05500000000000001,1,2675,1661,0.0,0.0,2,0,1
Full,2,757,train,heuristic,player_win,-10.0,9,43.0,2,Easy,0.05,0.05500000000000001,1,2679,1664,0.0,0.0,1,0,3
Full,2,758,train,heuristic,player_win,-10.0,13,53.0,3,Normal,0.05,0.05,1,2685,1669,0.0,0.0,3,1,2
Full,2,759,train,heuristic,agent_win,10.0,6,45.0,3,Normal,0.05,0.05,1,2688,1671,3.0,3.0,2,0,1
Full,2,760,train,heuristic,player_win,-10.0,7,55.0,3,Normal,0.05,0.05,1,2691,1673,0.0,0.0,1,0,2
Full,2,761,train,heuristic,agent_win,10.0,10,47.0,3,Normal,0.05,0.05,1,2696,1676,3.0,3.0,3,0,2
Full,2,762,train,heuristic,player_win,-10.0,7,57.0,3,Normal,0.05,0.05,1,2699,1678,0.0,0.0,1,0,2
Full,2,763,train,heuristic,player_win,-10.0,13,67.0,4,Hard,0.05,0.05,1,2705,1682,0.0,0.0,3,0,3
Full,2,764,train,heuristic,agent_win,10.0,6,59.0,3,Normal,0.05,0.05,1,2708,1684,3.0,3.0,3,0,0
Full,2,765,train,heuristic,agent_win,10.0,6,51.0,3,Normal,0.05,0.05,1,2711,1686,3.0,3.0,2,0,1
Full,2,766,train,heuristic,agent_win,10.0,12,43.0,2,Easy,0.05,0.05500000000000001,1,2717,1689,3.0,3.0,5,0,1
Full,2,767,train,heuristic,agent_win,10.0,6,35.0,2,Easy,0.05,0.05500000000000001,1,2720,1691,3.0,3.0,3,0,0
Full,2,768,train,heuristic,agent_win,10.0,8,27.0,2,Easy,0.05,0.05500000000000001,1,2724,1693,3.0,3.0,2,0,2
Full,2,769,train,heuristic,player_win,-10.0,7,37.0,2,Easy,0.05,0.05500000000000001,1,2727,1693,0.0,0.0,2,0,1
Full,2,770,train,heuristic,player_win,-10.0,7,47.0,3,Normal,0.05,0.05,1,2730,1693,0.0,0.0,2,0,1
Full,2,771,train,heuristic,player_win,-10.0,7,57.0,3,Normal,0.05,0.05,1,2733,1695,0.0,0.0,2,0,1
Full,2,772,train,heuristic,agent_win,10.0,10,49.0,3,Normal,0.05,0.05,1,2738,1699,3.0,3.0,4,1,0
Full,2,773,train,heuristic,agent_win,10.0,6,41.0,2,Easy,0.05,0.05500000000000001,1,2741,1700,3.0,3.0,1,0,2
Full,2,774,train,heuristic,player_win,-10.0,7,51.0,3,Normal,0.05,0.05,1,2744,1702,0.0,0.0,2,0,1
Full,2,775,train,heuristic,agent_win,10.0,12,43.0,2,Easy,0.05,0.05500000000000001,1,2750,1706,3.0,3.0,3,0,3
Full,2,776,train,heuristic,player_win,-10.0,7,53.0,3,Normal,0.05,0.05,1,2753,1708,0.0,0.0,1,0,2
Full,2,777,train,heuristic,player_win,-10.0,13,63.0,3,Normal,0.05,0.05,1,2759,1712,0.0,0.0,3,0,3
Full,2,778,train,heuristic,player_win,-10.0,7,73.0,4,Hard,0.05,0.05,1,2762,1714,0.0,0.0,2,0,1
Full,2,779,train,heuristic,agent_win,10.0,8,65.0,4,Hard,0.05,0.05,1,2766,1716,3.0,3.0,3,0,1
Full,2,780,train,heuristic,agent_win,10.0,6,57.0,3,Normal,0.05,0.05,1,2769,1717,3.0,3.0,3,0,0
Full,2,781,train,heuristic,player_win,-10.0,7,67.0,4,Hard,0.05,0.05,1,2772,1718,0.0,0.0,2,0,1
Full,2,782,train,heuristic,player_win,-10.0,11,77.0,4,Hard,0.05,0.05,1,2777,1722,0.0,0.0,5,0,0
Full,2,783,train,heuristic,agent_win,10.0,6,69.0,4,Hard,0.05,0.05,1,2780,1724,3.0,3.0,3,0,0
Full,2,784,train,heuristic,agent_win,10.0,6,61.0,3,Normal,0.05,0.05,1,2783,1726,3.0,3.0,3,0,0
Full,2,785,train,heuristic,agent_win,10.0,6,53.0,3,Normal,0.05,0.05,1,2786,1728,3.0,3.0,3,0,0
Full,2,786,train,heuristic,agent_win,10.0,8,45.0,3,Normal,0.05,0.05,1,2790,1731,3.0,3.0,3,0,1
Full,2,787,train,heuristic,agent_win,10.0,6,37.0,2,Easy,0.05,0.05500000000000001,1,2793,1733,3.0,3.0,3,0,0
Full,2,788,train,heuristic,player_win,-10.0,7,47.0,3,Normal,0.05,0.05,1,2796,1735,0.0,0.0,1,1,1
Full,2,789,train,heuristic,player_win,-10.0,7,57.0,3,Normal,0.05,0.05,1,2799,1737,0.0,0.0,3,0,0
Full,2,790,train,heuristic,agent_win,10.0,8,49.0,3,Normal,0.05,0.05,1,2803,1740,3.0,3.0,3,0,1
Full,2,791,train,heuristic,agent_win,10.0,8,41.0,2,Easy,0.05,0.05500000000000001,1,2807,1743,3.0,3.0,3,0,1
Full,2,792,train,heuristic,player_win,-10.0,7,51.0,3,Normal,0.05,0.05,1,2810,1743,0.0,0.0,2,0,1
Full,2,793,train,heuristic,agent_win,10.0,8,43.0,2,Easy,0.05,0.05500000000000001,1,2814,1746,3.0,3.0,2,1,1
Full,2,794,train,heuristic,agent_win,10.0,10,35.0,2,Easy,0.05,0.05500000000000001,1,2819,1750,3.0,3.0,3,0,2
Full,2,795,train,heuristic,agent_win,10.0,8,27.0,2,Easy,0.05,0.05500000000000001,1,2823,1752,3.0,3.0,1,0,3
Full,2,796,train,heuristic,agent_win,10.0,8,19.0,1,Very Easy,0.05,0.0675,1,2827,1755,3.0,3.0,2,1,1
Full,2,797,train,heuristic,player_win,-10.0,5,29.0,2,Easy,0.05,0.05500000000000001,1,2829,1756,0.0,0.0,1,0,1
Full,2,798,train,heuristic,player_win,-10.0,9,39.0,2,Easy,0.05,0.05500000000000001,1,2833,1759,0.0,0.0,2,0,2
Full,2,799,train,heuristic,agent_win,10.0,6,31.0,2,Easy,0.05,0.05500000000000001,1,2836,1760,3.0,3.0,3,0,0
Full,2,800,train,heuristic,player_win,-10.0,7,41.0,2,Easy,0.05,0.05500000000000001,1,2839,1762,0.0,0.0,1,0,2
Full,2,801,eval,heuristic,player_win,-10.0,9,51.0,3,Normal,0.05,0.0,0,2839,1762,0.0,0.0,2,0,2
Full,2,802,eval,heuristic,agent_win,10.0,6,43.0,2,Easy,0.05,0.0,0,2839,1762,0.0,0.0,1,0,2
Full,2,803,eval,heuristic,player_win,-10.0,7,53.0,3,Normal,0.05,0.0,0,2839,1762,0.0,0.0,2,0,1
Full,2,804,eval,heuristic,agent_win,10.0,6,45.0,3,Normal,0.05,0.0,0,2839,1762,0.0,0.0,3,0,0
Full,2,805,eval,heuristic,agent_win,10.0,10,37.0,2,Easy,0.05,0.0,0,2839,1762,0.0,0.0,3,0,2
Full,2,806,eval,heuristic,player_win,-10.0,9,47.0,3,Normal,0.05,0.0,0,2839,1762,0.0,0.0,2,0,2
Full,2,807,eval,heuristic,agent_win,10.0,6,39.0,2,Easy,0.05,0.0,0,2839,1762,0.0,0.0,2,0,1
Full,2,808,eval,heuristic,agent_win,10.0,6,31.0,2,Easy,0.05,0.0,0,2839,1762,0.0,0.0,2,0,1
Full,2,809,eval,heuristic,agent_win,10.0,8,23.0,1,Very Easy,0.05,0.0,0,2839,1762,0.0,0.0,1,0,3
Full,2,810,eval,heuristic,player_win,-10.0,7,33.0,2,Easy,0.05,0.0,0,2839,1762,0.0,0.0,2,0,1
Full,2,811,eval,heuristic,agent_win,10.0,10,25.0,2,Easy,0.05,0.0,0,2839,1762,0.0,0.0,3,0,2
Full,2,812,eval,heuristic,player_win,-10.0,11,35.0,2,Easy,0.05,0.0,0,2839,1762,0.0,0.0,4,0,1
Full,2,813,eval,heuristic,player_win,-10.0,7,45.0,3,Normal,0.05,0.0,0,2839,1762,0.0,0.0,2,0,1
Full,2,814,eval,heuristic,agent_win,10.0,8,37.0,2,Easy,0.05,0.0,0,2839,1762,0.0,0.0,3,0,1
Full,2,815,eval,heuristic,agent_win,10.0,10,29.0,2,Easy,0.05,0.0,0,2839,1762,0.0,0.0,3,0,2
Full,2,816,eval,heuristic,agent_win,10.0,8,21.0,1,Very Easy,0.05,0.0,0,2839,1762,0.0,0.0,3,0,1
Full,2,817,eval,heuristic,player_win,-10.0,7,31.0,2,Easy,0.05,0.0,0,2839,1762,0.0,0.0,1,0,2
Full,2,818,eval,heuristic,player_win,-10.0,7,41.0,2,Easy,0.05,0.0,0,2839,1762,0.0,0.0,1,0,2
Full,2,819,eval,heuristic,agent_win,10.0,6,33.0,2,Easy,0.05,0.0,0,2839,1762,0.0,0.0,2,0,1
Full,2,820,eval,heuristic,agent_win,10.0,10,25.0,2,Easy,0.05,0.0,0,2839,1762,0.0,0.0,3,0,2
Full,2,821,eval,heuristic,player_win,-10.0,7,35.0,2,Easy,0.05,0.0,0,2839,1762,0.0,0.0,1,0,2
Full,2,822,eval,heuristic,agent_win,10.0,6,27.0,2,Easy,0.05,0.0,0,2839,1762,0.0,0.0,2,0,1
Full,2,823,eval,heuristic,player_win,-10.0,7,37.0,2,Easy,0.05,0.0,0,2839,1762,0.0,0.0,1,0,2
Full,2,824,eval,heuristic,player_win,-10.0,7,47.0,3,Normal,0.05,0.0,0,2839,1762,0.0,0.0,2,0,1
Full,2,825,eval,heuristic,agent_win,10.0,12,39.0,2,Easy,0.05,0.0,0,2839,1762,0.0,0.0,4,0,2
Full,2,826,eval,heuristic,agent_win,10.0,8,31.0,2,Easy,0.05,0.0,0,2839,1762,0.0,0.0,3,0,1
Full,2,827,eval,heuristic,agent_win,10.0,10,23.0,1,Very Easy,0.05,0.0,0,2839,1762,0.0,0.0,2,0,3
Full,2,828,eval,heuristic,agent_win,10.0,6,15.0,1,Very Easy,0.05,0.0,0,2839,1762,0.0,0.0,2,0,1
Full,2,829,eval,heuristic,player_win,-10.0,5,25.0,2,Easy,0.05,0.0,0,2839,1762,0.0,0.0,1,0,1
Full,2,830,eval,heuristic,player_win,-10.0,7,35.0,2,Easy,0.05,0.0,0,2839,1762,0.0,0.0,2,0,1
Full,2,831,eval,heuristic,player_win,-10.0,13,45.0,3,Normal,0.05,0.0,0,2839,1762,0.0,0.0,3,0,3
Full,2,832,eval,heuristic,agent_win,10.0,6,37.0,2,Easy,0.05,0.0,0,2839,1762,0.0,0.0,3,0,0
Full,2,833,eval,heuristic,player_win,-10.0,7,47.0,3,Normal,0.05,0.0,0,2839,1762,0.0,0.0,1,0,2
Full,2,834,eval,heuristic,player_win,-10.0,5,57.0,3,Normal,0.05,0.0,0,2839,1762,0.0,0.0,1,0,1
Full,2,835,eval,heuristic,player_win,-10.0,9,67.0,4,Hard,0.05,0.0,0,2839,1762,0.0,0.0,3,0,1
Full,2,836,eval,heuristic,agent_win,10.0,6,59.0,3,Normal,0.05,0.0,0,2839,1762,0.0,0.0,3,0,0
Full,2,837,eval,heuristic,agent_win,10.0,10,51.0,3,Normal,0.05,0.0,0,2839,1762,0.0,0.0,3,0,2
Full,2,838,eval,heuristic,agent_win,10.0,12,43.0,2,Easy,0.05,0.0,0,2839,1762,0.0,0.0,3,0,3
Full,2,839,eval,heuristic,player_win,-10.0,5,53.0,3,Normal,0.05,0.0,0,2839,1762,0.0,0.0,1,0,1
Full,2,840,eval,heuristic,agent_win,10.0,6,45.0,3,Normal,0.05,0.0,0,2839,1762,0.0,0.0,2,0,1
Full,2,841,eval,heuristic,player_win,-10.0,9,55.0,3,Normal,0.05,0.0,0,2839,1762,0.0,0.0,3,0,1
Full,2,842,eval,heuristic,agent_win,10.0,10,47.0,3,Normal,0.05,0.0,0,2839,1762,0.0,0.0,3,0,2
Full,2,843,eval,heuristic,player_win,-10.0,13,57.0,3,Normal,0.05,0.0,0,2839,1762,0.0,0.0,4,0,2
Full,2,844,eval,heuristic,player_win,-10.0,9,67.0,4,Hard,0.05,0.0,0,2839,1762,0.0,0.0,1,0,3
Full,2,845,eval,heuristic,agent_win,10.0,8,59.0,3,Normal,0.05,0.0,0,2839,1762,0.0,0.0,3,0,1
Full,2,846,eval,heuristic,agent_win,10.0,10,51.0,3,Normal,0.05,0.0,0,2839,1762,0.0,0.0,3,0,2
Full,2,847,eval,heuristic,player_win,-10.0,7,61.0,3,Normal,0.05,0.0,0,2839,1762,0.0,0.0,2,0,1
Full,2,848,eval,heuristic,player_win,-10.0,13,71.0,4,Hard,0.05,0.0,0,2839,1762,0.0,0.0,4,0,2
Full,2,849,eval,heuristic,agent_win,10.0,6,63.0,3,Normal,0.05,0.0,0,2839,1762,0.0,0.0,2,0,1
Full,2,850,eval,heuristic,agent_win,10.0,8,55.0,3,Normal,0.05,0.0,0,2839,1762,0.0,0.0,3,0,1
Full,2,851,eval,heuristic,agent_win,10.0,12,47.0,3,Normal,0.05,0.0,0,2839,1762,0.0,0.0,4,0,2
Full,2,852,eval,heuristic,agent_win,10.0,8,39.0,2,Easy,0.05,0.0,0,2839,1762,0.0,0.0,2,0,2
Full,2,853,eval,heuristic,agent_win,10.0,8,31.0,2,Easy,0.05,0.0,0,2839,1762,0.0,0.0,2,0,2
Full,2,854,eval,heuristic,player_win,-10.0,7,41.0,2,Easy,0.05,0.0,0,2839,1762,0.0,0.0,2,0,1
Full,2,855,eval,heuristic,agent_win,10.0,8,33.0,2,Easy,0.05,0.0,0,2839,1762,0.0,0.0,3,0,1
Full,2,856,eval,heuristic,player_win,-10.0,7,43.0,2,Easy,0.05,0.0,0,2839,1762,0.0,0.0,2,0,1
Full,2,857,eval,heuristic,player_win,-10.0,9,53.0,3,Normal,0.05,0.0,0,2839,1762,0.0,0.0,2,0,2
Full,2,858,eval,heuristic,agent_win,10.0,14,45.0,3,Normal,0.05,0.0,0,2839,1762,0.0,0.0,5,0,2
Full,2,859,eval,heuristic,agent_win,10.0,8,37.0,2,Easy,0.05,0.0,0,2839,1762,0.0,0.0,2,0,2
Full,2,860,eval,heuristic,player_win,-10.0,9,47.0,3,Normal,0.05,0.0,0,2839,1762,0.0,0.0,3,0,1
Full,2,861,eval,heuristic,player_win,-10.0,7,57.0,3,Normal,0.05,0.0,0,2839,1762,0.0,0.0,2,0,1
Full,2,862,eval,heuristic,player_win,-10.0,5,67.0,4,Hard,0.05,0.0,0,2839,1762,0.0,0.0,2,0,0
Full,2,863,eval,heuristic,agent_win,10.0,8,59.0,3,Normal,0.05,0.0,0,2839,1762,0.0,0.0,3,0,1
Full,2,864,eval,heuristic,player_win,-10.0,7,69.0,4,Hard,0.05,0.0,0,2839,1762,0.0,0.0,2,0,1
Full,2,865,eval,heuristic,player_win,-10.0,7,79.0,4,Hard,0.05,0.0,0,2839,1762,0.0,0.0,3,0,0
Full,2,866,eval,heuristic,agent_win,10.0,6,71.0,4,Hard,0.05,0.0,0,2839,1762,0.0,0.0,3,0,0
Full,2,867,eval,heuristic,agent_win,10.0,6,63.0,3,Normal,0.05,0.0,0,2839,1762,0.0,0.0,3,0,0
Full,2,868,eval,heuristic,agent_win,10.0,8,55.0,3,Normal,0.05,0.0,0,2839,1762,0.0,0.0,3,0,1
Full,2,869,eval,heuristic,agent_win,10.0,10,47.0,3,Normal,0.05,0.0,0,2839,1762,0.0,0.0,3,0,2
Full,2,870,eval,heuristic,player_win,-10.0,9,57.0,3,Normal,0.05,0.0,0,2839,1762,0.0,0.0,3,0,1
Full,2,871,eval,heuristic,agent_win,10.0,8,49.0,3,Normal,0.05,0.0,0,2839,1762,0.0,0.0,2,0,2
Full,2,872,eval,heuristic,agent_win,10.0,8,41.0,2,Easy,0.05,0.0,0,2839,1762,0.0,0.0,3,0,1
Full,2,873,eval,heuristic,agent_win,10.0,8,33.0,2,Easy,0.05,0.0,0,2839,1762,0.0,0.0,2,0,2
Full,2,874,eval,heuristic,player_win,-10.0,7,43.0,2,Easy,0.05,0.0,0,2839,1762,0.0,0.0,2,0,1
Full,2,875,eval,heuristic,player_win,-10.0,7,53.0,3,Normal,0.05,0.0,0,2839,1762,0.0,0.0,1,0,2
Full,2,876,eval,heuristic,agent_win,10.0,8,45.0,3,Normal,0.05,0.0,0,2839,1762,0.0,0.0,2,0,2
Full,2,877,eval,heuristic,agent_win,10.0,6,37.0,2,Easy,0.05,0.0,0,2839,1762,0.0,0.0,2,0,1
Full,2,878,eval,heuristic,agent_win,10.0,8,29.0,2,Easy,0.05,0.0,0,2839,1762,0.0,0.0,3,0,1
Full,2,879,eval,heuristic,player_win,-10.0,7,39.0,2,Easy,0.05,0.0,0,2839,1762,0.0,0.0,1,0,2
Full,2,880,eval,heuristic,agent_win,10.0,10,31.0,2,Easy,0.05,0.0,0,2839,1762,0.0,0.0,3,0,2
Full,2,881,eval,heuristic,player_win,-10.0,9,41.0,2,Easy,0.05,0.0,0,2839,1762,0.0,0.0,2,0,2
Full,2,882,eval,heuristic,player_win,-10.0,9,51.0,3,Normal,0.05,0.0,0,2839,1762,0.0,0.0,2,0,2
Full,2,883,eval,heuristic,player_win,-10.0,9,61.0,3,Normal,0.05,0.0,0,2839,1762,0.0,0.0,3,0,1
Full,2,884,eval,heuristic,agent_win,10.0,6,53.0,3,Normal,0.05,0.0,0,2839,1762,0.0,0.0,3,0,0
Full,2,885,eval,heuristic,agent_win,10.0,8,45.0,3,Normal,0.05,0.0,0,2839,1762,0.0,0.0,1,0,3
Full,2,886,eval,heuristic,player_win,-10.0,9,55.0,3,Normal,0.05,0.0,0,2839,1762,0.0,0.0,3,0,1
Full,2,887,eval,heuristic,agent_win,10.0,8,47.0,3,Normal,0.05,0.0,0,2839,1762,0.0,0.0,3,0,1
Full,2,888,eval,heuristic,agent_win,10.0,6,39.0,2,Easy,0.05,0.0,0,2839,1762,0.0,0.0,3,0,0
Full,2,889,eval,heuristic,agent_win,10.0,6,31.0,2,Easy,0.05,0.0,0,2839,1762,0.0,0.0,3,0,0
Full,2,890,eval,heuristic,player_win,-10.0,11,41.0,2,Easy,0.05,0.0,0,2839,1762,0.0,0.0,2,0,3
Full,2,891,eval,heuristic,player_win,-10.0,11,51.0,3,Normal,0.05,0.0,0,2839,1762,0.0,0.0,3,0,2
Full,2,892,eval,heuristic,agent_win,10.0,6,43.0,2,Easy,0.05,0.0,0,2839,1762,0.0,0.0,3,0,0
Full,2,893,eval,heuristic,player_win,-10.0,7,53.0,3,Normal,0.05,0.0,0,2839,1762,0.0,0.0,2,0,1
Full,2,894,eval,heuristic,player_win,-10.0,7,63.0,3,Normal,0.05,0.0,0,2839,1762,0.0,0.0,2,0,1
Full,2,895,eval,heuristic,player_win,-10.0,7,73.0,4,Hard,0.05,0.0,0,2839,1762,0.0,0.0,1,0,2
Full,2,896,eval,heuristic,agent_win,10.0,6,65.0,4,Hard,0.05,0.0,0,2839,1762,0.0,0.0,2,0,1
Full,2,897,eval,heuristic,player_win,-10.0,7,75.0,4,Hard,0.05,0.0,0,2839,1762,0.0,0.0,2,0,1
Full,2,898,eval,heuristic,player_win,-10.0,5,85.0,5,Expert,0.05,0.0,0,2839,1762,0.0,0.0,2,0,0
Full,2,899,eval,heuristic,agent_win,10.0,6,77.0,4,Hard,0.05,0.0,0,2839,1762,0.0,0.0,3,0,0
Full,2,900,eval,heuristic,agent_win,10.0,6,69.0,4,Hard,0.05,0.0,0,2839,1762,0.0,0.0,3,0,0
Full,2,901,eval,heuristic,agent_win,10.0,6,61.0,3,Normal,0.05,0.0,0,2839,1762,0.0,0.0,3,0,0
Full,2,902,eval,heuristic,player_win,-10.0,5,71.0,4,Hard,0.05,0.0,0,2839,1762,0.0,0.0,1,0,1
Full,2,903,eval,heuristic,agent_win,10.0,6,63.0,3,Normal,0.05,0.0,0,2839,1762,0.0,0.0,3,0,0
Full,2,904,eval,heuristic,agent_win,10.0,6,55.0,3,Normal,0.05,0.0,0,2839,1762,0.0,0.0,3,0,0
Full,2,905,eval,heuristic,player_win,-10.0,9,65.0,4,Hard,0.05,0.0,0,2839,1762,0.0,0.0,1,0,3
Full,2,906,eval,heuristic,agent_win,10.0,6,57.0,3,Normal,0.05,0.0,0,2839,1762,0.0,0.0,3,0,0
Full,2,907,eval,heuristic,agent_win,10.0,8,49.0,3,Normal,0.05,0.0,0,2839,1762,0.0,0.0,3,0,1
Full,2,908,eval,heuristic,agent_win,10.0,6,41.0,2,Easy,0.05,0.0,0,2839,1762,0.0,0.0,3,0,0
Full,2,909,eval,heuristic,player_win,-10.0,11,51.0,3,Normal,0.05,0.0,0,2839,1762,0.0,0.0,3,0,2
Full,2,910,eval,heuristic,agent_win,10.0,6,43.0,2,Easy,0.05,0.0,0,2839,1762,0.0,0.0,3,0,0
Full,2,911,eval,heuristic,agent_win,10.0,8,35.0,2,Easy,0.05,0.0,0,2839,1762,0.0,0.0,2,0,2
Full,2,912,eval,heuristic,agent_win,10.0,10,27.0,2,Easy,0.05,0.0,0,2839,1762,0.0,0.0,2,0,3
Full,2,913,eval,heuristic,agent_win,10.0,8,19.0,1,Very Easy,0.05,0.0,0,2839,1762,0.0,0.0,3,0,1
Full,2,914,eval,heuristic,player_win,-10.0,13,29.0,2,Easy,0.05,0.0,0,2839,1762,0.0,0.0,3,0,3
Full,2,915,eval,heuristic,agent_win,10.0,14,21.0,1,Very Easy,0.05,0.0,0,2839,1762,0.0,0.0,6,0,1
Full,2,916,eval,heuristic,agent_win,10.0,8,13.0,1,Very Easy,0.05,0.0,0,2839,1762,0.0,0.0,3,0,1
Full,2,917,eval,heuristic,agent_win,10.0,8,5.0,1,Very Easy,0.05,0.0,0,2839,1762,0.0,0.0,2,0,2
Full,2,918,eval,heuristic,player_win,-10.0,9,15.0,1,Very Easy,0.05,0.0,0,2839,1762,0.0,0.0,3,0,1
Full,2,919,eval,heuristic,player_win,-10.0,7,25.0,2,Easy,0.05,0.0,0,2839,1762,0.0,0.0,2,0,1
Full,2,920,eval,heuristic,agent_win,10.0,10,17.0,1,Very Easy,0.05,0.0,0,2839,1762,0.0,0.0,2,0,3
Full,2,921,eval,heuristic,agent_win,10.0,8,9.0,1,Very Easy,0.05,0.0,0,2839,1762,0.0,0.0,3,0,1
Full,2,922,eval,heuristic,player_win,-10.0,11,19.0,1,Very Easy,0.05,0.0,0,2839,1762,0.0,0.0,3,0,2
Full,2,923,eval,heuristic,player_win,-10.0,7,29.0,2,Easy,0.05,0.0,0,2839,1762,0.0,0.0,1,0,2
Full,2,924,eval,heuristic,player_win,-10.0,7,39.0,2,Easy,0.05,0.0,0,2839,1762,0.0,0.0,2,0,1
Full,2,925,eval,heuristic,agent_win,10.0,6,31.0,2,Easy,0.05,0.0,0,2839,1762,0.0,0.0,3,0,0
Full,2,926,eval,heuristic,agent_win,10.0,6,23.0,1,Very Easy,0.05,0.0,0,2839,1762,0.0,0.0,1,0,2
Full,2,927,eval,heuristic,agent_win,10.0,8,15.0,1,Very Easy,0.05,0.0,0,2839,1762,0.0,0.0,2,0,2
Full,2,928,eval,heuristic,player_win,-10.0,7,25.0,2,Easy,0.05,0.0,0,2839,1762,0.0,0.0,1,0,2
Full,2,929,eval,heuristic,player_win,-10.0,7,35.0,2,Easy,0.05,0.0,0,2839,1762,0.0,0.0,2,0,1
Full,2,930,eval,heuristic,player_win,-10.0,7,45.0,3,Normal,0.05,0.0,0,2839,1762,0.0,0.0,1,0,2
Full,2,931,eval,heuristic,agent_win,10.0,8,37.0,2,Easy,0.05,0.0,0,2839,1762,0.0,0.0,2,0,2
Full,2,932,eval,heuristic,player_win,-10.0,9,47.0,3,Normal,0.05,0.0,0,2839,1762,0.0,0.0,2,0,2
Full,2,933,eval,heuristic,player_win,-10.0,5,57.0,3,Normal,0.05,0.0,0,2839,1762,0.0,0.0,1,0,1
Full,2,934,eval,heuristic,agent_win,10.0,8,49.0,3,Normal,0.05,0.0,0,2839,1762,0.0,0.0,3,0,1
Full,2,935,eval,heuristic,agent_win,10.0,8,41.0,2,Easy,0.05,0.0,0,2839,1762,0.0,0.0,3,0,1
Full,2,936,eval,heuristic,agent_win,10.0,6,33.0,2,Easy,0.05,0.0,0,2839,1762,0.0,0.0,2,0,1
Full,2,937,eval,heuristic,player_win,-10.0,9,43.0,2,Easy,0.05,0.0,0,2839,1762,0.0,0.0,1,0,3
Full,2,938,eval,heuristic,player_win,-10.0,9,53.0,3,Normal,0.05,0.0,0,2839,1762,0.0,0.0,2,0,2
Full,2,939,eval,heuristic,player_win,-10.0,9,63.0,3,Normal,0.05,0.0,0,2839,1762,0.0,0.0,3,0,1
Full,2,940,eval,heuristic,agent_win,10.0,8,55.0,3,Normal,0.05,0.0,0,2839,1762,0.0,0.0,3,0,1
Full,2,941,eval,heuristic,player_win,-10.0,5,65.0,4,Hard,0.05,0.0,0,2839,1762,0.0,0.0,1,0,1
Full,2,942,eval,heuristic,agent_win,10.0,6,57.0,3,Normal,0.05,0.0,0,2839,1762,0.0,0.0,2,0,1
Full,2,943,eval,heuristic,agent_win,10.0,6,49.0,3,Normal,0.05,0.0,0,2839,1762,0.0,0.0,3,0,0
Full,2,944,eval,heuristic,player_win,-10.0,9,59.0,3,Normal,0.05,0.0,0,2839,1762,0.0,0.0,3,0,1
Full,2,945,eval,heuristic,agent_win,10.0,8,51.0,3,Normal,0.05,0.0,0,2839,1762,0.0,0.0,2,0,2
Full,2,946,eval,heuristic,agent_win,10.0,8,43.0,2,Easy,0.05,0.0,0,2839,1762,0.0,0.0,3,0,1
Full,2,947,eval,heuristic,player_win,-10.0,5,53.0,3,Normal,0.05,0.0,0,2839,1762,0.0,0.0,1,0,1
Full,2,948,eval,heuristic,player_win,-10.0,11,63.0,3,Normal,0.05,0.0,0,2839,1762,0.0,0.0,2,0,3
Full,2,949,eval,heuristic,agent_win,10.0,8,55.0,3,Normal,0.05,0.0,0,2839,1762,0.0,0.0,3,0,1
Full,2,950,eval,heuristic,player_win,-10.0,7,65.0,4,Hard,0.05,0.0,0,2839,1762,0.0,0.0,1,0,2
Full,2,951,eval,heuristic,agent_win,10.0,6,57.0,3,Normal,0.05,0.0,0,2839,1762,0.0,0.0,2,0,1
Full,2,952,eval,heuristic,agent_win,10.0,6,49.0,3,Normal,0.05,0.0,0,2839,1762,0.0,0.0,1,0,2
Full,2,953,eval,heuristic,agent_win,10.0,8,41.0,2,Easy,0.05,0.0,0,2839,1762,0.0,0.0,3,0,1
Full,2,954,eval,heuristic,agent_win,10.0,8,33.0,2,Easy,0.05,0.0,0,2839,1762,0.0,0.0,3,0,1
Full,2,955,eval,heuristic,player_win,-10.0,7,43.0,2,Easy,0.05,0.0,0,2839,1762,0.0,0.0,2,0,1
Full,2,956,eval,heuristic,player_win,-10.0,5,53.0,3,Normal,0.05,0.0,0,2839,1762,0.0,0.0,2,0,0
Full,2,957,eval,heuristic,agent_win,10.0,6,45.0,3,Normal,0.05,0.0,0,2839,1762,0.0,0.0,3,0,0
Full,2,958,eval,heuristic,player_win,-10.0,7,55.0,3,Normal,0.05,0.0,0,2839,1762,0.0,0.0,1,0,2
Full,2,959,eval,heuristic,agent_win,10.0,8,47.0,3,Normal,0.05,0.0,0,2839,1762,0.0,0.0,1,0,3
Full,2,960,eval,heuristic,agent_win,10.0,8,39.0,2,Easy,0.05,0.0,0,2839,1762,0.0,0.0,3,0,1
Full,2,961,eval,heuristic,player_win,-10.0,9,49.0,3,Normal,0.05,0.0,0,2839,1762,0.0,0.0,2,0,2
Full,2,962,eval,heuristic,player_win,-10.0,7,59.0,3,Normal,0.05,0.0,0,2839,1762,0.0,0.0,2,0,1
Full,2,963,eval,heuristic,agent_win,10.0,8,51.0,3,Normal,0.05,0.0,0,2839,1762,0.0,0.0,2,0,2
Full,2,964,eval,heuristic,agent_win,10.0,6,43.0,2,Easy,0.05,0.0,0,2839,1762,0.0,0.0,2,0,1
Full,2,965,eval,heuristic,player_win,-10.0,5,53.0,3,Normal,0.05,0.0,0,2839,1762,0.0,0.0,1,0,1
Full,2,966,eval,heuristic,agent_win,10.0,6,45.0,3,Normal,0.05,0.0,0,2839,1762,0.0,0.0,3,0,0
Full,2,967,eval,heuristic,agent_win,10.0,6,37.0,2,Easy,0.05,0.0,0,2839,1762,0.0,0.0,2,0,1
Full,2,968,eval,heuristic,player_win,-10.0,7,47.0,3,Normal,0.05,0.0,0,2839,1762,0.0,0.0,2,0,1
Full,2,969,eval,heuristic,player_win,-10.0,9,57.0,3,Normal,0.05,0.0,0,2839,1762,0.0,0.0,2,0,2
Full,2,970,eval,heuristic,player_win,-10.0,9,67.0,4,Hard,0.05,0.0,0,2839,1762,0.0,0.0,2,0,2
Full,2,971,eval,heuristic,agent_win,10.0,6,59.0,3,Normal,0.05,0.0,0,2839,1762,0.0,0.0,3,0,0
Full,2,972,eval,heuristic,agent_win,10.0,6,51.0,3,Normal,0.05,0.0,0,2839,1762,0.0,0.0,3,0,0
Full,2,973,eval,heuristic,player_win,-10.0,5,61.0,3,Normal,0.05,0.0,0,2839,1762,0.0,0.0,1,0,1
Full,2,974,eval,heuristic,agent_win,10.0,6,53.0,3,Normal,0.05,0.0,0,2839,1762,0.0,0.0,3,0,0
Full,2,975,eval,heuristic,player_win,-10.0,9,63.0,3,Normal,0.05,0.0,0,2839,1762,0.0,0.0,3,0,1
Full,2,976,eval,heuristic,player_win,-10.0,7,73.0,4,Hard,0.05,0.0,0,2839,1762,0.0,0.0,2,0,1
Full,2,977,eval,heuristic,agent_win,10.0,6,65.0,4,Hard,0.05,0.0,0,2839,1762,0.0,0.0,3,0,0
Full,2,978,eval,heuristic,player_win,-10.0,7,75.0,4,Hard,0.05,0.0,0,2839,1762,0.0,0.0,2,0,1
Full,2,979,eval,heuristic,agent_win,10.0,6,67.0,4,Hard,0.05,0.0,0,2839,1762,0.0,0.0,2,0,1
Full,2,980,eval,heuristic,agent_win,10.0,12,59.0,3,Normal,0.05,0.0,0,2839,1762,0.0,0.0,5,0,1
Full,2,981,eval,heuristic,agent_win,10.0,6,51.0,3,Normal,0.05,0.0,0,2839,1762,0.0,0.0,2,0,1
Full,2,982,eval,heuristic,agent_win,10.0,10,43.0,2,Easy,0.05,0.0,0,2839,1762,0.0,0.0,4,0,1
Full,2,983,eval,heuristic,agent_win,10.0,8,35.0,2,Easy,0.05,0.0,0,2839,1762,0.0,0.0,2,0,2
Full,2,984,eval,heuristic,agent_win,10.0,6,27.0,2,Easy,0.05,0.0,0,2839,1762,0.0,0.0,2,0,1
Full,2,985,eval,heuristic,agent_win,10.0,6,19.0,1,Very Easy,0.05,0.0,0,2839,1762,0.0,0.0,2,0,1
Full,2,986,eval,heuristic,player_win,-10.0,9,29.0,2,Easy,0.05,0.0,0,2839,1762,0.0,0.0,2,0,2
Full,2,987,eval,heuristic,player_win,-10.0,9,39.0,2,Easy,0.05,0.0,0,2839,1762,0.0,0.0,2,0,2
Full,2,988,eval,heuristic,player_win,-10.0,9,49.0,3,Normal,0.05,0.0,0,2839,1762,0.0,0.0,3,0,1
Full,2,989,eval,heuristic,agent_win,10.0,6,41.0,2,Easy,0.05,0.0,0,2839,1762,0.0,0.0,1,0,2
Full,2,990,eval,heuristic,player_win,-10.0,11,51.0,3,Normal,0.05,0.0,0,2839,1762,0.0,0.0,2,0,3
Full,2,991,eval,heuristic,agent_win,10.0,6,43.0,2,Easy,0.05,0.0,0,2839,1762,0.0,0.0,2,0,1
Full,2,992,eval,heuristic,player_win,-10.0,7,53.0,3,Normal,0.05,0.0,0,2839,1762,0.0,0.0,1,0,2
Full,2,993,eval,heuristic,agent_win,10.0,8,45.0,3,Normal,0.05,0.0,0,2839,1762,0.0,0.0,3,0,1
Full,2,994,eval,heuristic,agent_win,10.0,6,37.0,2,Easy,0.05,0.0,0,2839,1762,0.0,0.0,3,0,0
Full,2,995,eval,heuristic,player_win,-10.0,7,47.0,3,Normal,0.05,0.0,0,2839,1762,0.0,0.0,2,0,1
Full,2,996,eval,heuristic,agent_win,10.0,8,39.0,2,Easy,0.05,0.0,0,2839,1762,0.0,0.0,2,0,2
Full,2,997,eval,heuristic,agent_win,10.0,8,31.0,2,Easy,0.05,0.0,0,2839,1762,0.0,0.0,2,0,2
Full,2,998,eval,heuristic,player_win,-10.0,9,41.0,2,Easy,0.05,0.0,0,2839,1762,0.0,0.0,3,0,1
Full,2,999,eval,heuristic,player_win,-10.0,7,51.0,3,Normal,0.05,0.0,0,2839,1762,0.0,0.0,2,0,1
Full,2,1000,eval,heuristic,agent_win,10.0,6,43.0,2,Easy,0.05,0.0,0,2839,1762,0.0,0.0,1,0,2
Full,3,1,train,heuristic,agent_win,10.0,6,42.0,1,Very Easy,0.95,1.0,1,3,3,3.0,3.0,1,2,0
Full,3,2,train,heuristic,player_win,-10.0,9,52.0,1,Very Easy,0.9025,1.0,1,7,7,0.0,0.0,2,2,0
Full,3,3,train,heuristic,agent_win,10.0,10,44.0,2,Easy,0.8573749999999999,0.9431124999999999,1,12,12,3.0,3.0,2,3,0
Full,3,4,train,heuristic,agent_win,10.0,8,36.0,2,Easy,0.8145062499999999,0.895956875,1,16,16,3.0,3.0,1,3,0
Full,3,5,train,heuristic,agent_win,10.0,6,28.0,2,Easy,0.7737809374999999,0.8511590312499999,1,19,19,3.0,3.0,2,1,0
Full,3,6,train,heuristic,agent_win,10.0,6,20.0,1,Very Easy,0.7350918906249998,0.9923740523437498,1,22,22,3.0,3.0,2,0,1
Full,3,7,train,heuristic,player_win,-10.0,7,30.0,2,Easy,0.6983372960937497,0.7681710257031248,1,25,25,0.0,0.0,1,2,0
Full,3,8,train,heuristic,player_win,-10.0,7,40.0,2,Easy,0.6634204312890623,0.7297624744179685,1,28,27,0.0,0.0,2,0,1
Full,3,9,train,heuristic,agent_win,10.0,8,32.0,2,Easy,0.6302494097246091,0.69327435069707,1,32,31,3.0,3.0,2,2,0
Full,3,10,train,heuristic,player_win,-10.0,7,42.0,2,Easy,0.5987369392383786,0.6586106331622165,1,35,34,0.0,0.0,1,2,0
Full,3,11,train,heuristic,agent_win,10.0,8,34.0,2,Easy,0.5688000922764596,0.6256801015041056,1,39,37,3.0,3.0,3,1,0
Full,3,12,train,heuristic,player_win,-10.0,5,44.0,2,Easy,0.5403600876626365,0.5943960964289002,1,41,38,0.0,0.0,2,0,0
Full,3,13,train,heuristic,player_win,-10.0,5,54.0,3,Normal,0.5133420832795047,0.4106736666236038,1,43,40,0.0,0.0,1,1,0
Full,3,14,train,heuristic,player_win,-10.0,7,64.0,3,Normal,0.48767497911552943,0.39013998329242355,1,46,42,0.0,0.0,2,0,1
Full,3,15,train,heuristic,agent_win,10.0,8,56.0,3,Normal,0.46329123015975293,0.3706329841278024,1,50,45,3.0,3.0,3,0,1
Full,3,16,train,heuristic,player_win,-10.0,5,66.0,4,Hard,0.44012666865176525,0.22006333432588263,1,52,46,0.0,0.0,1,0,1
Full,3,17,train,heuristic,agent_win,10.0,6,58.0,3,Normal,0.41812033521917696,0.3344962681753416,1,55,49,3.0,3.0,3,0,0
Full,3,18,train,heuristic,player_win,-10.0,9,68.0,4,Hard,0.3972143184582181,0.19860715922910904,1,59,52,0.0,0.0,2,0,2
Full,3,19,train,heuristic,agent_win,10.0,6,60.0,3,Normal,0.37735360253530714,0.30188288202824576,1,62,52,2.0999999999999996,2.0999999999999996,3,0,0
Full,3,20,train,heuristic,agent_win,10.0,6,52.0,3,Normal,0.35848592240854177,0.2867887379268334,1,65,55,3.0,3.0,2,0,1
Full,3,21,train,heuristic,agent_win,10.0,6,44.0,2,Easy,0.34056162628811465,0.37461778891692615,1,68,57,3.0,3.0,3,0,0
Full,3,22,train,heuristic,agent_win,10.0,6,36.0,2,Easy,0.3235335449737089,0.3558868994710798,1,71,59,3.0,3.0,1,1,1
Full,3,23,train,heuristic,player_win,-10.0,11,46.0,3,Normal,0.30735686772502346,0.2458854941800188,1,76,63,0.0,0.0,1,2,2
Full,3,24,train,heuristic,agent_win,10.0,6,38.0,2,Easy,0.2919890243387723,0.3211879267726495,1,79,65,3.0,3.0,3,0,0
Full,3,25,train,heuristic,player_win,-10.0,7,48.0,3,Normal,0.27738957312183365,0.22191165849746694,1,82,67,0.0,0.0,2,1,0
Full,3,26,train,heuristic,player_win,-10.0,7,58.0,3,Normal,0.263520094465742,0.2108160755725936,1,85,69,0.0,0.0,2,1,0
Full,3,27,train,heuristic,agent_win,10.0,10,50.0,3,Normal,0.25034408974245487,0.2002752717939639,1,90,73,3.0,3.0,3,0,2
Full,3,28,train,heuristic,agent_win,10.0,8,42.0,2,Easy,0.2378268852553321,0.26160957378086536,1,94,76,3.0,3.0,3,0,1
Full,3,29,train,heuristic,agent_win,10.0,10,34.0,2,Easy,0.2259355409925655,0.24852909509182206,1,99,80,3.0,3.0,3,0,2
Full,3,30,train,heuristic,player_win,-10.0,11,44.0,2,Easy,0.2146387639429372,0.23610264033723094,1,104,84,0.0,0.0,3,0,2
Full,3,31,train,heuristic,player_win,-10.0,9,54.0,3,Normal,0.20390682574579033,0.16312546059663227,1,108,87,0.0,0.0,2,0,2
Full,3,32,train,heuristic,agent_win,10.0,6,46.0,3,Normal,0.1937114844585008,0.15496918756680067,1,111,89,3.0,3.0,2,0,1
Full,3,33,train,heuristic,player_win,-10.0,5,56.0,3,Normal,0.18402591023557577,0.14722072818846063,1,113,90,0.0,0.0,1,0,1
Full,3,34,train,heuristic,player_win,-10.0,5,66.0,4,Hard,0.17482461472379698,0.08741230736189849,1,115,92,0.0,0.0,1,0,1
Full,3,35,train,heuristic,agent_win,10.0,8,58.0,3,Normal,0.16608338398760714,0.13286670719008573,1,119,95,3.0,3.0,3,0,1
Full,3,36,train,heuristic,agent_win,10.0,6,50.0,3,Normal,0.15777921478822676,0.1262233718305814,1,122,98,3.0,3.0,3,0,0
Full,3,37,train,heuristic,agent_win,10.0,6,42.0,2,Easy,0.14989025404881542,0.164879279453697,1,125,100,3.0,3.0,3,0,0
Full,3,38,train,heuristic,player_win,-10.0,7,52.0,3,Normal,0.14239574134637464,0.11391659307709973,1,128,102,0.0,0.0,2,0,1
Full,3,39,train,heuristic,player_win,-10.0,5,62.0,3,Normal,0.1352759542790559,0.10822076342324471,1,130,103,0.0,0.0,2,0,0
Full,3,40,train,heuristic,player_win,-10.0,7,72.0,4,Hard,0.1285121565651031,0.06425607828255155,1,133,105,0.0,0.0,3,0,0
Full,3,41,train,heuristic,player_win,-10.0,5,82.0,5,Expert,0.12208654873684793,0.05,1,135,106,0.0,0.0,2,0,0
Full,3,42,train,heuristic,agent_win,10.0,6,74.0,4,Hard,0.11598222130000553,0.057991110650002765,1,138,108,3.0,3.0,3,0,0
Full,3,43,train,heuristic,agent_win,10.0,6,66.0,4,Hard,0.11018311023500525,0.055091555117502626,1,141,110,3.0,3.0,3,0,0
Full,3,44,train,heuristic,agent_win,10.0,8,58.0,3,Normal,0.10467395472325498,0.08373916377860399,1,145,113,3.0,3.0,2,2,0
Full,3,45,train,heuristic,agent_win,10.0,8,50.0,3,Normal,0.09944025698709223,0.0795522055896738,1,149,117,3.0,3.0,3,0,1
Full,3,46,train,heuristic,player_win,-10.0,5,60.0,3,Normal,0.09446824413773762,0.0755745953101901,1,151,118,0.0,0.0,1,0,1
Full,3,47,train,heuristic,agent_win,10.0,10,52.0,3,Normal,0.08974483193085074,0.07179586554468059,1,156,122,3.0,3.0,3,0,2
Full,3,48,train,heuristic,agent_win,10.0,8,44.0,2,Easy,0.0852575903343082,0.09378334936773902,1,160,125,3.0,3.0,2,0,2
Full,3,49,train,heuristic,player_win,-10.0,9,54.0,3,Normal,0.08099471081759278,0.06479576865407423,1,164,128,0.0,0.0,3,0,1
Full,3,50,train,heuristic,player_win,-10.0,5,64.0,3,Normal,0.07694497527671314,0.061555980221370515,1,166,129,0.0,0.0,2,0,0
Full,3,51,train,heuristic,agent_win,10.0,6,56.0,3,Normal,0.07309772651287748,0.05847818121030199,1,169,131,3.0,3.0,2,0,1
Full,3,52,train,heuristic,player_win,-10.0,7,66.0,4,Hard,0.0694428401872336,0.05,1,172,133,0.0,0.0,2,0,1
Full,3,53,train,heuristic,player_win,-10.0,5,76.0,4,Hard,0.0659706981778719,0.05,1,174,133,0.0,0.0,2,0,0
Full,3,54,train,heuristic,agent_win,10.0,6,68.0,4,Hard,0.0626721632689783,0.05,1,177,135,3.0,3.0,3,0,0
Full,3,55,train,heuristic,agent_win,10.0,6,60.0,3,Normal,0.059538555105529384,0.05,1,180,138,3.0,3.0,3,0,0
Full,3,56,train,heuristic,player_win,-10.0,9,70.0,4,Hard,0.05656162735025291,0.05,1,184,141,0.0,0.0,3,0,1
Full,3,57,train,heuristic,agent_win,10.0,6,62.0,3,Normal,0.053733545982740265,0.05,1,187,143,3.0,3.0,3,0,0
Full,3,58,train,heuristic,player_win,-10.0,5,72.0,4,Hard,0.05104686868360325,0.05,1,189,143,0.0,0.0,1,0,1
Full,3,59,train,heuristic,agent_win,10.0,10,64.0,3,Normal,0.05,0.05,1,194,147,3.0,3.0,4,1,0
Full,3,60,train,heuristic,player_win,-10.0,11,74.0,4,Hard,0.05,0.05,1,199,151,0.0,0.0,3,0,2
Full,3,61,train,heuristic,agent_win,10.0,6,66.0,4,Hard,0.05,0.05,1,202,153,3.0,3.0,3,0,0
Full,3,62,train,heuristic,player_win,-10.0,7,76.0,4,Hard,0.05,0.05,1,205,155,0.0,0.0,3,0,0
Full,3,63,train,heuristic,agent_win,10.0,10,68.0,4,Hard,0.05,0.05,1,210,159,3.0,3.0,4,0,1
Full,3,64,train,heuristic,agent_win,10.0,6,60.0,3,Normal,0.05,0.05,1,213,161,3.0,3.0,3,0,0
Full,3,65,train,heuristic,player_win,-10.0,7,70.0,4,Hard,0.05,0.05,1,216,163,0.0,0.0,2,0,1
Full,3,66,train,heuristic,agent_win,10.0,8,62.0,3,Normal,0.05,0.05,1,220,166,3.0,3.0,4,0,0
Full,3,67,train,heuristic,player_win,-10.0,7,72.0,4,Hard,0.05,0.05,1,223,168,0.0,0.0,2,0,1
Full,3,68,train,heuristic,agent_win,10.0,8,64.0,3,Normal,0.05,0.05,1,227,171,3.0,3.0,3,0,1
Full,3,69,train,heuristic,agent_win,10.0,6,56.0,3,Normal,0.05,0.05,1,230,172,3.0,3.0,3,0,0
Full,3,70,train,heuristic,player_win,-10.0,7,66.0,4,Hard,0.05,0.05,1,233,174,0.0,0.0,3,0,0
Full,3,71,train,heuristic,player_win,-10.0,7,76.0,4,Hard,0.05,0.05,1,236,176,0.0,0.0,1,0,2
Full,3,72,train,heuristic,player_win,-10.0,7,86.0,5,Expert,0.05,0.05,1,239,178,0.0,0.0,3,0,0
Full,3,73,train,heuristic,agent_win,10.0,6,78.0,4,Hard,0.05,0.05,1,242,180,3.0,3.0,3,0,0
Full,3,74,train,heuristic,player_win,-10.0,9,88.0,5,Expert,0.05,0.05,1,246,183,0.0,0.0,3,0,1
Full,3,75,train,heuristic,agent_win,10.0,6,80.0,5,Expert,0.05,0.05,1,249,185,3.0,3.0,3,0,0
Full,3,76,train,heuristic,agent_win,10.0,6,72.0,4,Hard,0.05,0.05,1,252,187,3.0,3.0,3,0,0
Full,3,77,train,heuristic,agent_win,10.0,8,64.0,3,Normal,0.05,0.05,1,256,189,3.0,3.0,3,0,1
Full,3,78,train,heuristic,agent_win,10.0,10,56.0,3,Normal,0.05,0.05,1,261,193,3.0,3.0,4,0,1
Full,3,79,train,heuristic,agent_win,10.0,6,48.0,3,Normal,0.05,0.05,1,264,195,3.0,3.0,3,0,0
Full,3,80,train,heuristic,player_win,-10.0,5,58.0,3,Normal,0.05,0.05,1,266,196,0.0,0.0,1,0,1
Full,3,81,train,heuristic,agent_win,10.0,6,50.0,3,Normal,0.05,0.05,1,269,198,3.0,3.0,2,0,1
Full,3,82,train,heuristic,player_win,-10.0,7,60.0,3,Normal,0.05,0.05,1,272,200,0.0,0.0,1,0,2
Full,3,83,train,heuristic,player_win,-10.0,7,70.0,4,Hard,0.05,0.05,1,275,202,0.0,0.0,2,0,1
Full,3,84,train,heuristic,agent_win,10.0,6,62.0,3,Normal,0.05,0.05,1,278,204,3.0,3.0,3,0,0
Full,3,85,train,heuristic,agent_win,10.0,6,54.0,3,Normal,0.05,0.05,1,281,206,3.0,3.0,3,0,0
Full,3,86,train,heuristic,agent_win,10.0,8,46.0,3,Normal,0.05,0.05,1,285,209,3.0,3.0,2,0,2
Full,3,87,train,heuristic,player_win,-10.0,9,56.0,3,Normal,0.05,0.05,1,289,212,0.0,0.0,3,0,1
Full,3,88,train,heuristic,agent_win,10.0,6,48.0,3,Normal,0.05,0.05,1,292,214,3.0,3.0,3,0,0
Full,3,89,train,heuristic,agent_win,10.0,8,40.0,2,Easy,0.05,0.05500000000000001,1,296,217,3.0,3.0,3,0,1
Full,3,90,train,heuristic,player_win,-10.0,9,50.0,3,Normal,0.05,0.05,1,300,220,0.0,0.0,1,0,3
Full,3,91,train,heuristic,player_win,-10.0,9,60.0,3,Normal,0.05,0.05,1,304,223,0.0,0.0,2,0,2
Full,3,92,train,heuristic,player_win,-10.0,9,70.0,4,Hard,0.05,0.05,1,308,226,0.0,0.0,2,0,2
Full,3,93,train,heuristic,agent_win,10.0,8,62.0,3,Normal,0.05,0.05,1,312,229,3.0,3.0,3,0,1
Full,3,94,train,heuristic,agent_win,10.0,6,54.0,3,Normal,0.05,0.05,1,315,230,3.0,3.0,1,0,2
Full,3,95,train,heuristic,agent_win,10.0,12,46.0,3,Normal,0.05,0.05,1,321,235,3.0,3.0,3,1,2
Full,3,96,train,heuristic,agent_win,10.0,6,38.0,2,Easy,0.05,0.05500000000000001,1,324,237,3.0,3.0,3,0,0
Full,3,97,train,heuristic,player_win,-10.0,5,48.0,3,Normal,0.05,0.05,1,326,238,0.0,0.0,1,0,1
Full,3,98,train,heuristic,agent_win,10.0,6,40.0,2,Easy,0.05,0.05500000000000001,1,329,240,3.0,3.0,3,0,0
Full,3,99,train,heuristic,player_win,-10.0,7,50.0,3,Normal,0.05,0.05,1,332,242,0.0,0.0,1,1,1
Full,3,100,train,heuristic,player_win,-10.0,7,60.0,3,Normal,0.05,0.05,1,335,244,0.0,0.0,3,0,0
Full,3,101,train,heuristic,agent_win,10.0,8,52.0,3,Normal,0.05,0.05,1,339,247,3.0,3.0,3,0,1
Full,3,102,train,heuristic,agent_win,10.0,6,44.0,2,Easy,0.05,0.05500000000000001,1,342,249,3.0,3.0,1,0,2
Full,3,103,train,heuristic,player_win,-10.0,7,54.0,3,Normal,0.05,0.05,1,345,251,0.0,0.0,1,0,2
Full,3,104,train,heuristic,agent_win,10.0,6,46.0,3,Normal,0.05,0.05,1,348,253,3.0,3.0,2,0,1
Full,3,105,train,heuristic,agent_win,10.0,8,38.0,2,Easy,0.05,0.05500000000000001,1,352,256,3.0,3.0,3,0,1
Full,3,106,train,heuristic,player_win,-10.0,7,48.0,3,Normal,0.05,0.05,1,355,258,0.0,0.0,1,0,2
Full,3,107,train,heuristic,player_win,-10.0,9,58.0,3,Normal,0.05,0.05,1,359,261,0.0,0.0,2,0,2
Full,3,108,train,heuristic,player_win,-10.0,7,68.0,4,Hard,0.05,0.05,1,362,263,0.0,0.0,2,0,1
Full,3,109,train,heuristic,agent_win,10.0,8,60.0,3,Normal,0.05,0.05,1,366,266,3.0,3.0,4,0,0
Full,3,110,train,heuristic,agent_win,10.0,8,52.0,3,Normal,0.05,0.05,1,370,269,3.0,3.0,2,0,2
Full,3,111,train,heuristic,agent_win,10.0,8,44.0,2,Easy,0.05,0.05500000000000001,1,374,272,3.0,3.0,3,0,1
Full,3,112,train,heuristic,player_win,-10.0,7,54.0,3,Normal,0.05,0.05,1,377,274,0.0,0.0,2,0,1
Full,3,113,train,heuristic,player_win,-10.0,9,64.0,3,Normal,0.05,0.05,1,381,277,0.0,0.0,3,0,1
Full,3,114,train,heuristic,agent_win,10.0,12,56.0,3,Normal,0.05,0.05,1,387,282,3.0,3.0,4,0,2
Full,3,115,train,heuristic,agent_win,10.0,6,48.0,3,Normal,0.05,0.05,1,390,283,3.0,3.0,2,1,0
Full,3,116,train,heuristic,agent_win,10.0,8,40.0,2,Easy,0.05,0.05500000000000001,1,394,286,3.0,3.0,3,0,1
Full,3,117,train,heuristic,player_win,-10.0,7,50.0,3,Normal,0.05,0.05,1,397,288,0.0,0.0,2,1,0
Full,3,118,train,heuristic,agent_win,10.0,6,42.0,2,Easy,0.05,0.05500000000000001,1,400,290,3.0,3.0,2,0,1
Full,3,119,train,heuristic,agent_win,10.0,8,34.0,2,Easy,0.05,0.05500000000000001,1,404,293,3.0,3.0,2,0,2
Full,3,120,train,heuristic,player_win,-10.0,7,44.0,2,Easy,0.05,0.05500000000000001,1,407,295,0.0,0.0,1,0,2
Full,3,121,train,heuristic,player_win,-10.0,7,54.0,3,Normal,0.05,0.05,1,410,297,0.0,0.0,1,0,2
Full,3,122,train,heuristic,player_win,-10.0,7,64.0,3,Normal,0.05,0.05,1,413,299,0.0,0.0,2,1,0
Full,3,123,train,heuristic,player_win,-10.0,11,74.0,4,Hard,0.05,0.05,1,418,303,0.0,0.0,2,0,3
Full,3,124,train,heuristic,player_win,-10.0,7,84.0,5,Expert,0.05,0.05,1,421,305,0.0,0.0,1,1,1
Full,3,125,train,heuristic,agent_win,10.0,8,76.0,4,Hard,0.05,0.05,1,425,308,3.0,3.0,4,0,0
Full,3,126,train,heuristic,agent_win,10.0,8,68.0,4,Hard,0.05,0.05,1,429,309,3.0,3.0,4,0,0
Full,3,127,train,heuristic,agent_win,10.0,8,60.0,3,Normal,0.05,0.05,1,433,312,3.0,3.0,3,0,1
Full,3,128,train,heuristic,player_win,-10.0,11,70.0,4,Hard,0.05,0.05,1,438,316,0.0,0.0,3,0,2
Full,3,129,train,heuristic,player_win,-10.0,7,80.0,5,Expert,0.05,0.05,1,441,318,0.0,0.0,2,0,1
Full,3,130,train,heuristic,agent_win,10.0,6,72.0,4,Hard,0.05,0.05,1,444,320,3.0,3.0,3,0,0
Full,3,131,train,heuristic,agent_win,10.0,6,64.0,3,Normal,0.05,0.05,1,447,320,2.0999999999999996,2.0999999999999996,3,0,0
Full,3,132,train,heuristic,agent_win,10.0,8,56.0,3,Normal,0.05,0.05,1,451,323,3.0,3.0,2,0,2
Full,3,133,train,heuristic,player_win,-10.0,7,66.0,4,Hard,0.05,0.05,1,454,325,0.0,0.0,1,0,2
Full,3,134,train,heuristic,agent_win,10.0,6,58.0,3,Normal,0.05,0.05,1,457,326,3.0,3.0,3,0,0
Full,3,135,train,heuristic,player_win,-10.0,11,68.0,4,Hard,0.05,0.05,1,462,330,0.0,0.0,3,0,2
Full,3,136,train,heuristic,agent_win,10.0,6,60.0,3,Normal,0.05,0.05,1,465,332,3.0,3.0,3,0,0
Full,3,137,train,heuristic,agent_win,10.0,8,52.0,3,Normal,0.05,0.05,1,469,334,3.0,3.0,4,0,0
Full,3,138,train,heuristic,agent_win,10.0,6,44.0,2,Easy,0.05,0.05500000000000001,1,472,336,3.0,3.0,1,0,2
Full,3,139,train,heuristic,agent_win,10.0,10,36.0,2,Easy,0.05,0.05500000000000001,1,477,340,3.0,3.0,3,0,2
Full,3,140,train,heuristic,player_win,-10.0,9,46.0,3,Normal,0.05,0.05,1,481,343,0.0,0.0,3,1,0
Full,3,141,train,heuristic,agent_win,10.0,8,38.0,2,Easy,0.05,0.05500000000000001,1,485,345,3.0,3.0,3,1,0
Full,3,142,train,heuristic,player_win,-10.0,7,48.0,3,Normal,0.05,0.05,1,488,347,0.0,0.0,2,0,1
Full,3,143,train,heuristic,player_win,-10.0,11,58.0,3,Normal,0.05,0.05,1,493,351,0.0,0.0,3,0,2
Full,3,144,train,heuristic,player_win,-10.0,5,68.0,4,Hard,0.05,0.05,1,495,352,0.0,0.0,1,0,1
Full,3,145,train,heuristic,agent_win,10.0,6,60.0,3,Normal,0.05,0.05,1,498,354,3.0,3.0,3,0,0
Full,3,146,train,heuristic,player_win,-10.0,7,70.0,4,Hard,0.05,0.05,1,501,356,0.0,0.0,2,0,1
Full,3,147,train,heuristic,player_win,-10.0,5,80.0,5,Expert,0.05,0.05,1,503,357,0.0,0.0,1,0,1
Full,3,148,train,heuristic,agent_win,10.0,8,72.0,4,Hard,0.05,0.05,1,507,360,3.0,3.0,3,0,1
Full,3,149,train,heuristic,agent_win,10.0,6,64.0,3,Normal,0.05,0.05,1,510,361,3.0,3.0,3,0,0
Full,3,150,train,heuristic,agent_win,10.0,6,56.0,3,Normal,0.05,0.05,1,513,363,3.0,3.0,2,0,1
Full,3,151,train,heuristic,agent_win,10.0,10,48.0,3,Normal,0.05,0.05,1,518,367,3.0,3.0,3,0,2
Full,3,152,train,heuristic,agent_win,10.0,8,40.0,2,Easy,0.05,0.05500000000000001,1,522,370,3.0,3.0,3,0,1
Full,3,153,train,heuristic,player_win,-10.0,7,50.0,3,Normal,0.05,0.05,1,525,372,0.0,0.0,2,0,1
Full,3,154,train,heuristic,player_win,-10.0,5,60.0,3,Normal,0.05,0.05,1,527,373,0.0,0.0,1,0,1
Full,3,155,train,heuristic,player_win,-10.0,7,70.0,4,Hard,0.05,0.05,1,530,375,0.0,0.0,2,0,1
Full,3,156,train,heuristic,agent_win,10.0,6,62.0,3,Normal,0.05,0.05,1,533,377,3.0,3.0,3,0,0
Full,3,157,train,heuristic,agent_win,10.0,8,54.0,3,Normal,0.05,0.05,1,537,380,3.0,3.0,1,0,3
Full,3,158,train,heuristic,agent_win,10.0,6,46.0,3,Normal,0.05,0.05,1,540,381,3.0,3.0,2,0,1
Full,3,159,train,heuristic,player_win,-10.0,11,56.0,3,Normal,0.05,0.05,1,545,385,0.0,0.0,2,0,3
Full,3,160,train,heuristic,agent_win,10.0,6,48.0,3,Normal,0.05,0.05,1,548,387,3.0,3.0,2,0,1
Full,3,161,train,heuristic,agent_win,10.0,8,40.0,2,Easy,0.05,0.05500000000000001,1,552,389,3.0,3.0,3,0,1
Full,3,162,train,heuristic,player_win,-10.0,11,50.0,3,Normal,0.05,0.05,1,557,393,0.0,0.0,3,0,2
Full,3,163,train,heuristic,player_win,-10.0,13,60.0,3,Normal,0.05,0.05,1,563,398,0.0,0.0,4,0,2
Full,3,164,train,heuristic,agent_win,10.0,8,52.0,3,Normal,0.05,0.05,1,567,401,3.0,3.0,4,0,0
Full,3,165,train,heuristic,player_win,-10.0,7,62.0,3,Normal,0.05,0.05,1,570,403,0.0,0.0,2,0,1
Full,3,166,train,heuristic,agent_win,10.0,10,54.0,3,Normal,0.05,0.05,1,575,407,3.0,3.0,2,0,3
Full,3,167,train,heuristic,player_win,-10.0,5,64.0,3,Normal,0.05,0.05,1,577,408,0.0,0.0,2,0,0
Full,3,168,train,heuristic,agent_win,10.0,6,56.0,3,Normal,0.05,0.05,1,580,408,2.0999999999999996,2.0999999999999996,3,0,0
Full,3,169,train,heuristic,agent_win,10.0,6,48.0,3,Normal,0.05,0.05,1,583,410,3.0,3.0,3,0,0
Full,3,170,train,heuristic,player_win,-10.0,7,58.0,3,Normal,0.05,0.05,1,586,412,0.0,0.0,2,0,1
Full,3,171,train,heuristic,agent_win,10.0,8,50.0,3,Normal,0.05,0.05,1,590,415,3.0,3.0,4,0,0
Full,3,172,train,heuristic,player_win,-10.0,7,60.0,3,Normal,0.05,0.05,1,593,417,0.0,0.0,2,0,1
Full,3,173,train,heuristic,player_win,-10.0,7,70.0,4,Hard,0.05,0.05,1,596,418,0.0,0.0,2,0,1
Full,3,174,train,heuristic,agent_win,10.0,8,62.0,3,Normal,0.05,0.05,1,600,418,3.0,3.0,4,0,0
Full,3,175,train,heuristic,agent_win,10.0,8,54.0,3,Normal,0.05,0.05,1,604,421,3.0,3.0,3,0,1
Full,3,176,train,heuristic,player_win,-10.0,7,64.0,3,Normal,0.05,0.05,1,607,423,0.0,0.0,2,0,1
Full,3,177,train,heuristic,player_win,-10.0,7,74.0,4,Hard,0.05,0.05,1,610,425,0.0,0.0,1,0,2
Full,3,178,train,heuristic,agent_win,10.0,6,66.0,4,Hard,0.05,0.05,1,613,426,1.4699999999999998,1.4699999999999998,3,0,0
Full,3,179,train,heuristic,player_win,-10.0,5,76.0,4,Hard,0.05,0.05,1,615,426,0.0,0.0,2,0,0
Full,3,180,train,heuristic,player_win,-10.0,7,86.0,5,Expert,0.05,0.05,1,618,427,0.0,0.0,2,0,1
Full,3,181,train,heuristic,agent_win,10.0,8,78.0,4,Hard,0.05,0.05,1,622,430,3.0,3.0,3,0,1
Full,3,182,train,heuristic,agent_win,10.0,6,70.0,4,Hard,0.05,0.05,1,625,432,3.0,3.0,3,0,0
Full,3,183,train,heuristic,agent_win,10.0,8,62.0,3,Normal,0.05,0.05,1,629,434,3.0,3.0,3,0,1
Full,3,184,train,heuristic,agent_win,10.0,6,54.0,3,Normal,0.05,0.05,1,632,436,3.0,3.0,2,0,1
Full,3,185,train,heuristic,agent_win,10.0,8,46.0,3,Normal,0.05,0.05,1,636,439,3.0,3.0,2,0,2
Full,3,186,train,heuristic,agent_win,10.0,12,38.0,2,Easy,0.05,0.05500000000000001,1,642,444,3.0,3.0,6,0,0
Full,3,187,train,heuristic,agent_win,10.0,6,30.0,2,Easy,0.05,0.05500000000000001,1,645,446,3.0,3.0,1,0,2
Full,3,188,train,heuristic,player_win,-10.0,7,40.0,2,Easy,0.05,0.05500000000000001,1,648,448,0.0,0.0,1,0,2
Full,3,189,train,heuristic,player_win,-10.0,5,50.0,3,Normal,0.05,0.05,1,650,449,0.0,0.0,2,0,0
Full,3,190,train,heuristic,agent_win,10.0,8,42.0,2,Easy,0.05,0.05500000000000001,1,654,451,3.0,3.0,4,0,0
Full,3,191,train,heuristic,player_win,-10.0,9,52.0,3,Normal,0.05,0.05,1,658,454,0.0,0.0,2,0,2
Full,3,192,train,heuristic,agent_win,10.0,8,44.0,2,Easy,0.05,0.05500000000000001,1,662,457,3.0,3.0,3,0,1
Full,3,193,train,heuristic,agent_win,10.0,6,36.0,2,Easy,0.05,0.05500000000000001,1,665,459,3.0,3.0,3,0,0
Full,3,194,train,heuristic,player_win,-10.0,9,46.0,3,Normal,0.05,0.05,1,669,462,0.0,0.0,4,0,0
Full,3,195,train,heuristic,agent_win,10.0,6,38.0,2,Easy,0.05,0.05500000000000001,1,672,464,3.0,3.0,3,0,0
Full,3,196,train,heuristic,player_win,-10.0,5,48.0,3,Normal,0.05,0.05,1,674,465,0.0,0.0,1,0,1
Full,3,197,train,heuristic,player_win,-10.0,9,58.0,3,Normal,0.05,0.05,1,678,468,0.0,0.0,3,0,1
Full,3,198,train,heuristic,agent_win,10.0,6,50.0,3,Normal,0.05,0.05,1,681,470,3.0,3.0,3,0,0
Full,3,199,train,heuristic,player_win,-10.0,7,60.0,3,Normal,0.05,0.05,1,684,472,0.0,0.0,1,0,2
Full,3,200,train,heuristic,player_win,-10.0,5,70.0,4,Hard,0.05,0.05,1,686,473,0.0,0.0,1,0,1
Full,3,201,train,heuristic,agent_win,10.0,6,62.0,3,Normal,0.05,0.05,1,689,475,3.0,3.0,3,0,0
Full,3,202,train,heuristic,player_win,-10.0,7,72.0,4,Hard,0.05,0.05,1,692,477,0.0,0.0,1,0,2
Full,3,203,train,heuristic,player_win,-10.0,5,82.0,5,Expert,0.05,0.05,1,694,478,0.0,0.0,2,0,0
Full,3,204,train,heuristic,agent_win,10.0,6,74.0,4,Hard,0.05,0.05,1,697,480,3.0,3.0,3,0,0
Full,3,205,train,heuristic,agent_win,10.0,8,66.0,4,Hard,0.05,0.05,1,701,483,3.0,3.0,4,0,0
Full,3,206,train,heuristic,agent_win,10.0,6,58.0,3,Normal,0.05,0.05,1,704,484,3.0,3.0,2,0,1
Full,3,207,train,heuristic,player_win,-10.0,7,68.0,4,Hard,0.05,0.05,1,707,486,0.0,0.0,2,0,1
Full,3,208,train,heuristic,agent_win,10.0,6,60.0,3,Normal,0.05,0.05,1,710,488,3.0,3.0,3,0,0
Full,3,209,train,heuristic,agent_win,10.0,6,52.0,3,Normal,0.05,0.05,1,713,490,3.0,3.0,2,0,1
Full,3,210,train,heuristic,player_win,-10.0,7,62.0,3,Normal,0.05,0.05,1,716,492,0.0,0.0,2,0,1
Full,3,211,train,heuristic,player_win,-10.0,7,72.0,4,Hard,0.05,0.05,1,719,493,0.0,0.0,2,0,1
Full,3,212,train,heuristic,agent_win,10.0,6,64.0,3,Normal,0.05,0.05,1,722,493,1.4699999999999998,1.4699999999999998,3,0,0
Full,3,213,train,heuristic,player_win,-10.0,9,74.0,4,Hard,0.05,0.05,1,726,496,0.0,0.0,3,0,1
Full,3,214,train,heuristic,player_win,-10.0,7,84.0,5,Expert,0.05,0.05,1,729,497,0.0,0.0,2,0,1
Full,3,215,train,heuristic,agent_win,10.0,6,76.0,4,Hard,0.05,0.05,1,732,499,3.0,3.0,3,0,0
Full,3,216,train,heuristic,player_win,-10.0,9,86.0,5,Expert,0.05,0.05,1,736,502,0.0,0.0,4,0,0
Full,3,217,train,heuristic,agent_win,10.0,8,78.0,4,Hard,0.05,0.05,1,740,505,3.0,3.0,3,0,1
Full,3,218,train,heuristic,agent_win,10.0,6,70.0,4,Hard,0.05,0.05,1,743,506,3.0,3.0,3,0,0
Full,3,219,train,heuristic,agent_win,10.0,6,62.0,3,Normal,0.05,0.05,1,746,508,3.0,3.0,3,0,0
Full,3,220,train,heuristic,player_win,-10.0,7,72.0,4,Hard,0.05,0.05,1,749,510,0.0,0.0,1,0,2
Full,3,221,train,heuristic,agent_win,10.0,6,64.0,3,Normal,0.05,0.05,1,752,512,3.0,3.0,3,0,0
Full,3,222,train,heuristic,player_win,-10.0,7,74.0,4,Hard,0.05,0.05,1,755,513,0.0,0.0,2,0,1
Full,3,223,train,heuristic,agent_win,10.0,6,66.0,4,Hard,0.05,0.05,1,758,515,3.0,3.0,2,0,1
Full,3,224,train,heuristic,player_win,-10.0,7,76.0,4,Hard,0.05,0.05,1,761,516,0.0,0.0,2,0,1
Full,3,225,train,heuristic,agent_win,10.0,8,68.0,4,Hard,0.05,0.05,1,765,519,3.0,3.0,3,0,1
Full,3,226,train,heuristic,agent_win,10.0,6,60.0,3,Normal,0.05,0.05,1,768,521,3.0,3.0,2,0,1
Full,3,227,train,heuristic,player_win,-10.0,9,70.0,4,Hard,0.05,0.05,1,772,524,0.0,0.0,2,0,2
Full,3,228,train,heuristic,agent_win,10.0,6,62.0,3,Normal,0.05,0.05,1,775,525,3.0,3.0,3,0,0
Full,3,229,train,heuristic,agent_win,10.0,8,54.0,3,Normal,0.05,0.05,1,779,528,3.0,3.0,2,0,2
Full,3,230,train,heuristic,draw,3.0,16,57.0,3,Normal,0.05,0.05,1,787,535,0.8999999999999999,0.8999999999999999,6,0,2
Full,3,231,train,heuristic,agent_win,10.0,8,49.0,3,Normal,0.05,0.05,1,791,538,3.0,3.0,3,0,1
Full,3,232,train,heuristic,agent_win,10.0,8,41.0,2,Easy,0.05,0.05500000000000001,1,795,540,3.0,3.0,4,0,0
Full,3,233,train,heuristic,agent_win,10.0,8,33.0,2,Easy,0.05,0.05500000000000001,1,799,543,3.0,3.0,2,0,2
Full,3,234,train,heuristic,player_win,-10.0,7,43.0,2,Easy,0.05,0.05500000000000001,1,802,545,0.0,0.0,1,0,2
Full,3,235,train,heuristic,agent_win,10.0,6,35.0,2,Easy,0.05,0.05500000000000001,1,805,547,3.0,3.0,1,0,2
Full,3,236,train,heuristic,player_win,-10.0,7,45.0,3,Normal,0.05,0.05,1,808,549,0.0,0.0,2,0,1
Full,3,237,train,heuristic,player_win,-10.0,5,55.0,3,Normal,0.05,0.05,1,810,550,0.0,0.0,2,0,0
Full,3,238,train,heuristic,agent_win,10.0,8,47.0,3,Normal,0.05,0.05,1,814,553,3.0,3.0,3,0,1
Full,3,239,train,heuristic,player_win,-10.0,9,57.0,3,Normal,0.05,0.05,1,818,556,0.0,0.0,2,0,2
Full,3,240,train,heuristic,agent_win,10.0,6,49.0,3,Normal,0.05,0.05,1,821,556,1.029,1.029,3,0,0
Full,3,241,train,heuristic,agent_win,10.0,8,41.0,2,Easy,0.05,0.05500000000000001,1,825,559,3.0,3.0,2,0,2
Full,3,242,train,heuristic,agent_win,10.0,6,33.0,2,Easy,0.05,0.05500000000000001,1,828,559,2.0999999999999996,2.0999999999999996,3,0,0
Full,3,243,train,heuristic,player_win,-10.0,7,43.0,2,Easy,0.05,0.05500000000000001,1,831,561,0.0,0.0,2,0,1
Full,3,244,train,heuristic,player_win,-10.0,7,53.0,3,Normal,0.05,0.05,1,834,563,0.0,0.0,2,0,1
Full,3,245,train,heuristic,agent_win,10.0,10,45.0,3,Normal,0.05,0.05,1,839,567,3.0,3.0,4,0,1
Full,3,246,train,heuristic,player_win,-10.0,5,55.0,3,Normal,0.05,0.05,1,841,568,0.0,0.0,1,0,1
Full,3,247,train,heuristic,agent_win,10.0,6,47.0,3,Normal,0.05,0.05,1,844,569,3.0,3.0,3,0,0
Full,3,248,train,heuristic,player_win,-10.0,5,57.0,3,Normal,0.05,0.05,1,846,570,0.0,0.0,2,0,0
Full,3,249,train,heuristic,agent_win,10.0,10,49.0,3,Normal,0.05,0.05,1,851,574,3.0,3.0,2,0,3
Full,3,250,train,heuristic,player_win,-10.0,5,59.0,3,Normal,0.05,0.05,1,853,575,0.0,0.0,1,0,1
Full,3,251,train,heuristic,agent_win,10.0,6,51.0,3,Normal,0.05,0.05,1,856,577,3.0,3.0,3,0,0
Full,3,252,train,heuristic,agent_win,10.0,8,43.0,2,Easy,0.05,0.05500000000000001,1,860,580,3.0,3.0,3,0,1
Full,3,253,train,heuristic,agent_win,10.0,6,35.0,2,Easy,0.05,0.05500000000000001,1,863,582,3.0,3.0,3,0,0
Full,3,254,train,heuristic,agent_win,10.0,6,27.0,2,Easy,0.05,0.05500000000000001,1,866,584,3.0,3.0,1,0,2
Full,3,255,train,heuristic,agent_win,10.0,8,19.0,1,Very Easy,0.05,0.0675,1,870,587,3.0,3.0,3,0,1
Full,3,256,train,heuristic,player_win,-10.0,7,29.0,2,Easy,0.05,0.05500000000000001,1,873,589,0.0,0.0,2,0,1
Full,3,257,train,heuristic,agent_win,10.0,6,21.0,1,Very Easy,0.05,0.0675,1,876,591,3.0,3.0,1,0,2
Full,3,258,train,heuristic,player_win,-10.0,11,31.0,2,Easy,0.05,0.05500000000000001,1,881,595,0.0,0.0,3,0,2
Full,3,259,train,heuristic,player_win,-10.0,7,41.0,2,Easy,0.05,0.05500000000000001,1,884,597,0.0,0.0,1,1,1
Full,3,260,train,heuristic,agent_win,10.0,8,33.0,2,Easy,0.05,0.05500000000000001,1,888,600,3.0,3.0,3,0,1
Full,3,261,train,heuristic,player_win,-10.0,7,43.0,2,Easy,0.05,0.05500000000000001,1,891,602,0.0,0.0,2,0,1
Full,3,262,train,heuristic,player_win,-10.0,9,53.0,3,Normal,0.05,0.05,1,895,605,0.0,0.0,3,1,0
Full,3,263,train,heuristic,agent_win,10.0,6,45.0,3,Normal,0.05,0.05,1,898,607,3.0,3.0,3,0,0
Full,3,264,train,heuristic,player_win,-10.0,9,55.0,3,Normal,0.05,0.05,1,902,610,0.0,0.0,3,0,1
Full,3,265,train,heuristic,player_win,-10.0,9,65.0,4,Hard,0.05,0.05,1,906,613,0.0,0.0,1,1,2
Full,3,266,train,heuristic,agent_win,10.0,10,57.0,3,Normal,0.05,0.05,1,911,617,3.0,3.0,3,0,2
Full,3,267,train,heuristic,agent_win,10.0,10,49.0,3,Normal,0.05,0.05,1,916,620,3.0,3.0,2,0,3
Full,3,268,train,heuristic,player_win,-10.0,7,59.0,3,Normal,0.05,0.05,1,919,621,0.0,0.0,2,0,1
Full,3,269,train,heuristic,agent_win,10.0,10,51.0,3,Normal,0.05,0.05,1,924,625,3.0,3.0,3,0,2
Full,3,270,train,heuristic,agent_win,10.0,6,43.0,2,Easy,0.05,0.05500000000000001,1,927,627,3.0,3.0,3,0,0
Full,3,271,train,heuristic,agent_win,10.0,8,35.0,2,Easy,0.05,0.05500000000000001,1,931,630,3.0,3.0,3,0,1
Full,3,272,train,heuristic,agent_win,10.0,6,27.0,2,Easy,0.05,0.05500000000000001,1,934,632,3.0,3.0,2,0,1
Full,3,273,train,heuristic,player_win,-10.0,7,37.0,2,Easy,0.05,0.05500000000000001,1,937,634,0.0,0.0,1,1,1
Full,3,274,train,heuristic,agent_win,10.0,6,29.0,2,Easy,0.05,0.05500000000000001,1,940,636,3.0,3.0,2,0,1
Full,3,275,train,heuristic,player_win,-10.0,7,39.0,2,Easy,0.05,0.05500000000000001,1,943,638,0.0,0.0,2,0,1
Full,3,276,train,heuristic,player_win,-10.0,9,49.0,3,Normal,0.05,0.05,1,947,641,0.0,0.0,1,0,3
Full,3,277,train,heuristic,agent_win,10.0,8,41.0,2,Easy,0.05,0.05500000000000001,1,951,644,3.0,3.0,2,0,2
Full,3,278,train,heuristic,agent_win,10.0,8,33.0,2,Easy,0.05,0.05500000000000001,1,955,647,3.0,3.0,2,0,2
Full,3,279,train,heuristic,agent_win,10.0,10,25.0,2,Easy,0.05,0.05500000000000001,1,960,651,3.0,3.0,3,0,2
Full,3,280,train,heuristic,player_win,-10.0,9,35.0,2,Easy,0.05,0.05500000000000001,1,964,654,0.0,0.0,2,0,2
Full,3,281,train,heuristic,player_win,-10.0,7,45.0,3,Normal,0.05,0.05,1,967,656,0.0,0.0,2,0,1
Full,3,282,train,heuristic,player_win,-10.0,7,55.0,3,Normal,0.05,0.05,1,970,658,0.0,0.0,2,0,1
Full,3,283,train,heuristic,agent_win,10.0,6,47.0,3,Normal,0.05,0.05,1,973,660,3.0,3.0,2,0,1
Full,3,284,train,heuristic,agent_win,10.0,8,39.0,2,Easy,0.05,0.05500000000000001,1,977,663,3.0,3.0,4,0,0
Full,3,285,train,heuristic,agent_win,10.0,10,31.0,2,Easy,0.05,0.05500000000000001,1,982,667,3.0,3.0,4,0,1
Full,3,286,train,heuristic,agent_win,10.0,6,23.0,1,Very Easy,0.05,0.0675,1,985,669,3.0,3.0,2,0,1
Full,3,287,train,heuristic,agent_win,10.0,8,15.0,1,Very Easy,0.05,0.0675,1,989,671,3.0,3.0,2,0,2
Full,3,288,train,heuristic,player_win,-10.0,9,25.0,2,Easy,0.05,0.05500000000000001,1,993,674,0.0,0.0,2,0,2
Full,3,289,train,heuristic,player_win,-10.0,11,35.0,2,Easy,0.05,0.05500000000000001,1,998,678,0.0,0.0,2,0,3
Full,3,290,train,heuristic,agent_win,10.0,10,27.0,2,Easy,0.05,0.05500000000000001,1,1003,682,3.0,3.0,3,0,2
Full,3,291,train,heuristic,player_win,-10.0,7,37.0,2,Easy,0.05,0.05500000000000001,1,1006,684,0.0,0.0,2,0,1
Full,3,292,train,heuristic,player_win,-10.0,5,47.0,3,Normal,0.05,0.05,1,1008,685,0.0,0.0,1,0,1
Full,3,293,train,heuristic,player_win,-10.0,11,57.0,3,Normal,0.05,0.05,1,1013,689,0.0,0.0,3,1,1
Full,3,294,train,heuristic,agent_win,10.0,6,49.0,3,Normal,0.05,0.05,1,1016,691,3.0,3.0,3,0,0
Full,3,295,train,heuristic,agent_win,10.0,10,41.0,2,Easy,0.05,0.05500000000000001,1,1021,695,3.0,3.0,3,0,2
Full,3,296,train,heuristic,player_win,-10.0,7,51.0,3,Normal,0.05,0.05,1,1024,697,0.0,0.0,1,0,2
Full,3,297,train,heuristic,player_win,-10.0,7,61.0,3,Normal,0.05,0.05,1,1027,698,0.0,0.0,3,0,0
Full,3,298,train,heuristic,agent_win,10.0,8,53.0,3,Normal,0.05,0.05,1,1031,701,3.0,3.0,3,0,1
Full,3,299,train,heuristic,agent_win,10.0,8,45.0,3,Normal,0.05,0.05,1,1035,704,3.0,3.0,3,0,1
Full,3,300,train,heuristic,agent_win,10.0,6,37.0,2,Easy,0.05,0.05500000000000001,1,1038,706,3.0,3.0,3,0,0
Full,3,301,train,heuristic,agent_win,10.0,8,29.0,2,Easy,0.05,0.05500000000000001,1,1042,709,3.0,3.0,2,0,2
Full,3,302,train,heuristic,agent_win,10.0,8,21.0,1,Very Easy,0.05,0.0675,1,1046,712,3.0,3.0,2,0,2
Full,3,303,train,heuristic,agent_win,10.0,8,13.0,1,Very Easy,0.05,0.0675,1,1050,715,3.0,3.0,3,0,1
Full,3,304,train,heuristic,player_win,-10.0,9,23.0,1,Very Easy,0.05,0.0675,1,1054,718,0.0,0.0,3,0,1
Full,3,305,train,heuristic,player_win,-10.0,7,33.0,2,Easy,0.05,0.05500000000000001,1,1057,720,0.0,0.0,1,0,2
Full,3,306,train,heuristic,player_win,-10.0,9,43.0,2,Easy,0.05,0.05500000000000001,1,1061,723,0.0,0.0,1,0,3
Full,3,307,train,heuristic,player_win,-10.0,7,53.0,3,Normal,0.05,0.05,1,1064,725,0.0,0.0,2,0,1
Full,3,308,train,heuristic,player_win,-10.0,11,63.0,3,Normal,0.05,0.05,1,1069,729,0.0,0.0,3,0,2
Full,3,309,train,heuristic,agent_win,10.0,6,55.0,3,Normal,0.05,0.05,1,1072,731,3.0,3.0,3,0,0
Full,3,310,train,heuristic,player_win,-10.0,7,65.0,4,Hard,0.05,0.05,1,1075,733,0.0,0.0,2,0,1
Full,3,311,train,heuristic,agent_win,10.0,6,57.0,3,Normal,0.05,0.05,1,1078,734,3.0,3.0,3,0,0
Full,3,312,train,heuristic,player_win,-10.0,7,67.0,4,Hard,0.05,0.05,1,1081,735,0.0,0.0,1,0,2
Full,3,313,train,heuristic,agent_win,10.0,6,59.0,3,Normal,0.05,0.05,1,1084,736,3.0,3.0,3,0,0
Full,3,314,train,heuristic,agent_win,10.0,6,51.0,3,Normal,0.05,0.05,1,1087,736,2.0999999999999996,2.0999999999999996,2,0,1
Full,3,315,train,heuristic,player_win,-10.0,7,61.0,3,Normal,0.05,0.05,1,1090,738,0.0,0.0,3,0,0
Full,3,316,train,heuristic,agent_win,10.0,6,53.0,3,Normal,0.05,0.05,1,1093,740,3.0,3.0,3,0,0
Full,3,317,train,heuristic,agent_win,10.0,14,45.0,3,Normal,0.05,0.05,1,1100,746,3.0,3.0,6,0,1
Full,3,318,train,heuristic,agent_win,10.0,6,37.0,2,Easy,0.05,0.05500000000000001,1,1103,748,3.0,3.0,2,0,1
Full,3,319,train,heuristic,player_win,-10.0,9,47.0,3,Normal,0.05,0.05,1,1107,750,0.0,0.0,1,0,3
Full,3,320,train,heuristic,agent_win,10.0,6,39.0,2,Easy,0.05,0.05500000000000001,1,1110,751,3.0,3.0,2,0,1
Full,3,321,train,heuristic,player_win,-10.0,9,49.0,3,Normal,0.05,0.05,1,1114,753,0.0,0.0,2,0,2
Full,3,322,train,heuristic,player_win,-10.0,7,59.0,3,Normal,0.05,0.05,1,1117,755,0.0,0.0,2,0,1
Full,3,323,train,heuristic,agent_win,10.0,8,51.0,3,Normal,0.05,0.05,1,1121,757,3.0,3.0,3,0,1
Full,3,324,train,heuristic,agent_win,10.0,8,43.0,2,Easy,0.05,0.05500000000000001,1,1125,760,3.0,3.0,3,0,1
Full,3,325,train,heuristic,player_win,-10.0,11,53.0,3,Normal,0.05,0.05,1,1130,762,0.0,0.0,2,0,3
Full,3,326,train,heuristic,player_win,-10.0,5,63.0,3,Normal,0.05,0.05,1,1132,762,0.0,0.0,2,0,0
Full,3,327,train,heuristic,agent_win,10.0,8,55.0,3,Normal,0.05,0.05,1,1136,765,3.0,3.0,2,0,2
Full,3,328,train,heuristic,player_win,-10.0,7,65.0,4,Hard,0.05,0.05,1,1139,766,0.0,0.0,2,0,1
Full,3,329,train,heuristic,agent_win,10.0,8,57.0,3,Normal,0.05,0.05,1,1143,769,3.0,3.0,3,0,1
Full,3,330,train,heuristic,player_win,-10.0,7,67.0,4,Hard,0.05,0.05,1,1146,771,0.0,0.0,2,0,1
Full,3,331,train,heuristic,player_win,-10.0,11,77.0,4,Hard,0.05,0.05,1,1151,775,0.0,0.0,3,0,2
Full,3,332,train,heuristic,agent_win,10.0,10,69.0,4,Hard,0.05,0.05,1,1156,779,3.0,3.0,3,0,2
Full,3,333,train,heuristic,player_win,-10.0,7,79.0,4,Hard,0.05,0.05,1,1159,781,0.0,0.0,2,1,0
Full,3,334,train,heuristic,player_win,-10.0,7,89.0,5,Expert,0.05,0.05,1,1162,782,0.0,0.0,2,0,1
Full,3,335,train,heuristic,agent_win,10.0,6,81.0,5,Expert,0.05,0.05,1,1165,784,3.0,3.0,3,0,0
Full,3,336,train,heuristic,agent_win,10.0,6,73.0,4,Hard,0.05,0.05,1,1168,785,3.0,3.0,3,0,0
Full,3,337,train,heuristic,agent_win,10.0,6,65.0,4,Hard,0.05,0.05,1,1171,786,3.0,3.0,2,0,1
Full,3,338,train,heuristic,player_win,-10.0,5,75.0,4,Hard,0.05,0.05,1,1173,787,0.0,0.0,1,0,1
Full,3,339,train,heuristic,agent_win,10.0,8,67.0,4,Hard,0.05,0.05,1,1177,790,3.0,3.0,3,0,1
Full,3,340,train,heuristic,player_win,-10.0,5,77.0,4,Hard,0.05,0.05,1,1179,790,0.0,0.0,2,0,0
Full,3,341,train,heuristic,agent_win,10.0,6,69.0,4,Hard,0.05,0.05,1,1182,791,3.0,3.0,2,0,1
Full,3,342,train,heuristic,player_win,-10.0,5,79.0,4,Hard,0.05,0.05,1,1184,791,0.0,0.0,2,0,0
Full,3,343,train,heuristic,agent_win,10.0,8,71.0,4,Hard,0.05,0.05,1,1188,794,3.0,3.0,3,1,0
Full,3,344,train,heuristic,agent_win,10.0,6,63.0,3,Normal,0.05,0.05,1,1191,794,2.0999999999999996,2.0999999999999996,3,0,0
Full,3,345,train,heuristic,agent_win,10.0,6,55.0,3,Normal,0.05,0.05,1,1194,796,3.0,3.0,2,0,1
Full,3,346,train,heuristic,player_win,-10.0,9,65.0,4,Hard,0.05,0.05,1,1198,799,0.0,0.0,2,0,2
Full,3,347,train,heuristic,agent_win,10.0,6,57.0,3,Normal,0.05,0.05,1,1201,801,3.0,3.0,3,0,0
Full,3,348,train,heuristic,agent_win,10.0,6,49.0,3,Normal,0.05,0.05,1,1204,803,3.0,3.0,3,0,0
Full,3,349,train,heuristic,player_win,-10.0,7,59.0,3,Normal,0.05,0.05,1,1207,805,0.0,0.0,2,0,1
Full,3,350,train,heuristic,player_win,-10.0,7,69.0,4,Hard,0.05,0.05,1,1210,806,0.0,0.0,3,0,0
Full,3,351,train,heuristic,agent_win,10.0,6,61.0,3,Normal,0.05,0.05,1,1213,808,3.0,3.0,2,0,1
Full,3,352,train,heuristic,player_win,-10.0,7,71.0,4,Hard,0.05,0.05,1,1216,810,0.0,0.0,2,0,1
Full,3,353,train,heuristic,player_win,-10.0,5,81.0,5,Expert,0.05,0.05,1,1218,810,0.0,0.0,2,0,0
Full,3,354,train,heuristic,player_win,-10.0,7,91.0,5,Expert,0.05,0.05,1,1221,812,0.0,0.0,3,0,0
Full,3,355,train,heuristic,agent_win,10.0,10,83.0,5,Expert,0.05,0.05,1,1226,816,3.0,3.0,4,0,1
Full,3,356,train,heuristic,agent_win,10.0,6,75.0,4,Hard,0.05,0.05,1,1229,818,3.0,3.0,3,0,0
Full,3,357,train,heuristic,agent_win,10.0,6,67.0,4,Hard,0.05,0.05,1,1232,820,3.0,3.0,3,0,0
Full,3,358,train,heuristic,player_win,-10.0,7,77.0,4,Hard,0.05,0.05,1,1235,822,0.0,0.0,2,0,1
Full,3,359,train,heuristic,agent_win,10.0,6,69.0,4,Hard,0.05,0.05,1,1238,823,3.0,3.0,3,0,0
Full,3,360,train,heuristic,agent_win,10.0,12,61.0,3,Normal,0.05,0.05,1,1244,828,3.0,3.0,6,0,0
Full,3,361,train,heuristic,agent_win,10.0,8,53.0,3,Normal,0.05,0.05,1,1248,831,3.0,3.0,3,0,1
Full,3,362,train,heuristic,agent_win,10.0,6,45.0,3,Normal,0.05,0.05,1,1251,831,2.0999999999999996,2.0999999999999996,3,0,0
Full,3,363,train,heuristic,agent_win,10.0,8,37.0,2,Easy,0.05,0.05500000000000001,1,1255,833,3.0,3.0,2,0,2
Full,3,364,train,heuristic,agent_win,10.0,10,29.0,2,Easy,0.05,0.05500000000000001,1,1260,837,3.0,3.0,4,0,1
Full,3,365,train,heuristic,player_win,-10.0,7,39.0,2,Easy,0.05,0.05500000000000001,1,1263,839,0.0,0.0,2,0,1
Full,3,366,train,heuristic,agent_win,10.0,14,31.0,2,Easy,0.05,0.05500000000000001,1,1270,845,3.0,3.0,5,0,2
Full,3,367,train,heuristic,player_win,-10.0,7,41.0,2,Easy,0.05,0.05500000000000001,1,1273,847,0.0,0.0,2,0,1
Full,3,368,train,heuristic,player_win,-10.0,7,51.0,3,Normal,0.05,0.05,1,1276,849,0.0,0.0,2,0,1
Full,3,369,train,heuristic,player_win,-10.0,9,61.0,3,Normal,0.05,0.05,1,1280,852,0.0,0.0,3,0,1
Full,3,370,train,heuristic,agent_win,10.0,8,53.0,3,Normal,0.05,0.05,1,1284,855,3.0,3.0,2,0,2
Full,3,371,train,heuristic,agent_win,10.0,6,45.0,3,Normal,0.05,0.05,1,1287,857,3.0,3.0,2,0,1
Full,3,372,train,heuristic,player_win,-10.0,7,55.0,3,Normal,0.05,0.05,1,1290,859,0.0,0.0,2,0,1
Full,3,373,train,heuristic,agent_win,10.0,10,47.0,3,Normal,0.05,0.05,1,1295,863,3.0,3.0,3,0,2
Full,3,374,train,heuristic,agent_win,10.0,8,39.0,2,Easy,0.05,0.05500000000000001,1,1299,865,3.0,3.0,4,0,0
Full,3,375,train,heuristic,player_win,-10.0,7,49.0,3,Normal,0.05,0.05,1,1302,867,0.0,0.0,2,0,1
Full,3,376,train,heuristic,player_win,-10.0,7,59.0,3,Normal,0.05,0.05,1,1305,869,0.0,0.0,3,0,0
Full,3,377,train,heuristic,agent_win,10.0,8,51.0,3,Normal,0.05,0.05,1,1309,872,3.0,3.0,2,0,2
Full,3,378,train,heuristic,agent_win,10.0,8,43.0,2,Easy,0.05,0.05500000000000001,1,1313,875,3.0,3.0,3,0,1
Full,3,379,train,heuristic,agent_win,10.0,8,35.0,2,Easy,0.05,0.05500000000000001,1,1317,878,3.0,3.0,2,1,1
Full,3,380,train,heuristic,agent_win,10.0,8,27.0,2,Easy,0.05,0.05500000000000001,1,1321,881,3.0,3.0,4,0,0
Full,3,381,train,heuristic,player_win,-10.0,9,37.0,2,Easy,0.05,0.05500000000000001,1,1325,884,0.0,0.0,2,1,1
Full,3,382,train,heuristic,agent_win,10.0,8,29.0,2,Easy,0.05,0.05500000000000001,1,1329,887,3.0,3.0,3,0,1
Full,3,383,train,heuristic,agent_win,10.0,8,21.0,1,Very Easy,0.05,0.0675,1,1333,889,3.0,3.0,2,0,2
Full,3,384,train,heuristic,player_win,-10.0,7,31.0,2,Easy,0.05,0.05500000000000001,1,1336,891,0.0,0.0,2,0,1
Full,3,385,train,heuristic,player_win,-10.0,5,41.0,2,Easy,0.05,0.05500000000000001,1,1338,891,0.0,0.0,1,0,1
Full,3,386,train,heuristic,agent_win,10.0,8,33.0,2,Easy,0.05,0.05500000000000001,1,1342,894,3.0,3.0,2,0,2
Full,3,387,train,heuristic,player_win,-10.0,7,43.0,2,Easy,0.05,0.05500000000000001,1,1345,896,0.0,0.0,2,0,1
Full,3,388,train,heuristic,player_win,-10.0,7,53.0,3,Normal,0.05,0.05,1,1348,898,0.0,0.0,2,0,1
Full,3,389,train,heuristic,player_win,-10.0,5,63.0,3,Normal,0.05,0.05,1,1350,899,0.0,0.0,1,0,1
Full,3,390,train,heuristic,agent_win,10.0,6,55.0,3,Normal,0.05,0.05,1,1353,901,3.0,3.0,2,0,1
Full,3,391,train,heuristic,player_win,-10.0,7,65.0,4,Hard,0.05,0.05,1,1356,903,0.0,0.0,2,0,1
Full,3,392,train,heuristic,player_win,-10.0,7,75.0,4,Hard,0.05,0.05,1,1359,905,0.0,0.0,2,0,1
Full,3,393,train,heuristic,agent_win,10.0,6,67.0,4,Hard,0.05,0.05,1,1362,907,3.0,3.0,2,0,1
Full,3,394,train,heuristic,agent_win,10.0,10,59.0,3,Normal,0.05,0.05,1,1367,911,3.0,3.0,3,1,1
Full,3,395,train,heuristic,agent_win,10.0,8,51.0,3,Normal,0.05,0.05,1,1371,914,3.0,3.0,1,0,3
Full,3,396,train,heuristic,agent_win,10.0,8,43.0,2,Easy,0.05,0.05500000000000001,1,1375,917,3.0,3.0,4,0,0
Full,3,397,train,heuristic,player_win,-10.0,5,53.0,3,Normal,0.05,0.05,1,1377,918,0.0,0.0,1,0,1
Full,3,398,train,heuristic,player_win,-10.0,7,63.0,3,Normal,0.05,0.05,1,1380,920,0.0,0.0,2,0,1
Full,3,399,train,heuristic,player_win,-10.0,5,73.0,4,Hard,0.05,0.05,1,1382,920,0.0,0.0,2,0,0
Full,3,400,train,heuristic,player_win,-10.0,5,83.0,5,Expert,0.05,0.05,1,1384,921,0.0,0.0,2,0,0
Full,3,401,train,heuristic,agent_win,10.0,6,75.0,4,Hard,0.05,0.05,1,1387,923,3.0,3.0,3,0,0
Full,3,402,train,heuristic,player_win,-10.0,7,85.0,5,Expert,0.05,0.05,1,1390,925,0.0,0.0,3,0,0
Full,3,403,train,heuristic,player_win,-10.0,5,95.0,5,Expert,0.05,0.05,1,1392,926,0.0,0.0,1,0,1
Full,3,404,train,heuristic,agent_win,10.0,6,87.0,5,Expert,0.05,0.05,1,1395,928,3.0,3.0,3,0,0
Full,3,405,train,heuristic,agent_win,10.0,6,79.0,4,Hard,0.05,0.05,1,1398,929,3.0,3.0,3,0,0
Full,3,406,train,heuristic,agent_win,10.0,6,71.0,4,Hard,0.05,0.05,1,1401,931,3.0,3.0,3,0,0
Full,3,407,train,heuristic,agent_win,10.0,8,63.0,3,Normal,0.05,0.05,1,1405,934,3.0,3.0,3,0,1
Full,3,408,train,heuristic,agent_win,10.0,10,55.0,3,Normal,0.05,0.05,1,1410,938,3.0,3.0,4,0,1
Full,3,409,train,heuristic,agent_win,10.0,8,47.0,3,Normal,0.05,0.05,1,1414,941,3.0,3.0,3,0,1
Full,3,410,train,heuristic,agent_win,10.0,6,39.0,2,Easy,0.05,0.05500000000000001,1,1417,941,2.0999999999999996,2.0999999999999996,3,0,0
Full,3,411,train,heuristic,agent_win,10.0,6,31.0,2,Easy,0.05,0.05500000000000001,1,1420,943,3.0,3.0,1,0,2
Full,3,412,train,heuristic,player_win,-10.0,7,41.0,2,Easy,0.05,0.05500000000000001,1,1423,945,0.0,0.0,2,0,1
Full,3,413,train,heuristic,agent_win,10.0,6,33.0,2,Easy,0.05,0.05500000000000001,1,1426,947,3.0,3.0,2,0,1
Full,3,414,train,heuristic,player_win,-10.0,7,43.0,2,Easy,0.05,0.05500000000000001,1,1429,949,0.0,0.0,3,0,0
Full,3,415,train,heuristic,player_win,-10.0,7,53.0,3,Normal,0.05,0.05,1,1432,951,0.0,0.0,1,1,1
Full,3,416,train,heuristic,agent_win,10.0,8,45.0,3,Normal,0.05,0.05,1,1436,953,3.0,3.0,2,0,2
Full,3,417,train,heuristic,agent_win,10.0,6,37.0,2,Easy,0.05,0.05500000000000001,1,1439,955,3.0,3.0,2,0,1
Full,3,418,train,heuristic,player_win,-10.0,7,47.0,3,Normal,0.05,0.05,1,1442,956,0.0,0.0,1,0,2
Full,3,419,train,heuristic,agent_win,10.0,6,39.0,2,Easy,0.05,0.05500000000000001,1,1445,958,3.0,3.0,2,0,1
Full,3,420,train,heuristic,player_win,-10.0,7,49.0,3,Normal,0.05,0.05,1,1448,959,0.0,0.0,1,0,2
Full,3,421,train,heuristic,agent_win,10.0,10,41.0,2,Easy,0.05,0.05500000000000001,1,1453,963,3.0,3.0,4,0,1
Full,3,422,train,heuristic,agent_win,10.0,10,33.0,2,Easy,0.05,0.05500000000000001,1,1458,965,3.0,3.0,3,0,2
Full,3,423,train,heuristic,player_win,-10.0,7,43.0,2,Easy,0.05,0.05500000000000001,1,1461,967,0.0,0.0,1,0,2
Full,3,424,train,heuristic,agent_win,10.0,10,35.0,2,Easy,0.05,0.05500000000000001,1,1466,970,3.0,3.0,4,0,1
Full,3,425,train,heuristic,agent_win,10.0,6,27.0,2,Easy,0.05,0.05500000000000001,1,1469,972,3.0,3.0,3,0,0
Full,3,426,train,heuristic,agent_win,10.0,8,19.0,1,Very Easy,0.05,0.0675,1,1473,975,3.0,3.0,3,0,1
Full,3,427,train,heuristic,player_win,-10.0,7,29.0,2,Easy,0.05,0.05500000000000001,1,1476,977,0.0,0.0,2,0,1
Full,3,428,train,heuristic,player_win,-10.0,5,39.0,2,Easy,0.05,0.05500000000000001,1,1478,978,0.0,0.0,1,0,1
Full,3,429,train,heuristic,player_win,-10.0,9,49.0,3,Normal,0.05,0.05,1,1482,981,0.0,0.0,2,0,2
Full,3,430,train,heuristic,player_win,-10.0,7,59.0,3,Normal,0.05,0.05,1,1485,983,0.0,0.0,2,0,1
Full,3,431,train,heuristic,agent_win,10.0,8,51.0,3,Normal,0.05,0.05,1,1489,986,3.0,3.0,2,0,2
Full,3,432,train,heuristic,player_win,-10.0,7,61.0,3,Normal,0.05,0.05,1,1492,988,0.0,0.0,2,0,1
Full,3,433,train,heuristic,player_win,-10.0,11,71.0,4,Hard,0.05,0.05,1,1497,992,0.0,0.0,3,0,2
Full,3,434,train,heuristic,agent_win,10.0,6,63.0,3,Normal,0.05,0.05,1,1500,993,3.0,3.0,3,0,0
Full,3,435,train,heuristic,player_win,-10.0,7,73.0,4,Hard,0.05,0.05,1,1503,994,0.0,0.0,1,0,2
Full,3,436,train,heuristic,player_win,-10.0,7,83.0,5,Expert,0.05,0.05,1,1506,994,0.0,0.0,2,0,1
Full,3,437,train,heuristic,agent_win,10.0,6,75.0,4,Hard,0.05,0.05,1,1509,995,3.0,3.0,3,0,0
Full,3,438,train,heuristic,agent_win,10.0,8,67.0,4,Hard,0.05,0.05,1,1513,998,3.0,3.0,3,0,1
Full,3,439,train,heuristic,agent_win,10.0,6,59.0,3,Normal,0.05,0.05,1,1516,999,3.0,3.0,3,0,0
Full,3,440,train,heuristic,agent_win,10.0,10,51.0,3,Normal,0.05,0.05,1,1521,1001,3.0,3.0,2,0,3
Full,3,441,train,heuristic,agent_win,10.0,12,43.0,2,Easy,0.05,0.05500000000000001,1,1527,1006,3.0,3.0,6,0,0
Full,3,442,train,heuristic,agent_win,10.0,8,35.0,2,Easy,0.05,0.05500000000000001,1,1531,1009,3.0,3.0,2,0,2
Full,3,443,train,heuristic,player_win,-10.0,9,45.0,3,Normal,0.05,0.05,1,1535,1011,0.0,0.0,1,1,2
Full,3,444,train,heuristic,agent_win,10.0,6,37.0,2,Easy,0.05,0.05500000000000001,1,1538,1012,3.0,3.0,2,0,1
Full,3,445,train,heuristic,player_win,-10.0,7,47.0,3,Normal,0.05,0.05,1,1541,1013,0.0,0.0,1,0,2
Full,3,446,train,heuristic,player_win,-10.0,7,57.0,3,Normal,0.05,0.05,1,1544,1015,0.0,0.0,2,1,0
Full,3,447,train,heuristic,agent_win,10.0,10,49.0,3,Normal,0.05,0.05,1,1549,1019,3.0,3.0,2,0,3
Full,3,448,train,heuristic,player_win,-10.0,7,59.0,3,Normal,0.05,0.05,1,1552,1019,0.0,0.0,3,0,0
Full,3,449,train,heuristic,player_win,-10.0,7,69.0,4,Hard,0.05,0.05,1,1555,1019,0.0,0.0,2,0,1
Full,3,450,train,heuristic,agent_win,10.0,8,61.0,3,Normal,0.05,0.05,1,1559,1022,3.0,3.0,4,0,0
Full,3,451,train,heuristic,agent_win,10.0,8,53.0,3,Normal,0.05,0.05,1,1563,1025,3.0,3.0,3,0,1
Full,3,452,train,heuristic,agent_win,10.0,8,45.0,3,Normal,0.05,0.05,1,1567,1028,3.0,3.0,2,0,2
Full,3,453,train,heuristic,player_win,-10.0,9,55.0,3,Normal,0.05,0.05,1,1571,1031,0.0,0.0,3,0,1
Full,3,454,train,heuristic,agent_win,10.0,14,47.0,3,Normal,0.05,0.05,1,1578,1034,3.0,3.0,6,0,1
Full,3,455,train,heuristic,player_win,-10.0,9,57.0,3,Normal,0.05,0.05,1,1582,1037,0.0,0.0,3,0,1
Full,3,456,train,heuristic,player_win,-10.0,9,67.0,4,Hard,0.05,0.05,1,1586,1040,0.0,0.0,2,0,2
Full,3,457,train,heuristic,agent_win,10.0,6,59.0,3,Normal,0.05,0.05,1,1589,1042,3.0,3.0,3,0,0
Full,3,458,train,heuristic,player_win,-10.0,7,69.0,4,Hard,0.05,0.05,1,1592,1044,0.0,0.0,1,0,2
Full,3,459,train,heuristic,agent_win,10.0,6,61.0,3,Normal,0.05,0.05,1,1595,1046,3.0,3.0,2,0,1
Full,3,460,train,heuristic,player_win,-10.0,7,71.0,4,Hard,0.05,0.05,1,1598,1048,0.0,0.0,2,0,1
Full,3,461,train,heuristic,agent_win,10.0,10,63.0,3,Normal,0.05,0.05,1,1603,1052,3.0,3.0,3,0,2
Full,3,462,train,heuristic,player_win,-10.0,7,73.0,4,Hard,0.05,0.05,1,1606,1054,0.0,0.0,2,0,1
Full,3,463,train,heuristic,player_win,-10.0,9,83.0,5,Expert,0.05,0.05,1,1610,1057,0.0,0.0,2,0,2
Full,3,464,train,heuristic,agent_win,10.0,6,75.0,4,Hard,0.05,0.05,1,1613,1058,3.0,3.0,3,0,0
Full,3,465,train,heuristic,player_win,-10.0,9,85.0,5,Expert,0.05,0.05,1,1617,1061,0.0,0.0,3,0,1
Full,3,466,train,heuristic,agent_win,10.0,6,77.0,4,Hard,0.05,0.05,1,1620,1062,3.0,3.0,3,0,0
Full,3,467,train,heuristic,agent_win,10.0,8,69.0,4,Hard,0.05,0.05,1,1624,1065,3.0,3.0,4,0,0
Full,3,468,train,heuristic,agent_win,10.0,6,61.0,3,Normal,0.05,0.05,1,1627,1065,2.0999999999999996,2.0999999999999996,3,0,0
Full,3,469,train,heuristic,agent_win,10.0,6,53.0,3,Normal,0.05,0.05,1,1630,1065,1.4699999999999998,1.4699999999999998,3,0,0
Full,3,470,train,heuristic,player_win,-10.0,7,63.0,3,Normal,0.05,0.05,1,1633,1067,0.0,0.0,2,0,1
Full,3,471,train,heuristic,agent_win,10.0,8,55.0,3,Normal,0.05,0.05,1,1637,1069,3.0,3.0,3,0,1
Full,3,472,train,heuristic,player_win,-10.0,7,65.0,4,Hard,0.05,0.05,1,1640,1070,0.0,0.0,2,0,1
Full,3,473,train,heuristic,agent_win,10.0,8,57.0,3,Normal,0.05,0.05,1,1644,1072,3.0,3.0,3,1,0
Full,3,474,train,heuristic,agent_win,10.0,8,49.0,3,Normal,0.05,0.05,1,1648,1075,3.0,3.0,3,0,1
Full,3,475,train,heuristic,player_win,-10.0,5,59.0,3,Normal,0.05,0.05,1,1650,1076,0.0,0.0,1,0,1
Full,3,476,train,heuristic,player_win,-10.0,7,69.0,4,Hard,0.05,0.05,1,1653,1078,0.0,0.0,1,1,1
Full,3,477,train,heuristic,agent_win,10.0,6,61.0,3,Normal,0.05,0.05,1,1656,1079,3.0,3.0,3,0,0
Full,3,478,train,heuristic,player_win,-10.0,11,71.0,4,Hard,0.05,0.05,1,1661,1083,0.0,0.0,3,0,2
Full,3,479,train,heuristic,agent_win,10.0,8,63.0,3,Normal,0.05,0.05,1,1665,1086,3.0,3.0,3,0,1
Full,3,480,train,heuristic,agent_win,10.0,6,55.0,3,Normal,0.05,0.05,1,1668,1087,3.0,3.0,3,0,0
Full,3,481,train,heuristic,player_win,-10.0,7,65.0,4,Hard,0.05,0.05,1,1671,1089,0.0,0.0,2,1,0
Full,3,482,train,heuristic,player_win,-10.0,7,75.0,4,Hard,0.05,0.05,1,1674,1089,0.0,0.0,3,0,0
Full,3,483,train,heuristic,agent_win,10.0,6,67.0,4,Hard,0.05,0.05,1,1677,1090,3.0,3.0,3,0,0
Full,3,484,train,heuristic,player_win,-10.0,7,77.0,4,Hard,0.05,0.05,1,1680,1092,0.0,0.0,3,0,0
Full,3,485,train,heuristic,agent_win,10.0,8,69.0,4,Hard,0.05,0.05,1,1684,1095,3.0,3.0,4,0,0
Full,3,486,train,heuristic,agent_win,10.0,6,61.0,3,Normal,0.05,0.05,1,1687,1096,3.0,3.0,3,0,0
Full,3,487,train,heuristic,player_win,-10.0,11,71.0,4,Hard,0.05,0.05,1,1692,1097,0.0,0.0,5,0,0
Full,3,488,train,heuristic,player_win,-10.0,7,81.0,5,Expert,0.05,0.05,1,1695,1098,0.0,0.0,1,0,2
Full,3,489,train,heuristic,agent_win,10.0,6,73.0,4,Hard,0.05,0.05,1,1698,1100,3.0,3.0,3,0,0
Full,3,490,train,heuristic,player_win,-10.0,7,83.0,5,Expert,0.05,0.05,1,1701,1102,0.0,0.0,2,0,1
Full,3,491,train,heuristic,agent_win,10.0,6,75.0,4,Hard,0.05,0.05,1,1704,1103,3.0,3.0,3,0,0
Full,3,492,train,heuristic,agent_win,10.0,6,67.0,4,Hard,0.05,0.05,1,1707,1105,3.0,3.0,3,0,0
Full,3,493,train,heuristic,agent_win,10.0,8,59.0,3,Normal,0.05,0.05,1,1711,1108,3.0,3.0,3,0,1
Full,3,494,train,heuristic,agent_win,10.0,8,51.0,3,Normal,0.05,0.05,1,1715,1110,3.0,3.0,3,0,1
Full,3,495,train,heuristic,player_win,-10.0,7,61.0,3,Normal,0.05,0.05,1,1718,1112,0.0,0.0,1,0,2
Full,3,496,train,heuristic,agent_win,10.0,10,53.0,3,Normal,0.05,0.05,1,1723,1114,3.0,3.0,3,0,2
Full,3,497,train,heuristic,agent_win,10.0,6,45.0,3,Normal,0.05,0.05,1,1726,1115,3.0,3.0,3,0,0
Full,3,498,train,heuristic,agent_win,10.0,6,37.0,2,Easy,0.05,0.05500000000000001,1,1729,1116,3.0,3.0,3,0,0
Full,3,499,train,heuristic,player_win,-10.0,7,47.0,3,Normal,0.05,0.05,1,1732,1116,0.0,0.0,2,0,1
Full,3,500,train,heuristic,player_win,-10.0,7,57.0,3,Normal,0.05,0.05,1,1735,1118,0.0,0.0,2,0,1
Full,3,501,train,heuristic,agent_win,10.0,6,49.0,3,Normal,0.05,0.05,1,1738,1120,3.0,3.0,3,0,0
Full,3,502,train,heuristic,agent_win,10.0,6,41.0,2,Easy,0.05,0.05500000000000001,1,1741,1122,3.0,3.0,3,0,0
Full,3,503,train,heuristic,player_win,-10.0,7,51.0,3,Normal,0.05,0.05,1,1744,1123,0.0,0.0,1,0,2
Full,3,504,train,heuristic,player_win,-10.0,9,61.0,3,Normal,0.05,0.05,1,1748,1126,0.0,0.0,2,0,2
Full,3,505,train,heuristic,draw,3.0,16,64.0,3,Normal,0.05,0.05,1,1756,1133,0.8999999999999999,0.8999999999999999,5,1,2
Full,3,506,train,heuristic,player_win,-10.0,5,74.0,4,Hard,0.05,0.05,1,1758,1134,0.0,0.0,1,0,1
Full,3,507,train,heuristic,agent_win,10.0,6,66.0,4,Hard,0.05,0.05,1,1761,1136,3.0,3.0,3,0,0
Full,3,508,train,heuristic,player_win,-10.0,9,76.0,4,Hard,0.05,0.05,1,1765,1139,0.0,0.0,2,0,2
Full,3,509,train,heuristic,player_win,-10.0,7,86.0,5,Expert,0.05,0.05,1,1768,1141,0.0,0.0,2,0,1
Full,3,510,train,heuristic,agent_win,10.0,6,78.0,4,Hard,0.05,0.05,1,1771,1143,3.0,3.0,2,0,1
Full,3,511,train,heuristic,player_win,-10.0,7,88.0,5,Expert,0.05,0.05,1,1774,1143,0.0,0.0,2,0,1
Full,3,512,train,heuristic,agent_win,10.0,6,80.0,5,Expert,0.05,0.05,1,1777,1144,3.0,3.0,3,0,0
Full,3,513,train,heuristic,agent_win,10.0,8,72.0,4,Hard,0.05,0.05,1,1781,1145,3.0,3.0,4,0,0
Full,3,514,train,heuristic,agent_win,10.0,8,64.0,3,Normal,0.05,0.05,1,1785,1148,3.0,3.0,3,0,1
Full,3,515,train,heuristic,player_win,-10.0,5,74.0,4,Hard,0.05,0.05,1,1787,1149,0.0,0.0,1,0,1
Full,3,516,train,heuristic,player_win,-10.0,7,84.0,5,Expert,0.05,0.05,1,1790,1151,0.0,0.0,2,0,1
Full,3,517,train,heuristic,agent_win,10.0,6,76.0,4,Hard,0.05,0.05,1,1793,1153,3.0,3.0,3,0,0
Full,3,518,train,heuristic,agent_win,10.0,8,68.0,4,Hard,0.05,0.05,1,1797,1156,3.0,3.0,4,0,0
Full,3,519,train,heuristic,player_win,-10.0,7,78.0,4,Hard,0.05,0.05,1,1800,1156,0.0,0.0,3,0,0
Full,3,520,train,heuristic,agent_win,10.0,6,70.0,4,Hard,0.05,0.05,1,1803,1158,3.0,3.0,3,0,0
Full,3,521,train,heuristic,agent_win,10.0,6,62.0,3,Normal,0.05,0.05,1,1806,1159,3.0,3.0,3,0,0
Full,3,522,train,heuristic,agent_win,10.0,8,54.0,3,Normal,0.05,0.05,1,1810,1161,3.0,3.0,2,0,2
Full,3,523,train,heuristic,agent_win,10.0,6,46.0,3,Normal,0.05,0.05,1,1813,1161,1.4699999999999998,1.4699999999999998,3,0,0
Full,3,524,train,heuristic,agent_win,10.0,6,38.0,2,Easy,0.05,0.05500000000000001,1,1816,1163,3.0,3.0,3,0,0
Full,3,525,train,heuristic,agent_win,10.0,6,30.0,2,Easy,0.05,0.05500000000000001,1,1819,1165,3.0,3.0,1,0,2
Full,3,526,train,heuristic,player_win,-10.0,5,40.0,2,Easy,0.05,0.05500000000000001,1,1821,1165,0.0,0.0,1,0,1
Full,3,527,train,heuristic,agent_win,10.0,10,32.0,2,Easy,0.05,0.05500000000000001,1,1826,1169,3.0,3.0,3,0,2
Full,3,528,train,heuristic,agent_win,10.0,8,24.0,1,Very Easy,0.05,0.0675,1,1830,1172,3.0,3.0,3,0,1
Full,3,529,train,heuristic,agent_win,10.0,6,16.0,1,Very Easy,0.05,0.0675,1,1833,1173,3.0,3.0,3,0,0
Full,3,530,train,heuristic,agent_win,10.0,8,8.0,1,Very Easy,0.05,0.0675,1,1837,1176,3.0,3.0,2,1,1
Full,3,531,train,heuristic,player_win,-10.0,13,18.0,1,Very Easy,0.05,0.0675,1,1843,1181,0.0,0.0,2,0,4
Full,3,532,train,heuristic,agent_win,10.0,12,10.0,1,Very Easy,0.05,0.0675,1,1849,1186,3.0,3.0,4,0,2
Full,3,533,train,heuristic,player_win,-10.0,7,20.0,1,Very Easy,0.05,0.0675,1,1852,1188,0.0,0.0,1,0,2
Full,3,534,train,heuristic,player_win,-10.0,7,30.0,2,Easy,0.05,0.05500000000000001,1,1855,1189,0.0,0.0,1,0,2
Full,3,535,train,heuristic,agent_win,10.0,8,22.0,1,Very Easy,0.05,0.0675,1,1859,1191,3.0,3.0,1,1,2
Full,3,536,train,heuristic,player_win,-10.0,7,32.0,2,Easy,0.05,0.05500000000000001,1,1862,1192,0.0,0.0,2,0,1
Full,3,537,train,heuristic,player_win,-10.0,9,42.0,2,Easy,0.05,0.05500000000000001,1,1866,1195,0.0,0.0,3,0,1
Full,3,538,train,heuristic,player_win,-10.0,15,52.0,3,Normal,0.05,0.05,1,1873,1201,0.0,0.0,5,0,2
Full,3,539,train,heuristic,player_win,-10.0,5,62.0,3,Normal,0.05,0.05,1,1875,1201,0.0,0.0,1,0,1
Full,3,540,train,heuristic,player_win,-10.0,9,72.0,4,Hard,0.05,0.05,1,1879,1204,0.0,0.0,3,0,1
Full,3,541,train,heuristic,agent_win,10.0,6,64.0,3,Normal,0.05,0.05,1,1882,1206,3.0,3.0,3,0,0
Full,3,542,train,heuristic,agent_win,10.0,8,56.0,3,Normal,0.05,0.05,1,1886,1209,3.0,3.0,2,0,2
Full,3,543,train,heuristic,agent_win,10.0,6,48.0,3,Normal,0.05,0.05,1,1889,1211,3.0,3.0,2,0,1
Full,3,544,train,heuristic,player_win,-10.0,7,58.0,3,Normal,0.05,0.05,1,1892,1213,0.0,0.0,2,0,1
Full,3,545,train,heuristic,player_win,-10.0,5,68.0,4,Hard,0.05,0.05,1,1894,1214,0.0,0.0,1,0,1
Full,3,546,train,heuristic,agent_win,10.0,6,60.0,3,Normal,0.05,0.05,1,1897,1215,2.0999999999999996,2.0999999999999996,3,0,0
Full,3,547,train,heuristic,agent_win,10.0,6,52.0,3,Normal,0.05,0.05,1,1900,1217,3.0,3.0,2,0,1
Full,3,548,train,heuristic,agent_win,10.0,8,44.0,2,Easy,0.05,0.05500000000000001,1,1904,1220,3.0,3.0,2,0,2
Full,3,549,train,heuristic,player_win,-10.0,11,54.0,3,Normal,0.05,0.05,1,1909,1223,0.0,0.0,2,0,3
Full,3,550,train,heuristic,player_win,-10.0,5,64.0,3,Normal,0.05,0.05,1,1911,1224,0.0,0.0,1,0,1
Full,3,551,train,heuristic,agent_win,10.0,10,56.0,3,Normal,0.05,0.05,1,1916,1228,3.0,3.0,4,0,1
Full,3,552,train,heuristic,agent_win,10.0,6,48.0,3,Normal,0.05,0.05,1,1919,1228,2.0999999999999996,2.0999999999999996,3,0,0
Full,3,553,train,heuristic,agent_win,10.0,6,40.0,2,Easy,0.05,0.05500000000000001,1,1922,1229,2.0999999999999996,2.0999999999999996,3,0,0
Full,3,554,train,heuristic,player_win,-10.0,7,50.0,3,Normal,0.05,0.05,1,1925,1229,0.0,0.0,2,0,1
Full,3,555,train,heuristic,agent_win,10.0,8,42.0,2,Easy,0.05,0.05500000000000001,1,1929,1232,3.0,3.0,2,0,2
Full,3,556,train,heuristic,agent_win,10.0,8,34.0,2,Easy,0.05,0.05500000000000001,1,1933,1235,3.0,3.0,2,0,2
Full,3,557,train,heuristic,player_win,-10.0,9,44.0,2,Easy,0.05,0.05500000000000001,1,1937,1237,0.0,0.0,3,0,1
Full,3,558,train,heuristic,agent_win,10.0,8,36.0,2,Easy,0.05,0.05500000000000001,1,1941,1240,3.0,3.0,2,1,1
Full,3,559,train,heuristic,player_win,-10.0,11,46.0,3,Normal,0.05,0.05,1,1946,1244,0.0,0.0,3,0,2
Full,3,560,train,heuristic,player_win,-10.0,7,56.0,3,Normal,0.05,0.05,1,1949,1246,0.0,0.0,2,0,1
Full,3,561,train,heuristic,player_win,-10.0,7,66.0,4,Hard,0.05,0.05,1,1952,1247,0.0,0.0,2,0,1
Full,3,562,train,heuristic,player_win,-10.0,7,76.0,4,Hard,0.05,0.05,1,1955,1249,0.0,0.0,2,0,1
Full,3,563,train,heuristic,player_win,-10.0,5,86.0,5,Expert,0.05,0.05,1,1957,1249,0.0,0.0,2,0,0
Full,3,564,train,heuristic,agent_win,10.0,6,78.0,4,Hard,0.05,0.05,1,1960,1251,3.0,3.0,3,0,0
Full,3,565,train,heuristic,agent_win,10.0,10,70.0,4,Hard,0.05,0.05,1,1965,1253,3.0,3.0,4,0,1
Full,3,566,train,heuristic,player_win,-10.0,5,80.0,5,Expert,0.05,0.05,1,1967,1253,0.0,0.0,1,1,0
Full,3,567,train,heuristic,player_win,-10.0,7,90.0,5,Expert,0.05,0.05,1,1970,1255,0.0,0.0,3,0,0
Full,3,568,train,heuristic,player_win,-10.0,9,100.0,5,Expert,0.05,0.05,1,1974,1258,0.0,0.0,4,0,0
Full,3,569,train,heuristic,agent_win,10.0,6,92.0,5,Expert,0.05,0.05,1,1977,1259,3.0,3.0,3,0,0
Full,3,570,train,heuristic,agent_win,10.0,6,84.0,5,Expert,0.05,0.05,1,1980,1260,3.0,3.0,3,0,0
Full,3,571,train,heuristic,agent_win,10.0,6,76.0,4,Hard,0.05,0.05,1,1983,1262,3.0,3.0,3,0,0
Full,3,572,train,heuristic,agent_win,10.0,6,68.0,4,Hard,0.05,0.05,1,1986,1263,2.0999999999999996,2.0999999999999996,3,0,0
Full,3,573,train,heuristic,agent_win,10.0,6,60.0,3,Normal,0.05,0.05,1,1989,1265,3.0,3.0,3,0,0
Full,3,574,train,heuristic,player_win,-10.0,7,70.0,4,Hard,0.05,0.05,1,1992,1267,0.0,0.0,2,0,1
Full,3,575,train,heuristic,agent_win,10.0,8,62.0,3,Normal,0.05,0.05,1,1996,1270,3.0,3.0,2,0,2
Full,3,576,train,heuristic,agent_win,10.0,8,54.0,3,Normal,0.05,0.05,1,2000,1273,3.0,3.0,3,0,1
Full,3,577,train,heuristic,agent_win,10.0,6,46.0,3,Normal,0.05,0.05,1,2003,1275,3.0,3.0,2,1,0
Full,3,578,train,heuristic,agent_win,10.0,12,38.0,2,Easy,0.05,0.05500000000000001,1,2009,1280,3.0,3.0,4,1,1
Full,3,579,train,heuristic,agent_win,10.0,10,30.0,2,Easy,0.05,0.05500000000000001,1,2014,1284,3.0,3.0,3,0,2
Full,3,580,train,heuristic,player_win,-10.0,9,40.0,2,Easy,0.05,0.05500000000000001,1,2018,1286,0.0,0.0,1,1,2
Full,3,581,train,heuristic,player_win,-10.0,5,50.0,3,Normal,0.05,0.05,1,2020,1287,0.0,0.0,1,1,0
Full,3,582,train,heuristic,player_win,-10.0,9,60.0,3,Normal,0.05,0.05,1,2024,1290,0.0,0.0,2,0,2
Full,3,583,train,heuristic,agent_win,10.0,8,52.0,3,Normal,0.05,0.05,1,2028,1293,3.0,3.0,2,0,2
Full,3,584,train,heuristic,agent_win,10.0,8,44.0,2,Easy,0.05,0.05500000000000001,1,2032,1296,3.0,3.0,3,0,1
Full,3,585,train,heuristic,agent_win,10.0,10,36.0,2,Easy,0.05,0.05500000000000001,1,2037,1300,3.0,3.0,3,0,2
Full,3,586,train,heuristic,player_win,-10.0,7,46.0,3,Normal,0.05,0.05,1,2040,1302,0.0,0.0,2,0,1
Full,3,587,train,heuristic,agent_win,10.0,8,38.0,2,Easy,0.05,0.05500000000000001,1,2044,1305,3.0,3.0,3,0,1
Full,3,588,train,heuristic,agent_win,10.0,6,30.0,2,Easy,0.05,0.05500000000000001,1,2047,1307,3.0,3.0,2,0,1
Full,3,589,train,heuristic,agent_win,10.0,8,22.0,1,Very Easy,0.05,0.0675,1,2051,1309,3.0,3.0,1,0,3
Full,3,590,train,heuristic,player_win,-10.0,7,32.0,2,Easy,0.05,0.05500000000000001,1,2054,1309,0.0,0.0,2,0,1
Full,3,591,train,heuristic,player_win,-10.0,5,42.0,2,Easy,0.05,0.05500000000000001,1,2056,1309,0.0,0.0,2,0,0
Full,3,592,train,heuristic,draw,3.0,16,45.0,3,Normal,0.05,0.05,1,2064,1316,0.8999999999999999,0.8999999999999999,6,0,2
Full,3,593,train,heuristic,agent_win,10.0,6,37.0,2,Easy,0.05,0.05500000000000001,1,2067,1317,3.0,3.0,2,0,1
Full,3,594,train,heuristic,agent_win,10.0,6,29.0,2,Easy,0.05,0.05500000000000001,1,2070,1317,2.0999999999999996,2.0999999999999996,3,0,0
Full,3,595,train,heuristic,agent_win,10.0,6,21.0,1,Very Easy,0.05,0.0675,1,2073,1318,3.0,3.0,2,0,1
Full,3,596,train,heuristic,player_win,-10.0,9,31.0,2,Easy,0.05,0.05500000000000001,1,2077,1321,0.0,0.0,2,0,2
Full,3,597,train,heuristic,player_win,-10.0,7,41.0,2,Easy,0.05,0.05500000000000001,1,2080,1323,0.0,0.0,2,0,1
Full,3,598,train,heuristic,agent_win,10.0,8,33.0,2,Easy,0.05,0.05500000000000001,1,2084,1326,3.0,3.0,2,0,2
Full,3,599,train,heuristic,player_win,-10.0,9,43.0,2,Easy,0.05,0.05500000000000001,1,2088,1329,0.0,0.0,2,0,2
Full,3,600,train,heuristic,player_win,-10.0,9,53.0,3,Normal,0.05,0.05,1,2092,1332,0.0,0.0,3,0,1
Full,3,601,train,heuristic,player_win,-10.0,11,63.0,3,Normal,0.05,0.05,1,2097,1336,0.0,0.0,4,0,1
Full,3,602,train,heuristic,player_win,-10.0,7,73.0,4,Hard,0.05,0.05,1,2100,1336,0.0,0.0,2,0,1
Full,3,603,train,heuristic,agent_win,10.0,6,65.0,4,Hard,0.05,0.05,1,2103,1336,1.4699999999999998,1.4699999999999998,3,0,0
Full,3,604,train,heuristic,agent_win,10.0,6,57.0,3,Normal,0.05,0.05,1,2106,1336,2.0999999999999996,2.0999999999999996,3,0,0
Full,3,605,train,heuristic,agent_win,10.0,6,49.0,3,Normal,0.05,0.05,1,2109,1338,3.0,3.0,3,0,0
Full,3,606,train,heuristic,player_win,-10.0,9,59.0,3,Normal,0.05,0.05,1,2113,1341,0.0,0.0,2,0,2
Full,3,607,train,heuristic,agent_win,10.0,8,51.0,3,Normal,0.05,0.05,1,2117,1344,3.0,3.0,3,0,1
Full,3,608,train,heuristic,player_win,-10.0,7,61.0,3,Normal,0.05,0.05,1,2120,1346,0.0,0.0,2,0,1
Full,3,609,train,heuristic,agent_win,10.0,10,53.0,3,Normal,0.05,0.05,1,2125,1350,3.0,3.0,3,0,2
Full,3,610,train,heuristic,agent_win,10.0,6,45.0,3,Normal,0.05,0.05,1,2128,1350,2.0999999999999996,2.0999999999999996,2,0,1
Full,3,611,train,heuristic,player_win,-10.0,9,55.0,3,Normal,0.05,0.05,1,2132,1351,0.0,0.0,3,0,1
Full,3,612,train,heuristic,player_win,-10.0,7,65.0,4,Hard,0.05,0.05,1,2135,1351,0.0,0.0,2,0,1
Full,3,613,train,heuristic,agent_win,10.0,6,57.0,3,Normal,0.05,0.05,1,2138,1352,3.0,3.0,3,0,0
Full,3,614,train,heuristic,player_win,-10.0,7,67.0,4,Hard,0.05,0.05,1,2141,1354,0.0,0.0,2,0,1
Full,3,615,train,heuristic,agent_win,10.0,6,59.0,3,Normal,0.05,0.05,1,2144,1355,3.0,3.0,3,0,0
Full,3,616,train,heuristic,player_win,-10.0,7,69.0,4,Hard,0.05,0.05,1,2147,1356,0.0,0.0,2,0,1
Full,3,617,train,heuristic,player_win,-10.0,7,79.0,4,Hard,0.05,0.05,1,2150,1356,0.0,0.0,2,0,1
Full,3,618,train,heuristic,player_win,-10.0,9,89.0,5,Expert,0.05,0.05,1,2154,1358,0.0,0.0,4,0,0
Full,3,619,train,heuristic,agent_win,10.0,8,81.0,5,Expert,0.05,0.05,1,2158,1360,3.0,3.0,4,0,0
Full,3,620,train,heuristic,agent_win,10.0,8,73.0,4,Hard,0.05,0.05,1,2162,1361,3.0,3.0,4,0,0
Full,3,621,train,heuristic,agent_win,10.0,6,65.0,4,Hard,0.05,0.05,1,2165,1361,2.0999999999999996,2.0999999999999996,3,0,0
Full,3,622,train,heuristic,agent_win,10.0,6,57.0,3,Normal,0.05,0.05,1,2168,1362,3.0,3.0,3,0,0
Full,3,623,train,heuristic,agent_win,10.0,6,49.0,3,Normal,0.05,0.05,1,2171,1364,3.0,3.0,2,0,1
Full,3,624,train,heuristic,agent_win,10.0,10,41.0,2,Easy,0.05,0.05500000000000001,1,2176,1366,3.0,3.0,2,0,3
Full,3,625,train,heuristic,player_win,-10.0,9,51.0,3,Normal,0.05,0.05,1,2180,1369,0.0,0.0,2,1,1
Full,3,626,train,heuristic,agent_win,10.0,6,43.0,2,Easy,0.05,0.05500000000000001,1,2183,1371,3.0,3.0,2,0,1
Full,3,627,train,heuristic,agent_win,10.0,6,35.0,2,Easy,0.05,0.05500000000000001,1,2186,1373,3.0,3.0,2,0,1
Full,3,628,train,heuristic,player_win,-10.0,7,45.0,3,Normal,0.05,0.05,1,2189,1375,0.0,0.0,2,1,0
Full,3,629,train,heuristic,agent_win,10.0,10,37.0,2,Easy,0.05,0.05500000000000001,1,2194,1379,3.0,3.0,1,0,4
Full,3,630,train,heuristic,player_win,-10.0,7,47.0,3,Normal,0.05,0.05,1,2197,1380,0.0,0.0,2,0,1
Full,3,631,train,heuristic,agent_win,10.0,6,39.0,2,Easy,0.05,0.05500000000000001,1,2200,1382,3.0,3.0,2,0,1
Full,3,632,train,heuristic,agent_win,10.0,8,31.0,2,Easy,0.05,0.05500000000000001,1,2204,1385,3.0,3.0,1,0,3
Full,3,633,train,heuristic,player_win,-10.0,5,41.0,2,Easy,0.05,0.05500000000000001,1,2206,1386,0.0,0.0,1,0,1
Full,3,634,train,heuristic,player_win,-10.0,7,51.0,3,Normal,0.05,0.05,1,2209,1388,0.0,0.0,1,0,2
Full,3,635,train,heuristic,agent_win,10.0,6,43.0,2,Easy,0.05,0.05500000000000001,1,2212,1388,1.4699999999999998,1.4699999999999998,2,1,0
Full,3,636,train,heuristic,agent_win,10.0,8,35.0,2,Easy,0.05,0.05500000000000001,1,2216,1391,3.0,3.0,3,0,1
Full,3,637,train,heuristic,agent_win,10.0,8,27.0,2,Easy,0.05,0.05500000000000001,1,2220,1394,3.0,3.0,2,0,2
Full,3,638,train,heuristic,agent_win,10.0,8,19.0,1,Very Easy,0.05,0.0675,1,2224,1397,3.0,3.0,3,1,0
Full,3,639,train,heuristic,agent_win,10.0,6,11.0,1,Very Easy,0.05,0.0675,1,2227,1399,3.0,3.0,1,0,2
Full,3,640,train,heuristic,player_win,-10.0,7,21.0,1,Very Easy,0.05,0.0675,1,2230,1399,0.0,0.0,2,0,1
Full,3,641,train,heuristic,player_win,-10.0,9,31.0,2,Easy,0.05,0.05500000000000001,1,2234,1402,0.0,0.0,2,0,2
Full,3,642,train,heuristic,agent_win,10.0,8,23.0,1,Very Easy,0.05,0.0675,1,2238,1405,3.0,3.0,3,0,1
Full,3,643,train,heuristic,player_win,-10.0,9,33.0,2,Easy,0.05,0.05500000000000001,1,2242,1407,0.0,0.0,1,1,2
Full,3,644,train,heuristic,player_win,-10.0,9,43.0,2,Easy,0.05,0.05500000000000001,1,2246,1410,0.0,0.0,1,0,3
Full,3,645,train,heuristic,player_win,-10.0,9,53.0,3,Normal,0.05,0.05,1,2250,1413,0.0,0.0,3,0,1
Full,3,646,train,heuristic,agent_win,10.0,8,45.0,3,Normal,0.05,0.05,1,2254,1416,3.0,3.0,2,0,2
Full,3,647,train,heuristic,agent_win,10.0,8,37.0,2,Easy,0.05,0.05500000000000001,1,2258,1418,3.0,3.0,4,0,0
Full,3,648,train,heuristic,agent_win,10.0,8,29.0,2,Easy,0.05,0.05500000000000001,1,2262,1421,3.0,3.0,3,0,1
Full,3,649,train,heuristic,agent_win,10.0,10,21.0,1,Very Easy,0.05,0.0675,1,2267,1425,3.0,3.0,2,1,2
Full,3,650,train,heuristic,player_win,-10.0,9,31.0,2,Easy,0.05,0.05500000000000001,1,2271,1428,0.0,0.0,3,0,1
Full,3,651,train,heuristic,agent_win,10.0,10,23.0,1,Very Easy,0.05,0.0675,1,2276,1432,3.0,3.0,3,0,2
Full,3,652,train,heuristic,player_win,-10.0,5,33.0,2,Easy,0.05,0.05500000000000001,1,2278,1433,0.0,0.0,1,0,1
Full,3,653,train,heuristic,agent_win,10.0,12,25.0,2,Easy,0.05,0.05500000000000001,1,2284,1437,3.0,3.0,4,0,2
Full,3,654,train,heuristic,player_win,-10.0,7,35.0,2,Easy,0.05,0.05500000000000001,1,2287,1439,0.0,0.0,3,0,0
Full,3,655,train,heuristic,agent_win,10.0,6,27.0,2,Easy,0.05,0.05500000000000001,1,2290,1441,3.0,3.0,2,0,1
Full,3,656,train,heuristic,agent_win,10.0,6,19.0,1,Very Easy,0.05,0.0675,1,2293,1443,3.0,3.0,3,0,0
Full,3,657,train,heuristic,agent_win,10.0,8,11.0,1,Very Easy,0.05,0.0675,1,2297,1446,3.0,3.0,2,1,1
Full,3,658,train,heuristic,player_win,-10.0,9,21.0,1,Very Easy,0.05,0.0675,1,2301,1448,0.0,0.0,3,0,1
Full,3,659,train,heuristic,agent_win,10.0,8,13.0,1,Very Easy,0.05,0.0675,1,2305,1449,3.0,3.0,3,0,1
Full,3,660,train,heuristic,player_win,-10.0,9,23.0,1,Very Easy,0.05,0.0675,1,2309,1452,0.0,0.0,2,0,2
Full,3,661,train,heuristic,agent_win,10.0,8,15.0,1,Very Easy,0.05,0.0675,1,2313,1455,3.0,3.0,2,0,2
Full,3,662,train,heuristic,player_win,-10.0,7,25.0,2,Easy,0.05,0.05500000000000001,1,2316,1457,0.0,0.0,2,0,1
Full,3,663,train,heuristic,agent_win,10.0,6,17.0,1,Very Easy,0.05,0.0675,1,2319,1459,3.0,3.0,3,0,0
Full,3,664,train,heuristic,agent_win,10.0,8,9.0,1,Very Easy,0.05,0.0675,1,2323,1462,3.0,3.0,2,0,2
Full,3,665,train,heuristic,agent_win,10.0,8,1.0,1,Very Easy,0.05,0.0675,1,2327,1465,3.0,3.0,3,0,1
Full,3,666,train,heuristic,player_win,-10.0,13,11.0,1,Very Easy,0.05,0.0675,1,2333,1470,0.0,0.0,4,0,2
Full,3,667,train,heuristic,player_win,-10.0,11,21.0,1,Very Easy,0.05,0.0675,1,2338,1474,0.0,0.0,2,0,3
Full,3,668,train,heuristic,player_win,-10.0,9,31.0,2,Easy,0.05,0.05500000000000001,1,2342,1477,0.0,0.0,3,0,1
Full,3,669,train,heuristic,player_win,-10.0,5,41.0,2,Easy,0.05,0.05500000000000001,1,2344,1477,0.0,0.0,1,0,1
Full,3,670,train,heuristic,player_win,-10.0,9,51.0,3,Normal,0.05,0.05,1,2348,1480,0.0,0.0,2,0,2
Full,3,671,train,heuristic,player_win,-10.0,9,61.0,3,Normal,0.05,0.05,1,2352,1482,0.0,0.0,2,0,2
Full,3,672,train,heuristic,agent_win,10.0,6,53.0,3,Normal,0.05,0.05,1,2355,1484,3.0,3.0,2,0,1
Full,3,673,train,heuristic,player_win,-10.0,9,63.0,3,Normal,0.05,0.05,1,2359,1485,0.0,0.0,3,1,0
Full,3,674,train,heuristic,agent_win,10.0,8,55.0,3,Normal,0.05,0.05,1,2363,1488,3.0,3.0,2,0,2
Full,3,675,train,heuristic,agent_win,10.0,8,47.0,3,Normal,0.05,0.05,1,2367,1491,3.0,3.0,3,0,1
Full,3,676,train,heuristic,player_win,-10.0,9,57.0,3,Normal,0.05,0.05,1,2371,1494,0.0,0.0,3,0,1
Full,3,677,train,heuristic,player_win,-10.0,7,67.0,4,Hard,0.05,0.05,1,2374,1495,0.0,0.0,2,0,1
Full,3,678,train,heuristic,agent_win,10.0,6,59.0,3,Normal,0.05,0.05,1,2377,1496,3.0,3.0,3,0,0
Full,3,679,train,heuristic,player_win,-10.0,7,69.0,4,Hard,0.05,0.05,1,2380,1496,0.0,0.0,2,1,0
Full,3,680,train,heuristic,agent_win,10.0,8,61.0,3,Normal,0.05,0.05,1,2384,1499,3.0,3.0,2,0,2
Full,3,681,train,heuristic,player_win,-10.0,9,71.0,4,Hard,0.05,0.05,1,2388,1502,0.0,0.0,3,0,1
Full,3,682,train,heuristic,agent_win,10.0,6,63.0,3,Normal,0.05,0.05,1,2391,1503,3.0,3.0,3,0,0
Full,3,683,train,heuristic,player_win,-10.0,9,73.0,4,Hard,0.05,0.05,1,2395,1506,0.0,0.0,2,0,2
Full,3,684,train,heuristic,player_win,-10.0,7,83.0,5,Expert,0.05,0.05,1,2398,1506,0.0,0.0,2,0,1
Full,3,685,train,heuristic,player_win,-10.0,7,93.0,5,Expert,0.05,0.05,1,2401,1508,0.0,0.0,3,0,0
Full,3,686,train,heuristic,agent_win,10.0,6,85.0,5,Expert,0.05,0.05,1,2404,1510,3.0,3.0,3,0,0
Full,3,687,train,heuristic,agent_win,10.0,6,77.0,4,Hard,0.05,0.05,1,2407,1511,3.0,3.0,3,0,0
Full,3,688,train,heuristic,agent_win,10.0,6,69.0,4,Hard,0.05,0.05,1,2410,1512,3.0,3.0,3,0,0
Full,3,689,train,heuristic,agent_win,10.0,6,61.0,3,Normal,0.05,0.05,1,2413,1513,3.0,3.0,3,0,0
Full,3,690,train,heuristic,agent_win,10.0,6,53.0,3,Normal,0.05,0.05,1,2416,1513,1.029,1.029,3,0,0
Full,3,691,train,heuristic,agent_win,10.0,12,45.0,3,Normal,0.05,0.05,1,2422,1518,3.0,3.0,3,0,3
Full,3,692,train,heuristic,player_win,-10.0,7,55.0,3,Normal,0.05,0.05,1,2425,1519,0.0,0.0,2,0,1
Full,3,693,train,heuristic,player_win,-10.0,7,65.0,4,Hard,0.05,0.05,1,2428,1520,0.0,0.0,2,0,1
Full,3,694,train,heuristic,agent_win,10.0,6,57.0,3,Normal,0.05,0.05,1,2431,1520,2.0999999999999996,2.0999999999999996,3,0,0
Full,3,695,train,heuristic,agent_win,10.0,6,49.0,3,Normal,0.05,0.05,1,2434,1521,2.0999999999999996,2.0999999999999996,3,0,0
Full,3,696,train,heuristic,agent_win,10.0,6,41.0,2,Easy,0.05,0.05500000000000001,1,2437,1523,3.0,3.0,2,0,1
Full,3,697,train,heuristic,agent_win,10.0,8,33.0,2,Easy,0.05,0.05500000000000001,1,2441,1525,3.0,3.0,2,0,2
Full,3,698,train,heuristic,agent_win,10.0,8,25.0,2,Easy,0.05,0.05500000000000001,1,2445,1528,3.0,3.0,3,0,1
Full,3,699,train,heuristic,player_win,-10.0,5,35.0,2,Easy,0.05,0.05500000000000001,1,2447,1528,0.0,0.0,1,0,1
Full,3,700,train,heuristic,agent_win,10.0,6,27.0,2,Easy,0.05,0.05500000000000001,1,2450,1530,3.0,3.0,2,0,1
Full,3,701,train,heuristic,player_win,-10.0,9,37.0,2,Easy,0.05,0.05500000000000001,1,2454,1533,0.0,0.0,2,0,2
Full,3,702,train,heuristic,player_win,-10.0,7,47.0,3,Normal,0.05,0.05,1,2457,1534,0.0,0.0,1,0,2
Full,3,703,train,heuristic,agent_win,10.0,10,39.0,2,Easy,0.05,0.05500000000000001,1,2462,1538,3.0,3.0,3,0,2
Full,3,704,train,heuristic,agent_win,10.0,6,31.0,2,Easy,0.05,0.05500000000000001,1,2465,1540,3.0,3.0,3,0,0
Full,3,705,train,heuristic,player_win,-10.0,7,41.0,2,Easy,0.05,0.05500000000000001,1,2468,1542,0.0,0.0,2,0,1
Full,3,706,train,heuristic,player_win,-10.0,11,51.0,3,Normal,0.05,0.05,1,2473,1546,0.0,0.0,3,0,2
Full,3,707,train,heuristic,agent_win,10.0,8,43.0,2,Easy,0.05,0.05500000000000001,1,2477,1548,3.0,3.0,2,0,2
Full,3,708,train,heuristic,player_win,-10.0,5,53.0,3,Normal,0.05,0.05,1,2479,1549,0.0,0.0,1,0,1
Full,3,709,train,heuristic,agent_win,10.0,8,45.0,3,Normal,0.05,0.05,1,2483,1551,3.0,3.0,3,0,1
Full,3,710,train,heuristic,player_win,-10.0,9,55.0,3,Normal,0.05,0.05,1,2487,1554,0.0,0.0,2,0,2
Full,3,711,train,heuristic,player_win,-10.0,7,65.0,4,Hard,0.05,0.05,1,2490,1556,0.0,0.0,2,0,1
Full,3,712,train,heuristic,agent_win,10.0,6,57.0,3,Normal,0.05,0.05,1,2493,1557,2.0999999999999996,2.0999999999999996,3,0,0
Full,3,713,train,heuristic,player_win,-10.0,11,67.0,4,Hard,0.05,0.05,1,2498,1560,0.0,0.0,3,0,2
Full,3,714,train,heuristic,player_win,-10.0,7,77.0,4,Hard,0.05,0.05,1,2501,1562,0.0,0.0,2,0,1
Full,3,715,train,heuristic,agent_win,10.0,6,69.0,4,Hard,0.05,0.05,1,2504,1563,3.0,3.0,3,0,0
Full,3,716,train,heuristic,agent_win,10.0,6,61.0,3,Normal,0.05,0.05,1,2507,1564,3.0,3.0,2,0,1
Full,3,717,train,heuristic,agent_win,10.0,6,53.0,3,Normal,0.05,0.05,1,2510,1566,3.0,3.0,3,0,0
Full,3,718,train,heuristic,player_win,-10.0,7,63.0,3,Normal,0.05,0.05,1,2513,1566,0.0,0.0,2,0,1
Full,3,719,train,heuristic,agent_win,10.0,8,55.0,3,Normal,0.05,0.05,1,2517,1569,3.0,3.0,3,0,1
Full,3,720,train,heuristic,agent_win,10.0,8,47.0,3,Normal,0.05,0.05,1,2521,1572,3.0,3.0,2,0,2
Full,3,721,train,heuristic,agent_win,10.0,6,39.0,2,Easy,0.05,0.05500000000000001,1,2524,1572,2.0999999999999996,2.0999999999999996,3,0,0
Full,3,722,train,heuristic,player_win,-10.0,9,49.0,3,Normal,0.05,0.05,1,2528,1575,0.0,0.0,3,0,1
Full,3,723,train,heuristic,agent_win,10.0,6,41.0,2,Easy,0.05,0.05500000000000001,1,2531,1577,3.0,3.0,2,0,1
Full,3,724,train,heuristic,agent_win,10.0,10,33.0,2,Easy,0.05,0.05500000000000001,1,2536,1581,3.0,3.0,3,0,2
Full,3,725,train,heuristic,player_win,-10.0,7,43.0,2,Easy,0.05,0.05500000000000001,1,2539,1583,0.0,0.0,2,0,1
Full,3,726,train,heuristic,agent_win,10.0,6,35.0,2,Easy,0.05,0.05500000000000001,1,2542,1585,3.0,3.0,1,0,2
Full,3,727,train,heuristic,agent_win,10.0,8,27.0,2,Easy,0.05,0.05500000000000001,1,2546,1587,3.0,3.0,2,0,2
Full,3,728,train,heuristic,player_win,-10.0,7,37.0,2,Easy,0.05,0.05500000000000001,1,2549,1589,0.0,0.0,2,0,1
Full,3,729,train,heuristic,player_win,-10.0,7,47.0,3,Normal,0.05,0.05,1,2552,1590,0.0,0.0,1,0,2
Full,3,730,train,heuristic,player_win,-10.0,7,57.0,3,Normal,0.05,0.05,1,2555,1592,0.0,0.0,2,0,1
Full,3,731,train,heuristic,agent_win,10.0,8,49.0,3,Normal,0.05,0.05,1,2559,1595,3.0,3.0,3,0,1
Full,3,732,train,heuristic,player_win,-10.0,7,59.0,3,Normal,0.05,0.05,1,2562,1597,0.0,0.0,2,0,1
Full,3,733,train,heuristic,agent_win,10.0,10,51.0,3,Normal,0.05,0.05,1,2567,1600,3.0,3.0,4,0,1
Full,3,734,train,heuristic,agent_win,10.0,8,43.0,2,Easy,0.05,0.05500000000000001,1,2571,1603,3.0,3.0,3,0,1
Full,3,735,train,heuristic,player_win,-10.0,5,53.0,3,Normal,0.05,0.05,1,2573,1603,0.0,0.0,1,0,1
Full,3,736,train,heuristic,player_win,-10.0,9,63.0,3,Normal,0.05,0.05,1,2577,1606,0.0,0.0,3,0,1
Full,3,737,train,heuristic,player_win,-10.0,9,73.0,4,Hard,0.05,0.05,1,2581,1608,0.0,0.0,2,0,2
Full,3,738,train,heuristic,agent_win,10.0,14,65.0,4,Hard,0.05,0.05,1,2588,1614,3.0,3.0,6,0,1
Full,3,739,train,heuristic,agent_win,10.0,8,57.0,3,Normal,0.05,0.05,1,2592,1617,3.0,3.0,3,0,1
Full,3,740,train,heuristic,agent_win,10.0,8,49.0,3,Normal,0.05,0.05,1,2596,1620,3.0,3.0,3,0,1
Full,3,741,train,heuristic,agent_win,10.0,6,41.0,2,Easy,0.05,0.05500000000000001,1,2599,1622,3.0,3.0,3,0,0
Full,3,742,train,heuristic,player_win,-10.0,7,51.0,3,Normal,0.05,0.05,1,2602,1624,0.0,0.0,2,0,1
Full,3,743,train,heuristic,player_win,-10.0,7,61.0,3,Normal,0.05,0.05,1,2605,1626,0.0,0.0,2,0,1
Full,3,744,train,heuristic,player_win,-10.0,7,71.0,4,Hard,0.05,0.05,1,2608,1626,0.0,0.0,2,0,1
Full,3,745,train,heuristic,agent_win,10.0,6,63.0,3,Normal,0.05,0.05,1,2611,1628,3.0,3.0,2,0,1
Full,3,746,train,heuristic,player_win,-10.0,9,73.0,4,Hard,0.05,0.05,1,2615,1631,0.0,0.0,1,0,3
Full,3,747,train,heuristic,player_win,-10.0,7,83.0,5,Expert,0.05,0.05,1,2618,1631,0.0,0.0,3,0,0
Full,3,748,train,heuristic,agent_win,10.0,6,75.0,4,Hard,0.05,0.05,1,2621,1632,3.0,3.0,3,0,0
Full,3,749,train,heuristic,agent_win,10.0,8,67.0,4,Hard,0.05,0.05,1,2625,1635,3.0,3.0,3,0,1
Full,3,750,train,heuristic,agent_win,10.0,8,59.0,3,Normal,0.05,0.05,1,2629,1635,2.0999999999999996,2.0999999999999996,4,0,0
Full,3,751,train,heuristic,agent_win,10.0,8,51.0,3,Normal,0.05,0.05,1,2633,1636,3.0,3.0,2,0,2
Full,3,752,train,heuristic,player_win,-10.0,5,61.0,3,Normal,0.05,0.05,1,2635,1637,0.0,0.0,1,0,1
Full,3,753,train,heuristic,agent_win,10.0,8,53.0,3,Normal,0.05,0.05,1,2639,1638,3.0,3.0,4,0,0
Full,3,754,train,heuristic,player_win,-10.0,7,63.0,3,Normal,0.05,0.05,1,2642,1639,0.0,0.0,1,0,2
Full,3,755,train,heuristic,player_win,-10.0,7,73.0,4,Hard,0.05,0.05,1,2645,1640,0.0,0.0,1,0,2
Full,3,756,train,heuristic,agent_win,10.0,8,65.0,4,Hard,0.05,0.05,1,2649,1643,3.0,3.0,3,0,1
Full,3,757,train,heuristic,player_win,-10.0,9,75.0,4,Hard,0.05,0.05,1,2653,1646,0.0,0.0,3,0,1
Full,3,758,train,heuristic,agent_win,10.0,6,67.0,4,Hard,0.05,0.05,1,2656,1646,2.0999999999999996,2.0999999999999996,3,0,0
Full,3,759,train,heuristic,agent_win,10.0,8,59.0,3,Normal,0.05,0.05,1,2660,1647,3.0,3.0,4,0,0
Full,3,760,train,heuristic,agent_win,10.0,10,51.0,3,Normal,0.05,0.05,1,2665,1651,3.0,3.0,3,0,2
Full,3,761,train,heuristic,player_win,-10.0,9,61.0,3,Normal,0.05,0.05,1,2669,1654,0.0,0.0,3,0,1
Full,3,762,train,heuristic,agent_win,10.0,8,53.0,3,Normal,0.05,0.05,1,2673,1656,3.0,3.0,3,0,1
Full,3,763,train,heuristic,agent_win,10.0,8,45.0,3,Normal,0.05,0.05,1,2677,1658,3.0,3.0,3,0,1
Full,3,764,train,heuristic,player_win,-10.0,7,55.0,3,Normal,0.05,0.05,1,2680,1660,0.0,0.0,1,0,2
Full,3,765,train,heuristic,player_win,-10.0,7,65.0,4,Hard,0.05,0.05,1,2683,1662,0.0,0.0,2,0,1
Full,3,766,train,heuristic,player_win,-10.0,5,75.0,4,Hard,0.05,0.05,1,2685,1662,0.0,0.0,2,0,0
Full,3,767,train,heuristic,agent_win,10.0,6,67.0,4,Hard,0.05,0.05,1,2688,1663,3.0,3.0,3,0,0
Full,3,768,train,heuristic,agent_win,10.0,6,59.0,3,Normal,0.05,0.05,1,2691,1665,3.0,3.0,2,0,1
Full,3,769,train,heuristic,player_win,-10.0,9,69.0,4,Hard,0.05,0.05,1,2695,1667,0.0,0.0,3,0,1
Full,3,770,train,heuristic,agent_win,10.0,6,61.0,3,Normal,0.05,0.05,1,2698,1668,3.0,3.0,3,0,0
Full,3,771,train,heuristic,agent_win,10.0,6,53.0,3,Normal,0.05,0.05,1,2701,1669,3.0,3.0,2,0,1
Full,3,772,train,heuristic,agent_win,10.0,10,45.0,3,Normal,0.05,0.05,1,2706,1673,3.0,3.0,3,0,2
Full,3,773,train,heuristic,player_win,-10.0,7,55.0,3,Normal,0.05,0.05,1,2709,1675,0.0,0.0,1,0,2
Full,3,774,train,heuristic,player_win,-10.0,7,65.0,4,Hard,0.05,0.05,1,2712,1676,0.0,0.0,2,0,1
Full,3,775,train,heuristic,agent_win,10.0,6,57.0,3,Normal,0.05,0.05,1,2715,1678,3.0,3.0,2,0,1
Full,3,776,train,heuristic,agent_win,10.0,6,49.0,3,Normal,0.05,0.05,1,2718,1680,3.0,3.0,1,0,2
Full,3,777,train,heuristic,agent_win,10.0,6,41.0,2,Easy,0.05,0.05500000000000001,1,2721,1682,3.0,3.0,2,0,1
Full,3,778,train,heuristic,agent_win,10.0,10,33.0,2,Easy,0.05,0.05500000000000001,1,2726,1686,3.0,3.0,3,0,2
Full,3,779,train,heuristic,player_win,-10.0,5,43.0,2,Easy,0.05,0.05500000000000001,1,2728,1687,0.0,0.0,1,0,1
Full,3,780,train,heuristic,agent_win,10.0,10,35.0,2,Easy,0.05,0.05500000000000001,1,2733,1691,3.0,3.0,2,0,3
Full,3,781,train,heuristic,player_win,-10.0,13,45.0,3,Normal,0.05,0.05,1,2739,1696,0.0,0.0,4,1,1
Full,3,782,train,heuristic,agent_win,10.0,6,37.0,2,Easy,0.05,0.05500000000000001,1,2742,1698,3.0,3.0,3,0,0
Full,3,783,train,heuristic,player_win,-10.0,5,47.0,3,Normal,0.05,0.05,1,2744,1699,0.0,0.0,2,0,0
Full,3,784,train,heuristic,agent_win,10.0,12,39.0,2,Easy,0.05,0.05500000000000001,1,2750,1704,3.0,3.0,4,0,2
Full,3,785,train,heuristic,player_win,-10.0,9,49.0,3,Normal,0.05,0.05,1,2754,1704,0.0,0.0,2,0,2
Full,3,786,train,heuristic,agent_win,10.0,6,41.0,2,Easy,0.05,0.05500000000000001,1,2757,1706,3.0,3.0,2,0,1
Full,3,787,train,heuristic,player_win,-10.0,7,51.0,3,Normal,0.05,0.05,1,2760,1708,0.0,0.0,3,0,0
Full,3,788,train,heuristic,player_win,-10.0,7,61.0,3,Normal,0.05,0.05,1,2763,1709,0.0,0.0,1,1,1
Full,3,789,train,heuristic,agent_win,10.0,6,53.0,3,Normal,0.05,0.05,1,2766,1711,3.0,3.0,2,0,1
Full,3,790,train,heuristic,player_win,-10.0,11,63.0,3,Normal,0.05,0.05,1,2771,1715,0.0,0.0,3,0,2
Full,3,791,train,heuristic,agent_win,10.0,6,55.0,3,Normal,0.05,0.05,1,2774,1715,2.0999999999999996,2.0999999999999996,3,0,0
Full,3,792,train,heuristic,agent_win,10.0,8,47.0,3,Normal,0.05,0.05,1,2778,1715,3.0,3.0,3,0,1
Full,3,793,train,heuristic,agent_win,10.0,8,39.0,2,Easy,0.05,0.05500000000000001,1,2782,1718,3.0,3.0,3,0,1
Full,3,794,train,heuristic,player_win,-10.0,9,49.0,3,Normal,0.05,0.05,1,2786,1721,0.0,0.0,3,0,1
Full,3,795,train,heuristic,draw,3.0,16,52.0,3,Normal,0.05,0.05,1,2794,1728,0.8999999999999999,0.8999999999999999,6,0,2
Full,3,796,train,heuristic,player_win,-10.0,7,62.0,3,Normal,0.05,0.05,1,2797,1729,0.0,0.0,1,0,2
Full,3,797,train,heuristic,player_win,-10.0,9,72.0,4,Hard,0.05,0.05,1,2801,1732,0.0,0.0,3,0,1
Full,3,798,train,heuristic,agent_win,10.0,6,64.0,3,Normal,0.05,0.05,1,2804,1733,3.0,3.0,3,0,0
Full,3,799,train,heuristic,player_win,-10.0,5,74.0,4,Hard,0.05,0.05,1,2806,1733,0.0,0.0,2,0,0
Full,3,800,train,heuristic,player_win,-10.0,7,84.0,5,Expert,0.05,0.05,1,2809,1733,0.0,0.0,3,0,0
Full,3,801,eval,heuristic,agent_win,10.0,6,76.0,4,Hard,0.05,0.0,0,2809,1733,0.0,0.0,3,0,0
Full,3,802,eval,heuristic,agent_win,10.0,6,68.0,4,Hard,0.05,0.0,0,2809,1733,0.0,0.0,3,0,0
Full,3,803,eval,heuristic,agent_win,10.0,6,60.0,3,Normal,0.05,0.0,0,2809,1733,0.0,0.0,3,0,0
Full,3,804,eval,heuristic,player_win,-10.0,9,70.0,4,Hard,0.05,0.0,0,2809,1733,0.0,0.0,3,0,1
Full,3,805,eval,heuristic,agent_win,10.0,8,62.0,3,Normal,0.05,0.0,0,2809,1733,0.0,0.0,4,0,0
Full,3,806,eval,heuristic,player_win,-10.0,7,72.0,4,Hard,0.05,0.0,0,2809,1733,0.0,0.0,2,0,1
Full,3,807,eval,heuristic,agent_win,10.0,10,64.0,3,Normal,0.05,0.0,0,2809,1733,0.0,0.0,4,0,1
Full,3,808,eval,heuristic,player_win,-10.0,9,74.0,4,Hard,0.05,0.0,0,2809,1733,0.0,0.0,2,0,2
Full,3,809,eval,heuristic,agent_win,10.0,6,66.0,4,Hard,0.05,0.0,0,2809,1733,0.0,0.0,3,0,0
Full,3,810,eval,heuristic,player_win,-10.0,7,76.0,4,Hard,0.05,0.0,0,2809,1733,0.0,0.0,3,0,0
Full,3,811,eval,heuristic,agent_win,10.0,6,68.0,4,Hard,0.05,0.0,0,2809,1733,0.0,0.0,3,0,0
Full,3,812,eval,heuristic,player_win,-10.0,9,78.0,4,Hard,0.05,0.0,0,2809,1733,0.0,0.0,3,0,1
Full,3,813,eval,heuristic,agent_win,10.0,8,70.0,4,Hard,0.05,0.0,0,2809,1733,0.0,0.0,2,0,2
Full,3,814,eval,heuristic,agent_win,10.0,10,62.0,3,Normal,0.05,0.0,0,2809,1733,0.0,0.0,2,0,3
Full,3,815,eval,heuristic,player_win,-10.0,9,72.0,4,Hard,0.05,0.0,0,2809,1733,0.0,0.0,4,0,0
Full,3,816,eval,heuristic,player_win,-10.0,5,82.0,5,Expert,0.05,0.0,0,2809,1733,0.0,0.0,2,0,0
Full,3,817,eval,heuristic,agent_win,10.0,6,74.0,4,Hard,0.05,0.0,0,2809,1733,0.0,0.0,3,0,0
Full,3,818,eval,heuristic,player_win,-10.0,7,84.0,5,Expert,0.05,0.0,0,2809,1733,0.0,0.0,2,0,1
Full,3,819,eval,heuristic,agent_win,10.0,6,76.0,4,Hard,0.05,0.0,0,2809,1733,0.0,0.0,3,0,0
Full,3,820,eval,heuristic,agent_win,10.0,6,68.0,4,Hard,0.05,0.0,0,2809,1733,0.0,0.0,3,0,0
Full,3,821,eval,heuristic,player_win,-10.0,7,78.0,4,Hard,0.05,0.0,0,2809,1733,0.0,0.0,3,0,0
Full,3,822,eval,heuristic,agent_win,10.0,6,70.0,4,Hard,0.05,0.0,0,2809,1733,0.0,0.0,2,0,1
Full,3,823,eval,heuristic,player_win,-10.0,7,80.0,5,Expert,0.05,0.0,0,2809,1733,0.0,0.0,3,0,0
Full,3,824,eval,heuristic,player_win,-10.0,5,90.0,5,Expert,0.05,0.0,0,2809,1733,0.0,0.0,2,0,0
Full,3,825,eval,heuristic,agent_win,10.0,8,82.0,5,Expert,0.05,0.0,0,2809,1733,0.0,0.0,4,0,0
Full,3,826,eval,heuristic,player_win,-10.0,5,92.0,5,Expert,0.05,0.0,0,2809,1733,0.0,0.0,1,0,1
Full,3,827,eval,heuristic,agent_win,10.0,6,84.0,5,Expert,0.05,0.0,0,2809,1733,0.0,0.0,3,0,0
Full,3,828,eval,heuristic,agent_win,10.0,6,76.0,4,Hard,0.05,0.0,0,2809,1733,0.0,0.0,3,0,0
Full,3,829,eval,heuristic,agent_win,10.0,8,68.0,4,Hard,0.05,0.0,0,2809,1733,0.0,0.0,2,0,2
Full,3,830,eval,heuristic,agent_win,10.0,6,60.0,3,Normal,0.05,0.0,0,2809,1733,0.0,0.0,1,0,2
Full,3,831,eval,heuristic,agent_win,10.0,8,52.0,3,Normal,0.05,0.0,0,2809,1733,0.0,0.0,2,0,2
Full,3,832,eval,heuristic,agent_win,10.0,8,44.0,2,Easy,0.05,0.0,0,2809,1733,0.0,0.0,3,0,1
Full,3,833,eval,heuristic,player_win,-10.0,11,54.0,3,Normal,0.05,0.0,0,2809,1733,0.0,0.0,2,0,3
Full,3,834,eval,heuristic,agent_win,10.0,8,46.0,3,Normal,0.05,0.0,0,2809,1733,0.0,0.0,2,0,2
Full,3,835,eval,heuristic,agent_win,10.0,6,38.0,2,Easy,0.05,0.0,0,2809,1733,0.0,0.0,2,0,1
Full,3,836,eval,heuristic,agent_win,10.0,8,30.0,2,Easy,0.05,0.0,0,2809,1733,0.0,0.0,3,0,1
Full,3,837,eval,heuristic,player_win,-10.0,7,40.0,2,Easy,0.05,0.0,0,2809,1733,0.0,0.0,2,0,1
Full,3,838,eval,heuristic,player_win,-10.0,11,50.0,3,Normal,0.05,0.0,0,2809,1733,0.0,0.0,3,0,2
Full,3,839,eval,heuristic,player_win,-10.0,7,60.0,3,Normal,0.05,0.0,0,2809,1733,0.0,0.0,1,0,2
Full,3,840,eval,heuristic,player_win,-10.0,7,70.0,4,Hard,0.05,0.0,0,2809,1733,0.0,0.0,2,0,1
Full,3,841,eval,heuristic,agent_win,10.0,6,62.0,3,Normal,0.05,0.0,0,2809,1733,0.0,0.0,2,0,1
Full,3,842,eval,heuristic,agent_win,10.0,6,54.0,3,Normal,0.05,0.0,0,2809,1733,0.0,0.0,3,0,0
Full,3,843,eval,heuristic,player_win,-10.0,7,64.0,3,Normal,0.05,0.0,0,2809,1733,0.0,0.0,2,0,1
Full,3,844,eval,heuristic,agent_win,10.0,6,56.0,3,Normal,0.05,0.0,0,2809,1733,0.0,0.0,2,0,1
Full,3,845,eval,heuristic,player_win,-10.0,7,66.0,4,Hard,0.05,0.0,0,2809,1733,0.0,0.0,2,0,1
Full,3,846,eval,heuristic,agent_win,10.0,6,58.0,3,Normal,0.05,0.0,0,2809,1733,0.0,0.0,3,0,0
Full,3,847,eval,heuristic,agent_win,10.0,6,50.0,3,Normal,0.05,0.0,0,2809,1733,0.0,0.0,3,0,0
Full,3,848,eval,heuristic,player_win,-10.0,5,60.0,3,Normal,0.05,0.0,0,2809,1733,0.0,0.0,1,0,1
Full,3,849,eval,heuristic,agent_win,10.0,6,52.0,3,Normal,0.05,0.0,0,2809,1733,0.0,0.0,2,0,1
Full,3,850,eval,heuristic,agent_win,10.0,10,44.0,2,Easy,0.05,0.0,0,2809,1733,0.0,0.0,4,0,1
Full,3,851,eval,heuristic,player_win,-10.0,7,54.0,3,Normal,0.05,0.0,0,2809,1733,0.0,0.0,2,0,1
Full,3,852,eval,heuristic,agent_win,10.0,8,46.0,3,Normal,0.05,0.0,0,2809,1733,0.0,0.0,3,0,1
Full,3,853,eval,heuristic,player_win,-10.0,7,56.0,3,Normal,0.05,0.0,0,2809,1733,0.0,0.0,2,0,1
Full,3,854,eval,heuristic,player_win,-10.0,7,66.0,4,Hard,0.05,0.0,0,2809,1733,0.0,0.0,2,0,1
Full,3,855,eval,heuristic,agent_win,10.0,8,58.0,3,Normal,0.05,0.0,0,2809,1733,0.0,0.0,3,0,1
Full,3,856,eval,heuristic,player_win,-10.0,5,68.0,4,Hard,0.05,0.0,0,2809,1733,0.0,0.0,1,0,1
Full,3,857,eval,heuristic,player_win,-10.0,7,78.0,4,Hard,0.05,0.0,0,2809,1733,0.0,0.0,2,0,1
Full,3,858,eval,heuristic,player_win,-10.0,7,88.0,5,Expert,0.05,0.0,0,2809,1733,0.0,0.0,2,0,1
Full,3,859,eval,heuristic,agent_win,10.0,6,80.0,5,Expert,0.05,0.0,0,2809,1733,0.0,0.0,3,0,0
Full,3,860,eval,heuristic,agent_win,10.0,6,72.0,4,Hard,0.05,0.0,0,2809,1733,0.0,0.0,3,0,0
Full,3,861,eval,heuristic,agent_win,10.0,6,64.0,3,Normal,0.05,0.0,0,2809,1733,0.0,0.0,3,0,0
Full,3,862,eval,heuristic,player_win,-10.0,7,74.0,4,Hard,0.05,0.0,0,2809,1733,0.0,0.0,2,0,1
Full,3,863,eval,heuristic,agent_win,10.0,12,66.0,4,Hard,0.05,0.0,0,2809,1733,0.0,0.0,6,0,0
Full,3,864,eval,heuristic,agent_win,10.0,6,58.0,3,Normal,0.05,0.0,0,2809,1733,0.0,0.0,2,0,1
Full,3,865,eval,heuristic,agent_win,10.0,6,50.0,3,Normal,0.05,0.0,0,2809,1733,0.0,0.0,2,0,1
Full,3,866,eval,heuristic,agent_win,10.0,6,42.0,2,Easy,0.05,0.0,0,2809,1733,0.0,0.0,3,0,0
Full,3,867,eval,heuristic,agent_win,10.0,12,34.0,2,Easy,0.05,0.0,0,2809,1733,0.0,0.0,5,0,1
Full,3,868,eval,heuristic,agent_win,10.0,8,26.0,2,Easy,0.05,0.0,0,2809,1733,0.0,0.0,3,0,1
Full,3,869,eval,heuristic,player_win,-10.0,9,36.0,2,Easy,0.05,0.0,0,2809,1733,0.0,0.0,2,0,2
Full,3,870,eval,heuristic,player_win,-10.0,7,46.0,3,Normal,0.05,0.0,0,2809,1733,0.0,0.0,1,0,2
Full,3,871,eval,heuristic,agent_win,10.0,6,38.0,2,Easy,0.05,0.0,0,2809,1733,0.0,0.0,2,0,1
Full,3,872,eval,heuristic,agent_win,10.0,8,30.0,2,Easy,0.05,0.0,0,2809,1733,0.0,0.0,2,0,2
Full,3,873,eval,heuristic,agent_win,10.0,6,22.0,1,Very Easy,0.05,0.0,0,2809,1733,0.0,0.0,2,0,1
Full,3,874,eval,heuristic,player_win,-10.0,7,32.0,2,Easy,0.05,0.0,0,2809,1733,0.0,0.0,2,0,1
Full,3,875,eval,heuristic,player_win,-10.0,9,42.0,2,Easy,0.05,0.0,0,2809,1733,0.0,0.0,2,0,2
Full,3,876,eval,heuristic,agent_win,10.0,8,34.0,2,Easy,0.05,0.0,0,2809,1733,0.0,0.0,3,0,1
Full,3,877,eval,heuristic,player_win,-10.0,9,44.0,2,Easy,0.05,0.0,0,2809,1733,0.0,0.0,2,0,2
Full,3,878,eval,heuristic,player_win,-10.0,7,54.0,3,Normal,0.05,0.0,0,2809,1733,0.0,0.0,2,0,1
Full,3,879,eval,heuristic,player_win,-10.0,7,64.0,3,Normal,0.05,0.0,0,2809,1733,0.0,0.0,2,0,1
Full,3,880,eval,heuristic,agent_win,10.0,8,56.0,3,Normal,0.05,0.0,0,2809,1733,0.0,0.0,2,0,2
Full,3,881,eval,heuristic,player_win,-10.0,11,66.0,4,Hard,0.05,0.0,0,2809,1733,0.0,0.0,2,0,3
Full,3,882,eval,heuristic,agent_win,10.0,8,58.0,3,Normal,0.05,0.0,0,2809,1733,0.0,0.0,3,0,1
Full,3,883,eval,heuristic,agent_win,10.0,8,50.0,3,Normal,0.05,0.0,0,2809,1733,0.0,0.0,3,0,1
Full,3,884,eval,heuristic,agent_win,10.0,6,42.0,2,Easy,0.05,0.0,0,2809,1733,0.0,0.0,3,0,0
Full,3,885,eval,heuristic,player_win,-10.0,11,52.0,3,Normal,0.05,0.0,0,2809,1733,0.0,0.0,1,0,4
Full,3,886,eval,heuristic,player_win,-10.0,7,62.0,3,Normal,0.05,0.0,0,2809,1733,0.0,0.0,3,0,0
Full,3,887,eval,heuristic,player_win,-10.0,7,72.0,4,Hard,0.05,0.0,0,2809,1733,0.0,0.0,2,0,1
Full,3,888,eval,heuristic,agent_win,10.0,8,64.0,3,Normal,0.05,0.0,0,2809,1733,0.0,0.0,2,0,2
Full,3,889,eval,heuristic,agent_win,10.0,6,56.0,3,Normal,0.05,0.0,0,2809,1733,0.0,0.0,3,0,0
Full,3,890,eval,heuristic,player_win,-10.0,7,66.0,4,Hard,0.05,0.0,0,2809,1733,0.0,0.0,2,0,1
Full,3,891,eval,heuristic,agent_win,10.0,6,58.0,3,Normal,0.05,0.0,0,2809,1733,0.0,0.0,3,0,0
Full,3,892,eval,heuristic,agent_win,10.0,6,50.0,3,Normal,0.05,0.0,0,2809,1733,0.0,0.0,3,0,0
Full,3,893,eval,heuristic,player_win,-10.0,7,60.0,3,Normal,0.05,0.0,0,2809,1733,0.0,0.0,2,0,1
Full,3,894,eval,heuristic,player_win,-10.0,7,70.0,4,Hard,0.05,0.0,0,2809,1733,0.0,0.0,2,0,1
Full,3,895,eval,heuristic,agent_win,10.0,6,62.0,3,Normal,0.05,0.0,0,2809,1733,0.0,0.0,3,0,0
Full,3,896,eval,heuristic,agent_win,10.0,6,54.0,3,Normal,0.05,0.0,0,2809,1733,0.0,0.0,2,0,1
Full,3,897,eval,heuristic,player_win,-10.0,5,64.0,3,Normal,0.05,0.0,0,2809,1733,0.0,0.0,2,0,0
Full,3,898,eval,heuristic,player_win,-10.0,5,74.0,4,Hard,0.05,0.0,0,2809,1733,0.0,0.0,1,0,1
Full,3,899,eval,heuristic,agent_win,10.0,6,66.0,4,Hard,0.05,0.0,0,2809,1733,0.0,0.0,3,0,0
Full,3,900,eval,heuristic,agent_win,10.0,6,58.0,3,Normal,0.05,0.0,0,2809,1733,0.0,0.0,3,0,0
Full,3,901,eval,heuristic,player_win,-10.0,9,68.0,4,Hard,0.05,0.0,0,2809,1733,0.0,0.0,1,0,3
Full,3,902,eval,heuristic,player_win,-10.0,9,78.0,4,Hard,0.05,0.0,0,2809,1733,0.0,0.0,4,0,0
Full,3,903,eval,heuristic,agent_win,10.0,6,70.0,4,Hard,0.05,0.0,0,2809,1733,0.0,0.0,3,0,0
Full,3,904,eval,heuristic,agent_win,10.0,6,62.0,3,Normal,0.05,0.0,0,2809,1733,0.0,0.0,3,0,0
Full,3,905,eval,heuristic,player_win,-10.0,5,72.0,4,Hard,0.05,0.0,0,2809,1733,0.0,0.0,1,0,1
Full,3,906,eval,heuristic,agent_win,10.0,6,64.0,3,Normal,0.05,0.0,0,2809,1733,0.0,0.0,3,0,0
Full,3,907,eval,heuristic,agent_win,10.0,8,56.0,3,Normal,0.05,0.0,0,2809,1733,0.0,0.0,3,0,1
Full,3,908,eval,heuristic,player_win,-10.0,7,66.0,4,Hard,0.05,0.0,0,2809,1733,0.0,0.0,2,0,1
Full,3,909,eval,heuristic,agent_win,10.0,8,58.0,3,Normal,0.05,0.0,0,2809,1733,0.0,0.0,4,0,0
Full,3,910,eval,heuristic,player_win,-10.0,7,68.0,4,Hard,0.05,0.0,0,2809,1733,0.0,0.0,2,0,1
Full,3,911,eval,heuristic,player_win,-10.0,7,78.0,4,Hard,0.05,0.0,0,2809,1733,0.0,0.0,2,0,1
Full,3,912,eval,heuristic,agent_win,10.0,6,70.0,4,Hard,0.05,0.0,0,2809,1733,0.0,0.0,3,0,0
Full,3,913,eval,heuristic,agent_win,10.0,8,62.0,3,Normal,0.05,0.0,0,2809,1733,0.0,0.0,2,0,2
Full,3,914,eval,heuristic,player_win,-10.0,9,72.0,4,Hard,0.05,0.0,0,2809,1733,0.0,0.0,3,0,1
Full,3,915,eval,heuristic,player_win,-10.0,9,82.0,5,Expert,0.05,0.0,0,2809,1733,0.0,0.0,4,0,0
Full,3,916,eval,heuristic,agent_win,10.0,6,74.0,4,Hard,0.05,0.0,0,2809,1733,0.0,0.0,3,0,0
Full,3,917,eval,heuristic,player_win,-10.0,7,84.0,5,Expert,0.05,0.0,0,2809,1733,0.0,0.0,3,0,0
Full,3,918,eval,heuristic,agent_win,10.0,6,76.0,4,Hard,0.05,0.0,0,2809,1733,0.0,0.0,3,0,0
Full,3,919,eval,heuristic,agent_win,10.0,6,68.0,4,Hard,0.05,0.0,0,2809,1733,0.0,0.0,3,0,0
Full,3,920,eval,heuristic,agent_win,10.0,6,60.0,3,Normal,0.05,0.0,0,2809,1733,0.0,0.0,3,0,0
Full,3,921,eval,heuristic,agent_win,10.0,8,52.0,3,Normal,0.05,0.0,0,2809,1733,0.0,0.0,2,0,2
Full,3,922,eval,heuristic,agent_win,10.0,8,44.0,2,Easy,0.05,0.0,0,2809,1733,0.0,0.0,3,0,1
Full,3,923,eval,heuristic,agent_win,10.0,8,36.0,2,Easy,0.05,0.0,0,2809,1733,0.0,0.0,2,0,2
Full,3,924,eval,heuristic,player_win,-10.0,9,46.0,3,Normal,0.05,0.0,0,2809,1733,0.0,0.0,3,0,1
Full,3,925,eval,heuristic,agent_win,10.0,6,38.0,2,Easy,0.05,0.0,0,2809,1733,0.0,0.0,3,0,0
Full,3,926,eval,heuristic,player_win,-10.0,9,48.0,3,Normal,0.05,0.0,0,2809,1733,0.0,0.0,2,0,2
Full,3,927,eval,heuristic,player_win,-10.0,5,58.0,3,Normal,0.05,0.0,0,2809,1733,0.0,0.0,1,0,1
Full,3,928,eval,heuristic,player_win,-10.0,9,68.0,4,Hard,0.05,0.0,0,2809,1733,0.0,0.0,1,0,3
Full,3,929,eval,heuristic,agent_win,10.0,8,60.0,3,Normal,0.05,0.0,0,2809,1733,0.0,0.0,2,0,2
Full,3,930,eval,heuristic,player_win,-10.0,9,70.0,4,Hard,0.05,0.0,0,2809,1733,0.0,0.0,3,0,1
Full,3,931,eval,heuristic,player_win,-10.0,7,80.0,5,Expert,0.05,0.0,0,2809,1733,0.0,0.0,2,0,1
Full,3,932,eval,heuristic,player_win,-10.0,9,90.0,5,Expert,0.05,0.0,0,2809,1733,0.0,0.0,3,0,1
Full,3,933,eval,heuristic,player_win,-10.0,5,100.0,5,Expert,0.05,0.0,0,2809,1733,0.0,0.0,2,0,0
Full,3,934,eval,heuristic,agent_win,10.0,8,92.0,5,Expert,0.05,0.0,0,2809,1733,0.0,0.0,4,0,0
Full,3,935,eval,heuristic,agent_win,10.0,6,84.0,5,Expert,0.05,0.0,0,2809,1733,0.0,0.0,3,0,0
Full,3,936,eval,heuristic,agent_win,10.0,6,76.0,4,Hard,0.05,0.0,0,2809,1733,0.0,0.0,3,0,0
Full,3,937,eval,heuristic,agent_win,10.0,6,68.0,4,Hard,0.05,0.0,0,2809,1733,0.0,0.0,3,0,0
Full,3,938,eval,heuristic,agent_win,10.0,6,60.0,3,Normal,0.05,0.0,0,2809,1733,0.0,0.0,2,0,1
Full,3,939,eval,heuristic,player_win,-10.0,5,70.0,4,Hard,0.05,0.0,0,2809,1733,0.0,0.0,2,0,0
Full,3,940,eval,heuristic,agent_win,10.0,6,62.0,3,Normal,0.05,0.0,0,2809,1733,0.0,0.0,3,0,0
Full,3,941,eval,heuristic,player_win,-10.0,7,72.0,4,Hard,0.05,0.0,0,2809,1733,0.0,0.0,2,0,1
Full,3,942,eval,heuristic,agent_win,10.0,6,64.0,3,Normal,0.05,0.0,0,2809,1733,0.0,0.0,3,0,0
Full,3,943,eval,heuristic,agent_win,10.0,8,56.0,3,Normal,0.05,0.0,0,2809,1733,0.0,0.0,3,0,1
Full,3,944,eval,heuristic,player_win,-10.0,5,66.0,4,Hard,0.05,0.0,0,2809,1733,0.0,0.0,1,0,1
Full,3,945,eval,heuristic,agent_win,10.0,6,58.0,3,Normal,0.05,0.0,0,2809,1733,0.0,0.0,2,0,1
Full,3,946,eval,heuristic,agent_win,10.0,8,50.0,3,Normal,0.05,0.0,0,2809,1733,0.0,0.0,3,0,1
Full,3,947,eval,heuristic,player_win,-10.0,5,60.0,3,Normal,0.05,0.0,0,2809,1733,0.0,0.0,1,0,1
Full,3,948,eval,heuristic,player_win,-10.0,7,70.0,4,Hard,0.05,0.0,0,2809,1733,0.0,0.0,1,0,2
Full,3,949,eval,heuristic,agent_win,10.0,6,62.0,3,Normal,0.05,0.0,0,2809,1733,0.0,0.0,3,0,0
Full,3,950,eval,heuristic,agent_win,10.0,6,54.0,3,Normal,0.05,0.0,0,2809,1733,0.0,0.0,2,0,1
Full,3,951,eval,heuristic,agent_win,10.0,8,46.0,3,Normal,0.05,0.0,0,2809,1733,0.0,0.0,2,0,2
Full,3,952,eval,heuristic,agent_win,10.0,6,38.0,2,Easy,0.05,0.0,0,2809,1733,0.0,0.0,2,0,1
Full,3,953,eval,heuristic,agent_win,10.0,8,30.0,2,Easy,0.05,0.0,0,2809,1733,0.0,0.0,2,0,2
Full,3,954,eval,heuristic,agent_win,10.0,8,22.0,1,Very Easy,0.05,0.0,0,2809,1733,0.0,0.0,3,0,1
Full,3,955,eval,heuristic,player_win,-10.0,7,32.0,2,Easy,0.05,0.0,0,2809,1733,0.0,0.0,1,0,2
Full,3,956,eval,heuristic,agent_win,10.0,8,24.0,1,Very Easy,0.05,0.0,0,2809,1733,0.0,0.0,3,0,1
Full,3,957,eval,heuristic,agent_win,10.0,6,16.0,1,Very Easy,0.05,0.0,0,2809,1733,0.0,0.0,2,0,1
Full,3,958,eval,heuristic,player_win,-10.0,9,26.0,2,Easy,0.05,0.0,0,2809,1733,0.0,0.0,3,0,1
Full,3,959,eval,heuristic,agent_win,10.0,8,18.0,1,Very Easy,0.05,0.0,0,2809,1733,0.0,0.0,3,0,1
Full,3,960,eval,heuristic,player_win,-10.0,11,28.0,2,Easy,0.05,0.0,0,2809,1733,0.0,0.0,3,0,2
Full,3,961,eval,heuristic,player_win,-10.0,7,38.0,2,Easy,0.05,0.0,0,2809,1733,0.0,0.0,1,0,2
Full,3,962,eval,heuristic,player_win,-10.0,7,48.0,3,Normal,0.05,0.0,0,2809,1733,0.0,0.0,1,0,2
Full,3,963,eval,heuristic,player_win,-10.0,11,58.0,3,Normal,0.05,0.0,0,2809,1733,0.0,0.0,2,0,3
Full,3,964,eval,heuristic,player_win,-10.0,11,68.0,4,Hard,0.05,0.0,0,2809,1733,0.0,0.0,3,0,2
Full,3,965,eval,heuristic,agent_win,10.0,6,60.0,3,Normal,0.05,0.0,0,2809,1733,0.0,0.0,3,0,0
Full,3,966,eval,heuristic,player_win,-10.0,7,70.0,4,Hard,0.05,0.0,0,2809,1733,0.0,0.0,2,0,1
Full,3,967,eval,heuristic,player_win,-10.0,7,80.0,5,Expert,0.05,0.0,0,2809,1733,0.0,0.0,2,0,1
Full,3,968,eval,heuristic,agent_win,10.0,6,72.0,4,Hard,0.05,0.0,0,2809,1733,0.0,0.0,3,0,0
Full,3,969,eval,heuristic,agent_win,10.0,6,64.0,3,Normal,0.05,0.0,0,2809,1733,0.0,0.0,3,0,0
Full,3,970,eval,heuristic,agent_win,10.0,8,56.0,3,Normal,0.05,0.0,0,2809,1733,0.0,0.0,3,0,1
Full,3,971,eval,heuristic,agent_win,10.0,8,48.0,3,Normal,0.05,0.0,0,2809,1733,0.0,0.0,2,0,2
Full,3,972,eval,heuristic,agent_win,10.0,8,40.0,2,Easy,0.05,0.0,0,2809,1733,0.0,0.0,3,0,1
Full,3,973,eval,heuristic,agent_win,10.0,8,32.0,2,Easy,0.05,0.0,0,2809,1733,0.0,0.0,3,0,1
Full,3,974,eval,heuristic,player_win,-10.0,11,42.0,2,Easy,0.05,0.0,0,2809,1733,0.0,0.0,4,0,1
Full,3,975,eval,heuristic,agent_win,10.0,8,34.0,2,Easy,0.05,0.0,0,2809,1733,0.0,0.0,2,0,2
Full,3,976,eval,heuristic,player_win,-10.0,7,44.0,2,Easy,0.05,0.0,0,2809,1733,0.0,0.0,2,0,1
Full,3,977,eval,heuristic,agent_win,10.0,6,36.0,2,Easy,0.05,0.0,0,2809,1733,0.0,0.0,2,0,1
Full,3,978,eval,heuristic,agent_win,10.0,8,28.0,2,Easy,0.05,0.0,0,2809,1733,0.0,0.0,3,0,1
Full,3,979,eval,heuristic,player_win,-10.0,5,38.0,2,Easy,0.05,0.0,0,2809,1733,0.0,0.0,1,0,1
Full,3,980,eval,heuristic,player_win,-10.0,9,48.0,3,Normal,0.05,0.0,0,2809,1733,0.0,0.0,2,0,2
Full,3,981,eval,heuristic,agent_win,10.0,8,40.0,2,Easy,0.05,0.0,0,2809,1733,0.0,0.0,2,0,2
Full,3,982,eval,heuristic,player_win,-10.0,7,50.0,3,Normal,0.05,0.0,0,2809,1733,0.0,0.0,1,0,2
Full,3,983,eval,heuristic,agent_win,10.0,6,42.0,2,Easy,0.05,0.0,0,2809,1733,0.0,0.0,2,0,1
Full,3,984,eval,heuristic,agent_win,10.0,8,34.0,2,Easy,0.05,0.0,0,2809,1733,0.0,0.0,2,0,2
Full,3,985,eval,heuristic,player_win,-10.0,7,44.0,2,Easy,0.05,0.0,0,2809,1733,0.0,0.0,1,0,2
Full,3,986,eval,heuristic,player_win,-10.0,5,54.0,3,Normal,0.05,0.0,0,2809,1733,0.0,0.0,1,0,1
Full,3,987,eval,heuristic,agent_win,10.0,10,46.0,3,Normal,0.05,0.0,0,2809,1733,0.0,0.0,4,0,1
Full,3,988,eval,heuristic,player_win,-10.0,9,56.0,3,Normal,0.05,0.0,0,2809,1733,0.0,0.0,3,0,1
Full,3,989,eval,heuristic,agent_win,10.0,6,48.0,3,Normal,0.05,0.0,0,2809,1733,0.0,0.0,2,0,1
Full,3,990,eval,heuristic,player_win,-10.0,5,58.0,3,Normal,0.05,0.0,0,2809,1733,0.0,0.0,1,0,1
Full,3,991,eval,heuristic,agent_win,10.0,6,50.0,3,Normal,0.05,0.0,0,2809,1733,0.0,0.0,2,0,1
Full,3,992,eval,heuristic,player_win,-10.0,11,60.0,3,Normal,0.05,0.0,0,2809,1733,0.0,0.0,3,0,2
Full,3,993,eval,heuristic,player_win,-10.0,9,70.0,4,Hard,0.05,0.0,0,2809,1733,0.0,0.0,2,0,2
Full,3,994,eval,heuristic,agent_win,10.0,6,62.0,3,Normal,0.05,0.0,0,2809,1733,0.0,0.0,3,0,0
Full,3,995,eval,heuristic,player_win,-10.0,7,72.0,4,Hard,0.05,0.0,0,2809,1733,0.0,0.0,1,0,2
Full,3,996,eval,heuristic,player_win,-10.0,9,82.0,5,Expert,0.05,0.0,0,2809,1733,0.0,0.0,3,0,1
Full,3,997,eval,heuristic,agent_win,10.0,6,74.0,4,Hard,0.05,0.0,0,2809,1733,0.0,0.0,2,0,1
Full,3,998,eval,heuristic,agent_win,10.0,6,66.0,4,Hard,0.05,0.0,0,2809,1733,0.0,0.0,3,0,0
Full,3,999,eval,heuristic,agent_win,10.0,6,58.0,3,Normal,0.05,0.0,0,2809,1733,0.0,0.0,3,0,0
Full,3,1000,eval,heuristic,player_win,-10.0,7,68.0,4,Hard,0.05,0.0,0,2809,1733,0.0,0.0,2,0,1
Full,4,1,train,heuristic,agent_win,10.0,6,42.0,1,Very Easy,0.95,1.0,1,3,3,3.0,3.0,2,1,0
Full,4,2,train,heuristic,agent_win,10.0,8,34.0,1,Very Easy,0.9025,1.0,1,7,7,3.0,3.0,2,2,0
Full,4,3,train,heuristic,player_win,-10.0,9,44.0,2,Easy,0.8573749999999999,0.9431124999999999,1,11,11,0.0,0.0,2,2,0
Full,4,4,train,heuristic,player_win,-10.0,7,54.0,3,Normal,0.8145062499999999,0.651605,1,14,14,0.0,0.0,2,1,0
Full,4,5,train,heuristic,agent_win,10.0,6,46.0,3,Normal,0.7737809374999999,0.6190247499999999,1,17,16,3.0,3.0,2,1,0
Full,4,6,train,heuristic,player_win,-10.0,5,56.0,3,Normal,0.7350918906249998,0.5880735124999998,1,19,18,0.0,0.0,2,0,0
Full,4,7,train,heuristic,player_win,-10.0,11,66.0,4,Hard,0.6983372960937497,0.34916864804687486,1,24,22,0.0,0.0,2,2,1
Full,4,8,train,heuristic,player_win,-10.0,7,76.0,4,Hard,0.6634204312890623,0.3317102156445311,1,27,25,0.0,0.0,3,0,0
Full,4,9,train,heuristic,agent_win,10.0,10,68.0,4,Hard,0.6302494097246091,0.31512470486230454,1,32,30,3.0,3.0,4,1,0
Full,4,10,train,heuristic,agent_win,10.0,6,60.0,3,Normal,0.5987369392383786,0.4789895513907029,1,35,33,3.0,3.0,2,1,0
Full,4,11,train,heuristic,player_win,-10.0,7,70.0,4,Hard,0.5688000922764596,0.2844000461382298,1,38,36,0.0,0.0,2,1,0
Full,4,12,train,heuristic,agent_win,10.0,10,62.0,3,Normal,0.5403600876626365,0.4322880701301093,1,43,40,3.0,3.0,3,1,1
Full,4,13,train,heuristic,agent_win,10.0,8,54.0,3,Normal,0.5133420832795047,0.4106736666236038,1,47,44,3.0,3.0,3,0,1
Full,4,14,train,heuristic,agent_win,10.0,6,46.0,3,Normal,0.48767497911552943,0.39013998329242355,1,50,47,3.0,3.0,3,0,0
Full,4,15,train,heuristic,agent_win,10.0,8,38.0,2,Easy,0.46329123015975293,0.5096203531757283,1,54,50,3.0,3.0,3,0,1
Full,4,16,train,heuristic,player_win,-10.0,7,48.0,3,Normal,0.44012666865176525,0.3521013349214122,1,57,52,0.0,0.0,1,0,2
Full,4,17,train,heuristic,player_win,-10.0,11,58.0,3,Normal,0.41812033521917696,0.3344962681753416,1,62,57,0.0,0.0,5,0,0
Full,4,18,train,heuristic,agent_win,10.0,6,50.0,3,Normal,0.3972143184582181,0.3177714547665745,1,65,59,3.0,3.0,1,0,2
Full,4,19,train,heuristic,player_win,-10.0,11,60.0,3,Normal,0.37735360253530714,0.30188288202824576,1,70,63,0.0,0.0,4,0,1
Full,4,20,train,heuristic,player_win,-10.0,9,70.0,4,Hard,0.35848592240854177,0.17924296120427088,1,74,66,0.0,0.0,3,1,0
Full,4,21,train,heuristic,player_win,-10.0,11,80.0,5,Expert,0.34056162628811465,0.08514040657202866,1,79,71,0.0,0.0,5,0,0
Full,4,22,train,heuristic,agent_win,10.0,6,72.0,4,Hard,0.3235335449737089,0.16176677248685445,1,82,73,3.0,3.0,3,0,0
Full,4,23,train,heuristic,agent_win,10.0,8,64.0,3,Normal,0.30735686772502346,0.2458854941800188,1,86,76,3.0,3.0,4,0,0
Full,4,24,train,heuristic,player_win,-10.0,9,74.0,4,Hard,0.2919890243387723,0.14599451216938614,1,90,80,0.0,0.0,2,1,1
Full,4,25,train,heuristic,agent_win,10.0,6,66.0,4,Hard,0.27738957312183365,0.13869478656091683,1,93,82,3.0,3.0,3,0,0
Full,4,26,train,heuristic,player_win,-10.0,9,76.0,4,Hard,0.263520094465742,0.131760047232871,1,97,85,0.0,0.0,1,0,3
Full,4,27,train,heuristic,player_win,-10.0,5,86.0,5,Expert,0.25034408974245487,0.06258602243561372,1,99,86,0.0,0.0,2,0,0
Full,4,28,train,heuristic,agent_win,10.0,8,78.0,4,Hard,0.2378268852553321,0.11891344262766605,1,103,89,3.0,3.0,4,0,0
Full,4,29,train,heuristic,player_win,-10.0,9,88.0,5,Expert,0.2259355409925655,0.05648388524814137,1,107,92,0.0,0.0,3,0,1
Full,4,30,train,heuristic,player_win,-10.0,5,98.0,5,Expert,0.2146387639429372,0.0536596909857343,1,109,93,0.0,0.0,2,0,0
Full,4,31,train,heuristic,agent_win,10.0,8,90.0,5,Expert,0.20390682574579033,0.05097670643644758,1,113,96,3.0,3.0,3,0,1
Full,4,32,train,heuristic,player_win,-10.0,5,100.0,5,Expert,0.1937114844585008,0.05,1,115,96,0.0,0.0,2,0,0
Full,4,33,train,heuristic,agent_win,10.0,6,92.0,5,Expert,0.18402591023557577,0.05,1,118,98,3.0,3.0,3,0,0
Full,4,34,train,heuristic,agent_win,10.0,6,84.0,5,Expert,0.17482461472379698,0.05,1,121,100,3.0,3.0,3,0,0
Full,4,35,train,heuristic,agent_win,10.0,6,76.0,4,Hard,0.16608338398760714,0.08304169199380357,1,124,102,3.0,3.0,3,0,0
Full,4,36,train,heuristic,agent_win,10.0,10,68.0,4,Hard,0.15777921478822676,0.07888960739411338,1,129,106,3.0,3.0,3,0,2
Full,4,37,train,heuristic,player_win,-10.0,9,78.0,4,Hard,0.14989025404881542,0.07494512702440771,1,133,109,0.0,0.0,3,0,1
Full,4,38,train,heuristic,agent_win,10.0,6,70.0,4,Hard,0.14239574134637464,0.07119787067318732,1,136,111,3.0,3.0,3,0,0
Full,4,39,train,heuristic,player_win,-10.0,9,80.0,5,Expert,0.1352759542790559,0.05,1,140,114,0.0,0.0,3,0,1
Full,4,40,train,heuristic,player_win,-10.0,7,90.0,5,Expert,0.1285121565651031,0.05,1,143,116,0.0,0.0,3,0,0
Full,4,41,train,heuristic,agent_win,10.0,8,82.0,5,Expert,0.12208654873684793,0.05,1,147,120,3.0,3.0,4,0,0
Full,4,42,train,heuristic,agent_win,10.0,8,74.0,4,Hard,0.11598222130000553,0.057991110650002765,1,151,124,3.0,3.0,4,0,0
Full,4,43,train,heuristic,agent_win,10.0,8,66.0,4,Hard,0.11018311023500525,0.055091555117502626,1,155,127,3.0,3.0,2,0,2
Full,4,44,train,heuristic,agent_win,10.0,6,58.0,3,Normal,0.10467395472325498,0.08373916377860399,1,158,129,3.0,3.0,3,0,0
Full,4,45,train,heuristic,agent_win,10.0,6,50.0,3,Normal,0.09944025698709223,0.0795522055896738,1,161,131,3.0,3.0,3,0,0
Full,4,46,train,heuristic,player_win,-10.0,5,60.0,3,Normal,0.09446824413773762,0.0755745953101901,1,163,132,0.0,0.0,1,0,1
Full,4,47,train,heuristic,agent_win,10.0,8,52.0,3,Normal,0.08974483193085074,0.07179586554468059,1,167,135,3.0,3.0,2,0,2
Full,4,48,train,heuristic,agent_win,10.0,8,44.0,2,Easy,0.0852575903343082,0.09378334936773902,1,171,138,3.0,3.0,3,0,1
Full,4,49,train,heuristic,agent_win,10.0,6,36.0,2,Easy,0.08099471081759278,0.08909418189935207,1,174,140,3.0,3.0,2,0,1
Full,4,50,train,heuristic,player_win,-10.0,5,46.0,3,Normal,0.07694497527671314,0.061555980221370515,1,176,141,0.0,0.0,2,0,0
Full,4,51,train,heuristic,player_win,-10.0,7,56.0,3,Normal,0.07309772651287748,0.05847818121030199,1,179,143,0.0,0.0,2,0,1
Full,4,52,train,heuristic,agent_win,10.0,8,48.0,3,Normal,0.0694428401872336,0.05555427214978688,1,183,146,3.0,3.0,2,0,2
Full,4,53,train,heuristic,agent_win,10.0,12,40.0,2,Easy,0.0659706981778719,0.0725677679956591,1,189,151,3.0,3.0,4,0,2
Full,4,54,train,heuristic,player_win,-10.0,9,50.0,3,Normal,0.0626721632689783,0.050137730615182646,1,193,154,0.0,0.0,3,0,1
Full,4,55,train,heuristic,agent_win,10.0,8,42.0,2,Easy,0.059538555105529384,0.06549241061608232,1,197,157,3.0,3.0,2,0,2
Full,4,56,train,heuristic,agent_win,10.0,6,34.0,2,Easy,0.05656162735025291,0.06221779008527821,1,200,159,3.0,3.0,1,0,2
Full,4,57,train,heuristic,player_win,-10.0,7,44.0,2,Easy,0.053733545982740265,0.059106900581014296,1,203,161,0.0,0.0,2,0,1
Full,4,58,train,heuristic,player_win,-10.0,11,54.0,3,Normal,0.05104686868360325,0.05,1,208,165,0.0,0.0,3,1,1
Full,4,59,train,heuristic,player_win,-10.0,7,64.0,3,Normal,0.05,0.05,1,211,167,0.0,0.0,2,0,1
Full,4,60,train,heuristic,player_win,-10.0,9,74.0,4,Hard,0.05,0.05,1,215,170,0.0,0.0,3,0,1
Full,4,61,train,heuristic,player_win,-10.0,7,84.0,5,Expert,0.05,0.05,1,218,172,0.0,0.0,1,0,2
Full,4,62,train,heuristic,agent_win,10.0,6,76.0,4,Hard,0.05,0.05,1,221,174,3.0,3.0,3,0,0
Full,4,63,train,heuristic,agent_win,10.0,6,68.0,4,Hard,0.05,0.05,1,224,176,3.0,3.0,3,0,0
Full,4,64,train,heuristic,player_win,-10.0,5,78.0,4,Hard,0.05,0.05,1,226,177,0.0,0.0,2,0,0
Full,4,65,train,heuristic,agent_win,10.0,8,70.0,4,Hard,0.05,0.05,1,230,180,3.0,3.0,4,0,0
Full,4,66,train,heuristic,agent_win,10.0,8,62.0,3,Normal,0.05,0.05,1,234,183,3.0,3.0,4,0,0
Full,4,67,train,heuristic,player_win,-10.0,5,72.0,4,Hard,0.05,0.05,1,236,184,0.0,0.0,1,0,1
Full,4,68,train,heuristic,agent_win,10.0,6,64.0,3,Normal,0.05,0.05,1,239,186,3.0,3.0,3,0,0
Full,4,69,train,heuristic,agent_win,10.0,12,56.0,3,Normal,0.05,0.05,1,245,191,3.0,3.0,3,0,3
Full,4,70,train,heuristic,player_win,-10.0,7,66.0,4,Hard,0.05,0.05,1,248,193,0.0,0.0,2,0,1
Full,4,71,train,heuristic,agent_win,10.0,6,58.0,3,Normal,0.05,0.05,1,251,195,3.0,3.0,2,0,1
Full,4,72,train,heuristic,player_win,-10.0,5,68.0,4,Hard,0.05,0.05,1,253,195,0.0,0.0,2,0,0
Full,4,73,train,heuristic,agent_win,10.0,10,60.0,3,Normal,0.05,0.05,1,258,199,3.0,3.0,3,0,2
Full,4,74,train,heuristic,player_win,-10.0,5,70.0,4,Hard,0.05,0.05,1,260,200,0.0,0.0,1,0,1
Full,4,75,train,heuristic,agent_win,10.0,6,62.0,3,Normal,0.05,0.05,1,263,202,3.0,3.0,3,0,0
Full,4,76,train,heuristic,player_win,-10.0,7,72.0,4,Hard,0.05,0.05,1,266,204,0.0,0.0,1,0,2
Full,4,77,train,heuristic,player_win,-10.0,7,82.0,5,Expert,0.05,0.05,1,269,206,0.0,0.0,3,0,0
Full,4,78,train,heuristic,agent_win,10.0,6,74.0,4,Hard,0.05,0.05,1,272,208,3.0,3.0,3,0,0
Full,4,79,train,heuristic,agent_win,10.0,8,66.0,4,Hard,0.05,0.05,1,276,211,3.0,3.0,3,0,1
Full,4,80,train,heuristic,player_win,-10.0,11,76.0,4,Hard,0.05,0.05,1,281,215,0.0,0.0,5,0,0
Full,4,81,train,heuristic,agent_win,10.0,6,68.0,4,Hard,0.05,0.05,1,284,217,3.0,3.0,3,0,0
Full,4,82,train,heuristic,agent_win,10.0,8,60.0,3,Normal,0.05,0.05,1,288,220,3.0,3.0,3,0,1
Full,4,83,train,heuristic,agent_win,10.0,6,52.0,3,Normal,0.05,0.05,1,291,222,3.0,3.0,3,0,0
Full,4,84,train,heuristic,agent_win,10.0,6,44.0,2,Easy,0.05,0.05500000000000001,1,294,224,3.0,3.0,2,0,1
Full,4,85,train,heuristic,agent_win,10.0,8,36.0,2,Easy,0.05,0.05500000000000001,1,298,227,3.0,3.0,1,0,3
Full,4,86,train,heuristic,player_win,-10.0,9,46.0,3,Normal,0.05,0.05,1,302,230,0.0,0.0,3,1,0
Full,4,87,train,heuristic,player_win,-10.0,9,56.0,3,Normal,0.05,0.05,1,306,233,0.0,0.0,3,0,1
Full,4,88,train,heuristic,player_win,-10.0,5,66.0,4,Hard,0.05,0.05,1,308,233,0.0,0.0,2,0,0
Full,4,89,train,heuristic,agent_win,10.0,6,58.0,3,Normal,0.05,0.05,1,311,235,3.0,3.0,3,0,0
Full,4,90,train,heuristic,agent_win,10.0,12,50.0,3,Normal,0.05,0.05,1,317,240,3.0,3.0,3,0,3
Full,4,91,train,heuristic,player_win,-10.0,5,60.0,3,Normal,0.05,0.05,1,319,241,0.0,0.0,1,1,0
Full,4,92,train,heuristic,player_win,-10.0,13,70.0,4,Hard,0.05,0.05,1,325,246,0.0,0.0,5,0,1
Full,4,93,train,heuristic,agent_win,10.0,8,62.0,3,Normal,0.05,0.05,1,329,249,3.0,3.0,3,0,1
Full,4,94,train,heuristic,agent_win,10.0,6,54.0,3,Normal,0.05,0.05,1,332,251,3.0,3.0,3,0,0
Full,4,95,train,heuristic,agent_win,10.0,8,46.0,3,Normal,0.05,0.05,1,336,254,3.0,3.0,3,0,1
Full,4,96,train,heuristic,player_win,-10.0,5,56.0,3,Normal,0.05,0.05,1,338,255,0.0,0.0,1,1,0
Full,4,97,train,heuristic,player_win,-10.0,11,66.0,4,Hard,0.05,0.05,1,343,259,0.0,0.0,3,0,2
Full,4,98,train,heuristic,agent_win,10.0,6,58.0,3,Normal,0.05,0.05,1,346,261,3.0,3.0,3,0,0
Full,4,99,train,heuristic,agent_win,10.0,6,50.0,3,Normal,0.05,0.05,1,349,263,3.0,3.0,2,0,1
Full,4,100,train,heuristic,agent_win,10.0,6,42.0,2,Easy,0.05,0.05500000000000001,1,352,265,3.0,3.0,3,0,0
Full,4,101,train,heuristic,agent_win,10.0,8,34.0,2,Easy,0.05,0.05500000000000001,1,356,268,3.0,3.0,2,0,2
Full,4,102,train,heuristic,player_win,-10.0,7,44.0,2,Easy,0.05,0.05500000000000001,1,359,270,0.0,0.0,2,0,1
Full,4,103,train,heuristic,agent_win,10.0,6,36.0,2,Easy,0.05,0.05500000000000001,1,362,272,3.0,3.0,2,0,1
Full,4,104,train,heuristic,player_win,-10.0,7,46.0,3,Normal,0.05,0.05,1,365,274,0.0,0.0,1,0,2
Full,4,105,train,heuristic,player_win,-10.0,7,56.0,3,Normal,0.05,0.05,1,368,276,0.0,0.0,2,1,0
Full,4,106,train,heuristic,agent_win,10.0,6,48.0,3,Normal,0.05,0.05,1,371,278,3.0,3.0,3,0,0
Full,4,107,train,heuristic,agent_win,10.0,6,40.0,2,Easy,0.05,0.05500000000000001,1,374,280,3.0,3.0,2,0,1
Full,4,108,train,heuristic,player_win,-10.0,9,50.0,3,Normal,0.05,0.05,1,378,283,0.0,0.0,2,0,2
Full,4,109,train,heuristic,agent_win,10.0,8,42.0,2,Easy,0.05,0.05500000000000001,1,382,286,3.0,3.0,3,0,1
Full,4,110,train,heuristic,agent_win,10.0,10,34.0,2,Easy,0.05,0.05500000000000001,1,387,290,3.0,3.0,2,0,3
Full,4,111,train,heuristic,agent_win,10.0,8,26.0,2,Easy,0.05,0.05500000000000001,1,391,293,3.0,3.0,3,0,1
Full,4,112,train,heuristic,player_win,-10.0,7,36.0,2,Easy,0.05,0.05500000000000001,1,394,295,0.0,0.0,2,0,1
Full,4,113,train,heuristic,player_win,-10.0,9,46.0,3,Normal,0.05,0.05,1,398,298,0.0,0.0,2,0,2
Full,4,114,train,heuristic,agent_win,10.0,8,38.0,2,Easy,0.05,0.05500000000000001,1,402,301,3.0,3.0,3,0,1
Full,4,115,train,heuristic,player_win,-10.0,7,48.0,3,Normal,0.05,0.05,1,405,303,0.0,0.0,1,0,2
Full,4,116,train,heuristic,agent_win,10.0,6,40.0,2,Easy,0.05,0.05500000000000001,1,408,305,3.0,3.0,3,0,0
Full,4,117,train,heuristic,agent_win,10.0,8,32.0,2,Easy,0.05,0.05500000000000001,1,412,307,3.0,3.0,2,0,2
Full,4,118,train,heuristic,player_win,-10.0,9,42.0,2,Easy,0.05,0.05500000000000001,1,416,310,0.0,0.0,1,1,2
Full,4,119,train,heuristic,agent_win,10.0,8,34.0,2,Easy,0.05,0.05500000000000001,1,420,313,3.0,3.0,3,0,1
Full,4,120,train,heuristic,agent_win,10.0,6,26.0,2,Easy,0.05,0.05500000000000001,1,423,315,3.0,3.0,3,0,0
Full,4,121,train,heuristic,agent_win,10.0,8,18.0,1,Very Easy,0.05,0.0675,1,427,318,3.0,3.0,2,0,2
Full,4,122,train,heuristic,player_win,-10.0,5,28.0,2,Easy,0.05,0.05500000000000001,1,429,318,0.0,0.0,1,1,0
Full,4,123,train,heuristic,agent_win,10.0,8,20.0,1,Very Easy,0.05,0.0675,1,433,321,3.0,3.0,3,0,1
Full,4,124,train,heuristic,agent_win,10.0,10,12.0,1,Very Easy,0.05,0.0675,1,438,325,3.0,3.0,2,1,2
Full,4,125,train,heuristic,player_win,-10.0,5,22.0,1,Very Easy,0.05,0.0675,1,440,326,0.0,0.0,1,0,1
Full,4,126,train,heuristic,agent_win,10.0,10,14.0,1,Very Easy,0.05,0.0675,1,445,330,3.0,3.0,1,0,4
Full,4,127,train,heuristic,player_win,-10.0,7,24.0,1,Very Easy,0.05,0.0675,1,448,331,0.0,0.0,2,0,1
Full,4,128,train,heuristic,player_win,-10.0,9,34.0,2,Easy,0.05,0.05500000000000001,1,452,334,0.0,0.0,2,1,1
Full,4,129,train,heuristic,player_win,-10.0,7,44.0,2,Easy,0.05,0.05500000000000001,1,455,336,0.0,0.0,1,0,2
Full,4,130,train,heuristic,player_win,-10.0,11,54.0,3,Normal,0.05,0.05,1,460,340,0.0,0.0,3,0,2
Full,4,131,train,heuristic,player_win,-10.0,5,64.0,3,Normal,0.05,0.05,1,462,341,0.0,0.0,2,0,0
Full,4,132,train,heuristic,agent_win,10.0,8,56.0,3,Normal,0.05,0.05,1,466,344,3.0,3.0,2,0,2
Full,4,133,train,heuristic,agent_win,10.0,8,48.0,3,Normal,0.05,0.05,1,470,347,3.0,3.0,2,0,2
Full,4,134,train,heuristic,agent_win,10.0,6,40.0,2,Easy,0.05,0.05500000000000001,1,473,349,3.0,3.0,2,0,1
Full,4,135,train,heuristic,agent_win,10.0,6,32.0,2,Easy,0.05,0.05500000000000001,1,476,351,3.0,3.0,2,0,1
Full,4,136,train,heuristic,agent_win,10.0,8,24.0,1,Very Easy,0.05,0.0675,1,480,354,3.0,3.0,2,0,2
Full,4,137,train,heuristic,player_win,-10.0,7,34.0,2,Easy,0.05,0.05500000000000001,1,483,356,0.0,0.0,2,0,1
Full,4,138,train,heuristic,agent_win,10.0,8,26.0,2,Easy,0.05,0.05500000000000001,1,487,359,3.0,3.0,2,0,2
Full,4,139,train,heuristic,player_win,-10.0,9,36.0,2,Easy,0.05,0.05500000000000001,1,491,362,0.0,0.0,3,0,1
Full,4,140,train,heuristic,player_win,-10.0,11,46.0,3,Normal,0.05,0.05,1,496,366,0.0,0.0,2,0,3
Full,4,141,train,heuristic,agent_win,10.0,8,38.0,2,Easy,0.05,0.05500000000000001,1,500,369,3.0,3.0,4,0,0
Full,4,142,train,heuristic,player_win,-10.0,7,48.0,3,Normal,0.05,0.05,1,503,371,0.0,0.0,2,0,1
Full,4,143,train,heuristic,player_win,-10.0,9,58.0,3,Normal,0.05,0.05,1,507,374,0.0,0.0,2,1,1
Full,4,144,train,heuristic,player_win,-10.0,7,68.0,4,Hard,0.05,0.05,1,510,376,0.0,0.0,2,0,1
Full,4,145,train,heuristic,agent_win,10.0,8,60.0,3,Normal,0.05,0.05,1,514,379,3.0,3.0,4,0,0
Full,4,146,train,heuristic,agent_win,10.0,8,52.0,3,Normal,0.05,0.05,1,518,382,3.0,3.0,3,0,1
Full,4,147,train,heuristic,agent_win,10.0,10,44.0,2,Easy,0.05,0.05500000000000001,1,523,385,3.0,3.0,4,1,0
Full,4,148,train,heuristic,player_win,-10.0,11,54.0,3,Normal,0.05,0.05,1,528,389,0.0,0.0,2,1,2
Full,4,149,train,heuristic,agent_win,10.0,6,46.0,3,Normal,0.05,0.05,1,531,391,3.0,3.0,2,0,1
Full,4,150,train,heuristic,agent_win,10.0,10,38.0,2,Easy,0.05,0.05500000000000001,1,536,395,3.0,3.0,3,0,2
Full,4,151,train,heuristic,player_win,-10.0,9,48.0,3,Normal,0.05,0.05,1,540,398,0.0,0.0,2,0,2
Full,4,152,train,heuristic,player_win,-10.0,7,58.0,3,Normal,0.05,0.05,1,543,400,0.0,0.0,2,0,1
Full,4,153,train,heuristic,agent_win,10.0,8,50.0,3,Normal,0.05,0.05,1,547,403,3.0,3.0,3,0,1
Full,4,154,train,heuristic,agent_win,10.0,6,42.0,2,Easy,0.05,0.05500000000000001,1,550,404,2.0999999999999996,2.0999999999999996,1,0,2
Full,4,155,train,heuristic,player_win,-10.0,7,52.0,3,Normal,0.05,0.05,1,553,406,0.0,0.0,2,0,1
Full,4,156,train,heuristic,agent_win,10.0,6,44.0,2,Easy,0.05,0.05500000000000001,1,556,408,3.0,3.0,3,0,0
Full,4,157,train,heuristic,player_win,-10.0,9,54.0,3,Normal,0.05,0.05,1,560,411,0.0,0.0,2,0,2
Full,4,158,train,heuristic,agent_win,10.0,8,46.0,3,Normal,0.05,0.05,1,564,414,3.0,3.0,2,0,2
Full,4,159,train,heuristic,agent_win,10.0,8,38.0,2,Easy,0.05,0.05500000000000001,1,568,417,3.0,3.0,3,0,1
Full,4,160,train,heuristic,agent_win,10.0,8,30.0,2,Easy,0.05,0.05500000000000001,1,572,419,3.0,3.0,3,0,1
Full,4,161,train,heuristic,agent_win,10.0,12,22.0,1,Very Easy,0.05,0.0675,1,578,424,3.0,3.0,3,0,3
Full,4,162,train,heuristic,player_win,-10.0,7,32.0,2,Easy,0.05,0.05500000000000001,1,581,426,0.0,0.0,2,1,0
Full,4,163,train,heuristic,agent_win,10.0,6,24.0,1,Very Easy,0.05,0.0675,1,584,428,3.0,3.0,1,0,2
Full,4,164,train,heuristic,player_win,-10.0,7,34.0,2,Easy,0.05,0.05500000000000001,1,587,430,0.0,0.0,2,0,1
Full,4,165,train,heuristic,player_win,-10.0,9,44.0,2,Easy,0.05,0.05500000000000001,1,591,433,0.0,0.0,3,0,1
Full,4,166,train,heuristic,player_win,-10.0,7,54.0,3,Normal,0.05,0.05,1,594,435,0.0,0.0,2,0,1
Full,4,167,train,heuristic,player_win,-10.0,9,64.0,3,Normal,0.05,0.05,1,598,438,0.0,0.0,2,0,2
Full,4,168,train,heuristic,player_win,-10.0,7,74.0,4,Hard,0.05,0.05,1,601,440,0.0,0.0,2,0,1
Full,4,169,train,heuristic,agent_win,10.0,6,66.0,4,Hard,0.05,0.05,1,604,442,3.0,3.0,3,0,0
Full,4,170,train,heuristic,agent_win,10.0,6,58.0,3,Normal,0.05,0.05,1,607,444,3.0,3.0,2,0,1
Full,4,171,train,heuristic,agent_win,10.0,8,50.0,3,Normal,0.05,0.05,1,611,447,3.0,3.0,3,1,0
Full,4,172,train,heuristic,player_win,-10.0,9,60.0,3,Normal,0.05,0.05,1,615,450,0.0,0.0,1,0,3
Full,4,173,train,heuristic,player_win,-10.0,9,70.0,4,Hard,0.05,0.05,1,619,453,0.0,0.0,1,0,3
Full,4,174,train,heuristic,agent_win,10.0,10,62.0,3,Normal,0.05,0.05,1,624,457,3.0,3.0,2,0,3
Full,4,175,train,heuristic,agent_win,10.0,6,54.0,3,Normal,0.05,0.05,1,627,459,3.0,3.0,2,0,1
Full,4,176,train,heuristic,agent_win,10.0,6,46.0,3,Normal,0.05,0.05,1,630,460,2.0999999999999996,2.0999999999999996,2,0,1
Full,4,177,train,heuristic,agent_win,10.0,8,38.0,2,Easy,0.05,0.05500000000000001,1,634,463,3.0,3.0,2,0,2
Full,4,178,train,heuristic,agent_win,10.0,8,30.0,2,Easy,0.05,0.05500000000000001,1,638,466,3.0,3.0,2,0,2
Full,4,179,train,heuristic,agent_win,10.0,10,22.0,1,Very Easy,0.05,0.0675,1,643,470,3.0,3.0,3,1,1
Full,4,180,train,heuristic,player_win,-10.0,5,32.0,2,Easy,0.05,0.05500000000000001,1,645,471,0.0,0.0,1,0,1
Full,4,181,train,heuristic,player_win,-10.0,7,42.0,2,Easy,0.05,0.05500000000000001,1,648,473,0.0,0.0,2,0,1
Full,4,182,train,heuristic,player_win,-10.0,11,52.0,3,Normal,0.05,0.05,1,653,477,0.0,0.0,3,0,2
Full,4,183,train,heuristic,player_win,-10.0,7,62.0,3,Normal,0.05,0.05,1,656,479,0.0,0.0,2,0,1
Full,4,184,train,heuristic,agent_win,10.0,6,54.0,3,Normal,0.05,0.05,1,659,481,3.0,3.0,1,0,2
Full,4,185,train,heuristic,player_win,-10.0,7,64.0,3,Normal,0.05,0.05,1,662,483,0.0,0.0,2,0,1
Full,4,186,train,heuristic,agent_win,10.0,6,56.0,3,Normal,0.05,0.05,1,665,485,3.0,3.0,2,0,1
Full,4,187,train,heuristic,agent_win,10.0,6,48.0,3,Normal,0.05,0.05,1,668,486,3.0,3.0,2,0,1
Full,4,188,train,heuristic,player_win,-10.0,7,58.0,3,Normal,0.05,0.05,1,671,487,0.0,0.0,2,0,1
Full,4,189,train,heuristic,agent_win,10.0,10,50.0,3,Normal,0.05,0.05,1,676,491,3.0,3.0,4,0,1
Full,4,190,train,heuristic,player_win,-10.0,9,60.0,3,Normal,0.05,0.05,1,680,494,0.0,0.0,2,0,2
Full,4,191,train,heuristic,player_win,-10.0,9,70.0,4,Hard,0.05,0.05,1,684,497,0.0,0.0,4,0,0
Full,4,192,train,heuristic,player_win,-10.0,7,80.0,5,Expert,0.05,0.05,1,687,499,0.0,0.0,2,1,0
Full,4,193,train,heuristic,player_win,-10.0,7,90.0,5,Expert,0.05,0.05,1,690,499,0.0,0.0,3,0,0
Full,4,194,train,heuristic,agent_win,10.0,6,82.0,5,Expert,0.05,0.05,1,693,501,3.0,3.0,3,0,0
Full,4,195,train,heuristic,agent_win,10.0,6,74.0,4,Hard,0.05,0.05,1,696,503,3.0,3.0,3,0,0
Full,4,196,train,heuristic,agent_win,10.0,6,66.0,4,Hard,0.05,0.05,1,699,505,3.0,3.0,3,0,0
Full,4,197,train,heuristic,agent_win,10.0,8,58.0,3,Normal,0.05,0.05,1,703,508,3.0,3.0,4,0,0
Full,4,198,train,heuristic,agent_win,10.0,6,50.0,3,Normal,0.05,0.05,1,706,510,3.0,3.0,3,0,0
Full,4,199,train,heuristic,player_win,-10.0,7,60.0,3,Normal,0.05,0.05,1,709,512,0.0,0.0,2,0,1
Full,4,200,train,heuristic,agent_win,10.0,6,52.0,3,Normal,0.05,0.05,1,712,514,3.0,3.0,2,0,1
Full,4,201,train,heuristic,agent_win,10.0,6,44.0,2,Easy,0.05,0.05500000000000001,1,715,516,3.0,3.0,2,0,1
Full,4,202,train,heuristic,player_win,-10.0,9,54.0,3,Normal,0.05,0.05,1,719,519,0.0,0.0,2,0,2
Full,4,203,train,heuristic,agent_win,10.0,8,46.0,3,Normal,0.05,0.05,1,723,522,3.0,3.0,3,0,1
Full,4,204,train,heuristic,agent_win,10.0,12,38.0,2,Easy,0.05,0.05500000000000001,1,729,527,3.0,3.0,5,0,1
Full,4,205,train,heuristic,agent_win,10.0,8,30.0,2,Easy,0.05,0.05500000000000001,1,733,528,3.0,3.0,3,0,1
Full,4,206,train,heuristic,player_win,-10.0,9,40.0,2,Easy,0.05,0.05500000000000001,1,737,531,0.0,0.0,3,0,1
Full,4,207,train,heuristic,player_win,-10.0,7,50.0,3,Normal,0.05,0.05,1,740,533,0.0,0.0,2,0,1
Full,4,208,train,heuristic,agent_win,10.0,6,42.0,2,Easy,0.05,0.05500000000000001,1,743,535,3.0,3.0,3,0,0
Full,4,209,train,heuristic,agent_win,10.0,6,34.0,2,Easy,0.05,0.05500000000000001,1,746,537,3.0,3.0,1,1,1
Full,4,210,train,heuristic,player_win,-10.0,9,44.0,2,Easy,0.05,0.05500000000000001,1,750,540,0.0,0.0,1,0,3
Full,4,211,train,heuristic,player_win,-10.0,9,54.0,3,Normal,0.05,0.05,1,754,543,0.0,0.0,3,0,1
Full,4,212,train,heuristic,player_win,-10.0,7,64.0,3,Normal,0.05,0.05,1,757,545,0.0,0.0,2,0,1
Full,4,213,train,heuristic,player_win,-10.0,9,74.0,4,Hard,0.05,0.05,1,761,547,0.0,0.0,2,0,2
Full,4,214,train,heuristic,agent_win,10.0,6,66.0,4,Hard,0.05,0.05,1,764,549,3.0,3.0,3,0,0
Full,4,215,train,heuristic,agent_win,10.0,6,58.0,3,Normal,0.05,0.05,1,767,551,3.0,3.0,3,0,0
Full,4,216,train,heuristic,agent_win,10.0,6,50.0,3,Normal,0.05,0.05,1,770,553,3.0,3.0,2,0,1
Full,4,217,train,heuristic,agent_win,10.0,6,42.0,2,Easy,0.05,0.05500000000000001,1,773,555,3.0,3.0,2,0,1
Full,4,218,train,heuristic,player_win,-10.0,9,52.0,3,Normal,0.05,0.05,1,777,558,0.0,0.0,1,0,3
Full,4,219,train,heuristic,player_win,-10.0,9,62.0,3,Normal,0.05,0.05,1,781,561,0.0,0.0,4,0,0
Full,4,220,train,heuristic,agent_win,10.0,6,54.0,3,Normal,0.05,0.05,1,784,563,3.0,3.0,3,0,0
Full,4,221,train,heuristic,player_win,-10.0,7,64.0,3,Normal,0.05,0.05,1,787,565,0.0,0.0,2,0,1
Full,4,222,train,heuristic,player_win,-10.0,7,74.0,4,Hard,0.05,0.05,1,790,567,0.0,0.0,2,0,1
Full,4,223,train,heuristic,agent_win,10.0,6,66.0,4,Hard,0.05,0.05,1,793,568,3.0,3.0,3,0,0
Full,4,224,train,heuristic,agent_win,10.0,8,58.0,3,Normal,0.05,0.05,1,797,571,3.0,3.0,3,0,1
Full,4,225,train,heuristic,agent_win,10.0,6,50.0,3,Normal,0.05,0.05,1,800,573,3.0,3.0,2,0,1
Full,4,226,train,heuristic,player_win,-10.0,7,60.0,3,Normal,0.05,0.05,1,803,575,0.0,0.0,2,0,1
Full,4,227,train,heuristic,player_win,-10.0,9,70.0,4,Hard,0.05,0.05,1,807,577,0.0,0.0,2,1,1
Full,4,228,train,heuristic,player_win,-10.0,5,80.0,5,Expert,0.05,0.05,1,809,577,0.0,0.0,2,0,0
Full,4,229,train,heuristic,agent_win,10.0,6,72.0,4,Hard,0.05,0.05,1,812,579,3.0,3.0,3,0,0
Full,4,230,train,heuristic,player_win,-10.0,5,82.0,5,Expert,0.05,0.05,1,814,580,0.0,0.0,2,0,0
Full,4,231,train,heuristic,agent_win,10.0,6,74.0,4,Hard,0.05,0.05,1,817,582,3.0,3.0,3,0,0
Full,4,232,train,heuristic,player_win,-10.0,9,84.0,5,Expert,0.05,0.05,1,821,585,0.0,0.0,3,0,1
Full,4,233,train,heuristic,agent_win,10.0,6,76.0,4,Hard,0.05,0.05,1,824,587,3.0,3.0,3,0,0
Full,4,234,train,heuristic,player_win,-10.0,11,86.0,5,Expert,0.05,0.05,1,829,591,0.0,0.0,4,0,1
Full,4,235,train,heuristic,agent_win,10.0,6,78.0,4,Hard,0.05,0.05,1,832,593,3.0,3.0,3,0,0
Full,4,236,train,heuristic,player_win,-10.0,7,88.0,5,Expert,0.05,0.05,1,835,594,0.0,0.0,3,0,0
Full,4,237,train,heuristic,agent_win,10.0,6,80.0,5,Expert,0.05,0.05,1,838,596,3.0,3.0,3,0,0
Full,4,238,train,heuristic,player_win,-10.0,5,90.0,5,Expert,0.05,0.05,1,840,597,0.0,0.0,2,0,0
Full,4,239,train,heuristic,agent_win,10.0,12,82.0,5,Expert,0.05,0.05,1,846,600,2.0999999999999996,2.0999999999999996,6,0,0
Full,4,240,train,heuristic,agent_win,10.0,6,74.0,4,Hard,0.05,0.05,1,849,602,3.0,3.0,3,0,0
Full,4,241,train,heuristic,agent_win,10.0,6,66.0,4,Hard,0.05,0.05,1,852,604,3.0,3.0,3,0,0
Full,4,242,train,heuristic,agent_win,10.0,6,58.0,3,Normal,0.05,0.05,1,855,606,3.0,3.0,3,0,0
Full,4,243,train,heuristic,agent_win,10.0,8,50.0,3,Normal,0.05,0.05,1,859,609,3.0,3.0,4,0,0
Full,4,244,train,heuristic,agent_win,10.0,10,42.0,2,Easy,0.05,0.05500000000000001,1,864,612,3.0,3.0,2,0,3
Full,4,245,train,heuristic,player_win,-10.0,7,52.0,3,Normal,0.05,0.05,1,867,614,0.0,0.0,2,0,1
Full,4,246,train,heuristic,agent_win,10.0,6,44.0,2,Easy,0.05,0.05500000000000001,1,870,616,3.0,3.0,2,0,1
Full,4,247,train,heuristic,player_win,-10.0,7,54.0,3,Normal,0.05,0.05,1,873,618,0.0,0.0,2,0,1
Full,4,248,train,heuristic,agent_win,10.0,8,46.0,3,Normal,0.05,0.05,1,877,621,3.0,3.0,3,0,1
Full,4,249,train,heuristic,agent_win,10.0,8,38.0,2,Easy,0.05,0.05500000000000001,1,881,624,3.0,3.0,2,0,2
Full,4,250,train,heuristic,player_win,-10.0,7,48.0,3,Normal,0.05,0.05,1,884,625,0.0,0.0,2,0,1
Full,4,251,train,heuristic,player_win,-10.0,7,58.0,3,Normal,0.05,0.05,1,887,627,0.0,0.0,1,0,2
Full,4,252,train,heuristic,agent_win,10.0,8,50.0,3,Normal,0.05,0.05,1,891,630,3.0,3.0,4,0,0
Full,4,253,train,heuristic,player_win,-10.0,7,60.0,3,Normal,0.05,0.05,1,894,632,0.0,0.0,1,0,2
Full,4,254,train,heuristic,player_win,-10.0,11,70.0,4,Hard,0.05,0.05,1,899,636,0.0,0.0,3,0,2
Full,4,255,train,heuristic,agent_win,10.0,8,62.0,3,Normal,0.05,0.05,1,903,639,3.0,3.0,3,0,1
Full,4,256,train,heuristic,player_win,-10.0,7,72.0,4,Hard,0.05,0.05,1,906,641,0.0,0.0,1,0,2
Full,4,257,train,heuristic,player_win,-10.0,11,82.0,5,Expert,0.05,0.05,1,911,641,0.0,0.0,5,0,0
Full,4,258,train,heuristic,player_win,-10.0,9,92.0,5,Expert,0.05,0.05,1,915,644,0.0,0.0,4,0,0
Full,4,259,train,heuristic,agent_win,10.0,6,84.0,5,Expert,0.05,0.05,1,918,646,3.0,3.0,3,0,0
Full,4,260,train,heuristic,agent_win,10.0,8,76.0,4,Hard,0.05,0.05,1,922,649,3.0,3.0,4,0,0
Full,4,261,train,heuristic,agent_win,10.0,12,68.0,4,Hard,0.05,0.05,1,928,654,3.0,3.0,5,0,1
Full,4,262,train,heuristic,agent_win,10.0,6,60.0,3,Normal,0.05,0.05,1,931,656,3.0,3.0,3,0,0
Full,4,263,train,heuristic,agent_win,10.0,8,52.0,3,Normal,0.05,0.05,1,935,659,3.0,3.0,1,1,2
Full,4,264,train,heuristic,player_win,-10.0,5,62.0,3,Normal,0.05,0.05,1,937,660,0.0,0.0,2,0,0
Full,4,265,train,heuristic,agent_win,10.0,8,54.0,3,Normal,0.05,0.05,1,941,663,3.0,3.0,3,0,1
Full,4,266,train,heuristic,player_win,-10.0,7,64.0,3,Normal,0.05,0.05,1,944,665,0.0,0.0,2,0,1
Full,4,267,train,heuristic,agent_win,10.0,8,56.0,3,Normal,0.05,0.05,1,948,667,3.0,3.0,3,0,1
Full,4,268,train,heuristic,agent_win,10.0,8,48.0,3,Normal,0.05,0.05,1,952,668,3.0,3.0,4,0,0
Full,4,269,train,heuristic,agent_win,10.0,8,40.0,2,Easy,0.05,0.05500000000000001,1,956,671,3.0,3.0,3,0,1
Full,4,270,train,heuristic,player_win,-10.0,5,50.0,3,Normal,0.05,0.05,1,958,672,0.0,0.0,1,0,1
Full,4,271,train,heuristic,player_win,-10.0,7,60.0,3,Normal,0.05,0.05,1,961,674,0.0,0.0,2,0,1
Full,4,272,train,heuristic,player_win,-10.0,9,70.0,4,Hard,0.05,0.05,1,965,677,0.0,0.0,3,0,1
Full,4,273,train,heuristic,agent_win,10.0,6,62.0,3,Normal,0.05,0.05,1,968,678,2.0999999999999996,2.0999999999999996,2,0,1
Full,4,274,train,heuristic,agent_win,10.0,8,54.0,3,Normal,0.05,0.05,1,972,681,3.0,3.0,1,0,3
Full,4,275,train,heuristic,player_win,-10.0,13,64.0,3,Normal,0.05,0.05,1,978,686,0.0,0.0,4,0,2
Full,4,276,train,heuristic,agent_win,10.0,6,56.0,3,Normal,0.05,0.05,1,981,688,3.0,3.0,2,0,1
Full,4,277,train,heuristic,player_win,-10.0,7,66.0,4,Hard,0.05,0.05,1,984,690,0.0,0.0,2,0,1
Full,4,278,train,heuristic,agent_win,10.0,8,58.0,3,Normal,0.05,0.05,1,988,692,3.0,3.0,3,0,1
Full,4,279,train,heuristic,agent_win,10.0,6,50.0,3,Normal,0.05,0.05,1,991,694,3.0,3.0,2,0,1
Full,4,280,train,heuristic,player_win,-10.0,7,60.0,3,Normal,0.05,0.05,1,994,696,0.0,0.0,2,0,1
Full,4,281,train,heuristic,agent_win,10.0,6,52.0,3,Normal,0.05,0.05,1,997,698,3.0,3.0,2,0,1
Full,4,282,train,heuristic,player_win,-10.0,9,62.0,3,Normal,0.05,0.05,1,1001,701,0.0,0.0,2,0,2
Full,4,283,train,heuristic,agent_win,10.0,6,54.0,3,Normal,0.05,0.05,1,1004,703,3.0,3.0,2,1,0
Full,4,284,train,heuristic,agent_win,10.0,8,46.0,3,Normal,0.05,0.05,1,1008,706,3.0,3.0,3,0,1
Full,4,285,train,heuristic,player_win,-10.0,9,56.0,3,Normal,0.05,0.05,1,1012,709,0.0,0.0,3,0,1
Full,4,286,train,heuristic,agent_win,10.0,10,48.0,3,Normal,0.05,0.05,1,1017,713,3.0,3.0,3,0,2
Full,4,287,train,heuristic,agent_win,10.0,8,40.0,2,Easy,0.05,0.05500000000000001,1,1021,716,3.0,3.0,2,0,2
Full,4,288,train,heuristic,player_win,-10.0,9,50.0,3,Normal,0.05,0.05,1,1025,719,0.0,0.0,3,0,1
Full,4,289,train,heuristic,player_win,-10.0,7,60.0,3,Normal,0.05,0.05,1,1028,721,0.0,0.0,2,0,1
Full,4,290,train,heuristic,player_win,-10.0,7,70.0,4,Hard,0.05,0.05,1,1031,723,0.0,0.0,2,0,1
Full,4,291,train,heuristic,agent_win,10.0,6,62.0,3,Normal,0.05,0.05,1,1034,724,3.0,3.0,3,0,0
Full,4,292,train,heuristic,agent_win,10.0,12,54.0,3,Normal,0.05,0.05,1,1040,729,3.0,3.0,6,0,0
Full,4,293,train,heuristic,agent_win,10.0,6,46.0,3,Normal,0.05,0.05,1,1043,730,2.0999999999999996,2.0999999999999996,1,0,2
Full,4,294,train,heuristic,player_win,-10.0,5,56.0,3,Normal,0.05,0.05,1,1045,731,0.0,0.0,1,0,1
Full,4,295,train,heuristic,player_win,-10.0,11,66.0,4,Hard,0.05,0.05,1,1050,735,0.0,0.0,3,0,2
Full,4,296,train,heuristic,player_win,-10.0,5,76.0,4,Hard,0.05,0.05,1,1052,735,0.0,0.0,2,0,0
Full,4,297,train,heuristic,agent_win,10.0,6,68.0,4,Hard,0.05,0.05,1,1055,737,3.0,3.0,2,0,1
Full,4,298,train,heuristic,player_win,-10.0,7,78.0,4,Hard,0.05,0.05,1,1058,738,0.0,0.0,2,0,1
Full,4,299,train,heuristic,player_win,-10.0,7,88.0,5,Expert,0.05,0.05,1,1061,740,0.0,0.0,3,0,0
Full,4,300,train,heuristic,agent_win,10.0,6,80.0,5,Expert,0.05,0.05,1,1064,741,2.0999999999999996,2.0999999999999996,3,0,0
Full,4,301,train,heuristic,agent_win,10.0,6,72.0,4,Hard,0.05,0.05,1,1067,742,3.0,3.0,3,0,0
Full,4,302,train,heuristic,agent_win,10.0,6,64.0,3,Normal,0.05,0.05,1,1070,744,3.0,3.0,2,0,1
Full,4,303,train,heuristic,agent_win,10.0,8,56.0,3,Normal,0.05,0.05,1,1074,747,3.0,3.0,3,0,1
Full,4,304,train,heuristic,player_win,-10.0,7,66.0,4,Hard,0.05,0.05,1,1077,749,0.0,0.0,2,0,1
Full,4,305,train,heuristic,player_win,-10.0,9,76.0,4,Hard,0.05,0.05,1,1081,752,0.0,0.0,4,0,0
Full,4,306,train,heuristic,agent_win,10.0,6,68.0,4,Hard,0.05,0.05,1,1084,753,3.0,3.0,3,0,0
Full,4,307,train,heuristic,player_win,-10.0,7,78.0,4,Hard,0.05,0.05,1,1087,755,0.0,0.0,2,0,1
Full,4,308,train,heuristic,agent_win,10.0,6,70.0,4,Hard,0.05,0.05,1,1090,757,3.0,3.0,3,0,0
Full,4,309,train,heuristic,agent_win,10.0,6,62.0,3,Normal,0.05,0.05,1,1093,757,2.0999999999999996,2.0999999999999996,3,0,0
Full,4,310,train,heuristic,player_win,-10.0,5,72.0,4,Hard,0.05,0.05,1,1095,758,0.0,0.0,2,0,0
Full,4,311,train,heuristic,agent_win,10.0,6,64.0,3,Normal,0.05,0.05,1,1098,760,3.0,3.0,3,0,0
Full,4,312,train,heuristic,agent_win,10.0,8,56.0,3,Normal,0.05,0.05,1,1102,763,3.0,3.0,2,0,2
Full,4,313,train,heuristic,agent_win,10.0,6,48.0,3,Normal,0.05,0.05,1,1105,764,3.0,3.0,3,0,0
Full,4,314,train,heuristic,player_win,-10.0,7,58.0,3,Normal,0.05,0.05,1,1108,766,0.0,0.0,1,0,2
Full,4,315,train,heuristic,player_win,-10.0,9,68.0,4,Hard,0.05,0.05,1,1112,768,0.0,0.0,2,0,2
Full,4,316,train,heuristic,agent_win,10.0,6,60.0,3,Normal,0.05,0.05,1,1115,770,3.0,3.0,3,0,0
Full,4,317,train,heuristic,agent_win,10.0,6,52.0,3,Normal,0.05,0.05,1,1118,772,3.0,3.0,3,0,0
Full,4,318,train,heuristic,agent_win,10.0,8,44.0,2,Easy,0.05,0.05500000000000001,1,1122,775,3.0,3.0,3,0,1
Full,4,319,train,heuristic,player_win,-10.0,9,54.0,3,Normal,0.05,0.05,1,1126,778,0.0,0.0,3,0,1
Full,4,320,train,heuristic,agent_win,10.0,6,46.0,3,Normal,0.05,0.05,1,1129,778,2.0999999999999996,2.0999999999999996,3,0,0
Full,4,321,train,heuristic,player_win,-10.0,11,56.0,3,Normal,0.05,0.05,1,1134,782,0.0,0.0,3,0,2
Full,4,322,train,heuristic,agent_win,10.0,6,48.0,3,Normal,0.05,0.05,1,1137,784,3.0,3.0,3,0,0
Full,4,323,train,heuristic,agent_win,10.0,8,40.0,2,Easy,0.05,0.05500000000000001,1,1141,787,3.0,3.0,1,0,3
Full,4,324,train,heuristic,player_win,-10.0,11,50.0,3,Normal,0.05,0.05,1,1146,791,0.0,0.0,4,0,1
Full,4,325,train,heuristic,player_win,-10.0,7,60.0,3,Normal,0.05,0.05,1,1149,792,0.0,0.0,2,0,1
Full,4,326,train,heuristic,agent_win,10.0,8,52.0,3,Normal,0.05,0.05,1,1153,795,3.0,3.0,3,0,1
Full,4,327,train,heuristic,player_win,-10.0,7,62.0,3,Normal,0.05,0.05,1,1156,797,0.0,0.0,2,0,1
Full,4,328,train,heuristic,agent_win,10.0,10,54.0,3,Normal,0.05,0.05,1,1161,801,3.0,3.0,3,0,2
Full,4,329,train,heuristic,agent_win,10.0,6,46.0,3,Normal,0.05,0.05,1,1164,803,3.0,3.0,2,0,1
Full,4,330,train,heuristic,agent_win,10.0,8,38.0,2,Easy,0.05,0.05500000000000001,1,1168,806,3.0,3.0,3,0,1
Full,4,331,train,heuristic,agent_win,10.0,8,30.0,2,Easy,0.05,0.05500000000000001,1,1172,809,3.0,3.0,2,0,2
Full,4,332,train,heuristic,agent_win,10.0,8,22.0,1,Very Easy,0.05,0.0675,1,1176,812,3.0,3.0,3,0,1
Full,4,333,train,heuristic,agent_win,10.0,8,14.0,1,Very Easy,0.05,0.0675,1,1180,815,3.0,3.0,2,0,2
Full,4,334,train,heuristic,player_win,-10.0,7,24.0,1,Very Easy,0.05,0.0675,1,1183,817,0.0,0.0,2,0,1
Full,4,335,train,heuristic,agent_win,10.0,6,16.0,1,Very Easy,0.05,0.0675,1,1186,819,3.0,3.0,3,0,0
Full,4,336,train,heuristic,player_win,-10.0,7,26.0,2,Easy,0.05,0.05500000000000001,1,1189,821,0.0,0.0,2,0,1
Full,4,337,train,heuristic,player_win,-10.0,11,36.0,2,Easy,0.05,0.05500000000000001,1,1194,824,0.0,0.0,3,0,2
Full,4,338,train,heuristic,agent_win,10.0,10,28.0,2,Easy,0.05,0.05500000000000001,1,1199,828,3.0,3.0,3,0,2
Full,4,339,train,heuristic,agent_win,10.0,6,20.0,1,Very Easy,0.05,0.0675,1,1202,829,3.0,3.0,3,0,0
Full,4,340,train,heuristic,agent_win,10.0,10,12.0,1,Very Easy,0.05,0.0675,1,1207,833,3.0,3.0,3,0,2
Full,4,341,train,heuristic,agent_win,10.0,8,4.0,1,Very Easy,0.05,0.0675,1,1211,836,3.0,3.0,3,0,1
Full,4,342,train,heuristic,player_win,-10.0,7,14.0,1,Very Easy,0.05,0.0675,1,1214,838,0.0,0.0,2,0,1
Full,4,343,train,heuristic,agent_win,10.0,8,6.0,1,Very Easy,0.05,0.0675,1,1218,841,3.0,3.0,3,1,0
Full,4,344,train,heuristic,agent_win,10.0,6,0.0,1,Very Easy,0.05,0.0675,1,1221,843,3.0,3.0,1,0,2
Full,4,345,train,heuristic,player_win,-10.0,7,10.0,1,Very Easy,0.05,0.0675,1,1224,845,0.0,0.0,2,0,1
Full,4,346,train,heuristic,agent_win,10.0,8,2.0,1,Very Easy,0.05,0.0675,1,1228,847,3.0,3.0,3,1,0
Full,4,347,train,heuristic,player_win,-10.0,7,12.0,1,Very Easy,0.05,0.0675,1,1231,849,0.0,0.0,2,0,1
Full,4,348,train,heuristic,player_win,-10.0,5,22.0,1,Very Easy,0.05,0.0675,1,1233,850,0.0,0.0,1,0,1
Full,4,349,train,heuristic,agent_win,10.0,8,14.0,1,Very Easy,0.05,0.0675,1,1237,853,3.0,3.0,2,0,2
Full,4,350,train,heuristic,player_win,-10.0,13,24.0,1,Very Easy,0.05,0.0675,1,1243,857,0.0,0.0,3,0,3
Full,4,351,train,heuristic,player_win,-10.0,9,34.0,2,Easy,0.05,0.05500000000000001,1,1247,860,0.0,0.0,2,0,2
Full,4,352,train,heuristic,agent_win,10.0,6,26.0,2,Easy,0.05,0.05500000000000001,1,1250,861,3.0,3.0,2,0,1
Full,4,353,train,heuristic,player_win,-10.0,7,36.0,2,Easy,0.05,0.05500000000000001,1,1253,861,0.0,0.0,3,0,0
Full,4,354,train,heuristic,agent_win,10.0,6,28.0,2,Easy,0.05,0.05500000000000001,1,1256,863,3.0,3.0,3,0,0
Full,4,355,train,heuristic,player_win,-10.0,7,38.0,2,Easy,0.05,0.05500000000000001,1,1259,865,0.0,0.0,2,0,1
Full,4,356,train,heuristic,agent_win,10.0,8,30.0,2,Easy,0.05,0.05500000000000001,1,1263,867,3.0,3.0,3,0,1
Full,4,357,train,heuristic,player_win,-10.0,9,40.0,2,Easy,0.05,0.05500000000000001,1,1267,870,0.0,0.0,3,0,1
Full,4,358,train,heuristic,agent_win,10.0,10,32.0,2,Easy,0.05,0.05500000000000001,1,1272,874,3.0,3.0,2,0,3
Full,4,359,train,heuristic,agent_win,10.0,8,24.0,1,Very Easy,0.05,0.0675,1,1276,877,3.0,3.0,3,0,1
Full,4,360,train,heuristic,player_win,-10.0,7,34.0,2,Easy,0.05,0.05500000000000001,1,1279,879,0.0,0.0,2,0,1
Full,4,361,train,heuristic,player_win,-10.0,9,44.0,2,Easy,0.05,0.05500000000000001,1,1283,881,0.0,0.0,1,0,3
Full,4,362,train,heuristic,player_win,-10.0,11,54.0,3,Normal,0.05,0.05,1,1288,885,0.0,0.0,4,0,1
Full,4,363,train,heuristic,player_win,-10.0,9,64.0,3,Normal,0.05,0.05,1,1292,887,0.0,0.0,2,0,2
Full,4,364,train,heuristic,agent_win,10.0,8,56.0,3,Normal,0.05,0.05,1,1296,890,3.0,3.0,3,1,0
Full,4,365,train,heuristic,player_win,-10.0,9,66.0,4,Hard,0.05,0.05,1,1300,893,0.0,0.0,3,0,1
Full,4,366,train,heuristic,agent_win,10.0,6,58.0,3,Normal,0.05,0.05,1,1303,894,3.0,3.0,3,0,0
Full,4,367,train,heuristic,agent_win,10.0,8,50.0,3,Normal,0.05,0.05,1,1307,897,3.0,3.0,3,0,1
Full,4,368,train,heuristic,agent_win,10.0,8,42.0,2,Easy,0.05,0.05500000000000001,1,1311,900,3.0,3.0,3,0,1
Full,4,369,train,heuristic,player_win,-10.0,7,52.0,3,Normal,0.05,0.05,1,1314,902,0.0,0.0,2,0,1
Full,4,370,train,heuristic,player_win,-10.0,7,62.0,3,Normal,0.05,0.05,1,1317,904,0.0,0.0,1,0,2
Full,4,371,train,heuristic,player_win,-10.0,7,72.0,4,Hard,0.05,0.05,1,1320,906,0.0,0.0,1,0,2
Full,4,372,train,heuristic,player_win,-10.0,5,82.0,5,Expert,0.05,0.05,1,1322,906,0.0,0.0,2,0,0
Full,4,373,train,heuristic,agent_win,10.0,6,74.0,4,Hard,0.05,0.05,1,1325,908,3.0,3.0,3,0,0
Full,4,374,train,heuristic,player_win,-10.0,7,84.0,5,Expert,0.05,0.05,1,1328,910,0.0,0.0,2,0,1
Full,4,375,train,heuristic,agent_win,10.0,6,76.0,4,Hard,0.05,0.05,1,1331,912,3.0,3.0,3,0,0
Full,4,376,train,heuristic,agent_win,10.0,8,68.0,4,Hard,0.05,0.05,1,1335,915,3.0,3.0,2,0,2
Full,4,377,train,heuristic,agent_win,10.0,6,60.0,3,Normal,0.05,0.05,1,1338,917,3.0,3.0,2,0,1
Full,4,378,train,heuristic,player_win,-10.0,7,70.0,4,Hard,0.05,0.05,1,1341,917,0.0,0.0,2,0,1
Full,4,379,train,heuristic,agent_win,10.0,6,62.0,3,Normal,0.05,0.05,1,1344,919,3.0,3.0,3,0,0
Full,4,380,train,heuristic,agent_win,10.0,6,54.0,3,Normal,0.05,0.05,1,1347,920,3.0,3.0,3,0,0
Full,4,381,train,heuristic,player_win,-10.0,11,64.0,3,Normal,0.05,0.05,1,1352,921,0.0,0.0,4,0,1
Full,4,382,train,heuristic,agent_win,10.0,8,56.0,3,Normal,0.05,0.05,1,1356,924,3.0,3.0,2,0,2
Full,4,383,train,heuristic,agent_win,10.0,8,48.0,3,Normal,0.05,0.05,1,1360,924,2.0999999999999996,2.0999999999999996,3,0,1
Full,4,384,train,heuristic,agent_win,10.0,8,40.0,2,Easy,0.05,0.05500000000000001,1,1364,925,3.0,3.0,3,0,1
Full,4,385,train,heuristic,player_win,-10.0,7,50.0,3,Normal,0.05,0.05,1,1367,927,0.0,0.0,3,0,0
Full,4,386,train,heuristic,player_win,-10.0,9,60.0,3,Normal,0.05,0.05,1,1371,930,0.0,0.0,3,0,1
Full,4,387,train,heuristic,player_win,-10.0,7,70.0,4,Hard,0.05,0.05,1,1374,930,0.0,0.0,3,0,0
Full,4,388,train,heuristic,agent_win,10.0,8,62.0,3,Normal,0.05,0.05,1,1378,933,3.0,3.0,3,0,1
Full,4,389,train,heuristic,agent_win,10.0,8,54.0,3,Normal,0.05,0.05,1,1382,936,3.0,3.0,3,0,1
Full,4,390,train,heuristic,player_win,-10.0,5,64.0,3,Normal,0.05,0.05,1,1384,937,0.0,0.0,1,0,1
Full,4,391,train,heuristic,player_win,-10.0,7,74.0,4,Hard,0.05,0.05,1,1387,939,0.0,0.0,2,0,1
Full,4,392,train,heuristic,agent_win,10.0,6,66.0,4,Hard,0.05,0.05,1,1390,940,3.0,3.0,3,0,0
Full,4,393,train,heuristic,agent_win,10.0,6,58.0,3,Normal,0.05,0.05,1,1393,941,3.0,3.0,3,0,0
Full,4,394,train,heuristic,agent_win,10.0,6,50.0,3,Normal,0.05,0.05,1,1396,943,3.0,3.0,3,0,0
Full,4,395,train,heuristic,player_win,-10.0,5,60.0,3,Normal,0.05,0.05,1,1398,944,0.0,0.0,1,0,1
Full,4,396,train,heuristic,player_win,-10.0,7,70.0,4,Hard,0.05,0.05,1,1401,946,0.0,0.0,3,0,0
Full,4,397,train,heuristic,agent_win,10.0,6,62.0,3,Normal,0.05,0.05,1,1404,947,3.0,3.0,3,0,0
Full,4,398,train,heuristic,agent_win,10.0,6,54.0,3,Normal,0.05,0.05,1,1407,949,3.0,3.0,3,0,0
Full,4,399,train,heuristic,player_win,-10.0,9,64.0,3,Normal,0.05,0.05,1,1411,952,0.0,0.0,2,0,2
Full,4,400,train,heuristic,agent_win,10.0,8,56.0,3,Normal,0.05,0.05,1,1415,955,3.0,3.0,2,0,2
Full,4,401,train,heuristic,player_win,-10.0,5,66.0,4,Hard,0.05,0.05,1,1417,956,0.0,0.0,2,0,0
Full,4,402,train,heuristic,agent_win,10.0,6,58.0,3,Normal,0.05,0.05,1,1420,958,3.0,3.0,2,0,1
Full,4,403,train,heuristic,player_win,-10.0,7,68.0,4,Hard,0.05,0.05,1,1423,960,0.0,0.0,1,0,2
Full,4,404,train,heuristic,player_win,-10.0,9,78.0,4,Hard,0.05,0.05,1,1427,963,0.0,0.0,4,0,0
Full,4,405,train,heuristic,agent_win,10.0,6,70.0,4,Hard,0.05,0.05,1,1430,965,3.0,3.0,3,0,0
Full,4,406,train,heuristic,agent_win,10.0,6,62.0,3,Normal,0.05,0.05,1,1433,967,3.0,3.0,3,0,0
Full,4,407,train,heuristic,player_win,-10.0,7,72.0,4,Hard,0.05,0.05,1,1436,969,0.0,0.0,1,0,2
Full,4,408,train,heuristic,player_win,-10.0,7,82.0,5,Expert,0.05,0.05,1,1439,971,0.0,0.0,2,0,1
Full,4,409,train,heuristic,player_win,-10.0,9,92.0,5,Expert,0.05,0.05,1,1443,974,0.0,0.0,4,0,0
Full,4,410,train,heuristic,agent_win,10.0,6,84.0,5,Expert,0.05,0.05,1,1446,976,3.0,3.0,3,0,0
Full,4,411,train,heuristic,agent_win,10.0,6,76.0,4,Hard,0.05,0.05,1,1449,977,2.0999999999999996,2.0999999999999996,3,0,0
Full,4,412,train,heuristic,agent_win,10.0,6,68.0,4,Hard,0.05,0.05,1,1452,977,2.0999999999999996,2.0999999999999996,3,0,0
Full,4,413,train,heuristic,player_win,-10.0,13,78.0,4,Hard,0.05,0.05,1,1458,979,0.0,0.0,5,0,1
Full,4,414,train,heuristic,agent_win,10.0,6,70.0,4,Hard,0.05,0.05,1,1461,980,3.0,3.0,3,0,0
Full,4,415,train,heuristic,player_win,-10.0,9,80.0,5,Expert,0.05,0.05,1,1465,983,0.0,0.0,3,0,1
Full,4,416,train,heuristic,player_win,-10.0,7,90.0,5,Expert,0.05,0.05,1,1468,985,0.0,0.0,3,0,0
Full,4,417,train,heuristic,agent_win,10.0,6,82.0,5,Expert,0.05,0.05,1,1471,985,2.0999999999999996,2.0999999999999996,3,0,0
Full,4,418,train,heuristic,agent_win,10.0,6,74.0,4,Hard,0.05,0.05,1,1474,987,3.0,3.0,3,0,0
Full,4,419,train,heuristic,player_win,-10.0,7,84.0,5,Expert,0.05,0.05,1,1477,989,0.0,0.0,2,0,1
Full,4,420,train,heuristic,agent_win,10.0,6,76.0,4,Hard,0.05,0.05,1,1480,991,3.0,3.0,3,0,0
Full,4,421,train,heuristic,agent_win,10.0,8,68.0,4,Hard,0.05,0.05,1,1484,994,3.0,3.0,3,0,1
Full,4,422,train,heuristic,agent_win,10.0,6,60.0,3,Normal,0.05,0.05,1,1487,996,3.0,3.0,3,0,0
Full,4,423,train,heuristic,player_win,-10.0,5,70.0,4,Hard,0.05,0.05,1,1489,997,0.0,0.0,1,0,1
Full,4,424,train,heuristic,agent_win,10.0,6,62.0,3,Normal,0.05,0.05,1,1492,997,2.0999999999999996,2.0999999999999996,3,0,0
Full,4,425,train,heuristic,agent_win,10.0,6,54.0,3,Normal,0.05,0.05,1,1495,999,3.0,3.0,2,0,1
Full,4,426,train,heuristic,agent_win,10.0,8,46.0,3,Normal,0.05,0.05,1,1499,1002,3.0,3.0,1,0,3
Full,4,427,train,heuristic,player_win,-10.0,7,56.0,3,Normal,0.05,0.05,1,1502,1004,0.0,0.0,2,0,1
Full,4,428,train,heuristic,player_win,-10.0,9,66.0,4,Hard,0.05,0.05,1,1506,1007,0.0,0.0,1,0,3
Full,4,429,train,heuristic,agent_win,10.0,6,58.0,3,Normal,0.05,0.05,1,1509,1009,3.0,3.0,3,0,0
Full,4,430,train,heuristic,player_win,-10.0,5,68.0,4,Hard,0.05,0.05,1,1511,1009,0.0,0.0,1,0,1
Full,4,431,train,heuristic,agent_win,10.0,6,60.0,3,Normal,0.05,0.05,1,1514,1011,3.0,3.0,3,0,0
Full,4,432,train,heuristic,agent_win,10.0,6,52.0,3,Normal,0.05,0.05,1,1517,1013,3.0,3.0,2,0,1
Full,4,433,train,heuristic,agent_win,10.0,12,44.0,2,Easy,0.05,0.05500000000000001,1,1523,1018,3.0,3.0,5,0,1
Full,4,434,train,heuristic,player_win,-10.0,5,54.0,3,Normal,0.05,0.05,1,1525,1019,0.0,0.0,1,0,1
Full,4,435,train,heuristic,player_win,-10.0,7,64.0,3,Normal,0.05,0.05,1,1528,1021,0.0,0.0,2,0,1
Full,4,436,train,heuristic,agent_win,10.0,8,56.0,3,Normal,0.05,0.05,1,1532,1024,3.0,3.0,2,0,2
Full,4,437,train,heuristic,player_win,-10.0,9,66.0,4,Hard,0.05,0.05,1,1536,1025,0.0,0.0,3,0,1
Full,4,438,train,heuristic,player_win,-10.0,5,76.0,4,Hard,0.05,0.05,1,1538,1026,0.0,0.0,2,0,0
Full,4,439,train,heuristic,agent_win,10.0,6,68.0,4,Hard,0.05,0.05,1,1541,1028,3.0,3.0,2,0,1
Full,4,440,train,heuristic,agent_win,10.0,6,60.0,3,Normal,0.05,0.05,1,1544,1029,2.0999999999999996,2.0999999999999996,2,0,1
Full,4,441,train,heuristic,player_win,-10.0,7,70.0,4,Hard,0.05,0.05,1,1547,1029,0.0,0.0,3,0,0
Full,4,442,train,heuristic,agent_win,10.0,6,62.0,3,Normal,0.05,0.05,1,1550,1031,3.0,3.0,3,0,0
Full,4,443,train,heuristic,agent_win,10.0,12,54.0,3,Normal,0.05,0.05,1,1556,1035,3.0,3.0,6,0,0
Full,4,444,train,heuristic,player_win,-10.0,7,64.0,3,Normal,0.05,0.05,1,1559,1035,0.0,0.0,2,0,1
Full,4,445,train,heuristic,agent_win,10.0,6,56.0,3,Normal,0.05,0.05,1,1562,1037,3.0,3.0,2,0,1
Full,4,446,train,heuristic,agent_win,10.0,6,48.0,3,Normal,0.05,0.05,1,1565,1039,3.0,3.0,3,0,0
Full,4,447,train,heuristic,agent_win,10.0,6,40.0,2,Easy,0.05,0.05500000000000001,1,1568,1041,3.0,3.0,2,0,1
Full,4,448,train,heuristic,agent_win,10.0,8,32.0,2,Easy,0.05,0.05500000000000001,1,1572,1044,3.0,3.0,3,0,1
Full,4,449,train,heuristic,agent_win,10.0,8,24.0,1,Very Easy,0.05,0.0675,1,1576,1047,3.0,3.0,3,0,1
Full,4,450,train,heuristic,player_win,-10.0,9,34.0,2,Easy,0.05,0.05500000000000001,1,1580,1050,0.0,0.0,1,0,3
Full,4,451,train,heuristic,player_win,-10.0,11,44.0,2,Easy,0.05,0.05500000000000001,1,1585,1054,0.0,0.0,3,0,2
Full,4,452,train,heuristic,player_win,-10.0,9,54.0,3,Normal,0.05,0.05,1,1589,1057,0.0,0.0,3,0,1
Full,4,453,train,heuristic,agent_win,10.0,6,46.0,3,Normal,0.05,0.05,1,1592,1058,3.0,3.0,3,0,0
Full,4,454,train,heuristic,agent_win,10.0,10,38.0,2,Easy,0.05,0.05500000000000001,1,1597,1062,3.0,3.0,4,0,1
Full,4,455,train,heuristic,player_win,-10.0,9,48.0,3,Normal,0.05,0.05,1,1601,1065,0.0,0.0,2,0,2
Full,4,456,train,heuristic,player_win,-10.0,9,58.0,3,Normal,0.05,0.05,1,1605,1068,0.0,0.0,2,0,2
Full,4,457,train,heuristic,agent_win,10.0,6,50.0,3,Normal,0.05,0.05,1,1608,1069,3.0,3.0,2,0,1
Full,4,458,train,heuristic,agent_win,10.0,6,42.0,2,Easy,0.05,0.05500000000000001,1,1611,1070,3.0,3.0,3,0,0
Full,4,459,train,heuristic,agent_win,10.0,8,34.0,2,Easy,0.05,0.05500000000000001,1,1615,1073,3.0,3.0,2,0,2
Full,4,460,train,heuristic,agent_win,10.0,10,26.0,2,Easy,0.05,0.05500000000000001,1,1620,1077,3.0,3.0,3,0,2
Full,4,461,train,heuristic,player_win,-10.0,7,36.0,2,Easy,0.05,0.05500000000000001,1,1623,1079,0.0,0.0,2,0,1
Full,4,462,train,heuristic,player_win,-10.0,9,46.0,3,Normal,0.05,0.05,1,1627,1082,0.0,0.0,1,1,2
Full,4,463,train,heuristic,agent_win,10.0,6,38.0,2,Easy,0.05,0.05500000000000001,1,1630,1084,3.0,3.0,1,0,2
Full,4,464,train,heuristic,player_win,-10.0,9,48.0,3,Normal,0.05,0.05,1,1634,1087,0.0,0.0,1,0,3
Full,4,465,train,heuristic,agent_win,10.0,6,40.0,2,Easy,0.05,0.05500000000000001,1,1637,1089,3.0,3.0,2,0,1
Full,4,466,train,heuristic,player_win,-10.0,11,50.0,3,Normal,0.05,0.05,1,1642,1092,0.0,0.0,3,1,1
Full,4,467,train,heuristic,player_win,-10.0,7,60.0,3,Normal,0.05,0.05,1,1645,1094,0.0,0.0,2,0,1
Full,4,468,train,heuristic,agent_win,10.0,6,52.0,3,Normal,0.05,0.05,1,1648,1096,3.0,3.0,1,0,2
Full,4,469,train,heuristic,agent_win,10.0,8,44.0,2,Easy,0.05,0.05500000000000001,1,1652,1099,3.0,3.0,3,0,1
Full,4,470,train,heuristic,agent_win,10.0,8,36.0,2,Easy,0.05,0.05500000000000001,1,1656,1102,3.0,3.0,3,0,1
Full,4,471,train,heuristic,player_win,-10.0,9,46.0,3,Normal,0.05,0.05,1,1660,1105,0.0,0.0,2,0,2
Full,4,472,train,heuristic,agent_win,10.0,10,38.0,2,Easy,0.05,0.05500000000000001,1,1665,1109,3.0,3.0,3,0,2
Full,4,473,train,heuristic,agent_win,10.0,8,30.0,2,Easy,0.05,0.05500000000000001,1,1669,1112,3.0,3.0,2,0,2
Full,4,474,train,heuristic,player_win,-10.0,5,40.0,2,Easy,0.05,0.05500000000000001,1,1671,1113,0.0,0.0,1,0,1
Full,4,475,train,heuristic,player_win,-10.0,9,50.0,3,Normal,0.05,0.05,1,1675,1115,0.0,0.0,2,0,2
Full,4,476,train,heuristic,player_win,-10.0,9,60.0,3,Normal,0.05,0.05,1,1679,1118,0.0,0.0,2,0,2
Full,4,477,train,heuristic,agent_win,10.0,6,52.0,3,Normal,0.05,0.05,1,1682,1118,2.0999999999999996,2.0999999999999996,3,0,0
Full,4,478,train,heuristic,agent_win,10.0,8,44.0,2,Easy,0.05,0.05500000000000001,1,1686,1121,3.0,3.0,3,0,1
Full,4,479,train,heuristic,player_win,-10.0,5,54.0,3,Normal,0.05,0.05,1,1688,1121,0.0,0.0,1,0,1
Full,4,480,train,heuristic,agent_win,10.0,10,46.0,3,Normal,0.05,0.05,1,1693,1125,3.0,3.0,4,0,1
Full,4,481,train,heuristic,player_win,-10.0,7,56.0,3,Normal,0.05,0.05,1,1696,1126,0.0,0.0,2,0,1
Full,4,482,train,heuristic,agent_win,10.0,8,48.0,3,Normal,0.05,0.05,1,1700,1129,3.0,3.0,2,0,2
Full,4,483,train,heuristic,agent_win,10.0,8,40.0,2,Easy,0.05,0.05500000000000001,1,1704,1131,3.0,3.0,2,0,2
Full,4,484,train,heuristic,player_win,-10.0,5,50.0,3,Normal,0.05,0.05,1,1706,1132,0.0,0.0,1,0,1
Full,4,485,train,heuristic,agent_win,10.0,8,42.0,2,Easy,0.05,0.05500000000000001,1,1710,1134,3.0,3.0,3,0,1
Full,4,486,train,heuristic,agent_win,10.0,10,34.0,2,Easy,0.05,0.05500000000000001,1,1715,1138,3.0,3.0,2,1,2
Full,4,487,train,heuristic,agent_win,10.0,8,26.0,2,Easy,0.05,0.05500000000000001,1,1719,1141,3.0,3.0,1,0,3
Full,4,488,train,heuristic,player_win,-10.0,9,36.0,2,Easy,0.05,0.05500000000000001,1,1723,1144,0.0,0.0,2,0,2
Full,4,489,train,heuristic,player_win,-10.0,7,46.0,3,Normal,0.05,0.05,1,1726,1146,0.0,0.0,2,0,1
Full,4,490,train,heuristic,agent_win,10.0,6,38.0,2,Easy,0.05,0.05500000000000001,1,1729,1147,2.0999999999999996,2.0999999999999996,1,0,2
Full,4,491,train,heuristic,agent_win,10.0,8,30.0,2,Easy,0.05,0.05500000000000001,1,1733,1149,3.0,3.0,3,0,1
Full,4,492,train,heuristic,agent_win,10.0,8,22.0,1,Very Easy,0.05,0.0675,1,1737,1150,3.0,3.0,3,0,1
Full,4,493,train,heuristic,agent_win,10.0,8,14.0,1,Very Easy,0.05,0.0675,1,1741,1153,3.0,3.0,2,0,2
Full,4,494,train,heuristic,agent_win,10.0,8,6.0,1,Very Easy,0.05,0.0675,1,1745,1156,3.0,3.0,3,0,1
Full,4,495,train,heuristic,player_win,-10.0,9,16.0,1,Very Easy,0.05,0.0675,1,1749,1159,0.0,0.0,3,1,0
Full,4,496,train,heuristic,agent_win,10.0,10,8.0,1,Very Easy,0.05,0.0675,1,1754,1163,3.0,3.0,2,0,3
Full,4,497,train,heuristic,agent_win,10.0,8,0.0,1,Very Easy,0.05,0.0675,1,1758,1165,3.0,3.0,1,0,3
Full,4,498,train,heuristic,player_win,-10.0,5,10.0,1,Very Easy,0.05,0.0675,1,1760,1166,0.0,0.0,1,0,1
Full,4,499,train,heuristic,agent_win,10.0,6,2.0,1,Very Easy,0.05,0.0675,1,1763,1168,3.0,3.0,2,0,1
Full,4,500,train,heuristic,player_win,-10.0,9,12.0,1,Very Easy,0.05,0.0675,1,1767,1171,0.0,0.0,1,0,3
Full,4,501,train,heuristic,player_win,-10.0,9,22.0,1,Very Easy,0.05,0.0675,1,1771,1174,0.0,0.0,2,0,2
Full,4,502,train,heuristic,agent_win,10.0,10,14.0,1,Very Easy,0.05,0.0675,1,1776,1178,3.0,3.0,3,0,2
Full,4,503,train,heuristic,agent_win,10.0,6,6.0,1,Very Easy,0.05,0.0675,1,1779,1179,3.0,3.0,1,0,2
Full,4,504,train,heuristic,agent_win,10.0,8,0.0,1,Very Easy,0.05,0.0675,1,1783,1182,3.0,3.0,3,0,1
Full,4,505,train,heuristic,agent_win,10.0,8,0.0,1,Very Easy,0.05,0.0675,1,1787,1185,3.0,3.0,2,1,1
Full,4,506,train,heuristic,agent_win,10.0,10,0.0,1,Very Easy,0.05,0.0675,1,1792,1189,3.0,3.0,3,0,2
Full,4,507,train,heuristic,player_win,-10.0,7,10.0,1,Very Easy,0.05,0.0675,1,1795,1191,0.0,0.0,2,0,1
Full,4,508,train,heuristic,player_win,-10.0,5,20.0,1,Very Easy,0.05,0.0675,1,1797,1191,0.0,0.0,2,0,0
Full,4,509,train,heuristic,player_win,-10.0,7,30.0,2,Easy,0.05,0.05500000000000001,1,1800,1193,0.0,0.0,1,0,2
Full,4,510,train,heuristic,player_win,-10.0,7,40.0,2,Easy,0.05,0.05500000000000001,1,1803,1195,0.0,0.0,2,0,1
Full,4,511,train,heuristic,player_win,-10.0,7,50.0,3,Normal,0.05,0.05,1,1806,1195,0.0,0.0,2,0,1
Full,4,512,train,heuristic,player_win,-10.0,11,60.0,3,Normal,0.05,0.05,1,1811,1199,0.0,0.0,2,0,3
Full,4,513,train,heuristic,agent_win,10.0,6,52.0,3,Normal,0.05,0.05,1,1814,1199,2.0999999999999996,2.0999999999999996,2,0,1
Full,4,514,train,heuristic,player_win,-10.0,9,62.0,3,Normal,0.05,0.05,1,1818,1200,0.0,0.0,2,0,2
Full,4,515,train,heuristic,player_win,-10.0,7,72.0,4,Hard,0.05,0.05,1,1821,1201,0.0,0.0,2,1,0
Full,4,516,train,heuristic,agent_win,10.0,6,64.0,3,Normal,0.05,0.05,1,1824,1203,3.0,3.0,3,0,0
Full,4,517,train,heuristic,player_win,-10.0,9,74.0,4,Hard,0.05,0.05,1,1828,1205,0.0,0.0,2,0,2
Full,4,518,train,heuristic,agent_win,10.0,8,66.0,4,Hard,0.05,0.05,1,1832,1208,3.0,3.0,3,0,1
Full,4,519,train,heuristic,agent_win,10.0,6,58.0,3,Normal,0.05,0.05,1,1835,1210,3.0,3.0,3,0,0
Full,4,520,train,heuristic,agent_win,10.0,8,50.0,3,Normal,0.05,0.05,1,1839,1212,3.0,3.0,2,0,2
Full,4,521,train,heuristic,player_win,-10.0,9,60.0,3,Normal,0.05,0.05,1,1843,1214,0.0,0.0,2,0,2
Full,4,522,train,heuristic,agent_win,10.0,8,52.0,3,Normal,0.05,0.05,1,1847,1216,3.0,3.0,1,0,3
Full,4,523,train,heuristic,agent_win,10.0,10,44.0,2,Easy,0.05,0.05500000000000001,1,1852,1219,3.0,3.0,4,0,1
Full,4,524,train,heuristic,agent_win,10.0,6,36.0,2,Easy,0.05,0.05500000000000001,1,1855,1220,2.0999999999999996,2.0999999999999996,1,0,2
Full,4,525,train,heuristic,player_win,-10.0,9,46.0,3,Normal,0.05,0.05,1,1859,1223,0.0,0.0,2,0,2
Full,4,526,train,heuristic,agent_win,10.0,6,38.0,2,Easy,0.05,0.05500000000000001,1,1862,1224,3.0,3.0,3,0,0
Full,4,527,train,heuristic,player_win,-10.0,9,48.0,3,Normal,0.05,0.05,1,1866,1227,0.0,0.0,3,0,1
Full,4,528,train,heuristic,player_win,-10.0,7,58.0,3,Normal,0.05,0.05,1,1869,1228,0.0,0.0,1,1,1
Full,4,529,train,heuristic,agent_win,10.0,6,50.0,3,Normal,0.05,0.05,1,1872,1230,3.0,3.0,2,1,0
Full,4,530,train,heuristic,player_win,-10.0,5,60.0,3,Normal,0.05,0.05,1,1874,1231,0.0,0.0,1,1,0
Full,4,531,train,heuristic,player_win,-10.0,5,70.0,4,Hard,0.05,0.05,1,1876,1232,0.0,0.0,2,0,0
Full,4,532,train,heuristic,agent_win,10.0,6,62.0,3,Normal,0.05,0.05,1,1879,1234,3.0,3.0,2,0,1
Full,4,533,train,heuristic,agent_win,10.0,6,54.0,3,Normal,0.05,0.05,1,1882,1234,2.0999999999999996,2.0999999999999996,3,0,0
Full,4,534,train,heuristic,player_win,-10.0,5,64.0,3,Normal,0.05,0.05,1,1884,1235,0.0,0.0,1,0,1
Full,4,535,train,heuristic,player_win,-10.0,11,74.0,4,Hard,0.05,0.05,1,1889,1239,0.0,0.0,3,0,2
Full,4,536,train,heuristic,player_win,-10.0,5,84.0,5,Expert,0.05,0.05,1,1891,1240,0.0,0.0,2,0,0
Full,4,537,train,heuristic,agent_win,10.0,8,76.0,4,Hard,0.05,0.05,1,1895,1243,3.0,3.0,3,0,1
Full,4,538,train,heuristic,agent_win,10.0,6,68.0,4,Hard,0.05,0.05,1,1898,1245,3.0,3.0,3,0,0
Full,4,539,train,heuristic,player_win,-10.0,9,78.0,4,Hard,0.05,0.05,1,1902,1248,0.0,0.0,3,0,1
Full,4,540,train,heuristic,agent_win,10.0,6,70.0,4,Hard,0.05,0.05,1,1905,1249,3.0,3.0,3,0,0
Full,4,541,train,heuristic,agent_win,10.0,6,62.0,3,Normal,0.05,0.05,1,1908,1251,3.0,3.0,2,0,1
Full,4,542,train,heuristic,agent_win,10.0,8,54.0,3,Normal,0.05,0.05,1,1912,1254,3.0,3.0,2,0,2
Full,4,543,train,heuristic,agent_win,10.0,6,46.0,3,Normal,0.05,0.05,1,1915,1256,3.0,3.0,3,0,0
Full,4,544,train,heuristic,agent_win,10.0,8,38.0,2,Easy,0.05,0.05500000000000001,1,1919,1259,3.0,3.0,3,0,1
Full,4,545,train,heuristic,agent_win,10.0,12,30.0,2,Easy,0.05,0.05500000000000001,1,1925,1264,3.0,3.0,3,0,3
Full,4,546,train,heuristic,agent_win,10.0,8,22.0,1,Very Easy,0.05,0.0675,1,1929,1267,3.0,3.0,3,0,1
Full,4,547,train,heuristic,agent_win,10.0,8,14.0,1,Very Easy,0.05,0.0675,1,1933,1270,3.0,3.0,3,0,1
Full,4,548,train,heuristic,player_win,-10.0,5,24.0,1,Very Easy,0.05,0.0675,1,1935,1271,0.0,0.0,1,0,1
Full,4,549,train,heuristic,player_win,-10.0,7,34.0,2,Easy,0.05,0.05500000000000001,1,1938,1273,0.0,0.0,1,1,1
Full,4,550,train,heuristic,agent_win,10.0,8,26.0,2,Easy,0.05,0.05500000000000001,1,1942,1276,3.0,3.0,3,0,1
Full,4,551,train,heuristic,agent_win,10.0,8,18.0,1,Very Easy,0.05,0.0675,1,1946,1279,3.0,3.0,1,0,3
Full,4,552,train,heuristic,agent_win,10.0,6,10.0,1,Very Easy,0.05,0.0675,1,1949,1280,3.0,3.0,1,0,2
Full,4,553,train,heuristic,player_win,-10.0,5,20.0,1,Very Easy,0.05,0.0675,1,1951,1281,0.0,0.0,1,0,1
Full,4,554,train,heuristic,agent_win,10.0,10,12.0,1,Very Easy,0.05,0.0675,1,1956,1283,3.0,3.0,4,1,0
Full,4,555,train,heuristic,agent_win,10.0,12,4.0,1,Very Easy,0.05,0.0675,1,1962,1288,3.0,3.0,4,0,2
Full,4,556,train,heuristic,player_win,-10.0,7,14.0,1,Very Easy,0.05,0.0675,1,1965,1290,0.0,0.0,2,0,1
Full,4,557,train,heuristic,agent_win,10.0,8,6.0,1,Very Easy,0.05,0.0675,1,1969,1292,3.0,3.0,1,1,2
Full,4,558,train,heuristic,agent_win,10.0,6,0.0,1,Very Easy,0.05,0.0675,1,1972,1294,3.0,3.0,1,0,2
Full,4,559,train,heuristic,player_win,-10.0,9,10.0,1,Very Easy,0.05,0.0675,1,1976,1297,0.0,0.0,2,0,2
Full,4,560,train,heuristic,player_win,-10.0,7,20.0,1,Very Easy,0.05,0.0675,1,1979,1299,0.0,0.0,1,0,2
Full,4,561,train,heuristic,player_win,-10.0,7,30.0,2,Easy,0.05,0.05500000000000001,1,1982,1301,0.0,0.0,1,0,2
Full,4,562,train,heuristic,agent_win,10.0,8,22.0,1,Very Easy,0.05,0.0675,1,1986,1304,3.0,3.0,2,0,2
Full,4,563,train,heuristic,player_win,-10.0,9,32.0,2,Easy,0.05,0.05500000000000001,1,1990,1306,0.0,0.0,2,0,2
Full,4,564,train,heuristic,player_win,-10.0,7,42.0,2,Easy,0.05,0.05500000000000001,1,1993,1308,0.0,0.0,2,0,1
Full,4,565,train,heuristic,agent_win,10.0,8,34.0,2,Easy,0.05,0.05500000000000001,1,1997,1310,3.0,3.0,2,0,2
Full,4,566,train,heuristic,agent_win,10.0,8,26.0,2,Easy,0.05,0.05500000000000001,1,2001,1312,3.0,3.0,1,0,3
Full,4,567,train,heuristic,agent_win,10.0,8,18.0,1,Very Easy,0.05,0.0675,1,2005,1314,3.0,3.0,3,0,1
Full,4,568,train,heuristic,agent_win,10.0,6,10.0,1,Very Easy,0.05,0.0675,1,2008,1315,3.0,3.0,3,0,0
Full,4,569,train,heuristic,player_win,-10.0,9,20.0,1,Very Easy,0.05,0.0675,1,2012,1318,0.0,0.0,3,0,1
Full,4,570,train,heuristic,agent_win,10.0,8,12.0,1,Very Easy,0.05,0.0675,1,2016,1321,3.0,3.0,2,0,2
Full,4,571,train,heuristic,player_win,-10.0,11,22.0,1,Very Easy,0.05,0.0675,1,2021,1325,0.0,0.0,2,0,3
Full,4,572,train,heuristic,agent_win,10.0,10,14.0,1,Very Easy,0.05,0.0675,1,2026,1329,3.0,3.0,2,0,3
Full,4,573,train,heuristic,player_win,-10.0,9,24.0,1,Very Easy,0.05,0.0675,1,2030,1332,0.0,0.0,3,0,1
Full,4,574,train,heuristic,agent_win,10.0,6,16.0,1,Very Easy,0.05,0.0675,1,2033,1332,2.0999999999999996,2.0999999999999996,1,0,2
Full,4,575,train,heuristic,player_win,-10.0,9,26.0,2,Easy,0.05,0.05500000000000001,1,2037,1335,0.0,0.0,3,0,1
Full,4,576,train,heuristic,agent_win,10.0,8,18.0,1,Very Easy,0.05,0.0675,1,2041,1338,3.0,3.0,3,0,1
Full,4,577,train,heuristic,player_win,-10.0,9,28.0,2,Easy,0.05,0.05500000000000001,1,2045,1341,0.0,0.0,2,0,2
Full,4,578,train,heuristic,player_win,-10.0,7,38.0,2,Easy,0.05,0.05500000000000001,1,2048,1342,0.0,0.0,1,1,1
Full,4,579,train,heuristic,agent_win,10.0,10,30.0,2,Easy,0.05,0.05500000000000001,1,2053,1346,3.0,3.0,2,0,3
Full,4,580,train,heuristic,agent_win,10.0,6,22.0,1,Very Easy,0.05,0.0675,1,2056,1348,3.0,3.0,2,0,1
Full,4,581,train,heuristic,player_win,-10.0,9,32.0,2,Easy,0.05,0.05500000000000001,1,2060,1351,0.0,0.0,3,1,0
Full,4,582,train,heuristic,agent_win,10.0,8,24.0,1,Very Easy,0.05,0.0675,1,2064,1353,3.0,3.0,3,0,1
Full,4,583,train,heuristic,agent_win,10.0,10,16.0,1,Very Easy,0.05,0.0675,1,2069,1357,3.0,3.0,3,0,2
Full,4,584,train,heuristic,agent_win,10.0,8,8.0,1,Very Easy,0.05,0.0675,1,2073,1358,3.0,3.0,3,0,1
Full,4,585,train,heuristic,player_win,-10.0,11,18.0,1,Very Easy,0.05,0.0675,1,2078,1362,0.0,0.0,3,0,2
Full,4,586,train,heuristic,agent_win,10.0,8,10.0,1,Very Easy,0.05,0.0675,1,2082,1365,3.0,3.0,2,0,2
Full,4,587,train,heuristic,player_win,-10.0,9,20.0,1,Very Easy,0.05,0.0675,1,2086,1367,0.0,0.0,2,0,2
Full,4,588,train,heuristic,player_win,-10.0,7,30.0,2,Easy,0.05,0.05500000000000001,1,2089,1369,0.0,0.0,2,1,0
Full,4,589,train,heuristic,agent_win,10.0,6,22.0,1,Very Easy,0.05,0.0675,1,2092,1371,3.0,3.0,2,0,1
Full,4,590,train,heuristic,player_win,-10.0,5,32.0,2,Easy,0.05,0.05500000000000001,1,2094,1372,0.0,0.0,1,0,1
Full,4,591,train,heuristic,player_win,-10.0,11,42.0,2,Easy,0.05,0.05500000000000001,1,2099,1376,0.0,0.0,2,1,2
Full,4,592,train,heuristic,player_win,-10.0,11,52.0,3,Normal,0.05,0.05,1,2104,1379,0.0,0.0,3,0,2
Full,4,593,train,heuristic,agent_win,10.0,6,44.0,2,Easy,0.05,0.05500000000000001,1,2107,1381,3.0,3.0,2,0,1
Full,4,594,train,heuristic,player_win,-10.0,9,54.0,3,Normal,0.05,0.05,1,2111,1384,0.0,0.0,3,0,1
Full,4,595,train,heuristic,player_win,-10.0,11,64.0,3,Normal,0.05,0.05,1,2116,1385,0.0,0.0,3,0,2
Full,4,596,train,heuristic,player_win,-10.0,9,74.0,4,Hard,0.05,0.05,1,2120,1388,0.0,0.0,2,0,2
Full,4,597,train,heuristic,agent_win,10.0,8,66.0,4,Hard,0.05,0.05,1,2124,1391,3.0,3.0,3,0,1
Full,4,598,train,heuristic,player_win,-10.0,9,76.0,4,Hard,0.05,0.05,1,2128,1394,0.0,0.0,3,0,1
Full,4,599,train,heuristic,agent_win,10.0,8,68.0,4,Hard,0.05,0.05,1,2132,1397,3.0,3.0,3,0,1
Full,4,600,train,heuristic,player_win,-10.0,7,78.0,4,Hard,0.05,0.05,1,2135,1397,0.0,0.0,2,0,1
Full,4,601,train,heuristic,agent_win,10.0,6,70.0,4,Hard,0.05,0.05,1,2138,1397,2.0999999999999996,2.0999999999999996,3,0,0
Full,4,602,train,heuristic,agent_win,10.0,8,62.0,3,Normal,0.05,0.05,1,2142,1400,3.0,3.0,3,0,1
Full,4,603,train,heuristic,agent_win,10.0,8,54.0,3,Normal,0.05,0.05,1,2146,1403,3.0,3.0,3,0,1
Full,4,604,train,heuristic,player_win,-10.0,7,64.0,3,Normal,0.05,0.05,1,2149,1405,0.0,0.0,3,0,0
Full,4,605,train,heuristic,player_win,-10.0,9,74.0,4,Hard,0.05,0.05,1,2153,1408,0.0,0.0,2,0,2
Full,4,606,train,heuristic,player_win,-10.0,7,84.0,5,Expert,0.05,0.05,1,2156,1410,0.0,0.0,2,0,1
Full,4,607,train,heuristic,agent_win,10.0,6,76.0,4,Hard,0.05,0.05,1,2159,1412,3.0,3.0,3,0,0
Full,4,608,train,heuristic,player_win,-10.0,5,86.0,5,Expert,0.05,0.05,1,2161,1413,0.0,0.0,1,0,1
Full,4,609,train,heuristic,agent_win,10.0,6,78.0,4,Hard,0.05,0.05,1,2164,1414,3.0,3.0,3,0,0
Full,4,610,train,heuristic,agent_win,10.0,6,70.0,4,Hard,0.05,0.05,1,2167,1415,3.0,3.0,3,0,0
Full,4,611,train,heuristic,player_win,-10.0,7,80.0,5,Expert,0.05,0.05,1,2170,1416,0.0,0.0,2,0,1
Full,4,612,train,heuristic,agent_win,10.0,6,72.0,4,Hard,0.05,0.05,1,2173,1417,3.0,3.0,3,0,0
Full,4,613,train,heuristic,agent_win,10.0,6,64.0,3,Normal,0.05,0.05,1,2176,1419,3.0,3.0,2,0,1
Full,4,614,train,heuristic,agent_win,10.0,6,56.0,3,Normal,0.05,0.05,1,2179,1421,3.0,3.0,2,0,1
Full,4,615,train,heuristic,player_win,-10.0,7,66.0,4,Hard,0.05,0.05,1,2182,1423,0.0,0.0,3,0,0
Full,4,616,train,heuristic,agent_win,10.0,10,58.0,3,Normal,0.05,0.05,1,2187,1426,3.0,3.0,3,1,1
Full,4,617,train,heuristic,player_win,-10.0,9,68.0,4,Hard,0.05,0.05,1,2191,1428,0.0,0.0,2,0,2
Full,4,618,train,heuristic,agent_win,10.0,14,60.0,3,Normal,0.05,0.05,1,2198,1434,3.0,3.0,6,0,1
Full,4,619,train,heuristic,player_win,-10.0,5,70.0,4,Hard,0.05,0.05,1,2200,1434,0.0,0.0,2,0,0
Full,4,620,train,heuristic,player_win,-10.0,5,80.0,5,Expert,0.05,0.05,1,2202,1435,0.0,0.0,2,0,0
Full,4,621,train,heuristic,agent_win,10.0,8,72.0,4,Hard,0.05,0.05,1,2206,1436,3.0,3.0,4,0,0
Full,4,622,train,heuristic,agent_win,10.0,6,64.0,3,Normal,0.05,0.05,1,2209,1438,3.0,3.0,2,0,1
Full,4,623,train,heuristic,agent_win,10.0,8,56.0,3,Normal,0.05,0.05,1,2213,1440,3.0,3.0,2,0,2
Full,4,624,train,heuristic,player_win,-10.0,9,66.0,4,Hard,0.05,0.05,1,2217,1443,0.0,0.0,3,0,1
Full,4,625,train,heuristic,player_win,-10.0,5,76.0,4,Hard,0.05,0.05,1,2219,1443,0.0,0.0,2,0,0
Full,4,626,train,heuristic,agent_win,10.0,6,68.0,4,Hard,0.05,0.05,1,2222,1443,2.0999999999999996,2.0999999999999996,2,0,1
Full,4,627,train,heuristic,agent_win,10.0,8,60.0,3,Normal,0.05,0.05,1,2226,1446,3.0,3.0,3,0,1
Full,4,628,train,heuristic,agent_win,10.0,8,52.0,3,Normal,0.05,0.05,1,2230,1449,3.0,3.0,2,0,2
Full,4,629,train,heuristic,agent_win,10.0,8,44.0,2,Easy,0.05,0.05500000000000001,1,2234,1452,3.0,3.0,2,0,2
Full,4,630,train,heuristic,player_win,-10.0,9,54.0,3,Normal,0.05,0.05,1,2238,1455,0.0,0.0,2,0,2
Full,4,631,train,heuristic,agent_win,10.0,8,46.0,3,Normal,0.05,0.05,1,2242,1456,3.0,3.0,3,0,1
Full,4,632,train,heuristic,player_win,-10.0,9,56.0,3,Normal,0.05,0.05,1,2246,1459,0.0,0.0,2,0,2
Full,4,633,train,heuristic,agent_win,10.0,6,48.0,3,Normal,0.05,0.05,1,2249,1461,3.0,3.0,2,0,1
Full,4,634,train,heuristic,agent_win,10.0,8,40.0,2,Easy,0.05,0.05500000000000001,1,2253,1464,3.0,3.0,2,0,2
Full,4,635,train,heuristic,agent_win,10.0,10,32.0,2,Easy,0.05,0.05500000000000001,1,2258,1468,3.0,3.0,2,0,3
Full,4,636,train,heuristic,agent_win,10.0,6,24.0,1,Very Easy,0.05,0.0675,1,2261,1470,3.0,3.0,2,0,1
Full,4,637,train,heuristic,player_win,-10.0,7,34.0,2,Easy,0.05,0.05500000000000001,1,2264,1472,0.0,0.0,2,0,1
Full,4,638,train,heuristic,player_win,-10.0,9,44.0,2,Easy,0.05,0.05500000000000001,1,2268,1475,0.0,0.0,3,0,1
Full,4,639,train,heuristic,player_win,-10.0,7,54.0,3,Normal,0.05,0.05,1,2271,1477,0.0,0.0,1,0,2
Full,4,640,train,heuristic,agent_win,10.0,6,46.0,3,Normal,0.05,0.05,1,2274,1477,2.0999999999999996,2.0999999999999996,3,0,0
Full,4,641,train,heuristic,player_win,-10.0,7,56.0,3,Normal,0.05,0.05,1,2277,1478,0.0,0.0,1,0,2
Full,4,642,train,heuristic,player_win,-10.0,9,66.0,4,Hard,0.05,0.05,1,2281,1481,0.0,0.0,3,0,1
Full,4,643,train,heuristic,agent_win,10.0,8,58.0,3,Normal,0.05,0.05,1,2285,1483,3.0,3.0,3,0,1
Full,4,644,train,heuristic,agent_win,10.0,8,50.0,3,Normal,0.05,0.05,1,2289,1486,3.0,3.0,3,0,1
Full,4,645,train,heuristic,agent_win,10.0,8,42.0,2,Easy,0.05,0.05500000000000001,1,2293,1489,3.0,3.0,3,0,1
Full,4,646,train,heuristic,agent_win,10.0,6,34.0,2,Easy,0.05,0.05500000000000001,1,2296,1491,3.0,3.0,2,0,1
Full,4,647,train,heuristic,player_win,-10.0,7,44.0,2,Easy,0.05,0.05500000000000001,1,2299,1493,0.0,0.0,2,0,1
Full,4,648,train,heuristic,agent_win,10.0,8,36.0,2,Easy,0.05,0.05500000000000001,1,2303,1496,3.0,3.0,2,0,2
Full,4,649,train,heuristic,player_win,-10.0,9,46.0,3,Normal,0.05,0.05,1,2307,1498,0.0,0.0,3,0,1
Full,4,650,train,heuristic,agent_win,10.0,6,38.0,2,Easy,0.05,0.05500000000000001,1,2310,1500,3.0,3.0,2,0,1
Full,4,651,train,heuristic,player_win,-10.0,11,48.0,3,Normal,0.05,0.05,1,2315,1503,0.0,0.0,2,0,3
Full,4,652,train,heuristic,player_win,-10.0,9,58.0,3,Normal,0.05,0.05,1,2319,1506,0.0,0.0,3,1,0
Full,4,653,train,heuristic,player_win,-10.0,5,68.0,4,Hard,0.05,0.05,1,2321,1506,0.0,0.0,2,0,0
Full,4,654,train,heuristic,agent_win,10.0,8,60.0,3,Normal,0.05,0.05,1,2325,1509,3.0,3.0,3,0,1
Full,4,655,train,heuristic,agent_win,10.0,6,52.0,3,Normal,0.05,0.05,1,2328,1510,3.0,3.0,1,0,2
Full,4,656,train,heuristic,agent_win,10.0,6,44.0,2,Easy,0.05,0.05500000000000001,1,2331,1511,3.0,3.0,2,0,1
Full,4,657,train,heuristic,player_win,-10.0,7,54.0,3,Normal,0.05,0.05,1,2334,1513,0.0,0.0,2,0,1
Full,4,658,train,heuristic,player_win,-10.0,11,64.0,3,Normal,0.05,0.05,1,2339,1517,0.0,0.0,3,1,1
Full,4,659,train,heuristic,agent_win,10.0,12,56.0,3,Normal,0.05,0.05,1,2345,1522,3.0,3.0,3,1,2
Full,4,660,train,heuristic,player_win,-10.0,9,66.0,4,Hard,0.05,0.05,1,2349,1525,0.0,0.0,3,0,1
Full,4,661,train,heuristic,agent_win,10.0,8,58.0,3,Normal,0.05,0.05,1,2353,1527,3.0,3.0,4,0,0
Full,4,662,train,heuristic,agent_win,10.0,8,50.0,3,Normal,0.05,0.05,1,2357,1530,3.0,3.0,3,0,1
Full,4,663,train,heuristic,agent_win,10.0,6,42.0,2,Easy,0.05,0.05500000000000001,1,2360,1532,3.0,3.0,3,0,0
Full,4,664,train,heuristic,player_win,-10.0,15,52.0,3,Normal,0.05,0.05,1,2367,1538,0.0,0.0,3,0,4
Full,4,665,train,heuristic,player_win,-10.0,7,62.0,3,Normal,0.05,0.05,1,2370,1540,0.0,0.0,2,1,0
Full,4,666,train,heuristic,player_win,-10.0,9,72.0,4,Hard,0.05,0.05,1,2374,1543,0.0,0.0,2,0,2
Full,4,667,train,heuristic,agent_win,10.0,6,64.0,3,Normal,0.05,0.05,1,2377,1545,3.0,3.0,3,0,0
Full,4,668,train,heuristic,player_win,-10.0,7,74.0,4,Hard,0.05,0.05,1,2380,1547,0.0,0.0,1,0,2
Full,4,669,train,heuristic,agent_win,10.0,8,66.0,4,Hard,0.05,0.05,1,2384,1550,3.0,3.0,4,0,0
Full,4,670,train,heuristic,player_win,-10.0,7,76.0,4,Hard,0.05,0.05,1,2387,1552,0.0,0.0,3,0,0
Full,4,671,train,heuristic,agent_win,10.0,6,68.0,4,Hard,0.05,0.05,1,2390,1554,3.0,3.0,3,0,0
Full,4,672,train,heuristic,agent_win,10.0,10,60.0,3,Normal,0.05,0.05,1,2395,1558,3.0,3.0,3,0,2
Full,4,673,train,heuristic,player_win,-10.0,7,70.0,4,Hard,0.05,0.05,1,2398,1559,0.0,0.0,1,0,2
Full,4,674,train,heuristic,agent_win,10.0,6,62.0,3,Normal,0.05,0.05,1,2401,1559,2.0999999999999996,2.0999999999999996,3,0,0
Full,4,675,train,heuristic,agent_win,10.0,12,54.0,3,Normal,0.05,0.05,1,2407,1561,3.0,3.0,6,0,0
Full,4,676,train,heuristic,player_win,-10.0,9,64.0,3,Normal,0.05,0.05,1,2411,1561,0.0,0.0,4,0,0
Full,4,677,train,heuristic,player_win,-10.0,5,74.0,4,Hard,0.05,0.05,1,2413,1561,0.0,0.0,2,0,0
Full,4,678,train,heuristic,agent_win,10.0,8,66.0,4,Hard,0.05,0.05,1,2417,1564,3.0,3.0,4,0,0
Full,4,679,train,heuristic,agent_win,10.0,6,58.0,3,Normal,0.05,0.05,1,2420,1566,3.0,3.0,3,0,0
Full,4,680,train,heuristic,agent_win,10.0,6,50.0,3,Normal,0.05,0.05,1,2423,1567,3.0,3.0,2,0,1
Full,4,681,train,heuristic,agent_win,10.0,8,42.0,2,Easy,0.05,0.05500000000000001,1,2427,1570,3.0,3.0,2,0,2
Full,4,682,train,heuristic,agent_win,10.0,8,34.0,2,Easy,0.05,0.05500000000000001,1,2431,1573,3.0,3.0,2,0,2
Full,4,683,train,heuristic,agent_win,10.0,8,26.0,2,Easy,0.05,0.05500000000000001,1,2435,1576,3.0,3.0,1,0,3
Full,4,684,train,heuristic,agent_win,10.0,6,18.0,1,Very Easy,0.05,0.0675,1,2438,1578,3.0,3.0,2,0,1
Full,4,685,train,heuristic,agent_win,10.0,8,10.0,1,Very Easy,0.05,0.0675,1,2442,1581,3.0,3.0,3,0,1
Full,4,686,train,heuristic,player_win,-10.0,9,20.0,1,Very Easy,0.05,0.0675,1,2446,1584,0.0,0.0,3,0,1
Full,4,687,train,heuristic,player_win,-10.0,7,30.0,2,Easy,0.05,0.05500000000000001,1,2449,1586,0.0,0.0,2,0,1
Full,4,688,train,heuristic,agent_win,10.0,8,22.0,1,Very Easy,0.05,0.0675,1,2453,1588,3.0,3.0,3,0,1
Full,4,689,train,heuristic,agent_win,10.0,10,14.0,1,Very Easy,0.05,0.0675,1,2458,1592,3.0,3.0,3,0,2
Full,4,690,train,heuristic,player_win,-10.0,11,24.0,1,Very Easy,0.05,0.0675,1,2463,1596,0.0,0.0,2,0,3
Full,4,691,train,heuristic,agent_win,10.0,8,16.0,1,Very Easy,0.05,0.0675,1,2467,1596,2.0999999999999996,2.0999999999999996,3,0,1
Full,4,692,train,heuristic,player_win,-10.0,11,26.0,2,Easy,0.05,0.05500000000000001,1,2472,1600,0.0,0.0,1,0,4
Full,4,693,train,heuristic,agent_win,10.0,8,18.0,1,Very Easy,0.05,0.0675,1,2476,1602,3.0,3.0,2,0,2
Full,4,694,train,heuristic,agent_win,10.0,10,10.0,1,Very Easy,0.05,0.0675,1,2481,1606,3.0,3.0,2,1,2
Full,4,695,train,heuristic,agent_win,10.0,6,2.0,1,Very Easy,0.05,0.0675,1,2484,1606,1.4699999999999998,1.4699999999999998,3,0,0
Full,4,696,train,heuristic,player_win,-10.0,7,12.0,1,Very Easy,0.05,0.0675,1,2487,1608,0.0,0.0,1,0,2
Full,4,697,train,heuristic,player_win,-10.0,7,22.0,1,Very Easy,0.05,0.0675,1,2490,1610,0.0,0.0,1,0,2
Full,4,698,train,heuristic,player_win,-10.0,7,32.0,2,Easy,0.05,0.05500000000000001,1,2493,1612,0.0,0.0,2,0,1
Full,4,699,train,heuristic,player_win,-10.0,5,42.0,2,Easy,0.05,0.05500000000000001,1,2495,1613,0.0,0.0,1,0,1
Full,4,700,train,heuristic,player_win,-10.0,9,52.0,3,Normal,0.05,0.05,1,2499,1616,0.0,0.0,1,0,3
Full,4,701,train,heuristic,player_win,-10.0,7,62.0,3,Normal,0.05,0.05,1,2502,1618,0.0,0.0,2,0,1
Full,4,702,train,heuristic,agent_win,10.0,6,54.0,3,Normal,0.05,0.05,1,2505,1619,3.0,3.0,3,0,0
Full,4,703,train,heuristic,player_win,-10.0,9,64.0,3,Normal,0.05,0.05,1,2509,1621,0.0,0.0,1,0,3
Full,4,704,train,heuristic,player_win,-10.0,11,74.0,4,Hard,0.05,0.05,1,2514,1624,0.0,0.0,2,0,3
Full,4,705,train,heuristic,player_win,-10.0,7,84.0,5,Expert,0.05,0.05,1,2517,1625,0.0,0.0,1,0,2
Full,4,706,train,heuristic,agent_win,10.0,6,76.0,4,Hard,0.05,0.05,1,2520,1626,3.0,3.0,3,0,0
Full,4,707,train,heuristic,player_win,-10.0,9,86.0,5,Expert,0.05,0.05,1,2524,1629,0.0,0.0,3,0,1
Full,4,708,train,heuristic,agent_win,10.0,12,78.0,4,Hard,0.05,0.05,1,2530,1631,3.0,3.0,6,0,0
Full,4,709,train,heuristic,player_win,-10.0,7,88.0,5,Expert,0.05,0.05,1,2533,1633,0.0,0.0,2,0,1
Full,4,710,train,heuristic,agent_win,10.0,6,80.0,5,Expert,0.05,0.05,1,2536,1635,3.0,3.0,3,0,0
Full,4,711,train,heuristic,agent_win,10.0,6,72.0,4,Hard,0.05,0.05,1,2539,1636,3.0,3.0,3,0,0
Full,4,712,train,heuristic,agent_win,10.0,8,64.0,3,Normal,0.05,0.05,1,2543,1639,3.0,3.0,4,0,0
Full,4,713,train,heuristic,draw,3.0,16,67.0,4,Hard,0.05,0.05,1,2551,1644,0.8999999999999999,0.8999999999999999,6,0,2
Full,4,714,train,heuristic,agent_win,10.0,6,59.0,3,Normal,0.05,0.05,1,2554,1644,2.0999999999999996,2.0999999999999996,3,0,0
Full,4,715,train,heuristic,agent_win,10.0,10,51.0,3,Normal,0.05,0.05,1,2559,1647,3.0,3.0,3,0,2
Full,4,716,train,heuristic,agent_win,10.0,10,43.0,2,Easy,0.05,0.05500000000000001,1,2564,1651,3.0,3.0,3,0,2
Full,4,717,train,heuristic,agent_win,10.0,14,35.0,2,Easy,0.05,0.05500000000000001,1,2571,1657,3.0,3.0,5,0,2
Full,4,718,train,heuristic,agent_win,10.0,6,27.0,2,Easy,0.05,0.05500000000000001,1,2574,1658,3.0,3.0,1,0,2
Full,4,719,train,heuristic,player_win,-10.0,5,37.0,2,Easy,0.05,0.05500000000000001,1,2576,1659,0.0,0.0,1,0,1
Full,4,720,train,heuristic,player_win,-10.0,5,47.0,3,Normal,0.05,0.05,1,2578,1660,0.0,0.0,1,0,1
Full,4,721,train,heuristic,agent_win,10.0,6,39.0,2,Easy,0.05,0.05500000000000001,1,2581,1662,3.0,3.0,2,0,1
Full,4,722,train,heuristic,agent_win,10.0,8,31.0,2,Easy,0.05,0.05500000000000001,1,2585,1665,3.0,3.0,2,0,2
Full,4,723,train,heuristic,player_win,-10.0,9,41.0,2,Easy,0.05,0.05500000000000001,1,2589,1668,0.0,0.0,3,0,1
Full,4,724,train,heuristic,player_win,-10.0,9,51.0,3,Normal,0.05,0.05,1,2593,1671,0.0,0.0,2,1,1
Full,4,725,train,heuristic,agent_win,10.0,8,43.0,2,Easy,0.05,0.05500000000000001,1,2597,1672,3.0,3.0,3,0,1
Full,4,726,train,heuristic,player_win,-10.0,11,53.0,3,Normal,0.05,0.05,1,2602,1676,0.0,0.0,3,0,2
Full,4,727,train,heuristic,player_win,-10.0,7,63.0,3,Normal,0.05,0.05,1,2605,1677,0.0,0.0,1,0,2
Full,4,728,train,heuristic,player_win,-10.0,9,73.0,4,Hard,0.05,0.05,1,2609,1680,0.0,0.0,2,0,2
Full,4,729,train,heuristic,agent_win,10.0,6,65.0,4,Hard,0.05,0.05,1,2612,1680,2.0999999999999996,2.0999999999999996,3,0,0
Full,4,730,train,heuristic,agent_win,10.0,6,57.0,3,Normal,0.05,0.05,1,2615,1680,2.0999999999999996,2.0999999999999996,2,0,1
Full,4,731,train,heuristic,agent_win,10.0,6,49.0,3,Normal,0.05,0.05,1,2618,1681,3.0,3.0,3,0,0
Full,4,732,train,heuristic,player_win,-10.0,7,59.0,3,Normal,0.05,0.05,1,2621,1683,0.0,0.0,2,1,0
Full,4,733,train,heuristic,agent_win,10.0,10,51.0,3,Normal,0.05,0.05,1,2626,1687,3.0,3.0,4,0,1
Full,4,734,train,heuristic,player_win,-10.0,7,61.0,3,Normal,0.05,0.05,1,2629,1689,0.0,0.0,2,0,1
Full,4,735,train,heuristic,agent_win,10.0,8,53.0,3,Normal,0.05,0.05,1,2633,1692,3.0,3.0,3,0,1
Full,4,736,train,heuristic,agent_win,10.0,6,45.0,3,Normal,0.05,0.05,1,2636,1694,3.0,3.0,3,0,0
Full,4,737,train,heuristic,agent_win,10.0,10,37.0,2,Easy,0.05,0.05500000000000001,1,2641,1698,3.0,3.0,4,0,1
Full,4,738,train,heuristic,player_win,-10.0,7,47.0,3,Normal,0.05,0.05,1,2644,1700,0.0,0.0,2,0,1
Full,4,739,train,heuristic,player_win,-10.0,7,57.0,3,Normal,0.05,0.05,1,2647,1702,0.0,0.0,2,0,1
Full,4,740,train,heuristic,agent_win,10.0,6,49.0,3,Normal,0.05,0.05,1,2650,1703,3.0,3.0,2,0,1
Full,4,741,train,heuristic,agent_win,10.0,8,41.0,2,Easy,0.05,0.05500000000000001,1,2654,1705,3.0,3.0,2,0,2
Full,4,742,train,heuristic,player_win,-10.0,9,51.0,3,Normal,0.05,0.05,1,2658,1707,0.0,0.0,2,0,2
Full,4,743,train,heuristic,agent_win,10.0,10,43.0,2,Easy,0.05,0.05500000000000001,1,2663,1710,3.0,3.0,3,0,2
Full,4,744,train,heuristic,player_win,-10.0,5,53.0,3,Normal,0.05,0.05,1,2665,1710,0.0,0.0,1,0,1
Full,4,745,train,heuristic,player_win,-10.0,9,63.0,3,Normal,0.05,0.05,1,2669,1713,0.0,0.0,3,0,1
Full,4,746,train,heuristic,player_win,-10.0,7,73.0,4,Hard,0.05,0.05,1,2672,1713,0.0,0.0,2,0,1
Full,4,747,train,heuristic,player_win,-10.0,7,83.0,5,Expert,0.05,0.05,1,2675,1715,0.0,0.0,2,0,1
Full,4,748,train,heuristic,agent_win,10.0,6,75.0,4,Hard,0.05,0.05,1,2678,1717,3.0,3.0,3,0,0
Full,4,749,train,heuristic,agent_win,10.0,8,67.0,4,Hard,0.05,0.05,1,2682,1719,3.0,3.0,3,0,1
Full,4,750,train,heuristic,agent_win,10.0,6,59.0,3,Normal,0.05,0.05,1,2685,1720,2.0999999999999996,2.0999999999999996,3,0,0
Full,4,751,train,heuristic,player_win,-10.0,7,69.0,4,Hard,0.05,0.05,1,2688,1722,0.0,0.0,2,0,1
Full,4,752,train,heuristic,player_win,-10.0,7,79.0,4,Hard,0.05,0.05,1,2691,1723,0.0,0.0,2,1,0
Full,4,753,train,heuristic,player_win,-10.0,5,89.0,5,Expert,0.05,0.05,1,2693,1723,0.0,0.0,2,0,0
Full,4,754,train,heuristic,agent_win,10.0,8,81.0,5,Expert,0.05,0.05,1,2697,1724,3.0,3.0,4,0,0
Full,4,755,train,heuristic,agent_win,10.0,6,73.0,4,Hard,0.05,0.05,1,2700,1726,3.0,3.0,3,0,0
Full,4,756,train,heuristic,agent_win,10.0,12,65.0,4,Hard,0.05,0.05,1,2706,1729,3.0,3.0,3,0,3
Full,4,757,train,heuristic,agent_win,10.0,6,57.0,3,Normal,0.05,0.05,1,2709,1729,2.0999999999999996,2.0999999999999996,3,0,0
Full,4,758,train,heuristic,player_win,-10.0,7,67.0,4,Hard,0.05,0.05,1,2712,1729,0.0,0.0,2,0,1
Full,4,759,train,heuristic,agent_win,10.0,6,59.0,3,Normal,0.05,0.05,1,2715,1729,1.4699999999999998,1.4699999999999998,2,0,1
Full,4,760,train,heuristic,agent_win,10.0,6,51.0,3,Normal,0.05,0.05,1,2718,1729,2.0999999999999996,2.0999999999999996,3,0,0
Full,4,761,train,heuristic,player_win,-10.0,7,61.0,3,Normal,0.05,0.05,1,2721,1731,0.0,0.0,3,0,0
Full,4,762,train,heuristic,agent_win,10.0,6,53.0,3,Normal,0.05,0.05,1,2724,1733,3.0,3.0,1,0,2
Full,4,763,train,heuristic,player_win,-10.0,9,63.0,3,Normal,0.05,0.05,1,2728,1735,0.0,0.0,2,0,2
Full,4,764,train,heuristic,agent_win,10.0,8,55.0,3,Normal,0.05,0.05,1,2732,1738,3.0,3.0,2,0,2
Full,4,765,train,heuristic,player_win,-10.0,9,65.0,4,Hard,0.05,0.05,1,2736,1740,0.0,0.0,1,0,3
Full,4,766,train,heuristic,agent_win,10.0,6,57.0,3,Normal,0.05,0.05,1,2739,1741,3.0,3.0,2,0,1
Full,4,767,train,heuristic,agent_win,10.0,8,49.0,3,Normal,0.05,0.05,1,2743,1744,3.0,3.0,1,0,3
Full,4,768,train,heuristic,agent_win,10.0,8,41.0,2,Easy,0.05,0.05500000000000001,1,2747,1747,3.0,3.0,3,0,1
Full,4,769,train,heuristic,player_win,-10.0,7,51.0,3,Normal,0.05,0.05,1,2750,1747,0.0,0.0,2,0,1
Full,4,770,train,heuristic,agent_win,10.0,8,43.0,2,Easy,0.05,0.05500000000000001,1,2754,1750,3.0,3.0,2,0,2
Full,4,771,train,heuristic,agent_win,10.0,10,35.0,2,Easy,0.05,0.05500000000000001,1,2759,1753,3.0,3.0,4,0,1
Full,4,772,train,heuristic,player_win,-10.0,7,45.0,3,Normal,0.05,0.05,1,2762,1755,0.0,0.0,2,1,0
Full,4,773,train,heuristic,player_win,-10.0,7,55.0,3,Normal,0.05,0.05,1,2765,1757,0.0,0.0,1,0,2
Full,4,774,train,heuristic,player_win,-10.0,7,65.0,4,Hard,0.05,0.05,1,2768,1759,0.0,0.0,1,0,2
Full,4,775,train,heuristic,agent_win,10.0,6,57.0,3,Normal,0.05,0.05,1,2771,1761,3.0,3.0,3,0,0
Full,4,776,train,heuristic,player_win,-10.0,5,67.0,4,Hard,0.05,0.05,1,2773,1761,0.0,0.0,2,0,0
Full,4,777,train,heuristic,agent_win,10.0,6,59.0,3,Normal,0.05,0.05,1,2776,1761,2.0999999999999996,2.0999999999999996,3,0,0
Full,4,778,train,heuristic,agent_win,10.0,12,51.0,3,Normal,0.05,0.05,1,2782,1766,3.0,3.0,5,0,1
Full,4,779,train,heuristic,player_win,-10.0,7,61.0,3,Normal,0.05,0.05,1,2785,1766,0.0,0.0,2,0,1
Full,4,780,train,heuristic,agent_win,10.0,6,53.0,3,Normal,0.05,0.05,1,2788,1767,3.0,3.0,3,0,0
Full,4,781,train,heuristic,agent_win,10.0,6,45.0,3,Normal,0.05,0.05,1,2791,1769,3.0,3.0,3,0,0
Full,4,782,train,heuristic,agent_win,10.0,8,37.0,2,Easy,0.05,0.05500000000000001,1,2795,1769,3.0,3.0,4,0,0
Full,4,783,train,heuristic,player_win,-10.0,5,47.0,3,Normal,0.05,0.05,1,2797,1769,0.0,0.0,1,0,1
Full,4,784,train,heuristic,agent_win,10.0,8,39.0,2,Easy,0.05,0.05500000000000001,1,2801,1771,3.0,3.0,2,0,2
Full,4,785,train,heuristic,player_win,-10.0,7,49.0,3,Normal,0.05,0.05,1,2804,1773,0.0,0.0,2,0,1
Full,4,786,train,heuristic,player_win,-10.0,13,59.0,3,Normal,0.05,0.05,1,2810,1774,0.0,0.0,5,0,1
Full,4,787,train,heuristic,agent_win,10.0,10,51.0,3,Normal,0.05,0.05,1,2815,1777,3.0,3.0,2,0,3
Full,4,788,train,heuristic,agent_win,10.0,10,43.0,2,Easy,0.05,0.05500000000000001,1,2820,1781,3.0,3.0,3,0,2
Full,4,789,train,heuristic,agent_win,10.0,8,35.0,2,Easy,0.05,0.05500000000000001,1,2824,1783,3.0,3.0,2,0,2
Full,4,790,train,heuristic,agent_win,10.0,14,27.0,2,Easy,0.05,0.05500000000000001,1,2831,1789,3.0,3.0,6,0,1
Full,4,791,train,heuristic,player_win,-10.0,7,37.0,2,Easy,0.05,0.05500000000000001,1,2834,1789,0.0,0.0,2,0,1
Full,4,792,train,heuristic,agent_win,10.0,8,29.0,2,Easy,0.05,0.05500000000000001,1,2838,1792,3.0,3.0,3,0,1
Full,4,793,train,heuristic,agent_win,10.0,6,21.0,1,Very Easy,0.05,0.0675,1,2841,1793,3.0,3.0,2,0,1
Full,4,794,train,heuristic,player_win,-10.0,9,31.0,2,Easy,0.05,0.05500000000000001,1,2845,1795,0.0,0.0,1,0,3
Full,4,795,train,heuristic,player_win,-10.0,7,41.0,2,Easy,0.05,0.05500000000000001,1,2848,1797,0.0,0.0,2,0,1
Full,4,796,train,heuristic,agent_win,10.0,8,33.0,2,Easy,0.05,0.05500000000000001,1,2852,1797,2.0999999999999996,2.0999999999999996,3,0,1
Full,4,797,train,heuristic,player_win,-10.0,7,43.0,2,Easy,0.05,0.05500000000000001,1,2855,1799,0.0,0.0,2,0,1
Full,4,798,train,heuristic,player_win,-10.0,7,53.0,3,Normal,0.05,0.05,1,2858,1801,0.0,0.0,1,0,2
Full,4,799,train,heuristic,player_win,-10.0,5,63.0,3,Normal,0.05,0.05,1,2860,1802,0.0,0.0,1,0,1
Full,4,800,train,heuristic,agent_win,10.0,8,55.0,3,Normal,0.05,0.05,1,2864,1804,3.0,3.0,3,0,1
Full,4,801,eval,heuristic,player_win,-10.0,9,65.0,4,Hard,0.05,0.0,0,2864,1804,0.0,0.0,3,0,1
Full,4,802,eval,heuristic,agent_win,10.0,6,57.0,3,Normal,0.05,0.0,0,2864,1804,0.0,0.0,3,0,0
Full,4,803,eval,heuristic,player_win,-10.0,5,67.0,4,Hard,0.05,0.0,0,2864,1804,0.0,0.0,1,0,1
Full,4,804,eval,heuristic,player_win,-10.0,7,77.0,4,Hard,0.05,0.0,0,2864,1804,0.0,0.0,2,0,1
Full,4,805,eval,heuristic,agent_win,10.0,6,69.0,4,Hard,0.05,0.0,0,2864,1804,0.0,0.0,2,0,1
Full,4,806,eval,heuristic,agent_win,10.0,6,61.0,3,Normal,0.05,0.0,0,2864,1804,0.0,0.0,2,0,1
Full,4,807,eval,heuristic,player_win,-10.0,9,71.0,4,Hard,0.05,0.0,0,2864,1804,0.0,0.0,1,0,3
Full,4,808,eval,heuristic,player_win,-10.0,11,81.0,5,Expert,0.05,0.0,0,2864,1804,0.0,0.0,4,0,1
Full,4,809,eval,heuristic,agent_win,10.0,6,73.0,4,Hard,0.05,0.0,0,2864,1804,0.0,0.0,3,0,0
Full,4,810,eval,heuristic,agent_win,10.0,6,65.0,4,Hard,0.05,0.0,0,2864,1804,0.0,0.0,2,0,1
Full,4,811,eval,heuristic,agent_win,10.0,8,57.0,3,Normal,0.05,0.0,0,2864,1804,0.0,0.0,3,0,1
Full,4,812,eval,heuristic,agent_win,10.0,6,49.0,3,Normal,0.05,0.0,0,2864,1804,0.0,0.0,2,0,1
Full,4,813,eval,heuristic,agent_win,10.0,6,41.0,2,Easy,0.05,0.0,0,2864,1804,0.0,0.0,3,0,0
Full,4,814,eval,heuristic,player_win,-10.0,7,51.0,3,Normal,0.05,0.0,0,2864,1804,0.0,0.0,2,0,1
Full,4,815,eval,heuristic,player_win,-10.0,5,61.0,3,Normal,0.05,0.0,0,2864,1804,0.0,0.0,1,0,1
Full,4,816,eval,heuristic,agent_win,10.0,8,53.0,3,Normal,0.05,0.0,0,2864,1804,0.0,0.0,3,0,1
Full,4,817,eval,heuristic,player_win,-10.0,7,63.0,3,Normal,0.05,0.0,0,2864,1804,0.0,0.0,1,0,2
Full,4,818,eval,heuristic,draw,3.0,16,66.0,4,Hard,0.05,0.0,0,2864,1804,0.0,0.0,5,0,3
Full,4,819,eval,heuristic,player_win,-10.0,7,76.0,4,Hard,0.05,0.0,0,2864,1804,0.0,0.0,2,0,1
Full,4,820,eval,heuristic,agent_win,10.0,8,68.0,4,Hard,0.05,0.0,0,2864,1804,0.0,0.0,3,0,1
Full,4,821,eval,heuristic,agent_win,10.0,6,60.0,3,Normal,0.05,0.0,0,2864,1804,0.0,0.0,3,0,0
Full,4,822,eval,heuristic,agent_win,10.0,6,52.0,3,Normal,0.05,0.0,0,2864,1804,0.0,0.0,3,0,0
Full,4,823,eval,heuristic,agent_win,10.0,6,44.0,2,Easy,0.05,0.0,0,2864,1804,0.0,0.0,3,0,0
Full,4,824,eval,heuristic,player_win,-10.0,7,54.0,3,Normal,0.05,0.0,0,2864,1804,0.0,0.0,2,0,1
Full,4,825,eval,heuristic,agent_win,10.0,8,46.0,3,Normal,0.05,0.0,0,2864,1804,0.0,0.0,3,0,1
Full,4,826,eval,heuristic,player_win,-10.0,9,56.0,3,Normal,0.05,0.0,0,2864,1804,0.0,0.0,3,0,1
Full,4,827,eval,heuristic,agent_win,10.0,8,48.0,3,Normal,0.05,0.0,0,2864,1804,0.0,0.0,3,0,1
Full,4,828,eval,heuristic,agent_win,10.0,8,40.0,2,Easy,0.05,0.0,0,2864,1804,0.0,0.0,3,0,1
Full,4,829,eval,heuristic,agent_win,10.0,8,32.0,2,Easy,0.05,0.0,0,2864,1804,0.0,0.0,2,0,2
Full,4,830,eval,heuristic,agent_win,10.0,6,24.0,1,Very Easy,0.05,0.0,0,2864,1804,0.0,0.0,3,0,0
Full,4,831,eval,heuristic,player_win,-10.0,9,34.0,2,Easy,0.05,0.0,0,2864,1804,0.0,0.0,3,0,1
Full,4,832,eval,heuristic,player_win,-10.0,11,44.0,2,Easy,0.05,0.0,0,2864,1804,0.0,0.0,3,0,2
Full,4,833,eval,heuristic,agent_win,10.0,6,36.0,2,Easy,0.05,0.0,0,2864,1804,0.0,0.0,2,0,1
Full,4,834,eval,heuristic,player_win,-10.0,7,46.0,3,Normal,0.05,0.0,0,2864,1804,0.0,0.0,1,0,2
Full,4,835,eval,heuristic,player_win,-10.0,9,56.0,3,Normal,0.05,0.0,0,2864,1804,0.0,0.0,3,0,1
Full,4,836,eval,heuristic,player_win,-10.0,7,66.0,4,Hard,0.05,0.0,0,2864,1804,0.0,0.0,2,0,1
Full,4,837,eval,heuristic,player_win,-10.0,11,76.0,4,Hard,0.05,0.0,0,2864,1804,0.0,0.0,4,0,1
Full,4,838,eval,heuristic,agent_win,10.0,8,68.0,4,Hard,0.05,0.0,0,2864,1804,0.0,0.0,3,0,1
Full,4,839,eval,heuristic,agent_win,10.0,6,60.0,3,Normal,0.05,0.0,0,2864,1804,0.0,0.0,3,0,0
Full,4,840,eval,heuristic,agent_win,10.0,6,52.0,3,Normal,0.05,0.0,0,2864,1804,0.0,0.0,2,0,1
Full,4,841,eval,heuristic,player_win,-10.0,11,62.0,3,Normal,0.05,0.0,0,2864,1804,0.0,0.0,3,0,2
Full,4,842,eval,heuristic,agent_win,10.0,8,54.0,3,Normal,0.05,0.0,0,2864,1804,0.0,0.0,2,0,2
Full,4,843,eval,heuristic,player_win,-10.0,5,64.0,3,Normal,0.05,0.0,0,2864,1804,0.0,0.0,1,0,1
Full,4,844,eval,heuristic,player_win,-10.0,7,74.0,4,Hard,0.05,0.0,0,2864,1804,0.0,0.0,2,0,1
Full,4,845,eval,heuristic,agent_win,10.0,8,66.0,4,Hard,0.05,0.0,0,2864,1804,0.0,0.0,3,0,1
Full,4,846,eval,heuristic,player_win,-10.0,7,76.0,4,Hard,0.05,0.0,0,2864,1804,0.0,0.0,1,0,2
Full,4,847,eval,heuristic,agent_win,10.0,6,68.0,4,Hard,0.05,0.0,0,2864,1804,0.0,0.0,2,0,1
Full,4,848,eval,heuristic,player_win,-10.0,9,78.0,4,Hard,0.05,0.0,0,2864,1804,0.0,0.0,3,0,1
Full,4,849,eval,heuristic,player_win,-10.0,9,88.0,5,Expert,0.05,0.0,0,2864,1804,0.0,0.0,3,0,1
Full,4,850,eval,heuristic,agent_win,10.0,6,80.0,5,Expert,0.05,0.0,0,2864,1804,0.0,0.0,3,0,0
Full,4,851,eval,heuristic,agent_win,10.0,6,72.0,4,Hard,0.05,0.0,0,2864,1804,0.0,0.0,3,0,0
Full,4,852,eval,heuristic,agent_win,10.0,6,64.0,3,Normal,0.05,0.0,0,2864,1804,0.0,0.0,2,0,1
Full,4,853,eval,heuristic,player_win,-10.0,9,74.0,4,Hard,0.05,0.0,0,2864,1804,0.0,0.0,1,0,3
Full,4,854,eval,heuristic,agent_win,10.0,6,66.0,4,Hard,0.05,0.0,0,2864,1804,0.0,0.0,3,0,0
Full,4,855,eval,heuristic,player_win,-10.0,5,76.0,4,Hard,0.05,0.0,0,2864,1804,0.0,0.0,2,0,0
Full,4,856,eval,heuristic,agent_win,10.0,8,68.0,4,Hard,0.05,0.0,0,2864,1804,0.0,0.0,4,0,0
Full,4,857,eval,heuristic,agent_win,10.0,6,60.0,3,Normal,0.05,0.0,0,2864,1804,0.0,0.0,3,0,0
Full,4,858,eval,heuristic,player_win,-10.0,9,70.0,4,Hard,0.05,0.0,0,2864,1804,0.0,0.0,2,0,2
Full,4,859,eval,heuristic,player_win,-10.0,7,80.0,5,Expert,0.05,0.0,0,2864,1804,0.0,0.0,2,0,1
Full,4,860,eval,heuristic,agent_win,10.0,6,72.0,4,Hard,0.05,0.0,0,2864,1804,0.0,0.0,3,0,0
Full,4,861,eval,heuristic,agent_win,10.0,6,64.0,3,Normal,0.05,0.0,0,2864,1804,0.0,0.0,3,0,0
Full,4,862,eval,heuristic,agent_win,10.0,8,56.0,3,Normal,0.05,0.0,0,2864,1804,0.0,0.0,3,0,1
Full,4,863,eval,heuristic,player_win,-10.0,9,66.0,4,Hard,0.05,0.0,0,2864,1804,0.0,0.0,3,0,1
Full,4,864,eval,heuristic,agent_win,10.0,8,58.0,3,Normal,0.05,0.0,0,2864,1804,0.0,0.0,3,0,1
Full,4,865,eval,heuristic,player_win,-10.0,7,68.0,4,Hard,0.05,0.0,0,2864,1804,0.0,0.0,3,0,0
Full,4,866,eval,heuristic,player_win,-10.0,9,78.0,4,Hard,0.05,0.0,0,2864,1804,0.0,0.0,3,0,1
Full,4,867,eval,heuristic,agent_win,10.0,6,70.0,4,Hard,0.05,0.0,0,2864,1804,0.0,0.0,3,0,0
Full,4,868,eval,heuristic,player_win,-10.0,9,80.0,5,Expert,0.05,0.0,0,2864,1804,0.0,0.0,3,0,1
Full,4,869,eval,heuristic,agent_win,10.0,6,72.0,4,Hard,0.05,0.0,0,2864,1804,0.0,0.0,3,0,0
Full,4,870,eval,heuristic,agent_win,10.0,6,64.0,3,Normal,0.05,0.0,0,2864,1804,0.0,0.0,1,0,2
Full,4,871,eval,heuristic,agent_win,10.0,6,56.0,3,Normal,0.05,0.0,0,2864,1804,0.0,0.0,2,0,1
Full,4,872,eval,heuristic,player_win,-10.0,5,66.0,4,Hard,0.05,0.0,0,2864,1804,0.0,0.0,2,0,0
Full,4,873,eval,heuristic,agent_win,10.0,8,58.0,3,Normal,0.05,0.0,0,2864,1804,0.0,0.0,4,0,0
Full,4,874,eval,heuristic,player_win,-10.0,5,68.0,4,Hard,0.05,0.0,0,2864,1804,0.0,0.0,1,0,1
Full,4,875,eval,heuristic,agent_win,10.0,6,60.0,3,Normal,0.05,0.0,0,2864,1804,0.0,0.0,3,0,0
Full,4,876,eval,heuristic,player_win,-10.0,9,70.0,4,Hard,0.05,0.0,0,2864,1804,0.0,0.0,3,0,1
Full,4,877,eval,heuristic,player_win,-10.0,9,80.0,5,Expert,0.05,0.0,0,2864,1804,0.0,0.0,3,0,1
Full,4,878,eval,heuristic,player_win,-10.0,5,90.0,5,Expert,0.05,0.0,0,2864,1804,0.0,0.0,2,0,0
Full,4,879,eval,heuristic,agent_win,10.0,6,82.0,5,Expert,0.05,0.0,0,2864,1804,0.0,0.0,3,0,0
Full,4,880,eval,heuristic,agent_win,10.0,6,74.0,4,Hard,0.05,0.0,0,2864,1804,0.0,0.0,3,0,0
Full,4,881,eval,heuristic,player_win,-10.0,7,84.0,5,Expert,0.05,0.0,0,2864,1804,0.0,0.0,2,0,1
Full,4,882,eval,heuristic,agent_win,10.0,6,76.0,4,Hard,0.05,0.0,0,2864,1804,0.0,0.0,3,0,0
Full,4,883,eval,heuristic,agent_win,10.0,6,68.0,4,Hard,0.05,0.0,0,2864,1804,0.0,0.0,3,0,0
Full,4,884,eval,heuristic,player_win,-10.0,5,78.0,4,Hard,0.05,0.0,0,2864,1804,0.0,0.0,2,0,0
Full,4,885,eval,heuristic,agent_win,10.0,6,70.0,4,Hard,0.05,0.0,0,2864,1804,0.0,0.0,3,0,0
Full,4,886,eval,heuristic,agent_win,10.0,6,62.0,3,Normal,0.05,0.0,0,2864,1804,0.0,0.0,3,0,0
Full,4,887,eval,heuristic,player_win,-10.0,9,72.0,4,Hard,0.05,0.0,0,2864,1804,0.0,0.0,3,0,1
Full,4,888,eval,heuristic,agent_win,10.0,6,64.0,3,Normal,0.05,0.0,0,2864,1804,0.0,0.0,3,0,0
Full,4,889,eval,heuristic,agent_win,10.0,10,56.0,3,Normal,0.05,0.0,0,2864,1804,0.0,0.0,3,0,2
Full,4,890,eval,heuristic,agent_win,10.0,8,48.0,3,Normal,0.05,0.0,0,2864,1804,0.0,0.0,3,0,1
Full,4,891,eval,heuristic,player_win,-10.0,9,58.0,3,Normal,0.05,0.0,0,2864,1804,0.0,0.0,2,0,2
Full,4,892,eval,heuristic,agent_win,10.0,8,50.0,3,Normal,0.05,0.0,0,2864,1804,0.0,0.0,4,0,0
Full,4,893,eval,heuristic,agent_win,10.0,8,42.0,2,Easy,0.05,0.0,0,2864,1804,0.0,0.0,4,0,0
Full,4,894,eval,heuristic,player_win,-10.0,7,52.0,3,Normal,0.05,0.0,0,2864,1804,0.0,0.0,1,0,2
Full,4,895,eval,heuristic,player_win,-10.0,7,62.0,3,Normal,0.05,0.0,0,2864,1804,0.0,0.0,1,0,2
Full,4,896,eval,heuristic,agent_win,10.0,6,54.0,3,Normal,0.05,0.0,0,2864,1804,0.0,0.0,2,0,1
Full,4,897,eval,heuristic,player_win,-10.0,7,64.0,3,Normal,0.05,0.0,0,2864,1804,0.0,0.0,1,0,2
Full,4,898,eval,heuristic,agent_win,10.0,8,56.0,3,Normal,0.05,0.0,0,2864,1804,0.0,0.0,2,0,2
Full,4,899,eval,heuristic,player_win,-10.0,9,66.0,4,Hard,0.05,0.0,0,2864,1804,0.0,0.0,3,0,1
Full,4,900,eval,heuristic,agent_win,10.0,6,58.0,3,Normal,0.05,0.0,0,2864,1804,0.0,0.0,3,0,0
Full,4,901,eval,heuristic,agent_win,10.0,6,50.0,3,Normal,0.05,0.0,0,2864,1804,0.0,0.0,3,0,0
Full,4,902,eval,heuristic,agent_win,10.0,8,42.0,2,Easy,0.05,0.0,0,2864,1804,0.0,0.0,2,0,2
Full,4,903,eval,heuristic,player_win,-10.0,9,52.0,3,Normal,0.05,0.0,0,2864,1804,0.0,0.0,3,0,1
Full,4,904,eval,heuristic,agent_win,10.0,8,44.0,2,Easy,0.05,0.0,0,2864,1804,0.0,0.0,3,0,1
Full,4,905,eval,heuristic,agent_win,10.0,10,36.0,2,Easy,0.05,0.0,0,2864,1804,0.0,0.0,3,0,2
Full,4,906,eval,heuristic,player_win,-10.0,9,46.0,3,Normal,0.05,0.0,0,2864,1804,0.0,0.0,3,0,1
Full,4,907,eval,heuristic,player_win,-10.0,7,56.0,3,Normal,0.05,0.0,0,2864,1804,0.0,0.0,3,0,0
Full,4,908,eval,heuristic,agent_win,10.0,8,48.0,3,Normal,0.05,0.0,0,2864,1804,0.0,0.0,2,0,2
Full,4,909,eval,heuristic,player_win,-10.0,9,58.0,3,Normal,0.05,0.0,0,2864,1804,0.0,0.0,2,0,2
Full,4,910,eval,heuristic,agent_win,10.0,8,50.0,3,Normal,0.05,0.0,0,2864,1804,0.0,0.0,3,0,1
Full,4,911,eval,heuristic,agent_win,10.0,8,42.0,2,Easy,0.05,0.0,0,2864,1804,0.0,0.0,1,0,3
Full,4,912,eval,heuristic,player_win,-10.0,9,52.0,3,Normal,0.05,0.0,0,2864,1804,0.0,0.0,2,0,2
Full,4,913,eval,heuristic,agent_win,10.0,8,44.0,2,Easy,0.05,0.0,0,2864,1804,0.0,0.0,3,0,1
Full,4,914,eval,heuristic,agent_win,10.0,6,36.0,2,Easy,0.05,0.0,0,2864,1804,0.0,0.0,2,0,1
Full,4,915,eval,heuristic,player_win,-10.0,13,46.0,3,Normal,0.05,0.0,0,2864,1804,0.0,0.0,4,0,2
Full,4,916,eval,heuristic,player_win,-10.0,11,56.0,3,Normal,0.05,0.0,0,2864,1804,0.0,0.0,2,0,3
Full,4,917,eval,heuristic,agent_win,10.0,6,48.0,3,Normal,0.05,0.0,0,2864,1804,0.0,0.0,3,0,0
Full,4,918,eval,heuristic,agent_win,10.0,6,40.0,2,Easy,0.05,0.0,0,2864,1804,0.0,0.0,3,0,0
Full,4,919,eval,heuristic,player_win,-10.0,7,50.0,3,Normal,0.05,0.0,0,2864,1804,0.0,0.0,1,0,2
Full,4,920,eval,heuristic,agent_win,10.0,6,42.0,2,Easy,0.05,0.0,0,2864,1804,0.0,0.0,2,0,1
Full,4,921,eval,heuristic,player_win,-10.0,9,52.0,3,Normal,0.05,0.0,0,2864,1804,0.0,0.0,2,0,2
Full,4,922,eval,heuristic,agent_win,10.0,8,44.0,2,Easy,0.05,0.0,0,2864,1804,0.0,0.0,3,0,1
Full,4,923,eval,heuristic,player_win,-10.0,7,54.0,3,Normal,0.05,0.0,0,2864,1804,0.0,0.0,2,0,1
Full,4,924,eval,heuristic,player_win,-10.0,9,64.0,3,Normal,0.05,0.0,0,2864,1804,0.0,0.0,3,0,1
Full,4,925,eval,heuristic,agent_win,10.0,6,56.0,3,Normal,0.05,0.0,0,2864,1804,0.0,0.0,3,0,0
Full,4,926,eval,heuristic,player_win,-10.0,7,66.0,4,Hard,0.05,0.0,0,2864,1804,0.0,0.0,1,0,2
Full,4,927,eval,heuristic,agent_win,10.0,6,58.0,3,Normal,0.05,0.0,0,2864,1804,0.0,0.0,3,0,0
Full,4,928,eval,heuristic,player_win,-10.0,7,68.0,4,Hard,0.05,0.0,0,2864,1804,0.0,0.0,2,0,1
Full,4,929,eval,heuristic,player_win,-10.0,7,78.0,4,Hard,0.05,0.0,0,2864,1804,0.0,0.0,2,0,1
Full,4,930,eval,heuristic,agent_win,10.0,6,70.0,4,Hard,0.05,0.0,0,2864,1804,0.0,0.0,2,0,1
Full,4,931,eval,heuristic,agent_win,10.0,10,62.0,3,Normal,0.05,0.0,0,2864,1804,0.0,0.0,3,0,2
Full,4,932,eval,heuristic,player_win,-10.0,5,72.0,4,Hard,0.05,0.0,0,2864,1804,0.0,0.0,1,0,1
Full,4,933,eval,heuristic,agent_win,10.0,6,64.0,3,Normal,0.05,0.0,0,2864,1804,0.0,0.0,3,0,0
Full,4,934,eval,heuristic,agent_win,10.0,8,56.0,3,Normal,0.05,0.0,0,2864,1804,0.0,0.0,4,0,0
Full,4,935,eval,heuristic,player_win,-10.0,11,66.0,4,Hard,0.05,0.0,0,2864,1804,0.0,0.0,3,0,2
Full,4,936,eval,heuristic,agent_win,10.0,8,58.0,3,Normal,0.05,0.0,0,2864,1804,0.0,0.0,3,0,1
Full,4,937,eval,heuristic,agent_win,10.0,6,50.0,3,Normal,0.05,0.0,0,2864,1804,0.0,0.0,3,0,0
Full,4,938,eval,heuristic,player_win,-10.0,9,60.0,3,Normal,0.05,0.0,0,2864,1804,0.0,0.0,2,0,2
Full,4,939,eval,heuristic,player_win,-10.0,7,70.0,4,Hard,0.05,0.0,0,2864,1804,0.0,0.0,2,0,1
Full,4,940,eval,heuristic,agent_win,10.0,6,62.0,3,Normal,0.05,0.0,0,2864,1804,0.0,0.0,3,0,0
Full,4,941,eval,heuristic,player_win,-10.0,15,72.0,4,Hard,0.05,0.0,0,2864,1804,0.0,0.0,3,0,4
Full,4,942,eval,heuristic,player_win,-10.0,7,82.0,5,Expert,0.05,0.0,0,2864,1804,0.0,0.0,3,0,0
Full,4,943,eval,heuristic,agent_win,10.0,6,74.0,4,Hard,0.05,0.0,0,2864,1804,0.0,0.0,3,0,0
Full,4,944,eval,heuristic,agent_win,10.0,6,66.0,4,Hard,0.05,0.0,0,2864,1804,0.0,0.0,3,0,0
Full,4,945,eval,heuristic,agent_win,10.0,6,58.0,3,Normal,0.05,0.0,0,2864,1804,0.0,0.0,1,0,2
Full,4,946,eval,heuristic,player_win,-10.0,5,68.0,4,Hard,0.05,0.0,0,2864,1804,0.0,0.0,2,0,0
Full,4,947,eval,heuristic,agent_win,10.0,8,60.0,3,Normal,0.05,0.0,0,2864,1804,0.0,0.0,3,0,1
Full,4,948,eval,heuristic,agent_win,10.0,6,52.0,3,Normal,0.05,0.0,0,2864,1804,0.0,0.0,3,0,0
Full,4,949,eval,heuristic,agent_win,10.0,6,44.0,2,Easy,0.05,0.0,0,2864,1804,0.0,0.0,3,0,0
Full,4,950,eval,heuristic,player_win,-10.0,7,54.0,3,Normal,0.05,0.0,0,2864,1804,0.0,0.0,2,0,1
Full,4,951,eval,heuristic,player_win,-10.0,7,64.0,3,Normal,0.05,0.0,0,2864,1804,0.0,0.0,3,0,0
Full,4,952,eval,heuristic,agent_win,10.0,6,56.0,3,Normal,0.05,0.0,0,2864,1804,0.0,0.0,3,0,0
Full,4,953,eval,heuristic,player_win,-10.0,5,66.0,4,Hard,0.05,0.0,0,2864,1804,0.0,0.0,2,0,0
Full,4,954,eval,heuristic,player_win,-10.0,7,76.0,4,Hard,0.05,0.0,0,2864,1804,0.0,0.0,2,0,1
Full,4,955,eval,heuristic,agent_win,10.0,6,68.0,4,Hard,0.05,0.0,0,2864,1804,0.0,0.0,3,0,0
Full,4,956,eval,heuristic,agent_win,10.0,6,60.0,3,Normal,0.05,0.0,0,2864,1804,0.0,0.0,3,0,0
Full,4,957,eval,heuristic,player_win,-10.0,7,70.0,4,Hard,0.05,0.0,0,2864,1804,0.0,0.0,1,0,2
Full,4,958,eval,heuristic,agent_win,10.0,6,62.0,3,Normal,0.05,0.0,0,2864,1804,0.0,0.0,3,0,0
Full,4,959,eval,heuristic,agent_win,10.0,6,54.0,3,Normal,0.05,0.0,0,2864,1804,0.0,0.0,2,0,1
Full,4,960,eval,heuristic,player_win,-10.0,5,64.0,3,Normal,0.05,0.0,0,2864,1804,0.0,0.0,1,0,1
Full,4,961,eval,heuristic,agent_win,10.0,6,56.0,3,Normal,0.05,0.0,0,2864,1804,0.0,0.0,3,0,0
Full,4,962,eval,heuristic,agent_win,10.0,6,48.0,3,Normal,0.05,0.0,0,2864,1804,0.0,0.0,2,0,1
Full,4,963,eval,heuristic,player_win,-10.0,7,58.0,3,Normal,0.05,0.0,0,2864,1804,0.0,0.0,2,0,1
Full,4,964,eval,heuristic,agent_win,10.0,10,50.0,3,Normal,0.05,0.0,0,2864,1804,0.0,0.0,3,0,2
Full,4,965,eval,heuristic,player_win,-10.0,9,60.0,3,Normal,0.05,0.0,0,2864,1804,0.0,0.0,3,0,1
Full,4,966,eval,heuristic,agent_win,10.0,8,52.0,3,Normal,0.05,0.0,0,2864,1804,0.0,0.0,2,0,2
Full,4,967,eval,heuristic,player_win,-10.0,11,62.0,3,Normal,0.05,0.0,0,2864,1804,0.0,0.0,4,0,1
Full,4,968,eval,heuristic,agent_win,10.0,6,54.0,3,Normal,0.05,0.0,0,2864,1804,0.0,0.0,2,0,1
Full,4,969,eval,heuristic,agent_win,10.0,8,46.0,3,Normal,0.05,0.0,0,2864,1804,0.0,0.0,3,0,1
Full,4,970,eval,heuristic,agent_win,10.0,10,38.0,2,Easy,0.05,0.0,0,2864,1804,0.0,0.0,2,0,3
Full,4,971,eval,heuristic,agent_win,10.0,10,30.0,2,Easy,0.05,0.0,0,2864,1804,0.0,0.0,4,0,1
Full,4,972,eval,heuristic,agent_win,10.0,8,22.0,1,Very Easy,0.05,0.0,0,2864,1804,0.0,0.0,3,0,1
Full,4,973,eval,heuristic,agent_win,10.0,8,14.0,1,Very Easy,0.05,0.0,0,2864,1804,0.0,0.0,1,0,3
Full,4,974,eval,heuristic,agent_win,10.0,8,6.0,1,Very Easy,0.05,0.0,0,2864,1804,0.0,0.0,3,0,1
Full,4,975,eval,heuristic,player_win,-10.0,7,16.0,1,Very Easy,0.05,0.0,0,2864,1804,0.0,0.0,1,0,2
Full,4,976,eval,heuristic,player_win,-10.0,9,26.0,2,Easy,0.05,0.0,0,2864,1804,0.0,0.0,2,0,2
Full,4,977,eval,heuristic,agent_win,10.0,6,18.0,1,Very Easy,0.05,0.0,0,2864,1804,0.0,0.0,3,0,0
Full,4,978,eval,heuristic,player_win,-10.0,7,28.0,2,Easy,0.05,0.0,0,2864,1804,0.0,0.0,2,0,1
Full,4,979,eval,heuristic,player_win,-10.0,7,38.0,2,Easy,0.05,0.0,0,2864,1804,0.0,0.0,2,0,1
Full,4,980,eval,heuristic,agent_win,10.0,6,30.0,2,Easy,0.05,0.0,0,2864,1804,0.0,0.0,2,0,1
Full,4,981,eval,heuristic,player_win,-10.0,5,40.0,2,Easy,0.05,0.0,0,2864,1804,0.0,0.0,1,0,1
Full,4,982,eval,heuristic,player_win,-10.0,7,50.0,3,Normal,0.05,0.0,0,2864,1804,0.0,0.0,2,0,1
Full,4,983,eval,heuristic,player_win,-10.0,5,60.0,3,Normal,0.05,0.0,0,2864,1804,0.0,0.0,1,0,1
Full,4,984,eval,heuristic,agent_win,10.0,8,52.0,3,Normal,0.05,0.0,0,2864,1804,0.0,0.0,2,0,2
Full,4,985,eval,heuristic,player_win,-10.0,9,62.0,3,Normal,0.05,0.0,0,2864,1804,0.0,0.0,2,0,2
Full,4,986,eval,heuristic,agent_win,10.0,8,54.0,3,Normal,0.05,0.0,0,2864,1804,0.0,0.0,2,0,2
Full,4,987,eval,heuristic,agent_win,10.0,8,46.0,3,Normal,0.05,0.0,0,2864,1804,0.0,0.0,3,0,1
Full,4,988,eval,heuristic,player_win,-10.0,9,56.0,3,Normal,0.05,0.0,0,2864,1804,0.0,0.0,2,0,2
Full,4,989,eval,heuristic,player_win,-10.0,7,66.0,4,Hard,0.05,0.0,0,2864,1804,0.0,0.0,3,0,0
Full,4,990,eval,heuristic,player_win,-10.0,11,76.0,4,Hard,0.05,0.0,0,2864,1804,0.0,0.0,4,0,1
Full,4,991,eval,heuristic,player_win,-10.0,7,86.0,5,Expert,0.05,0.0,0,2864,1804,0.0,0.0,1,0,2
Full,4,992,eval,heuristic,agent_win,10.0,6,78.0,4,Hard,0.05,0.0,0,2864,1804,0.0,0.0,3,0,0
Full,4,993,eval,heuristic,agent_win,10.0,6,70.0,4,Hard,0.05,0.0,0,2864,1804,0.0,0.0,3,0,0
Full,4,994,eval,heuristic,agent_win,10.0,8,62.0,3,Normal,0.05,0.0,0,2864,1804,0.0,0.0,3,0,1
Full,4,995,eval,heuristic,agent_win,10.0,8,54.0,3,Normal,0.05,0.0,0,2864,1804,0.0,0.0,3,0,1
Full,4,996,eval,heuristic,agent_win,10.0,8,46.0,3,Normal,0.05,0.0,0,2864,1804,0.0,0.0,3,0,1
Full,4,997,eval,heuristic,player_win,-10.0,9,56.0,3,Normal,0.05,0.0,0,2864,1804,0.0,0.0,2,0,2
Full,4,998,eval,heuristic,agent_win,10.0,6,48.0,3,Normal,0.05,0.0,0,2864,1804,0.0,0.0,3,0,0
Full,4,999,eval,heuristic,agent_win,10.0,6,40.0,2,Easy,0.05,0.0,0,2864,1804,0.0,0.0,2,0,1
Full,4,1000,eval,heuristic,agent_win,10.0,10,32.0,2,Easy,0.05,0.0,0,2864,1804,0.0,0.0,4,0,1
Full,5,1,train,heuristic,player_win,-10.0,9,60.0,1,Very Easy,0.95,1.0,1,4,4,0.0,0.0,3,1,0
Full,5,2,train,heuristic,agent_win,10.0,6,52.0,1,Very Easy,0.9025,1.0,1,7,7,3.0,3.0,2,1,0
Full,5,3,train,heuristic,agent_win,10.0,8,44.0,2,Easy,0.8573749999999999,0.9431124999999999,1,11,11,3.0,3.0,3,1,0
Full,5,4,train,heuristic,player_win,-10.0,9,54.0,3,Normal,0.8145062499999999,0.651605,1,15,14,0.0,0.0,3,1,0
Full,5,5,train,heuristic,agent_win,10.0,6,46.0,3,Normal,0.7737809374999999,0.6190247499999999,1,18,17,3.0,3.0,3,0,0
Full,5,6,train,heuristic,agent_win,10.0,6,38.0,2,Easy,0.7350918906249998,0.8086010796874998,1,21,20,3.0,3.0,3,0,0
Full,5,7,train,heuristic,player_win,-10.0,7,48.0,3,Normal,0.6983372960937497,0.5586698368749998,1,24,23,0.0,0.0,1,2,0
Full,5,8,train,heuristic,player_win,-10.0,9,58.0,3,Normal,0.6634204312890623,0.5307363450312498,1,28,26,0.0,0.0,3,0,1
Full,5,9,train,heuristic,player_win,-10.0,7,68.0,4,Hard,0.6302494097246091,0.31512470486230454,1,31,28,0.0,0.0,2,1,0
Full,5,10,train,heuristic,agent_win,10.0,6,60.0,3,Normal,0.5987369392383786,0.4789895513907029,1,34,31,3.0,3.0,3,0,0
Full,5,11,train,heuristic,agent_win,10.0,6,52.0,3,Normal,0.5688000922764596,0.4550400738211677,1,37,34,3.0,3.0,2,1,0
Full,5,12,train,heuristic,agent_win,10.0,8,44.0,2,Easy,0.5403600876626365,0.5943960964289002,1,41,37,3.0,3.0,2,2,0
Full,5,13,train,heuristic,player_win,-10.0,9,54.0,3,Normal,0.5133420832795047,0.4106736666236038,1,45,40,0.0,0.0,3,0,1
Full,5,14,train,heuristic,player_win,-10.0,9,64.0,3,Normal,0.48767497911552943,0.39013998329242355,1,49,44,0.0,0.0,2,0,2
Full,5,15,train,heuristic,agent_win,10.0,8,56.0,3,Normal,0.46329123015975293,0.3706329841278024,1,53,47,3.0,3.0,4,0,0
Full,5,16,train,heuristic,agent_win,10.0,10,48.0,3,Normal,0.44012666865176525,0.3521013349214122,1,58,51,3.0,3.0,5,0,0
Full,5,17,train,heuristic,agent_win,10.0,6,40.0,2,Easy,0.41812033521917696,0.4599323687410947,1,61,53,3.0,3.0,2,1,0
Full,5,18,train,heuristic,player_win,-10.0,7,50.0,3,Normal,0.3972143184582181,0.3177714547665745,1,64,55,0.0,0.0,2,1,0
Full,5,19,train,heuristic,player_win,-10.0,5,60.0,3,Normal,0.37735360253530714,0.30188288202824576,1,66,56,0.0,0.0,2,0,0
Full,5,20,train,heuristic,player_win,-10.0,9,70.0,4,Hard,0.35848592240854177,0.17924296120427088,1,70,59,0.0,0.0,2,0,2
Full,5,21,train,heuristic,agent_win,10.0,8,62.0,3,Normal,0.34056162628811465,0.27244930103049175,1,74,62,3.0,3.0,3,1,0
Full,5,22,train,heuristic,agent_win,10.0,6,54.0,3,Normal,0.3235335449737089,0.2588268359789671,1,77,64,3.0,3.0,3,0,0
Full,5,23,train,heuristic,agent_win,10.0,8,46.0,3,Normal,0.30735686772502346,0.2458854941800188,1,81,67,3.0,3.0,3,0,1
Full,5,24,train,heuristic,player_win,-10.0,7,56.0,3,Normal,0.2919890243387723,0.23359121947101782,1,84,69,0.0,0.0,3,0,0
Full,5,25,train,heuristic,player_win,-10.0,7,66.0,4,Hard,0.27738957312183365,0.13869478656091683,1,87,72,0.0,0.0,2,0,1
Full,5,26,train,heuristic,agent_win,10.0,6,58.0,3,Normal,0.263520094465742,0.2108160755725936,1,90,74,3.0,3.0,3,0,0
Full,5,27,train,heuristic,player_win,-10.0,7,68.0,4,Hard,0.25034408974245487,0.12517204487122743,1,93,76,0.0,0.0,2,0,1
Full,5,28,train,heuristic,player_win,-10.0,11,78.0,4,Hard,0.2378268852553321,0.11891344262766605,1,98,80,0.0,0.0,3,0,2
Full,5,29,train,heuristic,agent_win,10.0,6,70.0,4,Hard,0.2259355409925655,0.11296777049628275,1,101,82,3.0,3.0,2,0,1
Full,5,30,train,heuristic,agent_win,10.0,6,62.0,3,Normal,0.2146387639429372,0.17171101115434978,1,104,84,3.0,3.0,3,0,0
Full,5,31,train,heuristic,player_win,-10.0,7,72.0,4,Hard,0.20390682574579033,0.10195341287289517,1,107,86,0.0,0.0,2,0,1
Full,5,32,train,heuristic,player_win,-10.0,11,82.0,5,Expert,0.1937114844585008,0.05,1,112,90,0.0,0.0,3,0,2
Full,5,33,train,heuristic,agent_win,10.0,8,74.0,4,Hard,0.18402591023557577,0.09201295511778788,1,116,93,3.0,3.0,4,0,0
Full,5,34,train,heuristic,player_win,-10.0,7,84.0,5,Expert,0.17482461472379698,0.05,1,119,96,0.0,0.0,3,0,0
Full,5,35,train,heuristic,agent_win,10.0,6,76.0,4,Hard,0.16608338398760714,0.08304169199380357,1,122,98,3.0,3.0,3,0,0
Full,5,36,train,heuristic,player_win,-10.0,9,86.0,5,Expert,0.15777921478822676,0.05,1,126,101,0.0,0.0,3,0,1
Full,5,37,train,heuristic,agent_win,10.0,6,78.0,4,Hard,0.14989025404881542,0.07494512702440771,1,129,104,3.0,3.0,3,0,0
Full,5,38,train,heuristic,player_win,-10.0,5,88.0,5,Expert,0.14239574134637464,0.05,1,131,106,0.0,0.0,1,0,1
Full,5,39,train,heuristic,agent_win,10.0,6,80.0,5,Expert,0.1352759542790559,0.05,1,134,108,3.0,3.0,3,0,0
Full,5,40,train,heuristic,agent_win,10.0,8,72.0,4,Hard,0.1285121565651031,0.06425607828255155,1,138,110,3.0,3.0,4,0,0
Full,5,41,train,heuristic,agent_win,10.0,6,64.0,3,Normal,0.12208654873684793,0.09766923898947835,1,141,112,3.0,3.0,2,0,1
Full,5,42,train,heuristic,agent_win,10.0,6,56.0,3,Normal,0.11598222130000553,0.09278577704000443,1,144,115,3.0,3.0,2,0,1
Full,5,43,train,heuristic,agent_win,10.0,10,48.0,3,Normal,0.11018311023500525,0.0881464881880042,1,149,119,3.0,3.0,3,0,2
Full,5,44,train,heuristic,agent_win,10.0,6,40.0,2,Easy,0.10467395472325498,0.11514135019558049,1,152,121,3.0,3.0,1,0,2
Full,5,45,train,heuristic,player_win,-10.0,7,50.0,3,Normal,0.09944025698709223,0.0795522055896738,1,155,124,0.0,0.0,2,0,1
Full,5,46,train,heuristic,player_win,-10.0,7,60.0,3,Normal,0.09446824413773762,0.0755745953101901,1,158,126,0.0,0.0,2,0,1
Full,5,47,train,heuristic,agent_win,10.0,8,52.0,3,Normal,0.08974483193085074,0.07179586554468059,1,162,129,3.0,3.0,1,0,3
Full,5,48,train,heuristic,player_win,-10.0,9,62.0,3,Normal,0.0852575903343082,0.06820607226744656,1,166,132,0.0,0.0,3,0,1
Full,5,49,train,heuristic,agent_win,10.0,10,54.0,3,Normal,0.08099471081759278,0.06479576865407423,1,171,136,3.0,3.0,3,0,2
Full,5,50,train,heuristic,player_win,-10.0,9,64.0,3,Normal,0.07694497527671314,0.061555980221370515,1,175,139,0.0,0.0,1,0,3
Full,5,51,train,heuristic,player_win,-10.0,9,74.0,4,Hard,0.07309772651287748,0.05,1,179,142,0.0,0.0,1,1,2
Full,5,52,train,heuristic,agent_win,10.0,6,66.0,4,Hard,0.0694428401872336,0.05,1,182,143,3.0,3.0,3,0,0
Full,5,53,train,heuristic,agent_win,10.0,6,58.0,3,Normal,0.0659706981778719,0.05277655854229753,1,185,145,3.0,3.0,3,0,0
Full,5,54,train,heuristic,agent_win,10.0,10,50.0,3,Normal,0.0626721632689783,0.050137730615182646,1,190,149,3.0,3.0,2,1,2
Full,5,55,train,heuristic,player_win,-10.0,9,60.0,3,Normal,0.059538555105529384,0.05,1,194,152,0.0,0.0,2,0,2
Full,5,56,train,heuristic,agent_win,10.0,6,52.0,3,Normal,0.05656162735025291,0.05,1,197,154,3.0,3.0,2,0,1
Full,5,57,train,heuristic,agent_win,10.0,10,44.0,2,Easy,0.053733545982740265,0.059106900581014296,1,202,158,3.0,3.0,4,0,1
Full,5,58,train,heuristic,agent_win,10.0,10,36.0,2,Easy,0.05104686868360325,0.056151555551963585,1,207,162,3.0,3.0,3,0,2
Full,5,59,train,heuristic,agent_win,10.0,6,28.0,2,Easy,0.05,0.05500000000000001,1,210,164,3.0,3.0,2,1,0
Full,5,60,train,heuristic,agent_win,10.0,6,20.0,1,Very Easy,0.05,0.0675,1,213,166,3.0,3.0,2,0,1
Full,5,61,train,heuristic,player_win,-10.0,9,30.0,2,Easy,0.05,0.05500000000000001,1,217,169,0.0,0.0,3,1,0
Full,5,62,train,heuristic,player_win,-10.0,9,40.0,2,Easy,0.05,0.05500000000000001,1,221,172,0.0,0.0,3,0,1
Full,5,63,train,heuristic,player_win,-10.0,9,50.0,3,Normal,0.05,0.05,1,225,175,0.0,0.0,1,0,3
Full,5,64,train,heuristic,agent_win,10.0,8,42.0,2,Easy,0.05,0.05500000000000001,1,229,178,3.0,3.0,3,0,1
Full,5,65,train,heuristic,agent_win,10.0,10,34.0,2,Easy,0.05,0.05500000000000001,1,234,182,3.0,3.0,3,0,2
Full,5,66,train,heuristic,player_win,-10.0,5,44.0,2,Easy,0.05,0.05500000000000001,1,236,183,0.0,0.0,1,0,1
Full,5,67,train,heuristic,agent_win,10.0,10,36.0,2,Easy,0.05,0.05500000000000001,1,241,187,3.0,3.0,4,0,1
Full,5,68,train,heuristic,agent_win,10.0,8,28.0,2,Easy,0.05,0.05500000000000001,1,245,190,3.0,3.0,4,0,0
Full,5,69,train,heuristic,player_win,-10.0,7,38.0,2,Easy,0.05,0.05500000000000001,1,248,192,0.0,0.0,2,0,1
Full,5,70,train,heuristic,agent_win,10.0,6,30.0,2,Easy,0.05,0.05500000000000001,1,251,194,3.0,3.0,1,0,2
Full,5,71,train,heuristic,player_win,-10.0,9,40.0,2,Easy,0.05,0.05500000000000001,1,255,198,0.0,0.0,2,0,2
Full,5,72,train,heuristic,player_win,-10.0,7,50.0,3,Normal,0.05,0.05,1,258,200,0.0,0.0,1,1,1
Full,5,73,train,heuristic,agent_win,10.0,8,42.0,2,Easy,0.05,0.05500000000000001,1,262,203,3.0,3.0,3,0,1
Full,5,74,train,heuristic,player_win,-10.0,7,52.0,3,Normal,0.05,0.05,1,265,205,0.0,0.0,2,0,1
Full,5,75,train,heuristic,agent_win,10.0,6,44.0,2,Easy,0.05,0.05500000000000001,1,268,207,3.0,3.0,3,0,0
Full,5,76,train,heuristic,player_win,-10.0,7,54.0,3,Normal,0.05,0.05,1,271,209,0.0,0.0,1,0,2
Full,5,77,train,heuristic,agent_win,10.0,6,46.0,3,Normal,0.05,0.05,1,274,211,3.0,3.0,2,0,1
Full,5,78,train,heuristic,player_win,-10.0,7,56.0,3,Normal,0.05,0.05,1,277,212,0.0,0.0,3,0,0
Full,5,79,train,heuristic,agent_win,10.0,6,48.0,3,Normal,0.05,0.05,1,280,214,3.0,3.0,2,0,1
Full,5,80,train,heuristic,player_win,-10.0,7,58.0,3,Normal,0.05,0.05,1,283,214,0.0,0.0,3,0,0
Full,5,81,train,heuristic,agent_win,10.0,6,50.0,3,Normal,0.05,0.05,1,286,216,3.0,3.0,2,0,1
Full,5,82,train,heuristic,player_win,-10.0,7,60.0,3,Normal,0.05,0.05,1,289,218,0.0,0.0,2,0,1
Full,5,83,train,heuristic,agent_win,10.0,8,52.0,3,Normal,0.05,0.05,1,293,221,3.0,3.0,4,0,0
Full,5,84,train,heuristic,agent_win,10.0,12,44.0,2,Easy,0.05,0.05500000000000001,1,299,226,3.0,3.0,4,0,2
Full,5,85,train,heuristic,player_win,-10.0,7,54.0,3,Normal,0.05,0.05,1,302,228,0.0,0.0,2,0,1
Full,5,86,train,heuristic,agent_win,10.0,12,46.0,3,Normal,0.05,0.05,1,308,232,3.0,3.0,4,0,2
Full,5,87,train,heuristic,player_win,-10.0,9,56.0,3,Normal,0.05,0.05,1,312,235,0.0,0.0,3,0,1
Full,5,88,train,heuristic,agent_win,10.0,8,48.0,3,Normal,0.05,0.05,1,316,238,3.0,3.0,3,1,0
Full,5,89,train,heuristic,player_win,-10.0,7,58.0,3,Normal,0.05,0.05,1,319,240,0.0,0.0,2,0,1
Full,5,90,train,heuristic,player_win,-10.0,9,68.0,4,Hard,0.05,0.05,1,323,243,0.0,0.0,3,0,1
Full,5,91,train,heuristic,agent_win,10.0,14,60.0,3,Normal,0.05,0.05,1,330,249,3.0,3.0,5,0,2
Full,5,92,train,heuristic,agent_win,10.0,8,52.0,3,Normal,0.05,0.05,1,334,252,3.0,3.0,2,0,2
Full,5,93,train,heuristic,agent_win,10.0,6,44.0,2,Easy,0.05,0.05500000000000001,1,337,254,3.0,3.0,3,0,0
Full,5,94,train,heuristic,player_win,-10.0,7,54.0,3,Normal,0.05,0.05,1,340,256,0.0,0.0,2,0,1
Full,5,95,train,heuristic,agent_win,10.0,6,46.0,3,Normal,0.05,0.05,1,343,258,3.0,3.0,2,0,1
Full,5,96,train,heuristic,agent_win,10.0,6,38.0,2,Easy,0.05,0.05500000000000001,1,346,260,3.0,3.0,3,0,0
Full,5,97,train,heuristic,player_win,-10.0,7,48.0,3,Normal,0.05,0.05,1,349,262,0.0,0.0,2,0,1
Full,5,98,train,heuristic,player_win,-10.0,5,58.0,3,Normal,0.05,0.05,1,351,263,0.0,0.0,1,0,1
Full,5,99,train,heuristic,agent_win,10.0,6,50.0,3,Normal,0.05,0.05,1,354,265,3.0,3.0,2,0,1
Full,5,100,train,heuristic,agent_win,10.0,8,42.0,2,Easy,0.05,0.05500000000000001,1,358,268,3.0,3.0,3,0,1
Full,5,101,train,heuristic,agent_win,10.0,6,34.0,2,Easy,0.05,0.05500000000000001,1,361,270,3.0,3.0,3,0,0
Full,5,102,train,heuristic,player_win,-10.0,7,44.0,2,Easy,0.05,0.05500000000000001,1,364,272,0.0,0.0,2,0,1
Full,5,103,train,heuristic,player_win,-10.0,7,54.0,3,Normal,0.05,0.05,1,367,274,0.0,0.0,3,0,0
Full,5,104,train,heuristic,agent_win,10.0,6,46.0,3,Normal,0.05,0.05,1,370,276,3.0,3.0,2,0,1
Full,5,105,train,heuristic,agent_win,10.0,8,38.0,2,Easy,0.05,0.05500000000000001,1,374,279,3.0,3.0,3,0,1
Full,5,106,train,heuristic,agent_win,10.0,6,30.0,2,Easy,0.05,0.05500000000000001,1,377,281,3.0,3.0,1,0,2
Full,5,107,train,heuristic,player_win,-10.0,7,40.0,2,Easy,0.05,0.05500000000000001,1,380,283,0.0,0.0,2,0,1
Full,5,108,train,heuristic,player_win,-10.0,9,50.0,3,Normal,0.05,0.05,1,384,286,0.0,0.0,3,1,0
Full,5,109,train,heuristic,player_win,-10.0,7,60.0,3,Normal,0.05,0.05,1,387,288,0.0,0.0,2,0,1
Full,5,110,train,heuristic,player_win,-10.0,9,70.0,4,Hard,0.05,0.05,1,391,288,0.0,0.0,4,0,0
Full,5,111,train,heuristic,agent_win,10.0,8,62.0,3,Normal,0.05,0.05,1,395,290,3.0,3.0,3,0,1
Full,5,112,train,heuristic,agent_win,10.0,6,54.0,3,Normal,0.05,0.05,1,398,292,3.0,3.0,2,0,1
Full,5,113,train,heuristic,agent_win,10.0,10,46.0,3,Normal,0.05,0.05,1,403,295,3.0,3.0,3,0,2
Full,5,114,train,heuristic,agent_win,10.0,8,38.0,2,Easy,0.05,0.05500000000000001,1,407,298,3.0,3.0,2,0,2
Full,5,115,train,heuristic,agent_win,10.0,8,30.0,2,Easy,0.05,0.05500000000000001,1,411,301,3.0,3.0,1,0,3
Full,5,116,train,heuristic,player_win,-10.0,9,40.0,2,Easy,0.05,0.05500000000000001,1,415,304,0.0,0.0,3,1,0
Full,5,117,train,heuristic,player_win,-10.0,7,50.0,3,Normal,0.05,0.05,1,418,306,0.0,0.0,2,0,1
Full,5,118,train,heuristic,agent_win,10.0,6,42.0,2,Easy,0.05,0.05500000000000001,1,421,307,3.0,3.0,2,0,1
Full,5,119,train,heuristic,player_win,-10.0,9,52.0,3,Normal,0.05,0.05,1,425,310,0.0,0.0,1,1,2
Full,5,120,train,heuristic,player_win,-10.0,11,62.0,3,Normal,0.05,0.05,1,430,314,0.0,0.0,2,0,3
Full,5,121,train,heuristic,player_win,-10.0,5,72.0,4,Hard,0.05,0.05,1,432,315,0.0,0.0,1,0,1
Full,5,122,train,heuristic,agent_win,10.0,8,64.0,3,Normal,0.05,0.05,1,436,317,3.0,3.0,2,0,2
Full,5,123,train,heuristic,agent_win,10.0,6,56.0,3,Normal,0.05,0.05,1,439,319,3.0,3.0,2,0,1
Full,5,124,train,heuristic,player_win,-10.0,9,66.0,4,Hard,0.05,0.05,1,443,322,0.0,0.0,2,0,2
Full,5,125,train,heuristic,agent_win,10.0,6,58.0,3,Normal,0.05,0.05,1,446,324,3.0,3.0,3,0,0
Full,5,126,train,heuristic,player_win,-10.0,9,68.0,4,Hard,0.05,0.05,1,450,327,0.0,0.0,2,0,2
Full,5,127,train,heuristic,player_win,-10.0,7,78.0,4,Hard,0.05,0.05,1,453,329,0.0,0.0,3,0,0
Full,5,128,train,heuristic,agent_win,10.0,6,70.0,4,Hard,0.05,0.05,1,456,331,3.0,3.0,3,0,0
Full,5,129,train,heuristic,player_win,-10.0,9,80.0,5,Expert,0.05,0.05,1,460,334,0.0,0.0,4,0,0
Full,5,130,train,heuristic,player_win,-10.0,7,90.0,5,Expert,0.05,0.05,1,463,336,0.0,0.0,1,0,2
Full,5,131,train,heuristic,player_win,-10.0,7,100.0,5,Expert,0.05,0.05,1,466,338,0.0,0.0,2,0,1
Full,5,132,train,heuristic,agent_win,10.0,8,92.0,5,Expert,0.05,0.05,1,470,341,3.0,3.0,4,0,0
Full,5,133,train,heuristic,player_win,-10.0,7,100.0,5,Expert,0.05,0.05,1,473,343,0.0,0.0,3,0,0
Full,5,134,train,heuristic,agent_win,10.0,8,92.0,5,Expert,0.05,0.05,1,477,346,3.0,3.0,4,0,0
Full,5,135,train,heuristic,agent_win,10.0,6,84.0,5,Expert,0.05,0.05,1,480,348,3.0,3.0,3,0,0
Full,5,136,train,heuristic,player_win,-10.0,7,94.0,5,Expert,0.05,0.05,1,483,348,0.0,0.0,3,0,0
Full,5,137,train,heuristic,player_win,-10.0,7,100.0,5,Expert,0.05,0.05,1,486,349,0.0,0.0,3,0,0
Full,5,138,train,heuristic,agent_win,10.0,10,92.0,5,Expert,0.05,0.05,1,491,353,3.0,3.0,3,0,2
Full,5,139,train,heuristic,player_win,-10.0,7,100.0,5,Expert,0.05,0.05,1,494,355,0.0,0.0,2,0,1
Full,5,140,train,heuristic,agent_win,10.0,6,92.0,5,Expert,0.05,0.05,1,497,357,3.0,3.0,3,0,0
Full,5,141,train,heuristic,agent_win,10.0,8,84.0,5,Expert,0.05,0.05,1,501,360,3.0,3.0,3,0,1
Full,5,142,train,heuristic,agent_win,10.0,8,76.0,4,Hard,0.05,0.05,1,505,363,3.0,3.0,4,0,0
Full,5,143,train,heuristic,agent_win,10.0,6,68.0,4,Hard,0.05,0.05,1,508,365,3.0,3.0,3,0,0
Full,5,144,train,heuristic,agent_win,10.0,6,60.0,3,Normal,0.05,0.05,1,511,367,3.0,3.0,3,0,0
Full,5,145,train,heuristic,player_win,-10.0,7,70.0,4,Hard,0.05,0.05,1,514,369,0.0,0.0,2,0,1
Full,5,146,train,heuristic,agent_win,10.0,12,62.0,3,Normal,0.05,0.05,1,520,373,3.0,3.0,4,0,2
Full,5,147,train,heuristic,player_win,-10.0,5,72.0,4,Hard,0.05,0.05,1,522,374,0.0,0.0,1,0,1
Full,5,148,train,heuristic,player_win,-10.0,5,82.0,5,Expert,0.05,0.05,1,524,375,0.0,0.0,2,0,0
Full,5,149,train,heuristic,agent_win,10.0,6,74.0,4,Hard,0.05,0.05,1,527,377,3.0,3.0,3,0,0
Full,5,150,train,heuristic,player_win,-10.0,9,84.0,5,Expert,0.05,0.05,1,531,380,0.0,0.0,3,0,1
Full,5,151,train,heuristic,agent_win,10.0,6,76.0,4,Hard,0.05,0.05,1,534,382,3.0,3.0,3,0,0
Full,5,152,train,heuristic,player_win,-10.0,5,86.0,5,Expert,0.05,0.05,1,536,383,0.0,0.0,1,0,1
Full,5,153,train,heuristic,player_win,-10.0,7,96.0,5,Expert,0.05,0.05,1,539,383,0.0,0.0,3,0,0
Full,5,154,train,heuristic,agent_win,10.0,6,88.0,5,Expert,0.05,0.05,1,542,384,3.0,3.0,3,0,0
Full,5,155,train,heuristic,agent_win,10.0,6,80.0,5,Expert,0.05,0.05,1,545,386,3.0,3.0,3,0,0
Full,5,156,train,heuristic,agent_win,10.0,8,72.0,4,Hard,0.05,0.05,1,549,389,3.0,3.0,4,0,0
Full,5,157,train,heuristic,agent_win,10.0,6,64.0,3,Normal,0.05,0.05,1,552,390,3.0,3.0,3,0,0
Full,5,158,train,heuristic,player_win,-10.0,7,74.0,4,Hard,0.05,0.05,1,555,392,0.0,0.0,2,1,0
Full,5,159,train,heuristic,player_win,-10.0,9,84.0,5,Expert,0.05,0.05,1,559,394,0.0,0.0,3,0,1
Full,5,160,train,heuristic,agent_win,10.0,6,76.0,4,Hard,0.05,0.05,1,562,395,3.0,3.0,3,0,0
Full,5,161,train,heuristic,agent_win,10.0,6,68.0,4,Hard,0.05,0.05,1,565,396,3.0,3.0,3,0,0
Full,5,162,train,heuristic,player_win,-10.0,9,78.0,4,Hard,0.05,0.05,1,569,399,0.0,0.0,3,0,1
Full,5,163,train,heuristic,player_win,-10.0,5,88.0,5,Expert,0.05,0.05,1,571,400,0.0,0.0,2,0,0
Full,5,164,train,heuristic,agent_win,10.0,8,80.0,5,Expert,0.05,0.05,1,575,402,3.0,3.0,4,0,0
Full,5,165,train,heuristic,agent_win,10.0,6,72.0,4,Hard,0.05,0.05,1,578,404,3.0,3.0,3,0,0
Full,5,166,train,heuristic,agent_win,10.0,6,64.0,3,Normal,0.05,0.05,1,581,406,3.0,3.0,3,0,0
Full,5,167,train,heuristic,agent_win,10.0,8,56.0,3,Normal,0.05,0.05,1,585,409,3.0,3.0,2,0,2
Full,5,168,train,heuristic,player_win,-10.0,11,66.0,4,Hard,0.05,0.05,1,590,413,0.0,0.0,3,0,2
Full,5,169,train,heuristic,agent_win,10.0,8,58.0,3,Normal,0.05,0.05,1,594,416,3.0,3.0,3,0,1
Full,5,170,train,heuristic,agent_win,10.0,6,50.0,3,Normal,0.05,0.05,1,597,418,3.0,3.0,2,0,1
Full,5,171,train,heuristic,agent_win,10.0,6,42.0,2,Easy,0.05,0.05500000000000001,1,600,420,3.0,3.0,3,0,0
Full,5,172,train,heuristic,player_win,-10.0,7,52.0,3,Normal,0.05,0.05,1,603,422,0.0,0.0,2,0,1
Full,5,173,train,heuristic,player_win,-10.0,5,62.0,3,Normal,0.05,0.05,1,605,423,0.0,0.0,1,0,1
Full,5,174,train,heuristic,player_win,-10.0,13,72.0,4,Hard,0.05,0.05,1,611,428,0.0,0.0,3,0,3
Full,5,175,train,heuristic,agent_win,10.0,6,64.0,3,Normal,0.05,0.05,1,614,430,3.0,3.0,3,0,0
Full,5,176,train,heuristic,agent_win,10.0,6,56.0,3,Normal,0.05,0.05,1,617,432,3.0,3.0,3,0,0
Full,5,177,train,heuristic,player_win,-10.0,7,66.0,4,Hard,0.05,0.05,1,620,434,0.0,0.0,2,0,1
Full,5,178,train,heuristic,agent_win,10.0,6,58.0,3,Normal,0.05,0.05,1,623,436,3.0,3.0,3,0,0
Full,5,179,train,heuristic,agent_win,10.0,6,50.0,3,Normal,0.05,0.05,1,626,438,3.0,3.0,3,0,0
Full,5,180,train,heuristic,player_win,-10.0,13,60.0,3,Normal,0.05,0.05,1,632,443,0.0,0.0,5,0,1
Full,5,181,train,heuristic,player_win,-10.0,11,70.0,4,Hard,0.05,0.05,1,637,446,0.0,0.0,3,0,2
Full,5,182,train,heuristic,player_win,-10.0,7,80.0,5,Expert,0.05,0.05,1,640,448,0.0,0.0,3,0,0
Full,5,183,train,heuristic,agent_win,10.0,6,72.0,4,Hard,0.05,0.05,1,643,450,3.0,3.0,3,0,0
Full,5,184,train,heuristic,agent_win,10.0,6,64.0,3,Normal,0.05,0.05,1,646,452,3.0,3.0,2,0,1
Full,5,185,train,heuristic,agent_win,10.0,6,56.0,3,Normal,0.05,0.05,1,649,452,2.0999999999999996,2.0999999999999996,2,0,1
Full,5,186,train,heuristic,agent_win,10.0,8,48.0,3,Normal,0.05,0.05,1,653,455,3.0,3.0,2,0,2
Full,5,187,train,heuristic,agent_win,10.0,6,40.0,2,Easy,0.05,0.05500000000000001,1,656,457,3.0,3.0,2,0,1
Full,5,188,train,heuristic,player_win,-10.0,7,50.0,3,Normal,0.05,0.05,1,659,459,0.0,0.0,2,0,1
Full,5,189,train,heuristic,agent_win,10.0,8,42.0,2,Easy,0.05,0.05500000000000001,1,663,462,3.0,3.0,2,0,2
Full,5,190,train,heuristic,agent_win,10.0,8,34.0,2,Easy,0.05,0.05500000000000001,1,667,465,3.0,3.0,3,0,1
Full,5,191,train,heuristic,agent_win,10.0,10,26.0,2,Easy,0.05,0.05500000000000001,1,672,469,3.0,3.0,4,0,1
Full,5,192,train,heuristic,player_win,-10.0,5,36.0,2,Easy,0.05,0.05500000000000001,1,674,470,0.0,0.0,2,0,0
Full,5,193,train,heuristic,agent_win,10.0,10,28.0,2,Easy,0.05,0.05500000000000001,1,679,474,3.0,3.0,2,1,2
Full,5,194,train,heuristic,agent_win,10.0,6,20.0,1,Very Easy,0.05,0.0675,1,682,475,3.0,3.0,3,0,0
Full,5,195,train,heuristic,player_win,-10.0,5,30.0,2,Easy,0.05,0.05500000000000001,1,684,476,0.0,0.0,1,0,1
Full,5,196,train,heuristic,player_win,-10.0,7,40.0,2,Easy,0.05,0.05500000000000001,1,687,478,0.0,0.0,2,0,1
Full,5,197,train,heuristic,agent_win,10.0,6,32.0,2,Easy,0.05,0.05500000000000001,1,690,478,2.0999999999999996,2.0999999999999996,3,0,0
Full,5,198,train,heuristic,player_win,-10.0,7,42.0,2,Easy,0.05,0.05500000000000001,1,693,480,0.0,0.0,2,0,1
Full,5,199,train,heuristic,agent_win,10.0,8,34.0,2,Easy,0.05,0.05500000000000001,1,697,482,3.0,3.0,2,0,2
Full,5,200,train,heuristic,agent_win,10.0,8,26.0,2,Easy,0.05,0.05500000000000001,1,701,485,3.0,3.0,2,0,2
Full,5,201,train,heuristic,player_win,-10.0,7,36.0,2,Easy,0.05,0.05500000000000001,1,704,487,0.0,0.0,1,0,2
Full,5,202,train,heuristic,player_win,-10.0,9,46.0,3,Normal,0.05,0.05,1,708,489,0.0,0.0,1,0,3
Full,5,203,train,heuristic,player_win,-10.0,9,56.0,3,Normal,0.05,0.05,1,712,492,0.0,0.0,2,0,2
Full,5,204,train,heuristic,agent_win,10.0,8,48.0,3,Normal,0.05,0.05,1,716,495,3.0,3.0,3,0,1
Full,5,205,train,heuristic,agent_win,10.0,6,40.0,2,Easy,0.05,0.05500000000000001,1,719,497,3.0,3.0,3,0,0
Full,5,206,train,heuristic,agent_win,10.0,8,32.0,2,Easy,0.05,0.05500000000000001,1,723,499,3.0,3.0,3,0,1
Full,5,207,train,heuristic,player_win,-10.0,9,42.0,2,Easy,0.05,0.05500000000000001,1,727,502,0.0,0.0,3,0,1
Full,5,208,train,heuristic,agent_win,10.0,10,34.0,2,Easy,0.05,0.05500000000000001,1,732,506,3.0,3.0,3,0,2
Full,5,209,train,heuristic,player_win,-10.0,9,44.0,2,Easy,0.05,0.05500000000000001,1,736,508,0.0,0.0,2,0,2
Full,5,210,train,heuristic,agent_win,10.0,12,36.0,2,Easy,0.05,0.05500000000000001,1,742,513,3.0,3.0,4,1,1
Full,5,211,train,heuristic,player_win,-10.0,9,46.0,3,Normal,0.05,0.05,1,746,516,0.0,0.0,2,0,2
Full,5,212,train,heuristic,player_win,-10.0,9,56.0,3,Normal,0.05,0.05,1,750,519,0.0,0.0,3,0,1
Full,5,213,train,heuristic,player_win,-10.0,9,66.0,4,Hard,0.05,0.05,1,754,522,0.0,0.0,2,0,2
Full,5,214,train,heuristic,player_win,-10.0,9,76.0,4,Hard,0.05,0.05,1,758,524,0.0,0.0,3,0,1
Full,5,215,train,heuristic,agent_win,10.0,8,68.0,4,Hard,0.05,0.05,1,762,526,3.0,3.0,2,0,2
Full,5,216,train,heuristic,agent_win,10.0,6,60.0,3,Normal,0.05,0.05,1,765,528,3.0,3.0,3,0,0
Full,5,217,train,heuristic,agent_win,10.0,8,52.0,3,Normal,0.05,0.05,1,769,530,3.0,3.0,3,0,1
Full,5,218,train,heuristic,agent_win,10.0,8,44.0,2,Easy,0.05,0.05500000000000001,1,773,533,3.0,3.0,3,0,1
Full,5,219,train,heuristic,player_win,-10.0,7,54.0,3,Normal,0.05,0.05,1,776,535,0.0,0.0,1,0,2
Full,5,220,train,heuristic,draw,3.0,16,57.0,3,Normal,0.05,0.05,1,784,541,0.8999999999999999,0.8999999999999999,5,0,3
Full,5,221,train,heuristic,player_win,-10.0,7,67.0,4,Hard,0.05,0.05,1,787,543,0.0,0.0,1,0,2
Full,5,222,train,heuristic,agent_win,10.0,8,59.0,3,Normal,0.05,0.05,1,791,545,3.0,3.0,3,0,1
Full,5,223,train,heuristic,player_win,-10.0,7,69.0,4,Hard,0.05,0.05,1,794,545,0.0,0.0,2,0,1
Full,5,224,train,heuristic,agent_win,10.0,6,61.0,3,Normal,0.05,0.05,1,797,547,3.0,3.0,3,0,0
Full,5,225,train,heuristic,player_win,-10.0,7,71.0,4,Hard,0.05,0.05,1,800,549,0.0,0.0,1,0,2
Full,5,226,train,heuristic,agent_win,10.0,6,63.0,3,Normal,0.05,0.05,1,803,550,2.0999999999999996,2.0999999999999996,3,0,0
Full,5,227,train,heuristic,player_win,-10.0,7,73.0,4,Hard,0.05,0.05,1,806,552,0.0,0.0,2,0,1
Full,5,228,train,heuristic,agent_win,10.0,6,65.0,4,Hard,0.05,0.05,1,809,552,2.0999999999999996,2.0999999999999996,3,0,0
Full,5,229,train,heuristic,player_win,-10.0,5,75.0,4,Hard,0.05,0.05,1,811,553,0.0,0.0,1,1,0
Full,5,230,train,heuristic,agent_win,10.0,8,67.0,4,Hard,0.05,0.05,1,815,556,3.0,3.0,4,0,0
Full,5,231,train,heuristic,agent_win,10.0,6,59.0,3,Normal,0.05,0.05,1,818,557,3.0,3.0,3,0,0
Full,5,232,train,heuristic,agent_win,10.0,6,51.0,3,Normal,0.05,0.05,1,821,559,3.0,3.0,2,0,1
Full,5,233,train,heuristic,agent_win,10.0,8,43.0,2,Easy,0.05,0.05500000000000001,1,825,562,3.0,3.0,2,0,2
Full,5,234,train,heuristic,agent_win,10.0,8,35.0,2,Easy,0.05,0.05500000000000001,1,829,564,3.0,3.0,2,0,2
Full,5,235,train,heuristic,agent_win,10.0,6,27.0,2,Easy,0.05,0.05500000000000001,1,832,566,3.0,3.0,1,0,2
Full,5,236,train,heuristic,agent_win,10.0,8,19.0,1,Very Easy,0.05,0.0675,1,836,569,3.0,3.0,3,0,1
Full,5,237,train,heuristic,player_win,-10.0,9,29.0,2,Easy,0.05,0.05500000000000001,1,840,572,0.0,0.0,3,0,1
Full,5,238,train,heuristic,agent_win,10.0,8,21.0,1,Very Easy,0.05,0.0675,1,844,575,3.0,3.0,1,0,3
Full,5,239,train,heuristic,player_win,-10.0,7,31.0,2,Easy,0.05,0.05500000000000001,1,847,577,0.0,0.0,1,0,2
Full,5,240,train,heuristic,player_win,-10.0,5,41.0,2,Easy,0.05,0.05500000000000001,1,849,578,0.0,0.0,1,0,1
Full,5,241,train,heuristic,agent_win,10.0,10,33.0,2,Easy,0.05,0.05500000000000001,1,854,581,3.0,3.0,3,0,2
Full,5,242,train,heuristic,agent_win,10.0,10,25.0,2,Easy,0.05,0.05500000000000001,1,859,582,3.0,3.0,4,1,0
Full,5,243,train,heuristic,agent_win,10.0,8,17.0,1,Very Easy,0.05,0.0675,1,863,585,3.0,3.0,3,0,1
Full,5,244,train,heuristic,player_win,-10.0,7,27.0,2,Easy,0.05,0.05500000000000001,1,866,587,0.0,0.0,1,0,2
Full,5,245,train,heuristic,player_win,-10.0,9,37.0,2,Easy,0.05,0.05500000000000001,1,870,590,0.0,0.0,2,0,2
Full,5,246,train,heuristic,player_win,-10.0,7,47.0,3,Normal,0.05,0.05,1,873,592,0.0,0.0,2,0,1
Full,5,247,train,heuristic,player_win,-10.0,7,57.0,3,Normal,0.05,0.05,1,876,594,0.0,0.0,2,0,1
Full,5,248,train,heuristic,player_win,-10.0,9,67.0,4,Hard,0.05,0.05,1,880,597,0.0,0.0,2,0,2
Full,5,249,train,heuristic,player_win,-10.0,5,77.0,4,Hard,0.05,0.05,1,882,598,0.0,0.0,2,0,0
Full,5,250,train,heuristic,player_win,-10.0,7,87.0,5,Expert,0.05,0.05,1,885,600,0.0,0.0,3,0,0
Full,5,251,train,heuristic,player_win,-10.0,7,97.0,5,Expert,0.05,0.05,1,888,600,0.0,0.0,3,0,0
Full,5,252,train,heuristic,agent_win,10.0,6,89.0,5,Expert,0.05,0.05,1,891,601,3.0,3.0,3,0,0
Full,5,253,train,heuristic,agent_win,10.0,8,81.0,5,Expert,0.05,0.05,1,895,604,3.0,3.0,4,0,0
Full,5,254,train,heuristic,agent_win,10.0,6,73.0,4,Hard,0.05,0.05,1,898,606,3.0,3.0,3,0,0
Full,5,255,train,heuristic,player_win,-10.0,9,83.0,5,Expert,0.05,0.05,1,902,606,0.0,0.0,4,0,0
Full,5,256,train,heuristic,agent_win,10.0,8,75.0,4,Hard,0.05,0.05,1,906,608,3.0,3.0,3,0,1
Full,5,257,train,heuristic,agent_win,10.0,8,67.0,4,Hard,0.05,0.05,1,910,611,3.0,3.0,3,0,1
Full,5,258,train,heuristic,agent_win,10.0,6,59.0,3,Normal,0.05,0.05,1,913,613,3.0,3.0,3,0,0
Full,5,259,train,heuristic,player_win,-10.0,9,69.0,4,Hard,0.05,0.05,1,917,616,0.0,0.0,2,0,2
Full,5,260,train,heuristic,player_win,-10.0,5,79.0,4,Hard,0.05,0.05,1,919,617,0.0,0.0,1,0,1
Full,5,261,train,heuristic,agent_win,10.0,6,71.0,4,Hard,0.05,0.05,1,922,619,3.0,3.0,3,0,0
Full,5,262,train,heuristic,agent_win,10.0,6,63.0,3,Normal,0.05,0.05,1,925,621,3.0,3.0,3,0,0
Full,5,263,train,heuristic,agent_win,10.0,6,55.0,3,Normal,0.05,0.05,1,928,623,3.0,3.0,3,0,0
Full,5,264,train,heuristic,player_win,-10.0,7,65.0,4,Hard,0.05,0.05,1,931,625,0.0,0.0,2,0,1
Full,5,265,train,heuristic,agent_win,10.0,6,57.0,3,Normal,0.05,0.05,1,934,626,3.0,3.0,3,0,0
Full,5,266,train,heuristic,player_win,-10.0,13,67.0,4,Hard,0.05,0.05,1,940,631,0.0,0.0,4,0,2
Full,5,267,train,heuristic,agent_win,10.0,6,59.0,3,Normal,0.05,0.05,1,943,633,3.0,3.0,3,0,0
Full,5,268,train,heuristic,agent_win,10.0,6,51.0,3,Normal,0.05,0.05,1,946,633,2.0999999999999996,2.0999999999999996,3,0,0
Full,5,269,train,heuristic,player_win,-10.0,9,61.0,3,Normal,0.05,0.05,1,950,636,0.0,0.0,1,0,3
Full,5,270,train,heuristic,player_win,-10.0,7,71.0,4,Hard,0.05,0.05,1,953,638,0.0,0.0,2,0,1
Full,5,271,train,heuristic,player_win,-10.0,5,81.0,5,Expert,0.05,0.05,1,955,639,0.0,0.0,2,0,0
Full,5,272,train,heuristic,agent_win,10.0,6,73.0,4,Hard,0.05,0.05,1,958,640,2.0999999999999996,2.0999999999999996,3,0,0
Full,5,273,train,heuristic,agent_win,10.0,8,65.0,4,Hard,0.05,0.05,1,962,642,3.0,3.0,3,0,1
Full,5,274,train,heuristic,agent_win,10.0,6,57.0,3,Normal,0.05,0.05,1,965,644,3.0,3.0,3,0,0
Full,5,275,train,heuristic,agent_win,10.0,6,49.0,3,Normal,0.05,0.05,1,968,646,3.0,3.0,2,0,1
Full,5,276,train,heuristic,player_win,-10.0,7,59.0,3,Normal,0.05,0.05,1,971,648,0.0,0.0,3,0,0
Full,5,277,train,heuristic,agent_win,10.0,12,51.0,3,Normal,0.05,0.05,1,977,653,3.0,3.0,5,0,1
Full,5,278,train,heuristic,player_win,-10.0,7,61.0,3,Normal,0.05,0.05,1,980,655,0.0,0.0,2,0,1
Full,5,279,train,heuristic,agent_win,10.0,8,53.0,3,Normal,0.05,0.05,1,984,658,3.0,3.0,2,0,2
Full,5,280,train,heuristic,agent_win,10.0,6,45.0,3,Normal,0.05,0.05,1,987,659,3.0,3.0,3,0,0
Full,5,281,train,heuristic,player_win,-10.0,9,55.0,3,Normal,0.05,0.05,1,991,662,0.0,0.0,1,0,3
Full,5,282,train,heuristic,agent_win,10.0,12,47.0,3,Normal,0.05,0.05,1,997,667,3.0,3.0,5,0,1
Full,5,283,train,heuristic,player_win,-10.0,9,57.0,3,Normal,0.05,0.05,1,1001,670,0.0,0.0,3,0,1
Full,5,284,train,heuristic,agent_win,10.0,8,49.0,3,Normal,0.05,0.05,1,1005,673,3.0,3.0,3,0,1
Full,5,285,train,heuristic,agent_win,10.0,6,41.0,2,Easy,0.05,0.05500000000000001,1,1008,675,3.0,3.0,3,0,0
Full,5,286,train,heuristic,agent_win,10.0,8,33.0,2,Easy,0.05,0.05500000000000001,1,1012,677,3.0,3.0,2,0,2
Full,5,287,train,heuristic,agent_win,10.0,6,25.0,2,Easy,0.05,0.05500000000000001,1,1015,679,3.0,3.0,2,0,1
Full,5,288,train,heuristic,draw,3.0,16,28.0,2,Easy,0.05,0.05500000000000001,1,1023,686,0.8999999999999999,0.8999999999999999,5,0,3
Full,5,289,train,heuristic,player_win,-10.0,9,38.0,2,Easy,0.05,0.05500000000000001,1,1027,689,0.0,0.0,3,0,1
Full,5,290,train,heuristic,player_win,-10.0,5,48.0,3,Normal,0.05,0.05,1,1029,690,0.0,0.0,1,0,1
Full,5,291,train,heuristic,agent_win,10.0,6,40.0,2,Easy,0.05,0.05500000000000001,1,1032,691,3.0,3.0,3,0,0
Full,5,292,train,heuristic,player_win,-10.0,9,50.0,3,Normal,0.05,0.05,1,1036,694,0.0,0.0,3,0,1
Full,5,293,train,heuristic,player_win,-10.0,7,60.0,3,Normal,0.05,0.05,1,1039,696,0.0,0.0,1,0,2
Full,5,294,train,heuristic,player_win,-10.0,7,70.0,4,Hard,0.05,0.05,1,1042,698,0.0,0.0,2,0,1
Full,5,295,train,heuristic,agent_win,10.0,8,62.0,3,Normal,0.05,0.05,1,1046,701,3.0,3.0,3,0,1
Full,5,296,train,heuristic,agent_win,10.0,8,54.0,3,Normal,0.05,0.05,1,1050,704,3.0,3.0,3,0,1
Full,5,297,train,heuristic,player_win,-10.0,7,64.0,3,Normal,0.05,0.05,1,1053,706,0.0,0.0,2,0,1
Full,5,298,train,heuristic,agent_win,10.0,12,56.0,3,Normal,0.05,0.05,1,1059,711,3.0,3.0,6,0,0
Full,5,299,train,heuristic,agent_win,10.0,8,48.0,3,Normal,0.05,0.05,1,1063,714,3.0,3.0,3,0,1
Full,5,300,train,heuristic,player_win,-10.0,7,58.0,3,Normal,0.05,0.05,1,1066,716,0.0,0.0,2,0,1
Full,5,301,train,heuristic,agent_win,10.0,6,50.0,3,Normal,0.05,0.05,1,1069,718,3.0,3.0,2,0,1
Full,5,302,train,heuristic,agent_win,10.0,8,42.0,2,Easy,0.05,0.05500000000000001,1,1073,721,3.0,3.0,3,0,1
Full,5,303,train,heuristic,agent_win,10.0,8,34.0,2,Easy,0.05,0.05500000000000001,1,1077,724,3.0,3.0,4,0,0
Full,5,304,train,heuristic,agent_win,10.0,10,26.0,2,Easy,0.05,0.05500000000000001,1,1082,728,3.0,3.0,3,0,2
Full,5,305,train,heuristic,player_win,-10.0,11,36.0,2,Easy,0.05,0.05500000000000001,1,1087,729,0.0,0.0,4,0,1
Full,5,306,train,heuristic,player_win,-10.0,9,46.0,3,Normal,0.05,0.05,1,1091,732,0.0,0.0,3,0,1
Full,5,307,train,heuristic,player_win,-10.0,7,56.0,3,Normal,0.05,0.05,1,1094,734,0.0,0.0,2,0,1
Full,5,308,train,heuristic,player_win,-10.0,9,66.0,4,Hard,0.05,0.05,1,1098,737,0.0,0.0,2,0,2
Full,5,309,train,heuristic,agent_win,10.0,6,58.0,3,Normal,0.05,0.05,1,1101,737,2.0999999999999996,2.0999999999999996,3,0,0
Full,5,310,train,heuristic,agent_win,10.0,6,50.0,3,Normal,0.05,0.05,1,1104,739,3.0,3.0,2,0,1
Full,5,311,train,heuristic,player_win,-10.0,7,60.0,3,Normal,0.05,0.05,1,1107,741,0.0,0.0,1,0,2
Full,5,312,train,heuristic,player_win,-10.0,9,70.0,4,Hard,0.05,0.05,1,1111,743,0.0,0.0,2,0,2
Full,5,313,train,heuristic,agent_win,10.0,6,62.0,3,Normal,0.05,0.05,1,1114,745,3.0,3.0,3,0,0
Full,5,314,train,heuristic,agent_win,10.0,6,54.0,3,Normal,0.05,0.05,1,1117,745,2.0999999999999996,2.0999999999999996,3,0,0
Full,5,315,train,heuristic,agent_win,10.0,10,46.0,3,Normal,0.05,0.05,1,1122,749,3.0,3.0,3,0,2
Full,5,316,train,heuristic,agent_win,10.0,6,38.0,2,Easy,0.05,0.05500000000000001,1,1125,751,3.0,3.0,2,0,1
Full,5,317,train,heuristic,player_win,-10.0,9,48.0,3,Normal,0.05,0.05,1,1129,754,0.0,0.0,2,0,2
Full,5,318,train,heuristic,player_win,-10.0,11,58.0,3,Normal,0.05,0.05,1,1134,757,0.0,0.0,2,0,3
Full,5,319,train,heuristic,player_win,-10.0,11,68.0,4,Hard,0.05,0.05,1,1139,761,0.0,0.0,4,0,1
Full,5,320,train,heuristic,player_win,-10.0,7,78.0,4,Hard,0.05,0.05,1,1142,763,0.0,0.0,2,0,1
Full,5,321,train,heuristic,player_win,-10.0,7,88.0,5,Expert,0.05,0.05,1,1145,764,0.0,0.0,2,0,1
Full,5,322,train,heuristic,agent_win,10.0,6,80.0,5,Expert,0.05,0.05,1,1148,765,3.0,3.0,3,0,0
Full,5,323,train,heuristic,agent_win,10.0,6,72.0,4,Hard,0.05,0.05,1,1151,765,2.0999999999999996,2.0999999999999996,3,0,0
Full,5,324,train,heuristic,agent_win,10.0,6,64.0,3,Normal,0.05,0.05,1,1154,767,3.0,3.0,3,0,0
Full,5,325,train,heuristic,agent_win,10.0,6,56.0,3,Normal,0.05,0.05,1,1157,769,3.0,3.0,2,0,1
Full,5,326,train,heuristic,agent_win,10.0,10,48.0,3,Normal,0.05,0.05,1,1162,773,3.0,3.0,3,0,2
Full,5,327,train,heuristic,agent_win,10.0,8,40.0,2,Easy,0.05,0.05500000000000001,1,1166,776,3.0,3.0,3,0,1
Full,5,328,train,heuristic,draw,3.0,16,43.0,2,Easy,0.05,0.05500000000000001,1,1174,783,0.8999999999999999,0.8999999999999999,6,0,2
Full,5,329,train,heuristic,player_win,-10.0,7,53.0,3,Normal,0.05,0.05,1,1177,785,0.0,0.0,2,0,1
Full,5,330,train,heuristic,player_win,-10.0,5,63.0,3,Normal,0.05,0.05,1,1179,786,0.0,0.0,1,0,1
Full,5,331,train,heuristic,agent_win,10.0,10,55.0,3,Normal,0.05,0.05,1,1184,790,3.0,3.0,3,0,2
Full,5,332,train,heuristic,agent_win,10.0,10,47.0,3,Normal,0.05,0.05,1,1189,794,3.0,3.0,3,0,2
Full,5,333,train,heuristic,agent_win,10.0,6,39.0,2,Easy,0.05,0.05500000000000001,1,1192,796,3.0,3.0,3,0,0
Full,5,334,train,heuristic,player_win,-10.0,5,49.0,3,Normal,0.05,0.05,1,1194,797,0.0,0.0,1,0,1
Full,5,335,train,heuristic,agent_win,10.0,6,41.0,2,Easy,0.05,0.05500000000000001,1,1197,798,3.0,3.0,3,0,0
Full,5,336,train,heuristic,agent_win,10.0,8,33.0,2,Easy,0.05,0.05500000000000001,1,1201,801,3.0,3.0,3,0,1
Full,5,337,train,heuristic,agent_win,10.0,6,25.0,2,Easy,0.05,0.05500000000000001,1,1204,803,3.0,3.0,3,0,0
Full,5,338,train,heuristic,player_win,-10.0,7,35.0,2,Easy,0.05,0.05500000000000001,1,1207,805,0.0,0.0,2,0,1
Full,5,339,train,heuristic,agent_win,10.0,10,27.0,2,Easy,0.05,0.05500000000000001,1,1212,809,3.0,3.0,3,0,2
Full,5,340,train,heuristic,player_win,-10.0,11,37.0,2,Easy,0.05,0.05500000000000001,1,1217,812,0.0,0.0,1,0,4
Full,5,341,train,heuristic,agent_win,10.0,8,29.0,2,Easy,0.05,0.05500000000000001,1,1221,814,3.0,3.0,3,0,1
Full,5,342,train,heuristic,player_win,-10.0,9,39.0,2,Easy,0.05,0.05500000000000001,1,1225,817,0.0,0.0,2,0,2
Full,5,343,train,heuristic,agent_win,10.0,10,31.0,2,Easy,0.05,0.05500000000000001,1,1230,821,3.0,3.0,2,1,2
Full,5,344,train,heuristic,agent_win,10.0,8,23.0,1,Very Easy,0.05,0.0675,1,1234,824,3.0,3.0,3,0,1
Full,5,345,train,heuristic,player_win,-10.0,7,33.0,2,Easy,0.05,0.05500000000000001,1,1237,826,0.0,0.0,2,0,1
Full,5,346,train,heuristic,agent_win,10.0,8,25.0,2,Easy,0.05,0.05500000000000001,1,1241,829,3.0,3.0,3,0,1
Full,5,347,train,heuristic,agent_win,10.0,8,17.0,1,Very Easy,0.05,0.0675,1,1245,832,3.0,3.0,3,0,1
Full,5,348,train,heuristic,agent_win,10.0,8,9.0,1,Very Easy,0.05,0.0675,1,1249,835,3.0,3.0,2,0,2
Full,5,349,train,heuristic,player_win,-10.0,7,19.0,1,Very Easy,0.05,0.0675,1,1252,837,0.0,0.0,1,0,2
Full,5,350,train,heuristic,agent_win,10.0,8,11.0,1,Very Easy,0.05,0.0675,1,1256,840,3.0,3.0,2,0,2
Full,5,351,train,heuristic,player_win,-10.0,7,21.0,1,Very Easy,0.05,0.0675,1,1259,842,0.0,0.0,2,0,1
Full,5,352,train,heuristic,agent_win,10.0,8,13.0,1,Very Easy,0.05,0.0675,1,1263,844,3.0,3.0,3,0,1
Full,5,353,train,heuristic,player_win,-10.0,7,23.0,1,Very Easy,0.05,0.0675,1,1266,846,0.0,0.0,2,0,1
Full,5,354,train,heuristic,agent_win,10.0,10,15.0,1,Very Easy,0.05,0.0675,1,1271,850,3.0,3.0,3,0,2
Full,5,355,train,heuristic,player_win,-10.0,7,25.0,2,Easy,0.05,0.05500000000000001,1,1274,851,0.0,0.0,1,0,2
Full,5,356,train,heuristic,player_win,-10.0,5,35.0,2,Easy,0.05,0.05500000000000001,1,1276,852,0.0,0.0,1,0,1
Full,5,357,train,heuristic,agent_win,10.0,8,27.0,2,Easy,0.05,0.05500000000000001,1,1280,855,3.0,3.0,2,0,2
Full,5,358,train,heuristic,agent_win,10.0,8,19.0,1,Very Easy,0.05,0.0675,1,1284,858,3.0,3.0,2,0,2
Full,5,359,train,heuristic,player_win,-10.0,5,29.0,2,Easy,0.05,0.05500000000000001,1,1286,858,0.0,0.0,1,0,1
Full,5,360,train,heuristic,player_win,-10.0,9,39.0,2,Easy,0.05,0.05500000000000001,1,1290,861,0.0,0.0,2,0,2
Full,5,361,train,heuristic,player_win,-10.0,7,49.0,3,Normal,0.05,0.05,1,1293,862,0.0,0.0,1,0,2
Full,5,362,train,heuristic,agent_win,10.0,8,41.0,2,Easy,0.05,0.05500000000000001,1,1297,865,3.0,3.0,3,0,1
Full,5,363,train,heuristic,agent_win,10.0,8,33.0,2,Easy,0.05,0.05500000000000001,1,1301,868,3.0,3.0,3,0,1
Full,5,364,train,heuristic,agent_win,10.0,10,25.0,2,Easy,0.05,0.05500000000000001,1,1306,872,3.0,3.0,2,0,3
Full,5,365,train,heuristic,agent_win,10.0,10,17.0,1,Very Easy,0.05,0.0675,1,1311,876,3.0,3.0,2,1,2
Full,5,366,train,heuristic,player_win,-10.0,5,27.0,2,Easy,0.05,0.05500000000000001,1,1313,876,0.0,0.0,1,0,1
Full,5,367,train,heuristic,agent_win,10.0,8,19.0,1,Very Easy,0.05,0.0675,1,1317,878,3.0,3.0,3,0,1
Full,5,368,train,heuristic,player_win,-10.0,9,29.0,2,Easy,0.05,0.05500000000000001,1,1321,881,0.0,0.0,1,0,3
Full,5,369,train,heuristic,player_win,-10.0,7,39.0,2,Easy,0.05,0.05500000000000001,1,1324,883,0.0,0.0,2,0,1
Full,5,370,train,heuristic,player_win,-10.0,7,49.0,3,Normal,0.05,0.05,1,1327,885,0.0,0.0,1,0,2
Full,5,371,train,heuristic,player_win,-10.0,7,59.0,3,Normal,0.05,0.05,1,1330,885,0.0,0.0,3,0,0
Full,5,372,train,heuristic,player_win,-10.0,7,69.0,4,Hard,0.05,0.05,1,1333,886,0.0,0.0,2,0,1
Full,5,373,train,heuristic,agent_win,10.0,6,61.0,3,Normal,0.05,0.05,1,1336,888,3.0,3.0,2,0,1
Full,5,374,train,heuristic,player_win,-10.0,9,71.0,4,Hard,0.05,0.05,1,1340,890,0.0,0.0,3,1,0
Full,5,375,train,heuristic,agent_win,10.0,6,63.0,3,Normal,0.05,0.05,1,1343,890,2.0999999999999996,2.0999999999999996,3,0,0
Full,5,376,train,heuristic,player_win,-10.0,7,73.0,4,Hard,0.05,0.05,1,1346,891,0.0,0.0,3,0,0
Full,5,377,train,heuristic,agent_win,10.0,6,65.0,4,Hard,0.05,0.05,1,1349,893,3.0,3.0,2,0,1
Full,5,378,train,heuristic,agent_win,10.0,6,57.0,3,Normal,0.05,0.05,1,1352,894,3.0,3.0,3,0,0
Full,5,379,train,heuristic,player_win,-10.0,7,67.0,4,Hard,0.05,0.05,1,1355,894,0.0,0.0,3,0,0
Full,5,380,train,heuristic,player_win,-10.0,7,77.0,4,Hard,0.05,0.05,1,1358,896,0.0,0.0,2,0,1
Full,5,381,train,heuristic,agent_win,10.0,6,69.0,4,Hard,0.05,0.05,1,1361,896,2.0999999999999996,2.0999999999999996,3,0,0
Full,5,382,train,heuristic,player_win,-10.0,7,79.0,4,Hard,0.05,0.05,1,1364,898,0.0,0.0,2,0,1
Full,5,383,train,heuristic,agent_win,10.0,6,71.0,4,Hard,0.05,0.05,1,1367,900,3.0,3.0,3,0,0
Full,5,384,train,heuristic,agent_win,10.0,6,63.0,3,Normal,0.05,0.05,1,1370,902,3.0,3.0,2,0,1
Full,5,385,train,heuristic,agent_win,10.0,6,55.0,3,Normal,0.05,0.05,1,1373,904,3.0,3.0,2,0,1
Full,5,386,train,heuristic,player_win,-10.0,7,65.0,4,Hard,0.05,0.05,1,1376,906,0.0,0.0,2,0,1
Full,5,387,train,heuristic,agent_win,10.0,8,57.0,3,Normal,0.05,0.05,1,1380,909,3.0,3.0,3,0,1
Full,5,388,train,heuristic,agent_win,10.0,6,49.0,3,Normal,0.05,0.05,1,1383,911,3.0,3.0,3,0,0
Full,5,389,train,heuristic,agent_win,10.0,6,41.0,2,Easy,0.05,0.05500000000000001,1,1386,913,3.0,3.0,3,0,0
Full,5,390,train,heuristic,agent_win,10.0,8,33.0,2,Easy,0.05,0.05500000000000001,1,1390,916,3.0,3.0,3,0,1
Full,5,391,train,heuristic,player_win,-10.0,15,43.0,2,Easy,0.05,0.05500000000000001,1,1397,922,0.0,0.0,3,0,4
Full,5,392,train,heuristic,player_win,-10.0,5,53.0,3,Normal,0.05,0.05,1,1399,922,0.0,0.0,1,0,1
Full,5,393,train,heuristic,player_win,-10.0,7,63.0,3,Normal,0.05,0.05,1,1402,924,0.0,0.0,1,0,2
Full,5,394,train,heuristic,agent_win,10.0,6,55.0,3,Normal,0.05,0.05,1,1405,926,3.0,3.0,3,0,0
Full,5,395,train,heuristic,agent_win,10.0,8,47.0,3,Normal,0.05,0.05,1,1409,928,3.0,3.0,3,0,1
Full,5,396,train,heuristic,player_win,-10.0,7,57.0,3,Normal,0.05,0.05,1,1412,928,0.0,0.0,2,0,1
Full,5,397,train,heuristic,player_win,-10.0,5,67.0,4,Hard,0.05,0.05,1,1414,929,0.0,0.0,2,0,0
Full,5,398,train,heuristic,agent_win,10.0,6,59.0,3,Normal,0.05,0.05,1,1417,930,2.0999999999999996,2.0999999999999996,2,0,1
Full,5,399,train,heuristic,player_win,-10.0,9,69.0,4,Hard,0.05,0.05,1,1421,933,0.0,0.0,1,0,3
Full,5,400,train,heuristic,agent_win,10.0,8,61.0,3,Normal,0.05,0.05,1,1425,933,2.0999999999999996,2.0999999999999996,3,0,1
Full,5,401,train,heuristic,agent_win,10.0,6,53.0,3,Normal,0.05,0.05,1,1428,934,3.0,3.0,3,0,0
Full,5,402,train,heuristic,agent_win,10.0,6,45.0,3,Normal,0.05,0.05,1,1431,936,3.0,3.0,3,0,0
Full,5,403,train,heuristic,player_win,-10.0,7,55.0,3,Normal,0.05,0.05,1,1434,937,0.0,0.0,1,1,1
Full,5,404,train,heuristic,agent_win,10.0,8,47.0,3,Normal,0.05,0.05,1,1438,940,3.0,3.0,3,0,1
Full,5,405,train,heuristic,agent_win,10.0,6,39.0,2,Easy,0.05,0.05500000000000001,1,1441,942,3.0,3.0,3,0,0
Full,5,406,train,heuristic,player_win,-10.0,11,49.0,3,Normal,0.05,0.05,1,1446,946,0.0,0.0,1,0,4
Full,5,407,train,heuristic,agent_win,10.0,8,41.0,2,Easy,0.05,0.05500000000000001,1,1450,949,3.0,3.0,3,0,1
Full,5,408,train,heuristic,agent_win,10.0,6,33.0,2,Easy,0.05,0.05500000000000001,1,1453,951,3.0,3.0,2,0,1
Full,5,409,train,heuristic,agent_win,10.0,8,25.0,2,Easy,0.05,0.05500000000000001,1,1457,952,3.0,3.0,3,0,1
Full,5,410,train,heuristic,player_win,-10.0,7,35.0,2,Easy,0.05,0.05500000000000001,1,1460,954,0.0,0.0,1,0,2
Full,5,411,train,heuristic,player_win,-10.0,7,45.0,3,Normal,0.05,0.05,1,1463,956,0.0,0.0,2,0,1
Full,5,412,train,heuristic,player_win,-10.0,9,55.0,3,Normal,0.05,0.05,1,1467,959,0.0,0.0,2,0,2
Full,5,413,train,heuristic,agent_win,10.0,8,47.0,3,Normal,0.05,0.05,1,1471,962,3.0,3.0,2,1,1
Full,5,414,train,heuristic,player_win,-10.0,13,57.0,3,Normal,0.05,0.05,1,1477,965,0.0,0.0,4,0,2
Full,5,415,train,heuristic,player_win,-10.0,9,67.0,4,Hard,0.05,0.05,1,1481,966,0.0,0.0,1,0,3
Full,5,416,train,heuristic,agent_win,10.0,6,59.0,3,Normal,0.05,0.05,1,1484,968,3.0,3.0,3,0,0
Full,5,417,train,heuristic,agent_win,10.0,8,51.0,3,Normal,0.05,0.05,1,1488,971,3.0,3.0,3,0,1
Full,5,418,train,heuristic,agent_win,10.0,10,43.0,2,Easy,0.05,0.05500000000000001,1,1493,974,3.0,3.0,3,0,2
Full,5,419,train,heuristic,agent_win,10.0,8,35.0,2,Easy,0.05,0.05500000000000001,1,1497,974,2.0999999999999996,2.0999999999999996,3,0,1
Full,5,420,train,heuristic,player_win,-10.0,5,45.0,3,Normal,0.05,0.05,1,1499,975,0.0,0.0,1,0,1
Full,5,421,train,heuristic,player_win,-10.0,9,55.0,3,Normal,0.05,0.05,1,1503,978,0.0,0.0,3,0,1
Full,5,422,train,heuristic,player_win,-10.0,5,65.0,4,Hard,0.05,0.05,1,1505,979,0.0,0.0,1,0,1
Full,5,423,train,heuristic,agent_win,10.0,8,57.0,3,Normal,0.05,0.05,1,1509,982,3.0,3.0,4,0,0
Full,5,424,train,heuristic,agent_win,10.0,6,49.0,3,Normal,0.05,0.05,1,1512,984,3.0,3.0,3,0,0
Full,5,425,train,heuristic,player_win,-10.0,9,59.0,3,Normal,0.05,0.05,1,1516,986,0.0,0.0,2,0,2
Full,5,426,train,heuristic,agent_win,10.0,8,51.0,3,Normal,0.05,0.05,1,1520,988,3.0,3.0,3,0,1
Full,5,427,train,heuristic,player_win,-10.0,7,61.0,3,Normal,0.05,0.05,1,1523,990,0.0,0.0,2,0,1
Full,5,428,train,heuristic,player_win,-10.0,9,71.0,4,Hard,0.05,0.05,1,1527,992,0.0,0.0,2,0,2
Full,5,429,train,heuristic,agent_win,10.0,8,63.0,3,Normal,0.05,0.05,1,1531,994,3.0,3.0,3,0,1
Full,5,430,train,heuristic,player_win,-10.0,7,73.0,4,Hard,0.05,0.05,1,1534,996,0.0,0.0,2,0,1
Full,5,431,train,heuristic,agent_win,10.0,6,65.0,4,Hard,0.05,0.05,1,1537,998,3.0,3.0,2,0,1
Full,5,432,train,heuristic,player_win,-10.0,9,75.0,4,Hard,0.05,0.05,1,1541,1001,0.0,0.0,1,0,3
Full,5,433,train,heuristic,player_win,-10.0,7,85.0,5,Expert,0.05,0.05,1,1544,1001,0.0,0.0,3,0,0
Full,5,434,train,heuristic,agent_win,10.0,10,77.0,4,Hard,0.05,0.05,1,1549,1005,3.0,3.0,4,0,1
Full,5,435,train,heuristic,player_win,-10.0,5,87.0,5,Expert,0.05,0.05,1,1551,1006,0.0,0.0,2,0,0
Full,5,436,train,heuristic,player_win,-10.0,7,97.0,5,Expert,0.05,0.05,1,1554,1008,0.0,0.0,3,0,0
Full,5,437,train,heuristic,agent_win,10.0,6,89.0,5,Expert,0.05,0.05,1,1557,1010,3.0,3.0,3,0,0
Full,5,438,train,heuristic,player_win,-10.0,7,99.0,5,Expert,0.05,0.05,1,1560,1010,0.0,0.0,3,0,0
Full,5,439,train,heuristic,agent_win,10.0,6,91.0,5,Expert,0.05,0.05,1,1563,1011,3.0,3.0,3,0,0
Full,5,440,train,heuristic,agent_win,10.0,6,83.0,5,Expert,0.05,0.05,1,1566,1013,3.0,3.0,3,0,0
Full,5,441,train,heuristic,agent_win,10.0,6,75.0,4,Hard,0.05,0.05,1,1569,1014,3.0,3.0,3,0,0
Full,5,442,train,heuristic,agent_win,10.0,6,67.0,4,Hard,0.05,0.05,1,1572,1016,3.0,3.0,3,0,0
Full,5,443,train,heuristic,agent_win,10.0,6,59.0,3,Normal,0.05,0.05,1,1575,1016,1.4699999999999998,1.4699999999999998,3,0,0
Full,5,444,train,heuristic,agent_win,10.0,6,51.0,3,Normal,0.05,0.05,1,1578,1018,3.0,3.0,3,0,0
Full,5,445,train,heuristic,agent_win,10.0,6,43.0,2,Easy,0.05,0.05500000000000001,1,1581,1020,3.0,3.0,2,0,1
Full,5,446,train,heuristic,player_win,-10.0,7,53.0,3,Normal,0.05,0.05,1,1584,1021,0.0,0.0,1,0,2
Full,5,447,train,heuristic,player_win,-10.0,7,63.0,3,Normal,0.05,0.05,1,1587,1023,0.0,0.0,1,1,1
Full,5,448,train,heuristic,agent_win,10.0,6,55.0,3,Normal,0.05,0.05,1,1590,1024,3.0,3.0,2,0,1
Full,5,449,train,heuristic,agent_win,10.0,8,47.0,3,Normal,0.05,0.05,1,1594,1027,3.0,3.0,3,0,1
Full,5,450,train,heuristic,player_win,-10.0,7,57.0,3,Normal,0.05,0.05,1,1597,1028,0.0,0.0,1,0,2
Full,5,451,train,heuristic,player_win,-10.0,7,67.0,4,Hard,0.05,0.05,1,1600,1030,0.0,0.0,1,0,2
Full,5,452,train,heuristic,agent_win,10.0,6,59.0,3,Normal,0.05,0.05,1,1603,1032,3.0,3.0,2,0,1
Full,5,453,train,heuristic,agent_win,10.0,10,51.0,3,Normal,0.05,0.05,1,1608,1036,3.0,3.0,2,0,3
Full,5,454,train,heuristic,player_win,-10.0,9,61.0,3,Normal,0.05,0.05,1,1612,1038,0.0,0.0,2,0,2
Full,5,455,train,heuristic,agent_win,10.0,8,53.0,3,Normal,0.05,0.05,1,1616,1041,3.0,3.0,3,0,1
Full,5,456,train,heuristic,player_win,-10.0,5,63.0,3,Normal,0.05,0.05,1,1618,1041,0.0,0.0,2,0,0
Full,5,457,train,heuristic,agent_win,10.0,8,55.0,3,Normal,0.05,0.05,1,1622,1044,3.0,3.0,3,0,1
Full,5,458,train,heuristic,agent_win,10.0,8,47.0,3,Normal,0.05,0.05,1,1626,1047,3.0,3.0,2,1,1
Full,5,459,train,heuristic,player_win,-10.0,5,57.0,3,Normal,0.05,0.05,1,1628,1047,0.0,0.0,2,0,0
Full,5,460,train,heuristic,player_win,-10.0,7,67.0,4,Hard,0.05,0.05,1,1631,1047,0.0,0.0,2,0,1
Full,5,461,train,heuristic,player_win,-10.0,9,77.0,4,Hard,0.05,0.05,1,1635,1050,0.0,0.0,4,0,0
Full,5,462,train,heuristic,player_win,-10.0,7,87.0,5,Expert,0.05,0.05,1,1638,1052,0.0,0.0,2,0,1
Full,5,463,train,heuristic,agent_win,10.0,6,79.0,4,Hard,0.05,0.05,1,1641,1053,3.0,3.0,3,0,0
Full,5,464,train,heuristic,player_win,-10.0,5,89.0,5,Expert,0.05,0.05,1,1643,1053,0.0,0.0,2,0,0
Full,5,465,train,heuristic,agent_win,10.0,6,81.0,5,Expert,0.05,0.05,1,1646,1055,3.0,3.0,3,0,0
Full,5,466,train,heuristic,agent_win,10.0,6,73.0,4,Hard,0.05,0.05,1,1649,1057,3.0,3.0,2,1,0
Full,5,467,train,heuristic,player_win,-10.0,7,83.0,5,Expert,0.05,0.05,1,1652,1059,0.0,0.0,2,0,1
Full,5,468,train,heuristic,agent_win,10.0,6,75.0,4,Hard,0.05,0.05,1,1655,1061,3.0,3.0,2,0,1
Full,5,469,train,heuristic,agent_win,10.0,6,67.0,4,Hard,0.05,0.05,1,1658,1062,3.0,3.0,3,0,0
Full,5,470,train,heuristic,player_win,-10.0,9,77.0,4,Hard,0.05,0.05,1,1662,1065,0.0,0.0,3,0,1
Full,5,471,train,heuristic,agent_win,10.0,8,69.0,4,Hard,0.05,0.05,1,1666,1068,3.0,3.0,3,0,1
Full,5,472,train,heuristic,agent_win,10.0,6,61.0,3,Normal,0.05,0.05,1,1669,1070,3.0,3.0,3,0,0
Full,5,473,train,heuristic,player_win,-10.0,9,71.0,4,Hard,0.05,0.05,1,1673,1073,0.0,0.0,3,0,1
Full,5,474,train,heuristic,player_win,-10.0,7,81.0,5,Expert,0.05,0.05,1,1676,1075,0.0,0.0,2,0,1
Full,5,475,train,heuristic,agent_win,10.0,8,73.0,4,Hard,0.05,0.05,1,1680,1077,3.0,3.0,4,0,0
Full,5,476,train,heuristic,agent_win,10.0,6,65.0,4,Hard,0.05,0.05,1,1683,1079,3.0,3.0,3,0,0
Full,5,477,train,heuristic,agent_win,10.0,6,57.0,3,Normal,0.05,0.05,1,1686,1079,2.0999999999999996,2.0999999999999996,3,0,0
Full,5,478,train,heuristic,agent_win,10.0,6,49.0,3,Normal,0.05,0.05,1,1689,1081,3.0,3.0,2,0,1
Full,5,479,train,heuristic,player_win,-10.0,5,59.0,3,Normal,0.05,0.05,1,1691,1082,0.0,0.0,1,0,1
Full,5,480,train,heuristic,agent_win,10.0,10,51.0,3,Normal,0.05,0.05,1,1696,1086,3.0,3.0,3,0,2
Full,5,481,train,heuristic,agent_win,10.0,8,43.0,2,Easy,0.05,0.05500000000000001,1,1700,1088,3.0,3.0,3,0,1
Full,5,482,train,heuristic,player_win,-10.0,7,53.0,3,Normal,0.05,0.05,1,1703,1090,0.0,0.0,1,0,2
Full,5,483,train,heuristic,player_win,-10.0,9,63.0,3,Normal,0.05,0.05,1,1707,1093,0.0,0.0,2,0,2
Full,5,484,train,heuristic,agent_win,10.0,6,55.0,3,Normal,0.05,0.05,1,1710,1093,2.0999999999999996,2.0999999999999996,2,0,1
Full,5,485,train,heuristic,agent_win,10.0,10,47.0,3,Normal,0.05,0.05,1,1715,1097,3.0,3.0,3,0,2
Full,5,486,train,heuristic,player_win,-10.0,11,57.0,3,Normal,0.05,0.05,1,1720,1101,0.0,0.0,3,1,1
Full,5,487,train,heuristic,player_win,-10.0,9,67.0,4,Hard,0.05,0.05,1,1724,1104,0.0,0.0,2,0,2
Full,5,488,train,heuristic,agent_win,10.0,6,59.0,3,Normal,0.05,0.05,1,1727,1106,3.0,3.0,3,0,0
Full,5,489,train,heuristic,agent_win,10.0,8,51.0,3,Normal,0.05,0.05,1,1731,1107,3.0,3.0,4,0,0
Full,5,490,train,heuristic,player_win,-10.0,7,61.0,3,Normal,0.05,0.05,1,1734,1108,0.0,0.0,2,0,1
Full,5,491,train,heuristic,agent_win,10.0,6,53.0,3,Normal,0.05,0.05,1,1737,1109,3.0,3.0,3,0,0
Full,5,492,train,heuristic,agent_win,10.0,6,45.0,3,Normal,0.05,0.05,1,1740,1111,3.0,3.0,3,0,0
Full,5,493,train,heuristic,agent_win,10.0,6,37.0,2,Easy,0.05,0.05500000000000001,1,1743,1112,3.0,3.0,3,0,0
Full,5,494,train,heuristic,player_win,-10.0,11,47.0,3,Normal,0.05,0.05,1,1748,1116,0.0,0.0,3,0,2
Full,5,495,train,heuristic,agent_win,10.0,8,39.0,2,Easy,0.05,0.05500000000000001,1,1752,1119,3.0,3.0,2,0,2
Full,5,496,train,heuristic,player_win,-10.0,9,49.0,3,Normal,0.05,0.05,1,1756,1122,0.0,0.0,2,0,2
Full,5,497,train,heuristic,agent_win,10.0,8,41.0,2,Easy,0.05,0.05500000000000001,1,1760,1124,3.0,3.0,3,1,0
Full,5,498,train,heuristic,agent_win,10.0,8,33.0,2,Easy,0.05,0.05500000000000001,1,1764,1127,3.0,3.0,3,0,1
Full,5,499,train,heuristic,player_win,-10.0,7,43.0,2,Easy,0.05,0.05500000000000001,1,1767,1129,0.0,0.0,2,0,1
Full,5,500,train,heuristic,agent_win,10.0,8,35.0,2,Easy,0.05,0.05500000000000001,1,1771,1130,3.0,3.0,3,0,1
Full,5,501,train,heuristic,agent_win,10.0,10,27.0,2,Easy,0.05,0.05500000000000001,1,1776,1133,3.0,3.0,2,0,3
Full,5,502,train,heuristic,player_win,-10.0,7,37.0,2,Easy,0.05,0.05500000000000001,1,1779,1135,0.0,0.0,2,0,1
Full,5,503,train,heuristic,agent_win,10.0,8,29.0,2,Easy,0.05,0.05500000000000001,1,1783,1138,3.0,3.0,3,0,1
Full,5,504,train,heuristic,agent_win,10.0,6,21.0,1,Very Easy,0.05,0.0675,1,1786,1140,3.0,3.0,1,0,2
Full,5,505,train,heuristic,agent_win,10.0,6,13.0,1,Very Easy,0.05,0.0675,1,1789,1142,3.0,3.0,2,0,1
Full,5,506,train,heuristic,agent_win,10.0,8,5.0,1,Very Easy,0.05,0.0675,1,1793,1145,3.0,3.0,1,0,3
Full,5,507,train,heuristic,player_win,-10.0,7,15.0,1,Very Easy,0.05,0.0675,1,1796,1147,0.0,0.0,1,0,2
Full,5,508,train,heuristic,player_win,-10.0,11,25.0,2,Easy,0.05,0.05500000000000001,1,1801,1150,0.0,0.0,3,0,2
Full,5,509,train,heuristic,player_win,-10.0,7,35.0,2,Easy,0.05,0.05500000000000001,1,1804,1152,0.0,0.0,1,0,2
Full,5,510,train,heuristic,agent_win,10.0,8,27.0,2,Easy,0.05,0.05500000000000001,1,1808,1155,3.0,3.0,3,0,1
Full,5,511,train,heuristic,player_win,-10.0,7,37.0,2,Easy,0.05,0.05500000000000001,1,1811,1157,0.0,0.0,2,0,1
Full,5,512,train,heuristic,player_win,-10.0,9,47.0,3,Normal,0.05,0.05,1,1815,1160,0.0,0.0,3,0,1
Full,5,513,train,heuristic,player_win,-10.0,11,57.0,3,Normal,0.05,0.05,1,1820,1164,0.0,0.0,1,1,3
Full,5,514,train,heuristic,agent_win,10.0,10,49.0,3,Normal,0.05,0.05,1,1825,1167,3.0,3.0,3,0,2
Full,5,515,train,heuristic,agent_win,10.0,6,41.0,2,Easy,0.05,0.05500000000000001,1,1828,1169,3.0,3.0,2,0,1
Full,5,516,train,heuristic,player_win,-10.0,5,51.0,3,Normal,0.05,0.05,1,1830,1170,0.0,0.0,1,0,1
Full,5,517,train,heuristic,player_win,-10.0,9,61.0,3,Normal,0.05,0.05,1,1834,1173,0.0,0.0,1,0,3
Full,5,518,train,heuristic,player_win,-10.0,7,71.0,4,Hard,0.05,0.05,1,1837,1174,0.0,0.0,3,0,0
Full,5,519,train,heuristic,agent_win,10.0,8,63.0,3,Normal,0.05,0.05,1,1841,1177,3.0,3.0,4,0,0
Full,5,520,train,heuristic,agent_win,10.0,8,55.0,3,Normal,0.05,0.05,1,1845,1180,3.0,3.0,2,0,2
Full,5,521,train,heuristic,player_win,-10.0,7,65.0,4,Hard,0.05,0.05,1,1848,1180,0.0,0.0,2,0,1
Full,5,522,train,heuristic,agent_win,10.0,10,57.0,3,Normal,0.05,0.05,1,1853,1184,3.0,3.0,4,0,1
Full,5,523,train,heuristic,player_win,-10.0,7,67.0,4,Hard,0.05,0.05,1,1856,1185,0.0,0.0,1,0,2
Full,5,524,train,heuristic,agent_win,10.0,6,59.0,3,Normal,0.05,0.05,1,1859,1186,3.0,3.0,3,0,0
Full,5,525,train,heuristic,agent_win,10.0,8,51.0,3,Normal,0.05,0.05,1,1863,1189,3.0,3.0,3,0,1
Full,5,526,train,heuristic,agent_win,10.0,6,43.0,2,Easy,0.05,0.05500000000000001,1,1866,1190,3.0,3.0,3,0,0
Full,5,527,train,heuristic,agent_win,10.0,8,35.0,2,Easy,0.05,0.05500000000000001,1,1870,1190,3.0,3.0,3,0,1
Full,5,528,train,heuristic,player_win,-10.0,9,45.0,3,Normal,0.05,0.05,1,1874,1193,0.0,0.0,1,0,3
Full,5,529,train,heuristic,agent_win,10.0,8,37.0,2,Easy,0.05,0.05500000000000001,1,1878,1193,2.0999999999999996,2.0999999999999996,4,0,0
Full,5,530,train,heuristic,agent_win,10.0,6,29.0,2,Easy,0.05,0.05500000000000001,1,1881,1194,3.0,3.0,2,0,1
Full,5,531,train,heuristic,agent_win,10.0,8,21.0,1,Very Easy,0.05,0.0675,1,1885,1197,3.0,3.0,2,0,2
Full,5,532,train,heuristic,agent_win,10.0,10,13.0,1,Very Easy,0.05,0.0675,1,1890,1200,3.0,3.0,2,0,3
Full,5,533,train,heuristic,player_win,-10.0,9,23.0,1,Very Easy,0.05,0.0675,1,1894,1203,0.0,0.0,3,0,1
Full,5,534,train,heuristic,player_win,-10.0,11,33.0,2,Easy,0.05,0.05500000000000001,1,1899,1207,0.0,0.0,3,0,2
Full,5,535,train,heuristic,player_win,-10.0,7,43.0,2,Easy,0.05,0.05500000000000001,1,1902,1207,0.0,0.0,2,0,1
Full,5,536,train,heuristic,agent_win,10.0,8,35.0,2,Easy,0.05,0.05500000000000001,1,1906,1210,3.0,3.0,3,0,1
Full,5,537,train,heuristic,player_win,-10.0,5,45.0,3,Normal,0.05,0.05,1,1908,1210,0.0,0.0,1,0,1
Full,5,538,train,heuristic,agent_win,10.0,8,37.0,2,Easy,0.05,0.05500000000000001,1,1912,1213,3.0,3.0,3,0,1
Full,5,539,train,heuristic,player_win,-10.0,5,47.0,3,Normal,0.05,0.05,1,1914,1214,0.0,0.0,1,0,1
Full,5,540,train,heuristic,player_win,-10.0,7,57.0,3,Normal,0.05,0.05,1,1917,1216,0.0,0.0,2,0,1
Full,5,541,train,heuristic,agent_win,10.0,8,49.0,3,Normal,0.05,0.05,1,1921,1219,3.0,3.0,3,0,1
Full,5,542,train,heuristic,agent_win,10.0,6,41.0,2,Easy,0.05,0.05500000000000001,1,1924,1221,3.0,3.0,3,0,0
Full,5,543,train,heuristic,player_win,-10.0,7,51.0,3,Normal,0.05,0.05,1,1927,1223,0.0,0.0,1,0,2
Full,5,544,train,heuristic,agent_win,10.0,6,43.0,2,Easy,0.05,0.05500000000000001,1,1930,1223,2.0999999999999996,2.0999999999999996,3,0,0
Full,5,545,train,heuristic,player_win,-10.0,9,53.0,3,Normal,0.05,0.05,1,1934,1226,0.0,0.0,3,0,1
Full,5,546,train,heuristic,player_win,-10.0,9,63.0,3,Normal,0.05,0.05,1,1938,1229,0.0,0.0,3,0,1
Full,5,547,train,heuristic,player_win,-10.0,7,73.0,4,Hard,0.05,0.05,1,1941,1230,0.0,0.0,2,0,1
Full,5,548,train,heuristic,agent_win,10.0,6,65.0,4,Hard,0.05,0.05,1,1944,1232,3.0,3.0,3,0,0
Full,5,549,train,heuristic,agent_win,10.0,6,57.0,3,Normal,0.05,0.05,1,1947,1233,3.0,3.0,3,0,0
Full,5,550,train,heuristic,agent_win,10.0,6,49.0,3,Normal,0.05,0.05,1,1950,1233,2.0999999999999996,2.0999999999999996,3,0,0
Full,5,551,train,heuristic,agent_win,10.0,6,41.0,2,Easy,0.05,0.05500000000000001,1,1953,1235,3.0,3.0,3,0,0
Full,5,552,train,heuristic,player_win,-10.0,11,51.0,3,Normal,0.05,0.05,1,1958,1239,0.0,0.0,3,0,2
Full,5,553,train,heuristic,player_win,-10.0,7,61.0,3,Normal,0.05,0.05,1,1961,1241,0.0,0.0,2,0,1
Full,5,554,train,heuristic,agent_win,10.0,12,53.0,3,Normal,0.05,0.05,1,1967,1246,3.0,3.0,3,0,3
Full,5,555,train,heuristic,player_win,-10.0,7,63.0,3,Normal,0.05,0.05,1,1970,1248,0.0,0.0,2,0,1
Full,5,556,train,heuristic,agent_win,10.0,8,55.0,3,Normal,0.05,0.05,1,1974,1251,3.0,3.0,3,0,1
Full,5,557,train,heuristic,agent_win,10.0,8,47.0,3,Normal,0.05,0.05,1,1978,1253,3.0,3.0,3,0,1
Full,5,558,train,heuristic,player_win,-10.0,7,57.0,3,Normal,0.05,0.05,1,1981,1255,0.0,0.0,2,0,1
Full,5,559,train,heuristic,agent_win,10.0,8,49.0,3,Normal,0.05,0.05,1,1985,1258,3.0,3.0,3,0,1
Full,5,560,train,heuristic,agent_win,10.0,6,41.0,2,Easy,0.05,0.05500000000000001,1,1988,1258,2.0999999999999996,2.0999999999999996,3,0,0
Full,5,561,train,heuristic,player_win,-10.0,7,51.0,3,Normal,0.05,0.05,1,1991,1260,0.0,0.0,2,0,1
Full,5,562,train,heuristic,agent_win,10.0,8,43.0,2,Easy,0.05,0.05500000000000001,1,1995,1263,3.0,3.0,3,0,1
Full,5,563,train,heuristic,player_win,-10.0,9,53.0,3,Normal,0.05,0.05,1,1999,1266,0.0,0.0,3,0,1
Full,5,564,train,heuristic,agent_win,10.0,12,45.0,3,Normal,0.05,0.05,1,2005,1271,3.0,3.0,4,0,2
Full,5,565,train,heuristic,player_win,-10.0,9,55.0,3,Normal,0.05,0.05,1,2009,1274,0.0,0.0,3,0,1
Full,5,566,train,heuristic,agent_win,10.0,6,47.0,3,Normal,0.05,0.05,1,2012,1274,1.4699999999999998,1.4699999999999998,2,0,1
Full,5,567,train,heuristic,agent_win,10.0,6,39.0,2,Easy,0.05,0.05500000000000001,1,2015,1274,2.0999999999999996,2.0999999999999996,2,0,1
Full,5,568,train,heuristic,player_win,-10.0,9,49.0,3,Normal,0.05,0.05,1,2019,1277,0.0,0.0,3,0,1
Full,5,569,train,heuristic,player_win,-10.0,9,59.0,3,Normal,0.05,0.05,1,2023,1279,0.0,0.0,3,1,0
Full,5,570,train,heuristic,agent_win,10.0,8,51.0,3,Normal,0.05,0.05,1,2027,1282,3.0,3.0,3,0,1
Full,5,571,train,heuristic,player_win,-10.0,5,61.0,3,Normal,0.05,0.05,1,2029,1283,0.0,0.0,2,0,0
Full,5,572,train,heuristic,agent_win,10.0,6,53.0,3,Normal,0.05,0.05,1,2032,1284,3.0,3.0,3,0,0
Full,5,573,train,heuristic,player_win,-10.0,11,63.0,3,Normal,0.05,0.05,1,2037,1288,0.0,0.0,3,1,1
Full,5,574,train,heuristic,agent_win,10.0,8,55.0,3,Normal,0.05,0.05,1,2041,1291,3.0,3.0,3,0,1
Full,5,575,train,heuristic,agent_win,10.0,6,47.0,3,Normal,0.05,0.05,1,2044,1291,2.0999999999999996,2.0999999999999996,2,0,1
Full,5,576,train,heuristic,agent_win,10.0,8,39.0,2,Easy,0.05,0.05500000000000001,1,2048,1292,3.0,3.0,3,0,1
Full,5,577,train,heuristic,agent_win,10.0,6,31.0,2,Easy,0.05,0.05500000000000001,1,2051,1294,3.0,3.0,2,0,1
Full,5,578,train,heuristic,agent_win,10.0,8,23.0,1,Very Easy,0.05,0.0675,1,2055,1295,3.0,3.0,2,0,2
Full,5,579,train,heuristic,agent_win,10.0,8,15.0,1,Very Easy,0.05,0.0675,1,2059,1297,3.0,3.0,2,0,2
Full,5,580,train,heuristic,player_win,-10.0,9,25.0,2,Easy,0.05,0.05500000000000001,1,2063,1300,0.0,0.0,3,0,1
Full,5,581,train,heuristic,draw,3.0,16,28.0,2,Easy,0.05,0.05500000000000001,1,2071,1307,0.8999999999999999,0.8999999999999999,6,0,2
Full,5,582,train,heuristic,player_win,-10.0,7,38.0,2,Easy,0.05,0.05500000000000001,1,2074,1309,0.0,0.0,2,0,1
Full,5,583,train,heuristic,player_win,-10.0,9,48.0,3,Normal,0.05,0.05,1,2078,1311,0.0,0.0,1,0,3
Full,5,584,train,heuristic,player_win,-10.0,7,58.0,3,Normal,0.05,0.05,1,2081,1313,0.0,0.0,3,0,0
Full,5,585,train,heuristic,agent_win,10.0,6,50.0,3,Normal,0.05,0.05,1,2084,1314,3.0,3.0,1,1,1
Full,5,586,train,heuristic,agent_win,10.0,6,42.0,2,Easy,0.05,0.05500000000000001,1,2087,1314,2.0999999999999996,2.0999999999999996,3,0,0
Full,5,587,train,heuristic,agent_win,10.0,6,34.0,2,Easy,0.05,0.05500000000000001,1,2090,1316,3.0,3.0,2,0,1
Full,5,588,train,heuristic,player_win,-10.0,5,44.0,2,Easy,0.05,0.05500000000000001,1,2092,1317,0.0,0.0,1,0,1
Full,5,589,train,heuristic,player_win,-10.0,7,54.0,3,Normal,0.05,0.05,1,2095,1319,0.0,0.0,2,0,1
Full,5,590,train,heuristic,player_win,-10.0,13,64.0,3,Normal,0.05,0.05,1,2101,1324,0.0,0.0,4,0,2
Full,5,591,train,heuristic,player_win,-10.0,5,74.0,4,Hard,0.05,0.05,1,2103,1324,0.0,0.0,1,0,1
Full,5,592,train,heuristic,player_win,-10.0,7,84.0,5,Expert,0.05,0.05,1,2106,1324,0.0,0.0,3,0,0
Full,5,593,train,heuristic,agent_win,10.0,6,76.0,4,Hard,0.05,0.05,1,2109,1325,3.0,3.0,3,0,0
Full,5,594,train,heuristic,agent_win,10.0,6,68.0,4,Hard,0.05,0.05,1,2112,1325,2.0999999999999996,2.0999999999999996,2,0,1
Full,5,595,train,heuristic,player_win,-10.0,9,78.0,4,Hard,0.05,0.05,1,2116,1328,0.0,0.0,4,0,0
Full,5,596,train,heuristic,agent_win,10.0,6,70.0,4,Hard,0.05,0.05,1,2119,1330,3.0,3.0,2,0,1
Full,5,597,train,heuristic,agent_win,10.0,6,62.0,3,Normal,0.05,0.05,1,2122,1331,3.0,3.0,2,0,1
Full,5,598,train,heuristic,agent_win,10.0,10,54.0,3,Normal,0.05,0.05,1,2127,1335,3.0,3.0,4,0,1
Full,5,599,train,heuristic,agent_win,10.0,6,46.0,3,Normal,0.05,0.05,1,2130,1337,3.0,3.0,2,0,1
Full,5,600,train,heuristic,player_win,-10.0,9,56.0,3,Normal,0.05,0.05,1,2134,1337,0.0,0.0,3,0,1
Full,5,601,train,heuristic,player_win,-10.0,7,66.0,4,Hard,0.05,0.05,1,2137,1339,0.0,0.0,2,0,1
Full,5,602,train,heuristic,agent_win,10.0,10,58.0,3,Normal,0.05,0.05,1,2142,1342,3.0,3.0,4,0,1
Full,5,603,train,heuristic,player_win,-10.0,13,68.0,4,Hard,0.05,0.05,1,2148,1346,0.0,0.0,3,0,3
Full,5,604,train,heuristic,player_win,-10.0,9,78.0,4,Hard,0.05,0.05,1,2152,1347,0.0,0.0,3,0,1
Full,5,605,train,heuristic,agent_win,10.0,6,70.0,4,Hard,0.05,0.05,1,2155,1349,3.0,3.0,3,0,0
Full,5,606,train,heuristic,agent_win,10.0,8,62.0,3,Normal,0.05,0.05,1,2159,1352,3.0,3.0,4,0,0
Full,5,607,train,heuristic,player_win,-10.0,13,72.0,4,Hard,0.05,0.05,1,2165,1356,0.0,0.0,4,0,2
Full,5,608,train,heuristic,agent_win,10.0,6,64.0,3,Normal,0.05,0.05,1,2168,1358,3.0,3.0,2,0,1
Full,5,609,train,heuristic,agent_win,10.0,6,56.0,3,Normal,0.05,0.05,1,2171,1359,3.0,3.0,2,0,1
Full,5,610,train,heuristic,agent_win,10.0,8,48.0,3,Normal,0.05,0.05,1,2175,1362,3.0,3.0,3,0,1
Full,5,611,train,heuristic,agent_win,10.0,8,40.0,2,Easy,0.05,0.05500000000000001,1,2179,1365,3.0,3.0,2,1,1
Full,5,612,train,heuristic,agent_win,10.0,8,32.0,2,Easy,0.05,0.05500000000000001,1,2183,1368,3.0,3.0,3,0,1
Full,5,613,train,heuristic,agent_win,10.0,8,24.0,1,Very Easy,0.05,0.0675,1,2187,1371,3.0,3.0,3,1,0
Full,5,614,train,heuristic,agent_win,10.0,8,16.0,1,Very Easy,0.05,0.0675,1,2191,1374,3.0,3.0,1,1,2
Full,5,615,train,heuristic,player_win,-10.0,9,26.0,2,Easy,0.05,0.05500000000000001,1,2195,1376,0.0,0.0,1,0,3
Full,5,616,train,heuristic,agent_win,10.0,6,18.0,1,Very Easy,0.05,0.0675,1,2198,1378,3.0,3.0,3,0,0
Full,5,617,train,heuristic,player_win,-10.0,9,28.0,2,Easy,0.05,0.05500000000000001,1,2202,1381,0.0,0.0,1,0,3
Full,5,618,train,heuristic,player_win,-10.0,9,38.0,2,Easy,0.05,0.05500000000000001,1,2206,1384,0.0,0.0,3,0,1
Full,5,619,train,heuristic,player_win,-10.0,5,48.0,3,Normal,0.05,0.05,1,2208,1385,0.0,0.0,1,0,1
Full,5,620,train,heuristic,agent_win,10.0,8,40.0,2,Easy,0.05,0.05500000000000001,1,2212,1388,3.0,3.0,2,0,2
Full,5,621,train,heuristic,player_win,-10.0,9,50.0,3,Normal,0.05,0.05,1,2216,1391,0.0,0.0,2,0,2
Full,5,622,train,heuristic,agent_win,10.0,6,42.0,2,Easy,0.05,0.05500000000000001,1,2219,1393,3.0,3.0,3,0,0
Full,5,623,train,heuristic,player_win,-10.0,5,52.0,3,Normal,0.05,0.05,1,2221,1393,0.0,0.0,1,0,1
Full,5,624,train,heuristic,agent_win,10.0,6,44.0,2,Easy,0.05,0.05500000000000001,1,2224,1395,3.0,3.0,2,0,1
Full,5,625,train,heuristic,player_win,-10.0,5,54.0,3,Normal,0.05,0.05,1,2226,1395,0.0,0.0,1,0,1
Full,5,626,train,heuristic,agent_win,10.0,6,46.0,3,Normal,0.05,0.05,1,2229,1395,2.0999999999999996,2.0999999999999996,3,0,0
Full,5,627,train,heuristic,player_win,-10.0,9,56.0,3,Normal,0.05,0.05,1,2233,1396,0.0,0.0,2,0,2
Full,5,628,train,heuristic,player_win,-10.0,13,66.0,4,Hard,0.05,0.05,1,2239,1401,0.0,0.0,5,0,1
Full,5,629,train,heuristic,agent_win,10.0,6,58.0,3,Normal,0.05,0.05,1,2242,1402,3.0,3.0,3,0,0
Full,5,630,train,heuristic,agent_win,10.0,8,50.0,3,Normal,0.05,0.05,1,2246,1404,3.0,3.0,2,0,2
Full,5,631,train,heuristic,player_win,-10.0,11,60.0,3,Normal,0.05,0.05,1,2251,1408,0.0,0.0,3,0,2
Full,5,632,train,heuristic,player_win,-10.0,7,70.0,4,Hard,0.05,0.05,1,2254,1410,0.0,0.0,1,1,1
Full,5,633,train,heuristic,agent_win,10.0,6,62.0,3,Normal,0.05,0.05,1,2257,1412,3.0,3.0,3,0,0
Full,5,634,train,heuristic,agent_win,10.0,6,54.0,3,Normal,0.05,0.05,1,2260,1413,3.0,3.0,2,0,1
Full,5,635,train,heuristic,agent_win,10.0,10,46.0,3,Normal,0.05,0.05,1,2265,1417,3.0,3.0,3,0,2
Full,5,636,train,heuristic,player_win,-10.0,7,56.0,3,Normal,0.05,0.05,1,2268,1418,0.0,0.0,1,0,2
Full,5,637,train,heuristic,agent_win,10.0,6,48.0,3,Normal,0.05,0.05,1,2271,1420,3.0,3.0,3,0,0
Full,5,638,train,heuristic,player_win,-10.0,5,58.0,3,Normal,0.05,0.05,1,2273,1420,0.0,0.0,1,0,1
Full,5,639,train,heuristic,agent_win,10.0,6,50.0,3,Normal,0.05,0.05,1,2276,1420,2.0999999999999996,2.0999999999999996,3,0,0
Full,5,640,train,heuristic,agent_win,10.0,10,42.0,2,Easy,0.05,0.05500000000000001,1,2281,1424,3.0,3.0,2,0,3
Full,5,641,train,heuristic,player_win,-10.0,11,52.0,3,Normal,0.05,0.05,1,2286,1428,0.0,0.0,2,0,3
Full,5,642,train,heuristic,player_win,-10.0,5,62.0,3,Normal,0.05,0.05,1,2288,1429,0.0,0.0,1,0,1
Full,5,643,train,heuristic,player_win,-10.0,5,72.0,4,Hard,0.05,0.05,1,2290,1430,0.0,0.0,1,0,1
Full,5,644,train,heuristic,agent_win,10.0,6,64.0,3,Normal,0.05,0.05,1,2293,1431,3.0,3.0,2,0,1
Full,5,645,train,heuristic,player_win,-10.0,7,74.0,4,Hard,0.05,0.05,1,2296,1433,0.0,0.0,2,0,1
Full,5,646,train,heuristic,agent_win,10.0,6,66.0,4,Hard,0.05,0.05,1,2299,1435,3.0,3.0,3,0,0
Full,5,647,train,heuristic,agent_win,10.0,6,58.0,3,Normal,0.05,0.05,1,2302,1437,3.0,3.0,2,0,1
Full,5,648,train,heuristic,player_win,-10.0,7,68.0,4,Hard,0.05,0.05,1,2305,1439,0.0,0.0,1,0,2
Full,5,649,train,heuristic,player_win,-10.0,9,78.0,4,Hard,0.05,0.05,1,2309,1442,0.0,0.0,3,0,1
Full,5,650,train,heuristic,player_win,-10.0,7,88.0,5,Expert,0.05,0.05,1,2312,1444,0.0,0.0,2,0,1
Full,5,651,train,heuristic,agent_win,10.0,6,80.0,5,Expert,0.05,0.05,1,2315,1446,3.0,3.0,3,0,0
Full,5,652,train,heuristic,agent_win,10.0,6,72.0,4,Hard,0.05,0.05,1,2318,1447,3.0,3.0,3,0,0
Full,5,653,train,heuristic,agent_win,10.0,8,64.0,3,Normal,0.05,0.05,1,2322,1450,3.0,3.0,4,0,0
Full,5,654,train,heuristic,agent_win,10.0,8,56.0,3,Normal,0.05,0.05,1,2326,1453,3.0,3.0,2,0,2
Full,5,655,train,heuristic,agent_win,10.0,6,48.0,3,Normal,0.05,0.05,1,2329,1453,2.0999999999999996,2.0999999999999996,2,0,1
Full,5,656,train,heuristic,agent_win,10.0,6,40.0,2,Easy,0.05,0.05500000000000001,1,2332,1455,3.0,3.0,2,0,1
Full,5,657,train,heuristic,player_win,-10.0,5,50.0,3,Normal,0.05,0.05,1,2334,1456,0.0,0.0,1,0,1
Full,5,658,train,heuristic,player_win,-10.0,7,60.0,3,Normal,0.05,0.05,1,2337,1458,0.0,0.0,2,0,1
Full,5,659,train,heuristic,agent_win,10.0,14,52.0,3,Normal,0.05,0.05,1,2344,1463,3.0,3.0,5,0,2
Full,5,660,train,heuristic,agent_win,10.0,6,44.0,2,Easy,0.05,0.05500000000000001,1,2347,1464,3.0,3.0,3,0,0
Full,5,661,train,heuristic,player_win,-10.0,11,54.0,3,Normal,0.05,0.05,1,2352,1468,0.0,0.0,2,0,3
Full,5,662,train,heuristic,agent_win,10.0,8,46.0,3,Normal,0.05,0.05,1,2356,1471,3.0,3.0,3,0,1
Full,5,663,train,heuristic,agent_win,10.0,8,38.0,2,Easy,0.05,0.05500000000000001,1,2360,1473,3.0,3.0,3,0,1
Full,5,664,train,heuristic,player_win,-10.0,7,48.0,3,Normal,0.05,0.05,1,2363,1475,0.0,0.0,1,1,1
Full,5,665,train,heuristic,agent_win,10.0,6,40.0,2,Easy,0.05,0.05500000000000001,1,2366,1475,1.4699999999999998,1.4699999999999998,3,0,0
Full,5,666,train,heuristic,player_win,-10.0,7,50.0,3,Normal,0.05,0.05,1,2369,1477,0.0,0.0,2,0,1
Full,5,667,train,heuristic,player_win,-10.0,5,60.0,3,Normal,0.05,0.05,1,2371,1477,0.0,0.0,2,0,0
Full,5,668,train,heuristic,player_win,-10.0,5,70.0,4,Hard,0.05,0.05,1,2373,1478,0.0,0.0,2,0,0
Full,5,669,train,heuristic,agent_win,10.0,6,62.0,3,Normal,0.05,0.05,1,2376,1478,2.0999999999999996,2.0999999999999996,3,0,0
Full,5,670,train,heuristic,player_win,-10.0,9,72.0,4,Hard,0.05,0.05,1,2380,1481,0.0,0.0,2,0,2
Full,5,671,train,heuristic,agent_win,10.0,6,64.0,3,Normal,0.05,0.05,1,2383,1481,2.0999999999999996,2.0999999999999996,3,0,0
Full,5,672,train,heuristic,player_win,-10.0,7,74.0,4,Hard,0.05,0.05,1,2386,1483,0.0,0.0,1,0,2
Full,5,673,train,heuristic,player_win,-10.0,7,84.0,5,Expert,0.05,0.05,1,2389,1483,0.0,0.0,3,0,0
Full,5,674,train,heuristic,agent_win,10.0,6,76.0,4,Hard,0.05,0.05,1,2392,1485,3.0,3.0,3,0,0
Full,5,675,train,heuristic,agent_win,10.0,8,68.0,4,Hard,0.05,0.05,1,2396,1485,2.0999999999999996,2.0999999999999996,4,0,0
Full,5,676,train,heuristic,player_win,-10.0,5,78.0,4,Hard,0.05,0.05,1,2398,1486,0.0,0.0,2,0,0
Full,5,677,train,heuristic,player_win,-10.0,7,88.0,5,Expert,0.05,0.05,1,2401,1488,0.0,0.0,3,0,0
Full,5,678,train,heuristic,agent_win,10.0,6,80.0,5,Expert,0.05,0.05,1,2404,1488,2.0999999999999996,2.0999999999999996,3,0,0
Full,5,679,train,heuristic,agent_win,10.0,6,72.0,4,Hard,0.05,0.05,1,2407,1489,3.0,3.0,3,0,0
Full,5,680,train,heuristic,player_win,-10.0,7,82.0,5,Expert,0.05,0.05,1,2410,1490,0.0,0.0,2,0,1
Full,5,681,train,heuristic,agent_win,10.0,6,74.0,4,Hard,0.05,0.05,1,2413,1490,2.0999999999999996,2.0999999999999996,3,0,0
Full,5,682,train,heuristic,agent_win,10.0,6,66.0,4,Hard,0.05,0.05,1,2416,1490,2.0999999999999996,2.0999999999999996,3,0,0
Full,5,683,train,heuristic,agent_win,10.0,6,58.0,3,Normal,0.05,0.05,1,2419,1492,3.0,3.0,2,0,1
Full,5,684,train,heuristic,agent_win,10.0,8,50.0,3,Normal,0.05,0.05,1,2423,1495,3.0,3.0,2,0,2
Full,5,685,train,heuristic,agent_win,10.0,8,42.0,2,Easy,0.05,0.05500000000000001,1,2427,1498,3.0,3.0,3,1,0
Full,5,686,train,heuristic,player_win,-10.0,7,52.0,3,Normal,0.05,0.05,1,2430,1499,0.0,0.0,1,0,2
Full,5,687,train,heuristic,player_win,-10.0,5,62.0,3,Normal,0.05,0.05,1,2432,1500,0.0,0.0,1,0,1
Full,5,688,train,heuristic,player_win,-10.0,7,72.0,4,Hard,0.05,0.05,1,2435,1502,0.0,0.0,2,0,1
Full,5,689,train,heuristic,player_win,-10.0,7,82.0,5,Expert,0.05,0.05,1,2438,1503,0.0,0.0,2,0,1
Full,5,690,train,heuristic,agent_win,10.0,8,74.0,4,Hard,0.05,0.05,1,2442,1504,3.0,3.0,4,0,0
Full,5,691,train,heuristic,agent_win,10.0,6,66.0,4,Hard,0.05,0.05,1,2445,1505,2.0999999999999996,2.0999999999999996,2,0,1
Full,5,692,train,heuristic,agent_win,10.0,6,58.0,3,Normal,0.05,0.05,1,2448,1506,3.0,3.0,2,0,1
Full,5,693,train,heuristic,agent_win,10.0,8,50.0,3,Normal,0.05,0.05,1,2452,1509,3.0,3.0,3,0,1
Full,5,694,train,heuristic,player_win,-10.0,7,60.0,3,Normal,0.05,0.05,1,2455,1510,0.0,0.0,3,0,0
Full,5,695,train,heuristic,agent_win,10.0,8,52.0,3,Normal,0.05,0.05,1,2459,1512,3.0,3.0,3,0,1
Full,5,696,train,heuristic,agent_win,10.0,6,44.0,2,Easy,0.05,0.05500000000000001,1,2462,1514,3.0,3.0,1,1,1
Full,5,697,train,heuristic,agent_win,10.0,6,36.0,2,Easy,0.05,0.05500000000000001,1,2465,1516,3.0,3.0,1,0,2
Full,5,698,train,heuristic,agent_win,10.0,10,28.0,2,Easy,0.05,0.05500000000000001,1,2470,1520,3.0,3.0,4,0,1
Full,5,699,train,heuristic,agent_win,10.0,6,20.0,1,Very Easy,0.05,0.0675,1,2473,1522,3.0,3.0,3,0,0
Full,5,700,train,heuristic,player_win,-10.0,5,30.0,2,Easy,0.05,0.05500000000000001,1,2475,1522,0.0,0.0,1,0,1
Full,5,701,train,heuristic,player_win,-10.0,5,40.0,2,Easy,0.05,0.05500000000000001,1,2477,1522,0.0,0.0,1,0,1
Full,5,702,train,heuristic,player_win,-10.0,9,50.0,3,Normal,0.05,0.05,1,2481,1525,0.0,0.0,2,0,2
Full,5,703,train,heuristic,player_win,-10.0,9,60.0,3,Normal,0.05,0.05,1,2485,1527,0.0,0.0,3,0,1
Full,5,704,train,heuristic,player_win,-10.0,7,70.0,4,Hard,0.05,0.05,1,2488,1529,0.0,0.0,1,0,2
Full,5,705,train,heuristic,agent_win,10.0,8,62.0,3,Normal,0.05,0.05,1,2492,1531,3.0,3.0,3,0,1
Full,5,706,train,heuristic,player_win,-10.0,5,72.0,4,Hard,0.05,0.05,1,2494,1532,0.0,0.0,1,0,1
Full,5,707,train,heuristic,agent_win,10.0,6,64.0,3,Normal,0.05,0.05,1,2497,1533,2.0999999999999996,2.0999999999999996,3,0,0
Full,5,708,train,heuristic,player_win,-10.0,7,74.0,4,Hard,0.05,0.05,1,2500,1535,0.0,0.0,2,0,1
Full,5,709,train,heuristic,agent_win,10.0,6,66.0,4,Hard,0.05,0.05,1,2503,1535,2.0999999999999996,2.0999999999999996,3,0,0
Full,5,710,train,heuristic,agent_win,10.0,6,58.0,3,Normal,0.05,0.05,1,2506,1536,3.0,3.0,3,0,0
Full,5,711,train,heuristic,agent_win,10.0,8,50.0,3,Normal,0.05,0.05,1,2510,1539,3.0,3.0,2,0,2
Full,5,712,train,heuristic,agent_win,10.0,8,42.0,2,Easy,0.05,0.05500000000000001,1,2514,1541,3.0,3.0,3,0,1
Full,5,713,train,heuristic,agent_win,10.0,8,34.0,2,Easy,0.05,0.05500000000000001,1,2518,1544,3.0,3.0,3,0,1
Full,5,714,train,heuristic,agent_win,10.0,6,26.0,2,Easy,0.05,0.05500000000000001,1,2521,1546,3.0,3.0,2,0,1
Full,5,715,train,heuristic,agent_win,10.0,6,18.0,1,Very Easy,0.05,0.0675,1,2524,1548,3.0,3.0,2,0,1
Full,5,716,train,heuristic,agent_win,10.0,6,10.0,1,Very Easy,0.05,0.0675,1,2527,1549,3.0,3.0,3,0,0
Full,5,717,train,heuristic,agent_win,10.0,8,2.0,1,Very Easy,0.05,0.0675,1,2531,1551,3.0,3.0,3,0,1
Full,5,718,train,heuristic,player_win,-10.0,7,12.0,1,Very Easy,0.05,0.0675,1,2534,1553,0.0,0.0,2,1,0
Full,5,719,train,heuristic,player_win,-10.0,5,22.0,1,Very Easy,0.05,0.0675,1,2536,1554,0.0,0.0,1,0,1
Full,5,720,train,heuristic,player_win,-10.0,7,32.0,2,Easy,0.05,0.05500000000000001,1,2539,1556,0.0,0.0,2,0,1
Full,5,721,train,heuristic,player_win,-10.0,9,42.0,2,Easy,0.05,0.05500000000000001,1,2543,1559,0.0,0.0,2,0,2
Full,5,722,train,heuristic,agent_win,10.0,6,34.0,2,Easy,0.05,0.05500000000000001,1,2546,1561,3.0,3.0,2,0,1
Full,5,723,train,heuristic,agent_win,10.0,8,26.0,2,Easy,0.05,0.05500000000000001,1,2550,1563,3.0,3.0,3,0,1
Full,5,724,train,heuristic,player_win,-10.0,5,36.0,2,Easy,0.05,0.05500000000000001,1,2552,1564,0.0,0.0,1,0,1
Full,5,725,train,heuristic,player_win,-10.0,9,46.0,3,Normal,0.05,0.05,1,2556,1567,0.0,0.0,2,1,1
Full,5,726,train,heuristic,agent_win,10.0,10,38.0,2,Easy,0.05,0.05500000000000001,1,2561,1571,3.0,3.0,3,1,1
Full,5,727,train,heuristic,player_win,-10.0,13,48.0,3,Normal,0.05,0.05,1,2567,1576,0.0,0.0,3,0,3
Full,5,728,train,heuristic,player_win,-10.0,7,58.0,3,Normal,0.05,0.05,1,2570,1578,0.0,0.0,2,0,1
Full,5,729,train,heuristic,player_win,-10.0,15,68.0,4,Hard,0.05,0.05,1,2577,1584,0.0,0.0,4,0,3
Full,5,730,train,heuristic,player_win,-10.0,5,78.0,4,Hard,0.05,0.05,1,2579,1585,0.0,0.0,1,0,1
Full,5,731,train,heuristic,agent_win,10.0,6,70.0,4,Hard,0.05,0.05,1,2582,1586,3.0,3.0,3,0,0
Full,5,732,train,heuristic,agent_win,10.0,6,62.0,3,Normal,0.05,0.05,1,2585,1586,2.0999999999999996,2.0999999999999996,3,0,0
Full,5,733,train,heuristic,player_win,-10.0,7,72.0,4,Hard,0.05,0.05,1,2588,1587,0.0,0.0,2,0,1
Full,5,734,train,heuristic,agent_win,10.0,6,64.0,3,Normal,0.05,0.05,1,2591,1588,3.0,3.0,3,0,0
Full,5,735,train,heuristic,player_win,-10.0,5,74.0,4,Hard,0.05,0.05,1,2593,1588,0.0,0.0,2,0,0
Full,5,736,train,heuristic,agent_win,10.0,6,66.0,4,Hard,0.05,0.05,1,2596,1590,3.0,3.0,3,0,0
Full,5,737,train,heuristic,agent_win,10.0,8,58.0,3,Normal,0.05,0.05,1,2600,1592,3.0,3.0,2,0,2
Full,5,738,train,heuristic,agent_win,10.0,6,50.0,3,Normal,0.05,0.05,1,2603,1593,3.0,3.0,3,0,0
Full,5,739,train,heuristic,agent_win,10.0,6,42.0,2,Easy,0.05,0.05500000000000001,1,2606,1594,3.0,3.0,3,0,0
Full,5,740,train,heuristic,agent_win,10.0,8,34.0,2,Easy,0.05,0.05500000000000001,1,2610,1597,3.0,3.0,1,0,3
Full,5,741,train,heuristic,agent_win,10.0,6,26.0,2,Easy,0.05,0.05500000000000001,1,2613,1597,1.4699999999999998,1.4699999999999998,2,0,1
Full,5,742,train,heuristic,player_win,-10.0,7,36.0,2,Easy,0.05,0.05500000000000001,1,2616,1599,0.0,0.0,2,0,1
Full,5,743,train,heuristic,agent_win,10.0,10,28.0,2,Easy,0.05,0.05500000000000001,1,2621,1602,3.0,3.0,3,0,2
Full,5,744,train,heuristic,agent_win,10.0,6,20.0,1,Very Easy,0.05,0.0675,1,2624,1604,3.0,3.0,2,0,1
Full,5,745,train,heuristic,player_win,-10.0,7,30.0,2,Easy,0.05,0.05500000000000001,1,2627,1606,0.0,0.0,2,0,1
Full,5,746,train,heuristic,agent_win,10.0,6,22.0,1,Very Easy,0.05,0.0675,1,2630,1606,2.0999999999999996,2.0999999999999996,3,0,0
Full,5,747,train,heuristic,agent_win,10.0,6,14.0,1,Very Easy,0.05,0.0675,1,2633,1606,1.4699999999999998,1.4699999999999998,3,0,0
Full,5,748,train,heuristic,player_win,-10.0,5,24.0,1,Very Easy,0.05,0.0675,1,2635,1606,0.0,0.0,1,0,1
Full,5,749,train,heuristic,agent_win,10.0,8,16.0,1,Very Easy,0.05,0.0675,1,2639,1609,3.0,3.0,2,0,2
Full,5,750,train,heuristic,player_win,-10.0,11,26.0,2,Easy,0.05,0.05500000000000001,1,2644,1613,0.0,0.0,3,0,2
Full,5,751,train,heuristic,agent_win,10.0,8,18.0,1,Very Easy,0.05,0.0675,1,2648,1616,3.0,3.0,3,0,1
Full,5,752,train,heuristic,player_win,-10.0,7,28.0,2,Easy,0.05,0.05500000000000001,1,2651,1618,0.0,0.0,2,0,1
Full,5,753,train,heuristic,player_win,-10.0,7,38.0,2,Easy,0.05,0.05500000000000001,1,2654,1618,0.0,0.0,2,0,1
Full,5,754,train,heuristic,agent_win,10.0,8,30.0,2,Easy,0.05,0.05500000000000001,1,2658,1620,3.0,3.0,2,0,2
Full,5,755,train,heuristic,agent_win,10.0,6,22.0,1,Very Easy,0.05,0.0675,1,2661,1621,3.0,3.0,2,0,1
Full,5,756,train,heuristic,player_win,-10.0,9,32.0,2,Easy,0.05,0.05500000000000001,1,2665,1624,0.0,0.0,3,0,1
Full,5,757,train,heuristic,agent_win,10.0,10,24.0,1,Very Easy,0.05,0.0675,1,2670,1628,3.0,3.0,3,0,2
Full,5,758,train,heuristic,agent_win,10.0,8,16.0,1,Very Easy,0.05,0.0675,1,2674,1631,3.0,3.0,2,0,2
Full,5,759,train,heuristic,agent_win,10.0,6,8.0,1,Very Easy,0.05,0.0675,1,2677,1631,2.0999999999999996,2.0999999999999996,2,0,1
Full,5,760,train,heuristic,agent_win,10.0,6,0.0,1,Very Easy,0.05,0.0675,1,2680,1633,3.0,3.0,1,0,2
Full,5,761,train,heuristic,player_win,-10.0,7,10.0,1,Very Easy,0.05,0.0675,1,2683,1634,0.0,0.0,1,0,2
Full,5,762,train,heuristic,player_win,-10.0,7,20.0,1,Very Easy,0.05,0.0675,1,2686,1636,0.0,0.0,2,0,1
Full,5,763,train,heuristic,player_win,-10.0,9,30.0,2,Easy,0.05,0.05500000000000001,1,2690,1639,0.0,0.0,2,0,2
Full,5,764,train,heuristic,player_win,-10.0,11,40.0,2,Easy,0.05,0.05500000000000001,1,2695,1641,0.0,0.0,2,0,3
Full,5,765,train,heuristic,player_win,-10.0,7,50.0,3,Normal,0.05,0.05,1,2698,1643,0.0,0.0,1,0,2
Full,5,766,train,heuristic,agent_win,10.0,10,42.0,2,Easy,0.05,0.05500000000000001,1,2703,1646,3.0,3.0,3,0,2
Full,5,767,train,heuristic,player_win,-10.0,11,52.0,3,Normal,0.05,0.05,1,2708,1649,0.0,0.0,2,0,3
Full,5,768,train,heuristic,player_win,-10.0,5,62.0,3,Normal,0.05,0.05,1,2710,1650,0.0,0.0,1,0,1
Full,5,769,train,heuristic,player_win,-10.0,7,72.0,4,Hard,0.05,0.05,1,2713,1650,0.0,0.0,3,0,0
Full,5,770,train,heuristic,agent_win,10.0,8,64.0,3,Normal,0.05,0.05,1,2717,1651,3.0,3.0,3,0,1
Full,5,771,train,heuristic,agent_win,10.0,8,56.0,3,Normal,0.05,0.05,1,2721,1654,3.0,3.0,3,0,1
Full,5,772,train,heuristic,player_win,-10.0,13,66.0,4,Hard,0.05,0.05,1,2727,1658,0.0,0.0,3,1,2
Full,5,773,train,heuristic,agent_win,10.0,6,58.0,3,Normal,0.05,0.05,1,2730,1660,3.0,3.0,2,0,1
Full,5,774,train,heuristic,player_win,-10.0,5,68.0,4,Hard,0.05,0.05,1,2732,1661,0.0,0.0,2,0,0
Full,5,775,train,heuristic,player_win,-10.0,7,78.0,4,Hard,0.05,0.05,1,2735,1663,0.0,0.0,3,0,0
Full,5,776,train,heuristic,player_win,-10.0,9,88.0,5,Expert,0.05,0.05,1,2739,1663,0.0,0.0,3,0,1
Full,5,777,train,heuristic,player_win,-10.0,9,98.0,5,Expert,0.05,0.05,1,2743,1663,0.0,0.0,4,0,0
Full,5,778,train,heuristic,agent_win,10.0,6,90.0,5,Expert,0.05,0.05,1,2746,1664,3.0,3.0,3,0,0
Full,5,779,train,heuristic,player_win,-10.0,7,100.0,5,Expert,0.05,0.05,1,2749,1665,0.0,0.0,3,0,0
Full,5,780,train,heuristic,player_win,-10.0,5,100.0,5,Expert,0.05,0.05,1,2751,1665,0.0,0.0,2,0,0
Full,5,781,train,heuristic,agent_win,10.0,12,92.0,5,Expert,0.05,0.05,1,2757,1669,3.0,3.0,6,0,0
Full,5,782,train,heuristic,player_win,-10.0,5,100.0,5,Expert,0.05,0.05,1,2759,1670,0.0,0.0,2,0,0
Full,5,783,train,heuristic,agent_win,10.0,6,92.0,5,Expert,0.05,0.05,1,2762,1671,3.0,3.0,3,0,0
Full,5,784,train,heuristic,player_win,-10.0,9,100.0,5,Expert,0.05,0.05,1,2766,1671,0.0,0.0,4,0,0
Full,5,785,train,heuristic,agent_win,10.0,6,92.0,5,Expert,0.05,0.05,1,2769,1671,1.029,1.029,3,0,0
Full,5,786,train,heuristic,agent_win,10.0,6,84.0,5,Expert,0.05,0.05,1,2772,1671,2.0999999999999996,2.0999999999999996,3,0,0
Full,5,787,train,heuristic,player_win,-10.0,7,94.0,5,Expert,0.05,0.05,1,2775,1673,0.0,0.0,2,0,1
Full,5,788,train,heuristic,agent_win,10.0,6,86.0,5,Expert,0.05,0.05,1,2778,1674,3.0,3.0,3,0,0
Full,5,789,train,heuristic,agent_win,10.0,6,78.0,4,Hard,0.05,0.05,1,2781,1676,3.0,3.0,3,0,0
Full,5,790,train,heuristic,agent_win,10.0,6,70.0,4,Hard,0.05,0.05,1,2784,1677,3.0,3.0,2,0,1
Full,5,791,train,heuristic,player_win,-10.0,7,80.0,5,Expert,0.05,0.05,1,2787,1677,0.0,0.0,3,0,0
Full,5,792,train,heuristic,player_win,-10.0,5,90.0,5,Expert,0.05,0.05,1,2789,1678,0.0,0.0,2,0,0
Full,5,793,train,heuristic,player_win,-10.0,7,100.0,5,Expert,0.05,0.05,1,2792,1679,0.0,0.0,2,0,1
Full,5,794,train,heuristic,agent_win,10.0,6,92.0,5,Expert,0.05,0.05,1,2795,1681,3.0,3.0,2,0,1
Full,5,795,train,heuristic,agent_win,10.0,6,84.0,5,Expert,0.05,0.05,1,2798,1682,3.0,3.0,3,0,0
Full,5,796,train,heuristic,player_win,-10.0,7,94.0,5,Expert,0.05,0.05,1,2801,1682,0.0,0.0,3,0,0
Full,5,797,train,heuristic,agent_win,10.0,6,86.0,5,Expert,0.05,0.05,1,2804,1682,2.0999999999999996,2.0999999999999996,3,0,0
Full,5,798,train,heuristic,agent_win,10.0,8,78.0,4,Hard,0.05,0.05,1,2808,1684,3.0,3.0,4,0,0
Full,5,799,train,heuristic,player_win,-10.0,7,88.0,5,Expert,0.05,0.05,1,2811,1686,0.0,0.0,2,0,1
Full,5,800,train,heuristic,agent_win,10.0,6,80.0,5,Expert,0.05,0.05,1,2814,1686,2.0999999999999996,2.0999999999999996,3,0,0
Full,5,801,eval,heuristic,agent_win,10.0,8,72.0,4,Hard,0.05,0.0,0,2814,1686,0.0,0.0,4,0,0
Full,5,802,eval,heuristic,player_win,-10.0,5,82.0,5,Expert,0.05,0.0,0,2814,1686,0.0,0.0,2,0,0
Full,5,803,eval,heuristic,agent_win,10.0,6,74.0,4,Hard,0.05,0.0,0,2814,1686,0.0,0.0,3,0,0
Full,5,804,eval,heuristic,agent_win,10.0,6,66.0,4,Hard,0.05,0.0,0,2814,1686,0.0,0.0,3,0,0
Full,5,805,eval,heuristic,agent_win,10.0,6,58.0,3,Normal,0.05,0.0,0,2814,1686,0.0,0.0,3,0,0
Full,5,806,eval,heuristic,agent_win,10.0,8,50.0,3,Normal,0.05,0.0,0,2814,1686,0.0,0.0,3,0,1
Full,5,807,eval,heuristic,player_win,-10.0,7,60.0,3,Normal,0.05,0.0,0,2814,1686,0.0,0.0,2,0,1
Full,5,808,eval,heuristic,agent_win,10.0,12,52.0,3,Normal,0.05,0.0,0,2814,1686,0.0,0.0,5,0,1
Full,5,809,eval,heuristic,agent_win,10.0,8,44.0,2,Easy,0.05,0.0,0,2814,1686,0.0,0.0,2,0,2
Full,5,810,eval,heuristic,agent_win,10.0,10,36.0,2,Easy,0.05,0.0,0,2814,1686,0.0,0.0,3,0,2
Full,5,811,eval,heuristic,agent_win,10.0,6,28.0,2,Easy,0.05,0.0,0,2814,1686,0.0,0.0,2,0,1
Full,5,812,eval,heuristic,player_win,-10.0,7,38.0,2,Easy,0.05,0.0,0,2814,1686,0.0,0.0,1,0,2
Full,5,813,eval,heuristic,player_win,-10.0,9,48.0,3,Normal,0.05,0.0,0,2814,1686,0.0,0.0,3,0,1
Full,5,814,eval,heuristic,player_win,-10.0,5,58.0,3,Normal,0.05,0.0,0,2814,1686,0.0,0.0,2,0,0
Full,5,815,eval,heuristic,agent_win,10.0,6,50.0,3,Normal,0.05,0.0,0,2814,1686,0.0,0.0,1,0,2
Full,5,816,eval,heuristic,agent_win,10.0,8,42.0,2,Easy,0.05,0.0,0,2814,1686,0.0,0.0,2,0,2
Full,5,817,eval,heuristic,agent_win,10.0,10,34.0,2,Easy,0.05,0.0,0,2814,1686,0.0,0.0,3,0,2
Full,5,818,eval,heuristic,player_win,-10.0,9,44.0,2,Easy,0.05,0.0,0,2814,1686,0.0,0.0,1,0,3
Full,5,819,eval,heuristic,agent_win,10.0,8,36.0,2,Easy,0.05,0.0,0,2814,1686,0.0,0.0,3,0,1
Full,5,820,eval,heuristic,player_win,-10.0,11,46.0,3,Normal,0.05,0.0,0,2814,1686,0.0,0.0,2,0,3
Full,5,821,eval,heuristic,agent_win,10.0,8,38.0,2,Easy,0.05,0.0,0,2814,1686,0.0,0.0,3,0,1
Full,5,822,eval,heuristic,agent_win,10.0,12,30.0,2,Easy,0.05,0.0,0,2814,1686,0.0,0.0,5,0,1
Full,5,823,eval,heuristic,player_win,-10.0,9,40.0,2,Easy,0.05,0.0,0,2814,1686,0.0,0.0,3,0,1
Full,5,824,eval,heuristic,player_win,-10.0,13,50.0,3,Normal,0.05,0.0,0,2814,1686,0.0,0.0,2,0,4
Full,5,825,eval,heuristic,agent_win,10.0,6,42.0,2,Easy,0.05,0.0,0,2814,1686,0.0,0.0,3,0,0
Full,5,826,eval,heuristic,player_win,-10.0,5,52.0,3,Normal,0.05,0.0,0,2814,1686,0.0,0.0,2,0,0
Full,5,827,eval,heuristic,agent_win,10.0,6,44.0,2,Easy,0.05,0.0,0,2814,1686,0.0,0.0,3,0,0
Full,5,828,eval,heuristic,player_win,-10.0,7,54.0,3,Normal,0.05,0.0,0,2814,1686,0.0,0.0,1,0,2
Full,5,829,eval,heuristic,player_win,-10.0,11,64.0,3,Normal,0.05,0.0,0,2814,1686,0.0,0.0,3,0,2
Full,5,830,eval,heuristic,agent_win,10.0,6,56.0,3,Normal,0.05,0.0,0,2814,1686,0.0,0.0,2,0,1
Full,5,831,eval,heuristic,agent_win,10.0,8,48.0,3,Normal,0.05,0.0,0,2814,1686,0.0,0.0,3,0,1
Full,5,832,eval,heuristic,agent_win,10.0,6,40.0,2,Easy,0.05,0.0,0,2814,1686,0.0,0.0,2,0,1
Full,5,833,eval,heuristic,player_win,-10.0,7,50.0,3,Normal,0.05,0.0,0,2814,1686,0.0,0.0,2,0,1
Full,5,834,eval,heuristic,player_win,-10.0,7,60.0,3,Normal,0.05,0.0,0,2814,1686,0.0,0.0,3,0,0
Full,5,835,eval,heuristic,agent_win,10.0,6,52.0,3,Normal,0.05,0.0,0,2814,1686,0.0,0.0,3,0,0
Full,5,836,eval,heuristic,agent_win,10.0,6,44.0,2,Easy,0.05,0.0,0,2814,1686,0.0,0.0,3,0,0
Full,5,837,eval,heuristic,player_win,-10.0,9,54.0,3,Normal,0.05,0.0,0,2814,1686,0.0,0.0,1,0,3
Full,5,838,eval,heuristic,agent_win,10.0,10,46.0,3,Normal,0.05,0.0,0,2814,1686,0.0,0.0,4,0,1
Full,5,839,eval,heuristic,agent_win,10.0,6,38.0,2,Easy,0.05,0.0,0,2814,1686,0.0,0.0,3,0,0
Full,5,840,eval,heuristic,agent_win,10.0,10,30.0,2,Easy,0.05,0.0,0,2814,1686,0.0,0.0,3,0,2
Full,5,841,eval,heuristic,player_win,-10.0,9,40.0,2,Easy,0.05,0.0,0,2814,1686,0.0,0.0,1,0,3
Full,5,842,eval,heuristic,agent_win,10.0,6,32.0,2,Easy,0.05,0.0,0,2814,1686,0.0,0.0,2,0,1
Full,5,843,eval,heuristic,agent_win,10.0,8,24.0,1,Very Easy,0.05,0.0,0,2814,1686,0.0,0.0,3,0,1
Full,5,844,eval,heuristic,player_win,-10.0,7,34.0,2,Easy,0.05,0.0,0,2814,1686,0.0,0.0,2,0,1
Full,5,845,eval,heuristic,draw,3.0,16,37.0,2,Easy,0.05,0.0,0,2814,1686,0.0,0.0,5,0,3
Full,5,846,eval,heuristic,agent_win,10.0,10,29.0,2,Easy,0.05,0.0,0,2814,1686,0.0,0.0,2,0,3
Full,5,847,eval,heuristic,player_win,-10.0,11,39.0,2,Easy,0.05,0.0,0,2814,1686,0.0,0.0,3,0,2
Full,5,848,eval,heuristic,player_win,-10.0,7,49.0,3,Normal,0.05,0.0,0,2814,1686,0.0,0.0,1,0,2
Full,5,849,eval,heuristic,agent_win,10.0,8,41.0,2,Easy,0.05,0.0,0,2814,1686,0.0,0.0,3,0,1
Full,5,850,eval,heuristic,agent_win,10.0,8,33.0,2,Easy,0.05,0.0,0,2814,1686,0.0,0.0,2,0,2
Full,5,851,eval,heuristic,agent_win,10.0,8,25.0,2,Easy,0.05,0.0,0,2814,1686,0.0,0.0,2,0,2
Full,5,852,eval,heuristic,player_win,-10.0,9,35.0,2,Easy,0.05,0.0,0,2814,1686,0.0,0.0,2,0,2
Full,5,853,eval,heuristic,agent_win,10.0,6,27.0,2,Easy,0.05,0.0,0,2814,1686,0.0,0.0,2,0,1
Full,5,854,eval,heuristic,player_win,-10.0,5,37.0,2,Easy,0.05,0.0,0,2814,1686,0.0,0.0,1,0,1
Full,5,855,eval,heuristic,player_win,-10.0,7,47.0,3,Normal,0.05,0.0,0,2814,1686,0.0,0.0,1,0,2
Full,5,856,eval,heuristic,player_win,-10.0,7,57.0,3,Normal,0.05,0.0,0,2814,1686,0.0,0.0,2,0,1
Full,5,857,eval,heuristic,player_win,-10.0,7,67.0,4,Hard,0.05,0.0,0,2814,1686,0.0,0.0,3,0,0
Full,5,858,eval,heuristic,player_win,-10.0,9,77.0,4,Hard,0.05,0.0,0,2814,1686,0.0,0.0,2,0,2
Full,5,859,eval,heuristic,agent_win,10.0,6,69.0,4,Hard,0.05,0.0,0,2814,1686,0.0,0.0,3,0,0
Full,5,860,eval,heuristic,agent_win,10.0,6,61.0,3,Normal,0.05,0.0,0,2814,1686,0.0,0.0,2,0,1
Full,5,861,eval,heuristic,agent_win,10.0,6,53.0,3,Normal,0.05,0.0,0,2814,1686,0.0,0.0,3,0,0
Full,5,862,eval,heuristic,player_win,-10.0,5,63.0,3,Normal,0.05,0.0,0,2814,1686,0.0,0.0,2,0,0
Full,5,863,eval,heuristic,agent_win,10.0,8,55.0,3,Normal,0.05,0.0,0,2814,1686,0.0,0.0,2,0,2
Full,5,864,eval,heuristic,player_win,-10.0,7,65.0,4,Hard,0.05,0.0,0,2814,1686,0.0,0.0,2,0,1
Full,5,865,eval,heuristic,player_win,-10.0,9,75.0,4,Hard,0.05,0.0,0,2814,1686,0.0,0.0,3,0,1
Full,5,866,eval,heuristic,player_win,-10.0,7,85.0,5,Expert,0.05,0.0,0,2814,1686,0.0,0.0,2,0,1
Full,5,867,eval,heuristic,agent_win,10.0,6,77.0,4,Hard,0.05,0.0,0,2814,1686,0.0,0.0,3,0,0
Full,5,868,eval,heuristic,agent_win,10.0,12,69.0,4,Hard,0.05,0.0,0,2814,1686,0.0,0.0,6,0,0
Full,5,869,eval,heuristic,agent_win,10.0,6,61.0,3,Normal,0.05,0.0,0,2814,1686,0.0,0.0,3,0,0
Full,5,870,eval,heuristic,agent_win,10.0,8,53.0,3,Normal,0.05,0.0,0,2814,1686,0.0,0.0,3,0,1
Full,5,871,eval,heuristic,agent_win,10.0,8,45.0,3,Normal,0.05,0.0,0,2814,1686,0.0,0.0,3,0,1
Full,5,872,eval,heuristic,agent_win,10.0,6,37.0,2,Easy,0.05,0.0,0,2814,1686,0.0,0.0,2,0,1
Full,5,873,eval,heuristic,player_win,-10.0,5,47.0,3,Normal,0.05,0.0,0,2814,1686,0.0,0.0,2,0,0
Full,5,874,eval,heuristic,player_win,-10.0,13,57.0,3,Normal,0.05,0.0,0,2814,1686,0.0,0.0,4,0,2
Full,5,875,eval,heuristic,player_win,-10.0,9,67.0,4,Hard,0.05,0.0,0,2814,1686,0.0,0.0,3,0,1
Full,5,876,eval,heuristic,agent_win,10.0,8,59.0,3,Normal,0.05,0.0,0,2814,1686,0.0,0.0,4,0,0
Full,5,877,eval,heuristic,player_win,-10.0,9,69.0,4,Hard,0.05,0.0,0,2814,1686,0.0,0.0,2,0,2
Full,5,878,eval,heuristic,agent_win,10.0,8,61.0,3,Normal,0.05,0.0,0,2814,1686,0.0,0.0,2,0,2
Full,5,879,eval,heuristic,player_win,-10.0,9,71.0,4,Hard,0.05,0.0,0,2814,1686,0.0,0.0,3,0,1
Full,5,880,eval,heuristic,player_win,-10.0,7,81.0,5,Expert,0.05,0.0,0,2814,1686,0.0,0.0,2,0,1
Full,5,881,eval,heuristic,agent_win,10.0,8,73.0,4,Hard,0.05,0.0,0,2814,1686,0.0,0.0,3,0,1
Full,5,882,eval,heuristic,agent_win,10.0,6,65.0,4,Hard,0.05,0.0,0,2814,1686,0.0,0.0,2,0,1
Full,5,883,eval,heuristic,agent_win,10.0,6,57.0,3,Normal,0.05,0.0,0,2814,1686,0.0,0.0,3,0,0
Full,5,884,eval,heuristic,agent_win,10.0,8,49.0,3,Normal,0.05,0.0,0,2814,1686,0.0,0.0,3,0,1
Full,5,885,eval,heuristic,player_win,-10.0,9,59.0,3,Normal,0.05,0.0,0,2814,1686,0.0,0.0,2,0,2
Full,5,886,eval,heuristic,agent_win,10.0,12,51.0,3,Normal,0.05,0.0,0,2814,1686,0.0,0.0,5,0,1
Full,5,887,eval,heuristic,player_win,-10.0,5,61.0,3,Normal,0.05,0.0,0,2814,1686,0.0,0.0,1,0,1
Full,5,888,eval,heuristic,agent_win,10.0,6,53.0,3,Normal,0.05,0.0,0,2814,1686,0.0,0.0,3,0,0
Full,5,889,eval,heuristic,agent_win,10.0,8,45.0,3,Normal,0.05,0.0,0,2814,1686,0.0,0.0,2,0,2
Full,5,890,eval,heuristic,agent_win,10.0,10,37.0,2,Easy,0.05,0.0,0,2814,1686,0.0,0.0,3,0,2
Full,5,891,eval,heuristic,player_win,-10.0,7,47.0,3,Normal,0.05,0.0,0,2814,1686,0.0,0.0,2,0,1
Full,5,892,eval,heuristic,agent_win,10.0,6,39.0,2,Easy,0.05,0.0,0,2814,1686,0.0,0.0,1,0,2
Full,5,893,eval,heuristic,agent_win,10.0,6,31.0,2,Easy,0.05,0.0,0,2814,1686,0.0,0.0,2,0,1
Full,5,894,eval,heuristic,agent_win,10.0,10,23.0,1,Very Easy,0.05,0.0,0,2814,1686,0.0,0.0,2,0,3
Full,5,895,eval,heuristic,player_win,-10.0,7,33.0,2,Easy,0.05,0.0,0,2814,1686,0.0,0.0,1,0,2
Full,5,896,eval,heuristic,agent_win,10.0,10,25.0,2,Easy,0.05,0.0,0,2814,1686,0.0,0.0,2,0,3
Full,5,897,eval,heuristic,agent_win,10.0,6,17.0,1,Very Easy,0.05,0.0,0,2814,1686,0.0,0.0,3,0,0
Full,5,898,eval,heuristic,agent_win,10.0,8,9.0,1,Very Easy,0.05,0.0,0,2814,1686,0.0,0.0,2,0,2
Full,5,899,eval,heuristic,player_win,-10.0,5,19.0,1,Very Easy,0.05,0.0,0,2814,1686,0.0,0.0,1,0,1
Full,5,900,eval,heuristic,player_win,-10.0,7,29.0,2,Easy,0.05,0.0,0,2814,1686,0.0,0.0,1,0,2
Full,5,901,eval,heuristic,player_win,-10.0,9,39.0,2,Easy,0.05,0.0,0,2814,1686,0.0,0.0,2,0,2
Full,5,902,eval,heuristic,player_win,-10.0,7,49.0,3,Normal,0.05,0.0,0,2814,1686,0.0,0.0,1,0,2
Full,5,903,eval,heuristic,player_win,-10.0,5,59.0,3,Normal,0.05,0.0,0,2814,1686,0.0,0.0,1,0,1
Full,5,904,eval,heuristic,agent_win,10.0,6,51.0,3,Normal,0.05,0.0,0,2814,1686,0.0,0.0,2,0,1
Full,5,905,eval,heuristic,player_win,-10.0,5,61.0,3,Normal,0.05,0.0,0,2814,1686,0.0,0.0,2,0,0
Full,5,906,eval,heuristic,agent_win,10.0,12,53.0,3,Normal,0.05,0.0,0,2814,1686,0.0,0.0,3,0,3
Full,5,907,eval,heuristic,agent_win,10.0,6,45.0,3,Normal,0.05,0.0,0,2814,1686,0.0,0.0,3,0,0
Full,5,908,eval,heuristic,player_win,-10.0,11,55.0,3,Normal,0.05,0.0,0,2814,1686,0.0,0.0,3,0,2
Full,5,909,eval,heuristic,agent_win,10.0,8,47.0,3,Normal,0.05,0.0,0,2814,1686,0.0,0.0,2,0,2
Full,5,910,eval,heuristic,player_win,-10.0,5,57.0,3,Normal,0.05,0.0,0,2814,1686,0.0,0.0,1,0,1
Full,5,911,eval,heuristic,player_win,-10.0,7,67.0,4,Hard,0.05,0.0,0,2814,1686,0.0,0.0,3,0,0
Full,5,912,eval,heuristic,agent_win,10.0,8,59.0,3,Normal,0.05,0.0,0,2814,1686,0.0,0.0,4,0,0
Full,5,913,eval,heuristic,player_win,-10.0,7,69.0,4,Hard,0.05,0.0,0,2814,1686,0.0,0.0,1,0,2
Full,5,914,eval,heuristic,agent_win,10.0,6,61.0,3,Normal,0.05,0.0,0,2814,1686,0.0,0.0,3,0,0
Full,5,915,eval,heuristic,player_win,-10.0,5,71.0,4,Hard,0.05,0.0,0,2814,1686,0.0,0.0,1,0,1
Full,5,916,eval,heuristic,agent_win,10.0,6,63.0,3,Normal,0.05,0.0,0,2814,1686,0.0,0.0,3,0,0
Full,5,917,eval,heuristic,agent_win,10.0,6,55.0,3,Normal,0.05,0.0,0,2814,1686,0.0,0.0,2,0,1
Full,5,918,eval,heuristic,agent_win,10.0,8,47.0,3,Normal,0.05,0.0,0,2814,1686,0.0,0.0,3,0,1
Full,5,919,eval,heuristic,agent_win,10.0,8,39.0,2,Easy,0.05,0.0,0,2814,1686,0.0,0.0,2,0,2
Full,5,920,eval,heuristic,agent_win,10.0,6,31.0,2,Easy,0.05,0.0,0,2814,1686,0.0,0.0,2,0,1
Full,5,921,eval,heuristic,draw,3.0,16,34.0,2,Easy,0.05,0.0,0,2814,1686,0.0,0.0,6,0,2
Full,5,922,eval,heuristic,agent_win,10.0,8,26.0,2,Easy,0.05,0.0,0,2814,1686,0.0,0.0,2,0,2
Full,5,923,eval,heuristic,agent_win,10.0,8,18.0,1,Very Easy,0.05,0.0,0,2814,1686,0.0,0.0,3,0,1
Full,5,924,eval,heuristic,agent_win,10.0,8,10.0,1,Very Easy,0.05,0.0,0,2814,1686,0.0,0.0,3,0,1
Full,5,925,eval,heuristic,agent_win,10.0,10,2.0,1,Very Easy,0.05,0.0,0,2814,1686,0.0,0.0,2,0,3
Full,5,926,eval,heuristic,agent_win,10.0,10,0.0,1,Very Easy,0.05,0.0,0,2814,1686,0.0,0.0,3,0,2
Full,5,927,eval,heuristic,player_win,-10.0,7,10.0,1,Very Easy,0.05,0.0,0,2814,1686,0.0,0.0,1,0,2
Full,5,928,eval,heuristic,player_win,-10.0,7,20.0,1,Very Easy,0.05,0.0,0,2814,1686,0.0,0.0,1,0,2
Full,5,929,eval,heuristic,player_win,-10.0,7,30.0,2,Easy,0.05,0.0,0,2814,1686,0.0,0.0,2,0,1
Full,5,930,eval,heuristic,agent_win,10.0,6,22.0,1,Very Easy,0.05,0.0,0,2814,1686,0.0,0.0,2,0,1
Full,5,931,eval,heuristic,agent_win,10.0,10,14.0,1,Very Easy,0.05,0.0,0,2814,1686,0.0,0.0,3,0,2
Full,5,932,eval,heuristic,player_win,-10.0,5,24.0,1,Very Easy,0.05,0.0,0,2814,1686,0.0,0.0,1,0,1
Full,5,933,eval,heuristic,agent_win,10.0,10,16.0,1,Very Easy,0.05,0.0,0,2814,1686,0.0,0.0,1,0,4
Full,5,934,eval,heuristic,agent_win,10.0,8,8.0,1,Very Easy,0.05,0.0,0,2814,1686,0.0,0.0,2,0,2
Full,5,935,eval,heuristic,agent_win,10.0,6,0.0,1,Very Easy,0.05,0.0,0,2814,1686,0.0,0.0,1,0,2
Full,5,936,eval,heuristic,agent_win,10.0,12,0.0,1,Very Easy,0.05,0.0,0,2814,1686,0.0,0.0,3,0,3
Full,5,937,eval,heuristic,player_win,-10.0,9,10.0,1,Very Easy,0.05,0.0,0,2814,1686,0.0,0.0,2,0,2
Full,5,938,eval,heuristic,player_win,-10.0,5,20.0,1,Very Easy,0.05,0.0,0,2814,1686,0.0,0.0,1,0,1
Full,5,939,eval,heuristic,player_win,-10.0,9,30.0,2,Easy,0.05,0.0,0,2814,1686,0.0,0.0,3,0,1
Full,5,940,eval,heuristic,player_win,-10.0,9,40.0,2,Easy,0.05,0.0,0,2814,1686,0.0,0.0,2,0,2
Full,5,941,eval,heuristic,player_win,-10.0,11,50.0,3,Normal,0.05,0.0,0,2814,1686,0.0,0.0,4,0,1
Full,5,942,eval,heuristic,agent_win,10.0,6,42.0,2,Easy,0.05,0.0,0,2814,1686,0.0,0.0,2,0,1
Full,5,943,eval,heuristic,player_win,-10.0,7,52.0,3,Normal,0.05,0.0,0,2814,1686,0.0,0.0,2,0,1
Full,5,944,eval,heuristic,agent_win,10.0,8,44.0,2,Easy,0.05,0.0,0,2814,1686,0.0,0.0,4,0,0
Full,5,945,eval,heuristic,player_win,-10.0,9,54.0,3,Normal,0.05,0.0,0,2814,1686,0.0,0.0,2,0,2
Full,5,946,eval,heuristic,agent_win,10.0,8,46.0,3,Normal,0.05,0.0,0,2814,1686,0.0,0.0,3,0,1
Full,5,947,eval,heuristic,player_win,-10.0,9,56.0,3,Normal,0.05,0.0,0,2814,1686,0.0,0.0,3,0,1
Full,5,948,eval,heuristic,player_win,-10.0,5,66.0,4,Hard,0.05,0.0,0,2814,1686,0.0,0.0,1,0,1
Full,5,949,eval,heuristic,agent_win,10.0,12,58.0,3,Normal,0.05,0.0,0,2814,1686,0.0,0.0,6,0,0
Full,5,950,eval,heuristic,player_win,-10.0,9,68.0,4,Hard,0.05,0.0,0,2814,1686,0.0,0.0,3,0,1
Full,5,951,eval,heuristic,agent_win,10.0,8,60.0,3,Normal,0.05,0.0,0,2814,1686,0.0,0.0,3,0,1
Full,5,952,eval,heuristic,player_win,-10.0,7,70.0,4,Hard,0.05,0.0,0,2814,1686,0.0,0.0,3,0,0
Full,5,953,eval,heuristic,agent_win,10.0,6,62.0,3,Normal,0.05,0.0,0,2814,1686,0.0,0.0,3,0,0
Full,5,954,eval,heuristic,player_win,-10.0,11,72.0,4,Hard,0.05,0.0,0,2814,1686,0.0,0.0,2,0,3
Full,5,955,eval,heuristic,agent_win,10.0,6,64.0,3,Normal,0.05,0.0,0,2814,1686,0.0,0.0,3,0,0
Full,5,956,eval,heuristic,player_win,-10.0,9,74.0,4,Hard,0.05,0.0,0,2814,1686,0.0,0.0,4,0,0
Full,5,957,eval,heuristic,agent_win,10.0,6,66.0,4,Hard,0.05,0.0,0,2814,1686,0.0,0.0,3,0,0
Full,5,958,eval,heuristic,player_win,-10.0,7,76.0,4,Hard,0.05,0.0,0,2814,1686,0.0,0.0,2,0,1
Full,5,959,eval,heuristic,player_win,-10.0,7,86.0,5,Expert,0.05,0.0,0,2814,1686,0.0,0.0,2,0,1
Full,5,960,eval,heuristic,player_win,-10.0,5,96.0,5,Expert,0.05,0.0,0,2814,1686,0.0,0.0,2,0,0
Full,5,961,eval,heuristic,agent_win,10.0,6,88.0,5,Expert,0.05,0.0,0,2814,1686,0.0,0.0,3,0,0
Full,5,962,eval,heuristic,player_win,-10.0,9,98.0,5,Expert,0.05,0.0,0,2814,1686,0.0,0.0,4,0,0
Full,5,963,eval,heuristic,agent_win,10.0,6,90.0,5,Expert,0.05,0.0,0,2814,1686,0.0,0.0,3,0,0
Full,5,964,eval,heuristic,player_win,-10.0,11,100.0,5,Expert,0.05,0.0,0,2814,1686,0.0,0.0,5,0,0
Full,5,965,eval,heuristic,agent_win,10.0,6,92.0,5,Expert,0.05,0.0,0,2814,1686,0.0,0.0,3,0,0
Full,5,966,eval,heuristic,agent_win,10.0,6,84.0,5,Expert,0.05,0.0,0,2814,1686,0.0,0.0,3,0,0
Full,5,967,eval,heuristic,agent_win,10.0,6,76.0,4,Hard,0.05,0.0,0,2814,1686,0.0,0.0,3,0,0
Full,5,968,eval,heuristic,agent_win,10.0,6,68.0,4,Hard,0.05,0.0,0,2814,1686,0.0,0.0,3,0,0
Full,5,969,eval,heuristic,agent_win,10.0,6,60.0,3,Normal,0.05,0.0,0,2814,1686,0.0,0.0,3,0,0
Full,5,970,eval,heuristic,agent_win,10.0,8,52.0,3,Normal,0.05,0.0,0,2814,1686,0.0,0.0,2,0,2
Full,5,971,eval,heuristic,agent_win,10.0,8,44.0,2,Easy,0.05,0.0,0,2814,1686,0.0,0.0,2,0,2
Full,5,972,eval,heuristic,player_win,-10.0,9,54.0,3,Normal,0.05,0.0,0,2814,1686,0.0,0.0,2,0,2
Full,5,973,eval,heuristic,player_win,-10.0,11,64.0,3,Normal,0.05,0.0,0,2814,1686,0.0,0.0,3,0,2
Full,5,974,eval,heuristic,agent_win,10.0,6,56.0,3,Normal,0.05,0.0,0,2814,1686,0.0,0.0,2,0,1
Full,5,975,eval,heuristic,player_win,-10.0,11,66.0,4,Hard,0.05,0.0,0,2814,1686,0.0,0.0,3,0,2
Full,5,976,eval,heuristic,agent_win,10.0,8,58.0,3,Normal,0.05,0.0,0,2814,1686,0.0,0.0,3,0,1
Full,5,977,eval,heuristic,player_win,-10.0,9,68.0,4,Hard,0.05,0.0,0,2814,1686,0.0,0.0,4,0,0
Full,5,978,eval,heuristic,agent_win,10.0,6,60.0,3,Normal,0.05,0.0,0,2814,1686,0.0,0.0,3,0,0
Full,5,979,eval,heuristic,player_win,-10.0,7,70.0,4,Hard,0.05,0.0,0,2814,1686,0.0,0.0,3,0,0
Full,5,980,eval,heuristic,agent_win,10.0,6,62.0,3,Normal,0.05,0.0,0,2814,1686,0.0,0.0,3,0,0
Full,5,981,eval,heuristic,player_win,-10.0,9,72.0,4,Hard,0.05,0.0,0,2814,1686,0.0,0.0,3,0,1
Full,5,982,eval,heuristic,player_win,-10.0,7,82.0,5,Expert,0.05,0.0,0,2814,1686,0.0,0.0,3,0,0
Full,5,983,eval,heuristic,agent_win,10.0,6,74.0,4,Hard,0.05,0.0,0,2814,1686,0.0,0.0,3,0,0
Full,5,984,eval,heuristic,agent_win,10.0,6,66.0,4,Hard,0.05,0.0,0,2814,1686,0.0,0.0,2,0,1
Full,5,985,eval,heuristic,agent_win,10.0,8,58.0,3,Normal,0.05,0.0,0,2814,1686,0.0,0.0,4,0,0
Full,5,986,eval,heuristic,player_win,-10.0,9,68.0,4,Hard,0.05,0.0,0,2814,1686,0.0,0.0,2,0,2
Full,5,987,eval,heuristic,player_win,-10.0,9,78.0,4,Hard,0.05,0.0,0,2814,1686,0.0,0.0,3,0,1
Full,5,988,eval,heuristic,player_win,-10.0,5,88.0,5,Expert,0.05,0.0,0,2814,1686,0.0,0.0,2,0,0
Full,5,989,eval,heuristic,agent_win,10.0,8,80.0,5,Expert,0.05,0.0,0,2814,1686,0.0,0.0,3,0,1
Full,5,990,eval,heuristic,agent_win,10.0,6,72.0,4,Hard,0.05,0.0,0,2814,1686,0.0,0.0,3,0,0
Full,5,991,eval,heuristic,agent_win,10.0,6,64.0,3,Normal,0.05,0.0,0,2814,1686,0.0,0.0,3,0,0
Full,5,992,eval,heuristic,player_win,-10.0,9,74.0,4,Hard,0.05,0.0,0,2814,1686,0.0,0.0,2,0,2
Full,5,993,eval,heuristic,agent_win,10.0,8,66.0,4,Hard,0.05,0.0,0,2814,1686,0.0,0.0,3,0,1
Full,5,994,eval,heuristic,agent_win,10.0,8,58.0,3,Normal,0.05,0.0,0,2814,1686,0.0,0.0,3,0,1
Full,5,995,eval,heuristic,agent_win,10.0,8,50.0,3,Normal,0.05,0.0,0,2814,1686,0.0,0.0,3,0,1
Full,5,996,eval,heuristic,agent_win,10.0,8,42.0,2,Easy,0.05,0.0,0,2814,1686,0.0,0.0,1,0,3
Full,5,997,eval,heuristic,player_win,-10.0,5,52.0,3,Normal,0.05,0.0,0,2814,1686,0.0,0.0,1,0,1
Full,5,998,eval,heuristic,player_win,-10.0,11,62.0,3,Normal,0.05,0.0,0,2814,1686,0.0,0.0,3,0,2
Full,5,999,eval,heuristic,agent_win,10.0,6,54.0,3,Normal,0.05,0.0,0,2814,1686,0.0,0.0,1,0,2
Full,5,1000,eval,heuristic,player_win,-10.0,5,64.0,3,Normal,0.05,0.0,0,2814,1686,0.0,0.0,2,0,0
