model,seed,episode,phase,opponent,result,reward,move_count,skill,difficulty,difficulty_name,epsilon,effective_epsilon,q_updates_enabled,q_updates,learned_states,avg_abs_q_change,max_abs_q_change,tactical_moves,epsilon_moves,q_policy_moves
Full,1,1,train,strong,player_win,-10.0,7,60.0,1,Very Easy,0.95,1.0,1,3,3,0.0,0.0,2,1,0
Full,1,2,train,strong,player_win,-10.0,5,70.0,1,Very Easy,0.9025,1.0,1,5,5,0.0,0.0,1,1,0
Full,1,3,train,strong,player_win,-10.0,5,80.0,5,Expert,0.8573749999999999,0.21434374999999997,1,7,6,0.0,0.0,1,1,0
Full,1,4,train,strong,player_win,-10.0,5,90.0,5,Expert,0.8145062499999999,0.20362656249999997,1,9,8,0.0,0.0,2,0,0
Full,1,5,train,strong,player_win,-10.0,5,100.0,5,Expert,0.7737809374999999,0.19344523437499997,1,11,9,0.0,0.0,2,0,0
Full,1,6,train,strong,player_win,-10.0,5,100.0,5,Expert,0.7350918906249998,0.18377297265624995,1,13,11,0.0,0.0,2,0,0
Full,1,7,train,strong,player_win,-10.0,5,100.0,5,Expert,0.6983372960937497,0.17458432402343743,1,15,12,0.0,0.0,2,0,0
Full,1,8,train,strong,player_win,-10.0,7,100.0,5,Expert,0.6634204312890623,0.16585510782226556,1,18,14,0.0,0.0,2,0,1
Full,1,9,train,strong,player_win,-10.0,5,100.0,5,Expert,0.6302494097246091,0.15756235243115227,1,20,15,0.0,0.0,2,0,0
Full,1,10,train,strong,player_win,-10.0,5,100.0,5,Expert,0.5987369392383786,0.14968423480959464,1,22,16,0.0,0.0,2,0,0
Full,1,11,train,strong,player_win,-10.0,5,100.0,5,Expert,0.5688000922764596,0.1422000230691149,1,24,16,0.0,0.0,2,0,0
Full,1,12,train,strong,player_win,-10.0,5,100.0,5,Expert,0.5403600876626365,0.13509002191565914,1,26,17,0.0,0.0,1,0,1
Full,1,13,train,strong,player_win,-10.0,5,100.0,5,Expert,0.5133420832795047,0.12833552081987618,1,28,18,0.0,0.0,2,0,0
Full,1,14,train,strong,player_win,-10.0,5,100.0,5,Expert,0.48767497911552943,0.12191874477888236,1,30,18,0.0,0.0,2,0,0
Full,1,15,train,strong,player_win,-10.0,5,100.0,5,Expert,0.46329123015975293,0.11582280753993823,1,32,18,0.0,0.0,2,0,0
Full,1,16,train,strong,player_win,-10.0,5,100.0,5,Expert,0.44012666865176525,0.11003166716294131,1,34,18,0.0,0.0,2,0,0
Full,1,17,train,strong,player_win,-10.0,5,100.0,5,Expert,0.41812033521917696,0.10453008380479424,1,36,18,0.0,0.0,2,0,0
Full,1,18,train,strong,player_win,-10.0,5,100.0,5,Expert,0.3972143184582181,0.09930357961455452,1,38,19,0.0,0.0,2,0,0
Full,1,19,train,strong,player_win,-10.0,5,100.0,5,Expert,0.37735360253530714,0.09433840063382679,1,40,20,0.0,0.0,2,0,0
Full,1,20,train,strong,player_win,-10.0,5,100.0,5,Expert,0.35848592240854177,0.08962148060213544,1,42,20,0.0,0.0,2,0,0
Full,1,21,train,strong,player_win,-10.0,5,100.0,5,Expert,0.34056162628811465,0.08514040657202866,1,44,20,0.0,0.0,2,0,0
Full,1,22,train,strong,player_win,-10.0,5,100.0,5,Expert,0.3235335449737089,0.08088338624342722,1,46,20,0.0,0.0,2,0,0
Full,1,23,train,strong,player_win,-10.0,5,100.0,5,Expert,0.30735686772502346,0.07683921693125587,1,48,20,0.0,0.0,2,0,0
Full,1,24,train,strong,player_win,-10.0,5,100.0,5,Expert,0.2919890243387723,0.07299725608469307,1,50,21,0.0,0.0,2,0,0
Full,1,25,train,strong,player_win,-10.0,5,100.0,5,Expert,0.27738957312183365,0.06934739328045841,1,52,21,0.0,0.0,2,0,0
Full,1,26,train,strong,player_win,-10.0,5,100.0,5,Expert,0.263520094465742,0.0658800236164355,1,54,21,0.0,0.0,1,0,1
Full,1,27,train,strong,player_win,-10.0,5,100.0,5,Expert,0.25034408974245487,0.06258602243561372,1,56,21,0.0,0.0,2,0,0
Full,1,28,train,strong,player_win,-10.0,5,100.0,5,Expert,0.2378268852553321,0.059456721313833026,1,58,21,0.0,0.0,2,0,0
Full,1,29,train,strong,player_win,-10.0,5,100.0,5,Expert,0.2259355409925655,0.05648388524814137,1,60,21,0.0,0.0,2,0,0
Full,1,30,train,strong,player_win,-10.0,5,100.0,5,Expert,0.2146387639429372,0.0536596909857343,1,62,22,0.0,0.0,2,0,0
Full,1,31,train,strong,player_win,-10.0,5,100.0,5,Expert,0.20390682574579033,0.05097670643644758,1,64,22,0.0,0.0,2,0,0
Full,1,32,train,strong,player_win,-10.0,5,100.0,5,Expert,0.1937114844585008,0.05,1,66,22,0.0,0.0,2,0,0
Full,1,33,train,strong,player_win,-10.0,5,100.0,5,Expert,0.18402591023557577,0.05,1,68,23,0.0,0.0,1,0,1
Full,1,34,train,strong,player_win,-10.0,5,100.0,5,Expert,0.17482461472379698,0.05,1,70,23,0.0,0.0,2,0,0
Full,1,35,train,strong,player_win,-10.0,5,100.0,5,Expert,0.16608338398760714,0.05,1,72,23,0.0,0.0,2,0,0
Full,1,36,train,strong,player_win,-10.0,5,100.0,5,Expert,0.15777921478822676,0.05,1,74,23,0.0,0.0,2,0,0
Full,1,37,train,strong,player_win,-10.0,5,100.0,5,Expert,0.14989025404881542,0.05,1,76,23,0.0,0.0,2,0,0
Full,1,38,train,strong,player_win,-10.0,5,100.0,5,Expert,0.14239574134637464,0.05,1,78,23,0.0,0.0,2,0,0
Full,1,39,train,strong,player_win,-10.0,5,100.0,5,Expert,0.1352759542790559,0.05,1,80,23,0.0,0.0,2,0,0
Full,1,40,train,strong,player_win,-10.0,5,100.0,5,Expert,0.1285121565651031,0.05,1,82,24,0.0,0.0,2,0,0
Full,1,41,train,strong,player_win,-10.0,5,100.0,5,Expert,0.12208654873684793,0.05,1,84,24,0.0,0.0,2,0,0
Full,1,42,train,strong,player_win,-10.0,5,100.0,5,Expert,0.11598222130000553,0.05,1,86,24,0.0,0.0,2,0,0
Full,1,43,train,strong,player_win,-10.0,5,100.0,5,Expert,0.11018311023500525,0.05,1,88,24,0.0,0.0,2,0,0
Full,1,44,train,strong,player_win,-10.0,5,100.0,5,Expert,0.10467395472325498,0.05,1,90,24,0.0,0.0,2,0,0
Full,1,45,train,strong,player_win,-10.0,5,100.0,5,Expert,0.09944025698709223,0.05,1,92,24,0.0,0.0,2,0,0
Full,1,46,train,strong,player_win,-10.0,5,100.0,5,Expert,0.09446824413773762,0.05,1,94,24,0.0,0.0,2,0,0
Full,1,47,train,strong,player_win,-10.0,5,100.0,5,Expert,0.08974483193085074,0.05,1,96,24,0.0,0.0,2,0,0
Full,1,48,train,strong,player_win,-10.0,5,100.0,5,Expert,0.0852575903343082,0.05,1,98,24,0.0,0.0,2,0,0
Full,1,49,train,strong,player_win,-10.0,5,100.0,5,Expert,0.08099471081759278,0.05,1,100,25,0.0,0.0,1,0,1
Full,1,50,train,strong,player_win,-10.0,5,100.0,5,Expert,0.07694497527671314,0.05,1,102,25,0.0,0.0,2,0,0
Full,1,51,train,strong,player_win,-10.0,5,100.0,5,Expert,0.07309772651287748,0.05,1,104,25,0.0,0.0,2,0,0
Full,1,52,train,strong,player_win,-10.0,5,100.0,5,Expert,0.0694428401872336,0.05,1,106,25,0.0,0.0,2,0,0
Full,1,53,train,strong,player_win,-10.0,5,100.0,5,Expert,0.0659706981778719,0.05,1,108,25,0.0,0.0,2,0,0
Full,1,54,train,strong,player_win,-10.0,5,100.0,5,Expert,0.0626721632689783,0.05,1,110,25,0.0,0.0,2,0,0
Full,1,55,train,strong,player_win,-10.0,5,100.0,5,Expert,0.059538555105529384,0.05,1,112,25,0.0,0.0,2,0,0
Full,1,56,train,strong,player_win,-10.0,5,100.0,5,Expert,0.05656162735025291,0.05,1,114,25,0.0,0.0,2,0,0
Full,1,57,train,strong,player_win,-10.0,5,100.0,5,Expert,0.053733545982740265,0.05,1,116,25,0.0,0.0,2,0,0
Full,1,58,train,strong,player_win,-10.0,5,100.0,5,Expert,0.05104686868360325,0.05,1,118,25,0.0,0.0,2,0,0
Full,1,59,train,strong,player_win,-10.0,5,100.0,5,Expert,0.05,0.05,1,120,25,0.0,0.0,2,0,0
Full,1,60,train,strong,player_win,-10.0,5,100.0,5,Expert,0.05,0.05,1,122,25,0.0,0.0,2,0,0
Full,1,61,train,strong,player_win,-10.0,5,100.0,5,Expert,0.05,0.05,1,124,25,0.0,0.0,2,0,0
Full,1,62,train,strong,player_win,-10.0,5,100.0,5,Expert,0.05,0.05,1,126,25,0.0,0.0,2,0,0
Full,1,63,train,strong,player_win,-10.0,5,100.0,5,Expert,0.05,0.05,1,128,25,0.0,0.0,2,0,0
Full,1,64,train,strong,player_win,-10.0,5,100.0,5,Expert,0.05,0.05,1,130,25,0.0,0.0,2,0,0
Full,1,65,train,strong,player_win,-10.0,5,100.0,5,Expert,0.05,0.05,1,132,25,0.0,0.0,2,0,0
Full,1,66,train,strong,player_win,-10.0,5,100.0,5,Expert,0.05,0.05,1,134,25,0.0,0.0,2,0,0
Full,1,67,train,strong,player_win,-10.0,5,100.0,5,Expert,0.05,0.05,1,136,25,0.0,0.0,1,0,1
Full,1,68,train,strong,player_win,-10.0,5,100.0,5,Expert,0.05,0.05,1,138,25,0.0,0.0,2,0,0
Full,1,69,train,strong,player_win,-10.0,5,100.0,5,Expert,0.05,0.05,1,140,25,0.0,0.0,2,0,0
Full,1,70,train,strong,player_win,-10.0,5,100.0,5,Expert,0.05,0.05,1,142,25,0.0,0.0,2,0,0
Full,1,71,train,strong,player_win,-10.0,5,100.0,5,Expert,0.05,0.05,1,144,25,0.0,0.0,2,0,0
Full,1,72,train,strong,player_win,-10.0,5,100.0,5,Expert,0.05,0.05,1,146,25,0.0,0.0,2,0,0
Full,1,73,train,strong,player_win,-10.0,5,100.0,5,Expert,0.05,0.05,1,148,25,0.0,0.0,2,0,0
Full,1,74,train,strong,player_win,-10.0,5,100.0,5,Expert,0.05,0.05,1,150,25,0.0,0.0,2,0,0
Full,1,75,train,strong,player_win,-10.0,5,100.0,5,Expert,0.05,0.05,1,152,25,0.0,0.0,2,0,0
Full,1,76,train,strong,player_win,-10.0,5,100.0,5,Expert,0.05,0.05,1,154,25,0.0,0.0,2,0,0
Full,1,77,train,strong,player_win,-10.0,5,100.0,5,Expert,0.05,0.05,1,156,25,0.0,0.0,2,0,0
Full,1,78,train,strong,player_win,-10.0,5,100.0,5,Expert,0.05,0.05,1,158,25,0.0,0.0,2,0,0
Full,1,79,train,strong,player_win,-10.0,5,100.0,5,Expert,0.05,0.05,1,160,25,0.0,0.0,2,0,0
Full,1,80,train,strong,player_win,-10.0,5,100.0,5,Expert,0.05,0.05,1,162,25,0.0,0.0,2,0,0
Full,1,81,train,strong,player_win,-10.0,5,100.0,5,Expert,0.05,0.05,1,164,25,0.0,0.0,2,0,0
Full,1,82,train,strong,player_win,-10.0,5,100.0,5,Expert,0.05,0.05,1,166,25,0.0,0.0,2,0,0
Full,1,83,train,strong,player_win,-10.0,5,100.0,5,Expert,0.05,0.05,1,168,25,0.0,0.0,2,0,0
Full,1,84,train,strong,player_win,-10.0,5,100.0,5,Expert,0.05,0.05,1,170,25,0.0,0.0,2,0,0
Full,1,85,train,strong,player_win,-10.0,5,100.0,5,Expert,0.05,0.05,1,172,25,0.0,0.0,2,0,0
Full,1,86,train,strong,player_win,-10.0,5,100.0,5,Expert,0.05,0.05,1,174,25,0.0,0.0,2,0,0
Full,1,87,train,strong,player_win,-10.0,5,100.0,5,Expert,0.05,0.05,1,176,25,0.0,0.0,2,0,0
Full,1,88,train,strong,player_win,-10.0,5,100.0,5,Expert,0.05,0.05,1,178,25,0.0,0.0,2,0,0
Full,1,89,train,strong,player_win,-10.0,5,100.0,5,Expert,0.05,0.05,1,180,25,0.0,0.0,2,0,0
Full,1,90,train,strong,player_win,-10.0,5,100.0,5,Expert,0.05,0.05,1,182,25,0.0,0.0,2,0,0
Full,1,91,train,strong,player_win,-10.0,5,100.0,5,Expert,0.05,0.05,1,184,25,0.0,0.0,2,0,0
Full,1,92,train,strong,player_win,-10.0,5,100.0,5,Expert,0.05,0.05,1,186,25,0.0,0.0,2,0,0
Full,1,93,train,strong,player_win,-10.0,5,100.0,5,Expert,0.05,0.05,1,188,25,0.0,0.0,2,0,0
Full,1,94,train,strong,player_win,-10.0,5,100.0,5,Expert,0.05,0.05,1,190,25,0.0,0.0,2,0,0
Full,1,95,train,strong,player_win,-10.0,5,100.0,5,Expert,0.05,0.05,1,192,25,0.0,0.0,2,0,0
Full,1,96,train,strong,player_win,-10.0,5,100.0,5,Expert,0.05,0.05,1,194,25,0.0,0.0,2,0,0
Full,1,97,train,strong,player_win,-10.0,5,100.0,5,Expert,0.05,0.05,1,196,25,0.0,0.0,2,0,0
Full,1,98,train,strong,player_win,-10.0,5,100.0,5,Expert,0.05,0.05,1,198,25,0.0,0.0,2,0,0
Full,1,99,train,strong,player_win,-10.0,5,100.0,5,Expert,0.05,0.05,1,200,25,0.0,0.0,2,0,0
Full,1,100,train,strong,player_win,-10.0,5,100.0,5,Expert,0.05,0.05,1,202,25,0.0,0.0,2,0,0
Full,1,101,train,strong,player_win,-10.0,5,100.0,5,Expert,0.05,0.05,1,204,25,0.0,0.0,2,0,0
Full,1,102,train,strong,player_win,-10.0,5,100.0,5,Expert,0.05,0.05,1,206,25,0.0,0.0,2,0,0
Full,1,103,train,strong,player_win,-10.0,5,100.0,5,Expert,0.05,0.05,1,208,25,0.0,0.0,2,0,0
Full,1,104,train,strong,player_win,-10.0,5,100.0,5,Expert,0.05,0.05,1,210,25,0.0,0.0,2,0,0
Full,1,105,train,strong,player_win,-10.0,5,100.0,5,Expert,0.05,0.05,1,212,25,0.0,0.0,2,0,0
Full,1,106,train,strong,player_win,-10.0,5,100.0,5,Expert,0.05,0.05,1,214,25,0.0,0.0,2,0,0
Full,1,107,train,strong,player_win,-10.0,5,100.0,5,Expert,0.05,0.05,1,216,26,0.0,0.0,1,0,1
Full,1,108,train,strong,player_win,-10.0,5,100.0,5,Expert,0.05,0.05,1,218,26,0.0,0.0,2,0,0
Full,1,109,train,strong,player_win,-10.0,5,100.0,5,Expert,0.05,0.05,1,220,26,0.0,0.0,2,0,0
Full,1,110,train,strong,player_win,-10.0,5,100.0,5,Expert,0.05,0.05,1,222,26,0.0,0.0,2,0,0
Full,1,111,train,strong,player_win,-10.0,5,100.0,5,Expert,0.05,0.05,1,224,26,0.0,0.0,2,0,0
Full,1,112,train,strong,player_win,-10.0,5,100.0,5,Expert,0.05,0.05,1,226,26,0.0,0.0,2,0,0
Full,1,113,train,strong,player_win,-10.0,5,100.0,5,Expert,0.05,0.05,1,228,26,0.0,0.0,2,0,0
Full,1,114,train,strong,player_win,-10.0,5,100.0,5,Expert,0.05,0.05,1,230,26,0.0,0.0,2,0,0
Full,1,115,train,strong,player_win,-10.0,5,100.0,5,Expert,0.05,0.05,1,232,26,0.0,0.0,2,0,0
Full,1,116,train,strong,player_win,-10.0,5,100.0,5,Expert,0.05,0.05,1,234,26,0.0,0.0,2,0,0
Full,1,117,train,strong,player_win,-10.0,5,100.0,5,Expert,0.05,0.05,1,236,26,0.0,0.0,2,0,0
Full,1,118,train,strong,player_win,-10.0,5,100.0,5,Expert,0.05,0.05,1,238,26,0.0,0.0,2,0,0
Full,1,119,train,strong,player_win,-10.0,5,100.0,5,Expert,0.05,0.05,1,240,26,0.0,0.0,2,0,0
Full,1,120,train,strong,player_win,-10.0,5,100.0,5,Expert,0.05,0.05,1,242,26,0.0,0.0,2,0,0
Full,1,121,train,strong,player_win,-10.0,5,100.0,5,Expert,0.05,0.05,1,244,26,0.0,0.0,2,0,0
Full,1,122,train,strong,player_win,-10.0,5,100.0,5,Expert,0.05,0.05,1,246,26,0.0,0.0,2,0,0
Full,1,123,train,strong,player_win,-10.0,5,100.0,5,Expert,0.05,0.05,1,248,26,0.0,0.0,2,0,0
Full,1,124,train,strong,player_win,-10.0,5,100.0,5,Expert,0.05,0.05,1,250,26,0.0,0.0,2,0,0
Full,1,125,train,strong,player_win,-10.0,5,100.0,5,Expert,0.05,0.05,1,252,26,0.0,0.0,2,0,0
Full,1,126,train,strong,player_win,-10.0,5,100.0,5,Expert,0.05,0.05,1,254,26,0.0,0.0,2,0,0
Full,1,127,train,strong,player_win,-10.0,5,100.0,5,Expert,0.05,0.05,1,256,26,0.0,0.0,2,0,0
Full,1,128,train,strong,player_win,-10.0,5,100.0,5,Expert,0.05,0.05,1,258,26,0.0,0.0,2,0,0
Full,1,129,train,strong,player_win,-10.0,5,100.0,5,Expert,0.05,0.05,1,260,26,0.0,0.0,2,0,0
Full,1,130,train,strong,player_win,-10.0,5,100.0,5,Expert,0.05,0.05,1,262,27,0.0,0.0,1,1,0
Full,1,131,train,strong,player_win,-10.0,5,100.0,5,Expert,0.05,0.05,1,264,27,0.0,0.0,2,0,0
Full,1,132,train,strong,player_win,-10.0,5,100.0,5,Expert,0.05,0.05,1,266,27,0.0,0.0,2,0,0
Full,1,133,train,strong,player_win,-10.0,5,100.0,5,Expert,0.05,0.05,1,268,27,0.0,0.0,2,0,0
Full,1,134,train,strong,player_win,-10.0,5,100.0,5,Expert,0.05,0.05,1,270,27,0.0,0.0,2,0,0
Full,1,135,train,strong,player_win,-10.0,5,100.0,5,Expert,0.05,0.05,1,272,27,0.0,0.0,2,0,0
Full,1,136,train,strong,player_win,-10.0,5,100.0,5,Expert,0.05,0.05,1,274,28,0.0,0.0,1,0,1
Full,1,137,train,strong,player_win,-10.0,5,100.0,5,Expert,0.05,0.05,1,276,28,0.0,0.0,2,0,0
Full,1,138,train,strong,player_win,-10.0,5,100.0,5,Expert,0.05,0.05,1,278,28,0.0,0.0,1,0,1
Full,1,139,train,strong,player_win,-10.0,5,100.0,5,Expert,0.05,0.05,1,280,28,0.0,0.0,1,0,1
Full,1,140,train,strong,player_win,-10.0,5,100.0,5,Expert,0.05,0.05,1,282,28,0.0,0.0,2,0,0
Full,1,141,train,strong,player_win,-10.0,5,100.0,5,Expert,0.05,0.05,1,284,28,0.0,0.0,2,0,0
Full,1,142,train,strong,player_win,-10.0,5,100.0,5,Expert,0.05,0.05,1,286,28,0.0,0.0,2,0,0
Full,1,143,train,strong,player_win,-10.0,5,100.0,5,Expert,0.05,0.05,1,288,28,0.0,0.0,2,0,0
Full,1,144,train,strong,player_win,-10.0,5,100.0,5,Expert,0.05,0.05,1,290,28,0.0,0.0,2,0,0
Full,1,145,train,strong,player_win,-10.0,5,100.0,5,Expert,0.05,0.05,1,292,28,0.0,0.0,2,0,0
Full,1,146,train,strong,player_win,-10.0,5,100.0,5,Expert,0.05,0.05,1,294,28,0.0,0.0,2,0,0
Full,1,147,train,strong,player_win,-10.0,5,100.0,5,Expert,0.05,0.05,1,296,28,0.0,0.0,2,0,0
Full,1,148,train,strong,player_win,-10.0,5,100.0,5,Expert,0.05,0.05,1,298,28,0.0,0.0,2,0,0
Full,1,149,train,strong,player_win,-10.0,5,100.0,5,Expert,0.05,0.05,1,300,28,0.0,0.0,2,0,0
Full,1,150,train,strong,player_win,-10.0,5,100.0,5,Expert,0.05,0.05,1,302,28,0.0,0.0,2,0,0
Full,1,151,train,strong,player_win,-10.0,5,100.0,5,Expert,0.05,0.05,1,304,29,0.0,0.0,1,0,1
Full,1,152,train,strong,player_win,-10.0,5,100.0,5,Expert,0.05,0.05,1,306,29,0.0,0.0,2,0,0
Full,1,153,train,strong,player_win,-10.0,5,100.0,5,Expert,0.05,0.05,1,308,30,0.0,0.0,1,0,1
Full,1,154,train,strong,player_win,-10.0,5,100.0,5,Expert,0.05,0.05,1,310,30,0.0,0.0,2,0,0
Full,1,155,train,strong,player_win,-10.0,5,100.0,5,Expert,0.05,0.05,1,312,30,0.0,0.0,2,0,0
Full,1,156,train,strong,player_win,-10.0,5,100.0,5,Expert,0.05,0.05,1,314,30,0.0,0.0,2,0,0
Full,1,157,train,strong,player_win,-10.0,5,100.0,5,Expert,0.05,0.05,1,316,30,0.0,0.0,2,0,0
Full,1,158,train,strong,player_win,-10.0,5,100.0,5,Expert,0.05,0.05,1,318,30,0.0,0.0,2,0,0
Full,1,159,train,strong,player_win,-10.0,5,100.0,5,Expert,0.05,0.05,1,320,30,0.0,0.0,1,0,1
Full,1,160,train,strong,player_win,-10.0,5,100.0,5,Expert,0.05,0.05,1,322,30,0.0,0.0,2,0,0
Full,1,161,train,strong,player_win,-10.0,5,100.0,5,Expert,0.05,0.05,1,324,30,0.0,0.0,2,0,0
Full,1,162,train,strong,player_win,-10.0,5,100.0,5,Expert,0.05,0.05,1,326,30,0.0,0.0,2,0,0
Full,1,163,train,strong,player_win,-10.0,5,100.0,5,Expert,0.05,0.05,1,328,30,0.0,0.0,2,0,0
Full,1,164,train,strong,player_win,-10.0,5,100.0,5,Expert,0.05,0.05,1,330,30,0.0,0.0,2,0,0
Full,1,165,train,strong,player_win,-10.0,5,100.0,5,Expert,0.05,0.05,1,332,30,0.0,0.0,2,0,0
Full,1,166,train,strong,player_win,-10.0,5,100.0,5,Expert,0.05,0.05,1,334,30,0.0,0.0,2,0,0
Full,1,167,train,strong,player_win,-10.0,5,100.0,5,Expert,0.05,0.05,1,336,30,0.0,0.0,2,0,0
Full,1,168,train,strong,player_win,-10.0,5,100.0,5,Expert,0.05,0.05,1,338,30,0.0,0.0,2,0,0
Full,1,169,train,strong,player_win,-10.0,5,100.0,5,Expert,0.05,0.05,1,340,30,0.0,0.0,2,0,0
Full,1,170,train,strong,player_win,-10.0,5,100.0,5,Expert,0.05,0.05,1,342,30,0.0,0.0,2,0,0
Full,1,171,train,strong,player_win,-10.0,5,100.0,5,Expert,0.05,0.05,1,344,30,0.0,0.0,2,0,0
Full,1,172,train,strong,player_win,-10.0,5,100.0,5,Expert,0.05,0.05,1,346,30,0.0,0.0,2,0,0
Full,1,173,train,strong,player_win,-10.0,5,100.0,5,Expert,0.05,0.05,1,348,30,0.0,0.0,2,0,0
Full,1,174,train,strong,player_win,-10.0,5,100.0,5,Expert,0.05,0.05,1,350,30,0.0,0.0,2,0,0
Full,1,175,train,strong,player_win,-10.0,5,100.0,5,Expert,0.05,0.05,1,352,30,0.0,0.0,2,0,0
Full,1,176,train,strong,player_win,-10.0,5,100.0,5,Expert,0.05,0.05,1,354,30,0.0,0.0,2,0,0
Full,1,177,train,strong,player_win,-10.0,5,100.0,5,Expert,0.05,0.05,1,356,30,0.0,0.0,2,0,0
Full,1,178,train,strong,player_win,-10.0,5,100.0,5,Expert,0.05,0.05,1,358,30,0.0,0.0,2,0,0
Full,1,179,train,strong,player_win,-10.0,5,100.0,5,Expert,0.05,0.05,1,360,31,0.0,0.0,1,0,1
Full,1,180,train,strong,player_win,-10.0,5,100.0,5,Expert,0.05,0.05,1,362,31,0.0,0.0,1,0,1
Full,1,181,train,strong,player_win,-10.0,5,100.0,5,Expert,0.05,0.05,1,364,31,0.0,0.0,2,0,0
Full,1,182,train,strong,player_win,-10.0,5,100.0,5,Expert,0.05,0.05,1,366,31,0.0,0.0,2,0,0
Full,1,183,train,strong,player_win,-10.0,5,100.0,5,Expert,0.05,0.05,1,368,31,0.0,0.0,2,0,0
Full,1,184,train,strong,player_win,-10.0,5,100.0,5,Expert,0.05,0.05,1,370,31,0.0,0.0,2,0,0
Full,1,185,train,strong,player_win,-10.0,5,100.0,5,Expert,0.05,0.05,1,372,31,0.0,0.0,2,0,0
Full,1,186,train,strong,player_win,-10.0,5,100.0,5,Expert,0.05,0.05,1,374,31,0.0,0.0,2,0,0
Full,1,187,train,strong,player_win,-10.0,5,100.0,5,Expert,0.05,0.05,1,376,31,0.0,0.0,2,0,0
Full,1,188,train,strong,player_win,-10.0,5,100.0,5,Expert,0.05,0.05,1,378,31,0.0,0.0,2,0,0
Full,1,189,train,strong,player_win,-10.0,5,100.0,5,Expert,0.05,0.05,1,380,31,0.0,0.0,2,0,0
Full,1,190,train,strong,player_win,-10.0,5,100.0,5,Expert,0.05,0.05,1,382,31,0.0,0.0,2,0,0
Full,1,191,train,strong,player_win,-10.0,5,100.0,5,Expert,0.05,0.05,1,384,31,0.0,0.0,2,0,0
Full,1,192,train,strong,player_win,-10.0,5,100.0,5,Expert,0.05,0.05,1,386,31,0.0,0.0,2,0,0
Full,1,193,train,strong,player_win,-10.0,5,100.0,5,Expert,0.05,0.05,1,388,31,0.0,0.0,2,0,0
Full,1,194,train,strong,player_win,-10.0,5,100.0,5,Expert,0.05,0.05,1,390,31,0.0,0.0,2,0,0
Full,1,195,train,strong,player_win,-10.0,5,100.0,5,Expert,0.05,0.05,1,392,31,0.0,0.0,2,0,0
Full,1,196,train,strong,player_win,-10.0,5,100.0,5,Expert,0.05,0.05,1,394,31,0.0,0.0,2,0,0
Full,1,197,train,strong,player_win,-10.0,5,100.0,5,Expert,0.05,0.05,1,396,31,0.0,0.0,2,0,0
Full,1,198,train,strong,player_win,-10.0,5,100.0,5,Expert,0.05,0.05,1,398,31,0.0,0.0,2,0,0
Full,1,199,train,strong,player_win,-10.0,5,100.0,5,Expert,0.05,0.05,1,400,31,0.0,0.0,2,0,0
Full,1,200,train,strong,player_win,-10.0,5,100.0,5,Expert,0.05,0.05,1,402,31,0.0,0.0,2,0,0
Full,1,201,train,strong,player_win,-10.0,5,100.0,5,Expert,0.05,0.05,1,404,31,0.0,0.0,2,0,0
Full,1,202,train,strong,player_win,-10.0,5,100.0,5,Expert,0.05,0.05,1,406,31,0.0,0.0,2,0,0
Full,1,203,train,strong,player_win,-10.0,5,100.0,5,Expert,0.05,0.05,1,408,31,0.0,0.0,2,0,0
Full,1,204,train,strong,player_win,-10.0,5,100.0,5,Expert,0.05,0.05,1,410,31,0.0,0.0,2,0,0
Full,1,205,train,strong,player_win,-10.0,5,100.0,5,Expert,0.05,0.05,1,412,31,0.0,0.0,2,0,0
Full,1,206,train,strong,player_win,-10.0,5,100.0,5,Expert,0.05,0.05,1,414,31,0.0,0.0,2,0,0
Full,1,207,train,strong,player_win,-10.0,5,100.0,5,Expert,0.05,0.05,1,416,31,0.0,0.0,2,0,0
Full,1,208,train,strong,player_win,-10.0,5,100.0,5,Expert,0.05,0.05,1,418,31,0.0,0.0,2,0,0
Full,1,209,train,strong,player_win,-10.0,5,100.0,5,Expert,0.05,0.05,1,420,31,0.0,0.0,2,0,0
Full,1,210,train,strong,player_win,-10.0,5,100.0,5,Expert,0.05,0.05,1,422,31,0.0,0.0,2,0,0
Full,1,211,train,strong,player_win,-10.0,5,100.0,5,Expert,0.05,0.05,1,424,31,0.0,0.0,2,0,0
Full,1,212,train,strong,player_win,-10.0,5,100.0,5,Expert,0.05,0.05,1,426,31,0.0,0.0,2,0,0
Full,1,213,train,strong,player_win,-10.0,5,100.0,5,Expert,0.05,0.05,1,428,31,0.0,0.0,2,0,0
Full,1,214,train,strong,player_win,-10.0,5,100.0,5,Expert,0.05,0.05,1,430,31,0.0,0.0,2,0,0
Full,1,215,train,strong,player_win,-10.0,5,100.0,5,Expert,0.05,0.05,1,432,31,0.0,0.0,2,0,0
Full,1,216,train,strong,player_win,-10.0,5,100.0,5,Expert,0.05,0.05,1,434,31,0.0,0.0,2,0,0
Full,1,217,train,strong,player_win,-10.0,5,100.0,5,Expert,0.05,0.05,1,436,31,0.0,0.0,2,0,0
Full,1,218,train,strong,player_win,-10.0,5,100.0,5,Expert,0.05,0.05,1,438,31,0.0,0.0,2,0,0
Full,1,219,train,strong,player_win,-10.0,5,100.0,5,Expert,0.05,0.05,1,440,31,0.0,0.0,2,0,0
Full,1,220,train,strong,player_win,-10.0,5,100.0,5,Expert,0.05,0.05,1,442,31,0.0,0.0,2,0,0
Full,1,221,train,strong,player_win,-10.0,5,100.0,5,Expert,0.05,0.05,1,444,31,0.0,0.0,2,0,0
Full,1,222,train,strong,player_win,-10.0,5,100.0,5,Expert,0.05,0.05,1,446,31,0.0,0.0,2,0,0
Full,1,223,train,strong,player_win,-10.0,5,100.0,5,Expert,0.05,0.05,1,448,31,0.0,0.0,2,0,0
Full,1,224,train,strong,player_win,-10.0,5,100.0,5,Expert,0.05,0.05,1,450,31,0.0,0.0,2,0,0
Full,1,225,train,strong,player_win,-10.0,5,100.0,5,Expert,0.05,0.05,1,452,31,0.0,0.0,2,0,0
Full,1,226,train,strong,player_win,-10.0,5,100.0,5,Expert,0.05,0.05,1,454,31,0.0,0.0,2,0,0
Full,1,227,train,strong,player_win,-10.0,5,100.0,5,Expert,0.05,0.05,1,456,31,0.0,0.0,2,0,0
Full,1,228,train,strong,player_win,-10.0,5,100.0,5,Expert,0.05,0.05,1,458,31,0.0,0.0,2,0,0
Full,1,229,train,strong,player_win,-10.0,5,100.0,5,Expert,0.05,0.05,1,460,31,0.0,0.0,2,0,0
Full,1,230,train,strong,player_win,-10.0,5,100.0,5,Expert,0.05,0.05,1,462,32,0.0,0.0,1,1,0
Full,1,231,train,strong,player_win,-10.0,5,100.0,5,Expert,0.05,0.05,1,464,32,0.0,0.0,2,0,0
Full,1,232,train,strong,player_win,-10.0,5,100.0,5,Expert,0.05,0.05,1,466,32,0.0,0.0,2,0,0
Full,1,233,train,strong,player_win,-10.0,5,100.0,5,Expert,0.05,0.05,1,468,32,0.0,0.0,2,0,0
Full,1,234,train,strong,player_win,-10.0,5,100.0,5,Expert,0.05,0.05,1,470,32,0.0,0.0,2,0,0
Full,1,235,train,strong,player_win,-10.0,5,100.0,5,Expert,0.05,0.05,1,472,32,0.0,0.0,2,0,0
Full,1,236,train,strong,player_win,-10.0,5,100.0,5,Expert,0.05,0.05,1,474,32,0.0,0.0,2,0,0
Full,1,237,train,strong,player_win,-10.0,5,100.0,5,Expert,0.05,0.05,1,476,32,0.0,0.0,2,0,0
Full,1,238,train,strong,player_win,-10.0,5,100.0,5,Expert,0.05,0.05,1,478,32,0.0,0.0,2,0,0
Full,1,239,train,strong,player_win,-10.0,5,100.0,5,Expert,0.05,0.05,1,480,32,0.0,0.0,2,0,0
Full,1,240,train,strong,player_win,-10.0,7,100.0,5,Expert,0.05,0.05,1,483,34,0.0,0.0,2,0,1
Full,1,241,train,strong,player_win,-10.0,5,100.0,5,Expert,0.05,0.05,1,485,34,0.0,0.0,2,0,0
Full,1,242,train,strong,player_win,-10.0,5,100.0,5,Expert,0.05,0.05,1,487,34,0.0,0.0,2,0,0
Full,1,243,train,strong,player_win,-10.0,5,100.0,5,Expert,0.05,0.05,1,489,34,0.0,0.0,2,0,0
Full,1,244,train,strong,player_win,-10.0,5,100.0,5,Expert,0.05,0.05,1,491,34,0.0,0.0,2,0,0
Full,1,245,train,strong,player_win,-10.0,5,100.0,5,Expert,0.05,0.05,1,493,34,0.0,0.0,2,0,0
Full,1,246,train,strong,player_win,-10.0,5,100.0,5,Expert,0.05,0.05,1,495,34,0.0,0.0,2,0,0
Full,1,247,train,strong,player_win,-10.0,5,100.0,5,Expert,0.05,0.05,1,497,34,0.0,0.0,2,0,0
Full,1,248,train,strong,player_win,-10.0,5,100.0,5,Expert,0.05,0.05,1,499,34,0.0,0.0,2,0,0
Full,1,249,train,strong,player_win,-10.0,5,100.0,5,Expert,0.05,0.05,1,501,34,0.0,0.0,2,0,0
Full,1,250,train,strong,player_win,-10.0,5,100.0,5,Expert,0.05,0.05,1,503,34,0.0,0.0,2,0,0
Full,1,251,train,strong,player_win,-10.0,5,100.0,5,Expert,0.05,0.05,1,505,34,0.0,0.0,2,0,0
Full,1,252,train,strong,player_win,-10.0,5,100.0,5,Expert,0.05,0.05,1,507,34,0.0,0.0,2,0,0
Full,1,253,train,strong,player_win,-10.0,5,100.0,5,Expert,0.05,0.05,1,509,34,0.0,0.0,2,0,0
Full,1,254,train,strong,player_win,-10.0,5,100.0,5,Expert,0.05,0.05,1,511,34,0.0,0.0,2,0,0
Full,1,255,train,strong,player_win,-10.0,5,100.0,5,Expert,0.05,0.05,1,513,34,0.0,0.0,2,0,0
Full,1,256,train,strong,player_win,-10.0,5,100.0,5,Expert,0.05,0.05,1,515,34,0.0,0.0,2,0,0
Full,1,257,train,strong,player_win,-10.0,5,100.0,5,Expert,0.05,0.05,1,517,34,0.0,0.0,2,0,0
Full,1,258,train,strong,player_win,-10.0,5,100.0,5,Expert,0.05,0.05,1,519,34,0.0,0.0,2,0,0
Full,1,259,train,strong,player_win,-10.0,5,100.0,5,Expert,0.05,0.05,1,521,34,0.0,0.0,2,0,0
Full,1,260,train,strong,player_win,-10.0,5,100.0,5,Expert,0.05,0.05,1,523,34,0.0,0.0,2,0,0
Full,1,261,train,strong,player_win,-10.0,5,100.0,5,Expert,0.05,0.05,1,525,34,0.0,0.0,2,0,0
Full,1,262,train,strong,player_win,-10.0,5,100.0,5,Expert,0.05,0.05,1,527,34,0.0,0.0,2,0,0
Full,1,263,train,strong,player_win,-10.0,5,100.0,5,Expert,0.05,0.05,1,529,34,0.0,0.0,2,0,0
Full,1,264,train,strong,player_win,-10.0,5,100.0,5,Expert,0.05,0.05,1,531,34,0.0,0.0,2,0,0
Full,1,265,train,strong,player_win,-10.0,5,100.0,5,Expert,0.05,0.05,1,533,34,0.0,0.0,2,0,0
Full,1,266,train,strong,player_win,-10.0,5,100.0,5,Expert,0.05,0.05,1,535,34,0.0,0.0,2,0,0
Full,1,267,train,strong,player_win,-10.0,5,100.0,5,Expert,0.05,0.05,1,537,35,0.0,0.0,1,0,1
Full,1,268,train,strong,player_win,-10.0,5,100.0,5,Expert,0.05,0.05,1,539,35,0.0,0.0,2,0,0
Full,1,269,train,strong,player_win,-10.0,5,100.0,5,Expert,0.05,0.05,1,541,35,0.0,0.0,2,0,0
Full,1,270,train,strong,player_win,-10.0,5,100.0,5,Expert,0.05,0.05,1,543,35,0.0,0.0,2,0,0
Full,1,271,train,strong,player_win,-10.0,5,100.0,5,Expert,0.05,0.05,1,545,35,0.0,0.0,2,0,0
Full,1,272,train,strong,player_win,-10.0,5,100.0,5,Expert,0.05,0.05,1,547,35,0.0,0.0,2,0,0
Full,1,273,train,strong,player_win,-10.0,5,100.0,5,Expert,0.05,0.05,1,549,35,0.0,0.0,2,0,0
Full,1,274,train,strong,player_win,-10.0,5,100.0,5,Expert,0.05,0.05,1,551,35,0.0,0.0,2,0,0
Full,1,275,train,strong,player_win,-10.0,5,100.0,5,Expert,0.05,0.05,1,553,35,0.0,0.0,2,0,0
Full,1,276,train,strong,player_win,-10.0,5,100.0,5,Expert,0.05,0.05,1,555,35,0.0,0.0,2,0,0
Full,1,277,train,strong,player_win,-10.0,5,100.0,5,Expert,0.05,0.05,1,557,35,0.0,0.0,2,0,0
Full,1,278,train,strong,player_win,-10.0,5,100.0,5,Expert,0.05,0.05,1,559,35,0.0,0.0,2,0,0
Full,1,279,train,strong,player_win,-10.0,5,100.0,5,Expert,0.05,0.05,1,561,35,0.0,0.0,2,0,0
Full,1,280,train,strong,player_win,-10.0,5,100.0,5,Expert,0.05,0.05,1,563,35,0.0,0.0,2,0,0
Full,1,281,train,strong,player_win,-10.0,5,100.0,5,Expert,0.05,0.05,1,565,35,0.0,0.0,2,0,0
Full,1,282,train,strong,player_win,-10.0,5,100.0,5,Expert,0.05,0.05,1,567,35,0.0,0.0,2,0,0
Full,1,283,train,strong,player_win,-10.0,5,100.0,5,Expert,0.05,0.05,1,569,35,0.0,0.0,2,0,0
Full,1,284,train,strong,player_win,-10.0,5,100.0,5,Expert,0.05,0.05,1,571,35,0.0,0.0,2,0,0
Full,1,285,train,strong,player_win,-10.0,5,100.0,5,Expert,0.05,0.05,1,573,35,0.0,0.0,2,0,0
Full,1,286,train,strong,player_win,-10.0,5,100.0,5,Expert,0.05,0.05,1,575,35,0.0,0.0,2,0,0
Full,1,287,train,strong,player_win,-10.0,5,100.0,5,Expert,0.05,0.05,1,577,35,0.0,0.0,2,0,0
Full,1,288,train,strong,player_win,-10.0,5,100.0,5,Expert,0.05,0.05,1,579,35,0.0,0.0,2,0,0
Full,1,289,train,strong,player_win,-10.0,5,100.0,5,Expert,0.05,0.05,1,581,35,0.0,0.0,2,0,0
Full,1,290,train,strong,player_win,-10.0,5,100.0,5,Expert,0.05,0.05,1,583,35,0.0,0.0,2,0,0
Full,1,291,train,strong,player_win,-10.0,5,100.0,5,Expert,0.05,0.05,1,585,35,0.0,0.0,2,0,0
Full,1,292,train,strong,player_win,-10.0,5,100.0,5,Expert,0.05,0.05,1,587,35,0.0,0.0,2,0,0
Full,1,293,train,strong,player_win,-10.0,5,100.0,5,Expert,0.05,0.05,1,589,35,0.0,0.0,2,0,0
Full,1,294,train,strong,player_win,-10.0,5,100.0,5,Expert,0.05,0.05,1,591,35,0.0,0.0,2,0,0
Full,1,295,train,strong,player_win,-10.0,5,100.0,5,Expert,0.05,0.05,1,593,35,0.0,0.0,2,0,0
Full,1,296,train,strong,player_win,-10.0,5,100.0,5,Expert,0.05,0.05,1,595,35,0.0,0.0,2,0,0
Full,1,297,train,strong,player_win,-10.0,5,100.0,5,Expert,0.05,0.05,1,597,35,0.0,0.0,2,0,0
Full,1,298,train,strong,player_win,-10.0,5,100.0,5,Expert,0.05,0.05,1,599,35,0.0,0.0,2,0,0
Full,1,299,train,strong,player_win,-10.0,5,100.0,5,Expert,0.05,0.05,1,601,35,0.0,0.0,2,0,0
Full,1,300,train,strong,player_win,-10.0,5,100.0,5,Expert,0.05,0.05,1,603,35,0.0,0.0,2,0,0
Full,1,301,train,strong,player_win,-10.0,5,100.0,5,Expert,0.05,0.05,1,605,35,0.0,0.0,2,0,0
Full,1,302,train,strong,player_win,-10.0,5,100.0,5,Expert,0.05,0.05,1,607,35,0.0,0.0,2,0,0
Full,1,303,train,strong,player_win,-10.0,5,100.0,5,Expert,0.05,0.05,1,609,35,0.0,0.0,2,0,0
Full,1,304,train,strong,player_win,-10.0,5,100.0,5,Expert,0.05,0.05,1,611,35,0.0,0.0,2,0,0
Full,1,305,train,strong,player_win,-10.0,5,100.0,5,Expert,0.05,0.05,1,613,35,0.0,0.0,2,0,0
Full,1,306,train,strong,player_win,-10.0,5,100.0,5,Expert,0.05,0.05,1,615,35,0.0,0.0,2,0,0
Full,1,307,train,strong,player_win,-10.0,5,100.0,5,Expert,0.05,0.05,1,617,35,0.0,0.0,1,0,1
Full,1,308,train,strong,player_win,-10.0,5,100.0,5,Expert,0.05,0.05,1,619,35,0.0,0.0,2,0,0
Full,1,309,train,strong,player_win,-10.0,5,100.0,5,Expert,0.05,0.05,1,621,35,0.0,0.0,2,0,0
Full,1,310,train,strong,player_win,-10.0,5,100.0,5,Expert,0.05,0.05,1,623,35,0.0,0.0,2,0,0
Full,1,311,train,strong,player_win,-10.0,5,100.0,5,Expert,0.05,0.05,1,625,35,0.0,0.0,2,0,0
Full,1,312,train,strong,player_win,-10.0,5,100.0,5,Expert,0.05,0.05,1,627,35,0.0,0.0,2,0,0
Full,1,313,train,strong,player_win,-10.0,5,100.0,5,Expert,0.05,0.05,1,629,35,0.0,0.0,2,0,0
Full,1,314,train,strong,player_win,-10.0,5,100.0,5,Expert,0.05,0.05,1,631,35,0.0,0.0,2,0,0
Full,1,315,train,strong,player_win,-10.0,5,100.0,5,Expert,0.05,0.05,1,633,36,0.0,0.0,1,0,1
Full,1,316,train,strong,player_win,-10.0,5,100.0,5,Expert,0.05,0.05,1,635,36,0.0,0.0,2,0,0
Full,1,317,train,strong,player_win,-10.0,5,100.0,5,Expert,0.05,0.05,1,637,36,0.0,0.0,2,0,0
Full,1,318,train,strong,player_win,-10.0,5,100.0,5,Expert,0.05,0.05,1,639,36,0.0,0.0,2,0,0
Full,1,319,train,strong,player_win,-10.0,5,100.0,5,Expert,0.05,0.05,1,641,36,0.0,0.0,2,0,0
Full,1,320,train,strong,player_win,-10.0,5,100.0,5,Expert,0.05,0.05,1,643,36,0.0,0.0,2,0,0
Full,1,321,train,strong,player_win,-10.0,5,100.0,5,Expert,0.05,0.05,1,645,36,0.0,0.0,2,0,0
Full,1,322,train,strong,player_win,-10.0,5,100.0,5,Expert,0.05,0.05,1,647,36,0.0,0.0,1,0,1
Full,1,323,train,strong,player_win,-10.0,5,100.0,5,Expert,0.05,0.05,1,649,36,0.0,0.0,2,0,0
Full,1,324,train,strong,player_win,-10.0,5,100.0,5,Expert,0.05,0.05,1,651,36,0.0,0.0,2,0,0
Full,1,325,train,strong,player_win,-10.0,5,100.0,5,Expert,0.05,0.05,1,653,36,0.0,0.0,2,0,0
Full,1,326,train,strong,player_win,-10.0,5,100.0,5,Expert,0.05,0.05,1,655,36,0.0,0.0,2,0,0
Full,1,327,train,strong,player_win,-10.0,5,100.0,5,Expert,0.05,0.05,1,657,36,0.0,0.0,2,0,0
Full,1,328,train,strong,player_win,-10.0,5,100.0,5,Expert,0.05,0.05,1,659,36,0.0,0.0,2,0,0
Full,1,329,train,strong,player_win,-10.0,5,100.0,5,Expert,0.05,0.05,1,661,36,0.0,0.0,2,0,0
Full,1,330,train,strong,player_win,-10.0,5,100.0,5,Expert,0.05,0.05,1,663,36,0.0,0.0,2,0,0
Full,1,331,train,strong,player_win,-10.0,5,100.0,5,Expert,0.05,0.05,1,665,36,0.0,0.0,2,0,0
Full,1,332,train,strong,player_win,-10.0,5,100.0,5,Expert,0.05,0.05,1,667,36,0.0,0.0,2,0,0
Full,1,333,train,strong,player_win,-10.0,5,100.0,5,Expert,0.05,0.05,1,669,36,0.0,0.0,2,0,0
Full,1,334,train,strong,player_win,-10.0,5,100.0,5,Expert,0.05,0.05,1,671,36,0.0,0.0,2,0,0
Full,1,335,train,strong,player_win,-10.0,5,100.0,5,Expert,0.05,0.05,1,673,36,0.0,0.0,2,0,0
Full,1,336,train,strong,player_win,-10.0,5,100.0,5,Expert,0.05,0.05,1,675,36,0.0,0.0,2,0,0
Full,1,337,train,strong,player_win,-10.0,5,100.0,5,Expert,0.05,0.05,1,677,36,0.0,0.0,2,0,0
Full,1,338,train,strong,player_win,-10.0,5,100.0,5,Expert,0.05,0.05,1,679,37,0.0,0.0,1,0,1
Full,1,339,train,strong,player_win,-10.0,5,100.0,5,Expert,0.05,0.05,1,681,37,0.0,0.0,2,0,0
Full,1,340,train,strong,player_win,-10.0,5,100.0,5,Expert,0.05,0.05,1,683,37,0.0,0.0,2,0,0
Full,1,341,train,strong,player_win,-10.0,5,100.0,5,Expert,0.05,0.05,1,685,37,0.0,0.0,2,0,0
Full,1,342,train,strong,player_win,-10.0,5,100.0,5,Expert,0.05,0.05,1,687,37,0.0,0.0,2,0,0
Full,1,343,train,strong,player_win,-10.0,5,100.0,5,Expert,0.05,0.05,1,689,37,0.0,0.0,2,0,0
Full,1,344,train,strong,player_win,-10.0,5,100.0,5,Expert,0.05,0.05,1,691,37,0.0,0.0,2,0,0
Full,1,345,train,strong,player_win,-10.0,5,100.0,5,Expert,0.05,0.05,1,693,37,0.0,0.0,2,0,0
Full,1,346,train,strong,player_win,-10.0,5,100.0,5,Expert,0.05,0.05,1,695,37,0.0,0.0,2,0,0
Full,1,347,train,strong,player_win,-10.0,5,100.0,5,Expert,0.05,0.05,1,697,37,0.0,0.0,2,0,0
Full,1,348,train,strong,player_win,-10.0,5,100.0,5,Expert,0.05,0.05,1,699,37,0.0,0.0,2,0,0
Full,1,349,train,strong,player_win,-10.0,5,100.0,5,Expert,0.05,0.05,1,701,37,0.0,0.0,2,0,0
Full,1,350,train,strong,player_win,-10.0,5,100.0,5,Expert,0.05,0.05,1,703,37,0.0,0.0,2,0,0
Full,1,351,train,strong,player_win,-10.0,5,100.0,5,Expert,0.05,0.05,1,705,37,0.0,0.0,1,0,1
Full,1,352,train,strong,player_win,-10.0,5,100.0,5,Expert,0.05,0.05,1,707,37,0.0,0.0,2,0,0
Full,1,353,train,strong,player_win,-10.0,5,100.0,5,Expert,0.05,0.05,1,709,37,0.0,0.0,2,0,0
Full,1,354,train,strong,player_win,-10.0,5,100.0,5,Expert,0.05,0.05,1,711,37,0.0,0.0,2,0,0
Full,1,355,train,strong,player_win,-10.0,5,100.0,5,Expert,0.05,0.05,1,713,37,0.0,0.0,2,0,0
Full,1,356,train,strong,player_win,-10.0,5,100.0,5,Expert,0.05,0.05,1,715,37,0.0,0.0,2,0,0
Full,1,357,train,strong,player_win,-10.0,5,100.0,5,Expert,0.05,0.05,1,717,37,0.0,0.0,2,0,0
Full,1,358,train,strong,player_win,-10.0,5,100.0,5,Expert,0.05,0.05,1,719,38,0.0,0.0,1,0,1
Full,1,359,train,strong,player_win,-10.0,5,100.0,5,Expert,0.05,0.05,1,721,38,0.0,0.0,2,0,0
Full,1,360,train,strong,player_win,-10.0,5,100.0,5,Expert,0.05,0.05,1,723,38,0.0,0.0,2,0,0
Full,1,361,train,strong,player_win,-10.0,5,100.0,5,Expert,0.05,0.05,1,725,38,0.0,0.0,2,0,0
Full,1,362,train,strong,player_win,-10.0,5,100.0,5,Expert,0.05,0.05,1,727,38,0.0,0.0,2,0,0
Full,1,363,train,strong,player_win,-10.0,5,100.0,5,Expert,0.05,0.05,1,729,38,0.0,0.0,2,0,0
Full,1,364,train,strong,player_win,-10.0,5,100.0,5,Expert,0.05,0.05,1,731,38,0.0,0.0,2,0,0
Full,1,365,train,strong,player_win,-10.0,5,100.0,5,Expert,0.05,0.05,1,733,38,0.0,0.0,2,0,0
Full,1,366,train,strong,player_win,-10.0,5,100.0,5,Expert,0.05,0.05,1,735,38,0.0,0.0,2,0,0
Full,1,367,train,strong,player_win,-10.0,5,100.0,5,Expert,0.05,0.05,1,737,38,0.0,0.0,2,0,0
Full,1,368,train,strong,player_win,-10.0,5,100.0,5,Expert,0.05,0.05,1,739,38,0.0,0.0,2,0,0
Full,1,369,train,strong,player_win,-10.0,5,100.0,5,Expert,0.05,0.05,1,741,38,0.0,0.0,2,0,0
Full,1,370,train,strong,player_win,-10.0,5,100.0,5,Expert,0.05,0.05,1,743,38,0.0,0.0,2,0,0
Full,1,371,train,strong,player_win,-10.0,5,100.0,5,Expert,0.05,0.05,1,745,38,0.0,0.0,2,0,0
Full,1,372,train,strong,player_win,-10.0,5,100.0,5,Expert,0.05,0.05,1,747,38,0.0,0.0,2,0,0
Full,1,373,train,strong,player_win,-10.0,5,100.0,5,Expert,0.05,0.05,1,749,38,0.0,0.0,2,0,0
Full,1,374,train,strong,player_win,-10.0,5,100.0,5,Expert,0.05,0.05,1,751,38,0.0,0.0,2,0,0
Full,1,375,train,strong,player_win,-10.0,5,100.0,5,Expert,0.05,0.05,1,753,38,0.0,0.0,2,0,0
Full,1,376,train,strong,player_win,-10.0,5,100.0,5,Expert,0.05,0.05,1,755,38,0.0,0.0,2,0,0
Full,1,377,train,strong,player_win,-10.0,5,100.0,5,Expert,0.05,0.05,1,757,38,0.0,0.0,2,0,0
Full,1,378,train,strong,player_win,-10.0,5,100.0,5,Expert,0.05,0.05,1,759,38,0.0,0.0,2,0,0
Full,1,379,train,strong,player_win,-10.0,5,100.0,5,Expert,0.05,0.05,1,761,38,0.0,0.0,2,0,0
Full,1,380,train,strong,player_win,-10.0,5,100.0,5,Expert,0.05,0.05,1,763,38,0.0,0.0,2,0,0
Full,1,381,train,strong,player_win,-10.0,5,100.0,5,Expert,0.05,0.05,1,765,38,0.0,0.0,2,0,0
Full,1,382,train,strong,player_win,-10.0,5,100.0,5,Expert,0.05,0.05,1,767,38,0.0,0.0,2,0,0
Full,1,383,train,strong,player_win,-10.0,5,100.0,5,Expert,0.05,0.05,1,769,39,0.0,0.0,1,0,1
Full,1,384,train,strong,player_win,-10.0,5,100.0,5,Expert,0.05,0.05,1,771,39,0.0,0.0,2,0,0
Full,1,385,train,strong,player_win,-10.0,5,100.0,5,Expert,0.05,0.05,1,773,39,0.0,0.0,2,0,0
Full,1,386,train,strong,player_win,-10.0,5,100.0,5,Expert,0.05,0.05,1,775,39,0.0,0.0,2,0,0
Full,1,387,train,strong,player_win,-10.0,5,100.0,5,Expert,0.05,0.05,1,777,39,0.0,0.0,2,0,0
Full,1,388,train,strong,player_win,-10.0,5,100.0,5,Expert,0.05,0.05,1,779,39,0.0,0.0,2,0,0
Full,1,389,train,strong,player_win,-10.0,5,100.0,5,Expert,0.05,0.05,1,781,39,0.0,0.0,2,0,0
Full,1,390,train,strong,player_win,-10.0,5,100.0,5,Expert,0.05,0.05,1,783,39,0.0,0.0,2,0,0
Full,1,391,train,strong,player_win,-10.0,5,100.0,5,Expert,0.05,0.05,1,785,39,0.0,0.0,2,0,0
Full,1,392,train,strong,player_win,-10.0,5,100.0,5,Expert,0.05,0.05,1,787,39,0.0,0.0,2,0,0
Full,1,393,train,strong,player_win,-10.0,5,100.0,5,Expert,0.05,0.05,1,789,39,0.0,0.0,2,0,0
Full,1,394,train,strong,player_win,-10.0,5,100.0,5,Expert,0.05,0.05,1,791,39,0.0,0.0,2,0,0
Full,1,395,train,strong,player_win,-10.0,5,100.0,5,Expert,0.05,0.05,1,793,39,0.0,0.0,2,0,0
Full,1,396,train,strong,player_win,-10.0,5,100.0,5,Expert,0.05,0.05,1,795,39,0.0,0.0,2,0,0
Full,1,397,train,strong,player_win,-10.0,5,100.0,5,Expert,0.05,0.05,1,797,39,0.0,0.0,2,0,0
Full,1,398,train,strong,player_win,-10.0,5,100.0,5,Expert,0.05,0.05,1,799,39,0.0,0.0,2,0,0
Full,1,399,train,strong,player_win,-10.0,5,100.0,5,Expert,0.05,0.05,1,801,39,0.0,0.0,2,0,0
Full,1,400,train,strong,player_win,-10.0,5,100.0,5,Expert,0.05,0.05,1,803,39,0.0,0.0,2,0,0
Full,1,401,train,strong,player_win,-10.0,5,100.0,5,Expert,0.05,0.05,1,805,39,0.0,0.0,2,0,0
Full,1,402,train,strong,player_win,-10.0,5,100.0,5,Expert,0.05,0.05,1,807,39,0.0,0.0,2,0,0
Full,1,403,train,strong,player_win,-10.0,5,100.0,5,Expert,0.05,0.05,1,809,39,0.0,0.0,2,0,0
Full,1,404,train,strong,player_win,-10.0,5,100.0,5,Expert,0.05,0.05,1,811,39,0.0,0.0,2,0,0
Full,1,405,train,strong,player_win,-10.0,5,100.0,5,Expert,0.05,0.05,1,813,39,0.0,0.0,2,0,0
Full,1,406,train,strong,player_win,-10.0,5,100.0,5,Expert,0.05,0.05,1,815,39,0.0,0.0,2,0,0
Full,1,407,train,strong,player_win,-10.0,5,100.0,5,Expert,0.05,0.05,1,817,39,0.0,0.0,2,0,0
Full,1,408,train,strong,player_win,-10.0,5,100.0,5,Expert,0.05,0.05,1,819,39,0.0,0.0,2,0,0
Full,1,409,train,strong,player_win,-10.0,5,100.0,5,Expert,0.05,0.05,1,821,39,0.0,0.0,2,0,0
Full,1,410,train,strong,player_win,-10.0,5,100.0,5,Expert,0.05,0.05,1,823,39,0.0,0.0,2,0,0
Full,1,411,train,strong,player_win,-10.0,5,100.0,5,Expert,0.05,0.05,1,825,39,0.0,0.0,2,0,0
Full,1,412,train,strong,player_win,-10.0,5,100.0,5,Expert,0.05,0.05,1,827,39,0.0,0.0,2,0,0
Full,1,413,train,strong,player_win,-10.0,5,100.0,5,Expert,0.05,0.05,1,829,39,0.0,0.0,2,0,0
Full,1,414,train,strong,player_win,-10.0,5,100.0,5,Expert,0.05,0.05,1,831,39,0.0,0.0,2,0,0
Full,1,415,train,strong,player_win,-10.0,5,100.0,5,Expert,0.05,0.05,1,833,39,0.0,0.0,2,0,0
Full,1,416,train,strong,player_win,-10.0,5,100.0,5,Expert,0.05,0.05,1,835,40,0.0,0.0,1,0,1
Full,1,417,train,strong,player_win,-10.0,5,100.0,5,Expert,0.05,0.05,1,837,40,0.0,0.0,2,0,0
Full,1,418,train,strong,player_win,-10.0,5,100.0,5,Expert,0.05,0.05,1,839,40,0.0,0.0,2,0,0
Full,1,419,train,strong,player_win,-10.0,5,100.0,5,Expert,0.05,0.05,1,841,40,0.0,0.0,2,0,0
Full,1,420,train,strong,player_win,-10.0,5,100.0,5,Expert,0.05,0.05,1,843,40,0.0,0.0,2,0,0
Full,1,421,train,strong,player_win,-10.0,5,100.0,5,Expert,0.05,0.05,1,845,40,0.0,0.0,2,0,0
Full,1,422,train,strong,player_win,-10.0,5,100.0,5,Expert,0.05,0.05,1,847,40,0.0,0.0,2,0,0
Full,1,423,train,strong,player_win,-10.0,5,100.0,5,Expert,0.05,0.05,1,849,40,0.0,0.0,2,0,0
Full,1,424,train,strong,player_win,-10.0,5,100.0,5,Expert,0.05,0.05,1,851,40,0.0,0.0,2,0,0
Full,1,425,train,strong,player_win,-10.0,5,100.0,5,Expert,0.05,0.05,1,853,40,0.0,0.0,2,0,0
Full,1,426,train,strong,player_win,-10.0,5,100.0,5,Expert,0.05,0.05,1,855,40,0.0,0.0,2,0,0
Full,1,427,train,strong,player_win,-10.0,5,100.0,5,Expert,0.05,0.05,1,857,40,0.0,0.0,1,1,0
Full,1,428,train,strong,player_win,-10.0,5,100.0,5,Expert,0.05,0.05,1,859,40,0.0,0.0,2,0,0
Full,1,429,train,strong,player_win,-10.0,5,100.0,5,Expert,0.05,0.05,1,861,40,0.0,0.0,2,0,0
Full,1,430,train,strong,player_win,-10.0,5,100.0,5,Expert,0.05,0.05,1,863,40,0.0,0.0,2,0,0
Full,1,431,train,strong,player_win,-10.0,5,100.0,5,Expert,0.05,0.05,1,865,40,0.0,0.0,2,0,0
Full,1,432,train,strong,player_win,-10.0,5,100.0,5,Expert,0.05,0.05,1,867,40,0.0,0.0,2,0,0
Full,1,433,train,strong,player_win,-10.0,5,100.0,5,Expert,0.05,0.05,1,869,40,0.0,0.0,2,0,0
Full,1,434,train,strong,player_win,-10.0,5,100.0,5,Expert,0.05,0.05,1,871,40,0.0,0.0,2,0,0
Full,1,435,train,strong,player_win,-10.0,5,100.0,5,Expert,0.05,0.05,1,873,40,0.0,0.0,2,0,0
Full,1,436,train,strong,player_win,-10.0,5,100.0,5,Expert,0.05,0.05,1,875,40,0.0,0.0,2,0,0
Full,1,437,train,strong,player_win,-10.0,5,100.0,5,Expert,0.05,0.05,1,877,40,0.0,0.0,1,0,1
Full,1,438,train,strong,player_win,-10.0,5,100.0,5,Expert,0.05,0.05,1,879,40,0.0,0.0,2,0,0
Full,1,439,train,strong,player_win,-10.0,5,100.0,5,Expert,0.05,0.05,1,881,41,0.0,0.0,1,1,0
Full,1,440,train,strong,player_win,-10.0,5,100.0,5,Expert,0.05,0.05,1,883,41,0.0,0.0,2,0,0
Full,1,441,train,strong,player_win,-10.0,5,100.0,5,Expert,0.05,0.05,1,885,41,0.0,0.0,2,0,0
Full,1,442,train,strong,player_win,-10.0,5,100.0,5,Expert,0.05,0.05,1,887,41,0.0,0.0,2,0,0
Full,1,443,train,strong,player_win,-10.0,5,100.0,5,Expert,0.05,0.05,1,889,41,0.0,0.0,2,0,0
Full,1,444,train,strong,player_win,-10.0,5,100.0,5,Expert,0.05,0.05,1,891,41,0.0,0.0,2,0,0
Full,1,445,train,strong,player_win,-10.0,5,100.0,5,Expert,0.05,0.05,1,893,41,0.0,0.0,2,0,0
Full,1,446,train,strong,player_win,-10.0,5,100.0,5,Expert,0.05,0.05,1,895,41,0.0,0.0,2,0,0
Full,1,447,train,strong,player_win,-10.0,5,100.0,5,Expert,0.05,0.05,1,897,41,0.0,0.0,2,0,0
Full,1,448,train,strong,player_win,-10.0,5,100.0,5,Expert,0.05,0.05,1,899,41,0.0,0.0,2,0,0
Full,1,449,train,strong,player_win,-10.0,5,100.0,5,Expert,0.05,0.05,1,901,41,0.0,0.0,2,0,0
Full,1,450,train,strong,player_win,-10.0,5,100.0,5,Expert,0.05,0.05,1,903,41,0.0,0.0,2,0,0
Full,1,451,train,strong,player_win,-10.0,5,100.0,5,Expert,0.05,0.05,1,905,41,0.0,0.0,2,0,0
Full,1,452,train,strong,player_win,-10.0,5,100.0,5,Expert,0.05,0.05,1,907,41,0.0,0.0,2,0,0
Full,1,453,train,strong,player_win,-10.0,5,100.0,5,Expert,0.05,0.05,1,909,41,0.0,0.0,2,0,0
Full,1,454,train,strong,player_win,-10.0,5,100.0,5,Expert,0.05,0.05,1,911,41,0.0,0.0,2,0,0
Full,1,455,train,strong,player_win,-10.0,5,100.0,5,Expert,0.05,0.05,1,913,41,0.0,0.0,2,0,0
Full,1,456,train,strong,player_win,-10.0,5,100.0,5,Expert,0.05,0.05,1,915,41,0.0,0.0,2,0,0
Full,1,457,train,strong,player_win,-10.0,7,100.0,5,Expert,0.05,0.05,1,918,43,0.0,0.0,2,0,1
Full,1,458,train,strong,player_win,-10.0,5,100.0,5,Expert,0.05,0.05,1,920,43,0.0,0.0,2,0,0
Full,1,459,train,strong,player_win,-10.0,5,100.0,5,Expert,0.05,0.05,1,922,43,0.0,0.0,2,0,0
Full,1,460,train,strong,player_win,-10.0,5,100.0,5,Expert,0.05,0.05,1,924,43,0.0,0.0,2,0,0
Full,1,461,train,strong,player_win,-10.0,5,100.0,5,Expert,0.05,0.05,1,926,43,0.0,0.0,2,0,0
Full,1,462,train,strong,player_win,-10.0,5,100.0,5,Expert,0.05,0.05,1,928,43,0.0,0.0,2,0,0
Full,1,463,train,strong,player_win,-10.0,5,100.0,5,Expert,0.05,0.05,1,930,43,0.0,0.0,2,0,0
Full,1,464,train,strong,player_win,-10.0,5,100.0,5,Expert,0.05,0.05,1,932,43,0.0,0.0,2,0,0
Full,1,465,train,strong,player_win,-10.0,5,100.0,5,Expert,0.05,0.05,1,934,43,0.0,0.0,2,0,0
Full,1,466,train,strong,player_win,-10.0,5,100.0,5,Expert,0.05,0.05,1,936,43,0.0,0.0,2,0,0
Full,1,467,train,strong,player_win,-10.0,5,100.0,5,Expert,0.05,0.05,1,938,43,0.0,0.0,2,0,0
Full,1,468,train,strong,player_win,-10.0,5,100.0,5,Expert,0.05,0.05,1,940,43,0.0,0.0,2,0,0
Full,1,469,train,strong,player_win,-10.0,5,100.0,5,Expert,0.05,0.05,1,942,43,0.0,0.0,2,0,0
Full,1,470,train,strong,player_win,-10.0,5,100.0,5,Expert,0.05,0.05,1,944,43,0.0,0.0,2,0,0
Full,1,471,train,strong,player_win,-10.0,5,100.0,5,Expert,0.05,0.05,1,946,43,0.0,0.0,2,0,0
Full,1,472,train,strong,player_win,-10.0,5,100.0,5,Expert,0.05,0.05,1,948,43,0.0,0.0,2,0,0
Full,1,473,train,strong,player_win,-10.0,5,100.0,5,Expert,0.05,0.05,1,950,43,0.0,0.0,2,0,0
Full,1,474,train,strong,player_win,-10.0,5,100.0,5,Expert,0.05,0.05,1,952,43,0.0,0.0,2,0,0
Full,1,475,train,strong,player_win,-10.0,5,100.0,5,Expert,0.05,0.05,1,954,44,0.0,0.0,1,0,1
Full,1,476,train,strong,player_win,-10.0,5,100.0,5,Expert,0.05,0.05,1,956,44,0.0,0.0,2,0,0
Full,1,477,train,strong,player_win,-10.0,5,100.0,5,Expert,0.05,0.05,1,958,44,0.0,0.0,2,0,0
Full,1,478,train,strong,player_win,-10.0,5,100.0,5,Expert,0.05,0.05,1,960,44,0.0,0.0,2,0,0
Full,1,479,train,strong,player_win,-10.0,5,100.0,5,Expert,0.05,0.05,1,962,44,0.0,0.0,2,0,0
Full,1,480,train,strong,player_win,-10.0,5,100.0,5,Expert,0.05,0.05,1,964,44,0.0,0.0,2,0,0
Full,1,481,train,strong,player_win,-10.0,5,100.0,5,Expert,0.05,0.05,1,966,44,0.0,0.0,2,0,0
Full,1,482,train,strong,player_win,-10.0,5,100.0,5,Expert,0.05,0.05,1,968,44,0.0,0.0,2,0,0
Full,1,483,train,strong,player_win,-10.0,5,100.0,5,Expert,0.05,0.05,1,970,44,0.0,0.0,2,0,0
Full,1,484,train,strong,player_win,-10.0,5,100.0,5,Expert,0.05,0.05,1,972,44,0.0,0.0,2,0,0
Full,1,485,train,strong,player_win,-10.0,5,100.0,5,Expert,0.05,0.05,1,974,44,0.0,0.0,2,0,0
Full,1,486,train,strong,player_win,-10.0,5,100.0,5,Expert,0.05,0.05,1,976,44,0.0,0.0,2,0,0
Full,1,487,train,strong,player_win,-10.0,5,100.0,5,Expert,0.05,0.05,1,978,44,0.0,0.0,2,0,0
Full,1,488,train,strong,player_win,-10.0,5,100.0,5,Expert,0.05,0.05,1,980,44,0.0,0.0,2,0,0
Full,1,489,train,strong,player_win,-10.0,5,100.0,5,Expert,0.05,0.05,1,982,44,0.0,0.0,2,0,0
Full,1,490,train,strong,player_win,-10.0,5,100.0,5,Expert,0.05,0.05,1,984,44,0.0,0.0,2,0,0
Full,1,491,train,strong,player_win,-10.0,5,100.0,5,Expert,0.05,0.05,1,986,44,0.0,0.0,2,0,0
Full,1,492,train,strong,player_win,-10.0,5,100.0,5,Expert,0.05,0.05,1,988,44,0.0,0.0,2,0,0
Full,1,493,train,strong,player_win,-10.0,5,100.0,5,Expert,0.05,0.05,1,990,44,0.0,0.0,2,0,0
Full,1,494,train,strong,player_win,-10.0,5,100.0,5,Expert,0.05,0.05,1,992,44,0.0,0.0,2,0,0
Full,1,495,train,strong,player_win,-10.0,5,100.0,5,Expert,0.05,0.05,1,994,44,0.0,0.0,2,0,0
Full,1,496,train,strong,player_win,-10.0,5,100.0,5,Expert,0.05,0.05,1,996,44,0.0,0.0,2,0,0
Full,1,497,train,strong,player_win,-10.0,5,100.0,5,Expert,0.05,0.05,1,998,44,0.0,0.0,2,0,0
Full,1,498,train,strong,player_win,-10.0,5,100.0,5,Expert,0.05,0.05,1,1000,44,0.0,0.0,2,0,0
Full,1,499,train,strong,player_win,-10.0,5,100.0,5,Expert,0.05,0.05,1,1002,44,0.0,0.0,2,0,0
Full,1,500,train,strong,player_win,-10.0,5,100.0,5,Expert,0.05,0.05,1,1004,44,0.0,0.0,2,0,0
Full,1,501,train,strong,player_win,-10.0,5,100.0,5,Expert,0.05,0.05,1,1006,44,0.0,0.0,2,0,0
Full,1,502,train,strong,player_win,-10.0,5,100.0,5,Expert,0.05,0.05,1,1008,44,0.0,0.0,2,0,0
Full,1,503,train,strong,player_win,-10.0,5,100.0,5,Expert,0.05,0.05,1,1010,44,0.0,0.0,2,0,0
Full,1,504,train,strong,player_win,-10.0,5,100.0,5,Expert,0.05,0.05,1,1012,44,0.0,0.0,2,0,0
Full,1,505,train,strong,player_win,-10.0,5,100.0,5,Expert,0.05,0.05,1,1014,44,0.0,0.0,2,0,0
Full,1,506,train,strong,player_win,-10.0,5,100.0,5,Expert,0.05,0.05,1,1016,44,0.0,0.0,2,0,0
Full,1,507,train,strong,player_win,-10.0,5,100.0,5,Expert,0.05,0.05,1,1018,44,0.0,0.0,2,0,0
Full,1,508,train,strong,player_win,-10.0,5,100.0,5,Expert,0.05,0.05,1,1020,44,0.0,0.0,2,0,0
Full,1,509,train,strong,player_win,-10.0,5,100.0,5,Expert,0.05,0.05,1,1022,44,0.0,0.0,2,0,0
Full,1,510,train,strong,player_win,-10.0,5,100.0,5,Expert,0.05,0.05,1,1024,44,0.0,0.0,2,0,0
Full,1,511,train,strong,player_win,-10.0,5,100.0,5,Expert,0.05,0.05,1,1026,44,0.0,0.0,1,0,1
Full,1,512,train,strong,player_win,-10.0,5,100.0,5,Expert,0.05,0.05,1,1028,45,0.0,0.0,1,0,1
Full,1,513,train,strong,player_win,-10.0,5,100.0,5,Expert,0.05,0.05,1,1030,45,0.0,0.0,2,0,0
Full,1,514,train,strong,player_win,-10.0,5,100.0,5,Expert,0.05,0.05,1,1032,46,0.0,0.0,1,1,0
Full,1,515,train,strong,player_win,-10.0,5,100.0,5,Expert,0.05,0.05,1,1034,46,0.0,0.0,2,0,0
Full,1,516,train,strong,player_win,-10.0,5,100.0,5,Expert,0.05,0.05,1,1036,46,0.0,0.0,2,0,0
Full,1,517,train,strong,player_win,-10.0,5,100.0,5,Expert,0.05,0.05,1,1038,46,0.0,0.0,2,0,0
Full,1,518,train,strong,player_win,-10.0,5,100.0,5,Expert,0.05,0.05,1,1040,46,0.0,0.0,2,0,0
Full,1,519,train,strong,player_win,-10.0,5,100.0,5,Expert,0.05,0.05,1,1042,46,0.0,0.0,2,0,0
Full,1,520,train,strong,player_win,-10.0,5,100.0,5,Expert,0.05,0.05,1,1044,46,0.0,0.0,2,0,0
Full,1,521,train,strong,player_win,-10.0,5,100.0,5,Expert,0.05,0.05,1,1046,46,0.0,0.0,2,0,0
Full,1,522,train,strong,player_win,-10.0,5,100.0,5,Expert,0.05,0.05,1,1048,46,0.0,0.0,2,0,0
Full,1,523,train,strong,player_win,-10.0,5,100.0,5,Expert,0.05,0.05,1,1050,46,0.0,0.0,2,0,0
Full,1,524,train,strong,player_win,-10.0,5,100.0,5,Expert,0.05,0.05,1,1052,46,0.0,0.0,2,0,0
Full,1,525,train,strong,player_win,-10.0,5,100.0,5,Expert,0.05,0.05,1,1054,46,0.0,0.0,2,0,0
Full,1,526,train,strong,player_win,-10.0,5,100.0,5,Expert,0.05,0.05,1,1056,46,0.0,0.0,1,0,1
Full,1,527,train,strong,player_win,-10.0,5,100.0,5,Expert,0.05,0.05,1,1058,46,0.0,0.0,2,0,0
Full,1,528,train,strong,player_win,-10.0,5,100.0,5,Expert,0.05,0.05,1,1060,46,0.0,0.0,2,0,0
Full,1,529,train,strong,player_win,-10.0,5,100.0,5,Expert,0.05,0.05,1,1062,46,0.0,0.0,2,0,0
Full,1,530,train,strong,player_win,-10.0,5,100.0,5,Expert,0.05,0.05,1,1064,46,0.0,0.0,1,0,1
Full,1,531,train,strong,player_win,-10.0,5,100.0,5,Expert,0.05,0.05,1,1066,46,0.0,0.0,2,0,0
Full,1,532,train,strong,player_win,-10.0,5,100.0,5,Expert,0.05,0.05,1,1068,46,0.0,0.0,2,0,0
Full,1,533,train,strong,player_win,-10.0,5,100.0,5,Expert,0.05,0.05,1,1070,46,0.0,0.0,2,0,0
Full,1,534,train,strong,player_win,-10.0,5,100.0,5,Expert,0.05,0.05,1,1072,46,0.0,0.0,2,0,0
Full,1,535,train,strong,player_win,-10.0,5,100.0,5,Expert,0.05,0.05,1,1074,46,0.0,0.0,2,0,0
Full,1,536,train,strong,player_win,-10.0,5,100.0,5,Expert,0.05,0.05,1,1076,46,0.0,0.0,2,0,0
Full,1,537,train,strong,player_win,-10.0,5,100.0,5,Expert,0.05,0.05,1,1078,46,0.0,0.0,2,0,0
Full,1,538,train,strong,player_win,-10.0,5,100.0,5,Expert,0.05,0.05,1,1080,46,0.0,0.0,2,0,0
Full,1,539,train,strong,player_win,-10.0,5,100.0,5,Expert,0.05,0.05,1,1082,46,0.0,0.0,2,0,0
Full,1,540,train,strong,player_win,-10.0,5,100.0,5,Expert,0.05,0.05,1,1084,46,0.0,0.0,2,0,0
Full,1,541,train,strong,player_win,-10.0,5,100.0,5,Expert,0.05,0.05,1,1086,46,0.0,0.0,2,0,0
Full,1,542,train,strong,player_win,-10.0,5,100.0,5,Expert,0.05,0.05,1,1088,46,0.0,0.0,2,0,0
Full,1,543,train,strong,player_win,-10.0,5,100.0,5,Expert,0.05,0.05,1,1090,46,0.0,0.0,2,0,0
Full,1,544,train,strong,player_win,-10.0,5,100.0,5,Expert,0.05,0.05,1,1092,46,0.0,0.0,2,0,0
Full,1,545,train,strong,player_win,-10.0,5,100.0,5,Expert,0.05,0.05,1,1094,46,0.0,0.0,2,0,0
Full,1,546,train,strong,player_win,-10.0,5,100.0,5,Expert,0.05,0.05,1,1096,46,0.0,0.0,2,0,0
Full,1,547,train,strong,player_win,-10.0,5,100.0,5,Expert,0.05,0.05,1,1098,46,0.0,0.0,2,0,0
Full,1,548,train,strong,player_win,-10.0,5,100.0,5,Expert,0.05,0.05,1,1100,46,0.0,0.0,2,0,0
Full,1,549,train,strong,player_win,-10.0,5,100.0,5,Expert,0.05,0.05,1,1102,46,0.0,0.0,2,0,0
Full,1,550,train,strong,player_win,-10.0,5,100.0,5,Expert,0.05,0.05,1,1104,46,0.0,0.0,2,0,0
Full,1,551,train,strong,player_win,-10.0,5,100.0,5,Expert,0.05,0.05,1,1106,46,0.0,0.0,2,0,0
Full,1,552,train,strong,player_win,-10.0,5,100.0,5,Expert,0.05,0.05,1,1108,46,0.0,0.0,2,0,0
Full,1,553,train,strong,player_win,-10.0,5,100.0,5,Expert,0.05,0.05,1,1110,46,0.0,0.0,2,0,0
Full,1,554,train,strong,player_win,-10.0,5,100.0,5,Expert,0.05,0.05,1,1112,46,0.0,0.0,2,0,0
Full,1,555,train,strong,player_win,-10.0,5,100.0,5,Expert,0.05,0.05,1,1114,46,0.0,0.0,2,0,0
Full,1,556,train,strong,player_win,-10.0,5,100.0,5,Expert,0.05,0.05,1,1116,46,0.0,0.0,2,0,0
Full,1,557,train,strong,player_win,-10.0,5,100.0,5,Expert,0.05,0.05,1,1118,46,0.0,0.0,2,0,0
Full,1,558,train,strong,player_win,-10.0,5,100.0,5,Expert,0.05,0.05,1,1120,46,0.0,0.0,2,0,0
Full,1,559,train,strong,player_win,-10.0,5,100.0,5,Expert,0.05,0.05,1,1122,46,0.0,0.0,2,0,0
Full,1,560,train,strong,player_win,-10.0,5,100.0,5,Expert,0.05,0.05,1,1124,46,0.0,0.0,2,0,0
Full,1,561,train,strong,player_win,-10.0,5,100.0,5,Expert,0.05,0.05,1,1126,46,0.0,0.0,2,0,0
Full,1,562,train,strong,player_win,-10.0,5,100.0,5,Expert,0.05,0.05,1,1128,46,0.0,0.0,2,0,0
Full,1,563,train,strong,player_win,-10.0,5,100.0,5,Expert,0.05,0.05,1,1130,46,0.0,0.0,2,0,0
Full,1,564,train,strong,player_win,-10.0,5,100.0,5,Expert,0.05,0.05,1,1132,46,0.0,0.0,2,0,0
Full,1,565,train,strong,player_win,-10.0,5,100.0,5,Expert,0.05,0.05,1,1134,46,0.0,0.0,2,0,0
Full,1,566,train,strong,player_win,-10.0,5,100.0,5,Expert,0.05,0.05,1,1136,46,0.0,0.0,1,0,1
Full,1,567,train,strong,player_win,-10.0,5,100.0,5,Expert,0.05,0.05,1,1138,46,0.0,0.0,2,0,0
Full,1,568,train,strong,player_win,-10.0,5,100.0,5,Expert,0.05,0.05,1,1140,46,0.0,0.0,2,0,0
Full,1,569,train,strong,player_win,-10.0,5,100.0,5,Expert,0.05,0.05,1,1142,46,0.0,0.0,2,0,0
Full,1,570,train,strong,player_win,-10.0,5,100.0,5,Expert,0.05,0.05,1,1144,46,0.0,0.0,2,0,0
Full,1,571,train,strong,player_win,-10.0,5,100.0,5,Expert,0.05,0.05,1,1146,46,0.0,0.0,2,0,0
Full,1,572,train,strong,player_win,-10.0,5,100.0,5,Expert,0.05,0.05,1,1148,46,0.0,0.0,2,0,0
Full,1,573,train,strong,player_win,-10.0,5,100.0,5,Expert,0.05,0.05,1,1150,46,0.0,0.0,2,0,0
Full,1,574,train,strong,player_win,-10.0,5,100.0,5,Expert,0.05,0.05,1,1152,46,0.0,0.0,2,0,0
Full,1,575,train,strong,player_win,-10.0,5,100.0,5,Expert,0.05,0.05,1,1154,46,0.0,0.0,2,0,0
Full,1,576,train,strong,player_win,-10.0,5,100.0,5,Expert,0.05,0.05,1,1156,46,0.0,0.0,2,0,0
Full,1,577,train,strong,player_win,-10.0,5,100.0,5,Expert,0.05,0.05,1,1158,46,0.0,0.0,2,0,0
Full,1,578,train,strong,player_win,-10.0,5,100.0,5,Expert,0.05,0.05,1,1160,46,0.0,0.0,2,0,0
Full,1,579,train,strong,player_win,-10.0,5,100.0,5,Expert,0.05,0.05,1,1162,46,0.0,0.0,2,0,0
Full,1,580,train,strong,player_win,-10.0,5,100.0,5,Expert,0.05,0.05,1,1164,46,0.0,0.0,2,0,0
Full,1,581,train,strong,player_win,-10.0,5,100.0,5,Expert,0.05,0.05,1,1166,46,0.0,0.0,2,0,0
Full,1,582,train,strong,player_win,-10.0,5,100.0,5,Expert,0.05,0.05,1,1168,46,0.0,0.0,2,0,0
Full,1,583,train,strong,player_win,-10.0,5,100.0,5,Expert,0.05,0.05,1,1170,47,0.0,0.0,1,0,1
Full,1,584,train,strong,player_win,-10.0,5,100.0,5,Expert,0.05,0.05,1,1172,47,0.0,0.0,1,0,1
Full,1,585,train,strong,player_win,-10.0,5,100.0,5,Expert,0.05,0.05,1,1174,47,0.0,0.0,2,0,0
Full,1,586,train,strong,player_win,-10.0,5,100.0,5,Expert,0.05,0.05,1,1176,48,0.0,0.0,1,0,1
Full,1,587,train,strong,player_win,-10.0,5,100.0,5,Expert,0.05,0.05,1,1178,48,0.0,0.0,1,0,1
Full,1,588,train,strong,player_win,-10.0,5,100.0,5,Expert,0.05,0.05,1,1180,48,0.0,0.0,2,0,0
Full,1,589,train,strong,player_win,-10.0,5,100.0,5,Expert,0.05,0.05,1,1182,48,0.0,0.0,2,0,0
Full,1,590,train,strong,player_win,-10.0,5,100.0,5,Expert,0.05,0.05,1,1184,48,0.0,0.0,2,0,0
Full,1,591,train,strong,player_win,-10.0,5,100.0,5,Expert,0.05,0.05,1,1186,48,0.0,0.0,2,0,0
Full,1,592,train,strong,player_win,-10.0,5,100.0,5,Expert,0.05,0.05,1,1188,48,0.0,0.0,2,0,0
Full,1,593,train,strong,player_win,-10.0,5,100.0,5,Expert,0.05,0.05,1,1190,48,0.0,0.0,2,0,0
Full,1,594,train,strong,player_win,-10.0,5,100.0,5,Expert,0.05,0.05,1,1192,48,0.0,0.0,2,0,0
Full,1,595,train,strong,player_win,-10.0,5,100.0,5,Expert,0.05,0.05,1,1194,48,0.0,0.0,2,0,0
Full,1,596,train,strong,player_win,-10.0,5,100.0,5,Expert,0.05,0.05,1,1196,48,0.0,0.0,2,0,0
Full,1,597,train,strong,player_win,-10.0,5,100.0,5,Expert,0.05,0.05,1,1198,48,0.0,0.0,2,0,0
Full,1,598,train,strong,player_win,-10.0,5,100.0,5,Expert,0.05,0.05,1,1200,48,0.0,0.0,2,0,0
Full,1,599,train,strong,player_win,-10.0,5,100.0,5,Expert,0.05,0.05,1,1202,48,0.0,0.0,2,0,0
Full,1,600,train,strong,player_win,-10.0,5,100.0,5,Expert,0.05,0.05,1,1204,48,0.0,0.0,2,0,0
Full,1,601,train,strong,player_win,-10.0,5,100.0,5,Expert,0.05,0.05,1,1206,48,0.0,0.0,2,0,0
Full,1,602,train,strong,player_win,-10.0,5,100.0,5,Expert,0.05,0.05,1,1208,48,0.0,0.0,2,0,0
Full,1,603,train,strong,player_win,-10.0,5,100.0,5,Expert,0.05,0.05,1,1210,48,0.0,0.0,2,0,0
Full,1,604,train,strong,player_win,-10.0,5,100.0,5,Expert,0.05,0.05,1,1212,48,0.0,0.0,2,0,0
Full,1,605,train,strong,player_win,-10.0,5,100.0,5,Expert,0.05,0.05,1,1214,48,0.0,0.0,2,0,0
Full,1,606,train,strong,player_win,-10.0,5,100.0,5,Expert,0.05,0.05,1,1216,48,0.0,0.0,2,0,0
Full,1,607,train,strong,player_win,-10.0,5,100.0,5,Expert,0.05,0.05,1,1218,48,0.0,0.0,2,0,0
Full,1,608,train,strong,player_win,-10.0,5,100.0,5,Expert,0.05,0.05,1,1220,48,0.0,0.0,2,0,0
Full,1,609,train,strong,player_win,-10.0,5,100.0,5,Expert,0.05,0.05,1,1222,48,0.0,0.0,2,0,0
Full,1,610,train,strong,player_win,-10.0,5,100.0,5,Expert,0.05,0.05,1,1224,48,0.0,0.0,2,0,0
Full,1,611,train,strong,player_win,-10.0,5,100.0,5,Expert,0.05,0.05,1,1226,48,0.0,0.0,2,0,0
Full,1,612,train,strong,player_win,-10.0,5,100.0,5,Expert,0.05,0.05,1,1228,48,0.0,0.0,2,0,0
Full,1,613,train,strong,player_win,-10.0,5,100.0,5,Expert,0.05,0.05,1,1230,49,0.0,0.0,1,0,1
Full,1,614,train,strong,player_win,-10.0,5,100.0,5,Expert,0.05,0.05,1,1232,49,0.0,0.0,2,0,0
Full,1,615,train,strong,player_win,-10.0,5,100.0,5,Expert,0.05,0.05,1,1234,49,0.0,0.0,2,0,0
Full,1,616,train,strong,player_win,-10.0,5,100.0,5,Expert,0.05,0.05,1,1236,49,0.0,0.0,2,0,0
Full,1,617,train,strong,player_win,-10.0,5,100.0,5,Expert,0.05,0.05,1,1238,49,0.0,0.0,2,0,0
Full,1,618,train,strong,player_win,-10.0,5,100.0,5,Expert,0.05,0.05,1,1240,49,0.0,0.0,2,0,0
Full,1,619,train,strong,player_win,-10.0,5,100.0,5,Expert,0.05,0.05,1,1242,49,0.0,0.0,2,0,0
Full,1,620,train,strong,player_win,-10.0,5,100.0,5,Expert,0.05,0.05,1,1244,49,0.0,0.0,2,0,0
Full,1,621,train,strong,player_win,-10.0,5,100.0,5,Expert,0.05,0.05,1,1246,50,0.0,0.0,1,0,1
Full,1,622,train,strong,player_win,-10.0,5,100.0,5,Expert,0.05,0.05,1,1248,50,0.0,0.0,2,0,0
Full,1,623,train,strong,player_win,-10.0,5,100.0,5,Expert,0.05,0.05,1,1250,50,0.0,0.0,2,0,0
Full,1,624,train,strong,player_win,-10.0,5,100.0,5,Expert,0.05,0.05,1,1252,50,0.0,0.0,2,0,0
Full,1,625,train,strong,player_win,-10.0,5,100.0,5,Expert,0.05,0.05,1,1254,50,0.0,0.0,1,0,1
Full,1,626,train,strong,player_win,-10.0,5,100.0,5,Expert,0.05,0.05,1,1256,50,0.0,0.0,2,0,0
Full,1,627,train,strong,player_win,-10.0,5,100.0,5,Expert,0.05,0.05,1,1258,50,0.0,0.0,2,0,0
Full,1,628,train,strong,player_win,-10.0,5,100.0,5,Expert,0.05,0.05,1,1260,50,0.0,0.0,2,0,0
Full,1,629,train,strong,player_win,-10.0,5,100.0,5,Expert,0.05,0.05,1,1262,50,0.0,0.0,2,0,0
Full,1,630,train,strong,player_win,-10.0,5,100.0,5,Expert,0.05,0.05,1,1264,50,0.0,0.0,2,0,0
Full,1,631,train,strong,player_win,-10.0,5,100.0,5,Expert,0.05,0.05,1,1266,50,0.0,0.0,2,0,0
Full,1,632,train,strong,player_win,-10.0,5,100.0,5,Expert,0.05,0.05,1,1268,50,0.0,0.0,2,0,0
Full,1,633,train,strong,player_win,-10.0,5,100.0,5,Expert,0.05,0.05,1,1270,50,0.0,0.0,2,0,0
Full,1,634,train,strong,player_win,-10.0,5,100.0,5,Expert,0.05,0.05,1,1272,50,0.0,0.0,2,0,0
Full,1,635,train,strong,player_win,-10.0,5,100.0,5,Expert,0.05,0.05,1,1274,50,0.0,0.0,2,0,0
Full,1,636,train,strong,player_win,-10.0,5,100.0,5,Expert,0.05,0.05,1,1276,50,0.0,0.0,2,0,0
Full,1,637,train,strong,player_win,-10.0,5,100.0,5,Expert,0.05,0.05,1,1278,50,0.0,0.0,2,0,0
Full,1,638,train,strong,player_win,-10.0,5,100.0,5,Expert,0.05,0.05,1,1280,50,0.0,0.0,2,0,0
Full,1,639,train,strong,player_win,-10.0,5,100.0,5,Expert,0.05,0.05,1,1282,50,0.0,0.0,2,0,0
Full,1,640,train,strong,player_win,-10.0,5,100.0,5,Expert,0.05,0.05,1,1284,50,0.0,0.0,2,0,0
Full,1,641,train,strong,player_win,-10.0,5,100.0,5,Expert,0.05,0.05,1,1286,50,0.0,0.0,2,0,0
Full,1,642,train,strong,player_win,-10.0,5,100.0,5,Expert,0.05,0.05,1,1288,50,0.0,0.0,2,0,0
Full,1,643,train,strong,player_win,-10.0,5,100.0,5,Expert,0.05,0.05,1,1290,50,0.0,0.0,2,0,0
Full,1,644,train,strong,player_win,-10.0,5,100.0,5,Expert,0.05,0.05,1,1292,50,0.0,0.0,2,0,0
Full,1,645,train,strong,player_win,-10.0,5,100.0,5,Expert,0.05,0.05,1,1294,50,0.0,0.0,2,0,0
Full,1,646,train,strong,player_win,-10.0,5,100.0,5,Expert,0.05,0.05,1,1296,50,0.0,0.0,2,0,0
Full,1,647,train,strong,player_win,-10.0,5,100.0,5,Expert,0.05,0.05,1,1298,50,0.0,0.0,2,0,0
Full,1,648,train,strong,player_win,-10.0,5,100.0,5,Expert,0.05,0.05,1,1300,50,0.0,0.0,2,0,0
Full,1,649,train,strong,player_win,-10.0,5,100.0,5,Expert,0.05,0.05,1,1302,50,0.0,0.0,2,0,0
Full,1,650,train,strong,player_win,-10.0,5,100.0,5,Expert,0.05,0.05,1,1304,50,0.0,0.0,2,0,0
Full,1,651,train,strong,player_win,-10.0,5,100.0,5,Expert,0.05,0.05,1,1306,51,0.0,0.0,1,1,0
Full,1,652,train,strong,player_win,-10.0,5,100.0,5,Expert,0.05,0.05,1,1308,51,0.0,0.0,2,0,0
Full,1,653,train,strong,player_win,-10.0,5,100.0,5,Expert,0.05,0.05,1,1310,51,0.0,0.0,2,0,0
Full,1,654,train,strong,player_win,-10.0,5,100.0,5,Expert,0.05,0.05,1,1312,51,0.0,0.0,2,0,0
Full,1,655,train,strong,player_win,-10.0,5,100.0,5,Expert,0.05,0.05,1,1314,51,0.0,0.0,2,0,0
Full,1,656,train,strong,player_win,-10.0,5,100.0,5,Expert,0.05,0.05,1,1316,51,0.0,0.0,2,0,0
Full,1,657,train,strong,player_win,-10.0,5,100.0,5,Expert,0.05,0.05,1,1318,51,0.0,0.0,2,0,0
Full,1,658,train,strong,player_win,-10.0,5,100.0,5,Expert,0.05,0.05,1,1320,51,0.0,0.0,2,0,0
Full,1,659,train,strong,player_win,-10.0,5,100.0,5,Expert,0.05,0.05,1,1322,51,0.0,0.0,2,0,0
Full,1,660,train,strong,player_win,-10.0,5,100.0,5,Expert,0.05,0.05,1,1324,51,0.0,0.0,2,0,0
Full,1,661,train,strong,player_win,-10.0,5,100.0,5,Expert,0.05,0.05,1,1326,51,0.0,0.0,2,0,0
Full,1,662,train,strong,player_win,-10.0,5,100.0,5,Expert,0.05,0.05,1,1328,51,0.0,0.0,2,0,0
Full,1,663,train,strong,player_win,-10.0,5,100.0,5,Expert,0.05,0.05,1,1330,51,0.0,0.0,2,0,0
Full,1,664,train,strong,player_win,-10.0,5,100.0,5,Expert,0.05,0.05,1,1332,51,0.0,0.0,2,0,0
Full,1,665,train,strong,player_win,-10.0,5,100.0,5,Expert,0.05,0.05,1,1334,51,0.0,0.0,2,0,0
Full,1,666,train,strong,player_win,-10.0,5,100.0,5,Expert,0.05,0.05,1,1336,51,0.0,0.0,2,0,0
Full,1,667,train,strong,player_win,-10.0,5,100.0,5,Expert,0.05,0.05,1,1338,51,0.0,0.0,2,0,0
Full,1,668,train,strong,player_win,-10.0,5,100.0,5,Expert,0.05,0.05,1,1340,51,0.0,0.0,2,0,0
Full,1,669,train,strong,player_win,-10.0,5,100.0,5,Expert,0.05,0.05,1,1342,51,0.0,0.0,2,0,0
Full,1,670,train,strong,player_win,-10.0,5,100.0,5,Expert,0.05,0.05,1,1344,51,0.0,0.0,2,0,0
Full,1,671,train,strong,player_win,-10.0,5,100.0,5,Expert,0.05,0.05,1,1346,51,0.0,0.0,2,0,0
Full,1,672,train,strong,player_win,-10.0,5,100.0,5,Expert,0.05,0.05,1,1348,51,0.0,0.0,2,0,0
Full,1,673,train,strong,player_win,-10.0,5,100.0,5,Expert,0.05,0.05,1,1350,51,0.0,0.0,2,0,0
Full,1,674,train,strong,player_win,-10.0,5,100.0,5,Expert,0.05,0.05,1,1352,51,0.0,0.0,2,0,0
Full,1,675,train,strong,player_win,-10.0,5,100.0,5,Expert,0.05,0.05,1,1354,51,0.0,0.0,2,0,0
Full,1,676,train,strong,player_win,-10.0,5,100.0,5,Expert,0.05,0.05,1,1356,51,0.0,0.0,2,0,0
Full,1,677,train,strong,player_win,-10.0,5,100.0,5,Expert,0.05,0.05,1,1358,51,0.0,0.0,2,0,0
Full,1,678,train,strong,player_win,-10.0,5,100.0,5,Expert,0.05,0.05,1,1360,51,0.0,0.0,2,0,0
Full,1,679,train,strong,player_win,-10.0,5,100.0,5,Expert,0.05,0.05,1,1362,51,0.0,0.0,2,0,0
Full,1,680,train,strong,player_win,-10.0,7,100.0,5,Expert,0.05,0.05,1,1365,53,0.0,0.0,2,0,1
Full,1,681,train,strong,player_win,-10.0,5,100.0,5,Expert,0.05,0.05,1,1367,53,0.0,0.0,2,0,0
Full,1,682,train,strong,player_win,-10.0,5,100.0,5,Expert,0.05,0.05,1,1369,53,0.0,0.0,2,0,0
Full,1,683,train,strong,player_win,-10.0,5,100.0,5,Expert,0.05,0.05,1,1371,53,0.0,0.0,2,0,0
Full,1,684,train,strong,player_win,-10.0,5,100.0,5,Expert,0.05,0.05,1,1373,53,0.0,0.0,2,0,0
Full,1,685,train,strong,player_win,-10.0,5,100.0,5,Expert,0.05,0.05,1,1375,53,0.0,0.0,2,0,0
Full,1,686,train,strong,player_win,-10.0,5,100.0,5,Expert,0.05,0.05,1,1377,53,0.0,0.0,2,0,0
Full,1,687,train,strong,player_win,-10.0,5,100.0,5,Expert,0.05,0.05,1,1379,53,0.0,0.0,2,0,0
Full,1,688,train,strong,player_win,-10.0,5,100.0,5,Expert,0.05,0.05,1,1381,53,0.0,0.0,2,0,0
Full,1,689,train,strong,player_win,-10.0,5,100.0,5,Expert,0.05,0.05,1,1383,53,0.0,0.0,2,0,0
Full,1,690,train,strong,player_win,-10.0,5,100.0,5,Expert,0.05,0.05,1,1385,53,0.0,0.0,2,0,0
Full,1,691,train,strong,player_win,-10.0,5,100.0,5,Expert,0.05,0.05,1,1387,53,0.0,0.0,2,0,0
Full,1,692,train,strong,player_win,-10.0,5,100.0,5,Expert,0.05,0.05,1,1389,53,0.0,0.0,2,0,0
Full,1,693,train,strong,player_win,-10.0,5,100.0,5,Expert,0.05,0.05,1,1391,53,0.0,0.0,2,0,0
Full,1,694,train,strong,player_win,-10.0,5,100.0,5,Expert,0.05,0.05,1,1393,53,0.0,0.0,2,0,0
Full,1,695,train,strong,player_win,-10.0,5,100.0,5,Expert,0.05,0.05,1,1395,53,0.0,0.0,2,0,0
Full,1,696,train,strong,player_win,-10.0,5,100.0,5,Expert,0.05,0.05,1,1397,53,0.0,0.0,2,0,0
Full,1,697,train,strong,player_win,-10.0,5,100.0,5,Expert,0.05,0.05,1,1399,53,0.0,0.0,2,0,0
Full,1,698,train,strong,player_win,-10.0,5,100.0,5,Expert,0.05,0.05,1,1401,53,0.0,0.0,2,0,0
Full,1,699,train,strong,player_win,-10.0,5,100.0,5,Expert,0.05,0.05,1,1403,53,0.0,0.0,2,0,0
Full,1,700,train,strong,player_win,-10.0,5,100.0,5,Expert,0.05,0.05,1,1405,53,0.0,0.0,2,0,0
Full,1,701,train,strong,player_win,-10.0,5,100.0,5,Expert,0.05,0.05,1,1407,53,0.0,0.0,1,1,0
Full,1,702,train,strong,player_win,-10.0,5,100.0,5,Expert,0.05,0.05,1,1409,54,0.0,0.0,1,0,1
Full,1,703,train,strong,player_win,-10.0,5,100.0,5,Expert,0.05,0.05,1,1411,54,0.0,0.0,2,0,0
Full,1,704,train,strong,player_win,-10.0,5,100.0,5,Expert,0.05,0.05,1,1413,54,0.0,0.0,2,0,0
Full,1,705,train,strong,player_win,-10.0,7,100.0,5,Expert,0.05,0.05,1,1416,55,0.0,0.0,2,0,1
Full,1,706,train,strong,player_win,-10.0,5,100.0,5,Expert,0.05,0.05,1,1418,55,0.0,0.0,2,0,0
Full,1,707,train,strong,player_win,-10.0,5,100.0,5,Expert,0.05,0.05,1,1420,55,0.0,0.0,2,0,0
Full,1,708,train,strong,player_win,-10.0,5,100.0,5,Expert,0.05,0.05,1,1422,55,0.0,0.0,2,0,0
Full,1,709,train,strong,player_win,-10.0,5,100.0,5,Expert,0.05,0.05,1,1424,55,0.0,0.0,2,0,0
Full,1,710,train,strong,player_win,-10.0,5,100.0,5,Expert,0.05,0.05,1,1426,55,0.0,0.0,2,0,0
Full,1,711,train,strong,player_win,-10.0,5,100.0,5,Expert,0.05,0.05,1,1428,55,0.0,0.0,2,0,0
Full,1,712,train,strong,player_win,-10.0,5,100.0,5,Expert,0.05,0.05,1,1430,55,0.0,0.0,2,0,0
Full,1,713,train,strong,player_win,-10.0,5,100.0,5,Expert,0.05,0.05,1,1432,55,0.0,0.0,2,0,0
Full,1,714,train,strong,player_win,-10.0,5,100.0,5,Expert,0.05,0.05,1,1434,55,0.0,0.0,2,0,0
Full,1,715,train,strong,player_win,-10.0,5,100.0,5,Expert,0.05,0.05,1,1436,55,0.0,0.0,2,0,0
Full,1,716,train,strong,player_win,-10.0,5,100.0,5,Expert,0.05,0.05,1,1438,55,0.0,0.0,2,0,0
Full,1,717,train,strong,player_win,-10.0,5,100.0,5,Expert,0.05,0.05,1,1440,55,0.0,0.0,2,0,0
Full,1,718,train,strong,player_win,-10.0,5,100.0,5,Expert,0.05,0.05,1,1442,55,0.0,0.0,2,0,0
Full,1,719,train,strong,player_win,-10.0,5,100.0,5,Expert,0.05,0.05,1,1444,55,0.0,0.0,2,0,0
Full,1,720,train,strong,player_win,-10.0,5,100.0,5,Expert,0.05,0.05,1,1446,55,0.0,0.0,2,0,0
Full,1,721,train,strong,player_win,-10.0,5,100.0,5,Expert,0.05,0.05,1,1448,55,0.0,0.0,2,0,0
Full,1,722,train,strong,player_win,-10.0,5,100.0,5,Expert,0.05,0.05,1,1450,55,0.0,0.0,2,0,0
Full,1,723,train,strong,player_win,-10.0,5,100.0,5,Expert,0.05,0.05,1,1452,55,0.0,0.0,2,0,0
Full,1,724,train,strong,player_win,-10.0,5,100.0,5,Expert,0.05,0.05,1,1454,55,0.0,0.0,2,0,0
Full,1,725,train,strong,player_win,-10.0,5,100.0,5,Expert,0.05,0.05,1,1456,55,0.0,0.0,2,0,0
Full,1,726,train,strong,player_win,-10.0,5,100.0,5,Expert,0.05,0.05,1,1458,55,0.0,0.0,2,0,0
Full,1,727,train,strong,player_win,-10.0,5,100.0,5,Expert,0.05,0.05,1,1460,55,0.0,0.0,2,0,0
Full,1,728,train,strong,player_win,-10.0,5,100.0,5,Expert,0.05,0.05,1,1462,55,0.0,0.0,2,0,0
Full,1,729,train,strong,player_win,-10.0,5,100.0,5,Expert,0.05,0.05,1,1464,55,0.0,0.0,2,0,0
Full,1,730,train,strong,player_win,-10.0,5,100.0,5,Expert,0.05,0.05,1,1466,55,0.0,0.0,2,0,0
Full,1,731,train,strong,player_win,-10.0,5,100.0,5,Expert,0.05,0.05,1,1468,55,0.0,0.0,2,0,0
Full,1,732,train,strong,player_win,-10.0,5,100.0,5,Expert,0.05,0.05,1,1470,55,0.0,0.0,2,0,0
Full,1,733,train,strong,player_win,-10.0,5,100.0,5,Expert,0.05,0.05,1,1472,55,0.0,0.0,2,0,0
Full,1,734,train,strong,player_win,-10.0,5,100.0,5,Expert,0.05,0.05,1,1474,55,0.0,0.0,2,0,0
Full,1,735,train,strong,player_win,-10.0,5,100.0,5,Expert,0.05,0.05,1,1476,55,0.0,0.0,2,0,0
Full,1,736,train,strong,player_win,-10.0,5,100.0,5,Expert,0.05,0.05,1,1478,55,0.0,0.0,2,0,0
Full,1,737,train,strong,player_win,-10.0,5,100.0,5,Expert,0.05,0.05,1,1480,55,0.0,0.0,2,0,0
Full,1,738,train,strong,player_win,-10.0,5,100.0,5,Expert,0.05,0.05,1,1482,55,0.0,0.0,1,0,1
Full,1,739,train,strong,player_win,-10.0,5,100.0,5,Expert,0.05,0.05,1,1484,55,0.0,0.0,2,0,0
Full,1,740,train,strong,player_win,-10.0,5,100.0,5,Expert,0.05,0.05,1,1486,55,0.0,0.0,2,0,0
Full,1,741,train,strong,player_win,-10.0,5,100.0,5,Expert,0.05,0.05,1,1488,55,0.0,0.0,2,0,0
Full,1,742,train,strong,player_win,-10.0,5,100.0,5,Expert,0.05,0.05,1,1490,55,0.0,0.0,2,0,0
Full,1,743,train,strong,player_win,-10.0,5,100.0,5,Expert,0.05,0.05,1,1492,55,0.0,0.0,2,0,0
Full,1,744,train,strong,player_win,-10.0,5,100.0,5,Expert,0.05,0.05,1,1494,55,0.0,0.0,2,0,0
Full,1,745,train,strong,player_win,-10.0,5,100.0,5,Expert,0.05,0.05,1,1496,56,0.0,0.0,1,0,1
Full,1,746,train,strong,player_win,-10.0,5,100.0,5,Expert,0.05,0.05,1,1498,56,0.0,0.0,2,0,0
Full,1,747,train,strong,player_win,-10.0,5,100.0,5,Expert,0.05,0.05,1,1500,56,0.0,0.0,2,0,0
Full,1,748,train,strong,player_win,-10.0,5,100.0,5,Expert,0.05,0.05,1,1502,56,0.0,0.0,2,0,0
Full,1,749,train,strong,player_win,-10.0,5,100.0,5,Expert,0.05,0.05,1,1504,56,0.0,0.0,2,0,0
Full,1,750,train,strong,player_win,-10.0,5,100.0,5,Expert,0.05,0.05,1,1506,56,0.0,0.0,2,0,0
Full,1,751,train,strong,player_win,-10.0,5,100.0,5,Expert,0.05,0.05,1,1508,56,0.0,0.0,2,0,0
Full,1,752,train,strong,player_win,-10.0,5,100.0,5,Expert,0.05,0.05,1,1510,56,0.0,0.0,2,0,0
Full,1,753,train,strong,player_win,-10.0,5,100.0,5,Expert,0.05,0.05,1,1512,56,0.0,0.0,2,0,0
Full,1,754,train,strong,player_win,-10.0,5,100.0,5,Expert,0.05,0.05,1,1514,56,0.0,0.0,2,0,0
Full,1,755,train,strong,player_win,-10.0,5,100.0,5,Expert,0.05,0.05,1,1516,56,0.0,0.0,2,0,0
Full,1,756,train,strong,player_win,-10.0,5,100.0,5,Expert,0.05,0.05,1,1518,56,0.0,0.0,2,0,0
Full,1,757,train,strong,player_win,-10.0,5,100.0,5,Expert,0.05,0.05,1,1520,56,0.0,0.0,2,0,0
Full,1,758,train,strong,player_win,-10.0,5,100.0,5,Expert,0.05,0.05,1,1522,56,0.0,0.0,2,0,0
Full,1,759,train,strong,player_win,-10.0,5,100.0,5,Expert,0.05,0.05,1,1524,56,0.0,0.0,2,0,0
Full,1,760,train,strong,player_win,-10.0,5,100.0,5,Expert,0.05,0.05,1,1526,56,0.0,0.0,2,0,0
Full,1,761,train,strong,player_win,-10.0,5,100.0,5,Expert,0.05,0.05,1,1528,56,0.0,0.0,2,0,0
Full,1,762,train,strong,player_win,-10.0,5,100.0,5,Expert,0.05,0.05,1,1530,56,0.0,0.0,2,0,0
Full,1,763,train,strong,player_win,-10.0,5,100.0,5,Expert,0.05,0.05,1,1532,56,0.0,0.0,2,0,0
Full,1,764,train,strong,player_win,-10.0,5,100.0,5,Expert,0.05,0.05,1,1534,56,0.0,0.0,1,0,1
Full,1,765,train,strong,player_win,-10.0,5,100.0,5,Expert,0.05,0.05,1,1536,57,0.0,0.0,1,0,1
Full,1,766,train,strong,player_win,-10.0,5,100.0,5,Expert,0.05,0.05,1,1538,57,0.0,0.0,2,0,0
Full,1,767,train,strong,player_win,-10.0,5,100.0,5,Expert,0.05,0.05,1,1540,57,0.0,0.0,2,0,0
Full,1,768,train,strong,player_win,-10.0,5,100.0,5,Expert,0.05,0.05,1,1542,57,0.0,0.0,2,0,0
Full,1,769,train,strong,player_win,-10.0,5,100.0,5,Expert,0.05,0.05,1,1544,57,0.0,0.0,2,0,0
Full,1,770,train,strong,player_win,-10.0,5,100.0,5,Expert,0.05,0.05,1,1546,57,0.0,0.0,2,0,0
Full,1,771,train,strong,player_win,-10.0,5,100.0,5,Expert,0.05,0.05,1,1548,57,0.0,0.0,2,0,0
Full,1,772,train,strong,player_win,-10.0,5,100.0,5,Expert,0.05,0.05,1,1550,57,0.0,0.0,2,0,0
Full,1,773,train,strong,player_win,-10.0,5,100.0,5,Expert,0.05,0.05,1,1552,57,0.0,0.0,2,0,0
Full,1,774,train,strong,player_win,-10.0,5,100.0,5,Expert,0.05,0.05,1,1554,57,0.0,0.0,2,0,0
Full,1,775,train,strong,player_win,-10.0,5,100.0,5,Expert,0.05,0.05,1,1556,58,0.0,0.0,1,0,1
Full,1,776,train,strong,player_win,-10.0,5,100.0,5,Expert,0.05,0.05,1,1558,58,0.0,0.0,2,0,0
Full,1,777,train,strong,player_win,-10.0,5,100.0,5,Expert,0.05,0.05,1,1560,58,0.0,0.0,2,0,0
Full,1,778,train,strong,player_win,-10.0,5,100.0,5,Expert,0.05,0.05,1,1562,58,0.0,0.0,2,0,0
Full,1,779,train,strong,player_win,-10.0,5,100.0,5,Expert,0.05,0.05,1,1564,58,0.0,0.0,2,0,0
Full,1,780,train,strong,player_win,-10.0,5,100.0,5,Expert,0.05,0.05,1,1566,58,0.0,0.0,2,0,0
Full,1,781,train,strong,player_win,-10.0,5,100.0,5,Expert,0.05,0.05,1,1568,58,0.0,0.0,2,0,0
Full,1,782,train,strong,player_win,-10.0,5,100.0,5,Expert,0.05,0.05,1,1570,58,0.0,0.0,2,0,0
Full,1,783,train,strong,player_win,-10.0,5,100.0,5,Expert,0.05,0.05,1,1572,58,0.0,0.0,2,0,0
Full,1,784,train,strong,player_win,-10.0,5,100.0,5,Expert,0.05,0.05,1,1574,58,0.0,0.0,2,0,0
Full,1,785,train,strong,player_win,-10.0,5,100.0,5,Expert,0.05,0.05,1,1576,58,0.0,0.0,2,0,0
Full,1,786,train,strong,player_win,-10.0,5,100.0,5,Expert,0.05,0.05,1,1578,58,0.0,0.0,2,0,0
Full,1,787,train,strong,player_win,-10.0,5,100.0,5,Expert,0.05,0.05,1,1580,58,0.0,0.0,2,0,0
Full,1,788,train,strong,player_win,-10.0,5,100.0,5,Expert,0.05,0.05,1,1582,58,0.0,0.0,2,0,0
Full,1,789,train,strong,player_win,-10.0,5,100.0,5,Expert,0.05,0.05,1,1584,58,0.0,0.0,2,0,0
Full,1,790,train,strong,player_win,-10.0,5,100.0,5,Expert,0.05,0.05,1,1586,58,0.0,0.0,2,0,0
Full,1,791,train,strong,player_win,-10.0,5,100.0,5,Expert,0.05,0.05,1,1588,58,0.0,0.0,2,0,0
Full,1,792,train,strong,player_win,-10.0,5,100.0,5,Expert,0.05,0.05,1,1590,58,0.0,0.0,2,0,0
Full,1,793,train,strong,player_win,-10.0,5,100.0,5,Expert,0.05,0.05,1,1592,58,0.0,0.0,2,0,0
Full,1,794,train,strong,player_win,-10.0,5,100.0,5,Expert,0.05,0.05,1,1594,58,0.0,0.0,2,0,0
Full,1,795,train,strong,player_win,-10.0,5,100.0,5,Expert,0.05,0.05,1,1596,58,0.0,0.0,2,0,0
Full,1,796,train,strong,player_win,-10.0,5,100.0,5,Expert,0.05,0.05,1,1598,58,0.0,0.0,2,0,0
Full,1,797,train,strong,player_win,-10.0,5,100.0,5,Expert,0.05,0.05,1,1600,58,0.0,0.0,2,0,0
Full,1,798,train,strong,player_win,-10.0,5,100.0,5,Expert,0.05,0.05,1,1602,58,0.0,0.0,2,0,0
Full,1,799,train,strong,player_win,-10.0,5,100.0,5,Expert,0.05,0.05,1,1604,58,0.0,0.0,2,0,0
Full,1,800,train,strong,player_win,-10.0,5,100.0,5,Expert,0.05,0.05,1,1606,58,0.0,0.0,2,0,0
Full,1,801,eval,strong,player_win,-10.0,5,100.0,5,Expert,0.05,0.0,0,1606,58,0.0,0.0,2,0,0
Full,1,802,eval,strong,player_win,-10.0,5,100.0,5,Expert,0.05,0.0,0,1606,58,0.0,0.0,2,0,0
Full,1,803,eval,strong,player_win,-10.0,5,100.0,5,Expert,0.05,0.0,0,1606,58,0.0,0.0,2,0,0
Full,1,804,eval,strong,player_win,-10.0,5,100.0,5,Expert,0.05,0.0,0,1606,58,0.0,0.0,2,0,0
Full,1,805,eval,strong,player_win,-10.0,5,100.0,5,Expert,0.05,0.0,0,1606,58,0.0,0.0,2,0,0
Full,1,806,eval,strong,player_win,-10.0,5,100.0,5,Expert,0.05,0.0,0,1606,58,0.0,0.0,2,0,0
Full,1,807,eval,strong,player_win,-10.0,5,100.0,5,Expert,0.05,0.0,0,1606,58,0.0,0.0,2,0,0
Full,1,808,eval,strong,player_win,-10.0,5,100.0,5,Expert,0.05,0.0,0,1606,58,0.0,0.0,2,0,0
Full,1,809,eval,strong,player_win,-10.0,5,100.0,5,Expert,0.05,0.0,0,1606,58,0.0,0.0,2,0,0
Full,1,810,eval,strong,player_win,-10.0,5,100.0,5,Expert,0.05,0.0,0,1606,58,0.0,0.0,2,0,0
Full,1,811,eval,strong,player_win,-10.0,5,100.0,5,Expert,0.05,0.0,0,1606,58,0.0,0.0,2,0,0
Full,1,812,eval,strong,player_win,-10.0,5,100.0,5,Expert,0.05,0.0,0,1606,58,0.0,0.0,2,0,0
Full,1,813,eval,strong,player_win,-10.0,5,100.0,5,Expert,0.05,0.0,0,1606,58,0.0,0.0,2,0,0
Full,1,814,eval,strong,player_win,-10.0,5,100.0,5,Expert,0.05,0.0,0,1606,58,0.0,0.0,2,0,0
Full,1,815,eval,strong,player_win,-10.0,5,100.0,5,Expert,0.05,0.0,0,1606,58,0.0,0.0,2,0,0
Full,1,816,eval,strong,player_win,-10.0,5,100.0,5,Expert,0.05,0.0,0,1606,58,0.0,0.0,2,0,0
Full,1,817,eval,strong,player_win,-10.0,5,100.0,5,Expert,0.05,0.0,0,1606,58,0.0,0.0,2,0,0
Full,1,818,eval,strong,player_win,-10.0,5,100.0,5,Expert,0.05,0.0,0,1606,58,0.0,0.0,2,0,0
Full,1,819,eval,strong,player_win,-10.0,5,100.0,5,Expert,0.05,0.0,0,1606,58,0.0,0.0,2,0,0
Full,1,820,eval,strong,player_win,-10.0,5,100.0,5,Expert,0.05,0.0,0,1606,58,0.0,0.0,2,0,0
Full,1,821,eval,strong,player_win,-10.0,5,100.0,5,Expert,0.05,0.0,0,1606,58,0.0,0.0,2,0,0
Full,1,822,eval,strong,player_win,-10.0,5,100.0,5,Expert,0.05,0.0,0,1606,58,0.0,0.0,1,0,1
Full,1,823,eval,strong,player_win,-10.0,5,100.0,5,Expert,0.05,0.0,0,1606,58,0.0,0.0,2,0,0
Full,1,824,eval,strong,player_win,-10.0,5,100.0,5,Expert,0.05,0.0,0,1606,58,0.0,0.0,2,0,0
Full,1,825,eval,strong,player_win,-10.0,5,100.0,5,Expert,0.05,0.0,0,1606,58,0.0,0.0,2,0,0
Full,1,826,eval,strong,player_win,-10.0,5,100.0,5,Expert,0.05,0.0,0,1606,58,0.0,0.0,2,0,0
Full,1,827,eval,strong,player_win,-10.0,5,100.0,5,Expert,0.05,0.0,0,1606,58,0.0,0.0,2,0,0
Full,1,828,eval,strong,player_win,-10.0,5,100.0,5,Expert,0.05,0.0,0,1606,58,0.0,0.0,1,0,1
Full,1,829,eval,strong,player_win,-10.0,5,100.0,5,Expert,0.05,0.0,0,1606,58,0.0,0.0,2,0,0
Full,1,830,eval,strong,player_win,-10.0,5,100.0,5,Expert,0.05,0.0,0,1606,58,0.0,0.0,2,0,0
Full,1,831,eval,strong,player_win,-10.0,5,100.0,5,Expert,0.05,0.0,0,1606,58,0.0,0.0,2,0,0
Full,1,832,eval,strong,player_win,-10.0,5,100.0,5,Expert,0.05,0.0,0,1606,58,0.0,0.0,2,0,0
Full,1,833,eval,strong,player_win,-10.0,5,100.0,5,Expert,0.05,0.0,0,1606,58,0.0,0.0,2,0,0
Full,1,834,eval,strong,player_win,-10.0,5,100.0,5,Expert,0.05,0.0,0,1606,58,0.0,0.0,2,0,0
Full,1,835,eval,strong,player_win,-10.0,5,100.0,5,Expert,0.05,0.0,0,1606,58,0.0,0.0,2,0,0
Full,1,836,eval,strong,player_win,-10.0,5,100.0,5,Expert,0.05,0.0,0,1606,58,0.0,0.0,2,0,0
Full,1,837,eval,strong,player_win,-10.0,5,100.0,5,Expert,0.05,0.0,0,1606,58,0.0,0.0,2,0,0
Full,1,838,eval,strong,player_win,-10.0,5,100.0,5,Expert,0.05,0.0,0,1606,58,0.0,0.0,2,0,0
Full,1,839,eval,strong,player_win,-10.0,5,100.0,5,Expert,0.05,0.0,0,1606,58,0.0,0.0,2,0,0
Full,1,840,eval,strong,player_win,-10.0,5,100.0,5,Expert,0.05,0.0,0,1606,58,0.0,0.0,2,0,0
Full,1,841,eval,strong,player_win,-10.0,5,100.0,5,Expert,0.05,0.0,0,1606,58,0.0,0.0,2,0,0
Full,1,842,eval,strong,player_win,-10.0,5,100.0,5,Expert,0.05,0.0,0,1606,58,0.0,0.0,2,0,0
Full,1,843,eval,strong,player_win,-10.0,5,100.0,5,Expert,0.05,0.0,0,1606,58,0.0,0.0,2,0,0
Full,1,844,eval,strong,player_win,-10.0,5,100.0,5,Expert,0.05,0.0,0,1606,58,0.0,0.0,2,0,0
Full,1,845,eval,strong,player_win,-10.0,5,100.0,5,Expert,0.05,0.0,0,1606,58,0.0,0.0,2,0,0
Full,1,846,eval,strong,player_win,-10.0,7,100.0,5,Expert,0.05,0.0,0,1606,58,0.0,0.0,2,0,1
Full,1,847,eval,strong,player_win,-10.0,5,100.0,5,Expert,0.05,0.0,0,1606,58,0.0,0.0,2,0,0
Full,1,848,eval,strong,player_win,-10.0,5,100.0,5,Expert,0.05,0.0,0,1606,58,0.0,0.0,2,0,0
Full,1,849,eval,strong,player_win,-10.0,5,100.0,5,Expert,0.05,0.0,0,1606,58,0.0,0.0,2,0,0
Full,1,850,eval,strong,player_win,-10.0,5,100.0,5,Expert,0.05,0.0,0,1606,58,0.0,0.0,1,0,1
Full,1,851,eval,strong,player_win,-10.0,5,100.0,5,Expert,0.05,0.0,0,1606,58,0.0,0.0,1,0,1
Full,1,852,eval,strong,player_win,-10.0,7,100.0,5,Expert,0.05,0.0,0,1606,58,0.0,0.0,2,0,1
Full,1,853,eval,strong,player_win,-10.0,5,100.0,5,Expert,0.05,0.0,0,1606,58,0.0,0.0,2,0,0
Full,1,854,eval,strong,player_win,-10.0,5,100.0,5,Expert,0.05,0.0,0,1606,58,0.0,0.0,2,0,0
Full,1,855,eval,strong,player_win,-10.0,5,100.0,5,Expert,0.05,0.0,0,1606,58,0.0,0.0,2,0,0
Full,1,856,eval,strong,player_win,-10.0,5,100.0,5,Expert,0.05,0.0,0,1606,58,0.0,0.0,2,0,0
Full,1,857,eval,strong,player_win,-10.0,5,100.0,5,Expert,0.05,0.0,0,1606,58,0.0,0.0,2,0,0
Full,1,858,eval,strong,player_win,-10.0,5,100.0,5,Expert,0.05,0.0,0,1606,58,0.0,0.0,2,0,0
Full,1,859,eval,strong,player_win,-10.0,5,100.0,5,Expert,0.05,0.0,0,1606,58,0.0,0.0,1,0,1
Full,1,860,eval,strong,player_win,-10.0,5,100.0,5,Expert,0.05,0.0,0,1606,58,0.0,0.0,2,0,0
Full,1,861,eval,strong,player_win,-10.0,5,100.0,5,Expert,0.05,0.0,0,1606,58,0.0,0.0,2,0,0
Full,1,862,eval,strong,player_win,-10.0,5,100.0,5,Expert,0.05,0.0,0,1606,58,0.0,0.0,2,0,0
Full,1,863,eval,strong,player_win,-10.0,5,100.0,5,Expert,0.05,0.0,0,1606,58,0.0,0.0,2,0,0
Full,1,864,eval,strong,player_win,-10.0,5,100.0,5,Expert,0.05,0.0,0,1606,58,0.0,0.0,2,0,0
Full,1,865,eval,strong,player_win,-10.0,5,100.0,5,Expert,0.05,0.0,0,1606,58,0.0,0.0,2,0,0
Full,1,866,eval,strong,player_win,-10.0,5,100.0,5,Expert,0.05,0.0,0,1606,58,0.0,0.0,2,0,0
Full,1,867,eval,strong,player_win,-10.0,5,100.0,5,Expert,0.05,0.0,0,1606,58,0.0,0.0,2,0,0
Full,1,868,eval,strong,player_win,-10.0,5,100.0,5,Expert,0.05,0.0,0,1606,58,0.0,0.0,2,0,0
Full,1,869,eval,strong,player_win,-10.0,5,100.0,5,Expert,0.05,0.0,0,1606,58,0.0,0.0,2,0,0
Full,1,870,eval,strong,player_win,-10.0,5,100.0,5,Expert,0.05,0.0,0,1606,58,0.0,0.0,2,0,0
Full,1,871,eval,strong,player_win,-10.0,5,100.0,5,Expert,0.05,0.0,0,1606,58,0.0,0.0,2,0,0
Full,1,872,eval,strong,player_win,-10.0,5,100.0,5,Expert,0.05,0.0,0,1606,58,0.0,0.0,2,0,0
Full,1,873,eval,strong,player_win,-10.0,5,100.0,5,Expert,0.05,0.0,0,1606,58,0.0,0.0,2,0,0
Full,1,874,eval,strong,player_win,-10.0,5,100.0,5,Expert,0.05,0.0,0,1606,58,0.0,0.0,2,0,0
Full,1,875,eval,strong,player_win,-10.0,7,100.0,5,Expert,0.05,0.0,0,1606,58,0.0,0.0,2,0,1
Full,1,876,eval,strong,player_win,-10.0,5,100.0,5,Expert,0.05,0.0,0,1606,58,0.0,0.0,2,0,0
Full,1,877,eval,strong,player_win,-10.0,5,100.0,5,Expert,0.05,0.0,0,1606,58,0.0,0.0,2,0,0
Full,1,878,eval,strong,player_win,-10.0,5,100.0,5,Expert,0.05,0.0,0,1606,58,0.0,0.0,2,0,0
Full,1,879,eval,strong,player_win,-10.0,5,100.0,5,Expert,0.05,0.0,0,1606,58,0.0,0.0,2,0,0
Full,1,880,eval,strong,player_win,-10.0,5,100.0,5,Expert,0.05,0.0,0,1606,58,0.0,0.0,2,0,0
Full,1,881,eval,strong,player_win,-10.0,5,100.0,5,Expert,0.05,0.0,0,1606,58,0.0,0.0,2,0,0
Full,1,882,eval,strong,player_win,-10.0,5,100.0,5,Expert,0.05,0.0,0,1606,58,0.0,0.0,2,0,0
Full,1,883,eval,strong,player_win,-10.0,5,100.0,5,Expert,0.05,0.0,0,1606,58,0.0,0.0,2,0,0
Full,1,884,eval,strong,player_win,-10.0,5,100.0,5,Expert,0.05,0.0,0,1606,58,0.0,0.0,2,0,0
Full,1,885,eval,strong,player_win,-10.0,5,100.0,5,Expert,0.05,0.0,0,1606,58,0.0,0.0,2,0,0
Full,1,886,eval,strong,player_win,-10.0,5,100.0,5,Expert,0.05,0.0,0,1606,58,0.0,0.0,2,0,0
Full,1,887,eval,strong,player_win,-10.0,5,100.0,5,Expert,0.05,0.0,0,1606,58,0.0,0.0,2,0,0
Full,1,888,eval,strong,player_win,-10.0,5,100.0,5,Expert,0.05,0.0,0,1606,58,0.0,0.0,2,0,0
Full,1,889,eval,strong,player_win,-10.0,5,100.0,5,Expert,0.05,0.0,0,1606,58,0.0,0.0,2,0,0
Full,1,890,eval,strong,player_win,-10.0,5,100.0,5,Expert,0.05,0.0,0,1606,58,0.0,0.0,2,0,0
Full,1,891,eval,strong,player_win,-10.0,5,100.0,5,Expert,0.05,0.0,0,1606,58,0.0,0.0,2,0,0
Full,1,892,eval,strong,player_win,-10.0,5,100.0,5,Expert,0.05,0.0,0,1606,58,0.0,0.0,2,0,0
Full,1,893,eval,strong,player_win,-10.0,5,100.0,5,Expert,0.05,0.0,0,1606,58,0.0,0.0,2,0,0
Full,1,894,eval,strong,player_win,-10.0,5,100.0,5,Expert,0.05,0.0,0,1606,58,0.0,0.0,2,0,0
Full,1,895,eval,strong,player_win,-10.0,5,100.0,5,Expert,0.05,0.0,0,1606,58,0.0,0.0,2,0,0
Full,1,896,eval,strong,player_win,-10.0,5,100.0,5,Expert,0.05,0.0,0,1606,58,0.0,0.0,2,0,0
Full,1,897,eval,strong,player_win,-10.0,5,100.0,5,Expert,0.05,0.0,0,1606,58,0.0,0.0,2,0,0
Full,1,898,eval,strong,player_win,-10.0,5,100.0,5,Expert,0.05,0.0,0,1606,58,0.0,0.0,2,0,0
Full,1,899,eval,strong,player_win,-10.0,5,100.0,5,Expert,0.05,0.0,0,1606,58,0.0,0.0,2,0,0
Full,1,900,eval,strong,player_win,-10.0,5,100.0,5,Expert,0.05,0.0,0,1606,58,0.0,0.0,2,0,0
Full,1,901,eval,strong,player_win,-10.0,5,100.0,5,Expert,0.05,0.0,0,1606,58,0.0,0.0,2,0,0
Full,1,902,eval,strong,player_win,-10.0,5,100.0,5,Expert,0.05,0.0,0,1606,58,0.0,0.0,2,0,0
Full,1,903,eval,strong,player_win,-10.0,5,100.0,5,Expert,0.05,0.0,0,1606,58,0.0,0.0,2,0,0
Full,1,904,eval,strong,player_win,-10.0,5,100.0,5,Expert,0.05,0.0,0,1606,58,0.0,0.0,2,0,0
Full,1,905,eval,strong,player_win,-10.0,5,100.0,5,Expert,0.05,0.0,0,1606,58,0.0,0.0,2,0,0
Full,1,906,eval,strong,player_win,-10.0,5,100.0,5,Expert,0.05,0.0,0,1606,58,0.0,0.0,2,0,0
Full,1,907,eval,strong,player_win,-10.0,5,100.0,5,Expert,0.05,0.0,0,1606,58,0.0,0.0,2,0,0
Full,1,908,eval,strong,player_win,-10.0,5,100.0,5,Expert,0.05,0.0,0,1606,58,0.0,0.0,2,0,0
Full,1,909,eval,strong,player_win,-10.0,5,100.0,5,Expert,0.05,0.0,0,1606,58,0.0,0.0,2,0,0
Full,1,910,eval,strong,player_win,-10.0,5,100.0,5,Expert,0.05,0.0,0,1606,58,0.0,0.0,2,0,0
Full,1,911,eval,strong,player_win,-10.0,5,100.0,5,Expert,0.05,0.0,0,1606,58,0.0,0.0,2,0,0
Full,1,912,eval,strong,player_win,-10.0,5,100.0,5,Expert,0.05,0.0,0,1606,58,0.0,0.0,2,0,0
Full,1,913,eval,strong,player_win,-10.0,5,100.0,5,Expert,0.05,0.0,0,1606,58,0.0,0.0,2,0,0
Full,1,914,eval,strong,player_win,-10.0,5,100.0,5,Expert,0.05,0.0,0,1606,58,0.0,0.0,2,0,0
Full,1,915,eval,strong,player_win,-10.0,5,100.0,5,Expert,0.05,0.0,0,1606,58,0.0,0.0,2,0,0
Full,1,916,eval,strong,player_win,-10.0,5,100.0,5,Expert,0.05,0.0,0,1606,58,0.0,0.0,2,0,0
Full,1,917,eval,strong,player_win,-10.0,5,100.0,5,Expert,0.05,0.0,0,1606,58,0.0,0.0,2,0,0
Full,1,918,eval,strong,player_win,-10.0,5,100.0,5,Expert,0.05,0.0,0,1606,58,0.0,0.0,2,0,0
Full,1,919,eval,strong,player_win,-10.0,5,100.0,5,Expert,0.05,0.0,0,1606,58,0.0,0.0,2,0,0
Full,1,920,eval,strong,player_win,-10.0,5,100.0,5,Expert,0.05,0.0,0,1606,58,0.0,0.0,2,0,0
Full,1,921,eval,strong,player_win,-10.0,5,100.0,5,Expert,0.05,0.0,0,1606,58,0.0,0.0,2,0,0
Full,1,922,eval,strong,player_win,-10.0,5,100.0,5,Expert,0.05,0.0,0,1606,58,0.0,0.0,2,0,0
Full,1,923,eval,strong,player_win,-10.0,5,100.0,5,Expert,0.05,0.0,0,1606,58,0.0,0.0,2,0,0
Full,1,924,eval,strong,player_win,-10.0,5,100.0,5,Expert,0.05,0.0,0,1606,58,0.0,0.0,2,0,0
Full,1,925,eval,strong,player_win,-10.0,5,100.0,5,Expert,0.05,0.0,0,1606,58,0.0,0.0,2,0,0
Full,1,926,eval,strong,player_win,-10.0,5,100.0,5,Expert,0.05,0.0,0,1606,58,0.0,0.0,2,0,0
Full,1,927,eval,strong,player_win,-10.0,5,100.0,5,Expert,0.05,0.0,0,1606,58,0.0,0.0,2,0,0
Full,1,928,eval,strong,player_win,-10.0,5,100.0,5,Expert,0.05,0.0,0,1606,58,0.0,0.0,2,0,0
Full,1,929,eval,strong,player_win,-10.0,5,100.0,5,Expert,0.05,0.0,0,1606,58,0.0,0.0,2,0,0
Full,1,930,eval,strong,player_win,-10.0,5,100.0,5,Expert,0.05,0.0,0,1606,58,0.0,0.0,2,0,0
Full,1,931,eval,strong,player_win,-10.0,5,100.0,5,Expert,0.05,0.0,0,1606,58,0.0,0.0,2,0,0
Full,1,932,eval,strong,player_win,-10.0,5,100.0,5,Expert,0.05,0.0,0,1606,58,0.0,0.0,2,0,0
Full,1,933,eval,strong,player_win,-10.0,5,100.0,5,Expert,0.05,0.0,0,1606,58,0.0,0.0,2,0,0
Full,1,934,eval,strong,player_win,-10.0,5,100.0,5,Expert,0.05,0.0,0,1606,58,0.0,0.0,2,0,0
Full,1,935,eval,strong,player_win,-10.0,5,100.0,5,Expert,0.05,0.0,0,1606,58,0.0,0.0,2,0,0
Full,1,936,eval,strong,player_win,-10.0,5,100.0,5,Expert,0.05,0.0,0,1606,58,0.0,0.0,2,0,0
Full,1,937,eval,strong,player_win,-10.0,5,100.0,5,Expert,0.05,0.0,0,1606,58,0.0,0.0,1,0,1
Full,1,938,eval,strong,player_win,-10.0,5,100.0,5,Expert,0.05,0.0,0,1606,58,0.0,0.0,1,0,1
Full,1,939,eval,strong,player_win,-10.0,5,100.0,5,Expert,0.05,0.0,0,1606,58,0.0,0.0,2,0,0
Full,1,940,eval,strong,player_win,-10.0,5,100.0,5,Expert,0.05,0.0,0,1606,58,0.0,0.0,2,0,0
Full,1,941,eval,strong,player_win,-10.0,5,100.0,5,Expert,0.05,0.0,0,1606,58,0.0,0.0,2,0,0
Full,1,942,eval,strong,player_win,-10.0,5,100.0,5,Expert,0.05,0.0,0,1606,58,0.0,0.0,2,0,0
Full,1,943,eval,strong,player_win,-10.0,5,100.0,5,Expert,0.05,0.0,0,1606,58,0.0,0.0,2,0,0
Full,1,944,eval,strong,player_win,-10.0,5,100.0,5,Expert,0.05,0.0,0,1606,58,0.0,0.0,2,0,0
Full,1,945,eval,strong,player_win,-10.0,5,100.0,5,Expert,0.05,0.0,0,1606,58,0.0,0.0,2,0,0
Full,1,946,eval,strong,player_win,-10.0,5,100.0,5,Expert,0.05,0.0,0,1606,58,0.0,0.0,1,0,1
Full,1,947,eval,strong,player_win,-10.0,5,100.0,5,Expert,0.05,0.0,0,1606,58,0.0,0.0,2,0,0
Full,1,948,eval,strong,player_win,-10.0,5,100.0,5,Expert,0.05,0.0,0,1606,58,0.0,0.0,2,0,0
Full,1,949,eval,strong,player_win,-10.0,5,100.0,5,Expert,0.05,0.0,0,1606,58,0.0,0.0,2,0,0
Full,1,950,eval,strong,player_win,-10.0,5,100.0,5,Expert,0.05,0.0,0,1606,58,0.0,0.0,2,0,0
Full,1,951,eval,strong,player_win,-10.0,5,100.0,5,Expert,0.05,0.0,0,1606,58,0.0,0.0,2,0,0
Full,1,952,eval,strong,player_win,-10.0,5,100.0,5,Expert,0.05,0.0,0,1606,58,0.0,0.0,1,0,1
Full,1,953,eval,strong,player_win,-10.0,5,100.0,5,Expert,0.05,0.0,0,1606,58,0.0,0.0,1,0,1
Full,1,954,eval,strong,player_win,-10.0,5,100.0,5,Expert,0.05,0.0,0,1606,58,0.0,0.0,2,0,0
Full,1,955,eval,strong,player_win,-10.0,5,100.0,5,Expert,0.05,0.0,0,1606,58,0.0,0.0,2,0,0
Full,1,956,eval,strong,player_win,-10.0,5,100.0,5,Expert,0.05,0.0,0,1606,58,0.0,0.0,2,0,0
Full,1,957,eval,strong,player_win,-10.0,5,100.0,5,Expert,0.05,0.0,0,1606,58,0.0,0.0,2,0,0
Full,1,958,eval,strong,player_win,-10.0,5,100.0,5,Expert,0.05,0.0,0,1606,58,0.0,0.0,2,0,0
Full,1,959,eval,strong,player_win,-10.0,5,100.0,5,Expert,0.05,0.0,0,1606,58,0.0,0.0,2,0,0
Full,1,960,eval,strong,player_win,-10.0,5,100.0,5,Expert,0.05,0.0,0,1606,58,0.0,0.0,2,0,0
Full,1,961,eval,strong,player_win,-10.0,5,100.0,5,Expert,0.05,0.0,0,1606,58,0.0,0.0,2,0,0
Full,1,962,eval,strong,player_win,-10.0,5,100.0,5,Expert,0.05,0.0,0,1606,58,0.0,0.0,2,0,0
Full,1,963,eval,strong,player_win,-10.0,5,100.0,5,Expert,0.05,0.0,0,1606,58,0.0,0.0,2,0,0
Full,1,964,eval,strong,player_win,-10.0,5,100.0,5,Expert,0.05,0.0,0,1606,58,0.0,0.0,2,0,0
Full,1,965,eval,strong,player_win,-10.0,5,100.0,5,Expert,0.05,0.0,0,1606,58,0.0,0.0,2,0,0
Full,1,966,eval,strong,player_win,-10.0,5,100.0,5,Expert,0.05,0.0,0,1606,58,0.0,0.0,2,0,0
Full,1,967,eval,strong,player_win,-10.0,5,100.0,5,Expert,0.05,0.0,0,1606,58,0.0,0.0,2,0,0
Full,1,968,eval,strong,player_win,-10.0,5,100.0,5,Expert,0.05,0.0,0,1606,58,0.0,0.0,2,0,0
Full,1,969,eval,strong,player_win,-10.0,5,100.0,5,Expert,0.05,0.0,0,1606,58,0.0,0.0,2,0,0
Full,1,970,eval,strong,player_win,-10.0,5,100.0,5,Expert,0.05,0.0,0,1606,58,0.0,0.0,2,0,0
Full,1,971,eval,strong,player_win,-10.0,5,100.0,5,Expert,0.05,0.0,0,1606,58,0.0,0.0,2,0,0
Full,1,972,eval,strong,player_win,-10.0,5,100.0,5,Expert,0.05,0.0,0,1606,58,0.0,0.0,2,0,0
Full,1,973,eval,strong,player_win,-10.0,5,100.0,5,Expert,0.05,0.0,0,1606,58,0.0,0.0,2,0,0
Full,1,974,eval,strong,player_win,-10.0,5,100.0,5,Expert,0.05,0.0,0,1606,58,0.0,0.0,2,0,0
Full,1,975,eval,strong,player_win,-10.0,5,100.0,5,Expert,0.05,0.0,0,1606,58,0.0,0.0,2,0,0
Full,1,976,eval,strong,player_win,-10.0,5,100.0,5,Expert,0.05,0.0,0,1606,58,0.0,0.0,2,0,0
Full,1,977,eval,strong,player_win,-10.0,5,100.0,5,Expert,0.05,0.0,0,1606,58,0.0,0.0,2,0,0
Full,1,978,eval,strong,player_win,-10.0,5,100.0,5,Expert,0.05,0.0,0,1606,58,0.0,0.0,2,0,0
Full,1,979,eval,strong,player_win,-10.0,5,100.0,5,Expert,0.05,0.0,0,1606,58,0.0,0.0,2,0,0
Full,1,980,eval,strong,player_win,-10.0,5,100.0,5,Expert,0.05,0.0,0,1606,58,0.0,0.0,2,0,0
Full,1,981,eval,strong,player_win,-10.0,5,100.0,5,Expert,0.05,0.0,0,1606,58,0.0,0.0,2,0,0
Full,1,982,eval,strong,player_win,-10.0,5,100.0,5,Expert,0.05,0.0,0,1606,58,0.0,0.0,2,0,0
Full,1,983,eval,strong,player_win,-10.0,5,100.0,5,Expert,0.05,0.0,0,1606,58,0.0,0.0,2,0,0
Full,1,984,eval,strong,player_win,-10.0,5,100.0,5,Expert,0.05,0.0,0,1606,58,0.0,0.0,2,0,0
Full,1,985,eval,strong,player_win,-10.0,5,100.0,5,Expert,0.05,0.0,0,1606,58,0.0,0.0,2,0,0
Full,1,986,eval,strong,player_win,-10.0,5,100.0,5,Expert,0.05,0.0,0,1606,58,0.0,0.0,2,0,0
Full,1,987,eval,strong,player_win,-10.0,5,100.0,5,Expert,0.05,0.0,0,1606,58,0.0,0.0,2,0,0
Full,1,988,eval,strong,player_win,-10.0,5,100.0,5,Expert,0.05,0.0,0,1606,58,0.0,0.0,2,0,0
Full,1,989,eval,strong,player_win,-10.0,5,100.0,5,Expert,0.05,0.0,0,1606,58,0.0,0.0,2,0,0
Full,1,990,eval,strong,player_win,-10.0,5,100.0,5,Expert,0.05,0.0,0,1606,58,0.0,0.0,2,0,0
Full,1,991,eval,strong,player_win,-10.0,5,100.0,5,Expert,0.05,0.0,0,1606,58,0.0,0.0,2,0,0
Full,1,992,eval,strong,player_win,-10.0,5,100.0,5,Expert,0.05,0.0,0,1606,58,0.0,0.0,2,0,0
Full,1,993,eval,strong,player_win,-10.0,5,100.0,5,Expert,0.05,0.0,0,1606,58,0.0,0.0,2,0,0
Full,1,994,eval,strong,player_win,-10.0,5,100.0,5,Expert,0.05,0.0,0,1606,58,0.0,0.0,2,0,0
Full,1,995,eval,strong,player_win,-10.0,5,100.0,5,Expert,0.05,0.0,0,1606,58,0.0,0.0,2,0,0
Full,1,996,eval,strong,player_win,-10.0,5,100.0,5,Expert,0.05,0.0,0,1606,58,0.0,0.0,2,0,0
Full,1,997,eval,strong,player_win,-10.0,5,100.0,5,Expert,0.05,0.0,0,1606,58,0.0,0.0,2,0,0
Full,1,998,eval,strong,player_win,-10.0,5,100.0,5,Expert,0.05,0.0,0,1606,58,0.0,0.0,2,0,0
Full,1,999,eval,strong,player_win,-10.0,5,100.0,5,Expert,0.05,0.0,0,1606,58,0.0,0.0,2,0,0
Full,1,1000,eval,strong,player_win,-10.0,5,100.0,5,Expert,0.05,0.0,0,1606,58,0.0,0.0,2,0,0
Full,2,1,train,strong,player_win,-10.0,5,60.0,1,Very Easy,0.95,1.0,1,2,2,0.0,0.0,1,1,0
Full,2,2,train,strong,player_win,-10.0,7,70.0,1,Very Easy,0.9025,1.0,1,5,5,0.0,0.0,2,1,0
Full,2,3,train,strong,player_win,-10.0,5,80.0,5,Expert,0.8573749999999999,0.21434374999999997,1,7,6,0.0,0.0,1,1,0
Full,2,4,train,strong,player_win,-10.0,5,90.0,5,Expert,0.8145062499999999,0.20362656249999997,1,9,7,0.0,0.0,1,0,1
Full,2,5,train,strong,player_win,-10.0,5,100.0,5,Expert,0.7737809374999999,0.19344523437499997,1,11,9,0.0,0.0,2,0,0
Full,2,6,train,strong,player_win,-10.0,5,100.0,5,Expert,0.7350918906249998,0.18377297265624995,1,13,11,0.0,0.0,2,0,0
Full,2,7,train,strong,player_win,-10.0,5,100.0,5,Expert,0.6983372960937497,0.17458432402343743,1,15,12,0.0,0.0,2,0,0
Full,2,8,train,strong,player_win,-10.0,5,100.0,5,Expert,0.6634204312890623,0.16585510782226556,1,17,12,0.0,0.0,2,0,0
Full,2,9,train,strong,player_win,-10.0,5,100.0,5,Expert,0.6302494097246091,0.15756235243115227,1,19,13,0.0,0.0,2,0,0
Full,2,10,train,strong,player_win,-10.0,5,100.0,5,Expert,0.5987369392383786,0.14968423480959464,1,21,14,0.0,0.0,2,0,0
Full,2,11,train,strong,player_win,-10.0,5,100.0,5,Expert,0.5688000922764596,0.1422000230691149,1,23,14,0.0,0.0,2,0,0
Full,2,12,train,strong,player_win,-10.0,5,100.0,5,Expert,0.5403600876626365,0.13509002191565914,1,25,15,0.0,0.0,1,0,1
Full,2,13,train,strong,player_win,-10.0,5,100.0,5,Expert,0.5133420832795047,0.12833552081987618,1,27,16,0.0,0.0,2,0,0
Full,2,14,train,strong,player_win,-10.0,5,100.0,5,Expert,0.48767497911552943,0.12191874477888236,1,29,17,0.0,0.0,2,0,0
Full,2,15,train,strong,player_win,-10.0,5,100.0,5,Expert,0.46329123015975293,0.11582280753993823,1,31,18,0.0,0.0,1,0,1
Full,2,16,train,strong,player_win,-10.0,5,100.0,5,Expert,0.44012666865176525,0.11003166716294131,1,33,18,0.0,0.0,2,0,0
Full,2,17,train,strong,player_win,-10.0,5,100.0,5,Expert,0.41812033521917696,0.10453008380479424,1,35,18,0.0,0.0,2,0,0
Full,2,18,train,strong,player_win,-10.0,5,100.0,5,Expert,0.3972143184582181,0.09930357961455452,1,37,19,0.0,0.0,2,0,0
Full,2,19,train,strong,player_win,-10.0,5,100.0,5,Expert,0.37735360253530714,0.09433840063382679,1,39,20,0.0,0.0,2,0,0
Full,2,20,train,strong,player_win,-10.0,5,100.0,5,Expert,0.35848592240854177,0.08962148060213544,1,41,20,0.0,0.0,2,0,0
Full,2,21,train,strong,player_win,-10.0,5,100.0,5,Expert,0.34056162628811465,0.08514040657202866,1,43,20,0.0,0.0,2,0,0
Full,2,22,train,strong,player_win,-10.0,5,100.0,5,Expert,0.3235335449737089,0.08088338624342722,1,45,20,0.0,0.0,2,0,0
Full,2,23,train,strong,player_win,-10.0,5,100.0,5,Expert,0.30735686772502346,0.07683921693125587,1,47,20,0.0,0.0,2,0,0
Full,2,24,train,strong,player_win,-10.0,5,100.0,5,Expert,0.2919890243387723,0.07299725608469307,1,49,20,0.0,0.0,2,0,0
Full,2,25,train,strong,player_win,-10.0,5,100.0,5,Expert,0.27738957312183365,0.06934739328045841,1,51,20,0.0,0.0,2,0,0
Full,2,26,train,strong,player_win,-10.0,5,100.0,5,Expert,0.263520094465742,0.0658800236164355,1,53,21,0.0,0.0,2,0,0
Full,2,27,train,strong,player_win,-10.0,5,100.0,5,Expert,0.25034408974245487,0.06258602243561372,1,55,21,0.0,0.0,2,0,0
Full,2,28,train,strong,player_win,-10.0,5,100.0,5,Expert,0.2378268852553321,0.059456721313833026,1,57,21,0.0,0.0,2,0,0
Full,2,29,train,strong,player_win,-10.0,5,100.0,5,Expert,0.2259355409925655,0.05648388524814137,1,59,21,0.0,0.0,2,0,0
Full,2,30,train,strong,player_win,-10.0,5,100.0,5,Expert,0.2146387639429372,0.0536596909857343,1,61,21,0.0,0.0,2,0,0
Full,2,31,train,strong,player_win,-10.0,5,100.0,5,Expert,0.20390682574579033,0.05097670643644758,1,63,21,0.0,0.0,2,0,0
Full,2,32,train,strong,player_win,-10.0,5,100.0,5,Expert,0.1937114844585008,0.05,1,65,21,0.0,0.0,2,0,0
Full,2,33,train,strong,player_win,-10.0,5,100.0,5,Expert,0.18402591023557577,0.05,1,67,21,0.0,0.0,2,0,0
Full,2,34,train,strong,player_win,-10.0,5,100.0,5,Expert,0.17482461472379698,0.05,1,69,21,0.0,0.0,2,0,0
Full,2,35,train,strong,player_win,-10.0,5,100.0,5,Expert,0.16608338398760714,0.05,1,71,22,0.0,0.0,2,0,0
Full,2,36,train,strong,player_win,-10.0,5,100.0,5,Expert,0.15777921478822676,0.05,1,73,22,0.0,0.0,2,0,0
Full,2,37,train,strong,player_win,-10.0,5,100.0,5,Expert,0.14989025404881542,0.05,1,75,22,0.0,0.0,2,0,0
Full,2,38,train,strong,player_win,-10.0,5,100.0,5,Expert,0.14239574134637464,0.05,1,77,22,0.0,0.0,2,0,0
Full,2,39,train,strong,player_win,-10.0,5,100.0,5,Expert,0.1352759542790559,0.05,1,79,22,0.0,0.0,2,0,0
Full,2,40,train,strong,player_win,-10.0,5,100.0,5,Expert,0.1285121565651031,0.05,1,81,22,0.0,0.0,1,1,0
Full,2,41,train,strong,player_win,-10.0,5,100.0,5,Expert,0.12208654873684793,0.05,1,83,22,0.0,0.0,2,0,0
Full,2,42,train,strong,player_win,-10.0,5,100.0,5,Expert,0.11598222130000553,0.05,1,85,22,0.0,0.0,2,0,0
Full,2,43,train,strong,player_win,-10.0,5,100.0,5,Expert,0.11018311023500525,0.05,1,87,22,0.0,0.0,2,0,0
Full,2,44,train,strong,player_win,-10.0,5,100.0,5,Expert,0.10467395472325498,0.05,1,89,22,0.0,0.0,2,0,0
Full,2,45,train,strong,player_win,-10.0,5,100.0,5,Expert,0.09944025698709223,0.05,1,91,22,0.0,0.0,2,0,0
Full,2,46,train,strong,player_win,-10.0,5,100.0,5,Expert,0.09446824413773762,0.05,1,93,22,0.0,0.0,2,0,0
Full,2,47,train,strong,player_win,-10.0,5,100.0,5,Expert,0.08974483193085074,0.05,1,95,22,0.0,0.0,2,0,0
Full,2,48,train,strong,player_win,-10.0,5,100.0,5,Expert,0.0852575903343082,0.05,1,97,22,0.0,0.0,2,0,0
Full,2,49,train,strong,player_win,-10.0,5,100.0,5,Expert,0.08099471081759278,0.05,1,99,22,0.0,0.0,2,0,0
Full,2,50,train,strong,player_win,-10.0,5,100.0,5,Expert,0.07694497527671314,0.05,1,101,22,0.0,0.0,2,0,0
Full,2,51,train,strong,player_win,-10.0,5,100.0,5,Expert,0.07309772651287748,0.05,1,103,22,0.0,0.0,2,0,0
Full,2,52,train,strong,player_win,-10.0,5,100.0,5,Expert,0.0694428401872336,0.05,1,105,22,0.0,0.0,2,0,0
Full,2,53,train,strong,player_win,-10.0,5,100.0,5,Expert,0.0659706981778719,0.05,1,107,22,0.0,0.0,2,0,0
Full,2,54,train,strong,player_win,-10.0,5,100.0,5,Expert,0.0626721632689783,0.05,1,109,23,0.0,0.0,1,0,1
Full,2,55,train,strong,player_win,-10.0,5,100.0,5,Expert,0.059538555105529384,0.05,1,111,23,0.0,0.0,2,0,0
Full,2,56,train,strong,player_win,-10.0,5,100.0,5,Expert,0.05656162735025291,0.05,1,113,23,0.0,0.0,2,0,0
Full,2,57,train,strong,player_win,-10.0,5,100.0,5,Expert,0.053733545982740265,0.05,1,115,23,0.0,0.0,2,0,0
Full,2,58,train,strong,player_win,-10.0,5,100.0,5,Expert,0.05104686868360325,0.05,1,117,23,0.0,0.0,2,0,0
Full,2,59,train,strong,player_win,-10.0,5,100.0,5,Expert,0.05,0.05,1,119,23,0.0,0.0,2,0,0
Full,2,60,train,strong,player_win,-10.0,5,100.0,5,Expert,0.05,0.05,1,121,23,0.0,0.0,2,0,0
Full,2,61,train,strong,player_win,-10.0,5,100.0,5,Expert,0.05,0.05,1,123,23,0.0,0.0,2,0,0
Full,2,62,train,strong,player_win,-10.0,5,100.0,5,Expert,0.05,0.05,1,125,23,0.0,0.0,2,0,0
Full,2,63,train,strong,player_win,-10.0,5,100.0,5,Expert,0.05,0.05,1,127,23,0.0,0.0,2,0,0
Full,2,64,train,strong,player_win,-10.0,5,100.0,5,Expert,0.05,0.05,1,129,23,0.0,0.0,2,0,0
Full,2,65,train,strong,player_win,-10.0,5,100.0,5,Expert,0.05,0.05,1,131,23,0.0,0.0,2,0,0
Full,2,66,train,strong,player_win,-10.0,5,100.0,5,Expert,0.05,0.05,1,133,23,0.0,0.0,2,0,0
Full,2,67,train,strong,player_win,-10.0,5,100.0,5,Expert,0.05,0.05,1,135,23,0.0,0.0,2,0,0
Full,2,68,train,strong,player_win,-10.0,5,100.0,5,Expert,0.05,0.05,1,137,24,0.0,0.0,1,0,1
Full,2,69,train,strong,player_win,-10.0,5,100.0,5,Expert,0.05,0.05,1,139,24,0.0,0.0,2,0,0
Full,2,70,train,strong,player_win,-10.0,5,100.0,5,Expert,0.05,0.05,1,141,24,0.0,0.0,2,0,0
Full,2,71,train,strong,player_win,-10.0,5,100.0,5,Expert,0.05,0.05,1,143,24,0.0,0.0,2,0,0
Full,2,72,train,strong,player_win,-10.0,5,100.0,5,Expert,0.05,0.05,1,145,24,0.0,0.0,2,0,0
Full,2,73,train,strong,player_win,-10.0,5,100.0,5,Expert,0.05,0.05,1,147,24,0.0,0.0,2,0,0
Full,2,74,train,strong,player_win,-10.0,5,100.0,5,Expert,0.05,0.05,1,149,24,0.0,0.0,2,0,0
Full,2,75,train,strong,player_win,-10.0,5,100.0,5,Expert,0.05,0.05,1,151,24,0.0,0.0,2,0,0
Full,2,76,train,strong,player_win,-10.0,5,100.0,5,Expert,0.05,0.05,1,153,24,0.0,0.0,2,0,0
Full,2,77,train,strong,player_win,-10.0,5,100.0,5,Expert,0.05,0.05,1,155,24,0.0,0.0,2,0,0
Full,2,78,train,strong,player_win,-10.0,5,100.0,5,Expert,0.05,0.05,1,157,24,0.0,0.0,2,0,0
Full,2,79,train,strong,player_win,-10.0,5,100.0,5,Expert,0.05,0.05,1,159,24,0.0,0.0,2,0,0
Full,2,80,train,strong,player_win,-10.0,5,100.0,5,Expert,0.05,0.05,1,161,24,0.0,0.0,2,0,0
Full,2,81,train,strong,player_win,-10.0,5,100.0,5,Expert,0.05,0.05,1,163,24,0.0,0.0,2,0,0
Full,2,82,train,strong,player_win,-10.0,5,100.0,5,Expert,0.05,0.05,1,165,24,0.0,0.0,2,0,0
Full,2,83,train,strong,player_win,-10.0,5,100.0,5,Expert,0.05,0.05,1,167,24,0.0,0.0,2,0,0
Full,2,84,train,strong,player_win,-10.0,5,100.0,5,Expert,0.05,0.05,1,169,24,0.0,0.0,2,0,0
Full,2,85,train,strong,player_win,-10.0,5,100.0,5,Expert,0.05,0.05,1,171,24,0.0,0.0,2,0,0
Full,2,86,train,strong,player_win,-10.0,5,100.0,5,Expert,0.05,0.05,1,173,24,0.0,0.0,2,0,0
Full,2,87,train,strong,player_win,-10.0,5,100.0,5,Expert,0.05,0.05,1,175,24,0.0,0.0,2,0,0
Full,2,88,train,strong,player_win,-10.0,5,100.0,5,Expert,0.05,0.05,1,177,24,0.0,0.0,2,0,0
Full,2,89,train,strong,player_win,-10.0,5,100.0,5,Expert,0.05,0.05,1,179,24,0.0,0.0,2,0,0
Full,2,90,train,strong,player_win,-10.0,5,100.0,5,Expert,0.05,0.05,1,181,25,0.0,0.0,1,0,1
Full,2,91,train,strong,player_win,-10.0,5,100.0,5,Expert,0.05,0.05,1,183,25,0.0,0.0,2,0,0
Full,2,92,train,strong,player_win,-10.0,5,100.0,5,Expert,0.05,0.05,1,185,25,0.0,0.0,2,0,0
Full,2,93,train,strong,player_win,-10.0,5,100.0,5,Expert,0.05,0.05,1,187,25,0.0,0.0,2,0,0
Full,2,94,train,strong,player_win,-10.0,5,100.0,5,Expert,0.05,0.05,1,189,25,0.0,0.0,2,0,0
Full,2,95,train,strong,player_win,-10.0,5,100.0,5,Expert,0.05,0.05,1,191,25,0.0,0.0,2,0,0
Full,2,96,train,strong,player_win,-10.0,5,100.0,5,Expert,0.05,0.05,1,193,25,0.0,0.0,2,0,0
Full,2,97,train,strong,player_win,-10.0,5,100.0,5,Expert,0.05,0.05,1,195,25,0.0,0.0,2,0,0
Full,2,98,train,strong,player_win,-10.0,5,100.0,5,Expert,0.05,0.05,1,197,25,0.0,0.0,2,0,0
Full,2,99,train,strong,player_win,-10.0,5,100.0,5,Expert,0.05,0.05,1,199,25,0.0,0.0,2,0,0
Full,2,100,train,strong,player_win,-10.0,5,100.0,5,Expert,0.05,0.05,1,201,25,0.0,0.0,2,0,0
Full,2,101,train,strong,player_win,-10.0,5,100.0,5,Expert,0.05,0.05,1,203,25,0.0,0.0,2,0,0
Full,2,102,train,strong,player_win,-10.0,5,100.0,5,Expert,0.05,0.05,1,205,25,0.0,0.0,2,0,0
Full,2,103,train,strong,player_win,-10.0,5,100.0,5,Expert,0.05,0.05,1,207,25,0.0,0.0,2,0,0
Full,2,104,train,strong,player_win,-10.0,5,100.0,5,Expert,0.05,0.05,1,209,25,0.0,0.0,2,0,0
Full,2,105,train,strong,player_win,-10.0,5,100.0,5,Expert,0.05,0.05,1,211,25,0.0,0.0,2,0,0
Full,2,106,train,strong,player_win,-10.0,5,100.0,5,Expert,0.05,0.05,1,213,25,0.0,0.0,2,0,0
Full,2,107,train,strong,player_win,-10.0,5,100.0,5,Expert,0.05,0.05,1,215,25,0.0,0.0,2,0,0
Full,2,108,train,strong,player_win,-10.0,5,100.0,5,Expert,0.05,0.05,1,217,25,0.0,0.0,2,0,0
Full,2,109,train,strong,player_win,-10.0,5,100.0,5,Expert,0.05,0.05,1,219,25,0.0,0.0,2,0,0
Full,2,110,train,strong,player_win,-10.0,5,100.0,5,Expert,0.05,0.05,1,221,26,0.0,0.0,1,0,1
Full,2,111,train,strong,player_win,-10.0,5,100.0,5,Expert,0.05,0.05,1,223,26,0.0,0.0,2,0,0
Full,2,112,train,strong,player_win,-10.0,5,100.0,5,Expert,0.05,0.05,1,225,26,0.0,0.0,2,0,0
Full,2,113,train,strong,player_win,-10.0,5,100.0,5,Expert,0.05,0.05,1,227,26,0.0,0.0,2,0,0
Full,2,114,train,strong,player_win,-10.0,5,100.0,5,Expert,0.05,0.05,1,229,26,0.0,0.0,2,0,0
Full,2,115,train,strong,player_win,-10.0,5,100.0,5,Expert,0.05,0.05,1,231,26,0.0,0.0,2,0,0
Full,2,116,train,strong,player_win,-10.0,5,100.0,5,Expert,0.05,0.05,1,233,26,0.0,0.0,2,0,0
Full,2,117,train,strong,player_win,-10.0,5,100.0,5,Expert,0.05,0.05,1,235,26,0.0,0.0,2,0,0
Full,2,118,train,strong,player_win,-10.0,5,100.0,5,Expert,0.05,0.05,1,237,26,0.0,0.0,2,0,0
Full,2,119,train,strong,player_win,-10.0,5,100.0,5,Expert,0.05,0.05,1,239,26,0.0,0.0,2,0,0
Full,2,120,train,strong,player_win,-10.0,5,100.0,5,Expert,0.05,0.05,1,241,26,0.0,0.0,2,0,0
Full,2,121,train,strong,player_win,-10.0,5,100.0,5,Expert,0.05,0.05,1,243,26,0.0,0.0,2,0,0
Full,2,122,train,strong,player_win,-10.0,5,100.0,5,Expert,0.05,0.05,1,245,26,0.0,0.0,2,0,0
Full,2,123,train,strong,player_win,-10.0,5,100.0,5,Expert,0.05,0.05,1,247,26,0.0,0.0,2,0,0
Full,2,124,train,strong,player_win,-10.0,5,100.0,5,Expert,0.05,0.05,1,249,26,0.0,0.0,2,0,0
Full,2,125,train,strong,player_win,-10.0,5,100.0,5,Expert,0.05,0.05,1,251,26,0.0,0.0,2,0,0
Full,2,126,train,strong,player_win,-10.0,5,100.0,5,Expert,0.05,0.05,1,253,26,0.0,0.0,2,0,0
Full,2,127,train,strong,player_win,-10.0,5,100.0,5,Expert,0.05,0.05,1,255,26,0.0,0.0,2,0,0
Full,2,128,train,strong,player_win,-10.0,5,100.0,5,Expert,0.05,0.05,1,257,26,0.0,0.0,2,0,0
Full,2,129,train,strong,player_win,-10.0,5,100.0,5,Expert,0.05,0.05,1,259,26,0.0,0.0,2,0,0
Full,2,130,train,strong,player_win,-10.0,5,100.0,5,Expert,0.05,0.05,1,261,26,0.0,0.0,2,0,0
Full,2,131,train,strong,player_win,-10.0,5,100.0,5,Expert,0.05,0.05,1,263,26,0.0,0.0,1,0,1
Full,2,132,train,strong,player_win,-10.0,5,100.0,5,Expert,0.05,0.05,1,265,26,0.0,0.0,2,0,0
Full,2,133,train,strong,player_win,-10.0,5,100.0,5,Expert,0.05,0.05,1,267,26,0.0,0.0,2,0,0
Full,2,134,train,strong,player_win,-10.0,5,100.0,5,Expert,0.05,0.05,1,269,26,0.0,0.0,2,0,0
Full,2,135,train,strong,player_win,-10.0,5,100.0,5,Expert,0.05,0.05,1,271,26,0.0,0.0,2,0,0
Full,2,136,train,strong,player_win,-10.0,5,100.0,5,Expert,0.05,0.05,1,273,26,0.0,0.0,2,0,0
Full,2,137,train,strong,player_win,-10.0,5,100.0,5,Expert,0.05,0.05,1,275,26,0.0,0.0,2,0,0
Full,2,138,train,strong,player_win,-10.0,5,100.0,5,Expert,0.05,0.05,1,277,26,0.0,0.0,2,0,0
Full,2,139,train,strong,player_win,-10.0,5,100.0,5,Expert,0.05,0.05,1,279,26,0.0,0.0,2,0,0
Full,2,140,train,strong,player_win,-10.0,5,100.0,5,Expert,0.05,0.05,1,281,26,0.0,0.0,2,0,0
Full,2,141,train,strong,player_win,-10.0,5,100.0,5,Expert,0.05,0.05,1,283,26,0.0,0.0,2,0,0
Full,2,142,train,strong,player_win,-10.0,5,100.0,5,Expert,0.05,0.05,1,285,26,0.0,0.0,2,0,0
Full,2,143,train,strong,player_win,-10.0,5,100.0,5,Expert,0.05,0.05,1,287,26,0.0,0.0,2,0,0
Full,2,144,train,strong,player_win,-10.0,5,100.0,5,Expert,0.05,0.05,1,289,26,0.0,0.0,2,0,0
Full,2,145,train,strong,player_win,-10.0,5,100.0,5,Expert,0.05,0.05,1,291,26,0.0,0.0,2,0,0
Full,2,146,train,strong,player_win,-10.0,5,100.0,5,Expert,0.05,0.05,1,293,26,0.0,0.0,2,0,0
Full,2,147,train,strong,player_win,-10.0,5,100.0,5,Expert,0.05,0.05,1,295,26,0.0,0.0,2,0,0
Full,2,148,train,strong,player_win,-10.0,5,100.0,5,Expert,0.05,0.05,1,297,26,0.0,0.0,2,0,0
Full,2,149,train,strong,player_win,-10.0,5,100.0,5,Expert,0.05,0.05,1,299,26,0.0,0.0,2,0,0
Full,2,150,train,strong,player_win,-10.0,5,100.0,5,Expert,0.05,0.05,1,301,27,0.0,0.0,1,0,1
Full,2,151,train,strong,player_win,-10.0,5,100.0,5,Expert,0.05,0.05,1,303,27,0.0,0.0,2,0,0
Full,2,152,train,strong,player_win,-10.0,5,100.0,5,Expert,0.05,0.05,1,305,27,0.0,0.0,2,0,0
Full,2,153,train,strong,player_win,-10.0,5,100.0,5,Expert,0.05,0.05,1,307,27,0.0,0.0,2,0,0
Full,2,154,train,strong,player_win,-10.0,5,100.0,5,Expert,0.05,0.05,1,309,27,0.0,0.0,2,0,0
Full,2,155,train,strong,player_win,-10.0,5,100.0,5,Expert,0.05,0.05,1,311,27,0.0,0.0,2,0,0
Full,2,156,train,strong,player_win,-10.0,5,100.0,5,Expert,0.05,0.05,1,313,27,0.0,0.0,2,0,0
Full,2,157,train,strong,player_win,-10.0,5,100.0,5,Expert,0.05,0.05,1,315,27,0.0,0.0,2,0,0
Full,2,158,train,strong,player_win,-10.0,5,100.0,5,Expert,0.05,0.05,1,317,27,0.0,0.0,2,0,0
Full,2,159,train,strong,player_win,-10.0,5,100.0,5,Expert,0.05,0.05,1,319,27,0.0,0.0,2,0,0
Full,2,160,train,strong,player_win,-10.0,5,100.0,5,Expert,0.05,0.05,1,321,27,0.0,0.0,2,0,0
Full,2,161,train,strong,player_win,-10.0,5,100.0,5,Expert,0.05,0.05,1,323,27,0.0,0.0,2,0,0
Full,2,162,train,strong,player_win,-10.0,5,100.0,5,Expert,0.05,0.05,1,325,28,0.0,0.0,1,0,1
Full,2,163,train,strong,player_win,-10.0,5,100.0,5,Expert,0.05,0.05,1,327,28,0.0,0.0,2,0,0
Full,2,164,train,strong,player_win,-10.0,5,100.0,5,Expert,0.05,0.05,1,329,28,0.0,0.0,2,0,0
Full,2,165,train,strong,player_win,-10.0,5,100.0,5,Expert,0.05,0.05,1,331,28,0.0,0.0,2,0,0
Full,2,166,train,strong,player_win,-10.0,5,100.0,5,Expert,0.05,0.05,1,333,28,0.0,0.0,2,0,0
Full,2,167,train,strong,player_win,-10.0,5,100.0,5,Expert,0.05,0.05,1,335,28,0.0,0.0,2,0,0
Full,2,168,train,strong,player_win,-10.0,5,100.0,5,Expert,0.05,0.05,1,337,28,0.0,0.0,2,0,0
Full,2,169,train,strong,player_win,-10.0,5,100.0,5,Expert,0.05,0.05,1,339,28,0.0,0.0,2,0,0
Full,2,170,train,strong,player_win,-10.0,5,100.0,5,Expert,0.05,0.05,1,341,28,0.0,0.0,2,0,0
Full,2,171,train,strong,player_win,-10.0,5,100.0,5,Expert,0.05,0.05,1,343,28,0.0,0.0,2,0,0
Full,2,172,train,strong,player_win,-10.0,5,100.0,5,Expert,0.05,0.05,1,345,28,0.0,0.0,2,0,0
Full,2,173,train,strong,player_win,-10.0,5,100.0,5,Expert,0.05,0.05,1,347,28,0.0,0.0,2,0,0
Full,2,174,train,strong,player_win,-10.0,5,100.0,5,Expert,0.05,0.05,1,349,28,0.0,0.0,1,0,1
Full,2,175,train,strong,player_win,-10.0,5,100.0,5,Expert,0.05,0.05,1,351,28,0.0,0.0,2,0,0
Full,2,176,train,strong,player_win,-10.0,5,100.0,5,Expert,0.05,0.05,1,353,28,0.0,0.0,2,0,0
Full,2,177,train,strong,player_win,-10.0,5,100.0,5,Expert,0.05,0.05,1,355,28,0.0,0.0,2,0,0
Full,2,178,train,strong,player_win,-10.0,5,100.0,5,Expert,0.05,0.05,1,357,28,0.0,0.0,2,0,0
Full,2,179,train,strong,player_win,-10.0,5,100.0,5,Expert,0.05,0.05,1,359,28,0.0,0.0,2,0,0
Full,2,180,train,strong,player_win,-10.0,5,100.0,5,Expert,0.05,0.05,1,361,28,0.0,0.0,2,0,0
Full,2,181,train,strong,player_win,-10.0,5,100.0,5,Expert,0.05,0.05,1,363,28,0.0,0.0,2,0,0
Full,2,182,train,strong,player_win,-10.0,5,100.0,5,Expert,0.05,0.05,1,365,28,0.0,0.0,2,0,0
Full,2,183,train,strong,player_win,-10.0,5,100.0,5,Expert,0.05,0.05,1,367,29,0.0,0.0,1,0,1
Full,2,184,train,strong,player_win,-10.0,5,100.0,5,Expert,0.05,0.05,1,369,29,0.0,0.0,2,0,0
Full,2,185,train,strong,player_win,-10.0,5,100.0,5,Expert,0.05,0.05,1,371,29,0.0,0.0,2,0,0
Full,2,186,train,strong,player_win,-10.0,5,100.0,5,Expert,0.05,0.05,1,373,30,0.0,0.0,1,0,1
Full,2,187,train,strong,player_win,-10.0,5,100.0,5,Expert,0.05,0.05,1,375,30,0.0,0.0,2,0,0
Full,2,188,train,strong,player_win,-10.0,5,100.0,5,Expert,0.05,0.05,1,377,30,0.0,0.0,2,0,0
Full,2,189,train,strong,player_win,-10.0,5,100.0,5,Expert,0.05,0.05,1,379,30,0.0,0.0,2,0,0
Full,2,190,train,strong,player_win,-10.0,5,100.0,5,Expert,0.05,0.05,1,381,30,0.0,0.0,2,0,0
Full,2,191,train,strong,player_win,-10.0,5,100.0,5,Expert,0.05,0.05,1,383,30,0.0,0.0,2,0,0
Full,2,192,train,strong,player_win,-10.0,5,100.0,5,Expert,0.05,0.05,1,385,31,0.0,0.0,1,0,1
Full,2,193,train,strong,player_win,-10.0,5,100.0,5,Expert,0.05,0.05,1,387,31,0.0,0.0,2,0,0
Full,2,194,train,strong,player_win,-10.0,5,100.0,5,Expert,0.05,0.05,1,389,31,0.0,0.0,2,0,0
Full,2,195,train,strong,player_win,-10.0,5,100.0,5,Expert,0.05,0.05,1,391,31,0.0,0.0,2,0,0
Full,2,196,train,strong,player_win,-10.0,5,100.0,5,Expert,0.05,0.05,1,393,31,0.0,0.0,2,0,0
Full,2,197,train,strong,player_win,-10.0,5,100.0,5,Expert,0.05,0.05,1,395,31,0.0,0.0,2,0,0
Full,2,198,train,strong,player_win,-10.0,5,100.0,5,Expert,0.05,0.05,1,397,31,0.0,0.0,2,0,0
Full,2,199,train,strong,player_win,-10.0,5,100.0,5,Expert,0.05,0.05,1,399,31,0.0,0.0,2,0,0
Full,2,200,train,strong,player_win,-10.0,5,100.0,5,Expert,0.05,0.05,1,401,31,0.0,0.0,2,0,0
Full,2,201,train,strong,player_win,-10.0,5,100.0,5,Expert,0.05,0.05,1,403,31,0.0,0.0,2,0,0
Full,2,202,train,strong,player_win,-10.0,5,100.0,5,Expert,0.05,0.05,1,405,31,0.0,0.0,2,0,0
Full,2,203,train,strong,player_win,-10.0,5,100.0,5,Expert,0.05,0.05,1,407,31,0.0,0.0,2,0,0
Full,2,204,train,strong,player_win,-10.0,5,100.0,5,Expert,0.05,0.05,1,409,31,0.0,0.0,2,0,0
Full,2,205,train,strong,player_win,-10.0,5,100.0,5,Expert,0.05,0.05,1,411,31,0.0,0.0,2,0,0
Full,2,206,train,strong,player_win,-10.0,5,100.0,5,Expert,0.05,0.05,1,413,31,0.0,0.0,2,0,0
Full,2,207,train,strong,player_win,-10.0,5,100.0,5,Expert,0.05,0.05,1,415,31,0.0,0.0,2,0,0
Full,2,208,train,strong,player_win,-10.0,5,100.0,5,Expert,0.05,0.05,1,417,31,0.0,0.0,2,0,0
Full,2,209,train,strong,player_win,-10.0,5,100.0,5,Expert,0.05,0.05,1,419,31,0.0,0.0,1,0,1
Full,2,210,train,strong,player_win,-10.0,5,100.0,5,Expert,0.05,0.05,1,421,31,0.0,0.0,2,0,0
Full,2,211,train,strong,player_win,-10.0,5,100.0,5,Expert,0.05,0.05,1,423,31,0.0,0.0,2,0,0
Full,2,212,train,strong,player_win,-10.0,5,100.0,5,Expert,0.05,0.05,1,425,31,0.0,0.0,2,0,0
Full,2,213,train,strong,player_win,-10.0,5,100.0,5,Expert,0.05,0.05,1,427,31,0.0,0.0,2,0,0
Full,2,214,train,strong,player_win,-10.0,5,100.0,5,Expert,0.05,0.05,1,429,31,0.0,0.0,2,0,0
Full,2,215,train,strong,player_win,-10.0,5,100.0,5,Expert,0.05,0.05,1,431,31,0.0,0.0,2,0,0
Full,2,216,train,strong,player_win,-10.0,5,100.0,5,Expert,0.05,0.05,1,433,31,0.0,0.0,2,0,0
Full,2,217,train,strong,player_win,-10.0,5,100.0,5,Expert,0.05,0.05,1,435,31,0.0,0.0,2,0,0
Full,2,218,train,strong,player_win,-10.0,5,100.0,5,Expert,0.05,0.05,1,437,31,0.0,0.0,2,0,0
Full,2,219,train,strong,player_win,-10.0,5,100.0,5,Expert,0.05,0.05,1,439,31,0.0,0.0,2,0,0
Full,2,220,train,strong,player_win,-10.0,5,100.0,5,Expert,0.05,0.05,1,441,31,0.0,0.0,2,0,0
Full,2,221,train,strong,player_win,-10.0,5,100.0,5,Expert,0.05,0.05,1,443,31,0.0,0.0,2,0,0
Full,2,222,train,strong,player_win,-10.0,5,100.0,5,Expert,0.05,0.05,1,445,31,0.0,0.0,2,0,0
Full,2,223,train,strong,player_win,-10.0,5,100.0,5,Expert,0.05,0.05,1,447,31,0.0,0.0,2,0,0
Full,2,224,train,strong,player_win,-10.0,5,100.0,5,Expert,0.05,0.05,1,449,31,0.0,0.0,2,0,0
Full,2,225,train,strong,player_win,-10.0,5,100.0,5,Expert,0.05,0.05,1,451,31,0.0,0.0,2,0,0
Full,2,226,train,strong,player_win,-10.0,5,100.0,5,Expert,0.05,0.05,1,453,31,0.0,0.0,1,1,0
Full,2,227,train,strong,player_win,-10.0,5,100.0,5,Expert,0.05,0.05,1,455,31,0.0,0.0,2,0,0
Full,2,228,train,strong,player_win,-10.0,5,100.0,5,Expert,0.05,0.05,1,457,31,0.0,0.0,2,0,0
Full,2,229,train,strong,player_win,-10.0,5,100.0,5,Expert,0.05,0.05,1,459,31,0.0,0.0,2,0,0
Full,2,230,train,strong,player_win,-10.0,5,100.0,5,Expert,0.05,0.05,1,461,31,0.0,0.0,2,0,0
Full,2,231,train,strong,player_win,-10.0,5,100.0,5,Expert,0.05,0.05,1,463,31,0.0,0.0,1,0,1
Full,2,232,train,strong,player_win,-10.0,5,100.0,5,Expert,0.05,0.05,1,465,31,0.0,0.0,2,0,0
Full,2,233,train,strong,player_win,-10.0,5,100.0,5,Expert,0.05,0.05,1,467,31,0.0,0.0,2,0,0
Full,2,234,train,strong,player_win,-10.0,5,100.0,5,Expert,0.05,0.05,1,469,31,0.0,0.0,2,0,0
Full,2,235,train,strong,player_win,-10.0,5,100.0,5,Expert,0.05,0.05,1,471,31,0.0,0.0,2,0,0
Full,2,236,train,strong,player_win,-10.0,5,100.0,5,Expert,0.05,0.05,1,473,31,0.0,0.0,2,0,0
Full,2,237,train,strong,player_win,-10.0,5,100.0,5,Expert,0.05,0.05,1,475,31,0.0,0.0,2,0,0
Full,2,238,train,strong,player_win,-10.0,5,100.0,5,Expert,0.05,0.05,1,477,31,0.0,0.0,2,0,0
Full,2,239,train,strong,player_win,-10.0,5,100.0,5,Expert,0.05,0.05,1,479,31,0.0,0.0,2,0,0
Full,2,240,train,strong,player_win,-10.0,5,100.0,5,Expert,0.05,0.05,1,481,32,0.0,0.0,1,0,1
Full,2,241,train,strong,player_win,-10.0,5,100.0,5,Expert,0.05,0.05,1,483,32,0.0,0.0,2,0,0
Full,2,242,train,strong,player_win,-10.0,5,100.0,5,Expert,0.05,0.05,1,485,32,0.0,0.0,2,0,0
Full,2,243,train,strong,player_win,-10.0,5,100.0,5,Expert,0.05,0.05,1,487,32,0.0,0.0,2,0,0
Full,2,244,train,strong,player_win,-10.0,5,100.0,5,Expert,0.05,0.05,1,489,32,0.0,0.0,2,0,0
Full,2,245,train,strong,player_win,-10.0,5,100.0,5,Expert,0.05,0.05,1,491,32,0.0,0.0,2,0,0
Full,2,246,train,strong,player_win,-10.0,5,100.0,5,Expert,0.05,0.05,1,493,32,0.0,0.0,2,0,0
Full,2,247,train,strong,player_win,-10.0,5,100.0,5,Expert,0.05,0.05,1,495,32,0.0,0.0,2,0,0
Full,2,248,train,strong,player_win,-10.0,5,100.0,5,Expert,0.05,0.05,1,497,32,0.0,0.0,2,0,0
Full,2,249,train,strong,player_win,-10.0,5,100.0,5,Expert,0.05,0.05,1,499,32,0.0,0.0,2,0,0
Full,2,250,train,strong,player_win,-10.0,5,100.0,5,Expert,0.05,0.05,1,501,32,0.0,0.0,2,0,0
Full,2,251,train,strong,player_win,-10.0,5,100.0,5,Expert,0.05,0.05,1,503,32,0.0,0.0,2,0,0
Full,2,252,train,strong,player_win,-10.0,5,100.0,5,Expert,0.05,0.05,1,505,32,0.0,0.0,2,0,0
Full,2,253,train,strong,player_win,-10.0,5,100.0,5,Expert,0.05,0.05,1,507,32,0.0,0.0,2,0,0
Full,2,254,train,strong,player_win,-10.0,5,100.0,5,Expert,0.05,0.05,1,509,32,0.0,0.0,2,0,0
Full,2,255,train,strong,player_win,-10.0,5,100.0,5,Expert,0.05,0.05,1,511,32,0.0,0.0,2,0,0
Full,2,256,train,strong,player_win,-10.0,5,100.0,5,Expert,0.05,0.05,1,513,32,0.0,0.0,2,0,0
Full,2,257,train,strong,player_win,-10.0,5,100.0,5,Expert,0.05,0.05,1,515,32,0.0,0.0,2,0,0
Full,2,258,train,strong,player_win,-10.0,5,100.0,5,Expert,0.05,0.05,1,517,32,0.0,0.0,2,0,0
Full,2,259,train,strong,player_win,-10.0,5,100.0,5,Expert,0.05,0.05,1,519,32,0.0,0.0,2,0,0
Full,2,260,train,strong,player_win,-10.0,5,100.0,5,Expert,0.05,0.05,1,521,32,0.0,0.0,2,0,0
Full,2,261,train,strong,player_win,-10.0,5,100.0,5,Expert,0.05,0.05,1,523,32,0.0,0.0,2,0,0
Full,2,262,train,strong,player_win,-10.0,5,100.0,5,Expert,0.05,0.05,1,525,32,0.0,0.0,2,0,0
Full,2,263,train,strong,player_win,-10.0,5,100.0,5,Expert,0.05,0.05,1,527,32,0.0,0.0,2,0,0
Full,2,264,train,strong,player_win,-10.0,5,100.0,5,Expert,0.05,0.05,1,529,32,0.0,0.0,2,0,0
Full,2,265,train,strong,player_win,-10.0,5,100.0,5,Expert,0.05,0.05,1,531,32,0.0,0.0,2,0,0
Full,2,266,train,strong,player_win,-10.0,5,100.0,5,Expert,0.05,0.05,1,533,32,0.0,0.0,2,0,0
Full,2,267,train,strong,player_win,-10.0,5,100.0,5,Expert,0.05,0.05,1,535,32,0.0,0.0,2,0,0
Full,2,268,train,strong,player_win,-10.0,5,100.0,5,Expert,0.05,0.05,1,537,33,0.0,0.0,1,0,1
Full,2,269,train,strong,player_win,-10.0,5,100.0,5,Expert,0.05,0.05,1,539,33,0.0,0.0,2,0,0
Full,2,270,train,strong,player_win,-10.0,5,100.0,5,Expert,0.05,0.05,1,541,33,0.0,0.0,2,0,0
Full,2,271,train,strong,player_win,-10.0,5,100.0,5,Expert,0.05,0.05,1,543,33,0.0,0.0,2,0,0
Full,2,272,train,strong,player_win,-10.0,5,100.0,5,Expert,0.05,0.05,1,545,33,0.0,0.0,2,0,0
Full,2,273,train,strong,player_win,-10.0,5,100.0,5,Expert,0.05,0.05,1,547,33,0.0,0.0,2,0,0
Full,2,274,train,strong,player_win,-10.0,5,100.0,5,Expert,0.05,0.05,1,549,33,0.0,0.0,2,0,0
Full,2,275,train,strong,player_win,-10.0,5,100.0,5,Expert,0.05,0.05,1,551,33,0.0,0.0,2,0,0
Full,2,276,train,strong,player_win,-10.0,5,100.0,5,Expert,0.05,0.05,1,553,33,0.0,0.0,2,0,0
Full,2,277,train,strong,player_win,-10.0,5,100.0,5,Expert,0.05,0.05,1,555,33,0.0,0.0,2,0,0
Full,2,278,train,strong,player_win,-10.0,5,100.0,5,Expert,0.05,0.05,1,557,33,0.0,0.0,2,0,0
Full,2,279,train,strong,player_win,-10.0,5,100.0,5,Expert,0.05,0.05,1,559,33,0.0,0.0,2,0,0
Full,2,280,train,strong,player_win,-10.0,5,100.0,5,Expert,0.05,0.05,1,561,33,0.0,0.0,2,0,0
Full,2,281,train,strong,player_win,-10.0,5,100.0,5,Expert,0.05,0.05,1,563,33,0.0,0.0,2,0,0
Full,2,282,train,strong,player_win,-10.0,5,100.0,5,Expert,0.05,0.05,1,565,33,0.0,0.0,2,0,0
Full,2,283,train,strong,player_win,-10.0,5,100.0,5,Expert,0.05,0.05,1,567,33,0.0,0.0,2,0,0
Full,2,284,train,strong,player_win,-10.0,5,100.0,5,Expert,0.05,0.05,1,569,33,0.0,0.0,2,0,0
Full,2,285,train,strong,player_win,-10.0,5,100.0,5,Expert,0.05,0.05,1,571,33,0.0,0.0,2,0,0
Full,2,286,train,strong,player_win,-10.0,5,100.0,5,Expert,0.05,0.05,1,573,33,0.0,0.0,2,0,0
Full,2,287,train,strong,player_win,-10.0,5,100.0,5,Expert,0.05,0.05,1,575,33,0.0,0.0,2,0,0
Full,2,288,train,strong,player_win,-10.0,5,100.0,5,Expert,0.05,0.05,1,577,34,0.0,0.0,1,0,1
Full,2,289,train,strong,player_win,-10.0,5,100.0,5,Expert,0.05,0.05,1,579,34,0.0,0.0,2,0,0
Full,2,290,train,strong,player_win,-10.0,5,100.0,5,Expert,0.05,0.05,1,581,34,0.0,0.0,2,0,0
Full,2,291,train,strong,player_win,-10.0,5,100.0,5,Expert,0.05,0.05,1,583,34,0.0,0.0,2,0,0
Full,2,292,train,strong,player_win,-10.0,5,100.0,5,Expert,0.05,0.05,1,585,34,0.0,0.0,2,0,0
Full,2,293,train,strong,player_win,-10.0,5,100.0,5,Expert,0.05,0.05,1,587,34,0.0,0.0,2,0,0
Full,2,294,train,strong,player_win,-10.0,5,100.0,5,Expert,0.05,0.05,1,589,34,0.0,0.0,2,0,0
Full,2,295,train,strong,player_win,-10.0,5,100.0,5,Expert,0.05,0.05,1,591,34,0.0,0.0,2,0,0
Full,2,296,train,strong,player_win,-10.0,5,100.0,5,Expert,0.05,0.05,1,593,34,0.0,0.0,2,0,0
Full,2,297,train,strong,player_win,-10.0,5,100.0,5,Expert,0.05,0.05,1,595,34,0.0,0.0,2,0,0
Full,2,298,train,strong,player_win,-10.0,5,100.0,5,Expert,0.05,0.05,1,597,34,0.0,0.0,2,0,0
Full,2,299,train,strong,player_win,-10.0,5,100.0,5,Expert,0.05,0.05,1,599,34,0.0,0.0,2,0,0
Full,2,300,train,strong,player_win,-10.0,5,100.0,5,Expert,0.05,0.05,1,601,34,0.0,0.0,2,0,0
Full,2,301,train,strong,player_win,-10.0,5,100.0,5,Expert,0.05,0.05,1,603,34,0.0,0.0,2,0,0
Full,2,302,train,strong,player_win,-10.0,5,100.0,5,Expert,0.05,0.05,1,605,34,0.0,0.0,1,0,1
Full,2,303,train,strong,player_win,-10.0,5,100.0,5,Expert,0.05,0.05,1,607,34,0.0,0.0,2,0,0
Full,2,304,train,strong,player_win,-10.0,5,100.0,5,Expert,0.05,0.05,1,609,34,0.0,0.0,2,0,0
Full,2,305,train,strong,player_win,-10.0,5,100.0,5,Expert,0.05,0.05,1,611,34,0.0,0.0,2,0,0
Full,2,306,train,strong,player_win,-10.0,5,100.0,5,Expert,0.05,0.05,1,613,34,0.0,0.0,2,0,0
Full,2,307,train,strong,player_win,-10.0,5,100.0,5,Expert,0.05,0.05,1,615,34,0.0,0.0,2,0,0
Full,2,308,train,strong,player_win,-10.0,5,100.0,5,Expert,0.05,0.05,1,617,34,0.0,0.0,2,0,0
Full,2,309,train,strong,player_win,-10.0,5,100.0,5,Expert,0.05,0.05,1,619,34,0.0,0.0,2,0,0
Full,2,310,train,strong,player_win,-10.0,5,100.0,5,Expert,0.05,0.05,1,621,34,0.0,0.0,2,0,0
Full,2,311,train,strong,player_win,-10.0,5,100.0,5,Expert,0.05,0.05,1,623,34,0.0,0.0,2,0,0
Full,2,312,train,strong,player_win,-10.0,5,100.0,5,Expert,0.05,0.05,1,625,34,0.0,0.0,2,0,0
Full,2,313,train,strong,player_win,-10.0,5,100.0,5,Expert,0.05,0.05,1,627,34,0.0,0.0,2,0,0
Full,2,314,train,strong,player_win,-10.0,5,100.0,5,Expert,0.05,0.05,1,629,34,0.0,0.0,2,0,0
Full,2,315,train,strong,player_win,-10.0,5,100.0,5,Expert,0.05,0.05,1,631,34,0.0,0.0,2,0,0
Full,2,316,train,strong,player_win,-10.0,7,100.0,5,Expert,0.05,0.05,1,634,36,0.0,0.0,2,0,1
Full,2,317,train,strong,player_win,-10.0,5,100.0,5,Expert,0.05,0.05,1,636,36,0.0,0.0,2,0,0
Full,2,318,train,strong,player_win,-10.0,5,100.0,5,Expert,0.05,0.05,1,638,36,0.0,0.0,2,0,0
Full,2,319,train,strong,player_win,-10.0,5,100.0,5,Expert,0.05,0.05,1,640,36,0.0,0.0,2,0,0
Full,2,320,train,strong,player_win,-10.0,5,100.0,5,Expert,0.05,0.05,1,642,36,0.0,0.0,2,0,0
Full,2,321,train,strong,player_win,-10.0,5,100.0,5,Expert,0.05,0.05,1,644,36,0.0,0.0,2,0,0
Full,2,322,train,strong,player_win,-10.0,5,100.0,5,Expert,0.05,0.05,1,646,36,0.0,0.0,2,0,0
Full,2,323,train,strong,player_win,-10.0,5,100.0,5,Expert,0.05,0.05,1,648,36,0.0,0.0,2,0,0
Full,2,324,train,strong,player_win,-10.0,5,100.0,5,Expert,0.05,0.05,1,650,36,0.0,0.0,2,0,0
Full,2,325,train,strong,player_win,-10.0,5,100.0,5,Expert,0.05,0.05,1,652,36,0.0,0.0,1,0,1
Full,2,326,train,strong,player_win,-10.0,5,100.0,5,Expert,0.05,0.05,1,654,36,0.0,0.0,2,0,0
Full,2,327,train,strong,player_win,-10.0,5,100.0,5,Expert,0.05,0.05,1,656,36,0.0,0.0,2,0,0
Full,2,328,train,strong,player_win,-10.0,5,100.0,5,Expert,0.05,0.05,1,658,36,0.0,0.0,2,0,0
Full,2,329,train,strong,player_win,-10.0,5,100.0,5,Expert,0.05,0.05,1,660,36,0.0,0.0,2,0,0
Full,2,330,train,strong,player_win,-10.0,5,100.0,5,Expert,0.05,0.05,1,662,36,0.0,0.0,2,0,0
Full,2,331,train,strong,player_win,-10.0,5,100.0,5,Expert,0.05,0.05,1,664,36,0.0,0.0,2,0,0
Full,2,332,train,strong,player_win,-10.0,5,100.0,5,Expert,0.05,0.05,1,666,36,0.0,0.0,2,0,0
Full,2,333,train,strong,player_win,-10.0,5,100.0,5,Expert,0.05,0.05,1,668,36,0.0,0.0,2,0,0
Full,2,334,train,strong,player_win,-10.0,5,100.0,5,Expert,0.05,0.05,1,670,36,0.0,0.0,2,0,0
Full,2,335,train,strong,player_win,-10.0,5,100.0,5,Expert,0.05,0.05,1,672,36,0.0,0.0,2,0,0
Full,2,336,train,strong,player_win,-10.0,5,100.0,5,Expert,0.05,0.05,1,674,36,0.0,0.0,2,0,0
Full,2,337,train,strong,player_win,-10.0,5,100.0,5,Expert,0.05,0.05,1,676,36,0.0,0.0,2,0,0
Full,2,338,train,strong,player_win,-10.0,5,100.0,5,Expert,0.05,0.05,1,678,36,0.0,0.0,2,0,0
Full,2,339,train,strong,player_win,-10.0,5,100.0,5,Expert,0.05,0.05,1,680,36,0.0,0.0,2,0,0
Full,2,340,train,strong,player_win,-10.0,5,100.0,5,Expert,0.05,0.05,1,682,36,0.0,0.0,2,0,0
Full,2,341,train,strong,player_win,-10.0,5,100.0,5,Expert,0.05,0.05,1,684,36,0.0,0.0,2,0,0
Full,2,342,train,strong,player_win,-10.0,5,100.0,5,Expert,0.05,0.05,1,686,36,0.0,0.0,2,0,0
Full,2,343,train,strong,player_win,-10.0,5,100.0,5,Expert,0.05,0.05,1,688,36,0.0,0.0,2,0,0
Full,2,344,train,strong,player_win,-10.0,5,100.0,5,Expert,0.05,0.05,1,690,36,0.0,0.0,2,0,0
Full,2,345,train,strong,player_win,-10.0,5,100.0,5,Expert,0.05,0.05,1,692,36,0.0,0.0,2,0,0
Full,2,346,train,strong,player_win,-10.0,5,100.0,5,Expert,0.05,0.05,1,694,36,0.0,0.0,2,0,0
Full,2,347,train,strong,player_win,-10.0,5,100.0,5,Expert,0.05,0.05,1,696,36,0.0,0.0,2,0,0
Full,2,348,train,strong,player_win,-10.0,5,100.0,5,Expert,0.05,0.05,1,698,36,0.0,0.0,2,0,0
Full,2,349,train,strong,player_win,-10.0,5,100.0,5,Expert,0.05,0.05,1,700,36,0.0,0.0,2,0,0
Full,2,350,train,strong,player_win,-10.0,5,100.0,5,Expert,0.05,0.05,1,702,36,0.0,0.0,1,0,1
Full,2,351,train,strong,player_win,-10.0,5,100.0,5,Expert,0.05,0.05,1,704,36,0.0,0.0,2,0,0
Full,2,352,train,strong,player_win,-10.0,5,100.0,5,Expert,0.05,0.05,1,706,36,0.0,0.0,2,0,0
Full,2,353,train,strong,player_win,-10.0,5,100.0,5,Expert,0.05,0.05,1,708,36,0.0,0.0,2,0,0
Full,2,354,train,strong,player_win,-10.0,5,100.0,5,Expert,0.05,0.05,1,710,36,0.0,0.0,2,0,0
Full,2,355,train,strong,player_win,-10.0,5,100.0,5,Expert,0.05,0.05,1,712,36,0.0,0.0,2,0,0
Full,2,356,train,strong,player_win,-10.0,5,100.0,5,Expert,0.05,0.05,1,714,36,0.0,0.0,2,0,0
Full,2,357,train,strong,player_win,-10.0,5,100.0,5,Expert,0.05,0.05,1,716,36,0.0,0.0,2,0,0
Full,2,358,train,strong,player_win,-10.0,5,100.0,5,Expert,0.05,0.05,1,718,36,0.0,0.0,2,0,0
Full,2,359,train,strong,player_win,-10.0,5,100.0,5,Expert,0.05,0.05,1,720,36,0.0,0.0,2,0,0
Full,2,360,train,strong,player_win,-10.0,5,100.0,5,Expert,0.05,0.05,1,722,36,0.0,0.0,2,0,0
Full,2,361,train,strong,player_win,-10.0,5,100.0,5,Expert,0.05,0.05,1,724,36,0.0,0.0,2,0,0
Full,2,362,train,strong,player_win,-10.0,5,100.0,5,Expert,0.05,0.05,1,726,36,0.0,0.0,2,0,0
Full,2,363,train,strong,player_win,-10.0,5,100.0,5,Expert,0.05,0.05,1,728,36,0.0,0.0,2,0,0
Full,2,364,train,strong,player_win,-10.0,5,100.0,5,Expert,0.05,0.05,1,730,36,0.0,0.0,2,0,0
Full,2,365,train,strong,player_win,-10.0,5,100.0,5,Expert,0.05,0.05,1,732,36,0.0,0.0,1,0,1
Full,2,366,train,strong,player_win,-10.0,5,100.0,5,Expert,0.05,0.05,1,734,36,0.0,0.0,2,0,0
Full,2,367,train,strong,player_win,-10.0,5,100.0,5,Expert,0.05,0.05,1,736,36,0.0,0.0,2,0,0
Full,2,368,train,strong,player_win,-10.0,5,100.0,5,Expert,0.05,0.05,1,738,36,0.0,0.0,2,0,0
Full,2,369,train,strong,player_win,-10.0,5,100.0,5,Expert,0.05,0.05,1,740,36,0.0,0.0,2,0,0
Full,2,370,train,strong,player_win,-10.0,5,100.0,5,Expert,0.05,0.05,1,742,36,0.0,0.0,2,0,0
Full,2,371,train,strong,player_win,-10.0,5,100.0,5,Expert,0.05,0.05,1,744,36,0.0,0.0,2,0,0
Full,2,372,train,strong,player_win,-10.0,5,100.0,5,Expert,0.05,0.05,1,746,36,0.0,0.0,2,0,0
Full,2,373,train,strong,player_win,-10.0,5,100.0,5,Expert,0.05,0.05,1,748,36,0.0,0.0,2,0,0
Full,2,374,train,strong,player_win,-10.0,5,100.0,5,Expert,0.05,0.05,1,750,36,0.0,0.0,1,0,1
Full,2,375,train,strong,player_win,-10.0,5,100.0,5,Expert,0.05,0.05,1,752,36,0.0,0.0,2,0,0
Full,2,376,train,strong,player_win,-10.0,5,100.0,5,Expert,0.05,0.05,1,754,36,0.0,0.0,2,0,0
Full,2,377,train,strong,player_win,-10.0,5,100.0,5,Expert,0.05,0.05,1,756,37,0.0,0.0,1,0,1
Full,2,378,train,strong,player_win,-10.0,5,100.0,5,Expert,0.05,0.05,1,758,37,0.0,0.0,2,0,0
Full,2,379,train,strong,player_win,-10.0,5,100.0,5,Expert,0.05,0.05,1,760,38,0.0,0.0,1,0,1
Full,2,380,train,strong,player_win,-10.0,5,100.0,5,Expert,0.05,0.05,1,762,38,0.0,0.0,2,0,0
Full,2,381,train,strong,player_win,-10.0,5,100.0,5,Expert,0.05,0.05,1,764,38,0.0,0.0,2,0,0
Full,2,382,train,strong,player_win,-10.0,5,100.0,5,Expert,0.05,0.05,1,766,38,0.0,0.0,2,0,0
Full,2,383,train,strong,player_win,-10.0,5,100.0,5,Expert,0.05,0.05,1,768,38,0.0,0.0,2,0,0
Full,2,384,train,strong,player_win,-10.0,5,100.0,5,Expert,0.05,0.05,1,770,38,0.0,0.0,2,0,0
Full,2,385,train,strong,player_win,-10.0,5,100.0,5,Expert,0.05,0.05,1,772,39,0.0,0.0,1,0,1
Full,2,386,train,strong,player_win,-10.0,5,100.0,5,Expert,0.05,0.05,1,774,39,0.0,0.0,2,0,0
Full,2,387,train,strong,player_win,-10.0,5,100.0,5,Expert,0.05,0.05,1,776,39,0.0,0.0,2,0,0
Full,2,388,train,strong,player_win,-10.0,5,100.0,5,Expert,0.05,0.05,1,778,39,0.0,0.0,2,0,0
Full,2,389,train,strong,player_win,-10.0,5,100.0,5,Expert,0.05,0.05,1,780,39,0.0,0.0,2,0,0
Full,2,390,train,strong,player_win,-10.0,5,100.0,5,Expert,0.05,0.05,1,782,39,0.0,0.0,2,0,0
Full,2,391,train,strong,player_win,-10.0,5,100.0,5,Expert,0.05,0.05,1,784,39,0.0,0.0,2,0,0
Full,2,392,train,strong,player_win,-10.0,5,100.0,5,Expert,0.05,0.05,1,786,39,0.0,0.0,2,0,0
Full,2,393,train,strong,player_win,-10.0,5,100.0,5,Expert,0.05,0.05,1,788,39,0.0,0.0,2,0,0
Full,2,394,train,strong,player_win,-10.0,5,100.0,5,Expert,0.05,0.05,1,790,39,0.0,0.0,2,0,0
Full,2,395,train,strong,player_win,-10.0,5,100.0,5,Expert,0.05,0.05,1,792,39,0.0,0.0,2,0,0
Full,2,396,train,strong,player_win,-10.0,5,100.0,5,Expert,0.05,0.05,1,794,39,0.0,0.0,2,0,0
Full,2,397,train,strong,player_win,-10.0,5,100.0,5,Expert,0.05,0.05,1,796,39,0.0,0.0,2,0,0
Full,2,398,train,strong,player_win,-10.0,5,100.0,5,Expert,0.05,0.05,1,798,39,0.0,0.0,2,0,0
Full,2,399,train,strong,player_win,-10.0,5,100.0,5,Expert,0.05,0.05,1,800,40,0.0,0.0,1,0,1
Full,2,400,train,strong,player_win,-10.0,5,100.0,5,Expert,0.05,0.05,1,802,40,0.0,0.0,2,0,0
Full,2,401,train,strong,player_win,-10.0,5,100.0,5,Expert,0.05,0.05,1,804,40,0.0,0.0,2,0,0
Full,2,402,train,strong,player_win,-10.0,5,100.0,5,Expert,0.05,0.05,1,806,40,0.0,0.0,2,0,0
Full,2,403,train,strong,player_win,-10.0,5,100.0,5,Expert,0.05,0.05,1,808,40,0.0,0.0,2,0,0
Full,2,404,train,strong,player_win,-10.0,5,100.0,5,Expert,0.05,0.05,1,810,40,0.0,0.0,2,0,0
Full,2,405,train,strong,player_win,-10.0,5,100.0,5,Expert,0.05,0.05,1,812,40,0.0,0.0,2,0,0
Full,2,406,train,strong,player_win,-10.0,5,100.0,5,Expert,0.05,0.05,1,814,40,0.0,0.0,2,0,0
Full,2,407,train,strong,player_win,-10.0,5,100.0,5,Expert,0.05,0.05,1,816,40,0.0,0.0,1,0,1
Full,2,408,train,strong,player_win,-10.0,5,100.0,5,Expert,0.05,0.05,1,818,40,0.0,0.0,2,0,0
Full,2,409,train,strong,player_win,-10.0,5,100.0,5,Expert,0.05,0.05,1,820,40,0.0,0.0,2,0,0
Full,2,410,train,strong,player_win,-10.0,7,100.0,5,Expert,0.05,0.05,1,823,42,0.0,0.0,2,0,1
Full,2,411,train,strong,player_win,-10.0,5,100.0,5,Expert,0.05,0.05,1,825,42,0.0,0.0,2,0,0
Full,2,412,train,strong,player_win,-10.0,5,100.0,5,Expert,0.05,0.05,1,827,42,0.0,0.0,2,0,0
Full,2,413,train,strong,player_win,-10.0,5,100.0,5,Expert,0.05,0.05,1,829,42,0.0,0.0,2,0,0
Full,2,414,train,strong,player_win,-10.0,5,100.0,5,Expert,0.05,0.05,1,831,42,0.0,0.0,2,0,0
Full,2,415,train,strong,player_win,-10.0,5,100.0,5,Expert,0.05,0.05,1,833,42,0.0,0.0,2,0,0
Full,2,416,train,strong,player_win,-10.0,5,100.0,5,Expert,0.05,0.05,1,835,42,0.0,0.0,2,0,0
Full,2,417,train,strong,player_win,-10.0,5,100.0,5,Expert,0.05,0.05,1,837,42,0.0,0.0,1,0,1
Full,2,418,train,strong,player_win,-10.0,5,100.0,5,Expert,0.05,0.05,1,839,42,0.0,0.0,1,0,1
Full,2,419,train,strong,player_win,-10.0,5,100.0,5,Expert,0.05,0.05,1,841,42,0.0,0.0,2,0,0
Full,2,420,train,strong,player_win,-10.0,5,100.0,5,Expert,0.05,0.05,1,843,42,0.0,0.0,2,0,0
Full,2,421,train,strong,player_win,-10.0,5,100.0,5,Expert,0.05,0.05,1,845,42,0.0,0.0,2,0,0
Full,2,422,train,strong,player_win,-10.0,5,100.0,5,Expert,0.05,0.05,1,847,42,0.0,0.0,2,0,0
Full,2,423,train,strong,player_win,-10.0,5,100.0,5,Expert,0.05,0.05,1,849,42,0.0,0.0,2,0,0
Full,2,424,train,strong,player_win,-10.0,5,100.0,5,Expert,0.05,0.05,1,851,42,0.0,0.0,2,0,0
Full,2,425,train,strong,player_win,-10.0,5,100.0,5,Expert,0.05,0.05,1,853,43,0.0,0.0,1,0,1
Full,2,426,train,strong,player_win,-10.0,5,100.0,5,Expert,0.05,0.05,1,855,43,0.0,0.0,2,0,0
Full,2,427,train,strong,player_win,-10.0,5,100.0,5,Expert,0.05,0.05,1,857,43,0.0,0.0,2,0,0
Full,2,428,train,strong,player_win,-10.0,5,100.0,5,Expert,0.05,0.05,1,859,43,0.0,0.0,2,0,0
Full,2,429,train,strong,player_win,-10.0,5,100.0,5,Expert,0.05,0.05,1,861,43,0.0,0.0,2,0,0
Full,2,430,train,strong,player_win,-10.0,5,100.0,5,Expert,0.05,0.05,1,863,43,0.0,0.0,2,0,0
Full,2,431,train,strong,player_win,-10.0,5,100.0,5,Expert,0.05,0.05,1,865,43,0.0,0.0,2,0,0
Full,2,432,train,strong,player_win,-10.0,5,100.0,5,Expert,0.05,0.05,1,867,43,0.0,0.0,2,0,0
Full,2,433,train,strong,player_win,-10.0,5,100.0,5,Expert,0.05,0.05,1,869,43,0.0,0.0,2,0,0
Full,2,434,train,strong,player_win,-10.0,5,100.0,5,Expert,0.05,0.05,1,871,44,0.0,0.0,1,0,1
Full,2,435,train,strong,player_win,-10.0,5,100.0,5,Expert,0.05,0.05,1,873,44,0.0,0.0,2,0,0
Full,2,436,train,strong,player_win,-10.0,5,100.0,5,Expert,0.05,0.05,1,875,44,0.0,0.0,2,0,0
Full,2,437,train,strong,player_win,-10.0,5,100.0,5,Expert,0.05,0.05,1,877,44,0.0,0.0,2,0,0
Full,2,438,train,strong,player_win,-10.0,5,100.0,5,Expert,0.05,0.05,1,879,44,0.0,0.0,2,0,0
Full,2,439,train,strong,player_win,-10.0,5,100.0,5,Expert,0.05,0.05,1,881,44,0.0,0.0,2,0,0
Full,2,440,train,strong,player_win,-10.0,5,100.0,5,Expert,0.05,0.05,1,883,44,0.0,0.0,2,0,0
Full,2,441,train,strong,player_win,-10.0,5,100.0,5,Expert,0.05,0.05,1,885,44,0.0,0.0,2,0,0
Full,2,442,train,strong,player_win,-10.0,5,100.0,5,Expert,0.05,0.05,1,887,44,0.0,0.0,1,0,1
Full,2,443,train,strong,player_win,-10.0,5,100.0,5,Expert,0.05,0.05,1,889,44,0.0,0.0,2,0,0
Full,2,444,train,strong,player_win,-10.0,5,100.0,5,Expert,0.05,0.05,1,891,44,0.0,0.0,2,0,0
Full,2,445,train,strong,player_win,-10.0,5,100.0,5,Expert,0.05,0.05,1,893,44,0.0,0.0,2,0,0
Full,2,446,train,strong,player_win,-10.0,5,100.0,5,Expert,0.05,0.05,1,895,44,0.0,0.0,2,0,0
Full,2,447,train,strong,player_win,-10.0,5,100.0,5,Expert,0.05,0.05,1,897,44,0.0,0.0,2,0,0
Full,2,448,train,strong,player_win,-10.0,5,100.0,5,Expert,0.05,0.05,1,899,45,0.0,0.0,1,0,1
Full,2,449,train,strong,player_win,-10.0,5,100.0,5,Expert,0.05,0.05,1,901,45,0.0,0.0,2,0,0
Full,2,450,train,strong,player_win,-10.0,5,100.0,5,Expert,0.05,0.05,1,903,45,0.0,0.0,2,0,0
Full,2,451,train,strong,player_win,-10.0,5,100.0,5,Expert,0.05,0.05,1,905,45,0.0,0.0,2,0,0
Full,2,452,train,strong,player_win,-10.0,5,100.0,5,Expert,0.05,0.05,1,907,45,0.0,0.0,2,0,0
Full,2,453,train,strong,player_win,-10.0,5,100.0,5,Expert,0.05,0.05,1,909,45,0.0,0.0,2,0,0
Full,2,454,train,strong,player_win,-10.0,5,100.0,5,Expert,0.05,0.05,1,911,45,0.0,0.0,2,0,0
Full,2,455,train,strong,player_win,-10.0,5,100.0,5,Expert,0.05,0.05,1,913,45,0.0,0.0,2,0,0
Full,2,456,train,strong,player_win,-10.0,5,100.0,5,Expert,0.05,0.05,1,915,45,0.0,0.0,2,0,0
Full,2,457,train,strong,player_win,-10.0,5,100.0,5,Expert,0.05,0.05,1,917,45,0.0,0.0,2,0,0
Full,2,458,train,strong,player_win,-10.0,5,100.0,5,Expert,0.05,0.05,1,919,45,0.0,0.0,2,0,0
Full,2,459,train,strong,player_win,-10.0,5,100.0,5,Expert,0.05,0.05,1,921,45,0.0,0.0,2,0,0
Full,2,460,train,strong,player_win,-10.0,7,100.0,5,Expert,0.05,0.05,1,924,46,0.0,0.0,2,0,1
Full,2,461,train,strong,player_win,-10.0,5,100.0,5,Expert,0.05,0.05,1,926,46,0.0,0.0,2,0,0
Full,2,462,train,strong,player_win,-10.0,5,100.0,5,Expert,0.05,0.05,1,928,46,0.0,0.0,2,0,0
Full,2,463,train,strong,player_win,-10.0,5,100.0,5,Expert,0.05,0.05,1,930,46,0.0,0.0,2,0,0
Full,2,464,train,strong,player_win,-10.0,5,100.0,5,Expert,0.05,0.05,1,932,46,0.0,0.0,1,1,0
Full,2,465,train,strong,player_win,-10.0,7,100.0,5,Expert,0.05,0.05,1,935,48,0.0,0.0,2,0,1
Full,2,466,train,strong,player_win,-10.0,5,100.0,5,Expert,0.05,0.05,1,937,48,0.0,0.0,1,0,1
Full,2,467,train,strong,player_win,-10.0,5,100.0,5,Expert,0.05,0.05,1,939,48,0.0,0.0,2,0,0
Full,2,468,train,strong,player_win,-10.0,5,100.0,5,Expert,0.05,0.05,1,941,48,0.0,0.0,2,0,0
Full,2,469,train,strong,player_win,-10.0,5,100.0,5,Expert,0.05,0.05,1,943,48,0.0,0.0,2,0,0
Full,2,470,train,strong,player_win,-10.0,5,100.0,5,Expert,0.05,0.05,1,945,48,0.0,0.0,2,0,0
Full,2,471,train,strong,player_win,-10.0,5,100.0,5,Expert,0.05,0.05,1,947,48,0.0,0.0,2,0,0
Full,2,472,train,strong,player_win,-10.0,5,100.0,5,Expert,0.05,0.05,1,949,48,0.0,0.0,2,0,0
Full,2,473,train,strong,player_win,-10.0,5,100.0,5,Expert,0.05,0.05,1,951,48,0.0,0.0,2,0,0
Full,2,474,train,strong,player_win,-10.0,5,100.0,5,Expert,0.05,0.05,1,953,48,0.0,0.0,2,0,0
Full,2,475,train,strong,player_win,-10.0,5,100.0,5,Expert,0.05,0.05,1,955,48,0.0,0.0,2,0,0
Full,2,476,train,strong,player_win,-10.0,5,100.0,5,Expert,0.05,0.05,1,957,48,0.0,0.0,2,0,0
Full,2,477,train,strong,player_win,-10.0,5,100.0,5,Expert,0.05,0.05,1,959,48,0.0,0.0,2,0,0
Full,2,478,train,strong,player_win,-10.0,5,100.0,5,Expert,0.05,0.05,1,961,48,0.0,0.0,2,0,0
Full,2,479,train,strong,player_win,-10.0,5,100.0,5,Expert,0.05,0.05,1,963,48,0.0,0.0,2,0,0
Full,2,480,train,strong,player_win,-10.0,5,100.0,5,Expert,0.05,0.05,1,965,48,0.0,0.0,2,0,0
Full,2,481,train,strong,player_win,-10.0,5,100.0,5,Expert,0.05,0.05,1,967,48,0.0,0.0,2,0,0
Full,2,482,train,strong,player_win,-10.0,5,100.0,5,Expert,0.05,0.05,1,969,48,0.0,0.0,2,0,0
Full,2,483,train,strong,player_win,-10.0,5,100.0,5,Expert,0.05,0.05,1,971,48,0.0,0.0,2,0,0
Full,2,484,train,strong,player_win,-10.0,5,100.0,5,Expert,0.05,0.05,1,973,48,0.0,0.0,2,0,0
Full,2,485,train,strong,player_win,-10.0,5,100.0,5,Expert,0.05,0.05,1,975,48,0.0,0.0,2,0,0
Full,2,486,train,strong,player_win,-10.0,5,100.0,5,Expert,0.05,0.05,1,977,48,0.0,0.0,2,0,0
Full,2,487,train,strong,player_win,-10.0,5,100.0,5,Expert,0.05,0.05,1,979,48,0.0,0.0,2,0,0
Full,2,488,train,strong,player_win,-10.0,5,100.0,5,Expert,0.05,0.05,1,981,48,0.0,0.0,2,0,0
Full,2,489,train,strong,player_win,-10.0,5,100.0,5,Expert,0.05,0.05,1,983,48,0.0,0.0,2,0,0
Full,2,490,train,strong,player_win,-10.0,5,100.0,5,Expert,0.05,0.05,1,985,48,0.0,0.0,2,0,0
Full,2,491,train,strong,player_win,-10.0,5,100.0,5,Expert,0.05,0.05,1,987,48,0.0,0.0,2,0,0
Full,2,492,train,strong,player_win,-10.0,5,100.0,5,Expert,0.05,0.05,1,989,48,0.0,0.0,2,0,0
Full,2,493,train,strong,player_win,-10.0,5,100.0,5,Expert,0.05,0.05,1,991,48,0.0,0.0,2,0,0
Full,2,494,train,strong,player_win,-10.0,5,100.0,5,Expert,0.05,0.05,1,993,48,0.0,0.0,1,0,1
Full,2,495,train,strong,player_win,-10.0,5,100.0,5,Expert,0.05,0.05,1,995,48,0.0,0.0,2,0,0
Full,2,496,train,strong,player_win,-10.0,5,100.0,5,Expert,0.05,0.05,1,997,48,0.0,0.0,2,0,0
Full,2,497,train,strong,player_win,-10.0,5,100.0,5,Expert,0.05,0.05,1,999,48,0.0,0.0,2,0,0
Full,2,498,train,strong,player_win,-10.0,5,100.0,5,Expert,0.05,0.05,1,1001,48,0.0,0.0,2,0,0
Full,2,499,train,strong,player_win,-10.0,5,100.0,5,Expert,0.05,0.05,1,1003,48,0.0,0.0,2,0,0
Full,2,500,train,strong,player_win,-10.0,5,100.0,5,Expert,0.05,0.05,1,1005,48,0.0,0.0,2,0,0
Full,2,501,train,strong,player_win,-10.0,5,100.0,5,Expert,0.05,0.05,1,1007,48,0.0,0.0,2,0,0
Full,2,502,train,strong,player_win,-10.0,5,100.0,5,Expert,0.05,0.05,1,1009,48,0.0,0.0,2,0,0
Full,2,503,train,strong,player_win,-10.0,5,100.0,5,Expert,0.05,0.05,1,1011,48,0.0,0.0,2,0,0
Full,2,504,train,strong,player_win,-10.0,5,100.0,5,Expert,0.05,0.05,1,1013,48,0.0,0.0,2,0,0
Full,2,505,train,strong,player_win,-10.0,5,100.0,5,Expert,0.05,0.05,1,1015,48,0.0,0.0,2,0,0
Full,2,506,train,strong,player_win,-10.0,5,100.0,5,Expert,0.05,0.05,1,1017,48,0.0,0.0,2,0,0
Full,2,507,train,strong,player_win,-10.0,5,100.0,5,Expert,0.05,0.05,1,1019,48,0.0,0.0,2,0,0
Full,2,508,train,strong,player_win,-10.0,5,100.0,5,Expert,0.05,0.05,1,1021,48,0.0,0.0,2,0,0
Full,2,509,train,strong,player_win,-10.0,5,100.0,5,Expert,0.05,0.05,1,1023,48,0.0,0.0,2,0,0
Full,2,510,train,strong,player_win,-10.0,5,100.0,5,Expert,0.05,0.05,1,1025,48,0.0,0.0,2,0,0
Full,2,511,train,strong,player_win,-10.0,5,100.0,5,Expert,0.05,0.05,1,1027,48,0.0,0.0,2,0,0
Full,2,512,train,strong,player_win,-10.0,5,100.0,5,Expert,0.05,0.05,1,1029,48,0.0,0.0,2,0,0
Full,2,513,train,strong,player_win,-10.0,5,100.0,5,Expert,0.05,0.05,1,1031,48,0.0,0.0,2,0,0
Full,2,514,train,strong,player_win,-10.0,5,100.0,5,Expert,0.05,0.05,1,1033,48,0.0,0.0,2,0,0
Full,2,515,train,strong,player_win,-10.0,5,100.0,5,Expert,0.05,0.05,1,1035,48,0.0,0.0,2,0,0
Full,2,516,train,strong,player_win,-10.0,5,100.0,5,Expert,0.05,0.05,1,1037,48,0.0,0.0,2,0,0
Full,2,517,train,strong,player_win,-10.0,5,100.0,5,Expert,0.05,0.05,1,1039,48,0.0,0.0,2,0,0
Full,2,518,train,strong,player_win,-10.0,5,100.0,5,Expert,0.05,0.05,1,1041,48,0.0,0.0,2,0,0
Full,2,519,train,strong,player_win,-10.0,5,100.0,5,Expert,0.05,0.05,1,1043,48,0.0,0.0,2,0,0
Full,2,520,train,strong,player_win,-10.0,5,100.0,5,Expert,0.05,0.05,1,1045,48,0.0,0.0,2,0,0
Full,2,521,train,strong,player_win,-10.0,5,100.0,5,Expert,0.05,0.05,1,1047,48,0.0,0.0,2,0,0
Full,2,522,train,strong,player_win,-10.0,5,100.0,5,Expert,0.05,0.05,1,1049,48,0.0,0.0,2,0,0
Full,2,523,train,strong,player_win,-10.0,5,100.0,5,Expert,0.05,0.05,1,1051,48,0.0,0.0,2,0,0
Full,2,524,train,strong,player_win,-10.0,5,100.0,5,Expert,0.05,0.05,1,1053,48,0.0,0.0,2,0,0
Full,2,525,train,strong,player_win,-10.0,5,100.0,5,Expert,0.05,0.05,1,1055,48,0.0,0.0,2,0,0
Full,2,526,train,strong,player_win,-10.0,5,100.0,5,Expert,0.05,0.05,1,1057,48,0.0,0.0,2,0,0
Full,2,527,train,strong,player_win,-10.0,5,100.0,5,Expert,0.05,0.05,1,1059,48,0.0,0.0,2,0,0
Full,2,528,train,strong,player_win,-10.0,5,100.0,5,Expert,0.05,0.05,1,1061,48,0.0,0.0,2,0,0
Full,2,529,train,strong,player_win,-10.0,5,100.0,5,Expert,0.05,0.05,1,1063,49,0.0,0.0,1,0,1
Full,2,530,train,strong,player_win,-10.0,5,100.0,5,Expert,0.05,0.05,1,1065,49,0.0,0.0,2,0,0
Full,2,531,train,strong,player_win,-10.0,5,100.0,5,Expert,0.05,0.05,1,1067,49,0.0,0.0,2,0,0
Full,2,532,train,strong,player_win,-10.0,5,100.0,5,Expert,0.05,0.05,1,1069,49,0.0,0.0,2,0,0
Full,2,533,train,strong,player_win,-10.0,5,100.0,5,Expert,0.05,0.05,1,1071,49,0.0,0.0,2,0,0
Full,2,534,train,strong,player_win,-10.0,5,100.0,5,Expert,0.05,0.05,1,1073,49,0.0,0.0,2,0,0
Full,2,535,train,strong,player_win,-10.0,5,100.0,5,Expert,0.05,0.05,1,1075,49,0.0,0.0,2,0,0
Full,2,536,train,strong,player_win,-10.0,5,100.0,5,Expert,0.05,0.05,1,1077,49,0.0,0.0,2,0,0
Full,2,537,train,strong,player_win,-10.0,5,100.0,5,Expert,0.05,0.05,1,1079,49,0.0,0.0,2,0,0
Full,2,538,train,strong,player_win,-10.0,5,100.0,5,Expert,0.05,0.05,1,1081,49,0.0,0.0,2,0,0
Full,2,539,train,strong,player_win,-10.0,5,100.0,5,Expert,0.05,0.05,1,1083,49,0.0,0.0,2,0,0
Full,2,540,train,strong,player_win,-10.0,5,100.0,5,Expert,0.05,0.05,1,1085,49,0.0,0.0,2,0,0
Full,2,541,train,strong,player_win,-10.0,5,100.0,5,Expert,0.05,0.05,1,1087,49,0.0,0.0,2,0,0
Full,2,542,train,strong,player_win,-10.0,5,100.0,5,Expert,0.05,0.05,1,1089,49,0.0,0.0,2,0,0
Full,2,543,train,strong,player_win,-10.0,5,100.0,5,Expert,0.05,0.05,1,1091,49,0.0,0.0,2,0,0
Full,2,544,train,strong,player_win,-10.0,5,100.0,5,Expert,0.05,0.05,1,1093,49,0.0,0.0,2,0,0
Full,2,545,train,strong,player_win,-10.0,5,100.0,5,Expert,0.05,0.05,1,1095,49,0.0,0.0,2,0,0
Full,2,546,train,strong,player_win,-10.0,5,100.0,5,Expert,0.05,0.05,1,1097,49,0.0,0.0,2,0,0
Full,2,547,train,strong,player_win,-10.0,5,100.0,5,Expert,0.05,0.05,1,1099,49,0.0,0.0,2,0,0
Full,2,548,train,strong,player_win,-10.0,5,100.0,5,Expert,0.05,0.05,1,1101,49,0.0,0.0,2,0,0
Full,2,549,train,strong,player_win,-10.0,5,100.0,5,Expert,0.05,0.05,1,1103,49,0.0,0.0,2,0,0
Full,2,550,train,strong,player_win,-10.0,5,100.0,5,Expert,0.05,0.05,1,1105,49,0.0,0.0,2,0,0
Full,2,551,train,strong,player_win,-10.0,5,100.0,5,Expert,0.05,0.05,1,1107,49,0.0,0.0,2,0,0
Full,2,552,train,strong,player_win,-10.0,5,100.0,5,Expert,0.05,0.05,1,1109,49,0.0,0.0,2,0,0
Full,2,553,train,strong,player_win,-10.0,5,100.0,5,Expert,0.05,0.05,1,1111,49,0.0,0.0,2,0,0
Full,2,554,train,strong,player_win,-10.0,5,100.0,5,Expert,0.05,0.05,1,1113,49,0.0,0.0,2,0,0
Full,2,555,train,strong,player_win,-10.0,5,100.0,5,Expert,0.05,0.05,1,1115,49,0.0,0.0,2,0,0
Full,2,556,train,strong,player_win,-10.0,5,100.0,5,Expert,0.05,0.05,1,1117,49,0.0,0.0,2,0,0
Full,2,557,train,strong,player_win,-10.0,5,100.0,5,Expert,0.05,0.05,1,1119,49,0.0,0.0,2,0,0
Full,2,558,train,strong,player_win,-10.0,5,100.0,5,Expert,0.05,0.05,1,1121,49,0.0,0.0,2,0,0
Full,2,559,train,strong,player_win,-10.0,5,100.0,5,Expert,0.05,0.05,1,1123,49,0.0,0.0,2,0,0
Full,2,560,train,strong,player_win,-10.0,5,100.0,5,Expert,0.05,0.05,1,1125,49,0.0,0.0,2,0,0
Full,2,561,train,strong,player_win,-10.0,5,100.0,5,Expert,0.05,0.05,1,1127,49,0.0,0.0,2,0,0
Full,2,562,train,strong,player_win,-10.0,5,100.0,5,Expert,0.05,0.05,1,1129,49,0.0,0.0,2,0,0
Full,2,563,train,strong,player_win,-10.0,5,100.0,5,Expert,0.05,0.05,1,1131,49,0.0,0.0,2,0,0
Full,2,564,train,strong,player_win,-10.0,5,100.0,5,Expert,0.05,0.05,1,1133,49,0.0,0.0,2,0,0
Full,2,565,train,strong,player_win,-10.0,5,100.0,5,Expert,0.05,0.05,1,1135,49,0.0,0.0,2,0,0
Full,2,566,train,strong,player_win,-10.0,5,100.0,5,Expert,0.05,0.05,1,1137,49,0.0,0.0,2,0,0
Full,2,567,train,strong,player_win,-10.0,5,100.0,5,Expert,0.05,0.05,1,1139,49,0.0,0.0,2,0,0
Full,2,568,train,strong,player_win,-10.0,5,100.0,5,Expert,0.05,0.05,1,1141,49,0.0,0.0,2,0,0
Full,2,569,train,strong,player_win,-10.0,5,100.0,5,Expert,0.05,0.05,1,1143,49,0.0,0.0,2,0,0
Full,2,570,train,strong,player_win,-10.0,5,100.0,5,Expert,0.05,0.05,1,1145,49,0.0,0.0,2,0,0
Full,2,571,train,strong,player_win,-10.0,5,100.0,5,Expert,0.05,0.05,1,1147,49,0.0,0.0,2,0,0
Full,2,572,train,strong,player_win,-10.0,5,100.0,5,Expert,0.05,0.05,1,1149,49,0.0,0.0,2,0,0
Full,2,573,train,strong,player_win,-10.0,5,100.0,5,Expert,0.05,0.05,1,1151,49,0.0,0.0,2,0,0
Full,2,574,train,strong,player_win,-10.0,5,100.0,5,Expert,0.05,0.05,1,1153,49,0.0,0.0,2,0,0
Full,2,575,train,strong,player_win,-10.0,5,100.0,5,Expert,0.05,0.05,1,1155,49,0.0,0.0,2,0,0
Full,2,576,train,strong,player_win,-10.0,5,100.0,5,Expert,0.05,0.05,1,1157,49,0.0,0.0,1,0,1
Full,2,577,train,strong,player_win,-10.0,5,100.0,5,Expert,0.05,0.05,1,1159,49,0.0,0.0,2,0,0
Full,2,578,train,strong,player_win,-10.0,5,100.0,5,Expert,0.05,0.05,1,1161,49,0.0,0.0,2,0,0
Full,2,579,train,strong,player_win,-10.0,5,100.0,5,Expert,0.05,0.05,1,1163,49,0.0,0.0,2,0,0
Full,2,580,train,strong,player_win,-10.0,5,100.0,5,Expert,0.05,0.05,1,1165,49,0.0,0.0,2,0,0
Full,2,581,train,strong,player_win,-10.0,5,100.0,5,Expert,0.05,0.05,1,1167,49,0.0,0.0,2,0,0
Full,2,582,train,strong,player_win,-10.0,5,100.0,5,Expert,0.05,0.05,1,1169,49,0.0,0.0,2,0,0
Full,2,583,train,strong,player_win,-10.0,5,100.0,5,Expert,0.05,0.05,1,1171,49,0.0,0.0,2,0,0
Full,2,584,train,strong,player_win,-10.0,5,100.0,5,Expert,0.05,0.05,1,1173,49,0.0,0.0,2,0,0
Full,2,585,train,strong,player_win,-10.0,5,100.0,5,Expert,0.05,0.05,1,1175,49,0.0,0.0,2,0,0
Full,2,586,train,strong,player_win,-10.0,5,100.0,5,Expert,0.05,0.05,1,1177,49,0.0,0.0,2,0,0
Full,2,587,train,strong,player_win,-10.0,7,100.0,5,Expert,0.05,0.05,1,1180,50,0.0,0.0,2,0,1
Full,2,588,train,strong,player_win,-10.0,5,100.0,5,Expert,0.05,0.05,1,1182,50,0.0,0.0,2,0,0
Full,2,589,train,strong,player_win,-10.0,5,100.0,5,Expert,0.05,0.05,1,1184,50,0.0,0.0,2,0,0
Full,2,590,train,strong,player_win,-10.0,5,100.0,5,Expert,0.05,0.05,1,1186,50,0.0,0.0,2,0,0
Full,2,591,train,strong,player_win,-10.0,5,100.0,5,Expert,0.05,0.05,1,1188,50,0.0,0.0,2,0,0
Full,2,592,train,strong,player_win,-10.0,5,100.0,5,Expert,0.05,0.05,1,1190,50,0.0,0.0,2,0,0
Full,2,593,train,strong,player_win,-10.0,5,100.0,5,Expert,0.05,0.05,1,1192,50,0.0,0.0,2,0,0
Full,2,594,train,strong,player_win,-10.0,5,100.0,5,Expert,0.05,0.05,1,1194,50,0.0,0.0,2,0,0
Full,2,595,train,strong,player_win,-10.0,5,100.0,5,Expert,0.05,0.05,1,1196,50,0.0,0.0,2,0,0
Full,2,596,train,strong,player_win,-10.0,5,100.0,5,Expert,0.05,0.05,1,1198,50,0.0,0.0,2,0,0
Full,2,597,train,strong,player_win,-10.0,5,100.0,5,Expert,0.05,0.05,1,1200,50,0.0,0.0,2,0,0
Full,2,598,train,strong,player_win,-10.0,5,100.0,5,Expert,0.05,0.05,1,1202,50,0.0,0.0,2,0,0
Full,2,599,train,strong,player_win,-10.0,5,100.0,5,Expert,0.05,0.05,1,1204,50,0.0,0.0,2,0,0
Full,2,600,train,strong,player_win,-10.0,5,100.0,5,Expert,0.05,0.05,1,1206,50,0.0,0.0,2,0,0
Full,2,601,train,strong,player_win,-10.0,5,100.0,5,Expert,0.05,0.05,1,1208,50,0.0,0.0,2,0,0
Full,2,602,train,strong,player_win,-10.0,5,100.0,5,Expert,0.05,0.05,1,1210,50,0.0,0.0,2,0,0
Full,2,603,train,strong,player_win,-10.0,5,100.0,5,Expert,0.05,0.05,1,1212,50,0.0,0.0,2,0,0
Full,2,604,train,strong,player_win,-10.0,5,100.0,5,Expert,0.05,0.05,1,1214,50,0.0,0.0,2,0,0
Full,2,605,train,strong,player_win,-10.0,5,100.0,5,Expert,0.05,0.05,1,1216,50,0.0,0.0,2,0,0
Full,2,606,train,strong,player_win,-10.0,5,100.0,5,Expert,0.05,0.05,1,1218,50,0.0,0.0,1,0,1
Full,2,607,train,strong,player_win,-10.0,5,100.0,5,Expert,0.05,0.05,1,1220,50,0.0,0.0,2,0,0
Full,2,608,train,strong,player_win,-10.0,5,100.0,5,Expert,0.05,0.05,1,1222,50,0.0,0.0,2,0,0
Full,2,609,train,strong,player_win,-10.0,5,100.0,5,Expert,0.05,0.05,1,1224,50,0.0,0.0,2,0,0
Full,2,610,train,strong,player_win,-10.0,5,100.0,5,Expert,0.05,0.05,1,1226,50,0.0,0.0,2,0,0
Full,2,611,train,strong,player_win,-10.0,5,100.0,5,Expert,0.05,0.05,1,1228,50,0.0,0.0,2,0,0
Full,2,612,train,strong,player_win,-10.0,5,100.0,5,Expert,0.05,0.05,1,1230,50,0.0,0.0,2,0,0
Full,2,613,train,strong,player_win,-10.0,5,100.0,5,Expert,0.05,0.05,1,1232,50,0.0,0.0,2,0,0
Full,2,614,train,strong,player_win,-10.0,5,100.0,5,Expert,0.05,0.05,1,1234,50,0.0,0.0,2,0,0
Full,2,615,train,strong,player_win,-10.0,5,100.0,5,Expert,0.05,0.05,1,1236,50,0.0,0.0,2,0,0
Full,2,616,train,strong,player_win,-10.0,5,100.0,5,Expert,0.05,0.05,1,1238,50,0.0,0.0,2,0,0
Full,2,617,train,strong,player_win,-10.0,5,100.0,5,Expert,0.05,0.05,1,1240,50,0.0,0.0,2,0,0
Full,2,618,train,strong,player_win,-10.0,5,100.0,5,Expert,0.05,0.05,1,1242,50,0.0,0.0,2,0,0
Full,2,619,train,strong,player_win,-10.0,5,100.0,5,Expert,0.05,0.05,1,1244,50,0.0,0.0,2,0,0
Full,2,620,train,strong,player_win,-10.0,5,100.0,5,Expert,0.05,0.05,1,1246,50,0.0,0.0,2,0,0
Full,2,621,train,strong,player_win,-10.0,5,100.0,5,Expert,0.05,0.05,1,1248,50,0.0,0.0,2,0,0
Full,2,622,train,strong,player_win,-10.0,5,100.0,5,Expert,0.05,0.05,1,1250,50,0.0,0.0,2,0,0
Full,2,623,train,strong,player_win,-10.0,5,100.0,5,Expert,0.05,0.05,1,1252,50,0.0,0.0,2,0,0
Full,2,624,train,strong,player_win,-10.0,5,100.0,5,Expert,0.05,0.05,1,1254,50,0.0,0.0,2,0,0
Full,2,625,train,strong,player_win,-10.0,5,100.0,5,Expert,0.05,0.05,1,1256,50,0.0,0.0,2,0,0
Full,2,626,train,strong,player_win,-10.0,5,100.0,5,Expert,0.05,0.05,1,1258,50,0.0,0.0,2,0,0
Full,2,627,train,strong,player_win,-10.0,5,100.0,5,Expert,0.05,0.05,1,1260,50,0.0,0.0,2,0,0
Full,2,628,train,strong,player_win,-10.0,5,100.0,5,Expert,0.05,0.05,1,1262,50,0.0,0.0,2,0,0
Full,2,629,train,strong,player_win,-10.0,5,100.0,5,Expert,0.05,0.05,1,1264,50,0.0,0.0,2,0,0
Full,2,630,train,strong,player_win,-10.0,5,100.0,5,Expert,0.05,0.05,1,1266,50,0.0,0.0,2,0,0
Full,2,631,train,strong,player_win,-10.0,5,100.0,5,Expert,0.05,0.05,1,1268,50,0.0,0.0,1,0,1
Full,2,632,train,strong,player_win,-10.0,7,100.0,5,Expert,0.05,0.05,1,1271,50,0.0,0.0,2,0,1
Full,2,633,train,strong,player_win,-10.0,5,100.0,5,Expert,0.05,0.05,1,1273,50,0.0,0.0,2,0,0
Full,2,634,train,strong,player_win,-10.0,5,100.0,5,Expert,0.05,0.05,1,1275,51,0.0,0.0,1,0,1
Full,2,635,train,strong,player_win,-10.0,5,100.0,5,Expert,0.05,0.05,1,1277,51,0.0,0.0,2,0,0
Full,2,636,train,strong,player_win,-10.0,5,100.0,5,Expert,0.05,0.05,1,1279,51,0.0,0.0,2,0,0
Full,2,637,train,strong,player_win,-10.0,5,100.0,5,Expert,0.05,0.05,1,1281,52,0.0,0.0,1,0,1
Full,2,638,train,strong,player_win,-10.0,5,100.0,5,Expert,0.05,0.05,1,1283,52,0.0,0.0,2,0,0
Full,2,639,train,strong,player_win,-10.0,5,100.0,5,Expert,0.05,0.05,1,1285,52,0.0,0.0,2,0,0
Full,2,640,train,strong,player_win,-10.0,5,100.0,5,Expert,0.05,0.05,1,1287,52,0.0,0.0,2,0,0
Full,2,641,train,strong,player_win,-10.0,5,100.0,5,Expert,0.05,0.05,1,1289,52,0.0,0.0,2,0,0
Full,2,642,train,strong,player_win,-10.0,5,100.0,5,Expert,0.05,0.05,1,1291,52,0.0,0.0,2,0,0
Full,2,643,train,strong,player_win,-10.0,5,100.0,5,Expert,0.05,0.05,1,1293,52,0.0,0.0,2,0,0
Full,2,644,train,strong,player_win,-10.0,5,100.0,5,Expert,0.05,0.05,1,1295,52,0.0,0.0,2,0,0
Full,2,645,train,strong,player_win,-10.0,5,100.0,5,Expert,0.05,0.05,1,1297,52,0.0,0.0,2,0,0
Full,2,646,train,strong,player_win,-10.0,5,100.0,5,Expert,0.05,0.05,1,1299,52,0.0,0.0,2,0,0
Full,2,647,train,strong,player_win,-10.0,5,100.0,5,Expert,0.05,0.05,1,1301,52,0.0,0.0,2,0,0
Full,2,648,train,strong,player_win,-10.0,5,100.0,5,Expert,0.05,0.05,1,1303,52,0.0,0.0,2,0,0
Full,2,649,train,strong,player_win,-10.0,5,100.0,5,Expert,0.05,0.05,1,1305,52,0.0,0.0,2,0,0
Full,2,650,train,strong,player_win,-10.0,5,100.0,5,Expert,0.05,0.05,1,1307,52,0.0,0.0,2,0,0
Full,2,651,train,strong,player_win,-10.0,5,100.0,5,Expert,0.05,0.05,1,1309,52,0.0,0.0,2,0,0
Full,2,652,train,strong,player_win,-10.0,5,100.0,5,Expert,0.05,0.05,1,1311,52,0.0,0.0,2,0,0
Full,2,653,train,strong,player_win,-10.0,5,100.0,5,Expert,0.05,0.05,1,1313,52,0.0,0.0,2,0,0
Full,2,654,train,strong,player_win,-10.0,5,100.0,5,Expert,0.05,0.05,1,1315,52,0.0,0.0,2,0,0
Full,2,655,train,strong,player_win,-10.0,5,100.0,5,Expert,0.05,0.05,1,1317,53,0.0,0.0,1,0,1
Full,2,656,train,strong,player_win,-10.0,5,100.0,5,Expert,0.05,0.05,1,1319,53,0.0,0.0,2,0,0
Full,2,657,train,strong,player_win,-10.0,5,100.0,5,Expert,0.05,0.05,1,1321,53,0.0,0.0,2,0,0
Full,2,658,train,strong,player_win,-10.0,5,100.0,5,Expert,0.05,0.05,1,1323,53,0.0,0.0,2,0,0
Full,2,659,train,strong,player_win,-10.0,5,100.0,5,Expert,0.05,0.05,1,1325,53,0.0,0.0,2,0,0
Full,2,660,train,strong,player_win,-10.0,5,100.0,5,Expert,0.05,0.05,1,1327,53,0.0,0.0,2,0,0
Full,2,661,train,strong,player_win,-10.0,5,100.0,5,Expert,0.05,0.05,1,1329,53,0.0,0.0,2,0,0
Full,2,662,train,strong,player_win,-10.0,5,100.0,5,Expert,0.05,0.05,1,1331,53,0.0,0.0,2,0,0
Full,2,663,train,strong,player_win,-10.0,5,100.0,5,Expert,0.05,0.05,1,1333,53,0.0,0.0,2,0,0
Full,2,664,train,strong,player_win,-10.0,5,100.0,5,Expert,0.05,0.05,1,1335,53,0.0,0.0,2,0,0
Full,2,665,train,strong,player_win,-10.0,5,100.0,5,Expert,0.05,0.05,1,1337,53,0.0,0.0,2,0,0
Full,2,666,train,strong,player_win,-10.0,5,100.0,5,Expert,0.05,0.05,1,1339,53,0.0,0.0,2,0,0
Full,2,667,train,strong,player_win,-10.0,5,100.0,5,Expert,0.05,0.05,1,1341,53,0.0,0.0,2,0,0
Full,2,668,train,strong,player_win,-10.0,5,100.0,5,Expert,0.05,0.05,1,1343,53,0.0,0.0,2,0,0
Full,2,669,train,strong,player_win,-10.0,5,100.0,5,Expert,0.05,0.05,1,1345,53,0.0,0.0,2,0,0
Full,2,670,train,strong,player_win,-10.0,5,100.0,5,Expert,0.05,0.05,1,1347,53,0.0,0.0,2,0,0
Full,2,671,train,strong,player_win,-10.0,5,100.0,5,Expert,0.05,0.05,1,1349,53,0.0,0.0,2,0,0
Full,2,672,train,strong,player_win,-10.0,5,100.0,5,Expert,0.05,0.05,1,1351,53,0.0,0.0,2,0,0
Full,2,673,train,strong,player_win,-10.0,5,100.0,5,Expert,0.05,0.05,1,1353,53,0.0,0.0,2,0,0
Full,2,674,train,strong,player_win,-10.0,5,100.0,5,Expert,0.05,0.05,1,1355,53,0.0,0.0,2,0,0
Full,2,675,train,strong,player_win,-10.0,5,100.0,5,Expert,0.05,0.05,1,1357,53,0.0,0.0,2,0,0
Full,2,676,train,strong,player_win,-10.0,5,100.0,5,Expert,0.05,0.05,1,1359,53,0.0,0.0,2,0,0
Full,2,677,train,strong,player_win,-10.0,5,100.0,5,Expert,0.05,0.05,1,1361,53,0.0,0.0,2,0,0
Full,2,678,train,strong,player_win,-10.0,5,100.0,5,Expert,0.05,0.05,1,1363,53,0.0,0.0,2,0,0
Full,2,679,train,strong,player_win,-10.0,5,100.0,5,Expert,0.05,0.05,1,1365,53,0.0,0.0,2,0,0
Full,2,680,train,strong,player_win,-10.0,5,100.0,5,Expert,0.05,0.05,1,1367,53,0.0,0.0,2,0,0
Full,2,681,train,strong,player_win,-10.0,5,100.0,5,Expert,0.05,0.05,1,1369,53,0.0,0.0,2,0,0
Full,2,682,train,strong,player_win,-10.0,5,100.0,5,Expert,0.05,0.05,1,1371,53,0.0,0.0,2,0,0
Full,2,683,train,strong,player_win,-10.0,5,100.0,5,Expert,0.05,0.05,1,1373,53,0.0,0.0,2,0,0
Full,2,684,train,strong,player_win,-10.0,5,100.0,5,Expert,0.05,0.05,1,1375,53,0.0,0.0,2,0,0
Full,2,685,train,strong,player_win,-10.0,5,100.0,5,Expert,0.05,0.05,1,1377,53,0.0,0.0,2,0,0
Full,2,686,train,strong,player_win,-10.0,5,100.0,5,Expert,0.05,0.05,1,1379,53,0.0,0.0,2,0,0
Full,2,687,train,strong,player_win,-10.0,5,100.0,5,Expert,0.05,0.05,1,1381,53,0.0,0.0,2,0,0
Full,2,688,train,strong,player_win,-10.0,5,100.0,5,Expert,0.05,0.05,1,1383,53,0.0,0.0,2,0,0
Full,2,689,train,strong,player_win,-10.0,5,100.0,5,Expert,0.05,0.05,1,1385,53,0.0,0.0,2,0,0
Full,2,690,train,strong,player_win,-10.0,5,100.0,5,Expert,0.05,0.05,1,1387,53,0.0,0.0,2,0,0
Full,2,691,train,strong,player_win,-10.0,5,100.0,5,Expert,0.05,0.05,1,1389,53,0.0,0.0,2,0,0
Full,2,692,train,strong,player_win,-10.0,5,100.0,5,Expert,0.05,0.05,1,1391,53,0.0,0.0,2,0,0
Full,2,693,train,strong,player_win,-10.0,5,100.0,5,Expert,0.05,0.05,1,1393,53,0.0,0.0,1,0,1
Full,2,694,train,strong,player_win,-10.0,5,100.0,5,Expert,0.05,0.05,1,1395,53,0.0,0.0,2,0,0
Full,2,695,train,strong,player_win,-10.0,5,100.0,5,Expert,0.05,0.05,1,1397,53,0.0,0.0,2,0,0
Full,2,696,train,strong,player_win,-10.0,5,100.0,5,Expert,0.05,0.05,1,1399,53,0.0,0.0,2,0,0
Full,2,697,train,strong,player_win,-10.0,5,100.0,5,Expert,0.05,0.05,1,1401,53,0.0,0.0,2,0,0
Full,2,698,train,strong,player_win,-10.0,5,100.0,5,Expert,0.05,0.05,1,1403,53,0.0,0.0,1,0,1
Full,2,699,train,strong,player_win,-10.0,5,100.0,5,Expert,0.05,0.05,1,1405,53,0.0,0.0,2,0,0
Full,2,700,train,strong,player_win,-10.0,5,100.0,5,Expert,0.05,0.05,1,1407,53,0.0,0.0,2,0,0
Full,2,701,train,strong,player_win,-10.0,5,100.0,5,Expert,0.05,0.05,1,1409,53,0.0,0.0,2,0,0
Full,2,702,train,strong,player_win,-10.0,5,100.0,5,Expert,0.05,0.05,1,1411,53,0.0,0.0,2,0,0
Full,2,703,train,strong,player_win,-10.0,5,100.0,5,Expert,0.05,0.05,1,1413,53,0.0,0.0,2,0,0
Full,2,704,train,strong,player_win,-10.0,5,100.0,5,Expert,0.05,0.05,1,1415,53,0.0,0.0,2,0,0
Full,2,705,train,strong,player_win,-10.0,5,100.0,5,Expert,0.05,0.05,1,1417,53,0.0,0.0,2,0,0
Full,2,706,train,strong,player_win,-10.0,5,100.0,5,Expert,0.05,0.05,1,1419,53,0.0,0.0,2,0,0
Full,2,707,train,strong,player_win,-10.0,5,100.0,5,Expert,0.05,0.05,1,1421,53,0.0,0.0,2,0,0
Full,2,708,train,strong,player_win,-10.0,5,100.0,5,Expert,0.05,0.05,1,1423,54,0.0,0.0,1,0,1
Full,2,709,train,strong,player_win,-10.0,5,100.0,5,Expert,0.05,0.05,1,1425,54,0.0,0.0,2,0,0
Full,2,710,train,strong,player_win,-10.0,5,100.0,5,Expert,0.05,0.05,1,1427,54,0.0,0.0,2,0,0
Full,2,711,train,strong,player_win,-10.0,5,100.0,5,Expert,0.05,0.05,1,1429,54,0.0,0.0,2,0,0
Full,2,712,train,strong,player_win,-10.0,5,100.0,5,Expert,0.05,0.05,1,1431,54,0.0,0.0,2,0,0
Full,2,713,train,strong,player_win,-10.0,5,100.0,5,Expert,0.05,0.05,1,1433,54,0.0,0.0,2,0,0
Full,2,714,train,strong,player_win,-10.0,5,100.0,5,Expert,0.05,0.05,1,1435,54,0.0,0.0,2,0,0
Full,2,715,train,strong,player_win,-10.0,5,100.0,5,Expert,0.05,0.05,1,1437,54,0.0,0.0,2,0,0
Full,2,716,train,strong,player_win,-10.0,5,100.0,5,Expert,0.05,0.05,1,1439,54,0.0,0.0,2,0,0
Full,2,717,train,strong,player_win,-10.0,5,100.0,5,Expert,0.05,0.05,1,1441,54,0.0,0.0,2,0,0
Full,2,718,train,strong,player_win,-10.0,5,100.0,5,Expert,0.05,0.05,1,1443,54,0.0,0.0,2,0,0
Full,2,719,train,strong,player_win,-10.0,5,100.0,5,Expert,0.05,0.05,1,1445,54,0.0,0.0,2,0,0
Full,2,720,train,strong,player_win,-10.0,5,100.0,5,Expert,0.05,0.05,1,1447,54,0.0,0.0,2,0,0
Full,2,721,train,strong,player_win,-10.0,5,100.0,5,Expert,0.05,0.05,1,1449,54,0.0,0.0,2,0,0
Full,2,722,train,strong,player_win,-10.0,5,100.0,5,Expert,0.05,0.05,1,1451,54,0.0,0.0,2,0,0
Full,2,723,train,strong,player_win,-10.0,5,100.0,5,Expert,0.05,0.05,1,1453,54,0.0,0.0,2,0,0
Full,2,724,train,strong,player_win,-10.0,5,100.0,5,Expert,0.05,0.05,1,1455,54,0.0,0.0,2,0,0
Full,2,725,train,strong,player_win,-10.0,5,100.0,5,Expert,0.05,0.05,1,1457,54,0.0,0.0,2,0,0
Full,2,726,train,strong,player_win,-10.0,5,100.0,5,Expert,0.05,0.05,1,1459,54,0.0,0.0,2,0,0
Full,2,727,train,strong,player_win,-10.0,5,100.0,5,Expert,0.05,0.05,1,1461,54,0.0,0.0,2,0,0
Full,2,728,train,strong,player_win,-10.0,5,100.0,5,Expert,0.05,0.05,1,1463,54,0.0,0.0,2,0,0
Full,2,729,train,strong,player_win,-10.0,5,100.0,5,Expert,0.05,0.05,1,1465,54,0.0,0.0,2,0,0
Full,2,730,train,strong,player_win,-10.0,5,100.0,5,Expert,0.05,0.05,1,1467,54,0.0,0.0,2,0,0
Full,2,731,train,strong,player_win,-10.0,5,100.0,5,Expert,0.05,0.05,1,1469,54,0.0,0.0,2,0,0
Full,2,732,train,strong,player_win,-10.0,5,100.0,5,Expert,0.05,0.05,1,1471,54,0.0,0.0,2,0,0
Full,2,733,train,strong,player_win,-10.0,5,100.0,5,Expert,0.05,0.05,1,1473,54,0.0,0.0,2,0,0
Full,2,734,train,strong,player_win,-10.0,5,100.0,5,Expert,0.05,0.05,1,1475,55,0.0,0.0,1,0,1
Full,2,735,train,strong,player_win,-10.0,5,100.0,5,Expert,0.05,0.05,1,1477,55,0.0,0.0,2,0,0
Full,2,736,train,strong,player_win,-10.0,5,100.0,5,Expert,0.05,0.05,1,1479,55,0.0,0.0,2,0,0
Full,2,737,train,strong,player_win,-10.0,5,100.0,5,Expert,0.05,0.05,1,1481,55,0.0,0.0,2,0,0
Full,2,738,train,strong,player_win,-10.0,5,100.0,5,Expert,0.05,0.05,1,1483,55,0.0,0.0,2,0,0
Full,2,739,train,strong,player_win,-10.0,5,100.0,5,Expert,0.05,0.05,1,1485,55,0.0,0.0,2,0,0
Full,2,740,train,strong,player_win,-10.0,5,100.0,5,Expert,0.05,0.05,1,1487,55,0.0,0.0,2,0,0
Full,2,741,train,strong,player_win,-10.0,5,100.0,5,Expert,0.05,0.05,1,1489,55,0.0,0.0,2,0,0
Full,2,742,train,strong,player_win,-10.0,5,100.0,5,Expert,0.05,0.05,1,1491,55,0.0,0.0,2,0,0
Full,2,743,train,strong,player_win,-10.0,5,100.0,5,Expert,0.05,0.05,1,1493,55,0.0,0.0,2,0,0
Full,2,744,train,strong,player_win,-10.0,5,100.0,5,Expert,0.05,0.05,1,1495,55,0.0,0.0,2,0,0
Full,2,745,train,strong,player_win,-10.0,5,100.0,5,Expert,0.05,0.05,1,1497,55,0.0,0.0,2,0,0
Full,2,746,train,strong,player_win,-10.0,5,100.0,5,Expert,0.05,0.05,1,1499,55,0.0,0.0,2,0,0
Full,2,747,train,strong,player_win,-10.0,5,100.0,5,Expert,0.05,0.05,1,1501,55,0.0,0.0,2,0,0
Full,2,748,train,strong,player_win,-10.0,5,100.0,5,Expert,0.05,0.05,1,1503,55,0.0,0.0,2,0,0
Full,2,749,train,strong,player_win,-10.0,5,100.0,5,Expert,0.05,0.05,1,1505,55,0.0,0.0,2,0,0
Full,2,750,train,strong,player_win,-10.0,5,100.0,5,Expert,0.05,0.05,1,1507,55,0.0,0.0,2,0,0
Full,2,751,train,strong,player_win,-10.0,5,100.0,5,Expert,0.05,0.05,1,1509,55,0.0,0.0,2,0,0
Full,2,752,train,strong,player_win,-10.0,5,100.0,5,Expert,0.05,0.05,1,1511,55,0.0,0.0,2,0,0
Full,2,753,train,strong,player_win,-10.0,5,100.0,5,Expert,0.05,0.05,1,1513,55,0.0,0.0,2,0,0
Full,2,754,train,strong,player_win,-10.0,5,100.0,5,Expert,0.05,0.05,1,1515,55,0.0,0.0,1,0,1
Full,2,755,train,strong,player_win,-10.0,5,100.0,5,Expert,0.05,0.05,1,1517,55,0.0,0.0,2,0,0
Full,2,756,train,strong,player_win,-10.0,5,100.0,5,Expert,0.05,0.05,1,1519,55,0.0,0.0,2,0,0
Full,2,757,train,strong,player_win,-10.0,5,100.0,5,Expert,0.05,0.05,1,1521,55,0.0,0.0,2,0,0
Full,2,758,train,strong,player_win,-10.0,5,100.0,5,Expert,0.05,0.05,1,1523,55,0.0,0.0,2,0,0
Full,2,759,train,strong,player_win,-10.0,5,100.0,5,Expert,0.05,0.05,1,1525,55,0.0,0.0,2,0,0
Full,2,760,train,strong,player_win,-10.0,5,100.0,5,Expert,0.05,0.05,1,1527,55,0.0,0.0,2,0,0
Full,2,761,train,strong,player_win,-10.0,5,100.0,5,Expert,0.05,0.05,1,1529,55,0.0,0.0,2,0,0
Full,2,762,train,strong,player_win,-10.0,5,100.0,5,Expert,0.05,0.05,1,1531,55,0.0,0.0,2,0,0
Full,2,763,train,strong,player_win,-10.0,5,100.0,5,Expert,0.05,0.05,1,1533,55,0.0,0.0,2,0,0
Full,2,764,train,strong,player_win,-10.0,5,100.0,5,Expert,0.05,0.05,1,1535,55,0.0,0.0,2,0,0
Full,2,765,train,strong,player_win,-10.0,5,100.0,5,Expert,0.05,0.05,1,1537,55,0.0,0.0,2,0,0
Full,2,766,train,strong,player_win,-10.0,5,100.0,5,Expert,0.05,0.05,1,1539,55,0.0,0.0,2,0,0
Full,2,767,train,strong,player_win,-10.0,5,100.0,5,Expert,0.05,0.05,1,1541,55,0.0,0.0,2,0,0
Full,2,768,train,strong,player_win,-10.0,5,100.0,5,Expert,0.05,0.05,1,1543,55,0.0,0.0,2,0,0
Full,2,769,train,strong,player_win,-10.0,5,100.0,5,Expert,0.05,0.05,1,1545,55,0.0,0.0,2,0,0
Full,2,770,train,strong,player_win,-10.0,5,100.0,5,Expert,0.05,0.05,1,1547,55,0.0,0.0,2,0,0
Full,2,771,train,strong,player_win,-10.0,5,100.0,5,Expert,0.05,0.05,1,1549,55,0.0,0.0,2,0,0
Full,2,772,train,strong,player_win,-10.0,5,100.0,5,Expert,0.05,0.05,1,1551,55,0.0,0.0,2,0,0
Full,2,773,train,strong,player_win,-10.0,5,100.0,5,Expert,0.05,0.05,1,1553,55,0.0,0.0,2,0,0
Full,2,774,train,strong,player_win,-10.0,5,100.0,5,Expert,0.05,0.05,1,1555,55,0.0,0.0,2,0,0
Full,2,775,train,strong,player_win,-10.0,5,100.0,5,Expert,0.05,0.05,1,1557,55,0.0,0.0,2,0,0
Full,2,776,train,strong,player_win,-10.0,5,100.0,5,Expert,0.05,0.05,1,1559,55,0.0,0.0,2,0,0
Full,2,777,train,strong,player_win,-10.0,5,100.0,5,Expert,0.05,0.05,1,1561,55,0.0,0.0,2,0,0
Full,2,778,train,strong,player_win,-10.0,5,100.0,5,Expert,0.05,0.05,1,1563,55,0.0,0.0,2,0,0
Full,2,779,train,strong,player_win,-10.0,5,100.0,5,Expert,0.05,0.05,1,1565,55,0.0,0.0,2,0,0
Full,2,780,train,strong,player_win,-10.0,5,100.0,5,Expert,0.05,0.05,1,1567,55,0.0,0.0,2,0,0
Full,2,781,train,strong,player_win,-10.0,5,100.0,5,Expert,0.05,0.05,1,1569,55,0.0,0.0,2,0,0
Full,2,782,train,strong,player_win,-10.0,5,100.0,5,Expert,0.05,0.05,1,1571,55,0.0,0.0,2,0,0
Full,2,783,train,strong,player_win,-10.0,5,100.0,5,Expert,0.05,0.05,1,1573,55,0.0,0.0,2,0,0
Full,2,784,train,strong,player_win,-10.0,5,100.0,5,Expert,0.05,0.05,1,1575,55,0.0,0.0,2,0,0
Full,2,785,train,strong,player_win,-10.0,5,100.0,5,Expert,0.05,0.05,1,1577,55,0.0,0.0,2,0,0
Full,2,786,train,strong,player_win,-10.0,5,100.0,5,Expert,0.05,0.05,1,1579,55,0.0,0.0,2,0,0
Full,2,787,train,strong,player_win,-10.0,5,100.0,5,Expert,0.05,0.05,1,1581,55,0.0,0.0,2,0,0
Full,2,788,train,strong,player_win,-10.0,5,100.0,5,Expert,0.05,0.05,1,1583,55,0.0,0.0,2,0,0
Full,2,789,train,strong,player_win,-10.0,5,100.0,5,Expert,0.05,0.05,1,1585,55,0.0,0.0,2,0,0
Full,2,790,train,strong,player_win,-10.0,5,100.0,5,Expert,0.05,0.05,1,1587,55,0.0,0.0,2,0,0
Full,2,791,train,strong,player_win,-10.0,5,100.0,5,Expert,0.05,0.05,1,1589,55,0.0,0.0,2,0,0
Full,2,792,train,strong,player_win,-10.0,5,100.0,5,Expert,0.05,0.05,1,1591,55,0.0,0.0,2,0,0
Full,2,793,train,strong,player_win,-10.0,5,100.0,5,Expert,0.05,0.05,1,1593,55,0.0,0.0,2,0,0
Full,2,794,train,strong,player_win,-10.0,5,100.0,5,Expert,0.05,0.05,1,1595,55,0.0,0.0,2,0,0
Full,2,795,train,strong,player_win,-10.0,5,100.0,5,Expert,0.05,0.05,1,1597,55,0.0,0.0,2,0,0
Full,2,796,train,strong,player_win,-10.0,5,100.0,5,Expert,0.05,0.05,1,1599,55,0.0,0.0,2,0,0
Full,2,797,train,strong,player_win,-10.0,5,100.0,5,Expert,0.05,0.05,1,1601,55,0.0,0.0,2,0,0
Full,2,798,train,strong,player_win,-10.0,5,100.0,5,Expert,0.05,0.05,1,1603,55,0.0,0.0,2,0,0
Full,2,799,train,strong,player_win,-10.0,5,100.0,5,Expert,0.05,0.05,1,1605,55,0.0,0.0,2,0,0
Full,2,800,train,strong,player_win,-10.0,5,100.0,5,Expert,0.05,0.05,1,1607,55,0.0,0.0,2,0,0
Full,2,801,eval,strong,player_win,-10.0,5,100.0,5,Expert,0.05,0.0,0,1607,55,0.0,0.0,2,0,0
Full,2,802,eval,strong,player_win,-10.0,5,100.0,5,Expert,0.05,0.0,0,1607,55,0.0,0.0,2,0,0
Full,2,803,eval,strong,player_win,-10.0,5,100.0,5,Expert,0.05,0.0,0,1607,55,0.0,0.0,2,0,0
Full,2,804,eval,strong,player_win,-10.0,5,100.0,5,Expert,0.05,0.0,0,1607,55,0.0,0.0,2,0,0
Full,2,805,eval,strong,player_win,-10.0,5,100.0,5,Expert,0.05,0.0,0,1607,55,0.0,0.0,2,0,0
Full,2,806,eval,strong,player_win,-10.0,5,100.0,5,Expert,0.05,0.0,0,1607,55,0.0,0.0,1,0,1
Full,2,807,eval,strong,player_win,-10.0,5,100.0,5,Expert,0.05,0.0,0,1607,55,0.0,0.0,2,0,0
Full,2,808,eval,strong,player_win,-10.0,5,100.0,5,Expert,0.05,0.0,0,1607,55,0.0,0.0,2,0,0
Full,2,809,eval,strong,player_win,-10.0,5,100.0,5,Expert,0.05,0.0,0,1607,55,0.0,0.0,2,0,0
Full,2,810,eval,strong,player_win,-10.0,5,100.0,5,Expert,0.05,0.0,0,1607,55,0.0,0.0,2,0,0
Full,2,811,eval,strong,player_win,-10.0,5,100.0,5,Expert,0.05,0.0,0,1607,55,0.0,0.0,2,0,0
Full,2,812,eval,strong,player_win,-10.0,5,100.0,5,Expert,0.05,0.0,0,1607,55,0.0,0.0,2,0,0
Full,2,813,eval,strong,player_win,-10.0,5,100.0,5,Expert,0.05,0.0,0,1607,55,0.0,0.0,2,0,0
Full,2,814,eval,strong,player_win,-10.0,5,100.0,5,Expert,0.05,0.0,0,1607,55,0.0,0.0,2,0,0
Full,2,815,eval,strong,player_win,-10.0,5,100.0,5,Expert,0.05,0.0,0,1607,55,0.0,0.0,2,0,0
Full,2,816,eval,strong,player_win,-10.0,5,100.0,5,Expert,0.05,0.0,0,1607,55,0.0,0.0,2,0,0
Full,2,817,eval,strong,player_win,-10.0,5,100.0,5,Expert,0.05,0.0,0,1607,55,0.0,0.0,2,0,0
Full,2,818,eval,strong,player_win,-10.0,5,100.0,5,Expert,0.05,0.0,0,1607,55,0.0,0.0,2,0,0
Full,2,819,eval,strong,player_win,-10.0,5,100.0,5,Expert,0.05,0.0,0,1607,55,0.0,0.0,2,0,0
Full,2,820,eval,strong,player_win,-10.0,5,100.0,5,Expert,0.05,0.0,0,1607,55,0.0,0.0,2,0,0
Full,2,821,eval,strong,player_win,-10.0,5,100.0,5,Expert,0.05,0.0,0,1607,55,0.0,0.0,2,0,0
Full,2,822,eval,strong,player_win,-10.0,5,100.0,5,Expert,0.05,0.0,0,1607,55,0.0,0.0,2,0,0
Full,2,823,eval,strong,player_win,-10.0,5,100.0,5,Expert,0.05,0.0,0,1607,55,0.0,0.0,2,0,0
Full,2,824,eval,strong,player_win,-10.0,5,100.0,5,Expert,0.05,0.0,0,1607,55,0.0,0.0,2,0,0
Full,2,825,eval,strong,player_win,-10.0,5,100.0,5,Expert,0.05,0.0,0,1607,55,0.0,0.0,2,0,0
Full,2,826,eval,strong,player_win,-10.0,5,100.0,5,Expert,0.05,0.0,0,1607,55,0.0,0.0,1,0,1
Full,2,827,eval,strong,player_win,-10.0,5,100.0,5,Expert,0.05,0.0,0,1607,55,0.0,0.0,2,0,0
Full,2,828,eval,strong,player_win,-10.0,5,100.0,5,Expert,0.05,0.0,0,1607,55,0.0,0.0,2,0,0
Full,2,829,eval,strong,player_win,-10.0,5,100.0,5,Expert,0.05,0.0,0,1607,55,0.0,0.0,2,0,0
Full,2,830,eval,strong,player_win,-10.0,5,100.0,5,Expert,0.05,0.0,0,1607,55,0.0,0.0,2,0,0
Full,2,831,eval,strong,player_win,-10.0,5,100.0,5,Expert,0.05,0.0,0,1607,55,0.0,0.0,2,0,0
Full,2,832,eval,strong,player_win,-10.0,5,100.0,5,Expert,0.05,0.0,0,1607,55,0.0,0.0,1,0,1
Full,2,833,eval,strong,player_win,-10.0,5,100.0,5,Expert,0.05,0.0,0,1607,55,0.0,0.0,1,0,1
Full,2,834,eval,strong,player_win,-10.0,5,100.0,5,Expert,0.05,0.0,0,1607,55,0.0,0.0,2,0,0
Full,2,835,eval,strong,player_win,-10.0,5,100.0,5,Expert,0.05,0.0,0,1607,55,0.0,0.0,2,0,0
Full,2,836,eval,strong,player_win,-10.0,5,100.0,5,Expert,0.05,0.0,0,1607,55,0.0,0.0,2,0,0
Full,2,837,eval,strong,player_win,-10.0,5,100.0,5,Expert,0.05,0.0,0,1607,55,0.0,0.0,2,0,0
Full,2,838,eval,strong,player_win,-10.0,5,100.0,5,Expert,0.05,0.0,0,1607,55,0.0,0.0,2,0,0
Full,2,839,eval,strong,player_win,-10.0,5,100.0,5,Expert,0.05,0.0,0,1607,55,0.0,0.0,2,0,0
Full,2,840,eval,strong,player_win,-10.0,5,100.0,5,Expert,0.05,0.0,0,1607,55,0.0,0.0,2,0,0
Full,2,841,eval,strong,player_win,-10.0,5,100.0,5,Expert,0.05,0.0,0,1607,55,0.0,0.0,2,0,0
Full,2,842,eval,strong,player_win,-10.0,5,100.0,5,Expert,0.05,0.0,0,1607,55,0.0,0.0,2,0,0
Full,2,843,eval,strong,player_win,-10.0,5,100.0,5,Expert,0.05,0.0,0,1607,55,0.0,0.0,2,0,0
Full,2,844,eval,strong,player_win,-10.0,5,100.0,5,Expert,0.05,0.0,0,1607,55,0.0,0.0,2,0,0
Full,2,845,eval,strong,player_win,-10.0,5,100.0,5,Expert,0.05,0.0,0,1607,55,0.0,0.0,2,0,0
Full,2,846,eval,strong,player_win,-10.0,5,100.0,5,Expert,0.05,0.0,0,1607,55,0.0,0.0,2,0,0
Full,2,847,eval,strong,player_win,-10.0,5,100.0,5,Expert,0.05,0.0,0,1607,55,0.0,0.0,2,0,0
Full,2,848,eval,strong,player_win,-10.0,5,100.0,5,Expert,0.05,0.0,0,1607,55,0.0,0.0,2,0,0
Full,2,849,eval,strong,player_win,-10.0,5,100.0,5,Expert,0.05,0.0,0,1607,55,0.0,0.0,2,0,0
Full,2,850,eval,strong,player_win,-10.0,5,100.0,5,Expert,0.05,0.0,0,1607,55,0.0,0.0,2,0,0
Full,2,851,eval,strong,player_win,-10.0,5,100.0,5,Expert,0.05,0.0,0,1607,55,0.0,0.0,2,0,0
Full,2,852,eval,strong,player_win,-10.0,5,100.0,5,Expert,0.05,0.0,0,1607,55,0.0,0.0,2,0,0
Full,2,853,eval,strong,player_win,-10.0,5,100.0,5,Expert,0.05,0.0,0,1607,55,0.0,0.0,2,0,0
Full,2,854,eval,strong,player_win,-10.0,5,100.0,5,Expert,0.05,0.0,0,1607,55,0.0,0.0,2,0,0
Full,2,855,eval,strong,player_win,-10.0,5,100.0,5,Expert,0.05,0.0,0,1607,55,0.0,0.0,1,0,1
Full,2,856,eval,strong,player_win,-10.0,5,100.0,5,Expert,0.05,0.0,0,1607,55,0.0,0.0,2,0,0
Full,2,857,eval,strong,player_win,-10.0,5,100.0,5,Expert,0.05,0.0,0,1607,55,0.0,0.0,2,0,0
Full,2,858,eval,strong,player_win,-10.0,5,100.0,5,Expert,0.05,0.0,0,1607,55,0.0,0.0,2,0,0
Full,2,859,eval,strong,player_win,-10.0,5,100.0,5,Expert,0.05,0.0,0,1607,55,0.0,0.0,2,0,0
Full,2,860,eval,strong,player_win,-10.0,5,100.0,5,Expert,0.05,0.0,0,1607,55,0.0,0.0,2,0,0
Full,2,861,eval,strong,player_win,-10.0,5,100.0,5,Expert,0.05,0.0,0,1607,55,0.0,0.0,2,0,0
Full,2,862,eval,strong,player_win,-10.0,5,100.0,5,Expert,0.05,0.0,0,1607,55,0.0,0.0,1,0,1
Full,2,863,eval,strong,player_win,-10.0,5,100.0,5,Expert,0.05,0.0,0,1607,55,0.0,0.0,2,0,0
Full,2,864,eval,strong,player_win,-10.0,5,100.0,5,Expert,0.05,0.0,0,1607,55,0.0,0.0,2,0,0
Full,2,865,eval,strong,player_win,-10.0,5,100.0,5,Expert,0.05,0.0,0,1607,55,0.0,0.0,2,0,0
Full,2,866,eval,strong,player_win,-10.0,5,100.0,5,Expert,0.05,0.0,0,1607,55,0.0,0.0,2,0,0
Full,2,867,eval,strong,player_win,-10.0,5,100.0,5,Expert,0.05,0.0,0,1607,55,0.0,0.0,2,0,0
Full,2,868,eval,strong,player_win,-10.0,5,100.0,5,Expert,0.05,0.0,0,1607,55,0.0,0.0,2,0,0
Full,2,869,eval,strong,player_win,-10.0,5,100.0,5,Expert,0.05,0.0,0,1607,55,0.0,0.0,2,0,0
Full,2,870,eval,strong,player_win,-10.0,5,100.0,5,Expert,0.05,0.0,0,1607,55,0.0,0.0,2,0,0
Full,2,871,eval,strong,player_win,-10.0,5,100.0,5,Expert,0.05,0.0,0,1607,55,0.0,0.0,2,0,0
Full,2,872,eval,strong,player_win,-10.0,5,100.0,5,Expert,0.05,0.0,0,1607,55,0.0,0.0,2,0,0
Full,2,873,eval,strong,player_win,-10.0,5,100.0,5,Expert,0.05,0.0,0,1607,55,0.0,0.0,2,0,0
Full,2,874,eval,strong,player_win,-10.0,5,100.0,5,Expert,0.05,0.0,0,1607,55,0.0,0.0,2,0,0
Full,2,875,eval,strong,player_win,-10.0,5,100.0,5,Expert,0.05,0.0,0,1607,55,0.0,0.0,2,0,0
Full,2,876,eval,strong,player_win,-10.0,5,100.0,5,Expert,0.05,0.0,0,1607,55,0.0,0.0,2,0,0
Full,2,877,eval,strong,player_win,-10.0,5,100.0,5,Expert,0.05,0.0,0,1607,55,0.0,0.0,2,0,0
Full,2,878,eval,strong,player_win,-10.0,5,100.0,5,Expert,0.05,0.0,0,1607,55,0.0,0.0,2,0,0
Full,2,879,eval,strong,player_win,-10.0,5,100.0,5,Expert,0.05,0.0,0,1607,55,0.0,0.0,2,0,0
Full,2,880,eval,strong,player_win,-10.0,5,100.0,5,Expert,0.05,0.0,0,1607,55,0.0,0.0,2,0,0
Full,2,881,eval,strong,player_win,-10.0,5,100.0,5,Expert,0.05,0.0,0,1607,55,0.0,0.0,2,0,0
Full,2,882,eval,strong,player_win,-10.0,5,100.0,5,Expert,0.05,0.0,0,1607,55,0.0,0.0,2,0,0
Full,2,883,eval,strong,player_win,-10.0,5,100.0,5,Expert,0.05,0.0,0,1607,55,0.0,0.0,2,0,0
Full,2,884,eval,strong,player_win,-10.0,5,100.0,5,Expert,0.05,0.0,0,1607,55,0.0,0.0,1,0,1
Full,2,885,eval,strong,player_win,-10.0,5,100.0,5,Expert,0.05,0.0,0,1607,55,0.0,0.0,2,0,0
Full,2,886,eval,strong,player_win,-10.0,5,100.0,5,Expert,0.05,0.0,0,1607,55,0.0,0.0,2,0,0
Full,2,887,eval,strong,player_win,-10.0,5,100.0,5,Expert,0.05,0.0,0,1607,55,0.0,0.0,2,0,0
Full,2,888,eval,strong,player_win,-10.0,5,100.0,5,Expert,0.05,0.0,0,1607,55,0.0,0.0,2,0,0
Full,2,889,eval,strong,player_win,-10.0,5,100.0,5,Expert,0.05,0.0,0,1607,55,0.0,0.0,2,0,0
Full,2,890,eval,strong,player_win,-10.0,5,100.0,5,Expert,0.05,0.0,0,1607,55,0.0,0.0,2,0,0
Full,2,891,eval,strong,player_win,-10.0,5,100.0,5,Expert,0.05,0.0,0,1607,55,0.0,0.0,2,0,0
Full,2,892,eval,strong,player_win,-10.0,5,100.0,5,Expert,0.05,0.0,0,1607,55,0.0,0.0,2,0,0
Full,2,893,eval,strong,player_win,-10.0,5,100.0,5,Expert,0.05,0.0,0,1607,55,0.0,0.0,1,0,1
Full,2,894,eval,strong,player_win,-10.0,5,100.0,5,Expert,0.05,0.0,0,1607,55,0.0,0.0,2,0,0
Full,2,895,eval,strong,player_win,-10.0,5,100.0,5,Expert,0.05,0.0,0,1607,55,0.0,0.0,2,0,0
Full,2,896,eval,strong,player_win,-10.0,5,100.0,5,Expert,0.05,0.0,0,1607,55,0.0,0.0,2,0,0
Full,2,897,eval,strong,player_win,-10.0,5,100.0,5,Expert,0.05,0.0,0,1607,55,0.0,0.0,1,0,1
Full,2,898,eval,strong,player_win,-10.0,5,100.0,5,Expert,0.05,0.0,0,1607,55,0.0,0.0,2,0,0
Full,2,899,eval,strong,player_win,-10.0,5,100.0,5,Expert,0.05,0.0,0,1607,55,0.0,0.0,2,0,0
Full,2,900,eval,strong,player_win,-10.0,5,100.0,5,Expert,0.05,0.0,0,1607,55,0.0,0.0,2,0,0
Full,2,901,eval,strong,player_win,-10.0,5,100.0,5,Expert,0.05,0.0,0,1607,55,0.0,0.0,2,0,0
Full,2,902,eval,strong,player_win,-10.0,5,100.0,5,Expert,0.05,0.0,0,1607,55,0.0,0.0,2,0,0
Full,2,903,eval,strong,player_win,-10.0,5,100.0,5,Expert,0.05,0.0,0,1607,55,0.0,0.0,1,0,1
Full,2,904,eval,strong,player_win,-10.0,5,100.0,5,Expert,0.05,0.0,0,1607,55,0.0,0.0,2,0,0
Full,2,905,eval,strong,player_win,-10.0,5,100.0,5,Expert,0.05,0.0,0,1607,55,0.0,0.0,2,0,0
Full,2,906,eval,strong,player_win,-10.0,5,100.0,5,Expert,0.05,0.0,0,1607,55,0.0,0.0,2,0,0
Full,2,907,eval,strong,player_win,-10.0,5,100.0,5,Expert,0.05,0.0,0,1607,55,0.0,0.0,2,0,0
Full,2,908,eval,strong,player_win,-10.0,5,100.0,5,Expert,0.05,0.0,0,1607,55,0.0,0.0,2,0,0
Full,2,909,eval,strong,player_win,-10.0,5,100.0,5,Expert,0.05,0.0,0,1607,55,0.0,0.0,2,0,0
Full,2,910,eval,strong,player_win,-10.0,5,100.0,5,Expert,0.05,0.0,0,1607,55,0.0,0.0,2,0,0
Full,2,911,eval,strong,player_win,-10.0,5,100.0,5,Expert,0.05,0.0,0,1607,55,0.0,0.0,2,0,0
Full,2,912,eval,strong,player_win,-10.0,5,100.0,5,Expert,0.05,0.0,0,1607,55,0.0,0.0,2,0,0
Full,2,913,eval,strong,player_win,-10.0,5,100.0,5,Expert,0.05,0.0,0,1607,55,0.0,0.0,1,0,1
Full,2,914,eval,strong,player_win,-10.0,5,100.0,5,Expert,0.05,0.0,0,1607,55,0.0,0.0,2,0,0
Full,2,915,eval,strong,player_win,-10.0,5,100.0,5,Expert,0.05,0.0,0,1607,55,0.0,0.0,2,0,0
Full,2,916,eval,strong,player_win,-10.0,5,100.0,5,Expert,0.05,0.0,0,1607,55,0.0,0.0,1,0,1
Full,2,917,eval,strong,player_win,-10.0,5,100.0,5,Expert,0.05,0.0,0,1607,55,0.0,0.0,2,0,0
Full,2,918,eval,strong,player_win,-10.0,5,100.0,5,Expert,0.05,0.0,0,1607,55,0.0,0.0,2,0,0
Full,2,919,eval,strong,player_win,-10.0,5,100.0,5,Expert,0.05,0.0,0,1607,55,0.0,0.0,2,0,0
Full,2,920,eval,strong,player_win,-10.0,5,100.0,5,Expert,0.05,0.0,0,1607,55,0.0,0.0,2,0,0
Full,2,921,eval,strong,player_win,-10.0,5,100.0,5,Expert,0.05,0.0,0,1607,55,0.0,0.0,2,0,0
Full,2,922,eval,strong,player_win,-10.0,5,100.0,5,Expert,0.05,0.0,0,1607,55,0.0,0.0,2,0,0
Full,2,923,eval,strong,player_win,-10.0,5,100.0,5,Expert,0.05,0.0,0,1607,55,0.0,0.0,2,0,0
Full,2,924,eval,strong,player_win,-10.0,5,100.0,5,Expert,0.05,0.0,0,1607,55,0.0,0.0,2,0,0
Full,2,925,eval,strong,player_win,-10.0,5,100.0,5,Expert,0.05,0.0,0,1607,55,0.0,0.0,2,0,0
Full,2,926,eval,strong,player_win,-10.0,5,100.0,5,Expert,0.05,0.0,0,1607,55,0.0,0.0,2,0,0
Full,2,927,eval,strong,player_win,-10.0,5,100.0,5,Expert,0.05,0.0,0,1607,55,0.0,0.0,2,0,0
Full,2,928,eval,strong,player_win,-10.0,5,100.0,5,Expert,0.05,0.0,0,1607,55,0.0,0.0,2,0,0
Full,2,929,eval,strong,player_win,-10.0,5,100.0,5,Expert,0.05,0.0,0,1607,55,0.0,0.0,2,0,0
Full,2,930,eval,strong,player_win,-10.0,5,100.0,5,Expert,0.05,0.0,0,1607,55,0.0,0.0,2,0,0
Full,2,931,eval,strong,player_win,-10.0,5,100.0,5,Expert,0.05,0.0,0,1607,55,0.0,0.0,2,0,0
Full,2,932,eval,strong,player_win,-10.0,5,100.0,5,Expert,0.05,0.0,0,1607,55,0.0,0.0,2,0,0
Full,2,933,eval,strong,player_win,-10.0,5,100.0,5,Expert,0.05,0.0,0,1607,55,0.0,0.0,2,0,0
Full,2,934,eval,strong,player_win,-10.0,5,100.0,5,Expert,0.05,0.0,0,1607,55,0.0,0.0,2,0,0
Full,2,935,eval,strong,player_win,-10.0,5,100.0,5,Expert,0.05,0.0,0,1607,55,0.0,0.0,2,0,0
Full,2,936,eval,strong,player_win,-10.0,5,100.0,5,Expert,0.05,0.0,0,1607,55,0.0,0.0,2,0,0
Full,2,937,eval,strong,player_win,-10.0,5,100.0,5,Expert,0.05,0.0,0,1607,55,0.0,0.0,2,0,0
Full,2,938,eval,strong,player_win,-10.0,5,100.0,5,Expert,0.05,0.0,0,1607,55,0.0,0.0,2,0,0
Full,2,939,eval,strong,player_win,-10.0,5,100.0,5,Expert,0.05,0.0,0,1607,55,0.0,0.0,2,0,0
Full,2,940,eval,strong,player_win,-10.0,5,100.0,5,Expert,0.05,0.0,0,1607,55,0.0,0.0,2,0,0
Full,2,941,eval,strong,player_win,-10.0,5,100.0,5,Expert,0.05,0.0,0,1607,55,0.0,0.0,2,0,0
Full,2,942,eval,strong,player_win,-10.0,5,100.0,5,Expert,0.05,0.0,0,1607,55,0.0,0.0,2,0,0
Full,2,943,eval,strong,player_win,-10.0,5,100.0,5,Expert,0.05,0.0,0,1607,55,0.0,0.0,2,0,0
Full,2,944,eval,strong,player_win,-10.0,5,100.0,5,Expert,0.05,0.0,0,1607,55,0.0,0.0,2,0,0
Full,2,945,eval,strong,player_win,-10.0,5,100.0,5,Expert,0.05,0.0,0,1607,55,0.0,0.0,2,0,0
Full,2,946,eval,strong,player_win,-10.0,5,100.0,5,Expert,0.05,0.0,0,1607,55,0.0,0.0,2,0,0
Full,2,947,eval,strong,player_win,-10.0,5,100.0,5,Expert,0.05,0.0,0,1607,55,0.0,0.0,2,0,0
Full,2,948,eval,strong,player_win,-10.0,5,100.0,5,Expert,0.05,0.0,0,1607,55,0.0,0.0,2,0,0
Full,2,949,eval,strong,player_win,-10.0,5,100.0,5,Expert,0.05,0.0,0,1607,55,0.0,0.0,2,0,0
Full,2,950,eval,strong,player_win,-10.0,5,100.0,5,Expert,0.05,0.0,0,1607,55,0.0,0.0,1,0,1
Full,2,951,eval,strong,player_win,-10.0,5,100.0,5,Expert,0.05,0.0,0,1607,55,0.0,0.0,2,0,0
Full,2,952,eval,strong,player_win,-10.0,5,100.0,5,Expert,0.05,0.0,0,1607,55,0.0,0.0,2,0,0
Full,2,953,eval,strong,player_win,-10.0,5,100.0,5,Expert,0.05,0.0,0,1607,55,0.0,0.0,2,0,0
Full,2,954,eval,strong,player_win,-10.0,5,100.0,5,Expert,0.05,0.0,0,1607,55,0.0,0.0,2,0,0
Full,2,955,eval,strong,player_win,-10.0,5,100.0,5,Expert,0.05,0.0,0,1607,55,0.0,0.0,2,0,0
Full,2,956,eval,strong,player_win,-10.0,5,100.0,5,Expert,0.05,0.0,0,1607,55,0.0,0.0,2,0,0
Full,2,957,eval,strong,player_win,-10.0,5,100.0,5,Expert,0.05,0.0,0,1607,55,0.0,0.0,2,0,0
Full,2,958,eval,strong,player_win,-10.0,5,100.0,5,Expert,0.05,0.0,0,1607,55,0.0,0.0,2,0,0
Full,2,959,eval,strong,player_win,-10.0,5,100.0,5,Expert,0.05,0.0,0,1607,55,0.0,0.0,2,0,0
Full,2,960,eval,strong,player_win,-10.0,5,100.0,5,Expert,0.05,0.0,0,1607,55,0.0,0.0,2,0,0
Full,2,961,eval,strong,player_win,-10.0,5,100.0,5,Expert,0.05,0.0,0,1607,55,0.0,0.0,2,0,0
Full,2,962,eval,strong,player_win,-10.0,5,100.0,5,Expert,0.05,0.0,0,1607,55,0.0,0.0,2,0,0
Full,2,963,eval,strong,player_win,-10.0,5,100.0,5,Expert,0.05,0.0,0,1607,55,0.0,0.0,2,0,0
Full,2,964,eval,strong,player_win,-10.0,5,100.0,5,Expert,0.05,0.0,0,1607,55,0.0,0.0,2,0,0
Full,2,965,eval,strong,player_win,-10.0,5,100.0,5,Expert,0.05,0.0,0,1607,55,0.0,0.0,2,0,0
Full,2,966,eval,strong,player_win,-10.0,5,100.0,5,Expert,0.05,0.0,0,1607,55,0.0,0.0,2,0,0
Full,2,967,eval,strong,player_win,-10.0,5,100.0,5,Expert,0.05,0.0,0,1607,55,0.0,0.0,2,0,0
Full,2,968,eval,strong,player_win,-10.0,5,100.0,5,Expert,0.05,0.0,0,1607,55,0.0,0.0,2,0,0
Full,2,969,eval,strong,player_win,-10.0,5,100.0,5,Expert,0.05,0.0,0,1607,55,0.0,0.0,1,0,1
Full,2,970,eval,strong,player_win,-10.0,5,100.0,5,Expert,0.05,0.0,0,1607,55,0.0,0.0,2,0,0
Full,2,971,eval,strong,player_win,-10.0,5,100.0,5,Expert,0.05,0.0,0,1607,55,0.0,0.0,2,0,0
Full,2,972,eval,strong,player_win,-10.0,5,100.0,5,Expert,0.05,0.0,0,1607,55,0.0,0.0,2,0,0
Full,2,973,eval,strong,player_win,-10.0,5,100.0,5,Expert,0.05,0.0,0,1607,55,0.0,0.0,2,0,0
Full,2,974,eval,strong,player_win,-10.0,5,100.0,5,Expert,0.05,0.0,0,1607,55,0.0,0.0,1,0,1
Full,2,975,eval,strong,player_win,-10.0,5,100.0,5,Expert,0.05,0.0,0,1607,55,0.0,0.0,2,0,0
Full,2,976,eval,strong,player_win,-10.0,5,100.0,5,Expert,0.05,0.0,0,1607,55,0.0,0.0,2,0,0
Full,2,977,eval,strong,player_win,-10.0,5,100.0,5,Expert,0.05,0.0,0,1607,55,0.0,0.0,2,0,0
Full,2,978,eval,strong,player_win,-10.0,5,100.0,5,Expert,0.05,0.0,0,1607,55,0.0,0.0,2,0,0
Full,2,979,eval,strong,player_win,-10.0,5,100.0,5,Expert,0.05,0.0,0,1607,55,0.0,0.0,2,0,0
Full,2,980,eval,strong,player_win,-10.0,5,100.0,5,Expert,0.05,0.0,0,1607,55,0.0,0.0,2,0,0
Full,2,981,eval,strong,player_win,-10.0,5,100.0,5,Expert,0.05,0.0,0,1607,55,0.0,0.0,2,0,0
Full,2,982,eval,strong,player_win,-10.0,5,100.0,5,Expert,0.05,0.0,0,1607,55,0.0,0.0,2,0,0
Full,2,983,eval,strong,player_win,-10.0,5,100.0,5,Expert,0.05,0.0,0,1607,55,0.0,0.0,2,0,0
Full,2,984,eval,strong,player_win,-10.0,5,100.0,5,Expert,0.05,0.0,0,1607,55,0.0,0.0,2,0,0
Full,2,985,eval,strong,player_win,-10.0,5,100.0,5,Expert,0.05,0.0,0,1607,55,0.0,0.0,2,0,0
Full,2,986,eval,strong,player_win,-10.0,5,100.0,5,Expert,0.05,0.0,0,1607,55,0.0,0.0,2,0,0
Full,2,987,eval,strong,player_win,-10.0,5,100.0,5,Expert,0.05,0.0,0,1607,55,0.0,0.0,2,0,0
Full,2,988,eval,strong,player_win,-10.0,5,100.0,5,Expert,0.05,0.0,0,1607,55,0.0,0.0,2,0,0
Full,2,989,eval,strong,player_win,-10.0,5,100.0,5,Expert,0.05,0.0,0,1607,55,0.0,0.0,2,0,0
Full,2,990,eval,strong,player_win,-10.0,5,100.0,5,Expert,0.05,0.0,0,1607,55,0.0,0.0,2,0,0
Full,2,991,eval,strong,player_win,-10.0,5,100.0,5,Expert,0.05,0.0,0,1607,55,0.0,0.0,2,0,0
Full,2,992,eval,strong,player_win,-10.0,5,100.0,5,Expert,0.05,0.0,0,1607,55,0.0,0.0,2,0,0
Full,2,993,eval,strong,player_win,-10.0,7,100.0,5,Expert,0.05,0.0,0,1607,55,0.0,0.0,2,0,1
Full,2,994,eval,strong,player_win,-10.0,5,100.0,5,Expert,0.05,0.0,0,1607,55,0.0,0.0,2,0,0
Full,2,995,eval,strong,player_win,-10.0,5,100.0,5,Expert,0.05,0.0,0,1607,55,0.0,0.0,2,0,0
Full,2,996,eval,strong,player_win,-10.0,5,100.0,5,Expert,0.05,0.0,0,1607,55,0.0,0.0,2,0,0
Full,2,997,eval,strong,player_win,-10.0,5,100.0,5,Expert,0.05,0.0,0,1607,55,0.0,0.0,2,0,0
Full,2,998,eval,strong,player_win,-10.0,5,100.0,5,Expert,0.05,0.0,0,1607,55,0.0,0.0,2,0,0
Full,2,999,eval,strong,player_win,-10.0,5,100.0,5,Expert,0.05,0.0,0,1607,55,0.0,0.0,2,0,0
Full,2,1000,eval,strong,player_win,-10.0,5,100.0,5,Expert,0.05,0.0,0,1607,55,0.0,0.0,2,0,0
Full,3,1,train,strong,player_win,-10.0,5,60.0,1,Very Easy,0.95,1.0,1,2,2,0.0,0.0,1,1,0
Full,3,2,train,strong,player_win,-10.0,5,70.0,1,Very Easy,0.9025,1.0,1,4,4,0.0,0.0,1,1,0
Full,3,3,train,strong,player_win,-10.0,5,80.0,5,Expert,0.8573749999999999,0.21434374999999997,1,6,5,0.0,0.0,1,1,0
Full,3,4,train,strong,player_win,-10.0,5,90.0,5,Expert,0.8145062499999999,0.20362656249999997,1,8,6,0.0,0.0,2,0,0
Full,3,5,train,strong,player_win,-10.0,5,100.0,5,Expert,0.7737809374999999,0.19344523437499997,1,10,6,0.0,0.0,2,0,0
Full,3,6,train,strong,player_win,-10.0,5,100.0,5,Expert,0.7350918906249998,0.18377297265624995,1,12,7,0.0,0.0,2,0,0
Full,3,7,train,strong,player_win,-10.0,5,100.0,5,Expert,0.6983372960937497,0.17458432402343743,1,14,8,0.0,0.0,2,0,0
Full,3,8,train,strong,player_win,-10.0,5,100.0,5,Expert,0.6634204312890623,0.16585510782226556,1,16,8,0.0,0.0,2,0,0
Full,3,9,train,strong,player_win,-10.0,5,100.0,5,Expert,0.6302494097246091,0.15756235243115227,1,18,9,0.0,0.0,2,0,0
Full,3,10,train,strong,player_win,-10.0,5,100.0,5,Expert,0.5987369392383786,0.14968423480959464,1,20,11,0.0,0.0,2,0,0
Full,3,11,train,strong,player_win,-10.0,5,100.0,5,Expert,0.5688000922764596,0.1422000230691149,1,22,12,0.0,0.0,2,0,0
Full,3,12,train,strong,player_win,-10.0,5,100.0,5,Expert,0.5403600876626365,0.13509002191565914,1,24,12,0.0,0.0,2,0,0
Full,3,13,train,strong,player_win,-10.0,5,100.0,5,Expert,0.5133420832795047,0.12833552081987618,1,26,12,0.0,0.0,1,1,0
Full,3,14,train,strong,player_win,-10.0,5,100.0,5,Expert,0.48767497911552943,0.12191874477888236,1,28,13,0.0,0.0,2,0,0
Full,3,15,train,strong,player_win,-10.0,5,100.0,5,Expert,0.46329123015975293,0.11582280753993823,1,30,13,0.0,0.0,2,0,0
Full,3,16,train,strong,player_win,-10.0,5,100.0,5,Expert,0.44012666865176525,0.11003166716294131,1,32,13,0.0,0.0,2,0,0
Full,3,17,train,strong,player_win,-10.0,5,100.0,5,Expert,0.41812033521917696,0.10453008380479424,1,34,13,0.0,0.0,2,0,0
Full,3,18,train,strong,player_win,-10.0,5,100.0,5,Expert,0.3972143184582181,0.09930357961455452,1,36,13,0.0,0.0,2,0,0
Full,3,19,train,strong,player_win,-10.0,5,100.0,5,Expert,0.37735360253530714,0.09433840063382679,1,38,13,0.0,0.0,2,0,0
Full,3,20,train,strong,player_win,-10.0,5,100.0,5,Expert,0.35848592240854177,0.08962148060213544,1,40,13,0.0,0.0,2,0,0
Full,3,21,train,strong,player_win,-10.0,5,100.0,5,Expert,0.34056162628811465,0.08514040657202866,1,42,14,0.0,0.0,2,0,0
Full,3,22,train,strong,player_win,-10.0,5,100.0,5,Expert,0.3235335449737089,0.08088338624342722,1,44,15,0.0,0.0,2,0,0
Full,3,23,train,strong,player_win,-10.0,5,100.0,5,Expert,0.30735686772502346,0.07683921693125587,1,46,15,0.0,0.0,2,0,0
Full,3,24,train,strong,player_win,-10.0,5,100.0,5,Expert,0.2919890243387723,0.07299725608469307,1,48,15,0.0,0.0,2,0,0
Full,3,25,train,strong,player_win,-10.0,5,100.0,5,Expert,0.27738957312183365,0.06934739328045841,1,50,16,0.0,0.0,2,0,0
Full,3,26,train,strong,player_win,-10.0,5,100.0,5,Expert,0.263520094465742,0.0658800236164355,1,52,16,0.0,0.0,2,0,0
Full,3,27,train,strong,player_win,-10.0,5,100.0,5,Expert,0.25034408974245487,0.06258602243561372,1,54,16,0.0,0.0,2,0,0
Full,3,28,train,strong,player_win,-10.0,5,100.0,5,Expert,0.2378268852553321,0.059456721313833026,1,56,16,0.0,0.0,2,0,0
Full,3,29,train,strong,player_win,-10.0,5,100.0,5,Expert,0.2259355409925655,0.05648388524814137,1,58,16,0.0,0.0,2,0,0
Full,3,30,train,strong,player_win,-10.0,5,100.0,5,Expert,0.2146387639429372,0.0536596909857343,1,60,16,0.0,0.0,2,0,0
Full,3,31,train,strong,player_win,-10.0,5,100.0,5,Expert,0.20390682574579033,0.05097670643644758,1,62,17,0.0,0.0,1,0,1
Full,3,32,train,strong,player_win,-10.0,5,100.0,5,Expert,0.1937114844585008,0.05,1,64,18,0.0,0.0,2,0,0
Full,3,33,train,strong,player_win,-10.0,5,100.0,5,Expert,0.18402591023557577,0.05,1,66,19,0.0,0.0,1,0,1
Full,3,34,train,strong,player_win,-10.0,5,100.0,5,Expert,0.17482461472379698,0.05,1,68,19,0.0,0.0,2,0,0
Full,3,35,train,strong,player_win,-10.0,5,100.0,5,Expert,0.16608338398760714,0.05,1,70,19,0.0,0.0,2,0,0
Full,3,36,train,strong,player_win,-10.0,5,100.0,5,Expert,0.15777921478822676,0.05,1,72,20,0.0,0.0,2,0,0
Full,3,37,train,strong,player_win,-10.0,5,100.0,5,Expert,0.14989025404881542,0.05,1,74,20,0.0,0.0,2,0,0
Full,3,38,train,strong,player_win,-10.0,5,100.0,5,Expert,0.14239574134637464,0.05,1,76,20,0.0,0.0,2,0,0
Full,3,39,train,strong,player_win,-10.0,5,100.0,5,Expert,0.1352759542790559,0.05,1,78,20,0.0,0.0,2,0,0
Full,3,40,train,strong,player_win,-10.0,5,100.0,5,Expert,0.1285121565651031,0.05,1,80,20,0.0,0.0,1,0,1
Full,3,41,train,strong,player_win,-10.0,5,100.0,5,Expert,0.12208654873684793,0.05,1,82,20,0.0,0.0,2,0,0
Full,3,42,train,strong,player_win,-10.0,5,100.0,5,Expert,0.11598222130000553,0.05,1,84,20,0.0,0.0,1,0,1
Full,3,43,train,strong,player_win,-10.0,5,100.0,5,Expert,0.11018311023500525,0.05,1,86,20,0.0,0.0,2,0,0
Full,3,44,train,strong,player_win,-10.0,5,100.0,5,Expert,0.10467395472325498,0.05,1,88,20,0.0,0.0,2,0,0
Full,3,45,train,strong,player_win,-10.0,5,100.0,5,Expert,0.09944025698709223,0.05,1,90,20,0.0,0.0,2,0,0
Full,3,46,train,strong,player_win,-10.0,5,100.0,5,Expert,0.09446824413773762,0.05,1,92,20,0.0,0.0,2,0,0
Full,3,47,train,strong,player_win,-10.0,5,100.0,5,Expert,0.08974483193085074,0.05,1,94,21,0.0,0.0,1,0,1
Full,3,48,train,strong,player_win,-10.0,5,100.0,5,Expert,0.0852575903343082,0.05,1,96,21,0.0,0.0,2,0,0
Full,3,49,train,strong,player_win,-10.0,5,100.0,5,Expert,0.08099471081759278,0.05,1,98,21,0.0,0.0,2,0,0
Full,3,50,train,strong,player_win,-10.0,5,100.0,5,Expert,0.07694497527671314,0.05,1,100,21,0.0,0.0,2,0,0
Full,3,51,train,strong,player_win,-10.0,5,100.0,5,Expert,0.07309772651287748,0.05,1,102,21,0.0,0.0,2,0,0
Full,3,52,train,strong,player_win,-10.0,5,100.0,5,Expert,0.0694428401872336,0.05,1,104,22,0.0,0.0,1,0,1
Full,3,53,train,strong,player_win,-10.0,5,100.0,5,Expert,0.0659706981778719,0.05,1,106,22,0.0,0.0,2,0,0
Full,3,54,train,strong,player_win,-10.0,5,100.0,5,Expert,0.0626721632689783,0.05,1,108,22,0.0,0.0,2,0,0
Full,3,55,train,strong,player_win,-10.0,5,100.0,5,Expert,0.059538555105529384,0.05,1,110,22,0.0,0.0,2,0,0
Full,3,56,train,strong,player_win,-10.0,5,100.0,5,Expert,0.05656162735025291,0.05,1,112,22,0.0,0.0,2,0,0
Full,3,57,train,strong,player_win,-10.0,5,100.0,5,Expert,0.053733545982740265,0.05,1,114,22,0.0,0.0,2,0,0
Full,3,58,train,strong,player_win,-10.0,5,100.0,5,Expert,0.05104686868360325,0.05,1,116,22,0.0,0.0,2,0,0
Full,3,59,train,strong,player_win,-10.0,5,100.0,5,Expert,0.05,0.05,1,118,22,0.0,0.0,2,0,0
Full,3,60,train,strong,player_win,-10.0,5,100.0,5,Expert,0.05,0.05,1,120,22,0.0,0.0,2,0,0
Full,3,61,train,strong,player_win,-10.0,5,100.0,5,Expert,0.05,0.05,1,122,22,0.0,0.0,2,0,0
Full,3,62,train,strong,player_win,-10.0,5,100.0,5,Expert,0.05,0.05,1,124,22,0.0,0.0,2,0,0
Full,3,63,train,strong,player_win,-10.0,5,100.0,5,Expert,0.05,0.05,1,126,22,0.0,0.0,2,0,0
Full,3,64,train,strong,player_win,-10.0,5,100.0,5,Expert,0.05,0.05,1,128,22,0.0,0.0,2,0,0
Full,3,65,train,strong,player_win,-10.0,5,100.0,5,Expert,0.05,0.05,1,130,22,0.0,0.0,2,0,0
Full,3,66,train,strong,player_win,-10.0,5,100.0,5,Expert,0.05,0.05,1,132,22,0.0,0.0,2,0,0
Full,3,67,train,strong,player_win,-10.0,5,100.0,5,Expert,0.05,0.05,1,134,22,0.0,0.0,2,0,0
Full,3,68,train,strong,player_win,-10.0,5,100.0,5,Expert,0.05,0.05,1,136,22,0.0,0.0,2,0,0
Full,3,69,train,strong,player_win,-10.0,5,100.0,5,Expert,0.05,0.05,1,138,22,0.0,0.0,2,0,0
Full,3,70,train,strong,player_win,-10.0,5,100.0,5,Expert,0.05,0.05,1,140,22,0.0,0.0,2,0,0
Full,3,71,train,strong,player_win,-10.0,5,100.0,5,Expert,0.05,0.05,1,142,22,0.0,0.0,2,0,0
Full,3,72,train,strong,player_win,-10.0,5,100.0,5,Expert,0.05,0.05,1,144,22,0.0,0.0,2,0,0
Full,3,73,train,strong,player_win,-10.0,5,100.0,5,Expert,0.05,0.05,1,146,22,0.0,0.0,2,0,0
Full,3,74,train,strong,player_win,-10.0,5,100.0,5,Expert,0.05,0.05,1,148,22,0.0,0.0,2,0,0
Full,3,75,train,strong,player_win,-10.0,5,100.0,5,Expert,0.05,0.05,1,150,22,0.0,0.0,2,0,0
Full,3,76,train,strong,player_win,-10.0,5,100.0,5,Expert,0.05,0.05,1,152,22,0.0,0.0,2,0,0
Full,3,77,train,strong,player_win,-10.0,5,100.0,5,Expert,0.05,0.05,1,154,22,0.0,0.0,2,0,0
Full,3,78,train,strong,player_win,-10.0,5,100.0,5,Expert,0.05,0.05,1,156,22,0.0,0.0,2,0,0
Full,3,79,train,strong,player_win,-10.0,5,100.0,5,Expert,0.05,0.05,1,158,22,0.0,0.0,2,0,0
Full,3,80,train,strong,player_win,-10.0,5,100.0,5,Expert,0.05,0.05,1,160,22,0.0,0.0,2,0,0
Full,3,81,train,strong,player_win,-10.0,5,100.0,5,Expert,0.05,0.05,1,162,22,0.0,0.0,2,0,0
Full,3,82,train,strong,player_win,-10.0,5,100.0,5,Expert,0.05,0.05,1,164,22,0.0,0.0,2,0,0
Full,3,83,train,strong,player_win,-10.0,5,100.0,5,Expert,0.05,0.05,1,166,22,0.0,0.0,2,0,0
Full,3,84,train,strong,player_win,-10.0,5,100.0,5,Expert,0.05,0.05,1,168,22,0.0,0.0,2,0,0
Full,3,85,train,strong,player_win,-10.0,5,100.0,5,Expert,0.05,0.05,1,170,22,0.0,0.0,2,0,0
Full,3,86,train,strong,player_win,-10.0,5,100.0,5,Expert,0.05,0.05,1,172,22,0.0,0.0,2,0,0
Full,3,87,train,strong,player_win,-10.0,5,100.0,5,Expert,0.05,0.05,1,174,22,0.0,0.0,2,0,0
Full,3,88,train,strong,player_win,-10.0,5,100.0,5,Expert,0.05,0.05,1,176,22,0.0,0.0,2,0,0
Full,3,89,train,strong,player_win,-10.0,5,100.0,5,Expert,0.05,0.05,1,178,22,0.0,0.0,2,0,0
Full,3,90,train,strong,player_win,-10.0,5,100.0,5,Expert,0.05,0.05,1,180,22,0.0,0.0,2,0,0
Full,3,91,train,strong,player_win,-10.0,5,100.0,5,Expert,0.05,0.05,1,182,22,0.0,0.0,2,0,0
Full,3,92,train,strong,player_win,-10.0,7,100.0,5,Expert,0.05,0.05,1,185,24,0.0,0.0,2,0,1
Full,3,93,train,strong,player_win,-10.0,5,100.0,5,Expert,0.05,0.05,1,187,24,0.0,0.0,2,0,0
Full,3,94,train,strong,player_win,-10.0,5,100.0,5,Expert,0.05,0.05,1,189,24,0.0,0.0,2,0,0
Full,3,95,train,strong,player_win,-10.0,5,100.0,5,Expert,0.05,0.05,1,191,24,0.0,0.0,2,0,0
Full,3,96,train,strong,player_win,-10.0,5,100.0,5,Expert,0.05,0.05,1,193,24,0.0,0.0,2,0,0
Full,3,97,train,strong,player_win,-10.0,5,100.0,5,Expert,0.05,0.05,1,195,24,0.0,0.0,2,0,0
Full,3,98,train,strong,player_win,-10.0,5,100.0,5,Expert,0.05,0.05,1,197,24,0.0,0.0,2,0,0
Full,3,99,train,strong,player_win,-10.0,5,100.0,5,Expert,0.05,0.05,1,199,24,0.0,0.0,2,0,0
Full,3,100,train,strong,player_win,-10.0,5,100.0,5,Expert,0.05,0.05,1,201,24,0.0,0.0,2,0,0
Full,3,101,train,strong,player_win,-10.0,5,100.0,5,Expert,0.05,0.05,1,203,24,0.0,0.0,2,0,0
Full,3,102,train,strong,player_win,-10.0,5,100.0,5,Expert,0.05,0.05,1,205,24,0.0,0.0,2,0,0
Full,3,103,train,strong,player_win,-10.0,5,100.0,5,Expert,0.05,0.05,1,207,25,0.0,0.0,1,0,1
Full,3,104,train,strong,player_win,-10.0,5,100.0,5,Expert,0.05,0.05,1,209,25,0.0,0.0,2,0,0
Full,3,105,train,strong,player_win,-10.0,5,100.0,5,Expert,0.05,0.05,1,211,25,0.0,0.0,2,0,0
Full,3,106,train,strong,player_win,-10.0,5,100.0,5,Expert,0.05,0.05,1,213,25,0.0,0.0,2,0,0
Full,3,107,train,strong,player_win,-10.0,5,100.0,5,Expert,0.05,0.05,1,215,25,0.0,0.0,2,0,0
Full,3,108,train,strong,player_win,-10.0,5,100.0,5,Expert,0.05,0.05,1,217,25,0.0,0.0,2,0,0
Full,3,109,train,strong,player_win,-10.0,5,100.0,5,Expert,0.05,0.05,1,219,26,0.0,0.0,1,0,1
Full,3,110,train,strong,player_win,-10.0,5,100.0,5,Expert,0.05,0.05,1,221,26,0.0,0.0,2,0,0
Full,3,111,train,strong,player_win,-10.0,5,100.0,5,Expert,0.05,0.05,1,223,26,0.0,0.0,2,0,0
Full,3,112,train,strong,player_win,-10.0,5,100.0,5,Expert,0.05,0.05,1,225,26,0.0,0.0,2,0,0
Full,3,113,train,strong,player_win,-10.0,5,100.0,5,Expert,0.05,0.05,1,227,26,0.0,0.0,2,0,0
Full,3,114,train,strong,player_win,-10.0,5,100.0,5,Expert,0.05,0.05,1,229,26,0.0,0.0,2,0,0
Full,3,115,train,strong,player_win,-10.0,5,100.0,5,Expert,0.05,0.05,1,231,26,0.0,0.0,2,0,0
Full,3,116,train,strong,player_win,-10.0,5,100.0,5,Expert,0.05,0.05,1,233,26,0.0,0.0,2,0,0
Full,3,117,train,strong,player_win,-10.0,5,100.0,5,Expert,0.05,0.05,1,235,26,0.0,0.0,2,0,0
Full,3,118,train,strong,player_win,-10.0,5,100.0,5,Expert,0.05,0.05,1,237,26,0.0,0.0,2,0,0
Full,3,119,train,strong,player_win,-10.0,5,100.0,5,Expert,0.05,0.05,1,239,26,0.0,0.0,2,0,0
Full,3,120,train,strong,player_win,-10.0,5,100.0,5,Expert,0.05,0.05,1,241,26,0.0,0.0,1,0,1
Full,3,121,train,strong,player_win,-10.0,5,100.0,5,Expert,0.05,0.05,1,243,26,0.0,0.0,2,0,0
Full,3,122,train,strong,player_win,-10.0,5,100.0,5,Expert,0.05,0.05,1,245,26,0.0,0.0,2,0,0
Full,3,123,train,strong,player_win,-10.0,5,100.0,5,Expert,0.05,0.05,1,247,26,0.0,0.0,2,0,0
Full,3,124,train,strong,player_win,-10.0,5,100.0,5,Expert,0.05,0.05,1,249,26,0.0,0.0,1,0,1
Full,3,125,train,strong,player_win,-10.0,5,100.0,5,Expert,0.05,0.05,1,251,26,0.0,0.0,2,0,0
Full,3,126,train,strong,player_win,-10.0,5,100.0,5,Expert,0.05,0.05,1,253,26,0.0,0.0,2,0,0
Full,3,127,train,strong,player_win,-10.0,5,100.0,5,Expert,0.05,0.05,1,255,26,0.0,0.0,2,0,0
Full,3,128,train,strong,player_win,-10.0,5,100.0,5,Expert,0.05,0.05,1,257,26,0.0,0.0,2,0,0
Full,3,129,train,strong,player_win,-10.0,5,100.0,5,Expert,0.05,0.05,1,259,26,0.0,0.0,2,0,0
Full,3,130,train,strong,player_win,-10.0,5,100.0,5,Expert,0.05,0.05,1,261,26,0.0,0.0,2,0,0
Full,3,131,train,strong,player_win,-10.0,5,100.0,5,Expert,0.05,0.05,1,263,26,0.0,0.0,2,0,0
Full,3,132,train,strong,player_win,-10.0,5,100.0,5,Expert,0.05,0.05,1,265,26,0.0,0.0,2,0,0
Full,3,133,train,strong,player_win,-10.0,5,100.0,5,Expert,0.05,0.05,1,267,26,0.0,0.0,2,0,0
Full,3,134,train,strong,player_win,-10.0,5,100.0,5,Expert,0.05,0.05,1,269,26,0.0,0.0,2,0,0
Full,3,135,train,strong,player_win,-10.0,5,100.0,5,Expert,0.05,0.05,1,271,26,0.0,0.0,2,0,0
Full,3,136,train,strong,player_win,-10.0,5,100.0,5,Expert,0.05,0.05,1,273,26,0.0,0.0,2,0,0
Full,3,137,train,strong,player_win,-10.0,5,100.0,5,Expert,0.05,0.05,1,275,26,0.0,0.0,2,0,0
Full,3,138,train,strong,player_win,-10.0,5,100.0,5,Expert,0.05,0.05,1,277,26,0.0,0.0,2,0,0
Full,3,139,train,strong,player_win,-10.0,5,100.0,5,Expert,0.05,0.05,1,279,26,0.0,0.0,1,0,1
Full,3,140,train,strong,player_win,-10.0,5,100.0,5,Expert,0.05,0.05,1,281,26,0.0,0.0,2,0,0
Full,3,141,train,strong,player_win,-10.0,5,100.0,5,Expert,0.05,0.05,1,283,26,0.0,0.0,2,0,0
Full,3,142,train,strong,player_win,-10.0,5,100.0,5,Expert,0.05,0.05,1,285,26,0.0,0.0,2,0,0
Full,3,143,train,strong,player_win,-10.0,5,100.0,5,Expert,0.05,0.05,1,287,26,0.0,0.0,2,0,0
Full,3,144,train,strong,player_win,-10.0,5,100.0,5,Expert,0.05,0.05,1,289,26,0.0,0.0,2,0,0
Full,3,145,train,strong,player_win,-10.0,7,100.0,5,Expert,0.05,0.05,1,292,28,0.0,0.0,2,0,1
Full,3,146,train,strong,player_win,-10.0,5,100.0,5,Expert,0.05,0.05,1,294,28,0.0,0.0,2,0,0
Full,3,147,train,strong,player_win,-10.0,5,100.0,5,Expert,0.05,0.05,1,296,28,0.0,0.0,2,0,0
Full,3,148,train,strong,player_win,-10.0,5,100.0,5,Expert,0.05,0.05,1,298,28,0.0,0.0,2,0,0
Full,3,149,train,strong,player_win,-10.0,5,100.0,5,Expert,0.05,0.05,1,300,28,0.0,0.0,2,0,0
Full,3,150,train,strong,player_win,-10.0,5,100.0,5,Expert,0.05,0.05,1,302,28,0.0,0.0,2,0,0
Full,3,151,train,strong,player_win,-10.0,5,100.0,5,Expert,0.05,0.05,1,304,28,0.0,0.0,2,0,0
Full,3,152,train,strong,player_win,-10.0,5,100.0,5,Expert,0.05,0.05,1,306,28,0.0,0.0,2,0,0
Full,3,153,train,strong,player_win,-10.0,5,100.0,5,Expert,0.05,0.05,1,308,28,0.0,0.0,2,0,0
Full,3,154,train,strong,player_win,-10.0,5,100.0,5,Expert,0.05,0.05,1,310,28,0.0,0.0,2,0,0
Full,3,155,train,strong,player_win,-10.0,5,100.0,5,Expert,0.05,0.05,1,312,28,0.0,0.0,2,0,0
Full,3,156,train,strong,player_win,-10.0,5,100.0,5,Expert,0.05,0.05,1,314,28,0.0,0.0,2,0,0
Full,3,157,train,strong,player_win,-10.0,5,100.0,5,Expert,0.05,0.05,1,316,28,0.0,0.0,2,0,0
Full,3,158,train,strong,player_win,-10.0,5,100.0,5,Expert,0.05,0.05,1,318,28,0.0,0.0,2,0,0
Full,3,159,train,strong,player_win,-10.0,5,100.0,5,Expert,0.05,0.05,1,320,28,0.0,0.0,2,0,0
Full,3,160,train,strong,player_win,-10.0,5,100.0,5,Expert,0.05,0.05,1,322,28,0.0,0.0,2,0,0
Full,3,161,train,strong,player_win,-10.0,5,100.0,5,Expert,0.05,0.05,1,324,28,0.0,0.0,2,0,0
Full,3,162,train,strong,player_win,-10.0,5,100.0,5,Expert,0.05,0.05,1,326,28,0.0,0.0,2,0,0
Full,3,163,train,strong,player_win,-10.0,5,100.0,5,Expert,0.05,0.05,1,328,28,0.0,0.0,2,0,0
Full,3,164,train,strong,player_win,-10.0,5,100.0,5,Expert,0.05,0.05,1,330,28,0.0,0.0,2,0,0
Full,3,165,train,strong,player_win,-10.0,5,100.0,5,Expert,0.05,0.05,1,332,28,0.0,0.0,2,0,0
Full,3,166,train,strong,player_win,-10.0,5,100.0,5,Expert,0.05,0.05,1,334,28,0.0,0.0,2,0,0
Full,3,167,train,strong,player_win,-10.0,5,100.0,5,Expert,0.05,0.05,1,336,28,0.0,0.0,2,0,0
Full,3,168,train,strong,player_win,-10.0,5,100.0,5,Expert,0.05,0.05,1,338,29,0.0,0.0,1,0,1
Full,3,169,train,strong,player_win,-10.0,5,100.0,5,Expert,0.05,0.05,1,340,29,0.0,0.0,2,0,0
Full,3,170,train,strong,player_win,-10.0,5,100.0,5,Expert,0.05,0.05,1,342,29,0.0,0.0,2,0,0
Full,3,171,train,strong,player_win,-10.0,5,100.0,5,Expert,0.05,0.05,1,344,29,0.0,0.0,2,0,0
Full,3,172,train,strong,player_win,-10.0,5,100.0,5,Expert,0.05,0.05,1,346,29,0.0,0.0,2,0,0
Full,3,173,train,strong,player_win,-10.0,5,100.0,5,Expert,0.05,0.05,1,348,29,0.0,0.0,2,0,0
Full,3,174,train,strong,player_win,-10.0,5,100.0,5,Expert,0.05,0.05,1,350,29,0.0,0.0,2,0,0
Full,3,175,train,strong,player_win,-10.0,5,100.0,5,Expert,0.05,0.05,1,352,29,0.0,0.0,2,0,0
Full,3,176,train,strong,player_win,-10.0,5,100.0,5,Expert,0.05,0.05,1,354,29,0.0,0.0,2,0,0
Full,3,177,train,strong,player_win,-10.0,5,100.0,5,Expert,0.05,0.05,1,356,29,0.0,0.0,2,0,0
Full,3,178,train,strong,player_win,-10.0,5,100.0,5,Expert,0.05,0.05,1,358,29,0.0,0.0,2,0,0
Full,3,179,train,strong,player_win,-10.0,5,100.0,5,Expert,0.05,0.05,1,360,29,0.0,0.0,2,0,0
Full,3,180,train,strong,player_win,-10.0,5,100.0,5,Expert,0.05,0.05,1,362,29,0.0,0.0,2,0,0
Full,3,181,train,strong,player_win,-10.0,5,100.0,5,Expert,0.05,0.05,1,364,29,0.0,0.0,2,0,0
Full,3,182,train,strong,player_win,-10.0,5,100.0,5,Expert,0.05,0.05,1,366,29,0.0,0.0,2,0,0
Full,3,183,train,strong,player_win,-10.0,5,100.0,5,Expert,0.05,0.05,1,368,29,0.0,0.0,2,0,0
Full,3,184,train,strong,player_win,-10.0,5,100.0,5,Expert,0.05,0.05,1,370,29,0.0,0.0,2,0,0
Full,3,185,train,strong,player_win,-10.0,5,100.0,5,Expert,0.05,0.05,1,372,29,0.0,0.0,2,0,0
Full,3,186,train,strong,player_win,-10.0,5,100.0,5,Expert,0.05,0.05,1,374,29,0.0,0.0,2,0,0
Full,3,187,train,strong,player_win,-10.0,5,100.0,5,Expert,0.05,0.05,1,376,29,0.0,0.0,2,0,0
Full,3,188,train,strong,player_win,-10.0,5,100.0,5,Expert,0.05,0.05,1,378,29,0.0,0.0,2,0,0
Full,3,189,train,strong,player_win,-10.0,5,100.0,5,Expert,0.05,0.05,1,380,29,0.0,0.0,1,0,1
Full,3,190,train,strong,player_win,-10.0,5,100.0,5,Expert,0.05,0.05,1,382,29,0.0,0.0,2,0,0
Full,3,191,train,strong,player_win,-10.0,5,100.0,5,Expert,0.05,0.05,1,384,29,0.0,0.0,2,0,0
Full,3,192,train,strong,player_win,-10.0,5,100.0,5,Expert,0.05,0.05,1,386,29,0.0,0.0,2,0,0
Full,3,193,train,strong,player_win,-10.0,5,100.0,5,Expert,0.05,0.05,1,388,29,0.0,0.0,2,0,0
Full,3,194,train,strong,player_win,-10.0,5,100.0,5,Expert,0.05,0.05,1,390,29,0.0,0.0,2,0,0
Full,3,195,train,strong,player_win,-10.0,5,100.0,5,Expert,0.05,0.05,1,392,29,0.0,0.0,2,0,0
Full,3,196,train,strong,player_win,-10.0,5,100.0,5,Expert,0.05,0.05,1,394,29,0.0,0.0,2,0,0
Full,3,197,train,strong,player_win,-10.0,5,100.0,5,Expert,0.05,0.05,1,396,29,0.0,0.0,2,0,0
Full,3,198,train,strong,player_win,-10.0,5,100.0,5,Expert,0.05,0.05,1,398,29,0.0,0.0,2,0,0
Full,3,199,train,strong,player_win,-10.0,5,100.0,5,Expert,0.05,0.05,1,400,29,0.0,0.0,2,0,0
Full,3,200,train,strong,player_win,-10.0,5,100.0,5,Expert,0.05,0.05,1,402,29,0.0,0.0,2,0,0
Full,3,201,train,strong,player_win,-10.0,5,100.0,5,Expert,0.05,0.05,1,404,30,0.0,0.0,1,0,1
Full,3,202,train,strong,player_win,-10.0,5,100.0,5,Expert,0.05,0.05,1,406,30,0.0,0.0,2,0,0
Full,3,203,train,strong,player_win,-10.0,5,100.0,5,Expert,0.05,0.05,1,408,30,0.0,0.0,2,0,0
Full,3,204,train,strong,player_win,-10.0,5,100.0,5,Expert,0.05,0.05,1,410,30,0.0,0.0,2,0,0
Full,3,205,train,strong,player_win,-10.0,5,100.0,5,Expert,0.05,0.05,1,412,30,0.0,0.0,1,0,1
Full,3,206,train,strong,player_win,-10.0,5,100.0,5,Expert,0.05,0.05,1,414,30,0.0,0.0,2,0,0
Full,3,207,train,strong,player_win,-10.0,5,100.0,5,Expert,0.05,0.05,1,416,30,0.0,0.0,2,0,0
Full,3,208,train,strong,player_win,-10.0,5,100.0,5,Expert,0.05,0.05,1,418,30,0.0,0.0,2,0,0
Full,3,209,train,strong,player_win,-10.0,5,100.0,5,Expert,0.05,0.05,1,420,30,0.0,0.0,2,0,0
Full,3,210,train,strong,player_win,-10.0,5,100.0,5,Expert,0.05,0.05,1,422,30,0.0,0.0,2,0,0
Full,3,211,train,strong,player_win,-10.0,5,100.0,5,Expert,0.05,0.05,1,424,30,0.0,0.0,2,0,0
Full,3,212,train,strong,player_win,-10.0,5,100.0,5,Expert,0.05,0.05,1,426,30,0.0,0.0,2,0,0
Full,3,213,train,strong,player_win,-10.0,5,100.0,5,Expert,0.05,0.05,1,428,30,0.0,0.0,2,0,0
Full,3,214,train,strong,player_win,-10.0,5,100.0,5,Expert,0.05,0.05,1,430,30,0.0,0.0,2,0,0
Full,3,215,train,strong,player_win,-10.0,5,100.0,5,Expert,0.05,0.05,1,432,30,0.0,0.0,2,0,0
Full,3,216,train,strong,player_win,-10.0,5,100.0,5,Expert,0.05,0.05,1,434,30,0.0,0.0,2,0,0
Full,3,217,train,strong,player_win,-10.0,5,100.0,5,Expert,0.05,0.05,1,436,30,0.0,0.0,2,0,0
Full,3,218,train,strong,player_win,-10.0,5,100.0,5,Expert,0.05,0.05,1,438,30,0.0,0.0,2,0,0
Full,3,219,train,strong,player_win,-10.0,5,100.0,5,Expert,0.05,0.05,1,440,30,0.0,0.0,2,0,0
Full,3,220,train,strong,player_win,-10.0,5,100.0,5,Expert,0.05,0.05,1,442,30,0.0,0.0,2,0,0
Full,3,221,train,strong,player_win,-10.0,5,100.0,5,Expert,0.05,0.05,1,444,30,0.0,0.0,2,0,0
Full,3,222,train,strong,player_win,-10.0,5,100.0,5,Expert,0.05,0.05,1,446,30,0.0,0.0,2,0,0
Full,3,223,train,strong,player_win,-10.0,5,100.0,5,Expert,0.05,0.05,1,448,30,0.0,0.0,2,0,0
Full,3,224,train,strong,player_win,-10.0,5,100.0,5,Expert,0.05,0.05,1,450,30,0.0,0.0,2,0,0
Full,3,225,train,strong,player_win,-10.0,5,100.0,5,Expert,0.05,0.05,1,452,30,0.0,0.0,2,0,0
Full,3,226,train,strong,player_win,-10.0,5,100.0,5,Expert,0.05,0.05,1,454,30,0.0,0.0,2,0,0
Full,3,227,train,strong,player_win,-10.0,5,100.0,5,Expert,0.05,0.05,1,456,30,0.0,0.0,2,0,0
Full,3,228,train,strong,player_win,-10.0,5,100.0,5,Expert,0.05,0.05,1,458,30,0.0,0.0,2,0,0
Full,3,229,train,strong,player_win,-10.0,5,100.0,5,Expert,0.05,0.05,1,460,30,0.0,0.0,2,0,0
Full,3,230,train,strong,player_win,-10.0,5,100.0,5,Expert,0.05,0.05,1,462,30,0.0,0.0,2,0,0
Full,3,231,train,strong,player_win,-10.0,5,100.0,5,Expert,0.05,0.05,1,464,30,0.0,0.0,2,0,0
Full,3,232,train,strong,player_win,-10.0,5,100.0,5,Expert,0.05,0.05,1,466,31,0.0,0.0,1,0,1
Full,3,233,train,strong,player_win,-10.0,5,100.0,5,Expert,0.05,0.05,1,468,31,0.0,0.0,2,0,0
Full,3,234,train,strong,player_win,-10.0,5,100.0,5,Expert,0.05,0.05,1,470,31,0.0,0.0,2,0,0
Full,3,235,train,strong,player_win,-10.0,5,100.0,5,Expert,0.05,0.05,1,472,31,0.0,0.0,2,0,0
Full,3,236,train,strong,player_win,-10.0,5,100.0,5,Expert,0.05,0.05,1,474,31,0.0,0.0,1,0,1
Full,3,237,train,strong,player_win,-10.0,5,100.0,5,Expert,0.05,0.05,1,476,31,0.0,0.0,2,0,0
Full,3,238,train,strong,player_win,-10.0,5,100.0,5,Expert,0.05,0.05,1,478,31,0.0,0.0,2,0,0
Full,3,239,train,strong,player_win,-10.0,5,100.0,5,Expert,0.05,0.05,1,480,31,0.0,0.0,2,0,0
Full,3,240,train,strong,player_win,-10.0,5,100.0,5,Expert,0.05,0.05,1,482,31,0.0,0.0,2,0,0
Full,3,241,train,strong,player_win,-10.0,5,100.0,5,Expert,0.05,0.05,1,484,31,0.0,0.0,2,0,0
Full,3,242,train,strong,player_win,-10.0,5,100.0,5,Expert,0.05,0.05,1,486,31,0.0,0.0,2,0,0
Full,3,243,train,strong,player_win,-10.0,5,100.0,5,Expert,0.05,0.05,1,488,31,0.0,0.0,2,0,0
Full,3,244,train,strong,player_win,-10.0,5,100.0,5,Expert,0.05,0.05,1,490,31,0.0,0.0,2,0,0
Full,3,245,train,strong,player_win,-10.0,5,100.0,5,Expert,0.05,0.05,1,492,31,0.0,0.0,2,0,0
Full,3,246,train,strong,player_win,-10.0,5,100.0,5,Expert,0.05,0.05,1,494,31,0.0,0.0,2,0,0
Full,3,247,train,strong,player_win,-10.0,5,100.0,5,Expert,0.05,0.05,1,496,31,0.0,0.0,2,0,0
Full,3,248,train,strong,player_win,-10.0,5,100.0,5,Expert,0.05,0.05,1,498,31,0.0,0.0,1,0,1
Full,3,249,train,strong,player_win,-10.0,5,100.0,5,Expert,0.05,0.05,1,500,31,0.0,0.0,2,0,0
Full,3,250,train,strong,player_win,-10.0,5,100.0,5,Expert,0.05,0.05,1,502,31,0.0,0.0,2,0,0
Full,3,251,train,strong,player_win,-10.0,7,100.0,5,Expert,0.05,0.05,1,505,33,0.0,0.0,2,1,0
Full,3,252,train,strong,player_win,-10.0,5,100.0,5,Expert,0.05,0.05,1,507,33,0.0,0.0,2,0,0
Full,3,253,train,strong,player_win,-10.0,5,100.0,5,Expert,0.05,0.05,1,509,33,0.0,0.0,2,0,0
Full,3,254,train,strong,player_win,-10.0,5,100.0,5,Expert,0.05,0.05,1,511,33,0.0,0.0,2,0,0
Full,3,255,train,strong,player_win,-10.0,5,100.0,5,Expert,0.05,0.05,1,513,33,0.0,0.0,2,0,0
Full,3,256,train,strong,player_win,-10.0,5,100.0,5,Expert,0.05,0.05,1,515,34,0.0,0.0,1,1,0
Full,3,257,train,strong,player_win,-10.0,5,100.0,5,Expert,0.05,0.05,1,517,34,0.0,0.0,2,0,0
Full,3,258,train,strong,player_win,-10.0,5,100.0,5,Expert,0.05,0.05,1,519,34,0.0,0.0,2,0,0
Full,3,259,train,strong,player_win,-10.0,5,100.0,5,Expert,0.05,0.05,1,521,34,0.0,0.0,2,0,0
Full,3,260,train,strong,player_win,-10.0,5,100.0,5,Expert,0.05,0.05,1,523,34,0.0,0.0,2,0,0
Full,3,261,train,strong,player_win,-10.0,5,100.0,5,Expert,0.05,0.05,1,525,35,0.0,0.0,1,0,1
Full,3,262,train,strong,player_win,-10.0,5,100.0,5,Expert,0.05,0.05,1,527,35,0.0,0.0,2,0,0
Full,3,263,train,strong,player_win,-10.0,5,100.0,5,Expert,0.05,0.05,1,529,35,0.0,0.0,2,0,0
Full,3,264,train,strong,player_win,-10.0,5,100.0,5,Expert,0.05,0.05,1,531,35,0.0,0.0,2,0,0
Full,3,265,train,strong,player_win,-10.0,5,100.0,5,Expert,0.05,0.05,1,533,35,0.0,0.0,2,0,0
Full,3,266,train,strong,player_win,-10.0,5,100.0,5,Expert,0.05,0.05,1,535,35,0.0,0.0,2,0,0
Full,3,267,train,strong,player_win,-10.0,5,100.0,5,Expert,0.05,0.05,1,537,35,0.0,0.0,2,0,0
Full,3,268,train,strong,player_win,-10.0,5,100.0,5,Expert,0.05,0.05,1,539,35,0.0,0.0,2,0,0
Full,3,269,train,strong,player_win,-10.0,7,100.0,5,Expert,0.05,0.05,1,542,35,0.0,0.0,2,0,1
Full,3,270,train,strong,player_win,-10.0,5,100.0,5,Expert,0.05,0.05,1,544,35,0.0,0.0,2,0,0
Full,3,271,train,strong,player_win,-10.0,5,100.0,5,Expert,0.05,0.05,1,546,35,0.0,0.0,2,0,0
Full,3,272,train,strong,player_win,-10.0,5,100.0,5,Expert,0.05,0.05,1,548,35,0.0,0.0,2,0,0
Full,3,273,train,strong,player_win,-10.0,5,100.0,5,Expert,0.05,0.05,1,550,35,0.0,0.0,2,0,0
Full,3,274,train,strong,player_win,-10.0,5,100.0,5,Expert,0.05,0.05,1,552,35,0.0,0.0,2,0,0
Full,3,275,train,strong,player_win,-10.0,5,100.0,5,Expert,0.05,0.05,1,554,35,0.0,0.0,2,0,0
Full,3,276,train,strong,player_win,-10.0,5,100.0,5,Expert,0.05,0.05,1,556,35,0.0,0.0,2,0,0
Full,3,277,train,strong,player_win,-10.0,5,100.0,5,Expert,0.05,0.05,1,558,35,0.0,0.0,2,0,0
Full,3,278,train,strong,player_win,-10.0,5,100.0,5,Expert,0.05,0.05,1,560,35,0.0,0.0,1,0,1
Full,3,279,train,strong,player_win,-10.0,5,100.0,5,Expert,0.05,0.05,1,562,35,0.0,0.0,2,0,0
Full,3,280,train,strong,player_win,-10.0,5,100.0,5,Expert,0.05,0.05,1,564,35,0.0,0.0,2,0,0
Full,3,281,train,strong,player_win,-10.0,5,100.0,5,Expert,0.05,0.05,1,566,35,0.0,0.0,2,0,0
Full,3,282,train,strong,player_win,-10.0,5,100.0,5,Expert,0.05,0.05,1,568,35,0.0,0.0,2,0,0
Full,3,283,train,strong,player_win,-10.0,5,100.0,5,Expert,0.05,0.05,1,570,35,0.0,0.0,2,0,0
Full,3,284,train,strong,player_win,-10.0,5,100.0,5,Expert,0.05,0.05,1,572,35,0.0,0.0,2,0,0
Full,3,285,train,strong,player_win,-10.0,5,100.0,5,Expert,0.05,0.05,1,574,35,0.0,0.0,1,0,1
Full,3,286,train,strong,player_win,-10.0,7,100.0,5,Expert,0.05,0.05,1,577,37,0.0,0.0,2,0,1
Full,3,287,train,strong,player_win,-10.0,5,100.0,5,Expert,0.05,0.05,1,579,37,0.0,0.0,2,0,0
Full,3,288,train,strong,player_win,-10.0,5,100.0,5,Expert,0.05,0.05,1,581,37,0.0,0.0,2,0,0
Full,3,289,train,strong,player_win,-10.0,5,100.0,5,Expert,0.05,0.05,1,583,37,0.0,0.0,2,0,0
Full,3,290,train,strong,player_win,-10.0,5,100.0,5,Expert,0.05,0.05,1,585,37,0.0,0.0,2,0,0
Full,3,291,train,strong,player_win,-10.0,5,100.0,5,Expert,0.05,0.05,1,587,37,0.0,0.0,2,0,0
Full,3,292,train,strong,player_win,-10.0,5,100.0,5,Expert,0.05,0.05,1,589,37,0.0,0.0,2,0,0
Full,3,293,train,strong,player_win,-10.0,5,100.0,5,Expert,0.05,0.05,1,591,37,0.0,0.0,2,0,0
Full,3,294,train,strong,player_win,-10.0,5,100.0,5,Expert,0.05,0.05,1,593,37,0.0,0.0,2,0,0
Full,3,295,train,strong,player_win,-10.0,5,100.0,5,Expert,0.05,0.05,1,595,37,0.0,0.0,2,0,0
Full,3,296,train,strong,player_win,-10.0,5,100.0,5,Expert,0.05,0.05,1,597,37,0.0,0.0,2,0,0
Full,3,297,train,strong,player_win,-10.0,5,100.0,5,Expert,0.05,0.05,1,599,37,0.0,0.0,2,0,0
Full,3,298,train,strong,player_win,-10.0,5,100.0,5,Expert,0.05,0.05,1,601,38,0.0,0.0,1,0,1
Full,3,299,train,strong,player_win,-10.0,5,100.0,5,Expert,0.05,0.05,1,603,38,0.0,0.0,1,0,1
Full,3,300,train,strong,player_win,-10.0,5,100.0,5,Expert,0.05,0.05,1,605,38,0.0,0.0,2,0,0
Full,3,301,train,strong,player_win,-10.0,5,100.0,5,Expert,0.05,0.05,1,607,38,0.0,0.0,2,0,0
Full,3,302,train,strong,player_win,-10.0,5,100.0,5,Expert,0.05,0.05,1,609,38,0.0,0.0,2,0,0
Full,3,303,train,strong,player_win,-10.0,5,100.0,5,Expert,0.05,0.05,1,611,38,0.0,0.0,2,0,0
Full,3,304,train,strong,player_win,-10.0,5,100.0,5,Expert,0.05,0.05,1,613,39,0.0,0.0,1,0,1
Full,3,305,train,strong,player_win,-10.0,5,100.0,5,Expert,0.05,0.05,1,615,39,0.0,0.0,2,0,0
Full,3,306,train,strong,player_win,-10.0,5,100.0,5,Expert,0.05,0.05,1,617,39,0.0,0.0,2,0,0
Full,3,307,train,strong,player_win,-10.0,5,100.0,5,Expert,0.05,0.05,1,619,39,0.0,0.0,2,0,0
Full,3,308,train,strong,player_win,-10.0,5,100.0,5,Expert,0.05,0.05,1,621,39,0.0,0.0,1,0,1
Full,3,309,train,strong,player_win,-10.0,5,100.0,5,Expert,0.05,0.05,1,623,39,0.0,0.0,2,0,0
Full,3,310,train,strong,player_win,-10.0,5,100.0,5,Expert,0.05,0.05,1,625,39,0.0,0.0,2,0,0
Full,3,311,train,strong,player_win,-10.0,5,100.0,5,Expert,0.05,0.05,1,627,39,0.0,0.0,2,0,0
Full,3,312,train,strong,player_win,-10.0,5,100.0,5,Expert,0.05,0.05,1,629,39,0.0,0.0,2,0,0
Full,3,313,train,strong,player_win,-10.0,5,100.0,5,Expert,0.05,0.05,1,631,39,0.0,0.0,2,0,0
Full,3,314,train,strong,player_win,-10.0,5,100.0,5,Expert,0.05,0.05,1,633,39,0.0,0.0,2,0,0
Full,3,315,train,strong,player_win,-10.0,5,100.0,5,Expert,0.05,0.05,1,635,39,0.0,0.0,2,0,0
Full,3,316,train,strong,player_win,-10.0,5,100.0,5,Expert,0.05,0.05,1,637,39,0.0,0.0,2,0,0
Full,3,317,train,strong,player_win,-10.0,5,100.0,5,Expert,0.05,0.05,1,639,39,0.0,0.0,1,0,1
Full,3,318,train,strong,player_win,-10.0,5,100.0,5,Expert,0.05,0.05,1,641,39,0.0,0.0,2,0,0
Full,3,319,train,strong,player_win,-10.0,5,100.0,5,Expert,0.05,0.05,1,643,39,0.0,0.0,2,0,0
Full,3,320,train,strong,player_win,-10.0,5,100.0,5,Expert,0.05,0.05,1,645,39,0.0,0.0,2,0,0
Full,3,321,train,strong,player_win,-10.0,5,100.0,5,Expert,0.05,0.05,1,647,39,0.0,0.0,2,0,0
Full,3,322,train,strong,player_win,-10.0,5,100.0,5,Expert,0.05,0.05,1,649,39,0.0,0.0,2,0,0
Full,3,323,train,strong,player_win,-10.0,5,100.0,5,Expert,0.05,0.05,1,651,39,0.0,0.0,2,0,0
Full,3,324,train,strong,player_win,-10.0,5,100.0,5,Expert,0.05,0.05,1,653,39,0.0,0.0,2,0,0
Full,3,325,train,strong,player_win,-10.0,5,100.0,5,Expert,0.05,0.05,1,655,40,0.0,0.0,1,0,1
Full,3,326,train,strong,player_win,-10.0,5,100.0,5,Expert,0.05,0.05,1,657,40,0.0,0.0,2,0,0
Full,3,327,train,strong,player_win,-10.0,5,100.0,5,Expert,0.05,0.05,1,659,40,0.0,0.0,2,0,0
Full,3,328,train,strong,player_win,-10.0,5,100.0,5,Expert,0.05,0.05,1,661,40,0.0,0.0,2,0,0
Full,3,329,train,strong,player_win,-10.0,5,100.0,5,Expert,0.05,0.05,1,663,40,0.0,0.0,2,0,0
Full,3,330,train,strong,player_win,-10.0,5,100.0,5,Expert,0.05,0.05,1,665,41,0.0,0.0,1,0,1
Full,3,331,train,strong,player_win,-10.0,5,100.0,5,Expert,0.05,0.05,1,667,41,0.0,0.0,2,0,0
Full,3,332,train,strong,player_win,-10.0,5,100.0,5,Expert,0.05,0.05,1,669,41,0.0,0.0,2,0,0
Full,3,333,train,strong,player_win,-10.0,5,100.0,5,Expert,0.05,0.05,1,671,41,0.0,0.0,2,0,0
Full,3,334,train,strong,player_win,-10.0,5,100.0,5,Expert,0.05,0.05,1,673,41,0.0,0.0,2,0,0
Full,3,335,train,strong,player_win,-10.0,5,100.0,5,Expert,0.05,0.05,1,675,41,0.0,0.0,2,0,0
Full,3,336,train,strong,player_win,-10.0,5,100.0,5,Expert,0.05,0.05,1,677,41,0.0,0.0,2,0,0
Full,3,337,train,strong,player_win,-10.0,5,100.0,5,Expert,0.05,0.05,1,679,41,0.0,0.0,2,0,0
Full,3,338,train,strong,player_win,-10.0,5,100.0,5,Expert,0.05,0.05,1,681,41,0.0,0.0,2,0,0
Full,3,339,train,strong,player_win,-10.0,7,100.0,5,Expert,0.05,0.05,1,684,41,0.0,0.0,2,0,1
Full,3,340,train,strong,player_win,-10.0,5,100.0,5,Expert,0.05,0.05,1,686,41,0.0,0.0,2,0,0
Full,3,341,train,strong,player_win,-10.0,5,100.0,5,Expert,0.05,0.05,1,688,42,0.0,0.0,1,0,1
Full,3,342,train,strong,player_win,-10.0,5,100.0,5,Expert,0.05,0.05,1,690,42,0.0,0.0,2,0,0
Full,3,343,train,strong,player_win,-10.0,5,100.0,5,Expert,0.05,0.05,1,692,42,0.0,0.0,2,0,0
Full,3,344,train,strong,player_win,-10.0,5,100.0,5,Expert,0.05,0.05,1,694,43,0.0,0.0,1,0,1
Full,3,345,train,strong,player_win,-10.0,5,100.0,5,Expert,0.05,0.05,1,696,43,0.0,0.0,2,0,0
Full,3,346,train,strong,player_win,-10.0,5,100.0,5,Expert,0.05,0.05,1,698,43,0.0,0.0,2,0,0
Full,3,347,train,strong,player_win,-10.0,5,100.0,5,Expert,0.05,0.05,1,700,43,0.0,0.0,2,0,0
Full,3,348,train,strong,player_win,-10.0,5,100.0,5,Expert,0.05,0.05,1,702,43,0.0,0.0,2,0,0
Full,3,349,train,strong,player_win,-10.0,5,100.0,5,Expert,0.05,0.05,1,704,43,0.0,0.0,2,0,0
Full,3,350,train,strong,player_win,-10.0,5,100.0,5,Expert,0.05,0.05,1,706,43,0.0,0.0,2,0,0
Full,3,351,train,strong,player_win,-10.0,5,100.0,5,Expert,0.05,0.05,1,708,43,0.0,0.0,2,0,0
Full,3,352,train,strong,player_win,-10.0,5,100.0,5,Expert,0.05,0.05,1,710,43,0.0,0.0,2,0,0
Full,3,353,train,strong,player_win,-10.0,5,100.0,5,Expert,0.05,0.05,1,712,43,0.0,0.0,2,0,0
Full,3,354,train,strong,player_win,-10.0,5,100.0,5,Expert,0.05,0.05,1,714,43,0.0,0.0,2,0,0
Full,3,355,train,strong,player_win,-10.0,5,100.0,5,Expert,0.05,0.05,1,716,43,0.0,0.0,2,0,0
Full,3,356,train,strong,player_win,-10.0,5,100.0,5,Expert,0.05,0.05,1,718,43,0.0,0.0,2,0,0
Full,3,357,train,strong,player_win,-10.0,5,100.0,5,Expert,0.05,0.05,1,720,43,0.0,0.0,2,0,0
Full,3,358,train,strong,player_win,-10.0,5,100.0,5,Expert,0.05,0.05,1,722,43,0.0,0.0,2,0,0
Full,3,359,train,strong,player_win,-10.0,5,100.0,5,Expert,0.05,0.05,1,724,43,0.0,0.0,1,1,0
Full,3,360,train,strong,player_win,-10.0,5,100.0,5,Expert,0.05,0.05,1,726,43,0.0,0.0,1,0,1
Full,3,361,train,strong,player_win,-10.0,5,100.0,5,Expert,0.05,0.05,1,728,43,0.0,0.0,2,0,0
Full,3,362,train,strong,player_win,-10.0,5,100.0,5,Expert,0.05,0.05,1,730,43,0.0,0.0,2,0,0
Full,3,363,train,strong,player_win,-10.0,5,100.0,5,Expert,0.05,0.05,1,732,43,0.0,0.0,2,0,0
Full,3,364,train,strong,player_win,-10.0,5,100.0,5,Expert,0.05,0.05,1,734,43,0.0,0.0,2,0,0
Full,3,365,train,strong,player_win,-10.0,5,100.0,5,Expert,0.05,0.05,1,736,43,0.0,0.0,2,0,0
Full,3,366,train,strong,player_win,-10.0,5,100.0,5,Expert,0.05,0.05,1,738,44,0.0,0.0,1,0,1
Full,3,367,train,strong,player_win,-10.0,7,100.0,5,Expert,0.05,0.05,1,741,45,0.0,0.0,2,0,1
Full,3,368,train,strong,player_win,-10.0,5,100.0,5,Expert,0.05,0.05,1,743,45,0.0,0.0,2,0,0
Full,3,369,train,strong,player_win,-10.0,5,100.0,5,Expert,0.05,0.05,1,745,45,0.0,0.0,2,0,0
Full,3,370,train,strong,player_win,-10.0,5,100.0,5,Expert,0.05,0.05,1,747,45,0.0,0.0,2,0,0
Full,3,371,train,strong,player_win,-10.0,5,100.0,5,Expert,0.05,0.05,1,749,45,0.0,0.0,2,0,0
Full,3,372,train,strong,player_win,-10.0,5,100.0,5,Expert,0.05,0.05,1,751,45,0.0,0.0,2,0,0
Full,3,373,train,strong,player_win,-10.0,5,100.0,5,Expert,0.05,0.05,1,753,45,0.0,0.0,2,0,0
Full,3,374,train,strong,player_win,-10.0,5,100.0,5,Expert,0.05,0.05,1,755,45,0.0,0.0,2,0,0
Full,3,375,train,strong,player_win,-10.0,5,100.0,5,Expert,0.05,0.05,1,757,45,0.0,0.0,2,0,0
Full,3,376,train,strong,player_win,-10.0,5,100.0,5,Expert,0.05,0.05,1,759,45,0.0,0.0,2,0,0
Full,3,377,train,strong,player_win,-10.0,5,100.0,5,Expert,0.05,0.05,1,761,45,0.0,0.0,2,0,0
Full,3,378,train,strong,player_win,-10.0,5,100.0,5,Expert,0.05,0.05,1,763,45,0.0,0.0,2,0,0
Full,3,379,train,strong,player_win,-10.0,5,100.0,5,Expert,0.05,0.05,1,765,45,0.0,0.0,2,0,0
Full,3,380,train,strong,player_win,-10.0,5,100.0,5,Expert,0.05,0.05,1,767,46,0.0,0.0,1,0,1
Full,3,381,train,strong,player_win,-10.0,5,100.0,5,Expert,0.05,0.05,1,769,46,0.0,0.0,2,0,0
Full,3,382,train,strong,player_win,-10.0,5,100.0,5,Expert,0.05,0.05,1,771,46,0.0,0.0,2,0,0
Full,3,383,train,strong,player_win,-10.0,5,100.0,5,Expert,0.05,0.05,1,773,46,0.0,0.0,2,0,0
Full,3,384,train,strong,player_win,-10.0,5,100.0,5,Expert,0.05,0.05,1,775,46,0.0,0.0,2,0,0
Full,3,385,train,strong,player_win,-10.0,5,100.0,5,Expert,0.05,0.05,1,777,47,0.0,0.0,1,0,1
Full,3,386,train,strong,player_win,-10.0,5,100.0,5,Expert,0.05,0.05,1,779,47,0.0,0.0,2,0,0
Full,3,387,train,strong,player_win,-10.0,5,100.0,5,Expert,0.05,0.05,1,781,47,0.0,0.0,2,0,0
Full,3,388,train,strong,player_win,-10.0,5,100.0,5,Expert,0.05,0.05,1,783,47,0.0,0.0,2,0,0
Full,3,389,train,strong,player_win,-10.0,5,100.0,5,Expert,0.05,0.05,1,785,47,0.0,0.0,2,0,0
Full,3,390,train,strong,player_win,-10.0,5,100.0,5,Expert,0.05,0.05,1,787,47,0.0,0.0,2,0,0
Full,3,391,train,strong,player_win,-10.0,5,100.0,5,Expert,0.05,0.05,1,789,47,0.0,0.0,2,0,0
Full,3,392,train,strong,player_win,-10.0,5,100.0,5,Expert,0.05,0.05,1,791,47,0.0,0.0,2,0,0
Full,3,393,train,strong,player_win,-10.0,5,100.0,5,Expert,0.05,0.05,1,793,47,0.0,0.0,2,0,0
Full,3,394,train,strong,player_win,-10.0,5,100.0,5,Expert,0.05,0.05,1,795,47,0.0,0.0,2,0,0
Full,3,395,train,strong,player_win,-10.0,5,100.0,5,Expert,0.05,0.05,1,797,47,0.0,0.0,2,0,0
Full,3,396,train,strong,player_win,-10.0,5,100.0,5,Expert,0.05,0.05,1,799,47,0.0,0.0,2,0,0
Full,3,397,train,strong,player_win,-10.0,5,100.0,5,Expert,0.05,0.05,1,801,47,0.0,0.0,2,0,0
Full,3,398,train,strong,player_win,-10.0,5,100.0,5,Expert,0.05,0.05,1,803,47,0.0,0.0,2,0,0
Full,3,399,train,strong,player_win,-10.0,5,100.0,5,Expert,0.05,0.05,1,805,47,0.0,0.0,2,0,0
Full,3,400,train,strong,player_win,-10.0,5,100.0,5,Expert,0.05,0.05,1,807,47,0.0,0.0,2,0,0
Full,3,401,train,strong,player_win,-10.0,5,100.0,5,Expert,0.05,0.05,1,809,47,0.0,0.0,2,0,0
Full,3,402,train,strong,player_win,-10.0,5,100.0,5,Expert,0.05,0.05,1,811,47,0.0,0.0,2,0,0
Full,3,403,train,strong,player_win,-10.0,5,100.0,5,Expert,0.05,0.05,1,813,47,0.0,0.0,2,0,0
Full,3,404,train,strong,player_win,-10.0,5,100.0,5,Expert,0.05,0.05,1,815,47,0.0,0.0,2,0,0
Full,3,405,train,strong,player_win,-10.0,5,100.0,5,Expert,0.05,0.05,1,817,47,0.0,0.0,2,0,0
Full,3,406,train,strong,player_win,-10.0,5,100.0,5,Expert,0.05,0.05,1,819,47,0.0,0.0,2,0,0
Full,3,407,train,strong,player_win,-10.0,5,100.0,5,Expert,0.05,0.05,1,821,47,0.0,0.0,2,0,0
Full,3,408,train,strong,player_win,-10.0,5,100.0,5,Expert,0.05,0.05,1,823,47,0.0,0.0,2,0,0
Full,3,409,train,strong,player_win,-10.0,5,100.0,5,Expert,0.05,0.05,1,825,47,0.0,0.0,2,0,0
Full,3,410,train,strong,player_win,-10.0,5,100.0,5,Expert,0.05,0.05,1,827,47,0.0,0.0,2,0,0
Full,3,411,train,strong,player_win,-10.0,5,100.0,5,Expert,0.05,0.05,1,829,47,0.0,0.0,2,0,0
Full,3,412,train,strong,player_win,-10.0,5,100.0,5,Expert,0.05,0.05,1,831,47,0.0,0.0,2,0,0
Full,3,413,train,strong,player_win,-10.0,5,100.0,5,Expert,0.05,0.05,1,833,47,0.0,0.0,2,0,0
Full,3,414,train,strong,player_win,-10.0,5,100.0,5,Expert,0.05,0.05,1,835,47,0.0,0.0,2,0,0
Full,3,415,train,strong,player_win,-10.0,5,100.0,5,Expert,0.05,0.05,1,837,47,0.0,0.0,2,0,0
Full,3,416,train,strong,player_win,-10.0,5,100.0,5,Expert,0.05,0.05,1,839,47,0.0,0.0,2,0,0
Full,3,417,train,strong,player_win,-10.0,5,100.0,5,Expert,0.05,0.05,1,841,47,0.0,0.0,2,0,0
Full,3,418,train,strong,player_win,-10.0,5,100.0,5,Expert,0.05,0.05,1,843,47,0.0,0.0,2,0,0
Full,3,419,train,strong,player_win,-10.0,5,100.0,5,Expert,0.05,0.05,1,845,47,0.0,0.0,2,0,0
Full,3,420,train,strong,player_win,-10.0,5,100.0,5,Expert,0.05,0.05,1,847,47,0.0,0.0,2,0,0
Full,3,421,train,strong,player_win,-10.0,5,100.0,5,Expert,0.05,0.05,1,849,47,0.0,0.0,2,0,0
Full,3,422,train,strong,player_win,-10.0,5,100.0,5,Expert,0.05,0.05,1,851,47,0.0,0.0,2,0,0
Full,3,423,train,strong,player_win,-10.0,5,100.0,5,Expert,0.05,0.05,1,853,47,0.0,0.0,2,0,0
Full,3,424,train,strong,player_win,-10.0,5,100.0,5,Expert,0.05,0.05,1,855,47,0.0,0.0,2,0,0
Full,3,425,train,strong,player_win,-10.0,5,100.0,5,Expert,0.05,0.05,1,857,47,0.0,0.0,2,0,0
Full,3,426,train,strong,player_win,-10.0,5,100.0,5,Expert,0.05,0.05,1,859,47,0.0,0.0,2,0,0
Full,3,427,train,strong,player_win,-10.0,5,100.0,5,Expert,0.05,0.05,1,861,47,0.0,0.0,2,0,0
Full,3,428,train,strong,player_win,-10.0,5,100.0,5,Expert,0.05,0.05,1,863,47,0.0,0.0,2,0,0
Full,3,429,train,strong,player_win,-10.0,5,100.0,5,Expert,0.05,0.05,1,865,47,0.0,0.0,2,0,0
Full,3,430,train,strong,player_win,-10.0,5,100.0,5,Expert,0.05,0.05,1,867,47,0.0,0.0,1,0,1
Full,3,431,train,strong,player_win,-10.0,5,100.0,5,Expert,0.05,0.05,1,869,47,0.0,0.0,2,0,0
Full,3,432,train,strong,player_win,-10.0,5,100.0,5,Expert,0.05,0.05,1,871,47,0.0,0.0,2,0,0
Full,3,433,train,strong,player_win,-10.0,5,100.0,5,Expert,0.05,0.05,1,873,47,0.0,0.0,2,0,0
Full,3,434,train,strong,player_win,-10.0,5,100.0,5,Expert,0.05,0.05,1,875,47,0.0,0.0,2,0,0
Full,3,435,train,strong,player_win,-10.0,5,100.0,5,Expert,0.05,0.05,1,877,47,0.0,0.0,2,0,0
Full,3,436,train,strong,player_win,-10.0,5,100.0,5,Expert,0.05,0.05,1,879,47,0.0,0.0,2,0,0
Full,3,437,train,strong,player_win,-10.0,5,100.0,5,Expert,0.05,0.05,1,881,47,0.0,0.0,2,0,0
Full,3,438,train,strong,player_win,-10.0,5,100.0,5,Expert,0.05,0.05,1,883,47,0.0,0.0,2,0,0
Full,3,439,train,strong,player_win,-10.0,5,100.0,5,Expert,0.05,0.05,1,885,47,0.0,0.0,2,0,0
Full,3,440,train,strong,player_win,-10.0,5,100.0,5,Expert,0.05,0.05,1,887,47,0.0,0.0,2,0,0
Full,3,441,train,strong,player_win,-10.0,5,100.0,5,Expert,0.05,0.05,1,889,47,0.0,0.0,2,0,0
Full,3,442,train,strong,player_win,-10.0,5,100.0,5,Expert,0.05,0.05,1,891,47,0.0,0.0,2,0,0
Full,3,443,train,strong,player_win,-10.0,5,100.0,5,Expert,0.05,0.05,1,893,47,0.0,0.0,2,0,0
Full,3,444,train,strong,player_win,-10.0,5,100.0,5,Expert,0.05,0.05,1,895,47,0.0,0.0,2,0,0
Full,3,445,train,strong,player_win,-10.0,5,100.0,5,Expert,0.05,0.05,1,897,47,0.0,0.0,2,0,0
Full,3,446,train,strong,player_win,-10.0,5,100.0,5,Expert,0.05,0.05,1,899,47,0.0,0.0,2,0,0
Full,3,447,train,strong,player_win,-10.0,5,100.0,5,Expert,0.05,0.05,1,901,47,0.0,0.0,2,0,0
Full,3,448,train,strong,player_win,-10.0,5,100.0,5,Expert,0.05,0.05,1,903,47,0.0,0.0,2,0,0
Full,3,449,train,strong,player_win,-10.0,5,100.0,5,Expert,0.05,0.05,1,905,47,0.0,0.0,2,0,0
Full,3,450,train,strong,player_win,-10.0,5,100.0,5,Expert,0.05,0.05,1,907,47,0.0,0.0,2,0,0
Full,3,451,train,strong,player_win,-10.0,5,100.0,5,Expert,0.05,0.05,1,909,47,0.0,0.0,2,0,0
Full,3,452,train,strong,player_win,-10.0,5,100.0,5,Expert,0.05,0.05,1,911,47,0.0,0.0,2,0,0
Full,3,453,train,strong,player_win,-10.0,5,100.0,5,Expert,0.05,0.05,1,913,47,0.0,0.0,2,0,0
Full,3,454,train,strong,player_win,-10.0,5,100.0,5,Expert,0.05,0.05,1,915,47,0.0,0.0,2,0,0
Full,3,455,train,strong,player_win,-10.0,5,100.0,5,Expert,0.05,0.05,1,917,47,0.0,0.0,2,0,0
Full,3,456,train,strong,player_win,-10.0,5,100.0,5,Expert,0.05,0.05,1,919,47,0.0,0.0,2,0,0
Full,3,457,train,strong,player_win,-10.0,5,100.0,5,Expert,0.05,0.05,1,921,47,0.0,0.0,2,0,0
Full,3,458,train,strong,player_win,-10.0,5,100.0,5,Expert,0.05,0.05,1,923,47,0.0,0.0,1,0,1
Full,3,459,train,strong,player_win,-10.0,5,100.0,5,Expert,0.05,0.05,1,925,47,0.0,0.0,2,0,0
Full,3,460,train,strong,player_win,-10.0,5,100.0,5,Expert,0.05,0.05,1,927,47,0.0,0.0,2,0,0
Full,3,461,train,strong,player_win,-10.0,5,100.0,5,Expert,0.05,0.05,1,929,47,0.0,0.0,2,0,0
Full,3,462,train,strong,player_win,-10.0,5,100.0,5,Expert,0.05,0.05,1,931,47,0.0,0.0,2,0,0
Full,3,463,train,strong,player_win,-10.0,5,100.0,5,Expert,0.05,0.05,1,933,47,0.0,0.0,2,0,0
Full,3,464,train,strong,player_win,-10.0,5,100.0,5,Expert,0.05,0.05,1,935,47,0.0,0.0,2,0,0
Full,3,465,train,strong,player_win,-10.0,5,100.0,5,Expert,0.05,0.05,1,937,47,0.0,0.0,2,0,0
Full,3,466,train,strong,player_win,-10.0,5,100.0,5,Expert,0.05,0.05,1,939,47,0.0,0.0,2,0,0
Full,3,467,train,strong,player_win,-10.0,5,100.0,5,Expert,0.05,0.05,1,941,47,0.0,0.0,2,0,0
Full,3,468,train,strong,player_win,-10.0,5,100.0,5,Expert,0.05,0.05,1,943,47,0.0,0.0,2,0,0
Full,3,469,train,strong,player_win,-10.0,7,100.0,5,Expert,0.05,0.05,1,946,49,0.0,0.0,2,0,1
Full,3,470,train,strong,player_win,-10.0,5,100.0,5,Expert,0.05,0.05,1,948,49,0.0,0.0,2,0,0
Full,3,471,train,strong,player_win,-10.0,5,100.0,5,Expert,0.05,0.05,1,950,49,0.0,0.0,2,0,0
Full,3,472,train,strong,player_win,-10.0,5,100.0,5,Expert,0.05,0.05,1,952,49,0.0,0.0,2,0,0
Full,3,473,train,strong,player_win,-10.0,5,100.0,5,Expert,0.05,0.05,1,954,49,0.0,0.0,2,0,0
Full,3,474,train,strong,player_win,-10.0,5,100.0,5,Expert,0.05,0.05,1,956,49,0.0,0.0,2,0,0
Full,3,475,train,strong,player_win,-10.0,5,100.0,5,Expert,0.05,0.05,1,958,49,0.0,0.0,2,0,0
Full,3,476,train,strong,player_win,-10.0,5,100.0,5,Expert,0.05,0.05,1,960,49,0.0,0.0,2,0,0
Full,3,477,train,strong,player_win,-10.0,5,100.0,5,Expert,0.05,0.05,1,962,49,0.0,0.0,2,0,0
Full,3,478,train,strong,player_win,-10.0,5,100.0,5,Expert,0.05,0.05,1,964,49,0.0,0.0,2,0,0
Full,3,479,train,strong,player_win,-10.0,5,100.0,5,Expert,0.05,0.05,1,966,49,0.0,0.0,2,0,0
Full,3,480,train,strong,player_win,-10.0,5,100.0,5,Expert,0.05,0.05,1,968,49,0.0,0.0,2,0,0
Full,3,481,train,strong,player_win,-10.0,5,100.0,5,Expert,0.05,0.05,1,970,49,0.0,0.0,2,0,0
Full,3,482,train,strong,player_win,-10.0,5,100.0,5,Expert,0.05,0.05,1,972,49,0.0,0.0,2,0,0
Full,3,483,train,strong,player_win,-10.0,5,100.0,5,Expert,0.05,0.05,1,974,50,0.0,0.0,1,0,1
Full,3,484,train,strong,player_win,-10.0,5,100.0,5,Expert,0.05,0.05,1,976,50,0.0,0.0,2,0,0
Full,3,485,train,strong,player_win,-10.0,5,100.0,5,Expert,0.05,0.05,1,978,51,0.0,0.0,1,0,1
Full,3,486,train,strong,player_win,-10.0,5,100.0,5,Expert,0.05,0.05,1,980,51,0.0,0.0,2,0,0
Full,3,487,train,strong,player_win,-10.0,5,100.0,5,Expert,0.05,0.05,1,982,51,0.0,0.0,2,0,0
Full,3,488,train,strong,player_win,-10.0,5,100.0,5,Expert,0.05,0.05,1,984,51,0.0,0.0,2,0,0
Full,3,489,train,strong,player_win,-10.0,5,100.0,5,Expert,0.05,0.05,1,986,51,0.0,0.0,2,0,0
Full,3,490,train,strong,player_win,-10.0,5,100.0,5,Expert,0.05,0.05,1,988,51,0.0,0.0,2,0,0
Full,3,491,train,strong,player_win,-10.0,5,100.0,5,Expert,0.05,0.05,1,990,51,0.0,0.0,2,0,0
Full,3,492,train,strong,player_win,-10.0,5,100.0,5,Expert,0.05,0.05,1,992,52,0.0,0.0,1,0,1
Full,3,493,train,strong,player_win,-10.0,5,100.0,5,Expert,0.05,0.05,1,994,52,0.0,0.0,2,0,0
Full,3,494,train,strong,player_win,-10.0,5,100.0,5,Expert,0.05,0.05,1,996,52,0.0,0.0,2,0,0
Full,3,495,train,strong,player_win,-10.0,5,100.0,5,Expert,0.05,0.05,1,998,52,0.0,0.0,2,0,0
Full,3,496,train,strong,player_win,-10.0,5,100.0,5,Expert,0.05,0.05,1,1000,52,0.0,0.0,2,0,0
Full,3,497,train,strong,player_win,-10.0,5,100.0,5,Expert,0.05,0.05,1,1002,52,0.0,0.0,2,0,0
Full,3,498,train,strong,player_win,-10.0,5,100.0,5,Expert,0.05,0.05,1,1004,52,0.0,0.0,2,0,0
Full,3,499,train,strong,player_win,-10.0,5,100.0,5,Expert,0.05,0.05,1,1006,52,0.0,0.0,2,0,0
Full,3,500,train,strong,player_win,-10.0,5,100.0,5,Expert,0.05,0.05,1,1008,52,0.0,0.0,2,0,0
Full,3,501,train,strong,player_win,-10.0,5,100.0,5,Expert,0.05,0.05,1,1010,52,0.0,0.0,2,0,0
Full,3,502,train,strong,player_win,-10.0,5,100.0,5,Expert,0.05,0.05,1,1012,52,0.0,0.0,2,0,0
Full,3,503,train,strong,player_win,-10.0,5,100.0,5,Expert,0.05,0.05,1,1014,52,0.0,0.0,2,0,0
Full,3,504,train,strong,player_win,-10.0,5,100.0,5,Expert,0.05,0.05,1,1016,52,0.0,0.0,2,0,0
Full,3,505,train,strong,player_win,-10.0,5,100.0,5,Expert,0.05,0.05,1,1018,53,0.0,0.0,1,0,1
Full,3,506,train,strong,player_win,-10.0,5,100.0,5,Expert,0.05,0.05,1,1020,53,0.0,0.0,2,0,0
Full,3,507,train,strong,player_win,-10.0,5,100.0,5,Expert,0.05,0.05,1,1022,53,0.0,0.0,2,0,0
Full,3,508,train,strong,player_win,-10.0,5,100.0,5,Expert,0.05,0.05,1,1024,53,0.0,0.0,2,0,0
Full,3,509,train,strong,player_win,-10.0,5,100.0,5,Expert,0.05,0.05,1,1026,53,0.0,0.0,2,0,0
Full,3,510,train,strong,player_win,-10.0,5,100.0,5,Expert,0.05,0.05,1,1028,53,0.0,0.0,2,0,0
Full,3,511,train,strong,player_win,-10.0,5,100.0,5,Expert,0.05,0.05,1,1030,53,0.0,0.0,2,0,0
Full,3,512,train,strong,player_win,-10.0,5,100.0,5,Expert,0.05,0.05,1,1032,53,0.0,0.0,2,0,0
Full,3,513,train,strong,player_win,-10.0,5,100.0,5,Expert,0.05,0.05,1,1034,53,0.0,0.0,2,0,0
Full,3,514,train,strong,player_win,-10.0,5,100.0,5,Expert,0.05,0.05,1,1036,53,0.0,0.0,2,0,0
Full,3,515,train,strong,player_win,-10.0,5,100.0,5,Expert,0.05,0.05,1,1038,53,0.0,0.0,2,0,0
Full,3,516,train,strong,player_win,-10.0,5,100.0,5,Expert,0.05,0.05,1,1040,53,0.0,0.0,2,0,0
Full,3,517,train,strong,player_win,-10.0,5,100.0,5,Expert,0.05,0.05,1,1042,53,0.0,0.0,2,0,0
Full,3,518,train,strong,player_win,-10.0,5,100.0,5,Expert,0.05,0.05,1,1044,53,0.0,0.0,2,0,0
Full,3,519,train,strong,player_win,-10.0,5,100.0,5,Expert,0.05,0.05,1,1046,53,0.0,0.0,1,0,1
Full,3,520,train,strong,player_win,-10.0,5,100.0,5,Expert,0.05,0.05,1,1048,53,0.0,0.0,2,0,0
Full,3,521,train,strong,player_win,-10.0,5,100.0,5,Expert,0.05,0.05,1,1050,53,0.0,0.0,1,0,1
Full,3,522,train,strong,player_win,-10.0,5,100.0,5,Expert,0.05,0.05,1,1052,53,0.0,0.0,2,0,0
Full,3,523,train,strong,player_win,-10.0,5,100.0,5,Expert,0.05,0.05,1,1054,53,0.0,0.0,2,0,0
Full,3,524,train,strong,player_win,-10.0,5,100.0,5,Expert,0.05,0.05,1,1056,53,0.0,0.0,2,0,0
Full,3,525,train,strong,player_win,-10.0,5,100.0,5,Expert,0.05,0.05,1,1058,53,0.0,0.0,2,0,0
Full,3,526,train,strong,player_win,-10.0,5,100.0,5,Expert,0.05,0.05,1,1060,53,0.0,0.0,2,0,0
Full,3,527,train,strong,player_win,-10.0,5,100.0,5,Expert,0.05,0.05,1,1062,53,0.0,0.0,2,0,0
Full,3,528,train,strong,player_win,-10.0,5,100.0,5,Expert,0.05,0.05,1,1064,53,0.0,0.0,2,0,0
Full,3,529,train,strong,player_win,-10.0,5,100.0,5,Expert,0.05,0.05,1,1066,53,0.0,0.0,2,0,0
Full,3,530,train,strong,player_win,-10.0,5,100.0,5,Expert,0.05,0.05,1,1068,53,0.0,0.0,2,0,0
Full,3,531,train,strong,player_win,-10.0,5,100.0,5,Expert,0.05,0.05,1,1070,53,0.0,0.0,2,0,0
Full,3,532,train,strong,player_win,-10.0,5,100.0,5,Expert,0.05,0.05,1,1072,53,0.0,0.0,2,0,0
Full,3,533,train,strong,player_win,-10.0,5,100.0,5,Expert,0.05,0.05,1,1074,53,0.0,0.0,2,0,0
Full,3,534,train,strong,player_win,-10.0,5,100.0,5,Expert,0.05,0.05,1,1076,53,0.0,0.0,2,0,0
Full,3,535,train,strong,player_win,-10.0,5,100.0,5,Expert,0.05,0.05,1,1078,53,0.0,0.0,2,0,0
Full,3,536,train,strong,player_win,-10.0,5,100.0,5,Expert,0.05,0.05,1,1080,53,0.0,0.0,2,0,0
Full,3,537,train,strong,player_win,-10.0,5,100.0,5,Expert,0.05,0.05,1,1082,54,0.0,0.0,1,0,1
Full,3,538,train,strong,player_win,-10.0,5,100.0,5,Expert,0.05,0.05,1,1084,54,0.0,0.0,2,0,0
Full,3,539,train,strong,player_win,-10.0,5,100.0,5,Expert,0.05,0.05,1,1086,54,0.0,0.0,2,0,0
Full,3,540,train,strong,player_win,-10.0,5,100.0,5,Expert,0.05,0.05,1,1088,54,0.0,0.0,2,0,0
Full,3,541,train,strong,player_win,-10.0,5,100.0,5,Expert,0.05,0.05,1,1090,54,0.0,0.0,2,0,0
Full,3,542,train,strong,player_win,-10.0,5,100.0,5,Expert,0.05,0.05,1,1092,54,0.0,0.0,2,0,0
Full,3,543,train,strong,player_win,-10.0,5,100.0,5,Expert,0.05,0.05,1,1094,54,0.0,0.0,2,0,0
Full,3,544,train,strong,player_win,-10.0,5,100.0,5,Expert,0.05,0.05,1,1096,54,0.0,0.0,2,0,0
Full,3,545,train,strong,player_win,-10.0,5,100.0,5,Expert,0.05,0.05,1,1098,54,0.0,0.0,2,0,0
Full,3,546,train,strong,player_win,-10.0,5,100.0,5,Expert,0.05,0.05,1,1100,54,0.0,0.0,1,1,0
Full,3,547,train,strong,player_win,-10.0,5,100.0,5,Expert,0.05,0.05,1,1102,54,0.0,0.0,2,0,0
Full,3,548,train,strong,player_win,-10.0,5,100.0,5,Expert,0.05,0.05,1,1104,54,0.0,0.0,2,0,0
Full,3,549,train,strong,player_win,-10.0,5,100.0,5,Expert,0.05,0.05,1,1106,54,0.0,0.0,2,0,0
Full,3,550,train,strong,player_win,-10.0,5,100.0,5,Expert,0.05,0.05,1,1108,54,0.0,0.0,2,0,0
Full,3,551,train,strong,player_win,-10.0,5,100.0,5,Expert,0.05,0.05,1,1110,54,0.0,0.0,2,0,0
Full,3,552,train,strong,player_win,-10.0,5,100.0,5,Expert,0.05,0.05,1,1112,54,0.0,0.0,2,0,0
Full,3,553,train,strong,player_win,-10.0,5,100.0,5,Expert,0.05,0.05,1,1114,54,0.0,0.0,2,0,0
Full,3,554,train,strong,player_win,-10.0,5,100.0,5,Expert,0.05,0.05,1,1116,54,0.0,0.0,2,0,0
Full,3,555,train,strong,player_win,-10.0,5,100.0,5,Expert,0.05,0.05,1,1118,54,0.0,0.0,2,0,0
Full,3,556,train,strong,player_win,-10.0,5,100.0,5,Expert,0.05,0.05,1,1120,54,0.0,0.0,2,0,0
Full,3,557,train,strong,player_win,-10.0,5,100.0,5,Expert,0.05,0.05,1,1122,54,0.0,0.0,2,0,0
Full,3,558,train,strong,player_win,-10.0,5,100.0,5,Expert,0.05,0.05,1,1124,54,0.0,0.0,2,0,0
Full,3,559,train,strong,player_win,-10.0,5,100.0,5,Expert,0.05,0.05,1,1126,54,0.0,0.0,2,0,0
Full,3,560,train,strong,player_win,-10.0,5,100.0,5,Expert,0.05,0.05,1,1128,54,0.0,0.0,2,0,0
Full,3,561,train,strong,player_win,-10.0,5,100.0,5,Expert,0.05,0.05,1,1130,55,0.0,0.0,1,0,1
Full,3,562,train,strong,player_win,-10.0,5,100.0,5,Expert,0.05,0.05,1,1132,55,0.0,0.0,2,0,0
Full,3,563,train,strong,player_win,-10.0,5,100.0,5,Expert,0.05,0.05,1,1134,56,0.0,0.0,1,0,1
Full,3,564,train,strong,player_win,-10.0,5,100.0,5,Expert,0.05,0.05,1,1136,56,0.0,0.0,2,0,0
Full,3,565,train,strong,player_win,-10.0,5,100.0,5,Expert,0.05,0.05,1,1138,56,0.0,0.0,2,0,0
Full,3,566,train,strong,player_win,-10.0,5,100.0,5,Expert,0.05,0.05,1,1140,56,0.0,0.0,2,0,0
Full,3,567,train,strong,player_win,-10.0,5,100.0,5,Expert,0.05,0.05,1,1142,56,0.0,0.0,2,0,0
Full,3,568,train,strong,player_win,-10.0,5,100.0,5,Expert,0.05,0.05,1,1144,56,0.0,0.0,2,0,0
Full,3,569,train,strong,player_win,-10.0,5,100.0,5,Expert,0.05,0.05,1,1146,56,0.0,0.0,2,0,0
Full,3,570,train,strong,player_win,-10.0,5,100.0,5,Expert,0.05,0.05,1,1148,57,0.0,0.0,1,0,1
Full,3,571,train,strong,player_win,-10.0,5,100.0,5,Expert,0.05,0.05,1,1150,57,0.0,0.0,2,0,0
Full,3,572,train,strong,player_win,-10.0,5,100.0,5,Expert,0.05,0.05,1,1152,57,0.0,0.0,2,0,0
Full,3,573,train,strong,player_win,-10.0,5,100.0,5,Expert,0.05,0.05,1,1154,57,0.0,0.0,2,0,0
Full,3,574,train,strong,player_win,-10.0,5,100.0,5,Expert,0.05,0.05,1,1156,57,0.0,0.0,2,0,0
Full,3,575,train,strong,player_win,-10.0,5,100.0,5,Expert,0.05,0.05,1,1158,57,0.0,0.0,2,0,0
Full,3,576,train,strong,player_win,-10.0,5,100.0,5,Expert,0.05,0.05,1,1160,57,0.0,0.0,2,0,0
Full,3,577,train,strong,player_win,-10.0,5,100.0,5,Expert,0.05,0.05,1,1162,58,0.0,0.0,1,0,1
Full,3,578,train,strong,player_win,-10.0,5,100.0,5,Expert,0.05,0.05,1,1164,58,0.0,0.0,2,0,0
Full,3,579,train,strong,player_win,-10.0,5,100.0,5,Expert,0.05,0.05,1,1166,58,0.0,0.0,2,0,0
Full,3,580,train,strong,player_win,-10.0,5,100.0,5,Expert,0.05,0.05,1,1168,58,0.0,0.0,2,0,0
Full,3,581,train,strong,player_win,-10.0,5,100.0,5,Expert,0.05,0.05,1,1170,58,0.0,0.0,2,0,0
Full,3,582,train,strong,player_win,-10.0,5,100.0,5,Expert,0.05,0.05,1,1172,58,0.0,0.0,2,0,0
Full,3,583,train,strong,player_win,-10.0,5,100.0,5,Expert,0.05,0.05,1,1174,58,0.0,0.0,2,0,0
Full,3,584,train,strong,player_win,-10.0,5,100.0,5,Expert,0.05,0.05,1,1176,58,0.0,0.0,2,0,0
Full,3,585,train,strong,player_win,-10.0,5,100.0,5,Expert,0.05,0.05,1,1178,58,0.0,0.0,2,0,0
Full,3,586,train,strong,player_win,-10.0,5,100.0,5,Expert,0.05,0.05,1,1180,58,0.0,0.0,2,0,0
Full,3,587,train,strong,player_win,-10.0,5,100.0,5,Expert,0.05,0.05,1,1182,58,0.0,0.0,2,0,0
Full,3,588,train,strong,player_win,-10.0,5,100.0,5,Expert,0.05,0.05,1,1184,58,0.0,0.0,2,0,0
Full,3,589,train,strong,player_win,-10.0,5,100.0,5,Expert,0.05,0.05,1,1186,58,0.0,0.0,2,0,0
Full,3,590,train,strong,player_win,-10.0,5,100.0,5,Expert,0.05,0.05,1,1188,58,0.0,0.0,2,0,0
Full,3,591,train,strong,player_win,-10.0,5,100.0,5,Expert,0.05,0.05,1,1190,58,0.0,0.0,2,0,0
Full,3,592,train,strong,player_win,-10.0,5,100.0,5,Expert,0.05,0.05,1,1192,58,0.0,0.0,2,0,0
Full,3,593,train,strong,player_win,-10.0,5,100.0,5,Expert,0.05,0.05,1,1194,58,0.0,0.0,2,0,0
Full,3,594,train,strong,player_win,-10.0,5,100.0,5,Expert,0.05,0.05,1,1196,58,0.0,0.0,1,0,1
Full,3,595,train,strong,player_win,-10.0,5,100.0,5,Expert,0.05,0.05,1,1198,58,0.0,0.0,2,0,0
Full,3,596,train,strong,player_win,-10.0,5,100.0,5,Expert,0.05,0.05,1,1200,58,0.0,0.0,2,0,0
Full,3,597,train,strong,player_win,-10.0,5,100.0,5,Expert,0.05,0.05,1,1202,58,0.0,0.0,2,0,0
Full,3,598,train,strong,player_win,-10.0,5,100.0,5,Expert,0.05,0.05,1,1204,58,0.0,0.0,2,0,0
Full,3,599,train,strong,player_win,-10.0,5,100.0,5,Expert,0.05,0.05,1,1206,58,0.0,0.0,1,0,1
Full,3,600,train,strong,player_win,-10.0,5,100.0,5,Expert,0.05,0.05,1,1208,58,0.0,0.0,2,0,0
Full,3,601,train,strong,player_win,-10.0,5,100.0,5,Expert,0.05,0.05,1,1210,58,0.0,0.0,2,0,0
Full,3,602,train,strong,player_win,-10.0,5,100.0,5,Expert,0.05,0.05,1,1212,58,0.0,0.0,2,0,0
Full,3,603,train,strong,player_win,-10.0,5,100.0,5,Expert,0.05,0.05,1,1214,58,0.0,0.0,2,0,0
Full,3,604,train,strong,player_win,-10.0,5,100.0,5,Expert,0.05,0.05,1,1216,58,0.0,0.0,2,0,0
Full,3,605,train,strong,player_win,-10.0,5,100.0,5,Expert,0.05,0.05,1,1218,58,0.0,0.0,2,0,0
Full,3,606,train,strong,player_win,-10.0,5,100.0,5,Expert,0.05,0.05,1,1220,58,0.0,0.0,2,0,0
Full,3,607,train,strong,player_win,-10.0,5,100.0,5,Expert,0.05,0.05,1,1222,58,0.0,0.0,1,0,1
Full,3,608,train,strong,player_win,-10.0,5,100.0,5,Expert,0.05,0.05,1,1224,58,0.0,0.0,2,0,0
Full,3,609,train,strong,player_win,-10.0,5,100.0,5,Expert,0.05,0.05,1,1226,58,0.0,0.0,2,0,0
Full,3,610,train,strong,player_win,-10.0,5,100.0,5,Expert,0.05,0.05,1,1228,58,0.0,0.0,1,0,1
Full,3,611,train,strong,player_win,-10.0,5,100.0,5,Expert,0.05,0.05,1,1230,58,0.0,0.0,2,0,0
Full,3,612,train,strong,player_win,-10.0,5,100.0,5,Expert,0.05,0.05,1,1232,58,0.0,0.0,2,0,0
Full,3,613,train,strong,player_win,-10.0,5,100.0,5,Expert,0.05,0.05,1,1234,58,0.0,0.0,2,0,0
Full,3,614,train,strong,player_win,-10.0,5,100.0,5,Expert,0.05,0.05,1,1236,58,0.0,0.0,2,0,0
Full,3,615,train,strong,player_win,-10.0,5,100.0,5,Expert,0.05,0.05,1,1238,58,0.0,0.0,2,0,0
Full,3,616,train,strong,player_win,-10.0,5,100.0,5,Expert,0.05,0.05,1,1240,58,0.0,0.0,2,0,0
Full,3,617,train,strong,player_win,-10.0,5,100.0,5,Expert,0.05,0.05,1,1242,58,0.0,0.0,2,0,0
Full,3,618,train,strong,player_win,-10.0,5,100.0,5,Expert,0.05,0.05,1,1244,58,0.0,0.0,2,0,0
Full,3,619,train,strong,player_win,-10.0,5,100.0,5,Expert,0.05,0.05,1,1246,58,0.0,0.0,2,0,0
Full,3,620,train,strong,player_win,-10.0,5,100.0,5,Expert,0.05,0.05,1,1248,58,0.0,0.0,2,0,0
Full,3,621,train,strong,player_win,-10.0,5,100.0,5,Expert,0.05,0.05,1,1250,58,0.0,0.0,2,0,0
Full,3,622,train,strong,player_win,-10.0,5,100.0,5,Expert,0.05,0.05,1,1252,58,0.0,0.0,2,0,0
Full,3,623,train,strong,player_win,-10.0,5,100.0,5,Expert,0.05,0.05,1,1254,58,0.0,0.0,2,0,0
Full,3,624,train,strong,player_win,-10.0,5,100.0,5,Expert,0.05,0.05,1,1256,58,0.0,0.0,2,0,0
Full,3,625,train,strong,player_win,-10.0,5,100.0,5,Expert,0.05,0.05,1,1258,58,0.0,0.0,2,0,0
Full,3,626,train,strong,player_win,-10.0,5,100.0,5,Expert,0.05,0.05,1,1260,58,0.0,0.0,2,0,0
Full,3,627,train,strong,player_win,-10.0,5,100.0,5,Expert,0.05,0.05,1,1262,58,0.0,0.0,2,0,0
Full,3,628,train,strong,player_win,-10.0,5,100.0,5,Expert,0.05,0.05,1,1264,58,0.0,0.0,2,0,0
Full,3,629,train,strong,player_win,-10.0,5,100.0,5,Expert,0.05,0.05,1,1266,58,0.0,0.0,1,0,1
Full,3,630,train,strong,player_win,-10.0,5,100.0,5,Expert,0.05,0.05,1,1268,58,0.0,0.0,2,0,0
Full,3,631,train,strong,player_win,-10.0,5,100.0,5,Expert,0.05,0.05,1,1270,58,0.0,0.0,2,0,0
Full,3,632,train,strong,player_win,-10.0,5,100.0,5,Expert,0.05,0.05,1,1272,58,0.0,0.0,2,0,0
Full,3,633,train,strong,player_win,-10.0,5,100.0,5,Expert,0.05,0.05,1,1274,58,0.0,0.0,2,0,0
Full,3,634,train,strong,player_win,-10.0,5,100.0,5,Expert,0.05,0.05,1,1276,58,0.0,0.0,2,0,0
Full,3,635,train,strong,player_win,-10.0,5,100.0,5,Expert,0.05,0.05,1,1278,58,0.0,0.0,2,0,0
Full,3,636,train,strong,player_win,-10.0,5,100.0,5,Expert,0.05,0.05,1,1280,58,0.0,0.0,2,0,0
Full,3,637,train,strong,player_win,-10.0,5,100.0,5,Expert,0.05,0.05,1,1282,58,0.0,0.0,2,0,0
Full,3,638,train,strong,player_win,-10.0,5,100.0,5,Expert,0.05,0.05,1,1284,58,0.0,0.0,2,0,0
Full,3,639,train,strong,player_win,-10.0,5,100.0,5,Expert,0.05,0.05,1,1286,58,0.0,0.0,2,0,0
Full,3,640,train,strong,player_win,-10.0,5,100.0,5,Expert,0.05,0.05,1,1288,58,0.0,0.0,2,0,0
Full,3,641,train,strong,player_win,-10.0,5,100.0,5,Expert,0.05,0.05,1,1290,58,0.0,0.0,1,0,1
Full,3,642,train,strong,player_win,-10.0,7,100.0,5,Expert,0.05,0.05,1,1293,60,0.0,0.0,2,0,1
Full,3,643,train,strong,player_win,-10.0,5,100.0,5,Expert,0.05,0.05,1,1295,60,0.0,0.0,2,0,0
Full,3,644,train,strong,player_win,-10.0,5,100.0,5,Expert,0.05,0.05,1,1297,60,0.0,0.0,2,0,0
Full,3,645,train,strong,player_win,-10.0,5,100.0,5,Expert,0.05,0.05,1,1299,60,0.0,0.0,2,0,0
Full,3,646,train,strong,player_win,-10.0,5,100.0,5,Expert,0.05,0.05,1,1301,60,0.0,0.0,2,0,0
Full,3,647,train,strong,player_win,-10.0,5,100.0,5,Expert,0.05,0.05,1,1303,60,0.0,0.0,2,0,0
Full,3,648,train,strong,player_win,-10.0,5,100.0,5,Expert,0.05,0.05,1,1305,60,0.0,0.0,2,0,0
Full,3,649,train,strong,player_win,-10.0,5,100.0,5,Expert,0.05,0.05,1,1307,60,0.0,0.0,2,0,0
Full,3,650,train,strong,player_win,-10.0,5,100.0,5,Expert,0.05,0.05,1,1309,60,0.0,0.0,2,0,0
Full,3,651,train,strong,player_win,-10.0,5,100.0,5,Expert,0.05,0.05,1,1311,60,0.0,0.0,2,0,0
Full,3,652,train,strong,player_win,-10.0,5,100.0,5,Expert,0.05,0.05,1,1313,60,0.0,0.0,2,0,0
Full,3,653,train,strong,player_win,-10.0,5,100.0,5,Expert,0.05,0.05,1,1315,60,0.0,0.0,2,0,0
Full,3,654,train,strong,player_win,-10.0,5,100.0,5,Expert,0.05,0.05,1,1317,60,0.0,0.0,2,0,0
Full,3,655,train,strong,player_win,-10.0,5,100.0,5,Expert,0.05,0.05,1,1319,60,0.0,0.0,2,0,0
Full,3,656,train,strong,player_win,-10.0,5,100.0,5,Expert,0.05,0.05,1,1321,60,0.0,0.0,2,0,0
Full,3,657,train,strong,player_win,-10.0,5,100.0,5,Expert,0.05,0.05,1,1323,60,0.0,0.0,2,0,0
Full,3,658,train,strong,player_win,-10.0,5,100.0,5,Expert,0.05,0.05,1,1325,60,0.0,0.0,2,0,0
Full,3,659,train,strong,player_win,-10.0,5,100.0,5,Expert,0.05,0.05,1,1327,60,0.0,0.0,2,0,0
Full,3,660,train,strong,player_win,-10.0,5,100.0,5,Expert,0.05,0.05,1,1329,60,0.0,0.0,2,0,0
Full,3,661,train,strong,player_win,-10.0,5,100.0,5,Expert,0.05,0.05,1,1331,60,0.0,0.0,2,0,0
Full,3,662,train,strong,player_win,-10.0,5,100.0,5,Expert,0.05,0.05,1,1333,60,0.0,0.0,1,0,1
Full,3,663,train,strong,player_win,-10.0,5,100.0,5,Expert,0.05,0.05,1,1335,61,0.0,0.0,1,0,1
Full,3,664,train,strong,player_win,-10.0,5,100.0,5,Expert,0.05,0.05,1,1337,61,0.0,0.0,2,0,0
Full,3,665,train,strong,player_win,-10.0,5,100.0,5,Expert,0.05,0.05,1,1339,61,0.0,0.0,2,0,0
Full,3,666,train,strong,player_win,-10.0,5,100.0,5,Expert,0.05,0.05,1,1341,61,0.0,0.0,2,0,0
Full,3,667,train,strong,player_win,-10.0,5,100.0,5,Expert,0.05,0.05,1,1343,61,0.0,0.0,2,0,0
Full,3,668,train,strong,player_win,-10.0,5,100.0,5,Expert,0.05,0.05,1,1345,62,0.0,0.0,1,0,1
Full,3,669,train,strong,player_win,-10.0,5,100.0,5,Expert,0.05,0.05,1,1347,62,0.0,0.0,2,0,0
Full,3,670,train,strong,player_win,-10.0,5,100.0,5,Expert,0.05,0.05,1,1349,62,0.0,0.0,2,0,0
Full,3,671,train,strong,player_win,-10.0,5,100.0,5,Expert,0.05,0.05,1,1351,62,0.0,0.0,1,0,1
Full,3,672,train,strong,player_win,-10.0,5,100.0,5,Expert,0.05,0.05,1,1353,62,0.0,0.0,2,0,0
Full,3,673,train,strong,player_win,-10.0,5,100.0,5,Expert,0.05,0.05,1,1355,62,0.0,0.0,2,0,0
Full,3,674,train,strong,player_win,-10.0,5,100.0,5,Expert,0.05,0.05,1,1357,62,0.0,0.0,2,0,0
Full,3,675,train,strong,player_win,-10.0,5,100.0,5,Expert,0.05,0.05,1,1359,62,0.0,0.0,2,0,0
Full,3,676,train,strong,player_win,-10.0,5,100.0,5,Expert,0.05,0.05,1,1361,62,0.0,0.0,2,0,0
Full,3,677,train,strong,player_win,-10.0,5,100.0,5,Expert,0.05,0.05,1,1363,62,0.0,0.0,1,0,1
Full,3,678,train,strong,player_win,-10.0,5,100.0,5,Expert,0.05,0.05,1,1365,62,0.0,0.0,2,0,0
Full,3,679,train,strong,player_win,-10.0,5,100.0,5,Expert,0.05,0.05,1,1367,62,0.0,0.0,2,0,0
Full,3,680,train,strong,player_win,-10.0,5,100.0,5,Expert,0.05,0.05,1,1369,62,0.0,0.0,2,0,0
Full,3,681,train,strong,player_win,-10.0,5,100.0,5,Expert,0.05,0.05,1,1371,62,0.0,0.0,2,0,0
Full,3,682,train,strong,player_win,-10.0,5,100.0,5,Expert,0.05,0.05,1,1373,62,0.0,0.0,2,0,0
Full,3,683,train,strong,player_win,-10.0,5,100.0,5,Expert,0.05,0.05,1,1375,62,0.0,0.0,2,0,0
Full,3,684,train,strong,player_win,-10.0,5,100.0,5,Expert,0.05,0.05,1,1377,62,0.0,0.0,2,0,0
Full,3,685,train,strong,player_win,-10.0,5,100.0,5,Expert,0.05,0.05,1,1379,62,0.0,0.0,2,0,0
Full,3,686,train,strong,player_win,-10.0,5,100.0,5,Expert,0.05,0.05,1,1381,62,0.0,0.0,2,0,0
Full,3,687,train,strong,player_win,-10.0,5,100.0,5,Expert,0.05,0.05,1,1383,62,0.0,0.0,2,0,0
Full,3,688,train,strong,player_win,-10.0,5,100.0,5,Expert,0.05,0.05,1,1385,62,0.0,0.0,2,0,0
Full,3,689,train,strong,player_win,-10.0,5,100.0,5,Expert,0.05,0.05,1,1387,62,0.0,0.0,2,0,0
Full,3,690,train,strong,player_win,-10.0,5,100.0,5,Expert,0.05,0.05,1,1389,62,0.0,0.0,2,0,0
Full,3,691,train,strong,player_win,-10.0,5,100.0,5,Expert,0.05,0.05,1,1391,62,0.0,0.0,1,0,1
Full,3,692,train,strong,player_win,-10.0,5,100.0,5,Expert,0.05,0.05,1,1393,62,0.0,0.0,2,0,0
Full,3,693,train,strong,player_win,-10.0,5,100.0,5,Expert,0.05,0.05,1,1395,62,0.0,0.0,2,0,0
Full,3,694,train,strong,player_win,-10.0,5,100.0,5,Expert,0.05,0.05,1,1397,62,0.0,0.0,2,0,0
Full,3,695,train,strong,player_win,-10.0,5,100.0,5,Expert,0.05,0.05,1,1399,62,0.0,0.0,2,0,0
Full,3,696,train,strong,player_win,-10.0,5,100.0,5,Expert,0.05,0.05,1,1401,62,0.0,0.0,2,0,0
Full,3,697,train,strong,player_win,-10.0,5,100.0,5,Expert,0.05,0.05,1,1403,62,0.0,0.0,2,0,0
Full,3,698,train,strong,player_win,-10.0,5,100.0,5,Expert,0.05,0.05,1,1405,62,0.0,0.0,2,0,0
Full,3,699,train,strong,player_win,-10.0,5,100.0,5,Expert,0.05,0.05,1,1407,62,0.0,0.0,2,0,0
Full,3,700,train,strong,player_win,-10.0,5,100.0,5,Expert,0.05,0.05,1,1409,62,0.0,0.0,2,0,0
Full,3,701,train,strong,player_win,-10.0,5,100.0,5,Expert,0.05,0.05,1,1411,62,0.0,0.0,1,0,1
Full,3,702,train,strong,player_win,-10.0,5,100.0,5,Expert,0.05,0.05,1,1413,62,0.0,0.0,2,0,0
Full,3,703,train,strong,player_win,-10.0,5,100.0,5,Expert,0.05,0.05,1,1415,62,0.0,0.0,2,0,0
Full,3,704,train,strong,player_win,-10.0,5,100.0,5,Expert,0.05,0.05,1,1417,62,0.0,0.0,2,0,0
Full,3,705,train,strong,player_win,-10.0,5,100.0,5,Expert,0.05,0.05,1,1419,62,0.0,0.0,2,0,0
Full,3,706,train,strong,player_win,-10.0,5,100.0,5,Expert,0.05,0.05,1,1421,62,0.0,0.0,2,0,0
Full,3,707,train,strong,player_win,-10.0,5,100.0,5,Expert,0.05,0.05,1,1423,62,0.0,0.0,2,0,0
Full,3,708,train,strong,player_win,-10.0,5,100.0,5,Expert,0.05,0.05,1,1425,62,0.0,0.0,2,0,0
Full,3,709,train,strong,player_win,-10.0,5,100.0,5,Expert,0.05,0.05,1,1427,62,0.0,0.0,2,0,0
Full,3,710,train,strong,player_win,-10.0,5,100.0,5,Expert,0.05,0.05,1,1429,62,0.0,0.0,2,0,0
Full,3,711,train,strong,player_win,-10.0,5,100.0,5,Expert,0.05,0.05,1,1431,62,0.0,0.0,2,0,0
Full,3,712,train,strong,player_win,-10.0,5,100.0,5,Expert,0.05,0.05,1,1433,63,0.0,0.0,1,1,0
Full,3,713,train,strong,player_win,-10.0,5,100.0,5,Expert,0.05,0.05,1,1435,63,0.0,0.0,2,0,0
Full,3,714,train,strong,player_win,-10.0,5,100.0,5,Expert,0.05,0.05,1,1437,63,0.0,0.0,2,0,0
Full,3,715,train,strong,player_win,-10.0,5,100.0,5,Expert,0.05,0.05,1,1439,63,0.0,0.0,2,0,0
Full,3,716,train,strong,player_win,-10.0,5,100.0,5,Expert,0.05,0.05,1,1441,63,0.0,0.0,2,0,0
Full,3,717,train,strong,player_win,-10.0,5,100.0,5,Expert,0.05,0.05,1,1443,63,0.0,0.0,2,0,0
Full,3,718,train,strong,player_win,-10.0,5,100.0,5,Expert,0.05,0.05,1,1445,63,0.0,0.0,2,0,0
Full,3,719,train,strong,player_win,-10.0,5,100.0,5,Expert,0.05,0.05,1,1447,63,0.0,0.0,2,0,0
Full,3,720,train,strong,player_win,-10.0,5,100.0,5,Expert,0.05,0.05,1,1449,63,0.0,0.0,2,0,0
Full,3,721,train,strong,player_win,-10.0,5,100.0,5,Expert,0.05,0.05,1,1451,63,0.0,0.0,2,0,0
Full,3,722,train,strong,player_win,-10.0,5,100.0,5,Expert,0.05,0.05,1,1453,63,0.0,0.0,2,0,0
Full,3,723,train,strong,player_win,-10.0,5,100.0,5,Expert,0.05,0.05,1,1455,63,0.0,0.0,2,0,0
Full,3,724,train,strong,player_win,-10.0,5,100.0,5,Expert,0.05,0.05,1,1457,63,0.0,0.0,2,0,0
Full,3,725,train,strong,player_win,-10.0,5,100.0,5,Expert,0.05,0.05,1,1459,63,0.0,0.0,2,0,0
Full,3,726,train,strong,player_win,-10.0,5,100.0,5,Expert,0.05,0.05,1,1461,63,0.0,0.0,2,0,0
Full,3,727,train,strong,player_win,-10.0,5,100.0,5,Expert,0.05,0.05,1,1463,63,0.0,0.0,2,0,0
Full,3,728,train,strong,player_win,-10.0,5,100.0,5,Expert,0.05,0.05,1,1465,63,0.0,0.0,2,0,0
Full,3,729,train,strong,player_win,-10.0,5,100.0,5,Expert,0.05,0.05,1,1467,63,0.0,0.0,2,0,0
Full,3,730,train,strong,player_win,-10.0,5,100.0,5,Expert,0.05,0.05,1,1469,63,0.0,0.0,2,0,0
Full,3,731,train,strong,player_win,-10.0,5,100.0,5,Expert,0.05,0.05,1,1471,64,0.0,0.0,1,0,1
Full,3,732,train,strong,player_win,-10.0,5,100.0,5,Expert,0.05,0.05,1,1473,64,0.0,0.0,2,0,0
Full,3,733,train,strong,player_win,-10.0,5,100.0,5,Expert,0.05,0.05,1,1475,64,0.0,0.0,2,0,0
Full,3,734,train,strong,player_win,-10.0,5,100.0,5,Expert,0.05,0.05,1,1477,64,0.0,0.0,2,0,0
Full,3,735,train,strong,player_win,-10.0,5,100.0,5,Expert,0.05,0.05,1,1479,64,0.0,0.0,2,0,0
Full,3,736,train,strong,player_win,-10.0,5,100.0,5,Expert,0.05,0.05,1,1481,64,0.0,0.0,2,0,0
Full,3,737,train,strong,player_win,-10.0,5,100.0,5,Expert,0.05,0.05,1,1483,64,0.0,0.0,2,0,0
Full,3,738,train,strong,player_win,-10.0,5,100.0,5,Expert,0.05,0.05,1,1485,64,0.0,0.0,2,0,0
Full,3,739,train,strong,player_win,-10.0,5,100.0,5,Expert,0.05,0.05,1,1487,64,0.0,0.0,2,0,0
Full,3,740,train,strong,player_win,-10.0,5,100.0,5,Expert,0.05,0.05,1,1489,64,0.0,0.0,2,0,0
Full,3,741,train,strong,player_win,-10.0,5,100.0,5,Expert,0.05,0.05,1,1491,64,0.0,0.0,2,0,0
Full,3,742,train,strong,player_win,-10.0,5,100.0,5,Expert,0.05,0.05,1,1493,64,0.0,0.0,2,0,0
Full,3,743,train,strong,player_win,-10.0,5,100.0,5,Expert,0.05,0.05,1,1495,64,0.0,0.0,2,0,0
Full,3,744,train,strong,player_win,-10.0,5,100.0,5,Expert,0.05,0.05,1,1497,64,0.0,0.0,2,0,0
Full,3,745,train,strong,player_win,-10.0,5,100.0,5,Expert,0.05,0.05,1,1499,65,0.0,0.0,1,0,1
Full,3,746,train,strong,player_win,-10.0,5,100.0,5,Expert,0.05,0.05,1,1501,65,0.0,0.0,2,0,0
Full,3,747,train,strong,player_win,-10.0,5,100.0,5,Expert,0.05,0.05,1,1503,65,0.0,0.0,2,0,0
Full,3,748,train,strong,player_win,-10.0,5,100.0,5,Expert,0.05,0.05,1,1505,65,0.0,0.0,2,0,0
Full,3,749,train,strong,player_win,-10.0,5,100.0,5,Expert,0.05,0.05,1,1507,65,0.0,0.0,2,0,0
Full,3,750,train,strong,player_win,-10.0,5,100.0,5,Expert,0.05,0.05,1,1509,65,0.0,0.0,2,0,0
Full,3,751,train,strong,player_win,-10.0,5,100.0,5,Expert,0.05,0.05,1,1511,65,0.0,0.0,2,0,0
Full,3,752,train,strong,player_win,-10.0,5,100.0,5,Expert,0.05,0.05,1,1513,65,0.0,0.0,2,0,0
Full,3,753,train,strong,player_win,-10.0,5,100.0,5,Expert,0.05,0.05,1,1515,65,0.0,0.0,2,0,0
Full,3,754,train,strong,player_win,-10.0,5,100.0,5,Expert,0.05,0.05,1,1517,65,0.0,0.0,2,0,0
Full,3,755,train,strong,player_win,-10.0,5,100.0,5,Expert,0.05,0.05,1,1519,65,0.0,0.0,2,0,0
Full,3,756,train,strong,player_win,-10.0,5,100.0,5,Expert,0.05,0.05,1,1521,65,0.0,0.0,2,0,0
Full,3,757,train,strong,player_win,-10.0,5,100.0,5,Expert,0.05,0.05,1,1523,65,0.0,0.0,2,0,0
Full,3,758,train,strong,player_win,-10.0,5,100.0,5,Expert,0.05,0.05,1,1525,65,0.0,0.0,2,0,0
Full,3,759,train,strong,player_win,-10.0,5,100.0,5,Expert,0.05,0.05,1,1527,65,0.0,0.0,2,0,0
Full,3,760,train,strong,player_win,-10.0,5,100.0,5,Expert,0.05,0.05,1,1529,65,0.0,0.0,2,0,0
Full,3,761,train,strong,player_win,-10.0,5,100.0,5,Expert,0.05,0.05,1,1531,65,0.0,0.0,2,0,0
Full,3,762,train,strong,player_win,-10.0,5,100.0,5,Expert,0.05,0.05,1,1533,65,0.0,0.0,2,0,0
Full,3,763,train,strong,player_win,-10.0,5,100.0,5,Expert,0.05,0.05,1,1535,65,0.0,0.0,2,0,0
Full,3,764,train,strong,player_win,-10.0,5,100.0,5,Expert,0.05,0.05,1,1537,65,0.0,0.0,2,0,0
Full,3,765,train,strong,player_win,-10.0,5,100.0,5,Expert,0.05,0.05,1,1539,65,0.0,0.0,2,0,0
Full,3,766,train,strong,player_win,-10.0,5,100.0,5,Expert,0.05,0.05,1,1541,65,0.0,0.0,2,0,0
Full,3,767,train,strong,player_win,-10.0,5,100.0,5,Expert,0.05,0.05,1,1543,65,0.0,0.0,2,0,0
Full,3,768,train,strong,player_win,-10.0,5,100.0,5,Expert,0.05,0.05,1,1545,65,0.0,0.0,2,0,0
Full,3,769,train,strong,player_win,-10.0,5,100.0,5,Expert,0.05,0.05,1,1547,65,0.0,0.0,2,0,0
Full,3,770,train,strong,player_win,-10.0,5,100.0,5,Expert,0.05,0.05,1,1549,65,0.0,0.0,2,0,0
Full,3,771,train,strong,player_win,-10.0,5,100.0,5,Expert,0.05,0.05,1,1551,65,0.0,0.0,2,0,0
Full,3,772,train,strong,player_win,-10.0,5,100.0,5,Expert,0.05,0.05,1,1553,65,0.0,0.0,2,0,0
Full,3,773,train,strong,player_win,-10.0,5,100.0,5,Expert,0.05,0.05,1,1555,65,0.0,0.0,2,0,0
Full,3,774,train,strong,player_win,-10.0,5,100.0,5,Expert,0.05,0.05,1,1557,65,0.0,0.0,2,0,0
Full,3,775,train,strong,player_win,-10.0,5,100.0,5,Expert,0.05,0.05,1,1559,65,0.0,0.0,2,0,0
Full,3,776,train,strong,player_win,-10.0,5,100.0,5,Expert,0.05,0.05,1,1561,65,0.0,0.0,2,0,0
Full,3,777,train,strong,player_win,-10.0,5,100.0,5,Expert,0.05,0.05,1,1563,65,0.0,0.0,2,0,0
Full,3,778,train,strong,player_win,-10.0,5,100.0,5,Expert,0.05,0.05,1,1565,65,0.0,0.0,2,0,0
Full,3,779,train,strong,player_win,-10.0,5,100.0,5,Expert,0.05,0.05,1,1567,65,0.0,0.0,2,0,0
Full,3,780,train,strong,player_win,-10.0,5,100.0,5,Expert,0.05,0.05,1,1569,65,0.0,0.0,2,0,0
Full,3,781,train,strong,player_win,-10.0,5,100.0,5,Expert,0.05,0.05,1,1571,65,0.0,0.0,2,0,0
Full,3,782,train,strong,player_win,-10.0,5,100.0,5,Expert,0.05,0.05,1,1573,65,0.0,0.0,2,0,0
Full,3,783,train,strong,player_win,-10.0,5,100.0,5,Expert,0.05,0.05,1,1575,65,0.0,0.0,2,0,0
Full,3,784,train,strong,player_win,-10.0,5,100.0,5,Expert,0.05,0.05,1,1577,65,0.0,0.0,2,0,0
Full,3,785,train,strong,player_win,-10.0,5,100.0,5,Expert,0.05,0.05,1,1579,65,0.0,0.0,2,0,0
Full,3,786,train,strong,player_win,-10.0,5,100.0,5,Expert,0.05,0.05,1,1581,65,0.0,0.0,2,0,0
Full,3,787,train,strong,player_win,-10.0,5,100.0,5,Expert,0.05,0.05,1,1583,65,0.0,0.0,2,0,0
Full,3,788,train,strong,player_win,-10.0,5,100.0,5,Expert,0.05,0.05,1,1585,65,0.0,0.0,2,0,0
Full,3,789,train,strong,player_win,-10.0,5,100.0,5,Expert,0.05,0.05,1,1587,65,0.0,0.0,2,0,0
Full,3,790,train,strong,player_win,-10.0,5,100.0,5,Expert,0.05,0.05,1,1589,65,0.0,0.0,2,0,0
Full,3,791,train,strong,player_win,-10.0,5,100.0,5,Expert,0.05,0.05,1,1591,65,0.0,0.0,2,0,0
Full,3,792,train,strong,player_win,-10.0,5,100.0,5,Expert,0.05,0.05,1,1593,65,0.0,0.0,2,0,0
Full,3,793,train,strong,player_win,-10.0,5,100.0,5,Expert,0.05,0.05,1,1595,65,0.0,0.0,2,0,0
Full,3,794,train,strong,player_win,-10.0,5,100.0,5,Expert,0.05,0.05,1,1597,65,0.0,0.0,2,0,0
Full,3,795,train,strong,player_win,-10.0,5,100.0,5,Expert,0.05,0.05,1,1599,65,0.0,0.0,2,0,0
Full,3,796,train,strong,player_win,-10.0,5,100.0,5,Expert,0.05,0.05,1,1601,65,0.0,0.0,2,0,0
Full,3,797,train,strong,player_win,-10.0,5,100.0,5,Expert,0.05,0.05,1,1603,65,0.0,0.0,2,0,0
Full,3,798,train,strong,player_win,-10.0,5,100.0,5,Expert,0.05,0.05,1,1605,65,0.0,0.0,2,0,0
Full,3,799,train,strong,player_win,-10.0,5,100.0,5,Expert,0.05,0.05,1,1607,65,0.0,0.0,2,0,0
Full,3,800,train,strong,player_win,-10.0,5,100.0,5,Expert,0.05,0.05,1,1609,65,0.0,0.0,2,0,0
Full,3,801,eval,strong,player_win,-10.0,5,100.0,5,Expert,0.05,0.0,0,1609,65,0.0,0.0,2,0,0
Full,3,802,eval,strong,player_win,-10.0,5,100.0,5,Expert,0.05,0.0,0,1609,65,0.0,0.0,2,0,0
Full,3,803,eval,strong,player_win,-10.0,5,100.0,5,Expert,0.05,0.0,0,1609,65,0.0,0.0,2,0,0
Full,3,804,eval,strong,player_win,-10.0,5,100.0,5,Expert,0.05,0.0,0,1609,65,0.0,0.0,2,0,0
Full,3,805,eval,strong,player_win,-10.0,5,100.0,5,Expert,0.05,0.0,0,1609,65,0.0,0.0,2,0,0
Full,3,806,eval,strong,player_win,-10.0,5,100.0,5,Expert,0.05,0.0,0,1609,65,0.0,0.0,2,0,0
Full,3,807,eval,strong,player_win,-10.0,5,100.0,5,Expert,0.05,0.0,0,1609,65,0.0,0.0,2,0,0
Full,3,808,eval,strong,player_win,-10.0,5,100.0,5,Expert,0.05,0.0,0,1609,65,0.0,0.0,2,0,0
Full,3,809,eval,strong,player_win,-10.0,5,100.0,5,Expert,0.05,0.0,0,1609,65,0.0,0.0,2,0,0
Full,3,810,eval,strong,player_win,-10.0,5,100.0,5,Expert,0.05,0.0,0,1609,65,0.0,0.0,2,0,0
Full,3,811,eval,strong,player_win,-10.0,5,100.0,5,Expert,0.05,0.0,0,1609,65,0.0,0.0,2,0,0
Full,3,812,eval,strong,player_win,-10.0,5,100.0,5,Expert,0.05,0.0,0,1609,65,0.0,0.0,2,0,0
Full,3,813,eval,strong,player_win,-10.0,5,100.0,5,Expert,0.05,0.0,0,1609,65,0.0,0.0,2,0,0
Full,3,814,eval,strong,player_win,-10.0,5,100.0,5,Expert,0.05,0.0,0,1609,65,0.0,0.0,2,0,0
Full,3,815,eval,strong,player_win,-10.0,5,100.0,5,Expert,0.05,0.0,0,1609,65,0.0,0.0,1,0,1
Full,3,816,eval,strong,player_win,-10.0,5,100.0,5,Expert,0.05,0.0,0,1609,65,0.0,0.0,2,0,0
Full,3,817,eval,strong,player_win,-10.0,5,100.0,5,Expert,0.05,0.0,0,1609,65,0.0,0.0,2,0,0
Full,3,818,eval,strong,player_win,-10.0,5,100.0,5,Expert,0.05,0.0,0,1609,65,0.0,0.0,2,0,0
Full,3,819,eval,strong,player_win,-10.0,5,100.0,5,Expert,0.05,0.0,0,1609,65,0.0,0.0,2,0,0
Full,3,820,eval,strong,player_win,-10.0,5,100.0,5,Expert,0.05,0.0,0,1609,65,0.0,0.0,2,0,0
Full,3,821,eval,strong,player_win,-10.0,5,100.0,5,Expert,0.05,0.0,0,1609,65,0.0,0.0,2,0,0
Full,3,822,eval,strong,player_win,-10.0,5,100.0,5,Expert,0.05,0.0,0,1609,65,0.0,0.0,2,0,0
Full,3,823,eval,strong,player_win,-10.0,5,100.0,5,Expert,0.05,0.0,0,1609,65,0.0,0.0,2,0,0
Full,3,824,eval,strong,player_win,-10.0,5,100.0,5,Expert,0.05,0.0,0,1609,65,0.0,0.0,2,0,0
Full,3,825,eval,strong,player_win,-10.0,5,100.0,5,Expert,0.05,0.0,0,1609,65,0.0,0.0,2,0,0
Full,3,826,eval,strong,player_win,-10.0,5,100.0,5,Expert,0.05,0.0,0,1609,65,0.0,0.0,2,0,0
Full,3,827,eval,strong,player_win,-10.0,5,100.0,5,Expert,0.05,0.0,0,1609,65,0.0,0.0,2,0,0
Full,3,828,eval,strong,player_win,-10.0,5,100.0,5,Expert,0.05,0.0,0,1609,65,0.0,0.0,2,0,0
Full,3,829,eval,strong,player_win,-10.0,5,100.0,5,Expert,0.05,0.0,0,1609,65,0.0,0.0,1,0,1
Full,3,830,eval,strong,player_win,-10.0,5,100.0,5,Expert,0.05,0.0,0,1609,65,0.0,0.0,2,0,0
Full,3,831,eval,strong,player_win,-10.0,5,100.0,5,Expert,0.05,0.0,0,1609,65,0.0,0.0,2,0,0
Full,3,832,eval,strong,player_win,-10.0,5,100.0,5,Expert,0.05,0.0,0,1609,65,0.0,0.0,2,0,0
Full,3,833,eval,strong,player_win,-10.0,5,100.0,5,Expert,0.05,0.0,0,1609,65,0.0,0.0,2,0,0
Full,3,834,eval,strong,player_win,-10.0,5,100.0,5,Expert,0.05,0.0,0,1609,65,0.0,0.0,2,0,0
Full,3,835,eval,strong,player_win,-10.0,5,100.0,5,Expert,0.05,0.0,0,1609,65,0.0,0.0,2,0,0
Full,3,836,eval,strong,player_win,-10.0,5,100.0,5,Expert,0.05,0.0,0,1609,65,0.0,0.0,2,0,0
Full,3,837,eval,strong,player_win,-10.0,5,100.0,5,Expert,0.05,0.0,0,1609,65,0.0,0.0,2,0,0
Full,3,838,eval,strong,player_win,-10.0,5,100.0,5,Expert,0.05,0.0,0,1609,65,0.0,0.0,2,0,0
Full,3,839,eval,strong,player_win,-10.0,5,100.0,5,Expert,0.05,0.0,0,1609,65,0.0,0.0,2,0,0
Full,3,840,eval,strong,player_win,-10.0,5,100.0,5,Expert,0.05,0.0,0,1609,65,0.0,0.0,2,0,0
Full,3,841,eval,strong,player_win,-10.0,5,100.0,5,Expert,0.05,0.0,0,1609,65,0.0,0.0,2,0,0
Full,3,842,eval,strong,player_win,-10.0,5,100.0,5,Expert,0.05,0.0,0,1609,65,0.0,0.0,2,0,0
Full,3,843,eval,strong,player_win,-10.0,5,100.0,5,Expert,0.05,0.0,0,1609,65,0.0,0.0,2,0,0
Full,3,844,eval,strong,player_win,-10.0,5,100.0,5,Expert,0.05,0.0,0,1609,65,0.0,0.0,2,0,0
Full,3,845,eval,strong,player_win,-10.0,5,100.0,5,Expert,0.05,0.0,0,1609,65,0.0,0.0,2,0,0
Full,3,846,eval,strong,player_win,-10.0,5,100.0,5,Expert,0.05,0.0,0,1609,65,0.0,0.0,2,0,0
Full,3,847,eval,strong,player_win,-10.0,5,100.0,5,Expert,0.05,0.0,0,1609,65,0.0,0.0,2,0,0
Full,3,848,eval,strong,player_win,-10.0,5,100.0,5,Expert,0.05,0.0,0,1609,65,0.0,0.0,2,0,0
Full,3,849,eval,strong,player_win,-10.0,5,100.0,5,Expert,0.05,0.0,0,1609,65,0.0,0.0,1,0,1
Full,3,850,eval,strong,player_win,-10.0,5,100.0,5,Expert,0.05,0.0,0,1609,65,0.0,0.0,2,0,0
Full,3,851,eval,strong,player_win,-10.0,5,100.0,5,Expert,0.05,0.0,0,1609,65,0.0,0.0,2,0,0
Full,3,852,eval,strong,player_win,-10.0,5,100.0,5,Expert,0.05,0.0,0,1609,65,0.0,0.0,2,0,0
Full,3,853,eval,strong,player_win,-10.0,5,100.0,5,Expert,0.05,0.0,0,1609,65,0.0,0.0,2,0,0
Full,3,854,eval,strong,player_win,-10.0,5,100.0,5,Expert,0.05,0.0,0,1609,65,0.0,0.0,2,0,0
Full,3,855,eval,strong,player_win,-10.0,5,100.0,5,Expert,0.05,0.0,0,1609,65,0.0,0.0,2,0,0
Full,3,856,eval,strong,player_win,-10.0,5,100.0,5,Expert,0.05,0.0,0,1609,65,0.0,0.0,2,0,0
Full,3,857,eval,strong,player_win,-10.0,5,100.0,5,Expert,0.05,0.0,0,1609,65,0.0,0.0,2,0,0
Full,3,858,eval,strong,player_win,-10.0,5,100.0,5,Expert,0.05,0.0,0,1609,65,0.0,0.0,2,0,0
Full,3,859,eval,strong,player_win,-10.0,5,100.0,5,Expert,0.05,0.0,0,1609,65,0.0,0.0,2,0,0
Full,3,860,eval,strong,player_win,-10.0,5,100.0,5,Expert,0.05,0.0,0,1609,65,0.0,0.0,2,0,0
Full,3,861,eval,strong,player_win,-10.0,5,100.0,5,Expert,0.05,0.0,0,1609,65,0.0,0.0,2,0,0
Full,3,862,eval,strong,player_win,-10.0,5,100.0,5,Expert,0.05,0.0,0,1609,65,0.0,0.0,2,0,0
Full,3,863,eval,strong,player_win,-10.0,5,100.0,5,Expert,0.05,0.0,0,1609,65,0.0,0.0,2,0,0
Full,3,864,eval,strong,player_win,-10.0,5,100.0,5,Expert,0.05,0.0,0,1609,65,0.0,0.0,2,0,0
Full,3,865,eval,strong,player_win,-10.0,5,100.0,5,Expert,0.05,0.0,0,1609,65,0.0,0.0,2,0,0
Full,3,866,eval,strong,player_win,-10.0,5,100.0,5,Expert,0.05,0.0,0,1609,65,0.0,0.0,2,0,0
Full,3,867,eval,strong,player_win,-10.0,5,100.0,5,Expert,0.05,0.0,0,1609,65,0.0,0.0,2,0,0
Full,3,868,eval,strong,player_win,-10.0,5,100.0,5,Expert,0.05,0.0,0,1609,65,0.0,0.0,2,0,0
Full,3,869,eval,strong,player_win,-10.0,5,100.0,5,Expert,0.05,0.0,0,1609,65,0.0,0.0,2,0,0
Full,3,870,eval,strong,player_win,-10.0,5,100.0,5,Expert,0.05,0.0,0,1609,65,0.0,0.0,2,0,0
Full,3,871,eval,strong,player_win,-10.0,5,100.0,5,Expert,0.05,0.0,0,1609,65,0.0,0.0,2,0,0
Full,3,872,eval,strong,player_win,-10.0,5,100.0,5,Expert,0.05,0.0,0,1609,65,0.0,0.0,2,0,0
Full,3,873,eval,strong,player_win,-10.0,5,100.0,5,Expert,0.05,0.0,0,1609,65,0.0,0.0,2,0,0
Full,3,874,eval,strong,player_win,-10.0,5,100.0,5,Expert,0.05,0.0,0,1609,65,0.0,0.0,2,0,0
Full,3,875,eval,strong,player_win,-10.0,5,100.0,5,Expert,0.05,0.0,0,1609,65,0.0,0.0,2,0,0
Full,3,876,eval,strong,player_win,-10.0,5,100.0,5,Expert,0.05,0.0,0,1609,65,0.0,0.0,2,0,0
Full,3,877,eval,strong,player_win,-10.0,5,100.0,5,Expert,0.05,0.0,0,1609,65,0.0,0.0,2,0,0
Full,3,878,eval,strong,player_win,-10.0,5,100.0,5,Expert,0.05,0.0,0,1609,65,0.0,0.0,2,0,0
Full,3,879,eval,strong,player_win,-10.0,5,100.0,5,Expert,0.05,0.0,0,1609,65,0.0,0.0,2,0,0
Full,3,880,eval,strong,player_win,-10.0,5,100.0,5,Expert,0.05,0.0,0,1609,65,0.0,0.0,2,0,0
Full,3,881,eval,strong,player_win,-10.0,5,100.0,5,Expert,0.05,0.0,0,1609,65,0.0,0.0,2,0,0
Full,3,882,eval,strong,player_win,-10.0,5,100.0,5,Expert,0.05,0.0,0,1609,65,0.0,0.0,2,0,0
Full,3,883,eval,strong,player_win,-10.0,5,100.0,5,Expert,0.05,0.0,0,1609,65,0.0,0.0,2,0,0
Full,3,884,eval,strong,player_win,-10.0,5,100.0,5,Expert,0.05,0.0,0,1609,65,0.0,0.0,2,0,0
Full,3,885,eval,strong,player_win,-10.0,5,100.0,5,Expert,0.05,0.0,0,1609,65,0.0,0.0,2,0,0
Full,3,886,eval,strong,player_win,-10.0,5,100.0,5,Expert,0.05,0.0,0,1609,65,0.0,0.0,2,0,0
Full,3,887,eval,strong,player_win,-10.0,5,100.0,5,Expert,0.05,0.0,0,1609,65,0.0,0.0,2,0,0
Full,3,888,eval,strong,player_win,-10.0,5,100.0,5,Expert,0.05,0.0,0,1609,65,0.0,0.0,2,0,0
Full,3,889,eval,strong,player_win,-10.0,5,100.0,5,Expert,0.05,0.0,0,1609,65,0.0,0.0,2,0,0
Full,3,890,eval,strong,player_win,-10.0,5,100.0,5,Expert,0.05,0.0,0,1609,65,0.0,0.0,2,0,0
Full,3,891,eval,strong,player_win,-10.0,5,100.0,5,Expert,0.05,0.0,0,1609,65,0.0,0.0,2,0,0
Full,3,892,eval,strong,player_win,-10.0,5,100.0,5,Expert,0.05,0.0,0,1609,65,0.0,0.0,2,0,0
Full,3,893,eval,strong,player_win,-10.0,5,100.0,5,Expert,0.05,0.0,0,1609,65,0.0,0.0,2,0,0
Full,3,894,eval,strong,player_win,-10.0,5,100.0,5,Expert,0.05,0.0,0,1609,65,0.0,0.0,2,0,0
Full,3,895,eval,strong,player_win,-10.0,5,100.0,5,Expert,0.05,0.0,0,1609,65,0.0,0.0,2,0,0
Full,3,896,eval,strong,player_win,-10.0,5,100.0,5,Expert,0.05,0.0,0,1609,65,0.0,0.0,2,0,0
Full,3,897,eval,strong,player_win,-10.0,5,100.0,5,Expert,0.05,0.0,0,1609,65,0.0,0.0,2,0,0
Full,3,898,eval,strong,player_win,-10.0,5,100.0,5,Expert,0.05,0.0,0,1609,65,0.0,0.0,2,0,0
Full,3,899,eval,strong,player_win,-10.0,5,100.0,5,Expert,0.05,0.0,0,1609,65,0.0,0.0,2,0,0
Full,3,900,eval,strong,player_win,-10.0,5,100.0,5,Expert,0.05,0.0,0,1609,65,0.0,0.0,2,0,0
Full,3,901,eval,strong,player_win,-10.0,5,100.0,5,Expert,0.05,0.0,0,1609,65,0.0,0.0,2,0,0
Full,3,902,eval,strong,player_win,-10.0,5,100.0,5,Expert,0.05,0.0,0,1609,65,0.0,0.0,2,0,0
Full,3,903,eval,strong,player_win,-10.0,5,100.0,5,Expert,0.05,0.0,0,1609,65,0.0,0.0,1,0,1
Full,3,904,eval,strong,player_win,-10.0,5,100.0,5,Expert,0.05,0.0,0,1609,65,0.0,0.0,2,0,0
Full,3,905,eval,strong,player_win,-10.0,5,100.0,5,Expert,0.05,0.0,0,1609,65,0.0,0.0,1,0,1
Full,3,906,eval,strong,player_win,-10.0,5,100.0,5,Expert,0.05,0.0,0,1609,65,0.0,0.0,2,0,0
Full,3,907,eval,strong,player_win,-10.0,5,100.0,5,Expert,0.05,0.0,0,1609,65,0.0,0.0,2,0,0
Full,3,908,eval,strong,player_win,-10.0,5,100.0,5,Expert,0.05,0.0,0,1609,65,0.0,0.0,2,0,0
Full,3,909,eval,strong,player_win,-10.0,5,100.0,5,Expert,0.05,0.0,0,1609,65,0.0,0.0,2,0,0
Full,3,910,eval,strong,player_win,-10.0,5,100.0,5,Expert,0.05,0.0,0,1609,65,0.0,0.0,2,0,0
Full,3,911,eval,strong,player_win,-10.0,5,100.0,5,Expert,0.05,0.0,0,1609,65,0.0,0.0,2,0,0
Full,3,912,eval,strong,player_win,-10.0,5,100.0,5,Expert,0.05,0.0,0,1609,65,0.0,0.0,2,0,0
Full,3,913,eval,strong,player_win,-10.0,5,100.0,5,Expert,0.05,0.0,0,1609,65,0.0,0.0,2,0,0
Full,3,914,eval,strong,player_win,-10.0,5,100.0,5,Expert,0.05,0.0,0,1609,65,0.0,0.0,2,0,0
Full,3,915,eval,strong,player_win,-10.0,5,100.0,5,Expert,0.05,0.0,0,1609,65,0.0,0.0,2,0,0
Full,3,916,eval,strong,player_win,-10.0,5,100.0,5,Expert,0.05,0.0,0,1609,65,0.0,0.0,2,0,0
Full,3,917,eval,strong,player_win,-10.0,5,100.0,5,Expert,0.05,0.0,0,1609,65,0.0,0.0,2,0,0
Full,3,918,eval,strong,player_win,-10.0,5,100.0,5,Expert,0.05,0.0,0,1609,65,0.0,0.0,2,0,0
Full,3,919,eval,strong,player_win,-10.0,7,100.0,5,Expert,0.05,0.0,0,1609,65,0.0,0.0,2,0,1
Full,3,920,eval,strong,player_win,-10.0,5,100.0,5,Expert,0.05,0.0,0,1609,65,0.0,0.0,2,0,0
Full,3,921,eval,strong,player_win,-10.0,5,100.0,5,Expert,0.05,0.0,0,1609,65,0.0,0.0,2,0,0
Full,3,922,eval,strong,player_win,-10.0,5,100.0,5,Expert,0.05,0.0,0,1609,65,0.0,0.0,2,0,0
Full,3,923,eval,strong,player_win,-10.0,5,100.0,5,Expert,0.05,0.0,0,1609,65,0.0,0.0,2,0,0
Full,3,924,eval,strong,player_win,-10.0,5,100.0,5,Expert,0.05,0.0,0,1609,65,0.0,0.0,2,0,0
Full,3,925,eval,strong,player_win,-10.0,5,100.0,5,Expert,0.05,0.0,0,1609,65,0.0,0.0,2,0,0
Full,3,926,eval,strong,player_win,-10.0,5,100.0,5,Expert,0.05,0.0,0,1609,65,0.0,0.0,2,0,0
Full,3,927,eval,strong,player_win,-10.0,5,100.0,5,Expert,0.05,0.0,0,1609,65,0.0,0.0,2,0,0
Full,3,928,eval,strong,player_win,-10.0,5,100.0,5,Expert,0.05,0.0,0,1609,65,0.0,0.0,2,0,0
Full,3,929,eval,strong,player_win,-10.0,5,100.0,5,Expert,0.05,0.0,0,1609,65,0.0,0.0,2,0,0
Full,3,930,eval,strong,player_win,-10.0,5,100.0,5,Expert,0.05,0.0,0,1609,65,0.0,0.0,2,0,0
Full,3,931,eval,strong,player_win,-10.0,5,100.0,5,Expert,0.05,0.0,0,1609,65,0.0,0.0,2,0,0
Full,3,932,eval,strong,player_win,-10.0,5,100.0,5,Expert,0.05,0.0,0,1609,65,0.0,0.0,2,0,0
Full,3,933,eval,strong,player_win,-10.0,5,100.0,5,Expert,0.05,0.0,0,1609,65,0.0,0.0,2,0,0
Full,3,934,eval,strong,player_win,-10.0,5,100.0,5,Expert,0.05,0.0,0,1609,65,0.0,0.0,2,0,0
Full,3,935,eval,strong,player_win,-10.0,5,100.0,5,Expert,0.05,0.0,0,1609,65,0.0,0.0,1,0,1
Full,3,936,eval,strong,player_win,-10.0,5,100.0,5,Expert,0.05,0.0,0,1609,65,0.0,0.0,2,0,0
Full,3,937,eval,strong,player_win,-10.0,5,100.0,5,Expert,0.05,0.0,0,1609,65,0.0,0.0,2,0,0
Full,3,938,eval,strong,player_win,-10.0,5,100.0,5,Expert,0.05,0.0,0,1609,65,0.0,0.0,2,0,0
Full,3,939,eval,strong,player_win,-10.0,5,100.0,5,Expert,0.05,0.0,0,1609,65,0.0,0.0,2,0,0
Full,3,940,eval,strong,player_win,-10.0,5,100.0,5,Expert,0.05,0.0,0,1609,65,0.0,0.0,2,0,0
Full,3,941,eval,strong,player_win,-10.0,5,100.0,5,Expert,0.05,0.0,0,1609,65,0.0,0.0,2,0,0
Full,3,942,eval,strong,player_win,-10.0,5,100.0,5,Expert,0.05,0.0,0,1609,65,0.0,0.0,2,0,0
Full,3,943,eval,strong,player_win,-10.0,5,100.0,5,Expert,0.05,0.0,0,1609,65,0.0,0.0,2,0,0
Full,3,944,eval,strong,player_win,-10.0,5,100.0,5,Expert,0.05,0.0,0,1609,65,0.0,0.0,2,0,0
Full,3,945,eval,strong,player_win,-10.0,5,100.0,5,Expert,0.05,0.0,0,1609,65,0.0,0.0,2,0,0
Full,3,946,eval,strong,player_win,-10.0,5,100.0,5,Expert,0.05,0.0,0,1609,65,0.0,0.0,1,0,1
Full,3,947,eval,strong,player_win,-10.0,5,100.0,5,Expert,0.05,0.0,0,1609,65,0.0,0.0,2,0,0
Full,3,948,eval,strong,player_win,-10.0,5,100.0,5,Expert,0.05,0.0,0,1609,65,0.0,0.0,2,0,0
Full,3,949,eval,strong,player_win,-10.0,5,100.0,5,Expert,0.05,0.0,0,1609,65,0.0,0.0,2,0,0
Full,3,950,eval,strong,player_win,-10.0,5,100.0,5,Expert,0.05,0.0,0,1609,65,0.0,0.0,2,0,0
Full,3,951,eval,strong,player_win,-10.0,5,100.0,5,Expert,0.05,0.0,0,1609,65,0.0,0.0,1,0,1
Full,3,952,eval,strong,player_win,-10.0,5,100.0,5,Expert,0.05,0.0,0,1609,65,0.0,0.0,2,0,0
Full,3,953,eval,strong,player_win,-10.0,5,100.0,5,Expert,0.05,0.0,0,1609,65,0.0,0.0,1,0,1
Full,3,954,eval,strong,player_win,-10.0,5,100.0,5,Expert,0.05,0.0,0,1609,65,0.0,0.0,2,0,0
Full,3,955,eval,strong,player_win,-10.0,5,100.0,5,Expert,0.05,0.0,0,1609,65,0.0,0.0,2,0,0
Full,3,956,eval,strong,player_win,-10.0,5,100.0,5,Expert,0.05,0.0,0,1609,65,0.0,0.0,2,0,0
Full,3,957,eval,strong,player_win,-10.0,5,100.0,5,Expert,0.05,0.0,0,1609,65,0.0,0.0,2,0,0
Full,3,958,eval,strong,player_win,-10.0,5,100.0,5,Expert,0.05,0.0,0,1609,65,0.0,0.0,2,0,0
Full,3,959,eval,strong,player_win,-10.0,5,100.0,5,Expert,0.05,0.0,0,1609,65,0.0,0.0,2,0,0
Full,3,960,eval,strong,player_win,-10.0,5,100.0,5,Expert,0.05,0.0,0,1609,65,0.0,0.0,2,0,0
Full,3,961,eval,strong,player_win,-10.0,5,100.0,5,Expert,0.05,0.0,0,1609,65,0.0,0.0,2,0,0
Full,3,962,eval,strong,player_win,-10.0,5,100.0,5,Expert,0.05,0.0,0,1609,65,0.0,0.0,2,0,0
Full,3,963,eval,strong,player_win,-10.0,5,100.0,5,Expert,0.05,0.0,0,1609,65,0.0,0.0,2,0,0
Full,3,964,eval,strong,player_win,-10.0,5,100.0,5,Expert,0.05,0.0,0,1609,65,0.0,0.0,2,0,0
Full,3,965,eval,strong,player_win,-10.0,5,100.0,5,Expert,0.05,0.0,0,1609,65,0.0,0.0,2,0,0
Full,3,966,eval,strong,player_win,-10.0,5,100.0,5,Expert,0.05,0.0,0,1609,65,0.0,0.0,2,0,0
Full,3,967,eval,strong,player_win,-10.0,5,100.0,5,Expert,0.05,0.0,0,1609,65,0.0,0.0,2,0,0
Full,3,968,eval,strong,player_win,-10.0,5,100.0,5,Expert,0.05,0.0,0,1609,65,0.0,0.0,2,0,0
Full,3,969,eval,strong,player_win,-10.0,5,100.0,5,Expert,0.05,0.0,0,1609,65,0.0,0.0,2,0,0
Full,3,970,eval,strong,player_win,-10.0,5,100.0,5,Expert,0.05,0.0,0,1609,65,0.0,0.0,2,0,0
Full,3,971,eval,strong,player_win,-10.0,5,100.0,5,Expert,0.05,0.0,0,1609,65,0.0,0.0,2,0,0
Full,3,972,eval,strong,player_win,-10.0,5,100.0,5,Expert,0.05,0.0,0,1609,65,0.0,0.0,2,0,0
Full,3,973,eval,strong,player_win,-10.0,5,100.0,5,Expert,0.05,0.0,0,1609,65,0.0,0.0,2,0,0
Full,3,974,eval,strong,player_win,-10.0,5,100.0,5,Expert,0.05,0.0,0,1609,65,0.0,0.0,2,0,0
Full,3,975,eval,strong,player_win,-10.0,5,100.0,5,Expert,0.05,0.0,0,1609,65,0.0,0.0,2,0,0
Full,3,976,eval,strong,player_win,-10.0,5,100.0,5,Expert,0.05,0.0,0,1609,65,0.0,0.0,2,0,0
Full,3,977,eval,strong,player_win,-10.0,5,100.0,5,Expert,0.05,0.0,0,1609,65,0.0,0.0,2,0,0
Full,3,978,eval,strong,player_win,-10.0,5,100.0,5,Expert,0.05,0.0,0,1609,65,0.0,0.0,2,0,0
Full,3,979,eval,strong,player_win,-10.0,5,100.0,5,Expert,0.05,0.0,0,1609,65,0.0,0.0,2,0,0
Full,3,980,eval,strong,player_win,-10.0,5,100.0,5,Expert,0.05,0.0,0,1609,65,0.0,0.0,1,0,1
Full,3,981,eval,strong,player_win,-10.0,5,100.0,5,Expert,0.05,0.0,0,1609,65,0.0,0.0,2,0,0
Full,3,982,eval,strong,player_win,-10.0,5,100.0,5,Expert,0.05,0.0,0,1609,65,0.0,0.0,2,0,0
Full,3,983,eval,strong,player_win,-10.0,5,100.0,5,Expert,0.05,0.0,0,1609,65,0.0,0.0,2,0,0
Full,3,984,eval,strong,player_win,-10.0,5,100.0,5,Expert,0.05,0.0,0,1609,65,0.0,0.0,2,0,0
Full,3,985,eval,strong,player_win,-10.0,5,100.0,5,Expert,0.05,0.0,0,1609,65,0.0,0.0,2,0,0
Full,3,986,eval,strong,player_win,-10.0,5,100.0,5,Expert,0.05,0.0,0,1609,65,0.0,0.0,2,0,0
Full,3,987,eval,strong,player_win,-10.0,5,100.0,5,Expert,0.05,0.0,0,1609,65,0.0,0.0,1,0,1
Full,3,988,eval,strong,player_win,-10.0,5,100.0,5,Expert,0.05,0.0,0,1609,65,0.0,0.0,2,0,0
Full,3,989,eval,strong,player_win,-10.0,5,100.0,5,Expert,0.05,0.0,0,1609,65,0.0,0.0,2,0,0
Full,3,990,eval,strong,player_win,-10.0,5,100.0,5,Expert,0.05,0.0,0,1609,65,0.0,0.0,2,0,0
Full,3,991,eval,strong,player_win,-10.0,5,100.0,5,Expert,0.05,0.0,0,1609,65,0.0,0.0,2,0,0
Full,3,992,eval,strong,player_win,-10.0,5,100.0,5,Expert,0.05,0.0,0,1609,65,0.0,0.0,2,0,0
Full,3,993,eval,strong,player_win,-10.0,5,100.0,5,Expert,0.05,0.0,0,1609,65,0.0,0.0,2,0,0
Full,3,994,eval,strong,player_win,-10.0,5,100.0,5,Expert,0.05,0.0,0,1609,65,0.0,0.0,2,0,0
Full,3,995,eval,strong,player_win,-10.0,5,100.0,5,Expert,0.05,0.0,0,1609,65,0.0,0.0,2,0,0
Full,3,996,eval,strong,player_win,-10.0,5,100.0,5,Expert,0.05,0.0,0,1609,65,0.0,0.0,2,0,0
Full,3,997,eval,strong,player_win,-10.0,5,100.0,5,Expert,0.05,0.0,0,1609,65,0.0,0.0,1,0,1
Full,3,998,eval,strong,player_win,-10.0,5,100.0,5,Expert,0.05,0.0,0,1609,65,0.0,0.0,1,0,1
Full,3,999,eval,strong,player_win,-10.0,5,100.0,5,Expert,0.05,0.0,0,1609,65,0.0,0.0,2,0,0
Full,3,1000,eval,strong,player_win,-10.0,5,100.0,5,Expert,0.05,0.0,0,1609,65,0.0,0.0,2,0,0
Full,4,1,train,strong,player_win,-10.0,5,60.0,1,Very Easy,0.95,1.0,1,2,2,0.0,0.0,1,1,0
Full,4,2,train,strong,player_win,-10.0,5,70.0,1,Very Easy,0.9025,1.0,1,4,4,0.0,0.0,1,1,0
Full,4,3,train,strong,player_win,-10.0,5,80.0,5,Expert,0.8573749999999999,0.21434374999999997,1,6,5,0.0,0.0,1,1,0
Full,4,4,train,strong,player_win,-10.0,5,90.0,5,Expert,0.8145062499999999,0.20362656249999997,1,8,7,0.0,0.0,2,0,0
Full,4,5,train,strong,player_win,-10.0,5,100.0,5,Expert,0.7737809374999999,0.19344523437499997,1,10,7,0.0,0.0,2,0,0
Full,4,6,train,strong,player_win,-10.0,5,100.0,5,Expert,0.7350918906249998,0.18377297265624995,1,12,8,0.0,0.0,2,0,0
Full,4,7,train,strong,player_win,-10.0,5,100.0,5,Expert,0.6983372960937497,0.17458432402343743,1,14,9,0.0,0.0,2,0,0
Full,4,8,train,strong,player_win,-10.0,5,100.0,5,Expert,0.6634204312890623,0.16585510782226556,1,16,10,0.0,0.0,2,0,0
Full,4,9,train,strong,player_win,-10.0,5,100.0,5,Expert,0.6302494097246091,0.15756235243115227,1,18,11,0.0,0.0,2,0,0
Full,4,10,train,strong,player_win,-10.0,5,100.0,5,Expert,0.5987369392383786,0.14968423480959464,1,20,11,0.0,0.0,2,0,0
Full,4,11,train,strong,player_win,-10.0,5,100.0,5,Expert,0.5688000922764596,0.1422000230691149,1,22,11,0.0,0.0,2,0,0
Full,4,12,train,strong,player_win,-10.0,5,100.0,5,Expert,0.5403600876626365,0.13509002191565914,1,24,12,0.0,0.0,2,0,0
Full,4,13,train,strong,player_win,-10.0,5,100.0,5,Expert,0.5133420832795047,0.12833552081987618,1,26,12,0.0,0.0,2,0,0
Full,4,14,train,strong,player_win,-10.0,5,100.0,5,Expert,0.48767497911552943,0.12191874477888236,1,28,13,0.0,0.0,2,0,0
Full,4,15,train,strong,player_win,-10.0,5,100.0,5,Expert,0.46329123015975293,0.11582280753993823,1,30,14,0.0,0.0,2,0,0
Full,4,16,train,strong,player_win,-10.0,5,100.0,5,Expert,0.44012666865176525,0.11003166716294131,1,32,14,0.0,0.0,2,0,0
Full,4,17,train,strong,player_win,-10.0,5,100.0,5,Expert,0.41812033521917696,0.10453008380479424,1,34,14,0.0,0.0,2,0,0
Full,4,18,train,strong,player_win,-10.0,5,100.0,5,Expert,0.3972143184582181,0.09930357961455452,1,36,14,0.0,0.0,2,0,0
Full,4,19,train,strong,player_win,-10.0,5,100.0,5,Expert,0.37735360253530714,0.09433840063382679,1,38,14,0.0,0.0,2,0,0
Full,4,20,train,strong,player_win,-10.0,5,100.0,5,Expert,0.35848592240854177,0.08962148060213544,1,40,15,0.0,0.0,2,0,0
Full,4,21,train,strong,player_win,-10.0,5,100.0,5,Expert,0.34056162628811465,0.08514040657202866,1,42,16,0.0,0.0,2,0,0
Full,4,22,train,strong,player_win,-10.0,5,100.0,5,Expert,0.3235335449737089,0.08088338624342722,1,44,16,0.0,0.0,2,0,0
Full,4,23,train,strong,player_win,-10.0,5,100.0,5,Expert,0.30735686772502346,0.07683921693125587,1,46,16,0.0,0.0,2,0,0
Full,4,24,train,strong,player_win,-10.0,5,100.0,5,Expert,0.2919890243387723,0.07299725608469307,1,48,16,0.0,0.0,2,0,0
Full,4,25,train,strong,player_win,-10.0,5,100.0,5,Expert,0.27738957312183365,0.06934739328045841,1,50,16,0.0,0.0,2,0,0
Full,4,26,train,strong,player_win,-10.0,5,100.0,5,Expert,0.263520094465742,0.0658800236164355,1,52,16,0.0,0.0,2,0,0
Full,4,27,train,strong,player_win,-10.0,5,100.0,5,Expert,0.25034408974245487,0.06258602243561372,1,54,16,0.0,0.0,2,0,0
Full,4,28,train,strong,player_win,-10.0,5,100.0,5,Expert,0.2378268852553321,0.059456721313833026,1,56,16,0.0,0.0,2,0,0
Full,4,29,train,strong,player_win,-10.0,5,100.0,5,Expert,0.2259355409925655,0.05648388524814137,1,58,17,0.0,0.0,1,0,1
Full,4,30,train,strong,player_win,-10.0,5,100.0,5,Expert,0.2146387639429372,0.0536596909857343,1,60,17,0.0,0.0,2,0,0
Full,4,31,train,strong,player_win,-10.0,5,100.0,5,Expert,0.20390682574579033,0.05097670643644758,1,62,17,0.0,0.0,2,0,0
Full,4,32,train,strong,player_win,-10.0,5,100.0,5,Expert,0.1937114844585008,0.05,1,64,17,0.0,0.0,2,0,0
Full,4,33,train,strong,player_win,-10.0,5,100.0,5,Expert,0.18402591023557577,0.05,1,66,17,0.0,0.0,2,0,0
Full,4,34,train,strong,player_win,-10.0,5,100.0,5,Expert,0.17482461472379698,0.05,1,68,17,0.0,0.0,2,0,0
Full,4,35,train,strong,player_win,-10.0,5,100.0,5,Expert,0.16608338398760714,0.05,1,70,18,0.0,0.0,1,0,1
Full,4,36,train,strong,player_win,-10.0,5,100.0,5,Expert,0.15777921478822676,0.05,1,72,18,0.0,0.0,2,0,0
Full,4,37,train,strong,player_win,-10.0,5,100.0,5,Expert,0.14989025404881542,0.05,1,74,18,0.0,0.0,2,0,0
Full,4,38,train,strong,player_win,-10.0,5,100.0,5,Expert,0.14239574134637464,0.05,1,76,18,0.0,0.0,2,0,0
Full,4,39,train,strong,player_win,-10.0,5,100.0,5,Expert,0.1352759542790559,0.05,1,78,18,0.0,0.0,2,0,0
Full,4,40,train,strong,player_win,-10.0,5,100.0,5,Expert,0.1285121565651031,0.05,1,80,18,0.0,0.0,2,0,0
Full,4,41,train,strong,player_win,-10.0,5,100.0,5,Expert,0.12208654873684793,0.05,1,82,18,0.0,0.0,2,0,0
Full,4,42,train,strong,player_win,-10.0,5,100.0,5,Expert,0.11598222130000553,0.05,1,84,18,0.0,0.0,2,0,0
Full,4,43,train,strong,player_win,-10.0,5,100.0,5,Expert,0.11018311023500525,0.05,1,86,18,0.0,0.0,2,0,0
Full,4,44,train,strong,player_win,-10.0,5,100.0,5,Expert,0.10467395472325498,0.05,1,88,18,0.0,0.0,2,0,0
Full,4,45,train,strong,player_win,-10.0,5,100.0,5,Expert,0.09944025698709223,0.05,1,90,19,0.0,0.0,2,0,0
Full,4,46,train,strong,player_win,-10.0,5,100.0,5,Expert,0.09446824413773762,0.05,1,92,19,0.0,0.0,2,0,0
Full,4,47,train,strong,player_win,-10.0,5,100.0,5,Expert,0.08974483193085074,0.05,1,94,19,0.0,0.0,2,0,0
Full,4,48,train,strong,player_win,-10.0,5,100.0,5,Expert,0.0852575903343082,0.05,1,96,19,0.0,0.0,2,0,0
Full,4,49,train,strong,player_win,-10.0,5,100.0,5,Expert,0.08099471081759278,0.05,1,98,19,0.0,0.0,2,0,0
Full,4,50,train,strong,player_win,-10.0,5,100.0,5,Expert,0.07694497527671314,0.05,1,100,19,0.0,0.0,2,0,0
Full,4,51,train,strong,player_win,-10.0,7,100.0,5,Expert,0.07309772651287748,0.05,1,103,21,0.0,0.0,2,0,1
Full,4,52,train,strong,player_win,-10.0,5,100.0,5,Expert,0.0694428401872336,0.05,1,105,21,0.0,0.0,2,0,0
Full,4,53,train,strong,player_win,-10.0,5,100.0,5,Expert,0.0659706981778719,0.05,1,107,22,0.0,0.0,1,0,1
Full,4,54,train,strong,player_win,-10.0,5,100.0,5,Expert,0.0626721632689783,0.05,1,109,22,0.0,0.0,2,0,0
Full,4,55,train,strong,player_win,-10.0,5,100.0,5,Expert,0.059538555105529384,0.05,1,111,22,0.0,0.0,2,0,0
Full,4,56,train,strong,player_win,-10.0,5,100.0,5,Expert,0.05656162735025291,0.05,1,113,22,0.0,0.0,2,0,0
Full,4,57,train,strong,player_win,-10.0,5,100.0,5,Expert,0.053733545982740265,0.05,1,115,22,0.0,0.0,2,0,0
Full,4,58,train,strong,player_win,-10.0,5,100.0,5,Expert,0.05104686868360325,0.05,1,117,22,0.0,0.0,2,0,0
Full,4,59,train,strong,player_win,-10.0,5,100.0,5,Expert,0.05,0.05,1,119,22,0.0,0.0,2,0,0
Full,4,60,train,strong,player_win,-10.0,5,100.0,5,Expert,0.05,0.05,1,121,22,0.0,0.0,2,0,0
Full,4,61,train,strong,player_win,-10.0,5,100.0,5,Expert,0.05,0.05,1,123,22,0.0,0.0,2,0,0
Full,4,62,train,strong,player_win,-10.0,5,100.0,5,Expert,0.05,0.05,1,125,22,0.0,0.0,2,0,0
Full,4,63,train,strong,player_win,-10.0,5,100.0,5,Expert,0.05,0.05,1,127,22,0.0,0.0,2,0,0
Full,4,64,train,strong,player_win,-10.0,5,100.0,5,Expert,0.05,0.05,1,129,23,0.0,0.0,1,0,1
Full,4,65,train,strong,player_win,-10.0,5,100.0,5,Expert,0.05,0.05,1,131,24,0.0,0.0,1,1,0
Full,4,66,train,strong,player_win,-10.0,5,100.0,5,Expert,0.05,0.05,1,133,24,0.0,0.0,2,0,0
Full,4,67,train,strong,player_win,-10.0,5,100.0,5,Expert,0.05,0.05,1,135,24,0.0,0.0,2,0,0
Full,4,68,train,strong,player_win,-10.0,5,100.0,5,Expert,0.05,0.05,1,137,24,0.0,0.0,2,0,0
Full,4,69,train,strong,player_win,-10.0,5,100.0,5,Expert,0.05,0.05,1,139,24,0.0,0.0,2,0,0
Full,4,70,train,strong,player_win,-10.0,5,100.0,5,Expert,0.05,0.05,1,141,24,0.0,0.0,2,0,0
Full,4,71,train,strong,player_win,-10.0,5,100.0,5,Expert,0.05,0.05,1,143,24,0.0,0.0,2,0,0
Full,4,72,train,strong,player_win,-10.0,5,100.0,5,Expert,0.05,0.05,1,145,24,0.0,0.0,2,0,0
Full,4,73,train,strong,player_win,-10.0,5,100.0,5,Expert,0.05,0.05,1,147,24,0.0,0.0,2,0,0
Full,4,74,train,strong,player_win,-10.0,5,100.0,5,Expert,0.05,0.05,1,149,24,0.0,0.0,2,0,0
Full,4,75,train,strong,player_win,-10.0,5,100.0,5,Expert,0.05,0.05,1,151,24,0.0,0.0,2,0,0
Full,4,76,train,strong,player_win,-10.0,5,100.0,5,Expert,0.05,0.05,1,153,24,0.0,0.0,2,0,0
Full,4,77,train,strong,player_win,-10.0,5,100.0,5,Expert,0.05,0.05,1,155,24,0.0,0.0,2,0,0
Full,4,78,train,strong,player_win,-10.0,5,100.0,5,Expert,0.05,0.05,1,157,24,0.0,0.0,2,0,0
Full,4,79,train,strong,player_win,-10.0,5,100.0,5,Expert,0.05,0.05,1,159,24,0.0,0.0,2,0,0
Full,4,80,train,strong,player_win,-10.0,5,100.0,5,Expert,0.05,0.05,1,161,24,0.0,0.0,2,0,0
Full,4,81,train,strong,player_win,-10.0,5,100.0,5,Expert,0.05,0.05,1,163,25,0.0,0.0,1,0,1
Full,4,82,train,strong,player_win,-10.0,5,100.0,5,Expert,0.05,0.05,1,165,25,0.0,0.0,2,0,0
Full,4,83,train,strong,player_win,-10.0,5,100.0,5,Expert,0.05,0.05,1,167,25,0.0,0.0,2,0,0
Full,4,84,train,strong,player_win,-10.0,5,100.0,5,Expert,0.05,0.05,1,169,25,0.0,0.0,2,0,0
Full,4,85,train,strong,player_win,-10.0,5,100.0,5,Expert,0.05,0.05,1,171,25,0.0,0.0,2,0,0
Full,4,86,train,strong,player_win,-10.0,5,100.0,5,Expert,0.05,0.05,1,173,25,0.0,0.0,2,0,0
Full,4,87,train,strong,player_win,-10.0,5,100.0,5,Expert,0.05,0.05,1,175,25,0.0,0.0,2,0,0
Full,4,88,train,strong,player_win,-10.0,5,100.0,5,Expert,0.05,0.05,1,177,25,0.0,0.0,2,0,0
Full,4,89,train,strong,player_win,-10.0,5,100.0,5,Expert,0.05,0.05,1,179,25,0.0,0.0,2,0,0
Full,4,90,train,strong,player_win,-10.0,5,100.0,5,Expert,0.05,0.05,1,181,25,0.0,0.0,2,0,0
Full,4,91,train,strong,player_win,-10.0,5,100.0,5,Expert,0.05,0.05,1,183,25,0.0,0.0,2,0,0
Full,4,92,train,strong,player_win,-10.0,5,100.0,5,Expert,0.05,0.05,1,185,25,0.0,0.0,2,0,0
Full,4,93,train,strong,player_win,-10.0,5,100.0,5,Expert,0.05,0.05,1,187,26,0.0,0.0,1,0,1
Full,4,94,train,strong,player_win,-10.0,5,100.0,5,Expert,0.05,0.05,1,189,26,0.0,0.0,2,0,0
Full,4,95,train,strong,player_win,-10.0,5,100.0,5,Expert,0.05,0.05,1,191,26,0.0,0.0,1,0,1
Full,4,96,train,strong,player_win,-10.0,5,100.0,5,Expert,0.05,0.05,1,193,26,0.0,0.0,2,0,0
Full,4,97,train,strong,player_win,-10.0,5,100.0,5,Expert,0.05,0.05,1,195,26,0.0,0.0,2,0,0
Full,4,98,train,strong,player_win,-10.0,5,100.0,5,Expert,0.05,0.05,1,197,26,0.0,0.0,2,0,0
Full,4,99,train,strong,player_win,-10.0,5,100.0,5,Expert,0.05,0.05,1,199,26,0.0,0.0,2,0,0
Full,4,100,train,strong,player_win,-10.0,5,100.0,5,Expert,0.05,0.05,1,201,26,0.0,0.0,2,0,0
Full,4,101,train,strong,player_win,-10.0,5,100.0,5,Expert,0.05,0.05,1,203,26,0.0,0.0,2,0,0
Full,4,102,train,strong,player_win,-10.0,5,100.0,5,Expert,0.05,0.05,1,205,26,0.0,0.0,2,0,0
Full,4,103,train,strong,player_win,-10.0,5,100.0,5,Expert,0.05,0.05,1,207,26,0.0,0.0,2,0,0
Full,4,104,train,strong,player_win,-10.0,5,100.0,5,Expert,0.05,0.05,1,209,26,0.0,0.0,2,0,0
Full,4,105,train,strong,player_win,-10.0,5,100.0,5,Expert,0.05,0.05,1,211,26,0.0,0.0,2,0,0
Full,4,106,train,strong,player_win,-10.0,5,100.0,5,Expert,0.05,0.05,1,213,26,0.0,0.0,2,0,0
Full,4,107,train,strong,player_win,-10.0,5,100.0,5,Expert,0.05,0.05,1,215,26,0.0,0.0,2,0,0
Full,4,108,train,strong,player_win,-10.0,5,100.0,5,Expert,0.05,0.05,1,217,26,0.0,0.0,2,0,0
Full,4,109,train,strong,player_win,-10.0,5,100.0,5,Expert,0.05,0.05,1,219,26,0.0,0.0,2,0,0
Full,4,110,train,strong,player_win,-10.0,5,100.0,5,Expert,0.05,0.05,1,221,26,0.0,0.0,2,0,0
Full,4,111,train,strong,player_win,-10.0,5,100.0,5,Expert,0.05,0.05,1,223,26,0.0,0.0,2,0,0
Full,4,112,train,strong,player_win,-10.0,5,100.0,5,Expert,0.05,0.05,1,225,26,0.0,0.0,2,0,0
Full,4,113,train,strong,player_win,-10.0,5,100.0,5,Expert,0.05,0.05,1,227,27,0.0,0.0,1,0,1
Full,4,114,train,strong,player_win,-10.0,5,100.0,5,Expert,0.05,0.05,1,229,27,0.0,0.0,2,0,0
Full,4,115,train,strong,player_win,-10.0,5,100.0,5,Expert,0.05,0.05,1,231,27,0.0,0.0,2,0,0
Full,4,116,train,strong,player_win,-10.0,5,100.0,5,Expert,0.05,0.05,1,233,27,0.0,0.0,2,0,0
Full,4,117,train,strong,player_win,-10.0,5,100.0,5,Expert,0.05,0.05,1,235,27,0.0,0.0,2,0,0
Full,4,118,train,strong,player_win,-10.0,5,100.0,5,Expert,0.05,0.05,1,237,28,0.0,0.0,1,0,1
Full,4,119,train,strong,player_win,-10.0,5,100.0,5,Expert,0.05,0.05,1,239,28,0.0,0.0,2,0,0
Full,4,120,train,strong,player_win,-10.0,5,100.0,5,Expert,0.05,0.05,1,241,28,0.0,0.0,2,0,0
Full,4,121,train,strong,player_win,-10.0,5,100.0,5,Expert,0.05,0.05,1,243,28,0.0,0.0,2,0,0
Full,4,122,train,strong,player_win,-10.0,5,100.0,5,Expert,0.05,0.05,1,245,28,0.0,0.0,2,0,0
Full,4,123,train,strong,player_win,-10.0,5,100.0,5,Expert,0.05,0.05,1,247,28,0.0,0.0,2,0,0
Full,4,124,train,strong,player_win,-10.0,5,100.0,5,Expert,0.05,0.05,1,249,28,0.0,0.0,2,0,0
Full,4,125,train,strong,player_win,-10.0,5,100.0,5,Expert,0.05,0.05,1,251,28,0.0,0.0,2,0,0
Full,4,126,train,strong,player_win,-10.0,5,100.0,5,Expert,0.05,0.05,1,253,28,0.0,0.0,2,0,0
Full,4,127,train,strong,player_win,-10.0,5,100.0,5,Expert,0.05,0.05,1,255,29,0.0,0.0,1,0,1
Full,4,128,train,strong,player_win,-10.0,5,100.0,5,Expert,0.05,0.05,1,257,29,0.0,0.0,2,0,0
Full,4,129,train,strong,player_win,-10.0,5,100.0,5,Expert,0.05,0.05,1,259,29,0.0,0.0,2,0,0
Full,4,130,train,strong,player_win,-10.0,5,100.0,5,Expert,0.05,0.05,1,261,29,0.0,0.0,2,0,0
Full,4,131,train,strong,player_win,-10.0,5,100.0,5,Expert,0.05,0.05,1,263,30,0.0,0.0,1,0,1
Full,4,132,train,strong,player_win,-10.0,5,100.0,5,Expert,0.05,0.05,1,265,30,0.0,0.0,2,0,0
Full,4,133,train,strong,player_win,-10.0,5,100.0,5,Expert,0.05,0.05,1,267,30,0.0,0.0,2,0,0
Full,4,134,train,strong,player_win,-10.0,5,100.0,5,Expert,0.05,0.05,1,269,30,0.0,0.0,2,0,0
Full,4,135,train,strong,player_win,-10.0,5,100.0,5,Expert,0.05,0.05,1,271,30,0.0,0.0,2,0,0
Full,4,136,train,strong,player_win,-10.0,5,100.0,5,Expert,0.05,0.05,1,273,30,0.0,0.0,2,0,0
Full,4,137,train,strong,player_win,-10.0,5,100.0,5,Expert,0.05,0.05,1,275,30,0.0,0.0,2,0,0
Full,4,138,train,strong,player_win,-10.0,5,100.0,5,Expert,0.05,0.05,1,277,30,0.0,0.0,2,0,0
Full,4,139,train,strong,player_win,-10.0,5,100.0,5,Expert,0.05,0.05,1,279,30,0.0,0.0,2,0,0
Full,4,140,train,strong,player_win,-10.0,5,100.0,5,Expert,0.05,0.05,1,281,30,0.0,0.0,2,0,0
Full,4,141,train,strong,player_win,-10.0,5,100.0,5,Expert,0.05,0.05,1,283,30,0.0,0.0,2,0,0
Full,4,142,train,strong,player_win,-10.0,5,100.0,5,Expert,0.05,0.05,1,285,30,0.0,0.0,2,0,0
Full,4,143,train,strong,player_win,-10.0,5,100.0,5,Expert,0.05,0.05,1,287,30,0.0,0.0,2,0,0
Full,4,144,train,strong,player_win,-10.0,5,100.0,5,Expert,0.05,0.05,1,289,30,0.0,0.0,2,0,0
Full,4,145,train,strong,player_win,-10.0,5,100.0,5,Expert,0.05,0.05,1,291,30,0.0,0.0,2,0,0
Full,4,146,train,strong,player_win,-10.0,5,100.0,5,Expert,0.05,0.05,1,293,30,0.0,0.0,2,0,0
Full,4,147,train,strong,player_win,-10.0,5,100.0,5,Expert,0.05,0.05,1,295,30,0.0,0.0,2,0,0
Full,4,148,train,strong,player_win,-10.0,5,100.0,5,Expert,0.05,0.05,1,297,30,0.0,0.0,2,0,0
Full,4,149,train,strong,player_win,-10.0,5,100.0,5,Expert,0.05,0.05,1,299,30,0.0,0.0,2,0,0
Full,4,150,train,strong,player_win,-10.0,5,100.0,5,Expert,0.05,0.05,1,301,30,0.0,0.0,2,0,0
Full,4,151,train,strong,player_win,-10.0,5,100.0,5,Expert,0.05,0.05,1,303,30,0.0,0.0,2,0,0
Full,4,152,train,strong,player_win,-10.0,5,100.0,5,Expert,0.05,0.05,1,305,30,0.0,0.0,2,0,0
Full,4,153,train,strong,player_win,-10.0,5,100.0,5,Expert,0.05,0.05,1,307,30,0.0,0.0,2,0,0
Full,4,154,train,strong,player_win,-10.0,5,100.0,5,Expert,0.05,0.05,1,309,30,0.0,0.0,2,0,0
Full,4,155,train,strong,player_win,-10.0,5,100.0,5,Expert,0.05,0.05,1,311,30,0.0,0.0,1,0,1
Full,4,156,train,strong,player_win,-10.0,5,100.0,5,Expert,0.05,0.05,1,313,30,0.0,0.0,2,0,0
Full,4,157,train,strong,player_win,-10.0,5,100.0,5,Expert,0.05,0.05,1,315,30,0.0,0.0,2,0,0
Full,4,158,train,strong,player_win,-10.0,5,100.0,5,Expert,0.05,0.05,1,317,30,0.0,0.0,2,0,0
Full,4,159,train,strong,player_win,-10.0,5,100.0,5,Expert,0.05,0.05,1,319,30,0.0,0.0,2,0,0
Full,4,160,train,strong,player_win,-10.0,5,100.0,5,Expert,0.05,0.05,1,321,30,0.0,0.0,2,0,0
Full,4,161,train,strong,player_win,-10.0,5,100.0,5,Expert,0.05,0.05,1,323,30,0.0,0.0,2,0,0
Full,4,162,train,strong,player_win,-10.0,5,100.0,5,Expert,0.05,0.05,1,325,30,0.0,0.0,2,0,0
Full,4,163,train,strong,player_win,-10.0,5,100.0,5,Expert,0.05,0.05,1,327,30,0.0,0.0,2,0,0
Full,4,164,train,strong,player_win,-10.0,5,100.0,5,Expert,0.05,0.05,1,329,30,0.0,0.0,2,0,0
Full,4,165,train,strong,player_win,-10.0,5,100.0,5,Expert,0.05,0.05,1,331,30,0.0,0.0,2,0,0
Full,4,166,train,strong,player_win,-10.0,5,100.0,5,Expert,0.05,0.05,1,333,30,0.0,0.0,2,0,0
Full,4,167,train,strong,player_win,-10.0,5,100.0,5,Expert,0.05,0.05,1,335,30,0.0,0.0,2,0,0
Full,4,168,train,strong,player_win,-10.0,5,100.0,5,Expert,0.05,0.05,1,337,30,0.0,0.0,2,0,0
Full,4,169,train,strong,player_win,-10.0,5,100.0,5,Expert,0.05,0.05,1,339,30,0.0,0.0,2,0,0
Full,4,170,train,strong,player_win,-10.0,5,100.0,5,Expert,0.05,0.05,1,341,30,0.0,0.0,2,0,0
Full,4,171,train,strong,player_win,-10.0,5,100.0,5,Expert,0.05,0.05,1,343,30,0.0,0.0,2,0,0
Full,4,172,train,strong,player_win,-10.0,5,100.0,5,Expert,0.05,0.05,1,345,30,0.0,0.0,2,0,0
Full,4,173,train,strong,player_win,-10.0,5,100.0,5,Expert,0.05,0.05,1,347,30,0.0,0.0,2,0,0
Full,4,174,train,strong,player_win,-10.0,5,100.0,5,Expert,0.05,0.05,1,349,30,0.0,0.0,2,0,0
Full,4,175,train,strong,player_win,-10.0,5,100.0,5,Expert,0.05,0.05,1,351,30,0.0,0.0,2,0,0
Full,4,176,train,strong,player_win,-10.0,5,100.0,5,Expert,0.05,0.05,1,353,30,0.0,0.0,2,0,0
Full,4,177,train,strong,player_win,-10.0,5,100.0,5,Expert,0.05,0.05,1,355,30,0.0,0.0,2,0,0
Full,4,178,train,strong,player_win,-10.0,5,100.0,5,Expert,0.05,0.05,1,357,30,0.0,0.0,1,0,1
Full,4,179,train,strong,player_win,-10.0,5,100.0,5,Expert,0.05,0.05,1,359,30,0.0,0.0,2,0,0
Full,4,180,train,strong,player_win,-10.0,5,100.0,5,Expert,0.05,0.05,1,361,30,0.0,0.0,2,0,0
Full,4,181,train,strong,player_win,-10.0,5,100.0,5,Expert,0.05,0.05,1,363,30,0.0,0.0,2,0,0
Full,4,182,train,strong,player_win,-10.0,5,100.0,5,Expert,0.05,0.05,1,365,30,0.0,0.0,2,0,0
Full,4,183,train,strong,player_win,-10.0,5,100.0,5,Expert,0.05,0.05,1,367,30,0.0,0.0,2,0,0
Full,4,184,train,strong,player_win,-10.0,5,100.0,5,Expert,0.05,0.05,1,369,30,0.0,0.0,2,0,0
Full,4,185,train,strong,player_win,-10.0,5,100.0,5,Expert,0.05,0.05,1,371,30,0.0,0.0,2,0,0
Full,4,186,train,strong,player_win,-10.0,5,100.0,5,Expert,0.05,0.05,1,373,30,0.0,0.0,2,0,0
Full,4,187,train,strong,player_win,-10.0,5,100.0,5,Expert,0.05,0.05,1,375,30,0.0,0.0,2,0,0
Full,4,188,train,strong,player_win,-10.0,5,100.0,5,Expert,0.05,0.05,1,377,30,0.0,0.0,2,0,0
Full,4,189,train,strong,player_win,-10.0,5,100.0,5,Expert,0.05,0.05,1,379,30,0.0,0.0,2,0,0
Full,4,190,train,strong,player_win,-10.0,5,100.0,5,Expert,0.05,0.05,1,381,30,0.0,0.0,2,0,0
Full,4,191,train,strong,player_win,-10.0,5,100.0,5,Expert,0.05,0.05,1,383,31,0.0,0.0,1,0,1
Full,4,192,train,strong,player_win,-10.0,5,100.0,5,Expert,0.05,0.05,1,385,31,0.0,0.0,2,0,0
Full,4,193,train,strong,player_win,-10.0,5,100.0,5,Expert,0.05,0.05,1,387,31,0.0,0.0,2,0,0
Full,4,194,train,strong,player_win,-10.0,5,100.0,5,Expert,0.05,0.05,1,389,31,0.0,0.0,2,0,0
Full,4,195,train,strong,player_win,-10.0,5,100.0,5,Expert,0.05,0.05,1,391,31,0.0,0.0,2,0,0
Full,4,196,train,strong,player_win,-10.0,5,100.0,5,Expert,0.05,0.05,1,393,31,0.0,0.0,2,0,0
Full,4,197,train,strong,player_win,-10.0,5,100.0,5,Expert,0.05,0.05,1,395,31,0.0,0.0,2,0,0
Full,4,198,train,strong,player_win,-10.0,5,100.0,5,Expert,0.05,0.05,1,397,31,0.0,0.0,2,0,0
Full,4,199,train,strong,player_win,-10.0,5,100.0,5,Expert,0.05,0.05,1,399,31,0.0,0.0,2,0,0
Full,4,200,train,strong,player_win,-10.0,5,100.0,5,Expert,0.05,0.05,1,401,31,0.0,0.0,2,0,0
Full,4,201,train,strong,player_win,-10.0,5,100.0,5,Expert,0.05,0.05,1,403,31,0.0,0.0,1,0,1
Full,4,202,train,strong,player_win,-10.0,5,100.0,5,Expert,0.05,0.05,1,405,31,0.0,0.0,2,0,0
Full,4,203,train,strong,player_win,-10.0,5,100.0,5,Expert,0.05,0.05,1,407,31,0.0,0.0,2,0,0
Full,4,204,train,strong,player_win,-10.0,5,100.0,5,Expert,0.05,0.05,1,409,31,0.0,0.0,1,0,1
Full,4,205,train,strong,player_win,-10.0,5,100.0,5,Expert,0.05,0.05,1,411,31,0.0,0.0,2,0,0
Full,4,206,train,strong,player_win,-10.0,5,100.0,5,Expert,0.05,0.05,1,413,32,0.0,0.0,1,0,1
Full,4,207,train,strong,player_win,-10.0,5,100.0,5,Expert,0.05,0.05,1,415,32,0.0,0.0,2,0,0
Full,4,208,train,strong,player_win,-10.0,5,100.0,5,Expert,0.05,0.05,1,417,32,0.0,0.0,2,0,0
Full,4,209,train,strong,player_win,-10.0,5,100.0,5,Expert,0.05,0.05,1,419,32,0.0,0.0,2,0,0
Full,4,210,train,strong,player_win,-10.0,5,100.0,5,Expert,0.05,0.05,1,421,32,0.0,0.0,2,0,0
Full,4,211,train,strong,player_win,-10.0,5,100.0,5,Expert,0.05,0.05,1,423,32,0.0,0.0,2,0,0
Full,4,212,train,strong,player_win,-10.0,5,100.0,5,Expert,0.05,0.05,1,425,32,0.0,0.0,2,0,0
Full,4,213,train,strong,player_win,-10.0,5,100.0,5,Expert,0.05,0.05,1,427,32,0.0,0.0,2,0,0
Full,4,214,train,strong,player_win,-10.0,5,100.0,5,Expert,0.05,0.05,1,429,32,0.0,0.0,2,0,0
Full,4,215,train,strong,player_win,-10.0,5,100.0,5,Expert,0.05,0.05,1,431,32,0.0,0.0,2,0,0
Full,4,216,train,strong,player_win,-10.0,5,100.0,5,Expert,0.05,0.05,1,433,32,0.0,0.0,2,0,0
Full,4,217,train,strong,player_win,-10.0,5,100.0,5,Expert,0.05,0.05,1,435,32,0.0,0.0,2,0,0
Full,4,218,train,strong,player_win,-10.0,5,100.0,5,Expert,0.05,0.05,1,437,32,0.0,0.0,2,0,0
Full,4,219,train,strong,player_win,-10.0,5,100.0,5,Expert,0.05,0.05,1,439,32,0.0,0.0,2,0,0
Full,4,220,train,strong,player_win,-10.0,5,100.0,5,Expert,0.05,0.05,1,441,32,0.0,0.0,2,0,0
Full,4,221,train,strong,player_win,-10.0,5,100.0,5,Expert,0.05,0.05,1,443,32,0.0,0.0,2,0,0
Full,4,222,train,strong,player_win,-10.0,5,100.0,5,Expert,0.05,0.05,1,445,32,0.0,0.0,2,0,0
Full,4,223,train,strong,player_win,-10.0,5,100.0,5,Expert,0.05,0.05,1,447,32,0.0,0.0,2,0,0
Full,4,224,train,strong,player_win,-10.0,5,100.0,5,Expert,0.05,0.05,1,449,32,0.0,0.0,2,0,0
Full,4,225,train,strong,player_win,-10.0,5,100.0,5,Expert,0.05,0.05,1,451,32,0.0,0.0,2,0,0
Full,4,226,train,strong,player_win,-10.0,5,100.0,5,Expert,0.05,0.05,1,453,32,0.0,0.0,2,0,0
Full,4,227,train,strong,player_win,-10.0,5,100.0,5,Expert,0.05,0.05,1,455,32,0.0,0.0,1,0,1
Full,4,228,train,strong,player_win,-10.0,5,100.0,5,Expert,0.05,0.05,1,457,32,0.0,0.0,2,0,0
Full,4,229,train,strong,player_win,-10.0,5,100.0,5,Expert,0.05,0.05,1,459,32,0.0,0.0,2,0,0
Full,4,230,train,strong,player_win,-10.0,5,100.0,5,Expert,0.05,0.05,1,461,32,0.0,0.0,2,0,0
Full,4,231,train,strong,player_win,-10.0,5,100.0,5,Expert,0.05,0.05,1,463,32,0.0,0.0,2,0,0
Full,4,232,train,strong,player_win,-10.0,5,100.0,5,Expert,0.05,0.05,1,465,32,0.0,0.0,2,0,0
Full,4,233,train,strong,player_win,-10.0,5,100.0,5,Expert,0.05,0.05,1,467,32,0.0,0.0,2,0,0
Full,4,234,train,strong,player_win,-10.0,5,100.0,5,Expert,0.05,0.05,1,469,32,0.0,0.0,2,0,0
Full,4,235,train,strong,player_win,-10.0,5,100.0,5,Expert,0.05,0.05,1,471,32,0.0,0.0,2,0,0
Full,4,236,train,strong,player_win,-10.0,5,100.0,5,Expert,0.05,0.05,1,473,32,0.0,0.0,2,0,0
Full,4,237,train,strong,player_win,-10.0,5,100.0,5,Expert,0.05,0.05,1,475,32,0.0,0.0,2,0,0
Full,4,238,train,strong,player_win,-10.0,5,100.0,5,Expert,0.05,0.05,1,477,32,0.0,0.0,2,0,0
Full,4,239,train,strong,player_win,-10.0,5,100.0,5,Expert,0.05,0.05,1,479,32,0.0,0.0,2,0,0
Full,4,240,train,strong,player_win,-10.0,5,100.0,5,Expert,0.05,0.05,1,481,32,0.0,0.0,1,1,0
Full,4,241,train,strong,player_win,-10.0,5,100.0,5,Expert,0.05,0.05,1,483,32,0.0,0.0,2,0,0
Full,4,242,train,strong,player_win,-10.0,5,100.0,5,Expert,0.05,0.05,1,485,32,0.0,0.0,2,0,0
Full,4,243,train,strong,player_win,-10.0,5,100.0,5,Expert,0.05,0.05,1,487,32,0.0,0.0,2,0,0
Full,4,244,train,strong,player_win,-10.0,5,100.0,5,Expert,0.05,0.05,1,489,32,0.0,0.0,2,0,0
Full,4,245,train,strong,player_win,-10.0,5,100.0,5,Expert,0.05,0.05,1,491,32,0.0,0.0,2,0,0
Full,4,246,train,strong,player_win,-10.0,5,100.0,5,Expert,0.05,0.05,1,493,32,0.0,0.0,2,0,0
Full,4,247,train,strong,player_win,-10.0,5,100.0,5,Expert,0.05,0.05,1,495,32,0.0,0.0,1,0,1
Full,4,248,train,strong,player_win,-10.0,5,100.0,5,Expert,0.05,0.05,1,497,32,0.0,0.0,2,0,0
Full,4,249,train,strong,player_win,-10.0,5,100.0,5,Expert,0.05,0.05,1,499,32,0.0,0.0,2,0,0
Full,4,250,train,strong,player_win,-10.0,5,100.0,5,Expert,0.05,0.05,1,501,32,0.0,0.0,2,0,0
Full,4,251,train,strong,player_win,-10.0,5,100.0,5,Expert,0.05,0.05,1,503,32,0.0,0.0,2,0,0
Full,4,252,train,strong,player_win,-10.0,5,100.0,5,Expert,0.05,0.05,1,505,32,0.0,0.0,2,0,0
Full,4,253,train,strong,player_win,-10.0,5,100.0,5,Expert,0.05,0.05,1,507,32,0.0,0.0,1,0,1
Full,4,254,train,strong,player_win,-10.0,5,100.0,5,Expert,0.05,0.05,1,509,32,0.0,0.0,2,0,0
Full,4,255,train,strong,player_win,-10.0,5,100.0,5,Expert,0.05,0.05,1,511,32,0.0,0.0,2,0,0
Full,4,256,train,strong,player_win,-10.0,5,100.0,5,Expert,0.05,0.05,1,513,32,0.0,0.0,2,0,0
Full,4,257,train,strong,player_win,-10.0,5,100.0,5,Expert,0.05,0.05,1,515,32,0.0,0.0,2,0,0
Full,4,258,train,strong,player_win,-10.0,5,100.0,5,Expert,0.05,0.05,1,517,33,0.0,0.0,1,0,1
Full,4,259,train,strong,player_win,-10.0,7,100.0,5,Expert,0.05,0.05,1,520,35,0.0,0.0,2,0,1
Full,4,260,train,strong,player_win,-10.0,5,100.0,5,Expert,0.05,0.05,1,522,35,0.0,0.0,2,0,0
Full,4,261,train,strong,player_win,-10.0,5,100.0,5,Expert,0.05,0.05,1,524,35,0.0,0.0,2,0,0
Full,4,262,train,strong,player_win,-10.0,5,100.0,5,Expert,0.05,0.05,1,526,35,0.0,0.0,2,0,0
Full,4,263,train,strong,player_win,-10.0,5,100.0,5,Expert,0.05,0.05,1,528,35,0.0,0.0,2,0,0
Full,4,264,train,strong,player_win,-10.0,5,100.0,5,Expert,0.05,0.05,1,530,35,0.0,0.0,2,0,0
Full,4,265,train,strong,player_win,-10.0,5,100.0,5,Expert,0.05,0.05,1,532,35,0.0,0.0,2,0,0
Full,4,266,train,strong,player_win,-10.0,5,100.0,5,Expert,0.05,0.05,1,534,35,0.0,0.0,2,0,0
Full,4,267,train,strong,player_win,-10.0,5,100.0,5,Expert,0.05,0.05,1,536,35,0.0,0.0,2,0,0
Full,4,268,train,strong,player_win,-10.0,5,100.0,5,Expert,0.05,0.05,1,538,35,0.0,0.0,1,0,1
Full,4,269,train,strong,player_win,-10.0,5,100.0,5,Expert,0.05,0.05,1,540,35,0.0,0.0,1,0,1
Full,4,270,train,strong,player_win,-10.0,5,100.0,5,Expert,0.05,0.05,1,542,35,0.0,0.0,2,0,0
Full,4,271,train,strong,player_win,-10.0,5,100.0,5,Expert,0.05,0.05,1,544,35,0.0,0.0,2,0,0
Full,4,272,train,strong,player_win,-10.0,5,100.0,5,Expert,0.05,0.05,1,546,35,0.0,0.0,2,0,0
Full,4,273,train,strong,player_win,-10.0,5,100.0,5,Expert,0.05,0.05,1,548,35,0.0,0.0,2,0,0
Full,4,274,train,strong,player_win,-10.0,5,100.0,5,Expert,0.05,0.05,1,550,35,0.0,0.0,1,0,1
Full,4,275,train,strong,player_win,-10.0,5,100.0,5,Expert,0.05,0.05,1,552,35,0.0,0.0,2,0,0
Full,4,276,train,strong,player_win,-10.0,5,100.0,5,Expert,0.05,0.05,1,554,35,0.0,0.0,2,0,0
Full,4,277,train,strong,player_win,-10.0,5,100.0,5,Expert,0.05,0.05,1,556,35,0.0,0.0,2,0,0
Full,4,278,train,strong,player_win,-10.0,5,100.0,5,Expert,0.05,0.05,1,558,35,0.0,0.0,2,0,0
Full,4,279,train,strong,player_win,-10.0,5,100.0,5,Expert,0.05,0.05,1,560,35,0.0,0.0,2,0,0
Full,4,280,train,strong,player_win,-10.0,5,100.0,5,Expert,0.05,0.05,1,562,35,0.0,0.0,2,0,0
Full,4,281,train,strong,player_win,-10.0,5,100.0,5,Expert,0.05,0.05,1,564,35,0.0,0.0,2,0,0
Full,4,282,train,strong,player_win,-10.0,5,100.0,5,Expert,0.05,0.05,1,566,35,0.0,0.0,2,0,0
Full,4,283,train,strong,player_win,-10.0,5,100.0,5,Expert,0.05,0.05,1,568,35,0.0,0.0,2,0,0
Full,4,284,train,strong,player_win,-10.0,5,100.0,5,Expert,0.05,0.05,1,570,35,0.0,0.0,2,0,0
Full,4,285,train,strong,player_win,-10.0,5,100.0,5,Expert,0.05,0.05,1,572,35,0.0,0.0,2,0,0
Full,4,286,train,strong,player_win,-10.0,5,100.0,5,Expert,0.05,0.05,1,574,35,0.0,0.0,2,0,0
Full,4,287,train,strong,player_win,-10.0,5,100.0,5,Expert,0.05,0.05,1,576,36,0.0,0.0,1,0,1
Full,4,288,train,strong,player_win,-10.0,5,100.0,5,Expert,0.05,0.05,1,578,36,0.0,0.0,2,0,0
Full,4,289,train,strong,player_win,-10.0,5,100.0,5,Expert,0.05,0.05,1,580,36,0.0,0.0,2,0,0
Full,4,290,train,strong,player_win,-10.0,5,100.0,5,Expert,0.05,0.05,1,582,36,0.0,0.0,1,0,1
Full,4,291,train,strong,player_win,-10.0,5,100.0,5,Expert,0.05,0.05,1,584,36,0.0,0.0,2,0,0
Full,4,292,train,strong,player_win,-10.0,5,100.0,5,Expert,0.05,0.05,1,586,36,0.0,0.0,2,0,0
Full,4,293,train,strong,player_win,-10.0,5,100.0,5,Expert,0.05,0.05,1,588,36,0.0,0.0,2,0,0
Full,4,294,train,strong,player_win,-10.0,5,100.0,5,Expert,0.05,0.05,1,590,36,0.0,0.0,2,0,0
Full,4,295,train,strong,player_win,-10.0,5,100.0,5,Expert,0.05,0.05,1,592,36,0.0,0.0,2,0,0
Full,4,296,train,strong,player_win,-10.0,5,100.0,5,Expert,0.05,0.05,1,594,36,0.0,0.0,2,0,0
Full,4,297,train,strong,player_win,-10.0,5,100.0,5,Expert,0.05,0.05,1,596,36,0.0,0.0,2,0,0
Full,4,298,train,strong,player_win,-10.0,5,100.0,5,Expert,0.05,0.05,1,598,36,0.0,0.0,2,0,0
Full,4,299,train,strong,player_win,-10.0,5,100.0,5,Expert,0.05,0.05,1,600,36,0.0,0.0,2,0,0
Full,4,300,train,strong,player_win,-10.0,5,100.0,5,Expert,0.05,0.05,1,602,36,0.0,0.0,1,0,1
Full,4,301,train,strong,player_win,-10.0,5,100.0,5,Expert,0.05,0.05,1,604,36,0.0,0.0,2,0,0
Full,4,302,train,strong,player_win,-10.0,5,100.0,5,Expert,0.05,0.05,1,606,36,0.0,0.0,2,0,0
Full,4,303,train,strong,player_win,-10.0,5,100.0,5,Expert,0.05,0.05,1,608,36,0.0,0.0,2,0,0
Full,4,304,train,strong,player_win,-10.0,5,100.0,5,Expert,0.05,0.05,1,610,36,0.0,0.0,2,0,0
Full,4,305,train,strong,player_win,-10.0,5,100.0,5,Expert,0.05,0.05,1,612,36,0.0,0.0,2,0,0
Full,4,306,train,strong,player_win,-10.0,5,100.0,5,Expert,0.05,0.05,1,614,36,0.0,0.0,2,0,0
Full,4,307,train,strong,player_win,-10.0,5,100.0,5,Expert,0.05,0.05,1,616,36,0.0,0.0,2,0,0
Full,4,308,train,strong,player_win,-10.0,5,100.0,5,Expert,0.05,0.05,1,618,36,0.0,0.0,2,0,0
Full,4,309,train,strong,player_win,-10.0,5,100.0,5,Expert,0.05,0.05,1,620,36,0.0,0.0,2,0,0
Full,4,310,train,strong,player_win,-10.0,5,100.0,5,Expert,0.05,0.05,1,622,36,0.0,0.0,2,0,0
Full,4,311,train,strong,player_win,-10.0,5,100.0,5,Expert,0.05,0.05,1,624,36,0.0,0.0,2,0,0
Full,4,312,train,strong,player_win,-10.0,5,100.0,5,Expert,0.05,0.05,1,626,36,0.0,0.0,2,0,0
Full,4,313,train,strong,player_win,-10.0,5,100.0,5,Expert,0.05,0.05,1,628,36,0.0,0.0,2,0,0
Full,4,314,train,strong,player_win,-10.0,5,100.0,5,Expert,0.05,0.05,1,630,36,0.0,0.0,2,0,0
Full,4,315,train,strong,player_win,-10.0,5,100.0,5,Expert,0.05,0.05,1,632,36,0.0,0.0,2,0,0
Full,4,316,train,strong,player_win,-10.0,5,100.0,5,Expert,0.05,0.05,1,634,36,0.0,0.0,2,0,0
Full,4,317,train,strong,player_win,-10.0,5,100.0,5,Expert,0.05,0.05,1,636,36,0.0,0.0,2,0,0
Full,4,318,train,strong,player_win,-10.0,5,100.0,5,Expert,0.05,0.05,1,638,36,0.0,0.0,2,0,0
Full,4,319,train,strong,player_win,-10.0,5,100.0,5,Expert,0.05,0.05,1,640,36,0.0,0.0,2,0,0
Full,4,320,train,strong,player_win,-10.0,5,100.0,5,Expert,0.05,0.05,1,642,36,0.0,0.0,2,0,0
Full,4,321,train,strong,player_win,-10.0,5,100.0,5,Expert,0.05,0.05,1,644,36,0.0,0.0,2,0,0
Full,4,322,train,strong,player_win,-10.0,5,100.0,5,Expert,0.05,0.05,1,646,36,0.0,0.0,2,0,0
Full,4,323,train,strong,player_win,-10.0,5,100.0,5,Expert,0.05,0.05,1,648,36,0.0,0.0,2,0,0
Full,4,324,train,strong,player_win,-10.0,5,100.0,5,Expert,0.05,0.05,1,650,36,0.0,0.0,2,0,0
Full,4,325,train,strong,player_win,-10.0,5,100.0,5,Expert,0.05,0.05,1,652,36,0.0,0.0,2,0,0
Full,4,326,train,strong,player_win,-10.0,5,100.0,5,Expert,0.05,0.05,1,654,36,0.0,0.0,2,0,0
Full,4,327,train,strong,player_win,-10.0,5,100.0,5,Expert,0.05,0.05,1,656,36,0.0,0.0,2,0,0
Full,4,328,train,strong,player_win,-10.0,5,100.0,5,Expert,0.05,0.05,1,658,36,0.0,0.0,2,0,0
Full,4,329,train,strong,player_win,-10.0,5,100.0,5,Expert,0.05,0.05,1,660,36,0.0,0.0,2,0,0
Full,4,330,train,strong,player_win,-10.0,5,100.0,5,Expert,0.05,0.05,1,662,36,0.0,0.0,2,0,0
Full,4,331,train,strong,player_win,-10.0,5,100.0,5,Expert,0.05,0.05,1,664,36,0.0,0.0,2,0,0
Full,4,332,train,strong,player_win,-10.0,5,100.0,5,Expert,0.05,0.05,1,666,36,0.0,0.0,2,0,0
Full,4,333,train,strong,player_win,-10.0,5,100.0,5,Expert,0.05,0.05,1,668,36,0.0,0.0,2,0,0
Full,4,334,train,strong,player_win,-10.0,5,100.0,5,Expert,0.05,0.05,1,670,36,0.0,0.0,2,0,0
Full,4,335,train,strong,player_win,-10.0,5,100.0,5,Expert,0.05,0.05,1,672,36,0.0,0.0,2,0,0
Full,4,336,train,strong,player_win,-10.0,5,100.0,5,Expert,0.05,0.05,1,674,36,0.0,0.0,2,0,0
Full,4,337,train,strong,player_win,-10.0,5,100.0,5,Expert,0.05,0.05,1,676,36,0.0,0.0,2,0,0
Full,4,338,train,strong,player_win,-10.0,5,100.0,5,Expert,0.05,0.05,1,678,36,0.0,0.0,2,0,0
Full,4,339,train,strong,player_win,-10.0,5,100.0,5,Expert,0.05,0.05,1,680,36,0.0,0.0,2,0,0
Full,4,340,train,strong,player_win,-10.0,5,100.0,5,Expert,0.05,0.05,1,682,36,0.0,0.0,2,0,0
Full,4,341,train,strong,player_win,-10.0,5,100.0,5,Expert,0.05,0.05,1,684,36,0.0,0.0,2,0,0
Full,4,342,train,strong,player_win,-10.0,5,100.0,5,Expert,0.05,0.05,1,686,36,0.0,0.0,2,0,0
Full,4,343,train,strong,player_win,-10.0,5,100.0,5,Expert,0.05,0.05,1,688,36,0.0,0.0,2,0,0
Full,4,344,train,strong,player_win,-10.0,5,100.0,5,Expert,0.05,0.05,1,690,36,0.0,0.0,2,0,0
Full,4,345,train,strong,player_win,-10.0,5,100.0,5,Expert,0.05,0.05,1,692,37,0.0,0.0,1,0,1
Full,4,346,train,strong,player_win,-10.0,5,100.0,5,Expert,0.05,0.05,1,694,38,0.0,0.0,1,0,1
Full,4,347,train,strong,player_win,-10.0,5,100.0,5,Expert,0.05,0.05,1,696,38,0.0,0.0,2,0,0
Full,4,348,train,strong,player_win,-10.0,5,100.0,5,Expert,0.05,0.05,1,698,38,0.0,0.0,2,0,0
Full,4,349,train,strong,player_win,-10.0,5,100.0,5,Expert,0.05,0.05,1,700,38,0.0,0.0,1,0,1
Full,4,350,train,strong,player_win,-10.0,5,100.0,5,Expert,0.05,0.05,1,702,38,0.0,0.0,2,0,0
Full,4,351,train,strong,player_win,-10.0,5,100.0,5,Expert,0.05,0.05,1,704,38,0.0,0.0,2,0,0
Full,4,352,train,strong,player_win,-10.0,5,100.0,5,Expert,0.05,0.05,1,706,38,0.0,0.0,2,0,0
Full,4,353,train,strong,player_win,-10.0,5,100.0,5,Expert,0.05,0.05,1,708,38,0.0,0.0,2,0,0
Full,4,354,train,strong,player_win,-10.0,5,100.0,5,Expert,0.05,0.05,1,710,38,0.0,0.0,2,0,0
Full,4,355,train,strong,player_win,-10.0,5,100.0,5,Expert,0.05,0.05,1,712,38,0.0,0.0,2,0,0
Full,4,356,train,strong,player_win,-10.0,5,100.0,5,Expert,0.05,0.05,1,714,38,0.0,0.0,2,0,0
Full,4,357,train,strong,player_win,-10.0,5,100.0,5,Expert,0.05,0.05,1,716,38,0.0,0.0,2,0,0
Full,4,358,train,strong,player_win,-10.0,5,100.0,5,Expert,0.05,0.05,1,718,38,0.0,0.0,2,0,0
Full,4,359,train,strong,player_win,-10.0,5,100.0,5,Expert,0.05,0.05,1,720,38,0.0,0.0,2,0,0
Full,4,360,train,strong,player_win,-10.0,5,100.0,5,Expert,0.05,0.05,1,722,38,0.0,0.0,2,0,0
Full,4,361,train,strong,player_win,-10.0,5,100.0,5,Expert,0.05,0.05,1,724,38,0.0,0.0,2,0,0
Full,4,362,train,strong,player_win,-10.0,5,100.0,5,Expert,0.05,0.05,1,726,38,0.0,0.0,2,0,0
Full,4,363,train,strong,player_win,-10.0,5,100.0,5,Expert,0.05,0.05,1,728,38,0.0,0.0,2,0,0
Full,4,364,train,strong,player_win,-10.0,5,100.0,5,Expert,0.05,0.05,1,730,38,0.0,0.0,2,0,0
Full,4,365,train,strong,player_win,-10.0,5,100.0,5,Expert,0.05,0.05,1,732,38,0.0,0.0,2,0,0
Full,4,366,train,strong,player_win,-10.0,5,100.0,5,Expert,0.05,0.05,1,734,38,0.0,0.0,2,0,0
Full,4,367,train,strong,player_win,-10.0,5,100.0,5,Expert,0.05,0.05,1,736,38,0.0,0.0,2,0,0
Full,4,368,train,strong,player_win,-10.0,5,100.0,5,Expert,0.05,0.05,1,738,38,0.0,0.0,2,0,0
Full,4,369,train,strong,player_win,-10.0,5,100.0,5,Expert,0.05,0.05,1,740,38,0.0,0.0,2,0,0
Full,4,370,train,strong,player_win,-10.0,5,100.0,5,Expert,0.05,0.05,1,742,38,0.0,0.0,2,0,0
Full,4,371,train,strong,player_win,-10.0,5,100.0,5,Expert,0.05,0.05,1,744,38,0.0,0.0,2,0,0
Full,4,372,train,strong,player_win,-10.0,5,100.0,5,Expert,0.05,0.05,1,746,38,0.0,0.0,2,0,0
Full,4,373,train,strong,player_win,-10.0,5,100.0,5,Expert,0.05,0.05,1,748,38,0.0,0.0,2,0,0
Full,4,374,train,strong,player_win,-10.0,5,100.0,5,Expert,0.05,0.05,1,750,38,0.0,0.0,2,0,0
Full,4,375,train,strong,player_win,-10.0,5,100.0,5,Expert,0.05,0.05,1,752,38,0.0,0.0,2,0,0
Full,4,376,train,strong,player_win,-10.0,5,100.0,5,Expert,0.05,0.05,1,754,38,0.0,0.0,2,0,0
Full,4,377,train,strong,player_win,-10.0,5,100.0,5,Expert,0.05,0.05,1,756,38,0.0,0.0,2,0,0
Full,4,378,train,strong,player_win,-10.0,5,100.0,5,Expert,0.05,0.05,1,758,38,0.0,0.0,2,0,0
Full,4,379,train,strong,player_win,-10.0,5,100.0,5,Expert,0.05,0.05,1,760,38,0.0,0.0,2,0,0
Full,4,380,train,strong,player_win,-10.0,5,100.0,5,Expert,0.05,0.05,1,762,38,0.0,0.0,2,0,0
Full,4,381,train,strong,player_win,-10.0,5,100.0,5,Expert,0.05,0.05,1,764,38,0.0,0.0,2,0,0
Full,4,382,train,strong,player_win,-10.0,5,100.0,5,Expert,0.05,0.05,1,766,38,0.0,0.0,2,0,0
Full,4,383,train,strong,player_win,-10.0,5,100.0,5,Expert,0.05,0.05,1,768,38,0.0,0.0,2,0,0
Full,4,384,train,strong,player_win,-10.0,5,100.0,5,Expert,0.05,0.05,1,770,38,0.0,0.0,2,0,0
Full,4,385,train,strong,player_win,-10.0,5,100.0,5,Expert,0.05,0.05,1,772,38,0.0,0.0,2,0,0
Full,4,386,train,strong,player_win,-10.0,5,100.0,5,Expert,0.05,0.05,1,774,38,0.0,0.0,2,0,0
Full,4,387,train,strong,player_win,-10.0,5,100.0,5,Expert,0.05,0.05,1,776,38,0.0,0.0,2,0,0
Full,4,388,train,strong,player_win,-10.0,5,100.0,5,Expert,0.05,0.05,1,778,38,0.0,0.0,2,0,0
Full,4,389,train,strong,player_win,-10.0,5,100.0,5,Expert,0.05,0.05,1,780,38,0.0,0.0,2,0,0
Full,4,390,train,strong,player_win,-10.0,5,100.0,5,Expert,0.05,0.05,1,782,38,0.0,0.0,2,0,0
Full,4,391,train,strong,player_win,-10.0,5,100.0,5,Expert,0.05,0.05,1,784,38,0.0,0.0,2,0,0
Full,4,392,train,strong,player_win,-10.0,5,100.0,5,Expert,0.05,0.05,1,786,38,0.0,0.0,2,0,0
Full,4,393,train,strong,player_win,-10.0,5,100.0,5,Expert,0.05,0.05,1,788,38,0.0,0.0,2,0,0
Full,4,394,train,strong,player_win,-10.0,5,100.0,5,Expert,0.05,0.05,1,790,38,0.0,0.0,1,0,1
Full,4,395,train,strong,player_win,-10.0,5,100.0,5,Expert,0.05,0.05,1,792,38,0.0,0.0,2,0,0
Full,4,396,train,strong,player_win,-10.0,5,100.0,5,Expert,0.05,0.05,1,794,38,0.0,0.0,2,0,0
Full,4,397,train,strong,player_win,-10.0,5,100.0,5,Expert,0.05,0.05,1,796,38,0.0,0.0,2,0,0
Full,4,398,train,strong,player_win,-10.0,5,100.0,5,Expert,0.05,0.05,1,798,38,0.0,0.0,2,0,0
Full,4,399,train,strong,player_win,-10.0,5,100.0,5,Expert,0.05,0.05,1,800,38,0.0,0.0,2,0,0
Full,4,400,train,strong,player_win,-10.0,5,100.0,5,Expert,0.05,0.05,1,802,38,0.0,0.0,2,0,0
Full,4,401,train,strong,player_win,-10.0,5,100.0,5,Expert,0.05,0.05,1,804,38,0.0,0.0,2,0,0
Full,4,402,train,strong,player_win,-10.0,5,100.0,5,Expert,0.05,0.05,1,806,38,0.0,0.0,2,0,0
Full,4,403,train,strong,player_win,-10.0,5,100.0,5,Expert,0.05,0.05,1,808,38,0.0,0.0,2,0,0
Full,4,404,train,strong,player_win,-10.0,5,100.0,5,Expert,0.05,0.05,1,810,38,0.0,0.0,2,0,0
Full,4,405,train,strong,player_win,-10.0,5,100.0,5,Expert,0.05,0.05,1,812,38,0.0,0.0,2,0,0
Full,4,406,train,strong,player_win,-10.0,5,100.0,5,Expert,0.05,0.05,1,814,38,0.0,0.0,2,0,0
Full,4,407,train,strong,player_win,-10.0,5,100.0,5,Expert,0.05,0.05,1,816,38,0.0,0.0,2,0,0
Full,4,408,train,strong,player_win,-10.0,5,100.0,5,Expert,0.05,0.05,1,818,38,0.0,0.0,2,0,0
Full,4,409,train,strong,player_win,-10.0,5,100.0,5,Expert,0.05,0.05,1,820,38,0.0,0.0,2,0,0
Full,4,410,train,strong,player_win,-10.0,5,100.0,5,Expert,0.05,0.05,1,822,39,0.0,0.0,1,0,1
Full,4,411,train,strong,player_win,-10.0,5,100.0,5,Expert,0.05,0.05,1,824,39,0.0,0.0,2,0,0
Full,4,412,train,strong,player_win,-10.0,5,100.0,5,Expert,0.05,0.05,1,826,39,0.0,0.0,1,1,0
Full,4,413,train,strong,player_win,-10.0,5,100.0,5,Expert,0.05,0.05,1,828,39,0.0,0.0,2,0,0
Full,4,414,train,strong,player_win,-10.0,5,100.0,5,Expert,0.05,0.05,1,830,39,0.0,0.0,2,0,0
Full,4,415,train,strong,player_win,-10.0,5,100.0,5,Expert,0.05,0.05,1,832,39,0.0,0.0,2,0,0
Full,4,416,train,strong,player_win,-10.0,5,100.0,5,Expert,0.05,0.05,1,834,39,0.0,0.0,2,0,0
Full,4,417,train,strong,player_win,-10.0,5,100.0,5,Expert,0.05,0.05,1,836,39,0.0,0.0,2,0,0
Full,4,418,train,strong,player_win,-10.0,5,100.0,5,Expert,0.05,0.05,1,838,39,0.0,0.0,2,0,0
Full,4,419,train,strong,player_win,-10.0,5,100.0,5,Expert,0.05,0.05,1,840,39,0.0,0.0,2,0,0
Full,4,420,train,strong,player_win,-10.0,5,100.0,5,Expert,0.05,0.05,1,842,39,0.0,0.0,2,0,0
Full,4,421,train,strong,player_win,-10.0,5,100.0,5,Expert,0.05,0.05,1,844,39,0.0,0.0,2,0,0
Full,4,422,train,strong,player_win,-10.0,7,100.0,5,Expert,0.05,0.05,1,847,40,0.0,0.0,2,0,1
Full,4,423,train,strong,player_win,-10.0,5,100.0,5,Expert,0.05,0.05,1,849,40,0.0,0.0,2,0,0
Full,4,424,train,strong,player_win,-10.0,5,100.0,5,Expert,0.05,0.05,1,851,40,0.0,0.0,2,0,0
Full,4,425,train,strong,player_win,-10.0,5,100.0,5,Expert,0.05,0.05,1,853,40,0.0,0.0,2,0,0
Full,4,426,train,strong,player_win,-10.0,5,100.0,5,Expert,0.05,0.05,1,855,40,0.0,0.0,2,0,0
Full,4,427,train,strong,player_win,-10.0,5,100.0,5,Expert,0.05,0.05,1,857,40,0.0,0.0,2,0,0
Full,4,428,train,strong,player_win,-10.0,5,100.0,5,Expert,0.05,0.05,1,859,40,0.0,0.0,2,0,0
Full,4,429,train,strong,player_win,-10.0,5,100.0,5,Expert,0.05,0.05,1,861,40,0.0,0.0,2,0,0
Full,4,430,train,strong,player_win,-10.0,5,100.0,5,Expert,0.05,0.05,1,863,40,0.0,0.0,2,0,0
Full,4,431,train,strong,player_win,-10.0,5,100.0,5,Expert,0.05,0.05,1,865,40,0.0,0.0,2,0,0
Full,4,432,train,strong,player_win,-10.0,5,100.0,5,Expert,0.05,0.05,1,867,40,0.0,0.0,2,0,0
Full,4,433,train,strong,player_win,-10.0,5,100.0,5,Expert,0.05,0.05,1,869,40,0.0,0.0,2,0,0
Full,4,434,train,strong,player_win,-10.0,5,100.0,5,Expert,0.05,0.05,1,871,40,0.0,0.0,2,0,0
Full,4,435,train,strong,player_win,-10.0,5,100.0,5,Expert,0.05,0.05,1,873,40,0.0,0.0,2,0,0
Full,4,436,train,strong,player_win,-10.0,5,100.0,5,Expert,0.05,0.05,1,875,40,0.0,0.0,2,0,0
Full,4,437,train,strong,player_win,-10.0,5,100.0,5,Expert,0.05,0.05,1,877,40,0.0,0.0,2,0,0
Full,4,438,train,strong,player_win,-10.0,5,100.0,5,Expert,0.05,0.05,1,879,41,0.0,0.0,1,0,1
Full,4,439,train,strong,player_win,-10.0,5,100.0,5,Expert,0.05,0.05,1,881,41,0.0,0.0,2,0,0
Full,4,440,train,strong,player_win,-10.0,5,100.0,5,Expert,0.05,0.05,1,883,41,0.0,0.0,2,0,0
Full,4,441,train,strong,player_win,-10.0,5,100.0,5,Expert,0.05,0.05,1,885,41,0.0,0.0,2,0,0
Full,4,442,train,strong,player_win,-10.0,5,100.0,5,Expert,0.05,0.05,1,887,41,0.0,0.0,2,0,0
Full,4,443,train,strong,player_win,-10.0,5,100.0,5,Expert,0.05,0.05,1,889,41,0.0,0.0,2,0,0
Full,4,444,train,strong,player_win,-10.0,5,100.0,5,Expert,0.05,0.05,1,891,41,0.0,0.0,2,0,0
Full,4,445,train,strong,player_win,-10.0,5,100.0,5,Expert,0.05,0.05,1,893,41,0.0,0.0,2,0,0
Full,4,446,train,strong,player_win,-10.0,5,100.0,5,Expert,0.05,0.05,1,895,41,0.0,0.0,2,0,0
Full,4,447,train,strong,player_win,-10.0,5,100.0,5,Expert,0.05,0.05,1,897,41,0.0,0.0,2,0,0
Full,4,448,train,strong,player_win,-10.0,5,100.0,5,Expert,0.05,0.05,1,899,41,0.0,0.0,2,0,0
Full,4,449,train,strong,player_win,-10.0,5,100.0,5,Expert,0.05,0.05,1,901,41,0.0,0.0,2,0,0
Full,4,450,train,strong,player_win,-10.0,5,100.0,5,Expert,0.05,0.05,1,903,41,0.0,0.0,2,0,0
Full,4,451,train,strong,player_win,-10.0,5,100.0,5,Expert,0.05,0.05,1,905,41,0.0,0.0,2,0,0
Full,4,452,train,strong,player_win,-10.0,5,100.0,5,Expert,0.05,0.05,1,907,41,0.0,0.0,2,0,0
Full,4,453,train,strong,player_win,-10.0,5,100.0,5,Expert,0.05,0.05,1,909,41,0.0,0.0,2,0,0
Full,4,454,train,strong,player_win,-10.0,5,100.0,5,Expert,0.05,0.05,1,911,41,0.0,0.0,2,0,0
Full,4,455,train,strong,player_win,-10.0,5,100.0,5,Expert,0.05,0.05,1,913,41,0.0,0.0,2,0,0
Full,4,456,train,strong,player_win,-10.0,5,100.0,5,Expert,0.05,0.05,1,915,41,0.0,0.0,2,0,0
Full,4,457,train,strong,player_win,-10.0,5,100.0,5,Expert,0.05,0.05,1,917,41,0.0,0.0,2,0,0
Full,4,458,train,strong,player_win,-10.0,5,100.0,5,Expert,0.05,0.05,1,919,41,0.0,0.0,2,0,0
Full,4,459,train,strong,player_win,-10.0,5,100.0,5,Expert,0.05,0.05,1,921,41,0.0,0.0,2,0,0
Full,4,460,train,strong,player_win,-10.0,5,100.0,5,Expert,0.05,0.05,1,923,41,0.0,0.0,2,0,0
Full,4,461,train,strong,player_win,-10.0,5,100.0,5,Expert,0.05,0.05,1,925,41,0.0,0.0,2,0,0
Full,4,462,train,strong,player_win,-10.0,5,100.0,5,Expert,0.05,0.05,1,927,41,0.0,0.0,2,0,0
Full,4,463,train,strong,player_win,-10.0,5,100.0,5,Expert,0.05,0.05,1,929,41,0.0,0.0,2,0,0
Full,4,464,train,strong,player_win,-10.0,5,100.0,5,Expert,0.05,0.05,1,931,41,0.0,0.0,2,0,0
Full,4,465,train,strong,player_win,-10.0,5,100.0,5,Expert,0.05,0.05,1,933,41,0.0,0.0,2,0,0
Full,4,466,train,strong,player_win,-10.0,5,100.0,5,Expert,0.05,0.05,1,935,41,0.0,0.0,2,0,0
Full,4,467,train,strong,player_win,-10.0,5,100.0,5,Expert,0.05,0.05,1,937,41,0.0,0.0,2,0,0
Full,4,468,train,strong,player_win,-10.0,5,100.0,5,Expert,0.05,0.05,1,939,41,0.0,0.0,2,0,0
Full,4,469,train,strong,player_win,-10.0,5,100.0,5,Expert,0.05,0.05,1,941,41,0.0,0.0,2,0,0
Full,4,470,train,strong,player_win,-10.0,5,100.0,5,Expert,0.05,0.05,1,943,41,0.0,0.0,2,0,0
Full,4,471,train,strong,player_win,-10.0,5,100.0,5,Expert,0.05,0.05,1,945,41,0.0,0.0,1,0,1
Full,4,472,train,strong,player_win,-10.0,5,100.0,5,Expert,0.05,0.05,1,947,41,0.0,0.0,2,0,0
Full,4,473,train,strong,player_win,-10.0,5,100.0,5,Expert,0.05,0.05,1,949,41,0.0,0.0,2,0,0
Full,4,474,train,strong,player_win,-10.0,5,100.0,5,Expert,0.05,0.05,1,951,41,0.0,0.0,2,0,0
Full,4,475,train,strong,player_win,-10.0,5,100.0,5,Expert,0.05,0.05,1,953,41,0.0,0.0,2,0,0
Full,4,476,train,strong,player_win,-10.0,5,100.0,5,Expert,0.05,0.05,1,955,41,0.0,0.0,2,0,0
Full,4,477,train,strong,player_win,-10.0,5,100.0,5,Expert,0.05,0.05,1,957,41,0.0,0.0,2,0,0
Full,4,478,train,strong,player_win,-10.0,5,100.0,5,Expert,0.05,0.05,1,959,41,0.0,0.0,1,0,1
Full,4,479,train,strong,player_win,-10.0,5,100.0,5,Expert,0.05,0.05,1,961,41,0.0,0.0,2,0,0
Full,4,480,train,strong,player_win,-10.0,5,100.0,5,Expert,0.05,0.05,1,963,41,0.0,0.0,2,0,0
Full,4,481,train,strong,player_win,-10.0,5,100.0,5,Expert,0.05,0.05,1,965,41,0.0,0.0,2,0,0
Full,4,482,train,strong,player_win,-10.0,5,100.0,5,Expert,0.05,0.05,1,967,41,0.0,0.0,2,0,0
Full,4,483,train,strong,player_win,-10.0,5,100.0,5,Expert,0.05,0.05,1,969,41,0.0,0.0,2,0,0
Full,4,484,train,strong,player_win,-10.0,5,100.0,5,Expert,0.05,0.05,1,971,41,0.0,0.0,2,0,0
Full,4,485,train,strong,player_win,-10.0,5,100.0,5,Expert,0.05,0.05,1,973,41,0.0,0.0,2,0,0
Full,4,486,train,strong,player_win,-10.0,5,100.0,5,Expert,0.05,0.05,1,975,41,0.0,0.0,2,0,0
Full,4,487,train,strong,player_win,-10.0,5,100.0,5,Expert,0.05,0.05,1,977,41,0.0,0.0,2,0,0
Full,4,488,train,strong,player_win,-10.0,5,100.0,5,Expert,0.05,0.05,1,979,41,0.0,0.0,2,0,0
Full,4,489,train,strong,player_win,-10.0,5,100.0,5,Expert,0.05,0.05,1,981,41,0.0,0.0,2,0,0
Full,4,490,train,strong,player_win,-10.0,5,100.0,5,Expert,0.05,0.05,1,983,41,0.0,0.0,2,0,0
Full,4,491,train,strong,player_win,-10.0,5,100.0,5,Expert,0.05,0.05,1,985,41,0.0,0.0,2,0,0
Full,4,492,train,strong,player_win,-10.0,5,100.0,5,Expert,0.05,0.05,1,987,41,0.0,0.0,1,0,1
Full,4,493,train,strong,player_win,-10.0,5,100.0,5,Expert,0.05,0.05,1,989,41,0.0,0.0,2,0,0
Full,4,494,train,strong,player_win,-10.0,5,100.0,5,Expert,0.05,0.05,1,991,41,0.0,0.0,2,0,0
Full,4,495,train,strong,player_win,-10.0,5,100.0,5,Expert,0.05,0.05,1,993,41,0.0,0.0,2,0,0
Full,4,496,train,strong,player_win,-10.0,5,100.0,5,Expert,0.05,0.05,1,995,41,0.0,0.0,2,0,0
Full,4,497,train,strong,player_win,-10.0,5,100.0,5,Expert,0.05,0.05,1,997,41,0.0,0.0,2,0,0
Full,4,498,train,strong,player_win,-10.0,5,100.0,5,Expert,0.05,0.05,1,999,41,0.0,0.0,2,0,0
Full,4,499,train,strong,player_win,-10.0,5,100.0,5,Expert,0.05,0.05,1,1001,41,0.0,0.0,2,0,0
Full,4,500,train,strong,player_win,-10.0,5,100.0,5,Expert,0.05,0.05,1,1003,41,0.0,0.0,2,0,0
Full,4,501,train,strong,player_win,-10.0,5,100.0,5,Expert,0.05,0.05,1,1005,41,0.0,0.0,2,0,0
Full,4,502,train,strong,player_win,-10.0,5,100.0,5,Expert,0.05,0.05,1,1007,41,0.0,0.0,2,0,0
Full,4,503,train,strong,player_win,-10.0,5,100.0,5,Expert,0.05,0.05,1,1009,41,0.0,0.0,2,0,0
Full,4,504,train,strong,player_win,-10.0,5,100.0,5,Expert,0.05,0.05,1,1011,41,0.0,0.0,2,0,0
Full,4,505,train,strong,player_win,-10.0,5,100.0,5,Expert,0.05,0.05,1,1013,41,0.0,0.0,2,0,0
Full,4,506,train,strong,player_win,-10.0,5,100.0,5,Expert,0.05,0.05,1,1015,41,0.0,0.0,2,0,0
Full,4,507,train,strong,player_win,-10.0,5,100.0,5,Expert,0.05,0.05,1,1017,41,0.0,0.0,2,0,0
Full,4,508,train,strong,player_win,-10.0,5,100.0,5,Expert,0.05,0.05,1,1019,41,0.0,0.0,2,0,0
Full,4,509,train,strong,player_win,-10.0,5,100.0,5,Expert,0.05,0.05,1,1021,41,0.0,0.0,2,0,0
Full,4,510,train,strong,player_win,-10.0,5,100.0,5,Expert,0.05,0.05,1,1023,41,0.0,0.0,2,0,0
Full,4,511,train,strong,player_win,-10.0,7,100.0,5,Expert,0.05,0.05,1,1026,43,0.0,0.0,2,0,1
Full,4,512,train,strong,player_win,-10.0,5,100.0,5,Expert,0.05,0.05,1,1028,43,0.0,0.0,2,0,0
Full,4,513,train,strong,player_win,-10.0,5,100.0,5,Expert,0.05,0.05,1,1030,44,0.0,0.0,1,0,1
Full,4,514,train,strong,player_win,-10.0,5,100.0,5,Expert,0.05,0.05,1,1032,44,0.0,0.0,2,0,0
Full,4,515,train,strong,player_win,-10.0,5,100.0,5,Expert,0.05,0.05,1,1034,44,0.0,0.0,2,0,0
Full,4,516,train,strong,player_win,-10.0,5,100.0,5,Expert,0.05,0.05,1,1036,44,0.0,0.0,2,0,0
Full,4,517,train,strong,player_win,-10.0,5,100.0,5,Expert,0.05,0.05,1,1038,44,0.0,0.0,1,0,1
Full,4,518,train,strong,player_win,-10.0,5,100.0,5,Expert,0.05,0.05,1,1040,44,0.0,0.0,2,0,0
Full,4,519,train,strong,player_win,-10.0,5,100.0,5,Expert,0.05,0.05,1,1042,44,0.0,0.0,2,0,0
Full,4,520,train,strong,player_win,-10.0,5,100.0,5,Expert,0.05,0.05,1,1044,44,0.0,0.0,2,0,0
Full,4,521,train,strong,player_win,-10.0,5,100.0,5,Expert,0.05,0.05,1,1046,44,0.0,0.0,2,0,0
Full,4,522,train,strong,player_win,-10.0,5,100.0,5,Expert,0.05,0.05,1,1048,44,0.0,0.0,2,0,0
Full,4,523,train,strong,player_win,-10.0,5,100.0,5,Expert,0.05,0.05,1,1050,44,0.0,0.0,2,0,0
Full,4,524,train,strong,player_win,-10.0,5,100.0,5,Expert,0.05,0.05,1,1052,44,0.0,0.0,2,0,0
Full,4,525,train,strong,player_win,-10.0,5,100.0,5,Expert,0.05,0.05,1,1054,44,0.0,0.0,2,0,0
Full,4,526,train,strong,player_win,-10.0,5,100.0,5,Expert,0.05,0.05,1,1056,44,0.0,0.0,2,0,0
Full,4,527,train,strong,player_win,-10.0,5,100.0,5,Expert,0.05,0.05,1,1058,44,0.0,0.0,2,0,0
Full,4,528,train,strong,player_win,-10.0,5,100.0,5,Expert,0.05,0.05,1,1060,44,0.0,0.0,2,0,0
Full,4,529,train,strong,player_win,-10.0,5,100.0,5,Expert,0.05,0.05,1,1062,44,0.0,0.0,2,0,0
Full,4,530,train,strong,player_win,-10.0,5,100.0,5,Expert,0.05,0.05,1,1064,44,0.0,0.0,2,0,0
Full,4,531,train,strong,player_win,-10.0,5,100.0,5,Expert,0.05,0.05,1,1066,44,0.0,0.0,2,0,0
Full,4,532,train,strong,player_win,-10.0,5,100.0,5,Expert,0.05,0.05,1,1068,44,0.0,0.0,1,0,1
Full,4,533,train,strong,player_win,-10.0,5,100.0,5,Expert,0.05,0.05,1,1070,44,0.0,0.0,2,0,0
Full,4,534,train,strong,player_win,-10.0,5,100.0,5,Expert,0.05,0.05,1,1072,44,0.0,0.0,2,0,0
Full,4,535,train,strong,player_win,-10.0,5,100.0,5,Expert,0.05,0.05,1,1074,44,0.0,0.0,2,0,0
Full,4,536,train,strong,player_win,-10.0,5,100.0,5,Expert,0.05,0.05,1,1076,44,0.0,0.0,2,0,0
Full,4,537,train,strong,player_win,-10.0,5,100.0,5,Expert,0.05,0.05,1,1078,44,0.0,0.0,2,0,0
Full,4,538,train,strong,player_win,-10.0,5,100.0,5,Expert,0.05,0.05,1,1080,44,0.0,0.0,2,0,0
Full,4,539,train,strong,player_win,-10.0,5,100.0,5,Expert,0.05,0.05,1,1082,44,0.0,0.0,2,0,0
Full,4,540,train,strong,player_win,-10.0,5,100.0,5,Expert,0.05,0.05,1,1084,44,0.0,0.0,2,0,0
Full,4,541,train,strong,player_win,-10.0,5,100.0,5,Expert,0.05,0.05,1,1086,44,0.0,0.0,2,0,0
Full,4,542,train,strong,player_win,-10.0,5,100.0,5,Expert,0.05,0.05,1,1088,45,0.0,0.0,1,0,1
Full,4,543,train,strong,player_win,-10.0,5,100.0,5,Expert,0.05,0.05,1,1090,45,0.0,0.0,2,0,0
Full,4,544,train,strong,player_win,-10.0,5,100.0,5,Expert,0.05,0.05,1,1092,45,0.0,0.0,2,0,0
Full,4,545,train,strong,player_win,-10.0,5,100.0,5,Expert,0.05,0.05,1,1094,45,0.0,0.0,2,0,0
Full,4,546,train,strong,player_win,-10.0,5,100.0,5,Expert,0.05,0.05,1,1096,45,0.0,0.0,2,0,0
Full,4,547,train,strong,player_win,-10.0,5,100.0,5,Expert,0.05,0.05,1,1098,45,0.0,0.0,2,0,0
Full,4,548,train,strong,player_win,-10.0,5,100.0,5,Expert,0.05,0.05,1,1100,46,0.0,0.0,1,0,1
Full,4,549,train,strong,player_win,-10.0,5,100.0,5,Expert,0.05,0.05,1,1102,46,0.0,0.0,2,0,0
Full,4,550,train,strong,player_win,-10.0,5,100.0,5,Expert,0.05,0.05,1,1104,46,0.0,0.0,2,0,0
Full,4,551,train,strong,player_win,-10.0,5,100.0,5,Expert,0.05,0.05,1,1106,46,0.0,0.0,2,0,0
Full,4,552,train,strong,player_win,-10.0,5,100.0,5,Expert,0.05,0.05,1,1108,46,0.0,0.0,2,0,0
Full,4,553,train,strong,player_win,-10.0,5,100.0,5,Expert,0.05,0.05,1,1110,46,0.0,0.0,2,0,0
Full,4,554,train,strong,player_win,-10.0,5,100.0,5,Expert,0.05,0.05,1,1112,46,0.0,0.0,2,0,0
Full,4,555,train,strong,player_win,-10.0,5,100.0,5,Expert,0.05,0.05,1,1114,46,0.0,0.0,2,0,0
Full,4,556,train,strong,player_win,-10.0,5,100.0,5,Expert,0.05,0.05,1,1116,46,0.0,0.0,2,0,0
Full,4,557,train,strong,player_win,-10.0,5,100.0,5,Expert,0.05,0.05,1,1118,46,0.0,0.0,2,0,0
Full,4,558,train,strong,player_win,-10.0,5,100.0,5,Expert,0.05,0.05,1,1120,46,0.0,0.0,2,0,0
Full,4,559,train,strong,player_win,-10.0,5,100.0,5,Expert,0.05,0.05,1,1122,46,0.0,0.0,2,0,0
Full,4,560,train,strong,player_win,-10.0,5,100.0,5,Expert,0.05,0.05,1,1124,46,0.0,0.0,2,0,0
Full,4,561,train,strong,player_win,-10.0,5,100.0,5,Expert,0.05,0.05,1,1126,46,0.0,0.0,2,0,0
Full,4,562,train,strong,player_win,-10.0,5,100.0,5,Expert,0.05,0.05,1,1128,46,0.0,0.0,2,0,0
Full,4,563,train,strong,player_win,-10.0,5,100.0,5,Expert,0.05,0.05,1,1130,46,0.0,0.0,2,0,0
Full,4,564,train,strong,player_win,-10.0,5,100.0,5,Expert,0.05,0.05,1,1132,46,0.0,0.0,2,0,0
Full,4,565,train,strong,player_win,-10.0,5,100.0,5,Expert,0.05,0.05,1,1134,46,0.0,0.0,2,0,0
Full,4,566,train,strong,player_win,-10.0,5,100.0,5,Expert,0.05,0.05,1,1136,46,0.0,0.0,2,0,0
Full,4,567,train,strong,player_win,-10.0,5,100.0,5,Expert,0.05,0.05,1,1138,46,0.0,0.0,2,0,0
Full,4,568,train,strong,player_win,-10.0,7,100.0,5,Expert,0.05,0.05,1,1141,48,0.0,0.0,2,0,1
Full,4,569,train,strong,player_win,-10.0,5,100.0,5,Expert,0.05,0.05,1,1143,48,0.0,0.0,2,0,0
Full,4,570,train,strong,player_win,-10.0,5,100.0,5,Expert,0.05,0.05,1,1145,48,0.0,0.0,2,0,0
Full,4,571,train,strong,player_win,-10.0,5,100.0,5,Expert,0.05,0.05,1,1147,48,0.0,0.0,2,0,0
Full,4,572,train,strong,player_win,-10.0,5,100.0,5,Expert,0.05,0.05,1,1149,48,0.0,0.0,2,0,0
Full,4,573,train,strong,player_win,-10.0,5,100.0,5,Expert,0.05,0.05,1,1151,48,0.0,0.0,2,0,0
Full,4,574,train,strong,player_win,-10.0,5,100.0,5,Expert,0.05,0.05,1,1153,48,0.0,0.0,2,0,0
Full,4,575,train,strong,player_win,-10.0,5,100.0,5,Expert,0.05,0.05,1,1155,48,0.0,0.0,2,0,0
Full,4,576,train,strong,player_win,-10.0,5,100.0,5,Expert,0.05,0.05,1,1157,48,0.0,0.0,2,0,0
Full,4,577,train,strong,player_win,-10.0,5,100.0,5,Expert,0.05,0.05,1,1159,48,0.0,0.0,2,0,0
Full,4,578,train,strong,player_win,-10.0,5,100.0,5,Expert,0.05,0.05,1,1161,49,0.0,0.0,1,0,1
Full,4,579,train,strong,player_win,-10.0,5,100.0,5,Expert,0.05,0.05,1,1163,49,0.0,0.0,2,0,0
Full,4,580,train,strong,player_win,-10.0,5,100.0,5,Expert,0.05,0.05,1,1165,49,0.0,0.0,2,0,0
Full,4,581,train,strong,player_win,-10.0,5,100.0,5,Expert,0.05,0.05,1,1167,49,0.0,0.0,2,0,0
Full,4,582,train,strong,player_win,-10.0,5,100.0,5,Expert,0.05,0.05,1,1169,49,0.0,0.0,2,0,0
Full,4,583,train,strong,player_win,-10.0,5,100.0,5,Expert,0.05,0.05,1,1171,49,0.0,0.0,2,0,0
Full,4,584,train,strong,player_win,-10.0,5,100.0,5,Expert,0.05,0.05,1,1173,49,0.0,0.0,2,0,0
Full,4,585,train,strong,player_win,-10.0,5,100.0,5,Expert,0.05,0.05,1,1175,49,0.0,0.0,2,0,0
Full,4,586,train,strong,player_win,-10.0,5,100.0,5,Expert,0.05,0.05,1,1177,49,0.0,0.0,2,0,0
Full,4,587,train,strong,player_win,-10.0,5,100.0,5,Expert,0.05,0.05,1,1179,49,0.0,0.0,2,0,0
Full,4,588,train,strong,player_win,-10.0,5,100.0,5,Expert,0.05,0.05,1,1181,49,0.0,0.0,2,0,0
Full,4,589,train,strong,player_win,-10.0,5,100.0,5,Expert,0.05,0.05,1,1183,49,0.0,0.0,2,0,0
Full,4,590,train,strong,player_win,-10.0,5,100.0,5,Expert,0.05,0.05,1,1185,49,0.0,0.0,2,0,0
Full,4,591,train,strong,player_win,-10.0,5,100.0,5,Expert,0.05,0.05,1,1187,49,0.0,0.0,2,0,0
Full,4,592,train,strong,player_win,-10.0,5,100.0,5,Expert,0.05,0.05,1,1189,49,0.0,0.0,2,0,0
Full,4,593,train,strong,player_win,-10.0,5,100.0,5,Expert,0.05,0.05,1,1191,49,0.0,0.0,2,0,0
Full,4,594,train,strong,player_win,-10.0,5,100.0,5,Expert,0.05,0.05,1,1193,49,0.0,0.0,2,0,0
Full,4,595,train,strong,player_win,-10.0,5,100.0,5,Expert,0.05,0.05,1,1195,49,0.0,0.0,2,0,0
Full,4,596,train,strong,player_win,-10.0,5,100.0,5,Expert,0.05,0.05,1,1197,49,0.0,0.0,2,0,0
Full,4,597,train,strong,player_win,-10.0,5,100.0,5,Expert,0.05,0.05,1,1199,49,0.0,0.0,2,0,0
Full,4,598,train,strong,player_win,-10.0,5,100.0,5,Expert,0.05,0.05,1,1201,49,0.0,0.0,2,0,0
Full,4,599,train,strong,player_win,-10.0,5,100.0,5,Expert,0.05,0.05,1,1203,49,0.0,0.0,2,0,0
Full,4,600,train,strong,player_win,-10.0,5,100.0,5,Expert,0.05,0.05,1,1205,49,0.0,0.0,2,0,0
Full,4,601,train,strong,player_win,-10.0,5,100.0,5,Expert,0.05,0.05,1,1207,49,0.0,0.0,2,0,0
Full,4,602,train,strong,player_win,-10.0,5,100.0,5,Expert,0.05,0.05,1,1209,49,0.0,0.0,2,0,0
Full,4,603,train,strong,player_win,-10.0,5,100.0,5,Expert,0.05,0.05,1,1211,49,0.0,0.0,2,0,0
Full,4,604,train,strong,player_win,-10.0,5,100.0,5,Expert,0.05,0.05,1,1213,49,0.0,0.0,2,0,0
Full,4,605,train,strong,player_win,-10.0,5,100.0,5,Expert,0.05,0.05,1,1215,49,0.0,0.0,2,0,0
Full,4,606,train,strong,player_win,-10.0,5,100.0,5,Expert,0.05,0.05,1,1217,49,0.0,0.0,2,0,0
Full,4,607,train,strong,player_win,-10.0,5,100.0,5,Expert,0.05,0.05,1,1219,49,0.0,0.0,2,0,0
Full,4,608,train,strong,player_win,-10.0,5,100.0,5,Expert,0.05,0.05,1,1221,49,0.0,0.0,2,0,0
Full,4,609,train,strong,player_win,-10.0,5,100.0,5,Expert,0.05,0.05,1,1223,49,0.0,0.0,2,0,0
Full,4,610,train,strong,player_win,-10.0,5,100.0,5,Expert,0.05,0.05,1,1225,49,0.0,0.0,2,0,0
Full,4,611,train,strong,player_win,-10.0,5,100.0,5,Expert,0.05,0.05,1,1227,49,0.0,0.0,2,0,0
Full,4,612,train,strong,player_win,-10.0,5,100.0,5,Expert,0.05,0.05,1,1229,49,0.0,0.0,2,0,0
Full,4,613,train,strong,player_win,-10.0,5,100.0,5,Expert,0.05,0.05,1,1231,49,0.0,0.0,2,0,0
Full,4,614,train,strong,player_win,-10.0,5,100.0,5,Expert,0.05,0.05,1,1233,49,0.0,0.0,2,0,0
Full,4,615,train,strong,player_win,-10.0,5,100.0,5,Expert,0.05,0.05,1,1235,49,0.0,0.0,2,0,0
Full,4,616,train,strong,player_win,-10.0,5,100.0,5,Expert,0.05,0.05,1,1237,49,0.0,0.0,2,0,0
Full,4,617,train,strong,player_win,-10.0,5,100.0,5,Expert,0.05,0.05,1,1239,49,0.0,0.0,2,0,0
Full,4,618,train,strong,player_win,-10.0,5,100.0,5,Expert,0.05,0.05,1,1241,49,0.0,0.0,2,0,0
Full,4,619,train,strong,player_win,-10.0,5,100.0,5,Expert,0.05,0.05,1,1243,49,0.0,0.0,2,0,0
Full,4,620,train,strong,player_win,-10.0,5,100.0,5,Expert,0.05,0.05,1,1245,50,0.0,0.0,1,0,1
Full,4,621,train,strong,player_win,-10.0,5,100.0,5,Expert,0.05,0.05,1,1247,50,0.0,0.0,2,0,0
Full,4,622,train,strong,player_win,-10.0,5,100.0,5,Expert,0.05,0.05,1,1249,50,0.0,0.0,2,0,0
Full,4,623,train,strong,player_win,-10.0,5,100.0,5,Expert,0.05,0.05,1,1251,50,0.0,0.0,2,0,0
Full,4,624,train,strong,player_win,-10.0,5,100.0,5,Expert,0.05,0.05,1,1253,50,0.0,0.0,2,0,0
Full,4,625,train,strong,player_win,-10.0,5,100.0,5,Expert,0.05,0.05,1,1255,50,0.0,0.0,2,0,0
Full,4,626,train,strong,player_win,-10.0,5,100.0,5,Expert,0.05,0.05,1,1257,50,0.0,0.0,2,0,0
Full,4,627,train,strong,player_win,-10.0,5,100.0,5,Expert,0.05,0.05,1,1259,50,0.0,0.0,2,0,0
Full,4,628,train,strong,player_win,-10.0,5,100.0,5,Expert,0.05,0.05,1,1261,51,0.0,0.0,1,0,1
Full,4,629,train,strong,player_win,-10.0,5,100.0,5,Expert,0.05,0.05,1,1263,51,0.0,0.0,2,0,0
Full,4,630,train,strong,player_win,-10.0,5,100.0,5,Expert,0.05,0.05,1,1265,52,0.0,0.0,1,0,1
Full,4,631,train,strong,player_win,-10.0,5,100.0,5,Expert,0.05,0.05,1,1267,53,0.0,0.0,1,0,1
Full,4,632,train,strong,player_win,-10.0,5,100.0,5,Expert,0.05,0.05,1,1269,53,0.0,0.0,2,0,0
Full,4,633,train,strong,player_win,-10.0,5,100.0,5,Expert,0.05,0.05,1,1271,53,0.0,0.0,2,0,0
Full,4,634,train,strong,player_win,-10.0,5,100.0,5,Expert,0.05,0.05,1,1273,53,0.0,0.0,2,0,0
Full,4,635,train,strong,player_win,-10.0,5,100.0,5,Expert,0.05,0.05,1,1275,53,0.0,0.0,2,0,0
Full,4,636,train,strong,player_win,-10.0,5,100.0,5,Expert,0.05,0.05,1,1277,53,0.0,0.0,2,0,0
Full,4,637,train,strong,player_win,-10.0,5,100.0,5,Expert,0.05,0.05,1,1279,53,0.0,0.0,2,0,0
Full,4,638,train,strong,player_win,-10.0,5,100.0,5,Expert,0.05,0.05,1,1281,53,0.0,0.0,2,0,0
Full,4,639,train,strong,player_win,-10.0,5,100.0,5,Expert,0.05,0.05,1,1283,53,0.0,0.0,2,0,0
Full,4,640,train,strong,player_win,-10.0,5,100.0,5,Expert,0.05,0.05,1,1285,53,0.0,0.0,2,0,0
Full,4,641,train,strong,player_win,-10.0,5,100.0,5,Expert,0.05,0.05,1,1287,53,0.0,0.0,2,0,0
Full,4,642,train,strong,player_win,-10.0,5,100.0,5,Expert,0.05,0.05,1,1289,53,0.0,0.0,2,0,0
Full,4,643,train,strong,player_win,-10.0,5,100.0,5,Expert,0.05,0.05,1,1291,53,0.0,0.0,2,0,0
Full,4,644,train,strong,player_win,-10.0,5,100.0,5,Expert,0.05,0.05,1,1293,53,0.0,0.0,2,0,0
Full,4,645,train,strong,player_win,-10.0,5,100.0,5,Expert,0.05,0.05,1,1295,53,0.0,0.0,2,0,0
Full,4,646,train,strong,player_win,-10.0,5,100.0,5,Expert,0.05,0.05,1,1297,53,0.0,0.0,2,0,0
Full,4,647,train,strong,player_win,-10.0,5,100.0,5,Expert,0.05,0.05,1,1299,53,0.0,0.0,2,0,0
Full,4,648,train,strong,player_win,-10.0,5,100.0,5,Expert,0.05,0.05,1,1301,53,0.0,0.0,2,0,0
Full,4,649,train,strong,player_win,-10.0,5,100.0,5,Expert,0.05,0.05,1,1303,53,0.0,0.0,2,0,0
Full,4,650,train,strong,player_win,-10.0,5,100.0,5,Expert,0.05,0.05,1,1305,53,0.0,0.0,2,0,0
Full,4,651,train,strong,player_win,-10.0,5,100.0,5,Expert,0.05,0.05,1,1307,53,0.0,0.0,2,0,0
Full,4,652,train,strong,player_win,-10.0,5,100.0,5,Expert,0.05,0.05,1,1309,53,0.0,0.0,2,0,0
Full,4,653,train,strong,player_win,-10.0,5,100.0,5,Expert,0.05,0.05,1,1311,53,0.0,0.0,2,0,0
Full,4,654,train,strong,player_win,-10.0,5,100.0,5,Expert,0.05,0.05,1,1313,53,0.0,0.0,2,0,0
Full,4,655,train,strong,player_win,-10.0,5,100.0,5,Expert,0.05,0.05,1,1315,53,0.0,0.0,2,0,0
Full,4,656,train,strong,player_win,-10.0,5,100.0,5,Expert,0.05,0.05,1,1317,53,0.0,0.0,2,0,0
Full,4,657,train,strong,player_win,-10.0,5,100.0,5,Expert,0.05,0.05,1,1319,53,0.0,0.0,2,0,0
Full,4,658,train,strong,player_win,-10.0,5,100.0,5,Expert,0.05,0.05,1,1321,53,0.0,0.0,2,0,0
Full,4,659,train,strong,player_win,-10.0,5,100.0,5,Expert,0.05,0.05,1,1323,53,0.0,0.0,2,0,0
Full,4,660,train,strong,player_win,-10.0,5,100.0,5,Expert,0.05,0.05,1,1325,53,0.0,0.0,2,0,0
Full,4,661,train,strong,player_win,-10.0,5,100.0,5,Expert,0.05,0.05,1,1327,53,0.0,0.0,2,0,0
Full,4,662,train,strong,player_win,-10.0,5,100.0,5,Expert,0.05,0.05,1,1329,53,0.0,0.0,2,0,0
Full,4,663,train,strong,player_win,-10.0,5,100.0,5,Expert,0.05,0.05,1,1331,53,0.0,0.0,2,0,0
Full,4,664,train,strong,player_win,-10.0,5,100.0,5,Expert,0.05,0.05,1,1333,53,0.0,0.0,2,0,0
Full,4,665,train,strong,player_win,-10.0,5,100.0,5,Expert,0.05,0.05,1,1335,53,0.0,0.0,2,0,0
Full,4,666,train,strong,player_win,-10.0,5,100.0,5,Expert,0.05,0.05,1,1337,53,0.0,0.0,2,0,0
Full,4,667,train,strong,player_win,-10.0,5,100.0,5,Expert,0.05,0.05,1,1339,53,0.0,0.0,2,0,0
Full,4,668,train,strong,player_win,-10.0,5,100.0,5,Expert,0.05,0.05,1,1341,53,0.0,0.0,2,0,0
Full,4,669,train,strong,player_win,-10.0,5,100.0,5,Expert,0.05,0.05,1,1343,53,0.0,0.0,2,0,0
Full,4,670,train,strong,player_win,-10.0,5,100.0,5,Expert,0.05,0.05,1,1345,53,0.0,0.0,2,0,0
Full,4,671,train,strong,player_win,-10.0,5,100.0,5,Expert,0.05,0.05,1,1347,53,0.0,0.0,2,0,0
Full,4,672,train,strong,player_win,-10.0,5,100.0,5,Expert,0.05,0.05,1,1349,53,0.0,0.0,2,0,0
Full,4,673,train,strong,player_win,-10.0,5,100.0,5,Expert,0.05,0.05,1,1351,53,0.0,0.0,2,0,0
Full,4,674,train,strong,player_win,-10.0,5,100.0,5,Expert,0.05,0.05,1,1353,53,0.0,0.0,2,0,0
Full,4,675,train,strong,player_win,-10.0,5,100.0,5,Expert,0.05,0.05,1,1355,53,0.0,0.0,2,0,0
Full,4,676,train,strong,player_win,-10.0,5,100.0,5,Expert,0.05,0.05,1,1357,53,0.0,0.0,2,0,0
Full,4,677,train,strong,player_win,-10.0,5,100.0,5,Expert,0.05,0.05,1,1359,53,0.0,0.0,2,0,0
Full,4,678,train,strong,player_win,-10.0,5,100.0,5,Expert,0.05,0.05,1,1361,53,0.0,0.0,2,0,0
Full,4,679,train,strong,player_win,-10.0,5,100.0,5,Expert,0.05,0.05,1,1363,53,0.0,0.0,2,0,0
Full,4,680,train,strong,player_win,-10.0,5,100.0,5,Expert,0.05,0.05,1,1365,53,0.0,0.0,2,0,0
Full,4,681,train,strong,player_win,-10.0,5,100.0,5,Expert,0.05,0.05,1,1367,53,0.0,0.0,2,0,0
Full,4,682,train,strong,player_win,-10.0,5,100.0,5,Expert,0.05,0.05,1,1369,53,0.0,0.0,2,0,0
Full,4,683,train,strong,player_win,-10.0,5,100.0,5,Expert,0.05,0.05,1,1371,53,0.0,0.0,2,0,0
Full,4,684,train,strong,player_win,-10.0,5,100.0,5,Expert,0.05,0.05,1,1373,53,0.0,0.0,2,0,0
Full,4,685,train,strong,player_win,-10.0,5,100.0,5,Expert,0.05,0.05,1,1375,53,0.0,0.0,2,0,0
Full,4,686,train,strong,player_win,-10.0,7,100.0,5,Expert,0.05,0.05,1,1378,53,0.0,0.0,2,0,1
Full,4,687,train,strong,player_win,-10.0,5,100.0,5,Expert,0.05,0.05,1,1380,53,0.0,0.0,2,0,0
Full,4,688,train,strong,player_win,-10.0,5,100.0,5,Expert,0.05,0.05,1,1382,53,0.0,0.0,2,0,0
Full,4,689,train,strong,player_win,-10.0,5,100.0,5,Expert,0.05,0.05,1,1384,53,0.0,0.0,2,0,0
Full,4,690,train,strong,player_win,-10.0,5,100.0,5,Expert,0.05,0.05,1,1386,53,0.0,0.0,2,0,0
Full,4,691,train,strong,player_win,-10.0,5,100.0,5,Expert,0.05,0.05,1,1388,53,0.0,0.0,2,0,0
Full,4,692,train,strong,player_win,-10.0,5,100.0,5,Expert,0.05,0.05,1,1390,53,0.0,0.0,2,0,0
Full,4,693,train,strong,player_win,-10.0,5,100.0,5,Expert,0.05,0.05,1,1392,53,0.0,0.0,2,0,0
Full,4,694,train,strong,player_win,-10.0,5,100.0,5,Expert,0.05,0.05,1,1394,53,0.0,0.0,2,0,0
Full,4,695,train,strong,player_win,-10.0,5,100.0,5,Expert,0.05,0.05,1,1396,53,0.0,0.0,2,0,0
Full,4,696,train,strong,player_win,-10.0,5,100.0,5,Expert,0.05,0.05,1,1398,53,0.0,0.0,2,0,0
Full,4,697,train,strong,player_win,-10.0,5,100.0,5,Expert,0.05,0.05,1,1400,53,0.0,0.0,2,0,0
Full,4,698,train,strong,player_win,-10.0,5,100.0,5,Expert,0.05,0.05,1,1402,53,0.0,0.0,2,0,0
Full,4,699,train,strong,player_win,-10.0,5,100.0,5,Expert,0.05,0.05,1,1404,53,0.0,0.0,2,0,0
Full,4,700,train,strong,player_win,-10.0,5,100.0,5,Expert,0.05,0.05,1,1406,53,0.0,0.0,2,0,0
Full,4,701,train,strong,player_win,-10.0,5,100.0,5,Expert,0.05,0.05,1,1408,53,0.0,0.0,2,0,0
Full,4,702,train,strong,player_win,-10.0,5,100.0,5,Expert,0.05,0.05,1,1410,53,0.0,0.0,2,0,0
Full,4,703,train,strong,player_win,-10.0,5,100.0,5,Expert,0.05,0.05,1,1412,53,0.0,0.0,2,0,0
Full,4,704,train,strong,player_win,-10.0,5,100.0,5,Expert,0.05,0.05,1,1414,53,0.0,0.0,2,0,0
Full,4,705,train,strong,player_win,-10.0,5,100.0,5,Expert,0.05,0.05,1,1416,53,0.0,0.0,2,0,0
Full,4,706,train,strong,player_win,-10.0,5,100.0,5,Expert,0.05,0.05,1,1418,53,0.0,0.0,1,0,1
Full,4,707,train,strong,player_win,-10.0,5,100.0,5,Expert,0.05,0.05,1,1420,53,0.0,0.0,2,0,0
Full,4,708,train,strong,player_win,-10.0,5,100.0,5,Expert,0.05,0.05,1,1422,53,0.0,0.0,2,0,0
Full,4,709,train,strong,player_win,-10.0,5,100.0,5,Expert,0.05,0.05,1,1424,53,0.0,0.0,2,0,0
Full,4,710,train,strong,player_win,-10.0,5,100.0,5,Expert,0.05,0.05,1,1426,53,0.0,0.0,2,0,0
Full,4,711,train,strong,player_win,-10.0,5,100.0,5,Expert,0.05,0.05,1,1428,53,0.0,0.0,2,0,0
Full,4,712,train,strong,player_win,-10.0,5,100.0,5,Expert,0.05,0.05,1,1430,53,0.0,0.0,2,0,0
Full,4,713,train,strong,player_win,-10.0,5,100.0,5,Expert,0.05,0.05,1,1432,53,0.0,0.0,2,0,0
Full,4,714,train,strong,player_win,-10.0,5,100.0,5,Expert,0.05,0.05,1,1434,53,0.0,0.0,2,0,0
Full,4,715,train,strong,player_win,-10.0,5,100.0,5,Expert,0.05,0.05,1,1436,53,0.0,0.0,2,0,0
Full,4,716,train,strong,player_win,-10.0,5,100.0,5,Expert,0.05,0.05,1,1438,53,0.0,0.0,2,0,0
Full,4,717,train,strong,player_win,-10.0,5,100.0,5,Expert,0.05,0.05,1,1440,53,0.0,0.0,2,0,0
Full,4,718,train,strong,player_win,-10.0,5,100.0,5,Expert,0.05,0.05,1,1442,53,0.0,0.0,2,0,0
Full,4,719,train,strong,player_win,-10.0,5,100.0,5,Expert,0.05,0.05,1,1444,53,0.0,0.0,2,0,0
Full,4,720,train,strong,player_win,-10.0,5,100.0,5,Expert,0.05,0.05,1,1446,53,0.0,0.0,2,0,0
Full,4,721,train,strong,player_win,-10.0,5,100.0,5,Expert,0.05,0.05,1,1448,53,0.0,0.0,2,0,0
Full,4,722,train,strong,player_win,-10.0,5,100.0,5,Expert,0.05,0.05,1,1450,53,0.0,0.0,2,0,0
Full,4,723,train,strong,player_win,-10.0,5,100.0,5,Expert,0.05,0.05,1,1452,53,0.0,0.0,2,0,0
Full,4,724,train,strong,player_win,-10.0,5,100.0,5,Expert,0.05,0.05,1,1454,53,0.0,0.0,2,0,0
Full,4,725,train,strong,player_win,-10.0,5,100.0,5,Expert,0.05,0.05,1,1456,53,0.0,0.0,2,0,0
Full,4,726,train,strong,player_win,-10.0,5,100.0,5,Expert,0.05,0.05,1,1458,53,0.0,0.0,2,0,0
Full,4,727,train,strong,player_win,-10.0,5,100.0,5,Expert,0.05,0.05,1,1460,53,0.0,0.0,2,0,0
Full,4,728,train,strong,player_win,-10.0,5,100.0,5,Expert,0.05,0.05,1,1462,53,0.0,0.0,2,0,0
Full,4,729,train,strong,player_win,-10.0,5,100.0,5,Expert,0.05,0.05,1,1464,53,0.0,0.0,2,0,0
Full,4,730,train,strong,player_win,-10.0,5,100.0,5,Expert,0.05,0.05,1,1466,53,0.0,0.0,2,0,0
Full,4,731,train,strong,player_win,-10.0,5,100.0,5,Expert,0.05,0.05,1,1468,53,0.0,0.0,2,0,0
Full,4,732,train,strong,player_win,-10.0,5,100.0,5,Expert,0.05,0.05,1,1470,53,0.0,0.0,2,0,0
Full,4,733,train,strong,player_win,-10.0,5,100.0,5,Expert,0.05,0.05,1,1472,53,0.0,0.0,2,0,0
Full,4,734,train,strong,player_win,-10.0,5,100.0,5,Expert,0.05,0.05,1,1474,53,0.0,0.0,2,0,0
Full,4,735,train,strong,player_win,-10.0,5,100.0,5,Expert,0.05,0.05,1,1476,53,0.0,0.0,2,0,0
Full,4,736,train,strong,player_win,-10.0,5,100.0,5,Expert,0.05,0.05,1,1478,53,0.0,0.0,2,0,0
Full,4,737,train,strong,player_win,-10.0,5,100.0,5,Expert,0.05,0.05,1,1480,53,0.0,0.0,2,0,0
Full,4,738,train,strong,player_win,-10.0,5,100.0,5,Expert,0.05,0.05,1,1482,53,0.0,0.0,2,0,0
Full,4,739,train,strong,player_win,-10.0,5,100.0,5,Expert,0.05,0.05,1,1484,53,0.0,0.0,2,0,0
Full,4,740,train,strong,player_win,-10.0,5,100.0,5,Expert,0.05,0.05,1,1486,53,0.0,0.0,2,0,0
Full,4,741,train,strong,player_win,-10.0,5,100.0,5,Expert,0.05,0.05,1,1488,53,0.0,0.0,1,0,1
Full,4,742,train,strong,player_win,-10.0,5,100.0,5,Expert,0.05,0.05,1,1490,53,0.0,0.0,2,0,0
Full,4,743,train,strong,player_win,-10.0,5,100.0,5,Expert,0.05,0.05,1,1492,54,0.0,0.0,1,0,1
Full,4,744,train,strong,player_win,-10.0,5,100.0,5,Expert,0.05,0.05,1,1494,54,0.0,0.0,2,0,0
Full,4,745,train,strong,player_win,-10.0,5,100.0,5,Expert,0.05,0.05,1,1496,54,0.0,0.0,2,0,0
Full,4,746,train,strong,player_win,-10.0,5,100.0,5,Expert,0.05,0.05,1,1498,54,0.0,0.0,2,0,0
Full,4,747,train,strong,player_win,-10.0,5,100.0,5,Expert,0.05,0.05,1,1500,54,0.0,0.0,2,0,0
Full,4,748,train,strong,player_win,-10.0,5,100.0,5,Expert,0.05,0.05,1,1502,54,0.0,0.0,2,0,0
Full,4,749,train,strong,player_win,-10.0,5,100.0,5,Expert,0.05,0.05,1,1504,55,0.0,0.0,1,0,1
Full,4,750,train,strong,player_win,-10.0,5,100.0,5,Expert,0.05,0.05,1,1506,55,0.0,0.0,2,0,0
Full,4,751,train,strong,player_win,-10.0,5,100.0,5,Expert,0.05,0.05,1,1508,55,0.0,0.0,2,0,0
Full,4,752,train,strong,player_win,-10.0,5,100.0,5,Expert,0.05,0.05,1,1510,55,0.0,0.0,2,0,0
Full,4,753,train,strong,player_win,-10.0,5,100.0,5,Expert,0.05,0.05,1,1512,55,0.0,0.0,2,0,0
Full,4,754,train,strong,player_win,-10.0,5,100.0,5,Expert,0.05,0.05,1,1514,55,0.0,0.0,2,0,0
Full,4,755,train,strong,player_win,-10.0,5,100.0,5,Expert,0.05,0.05,1,1516,55,0.0,0.0,2,0,0
Full,4,756,train,strong,player_win,-10.0,5,100.0,5,Expert,0.05,0.05,1,1518,55,0.0,0.0,2,0,0
Full,4,757,train,strong,player_win,-10.0,5,100.0,5,Expert,0.05,0.05,1,1520,56,0.0,0.0,1,0,1
Full,4,758,train,strong,player_win,-10.0,5,100.0,5,Expert,0.05,0.05,1,1522,56,0.0,0.0,1,0,1
Full,4,759,train,strong,player_win,-10.0,5,100.0,5,Expert,0.05,0.05,1,1524,56,0.0,0.0,2,0,0
Full,4,760,train,strong,player_win,-10.0,5,100.0,5,Expert,0.05,0.05,1,1526,56,0.0,0.0,2,0,0
Full,4,761,train,strong,player_win,-10.0,5,100.0,5,Expert,0.05,0.05,1,1528,56,0.0,0.0,2,0,0
Full,4,762,train,strong,player_win,-10.0,5,100.0,5,Expert,0.05,0.05,1,1530,56,0.0,0.0,2,0,0
Full,4,763,train,strong,player_win,-10.0,5,100.0,5,Expert,0.05,0.05,1,1532,56,0.0,0.0,2,0,0
Full,4,764,train,strong,player_win,-10.0,5,100.0,5,Expert,0.05,0.05,1,1534,56,0.0,0.0,2,0,0
Full,4,765,train,strong,player_win,-10.0,5,100.0,5,Expert,0.05,0.05,1,1536,56,0.0,0.0,2,0,0
Full,4,766,train,strong,player_win,-10.0,5,100.0,5,Expert,0.05,0.05,1,1538,56,0.0,0.0,2,0,0
Full,4,767,train,strong,player_win,-10.0,5,100.0,5,Expert,0.05,0.05,1,1540,56,0.0,0.0,2,0,0
Full,4,768,train,strong,player_win,-10.0,5,100.0,5,Expert,0.05,0.05,1,1542,56,0.0,0.0,2,0,0
Full,4,769,train,strong,player_win,-10.0,5,100.0,5,Expert,0.05,0.05,1,1544,56,0.0,0.0,2,0,0
Full,4,770,train,strong,player_win,-10.0,5,100.0,5,Expert,0.05,0.05,1,1546,56,0.0,0.0,2,0,0
Full,4,771,train,strong,player_win,-10.0,5,100.0,5,Expert,0.05,0.05,1,1548,56,0.0,0.0,2,0,0
Full,4,772,train,strong,player_win,-10.0,5,100.0,5,Expert,0.05,0.05,1,1550,56,0.0,0.0,2,0,0
Full,4,773,train,strong,player_win,-10.0,5,100.0,5,Expert,0.05,0.05,1,1552,56,0.0,0.0,2,0,0
Full,4,774,train,strong,player_win,-10.0,5,100.0,5,Expert,0.05,0.05,1,1554,56,0.0,0.0,2,0,0
Full,4,775,train,strong,player_win,-10.0,5,100.0,5,Expert,0.05,0.05,1,1556,56,0.0,0.0,2,0,0
Full,4,776,train,strong,player_win,-10.0,5,100.0,5,Expert,0.05,0.05,1,1558,57,0.0,0.0,1,0,1
Full,4,777,train,strong,player_win,-10.0,5,100.0,5,Expert,0.05,0.05,1,1560,57,0.0,0.0,2,0,0
Full,4,778,train,strong,player_win,-10.0,5,100.0,5,Expert,0.05,0.05,1,1562,57,0.0,0.0,2,0,0
Full,4,779,train,strong,player_win,-10.0,5,100.0,5,Expert,0.05,0.05,1,1564,57,0.0,0.0,2,0,0
Full,4,780,train,strong,player_win,-10.0,5,100.0,5,Expert,0.05,0.05,1,1566,57,0.0,0.0,2,0,0
Full,4,781,train,strong,player_win,-10.0,5,100.0,5,Expert,0.05,0.05,1,1568,57,0.0,0.0,2,0,0
Full,4,782,train,strong,player_win,-10.0,5,100.0,5,Expert,0.05,0.05,1,1570,57,0.0,0.0,2,0,0
Full,4,783,train,strong,player_win,-10.0,5,100.0,5,Expert,0.05,0.05,1,1572,57,0.0,0.0,2,0,0
Full,4,784,train,strong,player_win,-10.0,5,100.0,5,Expert,0.05,0.05,1,1574,57,0.0,0.0,2,0,0
Full,4,785,train,strong,player_win,-10.0,5,100.0,5,Expert,0.05,0.05,1,1576,57,0.0,0.0,2,0,0
Full,4,786,train,strong,player_win,-10.0,5,100.0,5,Expert,0.05,0.05,1,1578,57,0.0,0.0,2,0,0
Full,4,787,train,strong,player_win,-10.0,5,100.0,5,Expert,0.05,0.05,1,1580,57,0.0,0.0,2,0,0
Full,4,788,train,strong,player_win,-10.0,5,100.0,5,Expert,0.05,0.05,1,1582,57,0.0,0.0,2,0,0
Full,4,789,train,strong,player_win,-10.0,5,100.0,5,Expert,0.05,0.05,1,1584,57,0.0,0.0,2,0,0
Full,4,790,train,strong,player_win,-10.0,5,100.0,5,Expert,0.05,0.05,1,1586,57,0.0,0.0,2,0,0
Full,4,791,train,strong,player_win,-10.0,5,100.0,5,Expert,0.05,0.05,1,1588,57,0.0,0.0,2,0,0
Full,4,792,train,strong,player_win,-10.0,5,100.0,5,Expert,0.05,0.05,1,1590,58,0.0,0.0,1,0,1
Full,4,793,train,strong,player_win,-10.0,5,100.0,5,Expert,0.05,0.05,1,1592,58,0.0,0.0,2,0,0
Full,4,794,train,strong,player_win,-10.0,5,100.0,5,Expert,0.05,0.05,1,1594,58,0.0,0.0,2,0,0
Full,4,795,train,strong,player_win,-10.0,5,100.0,5,Expert,0.05,0.05,1,1596,59,0.0,0.0,1,0,1
Full,4,796,train,strong,player_win,-10.0,5,100.0,5,Expert,0.05,0.05,1,1598,59,0.0,0.0,2,0,0
Full,4,797,train,strong,player_win,-10.0,5,100.0,5,Expert,0.05,0.05,1,1600,59,0.0,0.0,2,0,0
Full,4,798,train,strong,player_win,-10.0,5,100.0,5,Expert,0.05,0.05,1,1602,59,0.0,0.0,1,0,1
Full,4,799,train,strong,player_win,-10.0,5,100.0,5,Expert,0.05,0.05,1,1604,60,0.0,0.0,1,0,1
Full,4,800,train,strong,player_win,-10.0,5,100.0,5,Expert,0.05,0.05,1,1606,60,0.0,0.0,2,0,0
Full,4,801,eval,strong,player_win,-10.0,5,100.0,5,Expert,0.05,0.0,0,1606,60,0.0,0.0,2,0,0
Full,4,802,eval,strong,player_win,-10.0,5,100.0,5,Expert,0.05,0.0,0,1606,60,0.0,0.0,2,0,0
Full,4,803,eval,strong,player_win,-10.0,5,100.0,5,Expert,0.05,0.0,0,1606,60,0.0,0.0,2,0,0
Full,4,804,eval,strong,player_win,-10.0,5,100.0,5,Expert,0.05,0.0,0,1606,60,0.0,0.0,2,0,0
Full,4,805,eval,strong,player_win,-10.0,5,100.0,5,Expert,0.05,0.0,0,1606,60,0.0,0.0,2,0,0
Full,4,806,eval,strong,player_win,-10.0,5,100.0,5,Expert,0.05,0.0,0,1606,60,0.0,0.0,1,0,1
Full,4,807,eval,strong,player_win,-10.0,5,100.0,5,Expert,0.05,0.0,0,1606,60,0.0,0.0,1,0,1
Full,4,808,eval,strong,player_win,-10.0,5,100.0,5,Expert,0.05,0.0,0,1606,60,0.0,0.0,2,0,0
Full,4,809,eval,strong,player_win,-10.0,5,100.0,5,Expert,0.05,0.0,0,1606,60,0.0,0.0,2,0,0
Full,4,810,eval,strong,player_win,-10.0,5,100.0,5,Expert,0.05,0.0,0,1606,60,0.0,0.0,1,0,1
Full,4,811,eval,strong,player_win,-10.0,5,100.0,5,Expert,0.05,0.0,0,1606,60,0.0,0.0,2,0,0
Full,4,812,eval,strong,player_win,-10.0,5,100.0,5,Expert,0.05,0.0,0,1606,60,0.0,0.0,2,0,0
Full,4,813,eval,strong,player_win,-10.0,5,100.0,5,Expert,0.05,0.0,0,1606,60,0.0,0.0,2,0,0
Full,4,814,eval,strong,player_win,-10.0,5,100.0,5,Expert,0.05,0.0,0,1606,60,0.0,0.0,2,0,0
Full,4,815,eval,strong,player_win,-10.0,5,100.0,5,Expert,0.05,0.0,0,1606,60,0.0,0.0,2,0,0
Full,4,816,eval,strong,player_win,-10.0,5,100.0,5,Expert,0.05,0.0,0,1606,60,0.0,0.0,2,0,0
Full,4,817,eval,strong,player_win,-10.0,5,100.0,5,Expert,0.05,0.0,0,1606,60,0.0,0.0,2,0,0
Full,4,818,eval,strong,player_win,-10.0,5,100.0,5,Expert,0.05,0.0,0,1606,60,0.0,0.0,2,0,0
Full,4,819,eval,strong,player_win,-10.0,5,100.0,5,Expert,0.05,0.0,0,1606,60,0.0,0.0,2,0,0
Full,4,820,eval,strong,player_win,-10.0,5,100.0,5,Expert,0.05,0.0,0,1606,60,0.0,0.0,2,0,0
Full,4,821,eval,strong,player_win,-10.0,5,100.0,5,Expert,0.05,0.0,0,1606,60,0.0,0.0,2,0,0
Full,4,822,eval,strong,player_win,-10.0,5,100.0,5,Expert,0.05,0.0,0,1606,60,0.0,0.0,2,0,0
Full,4,823,eval,strong,player_win,-10.0,5,100.0,5,Expert,0.05,0.0,0,1606,60,0.0,0.0,2,0,0
Full,4,824,eval,strong,player_win,-10.0,5,100.0,5,Expert,0.05,0.0,0,1606,60,0.0,0.0,2,0,0
Full,4,825,eval,strong,player_win,-10.0,5,100.0,5,Expert,0.05,0.0,0,1606,60,0.0,0.0,2,0,0
Full,4,826,eval,strong,player_win,-10.0,5,100.0,5,Expert,0.05,0.0,0,1606,60,0.0,0.0,2,0,0
Full,4,827,eval,strong,player_win,-10.0,5,100.0,5,Expert,0.05,0.0,0,1606,60,0.0,0.0,2,0,0
Full,4,828,eval,strong,player_win,-10.0,5,100.0,5,Expert,0.05,0.0,0,1606,60,0.0,0.0,2,0,0
Full,4,829,eval,strong,player_win,-10.0,5,100.0,5,Expert,0.05,0.0,0,1606,60,0.0,0.0,2,0,0
Full,4,830,eval,strong,player_win,-10.0,5,100.0,5,Expert,0.05,0.0,0,1606,60,0.0,0.0,2,0,0
Full,4,831,eval,strong,player_win,-10.0,5,100.0,5,Expert,0.05,0.0,0,1606,60,0.0,0.0,2,0,0
Full,4,832,eval,strong,player_win,-10.0,5,100.0,5,Expert,0.05,0.0,0,1606,60,0.0,0.0,2,0,0
Full,4,833,eval,strong,player_win,-10.0,5,100.0,5,Expert,0.05,0.0,0,1606,60,0.0,0.0,2,0,0
Full,4,834,eval,strong,player_win,-10.0,5,100.0,5,Expert,0.05,0.0,0,1606,60,0.0,0.0,2,0,0
Full,4,835,eval,strong,player_win,-10.0,5,100.0,5,Expert,0.05,0.0,0,1606,60,0.0,0.0,1,0,1
Full,4,836,eval,strong,player_win,-10.0,5,100.0,5,Expert,0.05,0.0,0,1606,60,0.0,0.0,2,0,0
Full,4,837,eval,strong,player_win,-10.0,5,100.0,5,Expert,0.05,0.0,0,1606,60,0.0,0.0,2,0,0
Full,4,838,eval,strong,player_win,-10.0,5,100.0,5,Expert,0.05,0.0,0,1606,60,0.0,0.0,2,0,0
Full,4,839,eval,strong,player_win,-10.0,5,100.0,5,Expert,0.05,0.0,0,1606,60,0.0,0.0,2,0,0
Full,4,840,eval,strong,player_win,-10.0,5,100.0,5,Expert,0.05,0.0,0,1606,60,0.0,0.0,2,0,0
Full,4,841,eval,strong,player_win,-10.0,5,100.0,5,Expert,0.05,0.0,0,1606,60,0.0,0.0,2,0,0
Full,4,842,eval,strong,player_win,-10.0,5,100.0,5,Expert,0.05,0.0,0,1606,60,0.0,0.0,2,0,0
Full,4,843,eval,strong,player_win,-10.0,5,100.0,5,Expert,0.05,0.0,0,1606,60,0.0,0.0,2,0,0
Full,4,844,eval,strong,player_win,-10.0,5,100.0,5,Expert,0.05,0.0,0,1606,60,0.0,0.0,2,0,0
Full,4,845,eval,strong,player_win,-10.0,5,100.0,5,Expert,0.05,0.0,0,1606,60,0.0,0.0,2,0,0
Full,4,846,eval,strong,player_win,-10.0,5,100.0,5,Expert,0.05,0.0,0,1606,60,0.0,0.0,2,0,0
Full,4,847,eval,strong,player_win,-10.0,5,100.0,5,Expert,0.05,0.0,0,1606,60,0.0,0.0,2,0,0
Full,4,848,eval,strong,player_win,-10.0,5,100.0,5,Expert,0.05,0.0,0,1606,60,0.0,0.0,2,0,0
Full,4,849,eval,strong,player_win,-10.0,5,100.0,5,Expert,0.05,0.0,0,1606,60,0.0,0.0,2,0,0
Full,4,850,eval,strong,player_win,-10.0,5,100.0,5,Expert,0.05,0.0,0,1606,60,0.0,0.0,2,0,0
Full,4,851,eval,strong,player_win,-10.0,5,100.0,5,Expert,0.05,0.0,0,1606,60,0.0,0.0,2,0,0
Full,4,852,eval,strong,player_win,-10.0,5,100.0,5,Expert,0.05,0.0,0,1606,60,0.0,0.0,2,0,0
Full,4,853,eval,strong,player_win,-10.0,5,100.0,5,Expert,0.05,0.0,0,1606,60,0.0,0.0,2,0,0
Full,4,854,eval,strong,player_win,-10.0,5,100.0,5,Expert,0.05,0.0,0,1606,60,0.0,0.0,2,0,0
Full,4,855,eval,strong,player_win,-10.0,5,100.0,5,Expert,0.05,0.0,0,1606,60,0.0,0.0,2,0,0
Full,4,856,eval,strong,player_win,-10.0,5,100.0,5,Expert,0.05,0.0,0,1606,60,0.0,0.0,2,0,0
Full,4,857,eval,strong,player_win,-10.0,5,100.0,5,Expert,0.05,0.0,0,1606,60,0.0,0.0,2,0,0
Full,4,858,eval,strong,player_win,-10.0,5,100.0,5,Expert,0.05,0.0,0,1606,60,0.0,0.0,1,0,1
Full,4,859,eval,strong,player_win,-10.0,5,100.0,5,Expert,0.05,0.0,0,1606,60,0.0,0.0,2,0,0
Full,4,860,eval,strong,player_win,-10.0,5,100.0,5,Expert,0.05,0.0,0,1606,60,0.0,0.0,2,0,0
Full,4,861,eval,strong,player_win,-10.0,5,100.0,5,Expert,0.05,0.0,0,1606,60,0.0,0.0,2,0,0
Full,4,862,eval,strong,player_win,-10.0,5,100.0,5,Expert,0.05,0.0,0,1606,60,0.0,0.0,2,0,0
Full,4,863,eval,strong,player_win,-10.0,5,100.0,5,Expert,0.05,0.0,0,1606,60,0.0,0.0,2,0,0
Full,4,864,eval,strong,player_win,-10.0,5,100.0,5,Expert,0.05,0.0,0,1606,60,0.0,0.0,2,0,0
Full,4,865,eval,strong,player_win,-10.0,5,100.0,5,Expert,0.05,0.0,0,1606,60,0.0,0.0,2,0,0
Full,4,866,eval,strong,player_win,-10.0,5,100.0,5,Expert,0.05,0.0,0,1606,60,0.0,0.0,2,0,0
Full,4,867,eval,strong,player_win,-10.0,5,100.0,5,Expert,0.05,0.0,0,1606,60,0.0,0.0,2,0,0
Full,4,868,eval,strong,player_win,-10.0,5,100.0,5,Expert,0.05,0.0,0,1606,60,0.0,0.0,2,0,0
Full,4,869,eval,strong,player_win,-10.0,5,100.0,5,Expert,0.05,0.0,0,1606,60,0.0,0.0,2,0,0
Full,4,870,eval,strong,player_win,-10.0,5,100.0,5,Expert,0.05,0.0,0,1606,60,0.0,0.0,2,0,0
Full,4,871,eval,strong,player_win,-10.0,5,100.0,5,Expert,0.05,0.0,0,1606,60,0.0,0.0,2,0,0
Full,4,872,eval,strong,player_win,-10.0,5,100.0,5,Expert,0.05,0.0,0,1606,60,0.0,0.0,2,0,0
Full,4,873,eval,strong,player_win,-10.0,5,100.0,5,Expert,0.05,0.0,0,1606,60,0.0,0.0,2,0,0
Full,4,874,eval,strong,player_win,-10.0,5,100.0,5,Expert,0.05,0.0,0,1606,60,0.0,0.0,2,0,0
Full,4,875,eval,strong,player_win,-10.0,5,100.0,5,Expert,0.05,0.0,0,1606,60,0.0,0.0,2,0,0
Full,4,876,eval,strong,player_win,-10.0,5,100.0,5,Expert,0.05,0.0,0,1606,60,0.0,0.0,2,0,0
Full,4,877,eval,strong,player_win,-10.0,5,100.0,5,Expert,0.05,0.0,0,1606,60,0.0,0.0,2,0,0
Full,4,878,eval,strong,player_win,-10.0,5,100.0,5,Expert,0.05,0.0,0,1606,60,0.0,0.0,2,0,0
Full,4,879,eval,strong,player_win,-10.0,5,100.0,5,Expert,0.05,0.0,0,1606,60,0.0,0.0,2,0,0
Full,4,880,eval,strong,player_win,-10.0,5,100.0,5,Expert,0.05,0.0,0,1606,60,0.0,0.0,1,0,1
Full,4,881,eval,strong,player_win,-10.0,5,100.0,5,Expert,0.05,0.0,0,1606,60,0.0,0.0,2,0,0
Full,4,882,eval,strong,player_win,-10.0,5,100.0,5,Expert,0.05,0.0,0,1606,60,0.0,0.0,2,0,0
Full,4,883,eval,strong,player_win,-10.0,5,100.0,5,Expert,0.05,0.0,0,1606,60,0.0,0.0,2,0,0
Full,4,884,eval,strong,player_win,-10.0,5,100.0,5,Expert,0.05,0.0,0,1606,60,0.0,0.0,2,0,0
Full,4,885,eval,strong,player_win,-10.0,5,100.0,5,Expert,0.05,0.0,0,1606,60,0.0,0.0,2,0,0
Full,4,886,eval,strong,player_win,-10.0,5,100.0,5,Expert,0.05,0.0,0,1606,60,0.0,0.0,2,0,0
Full,4,887,eval,strong,player_win,-10.0,5,100.0,5,Expert,0.05,0.0,0,1606,60,0.0,0.0,2,0,0
Full,4,888,eval,strong,player_win,-10.0,5,100.0,5,Expert,0.05,0.0,0,1606,60,0.0,0.0,2,0,0
Full,4,889,eval,strong,player_win,-10.0,5,100.0,5,Expert,0.05,0.0,0,1606,60,0.0,0.0,2,0,0
Full,4,890,eval,strong,player_win,-10.0,5,100.0,5,Expert,0.05,0.0,0,1606,60,0.0,0.0,2,0,0
Full,4,891,eval,strong,player_win,-10.0,5,100.0,5,Expert,0.05,0.0,0,1606,60,0.0,0.0,2,0,0
Full,4,892,eval,strong,player_win,-10.0,5,100.0,5,Expert,0.05,0.0,0,1606,60,0.0,0.0,2,0,0
Full,4,893,eval,strong,player_win,-10.0,5,100.0,5,Expert,0.05,0.0,0,1606,60,0.0,0.0,2,0,0
Full,4,894,eval,strong,player_win,-10.0,5,100.0,5,Expert,0.05,0.0,0,1606,60,0.0,0.0,2,0,0
Full,4,895,eval,strong,player_win,-10.0,5,100.0,5,Expert,0.05,0.0,0,1606,60,0.0,0.0,2,0,0
Full,4,896,eval,strong,player_win,-10.0,5,100.0,5,Expert,0.05,0.0,0,1606,60,0.0,0.0,2,0,0
Full,4,897,eval,strong,player_win,-10.0,5,100.0,5,Expert,0.05,0.0,0,1606,60,0.0,0.0,2,0,0
Full,4,898,eval,strong,player_win,-10.0,5,100.0,5,Expert,0.05,0.0,0,1606,60,0.0,0.0,2,0,0
Full,4,899,eval,strong,player_win,-10.0,5,100.0,5,Expert,0.05,0.0,0,1606,60,0.0,0.0,2,0,0
Full,4,900,eval,strong,player_win,-10.0,5,100.0,5,Expert,0.05,0.0,0,1606,60,0.0,0.0,2,0,0
Full,4,901,eval,strong,player_win,-10.0,5,100.0,5,Expert,0.05,0.0,0,1606,60,0.0,0.0,2,0,0
Full,4,902,eval,strong,player_win,-10.0,5,100.0,5,Expert,0.05,0.0,0,1606,60,0.0,0.0,2,0,0
Full,4,903,eval,strong,player_win,-10.0,5,100.0,5,Expert,0.05,0.0,0,1606,60,0.0,0.0,2,0,0
Full,4,904,eval,strong,player_win,-10.0,5,100.0,5,Expert,0.05,0.0,0,1606,60,0.0,0.0,2,0,0
Full,4,905,eval,strong,player_win,-10.0,5,100.0,5,Expert,0.05,0.0,0,1606,60,0.0,0.0,2,0,0
Full,4,906,eval,strong,player_win,-10.0,5,100.0,5,Expert,0.05,0.0,0,1606,60,0.0,0.0,2,0,0
Full,4,907,eval,strong,player_win,-10.0,5,100.0,5,Expert,0.05,0.0,0,1606,60,0.0,0.0,2,0,0
Full,4,908,eval,strong,player_win,-10.0,5,100.0,5,Expert,0.05,0.0,0,1606,60,0.0,0.0,2,0,0
Full,4,909,eval,strong,player_win,-10.0,5,100.0,5,Expert,0.05,0.0,0,1606,60,0.0,0.0,2,0,0
Full,4,910,eval,strong,player_win,-10.0,5,100.0,5,Expert,0.05,0.0,0,1606,60,0.0,0.0,2,0,0
Full,4,911,eval,strong,player_win,-10.0,5,100.0,5,Expert,0.05,0.0,0,1606,60,0.0,0.0,2,0,0
Full,4,912,eval,strong,player_win,-10.0,5,100.0,5,Expert,0.05,0.0,0,1606,60,0.0,0.0,2,0,0
Full,4,913,eval,strong,player_win,-10.0,5,100.0,5,Expert,0.05,0.0,0,1606,60,0.0,0.0,2,0,0
Full,4,914,eval,strong,player_win,-10.0,5,100.0,5,Expert,0.05,0.0,0,1606,60,0.0,0.0,2,0,0
Full,4,915,eval,strong,player_win,-10.0,5,100.0,5,Expert,0.05,0.0,0,1606,60,0.0,0.0,1,0,1
Full,4,916,eval,strong,player_win,-10.0,5,100.0,5,Expert,0.05,0.0,0,1606,60,0.0,0.0,2,0,0
Full,4,917,eval,strong,player_win,-10.0,5,100.0,5,Expert,0.05,0.0,0,1606,60,0.0,0.0,2,0,0
Full,4,918,eval,strong,player_win,-10.0,5,100.0,5,Expert,0.05,0.0,0,1606,60,0.0,0.0,2,0,0
Full,4,919,eval,strong,player_win,-10.0,5,100.0,5,Expert,0.05,0.0,0,1606,60,0.0,0.0,2,0,0
Full,4,920,eval,strong,player_win,-10.0,5,100.0,5,Expert,0.05,0.0,0,1606,60,0.0,0.0,2,0,0
Full,4,921,eval,strong,player_win,-10.0,5,100.0,5,Expert,0.05,0.0,0,1606,60,0.0,0.0,2,0,0
Full,4,922,eval,strong,player_win,-10.0,5,100.0,5,Expert,0.05,0.0,0,1606,60,0.0,0.0,2,0,0
Full,4,923,eval,strong,player_win,-10.0,5,100.0,5,Expert,0.05,0.0,0,1606,60,0.0,0.0,2,0,0
Full,4,924,eval,strong,player_win,-10.0,5,100.0,5,Expert,0.05,0.0,0,1606,60,0.0,0.0,2,0,0
Full,4,925,eval,strong,player_win,-10.0,5,100.0,5,Expert,0.05,0.0,0,1606,60,0.0,0.0,2,0,0
Full,4,926,eval,strong,player_win,-10.0,5,100.0,5,Expert,0.05,0.0,0,1606,60,0.0,0.0,1,0,1
Full,4,927,eval,strong,player_win,-10.0,5,100.0,5,Expert,0.05,0.0,0,1606,60,0.0,0.0,2,0,0
Full,4,928,eval,strong,player_win,-10.0,5,100.0,5,Expert,0.05,0.0,0,1606,60,0.0,0.0,2,0,0
Full,4,929,eval,strong,player_win,-10.0,5,100.0,5,Expert,0.05,0.0,0,1606,60,0.0,0.0,2,0,0
Full,4,930,eval,strong,player_win,-10.0,5,100.0,5,Expert,0.05,0.0,0,1606,60,0.0,0.0,2,0,0
Full,4,931,eval,strong,player_win,-10.0,5,100.0,5,Expert,0.05,0.0,0,1606,60,0.0,0.0,2,0,0
Full,4,932,eval,strong,player_win,-10.0,5,100.0,5,Expert,0.05,0.0,0,1606,60,0.0,0.0,2,0,0
Full,4,933,eval,strong,player_win,-10.0,5,100.0,5,Expert,0.05,0.0,0,1606,60,0.0,0.0,2,0,0
Full,4,934,eval,strong,player_win,-10.0,5,100.0,5,Expert,0.05,0.0,0,1606,60,0.0,0.0,2,0,0
Full,4,935,eval,strong,player_win,-10.0,5,100.0,5,Expert,0.05,0.0,0,1606,60,0.0,0.0,2,0,0
Full,4,936,eval,strong,player_win,-10.0,5,100.0,5,Expert,0.05,0.0,0,1606,60,0.0,0.0,2,0,0
Full,4,937,eval,strong,player_win,-10.0,5,100.0,5,Expert,0.05,0.0,0,1606,60,0.0,0.0,2,0,0
Full,4,938,eval,strong,player_win,-10.0,5,100.0,5,Expert,0.05,0.0,0,1606,60,0.0,0.0,2,0,0
Full,4,939,eval,strong,player_win,-10.0,5,100.0,5,Expert,0.05,0.0,0,1606,60,0.0,0.0,2,0,0
Full,4,940,eval,strong,player_win,-10.0,5,100.0,5,Expert,0.05,0.0,0,1606,60,0.0,0.0,2,0,0
Full,4,941,eval,strong,player_win,-10.0,5,100.0,5,Expert,0.05,0.0,0,1606,60,0.0,0.0,2,0,0
Full,4,942,eval,strong,player_win,-10.0,5,100.0,5,Expert,0.05,0.0,0,1606,60,0.0,0.0,2,0,0
Full,4,943,eval,strong,player_win,-10.0,5,100.0,5,Expert,0.05,0.0,0,1606,60,0.0,0.0,2,0,0
Full,4,944,eval,strong,player_win,-10.0,5,100.0,5,Expert,0.05,0.0,0,1606,60,0.0,0.0,2,0,0
Full,4,945,eval,strong,player_win,-10.0,5,100.0,5,Expert,0.05,0.0,0,1606,60,0.0,0.0,2,0,0
Full,4,946,eval,strong,player_win,-10.0,5,100.0,5,Expert,0.05,0.0,0,1606,60,0.0,0.0,1,0,1
Full,4,947,eval,strong,player_win,-10.0,5,100.0,5,Expert,0.05,0.0,0,1606,60,0.0,0.0,2,0,0
Full,4,948,eval,strong,player_win,-10.0,5,100.0,5,Expert,0.05,0.0,0,1606,60,0.0,0.0,2,0,0
Full,4,949,eval,strong,player_win,-10.0,5,100.0,5,Expert,0.05,0.0,0,1606,60,0.0,0.0,2,0,0
Full,4,950,eval,strong,player_win,-10.0,5,100.0,5,Expert,0.05,0.0,0,1606,60,0.0,0.0,2,0,0
Full,4,951,eval,strong,player_win,-10.0,5,100.0,5,Expert,0.05,0.0,0,1606,60,0.0,0.0,2,0,0
Full,4,952,eval,strong,player_win,-10.0,5,100.0,5,Expert,0.05,0.0,0,1606,60,0.0,0.0,2,0,0
Full,4,953,eval,strong,player_win,-10.0,5,100.0,5,Expert,0.05,0.0,0,1606,60,0.0,0.0,2,0,0
Full,4,954,eval,strong,player_win,-10.0,5,100.0,5,Expert,0.05,0.0,0,1606,60,0.0,0.0,2,0,0
Full,4,955,eval,strong,player_win,-10.0,5,100.0,5,Expert,0.05,0.0,0,1606,60,0.0,0.0,2,0,0
Full,4,956,eval,strong,player_win,-10.0,5,100.0,5,Expert,0.05,0.0,0,1606,60,0.0,0.0,2,0,0
Full,4,957,eval,strong,player_win,-10.0,5,100.0,5,Expert,0.05,0.0,0,1606,60,0.0,0.0,1,0,1
Full,4,958,eval,strong,player_win,-10.0,5,100.0,5,Expert,0.05,0.0,0,1606,60,0.0,0.0,2,0,0
Full,4,959,eval,strong,player_win,-10.0,5,100.0,5,Expert,0.05,0.0,0,1606,60,0.0,0.0,2,0,0
Full,4,960,eval,strong,player_win,-10.0,5,100.0,5,Expert,0.05,0.0,0,1606,60,0.0,0.0,1,0,1
Full,4,961,eval,strong,player_win,-10.0,5,100.0,5,Expert,0.05,0.0,0,1606,60,0.0,0.0,2,0,0
Full,4,962,eval,strong,player_win,-10.0,5,100.0,5,Expert,0.05,0.0,0,1606,60,0.0,0.0,2,0,0
Full,4,963,eval,strong,player_win,-10.0,5,100.0,5,Expert,0.05,0.0,0,1606,60,0.0,0.0,2,0,0
Full,4,964,eval,strong,player_win,-10.0,5,100.0,5,Expert,0.05,0.0,0,1606,60,0.0,0.0,1,0,1
Full,4,965,eval,strong,player_win,-10.0,5,100.0,5,Expert,0.05,0.0,0,1606,60,0.0,0.0,2,0,0
Full,4,966,eval,strong,player_win,-10.0,5,100.0,5,Expert,0.05,0.0,0,1606,60,0.0,0.0,2,0,0
Full,4,967,eval,strong,player_win,-10.0,5,100.0,5,Expert,0.05,0.0,0,1606,60,0.0,0.0,2,0,0
Full,4,968,eval,strong,player_win,-10.0,5,100.0,5,Expert,0.05,0.0,0,1606,60,0.0,0.0,2,0,0
Full,4,969,eval,strong,player_win,-10.0,5,100.0,5,Expert,0.05,0.0,0,1606,60,0.0,0.0,2,0,0
Full,4,970,eval,strong,player_win,-10.0,5,100.0,5,Expert,0.05,0.0,0,1606,60,0.0,0.0,2,0,0
Full,4,971,eval,strong,player_win,-10.0,5,100.0,5,Expert,0.05,0.0,0,1606,60,0.0,0.0,2,0,0
Full,4,972,eval,strong,player_win,-10.0,5,100.0,5,Expert,0.05,0.0,0,1606,60,0.0,0.0,1,0,1
Full,4,973,eval,strong,player_win,-10.0,5,100.0,5,Expert,0.05,0.0,0,1606,60,0.0,0.0,2,0,0
Full,4,974,eval,strong,player_win,-10.0,5,100.0,5,Expert,0.05,0.0,0,1606,60,0.0,0.0,2,0,0
Full,4,975,eval,strong,player_win,-10.0,5,100.0,5,Expert,0.05,0.0,0,1606,60,0.0,0.0,2,0,0
Full,4,976,eval,strong,player_win,-10.0,5,100.0,5,Expert,0.05,0.0,0,1606,60,0.0,0.0,2,0,0
Full,4,977,eval,strong,player_win,-10.0,5,100.0,5,Expert,0.05,0.0,0,1606,60,0.0,0.0,2,0,0
Full,4,978,eval,strong,player_win,-10.0,5,100.0,5,Expert,0.05,0.0,0,1606,60,0.0,0.0,1,0,1
Full,4,979,eval,strong,player_win,-10.0,5,100.0,5,Expert,0.05,0.0,0,1606,60,0.0,0.0,2,0,0
Full,4,980,eval,strong,player_win,-10.0,5,100.0,5,Expert,0.05,0.0,0,1606,60,0.0,0.0,2,0,0
Full,4,981,eval,strong,player_win,-10.0,5,100.0,5,Expert,0.05,0.0,0,1606,60,0.0,0.0,2,0,0
Full,4,982,eval,strong,player_win,-10.0,5,100.0,5,Expert,0.05,0.0,0,1606,60,0.0,0.0,2,0,0
Full,4,983,eval,strong,player_win,-10.0,5,100.0,5,Expert,0.05,0.0,0,1606,60,0.0,0.0,2,0,0
Full,4,984,eval,strong,player_win,-10.0,5,100.0,5,Expert,0.05,0.0,0,1606,60,0.0,0.0,2,0,0
Full,4,985,eval,strong,player_win,-10.0,5,100.0,5,Expert,0.05,0.0,0,1606,60,0.0,0.0,2,0,0
Full,4,986,eval,strong,player_win,-10.0,5,100.0,5,Expert,0.05,0.0,0,1606,60,0.0,0.0,2,0,0
Full,4,987,eval,strong,player_win,-10.0,5,100.0,5,Expert,0.05,0.0,0,1606,60,0.0,0.0,2,0,0
Full,4,988,eval,strong,player_win,-10.0,5,100.0,5,Expert,0.05,0.0,0,1606,60,0.0,0.0,2,0,0
Full,4,989,eval,strong,player_win,-10.0,5,100.0,5,Expert,0.05,0.0,0,1606,60,0.0,0.0,2,0,0
Full,4,990,eval,strong,player_win,-10.0,5,100.0,5,Expert,0.05,0.0,0,1606,60,0.0,0.0,2,0,0
Full,4,991,eval,strong,player_win,-10.0,5,100.0,5,Expert,0.05,0.0,0,1606,60,0.0,0.0,2,0,0
Full,4,992,eval,strong,player_win,-10.0,5,100.0,5,Expert,0.05,0.0,0,1606,60,0.0,0.0,2,0,0
Full,4,993,eval,strong,player_win,-10.0,5,100.0,5,Expert,0.05,0.0,0,1606,60,0.0,0.0,2,0,0
Full,4,994,eval,strong,player_win,-10.0,5,100.0,5,Expert,0.05,0.0,0,1606,60,0.0,0.0,2,0,0
Full,4,995,eval,strong,player_win,-10.0,5,100.0,5,Expert,0.05,0.0,0,1606,60,0.0,0.0,2,0,0
Full,4,996,eval,strong,player_win,-10.0,5,100.0,5,Expert,0.05,0.0,0,1606,60,0.0,0.0,2,0,0
Full,4,997,eval,strong,player_win,-10.0,5,100.0,5,Expert,0.05,0.0,0,1606,60,0.0,0.0,2,0,0
Full,4,998,eval,strong,player_win,-10.0,5,100.0,5,Expert,0.05,0.0,0,1606,60,0.0,0.0,2,0,0
Full,4,999,eval,strong,player_win,-10.0,5,100.0,5,Expert,0.05,0.0,0,1606,60,0.0,0.0,2,0,0
Full,4,1000,eval,strong,player_win,-10.0,5,100.0,5,Expert,0.05,0.0,0,1606,60,0.0,0.0,2,0,0
Full,5,1,train,strong,player_win,-10.0,5,60.0,1,Very Easy,0.95,1.0,1,2,2,0.0,0.0,1,1,0
Full,5,2,train,strong,player_win,-10.0,7,70.0,1,Very Easy,0.9025,1.0,1,5,4,0.0,0.0,2,1,0
Full,5,3,train,strong,player_win,-10.0,5,80.0,5,Expert,0.8573749999999999,0.21434374999999997,1,7,6,0.0,0.0,1,1,0
Full,5,4,train,strong,player_win,-10.0,5,90.0,5,Expert,0.8145062499999999,0.20362656249999997,1,9,7,0.0,0.0,2,0,0
Full,5,5,train,strong,player_win,-10.0,5,100.0,5,Expert,0.7737809374999999,0.19344523437499997,1,11,9,0.0,0.0,2,0,0
Full,5,6,train,strong,player_win,-10.0,5,100.0,5,Expert,0.7350918906249998,0.18377297265624995,1,13,10,0.0,0.0,2,0,0
Full,5,7,train,strong,player_win,-10.0,5,100.0,5,Expert,0.6983372960937497,0.17458432402343743,1,15,11,0.0,0.0,2,0,0
Full,5,8,train,strong,player_win,-10.0,5,100.0,5,Expert,0.6634204312890623,0.16585510782226556,1,17,11,0.0,0.0,2,0,0
Full,5,9,train,strong,player_win,-10.0,5,100.0,5,Expert,0.6302494097246091,0.15756235243115227,1,19,13,0.0,0.0,2,0,0
Full,5,10,train,strong,player_win,-10.0,5,100.0,5,Expert,0.5987369392383786,0.14968423480959464,1,21,13,0.0,0.0,2,0,0
Full,5,11,train,strong,player_win,-10.0,5,100.0,5,Expert,0.5688000922764596,0.1422000230691149,1,23,13,0.0,0.0,2,0,0
Full,5,12,train,strong,player_win,-10.0,5,100.0,5,Expert,0.5403600876626365,0.13509002191565914,1,25,14,0.0,0.0,2,0,0
Full,5,13,train,strong,player_win,-10.0,5,100.0,5,Expert,0.5133420832795047,0.12833552081987618,1,27,15,0.0,0.0,1,0,1
Full,5,14,train,strong,player_win,-10.0,5,100.0,5,Expert,0.48767497911552943,0.12191874477888236,1,29,15,0.0,0.0,2,0,0
Full,5,15,train,strong,player_win,-10.0,5,100.0,5,Expert,0.46329123015975293,0.11582280753993823,1,31,16,0.0,0.0,2,0,0
Full,5,16,train,strong,player_win,-10.0,5,100.0,5,Expert,0.44012666865176525,0.11003166716294131,1,33,17,0.0,0.0,2,0,0
Full,5,17,train,strong,player_win,-10.0,5,100.0,5,Expert,0.41812033521917696,0.10453008380479424,1,35,17,0.0,0.0,2,0,0
Full,5,18,train,strong,player_win,-10.0,5,100.0,5,Expert,0.3972143184582181,0.09930357961455452,1,37,17,0.0,0.0,2,0,0
Full,5,19,train,strong,player_win,-10.0,5,100.0,5,Expert,0.37735360253530714,0.09433840063382679,1,39,17,0.0,0.0,2,0,0
Full,5,20,train,strong,player_win,-10.0,5,100.0,5,Expert,0.35848592240854177,0.08962148060213544,1,41,17,0.0,0.0,2,0,0
Full,5,21,train,strong,player_win,-10.0,5,100.0,5,Expert,0.34056162628811465,0.08514040657202866,1,43,18,0.0,0.0,2,0,0
Full,5,22,train,strong,player_win,-10.0,5,100.0,5,Expert,0.3235335449737089,0.08088338624342722,1,45,18,0.0,0.0,2,0,0
Full,5,23,train,strong,player_win,-10.0,5,100.0,5,Expert,0.30735686772502346,0.07683921693125587,1,47,18,0.0,0.0,2,0,0
Full,5,24,train,strong,player_win,-10.0,5,100.0,5,Expert,0.2919890243387723,0.07299725608469307,1,49,19,0.0,0.0,2,0,0
Full,5,25,train,strong,player_win,-10.0,5,100.0,5,Expert,0.27738957312183365,0.06934739328045841,1,51,19,0.0,0.0,2,0,0
Full,5,26,train,strong,player_win,-10.0,5,100.0,5,Expert,0.263520094465742,0.0658800236164355,1,53,20,0.0,0.0,2,0,0
Full,5,27,train,strong,player_win,-10.0,5,100.0,5,Expert,0.25034408974245487,0.06258602243561372,1,55,20,0.0,0.0,2,0,0
Full,5,28,train,strong,player_win,-10.0,5,100.0,5,Expert,0.2378268852553321,0.059456721313833026,1,57,20,0.0,0.0,2,0,0
Full,5,29,train,strong,player_win,-10.0,5,100.0,5,Expert,0.2259355409925655,0.05648388524814137,1,59,20,0.0,0.0,2,0,0
Full,5,30,train,strong,player_win,-10.0,5,100.0,5,Expert,0.2146387639429372,0.0536596909857343,1,61,20,0.0,0.0,1,0,1
Full,5,31,train,strong,player_win,-10.0,5,100.0,5,Expert,0.20390682574579033,0.05097670643644758,1,63,20,0.0,0.0,2,0,0
Full,5,32,train,strong,player_win,-10.0,5,100.0,5,Expert,0.1937114844585008,0.05,1,65,21,0.0,0.0,1,0,1
Full,5,33,train,strong,player_win,-10.0,5,100.0,5,Expert,0.18402591023557577,0.05,1,67,21,0.0,0.0,2,0,0
Full,5,34,train,strong,player_win,-10.0,5,100.0,5,Expert,0.17482461472379698,0.05,1,69,22,0.0,0.0,2,0,0
Full,5,35,train,strong,player_win,-10.0,5,100.0,5,Expert,0.16608338398760714,0.05,1,71,22,0.0,0.0,2,0,0
Full,5,36,train,strong,player_win,-10.0,5,100.0,5,Expert,0.15777921478822676,0.05,1,73,22,0.0,0.0,1,0,1
Full,5,37,train,strong,player_win,-10.0,5,100.0,5,Expert,0.14989025404881542,0.05,1,75,22,0.0,0.0,2,0,0
Full,5,38,train,strong,player_win,-10.0,5,100.0,5,Expert,0.14239574134637464,0.05,1,77,22,0.0,0.0,2,0,0
Full,5,39,train,strong,player_win,-10.0,5,100.0,5,Expert,0.1352759542790559,0.05,1,79,22,0.0,0.0,2,0,0
Full,5,40,train,strong,player_win,-10.0,5,100.0,5,Expert,0.1285121565651031,0.05,1,81,22,0.0,0.0,2,0,0
Full,5,41,train,strong,player_win,-10.0,5,100.0,5,Expert,0.12208654873684793,0.05,1,83,22,0.0,0.0,2,0,0
Full,5,42,train,strong,player_win,-10.0,5,100.0,5,Expert,0.11598222130000553,0.05,1,85,22,0.0,0.0,2,0,0
Full,5,43,train,strong,player_win,-10.0,5,100.0,5,Expert,0.11018311023500525,0.05,1,87,22,0.0,0.0,2,0,0
Full,5,44,train,strong,player_win,-10.0,5,100.0,5,Expert,0.10467395472325498,0.05,1,89,22,0.0,0.0,2,0,0
Full,5,45,train,strong,player_win,-10.0,5,100.0,5,Expert,0.09944025698709223,0.05,1,91,22,0.0,0.0,2,0,0
Full,5,46,train,strong,player_win,-10.0,5,100.0,5,Expert,0.09446824413773762,0.05,1,93,23,0.0,0.0,1,0,1
Full,5,47,train,strong,player_win,-10.0,5,100.0,5,Expert,0.08974483193085074,0.05,1,95,23,0.0,0.0,2,0,0
Full,5,48,train,strong,player_win,-10.0,5,100.0,5,Expert,0.0852575903343082,0.05,1,97,23,0.0,0.0,2,0,0
Full,5,49,train,strong,player_win,-10.0,5,100.0,5,Expert,0.08099471081759278,0.05,1,99,23,0.0,0.0,2,0,0
Full,5,50,train,strong,player_win,-10.0,5,100.0,5,Expert,0.07694497527671314,0.05,1,101,23,0.0,0.0,2,0,0
Full,5,51,train,strong,player_win,-10.0,5,100.0,5,Expert,0.07309772651287748,0.05,1,103,23,0.0,0.0,2,0,0
Full,5,52,train,strong,player_win,-10.0,5,100.0,5,Expert,0.0694428401872336,0.05,1,105,23,0.0,0.0,2,0,0
Full,5,53,train,strong,player_win,-10.0,5,100.0,5,Expert,0.0659706981778719,0.05,1,107,23,0.0,0.0,2,0,0
Full,5,54,train,strong,player_win,-10.0,5,100.0,5,Expert,0.0626721632689783,0.05,1,109,23,0.0,0.0,2,0,0
Full,5,55,train,strong,player_win,-10.0,5,100.0,5,Expert,0.059538555105529384,0.05,1,111,23,0.0,0.0,2,0,0
Full,5,56,train,strong,player_win,-10.0,7,100.0,5,Expert,0.05656162735025291,0.05,1,114,25,0.0,0.0,2,0,1
Full,5,57,train,strong,player_win,-10.0,5,100.0,5,Expert,0.053733545982740265,0.05,1,116,25,0.0,0.0,2,0,0
Full,5,58,train,strong,player_win,-10.0,5,100.0,5,Expert,0.05104686868360325,0.05,1,118,25,0.0,0.0,2,0,0
Full,5,59,train,strong,player_win,-10.0,5,100.0,5,Expert,0.05,0.05,1,120,25,0.0,0.0,2,0,0
Full,5,60,train,strong,player_win,-10.0,5,100.0,5,Expert,0.05,0.05,1,122,25,0.0,0.0,2,0,0
Full,5,61,train,strong,player_win,-10.0,5,100.0,5,Expert,0.05,0.05,1,124,25,0.0,0.0,2,0,0
Full,5,62,train,strong,player_win,-10.0,5,100.0,5,Expert,0.05,0.05,1,126,26,0.0,0.0,1,0,1
Full,5,63,train,strong,player_win,-10.0,7,100.0,5,Expert,0.05,0.05,1,129,28,0.0,0.0,2,0,1
Full,5,64,train,strong,player_win,-10.0,5,100.0,5,Expert,0.05,0.05,1,131,28,0.0,0.0,2,0,0
Full,5,65,train,strong,player_win,-10.0,5,100.0,5,Expert,0.05,0.05,1,133,28,0.0,0.0,2,0,0
Full,5,66,train,strong,player_win,-10.0,5,100.0,5,Expert,0.05,0.05,1,135,28,0.0,0.0,2,0,0
Full,5,67,train,strong,player_win,-10.0,5,100.0,5,Expert,0.05,0.05,1,137,28,0.0,0.0,2,0,0
Full,5,68,train,strong,player_win,-10.0,5,100.0,5,Expert,0.05,0.05,1,139,28,0.0,0.0,2,0,0
Full,5,69,train,strong,player_win,-10.0,5,100.0,5,Expert,0.05,0.05,1,141,28,0.0,0.0,2,0,0
Full,5,70,train,strong,player_win,-10.0,5,100.0,5,Expert,0.05,0.05,1,143,28,0.0,0.0,2,0,0
Full,5,71,train,strong,player_win,-10.0,5,100.0,5,Expert,0.05,0.05,1,145,28,0.0,0.0,2,0,0
Full,5,72,train,strong,player_win,-10.0,5,100.0,5,Expert,0.05,0.05,1,147,29,0.0,0.0,1,0,1
Full,5,73,train,strong,player_win,-10.0,5,100.0,5,Expert,0.05,0.05,1,149,29,0.0,0.0,2,0,0
Full,5,74,train,strong,player_win,-10.0,5,100.0,5,Expert,0.05,0.05,1,151,29,0.0,0.0,2,0,0
Full,5,75,train,strong,player_win,-10.0,5,100.0,5,Expert,0.05,0.05,1,153,29,0.0,0.0,2,0,0
Full,5,76,train,strong,player_win,-10.0,5,100.0,5,Expert,0.05,0.05,1,155,29,0.0,0.0,2,0,0
Full,5,77,train,strong,player_win,-10.0,5,100.0,5,Expert,0.05,0.05,1,157,29,0.0,0.0,2,0,0
Full,5,78,train,strong,player_win,-10.0,5,100.0,5,Expert,0.05,0.05,1,159,29,0.0,0.0,2,0,0
Full,5,79,train,strong,player_win,-10.0,5,100.0,5,Expert,0.05,0.05,1,161,30,0.0,0.0,1,0,1
Full,5,80,train,strong,player_win,-10.0,5,100.0,5,Expert,0.05,0.05,1,163,30,0.0,0.0,2,0,0
Full,5,81,train,strong,player_win,-10.0,5,100.0,5,Expert,0.05,0.05,1,165,30,0.0,0.0,1,0,1
Full,5,82,train,strong,player_win,-10.0,5,100.0,5,Expert,0.05,0.05,1,167,30,0.0,0.0,2,0,0
Full,5,83,train,strong,player_win,-10.0,5,100.0,5,Expert,0.05,0.05,1,169,30,0.0,0.0,2,0,0
Full,5,84,train,strong,player_win,-10.0,5,100.0,5,Expert,0.05,0.05,1,171,30,0.0,0.0,2,0,0
Full,5,85,train,strong,player_win,-10.0,5,100.0,5,Expert,0.05,0.05,1,173,30,0.0,0.0,2,0,0
Full,5,86,train,strong,player_win,-10.0,5,100.0,5,Expert,0.05,0.05,1,175,30,0.0,0.0,2,0,0
Full,5,87,train,strong,player_win,-10.0,5,100.0,5,Expert,0.05,0.05,1,177,30,0.0,0.0,2,0,0
Full,5,88,train,strong,player_win,-10.0,5,100.0,5,Expert,0.05,0.05,1,179,30,0.0,0.0,2,0,0
Full,5,89,train,strong,player_win,-10.0,5,100.0,5,Expert,0.05,0.05,1,181,30,0.0,0.0,2,0,0
Full,5,90,train,strong,player_win,-10.0,5,100.0,5,Expert,0.05,0.05,1,183,30,0.0,0.0,2,0,0
Full,5,91,train,strong,player_win,-10.0,5,100.0,5,Expert,0.05,0.05,1,185,30,0.0,0.0,2,0,0
Full,5,92,train,strong,player_win,-10.0,5,100.0,5,Expert,0.05,0.05,1,187,30,0.0,0.0,2,0,0
Full,5,93,train,strong,player_win,-10.0,5,100.0,5,Expert,0.05,0.05,1,189,31,0.0,0.0,1,0,1
Full,5,94,train,strong,player_win,-10.0,5,100.0,5,Expert,0.05,0.05,1,191,31,0.0,0.0,2,0,0
Full,5,95,train,strong,player_win,-10.0,5,100.0,5,Expert,0.05,0.05,1,193,31,0.0,0.0,2,0,0
Full,5,96,train,strong,player_win,-10.0,5,100.0,5,Expert,0.05,0.05,1,195,31,0.0,0.0,2,0,0
Full,5,97,train,strong,player_win,-10.0,5,100.0,5,Expert,0.05,0.05,1,197,31,0.0,0.0,2,0,0
Full,5,98,train,strong,player_win,-10.0,5,100.0,5,Expert,0.05,0.05,1,199,31,0.0,0.0,2,0,0
Full,5,99,train,strong,player_win,-10.0,5,100.0,5,Expert,0.05,0.05,1,201,31,0.0,0.0,2,0,0
Full,5,100,train,strong,player_win,-10.0,5,100.0,5,Expert,0.05,0.05,1,203,31,0.0,0.0,2,0,0
Full,5,101,train,strong,player_win,-10.0,5,100.0,5,Expert,0.05,0.05,1,205,31,0.0,0.0,2,0,0
Full,5,102,train,strong,player_win,-10.0,5,100.0,5,Expert,0.05,0.05,1,207,31,0.0,0.0,2,0,0
Full,5,103,train,strong,player_win,-10.0,5,100.0,5,Expert,0.05,0.05,1,209,31,0.0,0.0,2,0,0
Full,5,104,train,strong,player_win,-10.0,5,100.0,5,Expert,0.05,0.05,1,211,31,0.0,0.0,2,0,0
Full,5,105,train,strong,player_win,-10.0,5,100.0,5,Expert,0.05,0.05,1,213,31,0.0,0.0,2,0,0
Full,5,106,train,strong,player_win,-10.0,5,100.0,5,Expert,0.05,0.05,1,215,31,0.0,0.0,2,0,0
Full,5,107,train,strong,player_win,-10.0,5,100.0,5,Expert,0.05,0.05,1,217,31,0.0,0.0,2,0,0
Full,5,108,train,strong,player_win,-10.0,5,100.0,5,Expert,0.05,0.05,1,219,31,0.0,0.0,2,0,0
Full,5,109,train,strong,player_win,-10.0,5,100.0,5,Expert,0.05,0.05,1,221,31,0.0,0.0,2,0,0
Full,5,110,train,strong,player_win,-10.0,5,100.0,5,Expert,0.05,0.05,1,223,31,0.0,0.0,2,0,0
Full,5,111,train,strong,player_win,-10.0,5,100.0,5,Expert,0.05,0.05,1,225,31,0.0,0.0,2,0,0
Full,5,112,train,strong,player_win,-10.0,5,100.0,5,Expert,0.05,0.05,1,227,31,0.0,0.0,2,0,0
Full,5,113,train,strong,player_win,-10.0,5,100.0,5,Expert,0.05,0.05,1,229,31,0.0,0.0,2,0,0
Full,5,114,train,strong,player_win,-10.0,5,100.0,5,Expert,0.05,0.05,1,231,31,0.0,0.0,2,0,0
Full,5,115,train,strong,player_win,-10.0,5,100.0,5,Expert,0.05,0.05,1,233,31,0.0,0.0,2,0,0
Full,5,116,train,strong,player_win,-10.0,5,100.0,5,Expert,0.05,0.05,1,235,31,0.0,0.0,1,0,1
Full,5,117,train,strong,player_win,-10.0,5,100.0,5,Expert,0.05,0.05,1,237,31,0.0,0.0,2,0,0
Full,5,118,train,strong,player_win,-10.0,5,100.0,5,Expert,0.05,0.05,1,239,31,0.0,0.0,2,0,0
Full,5,119,train,strong,player_win,-10.0,5,100.0,5,Expert,0.05,0.05,1,241,31,0.0,0.0,2,0,0
Full,5,120,train,strong,player_win,-10.0,5,100.0,5,Expert,0.05,0.05,1,243,32,0.0,0.0,1,0,1
Full,5,121,train,strong,player_win,-10.0,5,100.0,5,Expert,0.05,0.05,1,245,32,0.0,0.0,2,0,0
Full,5,122,train,strong,player_win,-10.0,5,100.0,5,Expert,0.05,0.05,1,247,32,0.0,0.0,2,0,0
Full,5,123,train,strong,player_win,-10.0,5,100.0,5,Expert,0.05,0.05,1,249,32,0.0,0.0,2,0,0
Full,5,124,train,strong,player_win,-10.0,5,100.0,5,Expert,0.05,0.05,1,251,32,0.0,0.0,2,0,0
Full,5,125,train,strong,player_win,-10.0,5,100.0,5,Expert,0.05,0.05,1,253,32,0.0,0.0,2,0,0
Full,5,126,train,strong,player_win,-10.0,5,100.0,5,Expert,0.05,0.05,1,255,32,0.0,0.0,2,0,0
Full,5,127,train,strong,player_win,-10.0,5,100.0,5,Expert,0.05,0.05,1,257,32,0.0,0.0,2,0,0
Full,5,128,train,strong,player_win,-10.0,5,100.0,5,Expert,0.05,0.05,1,259,32,0.0,0.0,2,0,0
Full,5,129,train,strong,player_win,-10.0,5,100.0,5,Expert,0.05,0.05,1,261,32,0.0,0.0,2,0,0
Full,5,130,train,strong,player_win,-10.0,5,100.0,5,Expert,0.05,0.05,1,263,32,0.0,0.0,2,0,0
Full,5,131,train,strong,player_win,-10.0,5,100.0,5,Expert,0.05,0.05,1,265,32,0.0,0.0,2,0,0
Full,5,132,train,strong,player_win,-10.0,5,100.0,5,Expert,0.05,0.05,1,267,32,0.0,0.0,2,0,0
Full,5,133,train,strong,player_win,-10.0,5,100.0,5,Expert,0.05,0.05,1,269,32,0.0,0.0,2,0,0
Full,5,134,train,strong,player_win,-10.0,5,100.0,5,Expert,0.05,0.05,1,271,32,0.0,0.0,2,0,0
Full,5,135,train,strong,player_win,-10.0,5,100.0,5,Expert,0.05,0.05,1,273,32,0.0,0.0,2,0,0
Full,5,136,train,strong,player_win,-10.0,5,100.0,5,Expert,0.05,0.05,1,275,32,0.0,0.0,2,0,0
Full,5,137,train,strong,player_win,-10.0,5,100.0,5,Expert,0.05,0.05,1,277,32,0.0,0.0,2,0,0
Full,5,138,train,strong,player_win,-10.0,5,100.0,5,Expert,0.05,0.05,1,279,32,0.0,0.0,2,0,0
Full,5,139,train,strong,player_win,-10.0,5,100.0,5,Expert,0.05,0.05,1,281,32,0.0,0.0,2,0,0
Full,5,140,train,strong,player_win,-10.0,5,100.0,5,Expert,0.05,0.05,1,283,32,0.0,0.0,2,0,0
Full,5,141,train,strong,player_win,-10.0,5,100.0,5,Expert,0.05,0.05,1,285,32,0.0,0.0,2,0,0
Full,5,142,train,strong,player_win,-10.0,5,100.0,5,Expert,0.05,0.05,1,287,32,0.0,0.0,2,0,0
Full,5,143,train,strong,player_win,-10.0,5,100.0,5,Expert,0.05,0.05,1,289,32,0.0,0.0,1,0,1
Full,5,144,train,strong,player_win,-10.0,5,100.0,5,Expert,0.05,0.05,1,291,32,0.0,0.0,2,0,0
Full,5,145,train,strong,player_win,-10.0,5,100.0,5,Expert,0.05,0.05,1,293,32,0.0,0.0,2,0,0
Full,5,146,train,strong,player_win,-10.0,5,100.0,5,Expert,0.05,0.05,1,295,32,0.0,0.0,2,0,0
Full,5,147,train,strong,player_win,-10.0,5,100.0,5,Expert,0.05,0.05,1,297,32,0.0,0.0,2,0,0
Full,5,148,train,strong,player_win,-10.0,5,100.0,5,Expert,0.05,0.05,1,299,32,0.0,0.0,2,0,0
Full,5,149,train,strong,player_win,-10.0,5,100.0,5,Expert,0.05,0.05,1,301,32,0.0,0.0,2,0,0
Full,5,150,train,strong,player_win,-10.0,5,100.0,5,Expert,0.05,0.05,1,303,32,0.0,0.0,2,0,0
Full,5,151,train,strong,player_win,-10.0,5,100.0,5,Expert,0.05,0.05,1,305,32,0.0,0.0,2,0,0
Full,5,152,train,strong,player_win,-10.0,5,100.0,5,Expert,0.05,0.05,1,307,32,0.0,0.0,2,0,0
Full,5,153,train,strong,player_win,-10.0,5,100.0,5,Expert,0.05,0.05,1,309,32,0.0,0.0,2,0,0
Full,5,154,train,strong,player_win,-10.0,5,100.0,5,Expert,0.05,0.05,1,311,32,0.0,0.0,2,0,0
Full,5,155,train,strong,player_win,-10.0,5,100.0,5,Expert,0.05,0.05,1,313,32,0.0,0.0,2,0,0
Full,5,156,train,strong,player_win,-10.0,5,100.0,5,Expert,0.05,0.05,1,315,32,0.0,0.0,2,0,0
Full,5,157,train,strong,player_win,-10.0,5,100.0,5,Expert,0.05,0.05,1,317,32,0.0,0.0,2,0,0
Full,5,158,train,strong,player_win,-10.0,5,100.0,5,Expert,0.05,0.05,1,319,32,0.0,0.0,2,0,0
Full,5,159,train,strong,player_win,-10.0,5,100.0,5,Expert,0.05,0.05,1,321,32,0.0,0.0,2,0,0
Full,5,160,train,strong,player_win,-10.0,5,100.0,5,Expert,0.05,0.05,1,323,32,0.0,0.0,2,0,0
Full,5,161,train,strong,player_win,-10.0,5,100.0,5,Expert,0.05,0.05,1,325,32,0.0,0.0,2,0,0
Full,5,162,train,strong,player_win,-10.0,5,100.0,5,Expert,0.05,0.05,1,327,32,0.0,0.0,2,0,0
Full,5,163,train,strong,player_win,-10.0,5,100.0,5,Expert,0.05,0.05,1,329,32,0.0,0.0,2,0,0
Full,5,164,train,strong,player_win,-10.0,5,100.0,5,Expert,0.05,0.05,1,331,32,0.0,0.0,2,0,0
Full,5,165,train,strong,player_win,-10.0,5,100.0,5,Expert,0.05,0.05,1,333,32,0.0,0.0,2,0,0
Full,5,166,train,strong,player_win,-10.0,5,100.0,5,Expert,0.05,0.05,1,335,32,0.0,0.0,2,0,0
Full,5,167,train,strong,player_win,-10.0,5,100.0,5,Expert,0.05,0.05,1,337,32,0.0,0.0,2,0,0
Full,5,168,train,strong,player_win,-10.0,5,100.0,5,Expert,0.05,0.05,1,339,32,0.0,0.0,2,0,0
Full,5,169,train,strong,player_win,-10.0,5,100.0,5,Expert,0.05,0.05,1,341,32,0.0,0.0,2,0,0
Full,5,170,train,strong,player_win,-10.0,5,100.0,5,Expert,0.05,0.05,1,343,32,0.0,0.0,2,0,0
Full,5,171,train,strong,player_win,-10.0,5,100.0,5,Expert,0.05,0.05,1,345,32,0.0,0.0,2,0,0
Full,5,172,train,strong,player_win,-10.0,5,100.0,5,Expert,0.05,0.05,1,347,32,0.0,0.0,2,0,0
Full,5,173,train,strong,player_win,-10.0,5,100.0,5,Expert,0.05,0.05,1,349,32,0.0,0.0,2,0,0
Full,5,174,train,strong,player_win,-10.0,5,100.0,5,Expert,0.05,0.05,1,351,32,0.0,0.0,2,0,0
Full,5,175,train,strong,player_win,-10.0,5,100.0,5,Expert,0.05,0.05,1,353,32,0.0,0.0,2,0,0
Full,5,176,train,strong,player_win,-10.0,5,100.0,5,Expert,0.05,0.05,1,355,32,0.0,0.0,2,0,0
Full,5,177,train,strong,player_win,-10.0,5,100.0,5,Expert,0.05,0.05,1,357,32,0.0,0.0,2,0,0
Full,5,178,train,strong,player_win,-10.0,5,100.0,5,Expert,0.05,0.05,1,359,32,0.0,0.0,2,0,0
Full,5,179,train,strong,player_win,-10.0,5,100.0,5,Expert,0.05,0.05,1,361,32,0.0,0.0,2,0,0
Full,5,180,train,strong,player_win,-10.0,5,100.0,5,Expert,0.05,0.05,1,363,32,0.0,0.0,2,0,0
Full,5,181,train,strong,player_win,-10.0,5,100.0,5,Expert,0.05,0.05,1,365,32,0.0,0.0,2,0,0
Full,5,182,train,strong,player_win,-10.0,5,100.0,5,Expert,0.05,0.05,1,367,32,0.0,0.0,1,0,1
Full,5,183,train,strong,player_win,-10.0,5,100.0,5,Expert,0.05,0.05,1,369,32,0.0,0.0,2,0,0
Full,5,184,train,strong,player_win,-10.0,5,100.0,5,Expert,0.05,0.05,1,371,32,0.0,0.0,2,0,0
Full,5,185,train,strong,player_win,-10.0,5,100.0,5,Expert,0.05,0.05,1,373,32,0.0,0.0,2,0,0
Full,5,186,train,strong,player_win,-10.0,5,100.0,5,Expert,0.05,0.05,1,375,32,0.0,0.0,2,0,0
Full,5,187,train,strong,player_win,-10.0,5,100.0,5,Expert,0.05,0.05,1,377,32,0.0,0.0,2,0,0
Full,5,188,train,strong,player_win,-10.0,5,100.0,5,Expert,0.05,0.05,1,379,33,0.0,0.0,1,0,1
Full,5,189,train,strong,player_win,-10.0,5,100.0,5,Expert,0.05,0.05,1,381,33,0.0,0.0,2,0,0
Full,5,190,train,strong,player_win,-10.0,7,100.0,5,Expert,0.05,0.05,1,384,35,0.0,0.0,2,0,1
Full,5,191,train,strong,player_win,-10.0,5,100.0,5,Expert,0.05,0.05,1,386,35,0.0,0.0,2,0,0
Full,5,192,train,strong,player_win,-10.0,5,100.0,5,Expert,0.05,0.05,1,388,35,0.0,0.0,2,0,0
Full,5,193,train,strong,player_win,-10.0,5,100.0,5,Expert,0.05,0.05,1,390,35,0.0,0.0,2,0,0
Full,5,194,train,strong,player_win,-10.0,5,100.0,5,Expert,0.05,0.05,1,392,35,0.0,0.0,2,0,0
Full,5,195,train,strong,player_win,-10.0,5,100.0,5,Expert,0.05,0.05,1,394,35,0.0,0.0,2,0,0
Full,5,196,train,strong,player_win,-10.0,5,100.0,5,Expert,0.05,0.05,1,396,35,0.0,0.0,2,0,0
Full,5,197,train,strong,player_win,-10.0,5,100.0,5,Expert,0.05,0.05,1,398,35,0.0,0.0,2,0,0
Full,5,198,train,strong,player_win,-10.0,5,100.0,5,Expert,0.05,0.05,1,400,35,0.0,0.0,2,0,0
Full,5,199,train,strong,player_win,-10.0,5,100.0,5,Expert,0.05,0.05,1,402,35,0.0,0.0,2,0,0
Full,5,200,train,strong,player_win,-10.0,5,100.0,5,Expert,0.05,0.05,1,404,35,0.0,0.0,2,0,0
Full,5,201,train,strong,player_win,-10.0,5,100.0,5,Expert,0.05,0.05,1,406,35,0.0,0.0,2,0,0
Full,5,202,train,strong,player_win,-10.0,5,100.0,5,Expert,0.05,0.05,1,408,35,0.0,0.0,2,0,0
Full,5,203,train,strong,player_win,-10.0,5,100.0,5,Expert,0.05,0.05,1,410,35,0.0,0.0,2,0,0
Full,5,204,train,strong,player_win,-10.0,5,100.0,5,Expert,0.05,0.05,1,412,35,0.0,0.0,2,0,0
Full,5,205,train,strong,player_win,-10.0,5,100.0,5,Expert,0.05,0.05,1,414,35,0.0,0.0,2,0,0
Full,5,206,train,strong,player_win,-10.0,5,100.0,5,Expert,0.05,0.05,1,416,35,0.0,0.0,2,0,0
Full,5,207,train,strong,player_win,-10.0,5,100.0,5,Expert,0.05,0.05,1,418,35,0.0,0.0,2,0,0
Full,5,208,train,strong,player_win,-10.0,5,100.0,5,Expert,0.05,0.05,1,420,35,0.0,0.0,2,0,0
Full,5,209,train,strong,player_win,-10.0,5,100.0,5,Expert,0.05,0.05,1,422,35,0.0,0.0,2,0,0
Full,5,210,train,strong,player_win,-10.0,5,100.0,5,Expert,0.05,0.05,1,424,35,0.0,0.0,2,0,0
Full,5,211,train,strong,player_win,-10.0,5,100.0,5,Expert,0.05,0.05,1,426,35,0.0,0.0,2,0,0
Full,5,212,train,strong,player_win,-10.0,5,100.0,5,Expert,0.05,0.05,1,428,35,0.0,0.0,2,0,0
Full,5,213,train,strong,player_win,-10.0,5,100.0,5,Expert,0.05,0.05,1,430,35,0.0,0.0,2,0,0
Full,5,214,train,strong,player_win,-10.0,5,100.0,5,Expert,0.05,0.05,1,432,35,0.0,0.0,2,0,0
Full,5,215,train,strong,player_win,-10.0,5,100.0,5,Expert,0.05,0.05,1,434,35,0.0,0.0,2,0,0
Full,5,216,train,strong,player_win,-10.0,5,100.0,5,Expert,0.05,0.05,1,436,36,0.0,0.0,1,0,1
Full,5,217,train,strong,player_win,-10.0,5,100.0,5,Expert,0.05,0.05,1,438,36,0.0,0.0,2,0,0
Full,5,218,train,strong,player_win,-10.0,5,100.0,5,Expert,0.05,0.05,1,440,36,0.0,0.0,2,0,0
Full,5,219,train,strong,player_win,-10.0,5,100.0,5,Expert,0.05,0.05,1,442,36,0.0,0.0,2,0,0
Full,5,220,train,strong,player_win,-10.0,5,100.0,5,Expert,0.05,0.05,1,444,36,0.0,0.0,2,0,0
Full,5,221,train,strong,player_win,-10.0,5,100.0,5,Expert,0.05,0.05,1,446,36,0.0,0.0,2,0,0
Full,5,222,train,strong,player_win,-10.0,5,100.0,5,Expert,0.05,0.05,1,448,36,0.0,0.0,2,0,0
Full,5,223,train,strong,player_win,-10.0,5,100.0,5,Expert,0.05,0.05,1,450,36,0.0,0.0,2,0,0
Full,5,224,train,strong,player_win,-10.0,5,100.0,5,Expert,0.05,0.05,1,452,36,0.0,0.0,2,0,0
Full,5,225,train,strong,player_win,-10.0,5,100.0,5,Expert,0.05,0.05,1,454,36,0.0,0.0,2,0,0
Full,5,226,train,strong,player_win,-10.0,5,100.0,5,Expert,0.05,0.05,1,456,36,0.0,0.0,2,0,0
Full,5,227,train,strong,player_win,-10.0,5,100.0,5,Expert,0.05,0.05,1,458,36,0.0,0.0,2,0,0
Full,5,228,train,strong,player_win,-10.0,5,100.0,5,Expert,0.05,0.05,1,460,36,0.0,0.0,2,0,0
Full,5,229,train,strong,player_win,-10.0,5,100.0,5,Expert,0.05,0.05,1,462,36,0.0,0.0,2,0,0
Full,5,230,train,strong,player_win,-10.0,5,100.0,5,Expert,0.05,0.05,1,464,36,0.0,0.0,2,0,0
Full,5,231,train,strong,player_win,-10.0,5,100.0,5,Expert,0.05,0.05,1,466,36,0.0,0.0,2,0,0
Full,5,232,train,strong,player_win,-10.0,5,100.0,5,Expert,0.05,0.05,1,468,36,0.0,0.0,2,0,0
Full,5,233,train,strong,player_win,-10.0,5,100.0,5,Expert,0.05,0.05,1,470,36,0.0,0.0,2,0,0
Full,5,234,train,strong,player_win,-10.0,5,100.0,5,Expert,0.05,0.05,1,472,36,0.0,0.0,2,0,0
Full,5,235,train,strong,player_win,-10.0,5,100.0,5,Expert,0.05,0.05,1,474,36,0.0,0.0,2,0,0
Full,5,236,train,strong,player_win,-10.0,5,100.0,5,Expert,0.05,0.05,1,476,36,0.0,0.0,2,0,0
Full,5,237,train,strong,player_win,-10.0,5,100.0,5,Expert,0.05,0.05,1,478,36,0.0,0.0,2,0,0
Full,5,238,train,strong,player_win,-10.0,5,100.0,5,Expert,0.05,0.05,1,480,36,0.0,0.0,2,0,0
Full,5,239,train,strong,player_win,-10.0,5,100.0,5,Expert,0.05,0.05,1,482,36,0.0,0.0,2,0,0
Full,5,240,train,strong,player_win,-10.0,5,100.0,5,Expert,0.05,0.05,1,484,36,0.0,0.0,2,0,0
Full,5,241,train,strong,player_win,-10.0,5,100.0,5,Expert,0.05,0.05,1,486,36,0.0,0.0,2,0,0
Full,5,242,train,strong,player_win,-10.0,5,100.0,5,Expert,0.05,0.05,1,488,36,0.0,0.0,2,0,0
Full,5,243,train,strong,player_win,-10.0,5,100.0,5,Expert,0.05,0.05,1,490,36,0.0,0.0,2,0,0
Full,5,244,train,strong,player_win,-10.0,5,100.0,5,Expert,0.05,0.05,1,492,36,0.0,0.0,2,0,0
Full,5,245,train,strong,player_win,-10.0,5,100.0,5,Expert,0.05,0.05,1,494,36,0.0,0.0,2,0,0
Full,5,246,train,strong,player_win,-10.0,5,100.0,5,Expert,0.05,0.05,1,496,36,0.0,0.0,2,0,0
Full,5,247,train,strong,player_win,-10.0,5,100.0,5,Expert,0.05,0.05,1,498,36,0.0,0.0,2,0,0
Full,5,248,train,strong,player_win,-10.0,5,100.0,5,Expert,0.05,0.05,1,500,37,0.0,0.0,1,1,0
Full,5,249,train,strong,player_win,-10.0,5,100.0,5,Expert,0.05,0.05,1,502,37,0.0,0.0,2,0,0
Full,5,250,train,strong,player_win,-10.0,5,100.0,5,Expert,0.05,0.05,1,504,37,0.0,0.0,2,0,0
Full,5,251,train,strong,player_win,-10.0,5,100.0,5,Expert,0.05,0.05,1,506,37,0.0,0.0,2,0,0
Full,5,252,train,strong,player_win,-10.0,7,100.0,5,Expert,0.05,0.05,1,509,39,0.0,0.0,2,0,1
Full,5,253,train,strong,player_win,-10.0,5,100.0,5,Expert,0.05,0.05,1,511,39,0.0,0.0,2,0,0
Full,5,254,train,strong,player_win,-10.0,5,100.0,5,Expert,0.05,0.05,1,513,39,0.0,0.0,2,0,0
Full,5,255,train,strong,player_win,-10.0,5,100.0,5,Expert,0.05,0.05,1,515,39,0.0,0.0,2,0,0
Full,5,256,train,strong,player_win,-10.0,5,100.0,5,Expert,0.05,0.05,1,517,39,0.0,0.0,2,0,0
Full,5,257,train,strong,player_win,-10.0,5,100.0,5,Expert,0.05,0.05,1,519,39,0.0,0.0,2,0,0
Full,5,258,train,strong,player_win,-10.0,5,100.0,5,Expert,0.05,0.05,1,521,39,0.0,0.0,2,0,0
Full,5,259,train,strong,player_win,-10.0,5,100.0,5,Expert,0.05,0.05,1,523,39,0.0,0.0,2,0,0
Full,5,260,train,strong,player_win,-10.0,5,100.0,5,Expert,0.05,0.05,1,525,39,0.0,0.0,2,0,0
Full,5,261,train,strong,player_win,-10.0,5,100.0,5,Expert,0.05,0.05,1,527,39,0.0,0.0,2,0,0
Full,5,262,train,strong,player_win,-10.0,5,100.0,5,Expert,0.05,0.05,1,529,39,0.0,0.0,2,0,0
Full,5,263,train,strong,player_win,-10.0,5,100.0,5,Expert,0.05,0.05,1,531,39,0.0,0.0,2,0,0
Full,5,264,train,strong,player_win,-10.0,5,100.0,5,Expert,0.05,0.05,1,533,39,0.0,0.0,2,0,0
Full,5,265,train,strong,player_win,-10.0,5,100.0,5,Expert,0.05,0.05,1,535,39,0.0,0.0,2,0,0
Full,5,266,train,strong,player_win,-10.0,5,100.0,5,Expert,0.05,0.05,1,537,39,0.0,0.0,2,0,0
Full,5,267,train,strong,player_win,-10.0,5,100.0,5,Expert,0.05,0.05,1,539,39,0.0,0.0,2,0,0
Full,5,268,train,strong,player_win,-10.0,5,100.0,5,Expert,0.05,0.05,1,541,39,0.0,0.0,2,0,0
Full,5,269,train,strong,player_win,-10.0,5,100.0,5,Expert,0.05,0.05,1,543,39,0.0,0.0,2,0,0
Full,5,270,train,strong,player_win,-10.0,5,100.0,5,Expert,0.05,0.05,1,545,39,0.0,0.0,2,0,0
Full,5,271,train,strong,player_win,-10.0,5,100.0,5,Expert,0.05,0.05,1,547,39,0.0,0.0,2,0,0
Full,5,272,train,strong,player_win,-10.0,5,100.0,5,Expert,0.05,0.05,1,549,39,0.0,0.0,2,0,0
Full,5,273,train,strong,player_win,-10.0,5,100.0,5,Expert,0.05,0.05,1,551,39,0.0,0.0,2,0,0
Full,5,274,train,strong,player_win,-10.0,5,100.0,5,Expert,0.05,0.05,1,553,39,0.0,0.0,2,0,0
Full,5,275,train,strong,player_win,-10.0,5,100.0,5,Expert,0.05,0.05,1,555,40,0.0,0.0,1,0,1
Full,5,276,train,strong,player_win,-10.0,5,100.0,5,Expert,0.05,0.05,1,557,40,0.0,0.0,2,0,0
Full,5,277,train,strong,player_win,-10.0,5,100.0,5,Expert,0.05,0.05,1,559,40,0.0,0.0,2,0,0
Full,5,278,train,strong,player_win,-10.0,5,100.0,5,Expert,0.05,0.05,1,561,40,0.0,0.0,2,0,0
Full,5,279,train,strong,player_win,-10.0,5,100.0,5,Expert,0.05,0.05,1,563,40,0.0,0.0,2,0,0
Full,5,280,train,strong,player_win,-10.0,5,100.0,5,Expert,0.05,0.05,1,565,40,0.0,0.0,2,0,0
Full,5,281,train,strong,player_win,-10.0,5,100.0,5,Expert,0.05,0.05,1,567,40,0.0,0.0,2,0,0
Full,5,282,train,strong,player_win,-10.0,5,100.0,5,Expert,0.05,0.05,1,569,40,0.0,0.0,2,0,0
Full,5,283,train,strong,player_win,-10.0,5,100.0,5,Expert,0.05,0.05,1,571,40,0.0,0.0,2,0,0
Full,5,284,train,strong,player_win,-10.0,5,100.0,5,Expert,0.05,0.05,1,573,40,0.0,0.0,2,0,0
Full,5,285,train,strong,player_win,-10.0,5,100.0,5,Expert,0.05,0.05,1,575,40,0.0,0.0,2,0,0
Full,5,286,train,strong,player_win,-10.0,5,100.0,5,Expert,0.05,0.05,1,577,40,0.0,0.0,2,0,0
Full,5,287,train,strong,player_win,-10.0,5,100.0,5,Expert,0.05,0.05,1,579,40,0.0,0.0,2,0,0
Full,5,288,train,strong,player_win,-10.0,5,100.0,5,Expert,0.05,0.05,1,581,40,0.0,0.0,2,0,0
Full,5,289,train,strong,player_win,-10.0,5,100.0,5,Expert,0.05,0.05,1,583,40,0.0,0.0,2,0,0
Full,5,290,train,strong,player_win,-10.0,5,100.0,5,Expert,0.05,0.05,1,585,40,0.0,0.0,2,0,0
Full,5,291,train,strong,player_win,-10.0,5,100.0,5,Expert,0.05,0.05,1,587,40,0.0,0.0,2,0,0
Full,5,292,train,strong,player_win,-10.0,5,100.0,5,Expert,0.05,0.05,1,589,40,0.0,0.0,2,0,0
Full,5,293,train,strong,player_win,-10.0,5,100.0,5,Expert,0.05,0.05,1,591,40,0.0,0.0,2,0,0
Full,5,294,train,strong,player_win,-10.0,5,100.0,5,Expert,0.05,0.05,1,593,40,0.0,0.0,2,0,0
Full,5,295,train,strong,player_win,-10.0,5,100.0,5,Expert,0.05,0.05,1,595,40,0.0,0.0,2,0,0
Full,5,296,train,strong,player_win,-10.0,5,100.0,5,Expert,0.05,0.05,1,597,40,0.0,0.0,2,0,0
Full,5,297,train,strong,player_win,-10.0,5,100.0,5,Expert,0.05,0.05,1,599,40,0.0,0.0,2,0,0
Full,5,298,train,strong,player_win,-10.0,5,100.0,5,Expert,0.05,0.05,1,601,40,0.0,0.0,2,0,0
Full,5,299,train,strong,player_win,-10.0,5,100.0,5,Expert,0.05,0.05,1,603,40,0.0,0.0,2,0,0
Full,5,300,train,strong,player_win,-10.0,5,100.0,5,Expert,0.05,0.05,1,605,40,0.0,0.0,2,0,0
Full,5,301,train,strong,player_win,-10.0,5,100.0,5,Expert,0.05,0.05,1,607,40,0.0,0.0,2,0,0
Full,5,302,train,strong,player_win,-10.0,5,100.0,5,Expert,0.05,0.05,1,609,40,0.0,0.0,2,0,0
Full,5,303,train,strong,player_win,-10.0,5,100.0,5,Expert,0.05,0.05,1,611,40,0.0,0.0,2,0,0
Full,5,304,train,strong,player_win,-10.0,5,100.0,5,Expert,0.05,0.05,1,613,40,0.0,0.0,2,0,0
Full,5,305,train,strong,player_win,-10.0,5,100.0,5,Expert,0.05,0.05,1,615,41,0.0,0.0,1,0,1
Full,5,306,train,strong,player_win,-10.0,5,100.0,5,Expert,0.05,0.05,1,617,42,0.0,0.0,1,0,1
Full,5,307,train,strong,player_win,-10.0,5,100.0,5,Expert,0.05,0.05,1,619,42,0.0,0.0,2,0,0
Full,5,308,train,strong,player_win,-10.0,5,100.0,5,Expert,0.05,0.05,1,621,42,0.0,0.0,2,0,0
Full,5,309,train,strong,player_win,-10.0,5,100.0,5,Expert,0.05,0.05,1,623,42,0.0,0.0,2,0,0
Full,5,310,train,strong,player_win,-10.0,5,100.0,5,Expert,0.05,0.05,1,625,42,0.0,0.0,2,0,0
Full,5,311,train,strong,player_win,-10.0,5,100.0,5,Expert,0.05,0.05,1,627,42,0.0,0.0,2,0,0
Full,5,312,train,strong,player_win,-10.0,5,100.0,5,Expert,0.05,0.05,1,629,42,0.0,0.0,2,0,0
Full,5,313,train,strong,player_win,-10.0,5,100.0,5,Expert,0.05,0.05,1,631,42,0.0,0.0,2,0,0
Full,5,314,train,strong,player_win,-10.0,5,100.0,5,Expert,0.05,0.05,1,633,42,0.0,0.0,2,0,0
Full,5,315,train,strong,player_win,-10.0,5,100.0,5,Expert,0.05,0.05,1,635,42,0.0,0.0,2,0,0
Full,5,316,train,strong,player_win,-10.0,5,100.0,5,Expert,0.05,0.05,1,637,42,0.0,0.0,2,0,0
Full,5,317,train,strong,player_win,-10.0,5,100.0,5,Expert,0.05,0.05,1,639,42,0.0,0.0,2,0,0
Full,5,318,train,strong,player_win,-10.0,5,100.0,5,Expert,0.05,0.05,1,641,42,0.0,0.0,2,0,0
Full,5,319,train,strong,player_win,-10.0,5,100.0,5,Expert,0.05,0.05,1,643,42,0.0,0.0,2,0,0
Full,5,320,train,strong,player_win,-10.0,5,100.0,5,Expert,0.05,0.05,1,645,42,0.0,0.0,2,0,0
Full,5,321,train,strong,player_win,-10.0,5,100.0,5,Expert,0.05,0.05,1,647,42,0.0,0.0,2,0,0
Full,5,322,train,strong,player_win,-10.0,5,100.0,5,Expert,0.05,0.05,1,649,43,0.0,0.0,1,0,1
Full,5,323,train,strong,player_win,-10.0,5,100.0,5,Expert,0.05,0.05,1,651,43,0.0,0.0,2,0,0
Full,5,324,train,strong,player_win,-10.0,5,100.0,5,Expert,0.05,0.05,1,653,43,0.0,0.0,2,0,0
Full,5,325,train,strong,player_win,-10.0,5,100.0,5,Expert,0.05,0.05,1,655,43,0.0,0.0,2,0,0
Full,5,326,train,strong,player_win,-10.0,5,100.0,5,Expert,0.05,0.05,1,657,43,0.0,0.0,2,0,0
Full,5,327,train,strong,player_win,-10.0,5,100.0,5,Expert,0.05,0.05,1,659,43,0.0,0.0,2,0,0
Full,5,328,train,strong,player_win,-10.0,5,100.0,5,Expert,0.05,0.05,1,661,43,0.0,0.0,2,0,0
Full,5,329,train,strong,player_win,-10.0,5,100.0,5,Expert,0.05,0.05,1,663,43,0.0,0.0,2,0,0
Full,5,330,train,strong,player_win,-10.0,5,100.0,5,Expert,0.05,0.05,1,665,43,0.0,0.0,2,0,0
Full,5,331,train,strong,player_win,-10.0,7,100.0,5,Expert,0.05,0.05,1,668,44,0.0,0.0,2,0,1
Full,5,332,train,strong,player_win,-10.0,5,100.0,5,Expert,0.05,0.05,1,670,44,0.0,0.0,2,0,0
Full,5,333,train,strong,player_win,-10.0,5,100.0,5,Expert,0.05,0.05,1,672,44,0.0,0.0,2,0,0
Full,5,334,train,strong,player_win,-10.0,5,100.0,5,Expert,0.05,0.05,1,674,44,0.0,0.0,2,0,0
Full,5,335,train,strong,player_win,-10.0,5,100.0,5,Expert,0.05,0.05,1,676,44,0.0,0.0,2,0,0
Full,5,336,train,strong,player_win,-10.0,5,100.0,5,Expert,0.05,0.05,1,678,44,0.0,0.0,2,0,0
Full,5,337,train,strong,player_win,-10.0,5,100.0,5,Expert,0.05,0.05,1,680,44,0.0,0.0,2,0,0
Full,5,338,train,strong,player_win,-10.0,5,100.0,5,Expert,0.05,0.05,1,682,44,0.0,0.0,2,0,0
Full,5,339,train,strong,player_win,-10.0,5,100.0,5,Expert,0.05,0.05,1,684,44,0.0,0.0,1,0,1
Full,5,340,train,strong,player_win,-10.0,5,100.0,5,Expert,0.05,0.05,1,686,44,0.0,0.0,2,0,0
Full,5,341,train,strong,player_win,-10.0,7,100.0,5,Expert,0.05,0.05,1,689,44,0.0,0.0,2,0,1
Full,5,342,train,strong,player_win,-10.0,5,100.0,5,Expert,0.05,0.05,1,691,44,0.0,0.0,2,0,0
Full,5,343,train,strong,player_win,-10.0,5,100.0,5,Expert,0.05,0.05,1,693,44,0.0,0.0,2,0,0
Full,5,344,train,strong,player_win,-10.0,5,100.0,5,Expert,0.05,0.05,1,695,44,0.0,0.0,2,0,0
Full,5,345,train,strong,player_win,-10.0,5,100.0,5,Expert,0.05,0.05,1,697,44,0.0,0.0,2,0,0
Full,5,346,train,strong,player_win,-10.0,5,100.0,5,Expert,0.05,0.05,1,699,44,0.0,0.0,2,0,0
Full,5,347,train,strong,player_win,-10.0,5,100.0,5,Expert,0.05,0.05,1,701,44,0.0,0.0,2,0,0
Full,5,348,train,strong,player_win,-10.0,5,100.0,5,Expert,0.05,0.05,1,703,44,0.0,0.0,2,0,0
Full,5,349,train,strong,player_win,-10.0,5,100.0,5,Expert,0.05,0.05,1,705,44,0.0,0.0,2,0,0
Full,5,350,train,strong,player_win,-10.0,5,100.0,5,Expert,0.05,0.05,1,707,44,0.0,0.0,2,0,0
Full,5,351,train,strong,player_win,-10.0,5,100.0,5,Expert,0.05,0.05,1,709,44,0.0,0.0,2,0,0
Full,5,352,train,strong,player_win,-10.0,5,100.0,5,Expert,0.05,0.05,1,711,44,0.0,0.0,2,0,0
Full,5,353,train,strong,player_win,-10.0,5,100.0,5,Expert,0.05,0.05,1,713,44,0.0,0.0,2,0,0
Full,5,354,train,strong,player_win,-10.0,5,100.0,5,Expert,0.05,0.05,1,715,44,0.0,0.0,2,0,0
Full,5,355,train,strong,player_win,-10.0,5,100.0,5,Expert,0.05,0.05,1,717,44,0.0,0.0,2,0,0
Full,5,356,train,strong,player_win,-10.0,5,100.0,5,Expert,0.05,0.05,1,719,44,0.0,0.0,2,0,0
Full,5,357,train,strong,player_win,-10.0,5,100.0,5,Expert,0.05,0.05,1,721,44,0.0,0.0,2,0,0
Full,5,358,train,strong,player_win,-10.0,5,100.0,5,Expert,0.05,0.05,1,723,44,0.0,0.0,2,0,0
Full,5,359,train,strong,player_win,-10.0,5,100.0,5,Expert,0.05,0.05,1,725,44,0.0,0.0,2,0,0
Full,5,360,train,strong,player_win,-10.0,5,100.0,5,Expert,0.05,0.05,1,727,44,0.0,0.0,2,0,0
Full,5,361,train,strong,player_win,-10.0,5,100.0,5,Expert,0.05,0.05,1,729,44,0.0,0.0,2,0,0
Full,5,362,train,strong,player_win,-10.0,5,100.0,5,Expert,0.05,0.05,1,731,44,0.0,0.0,2,0,0
Full,5,363,train,strong,player_win,-10.0,5,100.0,5,Expert,0.05,0.05,1,733,44,0.0,0.0,2,0,0
Full,5,364,train,strong,player_win,-10.0,5,100.0,5,Expert,0.05,0.05,1,735,44,0.0,0.0,2,0,0
Full,5,365,train,strong,player_win,-10.0,5,100.0,5,Expert,0.05,0.05,1,737,44,0.0,0.0,2,0,0
Full,5,366,train,strong,player_win,-10.0,5,100.0,5,Expert,0.05,0.05,1,739,44,0.0,0.0,1,0,1
Full,5,367,train,strong,player_win,-10.0,5,100.0,5,Expert,0.05,0.05,1,741,44,0.0,0.0,2,0,0
Full,5,368,train,strong,player_win,-10.0,5,100.0,5,Expert,0.05,0.05,1,743,44,0.0,0.0,2,0,0
Full,5,369,train,strong,player_win,-10.0,5,100.0,5,Expert,0.05,0.05,1,745,44,0.0,0.0,2,0,0
Full,5,370,train,strong,player_win,-10.0,5,100.0,5,Expert,0.05,0.05,1,747,44,0.0,0.0,2,0,0
Full,5,371,train,strong,player_win,-10.0,5,100.0,5,Expert,0.05,0.05,1,749,44,0.0,0.0,1,0,1
Full,5,372,train,strong,player_win,-10.0,5,100.0,5,Expert,0.05,0.05,1,751,44,0.0,0.0,2,0,0
Full,5,373,train,strong,player_win,-10.0,5,100.0,5,Expert,0.05,0.05,1,753,45,0.0,0.0,1,0,1
Full,5,374,train,strong,player_win,-10.0,5,100.0,5,Expert,0.05,0.05,1,755,45,0.0,0.0,2,0,0
Full,5,375,train,strong,player_win,-10.0,5,100.0,5,Expert,0.05,0.05,1,757,45,0.0,0.0,2,0,0
Full,5,376,train,strong,player_win,-10.0,7,100.0,5,Expert,0.05,0.05,1,760,45,0.0,0.0,2,0,1
Full,5,377,train,strong,player_win,-10.0,5,100.0,5,Expert,0.05,0.05,1,762,45,0.0,0.0,2,0,0
Full,5,378,train,strong,player_win,-10.0,5,100.0,5,Expert,0.05,0.05,1,764,45,0.0,0.0,2,0,0
Full,5,379,train,strong,player_win,-10.0,5,100.0,5,Expert,0.05,0.05,1,766,45,0.0,0.0,2,0,0
Full,5,380,train,strong,player_win,-10.0,5,100.0,5,Expert,0.05,0.05,1,768,45,0.0,0.0,2,0,0
Full,5,381,train,strong,player_win,-10.0,5,100.0,5,Expert,0.05,0.05,1,770,45,0.0,0.0,2,0,0
Full,5,382,train,strong,player_win,-10.0,5,100.0,5,Expert,0.05,0.05,1,772,45,0.0,0.0,2,0,0
Full,5,383,train,strong,player_win,-10.0,5,100.0,5,Expert,0.05,0.05,1,774,45,0.0,0.0,1,0,1
Full,5,384,train,strong,player_win,-10.0,5,100.0,5,Expert,0.05,0.05,1,776,45,0.0,0.0,2,0,0
Full,5,385,train,strong,player_win,-10.0,5,100.0,5,Expert,0.05,0.05,1,778,45,0.0,0.0,2,0,0
Full,5,386,train,strong,player_win,-10.0,5,100.0,5,Expert,0.05,0.05,1,780,45,0.0,0.0,2,0,0
Full,5,387,train,strong,player_win,-10.0,5,100.0,5,Expert,0.05,0.05,1,782,45,0.0,0.0,2,0,0
Full,5,388,train,strong,player_win,-10.0,5,100.0,5,Expert,0.05,0.05,1,784,45,0.0,0.0,2,0,0
Full,5,389,train,strong,player_win,-10.0,5,100.0,5,Expert,0.05,0.05,1,786,45,0.0,0.0,2,0,0
Full,5,390,train,strong,player_win,-10.0,5,100.0,5,Expert,0.05,0.05,1,788,45,0.0,0.0,2,0,0
Full,5,391,train,strong,player_win,-10.0,5,100.0,5,Expert,0.05,0.05,1,790,45,0.0,0.0,2,0,0
Full,5,392,train,strong,player_win,-10.0,5,100.0,5,Expert,0.05,0.05,1,792,45,0.0,0.0,2,0,0
Full,5,393,train,strong,player_win,-10.0,5,100.0,5,Expert,0.05,0.05,1,794,45,0.0,0.0,2,0,0
Full,5,394,train,strong,player_win,-10.0,5,100.0,5,Expert,0.05,0.05,1,796,45,0.0,0.0,2,0,0
Full,5,395,train,strong,player_win,-10.0,5,100.0,5,Expert,0.05,0.05,1,798,45,0.0,0.0,2,0,0
Full,5,396,train,strong,player_win,-10.0,5,100.0,5,Expert,0.05,0.05,1,800,45,0.0,0.0,1,0,1
Full,5,397,train,strong,player_win,-10.0,5,100.0,5,Expert,0.05,0.05,1,802,45,0.0,0.0,2,0,0
Full,5,398,train,strong,player_win,-10.0,5,100.0,5,Expert,0.05,0.05,1,804,45,0.0,0.0,2,0,0
Full,5,399,train,strong,player_win,-10.0,5,100.0,5,Expert,0.05,0.05,1,806,45,0.0,0.0,2,0,0
Full,5,400,train,strong,player_win,-10.0,5,100.0,5,Expert,0.05,0.05,1,808,45,0.0,0.0,2,0,0
Full,5,401,train,strong,player_win,-10.0,5,100.0,5,Expert,0.05,0.05,1,810,45,0.0,0.0,2,0,0
Full,5,402,train,strong,player_win,-10.0,5,100.0,5,Expert,0.05,0.05,1,812,45,0.0,0.0,2,0,0
Full,5,403,train,strong,player_win,-10.0,5,100.0,5,Expert,0.05,0.05,1,814,45,0.0,0.0,2,0,0
Full,5,404,train,strong,player_win,-10.0,5,100.0,5,Expert,0.05,0.05,1,816,45,0.0,0.0,2,0,0
Full,5,405,train,strong,player_win,-10.0,5,100.0,5,Expert,0.05,0.05,1,818,45,0.0,0.0,2,0,0
Full,5,406,train,strong,player_win,-10.0,5,100.0,5,Expert,0.05,0.05,1,820,45,0.0,0.0,2,0,0
Full,5,407,train,strong,player_win,-10.0,5,100.0,5,Expert,0.05,0.05,1,822,45,0.0,0.0,2,0,0
Full,5,408,train,strong,player_win,-10.0,5,100.0,5,Expert,0.05,0.05,1,824,45,0.0,0.0,2,0,0
Full,5,409,train,strong,player_win,-10.0,5,100.0,5,Expert,0.05,0.05,1,826,45,0.0,0.0,2,0,0
Full,5,410,train,strong,player_win,-10.0,5,100.0,5,Expert,0.05,0.05,1,828,45,0.0,0.0,2,0,0
Full,5,411,train,strong,player_win,-10.0,5,100.0,5,Expert,0.05,0.05,1,830,45,0.0,0.0,2,0,0
Full,5,412,train,strong,player_win,-10.0,5,100.0,5,Expert,0.05,0.05,1,832,45,0.0,0.0,2,0,0
Full,5,413,train,strong,player_win,-10.0,5,100.0,5,Expert,0.05,0.05,1,834,45,0.0,0.0,2,0,0
Full,5,414,train,strong,player_win,-10.0,5,100.0,5,Expert,0.05,0.05,1,836,45,0.0,0.0,2,0,0
Full,5,415,train,strong,player_win,-10.0,5,100.0,5,Expert,0.05,0.05,1,838,45,0.0,0.0,2,0,0
Full,5,416,train,strong,player_win,-10.0,5,100.0,5,Expert,0.05,0.05,1,840,45,0.0,0.0,2,0,0
Full,5,417,train,strong,player_win,-10.0,5,100.0,5,Expert,0.05,0.05,1,842,45,0.0,0.0,2,0,0
Full,5,418,train,strong,player_win,-10.0,5,100.0,5,Expert,0.05,0.05,1,844,45,0.0,0.0,2,0,0
Full,5,419,train,strong,player_win,-10.0,5,100.0,5,Expert,0.05,0.05,1,846,45,0.0,0.0,2,0,0
Full,5,420,train,strong,player_win,-10.0,5,100.0,5,Expert,0.05,0.05,1,848,45,0.0,0.0,2,0,0
Full,5,421,train,strong,player_win,-10.0,5,100.0,5,Expert,0.05,0.05,1,850,45,0.0,0.0,2,0,0
Full,5,422,train,strong,player_win,-10.0,5,100.0,5,Expert,0.05,0.05,1,852,45,0.0,0.0,2,0,0
Full,5,423,train,strong,player_win,-10.0,5,100.0,5,Expert,0.05,0.05,1,854,45,0.0,0.0,2,0,0
Full,5,424,train,strong,player_win,-10.0,5,100.0,5,Expert,0.05,0.05,1,856,45,0.0,0.0,2,0,0
Full,5,425,train,strong,player_win,-10.0,5,100.0,5,Expert,0.05,0.05,1,858,45,0.0,0.0,2,0,0
Full,5,426,train,strong,player_win,-10.0,7,100.0,5,Expert,0.05,0.05,1,861,47,0.0,0.0,2,0,1
Full,5,427,train,strong,player_win,-10.0,5,100.0,5,Expert,0.05,0.05,1,863,47,0.0,0.0,2,0,0
Full,5,428,train,strong,player_win,-10.0,5,100.0,5,Expert,0.05,0.05,1,865,47,0.0,0.0,2,0,0
Full,5,429,train,strong,player_win,-10.0,5,100.0,5,Expert,0.05,0.05,1,867,47,0.0,0.0,2,0,0
Full,5,430,train,strong,player_win,-10.0,5,100.0,5,Expert,0.05,0.05,1,869,47,0.0,0.0,2,0,0
Full,5,431,train,strong,player_win,-10.0,5,100.0,5,Expert,0.05,0.05,1,871,47,0.0,0.0,2,0,0
Full,5,432,train,strong,player_win,-10.0,5,100.0,5,Expert,0.05,0.05,1,873,47,0.0,0.0,2,0,0
Full,5,433,train,strong,player_win,-10.0,5,100.0,5,Expert,0.05,0.05,1,875,47,0.0,0.0,2,0,0
Full,5,434,train,strong,player_win,-10.0,5,100.0,5,Expert,0.05,0.05,1,877,47,0.0,0.0,2,0,0
Full,5,435,train,strong,player_win,-10.0,5,100.0,5,Expert,0.05,0.05,1,879,47,0.0,0.0,2,0,0
Full,5,436,train,strong,player_win,-10.0,5,100.0,5,Expert,0.05,0.05,1,881,47,0.0,0.0,2,0,0
Full,5,437,train,strong,player_win,-10.0,5,100.0,5,Expert,0.05,0.05,1,883,48,0.0,0.0,1,0,1
Full,5,438,train,strong,player_win,-10.0,5,100.0,5,Expert,0.05,0.05,1,885,48,0.0,0.0,2,0,0
Full,5,439,train,strong,player_win,-10.0,5,100.0,5,Expert,0.05,0.05,1,887,48,0.0,0.0,2,0,0
Full,5,440,train,strong,player_win,-10.0,5,100.0,5,Expert,0.05,0.05,1,889,48,0.0,0.0,2,0,0
Full,5,441,train,strong,player_win,-10.0,5,100.0,5,Expert,0.05,0.05,1,891,48,0.0,0.0,2,0,0
Full,5,442,train,strong,player_win,-10.0,5,100.0,5,Expert,0.05,0.05,1,893,48,0.0,0.0,2,0,0
Full,5,443,train,strong,player_win,-10.0,5,100.0,5,Expert,0.05,0.05,1,895,48,0.0,0.0,2,0,0
Full,5,444,train,strong,player_win,-10.0,5,100.0,5,Expert,0.05,0.05,1,897,48,0.0,0.0,2,0,0
Full,5,445,train,strong,player_win,-10.0,5,100.0,5,Expert,0.05,0.05,1,899,48,0.0,0.0,2,0,0
Full,5,446,train,strong,player_win,-10.0,5,100.0,5,Expert,0.05,0.05,1,901,48,0.0,0.0,2,0,0
Full,5,447,train,strong,player_win,-10.0,5,100.0,5,Expert,0.05,0.05,1,903,48,0.0,0.0,2,0,0
Full,5,448,train,strong,player_win,-10.0,5,100.0,5,Expert,0.05,0.05,1,905,48,0.0,0.0,2,0,0
Full,5,449,train,strong,player_win,-10.0,5,100.0,5,Expert,0.05,0.05,1,907,48,0.0,0.0,2,0,0
Full,5,450,train,strong,player_win,-10.0,5,100.0,5,Expert,0.05,0.05,1,909,48,0.0,0.0,1,0,1
Full,5,451,train,strong,player_win,-10.0,5,100.0,5,Expert,0.05,0.05,1,911,48,0.0,0.0,2,0,0
Full,5,452,train,strong,player_win,-10.0,5,100.0,5,Expert,0.05,0.05,1,913,48,0.0,0.0,2,0,0
Full,5,453,train,strong,player_win,-10.0,5,100.0,5,Expert,0.05,0.05,1,915,48,0.0,0.0,2,0,0
Full,5,454,train,strong,player_win,-10.0,5,100.0,5,Expert,0.05,0.05,1,917,48,0.0,0.0,2,0,0
Full,5,455,train,strong,player_win,-10.0,5,100.0,5,Expert,0.05,0.05,1,919,48,0.0,0.0,2,0,0
Full,5,456,train,strong,player_win,-10.0,5,100.0,5,Expert,0.05,0.05,1,921,48,0.0,0.0,2,0,0
Full,5,457,train,strong,player_win,-10.0,5,100.0,5,Expert,0.05,0.05,1,923,48,0.0,0.0,2,0,0
Full,5,458,train,strong,player_win,-10.0,5,100.0,5,Expert,0.05,0.05,1,925,48,0.0,0.0,2,0,0
Full,5,459,train,strong,player_win,-10.0,5,100.0,5,Expert,0.05,0.05,1,927,48,0.0,0.0,2,0,0
Full,5,460,train,strong,player_win,-10.0,5,100.0,5,Expert,0.05,0.05,1,929,48,0.0,0.0,2,0,0
Full,5,461,train,strong,player_win,-10.0,5,100.0,5,Expert,0.05,0.05,1,931,48,0.0,0.0,2,0,0
Full,5,462,train,strong,player_win,-10.0,5,100.0,5,Expert,0.05,0.05,1,933,48,0.0,0.0,2,0,0
Full,5,463,train,strong,player_win,-10.0,5,100.0,5,Expert,0.05,0.05,1,935,48,0.0,0.0,2,0,0
Full,5,464,train,strong,player_win,-10.0,5,100.0,5,Expert,0.05,0.05,1,937,48,0.0,0.0,2,0,0
Full,5,465,train,strong,player_win,-10.0,5,100.0,5,Expert,0.05,0.05,1,939,48,0.0,0.0,2,0,0
Full,5,466,train,strong,player_win,-10.0,5,100.0,5,Expert,0.05,0.05,1,941,48,0.0,0.0,2,0,0
Full,5,467,train,strong,player_win,-10.0,5,100.0,5,Expert,0.05,0.05,1,943,48,0.0,0.0,2,0,0
Full,5,468,train,strong,player_win,-10.0,5,100.0,5,Expert,0.05,0.05,1,945,48,0.0,0.0,2,0,0
Full,5,469,train,strong,player_win,-10.0,5,100.0,5,Expert,0.05,0.05,1,947,48,0.0,0.0,2,0,0
Full,5,470,train,strong,player_win,-10.0,5,100.0,5,Expert,0.05,0.05,1,949,48,0.0,0.0,2,0,0
Full,5,471,train,strong,player_win,-10.0,5,100.0,5,Expert,0.05,0.05,1,951,48,0.0,0.0,2,0,0
Full,5,472,train,strong,player_win,-10.0,5,100.0,5,Expert,0.05,0.05,1,953,48,0.0,0.0,2,0,0
Full,5,473,train,strong,player_win,-10.0,5,100.0,5,Expert,0.05,0.05,1,955,48,0.0,0.0,2,0,0
Full,5,474,train,strong,player_win,-10.0,5,100.0,5,Expert,0.05,0.05,1,957,48,0.0,0.0,2,0,0
Full,5,475,train,strong,player_win,-10.0,5,100.0,5,Expert,0.05,0.05,1,959,48,0.0,0.0,2,0,0
Full,5,476,train,strong,player_win,-10.0,5,100.0,5,Expert,0.05,0.05,1,961,48,0.0,0.0,1,1,0
Full,5,477,train,strong,player_win,-10.0,5,100.0,5,Expert,0.05,0.05,1,963,48,0.0,0.0,2,0,0
Full,5,478,train,strong,player_win,-10.0,5,100.0,5,Expert,0.05,0.05,1,965,48,0.0,0.0,2,0,0
Full,5,479,train,strong,player_win,-10.0,5,100.0,5,Expert,0.05,0.05,1,967,48,0.0,0.0,2,0,0
Full,5,480,train,strong,player_win,-10.0,5,100.0,5,Expert,0.05,0.05,1,969,48,0.0,0.0,2,0,0
Full,5,481,train,strong,player_win,-10.0,5,100.0,5,Expert,0.05,0.05,1,971,48,0.0,0.0,2,0,0
Full,5,482,train,strong,player_win,-10.0,5,100.0,5,Expert,0.05,0.05,1,973,48,0.0,0.0,2,0,0
Full,5,483,train,strong,player_win,-10.0,5,100.0,5,Expert,0.05,0.05,1,975,48,0.0,0.0,2,0,0
Full,5,484,train,strong,player_win,-10.0,5,100.0,5,Expert,0.05,0.05,1,977,48,0.0,0.0,2,0,0
Full,5,485,train,strong,player_win,-10.0,5,100.0,5,Expert,0.05,0.05,1,979,48,0.0,0.0,2,0,0
Full,5,486,train,strong,player_win,-10.0,5,100.0,5,Expert,0.05,0.05,1,981,48,0.0,0.0,2,0,0
Full,5,487,train,strong,player_win,-10.0,5,100.0,5,Expert,0.05,0.05,1,983,48,0.0,0.0,2,0,0
Full,5,488,train,strong,player_win,-10.0,5,100.0,5,Expert,0.05,0.05,1,985,48,0.0,0.0,2,0,0
Full,5,489,train,strong,player_win,-10.0,5,100.0,5,Expert,0.05,0.05,1,987,48,0.0,0.0,2,0,0
Full,5,490,train,strong,player_win,-10.0,5,100.0,5,Expert,0.05,0.05,1,989,48,0.0,0.0,2,0,0
Full,5,491,train,strong,player_win,-10.0,5,100.0,5,Expert,0.05,0.05,1,991,48,0.0,0.0,2,0,0
Full,5,492,train,strong,player_win,-10.0,5,100.0,5,Expert,0.05,0.05,1,993,48,0.0,0.0,2,0,0
Full,5,493,train,strong,player_win,-10.0,5,100.0,5,Expert,0.05,0.05,1,995,48,0.0,0.0,1,0,1
Full,5,494,train,strong,player_win,-10.0,5,100.0,5,Expert,0.05,0.05,1,997,48,0.0,0.0,2,0,0
Full,5,495,train,strong,player_win,-10.0,5,100.0,5,Expert,0.05,0.05,1,999,48,0.0,0.0,2,0,0
Full,5,496,train,strong,player_win,-10.0,5,100.0,5,Expert,0.05,0.05,1,1001,48,0.0,0.0,2,0,0
Full,5,497,train,strong,player_win,-10.0,5,100.0,5,Expert,0.05,0.05,1,1003,48,0.0,0.0,2,0,0
Full,5,498,train,strong,player_win,-10.0,5,100.0,5,Expert,0.05,0.05,1,1005,48,0.0,0.0,2,0,0
Full,5,499,train,strong,player_win,-10.0,5,100.0,5,Expert,0.05,0.05,1,1007,48,0.0,0.0,2,0,0
Full,5,500,train,strong,player_win,-10.0,5,100.0,5,Expert,0.05,0.05,1,1009,48,0.0,0.0,2,0,0
Full,5,501,train,strong,player_win,-10.0,7,100.0,5,Expert,0.05,0.05,1,1012,49,0.0,0.0,2,0,1
Full,5,502,train,strong,player_win,-10.0,5,100.0,5,Expert,0.05,0.05,1,1014,49,0.0,0.0,2,0,0
Full,5,503,train,strong,player_win,-10.0,5,100.0,5,Expert,0.05,0.05,1,1016,49,0.0,0.0,2,0,0
Full,5,504,train,strong,player_win,-10.0,5,100.0,5,Expert,0.05,0.05,1,1018,49,0.0,0.0,2,0,0
Full,5,505,train,strong,player_win,-10.0,5,100.0,5,Expert,0.05,0.05,1,1020,49,0.0,0.0,2,0,0
Full,5,506,train,strong,player_win,-10.0,5,100.0,5,Expert,0.05,0.05,1,1022,49,0.0,0.0,2,0,0
Full,5,507,train,strong,player_win,-10.0,5,100.0,5,Expert,0.05,0.05,1,1024,49,0.0,0.0,2,0,0
Full,5,508,train,strong,player_win,-10.0,5,100.0,5,Expert,0.05,0.05,1,1026,49,0.0,0.0,2,0,0
Full,5,509,train,strong,player_win,-10.0,5,100.0,5,Expert,0.05,0.05,1,1028,49,0.0,0.0,2,0,0
Full,5,510,train,strong,player_win,-10.0,5,100.0,5,Expert,0.05,0.05,1,1030,49,0.0,0.0,2,0,0
Full,5,511,train,strong,player_win,-10.0,5,100.0,5,Expert,0.05,0.05,1,1032,49,0.0,0.0,2,0,0
Full,5,512,train,strong,player_win,-10.0,5,100.0,5,Expert,0.05,0.05,1,1034,49,0.0,0.0,2,0,0
Full,5,513,train,strong,player_win,-10.0,5,100.0,5,Expert,0.05,0.05,1,1036,49,0.0,0.0,2,0,0
Full,5,514,train,strong,player_win,-10.0,5,100.0,5,Expert,0.05,0.05,1,1038,49,0.0,0.0,2,0,0
Full,5,515,train,strong,player_win,-10.0,5,100.0,5,Expert,0.05,0.05,1,1040,49,0.0,0.0,2,0,0
Full,5,516,train,strong,player_win,-10.0,5,100.0,5,Expert,0.05,0.05,1,1042,50,0.0,0.0,1,0,1
Full,5,517,train,strong,player_win,-10.0,5,100.0,5,Expert,0.05,0.05,1,1044,50,0.0,0.0,2,0,0
Full,5,518,train,strong,player_win,-10.0,5,100.0,5,Expert,0.05,0.05,1,1046,50,0.0,0.0,2,0,0
Full,5,519,train,strong,player_win,-10.0,5,100.0,5,Expert,0.05,0.05,1,1048,50,0.0,0.0,2,0,0
Full,5,520,train,strong,player_win,-10.0,5,100.0,5,Expert,0.05,0.05,1,1050,51,0.0,0.0,1,1,0
Full,5,521,train,strong,player_win,-10.0,5,100.0,5,Expert,0.05,0.05,1,1052,51,0.0,0.0,2,0,0
Full,5,522,train,strong,player_win,-10.0,5,100.0,5,Expert,0.05,0.05,1,1054,51,0.0,0.0,2,0,0
Full,5,523,train,strong,player_win,-10.0,5,100.0,5,Expert,0.05,0.05,1,1056,51,0.0,0.0,2,0,0
Full,5,524,train,strong,player_win,-10.0,5,100.0,5,Expert,0.05,0.05,1,1058,51,0.0,0.0,2,0,0
Full,5,525,train,strong,player_win,-10.0,5,100.0,5,Expert,0.05,0.05,1,1060,51,0.0,0.0,2,0,0
Full,5,526,train,strong,player_win,-10.0,5,100.0,5,Expert,0.05,0.05,1,1062,51,0.0,0.0,2,0,0
Full,5,527,train,strong,player_win,-10.0,5,100.0,5,Expert,0.05,0.05,1,1064,51,0.0,0.0,2,0,0
Full,5,528,train,strong,player_win,-10.0,5,100.0,5,Expert,0.05,0.05,1,1066,51,0.0,0.0,2,0,0
Full,5,529,train,strong,player_win,-10.0,5,100.0,5,Expert,0.05,0.05,1,1068,51,0.0,0.0,2,0,0
Full,5,530,train,strong,player_win,-10.0,5,100.0,5,Expert,0.05,0.05,1,1070,51,0.0,0.0,2,0,0
Full,5,531,train,strong,player_win,-10.0,5,100.0,5,Expert,0.05,0.05,1,1072,51,0.0,0.0,1,0,1
Full,5,532,train,strong,player_win,-10.0,5,100.0,5,Expert,0.05,0.05,1,1074,51,0.0,0.0,2,0,0
Full,5,533,train,strong,player_win,-10.0,5,100.0,5,Expert,0.05,0.05,1,1076,51,0.0,0.0,2,0,0
Full,5,534,train,strong,player_win,-10.0,5,100.0,5,Expert,0.05,0.05,1,1078,51,0.0,0.0,2,0,0
Full,5,535,train,strong,player_win,-10.0,5,100.0,5,Expert,0.05,0.05,1,1080,51,0.0,0.0,2,0,0
Full,5,536,train,strong,player_win,-10.0,5,100.0,5,Expert,0.05,0.05,1,1082,51,0.0,0.0,2,0,0
Full,5,537,train,strong,player_win,-10.0,5,100.0,5,Expert,0.05,0.05,1,1084,51,0.0,0.0,2,0,0
Full,5,538,train,strong,player_win,-10.0,5,100.0,5,Expert,0.05,0.05,1,1086,51,0.0,0.0,2,0,0
Full,5,539,train,strong,player_win,-10.0,5,100.0,5,Expert,0.05,0.05,1,1088,51,0.0,0.0,2,0,0
Full,5,540,train,strong,player_win,-10.0,5,100.0,5,Expert,0.05,0.05,1,1090,51,0.0,0.0,2,0,0
Full,5,541,train,strong,player_win,-10.0,5,100.0,5,Expert,0.05,0.05,1,1092,51,0.0,0.0,2,0,0
Full,5,542,train,strong,player_win,-10.0,5,100.0,5,Expert,0.05,0.05,1,1094,51,0.0,0.0,2,0,0
Full,5,543,train,strong,player_win,-10.0,5,100.0,5,Expert,0.05,0.05,1,1096,51,0.0,0.0,2,0,0
Full,5,544,train,strong,player_win,-10.0,5,100.0,5,Expert,0.05,0.05,1,1098,51,0.0,0.0,2,0,0
Full,5,545,train,strong,player_win,-10.0,5,100.0,5,Expert,0.05,0.05,1,1100,51,0.0,0.0,2,0,0
Full,5,546,train,strong,player_win,-10.0,5,100.0,5,Expert,0.05,0.05,1,1102,51,0.0,0.0,2,0,0
Full,5,547,train,strong,player_win,-10.0,5,100.0,5,Expert,0.05,0.05,1,1104,51,0.0,0.0,2,0,0
Full,5,548,train,strong,player_win,-10.0,5,100.0,5,Expert,0.05,0.05,1,1106,51,0.0,0.0,2,0,0
Full,5,549,train,strong,player_win,-10.0,5,100.0,5,Expert,0.05,0.05,1,1108,51,0.0,0.0,2,0,0
Full,5,550,train,strong,player_win,-10.0,5,100.0,5,Expert,0.05,0.05,1,1110,51,0.0,0.0,2,0,0
Full,5,551,train,strong,player_win,-10.0,5,100.0,5,Expert,0.05,0.05,1,1112,51,0.0,0.0,2,0,0
Full,5,552,train,strong,player_win,-10.0,5,100.0,5,Expert,0.05,0.05,1,1114,51,0.0,0.0,2,0,0
Full,5,553,train,strong,player_win,-10.0,5,100.0,5,Expert,0.05,0.05,1,1116,51,0.0,0.0,2,0,0
Full,5,554,train,strong,player_win,-10.0,5,100.0,5,Expert,0.05,0.05,1,1118,51,0.0,0.0,2,0,0
Full,5,555,train,strong,player_win,-10.0,5,100.0,5,Expert,0.05,0.05,1,1120,51,0.0,0.0,2,0,0
Full,5,556,train,strong,player_win,-10.0,5,100.0,5,Expert,0.05,0.05,1,1122,51,0.0,0.0,2,0,0
Full,5,557,train,strong,player_win,-10.0,5,100.0,5,Expert,0.05,0.05,1,1124,51,0.0,0.0,2,0,0
Full,5,558,train,strong,player_win,-10.0,5,100.0,5,Expert,0.05,0.05,1,1126,51,0.0,0.0,2,0,0
Full,5,559,train,strong,player_win,-10.0,5,100.0,5,Expert,0.05,0.05,1,1128,51,0.0,0.0,2,0,0
Full,5,560,train,strong,player_win,-10.0,5,100.0,5,Expert,0.05,0.05,1,1130,51,0.0,0.0,2,0,0
Full,5,561,train,strong,player_win,-10.0,5,100.0,5,Expert,0.05,0.05,1,1132,51,0.0,0.0,2,0,0
Full,5,562,train,strong,player_win,-10.0,5,100.0,5,Expert,0.05,0.05,1,1134,51,0.0,0.0,2,0,0
Full,5,563,train,strong,player_win,-10.0,5,100.0,5,Expert,0.05,0.05,1,1136,51,0.0,0.0,2,0,0
Full,5,564,train,strong,player_win,-10.0,5,100.0,5,Expert,0.05,0.05,1,1138,51,0.0,0.0,2,0,0
Full,5,565,train,strong,player_win,-10.0,5,100.0,5,Expert,0.05,0.05,1,1140,51,0.0,0.0,2,0,0
Full,5,566,train,strong,player_win,-10.0,5,100.0,5,Expert,0.05,0.05,1,1142,51,0.0,0.0,2,0,0
Full,5,567,train,strong,player_win,-10.0,5,100.0,5,Expert,0.05,0.05,1,1144,51,0.0,0.0,2,0,0
Full,5,568,train,strong,player_win,-10.0,5,100.0,5,Expert,0.05,0.05,1,1146,51,0.0,0.0,2,0,0
Full,5,569,train,strong,player_win,-10.0,5,100.0,5,Expert,0.05,0.05,1,1148,51,0.0,0.0,2,0,0
Full,5,570,train,strong,player_win,-10.0,5,100.0,5,Expert,0.05,0.05,1,1150,51,0.0,0.0,2,0,0
Full,5,571,train,strong,player_win,-10.0,5,100.0,5,Expert,0.05,0.05,1,1152,51,0.0,0.0,2,0,0
Full,5,572,train,strong,player_win,-10.0,5,100.0,5,Expert,0.05,0.05,1,1154,51,0.0,0.0,2,0,0
Full,5,573,train,strong,player_win,-10.0,5,100.0,5,Expert,0.05,0.05,1,1156,51,0.0,0.0,2,0,0
Full,5,574,train,strong,player_win,-10.0,5,100.0,5,Expert,0.05,0.05,1,1158,51,0.0,0.0,2,0,0
Full,5,575,train,strong,player_win,-10.0,5,100.0,5,Expert,0.05,0.05,1,1160,51,0.0,0.0,2,0,0
Full,5,576,train,strong,player_win,-10.0,5,100.0,5,Expert,0.05,0.05,1,1162,52,0.0,0.0,1,0,1
Full,5,577,train,strong,player_win,-10.0,5,100.0,5,Expert,0.05,0.05,1,1164,52,0.0,0.0,2,0,0
Full,5,578,train,strong,player_win,-10.0,5,100.0,5,Expert,0.05,0.05,1,1166,52,0.0,0.0,2,0,0
Full,5,579,train,strong,player_win,-10.0,5,100.0,5,Expert,0.05,0.05,1,1168,52,0.0,0.0,2,0,0
Full,5,580,train,strong,player_win,-10.0,5,100.0,5,Expert,0.05,0.05,1,1170,52,0.0,0.0,1,0,1
Full,5,581,train,strong,player_win,-10.0,5,100.0,5,Expert,0.05,0.05,1,1172,52,0.0,0.0,2,0,0
Full,5,582,train,strong,player_win,-10.0,5,100.0,5,Expert,0.05,0.05,1,1174,52,0.0,0.0,2,0,0
Full,5,583,train,strong,player_win,-10.0,5,100.0,5,Expert,0.05,0.05,1,1176,52,0.0,0.0,2,0,0
Full,5,584,train,strong,player_win,-10.0,7,100.0,5,Expert,0.05,0.05,1,1179,53,0.0,0.0,2,0,1
Full,5,585,train,strong,player_win,-10.0,5,100.0,5,Expert,0.05,0.05,1,1181,53,0.0,0.0,2,0,0
Full,5,586,train,strong,player_win,-10.0,5,100.0,5,Expert,0.05,0.05,1,1183,53,0.0,0.0,2,0,0
Full,5,587,train,strong,player_win,-10.0,5,100.0,5,Expert,0.05,0.05,1,1185,53,0.0,0.0,2,0,0
Full,5,588,train,strong,player_win,-10.0,5,100.0,5,Expert,0.05,0.05,1,1187,53,0.0,0.0,1,0,1
Full,5,589,train,strong,player_win,-10.0,5,100.0,5,Expert,0.05,0.05,1,1189,53,0.0,0.0,1,0,1
Full,5,590,train,strong,player_win,-10.0,5,100.0,5,Expert,0.05,0.05,1,1191,53,0.0,0.0,1,0,1
Full,5,591,train,strong,player_win,-10.0,5,100.0,5,Expert,0.05,0.05,1,1193,53,0.0,0.0,2,0,0
Full,5,592,train,strong,player_win,-10.0,5,100.0,5,Expert,0.05,0.05,1,1195,53,0.0,0.0,2,0,0
Full,5,593,train,strong,player_win,-10.0,5,100.0,5,Expert,0.05,0.05,1,1197,53,0.0,0.0,2,0,0
Full,5,594,train,strong,player_win,-10.0,7,100.0,5,Expert,0.05,0.05,1,1200,54,0.0,0.0,2,0,1
Full,5,595,train,strong,player_win,-10.0,5,100.0,5,Expert,0.05,0.05,1,1202,54,0.0,0.0,2,0,0
Full,5,596,train,strong,player_win,-10.0,5,100.0,5,Expert,0.05,0.05,1,1204,54,0.0,0.0,2,0,0
Full,5,597,train,strong,player_win,-10.0,5,100.0,5,Expert,0.05,0.05,1,1206,54,0.0,0.0,2,0,0
Full,5,598,train,strong,player_win,-10.0,5,100.0,5,Expert,0.05,0.05,1,1208,54,0.0,0.0,2,0,0
Full,5,599,train,strong,player_win,-10.0,5,100.0,5,Expert,0.05,0.05,1,1210,54,0.0,0.0,2,0,0
Full,5,600,train,strong,player_win,-10.0,5,100.0,5,Expert,0.05,0.05,1,1212,54,0.0,0.0,2,0,0
Full,5,601,train,strong,player_win,-10.0,5,100.0,5,Expert,0.05,0.05,1,1214,54,0.0,0.0,2,0,0
Full,5,602,train,strong,player_win,-10.0,5,100.0,5,Expert,0.05,0.05,1,1216,54,0.0,0.0,2,0,0
Full,5,603,train,strong,player_win,-10.0,5,100.0,5,Expert,0.05,0.05,1,1218,55,0.0,0.0,1,0,1
Full,5,604,train,strong,player_win,-10.0,5,100.0,5,Expert,0.05,0.05,1,1220,55,0.0,0.0,2,0,0
Full,5,605,train,strong,player_win,-10.0,5,100.0,5,Expert,0.05,0.05,1,1222,55,0.0,0.0,2,0,0
Full,5,606,train,strong,player_win,-10.0,5,100.0,5,Expert,0.05,0.05,1,1224,55,0.0,0.0,2,0,0
Full,5,607,train,strong,player_win,-10.0,5,100.0,5,Expert,0.05,0.05,1,1226,55,0.0,0.0,2,0,0
Full,5,608,train,strong,player_win,-10.0,5,100.0,5,Expert,0.05,0.05,1,1228,55,0.0,0.0,2,0,0
Full,5,609,train,strong,player_win,-10.0,5,100.0,5,Expert,0.05,0.05,1,1230,55,0.0,0.0,2,0,0
Full,5,610,train,strong,player_win,-10.0,5,100.0,5,Expert,0.05,0.05,1,1232,55,0.0,0.0,2,0,0
Full,5,611,train,strong,player_win,-10.0,5,100.0,5,Expert,0.05,0.05,1,1234,55,0.0,0.0,2,0,0
Full,5,612,train,strong,player_win,-10.0,5,100.0,5,Expert,0.05,0.05,1,1236,55,0.0,0.0,2,0,0
Full,5,613,train,strong,player_win,-10.0,5,100.0,5,Expert,0.05,0.05,1,1238,55,0.0,0.0,2,0,0
Full,5,614,train,strong,player_win,-10.0,5,100.0,5,Expert,0.05,0.05,1,1240,55,0.0,0.0,2,0,0
Full,5,615,train,strong,player_win,-10.0,5,100.0,5,Expert,0.05,0.05,1,1242,55,0.0,0.0,2,0,0
Full,5,616,train,strong,player_win,-10.0,5,100.0,5,Expert,0.05,0.05,1,1244,55,0.0,0.0,2,0,0
Full,5,617,train,strong,player_win,-10.0,5,100.0,5,Expert,0.05,0.05,1,1246,55,0.0,0.0,2,0,0
Full,5,618,train,strong,player_win,-10.0,5,100.0,5,Expert,0.05,0.05,1,1248,55,0.0,0.0,2,0,0
Full,5,619,train,strong,player_win,-10.0,5,100.0,5,Expert,0.05,0.05,1,1250,55,0.0,0.0,2,0,0
Full,5,620,train,strong,player_win,-10.0,5,100.0,5,Expert,0.05,0.05,1,1252,55,0.0,0.0,2,0,0
Full,5,621,train,strong,player_win,-10.0,5,100.0,5,Expert,0.05,0.05,1,1254,55,0.0,0.0,2,0,0
Full,5,622,train,strong,player_win,-10.0,5,100.0,5,Expert,0.05,0.05,1,1256,55,0.0,0.0,2,0,0
Full,5,623,train,strong,player_win,-10.0,5,100.0,5,Expert,0.05,0.05,1,1258,55,0.0,0.0,2,0,0
Full,5,624,train,strong,player_win,-10.0,5,100.0,5,Expert,0.05,0.05,1,1260,55,0.0,0.0,2,0,0
Full,5,625,train,strong,player_win,-10.0,5,100.0,5,Expert,0.05,0.05,1,1262,56,0.0,0.0,1,1,0
Full,5,626,train,strong,player_win,-10.0,5,100.0,5,Expert,0.05,0.05,1,1264,56,0.0,0.0,2,0,0
Full,5,627,train,strong,player_win,-10.0,5,100.0,5,Expert,0.05,0.05,1,1266,56,0.0,0.0,2,0,0
Full,5,628,train,strong,player_win,-10.0,5,100.0,5,Expert,0.05,0.05,1,1268,56,0.0,0.0,1,0,1
Full,5,629,train,strong,player_win,-10.0,5,100.0,5,Expert,0.05,0.05,1,1270,56,0.0,0.0,2,0,0
Full,5,630,train,strong,player_win,-10.0,5,100.0,5,Expert,0.05,0.05,1,1272,56,0.0,0.0,2,0,0
Full,5,631,train,strong,player_win,-10.0,5,100.0,5,Expert,0.05,0.05,1,1274,56,0.0,0.0,2,0,0
Full,5,632,train,strong,player_win,-10.0,5,100.0,5,Expert,0.05,0.05,1,1276,56,0.0,0.0,2,0,0
Full,5,633,train,strong,player_win,-10.0,5,100.0,5,Expert,0.05,0.05,1,1278,56,0.0,0.0,2,0,0
Full,5,634,train,strong,player_win,-10.0,5,100.0,5,Expert,0.05,0.05,1,1280,56,0.0,0.0,2,0,0
Full,5,635,train,strong,player_win,-10.0,5,100.0,5,Expert,0.05,0.05,1,1282,56,0.0,0.0,2,0,0
Full,5,636,train,strong,player_win,-10.0,5,100.0,5,Expert,0.05,0.05,1,1284,56,0.0,0.0,2,0,0
Full,5,637,train,strong,player_win,-10.0,5,100.0,5,Expert,0.05,0.05,1,1286,56,0.0,0.0,2,0,0
Full,5,638,train,strong,player_win,-10.0,5,100.0,5,Expert,0.05,0.05,1,1288,56,0.0,0.0,2,0,0
Full,5,639,train,strong,player_win,-10.0,5,100.0,5,Expert,0.05,0.05,1,1290,56,0.0,0.0,2,0,0
Full,5,640,train,strong,player_win,-10.0,7,100.0,5,Expert,0.05,0.05,1,1293,57,0.0,0.0,2,0,1
Full,5,641,train,strong,player_win,-10.0,5,100.0,5,Expert,0.05,0.05,1,1295,57,0.0,0.0,2,0,0
Full,5,642,train,strong,player_win,-10.0,5,100.0,5,Expert,0.05,0.05,1,1297,57,0.0,0.0,2,0,0
Full,5,643,train,strong,player_win,-10.0,5,100.0,5,Expert,0.05,0.05,1,1299,57,0.0,0.0,2,0,0
Full,5,644,train,strong,player_win,-10.0,5,100.0,5,Expert,0.05,0.05,1,1301,57,0.0,0.0,2,0,0
Full,5,645,train,strong,player_win,-10.0,5,100.0,5,Expert,0.05,0.05,1,1303,57,0.0,0.0,2,0,0
Full,5,646,train,strong,player_win,-10.0,5,100.0,5,Expert,0.05,0.05,1,1305,57,0.0,0.0,2,0,0
Full,5,647,train,strong,player_win,-10.0,5,100.0,5,Expert,0.05,0.05,1,1307,58,0.0,0.0,1,0,1
Full,5,648,train,strong,player_win,-10.0,5,100.0,5,Expert,0.05,0.05,1,1309,58,0.0,0.0,2,0,0
Full,5,649,train,strong,player_win,-10.0,5,100.0,5,Expert,0.05,0.05,1,1311,58,0.0,0.0,1,0,1
Full,5,650,train,strong,player_win,-10.0,5,100.0,5,Expert,0.05,0.05,1,1313,58,0.0,0.0,2,0,0
Full,5,651,train,strong,player_win,-10.0,5,100.0,5,Expert,0.05,0.05,1,1315,58,0.0,0.0,2,0,0
Full,5,652,train,strong,player_win,-10.0,5,100.0,5,Expert,0.05,0.05,1,1317,58,0.0,0.0,2,0,0
Full,5,653,train,strong,player_win,-10.0,5,100.0,5,Expert,0.05,0.05,1,1319,58,0.0,0.0,2,0,0
Full,5,654,train,strong,player_win,-10.0,5,100.0,5,Expert,0.05,0.05,1,1321,58,0.0,0.0,2,0,0
Full,5,655,train,strong,player_win,-10.0,5,100.0,5,Expert,0.05,0.05,1,1323,58,0.0,0.0,2,0,0
Full,5,656,train,strong,player_win,-10.0,5,100.0,5,Expert,0.05,0.05,1,1325,58,0.0,0.0,2,0,0
Full,5,657,train,strong,player_win,-10.0,5,100.0,5,Expert,0.05,0.05,1,1327,58,0.0,0.0,2,0,0
Full,5,658,train,strong,player_win,-10.0,5,100.0,5,Expert,0.05,0.05,1,1329,58,0.0,0.0,2,0,0
Full,5,659,train,strong,player_win,-10.0,5,100.0,5,Expert,0.05,0.05,1,1331,58,0.0,0.0,2,0,0
Full,5,660,train,strong,player_win,-10.0,5,100.0,5,Expert,0.05,0.05,1,1333,58,0.0,0.0,2,0,0
Full,5,661,train,strong,player_win,-10.0,5,100.0,5,Expert,0.05,0.05,1,1335,58,0.0,0.0,1,0,1
Full,5,662,train,strong,player_win,-10.0,5,100.0,5,Expert,0.05,0.05,1,1337,58,0.0,0.0,2,0,0
Full,5,663,train,strong,player_win,-10.0,5,100.0,5,Expert,0.05,0.05,1,1339,58,0.0,0.0,1,0,1
Full,5,664,train,strong,player_win,-10.0,5,100.0,5,Expert,0.05,0.05,1,1341,58,0.0,0.0,2,0,0
Full,5,665,train,strong,player_win,-10.0,5,100.0,5,Expert,0.05,0.05,1,1343,58,0.0,0.0,2,0,0
Full,5,666,train,strong,player_win,-10.0,5,100.0,5,Expert,0.05,0.05,1,1345,58,0.0,0.0,2,0,0
Full,5,667,train,strong,player_win,-10.0,5,100.0,5,Expert,0.05,0.05,1,1347,58,0.0,0.0,2,0,0
Full,5,668,train,strong,player_win,-10.0,5,100.0,5,Expert,0.05,0.05,1,1349,59,0.0,0.0,1,0,1
Full,5,669,train,strong,player_win,-10.0,5,100.0,5,Expert,0.05,0.05,1,1351,59,0.0,0.0,2,0,0
Full,5,670,train,strong,player_win,-10.0,5,100.0,5,Expert,0.05,0.05,1,1353,59,0.0,0.0,2,0,0
Full,5,671,train,strong,player_win,-10.0,5,100.0,5,Expert,0.05,0.05,1,1355,60,0.0,0.0,1,0,1
Full,5,672,train,strong,player_win,-10.0,5,100.0,5,Expert,0.05,0.05,1,1357,60,0.0,0.0,2,0,0
Full,5,673,train,strong,player_win,-10.0,5,100.0,5,Expert,0.05,0.05,1,1359,60,0.0,0.0,2,0,0
Full,5,674,train,strong,player_win,-10.0,5,100.0,5,Expert,0.05,0.05,1,1361,60,0.0,0.0,2,0,0
Full,5,675,train,strong,player_win,-10.0,5,100.0,5,Expert,0.05,0.05,1,1363,60,0.0,0.0,2,0,0
Full,5,676,train,strong,player_win,-10.0,5,100.0,5,Expert,0.05,0.05,1,1365,60,0.0,0.0,2,0,0
Full,5,677,train,strong,player_win,-10.0,5,100.0,5,Expert,0.05,0.05,1,1367,60,0.0,0.0,1,0,1
Full,5,678,train,strong,player_win,-10.0,5,100.0,5,Expert,0.05,0.05,1,1369,60,0.0,0.0,2,0,0
Full,5,679,train,strong,player_win,-10.0,5,100.0,5,Expert,0.05,0.05,1,1371,60,0.0,0.0,2,0,0
Full,5,680,train,strong,player_win,-10.0,5,100.0,5,Expert,0.05,0.05,1,1373,60,0.0,0.0,2,0,0
Full,5,681,train,strong,player_win,-10.0,5,100.0,5,Expert,0.05,0.05,1,1375,60,0.0,0.0,2,0,0
Full,5,682,train,strong,player_win,-10.0,5,100.0,5,Expert,0.05,0.05,1,1377,60,0.0,0.0,2,0,0
Full,5,683,train,strong,player_win,-10.0,5,100.0,5,Expert,0.05,0.05,1,1379,60,0.0,0.0,2,0,0
Full,5,684,train,strong,player_win,-10.0,5,100.0,5,Expert,0.05,0.05,1,1381,60,0.0,0.0,2,0,0
Full,5,685,train,strong,player_win,-10.0,5,100.0,5,Expert,0.05,0.05,1,1383,60,0.0,0.0,2,0,0
Full,5,686,train,strong,player_win,-10.0,5,100.0,5,Expert,0.05,0.05,1,1385,60,0.0,0.0,2,0,0
Full,5,687,train,strong,player_win,-10.0,5,100.0,5,Expert,0.05,0.05,1,1387,60,0.0,0.0,2,0,0
Full,5,688,train,strong,player_win,-10.0,7,100.0,5,Expert,0.05,0.05,1,1390,61,0.0,0.0,2,0,1
Full,5,689,train,strong,player_win,-10.0,5,100.0,5,Expert,0.05,0.05,1,1392,61,0.0,0.0,2,0,0
Full,5,690,train,strong,player_win,-10.0,5,100.0,5,Expert,0.05,0.05,1,1394,61,0.0,0.0,2,0,0
Full,5,691,train,strong,player_win,-10.0,5,100.0,5,Expert,0.05,0.05,1,1396,61,0.0,0.0,2,0,0
Full,5,692,train,strong,player_win,-10.0,5,100.0,5,Expert,0.05,0.05,1,1398,61,0.0,0.0,2,0,0
Full,5,693,train,strong,player_win,-10.0,5,100.0,5,Expert,0.05,0.05,1,1400,61,0.0,0.0,2,0,0
Full,5,694,train,strong,player_win,-10.0,5,100.0,5,Expert,0.05,0.05,1,1402,61,0.0,0.0,2,0,0
Full,5,695,train,strong,player_win,-10.0,5,100.0,5,Expert,0.05,0.05,1,1404,61,0.0,0.0,2,0,0
Full,5,696,train,strong,player_win,-10.0,5,100.0,5,Expert,0.05,0.05,1,1406,61,0.0,0.0,2,0,0
Full,5,697,train,strong,player_win,-10.0,5,100.0,5,Expert,0.05,0.05,1,1408,61,0.0,0.0,2,0,0
Full,5,698,train,strong,player_win,-10.0,5,100.0,5,Expert,0.05,0.05,1,1410,61,0.0,0.0,2,0,0
Full,5,699,train,strong,player_win,-10.0,5,100.0,5,Expert,0.05,0.05,1,1412,61,0.0,0.0,2,0,0
Full,5,700,train,strong,player_win,-10.0,5,100.0,5,Expert,0.05,0.05,1,1414,61,0.0,0.0,2,0,0
Full,5,701,train,strong,player_win,-10.0,5,100.0,5,Expert,0.05,0.05,1,1416,61,0.0,0.0,2,0,0
Full,5,702,train,strong,player_win,-10.0,5,100.0,5,Expert,0.05,0.05,1,1418,61,0.0,0.0,2,0,0
Full,5,703,train,strong,player_win,-10.0,5,100.0,5,Expert,0.05,0.05,1,1420,61,0.0,0.0,2,0,0
Full,5,704,train,strong,player_win,-10.0,5,100.0,5,Expert,0.05,0.05,1,1422,61,0.0,0.0,2,0,0
Full,5,705,train,strong,player_win,-10.0,5,100.0,5,Expert,0.05,0.05,1,1424,61,0.0,0.0,2,0,0
Full,5,706,train,strong,player_win,-10.0,5,100.0,5,Expert,0.05,0.05,1,1426,61,0.0,0.0,2,0,0
Full,5,707,train,strong,player_win,-10.0,5,100.0,5,Expert,0.05,0.05,1,1428,61,0.0,0.0,2,0,0
Full,5,708,train,strong,player_win,-10.0,5,100.0,5,Expert,0.05,0.05,1,1430,61,0.0,0.0,2,0,0
Full,5,709,train,strong,player_win,-10.0,5,100.0,5,Expert,0.05,0.05,1,1432,61,0.0,0.0,2,0,0
Full,5,710,train,strong,player_win,-10.0,5,100.0,5,Expert,0.05,0.05,1,1434,61,0.0,0.0,2,0,0
Full,5,711,train,strong,player_win,-10.0,5,100.0,5,Expert,0.05,0.05,1,1436,61,0.0,0.0,2,0,0
Full,5,712,train,strong,player_win,-10.0,5,100.0,5,Expert,0.05,0.05,1,1438,61,0.0,0.0,2,0,0
Full,5,713,train,strong,player_win,-10.0,5,100.0,5,Expert,0.05,0.05,1,1440,62,0.0,0.0,1,0,1
Full,5,714,train,strong,player_win,-10.0,5,100.0,5,Expert,0.05,0.05,1,1442,62,0.0,0.0,2,0,0
Full,5,715,train,strong,player_win,-10.0,5,100.0,5,Expert,0.05,0.05,1,1444,63,0.0,0.0,1,0,1
Full,5,716,train,strong,player_win,-10.0,5,100.0,5,Expert,0.05,0.05,1,1446,64,0.0,0.0,1,0,1
Full,5,717,train,strong,player_win,-10.0,5,100.0,5,Expert,0.05,0.05,1,1448,64,0.0,0.0,2,0,0
Full,5,718,train,strong,player_win,-10.0,5,100.0,5,Expert,0.05,0.05,1,1450,64,0.0,0.0,2,0,0
Full,5,719,train,strong,player_win,-10.0,5,100.0,5,Expert,0.05,0.05,1,1452,64,0.0,0.0,2,0,0
Full,5,720,train,strong,player_win,-10.0,5,100.0,5,Expert,0.05,0.05,1,1454,64,0.0,0.0,2,0,0
Full,5,721,train,strong,player_win,-10.0,5,100.0,5,Expert,0.05,0.05,1,1456,64,0.0,0.0,2,0,0
Full,5,722,train,strong,player_win,-10.0,5,100.0,5,Expert,0.05,0.05,1,1458,65,0.0,0.0,1,0,1
Full,5,723,train,strong,player_win,-10.0,5,100.0,5,Expert,0.05,0.05,1,1460,65,0.0,0.0,2,0,0
Full,5,724,train,strong,player_win,-10.0,5,100.0,5,Expert,0.05,0.05,1,1462,65,0.0,0.0,2,0,0
Full,5,725,train,strong,player_win,-10.0,5,100.0,5,Expert,0.05,0.05,1,1464,65,0.0,0.0,2,0,0
Full,5,726,train,strong,player_win,-10.0,5,100.0,5,Expert,0.05,0.05,1,1466,66,0.0,0.0,1,0,1
Full,5,727,train,strong,player_win,-10.0,5,100.0,5,Expert,0.05,0.05,1,1468,66,0.0,0.0,2,0,0
Full,5,728,train,strong,player_win,-10.0,5,100.0,5,Expert,0.05,0.05,1,1470,66,0.0,0.0,2,0,0
Full,5,729,train,strong,player_win,-10.0,5,100.0,5,Expert,0.05,0.05,1,1472,66,0.0,0.0,2,0,0
Full,5,730,train,strong,player_win,-10.0,5,100.0,5,Expert,0.05,0.05,1,1474,66,0.0,0.0,2,0,0
Full,5,731,train,strong,player_win,-10.0,5,100.0,5,Expert,0.05,0.05,1,1476,66,0.0,0.0,2,0,0
Full,5,732,train,strong,player_win,-10.0,5,100.0,5,Expert,0.05,0.05,1,1478,66,0.0,0.0,2,0,0
Full,5,733,train,strong,player_win,-10.0,5,100.0,5,Expert,0.05,0.05,1,1480,66,0.0,0.0,2,0,0
Full,5,734,train,strong,player_win,-10.0,5,100.0,5,Expert,0.05,0.05,1,1482,66,0.0,0.0,2,0,0
Full,5,735,train,strong,player_win,-10.0,5,100.0,5,Expert,0.05,0.05,1,1484,66,0.0,0.0,2,0,0
Full,5,736,train,strong,player_win,-10.0,5,100.0,5,Expert,0.05,0.05,1,1486,66,0.0,0.0,2,0,0
Full,5,737,train,strong,player_win,-10.0,5,100.0,5,Expert,0.05,0.05,1,1488,66,0.0,0.0,2,0,0
Full,5,738,train,strong,player_win,-10.0,5,100.0,5,Expert,0.05,0.05,1,1490,66,0.0,0.0,2,0,0
Full,5,739,train,strong,player_win,-10.0,5,100.0,5,Expert,0.05,0.05,1,1492,66,0.0,0.0,2,0,0
Full,5,740,train,strong,player_win,-10.0,5,100.0,5,Expert,0.05,0.05,1,1494,66,0.0,0.0,2,0,0
Full,5,741,train,strong,player_win,-10.0,5,100.0,5,Expert,0.05,0.05,1,1496,66,0.0,0.0,2,0,0
Full,5,742,train,strong,player_win,-10.0,5,100.0,5,Expert,0.05,0.05,1,1498,66,0.0,0.0,2,0,0
Full,5,743,train,strong,player_win,-10.0,5,100.0,5,Expert,0.05,0.05,1,1500,66,0.0,0.0,1,0,1
Full,5,744,train,strong,player_win,-10.0,5,100.0,5,Expert,0.05,0.05,1,1502,66,0.0,0.0,2,0,0
Full,5,745,train,strong,player_win,-10.0,5,100.0,5,Expert,0.05,0.05,1,1504,66,0.0,0.0,2,0,0
Full,5,746,train,strong,player_win,-10.0,5,100.0,5,Expert,0.05,0.05,1,1506,66,0.0,0.0,2,0,0
Full,5,747,train,strong,player_win,-10.0,5,100.0,5,Expert,0.05,0.05,1,1508,66,0.0,0.0,2,0,0
Full,5,748,train,strong,player_win,-10.0,5,100.0,5,Expert,0.05,0.05,1,1510,66,0.0,0.0,2,0,0
Full,5,749,train,strong,player_win,-10.0,5,100.0,5,Expert,0.05,0.05,1,1512,66,0.0,0.0,2,0,0
Full,5,750,train,strong,player_win,-10.0,5,100.0,5,Expert,0.05,0.05,1,1514,66,0.0,0.0,2,0,0
Full,5,751,train,strong,player_win,-10.0,5,100.0,5,Expert,0.05,0.05,1,1516,66,0.0,0.0,2,0,0
Full,5,752,train,strong,player_win,-10.0,5,100.0,5,Expert,0.05,0.05,1,1518,66,0.0,0.0,2,0,0
Full,5,753,train,strong,player_win,-10.0,5,100.0,5,Expert,0.05,0.05,1,1520,66,0.0,0.0,2,0,0
Full,5,754,train,strong,player_win,-10.0,5,100.0,5,Expert,0.05,0.05,1,1522,66,0.0,0.0,2,0,0
Full,5,755,train,strong,player_win,-10.0,5,100.0,5,Expert,0.05,0.05,1,1524,67,0.0,0.0,1,0,1
Full,5,756,train,strong,player_win,-10.0,5,100.0,5,Expert,0.05,0.05,1,1526,68,0.0,0.0,1,0,1
Full,5,757,train,strong,player_win,-10.0,5,100.0,5,Expert,0.05,0.05,1,1528,68,0.0,0.0,2,0,0
Full,5,758,train,strong,player_win,-10.0,5,100.0,5,Expert,0.05,0.05,1,1530,68,0.0,0.0,2,0,0
Full,5,759,train,strong,player_win,-10.0,5,100.0,5,Expert,0.05,0.05,1,1532,68,0.0,0.0,2,0,0
Full,5,760,train,strong,player_win,-10.0,5,100.0,5,Expert,0.05,0.05,1,1534,68,0.0,0.0,2,0,0
Full,5,761,train,strong,player_win,-10.0,5,100.0,5,Expert,0.05,0.05,1,1536,68,0.0,0.0,2,0,0
Full,5,762,train,strong,player_win,-10.0,5,100.0,5,Expert,0.05,0.05,1,1538,68,0.0,0.0,2,0,0
Full,5,763,train,strong,player_win,-10.0,5,100.0,5,Expert,0.05,0.05,1,1540,68,0.0,0.0,1,1,0
Full,5,764,train,strong,player_win,-10.0,5,100.0,5,Expert,0.05,0.05,1,1542,68,0.0,0.0,2,0,0
Full,5,765,train,strong,player_win,-10.0,5,100.0,5,Expert,0.05,0.05,1,1544,68,0.0,0.0,2,0,0
Full,5,766,train,strong,player_win,-10.0,5,100.0,5,Expert,0.05,0.05,1,1546,68,0.0,0.0,2,0,0
Full,5,767,train,strong,player_win,-10.0,5,100.0,5,Expert,0.05,0.05,1,1548,68,0.0,0.0,1,0,1
Full,5,768,train,strong,player_win,-10.0,5,100.0,5,Expert,0.05,0.05,1,1550,68,0.0,0.0,2,0,0
Full,5,769,train,strong,player_win,-10.0,5,100.0,5,Expert,0.05,0.05,1,1552,68,0.0,0.0,2,0,0
Full,5,770,train,strong,player_win,-10.0,5,100.0,5,Expert,0.05,0.05,1,1554,68,0.0,0.0,2,0,0
Full,5,771,train,strong,player_win,-10.0,7,100.0,5,Expert,0.05,0.05,1,1557,68,0.0,0.0,2,0,1
Full,5,772,train,strong,player_win,-10.0,5,100.0,5,Expert,0.05,0.05,1,1559,68,0.0,0.0,2,0,0
Full,5,773,train,strong,player_win,-10.0,5,100.0,5,Expert,0.05,0.05,1,1561,68,0.0,0.0,2,0,0
Full,5,774,train,strong,player_win,-10.0,5,100.0,5,Expert,0.05,0.05,1,1563,68,0.0,0.0,2,0,0
Full,5,775,train,strong,player_win,-10.0,5,100.0,5,Expert,0.05,0.05,1,1565,68,0.0,0.0,2,0,0
Full,5,776,train,strong,player_win,-10.0,5,100.0,5,Expert,0.05,0.05,1,1567,68,0.0,0.0,2,0,0
Full,5,777,train,strong,player_win,-10.0,5,100.0,5,Expert,0.05,0.05,1,1569,68,0.0,0.0,2,0,0
Full,5,778,train,strong,player_win,-10.0,5,100.0,5,Expert,0.05,0.05,1,1571,68,0.0,0.0,2,0,0
Full,5,779,train,strong,player_win,-10.0,5,100.0,5,Expert,0.05,0.05,1,1573,68,0.0,0.0,2,0,0
Full,5,780,train,strong,player_win,-10.0,5,100.0,5,Expert,0.05,0.05,1,1575,68,0.0,0.0,2,0,0
Full,5,781,train,strong,player_win,-10.0,5,100.0,5,Expert,0.05,0.05,1,1577,68,0.0,0.0,2,0,0
Full,5,782,train,strong,player_win,-10.0,5,100.0,5,Expert,0.05,0.05,1,1579,68,0.0,0.0,2,0,0
Full,5,783,train,strong,player_win,-10.0,5,100.0,5,Expert,0.05,0.05,1,1581,68,0.0,0.0,2,0,0
Full,5,784,train,strong,player_win,-10.0,5,100.0,5,Expert,0.05,0.05,1,1583,68,0.0,0.0,2,0,0
Full,5,785,train,strong,player_win,-10.0,5,100.0,5,Expert,0.05,0.05,1,1585,68,0.0,0.0,2,0,0
Full,5,786,train,strong,player_win,-10.0,5,100.0,5,Expert,0.05,0.05,1,1587,68,0.0,0.0,2,0,0
Full,5,787,train,strong,player_win,-10.0,5,100.0,5,Expert,0.05,0.05,1,1589,68,0.0,0.0,2,0,0
Full,5,788,train,strong,player_win,-10.0,5,100.0,5,Expert,0.05,0.05,1,1591,68,0.0,0.0,2,0,0
Full,5,789,train,strong,player_win,-10.0,5,100.0,5,Expert,0.05,0.05,1,1593,68,0.0,0.0,2,0,0
Full,5,790,train,strong,player_win,-10.0,5,100.0,5,Expert,0.05,0.05,1,1595,68,0.0,0.0,2,0,0
Full,5,791,train,strong,player_win,-10.0,5,100.0,5,Expert,0.05,0.05,1,1597,68,0.0,0.0,2,0,0
Full,5,792,train,strong,player_win,-10.0,5,100.0,5,Expert,0.05,0.05,1,1599,68,0.0,0.0,2,0,0
Full,5,793,train,strong,player_win,-10.0,5,100.0,5,Expert,0.05,0.05,1,1601,68,0.0,0.0,2,0,0
Full,5,794,train,strong,player_win,-10.0,5,100.0,5,Expert,0.05,0.05,1,1603,68,0.0,0.0,2,0,0
Full,5,795,train,strong,player_win,-10.0,5,100.0,5,Expert,0.05,0.05,1,1605,68,0.0,0.0,2,0,0
Full,5,796,train,strong,player_win,-10.0,5,100.0,5,Expert,0.05,0.05,1,1607,68,0.0,0.0,2,0,0
Full,5,797,train,strong,player_win,-10.0,5,100.0,5,Expert,0.05,0.05,1,1609,68,0.0,0.0,2,0,0
Full,5,798,train,strong,player_win,-10.0,5,100.0,5,Expert,0.05,0.05,1,1611,68,0.0,0.0,1,0,1
Full,5,799,train,strong,player_win,-10.0,5,100.0,5,Expert,0.05,0.05,1,1613,68,0.0,0.0,2,0,0
Full,5,800,train,strong,player_win,-10.0,5,100.0,5,Expert,0.05,0.05,1,1615,68,0.0,0.0,2,0,0
Full,5,801,eval,strong,player_win,-10.0,5,100.0,5,Expert,0.05,0.0,0,1615,68,0.0,0.0,1,0,1
Full,5,802,eval,strong,player_win,-10.0,5,100.0,5,Expert,0.05,0.0,0,1615,68,0.0,0.0,2,0,0
Full,5,803,eval,strong,player_win,-10.0,5,100.0,5,Expert,0.05,0.0,0,1615,68,0.0,0.0,2,0,0
Full,5,804,eval,strong,player_win,-10.0,5,100.0,5,Expert,0.05,0.0,0,1615,68,0.0,0.0,2,0,0
Full,5,805,eval,strong,player_win,-10.0,5,100.0,5,Expert,0.05,0.0,0,1615,68,0.0,0.0,2,0,0
Full,5,806,eval,strong,player_win,-10.0,5,100.0,5,Expert,0.05,0.0,0,1615,68,0.0,0.0,2,0,0
Full,5,807,eval,strong,player_win,-10.0,5,100.0,5,Expert,0.05,0.0,0,1615,68,0.0,0.0,2,0,0
Full,5,808,eval,strong,player_win,-10.0,5,100.0,5,Expert,0.05,0.0,0,1615,68,0.0,0.0,2,0,0
Full,5,809,eval,strong,player_win,-10.0,5,100.0,5,Expert,0.05,0.0,0,1615,68,0.0,0.0,2,0,0
Full,5,810,eval,strong,player_win,-10.0,5,100.0,5,Expert,0.05,0.0,0,1615,68,0.0,0.0,2,0,0
Full,5,811,eval,strong,player_win,-10.0,5,100.0,5,Expert,0.05,0.0,0,1615,68,0.0,0.0,2,0,0
Full,5,812,eval,strong,player_win,-10.0,5,100.0,5,Expert,0.05,0.0,0,1615,68,0.0,0.0,2,0,0
Full,5,813,eval,strong,player_win,-10.0,7,100.0,5,Expert,0.05,0.0,0,1615,68,0.0,0.0,2,0,1
Full,5,814,eval,strong,player_win,-10.0,5,100.0,5,Expert,0.05,0.0,0,1615,68,0.0,0.0,2,0,0
Full,5,815,eval,strong,player_win,-10.0,5,100.0,5,Expert,0.05,0.0,0,1615,68,0.0,0.0,2,0,0
Full,5,816,eval,strong,player_win,-10.0,5,100.0,5,Expert,0.05,0.0,0,1615,68,0.0,0.0,1,0,1
Full,5,817,eval,strong,player_win,-10.0,5,100.0,5,Expert,0.05,0.0,0,1615,68,0.0,0.0,2,0,0
Full,5,818,eval,strong,player_win,-10.0,5,100.0,5,Expert,0.05,0.0,0,1615,68,0.0,0.0,2,0,0
Full,5,819,eval,strong,player_win,-10.0,5,100.0,5,Expert,0.05,0.0,0,1615,68,0.0,0.0,2,0,0
Full,5,820,eval,strong,player_win,-10.0,5,100.0,5,Expert,0.05,0.0,0,1615,68,0.0,0.0,1,0,1
Full,5,821,eval,strong,player_win,-10.0,5,100.0,5,Expert,0.05,0.0,0,1615,68,0.0,0.0,2,0,0
Full,5,822,eval,strong,player_win,-10.0,5,100.0,5,Expert,0.05,0.0,0,1615,68,0.0,0.0,2,0,0
Full,5,823,eval,strong,player_win,-10.0,5,100.0,5,Expert,0.05,0.0,0,1615,68,0.0,0.0,2,0,0
Full,5,824,eval,strong,player_win,-10.0,5,100.0,5,Expert,0.05,0.0,0,1615,68,0.0,0.0,2,0,0
Full,5,825,eval,strong,player_win,-10.0,5,100.0,5,Expert,0.05,0.0,0,1615,68,0.0,0.0,2,0,0
Full,5,826,eval,strong,player_win,-10.0,5,100.0,5,Expert,0.05,0.0,0,1615,68,0.0,0.0,2,0,0
Full,5,827,eval,strong,player_win,-10.0,5,100.0,5,Expert,0.05,0.0,0,1615,68,0.0,0.0,2,0,0
Full,5,828,eval,strong,player_win,-10.0,5,100.0,5,Expert,0.05,0.0,0,1615,68,0.0,0.0,2,0,0
Full,5,829,eval,strong,player_win,-10.0,5,100.0,5,Expert,0.05,0.0,0,1615,68,0.0,0.0,1,0,1
Full,5,830,eval,strong,player_win,-10.0,5,100.0,5,Expert,0.05,0.0,0,1615,68,0.0,0.0,2,0,0
Full,5,831,eval,strong,player_win,-10.0,5,100.0,5,Expert,0.05,0.0,0,1615,68,0.0,0.0,2,0,0
Full,5,832,eval,strong,player_win,-10.0,5,100.0,5,Expert,0.05,0.0,0,1615,68,0.0,0.0,2,0,0
Full,5,833,eval,strong,player_win,-10.0,5,100.0,5,Expert,0.05,0.0,0,1615,68,0.0,0.0,2,0,0
Full,5,834,eval,strong,player_win,-10.0,5,100.0,5,Expert,0.05,0.0,0,1615,68,0.0,0.0,2,0,0
Full,5,835,eval,strong,player_win,-10.0,5,100.0,5,Expert,0.05,0.0,0,1615,68,0.0,0.0,2,0,0
Full,5,836,eval,strong,player_win,-10.0,5,100.0,5,Expert,0.05,0.0,0,1615,68,0.0,0.0,2,0,0
Full,5,837,eval,strong,player_win,-10.0,5,100.0,5,Expert,0.05,0.0,0,1615,68,0.0,0.0,2,0,0
Full,5,838,eval,strong,player_win,-10.0,5,100.0,5,Expert,0.05,0.0,0,1615,68,0.0,0.0,2,0,0
Full,5,839,eval,strong,player_win,-10.0,5,100.0,5,Expert,0.05,0.0,0,1615,68,0.0,0.0,2,0,0
Full,5,840,eval,strong,player_win,-10.0,5,100.0,5,Expert,0.05,0.0,0,1615,68,0.0,0.0,1,0,1
Full,5,841,eval,strong,player_win,-10.0,5,100.0,5,Expert,0.05,0.0,0,1615,68,0.0,0.0,2,0,0
Full,5,842,eval,strong,player_win,-10.0,5,100.0,5,Expert,0.05,0.0,0,1615,68,0.0,0.0,2,0,0
Full,5,843,eval,strong,player_win,-10.0,5,100.0,5,Expert,0.05,0.0,0,1615,68,0.0,0.0,2,0,0
Full,5,844,eval,strong,player_win,-10.0,5,100.0,5,Expert,0.05,0.0,0,1615,68,0.0,0.0,2,0,0
Full,5,845,eval,strong,player_win,-10.0,5,100.0,5,Expert,0.05,0.0,0,1615,68,0.0,0.0,2,0,0
Full,5,846,eval,strong,player_win,-10.0,5,100.0,5,Expert,0.05,0.0,0,1615,68,0.0,0.0,2,0,0
Full,5,847,eval,strong,player_win,-10.0,5,100.0,5,Expert,0.05,0.0,0,1615,68,0.0,0.0,2,0,0
Full,5,848,eval,strong,player_win,-10.0,5,100.0,5,Expert,0.05,0.0,0,1615,68,0.0,0.0,2,0,0
Full,5,849,eval,strong,player_win,-10.0,5,100.0,5,Expert,0.05,0.0,0,1615,68,0.0,0.0,2,0,0
Full,5,850,eval,strong,player_win,-10.0,5,100.0,5,Expert,0.05,0.0,0,1615,68,0.0,0.0,2,0,0
Full,5,851,eval,strong,player_win,-10.0,5,100.0,5,Expert,0.05,0.0,0,1615,68,0.0,0.0,2,0,0
Full,5,852,eval,strong,player_win,-10.0,5,100.0,5,Expert,0.05,0.0,0,1615,68,0.0,0.0,2,0,0
Full,5,853,eval,strong,player_win,-10.0,5,100.0,5,Expert,0.05,0.0,0,1615,68,0.0,0.0,2,0,0
Full,5,854,eval,strong,player_win,-10.0,5,100.0,5,Expert,0.05,0.0,0,1615,68,0.0,0.0,2,0,0
Full,5,855,eval,strong,player_win,-10.0,5,100.0,5,Expert,0.05,0.0,0,1615,68,0.0,0.0,2,0,0
Full,5,856,eval,strong,player_win,-10.0,5,100.0,5,Expert,0.05,0.0,0,1615,68,0.0,0.0,2,0,0
Full,5,857,eval,strong,player_win,-10.0,5,100.0,5,Expert,0.05,0.0,0,1615,68,0.0,0.0,2,0,0
Full,5,858,eval,strong,player_win,-10.0,5,100.0,5,Expert,0.05,0.0,0,1615,68,0.0,0.0,2,0,0
Full,5,859,eval,strong,player_win,-10.0,5,100.0,5,Expert,0.05,0.0,0,1615,68,0.0,0.0,2,0,0
Full,5,860,eval,strong,player_win,-10.0,5,100.0,5,Expert,0.05,0.0,0,1615,68,0.0,0.0,2,0,0
Full,5,861,eval,strong,player_win,-10.0,5,100.0,5,Expert,0.05,0.0,0,1615,68,0.0,0.0,2,0,0
Full,5,862,eval,strong,player_win,-10.0,5,100.0,5,Expert,0.05,0.0,0,1615,68,0.0,0.0,2,0,0
Full,5,863,eval,strong,player_win,-10.0,5,100.0,5,Expert,0.05,0.0,0,1615,68,0.0,0.0,2,0,0
Full,5,864,eval,strong,player_win,-10.0,5,100.0,5,Expert,0.05,0.0,0,1615,68,0.0,0.0,2,0,0
Full,5,865,eval,strong,player_win,-10.0,5,100.0,5,Expert,0.05,0.0,0,1615,68,0.0,0.0,2,0,0
Full,5,866,eval,strong,player_win,-10.0,5,100.0,5,Expert,0.05,0.0,0,1615,68,0.0,0.0,2,0,0
Full,5,867,eval,strong,player_win,-10.0,5,100.0,5,Expert,0.05,0.0,0,1615,68,0.0,0.0,2,0,0
Full,5,868,eval,strong,player_win,-10.0,7,100.0,5,Expert,0.05,0.0,0,1615,68,0.0,0.0,2,0,1
Full,5,869,eval,strong,player_win,-10.0,5,100.0,5,Expert,0.05,0.0,0,1615,68,0.0,0.0,2,0,0
Full,5,870,eval,strong,player_win,-10.0,5,100.0,5,Expert,0.05,0.0,0,1615,68,0.0,0.0,2,0,0
Full,5,871,eval,strong,player_win,-10.0,5,100.0,5,Expert,0.05,0.0,0,1615,68,0.0,0.0,1,0,1
Full,5,872,eval,strong,player_win,-10.0,5,100.0,5,Expert,0.05,0.0,0,1615,68,0.0,0.0,2,0,0
Full,5,873,eval,strong,player_win,-10.0,5,100.0,5,Expert,0.05,0.0,0,1615,68,0.0,0.0,2,0,0
Full,5,874,eval,strong,player_win,-10.0,5,100.0,5,Expert,0.05,0.0,0,1615,68,0.0,0.0,2,0,0
Full,5,875,eval,strong,player_win,-10.0,5,100.0,5,Expert,0.05,0.0,0,1615,68,0.0,0.0,2,0,0
Full,5,876,eval,strong,player_win,-10.0,5,100.0,5,Expert,0.05,0.0,0,1615,68,0.0,0.0,2,0,0
Full,5,877,eval,strong,player_win,-10.0,5,100.0,5,Expert,0.05,0.0,0,1615,68,0.0,0.0,2,0,0
Full,5,878,eval,strong,player_win,-10.0,5,100.0,5,Expert,0.05,0.0,0,1615,68,0.0,0.0,2,0,0
Full,5,879,eval,strong,player_win,-10.0,5,100.0,5,Expert,0.05,0.0,0,1615,68,0.0,0.0,2,0,0
Full,5,880,eval,strong,player_win,-10.0,5,100.0,5,Expert,0.05,0.0,0,1615,68,0.0,0.0,2,0,0
Full,5,881,eval,strong,player_win,-10.0,5,100.0,5,Expert,0.05,0.0,0,1615,68,0.0,0.0,2,0,0
Full,5,882,eval,strong,player_win,-10.0,5,100.0,5,Expert,0.05,0.0,0,1615,68,0.0,0.0,2,0,0
Full,5,883,eval,strong,player_win,-10.0,5,100.0,5,Expert,0.05,0.0,0,1615,68,0.0,0.0,2,0,0
Full,5,884,eval,strong,player_win,-10.0,5,100.0,5,Expert,0.05,0.0,0,1615,68,0.0,0.0,2,0,0
Full,5,885,eval,strong,player_win,-10.0,5,100.0,5,Expert,0.05,0.0,0,1615,68,0.0,0.0,2,0,0
Full,5,886,eval,strong,player_win,-10.0,5,100.0,5,Expert,0.05,0.0,0,1615,68,0.0,0.0,1,0,1
Full,5,887,eval,strong,player_win,-10.0,5,100.0,5,Expert,0.05,0.0,0,1615,68,0.0,0.0,2,0,0
Full,5,888,eval,strong,player_win,-10.0,5,100.0,5,Expert,0.05,0.0,0,1615,68,0.0,0.0,2,0,0
Full,5,889,eval,strong,player_win,-10.0,5,100.0,5,Expert,0.05,0.0,0,1615,68,0.0,0.0,2,0,0
Full,5,890,eval,strong,player_win,-10.0,5,100.0,5,Expert,0.05,0.0,0,1615,68,0.0,0.0,2,0,0
Full,5,891,eval,strong,player_win,-10.0,5,100.0,5,Expert,0.05,0.0,0,1615,68,0.0,0.0,2,0,0
Full,5,892,eval,strong,player_win,-10.0,5,100.0,5,Expert,0.05,0.0,0,1615,68,0.0,0.0,2,0,0
Full,5,893,eval,strong,player_win,-10.0,5,100.0,5,Expert,0.05,0.0,0,1615,68,0.0,0.0,2,0,0
Full,5,894,eval,strong,player_win,-10.0,5,100.0,5,Expert,0.05,0.0,0,1615,68,0.0,0.0,2,0,0
Full,5,895,eval,strong,player_win,-10.0,5,100.0,5,Expert,0.05,0.0,0,1615,68,0.0,0.0,1,0,1
Full,5,896,eval,strong,player_win,-10.0,5,100.0,5,Expert,0.05,0.0,0,1615,68,0.0,0.0,2,0,0
Full,5,897,eval,strong,player_win,-10.0,5,100.0,5,Expert,0.05,0.0,0,1615,68,0.0,0.0,2,0,0
Full,5,898,eval,strong,player_win,-10.0,5,100.0,5,Expert,0.05,0.0,0,1615,68,0.0,0.0,2,0,0
Full,5,899,eval,strong,player_win,-10.0,5,100.0,5,Expert,0.05,0.0,0,1615,68,0.0,0.0,2,0,0
Full,5,900,eval,strong,player_win,-10.0,5,100.0,5,Expert,0.05,0.0,0,1615,68,0.0,0.0,2,0,0
Full,5,901,eval,strong,player_win,-10.0,5,100.0,5,Expert,0.05,0.0,0,1615,68,0.0,0.0,2,0,0
Full,5,902,eval,strong,player_win,-10.0,5,100.0,5,Expert,0.05,0.0,0,1615,68,0.0,0.0,2,0,0
Full,5,903,eval,strong,player_win,-10.0,5,100.0,5,Expert,0.05,0.0,0,1615,68,0.0,0.0,2,0,0
Full,5,904,eval,strong,player_win,-10.0,5,100.0,5,Expert,0.05,0.0,0,1615,68,0.0,0.0,2,0,0
Full,5,905,eval,strong,player_win,-10.0,5,100.0,5,Expert,0.05,0.0,0,1615,68,0.0,0.0,1,0,1
Full,5,906,eval,strong,player_win,-10.0,5,100.0,5,Expert,0.05,0.0,0,1615,68,0.0,0.0,2,0,0
Full,5,907,eval,strong,player_win,-10.0,5,100.0,5,Expert,0.05,0.0,0,1615,68,0.0,0.0,2,0,0
Full,5,908,eval,strong,player_win,-10.0,5,100.0,5,Expert,0.05,0.0,0,1615,68,0.0,0.0,2,0,0
Full,5,909,eval,strong,player_win,-10.0,5,100.0,5,Expert,0.05,0.0,0,1615,68,0.0,0.0,2,0,0
Full,5,910,eval,strong,player_win,-10.0,5,100.0,5,Expert,0.05,0.0,0,1615,68,0.0,0.0,2,0,0
Full,5,911,eval,strong,player_win,-10.0,5,100.0,5,Expert,0.05,0.0,0,1615,68,0.0,0.0,1,0,1
Full,5,912,eval,strong,player_win,-10.0,5,100.0,5,Expert,0.05,0.0,0,1615,68,0.0,0.0,2,0,0
Full,5,913,eval,strong,player_win,-10.0,5,100.0,5,Expert,0.05,0.0,0,1615,68,0.0,0.0,2,0,0
Full,5,914,eval,strong,player_win,-10.0,5,100.0,5,Expert,0.05,0.0,0,1615,68,0.0,0.0,2,0,0
Full,5,915,eval,strong,player_win,-10.0,5,100.0,5,Expert,0.05,0.0,0,1615,68,0.0,0.0,2,0,0
Full,5,916,eval,strong,player_win,-10.0,5,100.0,5,Expert,0.05,0.0,0,1615,68,0.0,0.0,2,0,0
Full,5,917,eval,strong,player_win,-10.0,5,100.0,5,Expert,0.05,0.0,0,1615,68,0.0,0.0,2,0,0
Full,5,918,eval,strong,player_win,-10.0,5,100.0,5,Expert,0.05,0.0,0,1615,68,0.0,0.0,2,0,0
Full,5,919,eval,strong,player_win,-10.0,5,100.0,5,Expert,0.05,0.0,0,1615,68,0.0,0.0,2,0,0
Full,5,920,eval,strong,player_win,-10.0,5,100.0,5,Expert,0.05,0.0,0,1615,68,0.0,0.0,2,0,0
Full,5,921,eval,strong,player_win,-10.0,5,100.0,5,Expert,0.05,0.0,0,1615,68,0.0,0.0,2,0,0
Full,5,922,eval,strong,player_win,-10.0,5,100.0,5,Expert,0.05,0.0,0,1615,68,0.0,0.0,2,0,0
Full,5,923,eval,strong,player_win,-10.0,5,100.0,5,Expert,0.05,0.0,0,1615,68,0.0,0.0,2,0,0
Full,5,924,eval,strong,player_win,-10.0,5,100.0,5,Expert,0.05,0.0,0,1615,68,0.0,0.0,2,0,0
Full,5,925,eval,strong,player_win,-10.0,5,100.0,5,Expert,0.05,0.0,0,1615,68,0.0,0.0,2,0,0
Full,5,926,eval,strong,player_win,-10.0,5,100.0,5,Expert,0.05,0.0,0,1615,68,0.0,0.0,2,0,0
Full,5,927,eval,strong,player_win,-10.0,5,100.0,5,Expert,0.05,0.0,0,1615,68,0.0,0.0,2,0,0
Full,5,928,eval,strong,player_win,-10.0,5,100.0,5,Expert,0.05,0.0,0,1615,68,0.0,0.0,2,0,0
Full,5,929,eval,strong,player_win,-10.0,5,100.0,5,Expert,0.05,0.0,0,1615,68,0.0,0.0,2,0,0
Full,5,930,eval,strong,player_win,-10.0,5,100.0,5,Expert,0.05,0.0,0,1615,68,0.0,0.0,2,0,0
Full,5,931,eval,strong,player_win,-10.0,5,100.0,5,Expert,0.05,0.0,0,1615,68,0.0,0.0,2,0,0
Full,5,932,eval,strong,player_win,-10.0,5,100.0,5,Expert,0.05,0.0,0,1615,68,0.0,0.0,2,0,0
Full,5,933,eval,strong,player_win,-10.0,5,100.0,5,Expert,0.05,0.0,0,1615,68,0.0,0.0,2,0,0
Full,5,934,eval,strong,player_win,-10.0,5,100.0,5,Expert,0.05,0.0,0,1615,68,0.0,0.0,2,0,0
Full,5,935,eval,strong,player_win,-10.0,5,100.0,5,Expert,0.05,0.0,0,1615,68,0.0,0.0,2,0,0
Full,5,936,eval,strong,player_win,-10.0,5,100.0,5,Expert,0.05,0.0,0,1615,68,0.0,0.0,2,0,0
Full,5,937,eval,strong,player_win,-10.0,5,100.0,5,Expert,0.05,0.0,0,1615,68,0.0,0.0,2,0,0
Full,5,938,eval,strong,player_win,-10.0,5,100.0,5,Expert,0.05,0.0,0,1615,68,0.0,0.0,2,0,0
Full,5,939,eval,strong,player_win,-10.0,5,100.0,5,Expert,0.05,0.0,0,1615,68,0.0,0.0,2,0,0
Full,5,940,eval,strong,player_win,-10.0,5,100.0,5,Expert,0.05,0.0,0,1615,68,0.0,0.0,2,0,0
Full,5,941,eval,strong,player_win,-10.0,5,100.0,5,Expert,0.05,0.0,0,1615,68,0.0,0.0,2,0,0
Full,5,942,eval,strong,player_win,-10.0,5,100.0,5,Expert,0.05,0.0,0,1615,68,0.0,0.0,2,0,0
Full,5,943,eval,strong,player_win,-10.0,5,100.0,5,Expert,0.05,0.0,0,1615,68,0.0,0.0,2,0,0
Full,5,944,eval,strong,player_win,-10.0,5,100.0,5,Expert,0.05,0.0,0,1615,68,0.0,0.0,2,0,0
Full,5,945,eval,strong,player_win,-10.0,5,100.0,5,Expert,0.05,0.0,0,1615,68,0.0,0.0,1,0,1
Full,5,946,eval,strong,player_win,-10.0,5,100.0,5,Expert,0.05,0.0,0,1615,68,0.0,0.0,2,0,0
Full,5,947,eval,strong,player_win,-10.0,5,100.0,5,Expert,0.05,0.0,0,1615,68,0.0,0.0,1,0,1
Full,5,948,eval,strong,player_win,-10.0,5,100.0,5,Expert,0.05,0.0,0,1615,68,0.0,0.0,2,0,0
Full,5,949,eval,strong,player_win,-10.0,5,100.0,5,Expert,0.05,0.0,0,1615,68,0.0,0.0,2,0,0
Full,5,950,eval,strong,player_win,-10.0,5,100.0,5,Expert,0.05,0.0,0,1615,68,0.0,0.0,2,0,0
Full,5,951,eval,strong,player_win,-10.0,5,100.0,5,Expert,0.05,0.0,0,1615,68,0.0,0.0,2,0,0
Full,5,952,eval,strong,player_win,-10.0,5,100.0,5,Expert,0.05,0.0,0,1615,68,0.0,0.0,2,0,0
Full,5,953,eval,strong,player_win,-10.0,5,100.0,5,Expert,0.05,0.0,0,1615,68,0.0,0.0,2,0,0
Full,5,954,eval,strong,player_win,-10.0,5,100.0,5,Expert,0.05,0.0,0,1615,68,0.0,0.0,2,0,0
Full,5,955,eval,strong,player_win,-10.0,5,100.0,5,Expert,0.05,0.0,0,1615,68,0.0,0.0,2,0,0
Full,5,956,eval,strong,player_win,-10.0,5,100.0,5,Expert,0.05,0.0,0,1615,68,0.0,0.0,2,0,0
Full,5,957,eval,strong,player_win,-10.0,5,100.0,5,Expert,0.05,0.0,0,1615,68,0.0,0.0,2,0,0
Full,5,958,eval,strong,player_win,-10.0,5,100.0,5,Expert,0.05,0.0,0,1615,68,0.0,0.0,2,0,0
Full,5,959,eval,strong,player_win,-10.0,5,100.0,5,Expert,0.05,0.0,0,1615,68,0.0,0.0,2,0,0
Full,5,960,eval,strong,player_win,-10.0,5,100.0,5,Expert,0.05,0.0,0,1615,68,0.0,0.0,1,0,1
Full,5,961,eval,strong,player_win,-10.0,5,100.0,5,Expert,0.05,0.0,0,1615,68,0.0,0.0,1,0,1
Full,5,962,eval,strong,player_win,-10.0,5,100.0,5,Expert,0.05,0.0,0,1615,68,0.0,0.0,2,0,0
Full,5,963,eval,strong,player_win,-10.0,5,100.0,5,Expert,0.05,0.0,0,1615,68,0.0,0.0,2,0,0
Full,5,964,eval,strong,player_win,-10.0,5,100.0,5,Expert,0.05,0.0,0,1615,68,0.0,0.0,2,0,0
Full,5,965,eval,strong,player_win,-10.0,5,100.0,5,Expert,0.05,0.0,0,1615,68,0.0,0.0,2,0,0
Full,5,966,eval,strong,player_win,-10.0,5,100.0,5,Expert,0.05,0.0,0,1615,68,0.0,0.0,2,0,0
Full,5,967,eval,strong,player_win,-10.0,5,100.0,5,Expert,0.05,0.0,0,1615,68,0.0,0.0,2,0,0
Full,5,968,eval,strong,player_win,-10.0,5,100.0,5,Expert,0.05,0.0,0,1615,68,0.0,0.0,2,0,0
Full,5,969,eval,strong,player_win,-10.0,5,100.0,5,Expert,0.05,0.0,0,1615,68,0.0,0.0,2,0,0
Full,5,970,eval,strong,player_win,-10.0,5,100.0,5,Expert,0.05,0.0,0,1615,68,0.0,0.0,2,0,0
Full,5,971,eval,strong,player_win,-10.0,5,100.0,5,Expert,0.05,0.0,0,1615,68,0.0,0.0,1,0,1
Full,5,972,eval,strong,player_win,-10.0,5,100.0,5,Expert,0.05,0.0,0,1615,68,0.0,0.0,2,0,0
Full,5,973,eval,strong,player_win,-10.0,5,100.0,5,Expert,0.05,0.0,0,1615,68,0.0,0.0,2,0,0
Full,5,974,eval,strong,player_win,-10.0,5,100.0,5,Expert,0.05,0.0,0,1615,68,0.0,0.0,2,0,0
Full,5,975,eval,strong,player_win,-10.0,5,100.0,5,Expert,0.05,0.0,0,1615,68,0.0,0.0,2,0,0
Full,5,976,eval,strong,player_win,-10.0,5,100.0,5,Expert,0.05,0.0,0,1615,68,0.0,0.0,2,0,0
Full,5,977,eval,strong,player_win,-10.0,5,100.0,5,Expert,0.05,0.0,0,1615,68,0.0,0.0,2,0,0
Full,5,978,eval,strong,player_win,-10.0,5,100.0,5,Expert,0.05,0.0,0,1615,68,0.0,0.0,2,0,0
Full,5,979,eval,strong,player_win,-10.0,5,100.0,5,Expert,0.05,0.0,0,1615,68,0.0,0.0,2,0,0
Full,5,980,eval,strong,player_win,-10.0,5,100.0,5,Expert,0.05,0.0,0,1615,68,0.0,0.0,2,0,0
Full,5,981,eval,strong,player_win,-10.0,5,100.0,5,Expert,0.05,0.0,0,1615,68,0.0,0.0,2,0,0
Full,5,982,eval,strong,player_win,-10.0,5,100.0,5,Expert,0.05,0.0,0,1615,68,0.0,0.0,2,0,0
Full,5,983,eval,strong,player_win,-10.0,7,100.0,5,Expert,0.05,0.0,0,1615,68,0.0,0.0,2,0,1
Full,5,984,eval,strong,player_win,-10.0,5,100.0,5,Expert,0.05,0.0,0,1615,68,0.0,0.0,2,0,0
Full,5,985,eval,strong,player_win,-10.0,5,100.0,5,Expert,0.05,0.0,0,1615,68,0.0,0.0,2,0,0
Full,5,986,eval,strong,player_win,-10.0,5,100.0,5,Expert,0.05,0.0,0,1615,68,0.0,0.0,2,0,0
Full,5,987,eval,strong,player_win,-10.0,5,100.0,5,Expert,0.05,0.0,0,1615,68,0.0,0.0,2,0,0
Full,5,988,eval,strong,player_win,-10.0,5,100.0,5,Expert,0.05,0.0,0,1615,68,0.0,0.0,2,0,0
Full,5,989,eval,strong,player_win,-10.0,5,100.0,5,Expert,0.05,0.0,0,1615,68,0.0,0.0,2,0,0
Full,5,990,eval,strong,player_win,-10.0,5,100.0,5,Expert,0.05,0.0,0,1615,68,0.0,0.0,1,0,1
Full,5,991,eval,strong,player_win,-10.0,5,100.0,5,Expert,0.05,0.0,0,1615,68,0.0,0.0,2,0,0
Full,5,992,eval,strong,player_win,-10.0,5,100.0,5,Expert,0.05,0.0,0,1615,68,0.0,0.0,2,0,0
Full,5,993,eval,strong,player_win,-10.0,5,100.0,5,Expert,0.05,0.0,0,1615,68,0.0,0.0,1,0,1
Full,5,994,eval,strong,player_win,-10.0,5,100.0,5,Expert,0.05,0.0,0,1615,68,0.0,0.0,2,0,0
Full,5,995,eval,strong,player_win,-10.0,5,100.0,5,Expert,0.05,0.0,0,1615,68,0.0,0.0,2,0,0
Full,5,996,eval,strong,player_win,-10.0,5,100.0,5,Expert,0.05,0.0,0,1615,68,0.0,0.0,2,0,0
Full,5,997,eval,strong,player_win,-10.0,5,100.0,5,Expert,0.05,0.0,0,1615,68,0.0,0.0,2,0,0
Full,5,998,eval,strong,player_win,-10.0,5,100.0,5,Expert,0.05,0.0,0,1615,68,0.0,0.0,2,0,0
Full,5,999,eval,strong,player_win,-10.0,5,100.0,5,Expert,0.05,0.0,0,1615,68,0.0,0.0,2,0,0
Full,5,1000,eval,strong,player_win,-10.0,5,100.0,5,Expert,0.05,0.0,0,1615,68,0.0,0.0,2,0,0
