model,seed,episode,phase,opponent,result,reward,move_count,skill,difficulty,difficulty_name,epsilon,effective_epsilon,q_updates_enabled,q_updates,learned_states,avg_abs_q_change,max_abs_q_change,tactical_moves,epsilon_moves,q_policy_moves
No Adaptive,1,1,train,heuristic,agent_win,10.0,8,50.0,1,Very Easy,0.95,0.76,1,4,4,3.0,3.0,3,0,1
No Adaptive,1,2,train,heuristic,player_win,-10.0,7,50.0,1,Very Easy,0.9025,0.722,1,7,7,0.0,0.0,2,1,0
No Adaptive,1,3,train,heuristic,player_win,-10.0,9,50.0,1,Very Easy,0.8573749999999999,0.6859,1,11,11,0.0,0.0,2,2,0
No Adaptive,1,4,train,heuristic,player_win,-10.0,11,50.0,1,Very Easy,0.8145062499999999,0.651605,1,16,16,0.0,0.0,2,2,1
No Adaptive,1,5,train,heuristic,player_win,-10.0,9,50.0,1,Very Easy,0.7737809374999999,0.6190247499999999,1,20,19,0.0,0.0,2,0,2
No Adaptive,1,6,train,heuristic,player_win,-10.0,11,50.0,1,Very Easy,0.7350918906249998,0.5880735124999998,1,25,24,0.0,0.0,2,1,2
No Adaptive,1,7,train,heuristic,player_win,-10.0,7,50.0,1,Very Easy,0.6983372960937497,0.5586698368749998,1,28,26,0.0,0.0,1,1,1
No Adaptive,1,8,train,heuristic,player_win,-10.0,7,50.0,1,Very Easy,0.6634204312890623,0.5307363450312498,1,31,29,0.0,0.0,2,0,1
No Adaptive,1,9,train,heuristic,player_win,-10.0,5,50.0,1,Very Easy,0.6302494097246091,0.5041995277796872,1,33,31,0.0,0.0,1,0,1
No Adaptive,1,10,train,heuristic,agent_win,10.0,8,50.0,1,Very Easy,0.5987369392383786,0.4789895513907029,1,37,34,3.0,3.0,2,2,0
No Adaptive,1,11,train,heuristic,player_win,-10.0,5,50.0,1,Very Easy,0.5688000922764596,0.4550400738211677,1,39,35,0.0,0.0,1,0,1
No Adaptive,1,12,train,heuristic,player_win,-10.0,9,50.0,1,Very Easy,0.5403600876626365,0.4322880701301093,1,43,38,0.0,0.0,2,1,1
No Adaptive,1,13,train,heuristic,agent_win,10.0,14,50.0,1,Very Easy,0.5133420832795047,0.4106736666236038,1,50,45,3.0,3.0,6,1,0
No Adaptive,1,14,train,heuristic,player_win,-10.0,7,50.0,1,Very Easy,0.48767497911552943,0.39013998329242355,1,53,47,0.0,0.0,1,1,1
No Adaptive,1,15,train,heuristic,player_win,-10.0,9,50.0,1,Very Easy,0.46329123015975293,0.3706329841278024,1,57,51,0.0,0.0,2,0,2
No Adaptive,1,16,train,heuristic,player_win,-10.0,9,50.0,1,Very Easy,0.44012666865176525,0.3521013349214122,1,61,54,0.0,0.0,1,1,2
No Adaptive,1,17,train,heuristic,player_win,-10.0,7,50.0,1,Very Easy,0.41812033521917696,0.3344962681753416,1,64,56,0.0,0.0,2,1,0
No Adaptive,1,18,train,heuristic,agent_win,10.0,8,50.0,1,Very Easy,0.3972143184582181,0.3177714547665745,1,68,59,3.0,3.0,2,0,2
No Adaptive,1,19,train,heuristic,player_win,-10.0,7,50.0,1,Very Easy,0.37735360253530714,0.30188288202824576,1,71,61,0.0,0.0,2,0,1
No Adaptive,1,20,train,heuristic,agent_win,10.0,8,50.0,1,Very Easy,0.35848592240854177,0.2867887379268334,1,75,65,3.0,3.0,2,1,1
No Adaptive,1,21,train,heuristic,player_win,-10.0,7,50.0,1,Very Easy,0.34056162628811465,0.27244930103049175,1,78,67,0.0,0.0,2,0,1
No Adaptive,1,22,train,heuristic,agent_win,10.0,10,50.0,1,Very Easy,0.3235335449737089,0.2588268359789671,1,83,72,3.0,3.0,2,1,2
No Adaptive,1,23,train,heuristic,player_win,-10.0,5,50.0,1,Very Easy,0.30735686772502346,0.2458854941800188,1,85,74,0.0,0.0,1,0,1
No Adaptive,1,24,train,heuristic,agent_win,10.0,6,50.0,1,Very Easy,0.2919890243387723,0.23359121947101782,1,88,76,3.0,3.0,3,0,0
No Adaptive,1,25,train,heuristic,player_win,-10.0,9,50.0,1,Very Easy,0.27738957312183365,0.22191165849746694,1,92,79,0.0,0.0,2,1,1
No Adaptive,1,26,train,heuristic,player_win,-10.0,5,50.0,1,Very Easy,0.263520094465742,0.2108160755725936,1,94,80,0.0,0.0,1,1,0
No Adaptive,1,27,train,heuristic,player_win,-10.0,11,50.0,1,Very Easy,0.25034408974245487,0.2002752717939639,1,99,84,0.0,0.0,3,0,2
No Adaptive,1,28,train,heuristic,player_win,-10.0,7,50.0,1,Very Easy,0.2378268852553321,0.19026150820426568,1,102,86,0.0,0.0,2,0,1
No Adaptive,1,29,train,heuristic,player_win,-10.0,7,50.0,1,Very Easy,0.2259355409925655,0.1807484327940524,1,105,89,0.0,0.0,2,1,0
No Adaptive,1,30,train,heuristic,agent_win,10.0,8,50.0,1,Very Easy,0.2146387639429372,0.17171101115434978,1,109,92,3.0,3.0,3,0,1
No Adaptive,1,31,train,heuristic,player_win,-10.0,9,50.0,1,Very Easy,0.20390682574579033,0.16312546059663227,1,113,95,0.0,0.0,3,0,1
No Adaptive,1,32,train,heuristic,agent_win,10.0,8,50.0,1,Very Easy,0.1937114844585008,0.15496918756680067,1,117,98,3.0,3.0,2,1,1
No Adaptive,1,33,train,heuristic,player_win,-10.0,5,50.0,1,Very Easy,0.18402591023557577,0.14722072818846063,1,119,99,0.0,0.0,2,0,0
No Adaptive,1,34,train,heuristic,agent_win,10.0,6,50.0,1,Very Easy,0.17482461472379698,0.1398596917790376,1,122,101,3.0,3.0,2,0,1
No Adaptive,1,35,train,heuristic,player_win,-10.0,9,50.0,1,Very Easy,0.16608338398760714,0.13286670719008573,1,126,104,0.0,0.0,3,0,1
No Adaptive,1,36,train,heuristic,player_win,-10.0,9,50.0,1,Very Easy,0.15777921478822676,0.1262233718305814,1,130,107,0.0,0.0,2,1,1
No Adaptive,1,37,train,heuristic,agent_win,10.0,10,50.0,1,Very Easy,0.14989025404881542,0.11991220323905234,1,135,111,3.0,3.0,3,0,2
No Adaptive,1,38,train,heuristic,player_win,-10.0,7,50.0,1,Very Easy,0.14239574134637464,0.11391659307709973,1,138,113,0.0,0.0,2,0,1
No Adaptive,1,39,train,heuristic,agent_win,10.0,6,50.0,1,Very Easy,0.1352759542790559,0.10822076342324471,1,141,115,3.0,3.0,2,0,1
No Adaptive,1,40,train,heuristic,agent_win,10.0,8,50.0,1,Very Easy,0.1285121565651031,0.10280972525208248,1,145,118,3.0,3.0,1,0,3
No Adaptive,1,41,train,heuristic,agent_win,10.0,8,50.0,1,Very Easy,0.12208654873684793,0.09766923898947835,1,149,121,3.0,3.0,3,0,1
No Adaptive,1,42,train,heuristic,player_win,-10.0,7,50.0,1,Very Easy,0.11598222130000553,0.09278577704000443,1,152,123,0.0,0.0,2,0,1
No Adaptive,1,43,train,heuristic,player_win,-10.0,9,50.0,1,Very Easy,0.11018311023500525,0.0881464881880042,1,156,126,0.0,0.0,1,1,2
No Adaptive,1,44,train,heuristic,agent_win,10.0,12,50.0,1,Very Easy,0.10467395472325498,0.08373916377860399,1,162,132,3.0,3.0,3,0,3
No Adaptive,1,45,train,heuristic,player_win,-10.0,7,50.0,1,Very Easy,0.09944025698709223,0.0795522055896738,1,165,135,0.0,0.0,2,0,1
No Adaptive,1,46,train,heuristic,agent_win,10.0,8,50.0,1,Very Easy,0.09446824413773762,0.0755745953101901,1,169,138,3.0,3.0,2,0,2
No Adaptive,1,47,train,heuristic,player_win,-10.0,7,50.0,1,Very Easy,0.08974483193085074,0.07179586554468059,1,172,140,0.0,0.0,2,1,0
No Adaptive,1,48,train,heuristic,agent_win,10.0,8,50.0,1,Very Easy,0.0852575903343082,0.06820607226744656,1,176,144,3.0,3.0,2,0,2
No Adaptive,1,49,train,heuristic,agent_win,10.0,10,50.0,1,Very Easy,0.08099471081759278,0.06479576865407423,1,181,148,3.0,3.0,2,0,3
No Adaptive,1,50,train,heuristic,agent_win,10.0,8,50.0,1,Very Easy,0.07694497527671314,0.061555980221370515,1,185,151,3.0,3.0,2,1,1
No Adaptive,1,51,train,heuristic,player_win,-10.0,9,50.0,1,Very Easy,0.07309772651287748,0.05847818121030199,1,189,154,0.0,0.0,3,0,1
No Adaptive,1,52,train,heuristic,agent_win,10.0,8,50.0,1,Very Easy,0.0694428401872336,0.05555427214978688,1,193,157,3.0,3.0,3,0,1
No Adaptive,1,53,train,heuristic,agent_win,10.0,6,50.0,1,Very Easy,0.0659706981778719,0.05277655854229753,1,196,159,3.0,3.0,2,0,1
No Adaptive,1,54,train,heuristic,agent_win,10.0,6,50.0,1,Very Easy,0.0626721632689783,0.050137730615182646,1,199,161,3.0,3.0,2,0,1
No Adaptive,1,55,train,heuristic,player_win,-10.0,7,50.0,1,Very Easy,0.059538555105529384,0.05,1,202,163,0.0,0.0,1,0,2
No Adaptive,1,56,train,heuristic,player_win,-10.0,13,50.0,1,Very Easy,0.05656162735025291,0.05,1,208,168,0.0,0.0,1,0,5
No Adaptive,1,57,train,heuristic,player_win,-10.0,9,50.0,1,Very Easy,0.053733545982740265,0.05,1,212,171,0.0,0.0,2,0,2
No Adaptive,1,58,train,heuristic,agent_win,10.0,8,50.0,1,Very Easy,0.05104686868360325,0.05,1,216,174,3.0,3.0,2,1,1
No Adaptive,1,59,train,heuristic,agent_win,10.0,10,50.0,1,Very Easy,0.05,0.05,1,221,178,3.0,3.0,3,1,1
No Adaptive,1,60,train,heuristic,agent_win,10.0,14,50.0,1,Very Easy,0.05,0.05,1,228,184,3.0,3.0,5,0,2
No Adaptive,1,61,train,heuristic,player_win,-10.0,9,50.0,1,Very Easy,0.05,0.05,1,232,187,0.0,0.0,2,0,2
No Adaptive,1,62,train,heuristic,player_win,-10.0,7,50.0,1,Very Easy,0.05,0.05,1,235,189,0.0,0.0,2,0,1
No Adaptive,1,63,train,heuristic,player_win,-10.0,7,50.0,1,Very Easy,0.05,0.05,1,238,191,0.0,0.0,2,0,1
No Adaptive,1,64,train,heuristic,player_win,-10.0,7,50.0,1,Very Easy,0.05,0.05,1,241,193,0.0,0.0,2,0,1
No Adaptive,1,65,train,heuristic,player_win,-10.0,7,50.0,1,Very Easy,0.05,0.05,1,244,195,0.0,0.0,2,0,1
No Adaptive,1,66,train,heuristic,agent_win,10.0,6,50.0,1,Very Easy,0.05,0.05,1,247,197,3.0,3.0,1,0,2
No Adaptive,1,67,train,heuristic,agent_win,10.0,8,50.0,1,Very Easy,0.05,0.05,1,251,200,3.0,3.0,2,0,2
No Adaptive,1,68,train,heuristic,player_win,-10.0,9,50.0,1,Very Easy,0.05,0.05,1,255,202,0.0,0.0,2,0,2
No Adaptive,1,69,train,heuristic,player_win,-10.0,7,50.0,1,Very Easy,0.05,0.05,1,258,204,0.0,0.0,2,0,1
No Adaptive,1,70,train,heuristic,player_win,-10.0,7,50.0,1,Very Easy,0.05,0.05,1,261,206,0.0,0.0,1,0,2
No Adaptive,1,71,train,heuristic,player_win,-10.0,7,50.0,1,Very Easy,0.05,0.05,1,264,208,0.0,0.0,2,0,1
No Adaptive,1,72,train,heuristic,player_win,-10.0,7,50.0,1,Very Easy,0.05,0.05,1,267,210,0.0,0.0,2,0,1
No Adaptive,1,73,train,heuristic,agent_win,10.0,6,50.0,1,Very Easy,0.05,0.05,1,270,212,3.0,3.0,1,0,2
No Adaptive,1,74,train,heuristic,agent_win,10.0,8,50.0,1,Very Easy,0.05,0.05,1,274,215,3.0,3.0,3,0,1
No Adaptive,1,75,train,heuristic,player_win,-10.0,7,50.0,1,Very Easy,0.05,0.05,1,277,217,0.0,0.0,1,0,2
No Adaptive,1,76,train,heuristic,player_win,-10.0,7,50.0,1,Very Easy,0.05,0.05,1,280,219,0.0,0.0,2,0,1
No Adaptive,1,77,train,heuristic,agent_win,10.0,8,50.0,1,Very Easy,0.05,0.05,1,284,222,3.0,3.0,3,0,1
No Adaptive,1,78,train,heuristic,agent_win,10.0,10,50.0,1,Very Easy,0.05,0.05,1,289,226,3.0,3.0,4,0,1
No Adaptive,1,79,train,heuristic,player_win,-10.0,13,50.0,1,Very Easy,0.05,0.05,1,295,231,0.0,0.0,4,0,2
No Adaptive,1,80,train,heuristic,player_win,-10.0,5,50.0,1,Very Easy,0.05,0.05,1,297,232,0.0,0.0,1,0,1
No Adaptive,1,81,train,heuristic,player_win,-10.0,7,50.0,1,Very Easy,0.05,0.05,1,300,232,0.0,0.0,2,0,1
No Adaptive,1,82,train,heuristic,agent_win,10.0,8,50.0,1,Very Easy,0.05,0.05,1,304,235,3.0,3.0,3,0,1
No Adaptive,1,83,train,heuristic,player_win,-10.0,9,50.0,1,Very Easy,0.05,0.05,1,308,238,0.0,0.0,3,0,1
No Adaptive,1,84,train,heuristic,player_win,-10.0,9,50.0,1,Very Easy,0.05,0.05,1,312,241,0.0,0.0,2,1,1
No Adaptive,1,85,train,heuristic,player_win,-10.0,7,50.0,1,Very Easy,0.05,0.05,1,315,243,0.0,0.0,1,0,2
No Adaptive,1,86,train,heuristic,agent_win,10.0,8,50.0,1,Very Easy,0.05,0.05,1,319,246,3.0,3.0,2,1,1
No Adaptive,1,87,train,heuristic,player_win,-10.0,5,50.0,1,Very Easy,0.05,0.05,1,321,247,0.0,0.0,1,0,1
No Adaptive,1,88,train,heuristic,player_win,-10.0,11,50.0,1,Very Easy,0.05,0.05,1,326,251,0.0,0.0,4,0,1
No Adaptive,1,89,train,heuristic,agent_win,10.0,6,50.0,1,Very Easy,0.05,0.05,1,329,253,3.0,3.0,2,0,1
No Adaptive,1,90,train,heuristic,agent_win,10.0,8,50.0,1,Very Easy,0.05,0.05,1,333,256,3.0,3.0,2,0,2
No Adaptive,1,91,train,heuristic,player_win,-10.0,7,50.0,1,Very Easy,0.05,0.05,1,336,258,0.0,0.0,1,0,2
No Adaptive,1,92,train,heuristic,player_win,-10.0,9,50.0,1,Very Easy,0.05,0.05,1,340,261,0.0,0.0,3,0,1
No Adaptive,1,93,train,heuristic,agent_win,10.0,10,50.0,1,Very Easy,0.05,0.05,1,345,265,3.0,3.0,2,0,3
No Adaptive,1,94,train,heuristic,agent_win,10.0,12,50.0,1,Very Easy,0.05,0.05,1,351,270,3.0,3.0,1,0,5
No Adaptive,1,95,train,heuristic,player_win,-10.0,7,50.0,1,Very Easy,0.05,0.05,1,354,272,0.0,0.0,1,1,1
No Adaptive,1,96,train,heuristic,player_win,-10.0,11,50.0,1,Very Easy,0.05,0.05,1,359,276,0.0,0.0,3,0,2
No Adaptive,1,97,train,heuristic,agent_win,10.0,6,50.0,1,Very Easy,0.05,0.05,1,362,278,3.0,3.0,2,0,1
No Adaptive,1,98,train,heuristic,player_win,-10.0,7,50.0,1,Very Easy,0.05,0.05,1,365,280,0.0,0.0,2,0,1
No Adaptive,1,99,train,heuristic,player_win,-10.0,9,50.0,1,Very Easy,0.05,0.05,1,369,283,0.0,0.0,1,0,3
No Adaptive,1,100,train,heuristic,player_win,-10.0,11,50.0,1,Very Easy,0.05,0.05,1,374,287,0.0,0.0,3,1,1
No Adaptive,1,101,train,heuristic,agent_win,10.0,8,50.0,1,Very Easy,0.05,0.05,1,378,290,3.0,3.0,2,0,2
No Adaptive,1,102,train,heuristic,player_win,-10.0,7,50.0,1,Very Easy,0.05,0.05,1,381,292,0.0,0.0,2,0,1
No Adaptive,1,103,train,heuristic,player_win,-10.0,7,50.0,1,Very Easy,0.05,0.05,1,384,294,0.0,0.0,2,0,1
No Adaptive,1,104,train,heuristic,player_win,-10.0,7,50.0,1,Very Easy,0.05,0.05,1,387,296,0.0,0.0,2,0,1
No Adaptive,1,105,train,heuristic,player_win,-10.0,11,50.0,1,Very Easy,0.05,0.05,1,392,299,0.0,0.0,2,1,2
No Adaptive,1,106,train,heuristic,agent_win,10.0,8,50.0,1,Very Easy,0.05,0.05,1,396,302,3.0,3.0,2,0,2
No Adaptive,1,107,train,heuristic,agent_win,10.0,8,50.0,1,Very Easy,0.05,0.05,1,400,305,3.0,3.0,2,0,2
No Adaptive,1,108,train,heuristic,player_win,-10.0,11,50.0,1,Very Easy,0.05,0.05,1,405,309,0.0,0.0,4,0,1
No Adaptive,1,109,train,heuristic,player_win,-10.0,9,50.0,1,Very Easy,0.05,0.05,1,409,312,0.0,0.0,3,0,1
No Adaptive,1,110,train,heuristic,agent_win,10.0,8,50.0,1,Very Easy,0.05,0.05,1,413,315,3.0,3.0,1,0,3
No Adaptive,1,111,train,heuristic,player_win,-10.0,7,50.0,1,Very Easy,0.05,0.05,1,416,317,0.0,0.0,2,0,1
No Adaptive,1,112,train,heuristic,player_win,-10.0,9,50.0,1,Very Easy,0.05,0.05,1,420,320,0.0,0.0,1,0,3
No Adaptive,1,113,train,heuristic,player_win,-10.0,5,50.0,1,Very Easy,0.05,0.05,1,422,321,0.0,0.0,1,0,1
No Adaptive,1,114,train,heuristic,agent_win,10.0,8,50.0,1,Very Easy,0.05,0.05,1,426,324,3.0,3.0,2,0,2
No Adaptive,1,115,train,heuristic,agent_win,10.0,8,50.0,1,Very Easy,0.05,0.05,1,430,327,3.0,3.0,3,0,1
No Adaptive,1,116,train,heuristic,agent_win,10.0,8,50.0,1,Very Easy,0.05,0.05,1,434,329,3.0,3.0,3,0,1
No Adaptive,1,117,train,heuristic,agent_win,10.0,8,50.0,1,Very Easy,0.05,0.05,1,438,332,3.0,3.0,2,0,2
No Adaptive,1,118,train,heuristic,agent_win,10.0,6,50.0,1,Very Easy,0.05,0.05,1,441,334,3.0,3.0,1,0,2
No Adaptive,1,119,train,heuristic,agent_win,10.0,6,50.0,1,Very Easy,0.05,0.05,1,444,336,3.0,3.0,1,0,2
No Adaptive,1,120,train,heuristic,agent_win,10.0,8,50.0,1,Very Easy,0.05,0.05,1,448,339,3.0,3.0,3,0,1
No Adaptive,1,121,train,heuristic,agent_win,10.0,8,50.0,1,Very Easy,0.05,0.05,1,452,342,3.0,3.0,2,0,2
No Adaptive,1,122,train,heuristic,agent_win,10.0,6,50.0,1,Very Easy,0.05,0.05,1,455,343,3.0,3.0,2,0,1
No Adaptive,1,123,train,heuristic,agent_win,10.0,6,50.0,1,Very Easy,0.05,0.05,1,458,345,3.0,3.0,2,0,1
No Adaptive,1,124,train,heuristic,agent_win,10.0,8,50.0,1,Very Easy,0.05,0.05,1,462,346,3.0,3.0,3,0,1
No Adaptive,1,125,train,heuristic,player_win,-10.0,7,50.0,1,Very Easy,0.05,0.05,1,465,348,0.0,0.0,2,0,1
No Adaptive,1,126,train,heuristic,player_win,-10.0,9,50.0,1,Very Easy,0.05,0.05,1,469,351,0.0,0.0,2,0,2
No Adaptive,1,127,train,heuristic,player_win,-10.0,9,50.0,1,Very Easy,0.05,0.05,1,473,354,0.0,0.0,3,0,1
No Adaptive,1,128,train,heuristic,player_win,-10.0,13,50.0,1,Very Easy,0.05,0.05,1,479,359,0.0,0.0,2,0,4
No Adaptive,1,129,train,heuristic,agent_win,10.0,8,50.0,1,Very Easy,0.05,0.05,1,483,362,3.0,3.0,2,0,2
No Adaptive,1,130,train,heuristic,agent_win,10.0,10,50.0,1,Very Easy,0.05,0.05,1,488,366,3.0,3.0,2,0,3
No Adaptive,1,131,train,heuristic,agent_win,10.0,8,50.0,1,Very Easy,0.05,0.05,1,492,369,3.0,3.0,2,0,2
No Adaptive,1,132,train,heuristic,player_win,-10.0,9,50.0,1,Very Easy,0.05,0.05,1,496,372,0.0,0.0,2,0,2
No Adaptive,1,133,train,heuristic,agent_win,10.0,6,50.0,1,Very Easy,0.05,0.05,1,499,374,3.0,3.0,2,0,1
No Adaptive,1,134,train,heuristic,player_win,-10.0,7,50.0,1,Very Easy,0.05,0.05,1,502,376,0.0,0.0,2,0,1
No Adaptive,1,135,train,heuristic,draw,3.0,16,50.0,1,Very Easy,0.05,0.05,1,510,383,0.8999999999999999,0.8999999999999999,6,0,2
No Adaptive,1,136,train,heuristic,player_win,-10.0,13,50.0,1,Very Easy,0.05,0.05,1,516,388,0.0,0.0,3,0,3
No Adaptive,1,137,train,heuristic,player_win,-10.0,7,50.0,1,Very Easy,0.05,0.05,1,519,390,0.0,0.0,2,0,1
No Adaptive,1,138,train,heuristic,agent_win,10.0,6,50.0,1,Very Easy,0.05,0.05,1,522,392,3.0,3.0,2,0,1
No Adaptive,1,139,train,heuristic,player_win,-10.0,5,50.0,1,Very Easy,0.05,0.05,1,524,393,0.0,0.0,1,0,1
No Adaptive,1,140,train,heuristic,player_win,-10.0,7,50.0,1,Very Easy,0.05,0.05,1,527,395,0.0,0.0,2,0,1
No Adaptive,1,141,train,heuristic,player_win,-10.0,7,50.0,1,Very Easy,0.05,0.05,1,530,397,0.0,0.0,2,0,1
No Adaptive,1,142,train,heuristic,player_win,-10.0,13,50.0,1,Very Easy,0.05,0.05,1,536,402,0.0,0.0,4,0,2
No Adaptive,1,143,train,heuristic,agent_win,10.0,8,50.0,1,Very Easy,0.05,0.05,1,540,405,3.0,3.0,2,0,2
No Adaptive,1,144,train,heuristic,player_win,-10.0,9,50.0,1,Very Easy,0.05,0.05,1,544,408,0.0,0.0,1,0,3
No Adaptive,1,145,train,heuristic,player_win,-10.0,7,50.0,1,Very Easy,0.05,0.05,1,547,410,0.0,0.0,2,0,1
No Adaptive,1,146,train,heuristic,player_win,-10.0,7,50.0,1,Very Easy,0.05,0.05,1,550,412,0.0,0.0,2,0,1
No Adaptive,1,147,train,heuristic,player_win,-10.0,9,50.0,1,Very Easy,0.05,0.05,1,554,415,0.0,0.0,2,0,2
No Adaptive,1,148,train,heuristic,agent_win,10.0,8,50.0,1,Very Easy,0.05,0.05,1,558,418,3.0,3.0,1,0,3
No Adaptive,1,149,train,heuristic,player_win,-10.0,5,50.0,1,Very Easy,0.05,0.05,1,560,419,0.0,0.0,1,0,1
No Adaptive,1,150,train,heuristic,agent_win,10.0,8,50.0,1,Very Easy,0.05,0.05,1,564,422,3.0,3.0,1,0,3
No Adaptive,1,151,train,heuristic,player_win,-10.0,7,50.0,1,Very Easy,0.05,0.05,1,567,424,0.0,0.0,1,0,2
No Adaptive,1,152,train,heuristic,player_win,-10.0,7,50.0,1,Very Easy,0.05,0.05,1,570,426,0.0,0.0,2,0,1
No Adaptive,1,153,train,heuristic,agent_win,10.0,8,50.0,1,Very Easy,0.05,0.05,1,574,429,3.0,3.0,2,0,2
No Adaptive,1,154,train,heuristic,agent_win,10.0,6,50.0,1,Very Easy,0.05,0.05,1,577,431,3.0,3.0,3,0,0
No Adaptive,1,155,train,heuristic,agent_win,10.0,8,50.0,1,Very Easy,0.05,0.05,1,581,434,3.0,3.0,2,0,2
No Adaptive,1,156,train,heuristic,agent_win,10.0,8,50.0,1,Very Easy,0.05,0.05,1,585,437,3.0,3.0,3,0,1
No Adaptive,1,157,train,heuristic,player_win,-10.0,9,50.0,1,Very Easy,0.05,0.05,1,589,440,0.0,0.0,3,0,1
No Adaptive,1,158,train,heuristic,agent_win,10.0,10,50.0,1,Very Easy,0.05,0.05,1,594,444,3.0,3.0,3,0,2
No Adaptive,1,159,train,heuristic,player_win,-10.0,7,50.0,1,Very Easy,0.05,0.05,1,597,446,0.0,0.0,1,0,2
No Adaptive,1,160,train,heuristic,agent_win,10.0,8,50.0,1,Very Easy,0.05,0.05,1,601,449,3.0,3.0,1,0,3
No Adaptive,1,161,train,heuristic,agent_win,10.0,8,50.0,1,Very Easy,0.05,0.05,1,605,452,3.0,3.0,2,0,2
No Adaptive,1,162,train,heuristic,agent_win,10.0,10,50.0,1,Very Easy,0.05,0.05,1,610,456,3.0,3.0,3,1,1
No Adaptive,1,163,train,heuristic,agent_win,10.0,6,50.0,1,Very Easy,0.05,0.05,1,613,458,3.0,3.0,2,0,1
No Adaptive,1,164,train,heuristic,player_win,-10.0,7,50.0,1,Very Easy,0.05,0.05,1,616,459,0.0,0.0,1,0,2
No Adaptive,1,165,train,heuristic,agent_win,10.0,6,50.0,1,Very Easy,0.05,0.05,1,619,461,3.0,3.0,2,0,1
No Adaptive,1,166,train,heuristic,agent_win,10.0,8,50.0,1,Very Easy,0.05,0.05,1,623,464,3.0,3.0,2,0,2
No Adaptive,1,167,train,heuristic,player_win,-10.0,11,50.0,1,Very Easy,0.05,0.05,1,628,468,0.0,0.0,3,0,2
No Adaptive,1,168,train,heuristic,agent_win,10.0,8,50.0,1,Very Easy,0.05,0.05,1,632,471,3.0,3.0,2,0,2
No Adaptive,1,169,train,heuristic,player_win,-10.0,7,50.0,1,Very Easy,0.05,0.05,1,635,473,0.0,0.0,1,0,2
No Adaptive,1,170,train,heuristic,agent_win,10.0,8,50.0,1,Very Easy,0.05,0.05,1,639,475,3.0,3.0,2,0,2
No Adaptive,1,171,train,heuristic,agent_win,10.0,6,50.0,1,Very Easy,0.05,0.05,1,642,477,3.0,3.0,2,0,1
No Adaptive,1,172,train,heuristic,player_win,-10.0,7,50.0,1,Very Easy,0.05,0.05,1,645,477,0.0,0.0,2,0,1
No Adaptive,1,173,train,heuristic,agent_win,10.0,10,50.0,1,Very Easy,0.05,0.05,1,650,481,3.0,3.0,2,0,3
No Adaptive,1,174,train,heuristic,player_win,-10.0,9,50.0,1,Very Easy,0.05,0.05,1,654,484,0.0,0.0,1,0,3
No Adaptive,1,175,train,heuristic,agent_win,10.0,8,50.0,1,Very Easy,0.05,0.05,1,658,487,3.0,3.0,2,0,2
No Adaptive,1,176,train,heuristic,agent_win,10.0,10,50.0,1,Very Easy,0.05,0.05,1,663,491,3.0,3.0,2,0,3
No Adaptive,1,177,train,heuristic,agent_win,10.0,10,50.0,1,Very Easy,0.05,0.05,1,668,495,3.0,3.0,2,0,3
No Adaptive,1,178,train,heuristic,agent_win,10.0,6,50.0,1,Very Easy,0.05,0.05,1,671,497,3.0,3.0,2,0,1
No Adaptive,1,179,train,heuristic,agent_win,10.0,10,50.0,1,Very Easy,0.05,0.05,1,676,500,3.0,3.0,4,0,1
No Adaptive,1,180,train,heuristic,player_win,-10.0,7,50.0,1,Very Easy,0.05,0.05,1,679,500,0.0,0.0,2,0,1
No Adaptive,1,181,train,heuristic,player_win,-10.0,7,50.0,1,Very Easy,0.05,0.05,1,682,502,0.0,0.0,1,1,1
No Adaptive,1,182,train,heuristic,agent_win,10.0,10,50.0,1,Very Easy,0.05,0.05,1,687,506,3.0,3.0,1,0,4
No Adaptive,1,183,train,heuristic,player_win,-10.0,7,50.0,1,Very Easy,0.05,0.05,1,690,508,0.0,0.0,1,0,2
No Adaptive,1,184,train,heuristic,player_win,-10.0,11,50.0,1,Very Easy,0.05,0.05,1,695,512,0.0,0.0,3,0,2
No Adaptive,1,185,train,heuristic,player_win,-10.0,9,50.0,1,Very Easy,0.05,0.05,1,699,515,0.0,0.0,3,0,1
No Adaptive,1,186,train,heuristic,agent_win,10.0,6,50.0,1,Very Easy,0.05,0.05,1,702,517,3.0,3.0,2,0,1
No Adaptive,1,187,train,heuristic,player_win,-10.0,7,50.0,1,Very Easy,0.05,0.05,1,705,519,0.0,0.0,2,0,1
No Adaptive,1,188,train,heuristic,agent_win,10.0,12,50.0,1,Very Easy,0.05,0.05,1,711,524,3.0,3.0,5,0,1
No Adaptive,1,189,train,heuristic,player_win,-10.0,7,50.0,1,Very Easy,0.05,0.05,1,714,526,0.0,0.0,2,0,1
No Adaptive,1,190,train,heuristic,agent_win,10.0,8,50.0,1,Very Easy,0.05,0.05,1,718,529,3.0,3.0,3,0,1
No Adaptive,1,191,train,heuristic,player_win,-10.0,11,50.0,1,Very Easy,0.05,0.05,1,723,533,0.0,0.0,4,0,1
No Adaptive,1,192,train,heuristic,player_win,-10.0,7,50.0,1,Very Easy,0.05,0.05,1,726,535,0.0,0.0,2,0,1
No Adaptive,1,193,train,heuristic,player_win,-10.0,9,50.0,1,Very Easy,0.05,0.05,1,730,538,0.0,0.0,2,0,2
No Adaptive,1,194,train,heuristic,player_win,-10.0,5,50.0,1,Very Easy,0.05,0.05,1,732,539,0.0,0.0,1,0,1
No Adaptive,1,195,train,heuristic,agent_win,10.0,10,50.0,1,Very Easy,0.05,0.05,1,737,542,3.0,3.0,2,0,3
No Adaptive,1,196,train,heuristic,agent_win,10.0,8,50.0,1,Very Easy,0.05,0.05,1,741,545,3.0,3.0,3,0,1
No Adaptive,1,197,train,heuristic,player_win,-10.0,9,50.0,1,Very Easy,0.05,0.05,1,745,546,0.0,0.0,4,0,0
No Adaptive,1,198,train,heuristic,agent_win,10.0,8,50.0,1,Very Easy,0.05,0.05,1,749,549,3.0,3.0,3,0,1
No Adaptive,1,199,train,heuristic,agent_win,10.0,6,50.0,1,Very Easy,0.05,0.05,1,752,551,3.0,3.0,2,0,1
No Adaptive,1,200,train,heuristic,agent_win,10.0,8,50.0,1,Very Easy,0.05,0.05,1,756,554,3.0,3.0,3,0,1
No Adaptive,1,201,train,heuristic,player_win,-10.0,9,50.0,1,Very Easy,0.05,0.05,1,760,557,0.0,0.0,1,0,3
No Adaptive,1,202,train,heuristic,player_win,-10.0,7,50.0,1,Very Easy,0.05,0.05,1,763,559,0.0,0.0,1,0,2
No Adaptive,1,203,train,heuristic,player_win,-10.0,5,50.0,1,Very Easy,0.05,0.05,1,765,560,0.0,0.0,1,0,1
No Adaptive,1,204,train,heuristic,agent_win,10.0,6,50.0,1,Very Easy,0.05,0.05,1,768,562,3.0,3.0,2,0,1
No Adaptive,1,205,train,heuristic,player_win,-10.0,15,50.0,1,Very Easy,0.05,0.05,1,775,568,0.0,0.0,5,0,2
No Adaptive,1,206,train,heuristic,agent_win,10.0,8,50.0,1,Very Easy,0.05,0.05,1,779,570,2.0999999999999996,2.0999999999999996,3,0,1
No Adaptive,1,207,train,heuristic,agent_win,10.0,8,50.0,1,Very Easy,0.05,0.05,1,783,573,3.0,3.0,2,0,2
No Adaptive,1,208,train,heuristic,agent_win,10.0,8,50.0,1,Very Easy,0.05,0.05,1,787,576,3.0,3.0,2,0,2
No Adaptive,1,209,train,heuristic,player_win,-10.0,7,50.0,1,Very Easy,0.05,0.05,1,790,578,0.0,0.0,3,0,0
No Adaptive,1,210,train,heuristic,player_win,-10.0,9,50.0,1,Very Easy,0.05,0.05,1,794,581,0.0,0.0,1,0,3
No Adaptive,1,211,train,heuristic,player_win,-10.0,13,50.0,1,Very Easy,0.05,0.05,1,800,586,0.0,0.0,5,0,1
No Adaptive,1,212,train,heuristic,player_win,-10.0,9,50.0,1,Very Easy,0.05,0.05,1,804,589,0.0,0.0,2,0,2
No Adaptive,1,213,train,heuristic,player_win,-10.0,7,50.0,1,Very Easy,0.05,0.05,1,807,591,0.0,0.0,2,0,1
No Adaptive,1,214,train,heuristic,player_win,-10.0,9,50.0,1,Very Easy,0.05,0.05,1,811,594,0.0,0.0,2,0,2
No Adaptive,1,215,train,heuristic,player_win,-10.0,7,50.0,1,Very Easy,0.05,0.05,1,814,596,0.0,0.0,1,0,2
No Adaptive,1,216,train,heuristic,agent_win,10.0,8,50.0,1,Very Easy,0.05,0.05,1,818,599,3.0,3.0,3,0,1
No Adaptive,1,217,train,heuristic,player_win,-10.0,5,50.0,1,Very Easy,0.05,0.05,1,820,600,0.0,0.0,1,0,1
No Adaptive,1,218,train,heuristic,player_win,-10.0,9,50.0,1,Very Easy,0.05,0.05,1,824,603,0.0,0.0,1,0,3
No Adaptive,1,219,train,heuristic,agent_win,10.0,14,50.0,1,Very Easy,0.05,0.05,1,831,609,3.0,3.0,3,0,4
No Adaptive,1,220,train,heuristic,player_win,-10.0,7,50.0,1,Very Easy,0.05,0.05,1,834,611,0.0,0.0,3,0,0
No Adaptive,1,221,train,heuristic,player_win,-10.0,11,50.0,1,Very Easy,0.05,0.05,1,839,615,0.0,0.0,2,0,3
No Adaptive,1,222,train,heuristic,agent_win,10.0,10,50.0,1,Very Easy,0.05,0.05,1,844,619,3.0,3.0,2,0,3
No Adaptive,1,223,train,heuristic,player_win,-10.0,7,50.0,1,Very Easy,0.05,0.05,1,847,621,0.0,0.0,2,0,1
No Adaptive,1,224,train,heuristic,player_win,-10.0,7,50.0,1,Very Easy,0.05,0.05,1,850,623,0.0,0.0,2,1,0
No Adaptive,1,225,train,heuristic,agent_win,10.0,8,50.0,1,Very Easy,0.05,0.05,1,854,626,3.0,3.0,2,0,2
No Adaptive,1,226,train,heuristic,agent_win,10.0,6,50.0,1,Very Easy,0.05,0.05,1,857,628,3.0,3.0,2,0,1
No Adaptive,1,227,train,heuristic,player_win,-10.0,7,50.0,1,Very Easy,0.05,0.05,1,860,630,0.0,0.0,2,0,1
No Adaptive,1,228,train,heuristic,player_win,-10.0,7,50.0,1,Very Easy,0.05,0.05,1,863,632,0.0,0.0,1,0,2
No Adaptive,1,229,train,heuristic,agent_win,10.0,10,50.0,1,Very Easy,0.05,0.05,1,868,636,3.0,3.0,4,0,1
No Adaptive,1,230,train,heuristic,agent_win,10.0,12,50.0,1,Very Easy,0.05,0.05,1,874,641,3.0,3.0,2,0,4
No Adaptive,1,231,train,heuristic,player_win,-10.0,9,50.0,1,Very Easy,0.05,0.05,1,878,643,0.0,0.0,2,0,2
No Adaptive,1,232,train,heuristic,player_win,-10.0,7,50.0,1,Very Easy,0.05,0.05,1,881,645,0.0,0.0,2,0,1
No Adaptive,1,233,train,heuristic,agent_win,10.0,8,50.0,1,Very Easy,0.05,0.05,1,885,648,3.0,3.0,3,0,1
No Adaptive,1,234,train,heuristic,agent_win,10.0,6,50.0,1,Very Easy,0.05,0.05,1,888,650,3.0,3.0,2,0,1
No Adaptive,1,235,train,heuristic,player_win,-10.0,11,50.0,1,Very Easy,0.05,0.05,1,893,654,0.0,0.0,3,0,2
No Adaptive,1,236,train,heuristic,agent_win,10.0,8,50.0,1,Very Easy,0.05,0.05,1,897,657,3.0,3.0,2,0,2
No Adaptive,1,237,train,heuristic,player_win,-10.0,5,50.0,1,Very Easy,0.05,0.05,1,899,658,0.0,0.0,1,0,1
No Adaptive,1,238,train,heuristic,agent_win,10.0,10,50.0,1,Very Easy,0.05,0.05,1,904,662,3.0,3.0,4,1,0
No Adaptive,1,239,train,heuristic,agent_win,10.0,8,50.0,1,Very Easy,0.05,0.05,1,908,665,3.0,3.0,2,0,2
No Adaptive,1,240,train,heuristic,agent_win,10.0,12,50.0,1,Very Easy,0.05,0.05,1,914,670,3.0,3.0,4,0,2
No Adaptive,1,241,train,heuristic,agent_win,10.0,10,50.0,1,Very Easy,0.05,0.05,1,919,673,3.0,3.0,4,0,1
No Adaptive,1,242,train,heuristic,agent_win,10.0,12,50.0,1,Very Easy,0.05,0.05,1,925,678,3.0,3.0,3,0,3
No Adaptive,1,243,train,heuristic,agent_win,10.0,8,50.0,1,Very Easy,0.05,0.05,1,929,681,3.0,3.0,2,0,2
No Adaptive,1,244,train,heuristic,player_win,-10.0,7,50.0,1,Very Easy,0.05,0.05,1,932,683,0.0,0.0,2,1,0
No Adaptive,1,245,train,heuristic,agent_win,10.0,6,50.0,1,Very Easy,0.05,0.05,1,935,685,3.0,3.0,2,0,1
No Adaptive,1,246,train,heuristic,agent_win,10.0,8,50.0,1,Very Easy,0.05,0.05,1,939,688,3.0,3.0,3,0,1
No Adaptive,1,247,train,heuristic,player_win,-10.0,13,50.0,1,Very Easy,0.05,0.05,1,945,692,0.0,0.0,3,1,2
No Adaptive,1,248,train,heuristic,agent_win,10.0,8,50.0,1,Very Easy,0.05,0.05,1,949,695,3.0,3.0,2,0,2
No Adaptive,1,249,train,heuristic,player_win,-10.0,11,50.0,1,Very Easy,0.05,0.05,1,954,699,0.0,0.0,3,0,2
No Adaptive,1,250,train,heuristic,player_win,-10.0,11,50.0,1,Very Easy,0.05,0.05,1,959,703,0.0,0.0,2,0,3
No Adaptive,1,251,train,heuristic,player_win,-10.0,7,50.0,1,Very Easy,0.05,0.05,1,962,705,0.0,0.0,2,0,1
No Adaptive,1,252,train,heuristic,player_win,-10.0,11,50.0,1,Very Easy,0.05,0.05,1,967,709,0.0,0.0,3,0,2
No Adaptive,1,253,train,heuristic,player_win,-10.0,7,50.0,1,Very Easy,0.05,0.05,1,970,711,0.0,0.0,1,0,2
No Adaptive,1,254,train,heuristic,agent_win,10.0,10,50.0,1,Very Easy,0.05,0.05,1,975,715,3.0,3.0,3,0,2
No Adaptive,1,255,train,heuristic,player_win,-10.0,5,50.0,1,Very Easy,0.05,0.05,1,977,716,0.0,0.0,1,0,1
No Adaptive,1,256,train,heuristic,player_win,-10.0,5,50.0,1,Very Easy,0.05,0.05,1,979,716,0.0,0.0,1,0,1
No Adaptive,1,257,train,heuristic,player_win,-10.0,9,50.0,1,Very Easy,0.05,0.05,1,983,719,0.0,0.0,2,0,2
No Adaptive,1,258,train,heuristic,player_win,-10.0,11,50.0,1,Very Easy,0.05,0.05,1,988,723,0.0,0.0,2,0,3
No Adaptive,1,259,train,heuristic,player_win,-10.0,9,50.0,1,Very Easy,0.05,0.05,1,992,726,0.0,0.0,2,0,2
No Adaptive,1,260,train,heuristic,agent_win,10.0,8,50.0,1,Very Easy,0.05,0.05,1,996,729,3.0,3.0,3,0,1
No Adaptive,1,261,train,heuristic,player_win,-10.0,5,50.0,1,Very Easy,0.05,0.05,1,998,730,0.0,0.0,1,0,1
No Adaptive,1,262,train,heuristic,agent_win,10.0,8,50.0,1,Very Easy,0.05,0.05,1,1002,731,3.0,3.0,3,0,1
No Adaptive,1,263,train,heuristic,agent_win,10.0,10,50.0,1,Very Easy,0.05,0.05,1,1007,735,3.0,3.0,4,0,1
No Adaptive,1,264,train,heuristic,agent_win,10.0,8,50.0,1,Very Easy,0.05,0.05,1,1011,738,3.0,3.0,3,0,1
No Adaptive,1,265,train,heuristic,agent_win,10.0,8,50.0,1,Very Easy,0.05,0.05,1,1015,741,3.0,3.0,3,0,1
No Adaptive,1,266,train,heuristic,agent_win,10.0,10,50.0,1,Very Easy,0.05,0.05,1,1020,745,3.0,3.0,1,0,4
No Adaptive,1,267,train,heuristic,agent_win,10.0,8,50.0,1,Very Easy,0.05,0.05,1,1024,748,3.0,3.0,2,0,2
No Adaptive,1,268,train,heuristic,agent_win,10.0,8,50.0,1,Very Easy,0.05,0.05,1,1028,751,3.0,3.0,3,0,1
No Adaptive,1,269,train,heuristic,agent_win,10.0,10,50.0,1,Very Easy,0.05,0.05,1,1033,755,3.0,3.0,2,0,3
No Adaptive,1,270,train,heuristic,agent_win,10.0,8,50.0,1,Very Easy,0.05,0.05,1,1037,758,3.0,3.0,2,0,2
No Adaptive,1,271,train,heuristic,player_win,-10.0,5,50.0,1,Very Easy,0.05,0.05,1,1039,759,0.0,0.0,1,0,1
No Adaptive,1,272,train,heuristic,agent_win,10.0,8,50.0,1,Very Easy,0.05,0.05,1,1043,760,3.0,3.0,3,0,1
No Adaptive,1,273,train,heuristic,agent_win,10.0,14,50.0,1,Very Easy,0.05,0.05,1,1050,765,3.0,3.0,3,0,4
No Adaptive,1,274,train,heuristic,agent_win,10.0,6,50.0,1,Very Easy,0.05,0.05,1,1053,766,3.0,3.0,2,0,1
No Adaptive,1,275,train,heuristic,agent_win,10.0,8,50.0,1,Very Easy,0.05,0.05,1,1057,769,3.0,3.0,2,0,2
No Adaptive,1,276,train,heuristic,agent_win,10.0,6,50.0,1,Very Easy,0.05,0.05,1,1060,771,3.0,3.0,2,0,1
No Adaptive,1,277,train,heuristic,agent_win,10.0,6,50.0,1,Very Easy,0.05,0.05,1,1063,773,3.0,3.0,2,0,1
No Adaptive,1,278,train,heuristic,player_win,-10.0,11,50.0,1,Very Easy,0.05,0.05,1,1068,777,0.0,0.0,3,0,2
No Adaptive,1,279,train,heuristic,agent_win,10.0,6,50.0,1,Very Easy,0.05,0.05,1,1071,779,3.0,3.0,1,0,2
No Adaptive,1,280,train,heuristic,player_win,-10.0,5,50.0,1,Very Easy,0.05,0.05,1,1073,780,0.0,0.0,1,0,1
No Adaptive,1,281,train,heuristic,agent_win,10.0,8,50.0,1,Very Easy,0.05,0.05,1,1077,783,3.0,3.0,1,0,3
No Adaptive,1,282,train,heuristic,player_win,-10.0,7,50.0,1,Very Easy,0.05,0.05,1,1080,785,0.0,0.0,2,0,1
No Adaptive,1,283,train,heuristic,agent_win,10.0,10,50.0,1,Very Easy,0.05,0.05,1,1085,789,3.0,3.0,3,0,2
No Adaptive,1,284,train,heuristic,agent_win,10.0,8,50.0,1,Very Easy,0.05,0.05,1,1089,792,3.0,3.0,2,0,2
No Adaptive,1,285,train,heuristic,player_win,-10.0,9,50.0,1,Very Easy,0.05,0.05,1,1093,795,0.0,0.0,2,0,2
No Adaptive,1,286,train,heuristic,agent_win,10.0,8,50.0,1,Very Easy,0.05,0.05,1,1097,797,3.0,3.0,2,0,2
No Adaptive,1,287,train,heuristic,agent_win,10.0,10,50.0,1,Very Easy,0.05,0.05,1,1102,801,3.0,3.0,2,1,2
No Adaptive,1,288,train,heuristic,agent_win,10.0,10,50.0,1,Very Easy,0.05,0.05,1,1107,805,3.0,3.0,3,0,2
No Adaptive,1,289,train,heuristic,player_win,-10.0,9,50.0,1,Very Easy,0.05,0.05,1,1111,808,0.0,0.0,2,1,1
No Adaptive,1,290,train,heuristic,agent_win,10.0,8,50.0,1,Very Easy,0.05,0.05,1,1115,811,3.0,3.0,3,0,1
No Adaptive,1,291,train,heuristic,agent_win,10.0,6,50.0,1,Very Easy,0.05,0.05,1,1118,813,3.0,3.0,2,0,1
No Adaptive,1,292,train,heuristic,player_win,-10.0,5,50.0,1,Very Easy,0.05,0.05,1,1120,814,0.0,0.0,1,0,1
No Adaptive,1,293,train,heuristic,agent_win,10.0,6,50.0,1,Very Easy,0.05,0.05,1,1123,816,3.0,3.0,3,0,0
No Adaptive,1,294,train,heuristic,player_win,-10.0,7,50.0,1,Very Easy,0.05,0.05,1,1126,818,0.0,0.0,2,1,0
No Adaptive,1,295,train,heuristic,agent_win,10.0,8,50.0,1,Very Easy,0.05,0.05,1,1130,821,3.0,3.0,3,0,1
No Adaptive,1,296,train,heuristic,player_win,-10.0,9,50.0,1,Very Easy,0.05,0.05,1,1134,824,0.0,0.0,2,0,2
No Adaptive,1,297,train,heuristic,player_win,-10.0,7,50.0,1,Very Easy,0.05,0.05,1,1137,826,0.0,0.0,1,0,2
No Adaptive,1,298,train,heuristic,agent_win,10.0,8,50.0,1,Very Easy,0.05,0.05,1,1141,829,3.0,3.0,2,0,2
No Adaptive,1,299,train,heuristic,agent_win,10.0,6,50.0,1,Very Easy,0.05,0.05,1,1144,831,3.0,3.0,2,0,1
No Adaptive,1,300,train,heuristic,agent_win,10.0,10,50.0,1,Very Easy,0.05,0.05,1,1149,835,3.0,3.0,3,0,2
No Adaptive,1,301,train,heuristic,player_win,-10.0,5,50.0,1,Very Easy,0.05,0.05,1,1151,836,0.0,0.0,1,0,1
No Adaptive,1,302,train,heuristic,player_win,-10.0,7,50.0,1,Very Easy,0.05,0.05,1,1154,838,0.0,0.0,1,0,2
No Adaptive,1,303,train,heuristic,player_win,-10.0,9,50.0,1,Very Easy,0.05,0.05,1,1158,841,0.0,0.0,2,0,2
No Adaptive,1,304,train,heuristic,player_win,-10.0,13,50.0,1,Very Easy,0.05,0.05,1,1164,846,0.0,0.0,4,0,2
No Adaptive,1,305,train,heuristic,player_win,-10.0,9,50.0,1,Very Easy,0.05,0.05,1,1168,848,0.0,0.0,1,0,3
No Adaptive,1,306,train,heuristic,agent_win,10.0,6,50.0,1,Very Easy,0.05,0.05,1,1171,848,2.0999999999999996,2.0999999999999996,2,0,1
No Adaptive,1,307,train,heuristic,agent_win,10.0,8,50.0,1,Very Easy,0.05,0.05,1,1175,851,3.0,3.0,2,0,2
No Adaptive,1,308,train,heuristic,agent_win,10.0,10,50.0,1,Very Easy,0.05,0.05,1,1180,855,3.0,3.0,2,0,3
No Adaptive,1,309,train,heuristic,player_win,-10.0,11,50.0,1,Very Easy,0.05,0.05,1,1185,859,0.0,0.0,2,0,3
No Adaptive,1,310,train,heuristic,agent_win,10.0,10,50.0,1,Very Easy,0.05,0.05,1,1190,863,3.0,3.0,3,0,2
No Adaptive,1,311,train,heuristic,player_win,-10.0,9,50.0,1,Very Easy,0.05,0.05,1,1194,866,0.0,0.0,1,0,3
No Adaptive,1,312,train,heuristic,player_win,-10.0,9,50.0,1,Very Easy,0.05,0.05,1,1198,869,0.0,0.0,3,0,1
No Adaptive,1,313,train,heuristic,player_win,-10.0,9,50.0,1,Very Easy,0.05,0.05,1,1202,872,0.0,0.0,2,0,2
No Adaptive,1,314,train,heuristic,player_win,-10.0,9,50.0,1,Very Easy,0.05,0.05,1,1206,875,0.0,0.0,1,0,3
No Adaptive,1,315,train,heuristic,player_win,-10.0,9,50.0,1,Very Easy,0.05,0.05,1,1210,877,0.0,0.0,2,0,2
No Adaptive,1,316,train,heuristic,agent_win,10.0,6,50.0,1,Very Easy,0.05,0.05,1,1213,879,3.0,3.0,1,0,2
No Adaptive,1,317,train,heuristic,player_win,-10.0,7,50.0,1,Very Easy,0.05,0.05,1,1216,881,0.0,0.0,1,0,2
No Adaptive,1,318,train,heuristic,agent_win,10.0,8,50.0,1,Very Easy,0.05,0.05,1,1220,881,2.0999999999999996,2.0999999999999996,2,0,2
No Adaptive,1,319,train,heuristic,agent_win,10.0,8,50.0,1,Very Easy,0.05,0.05,1,1224,884,3.0,3.0,3,0,1
No Adaptive,1,320,train,heuristic,agent_win,10.0,8,50.0,1,Very Easy,0.05,0.05,1,1228,887,3.0,3.0,2,0,2
No Adaptive,1,321,train,heuristic,player_win,-10.0,9,50.0,1,Very Easy,0.05,0.05,1,1232,890,0.0,0.0,2,0,2
No Adaptive,1,322,train,heuristic,player_win,-10.0,7,50.0,1,Very Easy,0.05,0.05,1,1235,892,0.0,0.0,1,0,2
No Adaptive,1,323,train,heuristic,player_win,-10.0,7,50.0,1,Very Easy,0.05,0.05,1,1238,894,0.0,0.0,1,0,2
No Adaptive,1,324,train,heuristic,player_win,-10.0,9,50.0,1,Very Easy,0.05,0.05,1,1242,897,0.0,0.0,3,0,1
No Adaptive,1,325,train,heuristic,agent_win,10.0,8,50.0,1,Very Easy,0.05,0.05,1,1246,897,2.0999999999999996,2.0999999999999996,4,0,0
No Adaptive,1,326,train,heuristic,player_win,-10.0,9,50.0,1,Very Easy,0.05,0.05,1,1250,900,0.0,0.0,2,1,1
No Adaptive,1,327,train,heuristic,player_win,-10.0,9,50.0,1,Very Easy,0.05,0.05,1,1254,901,0.0,0.0,3,0,1
No Adaptive,1,328,train,heuristic,agent_win,10.0,8,50.0,1,Very Easy,0.05,0.05,1,1258,904,3.0,3.0,1,1,2
No Adaptive,1,329,train,heuristic,player_win,-10.0,9,50.0,1,Very Easy,0.05,0.05,1,1262,907,0.0,0.0,2,0,2
No Adaptive,1,330,train,heuristic,player_win,-10.0,7,50.0,1,Very Easy,0.05,0.05,1,1265,909,0.0,0.0,2,0,1
No Adaptive,1,331,train,heuristic,player_win,-10.0,7,50.0,1,Very Easy,0.05,0.05,1,1268,911,0.0,0.0,2,0,1
No Adaptive,1,332,train,heuristic,player_win,-10.0,7,50.0,1,Very Easy,0.05,0.05,1,1271,913,0.0,0.0,2,0,1
No Adaptive,1,333,train,heuristic,agent_win,10.0,12,50.0,1,Very Easy,0.05,0.05,1,1277,918,3.0,3.0,5,0,1
No Adaptive,1,334,train,heuristic,player_win,-10.0,5,50.0,1,Very Easy,0.05,0.05,1,1279,919,0.0,0.0,1,0,1
No Adaptive,1,335,train,heuristic,agent_win,10.0,6,50.0,1,Very Easy,0.05,0.05,1,1282,921,3.0,3.0,3,0,0
No Adaptive,1,336,train,heuristic,player_win,-10.0,11,50.0,1,Very Easy,0.05,0.05,1,1287,925,0.0,0.0,3,0,2
No Adaptive,1,337,train,heuristic,agent_win,10.0,10,50.0,1,Very Easy,0.05,0.05,1,1292,929,3.0,3.0,3,0,2
No Adaptive,1,338,train,heuristic,player_win,-10.0,9,50.0,1,Very Easy,0.05,0.05,1,1296,932,0.0,0.0,1,0,3
No Adaptive,1,339,train,heuristic,player_win,-10.0,9,50.0,1,Very Easy,0.05,0.05,1,1300,935,0.0,0.0,2,0,2
No Adaptive,1,340,train,heuristic,agent_win,10.0,8,50.0,1,Very Easy,0.05,0.05,1,1304,937,3.0,3.0,3,0,1
No Adaptive,1,341,train,heuristic,agent_win,10.0,6,50.0,1,Very Easy,0.05,0.05,1,1307,938,2.0999999999999996,2.0999999999999996,2,0,1
No Adaptive,1,342,train,heuristic,player_win,-10.0,7,50.0,1,Very Easy,0.05,0.05,1,1310,939,0.0,0.0,1,0,2
No Adaptive,1,343,train,heuristic,agent_win,10.0,8,50.0,1,Very Easy,0.05,0.05,1,1314,942,3.0,3.0,2,0,2
No Adaptive,1,344,train,heuristic,agent_win,10.0,6,50.0,1,Very Easy,0.05,0.05,1,1317,944,3.0,3.0,2,1,0
No Adaptive,1,345,train,heuristic,player_win,-10.0,9,50.0,1,Very Easy,0.05,0.05,1,1321,946,0.0,0.0,2,0,2
No Adaptive,1,346,train,heuristic,player_win,-10.0,9,50.0,1,Very Easy,0.05,0.05,1,1325,949,0.0,0.0,1,0,3
No Adaptive,1,347,train,heuristic,player_win,-10.0,9,50.0,1,Very Easy,0.05,0.05,1,1329,952,0.0,0.0,2,0,2
No Adaptive,1,348,train,heuristic,agent_win,10.0,8,50.0,1,Very Easy,0.05,0.05,1,1333,955,3.0,3.0,2,0,2
No Adaptive,1,349,train,heuristic,player_win,-10.0,11,50.0,1,Very Easy,0.05,0.05,1,1338,959,0.0,0.0,2,0,3
No Adaptive,1,350,train,heuristic,player_win,-10.0,5,50.0,1,Very Easy,0.05,0.05,1,1340,960,0.0,0.0,1,1,0
No Adaptive,1,351,train,heuristic,player_win,-10.0,11,50.0,1,Very Easy,0.05,0.05,1,1345,964,0.0,0.0,2,0,3
No Adaptive,1,352,train,heuristic,agent_win,10.0,8,50.0,1,Very Easy,0.05,0.05,1,1349,967,3.0,3.0,2,0,2
No Adaptive,1,353,train,heuristic,player_win,-10.0,7,50.0,1,Very Easy,0.05,0.05,1,1352,969,0.0,0.0,2,0,1
No Adaptive,1,354,train,heuristic,agent_win,10.0,10,50.0,1,Very Easy,0.05,0.05,1,1357,972,3.0,3.0,3,0,2
No Adaptive,1,355,train,heuristic,agent_win,10.0,10,50.0,1,Very Easy,0.05,0.05,1,1362,976,3.0,3.0,2,0,3
No Adaptive,1,356,train,heuristic,player_win,-10.0,9,50.0,1,Very Easy,0.05,0.05,1,1366,979,0.0,0.0,2,0,2
No Adaptive,1,357,train,heuristic,player_win,-10.0,5,50.0,1,Very Easy,0.05,0.05,1,1368,979,0.0,0.0,1,0,1
No Adaptive,1,358,train,heuristic,player_win,-10.0,11,50.0,1,Very Easy,0.05,0.05,1,1373,983,0.0,0.0,2,1,2
No Adaptive,1,359,train,heuristic,player_win,-10.0,7,50.0,1,Very Easy,0.05,0.05,1,1376,985,0.0,0.0,1,0,2
No Adaptive,1,360,train,heuristic,player_win,-10.0,7,50.0,1,Very Easy,0.05,0.05,1,1379,987,0.0,0.0,2,0,1
No Adaptive,1,361,train,heuristic,agent_win,10.0,8,50.0,1,Very Easy,0.05,0.05,1,1383,990,3.0,3.0,1,1,2
No Adaptive,1,362,train,heuristic,agent_win,10.0,8,50.0,1,Very Easy,0.05,0.05,1,1387,993,3.0,3.0,3,0,1
No Adaptive,1,363,train,heuristic,agent_win,10.0,10,50.0,1,Very Easy,0.05,0.05,1,1392,997,3.0,3.0,3,1,1
No Adaptive,1,364,train,heuristic,player_win,-10.0,7,50.0,1,Very Easy,0.05,0.05,1,1395,999,0.0,0.0,2,0,1
No Adaptive,1,365,train,heuristic,player_win,-10.0,11,50.0,1,Very Easy,0.05,0.05,1,1400,1003,0.0,0.0,3,0,2
No Adaptive,1,366,train,heuristic,agent_win,10.0,8,50.0,1,Very Easy,0.05,0.05,1,1404,1006,3.0,3.0,3,0,1
No Adaptive,1,367,train,heuristic,player_win,-10.0,7,50.0,1,Very Easy,0.05,0.05,1,1407,1008,0.0,0.0,1,0,2
No Adaptive,1,368,train,heuristic,player_win,-10.0,9,50.0,1,Very Easy,0.05,0.05,1,1411,1011,0.0,0.0,2,0,2
No Adaptive,1,369,train,heuristic,player_win,-10.0,7,50.0,1,Very Easy,0.05,0.05,1,1414,1013,0.0,0.0,1,0,2
No Adaptive,1,370,train,heuristic,player_win,-10.0,7,50.0,1,Very Easy,0.05,0.05,1,1417,1015,0.0,0.0,1,0,2
No Adaptive,1,371,train,heuristic,player_win,-10.0,5,50.0,1,Very Easy,0.05,0.05,1,1419,1016,0.0,0.0,2,0,0
No Adaptive,1,372,train,heuristic,player_win,-10.0,9,50.0,1,Very Easy,0.05,0.05,1,1423,1019,0.0,0.0,3,0,1
No Adaptive,1,373,train,heuristic,agent_win,10.0,8,50.0,1,Very Easy,0.05,0.05,1,1427,1022,3.0,3.0,3,0,1
No Adaptive,1,374,train,heuristic,player_win,-10.0,7,50.0,1,Very Easy,0.05,0.05,1,1430,1024,0.0,0.0,2,0,1
No Adaptive,1,375,train,heuristic,player_win,-10.0,7,50.0,1,Very Easy,0.05,0.05,1,1433,1026,0.0,0.0,2,1,0
No Adaptive,1,376,train,heuristic,agent_win,10.0,10,50.0,1,Very Easy,0.05,0.05,1,1438,1030,3.0,3.0,3,0,2
No Adaptive,1,377,train,heuristic,player_win,-10.0,9,50.0,1,Very Easy,0.05,0.05,1,1442,1033,0.0,0.0,1,0,3
No Adaptive,1,378,train,heuristic,player_win,-10.0,7,50.0,1,Very Easy,0.05,0.05,1,1445,1034,0.0,0.0,3,0,0
No Adaptive,1,379,train,heuristic,player_win,-10.0,5,50.0,1,Very Easy,0.05,0.05,1,1447,1035,0.0,0.0,1,0,1
No Adaptive,1,380,train,heuristic,player_win,-10.0,11,50.0,1,Very Easy,0.05,0.05,1,1452,1039,0.0,0.0,2,0,3
No Adaptive,1,381,train,heuristic,agent_win,10.0,6,50.0,1,Very Easy,0.05,0.05,1,1455,1041,3.0,3.0,2,0,1
No Adaptive,1,382,train,heuristic,player_win,-10.0,9,50.0,1,Very Easy,0.05,0.05,1,1459,1044,0.0,0.0,3,0,1
No Adaptive,1,383,train,heuristic,player_win,-10.0,9,50.0,1,Very Easy,0.05,0.05,1,1463,1047,0.0,0.0,2,0,2
No Adaptive,1,384,train,heuristic,agent_win,10.0,10,50.0,1,Very Easy,0.05,0.05,1,1468,1051,3.0,3.0,3,0,2
No Adaptive,1,385,train,heuristic,agent_win,10.0,8,50.0,1,Very Easy,0.05,0.05,1,1472,1054,3.0,3.0,2,1,1
No Adaptive,1,386,train,heuristic,player_win,-10.0,11,50.0,1,Very Easy,0.05,0.05,1,1477,1058,0.0,0.0,3,0,2
No Adaptive,1,387,train,heuristic,player_win,-10.0,9,50.0,1,Very Easy,0.05,0.05,1,1481,1060,0.0,0.0,2,0,2
No Adaptive,1,388,train,heuristic,player_win,-10.0,9,50.0,1,Very Easy,0.05,0.05,1,1485,1063,0.0,0.0,1,0,3
No Adaptive,1,389,train,heuristic,player_win,-10.0,9,50.0,1,Very Easy,0.05,0.05,1,1489,1066,0.0,0.0,1,0,3
No Adaptive,1,390,train,heuristic,agent_win,10.0,8,50.0,1,Very Easy,0.05,0.05,1,1493,1068,3.0,3.0,2,0,2
No Adaptive,1,391,train,heuristic,agent_win,10.0,6,50.0,1,Very Easy,0.05,0.05,1,1496,1069,3.0,3.0,2,0,1
No Adaptive,1,392,train,heuristic,agent_win,10.0,8,50.0,1,Very Easy,0.05,0.05,1,1500,1071,3.0,3.0,3,0,1
No Adaptive,1,393,train,heuristic,player_win,-10.0,9,50.0,1,Very Easy,0.05,0.05,1,1504,1074,0.0,0.0,2,0,2
No Adaptive,1,394,train,heuristic,player_win,-10.0,5,50.0,1,Very Easy,0.05,0.05,1,1506,1075,0.0,0.0,1,0,1
No Adaptive,1,395,train,heuristic,agent_win,10.0,8,50.0,1,Very Easy,0.05,0.05,1,1510,1078,3.0,3.0,2,0,2
No Adaptive,1,396,train,heuristic,agent_win,10.0,10,50.0,1,Very Easy,0.05,0.05,1,1515,1082,3.0,3.0,3,0,2
No Adaptive,1,397,train,heuristic,agent_win,10.0,12,50.0,1,Very Easy,0.05,0.05,1,1521,1087,3.0,3.0,4,1,1
No Adaptive,1,398,train,heuristic,player_win,-10.0,7,50.0,1,Very Easy,0.05,0.05,1,1524,1089,0.0,0.0,2,0,1
No Adaptive,1,399,train,heuristic,player_win,-10.0,9,50.0,1,Very Easy,0.05,0.05,1,1528,1092,0.0,0.0,2,0,2
No Adaptive,1,400,train,heuristic,player_win,-10.0,7,50.0,1,Very Easy,0.05,0.05,1,1531,1093,0.0,0.0,2,0,1
No Adaptive,1,401,train,heuristic,player_win,-10.0,9,50.0,1,Very Easy,0.05,0.05,1,1535,1096,0.0,0.0,1,1,2
No Adaptive,1,402,train,heuristic,agent_win,10.0,12,50.0,1,Very Easy,0.05,0.05,1,1541,1100,3.0,3.0,4,0,2
No Adaptive,1,403,train,heuristic,agent_win,10.0,8,50.0,1,Very Easy,0.05,0.05,1,1545,1103,3.0,3.0,3,0,1
No Adaptive,1,404,train,heuristic,player_win,-10.0,11,50.0,1,Very Easy,0.05,0.05,1,1550,1106,0.0,0.0,2,0,3
No Adaptive,1,405,train,heuristic,player_win,-10.0,11,50.0,1,Very Easy,0.05,0.05,1,1555,1110,0.0,0.0,1,0,4
No Adaptive,1,406,train,heuristic,agent_win,10.0,8,50.0,1,Very Easy,0.05,0.05,1,1559,1113,3.0,3.0,2,0,2
No Adaptive,1,407,train,heuristic,player_win,-10.0,11,50.0,1,Very Easy,0.05,0.05,1,1564,1117,0.0,0.0,1,0,4
No Adaptive,1,408,train,heuristic,agent_win,10.0,10,50.0,1,Very Easy,0.05,0.05,1,1569,1121,3.0,3.0,4,0,1
No Adaptive,1,409,train,heuristic,agent_win,10.0,6,50.0,1,Very Easy,0.05,0.05,1,1572,1123,3.0,3.0,3,0,0
No Adaptive,1,410,train,heuristic,player_win,-10.0,9,50.0,1,Very Easy,0.05,0.05,1,1576,1125,0.0,0.0,3,0,1
No Adaptive,1,411,train,heuristic,agent_win,10.0,8,50.0,1,Very Easy,0.05,0.05,1,1580,1127,3.0,3.0,2,0,2
No Adaptive,1,412,train,heuristic,player_win,-10.0,9,50.0,1,Very Easy,0.05,0.05,1,1584,1130,0.0,0.0,2,0,2
No Adaptive,1,413,train,heuristic,agent_win,10.0,10,50.0,1,Very Easy,0.05,0.05,1,1589,1134,3.0,3.0,3,0,2
No Adaptive,1,414,train,heuristic,agent_win,10.0,8,50.0,1,Very Easy,0.05,0.05,1,1593,1134,2.0999999999999996,2.0999999999999996,3,0,1
No Adaptive,1,415,train,heuristic,player_win,-10.0,7,50.0,1,Very Easy,0.05,0.05,1,1596,1135,0.0,0.0,1,0,2
No Adaptive,1,416,train,heuristic,player_win,-10.0,7,50.0,1,Very Easy,0.05,0.05,1,1599,1137,0.0,0.0,2,0,1
No Adaptive,1,417,train,heuristic,agent_win,10.0,10,50.0,1,Very Easy,0.05,0.05,1,1604,1141,3.0,3.0,3,1,1
No Adaptive,1,418,train,heuristic,agent_win,10.0,8,50.0,1,Very Easy,0.05,0.05,1,1608,1142,3.0,3.0,3,0,1
No Adaptive,1,419,train,heuristic,player_win,-10.0,9,50.0,1,Very Easy,0.05,0.05,1,1612,1144,0.0,0.0,2,0,2
No Adaptive,1,420,train,heuristic,player_win,-10.0,7,50.0,1,Very Easy,0.05,0.05,1,1615,1146,0.0,0.0,2,0,1
No Adaptive,1,421,train,heuristic,agent_win,10.0,8,50.0,1,Very Easy,0.05,0.05,1,1619,1146,2.0999999999999996,2.0999999999999996,3,0,1
No Adaptive,1,422,train,heuristic,player_win,-10.0,11,50.0,1,Very Easy,0.05,0.05,1,1624,1149,0.0,0.0,3,0,2
No Adaptive,1,423,train,heuristic,agent_win,10.0,6,50.0,1,Very Easy,0.05,0.05,1,1627,1151,3.0,3.0,2,0,1
No Adaptive,1,424,train,heuristic,agent_win,10.0,8,50.0,1,Very Easy,0.05,0.05,1,1631,1153,3.0,3.0,2,0,2
No Adaptive,1,425,train,heuristic,player_win,-10.0,9,50.0,1,Very Easy,0.05,0.05,1,1635,1156,0.0,0.0,3,0,1
No Adaptive,1,426,train,heuristic,agent_win,10.0,10,50.0,1,Very Easy,0.05,0.05,1,1640,1160,3.0,3.0,1,0,4
No Adaptive,1,427,train,heuristic,agent_win,10.0,6,50.0,1,Very Easy,0.05,0.05,1,1643,1162,3.0,3.0,1,0,2
No Adaptive,1,428,train,heuristic,player_win,-10.0,7,50.0,1,Very Easy,0.05,0.05,1,1646,1163,0.0,0.0,1,0,2
No Adaptive,1,429,train,heuristic,agent_win,10.0,10,50.0,1,Very Easy,0.05,0.05,1,1651,1167,3.0,3.0,2,0,3
No Adaptive,1,430,train,heuristic,player_win,-10.0,11,50.0,1,Very Easy,0.05,0.05,1,1656,1171,0.0,0.0,2,0,3
No Adaptive,1,431,train,heuristic,player_win,-10.0,9,50.0,1,Very Easy,0.05,0.05,1,1660,1173,0.0,0.0,2,0,2
No Adaptive,1,432,train,heuristic,agent_win,10.0,6,50.0,1,Very Easy,0.05,0.05,1,1663,1175,3.0,3.0,2,0,1
No Adaptive,1,433,train,heuristic,agent_win,10.0,10,50.0,1,Very Easy,0.05,0.05,1,1668,1178,3.0,3.0,3,0,2
No Adaptive,1,434,train,heuristic,agent_win,10.0,10,50.0,1,Very Easy,0.05,0.05,1,1673,1182,3.0,3.0,2,1,2
No Adaptive,1,435,train,heuristic,agent_win,10.0,8,50.0,1,Very Easy,0.05,0.05,1,1677,1185,3.0,3.0,2,0,2
No Adaptive,1,436,train,heuristic,player_win,-10.0,13,50.0,1,Very Easy,0.05,0.05,1,1683,1190,0.0,0.0,3,0,3
No Adaptive,1,437,train,heuristic,player_win,-10.0,5,50.0,1,Very Easy,0.05,0.05,1,1685,1191,0.0,0.0,1,0,1
No Adaptive,1,438,train,heuristic,player_win,-10.0,5,50.0,1,Very Easy,0.05,0.05,1,1687,1192,0.0,0.0,1,0,1
No Adaptive,1,439,train,heuristic,player_win,-10.0,7,50.0,1,Very Easy,0.05,0.05,1,1690,1194,0.0,0.0,2,0,1
No Adaptive,1,440,train,heuristic,player_win,-10.0,5,50.0,1,Very Easy,0.05,0.05,1,1692,1195,0.0,0.0,1,0,1
No Adaptive,1,441,train,heuristic,agent_win,10.0,8,50.0,1,Very Easy,0.05,0.05,1,1696,1198,3.0,3.0,3,0,1
No Adaptive,1,442,train,heuristic,agent_win,10.0,6,50.0,1,Very Easy,0.05,0.05,1,1699,1200,3.0,3.0,2,0,1
No Adaptive,1,443,train,heuristic,player_win,-10.0,11,50.0,1,Very Easy,0.05,0.05,1,1704,1204,0.0,0.0,2,0,3
No Adaptive,1,444,train,heuristic,player_win,-10.0,7,50.0,1,Very Easy,0.05,0.05,1,1707,1206,0.0,0.0,2,0,1
No Adaptive,1,445,train,heuristic,player_win,-10.0,7,50.0,1,Very Easy,0.05,0.05,1,1710,1208,0.0,0.0,2,0,1
No Adaptive,1,446,train,heuristic,player_win,-10.0,9,50.0,1,Very Easy,0.05,0.05,1,1714,1211,0.0,0.0,1,0,3
No Adaptive,1,447,train,heuristic,player_win,-10.0,11,50.0,1,Very Easy,0.05,0.05,1,1719,1215,0.0,0.0,2,0,3
No Adaptive,1,448,train,heuristic,player_win,-10.0,9,50.0,1,Very Easy,0.05,0.05,1,1723,1218,0.0,0.0,2,0,2
No Adaptive,1,449,train,heuristic,player_win,-10.0,9,50.0,1,Very Easy,0.05,0.05,1,1727,1221,0.0,0.0,2,0,2
No Adaptive,1,450,train,heuristic,agent_win,10.0,8,50.0,1,Very Easy,0.05,0.05,1,1731,1224,3.0,3.0,3,0,1
No Adaptive,1,451,train,heuristic,player_win,-10.0,7,50.0,1,Very Easy,0.05,0.05,1,1734,1226,0.0,0.0,2,0,1
No Adaptive,1,452,train,heuristic,player_win,-10.0,7,50.0,1,Very Easy,0.05,0.05,1,1737,1228,0.0,0.0,1,0,2
No Adaptive,1,453,train,heuristic,player_win,-10.0,7,50.0,1,Very Easy,0.05,0.05,1,1740,1230,0.0,0.0,2,0,1
No Adaptive,1,454,train,heuristic,agent_win,10.0,8,50.0,1,Very Easy,0.05,0.05,1,1744,1233,3.0,3.0,2,0,2
No Adaptive,1,455,train,heuristic,player_win,-10.0,5,50.0,1,Very Easy,0.05,0.05,1,1746,1233,0.0,0.0,1,0,1
No Adaptive,1,456,train,heuristic,player_win,-10.0,7,50.0,1,Very Easy,0.05,0.05,1,1749,1234,0.0,0.0,1,0,2
No Adaptive,1,457,train,heuristic,player_win,-10.0,9,50.0,1,Very Easy,0.05,0.05,1,1753,1234,0.0,0.0,3,0,1
No Adaptive,1,458,train,heuristic,player_win,-10.0,11,50.0,1,Very Easy,0.05,0.05,1,1758,1238,0.0,0.0,3,1,1
No Adaptive,1,459,train,heuristic,agent_win,10.0,8,50.0,1,Very Easy,0.05,0.05,1,1762,1241,3.0,3.0,3,0,1
No Adaptive,1,460,train,heuristic,agent_win,10.0,8,50.0,1,Very Easy,0.05,0.05,1,1766,1244,3.0,3.0,2,1,1
No Adaptive,1,461,train,heuristic,agent_win,10.0,6,50.0,1,Very Easy,0.05,0.05,1,1769,1245,3.0,3.0,1,0,2
No Adaptive,1,462,train,heuristic,agent_win,10.0,12,50.0,1,Very Easy,0.05,0.05,1,1775,1250,3.0,3.0,4,0,2
No Adaptive,1,463,train,heuristic,player_win,-10.0,9,50.0,1,Very Easy,0.05,0.05,1,1779,1253,0.0,0.0,3,0,1
No Adaptive,1,464,train,heuristic,agent_win,10.0,8,50.0,1,Very Easy,0.05,0.05,1,1783,1256,3.0,3.0,3,0,1
No Adaptive,1,465,train,heuristic,player_win,-10.0,15,50.0,1,Very Easy,0.05,0.05,1,1790,1261,0.0,0.0,4,0,3
No Adaptive,1,466,train,heuristic,agent_win,10.0,8,50.0,1,Very Easy,0.05,0.05,1,1794,1264,3.0,3.0,2,0,2
No Adaptive,1,467,train,heuristic,agent_win,10.0,6,50.0,1,Very Easy,0.05,0.05,1,1797,1266,3.0,3.0,2,0,1
No Adaptive,1,468,train,heuristic,player_win,-10.0,7,50.0,1,Very Easy,0.05,0.05,1,1800,1268,0.0,0.0,2,0,1
No Adaptive,1,469,train,heuristic,player_win,-10.0,7,50.0,1,Very Easy,0.05,0.05,1,1803,1270,0.0,0.0,1,0,2
No Adaptive,1,470,train,heuristic,player_win,-10.0,9,50.0,1,Very Easy,0.05,0.05,1,1807,1273,0.0,0.0,2,0,2
No Adaptive,1,471,train,heuristic,player_win,-10.0,7,50.0,1,Very Easy,0.05,0.05,1,1810,1275,0.0,0.0,2,0,1
No Adaptive,1,472,train,heuristic,player_win,-10.0,7,50.0,1,Very Easy,0.05,0.05,1,1813,1277,0.0,0.0,1,0,2
No Adaptive,1,473,train,heuristic,player_win,-10.0,5,50.0,1,Very Easy,0.05,0.05,1,1815,1277,0.0,0.0,1,0,1
No Adaptive,1,474,train,heuristic,agent_win,10.0,8,50.0,1,Very Easy,0.05,0.05,1,1819,1280,3.0,3.0,2,0,2
No Adaptive,1,475,train,heuristic,player_win,-10.0,9,50.0,1,Very Easy,0.05,0.05,1,1823,1282,0.0,0.0,2,0,2
No Adaptive,1,476,train,heuristic,agent_win,10.0,8,50.0,1,Very Easy,0.05,0.05,1,1827,1285,3.0,3.0,1,1,2
No Adaptive,1,477,train,heuristic,player_win,-10.0,7,50.0,1,Very Easy,0.05,0.05,1,1830,1287,0.0,0.0,2,1,0
No Adaptive,1,478,train,heuristic,agent_win,10.0,14,50.0,1,Very Easy,0.05,0.05,1,1837,1291,3.0,3.0,6,0,1
No Adaptive,1,479,train,heuristic,player_win,-10.0,9,50.0,1,Very Easy,0.05,0.05,1,1841,1294,0.0,0.0,3,0,1
No Adaptive,1,480,train,heuristic,player_win,-10.0,5,50.0,1,Very Easy,0.05,0.05,1,1843,1294,0.0,0.0,1,0,1
No Adaptive,1,481,train,heuristic,player_win,-10.0,7,50.0,1,Very Easy,0.05,0.05,1,1846,1296,0.0,0.0,1,0,2
No Adaptive,1,482,train,heuristic,agent_win,10.0,10,50.0,1,Very Easy,0.05,0.05,1,1851,1300,3.0,3.0,3,0,2
No Adaptive,1,483,train,heuristic,agent_win,10.0,10,50.0,1,Very Easy,0.05,0.05,1,1856,1304,3.0,3.0,3,0,2
No Adaptive,1,484,train,heuristic,player_win,-10.0,13,50.0,1,Very Easy,0.05,0.05,1,1862,1309,0.0,0.0,3,0,3
No Adaptive,1,485,train,heuristic,player_win,-10.0,5,50.0,1,Very Easy,0.05,0.05,1,1864,1310,0.0,0.0,1,0,1
No Adaptive,1,486,train,heuristic,agent_win,10.0,8,50.0,1,Very Easy,0.05,0.05,1,1868,1313,3.0,3.0,3,0,1
No Adaptive,1,487,train,heuristic,agent_win,10.0,10,50.0,1,Very Easy,0.05,0.05,1,1873,1317,3.0,3.0,3,0,2
No Adaptive,1,488,train,heuristic,player_win,-10.0,7,50.0,1,Very Easy,0.05,0.05,1,1876,1319,0.0,0.0,2,0,1
No Adaptive,1,489,train,heuristic,player_win,-10.0,7,50.0,1,Very Easy,0.05,0.05,1,1879,1321,0.0,0.0,1,1,1
No Adaptive,1,490,train,heuristic,player_win,-10.0,9,50.0,1,Very Easy,0.05,0.05,1,1883,1324,0.0,0.0,1,2,1
No Adaptive,1,491,train,heuristic,player_win,-10.0,7,50.0,1,Very Easy,0.05,0.05,1,1886,1326,0.0,0.0,1,0,2
No Adaptive,1,492,train,heuristic,player_win,-10.0,7,50.0,1,Very Easy,0.05,0.05,1,1889,1328,0.0,0.0,2,0,1
No Adaptive,1,493,train,heuristic,player_win,-10.0,7,50.0,1,Very Easy,0.05,0.05,1,1892,1329,0.0,0.0,1,0,2
No Adaptive,1,494,train,heuristic,player_win,-10.0,9,50.0,1,Very Easy,0.05,0.05,1,1896,1332,0.0,0.0,1,0,3
No Adaptive,1,495,train,heuristic,player_win,-10.0,9,50.0,1,Very Easy,0.05,0.05,1,1900,1332,0.0,0.0,3,0,1
No Adaptive,1,496,train,heuristic,player_win,-10.0,11,50.0,1,Very Easy,0.05,0.05,1,1905,1335,0.0,0.0,3,0,2
No Adaptive,1,497,train,heuristic,player_win,-10.0,7,50.0,1,Very Easy,0.05,0.05,1,1908,1337,0.0,0.0,2,0,1
No Adaptive,1,498,train,heuristic,player_win,-10.0,7,50.0,1,Very Easy,0.05,0.05,1,1911,1339,0.0,0.0,2,0,1
No Adaptive,1,499,train,heuristic,player_win,-10.0,7,50.0,1,Very Easy,0.05,0.05,1,1914,1341,0.0,0.0,2,0,1
No Adaptive,1,500,train,heuristic,player_win,-10.0,7,50.0,1,Very Easy,0.05,0.05,1,1917,1343,0.0,0.0,1,0,2
No Adaptive,1,501,train,heuristic,agent_win,10.0,8,50.0,1,Very Easy,0.05,0.05,1,1921,1345,3.0,3.0,2,1,1
No Adaptive,1,502,train,heuristic,player_win,-10.0,5,50.0,1,Very Easy,0.05,0.05,1,1923,1346,0.0,0.0,2,0,0
No Adaptive,1,503,train,heuristic,player_win,-10.0,9,50.0,1,Very Easy,0.05,0.05,1,1927,1349,0.0,0.0,2,0,2
No Adaptive,1,504,train,heuristic,agent_win,10.0,8,50.0,1,Very Easy,0.05,0.05,1,1931,1352,3.0,3.0,1,0,3
No Adaptive,1,505,train,heuristic,player_win,-10.0,7,50.0,1,Very Easy,0.05,0.05,1,1934,1354,0.0,0.0,1,0,2
No Adaptive,1,506,train,heuristic,player_win,-10.0,7,50.0,1,Very Easy,0.05,0.05,1,1937,1356,0.0,0.0,2,0,1
No Adaptive,1,507,train,heuristic,player_win,-10.0,11,50.0,1,Very Easy,0.05,0.05,1,1942,1359,0.0,0.0,2,0,3
No Adaptive,1,508,train,heuristic,agent_win,10.0,8,50.0,1,Very Easy,0.05,0.05,1,1946,1362,3.0,3.0,2,0,2
No Adaptive,1,509,train,heuristic,player_win,-10.0,7,50.0,1,Very Easy,0.05,0.05,1,1949,1364,0.0,0.0,1,0,2
No Adaptive,1,510,train,heuristic,agent_win,10.0,6,50.0,1,Very Easy,0.05,0.05,1,1952,1366,3.0,3.0,2,0,1
No Adaptive,1,511,train,heuristic,agent_win,10.0,6,50.0,1,Very Easy,0.05,0.05,1,1955,1368,3.0,3.0,1,0,2
No Adaptive,1,512,train,heuristic,player_win,-10.0,9,50.0,1,Very Easy,0.05,0.05,1,1959,1371,0.0,0.0,1,0,3
No Adaptive,1,513,train,heuristic,player_win,-10.0,9,50.0,1,Very Easy,0.05,0.05,1,1963,1374,0.0,0.0,2,0,2
No Adaptive,1,514,train,heuristic,player_win,-10.0,7,50.0,1,Very Easy,0.05,0.05,1,1966,1376,0.0,0.0,2,0,1
No Adaptive,1,515,train,heuristic,player_win,-10.0,7,50.0,1,Very Easy,0.05,0.05,1,1969,1378,0.0,0.0,2,0,1
No Adaptive,1,516,train,heuristic,player_win,-10.0,9,50.0,1,Very Easy,0.05,0.05,1,1973,1381,0.0,0.0,2,0,2
No Adaptive,1,517,train,heuristic,player_win,-10.0,11,50.0,1,Very Easy,0.05,0.05,1,1978,1385,0.0,0.0,3,1,1
No Adaptive,1,518,train,heuristic,agent_win,10.0,6,50.0,1,Very Easy,0.05,0.05,1,1981,1387,3.0,3.0,2,0,1
No Adaptive,1,519,train,heuristic,player_win,-10.0,7,50.0,1,Very Easy,0.05,0.05,1,1984,1389,0.0,0.0,2,0,1
No Adaptive,1,520,train,heuristic,agent_win,10.0,8,50.0,1,Very Easy,0.05,0.05,1,1988,1392,3.0,3.0,2,0,2
No Adaptive,1,521,train,heuristic,agent_win,10.0,10,50.0,1,Very Easy,0.05,0.05,1,1993,1396,3.0,3.0,1,0,4
No Adaptive,1,522,train,heuristic,player_win,-10.0,9,50.0,1,Very Easy,0.05,0.05,1,1997,1399,0.0,0.0,2,0,2
No Adaptive,1,523,train,heuristic,agent_win,10.0,8,50.0,1,Very Easy,0.05,0.05,1,2001,1402,3.0,3.0,3,0,1
No Adaptive,1,524,train,heuristic,agent_win,10.0,8,50.0,1,Very Easy,0.05,0.05,1,2005,1405,3.0,3.0,2,0,2
No Adaptive,1,525,train,heuristic,player_win,-10.0,5,50.0,1,Very Easy,0.05,0.05,1,2007,1406,0.0,0.0,1,0,1
No Adaptive,1,526,train,heuristic,player_win,-10.0,9,50.0,1,Very Easy,0.05,0.05,1,2011,1408,0.0,0.0,2,0,2
No Adaptive,1,527,train,heuristic,player_win,-10.0,7,50.0,1,Very Easy,0.05,0.05,1,2014,1410,0.0,0.0,1,0,2
No Adaptive,1,528,train,heuristic,player_win,-10.0,9,50.0,1,Very Easy,0.05,0.05,1,2018,1413,0.0,0.0,3,0,1
No Adaptive,1,529,train,heuristic,player_win,-10.0,7,50.0,1,Very Easy,0.05,0.05,1,2021,1415,0.0,0.0,2,1,0
No Adaptive,1,530,train,heuristic,player_win,-10.0,5,50.0,1,Very Easy,0.05,0.05,1,2023,1416,0.0,0.0,1,0,1
No Adaptive,1,531,train,heuristic,agent_win,10.0,10,50.0,1,Very Easy,0.05,0.05,1,2028,1420,3.0,3.0,2,0,3
No Adaptive,1,532,train,heuristic,agent_win,10.0,6,50.0,1,Very Easy,0.05,0.05,1,2031,1422,3.0,3.0,1,0,2
No Adaptive,1,533,train,heuristic,player_win,-10.0,13,50.0,1,Very Easy,0.05,0.05,1,2037,1427,0.0,0.0,4,1,1
No Adaptive,1,534,train,heuristic,agent_win,10.0,8,50.0,1,Very Easy,0.05,0.05,1,2041,1430,3.0,3.0,2,0,2
No Adaptive,1,535,train,heuristic,agent_win,10.0,10,50.0,1,Very Easy,0.05,0.05,1,2046,1434,3.0,3.0,3,0,2
No Adaptive,1,536,train,heuristic,player_win,-10.0,5,50.0,1,Very Easy,0.05,0.05,1,2048,1435,0.0,0.0,1,0,1
No Adaptive,1,537,train,heuristic,player_win,-10.0,7,50.0,1,Very Easy,0.05,0.05,1,2051,1437,0.0,0.0,2,0,1
No Adaptive,1,538,train,heuristic,player_win,-10.0,7,50.0,1,Very Easy,0.05,0.05,1,2054,1439,0.0,0.0,2,0,1
No Adaptive,1,539,train,heuristic,player_win,-10.0,7,50.0,1,Very Easy,0.05,0.05,1,2057,1441,0.0,0.0,2,0,1
No Adaptive,1,540,train,heuristic,player_win,-10.0,7,50.0,1,Very Easy,0.05,0.05,1,2060,1443,0.0,0.0,2,0,1
No Adaptive,1,541,train,heuristic,player_win,-10.0,7,50.0,1,Very Easy,0.05,0.05,1,2063,1445,0.0,0.0,2,0,1
No Adaptive,1,542,train,heuristic,player_win,-10.0,9,50.0,1,Very Easy,0.05,0.05,1,2067,1448,0.0,0.0,1,0,3
No Adaptive,1,543,train,heuristic,agent_win,10.0,8,50.0,1,Very Easy,0.05,0.05,1,2071,1451,3.0,3.0,2,0,2
No Adaptive,1,544,train,heuristic,player_win,-10.0,9,50.0,1,Very Easy,0.05,0.05,1,2075,1454,0.0,0.0,1,0,3
No Adaptive,1,545,train,heuristic,player_win,-10.0,7,50.0,1,Very Easy,0.05,0.05,1,2078,1456,0.0,0.0,1,0,2
No Adaptive,1,546,train,heuristic,player_win,-10.0,7,50.0,1,Very Easy,0.05,0.05,1,2081,1458,0.0,0.0,2,0,1
No Adaptive,1,547,train,heuristic,agent_win,10.0,8,50.0,1,Very Easy,0.05,0.05,1,2085,1460,3.0,3.0,1,0,3
No Adaptive,1,548,train,heuristic,player_win,-10.0,9,50.0,1,Very Easy,0.05,0.05,1,2089,1463,0.0,0.0,1,1,2
No Adaptive,1,549,train,heuristic,player_win,-10.0,7,50.0,1,Very Easy,0.05,0.05,1,2092,1463,0.0,0.0,2,0,1
No Adaptive,1,550,train,heuristic,player_win,-10.0,9,50.0,1,Very Easy,0.05,0.05,1,2096,1466,0.0,0.0,2,0,2
No Adaptive,1,551,train,heuristic,player_win,-10.0,7,50.0,1,Very Easy,0.05,0.05,1,2099,1466,0.0,0.0,2,0,1
No Adaptive,1,552,train,heuristic,player_win,-10.0,7,50.0,1,Very Easy,0.05,0.05,1,2102,1468,0.0,0.0,2,0,1
No Adaptive,1,553,train,heuristic,agent_win,10.0,10,50.0,1,Very Easy,0.05,0.05,1,2107,1472,3.0,3.0,1,0,4
No Adaptive,1,554,train,heuristic,player_win,-10.0,7,50.0,1,Very Easy,0.05,0.05,1,2110,1472,0.0,0.0,2,0,1
No Adaptive,1,555,train,heuristic,player_win,-10.0,9,50.0,1,Very Easy,0.05,0.05,1,2114,1475,0.0,0.0,1,0,3
No Adaptive,1,556,train,heuristic,agent_win,10.0,8,50.0,1,Very Easy,0.05,0.05,1,2118,1478,3.0,3.0,2,0,2
No Adaptive,1,557,train,heuristic,player_win,-10.0,7,50.0,1,Very Easy,0.05,0.05,1,2121,1479,0.0,0.0,2,0,1
No Adaptive,1,558,train,heuristic,agent_win,10.0,10,50.0,1,Very Easy,0.05,0.05,1,2126,1482,3.0,3.0,2,1,2
No Adaptive,1,559,train,heuristic,player_win,-10.0,9,50.0,1,Very Easy,0.05,0.05,1,2130,1485,0.0,0.0,2,0,2
No Adaptive,1,560,train,heuristic,player_win,-10.0,9,50.0,1,Very Easy,0.05,0.05,1,2134,1488,0.0,0.0,1,0,3
No Adaptive,1,561,train,heuristic,agent_win,10.0,12,50.0,1,Very Easy,0.05,0.05,1,2140,1493,3.0,3.0,4,0,2
No Adaptive,1,562,train,heuristic,agent_win,10.0,8,50.0,1,Very Easy,0.05,0.05,1,2144,1496,3.0,3.0,3,0,1
No Adaptive,1,563,train,heuristic,agent_win,10.0,8,50.0,1,Very Easy,0.05,0.05,1,2148,1498,3.0,3.0,2,0,2
No Adaptive,1,564,train,heuristic,agent_win,10.0,6,50.0,1,Very Easy,0.05,0.05,1,2151,1500,3.0,3.0,1,0,2
No Adaptive,1,565,train,heuristic,player_win,-10.0,7,50.0,1,Very Easy,0.05,0.05,1,2154,1501,0.0,0.0,1,0,2
No Adaptive,1,566,train,heuristic,player_win,-10.0,7,50.0,1,Very Easy,0.05,0.05,1,2157,1502,0.0,0.0,1,0,2
No Adaptive,1,567,train,heuristic,agent_win,10.0,6,50.0,1,Very Easy,0.05,0.05,1,2160,1502,2.0999999999999996,2.0999999999999996,2,0,1
No Adaptive,1,568,train,heuristic,agent_win,10.0,8,50.0,1,Very Easy,0.05,0.05,1,2164,1504,3.0,3.0,2,0,2
No Adaptive,1,569,train,heuristic,agent_win,10.0,10,50.0,1,Very Easy,0.05,0.05,1,2169,1508,3.0,3.0,2,0,3
No Adaptive,1,570,train,heuristic,player_win,-10.0,7,50.0,1,Very Easy,0.05,0.05,1,2172,1510,0.0,0.0,2,0,1
No Adaptive,1,571,train,heuristic,agent_win,10.0,6,50.0,1,Very Easy,0.05,0.05,1,2175,1512,3.0,3.0,2,0,1
No Adaptive,1,572,train,heuristic,agent_win,10.0,8,50.0,1,Very Easy,0.05,0.05,1,2179,1514,3.0,3.0,3,0,1
No Adaptive,1,573,train,heuristic,player_win,-10.0,5,50.0,1,Very Easy,0.05,0.05,1,2181,1514,0.0,0.0,1,0,1
No Adaptive,1,574,train,heuristic,player_win,-10.0,9,50.0,1,Very Easy,0.05,0.05,1,2185,1517,0.0,0.0,2,0,2
No Adaptive,1,575,train,heuristic,agent_win,10.0,10,50.0,1,Very Easy,0.05,0.05,1,2190,1520,3.0,3.0,3,0,2
No Adaptive,1,576,train,heuristic,player_win,-10.0,7,50.0,1,Very Easy,0.05,0.05,1,2193,1522,0.0,0.0,1,0,2
No Adaptive,1,577,train,heuristic,agent_win,10.0,6,50.0,1,Very Easy,0.05,0.05,1,2196,1524,3.0,3.0,1,1,1
No Adaptive,1,578,train,heuristic,agent_win,10.0,12,50.0,1,Very Easy,0.05,0.05,1,2202,1529,3.0,3.0,5,0,1
No Adaptive,1,579,train,heuristic,agent_win,10.0,8,50.0,1,Very Easy,0.05,0.05,1,2206,1532,3.0,3.0,3,0,1
No Adaptive,1,580,train,heuristic,player_win,-10.0,7,50.0,1,Very Easy,0.05,0.05,1,2209,1534,0.0,0.0,1,0,2
No Adaptive,1,581,train,heuristic,agent_win,10.0,10,50.0,1,Very Easy,0.05,0.05,1,2214,1537,3.0,3.0,2,0,3
No Adaptive,1,582,train,heuristic,player_win,-10.0,7,50.0,1,Very Easy,0.05,0.05,1,2217,1539,0.0,0.0,2,0,1
No Adaptive,1,583,train,heuristic,agent_win,10.0,6,50.0,1,Very Easy,0.05,0.05,1,2220,1540,3.0,3.0,2,0,1
No Adaptive,1,584,train,heuristic,agent_win,10.0,10,50.0,1,Very Easy,0.05,0.05,1,2225,1544,3.0,3.0,2,0,3
No Adaptive,1,585,train,heuristic,player_win,-10.0,7,50.0,1,Very Easy,0.05,0.05,1,2228,1546,0.0,0.0,1,0,2
No Adaptive,1,586,train,heuristic,player_win,-10.0,5,50.0,1,Very Easy,0.05,0.05,1,2230,1547,0.0,0.0,1,0,1
No Adaptive,1,587,train,heuristic,agent_win,10.0,10,50.0,1,Very Easy,0.05,0.05,1,2235,1551,3.0,3.0,2,0,3
No Adaptive,1,588,train,heuristic,agent_win,10.0,8,50.0,1,Very Easy,0.05,0.05,1,2239,1554,3.0,3.0,2,0,2
No Adaptive,1,589,train,heuristic,player_win,-10.0,5,50.0,1,Very Easy,0.05,0.05,1,2241,1554,0.0,0.0,1,0,1
No Adaptive,1,590,train,heuristic,player_win,-10.0,5,50.0,1,Very Easy,0.05,0.05,1,2243,1555,0.0,0.0,1,0,1
No Adaptive,1,591,train,heuristic,agent_win,10.0,10,50.0,1,Very Easy,0.05,0.05,1,2248,1559,3.0,3.0,3,0,2
No Adaptive,1,592,train,heuristic,player_win,-10.0,9,50.0,1,Very Easy,0.05,0.05,1,2252,1562,0.0,0.0,1,0,3
No Adaptive,1,593,train,heuristic,player_win,-10.0,5,50.0,1,Very Easy,0.05,0.05,1,2254,1562,0.0,0.0,1,0,1
No Adaptive,1,594,train,heuristic,agent_win,10.0,8,50.0,1,Very Easy,0.05,0.05,1,2258,1562,2.0999999999999996,2.0999999999999996,2,0,2
No Adaptive,1,595,train,heuristic,player_win,-10.0,9,50.0,1,Very Easy,0.05,0.05,1,2262,1565,0.0,0.0,2,0,2
No Adaptive,1,596,train,heuristic,player_win,-10.0,9,50.0,1,Very Easy,0.05,0.05,1,2266,1566,0.0,0.0,1,0,3
No Adaptive,1,597,train,heuristic,player_win,-10.0,7,50.0,1,Very Easy,0.05,0.05,1,2269,1567,0.0,0.0,2,0,1
No Adaptive,1,598,train,heuristic,player_win,-10.0,9,50.0,1,Very Easy,0.05,0.05,1,2273,1569,0.0,0.0,2,0,2
No Adaptive,1,599,train,heuristic,player_win,-10.0,7,50.0,1,Very Easy,0.05,0.05,1,2276,1571,0.0,0.0,1,0,2
No Adaptive,1,600,train,heuristic,player_win,-10.0,7,50.0,1,Very Easy,0.05,0.05,1,2279,1573,0.0,0.0,2,0,1
No Adaptive,1,601,train,heuristic,agent_win,10.0,8,50.0,1,Very Easy,0.05,0.05,1,2283,1576,3.0,3.0,2,0,2
No Adaptive,1,602,train,heuristic,agent_win,10.0,6,50.0,1,Very Easy,0.05,0.05,1,2286,1578,3.0,3.0,2,0,1
No Adaptive,1,603,train,heuristic,player_win,-10.0,9,50.0,1,Very Easy,0.05,0.05,1,2290,1581,0.0,0.0,2,0,2
No Adaptive,1,604,train,heuristic,agent_win,10.0,12,50.0,1,Very Easy,0.05,0.05,1,2296,1586,3.0,3.0,6,0,0
No Adaptive,1,605,train,heuristic,player_win,-10.0,7,50.0,1,Very Easy,0.05,0.05,1,2299,1588,0.0,0.0,1,1,1
No Adaptive,1,606,train,heuristic,player_win,-10.0,11,50.0,1,Very Easy,0.05,0.05,1,2304,1591,0.0,0.0,3,0,2
No Adaptive,1,607,train,heuristic,player_win,-10.0,9,50.0,1,Very Easy,0.05,0.05,1,2308,1592,0.0,0.0,2,0,2
No Adaptive,1,608,train,heuristic,player_win,-10.0,9,50.0,1,Very Easy,0.05,0.05,1,2312,1595,0.0,0.0,2,0,2
No Adaptive,1,609,train,heuristic,agent_win,10.0,8,50.0,1,Very Easy,0.05,0.05,1,2316,1598,3.0,3.0,2,0,2
No Adaptive,1,610,train,heuristic,player_win,-10.0,7,50.0,1,Very Easy,0.05,0.05,1,2319,1599,0.0,0.0,1,1,1
No Adaptive,1,611,train,heuristic,player_win,-10.0,7,50.0,1,Very Easy,0.05,0.05,1,2322,1600,0.0,0.0,1,0,2
No Adaptive,1,612,train,heuristic,agent_win,10.0,8,50.0,1,Very Easy,0.05,0.05,1,2326,1603,3.0,3.0,2,0,2
No Adaptive,1,613,train,heuristic,agent_win,10.0,6,50.0,1,Very Easy,0.05,0.05,1,2329,1604,2.0999999999999996,2.0999999999999996,1,1,1
No Adaptive,1,614,train,heuristic,player_win,-10.0,9,50.0,1,Very Easy,0.05,0.05,1,2333,1606,0.0,0.0,2,0,2
No Adaptive,1,615,train,heuristic,player_win,-10.0,7,50.0,1,Very Easy,0.05,0.05,1,2336,1608,0.0,0.0,2,0,1
No Adaptive,1,616,train,heuristic,player_win,-10.0,7,50.0,1,Very Easy,0.05,0.05,1,2339,1610,0.0,0.0,2,0,1
No Adaptive,1,617,train,heuristic,player_win,-10.0,9,50.0,1,Very Easy,0.05,0.05,1,2343,1613,0.0,0.0,1,0,3
No Adaptive,1,618,train,heuristic,player_win,-10.0,9,50.0,1,Very Easy,0.05,0.05,1,2347,1616,0.0,0.0,3,0,1
No Adaptive,1,619,train,heuristic,agent_win,10.0,10,50.0,1,Very Easy,0.05,0.05,1,2352,1620,3.0,3.0,2,0,3
No Adaptive,1,620,train,heuristic,player_win,-10.0,9,50.0,1,Very Easy,0.05,0.05,1,2356,1622,0.0,0.0,1,0,3
No Adaptive,1,621,train,heuristic,player_win,-10.0,7,50.0,1,Very Easy,0.05,0.05,1,2359,1623,0.0,0.0,1,0,2
No Adaptive,1,622,train,heuristic,player_win,-10.0,9,50.0,1,Very Easy,0.05,0.05,1,2363,1626,0.0,0.0,1,0,3
No Adaptive,1,623,train,heuristic,player_win,-10.0,7,50.0,1,Very Easy,0.05,0.05,1,2366,1628,0.0,0.0,2,0,1
No Adaptive,1,624,train,heuristic,player_win,-10.0,9,50.0,1,Very Easy,0.05,0.05,1,2370,1631,0.0,0.0,1,0,3
No Adaptive,1,625,train,heuristic,agent_win,10.0,10,50.0,1,Very Easy,0.05,0.05,1,2375,1635,3.0,3.0,2,0,3
No Adaptive,1,626,train,heuristic,agent_win,10.0,8,50.0,1,Very Easy,0.05,0.05,1,2379,1638,3.0,3.0,2,0,2
No Adaptive,1,627,train,heuristic,agent_win,10.0,8,50.0,1,Very Easy,0.05,0.05,1,2383,1641,3.0,3.0,3,0,1
No Adaptive,1,628,train,heuristic,player_win,-10.0,11,50.0,1,Very Easy,0.05,0.05,1,2388,1645,0.0,0.0,2,0,3
No Adaptive,1,629,train,heuristic,agent_win,10.0,8,50.0,1,Very Easy,0.05,0.05,1,2392,1648,3.0,3.0,3,0,1
No Adaptive,1,630,train,heuristic,player_win,-10.0,5,50.0,1,Very Easy,0.05,0.05,1,2394,1648,0.0,0.0,1,0,1
No Adaptive,1,631,train,heuristic,player_win,-10.0,5,50.0,1,Very Easy,0.05,0.05,1,2396,1649,0.0,0.0,1,0,1
No Adaptive,1,632,train,heuristic,player_win,-10.0,5,50.0,1,Very Easy,0.05,0.05,1,2398,1650,0.0,0.0,1,0,1
No Adaptive,1,633,train,heuristic,player_win,-10.0,13,50.0,1,Very Easy,0.05,0.05,1,2404,1655,0.0,0.0,3,0,3
No Adaptive,1,634,train,heuristic,player_win,-10.0,9,50.0,1,Very Easy,0.05,0.05,1,2408,1656,0.0,0.0,3,0,1
No Adaptive,1,635,train,heuristic,player_win,-10.0,5,50.0,1,Very Easy,0.05,0.05,1,2410,1657,0.0,0.0,1,0,1
No Adaptive,1,636,train,heuristic,agent_win,10.0,6,50.0,1,Very Easy,0.05,0.05,1,2413,1658,3.0,3.0,2,1,0
No Adaptive,1,637,train,heuristic,agent_win,10.0,8,50.0,1,Very Easy,0.05,0.05,1,2417,1658,2.0999999999999996,2.0999999999999996,1,0,3
No Adaptive,1,638,train,heuristic,player_win,-10.0,11,50.0,1,Very Easy,0.05,0.05,1,2422,1662,0.0,0.0,3,0,2
No Adaptive,1,639,train,heuristic,player_win,-10.0,9,50.0,1,Very Easy,0.05,0.05,1,2426,1665,0.0,0.0,3,0,1
No Adaptive,1,640,train,heuristic,player_win,-10.0,7,50.0,1,Very Easy,0.05,0.05,1,2429,1667,0.0,0.0,2,0,1
No Adaptive,1,641,train,heuristic,player_win,-10.0,7,50.0,1,Very Easy,0.05,0.05,1,2432,1669,0.0,0.0,1,0,2
No Adaptive,1,642,train,heuristic,player_win,-10.0,7,50.0,1,Very Easy,0.05,0.05,1,2435,1671,0.0,0.0,2,0,1
No Adaptive,1,643,train,heuristic,player_win,-10.0,11,50.0,1,Very Easy,0.05,0.05,1,2440,1674,0.0,0.0,1,0,4
No Adaptive,1,644,train,heuristic,agent_win,10.0,6,50.0,1,Very Easy,0.05,0.05,1,2443,1676,3.0,3.0,2,0,1
No Adaptive,1,645,train,heuristic,agent_win,10.0,10,50.0,1,Very Easy,0.05,0.05,1,2448,1679,3.0,3.0,2,0,3
No Adaptive,1,646,train,heuristic,agent_win,10.0,6,50.0,1,Very Easy,0.05,0.05,1,2451,1680,3.0,3.0,2,0,1
No Adaptive,1,647,train,heuristic,player_win,-10.0,7,50.0,1,Very Easy,0.05,0.05,1,2454,1682,0.0,0.0,2,0,1
No Adaptive,1,648,train,heuristic,agent_win,10.0,8,50.0,1,Very Easy,0.05,0.05,1,2458,1685,3.0,3.0,2,0,2
No Adaptive,1,649,train,heuristic,agent_win,10.0,6,50.0,1,Very Easy,0.05,0.05,1,2461,1686,3.0,3.0,2,1,0
No Adaptive,1,650,train,heuristic,agent_win,10.0,8,50.0,1,Very Easy,0.05,0.05,1,2465,1689,3.0,3.0,3,0,1
No Adaptive,1,651,train,heuristic,player_win,-10.0,7,50.0,1,Very Easy,0.05,0.05,1,2468,1690,0.0,0.0,1,0,2
No Adaptive,1,652,train,heuristic,player_win,-10.0,9,50.0,1,Very Easy,0.05,0.05,1,2472,1693,0.0,0.0,2,0,2
No Adaptive,1,653,train,heuristic,player_win,-10.0,9,50.0,1,Very Easy,0.05,0.05,1,2476,1696,0.0,0.0,3,0,1
No Adaptive,1,654,train,heuristic,player_win,-10.0,7,50.0,1,Very Easy,0.05,0.05,1,2479,1696,0.0,0.0,2,0,1
No Adaptive,1,655,train,heuristic,player_win,-10.0,7,50.0,1,Very Easy,0.05,0.05,1,2482,1698,0.0,0.0,2,0,1
No Adaptive,1,656,train,heuristic,player_win,-10.0,7,50.0,1,Very Easy,0.05,0.05,1,2485,1700,0.0,0.0,2,0,1
No Adaptive,1,657,train,heuristic,agent_win,10.0,8,50.0,1,Very Easy,0.05,0.05,1,2489,1703,3.0,3.0,3,0,1
No Adaptive,1,658,train,heuristic,agent_win,10.0,8,50.0,1,Very Easy,0.05,0.05,1,2493,1704,2.0999999999999996,2.0999999999999996,2,0,2
No Adaptive,1,659,train,heuristic,player_win,-10.0,7,50.0,1,Very Easy,0.05,0.05,1,2496,1704,0.0,0.0,2,0,1
No Adaptive,1,660,train,heuristic,agent_win,10.0,8,50.0,1,Very Easy,0.05,0.05,1,2500,1707,3.0,3.0,2,0,2
No Adaptive,1,661,train,heuristic,player_win,-10.0,7,50.0,1,Very Easy,0.05,0.05,1,2503,1708,0.0,0.0,1,1,1
No Adaptive,1,662,train,heuristic,player_win,-10.0,7,50.0,1,Very Easy,0.05,0.05,1,2506,1708,0.0,0.0,2,0,1
No Adaptive,1,663,train,heuristic,agent_win,10.0,8,50.0,1,Very Easy,0.05,0.05,1,2510,1710,3.0,3.0,1,0,3
No Adaptive,1,664,train,heuristic,player_win,-10.0,9,50.0,1,Very Easy,0.05,0.05,1,2514,1713,0.0,0.0,2,0,2
No Adaptive,1,665,train,heuristic,player_win,-10.0,5,50.0,1,Very Easy,0.05,0.05,1,2516,1714,0.0,0.0,1,0,1
No Adaptive,1,666,train,heuristic,agent_win,10.0,8,50.0,1,Very Easy,0.05,0.05,1,2520,1716,3.0,3.0,2,1,1
No Adaptive,1,667,train,heuristic,agent_win,10.0,10,50.0,1,Very Easy,0.05,0.05,1,2525,1720,3.0,3.0,2,1,2
No Adaptive,1,668,train,heuristic,agent_win,10.0,8,50.0,1,Very Easy,0.05,0.05,1,2529,1722,3.0,3.0,2,0,2
No Adaptive,1,669,train,heuristic,player_win,-10.0,7,50.0,1,Very Easy,0.05,0.05,1,2532,1722,0.0,0.0,2,0,1
No Adaptive,1,670,train,heuristic,agent_win,10.0,8,50.0,1,Very Easy,0.05,0.05,1,2536,1724,3.0,3.0,2,0,2
No Adaptive,1,671,train,heuristic,agent_win,10.0,8,50.0,1,Very Easy,0.05,0.05,1,2540,1727,3.0,3.0,3,0,1
No Adaptive,1,672,train,heuristic,player_win,-10.0,11,50.0,1,Very Easy,0.05,0.05,1,2545,1731,0.0,0.0,3,0,2
No Adaptive,1,673,train,heuristic,agent_win,10.0,6,50.0,1,Very Easy,0.05,0.05,1,2548,1732,3.0,3.0,2,0,1
No Adaptive,1,674,train,heuristic,player_win,-10.0,9,50.0,1,Very Easy,0.05,0.05,1,2552,1735,0.0,0.0,1,0,3
No Adaptive,1,675,train,heuristic,player_win,-10.0,9,50.0,1,Very Easy,0.05,0.05,1,2556,1738,0.0,0.0,2,0,2
No Adaptive,1,676,train,heuristic,player_win,-10.0,13,50.0,1,Very Easy,0.05,0.05,1,2562,1743,0.0,0.0,3,0,3
No Adaptive,1,677,train,heuristic,agent_win,10.0,8,50.0,1,Very Easy,0.05,0.05,1,2566,1746,3.0,3.0,2,1,1
No Adaptive,1,678,train,heuristic,agent_win,10.0,10,50.0,1,Very Easy,0.05,0.05,1,2571,1750,3.0,3.0,3,0,2
No Adaptive,1,679,train,heuristic,player_win,-10.0,9,50.0,1,Very Easy,0.05,0.05,1,2575,1753,0.0,0.0,2,0,2
No Adaptive,1,680,train,heuristic,agent_win,10.0,8,50.0,1,Very Easy,0.05,0.05,1,2579,1755,3.0,3.0,2,0,2
No Adaptive,1,681,train,heuristic,agent_win,10.0,6,50.0,1,Very Easy,0.05,0.05,1,2582,1755,2.0999999999999996,2.0999999999999996,2,0,1
No Adaptive,1,682,train,heuristic,player_win,-10.0,7,50.0,1,Very Easy,0.05,0.05,1,2585,1756,0.0,0.0,2,0,1
No Adaptive,1,683,train,heuristic,player_win,-10.0,9,50.0,1,Very Easy,0.05,0.05,1,2589,1759,0.0,0.0,3,0,1
No Adaptive,1,684,train,heuristic,player_win,-10.0,9,50.0,1,Very Easy,0.05,0.05,1,2593,1762,0.0,0.0,3,0,1
No Adaptive,1,685,train,heuristic,player_win,-10.0,7,50.0,1,Very Easy,0.05,0.05,1,2596,1764,0.0,0.0,2,0,1
No Adaptive,1,686,train,heuristic,player_win,-10.0,9,50.0,1,Very Easy,0.05,0.05,1,2600,1767,0.0,0.0,2,0,2
No Adaptive,1,687,train,heuristic,agent_win,10.0,6,50.0,1,Very Easy,0.05,0.05,1,2603,1767,2.0999999999999996,2.0999999999999996,2,0,1
No Adaptive,1,688,train,heuristic,player_win,-10.0,11,50.0,1,Very Easy,0.05,0.05,1,2608,1770,0.0,0.0,1,0,4
No Adaptive,1,689,train,heuristic,player_win,-10.0,9,50.0,1,Very Easy,0.05,0.05,1,2612,1772,0.0,0.0,2,0,2
No Adaptive,1,690,train,heuristic,player_win,-10.0,7,50.0,1,Very Easy,0.05,0.05,1,2615,1772,0.0,0.0,2,1,0
No Adaptive,1,691,train,heuristic,player_win,-10.0,7,50.0,1,Very Easy,0.05,0.05,1,2618,1773,0.0,0.0,2,0,1
No Adaptive,1,692,train,heuristic,player_win,-10.0,5,50.0,1,Very Easy,0.05,0.05,1,2620,1774,0.0,0.0,1,0,1
No Adaptive,1,693,train,heuristic,player_win,-10.0,9,50.0,1,Very Easy,0.05,0.05,1,2624,1776,0.0,0.0,3,0,1
No Adaptive,1,694,train,heuristic,player_win,-10.0,9,50.0,1,Very Easy,0.05,0.05,1,2628,1779,0.0,0.0,2,0,2
No Adaptive,1,695,train,heuristic,agent_win,10.0,10,50.0,1,Very Easy,0.05,0.05,1,2633,1782,3.0,3.0,3,0,2
No Adaptive,1,696,train,heuristic,player_win,-10.0,9,50.0,1,Very Easy,0.05,0.05,1,2637,1783,0.0,0.0,2,0,2
No Adaptive,1,697,train,heuristic,draw,3.0,16,50.0,1,Very Easy,0.05,0.05,1,2645,1790,0.8999999999999999,0.8999999999999999,5,0,3
No Adaptive,1,698,train,heuristic,player_win,-10.0,7,50.0,1,Very Easy,0.05,0.05,1,2648,1792,0.0,0.0,2,0,1
No Adaptive,1,699,train,heuristic,agent_win,10.0,6,50.0,1,Very Easy,0.05,0.05,1,2651,1794,3.0,3.0,1,0,2
No Adaptive,1,700,train,heuristic,player_win,-10.0,7,50.0,1,Very Easy,0.05,0.05,1,2654,1794,0.0,0.0,1,0,2
No Adaptive,1,701,train,heuristic,agent_win,10.0,8,50.0,1,Very Easy,0.05,0.05,1,2658,1797,3.0,3.0,2,0,2
No Adaptive,1,702,train,heuristic,player_win,-10.0,7,50.0,1,Very Easy,0.05,0.05,1,2661,1799,0.0,0.0,1,0,2
No Adaptive,1,703,train,heuristic,player_win,-10.0,11,50.0,1,Very Easy,0.05,0.05,1,2666,1802,0.0,0.0,2,0,3
No Adaptive,1,704,train,heuristic,agent_win,10.0,8,50.0,1,Very Easy,0.05,0.05,1,2670,1805,3.0,3.0,2,0,2
No Adaptive,1,705,train,heuristic,player_win,-10.0,7,50.0,1,Very Easy,0.05,0.05,1,2673,1807,0.0,0.0,1,0,2
No Adaptive,1,706,train,heuristic,agent_win,10.0,6,50.0,1,Very Easy,0.05,0.05,1,2676,1809,3.0,3.0,1,1,1
No Adaptive,1,707,train,heuristic,agent_win,10.0,10,50.0,1,Very Easy,0.05,0.05,1,2681,1811,3.0,3.0,3,0,2
No Adaptive,1,708,train,heuristic,agent_win,10.0,10,50.0,1,Very Easy,0.05,0.05,1,2686,1814,3.0,3.0,3,0,2
No Adaptive,1,709,train,heuristic,player_win,-10.0,5,50.0,1,Very Easy,0.05,0.05,1,2688,1815,0.0,0.0,1,0,1
No Adaptive,1,710,train,heuristic,agent_win,10.0,8,50.0,1,Very Easy,0.05,0.05,1,2692,1818,3.0,3.0,2,0,2
No Adaptive,1,711,train,heuristic,agent_win,10.0,6,50.0,1,Very Easy,0.05,0.05,1,2695,1820,3.0,3.0,1,0,2
No Adaptive,1,712,train,heuristic,player_win,-10.0,7,50.0,1,Very Easy,0.05,0.05,1,2698,1822,0.0,0.0,1,0,2
No Adaptive,1,713,train,heuristic,player_win,-10.0,7,50.0,1,Very Easy,0.05,0.05,1,2701,1823,0.0,0.0,2,0,1
No Adaptive,1,714,train,heuristic,agent_win,10.0,8,50.0,1,Very Easy,0.05,0.05,1,2705,1825,1.4699999999999998,1.4699999999999998,2,0,2
No Adaptive,1,715,train,heuristic,player_win,-10.0,9,50.0,1,Very Easy,0.05,0.05,1,2709,1828,0.0,0.0,3,0,1
No Adaptive,1,716,train,heuristic,player_win,-10.0,5,50.0,1,Very Easy,0.05,0.05,1,2711,1829,0.0,0.0,1,0,1
No Adaptive,1,717,train,heuristic,player_win,-10.0,5,50.0,1,Very Easy,0.05,0.05,1,2713,1830,0.0,0.0,1,0,1
No Adaptive,1,718,train,heuristic,player_win,-10.0,7,50.0,1,Very Easy,0.05,0.05,1,2716,1831,0.0,0.0,1,0,2
No Adaptive,1,719,train,heuristic,agent_win,10.0,8,50.0,1,Very Easy,0.05,0.05,1,2720,1833,3.0,3.0,2,0,2
No Adaptive,1,720,train,heuristic,player_win,-10.0,9,50.0,1,Very Easy,0.05,0.05,1,2724,1835,0.0,0.0,2,0,2
No Adaptive,1,721,train,heuristic,player_win,-10.0,7,50.0,1,Very Easy,0.05,0.05,1,2727,1837,0.0,0.0,2,0,1
No Adaptive,1,722,train,heuristic,agent_win,10.0,10,50.0,1,Very Easy,0.05,0.05,1,2732,1841,3.0,3.0,3,0,2
No Adaptive,1,723,train,heuristic,player_win,-10.0,7,50.0,1,Very Easy,0.05,0.05,1,2735,1843,0.0,0.0,1,0,2
No Adaptive,1,724,train,heuristic,agent_win,10.0,6,50.0,1,Very Easy,0.05,0.05,1,2738,1845,3.0,3.0,1,0,2
No Adaptive,1,725,train,heuristic,player_win,-10.0,7,50.0,1,Very Easy,0.05,0.05,1,2741,1847,0.0,0.0,3,0,0
No Adaptive,1,726,train,heuristic,player_win,-10.0,7,50.0,1,Very Easy,0.05,0.05,1,2744,1849,0.0,0.0,2,0,1
No Adaptive,1,727,train,heuristic,player_win,-10.0,7,50.0,1,Very Easy,0.05,0.05,1,2747,1851,0.0,0.0,2,0,1
No Adaptive,1,728,train,heuristic,agent_win,10.0,6,50.0,1,Very Easy,0.05,0.05,1,2750,1851,2.0999999999999996,2.0999999999999996,2,0,1
No Adaptive,1,729,train,heuristic,player_win,-10.0,9,50.0,1,Very Easy,0.05,0.05,1,2754,1854,0.0,0.0,1,0,3
No Adaptive,1,730,train,heuristic,player_win,-10.0,7,50.0,1,Very Easy,0.05,0.05,1,2757,1856,0.0,0.0,2,0,1
No Adaptive,1,731,train,heuristic,agent_win,10.0,10,50.0,1,Very Easy,0.05,0.05,1,2762,1860,3.0,3.0,2,0,3
No Adaptive,1,732,train,heuristic,player_win,-10.0,11,50.0,1,Very Easy,0.05,0.05,1,2767,1863,0.0,0.0,3,1,1
No Adaptive,1,733,train,heuristic,agent_win,10.0,6,50.0,1,Very Easy,0.05,0.05,1,2770,1865,3.0,3.0,2,0,1
No Adaptive,1,734,train,heuristic,agent_win,10.0,6,50.0,1,Very Easy,0.05,0.05,1,2773,1867,3.0,3.0,2,0,1
No Adaptive,1,735,train,heuristic,agent_win,10.0,6,50.0,1,Very Easy,0.05,0.05,1,2776,1868,3.0,3.0,1,0,2
No Adaptive,1,736,train,heuristic,player_win,-10.0,7,50.0,1,Very Easy,0.05,0.05,1,2779,1869,0.0,0.0,1,0,2
No Adaptive,1,737,train,heuristic,player_win,-10.0,11,50.0,1,Very Easy,0.05,0.05,1,2784,1873,0.0,0.0,2,0,3
No Adaptive,1,738,train,heuristic,agent_win,10.0,6,50.0,1,Very Easy,0.05,0.05,1,2787,1874,3.0,3.0,2,0,1
No Adaptive,1,739,train,heuristic,player_win,-10.0,7,50.0,1,Very Easy,0.05,0.05,1,2790,1876,0.0,0.0,2,0,1
No Adaptive,1,740,train,heuristic,agent_win,10.0,8,50.0,1,Very Easy,0.05,0.05,1,2794,1878,3.0,3.0,3,0,1
No Adaptive,1,741,train,heuristic,player_win,-10.0,9,50.0,1,Very Easy,0.05,0.05,1,2798,1881,0.0,0.0,2,0,2
No Adaptive,1,742,train,heuristic,player_win,-10.0,7,50.0,1,Very Easy,0.05,0.05,1,2801,1883,0.0,0.0,1,0,2
No Adaptive,1,743,train,heuristic,player_win,-10.0,9,50.0,1,Very Easy,0.05,0.05,1,2805,1883,0.0,0.0,4,0,0
No Adaptive,1,744,train,heuristic,player_win,-10.0,7,50.0,1,Very Easy,0.05,0.05,1,2808,1885,0.0,0.0,3,0,0
No Adaptive,1,745,train,heuristic,agent_win,10.0,8,50.0,1,Very Easy,0.05,0.05,1,2812,1888,3.0,3.0,2,0,2
No Adaptive,1,746,train,heuristic,player_win,-10.0,5,50.0,1,Very Easy,0.05,0.05,1,2814,1888,0.0,0.0,1,0,1
No Adaptive,1,747,train,heuristic,player_win,-10.0,9,50.0,1,Very Easy,0.05,0.05,1,2818,1891,0.0,0.0,3,0,1
No Adaptive,1,748,train,heuristic,player_win,-10.0,7,50.0,1,Very Easy,0.05,0.05,1,2821,1892,0.0,0.0,1,0,2
No Adaptive,1,749,train,heuristic,player_win,-10.0,9,50.0,1,Very Easy,0.05,0.05,1,2825,1895,0.0,0.0,2,0,2
No Adaptive,1,750,train,heuristic,player_win,-10.0,5,50.0,1,Very Easy,0.05,0.05,1,2827,1896,0.0,0.0,1,0,1
No Adaptive,1,751,train,heuristic,agent_win,10.0,8,50.0,1,Very Easy,0.05,0.05,1,2831,1898,3.0,3.0,2,0,2
No Adaptive,1,752,train,heuristic,agent_win,10.0,8,50.0,1,Very Easy,0.05,0.05,1,2835,1901,3.0,3.0,2,0,2
No Adaptive,1,753,train,heuristic,agent_win,10.0,8,50.0,1,Very Easy,0.05,0.05,1,2839,1903,3.0,3.0,3,0,1
No Adaptive,1,754,train,heuristic,agent_win,10.0,8,50.0,1,Very Easy,0.05,0.05,1,2843,1906,3.0,3.0,1,0,3
No Adaptive,1,755,train,heuristic,player_win,-10.0,11,50.0,1,Very Easy,0.05,0.05,1,2848,1910,0.0,0.0,2,0,3
No Adaptive,1,756,train,heuristic,agent_win,10.0,8,50.0,1,Very Easy,0.05,0.05,1,2852,1912,3.0,3.0,2,0,2
No Adaptive,1,757,train,heuristic,agent_win,10.0,6,50.0,1,Very Easy,0.05,0.05,1,2855,1914,3.0,3.0,1,0,2
No Adaptive,1,758,train,heuristic,player_win,-10.0,5,50.0,1,Very Easy,0.05,0.05,1,2857,1915,0.0,0.0,1,0,1
No Adaptive,1,759,train,heuristic,player_win,-10.0,9,50.0,1,Very Easy,0.05,0.05,1,2861,1918,0.0,0.0,1,0,3
No Adaptive,1,760,train,heuristic,player_win,-10.0,7,50.0,1,Very Easy,0.05,0.05,1,2864,1919,0.0,0.0,1,0,2
No Adaptive,1,761,train,heuristic,agent_win,10.0,8,50.0,1,Very Easy,0.05,0.05,1,2868,1922,3.0,3.0,3,0,1
No Adaptive,1,762,train,heuristic,player_win,-10.0,9,50.0,1,Very Easy,0.05,0.05,1,2872,1925,0.0,0.0,2,0,2
No Adaptive,1,763,train,heuristic,player_win,-10.0,7,50.0,1,Very Easy,0.05,0.05,1,2875,1926,0.0,0.0,1,0,2
No Adaptive,1,764,train,heuristic,agent_win,10.0,10,50.0,1,Very Easy,0.05,0.05,1,2880,1930,3.0,3.0,3,0,2
No Adaptive,1,765,train,heuristic,player_win,-10.0,5,50.0,1,Very Easy,0.05,0.05,1,2882,1931,0.0,0.0,1,0,1
No Adaptive,1,766,train,heuristic,player_win,-10.0,9,50.0,1,Very Easy,0.05,0.05,1,2886,1934,0.0,0.0,1,1,2
No Adaptive,1,767,train,heuristic,agent_win,10.0,8,50.0,1,Very Easy,0.05,0.05,1,2890,1937,3.0,3.0,3,0,1
No Adaptive,1,768,train,heuristic,agent_win,10.0,8,50.0,1,Very Easy,0.05,0.05,1,2894,1939,3.0,3.0,2,0,2
No Adaptive,1,769,train,heuristic,player_win,-10.0,5,50.0,1,Very Easy,0.05,0.05,1,2896,1940,0.0,0.0,1,1,0
No Adaptive,1,770,train,heuristic,player_win,-10.0,7,50.0,1,Very Easy,0.05,0.05,1,2899,1941,0.0,0.0,1,0,2
No Adaptive,1,771,train,heuristic,player_win,-10.0,9,50.0,1,Very Easy,0.05,0.05,1,2903,1943,0.0,0.0,2,0,2
No Adaptive,1,772,train,heuristic,agent_win,10.0,8,50.0,1,Very Easy,0.05,0.05,1,2907,1945,3.0,3.0,3,0,1
No Adaptive,1,773,train,heuristic,player_win,-10.0,7,50.0,1,Very Easy,0.05,0.05,1,2910,1946,0.0,0.0,1,0,2
No Adaptive,1,774,train,heuristic,agent_win,10.0,6,50.0,1,Very Easy,0.05,0.05,1,2913,1948,3.0,3.0,1,0,2
No Adaptive,1,775,train,heuristic,player_win,-10.0,7,50.0,1,Very Easy,0.05,0.05,1,2916,1950,0.0,0.0,1,0,2
No Adaptive,1,776,train,heuristic,player_win,-10.0,7,50.0,1,Very Easy,0.05,0.05,1,2919,1952,0.0,0.0,1,0,2
No Adaptive,1,777,train,heuristic,agent_win,10.0,8,50.0,1,Very Easy,0.05,0.05,1,2923,1954,3.0,3.0,2,0,2
No Adaptive,1,778,train,heuristic,player_win,-10.0,9,50.0,1,Very Easy,0.05,0.05,1,2927,1957,0.0,0.0,3,0,1
No Adaptive,1,779,train,heuristic,player_win,-10.0,7,50.0,1,Very Easy,0.05,0.05,1,2930,1959,0.0,0.0,2,0,1
No Adaptive,1,780,train,heuristic,player_win,-10.0,7,50.0,1,Very Easy,0.05,0.05,1,2933,1960,0.0,0.0,2,0,1
No Adaptive,1,781,train,heuristic,agent_win,10.0,10,50.0,1,Very Easy,0.05,0.05,1,2938,1964,3.0,3.0,3,0,2
No Adaptive,1,782,train,heuristic,player_win,-10.0,9,50.0,1,Very Easy,0.05,0.05,1,2942,1965,0.0,0.0,2,0,2
No Adaptive,1,783,train,heuristic,agent_win,10.0,8,50.0,1,Very Easy,0.05,0.05,1,2946,1967,3.0,3.0,2,0,2
No Adaptive,1,784,train,heuristic,player_win,-10.0,9,50.0,1,Very Easy,0.05,0.05,1,2950,1970,0.0,0.0,2,0,2
No Adaptive,1,785,train,heuristic,player_win,-10.0,5,50.0,1,Very Easy,0.05,0.05,1,2952,1970,0.0,0.0,1,0,1
No Adaptive,1,786,train,heuristic,agent_win,10.0,8,50.0,1,Very Easy,0.05,0.05,1,2956,1973,3.0,3.0,2,1,1
No Adaptive,1,787,train,heuristic,player_win,-10.0,7,50.0,1,Very Easy,0.05,0.05,1,2959,1974,0.0,0.0,2,0,1
No Adaptive,1,788,train,heuristic,player_win,-10.0,7,50.0,1,Very Easy,0.05,0.05,1,2962,1974,0.0,0.0,2,0,1
No Adaptive,1,789,train,heuristic,player_win,-10.0,7,50.0,1,Very Easy,0.05,0.05,1,2965,1975,0.0,0.0,1,0,2
No Adaptive,1,790,train,heuristic,player_win,-10.0,7,50.0,1,Very Easy,0.05,0.05,1,2968,1977,0.0,0.0,1,0,2
No Adaptive,1,791,train,heuristic,player_win,-10.0,7,50.0,1,Very Easy,0.05,0.05,1,2971,1979,0.0,0.0,2,0,1
No Adaptive,1,792,train,heuristic,agent_win,10.0,8,50.0,1,Very Easy,0.05,0.05,1,2975,1981,3.0,3.0,3,0,1
No Adaptive,1,793,train,heuristic,agent_win,10.0,8,50.0,1,Very Easy,0.05,0.05,1,2979,1983,3.0,3.0,2,0,2
No Adaptive,1,794,train,heuristic,player_win,-10.0,9,50.0,1,Very Easy,0.05,0.05,1,2983,1986,0.0,0.0,1,0,3
No Adaptive,1,795,train,heuristic,agent_win,10.0,12,50.0,1,Very Easy,0.05,0.05,1,2989,1991,3.0,3.0,3,1,2
No Adaptive,1,796,train,heuristic,player_win,-10.0,9,50.0,1,Very Easy,0.05,0.05,1,2993,1994,0.0,0.0,3,0,1
No Adaptive,1,797,train,heuristic,agent_win,10.0,8,50.0,1,Very Easy,0.05,0.05,1,2997,1997,3.0,3.0,1,0,3
No Adaptive,1,798,train,heuristic,agent_win,10.0,10,50.0,1,Very Easy,0.05,0.05,1,3002,1999,3.0,3.0,3,0,2
No Adaptive,1,799,train,heuristic,player_win,-10.0,9,50.0,1,Very Easy,0.05,0.05,1,3006,2002,0.0,0.0,2,1,1
No Adaptive,1,800,train,heuristic,agent_win,10.0,10,50.0,1,Very Easy,0.05,0.05,1,3011,2006,3.0,3.0,3,1,1
No Adaptive,1,801,eval,heuristic,agent_win,10.0,6,50.0,1,Very Easy,0.05,0.0,0,3011,2006,0.0,0.0,1,0,2
No Adaptive,1,802,eval,heuristic,player_win,-10.0,7,50.0,1,Very Easy,0.05,0.0,0,3011,2006,0.0,0.0,1,0,2
No Adaptive,1,803,eval,heuristic,agent_win,10.0,8,50.0,1,Very Easy,0.05,0.0,0,3011,2006,0.0,0.0,1,0,3
No Adaptive,1,804,eval,heuristic,agent_win,10.0,8,50.0,1,Very Easy,0.05,0.0,0,3011,2006,0.0,0.0,3,0,1
No Adaptive,1,805,eval,heuristic,player_win,-10.0,7,50.0,1,Very Easy,0.05,0.0,0,3011,2006,0.0,0.0,1,0,2
No Adaptive,1,806,eval,heuristic,player_win,-10.0,9,50.0,1,Very Easy,0.05,0.0,0,3011,2006,0.0,0.0,3,0,1
No Adaptive,1,807,eval,heuristic,agent_win,10.0,10,50.0,1,Very Easy,0.05,0.0,0,3011,2006,0.0,0.0,3,0,2
No Adaptive,1,808,eval,heuristic,agent_win,10.0,10,50.0,1,Very Easy,0.05,0.0,0,3011,2006,0.0,0.0,3,0,2
No Adaptive,1,809,eval,heuristic,agent_win,10.0,8,50.0,1,Very Easy,0.05,0.0,0,3011,2006,0.0,0.0,2,0,2
No Adaptive,1,810,eval,heuristic,agent_win,10.0,8,50.0,1,Very Easy,0.05,0.0,0,3011,2006,0.0,0.0,3,0,1
No Adaptive,1,811,eval,heuristic,player_win,-10.0,9,50.0,1,Very Easy,0.05,0.0,0,3011,2006,0.0,0.0,2,0,2
No Adaptive,1,812,eval,heuristic,player_win,-10.0,13,50.0,1,Very Easy,0.05,0.0,0,3011,2006,0.0,0.0,4,0,2
No Adaptive,1,813,eval,heuristic,player_win,-10.0,7,50.0,1,Very Easy,0.05,0.0,0,3011,2006,0.0,0.0,2,0,1
No Adaptive,1,814,eval,heuristic,player_win,-10.0,7,50.0,1,Very Easy,0.05,0.0,0,3011,2006,0.0,0.0,2,0,1
No Adaptive,1,815,eval,heuristic,player_win,-10.0,7,50.0,1,Very Easy,0.05,0.0,0,3011,2006,0.0,0.0,1,0,2
No Adaptive,1,816,eval,heuristic,player_win,-10.0,11,50.0,1,Very Easy,0.05,0.0,0,3011,2006,0.0,0.0,3,0,2
No Adaptive,1,817,eval,heuristic,agent_win,10.0,8,50.0,1,Very Easy,0.05,0.0,0,3011,2006,0.0,0.0,2,0,2
No Adaptive,1,818,eval,heuristic,agent_win,10.0,8,50.0,1,Very Easy,0.05,0.0,0,3011,2006,0.0,0.0,2,0,2
No Adaptive,1,819,eval,heuristic,agent_win,10.0,10,50.0,1,Very Easy,0.05,0.0,0,3011,2006,0.0,0.0,3,0,2
No Adaptive,1,820,eval,heuristic,player_win,-10.0,7,50.0,1,Very Easy,0.05,0.0,0,3011,2006,0.0,0.0,2,0,1
No Adaptive,1,821,eval,heuristic,player_win,-10.0,11,50.0,1,Very Easy,0.05,0.0,0,3011,2006,0.0,0.0,3,0,2
No Adaptive,1,822,eval,heuristic,player_win,-10.0,11,50.0,1,Very Easy,0.05,0.0,0,3011,2006,0.0,0.0,2,0,3
No Adaptive,1,823,eval,heuristic,player_win,-10.0,5,50.0,1,Very Easy,0.05,0.0,0,3011,2006,0.0,0.0,1,0,1
No Adaptive,1,824,eval,heuristic,player_win,-10.0,7,50.0,1,Very Easy,0.05,0.0,0,3011,2006,0.0,0.0,1,0,2
No Adaptive,1,825,eval,heuristic,agent_win,10.0,6,50.0,1,Very Easy,0.05,0.0,0,3011,2006,0.0,0.0,2,0,1
No Adaptive,1,826,eval,heuristic,player_win,-10.0,5,50.0,1,Very Easy,0.05,0.0,0,3011,2006,0.0,0.0,1,0,1
No Adaptive,1,827,eval,heuristic,agent_win,10.0,12,50.0,1,Very Easy,0.05,0.0,0,3011,2006,0.0,0.0,5,0,1
No Adaptive,1,828,eval,heuristic,agent_win,10.0,8,50.0,1,Very Easy,0.05,0.0,0,3011,2006,0.0,0.0,3,0,1
No Adaptive,1,829,eval,heuristic,player_win,-10.0,7,50.0,1,Very Easy,0.05,0.0,0,3011,2006,0.0,0.0,2,0,1
No Adaptive,1,830,eval,heuristic,player_win,-10.0,5,50.0,1,Very Easy,0.05,0.0,0,3011,2006,0.0,0.0,1,0,1
No Adaptive,1,831,eval,heuristic,player_win,-10.0,7,50.0,1,Very Easy,0.05,0.0,0,3011,2006,0.0,0.0,1,0,2
No Adaptive,1,832,eval,heuristic,agent_win,10.0,8,50.0,1,Very Easy,0.05,0.0,0,3011,2006,0.0,0.0,3,0,1
No Adaptive,1,833,eval,heuristic,agent_win,10.0,6,50.0,1,Very Easy,0.05,0.0,0,3011,2006,0.0,0.0,1,0,2
No Adaptive,1,834,eval,heuristic,player_win,-10.0,9,50.0,1,Very Easy,0.05,0.0,0,3011,2006,0.0,0.0,1,0,3
No Adaptive,1,835,eval,heuristic,player_win,-10.0,7,50.0,1,Very Easy,0.05,0.0,0,3011,2006,0.0,0.0,2,0,1
No Adaptive,1,836,eval,heuristic,player_win,-10.0,9,50.0,1,Very Easy,0.05,0.0,0,3011,2006,0.0,0.0,2,0,2
No Adaptive,1,837,eval,heuristic,player_win,-10.0,7,50.0,1,Very Easy,0.05,0.0,0,3011,2006,0.0,0.0,1,0,2
No Adaptive,1,838,eval,heuristic,player_win,-10.0,11,50.0,1,Very Easy,0.05,0.0,0,3011,2006,0.0,0.0,3,0,2
No Adaptive,1,839,eval,heuristic,agent_win,10.0,6,50.0,1,Very Easy,0.05,0.0,0,3011,2006,0.0,0.0,1,0,2
No Adaptive,1,840,eval,heuristic,player_win,-10.0,11,50.0,1,Very Easy,0.05,0.0,0,3011,2006,0.0,0.0,3,0,2
No Adaptive,1,841,eval,heuristic,agent_win,10.0,8,50.0,1,Very Easy,0.05,0.0,0,3011,2006,0.0,0.0,2,0,2
No Adaptive,1,842,eval,heuristic,player_win,-10.0,7,50.0,1,Very Easy,0.05,0.0,0,3011,2006,0.0,0.0,1,0,2
No Adaptive,1,843,eval,heuristic,player_win,-10.0,7,50.0,1,Very Easy,0.05,0.0,0,3011,2006,0.0,0.0,1,0,2
No Adaptive,1,844,eval,heuristic,agent_win,10.0,10,50.0,1,Very Easy,0.05,0.0,0,3011,2006,0.0,0.0,2,0,3
No Adaptive,1,845,eval,heuristic,player_win,-10.0,7,50.0,1,Very Easy,0.05,0.0,0,3011,2006,0.0,0.0,1,0,2
No Adaptive,1,846,eval,heuristic,player_win,-10.0,9,50.0,1,Very Easy,0.05,0.0,0,3011,2006,0.0,0.0,3,0,1
No Adaptive,1,847,eval,heuristic,player_win,-10.0,7,50.0,1,Very Easy,0.05,0.0,0,3011,2006,0.0,0.0,1,0,2
No Adaptive,1,848,eval,heuristic,player_win,-10.0,7,50.0,1,Very Easy,0.05,0.0,0,3011,2006,0.0,0.0,1,0,2
No Adaptive,1,849,eval,heuristic,agent_win,10.0,6,50.0,1,Very Easy,0.05,0.0,0,3011,2006,0.0,0.0,1,0,2
No Adaptive,1,850,eval,heuristic,player_win,-10.0,7,50.0,1,Very Easy,0.05,0.0,0,3011,2006,0.0,0.0,2,0,1
No Adaptive,1,851,eval,heuristic,player_win,-10.0,9,50.0,1,Very Easy,0.05,0.0,0,3011,2006,0.0,0.0,2,0,2
No Adaptive,1,852,eval,heuristic,agent_win,10.0,10,50.0,1,Very Easy,0.05,0.0,0,3011,2006,0.0,0.0,3,0,2
No Adaptive,1,853,eval,heuristic,player_win,-10.0,11,50.0,1,Very Easy,0.05,0.0,0,3011,2006,0.0,0.0,3,0,2
No Adaptive,1,854,eval,heuristic,player_win,-10.0,7,50.0,1,Very Easy,0.05,0.0,0,3011,2006,0.0,0.0,1,0,2
No Adaptive,1,855,eval,heuristic,player_win,-10.0,9,50.0,1,Very Easy,0.05,0.0,0,3011,2006,0.0,0.0,2,0,2
No Adaptive,1,856,eval,heuristic,player_win,-10.0,7,50.0,1,Very Easy,0.05,0.0,0,3011,2006,0.0,0.0,2,0,1
No Adaptive,1,857,eval,heuristic,player_win,-10.0,7,50.0,1,Very Easy,0.05,0.0,0,3011,2006,0.0,0.0,1,0,2
No Adaptive,1,858,eval,heuristic,agent_win,10.0,10,50.0,1,Very Easy,0.05,0.0,0,3011,2006,0.0,0.0,3,0,2
No Adaptive,1,859,eval,heuristic,agent_win,10.0,6,50.0,1,Very Easy,0.05,0.0,0,3011,2006,0.0,0.0,2,0,1
No Adaptive,1,860,eval,heuristic,player_win,-10.0,9,50.0,1,Very Easy,0.05,0.0,0,3011,2006,0.0,0.0,2,0,2
No Adaptive,1,861,eval,heuristic,player_win,-10.0,11,50.0,1,Very Easy,0.05,0.0,0,3011,2006,0.0,0.0,3,0,2
No Adaptive,1,862,eval,heuristic,player_win,-10.0,13,50.0,1,Very Easy,0.05,0.0,0,3011,2006,0.0,0.0,4,0,2
No Adaptive,1,863,eval,heuristic,agent_win,10.0,10,50.0,1,Very Easy,0.05,0.0,0,3011,2006,0.0,0.0,3,0,2
No Adaptive,1,864,eval,heuristic,agent_win,10.0,8,50.0,1,Very Easy,0.05,0.0,0,3011,2006,0.0,0.0,2,0,2
No Adaptive,1,865,eval,heuristic,agent_win,10.0,6,50.0,1,Very Easy,0.05,0.0,0,3011,2006,0.0,0.0,1,0,2
No Adaptive,1,866,eval,heuristic,agent_win,10.0,10,50.0,1,Very Easy,0.05,0.0,0,3011,2006,0.0,0.0,3,0,2
No Adaptive,1,867,eval,heuristic,agent_win,10.0,6,50.0,1,Very Easy,0.05,0.0,0,3011,2006,0.0,0.0,2,0,1
No Adaptive,1,868,eval,heuristic,agent_win,10.0,8,50.0,1,Very Easy,0.05,0.0,0,3011,2006,0.0,0.0,2,0,2
No Adaptive,1,869,eval,heuristic,player_win,-10.0,9,50.0,1,Very Easy,0.05,0.0,0,3011,2006,0.0,0.0,2,0,2
No Adaptive,1,870,eval,heuristic,player_win,-10.0,9,50.0,1,Very Easy,0.05,0.0,0,3011,2006,0.0,0.0,1,0,3
No Adaptive,1,871,eval,heuristic,player_win,-10.0,5,50.0,1,Very Easy,0.05,0.0,0,3011,2006,0.0,0.0,1,0,1
No Adaptive,1,872,eval,heuristic,agent_win,10.0,6,50.0,1,Very Easy,0.05,0.0,0,3011,2006,0.0,0.0,2,0,1
No Adaptive,1,873,eval,heuristic,player_win,-10.0,9,50.0,1,Very Easy,0.05,0.0,0,3011,2006,0.0,0.0,3,0,1
No Adaptive,1,874,eval,heuristic,player_win,-10.0,7,50.0,1,Very Easy,0.05,0.0,0,3011,2006,0.0,0.0,2,0,1
No Adaptive,1,875,eval,heuristic,player_win,-10.0,5,50.0,1,Very Easy,0.05,0.0,0,3011,2006,0.0,0.0,1,0,1
No Adaptive,1,876,eval,heuristic,player_win,-10.0,7,50.0,1,Very Easy,0.05,0.0,0,3011,2006,0.0,0.0,1,0,2
No Adaptive,1,877,eval,heuristic,player_win,-10.0,7,50.0,1,Very Easy,0.05,0.0,0,3011,2006,0.0,0.0,1,0,2
No Adaptive,1,878,eval,heuristic,agent_win,10.0,8,50.0,1,Very Easy,0.05,0.0,0,3011,2006,0.0,0.0,3,0,1
No Adaptive,1,879,eval,heuristic,player_win,-10.0,11,50.0,1,Very Easy,0.05,0.0,0,3011,2006,0.0,0.0,3,0,2
No Adaptive,1,880,eval,heuristic,agent_win,10.0,6,50.0,1,Very Easy,0.05,0.0,0,3011,2006,0.0,0.0,2,0,1
No Adaptive,1,881,eval,heuristic,player_win,-10.0,7,50.0,1,Very Easy,0.05,0.0,0,3011,2006,0.0,0.0,1,0,2
No Adaptive,1,882,eval,heuristic,player_win,-10.0,5,50.0,1,Very Easy,0.05,0.0,0,3011,2006,0.0,0.0,1,0,1
No Adaptive,1,883,eval,heuristic,player_win,-10.0,7,50.0,1,Very Easy,0.05,0.0,0,3011,2006,0.0,0.0,1,0,2
No Adaptive,1,884,eval,heuristic,player_win,-10.0,7,50.0,1,Very Easy,0.05,0.0,0,3011,2006,0.0,0.0,1,0,2
No Adaptive,1,885,eval,heuristic,player_win,-10.0,9,50.0,1,Very Easy,0.05,0.0,0,3011,2006,0.0,0.0,3,0,1
No Adaptive,1,886,eval,heuristic,player_win,-10.0,5,50.0,1,Very Easy,0.05,0.0,0,3011,2006,0.0,0.0,1,0,1
No Adaptive,1,887,eval,heuristic,agent_win,10.0,8,50.0,1,Very Easy,0.05,0.0,0,3011,2006,0.0,0.0,2,0,2
No Adaptive,1,888,eval,heuristic,agent_win,10.0,8,50.0,1,Very Easy,0.05,0.0,0,3011,2006,0.0,0.0,2,0,2
No Adaptive,1,889,eval,heuristic,agent_win,10.0,8,50.0,1,Very Easy,0.05,0.0,0,3011,2006,0.0,0.0,3,0,1
No Adaptive,1,890,eval,heuristic,player_win,-10.0,13,50.0,1,Very Easy,0.05,0.0,0,3011,2006,0.0,0.0,4,0,2
No Adaptive,1,891,eval,heuristic,agent_win,10.0,6,50.0,1,Very Easy,0.05,0.0,0,3011,2006,0.0,0.0,3,0,0
No Adaptive,1,892,eval,heuristic,agent_win,10.0,6,50.0,1,Very Easy,0.05,0.0,0,3011,2006,0.0,0.0,3,0,0
No Adaptive,1,893,eval,heuristic,player_win,-10.0,7,50.0,1,Very Easy,0.05,0.0,0,3011,2006,0.0,0.0,1,0,2
No Adaptive,1,894,eval,heuristic,agent_win,10.0,8,50.0,1,Very Easy,0.05,0.0,0,3011,2006,0.0,0.0,3,0,1
No Adaptive,1,895,eval,heuristic,player_win,-10.0,15,50.0,1,Very Easy,0.05,0.0,0,3011,2006,0.0,0.0,5,0,2
No Adaptive,1,896,eval,heuristic,player_win,-10.0,11,50.0,1,Very Easy,0.05,0.0,0,3011,2006,0.0,0.0,3,0,2
No Adaptive,1,897,eval,heuristic,agent_win,10.0,8,50.0,1,Very Easy,0.05,0.0,0,3011,2006,0.0,0.0,1,0,3
No Adaptive,1,898,eval,heuristic,player_win,-10.0,9,50.0,1,Very Easy,0.05,0.0,0,3011,2006,0.0,0.0,2,0,2
No Adaptive,1,899,eval,heuristic,player_win,-10.0,11,50.0,1,Very Easy,0.05,0.0,0,3011,2006,0.0,0.0,3,0,2
No Adaptive,1,900,eval,heuristic,player_win,-10.0,11,50.0,1,Very Easy,0.05,0.0,0,3011,2006,0.0,0.0,3,0,2
No Adaptive,1,901,eval,heuristic,player_win,-10.0,11,50.0,1,Very Easy,0.05,0.0,0,3011,2006,0.0,0.0,1,0,4
No Adaptive,1,902,eval,heuristic,player_win,-10.0,7,50.0,1,Very Easy,0.05,0.0,0,3011,2006,0.0,0.0,2,0,1
No Adaptive,1,903,eval,heuristic,player_win,-10.0,13,50.0,1,Very Easy,0.05,0.0,0,3011,2006,0.0,0.0,2,0,4
No Adaptive,1,904,eval,heuristic,player_win,-10.0,11,50.0,1,Very Easy,0.05,0.0,0,3011,2006,0.0,0.0,3,0,2
No Adaptive,1,905,eval,heuristic,player_win,-10.0,9,50.0,1,Very Easy,0.05,0.0,0,3011,2006,0.0,0.0,2,0,2
No Adaptive,1,906,eval,heuristic,player_win,-10.0,7,50.0,1,Very Easy,0.05,0.0,0,3011,2006,0.0,0.0,2,0,1
No Adaptive,1,907,eval,heuristic,agent_win,10.0,6,50.0,1,Very Easy,0.05,0.0,0,3011,2006,0.0,0.0,2,0,1
No Adaptive,1,908,eval,heuristic,agent_win,10.0,10,50.0,1,Very Easy,0.05,0.0,0,3011,2006,0.0,0.0,3,0,2
No Adaptive,1,909,eval,heuristic,agent_win,10.0,8,50.0,1,Very Easy,0.05,0.0,0,3011,2006,0.0,0.0,2,0,2
No Adaptive,1,910,eval,heuristic,player_win,-10.0,9,50.0,1,Very Easy,0.05,0.0,0,3011,2006,0.0,0.0,2,0,2
No Adaptive,1,911,eval,heuristic,player_win,-10.0,7,50.0,1,Very Easy,0.05,0.0,0,3011,2006,0.0,0.0,1,0,2
No Adaptive,1,912,eval,heuristic,agent_win,10.0,10,50.0,1,Very Easy,0.05,0.0,0,3011,2006,0.0,0.0,3,0,2
No Adaptive,1,913,eval,heuristic,player_win,-10.0,7,50.0,1,Very Easy,0.05,0.0,0,3011,2006,0.0,0.0,2,0,1
No Adaptive,1,914,eval,heuristic,agent_win,10.0,6,50.0,1,Very Easy,0.05,0.0,0,3011,2006,0.0,0.0,1,0,2
No Adaptive,1,915,eval,heuristic,player_win,-10.0,7,50.0,1,Very Easy,0.05,0.0,0,3011,2006,0.0,0.0,1,0,2
No Adaptive,1,916,eval,heuristic,player_win,-10.0,9,50.0,1,Very Easy,0.05,0.0,0,3011,2006,0.0,0.0,2,0,2
No Adaptive,1,917,eval,heuristic,player_win,-10.0,9,50.0,1,Very Easy,0.05,0.0,0,3011,2006,0.0,0.0,2,0,2
No Adaptive,1,918,eval,heuristic,agent_win,10.0,8,50.0,1,Very Easy,0.05,0.0,0,3011,2006,0.0,0.0,2,0,2
No Adaptive,1,919,eval,heuristic,agent_win,10.0,8,50.0,1,Very Easy,0.05,0.0,0,3011,2006,0.0,0.0,2,0,2
No Adaptive,1,920,eval,heuristic,player_win,-10.0,11,50.0,1,Very Easy,0.05,0.0,0,3011,2006,0.0,0.0,2,0,3
No Adaptive,1,921,eval,heuristic,agent_win,10.0,8,50.0,1,Very Easy,0.05,0.0,0,3011,2006,0.0,0.0,2,0,2
No Adaptive,1,922,eval,heuristic,player_win,-10.0,9,50.0,1,Very Easy,0.05,0.0,0,3011,2006,0.0,0.0,1,0,3
No Adaptive,1,923,eval,heuristic,agent_win,10.0,12,50.0,1,Very Easy,0.05,0.0,0,3011,2006,0.0,0.0,4,0,2
No Adaptive,1,924,eval,heuristic,player_win,-10.0,7,50.0,1,Very Easy,0.05,0.0,0,3011,2006,0.0,0.0,2,0,1
No Adaptive,1,925,eval,heuristic,player_win,-10.0,11,50.0,1,Very Easy,0.05,0.0,0,3011,2006,0.0,0.0,3,0,2
No Adaptive,1,926,eval,heuristic,player_win,-10.0,9,50.0,1,Very Easy,0.05,0.0,0,3011,2006,0.0,0.0,3,0,1
No Adaptive,1,927,eval,heuristic,player_win,-10.0,9,50.0,1,Very Easy,0.05,0.0,0,3011,2006,0.0,0.0,1,0,3
No Adaptive,1,928,eval,heuristic,agent_win,10.0,8,50.0,1,Very Easy,0.05,0.0,0,3011,2006,0.0,0.0,3,0,1
No Adaptive,1,929,eval,heuristic,agent_win,10.0,8,50.0,1,Very Easy,0.05,0.0,0,3011,2006,0.0,0.0,2,0,2
No Adaptive,1,930,eval,heuristic,agent_win,10.0,8,50.0,1,Very Easy,0.05,0.0,0,3011,2006,0.0,0.0,2,0,2
No Adaptive,1,931,eval,heuristic,player_win,-10.0,9,50.0,1,Very Easy,0.05,0.0,0,3011,2006,0.0,0.0,1,0,3
No Adaptive,1,932,eval,heuristic,player_win,-10.0,9,50.0,1,Very Easy,0.05,0.0,0,3011,2006,0.0,0.0,3,0,1
No Adaptive,1,933,eval,heuristic,player_win,-10.0,7,50.0,1,Very Easy,0.05,0.0,0,3011,2006,0.0,0.0,2,0,1
No Adaptive,1,934,eval,heuristic,player_win,-10.0,9,50.0,1,Very Easy,0.05,0.0,0,3011,2006,0.0,0.0,2,0,2
No Adaptive,1,935,eval,heuristic,player_win,-10.0,7,50.0,1,Very Easy,0.05,0.0,0,3011,2006,0.0,0.0,2,0,1
No Adaptive,1,936,eval,heuristic,player_win,-10.0,7,50.0,1,Very Easy,0.05,0.0,0,3011,2006,0.0,0.0,2,0,1
No Adaptive,1,937,eval,heuristic,agent_win,10.0,12,50.0,1,Very Easy,0.05,0.0,0,3011,2006,0.0,0.0,3,0,3
No Adaptive,1,938,eval,heuristic,player_win,-10.0,7,50.0,1,Very Easy,0.05,0.0,0,3011,2006,0.0,0.0,2,0,1
No Adaptive,1,939,eval,heuristic,player_win,-10.0,7,50.0,1,Very Easy,0.05,0.0,0,3011,2006,0.0,0.0,2,0,1
No Adaptive,1,940,eval,heuristic,agent_win,10.0,10,50.0,1,Very Easy,0.05,0.0,0,3011,2006,0.0,0.0,3,0,2
No Adaptive,1,941,eval,heuristic,player_win,-10.0,7,50.0,1,Very Easy,0.05,0.0,0,3011,2006,0.0,0.0,1,0,2
No Adaptive,1,942,eval,heuristic,agent_win,10.0,6,50.0,1,Very Easy,0.05,0.0,0,3011,2006,0.0,0.0,2,0,1
No Adaptive,1,943,eval,heuristic,agent_win,10.0,8,50.0,1,Very Easy,0.05,0.0,0,3011,2006,0.0,0.0,2,0,2
No Adaptive,1,944,eval,heuristic,player_win,-10.0,7,50.0,1,Very Easy,0.05,0.0,0,3011,2006,0.0,0.0,1,0,2
No Adaptive,1,945,eval,heuristic,player_win,-10.0,7,50.0,1,Very Easy,0.05,0.0,0,3011,2006,0.0,0.0,1,0,2
No Adaptive,1,946,eval,heuristic,player_win,-10.0,9,50.0,1,Very Easy,0.05,0.0,0,3011,2006,0.0,0.0,3,0,1
No Adaptive,1,947,eval,heuristic,agent_win,10.0,6,50.0,1,Very Easy,0.05,0.0,0,3011,2006,0.0,0.0,1,0,2
No Adaptive,1,948,eval,heuristic,agent_win,10.0,12,50.0,1,Very Easy,0.05,0.0,0,3011,2006,0.0,0.0,4,0,2
No Adaptive,1,949,eval,heuristic,player_win,-10.0,7,50.0,1,Very Easy,0.05,0.0,0,3011,2006,0.0,0.0,1,0,2
No Adaptive,1,950,eval,heuristic,agent_win,10.0,10,50.0,1,Very Easy,0.05,0.0,0,3011,2006,0.0,0.0,3,0,2
No Adaptive,1,951,eval,heuristic,agent_win,10.0,8,50.0,1,Very Easy,0.05,0.0,0,3011,2006,0.0,0.0,2,0,2
No Adaptive,1,952,eval,heuristic,player_win,-10.0,7,50.0,1,Very Easy,0.05,0.0,0,3011,2006,0.0,0.0,1,0,2
No Adaptive,1,953,eval,heuristic,agent_win,10.0,8,50.0,1,Very Easy,0.05,0.0,0,3011,2006,0.0,0.0,3,0,1
No Adaptive,1,954,eval,heuristic,player_win,-10.0,7,50.0,1,Very Easy,0.05,0.0,0,3011,2006,0.0,0.0,1,0,2
No Adaptive,1,955,eval,heuristic,player_win,-10.0,7,50.0,1,Very Easy,0.05,0.0,0,3011,2006,0.0,0.0,1,0,2
No Adaptive,1,956,eval,heuristic,player_win,-10.0,5,50.0,1,Very Easy,0.05,0.0,0,3011,2006,0.0,0.0,1,0,1
No Adaptive,1,957,eval,heuristic,player_win,-10.0,9,50.0,1,Very Easy,0.05,0.0,0,3011,2006,0.0,0.0,2,0,2
No Adaptive,1,958,eval,heuristic,agent_win,10.0,6,50.0,1,Very Easy,0.05,0.0,0,3011,2006,0.0,0.0,3,0,0
No Adaptive,1,959,eval,heuristic,agent_win,10.0,8,50.0,1,Very Easy,0.05,0.0,0,3011,2006,0.0,0.0,3,0,1
No Adaptive,1,960,eval,heuristic,player_win,-10.0,9,50.0,1,Very Easy,0.05,0.0,0,3011,2006,0.0,0.0,3,0,1
No Adaptive,1,961,eval,heuristic,agent_win,10.0,8,50.0,1,Very Easy,0.05,0.0,0,3011,2006,0.0,0.0,3,0,1
No Adaptive,1,962,eval,heuristic,agent_win,10.0,8,50.0,1,Very Easy,0.05,0.0,0,3011,2006,0.0,0.0,2,0,2
No Adaptive,1,963,eval,heuristic,player_win,-10.0,9,50.0,1,Very Easy,0.05,0.0,0,3011,2006,0.0,0.0,2,0,2
No Adaptive,1,964,eval,heuristic,player_win,-10.0,7,50.0,1,Very Easy,0.05,0.0,0,3011,2006,0.0,0.0,2,0,1
No Adaptive,1,965,eval,heuristic,player_win,-10.0,9,50.0,1,Very Easy,0.05,0.0,0,3011,2006,0.0,0.0,2,0,2
No Adaptive,1,966,eval,heuristic,player_win,-10.0,7,50.0,1,Very Easy,0.05,0.0,0,3011,2006,0.0,0.0,2,0,1
No Adaptive,1,967,eval,heuristic,player_win,-10.0,9,50.0,1,Very Easy,0.05,0.0,0,3011,2006,0.0,0.0,2,0,2
No Adaptive,1,968,eval,heuristic,player_win,-10.0,5,50.0,1,Very Easy,0.05,0.0,0,3011,2006,0.0,0.0,1,0,1
No Adaptive,1,969,eval,heuristic,agent_win,10.0,8,50.0,1,Very Easy,0.05,0.0,0,3011,2006,0.0,0.0,2,0,2
No Adaptive,1,970,eval,heuristic,agent_win,10.0,8,50.0,1,Very Easy,0.05,0.0,0,3011,2006,0.0,0.0,2,0,2
No Adaptive,1,971,eval,heuristic,player_win,-10.0,7,50.0,1,Very Easy,0.05,0.0,0,3011,2006,0.0,0.0,2,0,1
No Adaptive,1,972,eval,heuristic,agent_win,10.0,6,50.0,1,Very Easy,0.05,0.0,0,3011,2006,0.0,0.0,2,0,1
No Adaptive,1,973,eval,heuristic,player_win,-10.0,7,50.0,1,Very Easy,0.05,0.0,0,3011,2006,0.0,0.0,2,0,1
No Adaptive,1,974,eval,heuristic,player_win,-10.0,7,50.0,1,Very Easy,0.05,0.0,0,3011,2006,0.0,0.0,2,0,1
No Adaptive,1,975,eval,heuristic,player_win,-10.0,9,50.0,1,Very Easy,0.05,0.0,0,3011,2006,0.0,0.0,1,0,3
No Adaptive,1,976,eval,heuristic,agent_win,10.0,10,50.0,1,Very Easy,0.05,0.0,0,3011,2006,0.0,0.0,3,0,2
No Adaptive,1,977,eval,heuristic,agent_win,10.0,6,50.0,1,Very Easy,0.05,0.0,0,3011,2006,0.0,0.0,1,0,2
No Adaptive,1,978,eval,heuristic,player_win,-10.0,9,50.0,1,Very Easy,0.05,0.0,0,3011,2006,0.0,0.0,1,0,3
No Adaptive,1,979,eval,heuristic,agent_win,10.0,10,50.0,1,Very Easy,0.05,0.0,0,3011,2006,0.0,0.0,3,0,2
No Adaptive,1,980,eval,heuristic,agent_win,10.0,10,50.0,1,Very Easy,0.05,0.0,0,3011,2006,0.0,0.0,2,0,3
No Adaptive,1,981,eval,heuristic,player_win,-10.0,7,50.0,1,Very Easy,0.05,0.0,0,3011,2006,0.0,0.0,1,0,2
No Adaptive,1,982,eval,heuristic,agent_win,10.0,8,50.0,1,Very Easy,0.05,0.0,0,3011,2006,0.0,0.0,2,0,2
No Adaptive,1,983,eval,heuristic,player_win,-10.0,7,50.0,1,Very Easy,0.05,0.0,0,3011,2006,0.0,0.0,1,0,2
No Adaptive,1,984,eval,heuristic,player_win,-10.0,5,50.0,1,Very Easy,0.05,0.0,0,3011,2006,0.0,0.0,1,0,1
No Adaptive,1,985,eval,heuristic,player_win,-10.0,9,50.0,1,Very Easy,0.05,0.0,0,3011,2006,0.0,0.0,1,0,3
No Adaptive,1,986,eval,heuristic,agent_win,10.0,10,50.0,1,Very Easy,0.05,0.0,0,3011,2006,0.0,0.0,3,0,2
No Adaptive,1,987,eval,heuristic,player_win,-10.0,9,50.0,1,Very Easy,0.05,0.0,0,3011,2006,0.0,0.0,2,0,2
No Adaptive,1,988,eval,heuristic,agent_win,10.0,10,50.0,1,Very Easy,0.05,0.0,0,3011,2006,0.0,0.0,2,0,3
No Adaptive,1,989,eval,heuristic,agent_win,10.0,6,50.0,1,Very Easy,0.05,0.0,0,3011,2006,0.0,0.0,2,0,1
No Adaptive,1,990,eval,heuristic,player_win,-10.0,7,50.0,1,Very Easy,0.05,0.0,0,3011,2006,0.0,0.0,1,0,2
No Adaptive,1,991,eval,heuristic,player_win,-10.0,5,50.0,1,Very Easy,0.05,0.0,0,3011,2006,0.0,0.0,1,0,1
No Adaptive,1,992,eval,heuristic,agent_win,10.0,8,50.0,1,Very Easy,0.05,0.0,0,3011,2006,0.0,0.0,2,0,2
No Adaptive,1,993,eval,heuristic,agent_win,10.0,8,50.0,1,Very Easy,0.05,0.0,0,3011,2006,0.0,0.0,1,0,3
No Adaptive,1,994,eval,heuristic,agent_win,10.0,10,50.0,1,Very Easy,0.05,0.0,0,3011,2006,0.0,0.0,2,0,3
No Adaptive,1,995,eval,heuristic,agent_win,10.0,6,50.0,1,Very Easy,0.05,0.0,0,3011,2006,0.0,0.0,1,0,2
No Adaptive,1,996,eval,heuristic,agent_win,10.0,6,50.0,1,Very Easy,0.05,0.0,0,3011,2006,0.0,0.0,2,0,1
No Adaptive,1,997,eval,heuristic,player_win,-10.0,7,50.0,1,Very Easy,0.05,0.0,0,3011,2006,0.0,0.0,2,0,1
No Adaptive,1,998,eval,heuristic,agent_win,10.0,6,50.0,1,Very Easy,0.05,0.0,0,3011,2006,0.0,0.0,1,0,2
No Adaptive,1,999,eval,heuristic,player_win,-10.0,7,50.0,1,Very Easy,0.05,0.0,0,3011,2006,0.0,0.0,2,0,1
No Adaptive,1,1000,eval,heuristic,agent_win,10.0,6,50.0,1,Very Easy,0.05,0.0,0,3011,2006,0.0,0.0,2,0,1
No Adaptive,2,1,train,heuristic,agent_win,10.0,8,50.0,1,Very Easy,0.95,0.76,1,4,4,3.0,3.0,3,0,1
No Adaptive,2,2,train,heuristic,player_win,-10.0,7,50.0,1,Very Easy,0.9025,0.722,1,7,7,0.0,0.0,1,2,0
No Adaptive,2,3,train,heuristic,agent_win,10.0,8,50.0,1,Very Easy,0.8573749999999999,0.6859,1,11,11,3.0,3.0,4,0,0
No Adaptive,2,4,train,heuristic,agent_win,10.0,12,50.0,1,Very Easy,0.8145062499999999,0.651605,1,17,16,3.0,3.0,5,1,0
No Adaptive,2,5,train,heuristic,agent_win,10.0,8,50.0,1,Very Easy,0.7737809374999999,0.6190247499999999,1,21,20,3.0,3.0,3,1,0
No Adaptive,2,6,train,heuristic,player_win,-10.0,7,50.0,1,Very Easy,0.7350918906249998,0.5880735124999998,1,24,23,0.0,0.0,2,1,0
No Adaptive,2,7,train,heuristic,player_win,-10.0,9,50.0,1,Very Easy,0.6983372960937497,0.5586698368749998,1,28,26,0.0,0.0,2,0,2
No Adaptive,2,8,train,heuristic,player_win,-10.0,7,50.0,1,Very Easy,0.6634204312890623,0.5307363450312498,1,31,29,0.0,0.0,2,0,1
No Adaptive,2,9,train,heuristic,player_win,-10.0,9,50.0,1,Very Easy,0.6302494097246091,0.5041995277796872,1,35,32,0.0,0.0,2,1,1
No Adaptive,2,10,train,heuristic,player_win,-10.0,7,50.0,1,Very Easy,0.5987369392383786,0.4789895513907029,1,38,35,0.0,0.0,1,1,1
No Adaptive,2,11,train,heuristic,player_win,-10.0,9,50.0,1,Very Easy,0.5688000922764596,0.4550400738211677,1,42,39,0.0,0.0,1,1,2
No Adaptive,2,12,train,heuristic,player_win,-10.0,7,50.0,1,Very Easy,0.5403600876626365,0.4322880701301093,1,45,42,0.0,0.0,1,0,2
No Adaptive,2,13,train,heuristic,player_win,-10.0,5,50.0,1,Very Easy,0.5133420832795047,0.4106736666236038,1,47,43,0.0,0.0,1,1,0
No Adaptive,2,14,train,heuristic,agent_win,10.0,8,50.0,1,Very Easy,0.48767497911552943,0.39013998329242355,1,51,46,3.0,3.0,1,2,1
No Adaptive,2,15,train,heuristic,player_win,-10.0,7,50.0,1,Very Easy,0.46329123015975293,0.3706329841278024,1,54,48,0.0,0.0,2,1,0
No Adaptive,2,16,train,heuristic,agent_win,10.0,8,50.0,1,Very Easy,0.44012666865176525,0.3521013349214122,1,58,52,3.0,3.0,2,2,0
No Adaptive,2,17,train,heuristic,player_win,-10.0,11,50.0,1,Very Easy,0.41812033521917696,0.3344962681753416,1,63,57,0.0,0.0,3,0,2
No Adaptive,2,18,train,heuristic,player_win,-10.0,5,50.0,1,Very Easy,0.3972143184582181,0.3177714547665745,1,65,58,0.0,0.0,1,1,0
No Adaptive,2,19,train,heuristic,player_win,-10.0,5,50.0,1,Very Easy,0.37735360253530714,0.30188288202824576,1,67,59,0.0,0.0,1,1,0
No Adaptive,2,20,train,heuristic,agent_win,10.0,8,50.0,1,Very Easy,0.35848592240854177,0.2867887379268334,1,71,62,3.0,3.0,2,1,1
No Adaptive,2,21,train,heuristic,agent_win,10.0,6,50.0,1,Very Easy,0.34056162628811465,0.27244930103049175,1,74,64,3.0,3.0,2,0,1
No Adaptive,2,22,train,heuristic,player_win,-10.0,5,50.0,1,Very Easy,0.3235335449737089,0.2588268359789671,1,76,65,0.0,0.0,1,0,1
No Adaptive,2,23,train,heuristic,player_win,-10.0,7,50.0,1,Very Easy,0.30735686772502346,0.2458854941800188,1,79,67,0.0,0.0,2,0,1
No Adaptive,2,24,train,heuristic,agent_win,10.0,12,50.0,1,Very Easy,0.2919890243387723,0.23359121947101782,1,85,72,3.0,3.0,5,1,0
No Adaptive,2,25,train,heuristic,player_win,-10.0,7,50.0,1,Very Easy,0.27738957312183365,0.22191165849746694,1,88,74,0.0,0.0,2,0,1
No Adaptive,2,26,train,heuristic,player_win,-10.0,11,50.0,1,Very Easy,0.263520094465742,0.2108160755725936,1,93,78,0.0,0.0,3,0,2
No Adaptive,2,27,train,heuristic,player_win,-10.0,7,50.0,1,Very Easy,0.25034408974245487,0.2002752717939639,1,96,80,0.0,0.0,2,0,1
No Adaptive,2,28,train,heuristic,player_win,-10.0,9,50.0,1,Very Easy,0.2378268852553321,0.19026150820426568,1,100,83,0.0,0.0,2,0,2
No Adaptive,2,29,train,heuristic,player_win,-10.0,9,50.0,1,Very Easy,0.2259355409925655,0.1807484327940524,1,104,86,0.0,0.0,3,0,1
No Adaptive,2,30,train,heuristic,player_win,-10.0,7,50.0,1,Very Easy,0.2146387639429372,0.17171101115434978,1,107,88,0.0,0.0,2,0,1
No Adaptive,2,31,train,heuristic,agent_win,10.0,8,50.0,1,Very Easy,0.20390682574579033,0.16312546059663227,1,111,91,3.0,3.0,3,1,0
No Adaptive,2,32,train,heuristic,agent_win,10.0,10,50.0,1,Very Easy,0.1937114844585008,0.15496918756680067,1,116,95,3.0,3.0,1,1,3
No Adaptive,2,33,train,heuristic,player_win,-10.0,9,50.0,1,Very Easy,0.18402591023557577,0.14722072818846063,1,120,98,0.0,0.0,2,1,1
No Adaptive,2,34,train,heuristic,player_win,-10.0,9,50.0,1,Very Easy,0.17482461472379698,0.1398596917790376,1,124,101,0.0,0.0,2,0,2
No Adaptive,2,35,train,heuristic,player_win,-10.0,9,50.0,1,Very Easy,0.16608338398760714,0.13286670719008573,1,128,104,0.0,0.0,3,0,1
No Adaptive,2,36,train,heuristic,player_win,-10.0,9,50.0,1,Very Easy,0.15777921478822676,0.1262233718305814,1,132,108,0.0,0.0,2,1,1
No Adaptive,2,37,train,heuristic,agent_win,10.0,8,50.0,1,Very Easy,0.14989025404881542,0.11991220323905234,1,136,111,3.0,3.0,3,0,1
No Adaptive,2,38,train,heuristic,player_win,-10.0,7,50.0,1,Very Easy,0.14239574134637464,0.11391659307709973,1,139,113,0.0,0.0,2,1,0
No Adaptive,2,39,train,heuristic,agent_win,10.0,6,50.0,1,Very Easy,0.1352759542790559,0.10822076342324471,1,142,115,3.0,3.0,1,0,2
No Adaptive,2,40,train,heuristic,player_win,-10.0,7,50.0,1,Very Easy,0.1285121565651031,0.10280972525208248,1,145,117,0.0,0.0,2,0,1
No Adaptive,2,41,train,heuristic,player_win,-10.0,7,50.0,1,Very Easy,0.12208654873684793,0.09766923898947835,1,148,119,0.0,0.0,2,0,1
No Adaptive,2,42,train,heuristic,agent_win,10.0,8,50.0,1,Very Easy,0.11598222130000553,0.09278577704000443,1,152,122,3.0,3.0,3,0,1
No Adaptive,2,43,train,heuristic,player_win,-10.0,7,50.0,1,Very Easy,0.11018311023500525,0.0881464881880042,1,155,124,0.0,0.0,1,0,2
No Adaptive,2,44,train,heuristic,player_win,-10.0,5,50.0,1,Very Easy,0.10467395472325498,0.08373916377860399,1,157,125,0.0,0.0,1,0,1
No Adaptive,2,45,train,heuristic,player_win,-10.0,5,50.0,1,Very Easy,0.09944025698709223,0.0795522055896738,1,159,126,0.0,0.0,1,0,1
No Adaptive,2,46,train,heuristic,agent_win,10.0,6,50.0,1,Very Easy,0.09446824413773762,0.0755745953101901,1,162,128,3.0,3.0,1,0,2
No Adaptive,2,47,train,heuristic,player_win,-10.0,7,50.0,1,Very Easy,0.08974483193085074,0.07179586554468059,1,165,130,0.0,0.0,1,0,2
No Adaptive,2,48,train,heuristic,player_win,-10.0,7,50.0,1,Very Easy,0.0852575903343082,0.06820607226744656,1,168,132,0.0,0.0,1,0,2
No Adaptive,2,49,train,heuristic,player_win,-10.0,7,50.0,1,Very Easy,0.08099471081759278,0.06479576865407423,1,171,134,0.0,0.0,1,0,2
No Adaptive,2,50,train,heuristic,agent_win,10.0,10,50.0,1,Very Easy,0.07694497527671314,0.061555980221370515,1,176,137,3.0,3.0,3,0,2
No Adaptive,2,51,train,heuristic,player_win,-10.0,5,50.0,1,Very Easy,0.07309772651287748,0.05847818121030199,1,178,138,0.0,0.0,1,0,1
No Adaptive,2,52,train,heuristic,player_win,-10.0,7,50.0,1,Very Easy,0.0694428401872336,0.05555427214978688,1,181,140,0.0,0.0,1,0,2
No Adaptive,2,53,train,heuristic,agent_win,10.0,8,50.0,1,Very Easy,0.0659706981778719,0.05277655854229753,1,185,143,3.0,3.0,2,0,2
No Adaptive,2,54,train,heuristic,player_win,-10.0,7,50.0,1,Very Easy,0.0626721632689783,0.050137730615182646,1,188,145,0.0,0.0,2,0,1
No Adaptive,2,55,train,heuristic,player_win,-10.0,11,50.0,1,Very Easy,0.059538555105529384,0.05,1,193,150,0.0,0.0,3,0,2
No Adaptive,2,56,train,heuristic,player_win,-10.0,9,50.0,1,Very Easy,0.05656162735025291,0.05,1,197,153,0.0,0.0,2,0,2
No Adaptive,2,57,train,heuristic,agent_win,10.0,8,50.0,1,Very Easy,0.053733545982740265,0.05,1,201,156,3.0,3.0,1,0,3
No Adaptive,2,58,train,heuristic,player_win,-10.0,13,50.0,1,Very Easy,0.05104686868360325,0.05,1,207,161,0.0,0.0,3,0,3
No Adaptive,2,59,train,heuristic,agent_win,10.0,8,50.0,1,Very Easy,0.05,0.05,1,211,164,3.0,3.0,3,0,1
No Adaptive,2,60,train,heuristic,player_win,-10.0,7,50.0,1,Very Easy,0.05,0.05,1,214,166,0.0,0.0,2,0,1
No Adaptive,2,61,train,heuristic,player_win,-10.0,7,50.0,1,Very Easy,0.05,0.05,1,217,168,0.0,0.0,1,0,2
No Adaptive,2,62,train,heuristic,agent_win,10.0,8,50.0,1,Very Easy,0.05,0.05,1,221,171,3.0,3.0,2,0,2
No Adaptive,2,63,train,heuristic,agent_win,10.0,8,50.0,1,Very Easy,0.05,0.05,1,225,174,3.0,3.0,3,0,1
No Adaptive,2,64,train,heuristic,agent_win,10.0,8,50.0,1,Very Easy,0.05,0.05,1,229,177,3.0,3.0,3,0,1
No Adaptive,2,65,train,heuristic,player_win,-10.0,7,50.0,1,Very Easy,0.05,0.05,1,232,179,0.0,0.0,2,0,1
No Adaptive,2,66,train,heuristic,player_win,-10.0,9,50.0,1,Very Easy,0.05,0.05,1,236,183,0.0,0.0,3,0,1
No Adaptive,2,67,train,heuristic,player_win,-10.0,7,50.0,1,Very Easy,0.05,0.05,1,239,185,0.0,0.0,2,0,1
No Adaptive,2,68,train,heuristic,agent_win,10.0,6,50.0,1,Very Easy,0.05,0.05,1,242,187,3.0,3.0,1,0,2
No Adaptive,2,69,train,heuristic,agent_win,10.0,8,50.0,1,Very Easy,0.05,0.05,1,246,190,3.0,3.0,3,0,1
No Adaptive,2,70,train,heuristic,draw,3.0,16,50.0,1,Very Easy,0.05,0.05,1,254,197,0.8999999999999999,0.8999999999999999,5,0,3
No Adaptive,2,71,train,heuristic,player_win,-10.0,5,50.0,1,Very Easy,0.05,0.05,1,256,198,0.0,0.0,1,0,1
No Adaptive,2,72,train,heuristic,agent_win,10.0,10,50.0,1,Very Easy,0.05,0.05,1,261,202,3.0,3.0,3,0,2
No Adaptive,2,73,train,heuristic,player_win,-10.0,7,50.0,1,Very Easy,0.05,0.05,1,264,204,0.0,0.0,2,0,1
No Adaptive,2,74,train,heuristic,player_win,-10.0,7,50.0,1,Very Easy,0.05,0.05,1,267,206,0.0,0.0,1,0,2
No Adaptive,2,75,train,heuristic,player_win,-10.0,7,50.0,1,Very Easy,0.05,0.05,1,270,208,0.0,0.0,2,0,1
No Adaptive,2,76,train,heuristic,player_win,-10.0,9,50.0,1,Very Easy,0.05,0.05,1,274,211,0.0,0.0,1,0,3
No Adaptive,2,77,train,heuristic,player_win,-10.0,5,50.0,1,Very Easy,0.05,0.05,1,276,212,0.0,0.0,1,0,1
No Adaptive,2,78,train,heuristic,agent_win,10.0,8,50.0,1,Very Easy,0.05,0.05,1,280,215,3.0,3.0,2,0,2
No Adaptive,2,79,train,heuristic,player_win,-10.0,9,50.0,1,Very Easy,0.05,0.05,1,284,218,0.0,0.0,1,0,3
No Adaptive,2,80,train,heuristic,agent_win,10.0,8,50.0,1,Very Easy,0.05,0.05,1,288,221,3.0,3.0,2,0,2
No Adaptive,2,81,train,heuristic,agent_win,10.0,8,50.0,1,Very Easy,0.05,0.05,1,292,224,3.0,3.0,2,0,2
No Adaptive,2,82,train,heuristic,agent_win,10.0,8,50.0,1,Very Easy,0.05,0.05,1,296,227,3.0,3.0,2,0,2
No Adaptive,2,83,train,heuristic,player_win,-10.0,5,50.0,1,Very Easy,0.05,0.05,1,298,228,0.0,0.0,1,0,1
No Adaptive,2,84,train,heuristic,player_win,-10.0,7,50.0,1,Very Easy,0.05,0.05,1,301,230,0.0,0.0,1,0,2
No Adaptive,2,85,train,heuristic,player_win,-10.0,7,50.0,1,Very Easy,0.05,0.05,1,304,232,0.0,0.0,1,0,2
No Adaptive,2,86,train,heuristic,player_win,-10.0,9,50.0,1,Very Easy,0.05,0.05,1,308,235,0.0,0.0,2,0,2
No Adaptive,2,87,train,heuristic,agent_win,10.0,6,50.0,1,Very Easy,0.05,0.05,1,311,237,3.0,3.0,2,1,0
No Adaptive,2,88,train,heuristic,agent_win,10.0,6,50.0,1,Very Easy,0.05,0.05,1,314,239,3.0,3.0,2,0,1
No Adaptive,2,89,train,heuristic,player_win,-10.0,11,50.0,1,Very Easy,0.05,0.05,1,319,243,0.0,0.0,3,0,2
No Adaptive,2,90,train,heuristic,agent_win,10.0,8,50.0,1,Very Easy,0.05,0.05,1,323,246,3.0,3.0,3,0,1
No Adaptive,2,91,train,heuristic,player_win,-10.0,7,50.0,1,Very Easy,0.05,0.05,1,326,248,0.0,0.0,2,0,1
No Adaptive,2,92,train,heuristic,player_win,-10.0,9,50.0,1,Very Easy,0.05,0.05,1,330,251,0.0,0.0,3,0,1
No Adaptive,2,93,train,heuristic,player_win,-10.0,9,50.0,1,Very Easy,0.05,0.05,1,334,254,0.0,0.0,1,0,3
No Adaptive,2,94,train,heuristic,agent_win,10.0,10,50.0,1,Very Easy,0.05,0.05,1,339,258,3.0,3.0,3,0,2
No Adaptive,2,95,train,heuristic,agent_win,10.0,8,50.0,1,Very Easy,0.05,0.05,1,343,261,3.0,3.0,2,0,2
No Adaptive,2,96,train,heuristic,agent_win,10.0,8,50.0,1,Very Easy,0.05,0.05,1,347,264,3.0,3.0,3,0,1
No Adaptive,2,97,train,heuristic,player_win,-10.0,7,50.0,1,Very Easy,0.05,0.05,1,350,266,0.0,0.0,1,0,2
No Adaptive,2,98,train,heuristic,player_win,-10.0,5,50.0,1,Very Easy,0.05,0.05,1,352,267,0.0,0.0,1,0,1
No Adaptive,2,99,train,heuristic,agent_win,10.0,8,50.0,1,Very Easy,0.05,0.05,1,356,270,3.0,3.0,2,0,2
No Adaptive,2,100,train,heuristic,player_win,-10.0,9,50.0,1,Very Easy,0.05,0.05,1,360,273,0.0,0.0,1,0,3
No Adaptive,2,101,train,heuristic,player_win,-10.0,7,50.0,1,Very Easy,0.05,0.05,1,363,275,0.0,0.0,1,0,2
No Adaptive,2,102,train,heuristic,player_win,-10.0,11,50.0,1,Very Easy,0.05,0.05,1,368,279,0.0,0.0,3,0,2
No Adaptive,2,103,train,heuristic,player_win,-10.0,11,50.0,1,Very Easy,0.05,0.05,1,373,283,0.0,0.0,2,1,2
No Adaptive,2,104,train,heuristic,player_win,-10.0,9,50.0,1,Very Easy,0.05,0.05,1,377,286,0.0,0.0,3,0,1
No Adaptive,2,105,train,heuristic,agent_win,10.0,8,50.0,1,Very Easy,0.05,0.05,1,381,289,3.0,3.0,2,0,2
No Adaptive,2,106,train,heuristic,player_win,-10.0,7,50.0,1,Very Easy,0.05,0.05,1,384,291,0.0,0.0,2,0,1
No Adaptive,2,107,train,heuristic,player_win,-10.0,7,50.0,1,Very Easy,0.05,0.05,1,387,293,0.0,0.0,2,0,1
No Adaptive,2,108,train,heuristic,player_win,-10.0,9,50.0,1,Very Easy,0.05,0.05,1,391,296,0.0,0.0,3,0,1
No Adaptive,2,109,train,heuristic,agent_win,10.0,8,50.0,1,Very Easy,0.05,0.05,1,395,299,3.0,3.0,3,0,1
No Adaptive,2,110,train,heuristic,agent_win,10.0,8,50.0,1,Very Easy,0.05,0.05,1,399,303,3.0,3.0,2,0,2
No Adaptive,2,111,train,heuristic,player_win,-10.0,9,50.0,1,Very Easy,0.05,0.05,1,403,306,0.0,0.0,2,0,2
No Adaptive,2,112,train,heuristic,player_win,-10.0,9,50.0,1,Very Easy,0.05,0.05,1,407,309,0.0,0.0,2,0,2
No Adaptive,2,113,train,heuristic,player_win,-10.0,5,50.0,1,Very Easy,0.05,0.05,1,409,310,0.0,0.0,1,0,1
No Adaptive,2,114,train,heuristic,draw,3.0,16,50.0,1,Very Easy,0.05,0.05,1,417,317,0.8999999999999999,0.8999999999999999,5,0,3
No Adaptive,2,115,train,heuristic,agent_win,10.0,10,50.0,1,Very Easy,0.05,0.05,1,422,321,3.0,3.0,3,0,2
No Adaptive,2,116,train,heuristic,agent_win,10.0,8,50.0,1,Very Easy,0.05,0.05,1,426,324,3.0,3.0,2,0,2
No Adaptive,2,117,train,heuristic,player_win,-10.0,7,50.0,1,Very Easy,0.05,0.05,1,429,326,0.0,0.0,2,0,1
No Adaptive,2,118,train,heuristic,player_win,-10.0,5,50.0,1,Very Easy,0.05,0.05,1,431,327,0.0,0.0,1,0,1
No Adaptive,2,119,train,heuristic,agent_win,10.0,10,50.0,1,Very Easy,0.05,0.05,1,436,331,3.0,3.0,3,0,2
No Adaptive,2,120,train,heuristic,player_win,-10.0,5,50.0,1,Very Easy,0.05,0.05,1,438,332,0.0,0.0,1,0,1
No Adaptive,2,121,train,heuristic,player_win,-10.0,7,50.0,1,Very Easy,0.05,0.05,1,441,334,0.0,0.0,1,0,2
No Adaptive,2,122,train,heuristic,agent_win,10.0,6,50.0,1,Very Easy,0.05,0.05,1,444,336,3.0,3.0,2,0,1
No Adaptive,2,123,train,heuristic,player_win,-10.0,9,50.0,1,Very Easy,0.05,0.05,1,448,339,0.0,0.0,2,0,2
No Adaptive,2,124,train,heuristic,player_win,-10.0,9,50.0,1,Very Easy,0.05,0.05,1,452,342,0.0,0.0,2,0,2
No Adaptive,2,125,train,heuristic,player_win,-10.0,9,50.0,1,Very Easy,0.05,0.05,1,456,345,0.0,0.0,3,0,1
No Adaptive,2,126,train,heuristic,agent_win,10.0,14,50.0,1,Very Easy,0.05,0.05,1,463,351,3.0,3.0,3,0,4
No Adaptive,2,127,train,heuristic,player_win,-10.0,9,50.0,1,Very Easy,0.05,0.05,1,467,354,0.0,0.0,3,0,1
No Adaptive,2,128,train,heuristic,player_win,-10.0,7,50.0,1,Very Easy,0.05,0.05,1,470,356,0.0,0.0,2,0,1
No Adaptive,2,129,train,heuristic,player_win,-10.0,11,50.0,1,Very Easy,0.05,0.05,1,475,360,0.0,0.0,2,0,3
No Adaptive,2,130,train,heuristic,player_win,-10.0,9,50.0,1,Very Easy,0.05,0.05,1,479,363,0.0,0.0,2,0,2
No Adaptive,2,131,train,heuristic,player_win,-10.0,9,50.0,1,Very Easy,0.05,0.05,1,483,366,0.0,0.0,2,0,2
No Adaptive,2,132,train,heuristic,agent_win,10.0,10,50.0,1,Very Easy,0.05,0.05,1,488,370,3.0,3.0,3,0,2
No Adaptive,2,133,train,heuristic,player_win,-10.0,7,50.0,1,Very Easy,0.05,0.05,1,491,372,0.0,0.0,3,0,0
No Adaptive,2,134,train,heuristic,player_win,-10.0,7,50.0,1,Very Easy,0.05,0.05,1,494,374,0.0,0.0,2,0,1
No Adaptive,2,135,train,heuristic,agent_win,10.0,10,50.0,1,Very Easy,0.05,0.05,1,499,378,3.0,3.0,2,0,3
No Adaptive,2,136,train,heuristic,player_win,-10.0,7,50.0,1,Very Easy,0.05,0.05,1,502,380,0.0,0.0,2,1,0
No Adaptive,2,137,train,heuristic,agent_win,10.0,8,50.0,1,Very Easy,0.05,0.05,1,506,383,3.0,3.0,2,0,2
No Adaptive,2,138,train,heuristic,agent_win,10.0,8,50.0,1,Very Easy,0.05,0.05,1,510,386,3.0,3.0,3,0,1
No Adaptive,2,139,train,heuristic,player_win,-10.0,9,50.0,1,Very Easy,0.05,0.05,1,514,389,0.0,0.0,1,0,3
No Adaptive,2,140,train,heuristic,agent_win,10.0,8,50.0,1,Very Easy,0.05,0.05,1,518,392,3.0,3.0,1,0,3
No Adaptive,2,141,train,heuristic,player_win,-10.0,11,50.0,1,Very Easy,0.05,0.05,1,523,396,0.0,0.0,3,0,2
No Adaptive,2,142,train,heuristic,player_win,-10.0,7,50.0,1,Very Easy,0.05,0.05,1,526,398,0.0,0.0,2,0,1
No Adaptive,2,143,train,heuristic,agent_win,10.0,10,50.0,1,Very Easy,0.05,0.05,1,531,402,3.0,3.0,3,0,2
No Adaptive,2,144,train,heuristic,player_win,-10.0,5,50.0,1,Very Easy,0.05,0.05,1,533,403,0.0,0.0,1,0,1
No Adaptive,2,145,train,heuristic,player_win,-10.0,7,50.0,1,Very Easy,0.05,0.05,1,536,405,0.0,0.0,2,0,1
No Adaptive,2,146,train,heuristic,agent_win,10.0,8,50.0,1,Very Easy,0.05,0.05,1,540,408,3.0,3.0,3,0,1
No Adaptive,2,147,train,heuristic,agent_win,10.0,6,50.0,1,Very Easy,0.05,0.05,1,543,409,3.0,3.0,1,0,2
No Adaptive,2,148,train,heuristic,player_win,-10.0,7,50.0,1,Very Easy,0.05,0.05,1,546,411,0.0,0.0,2,0,1
No Adaptive,2,149,train,heuristic,agent_win,10.0,6,50.0,1,Very Easy,0.05,0.05,1,549,413,3.0,3.0,2,0,1
No Adaptive,2,150,train,heuristic,player_win,-10.0,7,50.0,1,Very Easy,0.05,0.05,1,552,415,0.0,0.0,1,0,2
No Adaptive,2,151,train,heuristic,player_win,-10.0,9,50.0,1,Very Easy,0.05,0.05,1,556,418,0.0,0.0,2,0,2
No Adaptive,2,152,train,heuristic,player_win,-10.0,9,50.0,1,Very Easy,0.05,0.05,1,560,421,0.0,0.0,2,0,2
No Adaptive,2,153,train,heuristic,player_win,-10.0,5,50.0,1,Very Easy,0.05,0.05,1,562,422,0.0,0.0,1,0,1
No Adaptive,2,154,train,heuristic,player_win,-10.0,7,50.0,1,Very Easy,0.05,0.05,1,565,424,0.0,0.0,1,0,2
No Adaptive,2,155,train,heuristic,player_win,-10.0,11,50.0,1,Very Easy,0.05,0.05,1,570,428,0.0,0.0,1,0,4
No Adaptive,2,156,train,heuristic,agent_win,10.0,8,50.0,1,Very Easy,0.05,0.05,1,574,431,3.0,3.0,3,0,1
No Adaptive,2,157,train,heuristic,player_win,-10.0,9,50.0,1,Very Easy,0.05,0.05,1,578,434,0.0,0.0,2,0,2
No Adaptive,2,158,train,heuristic,agent_win,10.0,8,50.0,1,Very Easy,0.05,0.05,1,582,437,3.0,3.0,2,0,2
No Adaptive,2,159,train,heuristic,player_win,-10.0,9,50.0,1,Very Easy,0.05,0.05,1,586,440,0.0,0.0,2,0,2
No Adaptive,2,160,train,heuristic,agent_win,10.0,6,50.0,1,Very Easy,0.05,0.05,1,589,442,3.0,3.0,2,0,1
No Adaptive,2,161,train,heuristic,player_win,-10.0,7,50.0,1,Very Easy,0.05,0.05,1,592,444,0.0,0.0,2,0,1
No Adaptive,2,162,train,heuristic,agent_win,10.0,8,50.0,1,Very Easy,0.05,0.05,1,596,447,3.0,3.0,3,0,1
No Adaptive,2,163,train,heuristic,player_win,-10.0,5,50.0,1,Very Easy,0.05,0.05,1,598,448,0.0,0.0,2,0,0
No Adaptive,2,164,train,heuristic,agent_win,10.0,6,50.0,1,Very Easy,0.05,0.05,1,601,450,3.0,3.0,2,0,1
No Adaptive,2,165,train,heuristic,player_win,-10.0,7,50.0,1,Very Easy,0.05,0.05,1,604,452,0.0,0.0,2,0,1
No Adaptive,2,166,train,heuristic,player_win,-10.0,7,50.0,1,Very Easy,0.05,0.05,1,607,454,0.0,0.0,2,1,0
No Adaptive,2,167,train,heuristic,agent_win,10.0,6,50.0,1,Very Easy,0.05,0.05,1,610,456,3.0,3.0,2,0,1
No Adaptive,2,168,train,heuristic,agent_win,10.0,8,50.0,1,Very Easy,0.05,0.05,1,614,459,3.0,3.0,1,0,3
No Adaptive,2,169,train,heuristic,player_win,-10.0,13,50.0,1,Very Easy,0.05,0.05,1,620,464,0.0,0.0,4,0,2
No Adaptive,2,170,train,heuristic,agent_win,10.0,6,50.0,1,Very Easy,0.05,0.05,1,623,466,3.0,3.0,2,0,1
No Adaptive,2,171,train,heuristic,agent_win,10.0,8,50.0,1,Very Easy,0.05,0.05,1,627,469,3.0,3.0,2,1,1
No Adaptive,2,172,train,heuristic,agent_win,10.0,14,50.0,1,Very Easy,0.05,0.05,1,634,475,3.0,3.0,4,0,3
No Adaptive,2,173,train,heuristic,player_win,-10.0,9,50.0,1,Very Easy,0.05,0.05,1,638,478,0.0,0.0,2,0,2
No Adaptive,2,174,train,heuristic,agent_win,10.0,6,50.0,1,Very Easy,0.05,0.05,1,641,480,3.0,3.0,2,0,1
No Adaptive,2,175,train,heuristic,player_win,-10.0,7,50.0,1,Very Easy,0.05,0.05,1,644,482,0.0,0.0,2,0,1
No Adaptive,2,176,train,heuristic,player_win,-10.0,7,50.0,1,Very Easy,0.05,0.05,1,647,484,0.0,0.0,2,0,1
No Adaptive,2,177,train,heuristic,agent_win,10.0,8,50.0,1,Very Easy,0.05,0.05,1,651,487,3.0,3.0,2,0,2
No Adaptive,2,178,train,heuristic,player_win,-10.0,7,50.0,1,Very Easy,0.05,0.05,1,654,489,0.0,0.0,2,0,1
No Adaptive,2,179,train,heuristic,player_win,-10.0,7,50.0,1,Very Easy,0.05,0.05,1,657,491,0.0,0.0,1,0,2
No Adaptive,2,180,train,heuristic,player_win,-10.0,9,50.0,1,Very Easy,0.05,0.05,1,661,494,0.0,0.0,4,0,0
No Adaptive,2,181,train,heuristic,agent_win,10.0,8,50.0,1,Very Easy,0.05,0.05,1,665,497,3.0,3.0,2,0,2
No Adaptive,2,182,train,heuristic,player_win,-10.0,9,50.0,1,Very Easy,0.05,0.05,1,669,500,0.0,0.0,2,0,2
No Adaptive,2,183,train,heuristic,player_win,-10.0,7,50.0,1,Very Easy,0.05,0.05,1,672,502,0.0,0.0,1,0,2
No Adaptive,2,184,train,heuristic,player_win,-10.0,9,50.0,1,Very Easy,0.05,0.05,1,676,505,0.0,0.0,3,0,1
No Adaptive,2,185,train,heuristic,player_win,-10.0,7,50.0,1,Very Easy,0.05,0.05,1,679,507,0.0,0.0,2,0,1
No Adaptive,2,186,train,heuristic,player_win,-10.0,7,50.0,1,Very Easy,0.05,0.05,1,682,509,0.0,0.0,2,0,1
No Adaptive,2,187,train,heuristic,agent_win,10.0,6,50.0,1,Very Easy,0.05,0.05,1,685,509,2.0999999999999996,2.0999999999999996,2,0,1
No Adaptive,2,188,train,heuristic,agent_win,10.0,12,50.0,1,Very Easy,0.05,0.05,1,691,514,3.0,3.0,3,0,3
No Adaptive,2,189,train,heuristic,agent_win,10.0,8,50.0,1,Very Easy,0.05,0.05,1,695,516,3.0,3.0,2,1,1
No Adaptive,2,190,train,heuristic,agent_win,10.0,6,50.0,1,Very Easy,0.05,0.05,1,698,518,3.0,3.0,2,0,1
No Adaptive,2,191,train,heuristic,agent_win,10.0,6,50.0,1,Very Easy,0.05,0.05,1,701,520,3.0,3.0,2,0,1
No Adaptive,2,192,train,heuristic,player_win,-10.0,11,50.0,1,Very Easy,0.05,0.05,1,706,524,0.0,0.0,3,0,2
No Adaptive,2,193,train,heuristic,player_win,-10.0,5,50.0,1,Very Easy,0.05,0.05,1,708,525,0.0,0.0,2,0,0
No Adaptive,2,194,train,heuristic,player_win,-10.0,7,50.0,1,Very Easy,0.05,0.05,1,711,527,0.0,0.0,1,0,2
No Adaptive,2,195,train,heuristic,agent_win,10.0,6,50.0,1,Very Easy,0.05,0.05,1,714,529,3.0,3.0,2,0,1
No Adaptive,2,196,train,heuristic,player_win,-10.0,7,50.0,1,Very Easy,0.05,0.05,1,717,531,0.0,0.0,1,0,2
No Adaptive,2,197,train,heuristic,player_win,-10.0,13,50.0,1,Very Easy,0.05,0.05,1,723,536,0.0,0.0,3,1,2
No Adaptive,2,198,train,heuristic,player_win,-10.0,7,50.0,1,Very Easy,0.05,0.05,1,726,538,0.0,0.0,2,1,0
No Adaptive,2,199,train,heuristic,agent_win,10.0,6,50.0,1,Very Easy,0.05,0.05,1,729,540,3.0,3.0,3,0,0
No Adaptive,2,200,train,heuristic,player_win,-10.0,5,50.0,1,Very Easy,0.05,0.05,1,731,541,0.0,0.0,1,1,0
No Adaptive,2,201,train,heuristic,agent_win,10.0,6,50.0,1,Very Easy,0.05,0.05,1,734,543,3.0,3.0,2,0,1
No Adaptive,2,202,train,heuristic,agent_win,10.0,10,50.0,1,Very Easy,0.05,0.05,1,739,547,3.0,3.0,3,0,2
No Adaptive,2,203,train,heuristic,agent_win,10.0,10,50.0,1,Very Easy,0.05,0.05,1,744,551,3.0,3.0,1,0,4
No Adaptive,2,204,train,heuristic,agent_win,10.0,10,50.0,1,Very Easy,0.05,0.05,1,749,555,3.0,3.0,2,0,3
No Adaptive,2,205,train,heuristic,agent_win,10.0,8,50.0,1,Very Easy,0.05,0.05,1,753,558,3.0,3.0,2,0,2
No Adaptive,2,206,train,heuristic,agent_win,10.0,8,50.0,1,Very Easy,0.05,0.05,1,757,561,3.0,3.0,3,0,1
No Adaptive,2,207,train,heuristic,player_win,-10.0,9,50.0,1,Very Easy,0.05,0.05,1,761,564,0.0,0.0,2,0,2
No Adaptive,2,208,train,heuristic,player_win,-10.0,9,50.0,1,Very Easy,0.05,0.05,1,765,567,0.0,0.0,2,0,2
No Adaptive,2,209,train,heuristic,player_win,-10.0,7,50.0,1,Very Easy,0.05,0.05,1,768,569,0.0,0.0,2,0,1
No Adaptive,2,210,train,heuristic,player_win,-10.0,7,50.0,1,Very Easy,0.05,0.05,1,771,571,0.0,0.0,3,0,0
No Adaptive,2,211,train,heuristic,agent_win,10.0,6,50.0,1,Very Easy,0.05,0.05,1,774,573,3.0,3.0,1,0,2
No Adaptive,2,212,train,heuristic,agent_win,10.0,8,50.0,1,Very Easy,0.05,0.05,1,778,576,3.0,3.0,3,0,1
No Adaptive,2,213,train,heuristic,player_win,-10.0,11,50.0,1,Very Easy,0.05,0.05,1,783,580,0.0,0.0,2,0,3
No Adaptive,2,214,train,heuristic,player_win,-10.0,7,50.0,1,Very Easy,0.05,0.05,1,786,582,0.0,0.0,2,1,0
No Adaptive,2,215,train,heuristic,agent_win,10.0,10,50.0,1,Very Easy,0.05,0.05,1,791,586,3.0,3.0,2,1,2
No Adaptive,2,216,train,heuristic,player_win,-10.0,7,50.0,1,Very Easy,0.05,0.05,1,794,588,0.0,0.0,2,0,1
No Adaptive,2,217,train,heuristic,player_win,-10.0,7,50.0,1,Very Easy,0.05,0.05,1,797,590,0.0,0.0,2,0,1
No Adaptive,2,218,train,heuristic,player_win,-10.0,11,50.0,1,Very Easy,0.05,0.05,1,802,594,0.0,0.0,3,0,2
No Adaptive,2,219,train,heuristic,agent_win,10.0,8,50.0,1,Very Easy,0.05,0.05,1,806,596,3.0,3.0,2,0,2
No Adaptive,2,220,train,heuristic,agent_win,10.0,10,50.0,1,Very Easy,0.05,0.05,1,811,600,3.0,3.0,1,0,4
No Adaptive,2,221,train,heuristic,player_win,-10.0,5,50.0,1,Very Easy,0.05,0.05,1,813,601,0.0,0.0,1,0,1
No Adaptive,2,222,train,heuristic,player_win,-10.0,7,50.0,1,Very Easy,0.05,0.05,1,816,603,0.0,0.0,2,0,1
No Adaptive,2,223,train,heuristic,agent_win,10.0,8,50.0,1,Very Easy,0.05,0.05,1,820,606,3.0,3.0,3,0,1
No Adaptive,2,224,train,heuristic,player_win,-10.0,7,50.0,1,Very Easy,0.05,0.05,1,823,608,0.0,0.0,2,0,1
No Adaptive,2,225,train,heuristic,player_win,-10.0,7,50.0,1,Very Easy,0.05,0.05,1,826,610,0.0,0.0,1,0,2
No Adaptive,2,226,train,heuristic,player_win,-10.0,13,50.0,1,Very Easy,0.05,0.05,1,832,615,0.0,0.0,2,0,4
No Adaptive,2,227,train,heuristic,agent_win,10.0,6,50.0,1,Very Easy,0.05,0.05,1,835,617,3.0,3.0,2,0,1
No Adaptive,2,228,train,heuristic,player_win,-10.0,5,50.0,1,Very Easy,0.05,0.05,1,837,618,0.0,0.0,1,0,1
No Adaptive,2,229,train,heuristic,player_win,-10.0,7,50.0,1,Very Easy,0.05,0.05,1,840,620,0.0,0.0,2,0,1
No Adaptive,2,230,train,heuristic,agent_win,10.0,8,50.0,1,Very Easy,0.05,0.05,1,844,623,3.0,3.0,3,0,1
No Adaptive,2,231,train,heuristic,agent_win,10.0,8,50.0,1,Very Easy,0.05,0.05,1,848,626,3.0,3.0,2,0,2
No Adaptive,2,232,train,heuristic,player_win,-10.0,7,50.0,1,Very Easy,0.05,0.05,1,851,627,0.0,0.0,2,0,1
No Adaptive,2,233,train,heuristic,player_win,-10.0,9,50.0,1,Very Easy,0.05,0.05,1,855,630,0.0,0.0,3,0,1
No Adaptive,2,234,train,heuristic,agent_win,10.0,10,50.0,1,Very Easy,0.05,0.05,1,860,634,3.0,3.0,2,0,3
No Adaptive,2,235,train,heuristic,player_win,-10.0,9,50.0,1,Very Easy,0.05,0.05,1,864,636,0.0,0.0,1,0,3
No Adaptive,2,236,train,heuristic,player_win,-10.0,9,50.0,1,Very Easy,0.05,0.05,1,868,639,0.0,0.0,2,1,1
No Adaptive,2,237,train,heuristic,player_win,-10.0,7,50.0,1,Very Easy,0.05,0.05,1,871,641,0.0,0.0,2,0,1
No Adaptive,2,238,train,heuristic,agent_win,10.0,6,50.0,1,Very Easy,0.05,0.05,1,874,643,3.0,3.0,2,0,1
No Adaptive,2,239,train,heuristic,agent_win,10.0,10,50.0,1,Very Easy,0.05,0.05,1,879,647,3.0,3.0,2,0,3
No Adaptive,2,240,train,heuristic,agent_win,10.0,10,50.0,1,Very Easy,0.05,0.05,1,884,651,3.0,3.0,3,1,1
No Adaptive,2,241,train,heuristic,agent_win,10.0,6,50.0,1,Very Easy,0.05,0.05,1,887,653,3.0,3.0,2,0,1
No Adaptive,2,242,train,heuristic,player_win,-10.0,5,50.0,1,Very Easy,0.05,0.05,1,889,654,0.0,0.0,2,0,0
No Adaptive,2,243,train,heuristic,player_win,-10.0,9,50.0,1,Very Easy,0.05,0.05,1,893,657,0.0,0.0,3,0,1
No Adaptive,2,244,train,heuristic,agent_win,10.0,8,50.0,1,Very Easy,0.05,0.05,1,897,660,3.0,3.0,3,0,1
No Adaptive,2,245,train,heuristic,agent_win,10.0,12,50.0,1,Very Easy,0.05,0.05,1,903,665,3.0,3.0,2,0,4
No Adaptive,2,246,train,heuristic,player_win,-10.0,7,50.0,1,Very Easy,0.05,0.05,1,906,667,0.0,0.0,2,0,1
No Adaptive,2,247,train,heuristic,player_win,-10.0,7,50.0,1,Very Easy,0.05,0.05,1,909,667,0.0,0.0,1,0,2
No Adaptive,2,248,train,heuristic,agent_win,10.0,6,50.0,1,Very Easy,0.05,0.05,1,912,669,3.0,3.0,2,0,1
No Adaptive,2,249,train,heuristic,agent_win,10.0,10,50.0,1,Very Easy,0.05,0.05,1,917,672,3.0,3.0,2,0,3
No Adaptive,2,250,train,heuristic,agent_win,10.0,6,50.0,1,Very Easy,0.05,0.05,1,920,674,3.0,3.0,2,0,1
No Adaptive,2,251,train,heuristic,agent_win,10.0,8,50.0,1,Very Easy,0.05,0.05,1,924,677,3.0,3.0,2,2,0
No Adaptive,2,252,train,heuristic,player_win,-10.0,9,50.0,1,Very Easy,0.05,0.05,1,928,680,0.0,0.0,2,0,2
No Adaptive,2,253,train,heuristic,player_win,-10.0,7,50.0,1,Very Easy,0.05,0.05,1,931,682,0.0,0.0,2,0,1
No Adaptive,2,254,train,heuristic,player_win,-10.0,9,50.0,1,Very Easy,0.05,0.05,1,935,684,0.0,0.0,2,0,2
No Adaptive,2,255,train,heuristic,agent_win,10.0,8,50.0,1,Very Easy,0.05,0.05,1,939,687,3.0,3.0,2,0,2
No Adaptive,2,256,train,heuristic,player_win,-10.0,11,50.0,1,Very Easy,0.05,0.05,1,944,691,0.0,0.0,2,0,3
No Adaptive,2,257,train,heuristic,player_win,-10.0,9,50.0,1,Very Easy,0.05,0.05,1,948,694,0.0,0.0,3,0,1
No Adaptive,2,258,train,heuristic,player_win,-10.0,9,50.0,1,Very Easy,0.05,0.05,1,952,697,0.0,0.0,2,0,2
No Adaptive,2,259,train,heuristic,player_win,-10.0,9,50.0,1,Very Easy,0.05,0.05,1,956,700,0.0,0.0,2,0,2
No Adaptive,2,260,train,heuristic,player_win,-10.0,9,50.0,1,Very Easy,0.05,0.05,1,960,702,0.0,0.0,2,0,2
No Adaptive,2,261,train,heuristic,agent_win,10.0,6,50.0,1,Very Easy,0.05,0.05,1,963,704,3.0,3.0,2,0,1
No Adaptive,2,262,train,heuristic,agent_win,10.0,6,50.0,1,Very Easy,0.05,0.05,1,966,706,3.0,3.0,2,1,0
No Adaptive,2,263,train,heuristic,player_win,-10.0,9,50.0,1,Very Easy,0.05,0.05,1,970,709,0.0,0.0,3,0,1
No Adaptive,2,264,train,heuristic,player_win,-10.0,7,50.0,1,Very Easy,0.05,0.05,1,973,710,0.0,0.0,2,0,1
No Adaptive,2,265,train,heuristic,player_win,-10.0,9,50.0,1,Very Easy,0.05,0.05,1,977,713,0.0,0.0,2,0,2
No Adaptive,2,266,train,heuristic,player_win,-10.0,11,50.0,1,Very Easy,0.05,0.05,1,982,717,0.0,0.0,2,1,2
No Adaptive,2,267,train,heuristic,agent_win,10.0,8,50.0,1,Very Easy,0.05,0.05,1,986,720,3.0,3.0,3,0,1
No Adaptive,2,268,train,heuristic,player_win,-10.0,5,50.0,1,Very Easy,0.05,0.05,1,988,721,0.0,0.0,1,0,1
No Adaptive,2,269,train,heuristic,agent_win,10.0,6,50.0,1,Very Easy,0.05,0.05,1,991,722,3.0,3.0,1,1,1
No Adaptive,2,270,train,heuristic,player_win,-10.0,7,50.0,1,Very Easy,0.05,0.05,1,994,724,0.0,0.0,1,0,2
No Adaptive,2,271,train,heuristic,agent_win,10.0,8,50.0,1,Very Easy,0.05,0.05,1,998,727,3.0,3.0,1,0,3
No Adaptive,2,272,train,heuristic,agent_win,10.0,6,50.0,1,Very Easy,0.05,0.05,1,1001,729,3.0,3.0,2,0,1
No Adaptive,2,273,train,heuristic,agent_win,10.0,8,50.0,1,Very Easy,0.05,0.05,1,1005,732,3.0,3.0,2,0,2
No Adaptive,2,274,train,heuristic,agent_win,10.0,8,50.0,1,Very Easy,0.05,0.05,1,1009,734,3.0,3.0,2,0,2
No Adaptive,2,275,train,heuristic,agent_win,10.0,8,50.0,1,Very Easy,0.05,0.05,1,1013,734,3.0,3.0,4,0,0
No Adaptive,2,276,train,heuristic,agent_win,10.0,8,50.0,1,Very Easy,0.05,0.05,1,1017,737,3.0,3.0,3,0,1
No Adaptive,2,277,train,heuristic,player_win,-10.0,11,50.0,1,Very Easy,0.05,0.05,1,1022,741,0.0,0.0,3,0,2
No Adaptive,2,278,train,heuristic,player_win,-10.0,9,50.0,1,Very Easy,0.05,0.05,1,1026,744,0.0,0.0,2,1,1
No Adaptive,2,279,train,heuristic,agent_win,10.0,6,50.0,1,Very Easy,0.05,0.05,1,1029,746,3.0,3.0,1,0,2
No Adaptive,2,280,train,heuristic,player_win,-10.0,7,50.0,1,Very Easy,0.05,0.05,1,1032,748,0.0,0.0,2,0,1
No Adaptive,2,281,train,heuristic,player_win,-10.0,11,50.0,1,Very Easy,0.05,0.05,1,1037,752,0.0,0.0,2,0,3
No Adaptive,2,282,train,heuristic,player_win,-10.0,7,50.0,1,Very Easy,0.05,0.05,1,1040,754,0.0,0.0,2,0,1
No Adaptive,2,283,train,heuristic,agent_win,10.0,6,50.0,1,Very Easy,0.05,0.05,1,1043,756,3.0,3.0,3,0,0
No Adaptive,2,284,train,heuristic,agent_win,10.0,8,50.0,1,Very Easy,0.05,0.05,1,1047,759,3.0,3.0,2,0,2
No Adaptive,2,285,train,heuristic,agent_win,10.0,6,50.0,1,Very Easy,0.05,0.05,1,1050,760,3.0,3.0,2,0,1
No Adaptive,2,286,train,heuristic,player_win,-10.0,5,50.0,1,Very Easy,0.05,0.05,1,1052,761,0.0,0.0,1,0,1
No Adaptive,2,287,train,heuristic,player_win,-10.0,7,50.0,1,Very Easy,0.05,0.05,1,1055,762,0.0,0.0,2,1,0
No Adaptive,2,288,train,heuristic,player_win,-10.0,9,50.0,1,Very Easy,0.05,0.05,1,1059,765,0.0,0.0,2,0,2
No Adaptive,2,289,train,heuristic,player_win,-10.0,7,50.0,1,Very Easy,0.05,0.05,1,1062,767,0.0,0.0,2,0,1
No Adaptive,2,290,train,heuristic,agent_win,10.0,6,50.0,1,Very Easy,0.05,0.05,1,1065,769,3.0,3.0,3,0,0
No Adaptive,2,291,train,heuristic,player_win,-10.0,9,50.0,1,Very Easy,0.05,0.05,1,1069,772,0.0,0.0,1,0,3
No Adaptive,2,292,train,heuristic,agent_win,10.0,10,50.0,1,Very Easy,0.05,0.05,1,1074,776,3.0,3.0,3,0,2
No Adaptive,2,293,train,heuristic,agent_win,10.0,12,50.0,1,Very Easy,0.05,0.05,1,1080,779,3.0,3.0,5,0,1
No Adaptive,2,294,train,heuristic,player_win,-10.0,9,50.0,1,Very Easy,0.05,0.05,1,1084,782,0.0,0.0,2,0,2
No Adaptive,2,295,train,heuristic,player_win,-10.0,7,50.0,1,Very Easy,0.05,0.05,1,1087,784,0.0,0.0,2,0,1
No Adaptive,2,296,train,heuristic,agent_win,10.0,10,50.0,1,Very Easy,0.05,0.05,1,1092,788,3.0,3.0,3,1,1
No Adaptive,2,297,train,heuristic,agent_win,10.0,10,50.0,1,Very Easy,0.05,0.05,1,1097,792,3.0,3.0,3,0,2
No Adaptive,2,298,train,heuristic,agent_win,10.0,8,50.0,1,Very Easy,0.05,0.05,1,1101,795,3.0,3.0,1,0,3
No Adaptive,2,299,train,heuristic,agent_win,10.0,8,50.0,1,Very Easy,0.05,0.05,1,1105,798,3.0,3.0,2,0,2
No Adaptive,2,300,train,heuristic,player_win,-10.0,7,50.0,1,Very Easy,0.05,0.05,1,1108,800,0.0,0.0,1,0,2
No Adaptive,2,301,train,heuristic,player_win,-10.0,9,50.0,1,Very Easy,0.05,0.05,1,1112,803,0.0,0.0,2,0,2
No Adaptive,2,302,train,heuristic,agent_win,10.0,6,50.0,1,Very Easy,0.05,0.05,1,1115,805,3.0,3.0,2,0,1
No Adaptive,2,303,train,heuristic,player_win,-10.0,11,50.0,1,Very Easy,0.05,0.05,1,1120,809,0.0,0.0,2,0,3
No Adaptive,2,304,train,heuristic,player_win,-10.0,13,50.0,1,Very Easy,0.05,0.05,1,1126,814,0.0,0.0,2,1,3
No Adaptive,2,305,train,heuristic,player_win,-10.0,9,50.0,1,Very Easy,0.05,0.05,1,1130,817,0.0,0.0,3,0,1
No Adaptive,2,306,train,heuristic,player_win,-10.0,11,50.0,1,Very Easy,0.05,0.05,1,1135,818,0.0,0.0,3,1,1
No Adaptive,2,307,train,heuristic,agent_win,10.0,10,50.0,1,Very Easy,0.05,0.05,1,1140,822,3.0,3.0,3,0,2
No Adaptive,2,308,train,heuristic,player_win,-10.0,9,50.0,1,Very Easy,0.05,0.05,1,1144,825,0.0,0.0,1,0,3
No Adaptive,2,309,train,heuristic,player_win,-10.0,5,50.0,1,Very Easy,0.05,0.05,1,1146,826,0.0,0.0,1,0,1
No Adaptive,2,310,train,heuristic,agent_win,10.0,10,50.0,1,Very Easy,0.05,0.05,1,1151,830,3.0,3.0,2,0,3
No Adaptive,2,311,train,heuristic,agent_win,10.0,8,50.0,1,Very Easy,0.05,0.05,1,1155,832,3.0,3.0,2,0,2
No Adaptive,2,312,train,heuristic,player_win,-10.0,9,50.0,1,Very Easy,0.05,0.05,1,1159,835,0.0,0.0,2,0,2
No Adaptive,2,313,train,heuristic,agent_win,10.0,8,50.0,1,Very Easy,0.05,0.05,1,1163,838,3.0,3.0,2,0,2
No Adaptive,2,314,train,heuristic,agent_win,10.0,8,50.0,1,Very Easy,0.05,0.05,1,1167,841,3.0,3.0,1,0,3
No Adaptive,2,315,train,heuristic,player_win,-10.0,13,50.0,1,Very Easy,0.05,0.05,1,1173,846,0.0,0.0,3,0,3
No Adaptive,2,316,train,heuristic,agent_win,10.0,6,50.0,1,Very Easy,0.05,0.05,1,1176,848,3.0,3.0,1,0,2
No Adaptive,2,317,train,heuristic,player_win,-10.0,5,50.0,1,Very Easy,0.05,0.05,1,1178,849,0.0,0.0,1,0,1
No Adaptive,2,318,train,heuristic,player_win,-10.0,7,50.0,1,Very Easy,0.05,0.05,1,1181,851,0.0,0.0,2,0,1
No Adaptive,2,319,train,heuristic,player_win,-10.0,7,50.0,1,Very Easy,0.05,0.05,1,1184,853,0.0,0.0,2,0,1
No Adaptive,2,320,train,heuristic,player_win,-10.0,11,50.0,1,Very Easy,0.05,0.05,1,1189,857,0.0,0.0,4,0,1
No Adaptive,2,321,train,heuristic,player_win,-10.0,7,50.0,1,Very Easy,0.05,0.05,1,1192,859,0.0,0.0,1,0,2
No Adaptive,2,322,train,heuristic,agent_win,10.0,8,50.0,1,Very Easy,0.05,0.05,1,1196,862,3.0,3.0,2,0,2
No Adaptive,2,323,train,heuristic,player_win,-10.0,7,50.0,1,Very Easy,0.05,0.05,1,1199,862,0.0,0.0,2,0,1
No Adaptive,2,324,train,heuristic,player_win,-10.0,7,50.0,1,Very Easy,0.05,0.05,1,1202,864,0.0,0.0,2,0,1
No Adaptive,2,325,train,heuristic,player_win,-10.0,5,50.0,1,Very Easy,0.05,0.05,1,1204,865,0.0,0.0,1,0,1
No Adaptive,2,326,train,heuristic,agent_win,10.0,8,50.0,1,Very Easy,0.05,0.05,1,1208,868,3.0,3.0,3,0,1
No Adaptive,2,327,train,heuristic,agent_win,10.0,12,50.0,1,Very Easy,0.05,0.05,1,1214,873,3.0,3.0,4,0,2
No Adaptive,2,328,train,heuristic,agent_win,10.0,8,50.0,1,Very Easy,0.05,0.05,1,1218,876,3.0,3.0,1,0,3
No Adaptive,2,329,train,heuristic,player_win,-10.0,7,50.0,1,Very Easy,0.05,0.05,1,1221,878,0.0,0.0,2,0,1
No Adaptive,2,330,train,heuristic,player_win,-10.0,9,50.0,1,Very Easy,0.05,0.05,1,1225,881,0.0,0.0,3,0,1
No Adaptive,2,331,train,heuristic,player_win,-10.0,11,50.0,1,Very Easy,0.05,0.05,1,1230,885,0.0,0.0,2,0,3
No Adaptive,2,332,train,heuristic,agent_win,10.0,6,50.0,1,Very Easy,0.05,0.05,1,1233,887,3.0,3.0,2,0,1
No Adaptive,2,333,train,heuristic,agent_win,10.0,8,50.0,1,Very Easy,0.05,0.05,1,1237,890,3.0,3.0,2,1,1
No Adaptive,2,334,train,heuristic,agent_win,10.0,8,50.0,1,Very Easy,0.05,0.05,1,1241,893,3.0,3.0,3,0,1
No Adaptive,2,335,train,heuristic,player_win,-10.0,9,50.0,1,Very Easy,0.05,0.05,1,1245,896,0.0,0.0,1,0,3
No Adaptive,2,336,train,heuristic,player_win,-10.0,9,50.0,1,Very Easy,0.05,0.05,1,1249,896,0.0,0.0,3,0,1
No Adaptive,2,337,train,heuristic,player_win,-10.0,7,50.0,1,Very Easy,0.05,0.05,1,1252,898,0.0,0.0,1,0,2
No Adaptive,2,338,train,heuristic,agent_win,10.0,8,50.0,1,Very Easy,0.05,0.05,1,1256,901,3.0,3.0,3,0,1
No Adaptive,2,339,train,heuristic,agent_win,10.0,8,50.0,1,Very Easy,0.05,0.05,1,1260,904,3.0,3.0,1,0,3
No Adaptive,2,340,train,heuristic,player_win,-10.0,7,50.0,1,Very Easy,0.05,0.05,1,1263,906,0.0,0.0,2,1,0
No Adaptive,2,341,train,heuristic,agent_win,10.0,6,50.0,1,Very Easy,0.05,0.05,1,1266,908,3.0,3.0,1,0,2
No Adaptive,2,342,train,heuristic,player_win,-10.0,5,50.0,1,Very Easy,0.05,0.05,1,1268,909,0.0,0.0,1,0,1
No Adaptive,2,343,train,heuristic,agent_win,10.0,10,50.0,1,Very Easy,0.05,0.05,1,1273,913,3.0,3.0,2,0,3
No Adaptive,2,344,train,heuristic,player_win,-10.0,9,50.0,1,Very Easy,0.05,0.05,1,1277,916,0.0,0.0,2,0,2
No Adaptive,2,345,train,heuristic,agent_win,10.0,8,50.0,1,Very Easy,0.05,0.05,1,1281,918,3.0,3.0,2,1,1
No Adaptive,2,346,train,heuristic,agent_win,10.0,8,50.0,1,Very Easy,0.05,0.05,1,1285,920,3.0,3.0,3,0,1
No Adaptive,2,347,train,heuristic,player_win,-10.0,7,50.0,1,Very Easy,0.05,0.05,1,1288,922,0.0,0.0,2,0,1
No Adaptive,2,348,train,heuristic,player_win,-10.0,5,50.0,1,Very Easy,0.05,0.05,1,1290,923,0.0,0.0,1,0,1
No Adaptive,2,349,train,heuristic,player_win,-10.0,9,50.0,1,Very Easy,0.05,0.05,1,1294,926,0.0,0.0,1,0,3
No Adaptive,2,350,train,heuristic,player_win,-10.0,7,50.0,1,Very Easy,0.05,0.05,1,1297,928,0.0,0.0,2,0,1
No Adaptive,2,351,train,heuristic,agent_win,10.0,10,50.0,1,Very Easy,0.05,0.05,1,1302,932,3.0,3.0,3,0,2
No Adaptive,2,352,train,heuristic,player_win,-10.0,7,50.0,1,Very Easy,0.05,0.05,1,1305,934,0.0,0.0,2,0,1
No Adaptive,2,353,train,heuristic,agent_win,10.0,8,50.0,1,Very Easy,0.05,0.05,1,1309,937,3.0,3.0,3,0,1
No Adaptive,2,354,train,heuristic,agent_win,10.0,10,50.0,1,Very Easy,0.05,0.05,1,1314,941,3.0,3.0,3,0,2
No Adaptive,2,355,train,heuristic,player_win,-10.0,13,50.0,1,Very Easy,0.05,0.05,1,1320,946,0.0,0.0,4,0,2
No Adaptive,2,356,train,heuristic,agent_win,10.0,12,50.0,1,Very Easy,0.05,0.05,1,1326,951,3.0,3.0,2,0,4
No Adaptive,2,357,train,heuristic,player_win,-10.0,9,50.0,1,Very Easy,0.05,0.05,1,1330,954,0.0,0.0,2,0,2
No Adaptive,2,358,train,heuristic,agent_win,10.0,8,50.0,1,Very Easy,0.05,0.05,1,1334,957,3.0,3.0,2,0,2
No Adaptive,2,359,train,heuristic,player_win,-10.0,9,50.0,1,Very Easy,0.05,0.05,1,1338,959,0.0,0.0,2,0,2
No Adaptive,2,360,train,heuristic,player_win,-10.0,9,50.0,1,Very Easy,0.05,0.05,1,1342,962,0.0,0.0,1,0,3
No Adaptive,2,361,train,heuristic,agent_win,10.0,6,50.0,1,Very Easy,0.05,0.05,1,1345,963,3.0,3.0,2,0,1
No Adaptive,2,362,train,heuristic,player_win,-10.0,13,50.0,1,Very Easy,0.05,0.05,1,1351,968,0.0,0.0,4,0,2
No Adaptive,2,363,train,heuristic,agent_win,10.0,8,50.0,1,Very Easy,0.05,0.05,1,1355,970,3.0,3.0,2,0,2
No Adaptive,2,364,train,heuristic,player_win,-10.0,7,50.0,1,Very Easy,0.05,0.05,1,1358,972,0.0,0.0,2,0,1
No Adaptive,2,365,train,heuristic,agent_win,10.0,8,50.0,1,Very Easy,0.05,0.05,1,1362,974,3.0,3.0,3,0,1
No Adaptive,2,366,train,heuristic,agent_win,10.0,6,50.0,1,Very Easy,0.05,0.05,1,1365,976,3.0,3.0,3,0,0
No Adaptive,2,367,train,heuristic,agent_win,10.0,8,50.0,1,Very Easy,0.05,0.05,1,1369,979,3.0,3.0,1,0,3
No Adaptive,2,368,train,heuristic,player_win,-10.0,9,50.0,1,Very Easy,0.05,0.05,1,1373,982,0.0,0.0,2,0,2
No Adaptive,2,369,train,heuristic,agent_win,10.0,10,50.0,1,Very Easy,0.05,0.05,1,1378,986,3.0,3.0,3,0,2
No Adaptive,2,370,train,heuristic,player_win,-10.0,9,50.0,1,Very Easy,0.05,0.05,1,1382,989,0.0,0.0,1,0,3
No Adaptive,2,371,train,heuristic,agent_win,10.0,8,50.0,1,Very Easy,0.05,0.05,1,1386,991,3.0,3.0,3,0,1
No Adaptive,2,372,train,heuristic,player_win,-10.0,7,50.0,1,Very Easy,0.05,0.05,1,1389,992,0.0,0.0,1,0,2
No Adaptive,2,373,train,heuristic,player_win,-10.0,7,50.0,1,Very Easy,0.05,0.05,1,1392,994,0.0,0.0,2,0,1
No Adaptive,2,374,train,heuristic,player_win,-10.0,5,50.0,1,Very Easy,0.05,0.05,1,1394,995,0.0,0.0,1,0,1
No Adaptive,2,375,train,heuristic,player_win,-10.0,9,50.0,1,Very Easy,0.05,0.05,1,1398,998,0.0,0.0,2,1,1
No Adaptive,2,376,train,heuristic,player_win,-10.0,9,50.0,1,Very Easy,0.05,0.05,1,1402,1001,0.0,0.0,2,0,2
No Adaptive,2,377,train,heuristic,player_win,-10.0,9,50.0,1,Very Easy,0.05,0.05,1,1406,1003,0.0,0.0,2,0,2
No Adaptive,2,378,train,heuristic,agent_win,10.0,6,50.0,1,Very Easy,0.05,0.05,1,1409,1005,3.0,3.0,1,0,2
No Adaptive,2,379,train,heuristic,player_win,-10.0,9,50.0,1,Very Easy,0.05,0.05,1,1413,1008,0.0,0.0,2,0,2
No Adaptive,2,380,train,heuristic,player_win,-10.0,9,50.0,1,Very Easy,0.05,0.05,1,1417,1011,0.0,0.0,2,0,2
No Adaptive,2,381,train,heuristic,player_win,-10.0,9,50.0,1,Very Easy,0.05,0.05,1,1421,1014,0.0,0.0,3,0,1
No Adaptive,2,382,train,heuristic,player_win,-10.0,9,50.0,1,Very Easy,0.05,0.05,1,1425,1017,0.0,0.0,2,0,2
No Adaptive,2,383,train,heuristic,player_win,-10.0,9,50.0,1,Very Easy,0.05,0.05,1,1429,1020,0.0,0.0,1,0,3
No Adaptive,2,384,train,heuristic,player_win,-10.0,9,50.0,1,Very Easy,0.05,0.05,1,1433,1023,0.0,0.0,3,0,1
No Adaptive,2,385,train,heuristic,player_win,-10.0,7,50.0,1,Very Easy,0.05,0.05,1,1436,1025,0.0,0.0,1,0,2
No Adaptive,2,386,train,heuristic,player_win,-10.0,7,50.0,1,Very Easy,0.05,0.05,1,1439,1025,0.0,0.0,2,0,1
No Adaptive,2,387,train,heuristic,agent_win,10.0,8,50.0,1,Very Easy,0.05,0.05,1,1443,1026,3.0,3.0,3,1,0
No Adaptive,2,388,train,heuristic,agent_win,10.0,8,50.0,1,Very Easy,0.05,0.05,1,1447,1027,3.0,3.0,3,0,1
No Adaptive,2,389,train,heuristic,agent_win,10.0,14,50.0,1,Very Easy,0.05,0.05,1,1454,1033,3.0,3.0,3,0,4
No Adaptive,2,390,train,heuristic,player_win,-10.0,5,50.0,1,Very Easy,0.05,0.05,1,1456,1033,0.0,0.0,1,0,1
No Adaptive,2,391,train,heuristic,player_win,-10.0,9,50.0,1,Very Easy,0.05,0.05,1,1460,1033,0.0,0.0,3,0,1
No Adaptive,2,392,train,heuristic,agent_win,10.0,6,50.0,1,Very Easy,0.05,0.05,1,1463,1035,3.0,3.0,1,0,2
No Adaptive,2,393,train,heuristic,agent_win,10.0,10,50.0,1,Very Easy,0.05,0.05,1,1468,1039,3.0,3.0,2,0,3
No Adaptive,2,394,train,heuristic,agent_win,10.0,8,50.0,1,Very Easy,0.05,0.05,1,1472,1039,3.0,3.0,3,0,1
No Adaptive,2,395,train,heuristic,agent_win,10.0,8,50.0,1,Very Easy,0.05,0.05,1,1476,1042,3.0,3.0,3,0,1
No Adaptive,2,396,train,heuristic,agent_win,10.0,10,50.0,1,Very Easy,0.05,0.05,1,1481,1046,3.0,3.0,3,0,2
No Adaptive,2,397,train,heuristic,player_win,-10.0,7,50.0,1,Very Easy,0.05,0.05,1,1484,1048,0.0,0.0,1,0,2
No Adaptive,2,398,train,heuristic,player_win,-10.0,7,50.0,1,Very Easy,0.05,0.05,1,1487,1050,0.0,0.0,2,0,1
No Adaptive,2,399,train,heuristic,player_win,-10.0,11,50.0,1,Very Easy,0.05,0.05,1,1492,1054,0.0,0.0,2,0,3
No Adaptive,2,400,train,heuristic,player_win,-10.0,7,50.0,1,Very Easy,0.05,0.05,1,1495,1056,0.0,0.0,1,0,2
No Adaptive,2,401,train,heuristic,player_win,-10.0,11,50.0,1,Very Easy,0.05,0.05,1,1500,1060,0.0,0.0,3,0,2
No Adaptive,2,402,train,heuristic,agent_win,10.0,8,50.0,1,Very Easy,0.05,0.05,1,1504,1063,3.0,3.0,2,0,2
No Adaptive,2,403,train,heuristic,player_win,-10.0,9,50.0,1,Very Easy,0.05,0.05,1,1508,1066,0.0,0.0,2,0,2
No Adaptive,2,404,train,heuristic,agent_win,10.0,10,50.0,1,Very Easy,0.05,0.05,1,1513,1070,3.0,3.0,2,0,3
No Adaptive,2,405,train,heuristic,agent_win,10.0,8,50.0,1,Very Easy,0.05,0.05,1,1517,1072,3.0,3.0,3,0,1
No Adaptive,2,406,train,heuristic,agent_win,10.0,8,50.0,1,Very Easy,0.05,0.05,1,1521,1074,3.0,3.0,3,0,1
No Adaptive,2,407,train,heuristic,player_win,-10.0,9,50.0,1,Very Easy,0.05,0.05,1,1525,1077,0.0,0.0,2,0,2
No Adaptive,2,408,train,heuristic,agent_win,10.0,12,50.0,1,Very Easy,0.05,0.05,1,1531,1081,3.0,3.0,3,1,2
No Adaptive,2,409,train,heuristic,agent_win,10.0,6,50.0,1,Very Easy,0.05,0.05,1,1534,1083,3.0,3.0,2,0,1
No Adaptive,2,410,train,heuristic,agent_win,10.0,8,50.0,1,Very Easy,0.05,0.05,1,1538,1086,3.0,3.0,2,0,2
No Adaptive,2,411,train,heuristic,agent_win,10.0,10,50.0,1,Very Easy,0.05,0.05,1,1543,1090,3.0,3.0,3,0,2
No Adaptive,2,412,train,heuristic,agent_win,10.0,8,50.0,1,Very Easy,0.05,0.05,1,1547,1093,3.0,3.0,3,0,1
No Adaptive,2,413,train,heuristic,player_win,-10.0,11,50.0,1,Very Easy,0.05,0.05,1,1552,1097,0.0,0.0,3,1,1
No Adaptive,2,414,train,heuristic,player_win,-10.0,7,50.0,1,Very Easy,0.05,0.05,1,1555,1099,0.0,0.0,1,0,2
No Adaptive,2,415,train,heuristic,player_win,-10.0,7,50.0,1,Very Easy,0.05,0.05,1,1558,1100,0.0,0.0,1,0,2
No Adaptive,2,416,train,heuristic,agent_win,10.0,8,50.0,1,Very Easy,0.05,0.05,1,1562,1101,2.0999999999999996,2.0999999999999996,1,1,2
No Adaptive,2,417,train,heuristic,player_win,-10.0,11,50.0,1,Very Easy,0.05,0.05,1,1567,1104,0.0,0.0,2,1,2
No Adaptive,2,418,train,heuristic,player_win,-10.0,9,50.0,1,Very Easy,0.05,0.05,1,1571,1107,0.0,0.0,2,0,2
No Adaptive,2,419,train,heuristic,player_win,-10.0,9,50.0,1,Very Easy,0.05,0.05,1,1575,1110,0.0,0.0,1,0,3
No Adaptive,2,420,train,heuristic,agent_win,10.0,10,50.0,1,Very Easy,0.05,0.05,1,1580,1114,3.0,3.0,2,0,3
No Adaptive,2,421,train,heuristic,agent_win,10.0,8,50.0,1,Very Easy,0.05,0.05,1,1584,1117,3.0,3.0,1,0,3
No Adaptive,2,422,train,heuristic,player_win,-10.0,7,50.0,1,Very Easy,0.05,0.05,1,1587,1119,0.0,0.0,1,0,2
No Adaptive,2,423,train,heuristic,agent_win,10.0,12,50.0,1,Very Easy,0.05,0.05,1,1593,1124,3.0,3.0,3,0,3
No Adaptive,2,424,train,heuristic,player_win,-10.0,7,50.0,1,Very Easy,0.05,0.05,1,1596,1126,0.0,0.0,2,0,1
No Adaptive,2,425,train,heuristic,player_win,-10.0,11,50.0,1,Very Easy,0.05,0.05,1,1601,1130,0.0,0.0,2,0,3
No Adaptive,2,426,train,heuristic,player_win,-10.0,7,50.0,1,Very Easy,0.05,0.05,1,1604,1131,0.0,0.0,1,0,2
No Adaptive,2,427,train,heuristic,agent_win,10.0,8,50.0,1,Very Easy,0.05,0.05,1,1608,1134,3.0,3.0,3,0,1
No Adaptive,2,428,train,heuristic,agent_win,10.0,6,50.0,1,Very Easy,0.05,0.05,1,1611,1136,3.0,3.0,1,0,2
No Adaptive,2,429,train,heuristic,player_win,-10.0,9,50.0,1,Very Easy,0.05,0.05,1,1615,1139,0.0,0.0,1,1,2
No Adaptive,2,430,train,heuristic,player_win,-10.0,11,50.0,1,Very Easy,0.05,0.05,1,1620,1143,0.0,0.0,4,0,1
No Adaptive,2,431,train,heuristic,agent_win,10.0,8,50.0,1,Very Easy,0.05,0.05,1,1624,1146,3.0,3.0,3,0,1
No Adaptive,2,432,train,heuristic,player_win,-10.0,9,50.0,1,Very Easy,0.05,0.05,1,1628,1149,0.0,0.0,1,0,3
No Adaptive,2,433,train,heuristic,player_win,-10.0,9,50.0,1,Very Easy,0.05,0.05,1,1632,1152,0.0,0.0,2,0,2
No Adaptive,2,434,train,heuristic,player_win,-10.0,9,50.0,1,Very Easy,0.05,0.05,1,1636,1152,0.0,0.0,3,0,1
No Adaptive,2,435,train,heuristic,agent_win,10.0,8,50.0,1,Very Easy,0.05,0.05,1,1640,1152,2.0999999999999996,2.0999999999999996,4,0,0
No Adaptive,2,436,train,heuristic,player_win,-10.0,7,50.0,1,Very Easy,0.05,0.05,1,1643,1154,0.0,0.0,2,0,1
No Adaptive,2,437,train,heuristic,player_win,-10.0,9,50.0,1,Very Easy,0.05,0.05,1,1647,1157,0.0,0.0,2,0,2
No Adaptive,2,438,train,heuristic,agent_win,10.0,10,50.0,1,Very Easy,0.05,0.05,1,1652,1160,3.0,3.0,2,0,3
No Adaptive,2,439,train,heuristic,agent_win,10.0,8,50.0,1,Very Easy,0.05,0.05,1,1656,1162,3.0,3.0,3,0,1
No Adaptive,2,440,train,heuristic,player_win,-10.0,9,50.0,1,Very Easy,0.05,0.05,1,1660,1165,0.0,0.0,2,0,2
No Adaptive,2,441,train,heuristic,player_win,-10.0,11,50.0,1,Very Easy,0.05,0.05,1,1665,1168,0.0,0.0,3,0,2
No Adaptive,2,442,train,heuristic,agent_win,10.0,10,50.0,1,Very Easy,0.05,0.05,1,1670,1171,3.0,3.0,4,0,1
No Adaptive,2,443,train,heuristic,agent_win,10.0,6,50.0,1,Very Easy,0.05,0.05,1,1673,1173,3.0,3.0,2,0,1
No Adaptive,2,444,train,heuristic,player_win,-10.0,7,50.0,1,Very Easy,0.05,0.05,1,1676,1174,0.0,0.0,2,0,1
No Adaptive,2,445,train,heuristic,player_win,-10.0,7,50.0,1,Very Easy,0.05,0.05,1,1679,1176,0.0,0.0,1,0,2
No Adaptive,2,446,train,heuristic,player_win,-10.0,13,50.0,1,Very Easy,0.05,0.05,1,1685,1180,0.0,0.0,2,0,4
No Adaptive,2,447,train,heuristic,player_win,-10.0,7,50.0,1,Very Easy,0.05,0.05,1,1688,1182,0.0,0.0,1,0,2
No Adaptive,2,448,train,heuristic,agent_win,10.0,8,50.0,1,Very Easy,0.05,0.05,1,1692,1185,3.0,3.0,2,0,2
No Adaptive,2,449,train,heuristic,player_win,-10.0,7,50.0,1,Very Easy,0.05,0.05,1,1695,1187,0.0,0.0,2,0,1
No Adaptive,2,450,train,heuristic,player_win,-10.0,9,50.0,1,Very Easy,0.05,0.05,1,1699,1190,0.0,0.0,2,0,2
No Adaptive,2,451,train,heuristic,player_win,-10.0,7,50.0,1,Very Easy,0.05,0.05,1,1702,1192,0.0,0.0,2,0,1
No Adaptive,2,452,train,heuristic,player_win,-10.0,7,50.0,1,Very Easy,0.05,0.05,1,1705,1194,0.0,0.0,2,0,1
No Adaptive,2,453,train,heuristic,player_win,-10.0,7,50.0,1,Very Easy,0.05,0.05,1,1708,1196,0.0,0.0,2,0,1
No Adaptive,2,454,train,heuristic,agent_win,10.0,8,50.0,1,Very Easy,0.05,0.05,1,1712,1199,3.0,3.0,2,0,2
No Adaptive,2,455,train,heuristic,agent_win,10.0,6,50.0,1,Very Easy,0.05,0.05,1,1715,1201,3.0,3.0,2,0,1
No Adaptive,2,456,train,heuristic,player_win,-10.0,11,50.0,1,Very Easy,0.05,0.05,1,1720,1205,0.0,0.0,2,0,3
No Adaptive,2,457,train,heuristic,agent_win,10.0,10,50.0,1,Very Easy,0.05,0.05,1,1725,1209,3.0,3.0,3,0,2
No Adaptive,2,458,train,heuristic,player_win,-10.0,7,50.0,1,Very Easy,0.05,0.05,1,1728,1211,0.0,0.0,2,0,1
No Adaptive,2,459,train,heuristic,player_win,-10.0,5,50.0,1,Very Easy,0.05,0.05,1,1730,1212,0.0,0.0,1,0,1
No Adaptive,2,460,train,heuristic,player_win,-10.0,5,50.0,1,Very Easy,0.05,0.05,1,1732,1213,0.0,0.0,1,0,1
No Adaptive,2,461,train,heuristic,player_win,-10.0,9,50.0,1,Very Easy,0.05,0.05,1,1736,1216,0.0,0.0,2,0,2
No Adaptive,2,462,train,heuristic,player_win,-10.0,7,50.0,1,Very Easy,0.05,0.05,1,1739,1218,0.0,0.0,1,0,2
No Adaptive,2,463,train,heuristic,agent_win,10.0,8,50.0,1,Very Easy,0.05,0.05,1,1743,1220,3.0,3.0,2,0,2
No Adaptive,2,464,train,heuristic,agent_win,10.0,6,50.0,1,Very Easy,0.05,0.05,1,1746,1222,3.0,3.0,2,0,1
No Adaptive,2,465,train,heuristic,agent_win,10.0,12,50.0,1,Very Easy,0.05,0.05,1,1752,1227,3.0,3.0,5,0,1
No Adaptive,2,466,train,heuristic,agent_win,10.0,10,50.0,1,Very Easy,0.05,0.05,1,1757,1231,3.0,3.0,1,0,4
No Adaptive,2,467,train,heuristic,player_win,-10.0,7,50.0,1,Very Easy,0.05,0.05,1,1760,1233,0.0,0.0,2,0,1
No Adaptive,2,468,train,heuristic,agent_win,10.0,8,50.0,1,Very Easy,0.05,0.05,1,1764,1235,3.0,3.0,2,0,2
No Adaptive,2,469,train,heuristic,agent_win,10.0,6,50.0,1,Very Easy,0.05,0.05,1,1767,1237,3.0,3.0,2,0,1
No Adaptive,2,470,train,heuristic,player_win,-10.0,7,50.0,1,Very Easy,0.05,0.05,1,1770,1237,0.0,0.0,2,0,1
No Adaptive,2,471,train,heuristic,player_win,-10.0,7,50.0,1,Very Easy,0.05,0.05,1,1773,1239,0.0,0.0,2,0,1
No Adaptive,2,472,train,heuristic,agent_win,10.0,8,50.0,1,Very Easy,0.05,0.05,1,1777,1242,3.0,3.0,3,0,1
No Adaptive,2,473,train,heuristic,player_win,-10.0,7,50.0,1,Very Easy,0.05,0.05,1,1780,1244,0.0,0.0,2,0,1
No Adaptive,2,474,train,heuristic,agent_win,10.0,8,50.0,1,Very Easy,0.05,0.05,1,1784,1246,3.0,3.0,2,0,2
No Adaptive,2,475,train,heuristic,player_win,-10.0,7,50.0,1,Very Easy,0.05,0.05,1,1787,1246,0.0,0.0,2,0,1
No Adaptive,2,476,train,heuristic,player_win,-10.0,7,50.0,1,Very Easy,0.05,0.05,1,1790,1248,0.0,0.0,1,0,2
No Adaptive,2,477,train,heuristic,player_win,-10.0,5,50.0,1,Very Easy,0.05,0.05,1,1792,1248,0.0,0.0,1,0,1
No Adaptive,2,478,train,heuristic,agent_win,10.0,8,50.0,1,Very Easy,0.05,0.05,1,1796,1251,3.0,3.0,2,0,2
No Adaptive,2,479,train,heuristic,agent_win,10.0,14,50.0,1,Very Easy,0.05,0.05,1,1803,1257,3.0,3.0,1,0,6
No Adaptive,2,480,train,heuristic,player_win,-10.0,7,50.0,1,Very Easy,0.05,0.05,1,1806,1259,0.0,0.0,2,0,1
No Adaptive,2,481,train,heuristic,agent_win,10.0,10,50.0,1,Very Easy,0.05,0.05,1,1811,1261,3.0,3.0,3,0,2
No Adaptive,2,482,train,heuristic,player_win,-10.0,7,50.0,1,Very Easy,0.05,0.05,1,1814,1263,0.0,0.0,1,1,1
No Adaptive,2,483,train,heuristic,player_win,-10.0,9,50.0,1,Very Easy,0.05,0.05,1,1818,1266,0.0,0.0,3,0,1
No Adaptive,2,484,train,heuristic,player_win,-10.0,11,50.0,1,Very Easy,0.05,0.05,1,1823,1270,0.0,0.0,4,0,1
No Adaptive,2,485,train,heuristic,player_win,-10.0,13,50.0,1,Very Easy,0.05,0.05,1,1829,1272,0.0,0.0,4,1,1
No Adaptive,2,486,train,heuristic,player_win,-10.0,9,50.0,1,Very Easy,0.05,0.05,1,1833,1274,0.0,0.0,2,0,2
No Adaptive,2,487,train,heuristic,player_win,-10.0,9,50.0,1,Very Easy,0.05,0.05,1,1837,1277,0.0,0.0,1,0,3
No Adaptive,2,488,train,heuristic,player_win,-10.0,5,50.0,1,Very Easy,0.05,0.05,1,1839,1277,0.0,0.0,1,1,0
No Adaptive,2,489,train,heuristic,player_win,-10.0,11,50.0,1,Very Easy,0.05,0.05,1,1844,1281,0.0,0.0,2,2,1
No Adaptive,2,490,train,heuristic,agent_win,10.0,8,50.0,1,Very Easy,0.05,0.05,1,1848,1284,3.0,3.0,1,0,3
No Adaptive,2,491,train,heuristic,agent_win,10.0,10,50.0,1,Very Easy,0.05,0.05,1,1853,1288,3.0,3.0,3,0,2
No Adaptive,2,492,train,heuristic,agent_win,10.0,8,50.0,1,Very Easy,0.05,0.05,1,1857,1291,3.0,3.0,2,0,2
No Adaptive,2,493,train,heuristic,agent_win,10.0,6,50.0,1,Very Easy,0.05,0.05,1,1860,1293,3.0,3.0,3,0,0
No Adaptive,2,494,train,heuristic,player_win,-10.0,7,50.0,1,Very Easy,0.05,0.05,1,1863,1295,0.0,0.0,1,0,2
No Adaptive,2,495,train,heuristic,agent_win,10.0,8,50.0,1,Very Easy,0.05,0.05,1,1867,1298,3.0,3.0,2,0,2
No Adaptive,2,496,train,heuristic,player_win,-10.0,9,50.0,1,Very Easy,0.05,0.05,1,1871,1301,0.0,0.0,2,0,2
No Adaptive,2,497,train,heuristic,player_win,-10.0,9,50.0,1,Very Easy,0.05,0.05,1,1875,1304,0.0,0.0,2,0,2
No Adaptive,2,498,train,heuristic,player_win,-10.0,7,50.0,1,Very Easy,0.05,0.05,1,1878,1304,0.0,0.0,2,0,1
No Adaptive,2,499,train,heuristic,player_win,-10.0,11,50.0,1,Very Easy,0.05,0.05,1,1883,1308,0.0,0.0,1,0,4
No Adaptive,2,500,train,heuristic,player_win,-10.0,9,50.0,1,Very Easy,0.05,0.05,1,1887,1310,0.0,0.0,2,0,2
No Adaptive,2,501,train,heuristic,agent_win,10.0,10,50.0,1,Very Easy,0.05,0.05,1,1892,1314,3.0,3.0,2,0,3
No Adaptive,2,502,train,heuristic,player_win,-10.0,9,50.0,1,Very Easy,0.05,0.05,1,1896,1317,0.0,0.0,2,0,2
No Adaptive,2,503,train,heuristic,player_win,-10.0,9,50.0,1,Very Easy,0.05,0.05,1,1900,1320,0.0,0.0,3,0,1
No Adaptive,2,504,train,heuristic,player_win,-10.0,7,50.0,1,Very Easy,0.05,0.05,1,1903,1321,0.0,0.0,2,0,1
No Adaptive,2,505,train,heuristic,player_win,-10.0,7,50.0,1,Very Easy,0.05,0.05,1,1906,1323,0.0,0.0,2,0,1
No Adaptive,2,506,train,heuristic,agent_win,10.0,8,50.0,1,Very Easy,0.05,0.05,1,1910,1326,3.0,3.0,3,0,1
No Adaptive,2,507,train,heuristic,player_win,-10.0,9,50.0,1,Very Easy,0.05,0.05,1,1914,1329,0.0,0.0,1,0,3
No Adaptive,2,508,train,heuristic,agent_win,10.0,8,50.0,1,Very Easy,0.05,0.05,1,1918,1332,3.0,3.0,3,1,0
No Adaptive,2,509,train,heuristic,player_win,-10.0,7,50.0,1,Very Easy,0.05,0.05,1,1921,1334,0.0,0.0,2,0,1
No Adaptive,2,510,train,heuristic,player_win,-10.0,7,50.0,1,Very Easy,0.05,0.05,1,1924,1335,0.0,0.0,1,0,2
No Adaptive,2,511,train,heuristic,player_win,-10.0,7,50.0,1,Very Easy,0.05,0.05,1,1927,1337,0.0,0.0,1,0,2
No Adaptive,2,512,train,heuristic,player_win,-10.0,11,50.0,1,Very Easy,0.05,0.05,1,1932,1341,0.0,0.0,2,0,3
No Adaptive,2,513,train,heuristic,agent_win,10.0,8,50.0,1,Very Easy,0.05,0.05,1,1936,1343,3.0,3.0,2,0,2
No Adaptive,2,514,train,heuristic,player_win,-10.0,13,50.0,1,Very Easy,0.05,0.05,1,1942,1347,0.0,0.0,4,1,1
No Adaptive,2,515,train,heuristic,player_win,-10.0,9,50.0,1,Very Easy,0.05,0.05,1,1946,1350,0.0,0.0,1,0,3
No Adaptive,2,516,train,heuristic,agent_win,10.0,6,50.0,1,Very Easy,0.05,0.05,1,1949,1351,3.0,3.0,2,1,0
No Adaptive,2,517,train,heuristic,player_win,-10.0,9,50.0,1,Very Easy,0.05,0.05,1,1953,1353,0.0,0.0,2,0,2
No Adaptive,2,518,train,heuristic,player_win,-10.0,7,50.0,1,Very Easy,0.05,0.05,1,1956,1355,0.0,0.0,2,0,1
No Adaptive,2,519,train,heuristic,agent_win,10.0,6,50.0,1,Very Easy,0.05,0.05,1,1959,1356,3.0,3.0,2,0,1
No Adaptive,2,520,train,heuristic,agent_win,10.0,8,50.0,1,Very Easy,0.05,0.05,1,1963,1359,3.0,3.0,3,1,0
No Adaptive,2,521,train,heuristic,player_win,-10.0,7,50.0,1,Very Easy,0.05,0.05,1,1966,1360,0.0,0.0,2,0,1
No Adaptive,2,522,train,heuristic,agent_win,10.0,8,50.0,1,Very Easy,0.05,0.05,1,1970,1363,3.0,3.0,2,0,2
No Adaptive,2,523,train,heuristic,player_win,-10.0,5,50.0,1,Very Easy,0.05,0.05,1,1972,1364,0.0,0.0,1,0,1
No Adaptive,2,524,train,heuristic,player_win,-10.0,9,50.0,1,Very Easy,0.05,0.05,1,1976,1367,0.0,0.0,2,0,2
No Adaptive,2,525,train,heuristic,player_win,-10.0,7,50.0,1,Very Easy,0.05,0.05,1,1979,1369,0.0,0.0,2,0,1
No Adaptive,2,526,train,heuristic,player_win,-10.0,9,50.0,1,Very Easy,0.05,0.05,1,1983,1372,0.0,0.0,3,0,1
No Adaptive,2,527,train,heuristic,agent_win,10.0,10,50.0,1,Very Easy,0.05,0.05,1,1988,1376,3.0,3.0,3,1,1
No Adaptive,2,528,train,heuristic,agent_win,10.0,8,50.0,1,Very Easy,0.05,0.05,1,1992,1378,3.0,3.0,2,0,2
No Adaptive,2,529,train,heuristic,player_win,-10.0,9,50.0,1,Very Easy,0.05,0.05,1,1996,1381,0.0,0.0,1,0,3
No Adaptive,2,530,train,heuristic,player_win,-10.0,11,50.0,1,Very Easy,0.05,0.05,1,2001,1385,0.0,0.0,4,0,1
No Adaptive,2,531,train,heuristic,player_win,-10.0,7,50.0,1,Very Easy,0.05,0.05,1,2004,1387,0.0,0.0,2,0,1
No Adaptive,2,532,train,heuristic,agent_win,10.0,12,50.0,1,Very Easy,0.05,0.05,1,2010,1392,3.0,3.0,4,0,2
No Adaptive,2,533,train,heuristic,player_win,-10.0,9,50.0,1,Very Easy,0.05,0.05,1,2014,1395,0.0,0.0,2,0,2
No Adaptive,2,534,train,heuristic,agent_win,10.0,8,50.0,1,Very Easy,0.05,0.05,1,2018,1398,3.0,3.0,3,0,1
No Adaptive,2,535,train,heuristic,player_win,-10.0,7,50.0,1,Very Easy,0.05,0.05,1,2021,1400,0.0,0.0,2,0,1
No Adaptive,2,536,train,heuristic,player_win,-10.0,9,50.0,1,Very Easy,0.05,0.05,1,2025,1403,0.0,0.0,2,1,1
No Adaptive,2,537,train,heuristic,agent_win,10.0,10,50.0,1,Very Easy,0.05,0.05,1,2030,1406,3.0,3.0,3,0,2
No Adaptive,2,538,train,heuristic,player_win,-10.0,5,50.0,1,Very Easy,0.05,0.05,1,2032,1407,0.0,0.0,1,0,1
No Adaptive,2,539,train,heuristic,player_win,-10.0,7,50.0,1,Very Easy,0.05,0.05,1,2035,1409,0.0,0.0,2,0,1
No Adaptive,2,540,train,heuristic,agent_win,10.0,10,50.0,1,Very Easy,0.05,0.05,1,2040,1413,3.0,3.0,3,0,2
No Adaptive,2,541,train,heuristic,agent_win,10.0,10,50.0,1,Very Easy,0.05,0.05,1,2045,1417,3.0,3.0,3,0,2
No Adaptive,2,542,train,heuristic,player_win,-10.0,5,50.0,1,Very Easy,0.05,0.05,1,2047,1418,0.0,0.0,1,0,1
No Adaptive,2,543,train,heuristic,agent_win,10.0,8,50.0,1,Very Easy,0.05,0.05,1,2051,1421,3.0,3.0,3,0,1
No Adaptive,2,544,train,heuristic,player_win,-10.0,5,50.0,1,Very Easy,0.05,0.05,1,2053,1422,0.0,0.0,1,0,1
No Adaptive,2,545,train,heuristic,player_win,-10.0,7,50.0,1,Very Easy,0.05,0.05,1,2056,1423,0.0,0.0,1,0,2
No Adaptive,2,546,train,heuristic,player_win,-10.0,7,50.0,1,Very Easy,0.05,0.05,1,2059,1425,0.0,0.0,1,1,1
No Adaptive,2,547,train,heuristic,player_win,-10.0,11,50.0,1,Very Easy,0.05,0.05,1,2064,1429,0.0,0.0,2,0,3
No Adaptive,2,548,train,heuristic,player_win,-10.0,9,50.0,1,Very Easy,0.05,0.05,1,2068,1432,0.0,0.0,1,0,3
No Adaptive,2,549,train,heuristic,agent_win,10.0,6,50.0,1,Very Easy,0.05,0.05,1,2071,1434,3.0,3.0,2,0,1
No Adaptive,2,550,train,heuristic,player_win,-10.0,11,50.0,1,Very Easy,0.05,0.05,1,2076,1438,0.0,0.0,3,0,2
No Adaptive,2,551,train,heuristic,player_win,-10.0,7,50.0,1,Very Easy,0.05,0.05,1,2079,1440,0.0,0.0,1,1,1
No Adaptive,2,552,train,heuristic,player_win,-10.0,5,50.0,1,Very Easy,0.05,0.05,1,2081,1440,0.0,0.0,1,0,1
No Adaptive,2,553,train,heuristic,agent_win,10.0,10,50.0,1,Very Easy,0.05,0.05,1,2086,1444,3.0,3.0,3,0,2
No Adaptive,2,554,train,heuristic,agent_win,10.0,8,50.0,1,Very Easy,0.05,0.05,1,2090,1447,3.0,3.0,3,0,1
No Adaptive,2,555,train,heuristic,agent_win,10.0,8,50.0,1,Very Easy,0.05,0.05,1,2094,1447,2.0999999999999996,2.0999999999999996,3,1,0
No Adaptive,2,556,train,heuristic,player_win,-10.0,7,50.0,1,Very Easy,0.05,0.05,1,2097,1449,0.0,0.0,2,0,1
No Adaptive,2,557,train,heuristic,player_win,-10.0,7,50.0,1,Very Easy,0.05,0.05,1,2100,1451,0.0,0.0,1,0,2
No Adaptive,2,558,train,heuristic,player_win,-10.0,7,50.0,1,Very Easy,0.05,0.05,1,2103,1453,0.0,0.0,1,0,2
No Adaptive,2,559,train,heuristic,agent_win,10.0,12,50.0,1,Very Easy,0.05,0.05,1,2109,1456,3.0,3.0,4,0,2
No Adaptive,2,560,train,heuristic,player_win,-10.0,9,50.0,1,Very Easy,0.05,0.05,1,2113,1459,0.0,0.0,3,0,1
No Adaptive,2,561,train,heuristic,agent_win,10.0,8,50.0,1,Very Easy,0.05,0.05,1,2117,1462,3.0,3.0,2,0,2
No Adaptive,2,562,train,heuristic,player_win,-10.0,7,50.0,1,Very Easy,0.05,0.05,1,2120,1463,0.0,0.0,2,0,1
No Adaptive,2,563,train,heuristic,player_win,-10.0,5,50.0,1,Very Easy,0.05,0.05,1,2122,1463,0.0,0.0,1,0,1
No Adaptive,2,564,train,heuristic,player_win,-10.0,11,50.0,1,Very Easy,0.05,0.05,1,2127,1467,0.0,0.0,2,0,3
No Adaptive,2,565,train,heuristic,player_win,-10.0,9,50.0,1,Very Easy,0.05,0.05,1,2131,1469,0.0,0.0,3,0,1
No Adaptive,2,566,train,heuristic,agent_win,10.0,8,50.0,1,Very Easy,0.05,0.05,1,2135,1471,3.0,3.0,2,0,2
No Adaptive,2,567,train,heuristic,agent_win,10.0,10,50.0,1,Very Easy,0.05,0.05,1,2140,1475,3.0,3.0,3,0,2
No Adaptive,2,568,train,heuristic,player_win,-10.0,5,50.0,1,Very Easy,0.05,0.05,1,2142,1475,0.0,0.0,1,0,1
No Adaptive,2,569,train,heuristic,player_win,-10.0,9,50.0,1,Very Easy,0.05,0.05,1,2146,1478,0.0,0.0,2,0,2
No Adaptive,2,570,train,heuristic,player_win,-10.0,9,50.0,1,Very Easy,0.05,0.05,1,2150,1480,0.0,0.0,2,0,2
No Adaptive,2,571,train,heuristic,agent_win,10.0,8,50.0,1,Very Easy,0.05,0.05,1,2154,1483,3.0,3.0,3,0,1
No Adaptive,2,572,train,heuristic,agent_win,10.0,6,50.0,1,Very Easy,0.05,0.05,1,2157,1485,3.0,3.0,2,0,1
No Adaptive,2,573,train,heuristic,agent_win,10.0,8,50.0,1,Very Easy,0.05,0.05,1,2161,1487,3.0,3.0,1,0,3
No Adaptive,2,574,train,heuristic,player_win,-10.0,5,50.0,1,Very Easy,0.05,0.05,1,2163,1488,0.0,0.0,1,0,1
No Adaptive,2,575,train,heuristic,player_win,-10.0,7,50.0,1,Very Easy,0.05,0.05,1,2166,1490,0.0,0.0,2,0,1
No Adaptive,2,576,train,heuristic,player_win,-10.0,9,50.0,1,Very Easy,0.05,0.05,1,2170,1493,0.0,0.0,4,0,0
No Adaptive,2,577,train,heuristic,agent_win,10.0,8,50.0,1,Very Easy,0.05,0.05,1,2174,1494,3.0,3.0,3,0,1
No Adaptive,2,578,train,heuristic,player_win,-10.0,7,50.0,1,Very Easy,0.05,0.05,1,2177,1496,0.0,0.0,1,0,2
No Adaptive,2,579,train,heuristic,agent_win,10.0,14,50.0,1,Very Easy,0.05,0.05,1,2184,1501,3.0,3.0,4,1,2
No Adaptive,2,580,train,heuristic,player_win,-10.0,9,50.0,1,Very Easy,0.05,0.05,1,2188,1504,0.0,0.0,1,0,3
No Adaptive,2,581,train,heuristic,player_win,-10.0,9,50.0,1,Very Easy,0.05,0.05,1,2192,1506,0.0,0.0,3,0,1
No Adaptive,2,582,train,heuristic,player_win,-10.0,9,50.0,1,Very Easy,0.05,0.05,1,2196,1508,0.0,0.0,3,0,1
No Adaptive,2,583,train,heuristic,player_win,-10.0,7,50.0,1,Very Easy,0.05,0.05,1,2199,1508,0.0,0.0,2,0,1
No Adaptive,2,584,train,heuristic,agent_win,10.0,8,50.0,1,Very Easy,0.05,0.05,1,2203,1511,3.0,3.0,2,1,1
No Adaptive,2,585,train,heuristic,player_win,-10.0,7,50.0,1,Very Easy,0.05,0.05,1,2206,1513,0.0,0.0,1,0,2
No Adaptive,2,586,train,heuristic,player_win,-10.0,9,50.0,1,Very Easy,0.05,0.05,1,2210,1515,0.0,0.0,2,0,2
No Adaptive,2,587,train,heuristic,player_win,-10.0,7,50.0,1,Very Easy,0.05,0.05,1,2213,1517,0.0,0.0,2,0,1
No Adaptive,2,588,train,heuristic,agent_win,10.0,8,50.0,1,Very Easy,0.05,0.05,1,2217,1519,3.0,3.0,2,1,1
No Adaptive,2,589,train,heuristic,player_win,-10.0,9,50.0,1,Very Easy,0.05,0.05,1,2221,1522,0.0,0.0,3,0,1
No Adaptive,2,590,train,heuristic,player_win,-10.0,11,50.0,1,Very Easy,0.05,0.05,1,2226,1525,0.0,0.0,2,0,3
No Adaptive,2,591,train,heuristic,player_win,-10.0,7,50.0,1,Very Easy,0.05,0.05,1,2229,1527,0.0,0.0,3,0,0
No Adaptive,2,592,train,heuristic,player_win,-10.0,9,50.0,1,Very Easy,0.05,0.05,1,2233,1530,0.0,0.0,2,0,2
No Adaptive,2,593,train,heuristic,agent_win,10.0,8,50.0,1,Very Easy,0.05,0.05,1,2237,1532,3.0,3.0,3,0,1
No Adaptive,2,594,train,heuristic,agent_win,10.0,8,50.0,1,Very Easy,0.05,0.05,1,2241,1535,3.0,3.0,2,0,2
No Adaptive,2,595,train,heuristic,player_win,-10.0,5,50.0,1,Very Easy,0.05,0.05,1,2243,1535,0.0,0.0,1,1,0
No Adaptive,2,596,train,heuristic,player_win,-10.0,7,50.0,1,Very Easy,0.05,0.05,1,2246,1537,0.0,0.0,2,0,1
No Adaptive,2,597,train,heuristic,agent_win,10.0,8,50.0,1,Very Easy,0.05,0.05,1,2250,1540,3.0,3.0,2,0,2
No Adaptive,2,598,train,heuristic,agent_win,10.0,8,50.0,1,Very Easy,0.05,0.05,1,2254,1543,3.0,3.0,2,0,2
No Adaptive,2,599,train,heuristic,agent_win,10.0,8,50.0,1,Very Easy,0.05,0.05,1,2258,1545,3.0,3.0,2,0,2
No Adaptive,2,600,train,heuristic,player_win,-10.0,7,50.0,1,Very Easy,0.05,0.05,1,2261,1547,0.0,0.0,1,0,2
No Adaptive,2,601,train,heuristic,player_win,-10.0,7,50.0,1,Very Easy,0.05,0.05,1,2264,1548,0.0,0.0,1,1,1
No Adaptive,2,602,train,heuristic,agent_win,10.0,8,50.0,1,Very Easy,0.05,0.05,1,2268,1551,3.0,3.0,3,0,1
No Adaptive,2,603,train,heuristic,agent_win,10.0,6,50.0,1,Very Easy,0.05,0.05,1,2271,1553,3.0,3.0,1,0,2
No Adaptive,2,604,train,heuristic,player_win,-10.0,9,50.0,1,Very Easy,0.05,0.05,1,2275,1556,0.0,0.0,3,0,1
No Adaptive,2,605,train,heuristic,player_win,-10.0,7,50.0,1,Very Easy,0.05,0.05,1,2278,1558,0.0,0.0,1,0,2
No Adaptive,2,606,train,heuristic,player_win,-10.0,7,50.0,1,Very Easy,0.05,0.05,1,2281,1560,0.0,0.0,2,0,1
No Adaptive,2,607,train,heuristic,agent_win,10.0,6,50.0,1,Very Easy,0.05,0.05,1,2284,1561,2.0999999999999996,2.0999999999999996,1,0,2
No Adaptive,2,608,train,heuristic,player_win,-10.0,9,50.0,1,Very Easy,0.05,0.05,1,2288,1564,0.0,0.0,1,0,3
No Adaptive,2,609,train,heuristic,player_win,-10.0,7,50.0,1,Very Easy,0.05,0.05,1,2291,1566,0.0,0.0,2,0,1
No Adaptive,2,610,train,heuristic,player_win,-10.0,7,50.0,1,Very Easy,0.05,0.05,1,2294,1568,0.0,0.0,2,0,1
No Adaptive,2,611,train,heuristic,player_win,-10.0,7,50.0,1,Very Easy,0.05,0.05,1,2297,1568,0.0,0.0,2,0,1
No Adaptive,2,612,train,heuristic,agent_win,10.0,8,50.0,1,Very Easy,0.05,0.05,1,2301,1571,3.0,3.0,3,0,1
No Adaptive,2,613,train,heuristic,agent_win,10.0,8,50.0,1,Very Easy,0.05,0.05,1,2305,1571,2.0999999999999996,2.0999999999999996,3,0,1
No Adaptive,2,614,train,heuristic,player_win,-10.0,7,50.0,1,Very Easy,0.05,0.05,1,2308,1573,0.0,0.0,2,0,1
No Adaptive,2,615,train,heuristic,player_win,-10.0,9,50.0,1,Very Easy,0.05,0.05,1,2312,1576,0.0,0.0,3,0,1
No Adaptive,2,616,train,heuristic,player_win,-10.0,9,50.0,1,Very Easy,0.05,0.05,1,2316,1579,0.0,0.0,2,0,2
No Adaptive,2,617,train,heuristic,draw,3.0,16,50.0,1,Very Easy,0.05,0.05,1,2324,1586,0.8999999999999999,0.8999999999999999,4,0,4
No Adaptive,2,618,train,heuristic,player_win,-10.0,7,50.0,1,Very Easy,0.05,0.05,1,2327,1588,0.0,0.0,2,0,1
No Adaptive,2,619,train,heuristic,player_win,-10.0,11,50.0,1,Very Easy,0.05,0.05,1,2332,1590,0.0,0.0,2,0,3
No Adaptive,2,620,train,heuristic,player_win,-10.0,9,50.0,1,Very Easy,0.05,0.05,1,2336,1593,0.0,0.0,2,0,2
No Adaptive,2,621,train,heuristic,player_win,-10.0,9,50.0,1,Very Easy,0.05,0.05,1,2340,1596,0.0,0.0,2,0,2
No Adaptive,2,622,train,heuristic,player_win,-10.0,7,50.0,1,Very Easy,0.05,0.05,1,2343,1598,0.0,0.0,2,0,1
No Adaptive,2,623,train,heuristic,player_win,-10.0,9,50.0,1,Very Easy,0.05,0.05,1,2347,1601,0.0,0.0,2,0,2
No Adaptive,2,624,train,heuristic,player_win,-10.0,5,50.0,1,Very Easy,0.05,0.05,1,2349,1602,0.0,0.0,1,0,1
No Adaptive,2,625,train,heuristic,player_win,-10.0,7,50.0,1,Very Easy,0.05,0.05,1,2352,1604,0.0,0.0,2,0,1
No Adaptive,2,626,train,heuristic,player_win,-10.0,5,50.0,1,Very Easy,0.05,0.05,1,2354,1604,0.0,0.0,1,1,0
No Adaptive,2,627,train,heuristic,player_win,-10.0,7,50.0,1,Very Easy,0.05,0.05,1,2357,1605,0.0,0.0,1,0,2
No Adaptive,2,628,train,heuristic,player_win,-10.0,7,50.0,1,Very Easy,0.05,0.05,1,2360,1607,0.0,0.0,1,0,2
No Adaptive,2,629,train,heuristic,agent_win,10.0,8,50.0,1,Very Easy,0.05,0.05,1,2364,1608,3.0,3.0,3,0,1
No Adaptive,2,630,train,heuristic,player_win,-10.0,7,50.0,1,Very Easy,0.05,0.05,1,2367,1608,0.0,0.0,2,0,1
No Adaptive,2,631,train,heuristic,player_win,-10.0,9,50.0,1,Very Easy,0.05,0.05,1,2371,1611,0.0,0.0,1,0,3
No Adaptive,2,632,train,heuristic,player_win,-10.0,7,50.0,1,Very Easy,0.05,0.05,1,2374,1613,0.0,0.0,2,0,1
No Adaptive,2,633,train,heuristic,player_win,-10.0,9,50.0,1,Very Easy,0.05,0.05,1,2378,1616,0.0,0.0,2,1,1
No Adaptive,2,634,train,heuristic,player_win,-10.0,9,50.0,1,Very Easy,0.05,0.05,1,2382,1616,0.0,0.0,3,0,1
No Adaptive,2,635,train,heuristic,player_win,-10.0,9,50.0,1,Very Easy,0.05,0.05,1,2386,1619,0.0,0.0,3,0,1
No Adaptive,2,636,train,heuristic,player_win,-10.0,9,50.0,1,Very Easy,0.05,0.05,1,2390,1621,0.0,0.0,1,0,3
No Adaptive,2,637,train,heuristic,player_win,-10.0,5,50.0,1,Very Easy,0.05,0.05,1,2392,1622,0.0,0.0,1,0,1
No Adaptive,2,638,train,heuristic,agent_win,10.0,8,50.0,1,Very Easy,0.05,0.05,1,2396,1625,3.0,3.0,3,0,1
No Adaptive,2,639,train,heuristic,player_win,-10.0,9,50.0,1,Very Easy,0.05,0.05,1,2400,1625,0.0,0.0,2,0,2
No Adaptive,2,640,train,heuristic,player_win,-10.0,7,50.0,1,Very Easy,0.05,0.05,1,2403,1626,0.0,0.0,1,0,2
No Adaptive,2,641,train,heuristic,player_win,-10.0,11,50.0,1,Very Easy,0.05,0.05,1,2408,1630,0.0,0.0,2,1,2
No Adaptive,2,642,train,heuristic,player_win,-10.0,7,50.0,1,Very Easy,0.05,0.05,1,2411,1632,0.0,0.0,1,0,2
No Adaptive,2,643,train,heuristic,player_win,-10.0,9,50.0,1,Very Easy,0.05,0.05,1,2415,1635,0.0,0.0,2,1,1
No Adaptive,2,644,train,heuristic,player_win,-10.0,9,50.0,1,Very Easy,0.05,0.05,1,2419,1638,0.0,0.0,1,0,3
No Adaptive,2,645,train,heuristic,player_win,-10.0,7,50.0,1,Very Easy,0.05,0.05,1,2422,1639,0.0,0.0,1,0,2
No Adaptive,2,646,train,heuristic,agent_win,10.0,8,50.0,1,Very Easy,0.05,0.05,1,2426,1642,3.0,3.0,3,0,1
No Adaptive,2,647,train,heuristic,player_win,-10.0,9,50.0,1,Very Easy,0.05,0.05,1,2430,1645,0.0,0.0,1,0,3
No Adaptive,2,648,train,heuristic,player_win,-10.0,5,50.0,1,Very Easy,0.05,0.05,1,2432,1646,0.0,0.0,1,0,1
No Adaptive,2,649,train,heuristic,agent_win,10.0,8,50.0,1,Very Easy,0.05,0.05,1,2436,1649,3.0,3.0,2,0,2
No Adaptive,2,650,train,heuristic,player_win,-10.0,9,50.0,1,Very Easy,0.05,0.05,1,2440,1652,0.0,0.0,2,0,2
No Adaptive,2,651,train,heuristic,agent_win,10.0,10,50.0,1,Very Easy,0.05,0.05,1,2445,1656,3.0,3.0,2,0,3
No Adaptive,2,652,train,heuristic,player_win,-10.0,7,50.0,1,Very Easy,0.05,0.05,1,2448,1658,0.0,0.0,2,0,1
No Adaptive,2,653,train,heuristic,player_win,-10.0,5,50.0,1,Very Easy,0.05,0.05,1,2450,1658,0.0,0.0,1,0,1
No Adaptive,2,654,train,heuristic,agent_win,10.0,10,50.0,1,Very Easy,0.05,0.05,1,2455,1662,3.0,3.0,3,0,2
No Adaptive,2,655,train,heuristic,player_win,-10.0,7,50.0,1,Very Easy,0.05,0.05,1,2458,1664,0.0,0.0,1,1,1
No Adaptive,2,656,train,heuristic,agent_win,10.0,8,50.0,1,Very Easy,0.05,0.05,1,2462,1667,3.0,3.0,1,0,3
No Adaptive,2,657,train,heuristic,agent_win,10.0,10,50.0,1,Very Easy,0.05,0.05,1,2467,1671,3.0,3.0,2,0,3
No Adaptive,2,658,train,heuristic,agent_win,10.0,8,50.0,1,Very Easy,0.05,0.05,1,2471,1673,3.0,3.0,3,0,1
No Adaptive,2,659,train,heuristic,player_win,-10.0,11,50.0,1,Very Easy,0.05,0.05,1,2476,1677,0.0,0.0,3,0,2
No Adaptive,2,660,train,heuristic,player_win,-10.0,11,50.0,1,Very Easy,0.05,0.05,1,2481,1681,0.0,0.0,3,0,2
No Adaptive,2,661,train,heuristic,player_win,-10.0,7,50.0,1,Very Easy,0.05,0.05,1,2484,1683,0.0,0.0,2,0,1
No Adaptive,2,662,train,heuristic,player_win,-10.0,7,50.0,1,Very Easy,0.05,0.05,1,2487,1683,0.0,0.0,2,1,0
No Adaptive,2,663,train,heuristic,agent_win,10.0,10,50.0,1,Very Easy,0.05,0.05,1,2492,1687,3.0,3.0,3,0,2
No Adaptive,2,664,train,heuristic,player_win,-10.0,5,50.0,1,Very Easy,0.05,0.05,1,2494,1688,0.0,0.0,1,0,1
No Adaptive,2,665,train,heuristic,agent_win,10.0,10,50.0,1,Very Easy,0.05,0.05,1,2499,1692,3.0,3.0,3,0,2
No Adaptive,2,666,train,heuristic,player_win,-10.0,7,50.0,1,Very Easy,0.05,0.05,1,2502,1693,0.0,0.0,1,0,2
No Adaptive,2,667,train,heuristic,player_win,-10.0,9,50.0,1,Very Easy,0.05,0.05,1,2506,1696,0.0,0.0,2,1,1
No Adaptive,2,668,train,heuristic,player_win,-10.0,5,50.0,1,Very Easy,0.05,0.05,1,2508,1696,0.0,0.0,1,0,1
No Adaptive,2,669,train,heuristic,agent_win,10.0,12,50.0,1,Very Easy,0.05,0.05,1,2514,1700,3.0,3.0,4,0,2
No Adaptive,2,670,train,heuristic,player_win,-10.0,7,50.0,1,Very Easy,0.05,0.05,1,2517,1700,0.0,0.0,2,0,1
No Adaptive,2,671,train,heuristic,agent_win,10.0,6,50.0,1,Very Easy,0.05,0.05,1,2520,1702,3.0,3.0,1,0,2
No Adaptive,2,672,train,heuristic,agent_win,10.0,8,50.0,1,Very Easy,0.05,0.05,1,2524,1705,3.0,3.0,2,0,2
No Adaptive,2,673,train,heuristic,player_win,-10.0,7,50.0,1,Very Easy,0.05,0.05,1,2527,1706,0.0,0.0,2,0,1
No Adaptive,2,674,train,heuristic,agent_win,10.0,12,50.0,1,Very Easy,0.05,0.05,1,2533,1711,3.0,3.0,4,0,2
No Adaptive,2,675,train,heuristic,agent_win,10.0,6,50.0,1,Very Easy,0.05,0.05,1,2536,1712,3.0,3.0,2,0,1
No Adaptive,2,676,train,heuristic,agent_win,10.0,6,50.0,1,Very Easy,0.05,0.05,1,2539,1713,3.0,3.0,2,0,1
No Adaptive,2,677,train,heuristic,agent_win,10.0,10,50.0,1,Very Easy,0.05,0.05,1,2544,1717,3.0,3.0,3,0,2
No Adaptive,2,678,train,heuristic,agent_win,10.0,8,50.0,1,Very Easy,0.05,0.05,1,2548,1720,3.0,3.0,2,0,2
No Adaptive,2,679,train,heuristic,player_win,-10.0,7,50.0,1,Very Easy,0.05,0.05,1,2551,1721,0.0,0.0,1,0,2
No Adaptive,2,680,train,heuristic,agent_win,10.0,10,50.0,1,Very Easy,0.05,0.05,1,2556,1725,3.0,3.0,3,0,2
No Adaptive,2,681,train,heuristic,agent_win,10.0,10,50.0,1,Very Easy,0.05,0.05,1,2561,1727,3.0,3.0,3,0,2
No Adaptive,2,682,train,heuristic,player_win,-10.0,7,50.0,1,Very Easy,0.05,0.05,1,2564,1727,0.0,0.0,2,0,1
No Adaptive,2,683,train,heuristic,player_win,-10.0,7,50.0,1,Very Easy,0.05,0.05,1,2567,1728,0.0,0.0,2,0,1
No Adaptive,2,684,train,heuristic,player_win,-10.0,7,50.0,1,Very Easy,0.05,0.05,1,2570,1729,0.0,0.0,1,0,2
No Adaptive,2,685,train,heuristic,player_win,-10.0,9,50.0,1,Very Easy,0.05,0.05,1,2574,1732,0.0,0.0,2,0,2
No Adaptive,2,686,train,heuristic,player_win,-10.0,9,50.0,1,Very Easy,0.05,0.05,1,2578,1733,0.0,0.0,3,0,1
No Adaptive,2,687,train,heuristic,player_win,-10.0,9,50.0,1,Very Easy,0.05,0.05,1,2582,1735,0.0,0.0,3,0,1
No Adaptive,2,688,train,heuristic,agent_win,10.0,10,50.0,1,Very Easy,0.05,0.05,1,2587,1738,3.0,3.0,3,0,2
No Adaptive,2,689,train,heuristic,agent_win,10.0,8,50.0,1,Very Easy,0.05,0.05,1,2591,1741,3.0,3.0,1,0,3
No Adaptive,2,690,train,heuristic,agent_win,10.0,8,50.0,1,Very Easy,0.05,0.05,1,2595,1744,3.0,3.0,2,0,2
No Adaptive,2,691,train,heuristic,player_win,-10.0,7,50.0,1,Very Easy,0.05,0.05,1,2598,1746,0.0,0.0,2,1,0
No Adaptive,2,692,train,heuristic,agent_win,10.0,6,50.0,1,Very Easy,0.05,0.05,1,2601,1748,3.0,3.0,2,0,1
No Adaptive,2,693,train,heuristic,player_win,-10.0,9,50.0,1,Very Easy,0.05,0.05,1,2605,1751,0.0,0.0,2,0,2
No Adaptive,2,694,train,heuristic,player_win,-10.0,7,50.0,1,Very Easy,0.05,0.05,1,2608,1753,0.0,0.0,2,0,1
No Adaptive,2,695,train,heuristic,player_win,-10.0,9,50.0,1,Very Easy,0.05,0.05,1,2612,1756,0.0,0.0,2,1,1
No Adaptive,2,696,train,heuristic,player_win,-10.0,9,50.0,1,Very Easy,0.05,0.05,1,2616,1758,0.0,0.0,2,0,2
No Adaptive,2,697,train,heuristic,player_win,-10.0,7,50.0,1,Very Easy,0.05,0.05,1,2619,1760,0.0,0.0,2,0,1
No Adaptive,2,698,train,heuristic,agent_win,10.0,8,50.0,1,Very Easy,0.05,0.05,1,2623,1763,3.0,3.0,2,0,2
No Adaptive,2,699,train,heuristic,agent_win,10.0,6,50.0,1,Very Easy,0.05,0.05,1,2626,1763,2.0999999999999996,2.0999999999999996,2,0,1
No Adaptive,2,700,train,heuristic,agent_win,10.0,6,50.0,1,Very Easy,0.05,0.05,1,2629,1763,2.0999999999999996,2.0999999999999996,2,0,1
No Adaptive,2,701,train,heuristic,agent_win,10.0,6,50.0,1,Very Easy,0.05,0.05,1,2632,1765,3.0,3.0,3,0,0
No Adaptive,2,702,train,heuristic,agent_win,10.0,8,50.0,1,Very Easy,0.05,0.05,1,2636,1767,3.0,3.0,2,0,2
No Adaptive,2,703,train,heuristic,player_win,-10.0,9,50.0,1,Very Easy,0.05,0.05,1,2640,1770,0.0,0.0,2,0,2
No Adaptive,2,704,train,heuristic,player_win,-10.0,5,50.0,1,Very Easy,0.05,0.05,1,2642,1771,0.0,0.0,1,1,0
No Adaptive,2,705,train,heuristic,player_win,-10.0,9,50.0,1,Very Easy,0.05,0.05,1,2646,1774,0.0,0.0,2,0,2
No Adaptive,2,706,train,heuristic,player_win,-10.0,11,50.0,1,Very Easy,0.05,0.05,1,2651,1778,0.0,0.0,2,0,3
No Adaptive,2,707,train,heuristic,player_win,-10.0,9,50.0,1,Very Easy,0.05,0.05,1,2655,1780,0.0,0.0,1,0,3
No Adaptive,2,708,train,heuristic,agent_win,10.0,6,50.0,1,Very Easy,0.05,0.05,1,2658,1782,3.0,3.0,3,0,0
No Adaptive,2,709,train,heuristic,player_win,-10.0,9,50.0,1,Very Easy,0.05,0.05,1,2662,1785,0.0,0.0,2,0,2
No Adaptive,2,710,train,heuristic,player_win,-10.0,9,50.0,1,Very Easy,0.05,0.05,1,2666,1788,0.0,0.0,2,1,1
No Adaptive,2,711,train,heuristic,agent_win,10.0,10,50.0,1,Very Easy,0.05,0.05,1,2671,1792,3.0,3.0,2,0,3
No Adaptive,2,712,train,heuristic,agent_win,10.0,10,50.0,1,Very Easy,0.05,0.05,1,2676,1795,3.0,3.0,2,0,3
No Adaptive,2,713,train,heuristic,agent_win,10.0,8,50.0,1,Very Easy,0.05,0.05,1,2680,1798,3.0,3.0,2,0,2
No Adaptive,2,714,train,heuristic,player_win,-10.0,5,50.0,1,Very Easy,0.05,0.05,1,2682,1799,0.0,0.0,1,1,0
No Adaptive,2,715,train,heuristic,player_win,-10.0,7,50.0,1,Very Easy,0.05,0.05,1,2685,1801,0.0,0.0,1,1,1
No Adaptive,2,716,train,heuristic,agent_win,10.0,10,50.0,1,Very Easy,0.05,0.05,1,2690,1805,3.0,3.0,2,0,3
No Adaptive,2,717,train,heuristic,player_win,-10.0,7,50.0,1,Very Easy,0.05,0.05,1,2693,1807,0.0,0.0,1,0,2
No Adaptive,2,718,train,heuristic,player_win,-10.0,7,50.0,1,Very Easy,0.05,0.05,1,2696,1807,0.0,0.0,2,0,1
No Adaptive,2,719,train,heuristic,agent_win,10.0,8,50.0,1,Very Easy,0.05,0.05,1,2700,1810,3.0,3.0,3,0,1
No Adaptive,2,720,train,heuristic,player_win,-10.0,9,50.0,1,Very Easy,0.05,0.05,1,2704,1812,0.0,0.0,2,0,2
No Adaptive,2,721,train,heuristic,player_win,-10.0,5,50.0,1,Very Easy,0.05,0.05,1,2706,1812,0.0,0.0,2,0,0
No Adaptive,2,722,train,heuristic,player_win,-10.0,9,50.0,1,Very Easy,0.05,0.05,1,2710,1815,0.0,0.0,2,0,2
No Adaptive,2,723,train,heuristic,agent_win,10.0,12,50.0,1,Very Easy,0.05,0.05,1,2716,1819,3.0,3.0,3,0,3
No Adaptive,2,724,train,heuristic,player_win,-10.0,7,50.0,1,Very Easy,0.05,0.05,1,2719,1821,0.0,0.0,2,0,1
No Adaptive,2,725,train,heuristic,agent_win,10.0,6,50.0,1,Very Easy,0.05,0.05,1,2722,1823,3.0,3.0,1,0,2
No Adaptive,2,726,train,heuristic,player_win,-10.0,7,50.0,1,Very Easy,0.05,0.05,1,2725,1825,0.0,0.0,2,0,1
No Adaptive,2,727,train,heuristic,player_win,-10.0,7,50.0,1,Very Easy,0.05,0.05,1,2728,1827,0.0,0.0,1,0,2
No Adaptive,2,728,train,heuristic,player_win,-10.0,9,50.0,1,Very Easy,0.05,0.05,1,2732,1830,0.0,0.0,2,0,2
No Adaptive,2,729,train,heuristic,player_win,-10.0,9,50.0,1,Very Easy,0.05,0.05,1,2736,1833,0.0,0.0,3,0,1
No Adaptive,2,730,train,heuristic,player_win,-10.0,7,50.0,1,Very Easy,0.05,0.05,1,2739,1833,0.0,0.0,2,0,1
No Adaptive,2,731,train,heuristic,player_win,-10.0,7,50.0,1,Very Easy,0.05,0.05,1,2742,1834,0.0,0.0,1,1,1
No Adaptive,2,732,train,heuristic,player_win,-10.0,15,50.0,1,Very Easy,0.05,0.05,1,2749,1840,0.0,0.0,5,0,2
No Adaptive,2,733,train,heuristic,player_win,-10.0,7,50.0,1,Very Easy,0.05,0.05,1,2752,1842,0.0,0.0,1,0,2
No Adaptive,2,734,train,heuristic,player_win,-10.0,13,50.0,1,Very Easy,0.05,0.05,1,2758,1847,0.0,0.0,4,0,2
No Adaptive,2,735,train,heuristic,player_win,-10.0,5,50.0,1,Very Easy,0.05,0.05,1,2760,1848,0.0,0.0,1,0,1
No Adaptive,2,736,train,heuristic,player_win,-10.0,11,50.0,1,Very Easy,0.05,0.05,1,2765,1852,0.0,0.0,2,0,3
No Adaptive,2,737,train,heuristic,agent_win,10.0,6,50.0,1,Very Easy,0.05,0.05,1,2768,1854,3.0,3.0,2,1,0
No Adaptive,2,738,train,heuristic,player_win,-10.0,7,50.0,1,Very Easy,0.05,0.05,1,2771,1856,0.0,0.0,1,1,1
No Adaptive,2,739,train,heuristic,agent_win,10.0,8,50.0,1,Very Easy,0.05,0.05,1,2775,1858,3.0,3.0,2,0,2
No Adaptive,2,740,train,heuristic,agent_win,10.0,6,50.0,1,Very Easy,0.05,0.05,1,2778,1860,3.0,3.0,2,0,1
No Adaptive,2,741,train,heuristic,player_win,-10.0,9,50.0,1,Very Easy,0.05,0.05,1,2782,1861,0.0,0.0,1,0,3
No Adaptive,2,742,train,heuristic,player_win,-10.0,9,50.0,1,Very Easy,0.05,0.05,1,2786,1864,0.0,0.0,2,0,2
No Adaptive,2,743,train,heuristic,agent_win,10.0,10,50.0,1,Very Easy,0.05,0.05,1,2791,1868,3.0,3.0,1,0,4
No Adaptive,2,744,train,heuristic,agent_win,10.0,8,50.0,1,Very Easy,0.05,0.05,1,2795,1870,3.0,3.0,2,0,2
No Adaptive,2,745,train,heuristic,player_win,-10.0,5,50.0,1,Very Easy,0.05,0.05,1,2797,1871,0.0,0.0,1,0,1
No Adaptive,2,746,train,heuristic,agent_win,10.0,8,50.0,1,Very Easy,0.05,0.05,1,2801,1874,3.0,3.0,3,0,1
No Adaptive,2,747,train,heuristic,player_win,-10.0,15,50.0,1,Very Easy,0.05,0.05,1,2808,1879,0.0,0.0,5,0,2
No Adaptive,2,748,train,heuristic,player_win,-10.0,7,50.0,1,Very Easy,0.05,0.05,1,2811,1881,0.0,0.0,2,0,1
No Adaptive,2,749,train,heuristic,player_win,-10.0,11,50.0,1,Very Easy,0.05,0.05,1,2816,1884,0.0,0.0,4,1,0
No Adaptive,2,750,train,heuristic,agent_win,10.0,12,50.0,1,Very Easy,0.05,0.05,1,2822,1889,3.0,3.0,3,0,3
No Adaptive,2,751,train,heuristic,player_win,-10.0,5,50.0,1,Very Easy,0.05,0.05,1,2824,1889,0.0,0.0,1,0,1
No Adaptive,2,752,train,heuristic,player_win,-10.0,7,50.0,1,Very Easy,0.05,0.05,1,2827,1890,0.0,0.0,1,0,2
No Adaptive,2,753,train,heuristic,player_win,-10.0,7,50.0,1,Very Easy,0.05,0.05,1,2830,1892,0.0,0.0,2,0,1
No Adaptive,2,754,train,heuristic,player_win,-10.0,7,50.0,1,Very Easy,0.05,0.05,1,2833,1894,0.0,0.0,2,0,1
No Adaptive,2,755,train,heuristic,agent_win,10.0,12,50.0,1,Very Easy,0.05,0.05,1,2839,1899,3.0,3.0,5,0,1
No Adaptive,2,756,train,heuristic,agent_win,10.0,8,50.0,1,Very Easy,0.05,0.05,1,2843,1902,3.0,3.0,2,0,2
No Adaptive,2,757,train,heuristic,player_win,-10.0,7,50.0,1,Very Easy,0.05,0.05,1,2846,1903,0.0,0.0,1,0,2
No Adaptive,2,758,train,heuristic,player_win,-10.0,5,50.0,1,Very Easy,0.05,0.05,1,2848,1904,0.0,0.0,1,0,1
No Adaptive,2,759,train,heuristic,player_win,-10.0,7,50.0,1,Very Easy,0.05,0.05,1,2851,1906,0.0,0.0,1,0,2
No Adaptive,2,760,train,heuristic,agent_win,10.0,8,50.0,1,Very Easy,0.05,0.05,1,2855,1909,3.0,3.0,3,1,0
No Adaptive,2,761,train,heuristic,player_win,-10.0,11,50.0,1,Very Easy,0.05,0.05,1,2860,1913,0.0,0.0,3,0,2
No Adaptive,2,762,train,heuristic,player_win,-10.0,5,50.0,1,Very Easy,0.05,0.05,1,2862,1914,0.0,0.0,1,0,1
No Adaptive,2,763,train,heuristic,agent_win,10.0,12,50.0,1,Very Easy,0.05,0.05,1,2868,1919,3.0,3.0,3,1,2
No Adaptive,2,764,train,heuristic,player_win,-10.0,11,50.0,1,Very Easy,0.05,0.05,1,2873,1922,0.0,0.0,2,0,3
No Adaptive,2,765,train,heuristic,agent_win,10.0,6,50.0,1,Very Easy,0.05,0.05,1,2876,1923,3.0,3.0,2,0,1
No Adaptive,2,766,train,heuristic,player_win,-10.0,11,50.0,1,Very Easy,0.05,0.05,1,2881,1926,0.0,0.0,3,1,1
No Adaptive,2,767,train,heuristic,player_win,-10.0,7,50.0,1,Very Easy,0.05,0.05,1,2884,1926,0.0,0.0,2,0,1
No Adaptive,2,768,train,heuristic,player_win,-10.0,11,50.0,1,Very Easy,0.05,0.05,1,2889,1930,0.0,0.0,3,1,1
No Adaptive,2,769,train,heuristic,player_win,-10.0,7,50.0,1,Very Easy,0.05,0.05,1,2892,1932,0.0,0.0,2,0,1
No Adaptive,2,770,train,heuristic,player_win,-10.0,7,50.0,1,Very Easy,0.05,0.05,1,2895,1932,0.0,0.0,2,0,1
No Adaptive,2,771,train,heuristic,player_win,-10.0,9,50.0,1,Very Easy,0.05,0.05,1,2899,1934,0.0,0.0,1,0,3
No Adaptive,2,772,train,heuristic,player_win,-10.0,9,50.0,1,Very Easy,0.05,0.05,1,2903,1935,0.0,0.0,3,0,1
No Adaptive,2,773,train,heuristic,player_win,-10.0,7,50.0,1,Very Easy,0.05,0.05,1,2906,1937,0.0,0.0,1,0,2
No Adaptive,2,774,train,heuristic,player_win,-10.0,5,50.0,1,Very Easy,0.05,0.05,1,2908,1938,0.0,0.0,1,0,1
No Adaptive,2,775,train,heuristic,player_win,-10.0,9,50.0,1,Very Easy,0.05,0.05,1,2912,1941,0.0,0.0,2,0,2
No Adaptive,2,776,train,heuristic,player_win,-10.0,9,50.0,1,Very Easy,0.05,0.05,1,2916,1944,0.0,0.0,2,0,2
No Adaptive,2,777,train,heuristic,player_win,-10.0,5,50.0,1,Very Easy,0.05,0.05,1,2918,1944,0.0,0.0,1,0,1
No Adaptive,2,778,train,heuristic,agent_win,10.0,8,50.0,1,Very Easy,0.05,0.05,1,2922,1947,3.0,3.0,2,1,1
No Adaptive,2,779,train,heuristic,agent_win,10.0,10,50.0,1,Very Easy,0.05,0.05,1,2927,1951,3.0,3.0,2,0,3
No Adaptive,2,780,train,heuristic,player_win,-10.0,9,50.0,1,Very Easy,0.05,0.05,1,2931,1953,0.0,0.0,2,0,2
No Adaptive,2,781,train,heuristic,player_win,-10.0,5,50.0,1,Very Easy,0.05,0.05,1,2933,1954,0.0,0.0,1,0,1
No Adaptive,2,782,train,heuristic,agent_win,10.0,10,50.0,1,Very Easy,0.05,0.05,1,2938,1958,3.0,3.0,3,0,2
No Adaptive,2,783,train,heuristic,player_win,-10.0,7,50.0,1,Very Easy,0.05,0.05,1,2941,1960,0.0,0.0,2,0,1
No Adaptive,2,784,train,heuristic,player_win,-10.0,7,50.0,1,Very Easy,0.05,0.05,1,2944,1962,0.0,0.0,2,1,0
No Adaptive,2,785,train,heuristic,player_win,-10.0,11,50.0,1,Very Easy,0.05,0.05,1,2949,1966,0.0,0.0,2,0,3
No Adaptive,2,786,train,heuristic,agent_win,10.0,8,50.0,1,Very Easy,0.05,0.05,1,2953,1968,3.0,3.0,3,0,1
No Adaptive,2,787,train,heuristic,player_win,-10.0,9,50.0,1,Very Easy,0.05,0.05,1,2957,1970,0.0,0.0,3,0,1
No Adaptive,2,788,train,heuristic,player_win,-10.0,7,50.0,1,Very Easy,0.05,0.05,1,2960,1972,0.0,0.0,2,1,0
No Adaptive,2,789,train,heuristic,player_win,-10.0,7,50.0,1,Very Easy,0.05,0.05,1,2963,1974,0.0,0.0,2,0,1
No Adaptive,2,790,train,heuristic,player_win,-10.0,9,50.0,1,Very Easy,0.05,0.05,1,2967,1976,0.0,0.0,3,0,1
No Adaptive,2,791,train,heuristic,agent_win,10.0,10,50.0,1,Very Easy,0.05,0.05,1,2972,1979,3.0,3.0,3,0,2
No Adaptive,2,792,train,heuristic,player_win,-10.0,9,50.0,1,Very Easy,0.05,0.05,1,2976,1982,0.0,0.0,2,0,2
No Adaptive,2,793,train,heuristic,agent_win,10.0,8,50.0,1,Very Easy,0.05,0.05,1,2980,1985,3.0,3.0,2,0,2
No Adaptive,2,794,train,heuristic,player_win,-10.0,7,50.0,1,Very Easy,0.05,0.05,1,2983,1985,0.0,0.0,2,0,1
No Adaptive,2,795,train,heuristic,player_win,-10.0,7,50.0,1,Very Easy,0.05,0.05,1,2986,1986,0.0,0.0,1,0,2
No Adaptive,2,796,train,heuristic,agent_win,10.0,10,50.0,1,Very Easy,0.05,0.05,1,2991,1990,3.0,3.0,2,0,3
No Adaptive,2,797,train,heuristic,player_win,-10.0,9,50.0,1,Very Easy,0.05,0.05,1,2995,1993,0.0,0.0,2,0,2
No Adaptive,2,798,train,heuristic,player_win,-10.0,11,50.0,1,Very Easy,0.05,0.05,1,3000,1996,0.0,0.0,3,0,2
No Adaptive,2,799,train,heuristic,agent_win,10.0,6,50.0,1,Very Easy,0.05,0.05,1,3003,1997,3.0,3.0,1,0,2
No Adaptive,2,800,train,heuristic,agent_win,10.0,12,50.0,1,Very Easy,0.05,0.05,1,3009,2000,3.0,3.0,4,0,2
No Adaptive,2,801,eval,heuristic,player_win,-10.0,9,50.0,1,Very Easy,0.05,0.0,0,3009,2000,0.0,0.0,2,0,2
No Adaptive,2,802,eval,heuristic,player_win,-10.0,13,50.0,1,Very Easy,0.05,0.0,0,3009,2000,0.0,0.0,5,0,1
No Adaptive,2,803,eval,heuristic,agent_win,10.0,10,50.0,1,Very Easy,0.05,0.0,0,3009,2000,0.0,0.0,2,0,3
No Adaptive,2,804,eval,heuristic,agent_win,10.0,10,50.0,1,Very Easy,0.05,0.0,0,3009,2000,0.0,0.0,2,0,3
No Adaptive,2,805,eval,heuristic,agent_win,10.0,10,50.0,1,Very Easy,0.05,0.0,0,3009,2000,0.0,0.0,3,0,2
No Adaptive,2,806,eval,heuristic,player_win,-10.0,7,50.0,1,Very Easy,0.05,0.0,0,3009,2000,0.0,0.0,2,0,1
No Adaptive,2,807,eval,heuristic,agent_win,10.0,8,50.0,1,Very Easy,0.05,0.0,0,3009,2000,0.0,0.0,2,0,2
No Adaptive,2,808,eval,heuristic,player_win,-10.0,7,50.0,1,Very Easy,0.05,0.0,0,3009,2000,0.0,0.0,1,0,2
No Adaptive,2,809,eval,heuristic,player_win,-10.0,5,50.0,1,Very Easy,0.05,0.0,0,3009,2000,0.0,0.0,1,0,1
No Adaptive,2,810,eval,heuristic,player_win,-10.0,9,50.0,1,Very Easy,0.05,0.0,0,3009,2000,0.0,0.0,2,0,2
No Adaptive,2,811,eval,heuristic,player_win,-10.0,9,50.0,1,Very Easy,0.05,0.0,0,3009,2000,0.0,0.0,2,0,2
No Adaptive,2,812,eval,heuristic,player_win,-10.0,7,50.0,1,Very Easy,0.05,0.0,0,3009,2000,0.0,0.0,1,0,2
No Adaptive,2,813,eval,heuristic,agent_win,10.0,6,50.0,1,Very Easy,0.05,0.0,0,3009,2000,0.0,0.0,2,0,1
No Adaptive,2,814,eval,heuristic,player_win,-10.0,11,50.0,1,Very Easy,0.05,0.0,0,3009,2000,0.0,0.0,3,0,2
No Adaptive,2,815,eval,heuristic,player_win,-10.0,9,50.0,1,Very Easy,0.05,0.0,0,3009,2000,0.0,0.0,1,0,3
No Adaptive,2,816,eval,heuristic,player_win,-10.0,11,50.0,1,Very Easy,0.05,0.0,0,3009,2000,0.0,0.0,3,0,2
No Adaptive,2,817,eval,heuristic,agent_win,10.0,14,50.0,1,Very Easy,0.05,0.0,0,3009,2000,0.0,0.0,5,0,2
No Adaptive,2,818,eval,heuristic,player_win,-10.0,9,50.0,1,Very Easy,0.05,0.0,0,3009,2000,0.0,0.0,3,0,1
No Adaptive,2,819,eval,heuristic,player_win,-10.0,7,50.0,1,Very Easy,0.05,0.0,0,3009,2000,0.0,0.0,2,0,1
No Adaptive,2,820,eval,heuristic,agent_win,10.0,6,50.0,1,Very Easy,0.05,0.0,0,3009,2000,0.0,0.0,1,0,2
No Adaptive,2,821,eval,heuristic,agent_win,10.0,8,50.0,1,Very Easy,0.05,0.0,0,3009,2000,0.0,0.0,3,0,1
No Adaptive,2,822,eval,heuristic,player_win,-10.0,9,50.0,1,Very Easy,0.05,0.0,0,3009,2000,0.0,0.0,2,0,2
No Adaptive,2,823,eval,heuristic,player_win,-10.0,7,50.0,1,Very Easy,0.05,0.0,0,3009,2000,0.0,0.0,1,0,2
No Adaptive,2,824,eval,heuristic,agent_win,10.0,12,50.0,1,Very Easy,0.05,0.0,0,3009,2000,0.0,0.0,2,0,4
No Adaptive,2,825,eval,heuristic,agent_win,10.0,6,50.0,1,Very Easy,0.05,0.0,0,3009,2000,0.0,0.0,2,0,1
No Adaptive,2,826,eval,heuristic,agent_win,10.0,8,50.0,1,Very Easy,0.05,0.0,0,3009,2000,0.0,0.0,3,0,1
No Adaptive,2,827,eval,heuristic,player_win,-10.0,11,50.0,1,Very Easy,0.05,0.0,0,3009,2000,0.0,0.0,1,0,4
No Adaptive,2,828,eval,heuristic,player_win,-10.0,9,50.0,1,Very Easy,0.05,0.0,0,3009,2000,0.0,0.0,2,0,2
No Adaptive,2,829,eval,heuristic,player_win,-10.0,7,50.0,1,Very Easy,0.05,0.0,0,3009,2000,0.0,0.0,1,0,2
No Adaptive,2,830,eval,heuristic,player_win,-10.0,9,50.0,1,Very Easy,0.05,0.0,0,3009,2000,0.0,0.0,2,0,2
No Adaptive,2,831,eval,heuristic,agent_win,10.0,8,50.0,1,Very Easy,0.05,0.0,0,3009,2000,0.0,0.0,2,0,2
No Adaptive,2,832,eval,heuristic,player_win,-10.0,5,50.0,1,Very Easy,0.05,0.0,0,3009,2000,0.0,0.0,1,0,1
No Adaptive,2,833,eval,heuristic,player_win,-10.0,7,50.0,1,Very Easy,0.05,0.0,0,3009,2000,0.0,0.0,2,0,1
No Adaptive,2,834,eval,heuristic,agent_win,10.0,8,50.0,1,Very Easy,0.05,0.0,0,3009,2000,0.0,0.0,2,0,2
No Adaptive,2,835,eval,heuristic,player_win,-10.0,5,50.0,1,Very Easy,0.05,0.0,0,3009,2000,0.0,0.0,1,0,1
No Adaptive,2,836,eval,heuristic,player_win,-10.0,7,50.0,1,Very Easy,0.05,0.0,0,3009,2000,0.0,0.0,3,0,0
No Adaptive,2,837,eval,heuristic,player_win,-10.0,7,50.0,1,Very Easy,0.05,0.0,0,3009,2000,0.0,0.0,2,0,1
No Adaptive,2,838,eval,heuristic,agent_win,10.0,8,50.0,1,Very Easy,0.05,0.0,0,3009,2000,0.0,0.0,3,0,1
No Adaptive,2,839,eval,heuristic,agent_win,10.0,8,50.0,1,Very Easy,0.05,0.0,0,3009,2000,0.0,0.0,2,0,2
No Adaptive,2,840,eval,heuristic,agent_win,10.0,8,50.0,1,Very Easy,0.05,0.0,0,3009,2000,0.0,0.0,2,0,2
No Adaptive,2,841,eval,heuristic,player_win,-10.0,7,50.0,1,Very Easy,0.05,0.0,0,3009,2000,0.0,0.0,1,0,2
No Adaptive,2,842,eval,heuristic,player_win,-10.0,9,50.0,1,Very Easy,0.05,0.0,0,3009,2000,0.0,0.0,3,0,1
No Adaptive,2,843,eval,heuristic,player_win,-10.0,11,50.0,1,Very Easy,0.05,0.0,0,3009,2000,0.0,0.0,3,0,2
No Adaptive,2,844,eval,heuristic,player_win,-10.0,7,50.0,1,Very Easy,0.05,0.0,0,3009,2000,0.0,0.0,2,0,1
No Adaptive,2,845,eval,heuristic,agent_win,10.0,8,50.0,1,Very Easy,0.05,0.0,0,3009,2000,0.0,0.0,3,0,1
No Adaptive,2,846,eval,heuristic,player_win,-10.0,9,50.0,1,Very Easy,0.05,0.0,0,3009,2000,0.0,0.0,2,0,2
No Adaptive,2,847,eval,heuristic,player_win,-10.0,9,50.0,1,Very Easy,0.05,0.0,0,3009,2000,0.0,0.0,1,0,3
No Adaptive,2,848,eval,heuristic,player_win,-10.0,7,50.0,1,Very Easy,0.05,0.0,0,3009,2000,0.0,0.0,2,0,1
No Adaptive,2,849,eval,heuristic,player_win,-10.0,5,50.0,1,Very Easy,0.05,0.0,0,3009,2000,0.0,0.0,1,0,1
No Adaptive,2,850,eval,heuristic,player_win,-10.0,9,50.0,1,Very Easy,0.05,0.0,0,3009,2000,0.0,0.0,1,0,3
No Adaptive,2,851,eval,heuristic,player_win,-10.0,11,50.0,1,Very Easy,0.05,0.0,0,3009,2000,0.0,0.0,3,0,2
No Adaptive,2,852,eval,heuristic,agent_win,10.0,6,50.0,1,Very Easy,0.05,0.0,0,3009,2000,0.0,0.0,2,0,1
No Adaptive,2,853,eval,heuristic,player_win,-10.0,7,50.0,1,Very Easy,0.05,0.0,0,3009,2000,0.0,0.0,2,0,1
No Adaptive,2,854,eval,heuristic,player_win,-10.0,7,50.0,1,Very Easy,0.05,0.0,0,3009,2000,0.0,0.0,1,0,2
No Adaptive,2,855,eval,heuristic,agent_win,10.0,10,50.0,1,Very Easy,0.05,0.0,0,3009,2000,0.0,0.0,3,0,2
No Adaptive,2,856,eval,heuristic,agent_win,10.0,8,50.0,1,Very Easy,0.05,0.0,0,3009,2000,0.0,0.0,2,0,2
No Adaptive,2,857,eval,heuristic,player_win,-10.0,7,50.0,1,Very Easy,0.05,0.0,0,3009,2000,0.0,0.0,2,0,1
No Adaptive,2,858,eval,heuristic,player_win,-10.0,7,50.0,1,Very Easy,0.05,0.0,0,3009,2000,0.0,0.0,2,0,1
No Adaptive,2,859,eval,heuristic,agent_win,10.0,8,50.0,1,Very Easy,0.05,0.0,0,3009,2000,0.0,0.0,2,0,2
No Adaptive,2,860,eval,heuristic,agent_win,10.0,8,50.0,1,Very Easy,0.05,0.0,0,3009,2000,0.0,0.0,2,0,2
No Adaptive,2,861,eval,heuristic,agent_win,10.0,8,50.0,1,Very Easy,0.05,0.0,0,3009,2000,0.0,0.0,2,0,2
No Adaptive,2,862,eval,heuristic,agent_win,10.0,6,50.0,1,Very Easy,0.05,0.0,0,3009,2000,0.0,0.0,2,0,1
No Adaptive,2,863,eval,heuristic,agent_win,10.0,8,50.0,1,Very Easy,0.05,0.0,0,3009,2000,0.0,0.0,1,0,3
No Adaptive,2,864,eval,heuristic,agent_win,10.0,6,50.0,1,Very Easy,0.05,0.0,0,3009,2000,0.0,0.0,1,0,2
No Adaptive,2,865,eval,heuristic,agent_win,10.0,14,50.0,1,Very Easy,0.05,0.0,0,3009,2000,0.0,0.0,4,0,3
No Adaptive,2,866,eval,heuristic,agent_win,10.0,12,50.0,1,Very Easy,0.05,0.0,0,3009,2000,0.0,0.0,6,0,0
No Adaptive,2,867,eval,heuristic,agent_win,10.0,8,50.0,1,Very Easy,0.05,0.0,0,3009,2000,0.0,0.0,2,0,2
No Adaptive,2,868,eval,heuristic,agent_win,10.0,12,50.0,1,Very Easy,0.05,0.0,0,3009,2000,0.0,0.0,2,0,4
No Adaptive,2,869,eval,heuristic,player_win,-10.0,5,50.0,1,Very Easy,0.05,0.0,0,3009,2000,0.0,0.0,1,0,1
No Adaptive,2,870,eval,heuristic,agent_win,10.0,8,50.0,1,Very Easy,0.05,0.0,0,3009,2000,0.0,0.0,2,0,2
No Adaptive,2,871,eval,heuristic,agent_win,10.0,8,50.0,1,Very Easy,0.05,0.0,0,3009,2000,0.0,0.0,2,0,2
No Adaptive,2,872,eval,heuristic,player_win,-10.0,11,50.0,1,Very Easy,0.05,0.0,0,3009,2000,0.0,0.0,4,0,1
No Adaptive,2,873,eval,heuristic,agent_win,10.0,10,50.0,1,Very Easy,0.05,0.0,0,3009,2000,0.0,0.0,3,0,2
No Adaptive,2,874,eval,heuristic,player_win,-10.0,7,50.0,1,Very Easy,0.05,0.0,0,3009,2000,0.0,0.0,2,0,1
No Adaptive,2,875,eval,heuristic,agent_win,10.0,8,50.0,1,Very Easy,0.05,0.0,0,3009,2000,0.0,0.0,2,0,2
No Adaptive,2,876,eval,heuristic,player_win,-10.0,7,50.0,1,Very Easy,0.05,0.0,0,3009,2000,0.0,0.0,2,0,1
No Adaptive,2,877,eval,heuristic,player_win,-10.0,5,50.0,1,Very Easy,0.05,0.0,0,3009,2000,0.0,0.0,1,0,1
No Adaptive,2,878,eval,heuristic,player_win,-10.0,9,50.0,1,Very Easy,0.05,0.0,0,3009,2000,0.0,0.0,2,0,2
No Adaptive,2,879,eval,heuristic,agent_win,10.0,12,50.0,1,Very Easy,0.05,0.0,0,3009,2000,0.0,0.0,2,0,4
No Adaptive,2,880,eval,heuristic,player_win,-10.0,7,50.0,1,Very Easy,0.05,0.0,0,3009,2000,0.0,0.0,2,0,1
No Adaptive,2,881,eval,heuristic,player_win,-10.0,7,50.0,1,Very Easy,0.05,0.0,0,3009,2000,0.0,0.0,2,0,1
No Adaptive,2,882,eval,heuristic,player_win,-10.0,7,50.0,1,Very Easy,0.05,0.0,0,3009,2000,0.0,0.0,2,0,1
No Adaptive,2,883,eval,heuristic,player_win,-10.0,9,50.0,1,Very Easy,0.05,0.0,0,3009,2000,0.0,0.0,2,0,2
No Adaptive,2,884,eval,heuristic,player_win,-10.0,9,50.0,1,Very Easy,0.05,0.0,0,3009,2000,0.0,0.0,2,0,2
No Adaptive,2,885,eval,heuristic,player_win,-10.0,11,50.0,1,Very Easy,0.05,0.0,0,3009,2000,0.0,0.0,2,0,3
No Adaptive,2,886,eval,heuristic,player_win,-10.0,5,50.0,1,Very Easy,0.05,0.0,0,3009,2000,0.0,0.0,1,0,1
No Adaptive,2,887,eval,heuristic,agent_win,10.0,8,50.0,1,Very Easy,0.05,0.0,0,3009,2000,0.0,0.0,3,0,1
No Adaptive,2,888,eval,heuristic,player_win,-10.0,9,50.0,1,Very Easy,0.05,0.0,0,3009,2000,0.0,0.0,1,0,3
No Adaptive,2,889,eval,heuristic,agent_win,10.0,8,50.0,1,Very Easy,0.05,0.0,0,3009,2000,0.0,0.0,3,0,1
No Adaptive,2,890,eval,heuristic,agent_win,10.0,6,50.0,1,Very Easy,0.05,0.0,0,3009,2000,0.0,0.0,1,0,2
No Adaptive,2,891,eval,heuristic,player_win,-10.0,11,50.0,1,Very Easy,0.05,0.0,0,3009,2000,0.0,0.0,3,0,2
No Adaptive,2,892,eval,heuristic,agent_win,10.0,8,50.0,1,Very Easy,0.05,0.0,0,3009,2000,0.0,0.0,3,0,1
No Adaptive,2,893,eval,heuristic,player_win,-10.0,7,50.0,1,Very Easy,0.05,0.0,0,3009,2000,0.0,0.0,2,0,1
No Adaptive,2,894,eval,heuristic,agent_win,10.0,8,50.0,1,Very Easy,0.05,0.0,0,3009,2000,0.0,0.0,3,0,1
No Adaptive,2,895,eval,heuristic,player_win,-10.0,7,50.0,1,Very Easy,0.05,0.0,0,3009,2000,0.0,0.0,1,0,2
No Adaptive,2,896,eval,heuristic,player_win,-10.0,9,50.0,1,Very Easy,0.05,0.0,0,3009,2000,0.0,0.0,3,0,1
No Adaptive,2,897,eval,heuristic,agent_win,10.0,8,50.0,1,Very Easy,0.05,0.0,0,3009,2000,0.0,0.0,3,0,1
No Adaptive,2,898,eval,heuristic,player_win,-10.0,7,50.0,1,Very Easy,0.05,0.0,0,3009,2000,0.0,0.0,2,0,1
No Adaptive,2,899,eval,heuristic,player_win,-10.0,9,50.0,1,Very Easy,0.05,0.0,0,3009,2000,0.0,0.0,2,0,2
No Adaptive,2,900,eval,heuristic,agent_win,10.0,8,50.0,1,Very Easy,0.05,0.0,0,3009,2000,0.0,0.0,2,0,2
No Adaptive,2,901,eval,heuristic,player_win,-10.0,9,50.0,1,Very Easy,0.05,0.0,0,3009,2000,0.0,0.0,2,0,2
No Adaptive,2,902,eval,heuristic,player_win,-10.0,9,50.0,1,Very Easy,0.05,0.0,0,3009,2000,0.0,0.0,3,0,1
No Adaptive,2,903,eval,heuristic,agent_win,10.0,8,50.0,1,Very Easy,0.05,0.0,0,3009,2000,0.0,0.0,2,0,2
No Adaptive,2,904,eval,heuristic,player_win,-10.0,7,50.0,1,Very Easy,0.05,0.0,0,3009,2000,0.0,0.0,2,0,1
No Adaptive,2,905,eval,heuristic,player_win,-10.0,7,50.0,1,Very Easy,0.05,0.0,0,3009,2000,0.0,0.0,2,0,1
No Adaptive,2,906,eval,heuristic,agent_win,10.0,8,50.0,1,Very Easy,0.05,0.0,0,3009,2000,0.0,0.0,3,0,1
No Adaptive,2,907,eval,heuristic,player_win,-10.0,7,50.0,1,Very Easy,0.05,0.0,0,3009,2000,0.0,0.0,2,0,1
No Adaptive,2,908,eval,heuristic,player_win,-10.0,7,50.0,1,Very Easy,0.05,0.0,0,3009,2000,0.0,0.0,1,0,2
No Adaptive,2,909,eval,heuristic,player_win,-10.0,9,50.0,1,Very Easy,0.05,0.0,0,3009,2000,0.0,0.0,2,0,2
No Adaptive,2,910,eval,heuristic,agent_win,10.0,6,50.0,1,Very Easy,0.05,0.0,0,3009,2000,0.0,0.0,2,0,1
No Adaptive,2,911,eval,heuristic,player_win,-10.0,5,50.0,1,Very Easy,0.05,0.0,0,3009,2000,0.0,0.0,1,0,1
No Adaptive,2,912,eval,heuristic,player_win,-10.0,9,50.0,1,Very Easy,0.05,0.0,0,3009,2000,0.0,0.0,3,0,1
No Adaptive,2,913,eval,heuristic,agent_win,10.0,8,50.0,1,Very Easy,0.05,0.0,0,3009,2000,0.0,0.0,2,0,2
No Adaptive,2,914,eval,heuristic,agent_win,10.0,6,50.0,1,Very Easy,0.05,0.0,0,3009,2000,0.0,0.0,3,0,0
No Adaptive,2,915,eval,heuristic,player_win,-10.0,7,50.0,1,Very Easy,0.05,0.0,0,3009,2000,0.0,0.0,2,0,1
No Adaptive,2,916,eval,heuristic,player_win,-10.0,9,50.0,1,Very Easy,0.05,0.0,0,3009,2000,0.0,0.0,2,0,2
No Adaptive,2,917,eval,heuristic,agent_win,10.0,8,50.0,1,Very Easy,0.05,0.0,0,3009,2000,0.0,0.0,2,0,2
No Adaptive,2,918,eval,heuristic,player_win,-10.0,11,50.0,1,Very Easy,0.05,0.0,0,3009,2000,0.0,0.0,2,0,3
No Adaptive,2,919,eval,heuristic,agent_win,10.0,8,50.0,1,Very Easy,0.05,0.0,0,3009,2000,0.0,0.0,1,0,3
No Adaptive,2,920,eval,heuristic,agent_win,10.0,8,50.0,1,Very Easy,0.05,0.0,0,3009,2000,0.0,0.0,3,0,1
No Adaptive,2,921,eval,heuristic,player_win,-10.0,11,50.0,1,Very Easy,0.05,0.0,0,3009,2000,0.0,0.0,1,0,4
No Adaptive,2,922,eval,heuristic,player_win,-10.0,9,50.0,1,Very Easy,0.05,0.0,0,3009,2000,0.0,0.0,1,0,3
No Adaptive,2,923,eval,heuristic,player_win,-10.0,9,50.0,1,Very Easy,0.05,0.0,0,3009,2000,0.0,0.0,2,0,2
No Adaptive,2,924,eval,heuristic,player_win,-10.0,5,50.0,1,Very Easy,0.05,0.0,0,3009,2000,0.0,0.0,1,0,1
No Adaptive,2,925,eval,heuristic,player_win,-10.0,9,50.0,1,Very Easy,0.05,0.0,0,3009,2000,0.0,0.0,2,0,2
No Adaptive,2,926,eval,heuristic,player_win,-10.0,5,50.0,1,Very Easy,0.05,0.0,0,3009,2000,0.0,0.0,1,0,1
No Adaptive,2,927,eval,heuristic,agent_win,10.0,6,50.0,1,Very Easy,0.05,0.0,0,3009,2000,0.0,0.0,1,0,2
No Adaptive,2,928,eval,heuristic,player_win,-10.0,9,50.0,1,Very Easy,0.05,0.0,0,3009,2000,0.0,0.0,3,0,1
No Adaptive,2,929,eval,heuristic,player_win,-10.0,7,50.0,1,Very Easy,0.05,0.0,0,3009,2000,0.0,0.0,2,0,1
No Adaptive,2,930,eval,heuristic,player_win,-10.0,7,50.0,1,Very Easy,0.05,0.0,0,3009,2000,0.0,0.0,2,0,1
No Adaptive,2,931,eval,heuristic,player_win,-10.0,9,50.0,1,Very Easy,0.05,0.0,0,3009,2000,0.0,0.0,2,0,2
No Adaptive,2,932,eval,heuristic,player_win,-10.0,7,50.0,1,Very Easy,0.05,0.0,0,3009,2000,0.0,0.0,2,0,1
No Adaptive,2,933,eval,heuristic,agent_win,10.0,8,50.0,1,Very Easy,0.05,0.0,0,3009,2000,0.0,0.0,3,0,1
No Adaptive,2,934,eval,heuristic,player_win,-10.0,7,50.0,1,Very Easy,0.05,0.0,0,3009,2000,0.0,0.0,2,0,1
No Adaptive,2,935,eval,heuristic,player_win,-10.0,9,50.0,1,Very Easy,0.05,0.0,0,3009,2000,0.0,0.0,2,0,2
No Adaptive,2,936,eval,heuristic,player_win,-10.0,7,50.0,1,Very Easy,0.05,0.0,0,3009,2000,0.0,0.0,2,0,1
No Adaptive,2,937,eval,heuristic,player_win,-10.0,7,50.0,1,Very Easy,0.05,0.0,0,3009,2000,0.0,0.0,2,0,1
No Adaptive,2,938,eval,heuristic,player_win,-10.0,7,50.0,1,Very Easy,0.05,0.0,0,3009,2000,0.0,0.0,1,0,2
No Adaptive,2,939,eval,heuristic,player_win,-10.0,5,50.0,1,Very Easy,0.05,0.0,0,3009,2000,0.0,0.0,1,0,1
No Adaptive,2,940,eval,heuristic,player_win,-10.0,7,50.0,1,Very Easy,0.05,0.0,0,3009,2000,0.0,0.0,1,0,2
No Adaptive,2,941,eval,heuristic,player_win,-10.0,9,50.0,1,Very Easy,0.05,0.0,0,3009,2000,0.0,0.0,1,0,3
No Adaptive,2,942,eval,heuristic,player_win,-10.0,5,50.0,1,Very Easy,0.05,0.0,0,3009,2000,0.0,0.0,1,0,1
No Adaptive,2,943,eval,heuristic,player_win,-10.0,9,50.0,1,Very Easy,0.05,0.0,0,3009,2000,0.0,0.0,2,0,2
No Adaptive,2,944,eval,heuristic,player_win,-10.0,9,50.0,1,Very Easy,0.05,0.0,0,3009,2000,0.0,0.0,3,0,1
No Adaptive,2,945,eval,heuristic,player_win,-10.0,9,50.0,1,Very Easy,0.05,0.0,0,3009,2000,0.0,0.0,2,0,2
No Adaptive,2,946,eval,heuristic,player_win,-10.0,7,50.0,1,Very Easy,0.05,0.0,0,3009,2000,0.0,0.0,2,0,1
No Adaptive,2,947,eval,heuristic,player_win,-10.0,9,50.0,1,Very Easy,0.05,0.0,0,3009,2000,0.0,0.0,1,0,3
No Adaptive,2,948,eval,heuristic,agent_win,10.0,6,50.0,1,Very Easy,0.05,0.0,0,3009,2000,0.0,0.0,3,0,0
No Adaptive,2,949,eval,heuristic,agent_win,10.0,10,50.0,1,Very Easy,0.05,0.0,0,3009,2000,0.0,0.0,3,0,2
No Adaptive,2,950,eval,heuristic,player_win,-10.0,13,50.0,1,Very Easy,0.05,0.0,0,3009,2000,0.0,0.0,3,0,3
No Adaptive,2,951,eval,heuristic,player_win,-10.0,7,50.0,1,Very Easy,0.05,0.0,0,3009,2000,0.0,0.0,1,0,2
No Adaptive,2,952,eval,heuristic,agent_win,10.0,14,50.0,1,Very Easy,0.05,0.0,0,3009,2000,0.0,0.0,5,0,2
No Adaptive,2,953,eval,heuristic,player_win,-10.0,7,50.0,1,Very Easy,0.05,0.0,0,3009,2000,0.0,0.0,2,0,1
No Adaptive,2,954,eval,heuristic,agent_win,10.0,6,50.0,1,Very Easy,0.05,0.0,0,3009,2000,0.0,0.0,2,0,1
No Adaptive,2,955,eval,heuristic,agent_win,10.0,10,50.0,1,Very Easy,0.05,0.0,0,3009,2000,0.0,0.0,2,0,3
No Adaptive,2,956,eval,heuristic,agent_win,10.0,6,50.0,1,Very Easy,0.05,0.0,0,3009,2000,0.0,0.0,2,0,1
No Adaptive,2,957,eval,heuristic,agent_win,10.0,8,50.0,1,Very Easy,0.05,0.0,0,3009,2000,0.0,0.0,3,0,1
No Adaptive,2,958,eval,heuristic,player_win,-10.0,7,50.0,1,Very Easy,0.05,0.0,0,3009,2000,0.0,0.0,2,0,1
No Adaptive,2,959,eval,heuristic,player_win,-10.0,5,50.0,1,Very Easy,0.05,0.0,0,3009,2000,0.0,0.0,1,0,1
No Adaptive,2,960,eval,heuristic,player_win,-10.0,9,50.0,1,Very Easy,0.05,0.0,0,3009,2000,0.0,0.0,3,0,1
No Adaptive,2,961,eval,heuristic,player_win,-10.0,9,50.0,1,Very Easy,0.05,0.0,0,3009,2000,0.0,0.0,2,0,2
No Adaptive,2,962,eval,heuristic,player_win,-10.0,5,50.0,1,Very Easy,0.05,0.0,0,3009,2000,0.0,0.0,1,0,1
No Adaptive,2,963,eval,heuristic,agent_win,10.0,8,50.0,1,Very Easy,0.05,0.0,0,3009,2000,0.0,0.0,2,0,2
No Adaptive,2,964,eval,heuristic,player_win,-10.0,7,50.0,1,Very Easy,0.05,0.0,0,3009,2000,0.0,0.0,2,0,1
No Adaptive,2,965,eval,heuristic,player_win,-10.0,11,50.0,1,Very Easy,0.05,0.0,0,3009,2000,0.0,0.0,2,0,3
No Adaptive,2,966,eval,heuristic,player_win,-10.0,7,50.0,1,Very Easy,0.05,0.0,0,3009,2000,0.0,0.0,1,0,2
No Adaptive,2,967,eval,heuristic,agent_win,10.0,8,50.0,1,Very Easy,0.05,0.0,0,3009,2000,0.0,0.0,1,0,3
No Adaptive,2,968,eval,heuristic,agent_win,10.0,8,50.0,1,Very Easy,0.05,0.0,0,3009,2000,0.0,0.0,2,0,2
No Adaptive,2,969,eval,heuristic,player_win,-10.0,11,50.0,1,Very Easy,0.05,0.0,0,3009,2000,0.0,0.0,4,0,1
No Adaptive,2,970,eval,heuristic,agent_win,10.0,10,50.0,1,Very Easy,0.05,0.0,0,3009,2000,0.0,0.0,3,0,2
No Adaptive,2,971,eval,heuristic,agent_win,10.0,12,50.0,1,Very Easy,0.05,0.0,0,3009,2000,0.0,0.0,2,0,4
No Adaptive,2,972,eval,heuristic,player_win,-10.0,7,50.0,1,Very Easy,0.05,0.0,0,3009,2000,0.0,0.0,2,0,1
No Adaptive,2,973,eval,heuristic,player_win,-10.0,5,50.0,1,Very Easy,0.05,0.0,0,3009,2000,0.0,0.0,1,0,1
No Adaptive,2,974,eval,heuristic,agent_win,10.0,6,50.0,1,Very Easy,0.05,0.0,0,3009,2000,0.0,0.0,2,0,1
No Adaptive,2,975,eval,heuristic,player_win,-10.0,9,50.0,1,Very Easy,0.05,0.0,0,3009,2000,0.0,0.0,2,0,2
No Adaptive,2,976,eval,heuristic,player_win,-10.0,5,50.0,1,Very Easy,0.05,0.0,0,3009,2000,0.0,0.0,1,0,1
No Adaptive,2,977,eval,heuristic,player_win,-10.0,9,50.0,1,Very Easy,0.05,0.0,0,3009,2000,0.0,0.0,3,0,1
No Adaptive,2,978,eval,heuristic,player_win,-10.0,7,50.0,1,Very Easy,0.05,0.0,0,3009,2000,0.0,0.0,1,0,2
No Adaptive,2,979,eval,heuristic,agent_win,10.0,10,50.0,1,Very Easy,0.05,0.0,0,3009,2000,0.0,0.0,3,0,2
No Adaptive,2,980,eval,heuristic,agent_win,10.0,8,50.0,1,Very Easy,0.05,0.0,0,3009,2000,0.0,0.0,2,0,2
No Adaptive,2,981,eval,heuristic,player_win,-10.0,7,50.0,1,Very Easy,0.05,0.0,0,3009,2000,0.0,0.0,2,0,1
No Adaptive,2,982,eval,heuristic,agent_win,10.0,12,50.0,1,Very Easy,0.05,0.0,0,3009,2000,0.0,0.0,3,0,3
No Adaptive,2,983,eval,heuristic,agent_win,10.0,8,50.0,1,Very Easy,0.05,0.0,0,3009,2000,0.0,0.0,1,0,3
No Adaptive,2,984,eval,heuristic,player_win,-10.0,7,50.0,1,Very Easy,0.05,0.0,0,3009,2000,0.0,0.0,1,0,2
No Adaptive,2,985,eval,heuristic,player_win,-10.0,7,50.0,1,Very Easy,0.05,0.0,0,3009,2000,0.0,0.0,2,0,1
No Adaptive,2,986,eval,heuristic,agent_win,10.0,10,50.0,1,Very Easy,0.05,0.0,0,3009,2000,0.0,0.0,2,0,3
No Adaptive,2,987,eval,heuristic,player_win,-10.0,7,50.0,1,Very Easy,0.05,0.0,0,3009,2000,0.0,0.0,1,0,2
No Adaptive,2,988,eval,heuristic,player_win,-10.0,9,50.0,1,Very Easy,0.05,0.0,0,3009,2000,0.0,0.0,2,0,2
No Adaptive,2,989,eval,heuristic,player_win,-10.0,5,50.0,1,Very Easy,0.05,0.0,0,3009,2000,0.0,0.0,1,0,1
No Adaptive,2,990,eval,heuristic,agent_win,10.0,10,50.0,1,Very Easy,0.05,0.0,0,3009,2000,0.0,0.0,3,0,2
No Adaptive,2,991,eval,heuristic,agent_win,10.0,6,50.0,1,Very Easy,0.05,0.0,0,3009,2000,0.0,0.0,2,0,1
No Adaptive,2,992,eval,heuristic,player_win,-10.0,11,50.0,1,Very Easy,0.05,0.0,0,3009,2000,0.0,0.0,2,0,3
No Adaptive,2,993,eval,heuristic,player_win,-10.0,9,50.0,1,Very Easy,0.05,0.0,0,3009,2000,0.0,0.0,2,0,2
No Adaptive,2,994,eval,heuristic,player_win,-10.0,7,50.0,1,Very Easy,0.05,0.0,0,3009,2000,0.0,0.0,2,0,1
No Adaptive,2,995,eval,heuristic,player_win,-10.0,9,50.0,1,Very Easy,0.05,0.0,0,3009,2000,0.0,0.0,2,0,2
No Adaptive,2,996,eval,heuristic,player_win,-10.0,5,50.0,1,Very Easy,0.05,0.0,0,3009,2000,0.0,0.0,1,0,1
No Adaptive,2,997,eval,heuristic,player_win,-10.0,7,50.0,1,Very Easy,0.05,0.0,0,3009,2000,0.0,0.0,2,0,1
No Adaptive,2,998,eval,heuristic,player_win,-10.0,7,50.0,1,Very Easy,0.05,0.0,0,3009,2000,0.0,0.0,1,0,2
No Adaptive,2,999,eval,heuristic,agent_win,10.0,8,50.0,1,Very Easy,0.05,0.0,0,3009,2000,0.0,0.0,3,0,1
No Adaptive,2,1000,eval,heuristic,agent_win,10.0,12,50.0,1,Very Easy,0.05,0.0,0,3009,2000,0.0,0.0,4,0,2
No Adaptive,3,1,train,heuristic,agent_win,10.0,6,50.0,1,Very Easy,0.95,0.76,1,3,3,3.0,3.0,1,2,0
No Adaptive,3,2,train,heuristic,player_win,-10.0,9,50.0,1,Very Easy,0.9025,0.722,1,7,7,0.0,0.0,2,1,1
No Adaptive,3,3,train,heuristic,agent_win,10.0,10,50.0,1,Very Easy,0.8573749999999999,0.6859,1,12,12,3.0,3.0,2,2,1
No Adaptive,3,4,train,heuristic,agent_win,10.0,8,50.0,1,Very Easy,0.8145062499999999,0.651605,1,16,16,3.0,3.0,1,0,3
No Adaptive,3,5,train,heuristic,player_win,-10.0,7,50.0,1,Very Easy,0.7737809374999999,0.6190247499999999,1,19,19,0.0,0.0,1,2,0
No Adaptive,3,6,train,heuristic,agent_win,10.0,6,50.0,1,Very Easy,0.7350918906249998,0.5880735124999998,1,22,22,3.0,3.0,1,2,0
No Adaptive,3,7,train,heuristic,player_win,-10.0,5,50.0,1,Very Easy,0.6983372960937497,0.5586698368749998,1,24,24,0.0,0.0,1,1,0
No Adaptive,3,8,train,heuristic,player_win,-10.0,7,50.0,1,Very Easy,0.6634204312890623,0.5307363450312498,1,27,27,0.0,0.0,2,0,1
No Adaptive,3,9,train,heuristic,agent_win,10.0,8,50.0,1,Very Easy,0.6302494097246091,0.5041995277796872,1,31,31,3.0,3.0,2,1,1
No Adaptive,3,10,train,heuristic,player_win,-10.0,7,50.0,1,Very Easy,0.5987369392383786,0.4789895513907029,1,34,34,0.0,0.0,1,2,0
No Adaptive,3,11,train,heuristic,agent_win,10.0,8,50.0,1,Very Easy,0.5688000922764596,0.4550400738211677,1,38,37,3.0,3.0,3,1,0
No Adaptive,3,12,train,heuristic,player_win,-10.0,5,50.0,1,Very Easy,0.5403600876626365,0.4322880701301093,1,40,38,0.0,0.0,2,0,0
No Adaptive,3,13,train,heuristic,player_win,-10.0,5,50.0,1,Very Easy,0.5133420832795047,0.4106736666236038,1,42,40,0.0,0.0,1,0,1
No Adaptive,3,14,train,heuristic,player_win,-10.0,7,50.0,1,Very Easy,0.48767497911552943,0.39013998329242355,1,45,42,0.0,0.0,2,0,1
No Adaptive,3,15,train,heuristic,player_win,-10.0,9,50.0,1,Very Easy,0.46329123015975293,0.3706329841278024,1,49,45,0.0,0.0,2,1,1
No Adaptive,3,16,train,heuristic,agent_win,10.0,8,50.0,1,Very Easy,0.44012666865176525,0.3521013349214122,1,53,48,3.0,3.0,2,1,1
No Adaptive,3,17,train,heuristic,player_win,-10.0,5,50.0,1,Very Easy,0.41812033521917696,0.3344962681753416,1,55,49,0.0,0.0,1,0,1
No Adaptive,3,18,train,heuristic,agent_win,10.0,8,50.0,1,Very Easy,0.3972143184582181,0.3177714547665745,1,59,53,3.0,3.0,3,0,1
No Adaptive,3,19,train,heuristic,player_win,-10.0,11,50.0,1,Very Easy,0.37735360253530714,0.30188288202824576,1,64,57,0.0,0.0,2,0,3
No Adaptive,3,20,train,heuristic,agent_win,10.0,8,50.0,1,Very Easy,0.35848592240854177,0.2867887379268334,1,68,60,3.0,3.0,2,0,2
No Adaptive,3,21,train,heuristic,player_win,-10.0,7,50.0,1,Very Easy,0.34056162628811465,0.27244930103049175,1,71,62,0.0,0.0,1,2,0
No Adaptive,3,22,train,heuristic,agent_win,10.0,6,50.0,1,Very Easy,0.3235335449737089,0.2588268359789671,1,74,64,3.0,3.0,1,0,2
No Adaptive,3,23,train,heuristic,player_win,-10.0,7,50.0,1,Very Easy,0.30735686772502346,0.2458854941800188,1,77,66,0.0,0.0,2,0,1
No Adaptive,3,24,train,heuristic,agent_win,10.0,8,50.0,1,Very Easy,0.2919890243387723,0.23359121947101782,1,81,69,3.0,3.0,2,2,0
No Adaptive,3,25,train,heuristic,agent_win,10.0,8,50.0,1,Very Easy,0.27738957312183365,0.22191165849746694,1,85,72,3.0,3.0,3,1,0
No Adaptive,3,26,train,heuristic,agent_win,10.0,8,50.0,1,Very Easy,0.263520094465742,0.2108160755725936,1,89,75,3.0,3.0,2,0,2
No Adaptive,3,27,train,heuristic,agent_win,10.0,8,50.0,1,Very Easy,0.25034408974245487,0.2002752717939639,1,93,78,3.0,3.0,2,0,2
No Adaptive,3,28,train,heuristic,agent_win,10.0,6,50.0,1,Very Easy,0.2378268852553321,0.19026150820426568,1,96,80,3.0,3.0,2,0,1
No Adaptive,3,29,train,heuristic,agent_win,10.0,8,50.0,1,Very Easy,0.2259355409925655,0.1807484327940524,1,100,83,3.0,3.0,2,0,2
No Adaptive,3,30,train,heuristic,player_win,-10.0,9,50.0,1,Very Easy,0.2146387639429372,0.17171101115434978,1,104,86,0.0,0.0,2,0,2
No Adaptive,3,31,train,heuristic,agent_win,10.0,12,50.0,1,Very Easy,0.20390682574579033,0.16312546059663227,1,110,92,3.0,3.0,3,1,2
No Adaptive,3,32,train,heuristic,agent_win,10.0,8,50.0,1,Very Easy,0.1937114844585008,0.15496918756680067,1,114,96,3.0,3.0,3,0,1
No Adaptive,3,33,train,heuristic,agent_win,10.0,8,50.0,1,Very Easy,0.18402591023557577,0.14722072818846063,1,118,100,3.0,3.0,1,1,2
No Adaptive,3,34,train,heuristic,player_win,-10.0,5,50.0,1,Very Easy,0.17482461472379698,0.1398596917790376,1,120,101,0.0,0.0,2,0,0
No Adaptive,3,35,train,heuristic,player_win,-10.0,7,50.0,1,Very Easy,0.16608338398760714,0.13286670719008573,1,123,102,0.0,0.0,2,0,1
No Adaptive,3,36,train,heuristic,player_win,-10.0,7,50.0,1,Very Easy,0.15777921478822676,0.1262233718305814,1,126,104,0.0,0.0,2,0,1
No Adaptive,3,37,train,heuristic,player_win,-10.0,9,50.0,1,Very Easy,0.14989025404881542,0.11991220323905234,1,130,107,0.0,0.0,3,0,1
No Adaptive,3,38,train,heuristic,player_win,-10.0,9,50.0,1,Very Easy,0.14239574134637464,0.11391659307709973,1,134,110,0.0,0.0,3,0,1
No Adaptive,3,39,train,heuristic,agent_win,10.0,10,50.0,1,Very Easy,0.1352759542790559,0.10822076342324471,1,139,114,3.0,3.0,2,1,2
No Adaptive,3,40,train,heuristic,player_win,-10.0,9,50.0,1,Very Easy,0.1285121565651031,0.10280972525208248,1,143,117,0.0,0.0,2,0,2
No Adaptive,3,41,train,heuristic,agent_win,10.0,12,50.0,1,Very Easy,0.12208654873684793,0.09766923898947835,1,149,123,3.0,3.0,3,2,1
No Adaptive,3,42,train,heuristic,agent_win,10.0,6,50.0,1,Very Easy,0.11598222130000553,0.09278577704000443,1,152,125,3.0,3.0,2,0,1
No Adaptive,3,43,train,heuristic,agent_win,10.0,8,50.0,1,Very Easy,0.11018311023500525,0.0881464881880042,1,156,128,3.0,3.0,2,0,2
No Adaptive,3,44,train,heuristic,player_win,-10.0,9,50.0,1,Very Easy,0.10467395472325498,0.08373916377860399,1,160,131,0.0,0.0,2,2,0
No Adaptive,3,45,train,heuristic,player_win,-10.0,7,50.0,1,Very Easy,0.09944025698709223,0.0795522055896738,1,163,133,0.0,0.0,1,0,2
No Adaptive,3,46,train,heuristic,player_win,-10.0,9,50.0,1,Very Easy,0.09446824413773762,0.0755745953101901,1,167,136,0.0,0.0,2,0,2
No Adaptive,3,47,train,heuristic,player_win,-10.0,9,50.0,1,Very Easy,0.08974483193085074,0.07179586554468059,1,171,139,0.0,0.0,1,0,3
No Adaptive,3,48,train,heuristic,player_win,-10.0,11,50.0,1,Very Easy,0.0852575903343082,0.06820607226744656,1,176,143,0.0,0.0,3,0,2
No Adaptive,3,49,train,heuristic,agent_win,10.0,8,50.0,1,Very Easy,0.08099471081759278,0.06479576865407423,1,180,146,3.0,3.0,2,0,2
No Adaptive,3,50,train,heuristic,player_win,-10.0,5,50.0,1,Very Easy,0.07694497527671314,0.061555980221370515,1,182,147,0.0,0.0,1,0,1
No Adaptive,3,51,train,heuristic,agent_win,10.0,8,50.0,1,Very Easy,0.07309772651287748,0.05847818121030199,1,186,150,3.0,3.0,2,0,2
No Adaptive,3,52,train,heuristic,agent_win,10.0,8,50.0,1,Very Easy,0.0694428401872336,0.05555427214978688,1,190,152,3.0,3.0,2,0,2
No Adaptive,3,53,train,heuristic,player_win,-10.0,7,50.0,1,Very Easy,0.0659706981778719,0.05277655854229753,1,193,154,0.0,0.0,1,0,2
No Adaptive,3,54,train,heuristic,player_win,-10.0,7,50.0,1,Very Easy,0.0626721632689783,0.050137730615182646,1,196,156,0.0,0.0,1,0,2
No Adaptive,3,55,train,heuristic,player_win,-10.0,5,50.0,1,Very Easy,0.059538555105529384,0.05,1,198,157,0.0,0.0,1,0,1
No Adaptive,3,56,train,heuristic,agent_win,10.0,10,50.0,1,Very Easy,0.05656162735025291,0.05,1,203,161,3.0,3.0,2,0,3
No Adaptive,3,57,train,heuristic,player_win,-10.0,7,50.0,1,Very Easy,0.053733545982740265,0.05,1,206,163,0.0,0.0,1,0,2
No Adaptive,3,58,train,heuristic,agent_win,10.0,10,50.0,1,Very Easy,0.05104686868360325,0.05,1,211,167,3.0,3.0,3,0,2
No Adaptive,3,59,train,heuristic,player_win,-10.0,7,50.0,1,Very Easy,0.05,0.05,1,214,169,0.0,0.0,2,0,1
No Adaptive,3,60,train,heuristic,agent_win,10.0,12,50.0,1,Very Easy,0.05,0.05,1,220,174,3.0,3.0,4,0,2
No Adaptive,3,61,train,heuristic,player_win,-10.0,7,50.0,1,Very Easy,0.05,0.05,1,223,176,0.0,0.0,2,0,1
No Adaptive,3,62,train,heuristic,agent_win,10.0,10,50.0,1,Very Easy,0.05,0.05,1,228,180,3.0,3.0,2,0,3
No Adaptive,3,63,train,heuristic,agent_win,10.0,10,50.0,1,Very Easy,0.05,0.05,1,233,184,3.0,3.0,1,1,3
No Adaptive,3,64,train,heuristic,agent_win,10.0,6,50.0,1,Very Easy,0.05,0.05,1,236,186,3.0,3.0,2,0,1
No Adaptive,3,65,train,heuristic,agent_win,10.0,6,50.0,1,Very Easy,0.05,0.05,1,239,188,3.0,3.0,3,0,0
No Adaptive,3,66,train,heuristic,agent_win,10.0,6,50.0,1,Very Easy,0.05,0.05,1,242,190,3.0,3.0,1,0,2
No Adaptive,3,67,train,heuristic,player_win,-10.0,9,50.0,1,Very Easy,0.05,0.05,1,246,193,0.0,0.0,1,0,3
No Adaptive,3,68,train,heuristic,agent_win,10.0,8,50.0,1,Very Easy,0.05,0.05,1,250,196,3.0,3.0,3,0,1
No Adaptive,3,69,train,heuristic,player_win,-10.0,9,50.0,1,Very Easy,0.05,0.05,1,254,199,0.0,0.0,2,0,2
No Adaptive,3,70,train,heuristic,agent_win,10.0,8,50.0,1,Very Easy,0.05,0.05,1,258,202,3.0,3.0,2,0,2
No Adaptive,3,71,train,heuristic,player_win,-10.0,7,50.0,1,Very Easy,0.05,0.05,1,261,204,0.0,0.0,1,0,2
No Adaptive,3,72,train,heuristic,agent_win,10.0,6,50.0,1,Very Easy,0.05,0.05,1,264,206,3.0,3.0,1,0,2
No Adaptive,3,73,train,heuristic,player_win,-10.0,9,50.0,1,Very Easy,0.05,0.05,1,268,209,0.0,0.0,2,0,2
No Adaptive,3,74,train,heuristic,player_win,-10.0,7,50.0,1,Very Easy,0.05,0.05,1,271,211,0.0,0.0,1,1,1
No Adaptive,3,75,train,heuristic,agent_win,10.0,6,50.0,1,Very Easy,0.05,0.05,1,274,213,3.0,3.0,2,0,1
No Adaptive,3,76,train,heuristic,agent_win,10.0,10,50.0,1,Very Easy,0.05,0.05,1,279,217,3.0,3.0,3,0,2
No Adaptive,3,77,train,heuristic,player_win,-10.0,9,50.0,1,Very Easy,0.05,0.05,1,283,220,0.0,0.0,2,0,2
No Adaptive,3,78,train,heuristic,player_win,-10.0,9,50.0,1,Very Easy,0.05,0.05,1,287,223,0.0,0.0,1,0,3
No Adaptive,3,79,train,heuristic,agent_win,10.0,10,50.0,1,Very Easy,0.05,0.05,1,292,227,3.0,3.0,2,0,3
No Adaptive,3,80,train,heuristic,player_win,-10.0,5,50.0,1,Very Easy,0.05,0.05,1,294,228,0.0,0.0,1,0,1
No Adaptive,3,81,train,heuristic,player_win,-10.0,9,50.0,1,Very Easy,0.05,0.05,1,298,231,0.0,0.0,1,0,3
No Adaptive,3,82,train,heuristic,agent_win,10.0,8,50.0,1,Very Easy,0.05,0.05,1,302,234,3.0,3.0,2,0,2
No Adaptive,3,83,train,heuristic,agent_win,10.0,12,50.0,1,Very Easy,0.05,0.05,1,308,239,3.0,3.0,4,0,2
No Adaptive,3,84,train,heuristic,agent_win,10.0,10,50.0,1,Very Easy,0.05,0.05,1,313,243,3.0,3.0,3,0,2
No Adaptive,3,85,train,heuristic,agent_win,10.0,12,50.0,1,Very Easy,0.05,0.05,1,319,248,3.0,3.0,3,0,3
No Adaptive,3,86,train,heuristic,agent_win,10.0,6,50.0,1,Very Easy,0.05,0.05,1,322,250,3.0,3.0,2,0,1
No Adaptive,3,87,train,heuristic,agent_win,10.0,10,50.0,1,Very Easy,0.05,0.05,1,327,254,3.0,3.0,3,0,2
No Adaptive,3,88,train,heuristic,player_win,-10.0,7,50.0,1,Very Easy,0.05,0.05,1,330,256,0.0,0.0,2,0,1
No Adaptive,3,89,train,heuristic,player_win,-10.0,9,50.0,1,Very Easy,0.05,0.05,1,334,259,0.0,0.0,2,0,2
No Adaptive,3,90,train,heuristic,player_win,-10.0,7,50.0,1,Very Easy,0.05,0.05,1,337,261,0.0,0.0,1,0,2
No Adaptive,3,91,train,heuristic,player_win,-10.0,5,50.0,1,Very Easy,0.05,0.05,1,339,262,0.0,0.0,1,0,1
No Adaptive,3,92,train,heuristic,player_win,-10.0,7,50.0,1,Very Easy,0.05,0.05,1,342,264,0.0,0.0,3,0,0
No Adaptive,3,93,train,heuristic,player_win,-10.0,5,50.0,1,Very Easy,0.05,0.05,1,344,264,0.0,0.0,1,0,1
No Adaptive,3,94,train,heuristic,agent_win,10.0,6,50.0,1,Very Easy,0.05,0.05,1,347,266,3.0,3.0,2,0,1
No Adaptive,3,95,train,heuristic,player_win,-10.0,7,50.0,1,Very Easy,0.05,0.05,1,350,268,0.0,0.0,2,0,1
No Adaptive,3,96,train,heuristic,agent_win,10.0,6,50.0,1,Very Easy,0.05,0.05,1,353,270,3.0,3.0,3,0,0
No Adaptive,3,97,train,heuristic,agent_win,10.0,6,50.0,1,Very Easy,0.05,0.05,1,356,272,3.0,3.0,1,0,2
No Adaptive,3,98,train,heuristic,agent_win,10.0,8,50.0,1,Very Easy,0.05,0.05,1,360,275,3.0,3.0,3,0,1
No Adaptive,3,99,train,heuristic,player_win,-10.0,9,50.0,1,Very Easy,0.05,0.05,1,364,278,0.0,0.0,1,0,3
No Adaptive,3,100,train,heuristic,agent_win,10.0,10,50.0,1,Very Easy,0.05,0.05,1,369,282,3.0,3.0,3,0,2
No Adaptive,3,101,train,heuristic,agent_win,10.0,10,50.0,1,Very Easy,0.05,0.05,1,374,286,3.0,3.0,4,0,1
No Adaptive,3,102,train,heuristic,player_win,-10.0,5,50.0,1,Very Easy,0.05,0.05,1,376,287,0.0,0.0,1,1,0
No Adaptive,3,103,train,heuristic,player_win,-10.0,9,50.0,1,Very Easy,0.05,0.05,1,380,290,0.0,0.0,1,0,3
No Adaptive,3,104,train,heuristic,player_win,-10.0,5,50.0,1,Very Easy,0.05,0.05,1,382,291,0.0,0.0,1,0,1
No Adaptive,3,105,train,heuristic,player_win,-10.0,9,50.0,1,Very Easy,0.05,0.05,1,386,294,0.0,0.0,2,0,2
No Adaptive,3,106,train,heuristic,player_win,-10.0,7,50.0,1,Very Easy,0.05,0.05,1,389,296,0.0,0.0,2,0,1
No Adaptive,3,107,train,heuristic,player_win,-10.0,7,50.0,1,Very Easy,0.05,0.05,1,392,298,0.0,0.0,3,0,0
No Adaptive,3,108,train,heuristic,player_win,-10.0,7,50.0,1,Very Easy,0.05,0.05,1,395,300,0.0,0.0,2,0,1
No Adaptive,3,109,train,heuristic,agent_win,10.0,8,50.0,1,Very Easy,0.05,0.05,1,399,303,3.0,3.0,2,0,2
No Adaptive,3,110,train,heuristic,agent_win,10.0,10,50.0,1,Very Easy,0.05,0.05,1,404,307,3.0,3.0,3,1,1
No Adaptive,3,111,train,heuristic,player_win,-10.0,7,50.0,1,Very Easy,0.05,0.05,1,407,309,0.0,0.0,2,0,1
No Adaptive,3,112,train,heuristic,agent_win,10.0,8,50.0,1,Very Easy,0.05,0.05,1,411,312,3.0,3.0,3,0,1
No Adaptive,3,113,train,heuristic,agent_win,10.0,8,50.0,1,Very Easy,0.05,0.05,1,415,315,3.0,3.0,2,0,2
No Adaptive,3,114,train,heuristic,agent_win,10.0,10,50.0,1,Very Easy,0.05,0.05,1,420,319,3.0,3.0,2,0,3
No Adaptive,3,115,train,heuristic,player_win,-10.0,11,50.0,1,Very Easy,0.05,0.05,1,425,323,0.0,0.0,3,0,2
No Adaptive,3,116,train,heuristic,agent_win,10.0,6,50.0,1,Very Easy,0.05,0.05,1,428,325,3.0,3.0,2,0,1
No Adaptive,3,117,train,heuristic,player_win,-10.0,9,50.0,1,Very Easy,0.05,0.05,1,432,328,0.0,0.0,3,0,1
No Adaptive,3,118,train,heuristic,player_win,-10.0,9,50.0,1,Very Easy,0.05,0.05,1,436,331,0.0,0.0,2,0,2
No Adaptive,3,119,train,heuristic,agent_win,10.0,12,50.0,1,Very Easy,0.05,0.05,1,442,335,3.0,3.0,3,0,3
No Adaptive,3,120,train,heuristic,agent_win,10.0,6,50.0,1,Very Easy,0.05,0.05,1,445,337,3.0,3.0,2,0,1
No Adaptive,3,121,train,heuristic,agent_win,10.0,8,50.0,1,Very Easy,0.05,0.05,1,449,340,3.0,3.0,3,0,1
No Adaptive,3,122,train,heuristic,player_win,-10.0,7,50.0,1,Very Easy,0.05,0.05,1,452,341,0.0,0.0,1,1,1
No Adaptive,3,123,train,heuristic,agent_win,10.0,6,50.0,1,Very Easy,0.05,0.05,1,455,343,3.0,3.0,2,0,1
No Adaptive,3,124,train,heuristic,player_win,-10.0,7,50.0,1,Very Easy,0.05,0.05,1,458,345,0.0,0.0,2,1,0
No Adaptive,3,125,train,heuristic,player_win,-10.0,9,50.0,1,Very Easy,0.05,0.05,1,462,348,0.0,0.0,3,0,1
No Adaptive,3,126,train,heuristic,player_win,-10.0,9,50.0,1,Very Easy,0.05,0.05,1,466,351,0.0,0.0,2,0,2
No Adaptive,3,127,train,heuristic,player_win,-10.0,9,50.0,1,Very Easy,0.05,0.05,1,470,354,0.0,0.0,3,0,1
No Adaptive,3,128,train,heuristic,player_win,-10.0,5,50.0,1,Very Easy,0.05,0.05,1,472,355,0.0,0.0,1,0,1
No Adaptive,3,129,train,heuristic,player_win,-10.0,7,50.0,1,Very Easy,0.05,0.05,1,475,357,0.0,0.0,2,0,1
No Adaptive,3,130,train,heuristic,agent_win,10.0,8,50.0,1,Very Easy,0.05,0.05,1,479,360,3.0,3.0,2,0,2
No Adaptive,3,131,train,heuristic,player_win,-10.0,9,50.0,1,Very Easy,0.05,0.05,1,483,363,0.0,0.0,2,0,2
No Adaptive,3,132,train,heuristic,agent_win,10.0,6,50.0,1,Very Easy,0.05,0.05,1,486,363,2.0999999999999996,2.0999999999999996,1,0,2
No Adaptive,3,133,train,heuristic,player_win,-10.0,9,50.0,1,Very Easy,0.05,0.05,1,490,366,0.0,0.0,1,0,3
No Adaptive,3,134,train,heuristic,player_win,-10.0,11,50.0,1,Very Easy,0.05,0.05,1,495,370,0.0,0.0,2,0,3
No Adaptive,3,135,train,heuristic,player_win,-10.0,7,50.0,1,Very Easy,0.05,0.05,1,498,372,0.0,0.0,2,0,1
No Adaptive,3,136,train,heuristic,player_win,-10.0,5,50.0,1,Very Easy,0.05,0.05,1,500,373,0.0,0.0,1,0,1
No Adaptive,3,137,train,heuristic,agent_win,10.0,8,50.0,1,Very Easy,0.05,0.05,1,504,376,3.0,3.0,1,0,3
No Adaptive,3,138,train,heuristic,agent_win,10.0,8,50.0,1,Very Easy,0.05,0.05,1,508,379,3.0,3.0,2,0,2
No Adaptive,3,139,train,heuristic,player_win,-10.0,5,50.0,1,Very Easy,0.05,0.05,1,510,380,0.0,0.0,1,0,1
No Adaptive,3,140,train,heuristic,player_win,-10.0,9,50.0,1,Very Easy,0.05,0.05,1,514,383,0.0,0.0,2,0,2
No Adaptive,3,141,train,heuristic,agent_win,10.0,8,50.0,1,Very Easy,0.05,0.05,1,518,386,3.0,3.0,3,0,1
No Adaptive,3,142,train,heuristic,agent_win,10.0,8,50.0,1,Very Easy,0.05,0.05,1,522,389,3.0,3.0,2,0,2
No Adaptive,3,143,train,heuristic,player_win,-10.0,9,50.0,1,Very Easy,0.05,0.05,1,526,392,0.0,0.0,3,0,1
No Adaptive,3,144,train,heuristic,agent_win,10.0,6,50.0,1,Very Easy,0.05,0.05,1,529,394,3.0,3.0,3,0,0
No Adaptive,3,145,train,heuristic,player_win,-10.0,7,50.0,1,Very Easy,0.05,0.05,1,532,396,0.0,0.0,2,0,1
No Adaptive,3,146,train,heuristic,player_win,-10.0,11,50.0,1,Very Easy,0.05,0.05,1,537,399,0.0,0.0,3,0,2
No Adaptive,3,147,train,heuristic,player_win,-10.0,5,50.0,1,Very Easy,0.05,0.05,1,539,400,0.0,0.0,1,0,1
No Adaptive,3,148,train,heuristic,agent_win,10.0,6,50.0,1,Very Easy,0.05,0.05,1,542,402,3.0,3.0,2,0,1
No Adaptive,3,149,train,heuristic,player_win,-10.0,9,50.0,1,Very Easy,0.05,0.05,1,546,405,0.0,0.0,2,0,2
No Adaptive,3,150,train,heuristic,player_win,-10.0,5,50.0,1,Very Easy,0.05,0.05,1,548,406,0.0,0.0,1,0,1
No Adaptive,3,151,train,heuristic,player_win,-10.0,7,50.0,1,Very Easy,0.05,0.05,1,551,408,0.0,0.0,1,0,2
No Adaptive,3,152,train,heuristic,player_win,-10.0,9,50.0,1,Very Easy,0.05,0.05,1,555,411,0.0,0.0,1,1,2
No Adaptive,3,153,train,heuristic,player_win,-10.0,7,50.0,1,Very Easy,0.05,0.05,1,558,413,0.0,0.0,1,0,2
No Adaptive,3,154,train,heuristic,agent_win,10.0,12,50.0,1,Very Easy,0.05,0.05,1,564,418,3.0,3.0,3,0,3
No Adaptive,3,155,train,heuristic,player_win,-10.0,9,50.0,1,Very Easy,0.05,0.05,1,568,421,0.0,0.0,2,0,2
No Adaptive,3,156,train,heuristic,player_win,-10.0,9,50.0,1,Very Easy,0.05,0.05,1,572,424,0.0,0.0,1,0,3
No Adaptive,3,157,train,heuristic,player_win,-10.0,11,50.0,1,Very Easy,0.05,0.05,1,577,428,0.0,0.0,2,0,3
No Adaptive,3,158,train,heuristic,player_win,-10.0,7,50.0,1,Very Easy,0.05,0.05,1,580,430,0.0,0.0,1,0,2
No Adaptive,3,159,train,heuristic,player_win,-10.0,7,50.0,1,Very Easy,0.05,0.05,1,583,432,0.0,0.0,2,0,1
No Adaptive,3,160,train,heuristic,player_win,-10.0,9,50.0,1,Very Easy,0.05,0.05,1,587,435,0.0,0.0,3,0,1
No Adaptive,3,161,train,heuristic,player_win,-10.0,7,50.0,1,Very Easy,0.05,0.05,1,590,437,0.0,0.0,1,0,2
No Adaptive,3,162,train,heuristic,player_win,-10.0,7,50.0,1,Very Easy,0.05,0.05,1,593,439,0.0,0.0,1,0,2
No Adaptive,3,163,train,heuristic,agent_win,10.0,10,50.0,1,Very Easy,0.05,0.05,1,598,443,3.0,3.0,3,0,2
No Adaptive,3,164,train,heuristic,player_win,-10.0,5,50.0,1,Very Easy,0.05,0.05,1,600,444,0.0,0.0,1,0,1
No Adaptive,3,165,train,heuristic,player_win,-10.0,7,50.0,1,Very Easy,0.05,0.05,1,603,446,0.0,0.0,1,0,2
No Adaptive,3,166,train,heuristic,agent_win,10.0,6,50.0,1,Very Easy,0.05,0.05,1,606,448,3.0,3.0,2,0,1
No Adaptive,3,167,train,heuristic,agent_win,10.0,8,50.0,1,Very Easy,0.05,0.05,1,610,451,3.0,3.0,3,0,1
No Adaptive,3,168,train,heuristic,agent_win,10.0,6,50.0,1,Very Easy,0.05,0.05,1,613,453,3.0,3.0,2,0,1
No Adaptive,3,169,train,heuristic,player_win,-10.0,5,50.0,1,Very Easy,0.05,0.05,1,615,453,0.0,0.0,2,0,0
No Adaptive,3,170,train,heuristic,agent_win,10.0,8,50.0,1,Very Easy,0.05,0.05,1,619,456,3.0,3.0,1,0,3
No Adaptive,3,171,train,heuristic,agent_win,10.0,10,50.0,1,Very Easy,0.05,0.05,1,624,460,3.0,3.0,3,0,2
No Adaptive,3,172,train,heuristic,player_win,-10.0,9,50.0,1,Very Easy,0.05,0.05,1,628,463,0.0,0.0,3,0,1
No Adaptive,3,173,train,heuristic,player_win,-10.0,9,50.0,1,Very Easy,0.05,0.05,1,632,466,0.0,0.0,2,0,2
No Adaptive,3,174,train,heuristic,agent_win,10.0,10,50.0,1,Very Easy,0.05,0.05,1,637,469,3.0,3.0,2,0,3
No Adaptive,3,175,train,heuristic,player_win,-10.0,11,50.0,1,Very Easy,0.05,0.05,1,642,472,0.0,0.0,1,0,4
No Adaptive,3,176,train,heuristic,agent_win,10.0,6,50.0,1,Very Easy,0.05,0.05,1,645,474,3.0,3.0,1,1,1
No Adaptive,3,177,train,heuristic,agent_win,10.0,6,50.0,1,Very Easy,0.05,0.05,1,648,475,3.0,3.0,1,0,2
No Adaptive,3,178,train,heuristic,agent_win,10.0,8,50.0,1,Very Easy,0.05,0.05,1,652,476,3.0,3.0,3,0,1
No Adaptive,3,179,train,heuristic,player_win,-10.0,7,50.0,1,Very Easy,0.05,0.05,1,655,478,0.0,0.0,2,0,1
No Adaptive,3,180,train,heuristic,agent_win,10.0,8,50.0,1,Very Easy,0.05,0.05,1,659,481,3.0,3.0,3,0,1
No Adaptive,3,181,train,heuristic,agent_win,10.0,8,50.0,1,Very Easy,0.05,0.05,1,663,484,3.0,3.0,2,0,2
No Adaptive,3,182,train,heuristic,player_win,-10.0,9,50.0,1,Very Easy,0.05,0.05,1,667,487,0.0,0.0,2,0,2
No Adaptive,3,183,train,heuristic,agent_win,10.0,10,50.0,1,Very Easy,0.05,0.05,1,672,491,3.0,3.0,3,0,2
No Adaptive,3,184,train,heuristic,player_win,-10.0,7,50.0,1,Very Easy,0.05,0.05,1,675,493,0.0,0.0,2,0,1
No Adaptive,3,185,train,heuristic,player_win,-10.0,9,50.0,1,Very Easy,0.05,0.05,1,679,496,0.0,0.0,2,1,1
No Adaptive,3,186,train,heuristic,player_win,-10.0,5,50.0,1,Very Easy,0.05,0.05,1,681,497,0.0,0.0,1,0,1
No Adaptive,3,187,train,heuristic,player_win,-10.0,9,50.0,1,Very Easy,0.05,0.05,1,685,500,0.0,0.0,2,0,2
No Adaptive,3,188,train,heuristic,agent_win,10.0,14,50.0,1,Very Easy,0.05,0.05,1,692,506,3.0,3.0,3,0,4
No Adaptive,3,189,train,heuristic,player_win,-10.0,7,50.0,1,Very Easy,0.05,0.05,1,695,508,0.0,0.0,1,0,2
No Adaptive,3,190,train,heuristic,agent_win,10.0,6,50.0,1,Very Easy,0.05,0.05,1,698,510,3.0,3.0,1,0,2
No Adaptive,3,191,train,heuristic,player_win,-10.0,5,50.0,1,Very Easy,0.05,0.05,1,700,511,0.0,0.0,1,0,1
No Adaptive,3,192,train,heuristic,agent_win,10.0,8,50.0,1,Very Easy,0.05,0.05,1,704,514,3.0,3.0,2,0,2
No Adaptive,3,193,train,heuristic,agent_win,10.0,6,50.0,1,Very Easy,0.05,0.05,1,707,515,3.0,3.0,2,0,1
No Adaptive,3,194,train,heuristic,agent_win,10.0,8,50.0,1,Very Easy,0.05,0.05,1,711,518,3.0,3.0,2,1,1
No Adaptive,3,195,train,heuristic,player_win,-10.0,7,50.0,1,Very Easy,0.05,0.05,1,714,520,0.0,0.0,2,0,1
No Adaptive,3,196,train,heuristic,agent_win,10.0,8,50.0,1,Very Easy,0.05,0.05,1,718,523,3.0,3.0,2,0,2
No Adaptive,3,197,train,heuristic,player_win,-10.0,7,50.0,1,Very Easy,0.05,0.05,1,721,524,0.0,0.0,2,0,1
No Adaptive,3,198,train,heuristic,agent_win,10.0,10,50.0,1,Very Easy,0.05,0.05,1,726,528,3.0,3.0,2,0,3
No Adaptive,3,199,train,heuristic,agent_win,10.0,8,50.0,1,Very Easy,0.05,0.05,1,730,531,3.0,3.0,2,0,2
No Adaptive,3,200,train,heuristic,player_win,-10.0,7,50.0,1,Very Easy,0.05,0.05,1,733,533,0.0,0.0,2,0,1
No Adaptive,3,201,train,heuristic,agent_win,10.0,8,50.0,1,Very Easy,0.05,0.05,1,737,536,3.0,3.0,3,0,1
No Adaptive,3,202,train,heuristic,agent_win,10.0,10,50.0,1,Very Easy,0.05,0.05,1,742,540,3.0,3.0,3,0,2
No Adaptive,3,203,train,heuristic,agent_win,10.0,8,50.0,1,Very Easy,0.05,0.05,1,746,543,3.0,3.0,3,0,1
No Adaptive,3,204,train,heuristic,agent_win,10.0,8,50.0,1,Very Easy,0.05,0.05,1,750,546,3.0,3.0,2,0,2
No Adaptive,3,205,train,heuristic,agent_win,10.0,10,50.0,1,Very Easy,0.05,0.05,1,755,550,3.0,3.0,3,0,2
No Adaptive,3,206,train,heuristic,agent_win,10.0,10,50.0,1,Very Easy,0.05,0.05,1,760,554,3.0,3.0,2,0,3
No Adaptive,3,207,train,heuristic,agent_win,10.0,8,50.0,1,Very Easy,0.05,0.05,1,764,557,3.0,3.0,2,1,1
No Adaptive,3,208,train,heuristic,agent_win,10.0,8,50.0,1,Very Easy,0.05,0.05,1,768,560,3.0,3.0,2,0,2
No Adaptive,3,209,train,heuristic,player_win,-10.0,7,50.0,1,Very Easy,0.05,0.05,1,771,562,0.0,0.0,2,0,1
No Adaptive,3,210,train,heuristic,player_win,-10.0,9,50.0,1,Very Easy,0.05,0.05,1,775,565,0.0,0.0,1,0,3
No Adaptive,3,211,train,heuristic,agent_win,10.0,8,50.0,1,Very Easy,0.05,0.05,1,779,568,3.0,3.0,3,0,1
No Adaptive,3,212,train,heuristic,agent_win,10.0,10,50.0,1,Very Easy,0.05,0.05,1,784,572,3.0,3.0,2,0,3
No Adaptive,3,213,train,heuristic,agent_win,10.0,6,50.0,1,Very Easy,0.05,0.05,1,787,574,3.0,3.0,2,0,1
No Adaptive,3,214,train,heuristic,agent_win,10.0,8,50.0,1,Very Easy,0.05,0.05,1,791,577,3.0,3.0,4,0,0
No Adaptive,3,215,train,heuristic,player_win,-10.0,7,50.0,1,Very Easy,0.05,0.05,1,794,579,0.0,0.0,1,0,2
No Adaptive,3,216,train,heuristic,agent_win,10.0,12,50.0,1,Very Easy,0.05,0.05,1,800,584,3.0,3.0,3,1,2
No Adaptive,3,217,train,heuristic,player_win,-10.0,9,50.0,1,Very Easy,0.05,0.05,1,804,586,0.0,0.0,2,0,2
No Adaptive,3,218,train,heuristic,player_win,-10.0,7,50.0,1,Very Easy,0.05,0.05,1,807,588,0.0,0.0,2,0,1
No Adaptive,3,219,train,heuristic,player_win,-10.0,7,50.0,1,Very Easy,0.05,0.05,1,810,590,0.0,0.0,2,0,1
No Adaptive,3,220,train,heuristic,agent_win,10.0,10,50.0,1,Very Easy,0.05,0.05,1,815,594,3.0,3.0,2,0,3
No Adaptive,3,221,train,heuristic,player_win,-10.0,5,50.0,1,Very Easy,0.05,0.05,1,817,595,0.0,0.0,2,0,0
No Adaptive,3,222,train,heuristic,player_win,-10.0,13,50.0,1,Very Easy,0.05,0.05,1,823,599,0.0,0.0,3,0,3
No Adaptive,3,223,train,heuristic,agent_win,10.0,6,50.0,1,Very Easy,0.05,0.05,1,826,601,3.0,3.0,2,0,1
No Adaptive,3,224,train,heuristic,player_win,-10.0,7,50.0,1,Very Easy,0.05,0.05,1,829,603,0.0,0.0,2,1,0
No Adaptive,3,225,train,heuristic,player_win,-10.0,7,50.0,1,Very Easy,0.05,0.05,1,832,605,0.0,0.0,2,0,1
No Adaptive,3,226,train,heuristic,agent_win,10.0,12,50.0,1,Very Easy,0.05,0.05,1,838,610,3.0,3.0,3,0,3
No Adaptive,3,227,train,heuristic,agent_win,10.0,8,50.0,1,Very Easy,0.05,0.05,1,842,613,3.0,3.0,3,0,1
No Adaptive,3,228,train,heuristic,player_win,-10.0,7,50.0,1,Very Easy,0.05,0.05,1,845,615,0.0,0.0,2,0,1
No Adaptive,3,229,train,heuristic,player_win,-10.0,7,50.0,1,Very Easy,0.05,0.05,1,848,617,0.0,0.0,2,0,1
No Adaptive,3,230,train,heuristic,agent_win,10.0,12,50.0,1,Very Easy,0.05,0.05,1,854,622,3.0,3.0,3,0,3
No Adaptive,3,231,train,heuristic,player_win,-10.0,5,50.0,1,Very Easy,0.05,0.05,1,856,623,0.0,0.0,1,0,1
No Adaptive,3,232,train,heuristic,agent_win,10.0,8,50.0,1,Very Easy,0.05,0.05,1,860,626,3.0,3.0,2,0,2
No Adaptive,3,233,train,heuristic,agent_win,10.0,10,50.0,1,Very Easy,0.05,0.05,1,865,630,3.0,3.0,2,1,2
No Adaptive,3,234,train,heuristic,agent_win,10.0,8,50.0,1,Very Easy,0.05,0.05,1,869,633,3.0,3.0,3,0,1
No Adaptive,3,235,train,heuristic,player_win,-10.0,7,50.0,1,Very Easy,0.05,0.05,1,872,635,0.0,0.0,2,0,1
No Adaptive,3,236,train,heuristic,player_win,-10.0,7,50.0,1,Very Easy,0.05,0.05,1,875,636,0.0,0.0,2,0,1
No Adaptive,3,237,train,heuristic,player_win,-10.0,11,50.0,1,Very Easy,0.05,0.05,1,880,639,0.0,0.0,2,0,3
No Adaptive,3,238,train,heuristic,agent_win,10.0,8,50.0,1,Very Easy,0.05,0.05,1,884,642,3.0,3.0,2,0,2
No Adaptive,3,239,train,heuristic,player_win,-10.0,7,50.0,1,Very Easy,0.05,0.05,1,887,644,0.0,0.0,1,1,1
No Adaptive,3,240,train,heuristic,agent_win,10.0,8,50.0,1,Very Easy,0.05,0.05,1,891,647,3.0,3.0,2,0,2
No Adaptive,3,241,train,heuristic,agent_win,10.0,10,50.0,1,Very Easy,0.05,0.05,1,896,651,3.0,3.0,4,0,1
No Adaptive,3,242,train,heuristic,player_win,-10.0,7,50.0,1,Very Easy,0.05,0.05,1,899,653,0.0,0.0,2,0,1
No Adaptive,3,243,train,heuristic,agent_win,10.0,10,50.0,1,Very Easy,0.05,0.05,1,904,657,3.0,3.0,3,0,2
No Adaptive,3,244,train,heuristic,player_win,-10.0,7,50.0,1,Very Easy,0.05,0.05,1,907,657,0.0,0.0,2,0,1
No Adaptive,3,245,train,heuristic,player_win,-10.0,7,50.0,1,Very Easy,0.05,0.05,1,910,658,0.0,0.0,1,0,2
No Adaptive,3,246,train,heuristic,agent_win,10.0,10,50.0,1,Very Easy,0.05,0.05,1,915,662,3.0,3.0,2,0,3
No Adaptive,3,247,train,heuristic,draw,3.0,16,50.0,1,Very Easy,0.05,0.05,1,923,669,0.8999999999999999,0.8999999999999999,6,0,2
No Adaptive,3,248,train,heuristic,agent_win,10.0,10,50.0,1,Very Easy,0.05,0.05,1,928,673,3.0,3.0,4,0,1
No Adaptive,3,249,train,heuristic,player_win,-10.0,7,50.0,1,Very Easy,0.05,0.05,1,931,675,0.0,0.0,1,0,2
No Adaptive,3,250,train,heuristic,player_win,-10.0,11,50.0,1,Very Easy,0.05,0.05,1,936,679,0.0,0.0,2,0,3
No Adaptive,3,251,train,heuristic,player_win,-10.0,9,50.0,1,Very Easy,0.05,0.05,1,940,682,0.0,0.0,1,0,3
No Adaptive,3,252,train,heuristic,agent_win,10.0,10,50.0,1,Very Easy,0.05,0.05,1,945,686,3.0,3.0,2,0,3
No Adaptive,3,253,train,heuristic,player_win,-10.0,5,50.0,1,Very Easy,0.05,0.05,1,947,687,0.0,0.0,1,0,1
No Adaptive,3,254,train,heuristic,player_win,-10.0,9,50.0,1,Very Easy,0.05,0.05,1,951,690,0.0,0.0,3,0,1
No Adaptive,3,255,train,heuristic,agent_win,10.0,6,50.0,1,Very Easy,0.05,0.05,1,954,692,3.0,3.0,2,0,1
No Adaptive,3,256,train,heuristic,player_win,-10.0,9,50.0,1,Very Easy,0.05,0.05,1,958,695,0.0,0.0,2,1,1
No Adaptive,3,257,train,heuristic,player_win,-10.0,9,50.0,1,Very Easy,0.05,0.05,1,962,698,0.0,0.0,2,0,2
No Adaptive,3,258,train,heuristic,player_win,-10.0,9,50.0,1,Very Easy,0.05,0.05,1,966,701,0.0,0.0,3,0,1
No Adaptive,3,259,train,heuristic,agent_win,10.0,8,50.0,1,Very Easy,0.05,0.05,1,970,704,3.0,3.0,2,0,2
No Adaptive,3,260,train,heuristic,player_win,-10.0,9,50.0,1,Very Easy,0.05,0.05,1,974,707,0.0,0.0,2,0,2
No Adaptive,3,261,train,heuristic,agent_win,10.0,6,50.0,1,Very Easy,0.05,0.05,1,977,709,3.0,3.0,1,0,2
No Adaptive,3,262,train,heuristic,player_win,-10.0,13,50.0,1,Very Easy,0.05,0.05,1,983,714,0.0,0.0,3,0,3
No Adaptive,3,263,train,heuristic,agent_win,10.0,8,50.0,1,Very Easy,0.05,0.05,1,987,717,3.0,3.0,3,0,1
No Adaptive,3,264,train,heuristic,player_win,-10.0,5,50.0,1,Very Easy,0.05,0.05,1,989,718,0.0,0.0,1,0,1
No Adaptive,3,265,train,heuristic,player_win,-10.0,7,50.0,1,Very Easy,0.05,0.05,1,992,720,0.0,0.0,1,0,2
No Adaptive,3,266,train,heuristic,player_win,-10.0,9,50.0,1,Very Easy,0.05,0.05,1,996,723,0.0,0.0,2,0,2
No Adaptive,3,267,train,heuristic,player_win,-10.0,5,50.0,1,Very Easy,0.05,0.05,1,998,724,0.0,0.0,1,0,1
No Adaptive,3,268,train,heuristic,player_win,-10.0,7,50.0,1,Very Easy,0.05,0.05,1,1001,726,0.0,0.0,1,0,2
No Adaptive,3,269,train,heuristic,agent_win,10.0,10,50.0,1,Very Easy,0.05,0.05,1,1006,730,3.0,3.0,3,0,2
No Adaptive,3,270,train,heuristic,agent_win,10.0,8,50.0,1,Very Easy,0.05,0.05,1,1010,733,3.0,3.0,3,0,1
No Adaptive,3,271,train,heuristic,agent_win,10.0,6,50.0,1,Very Easy,0.05,0.05,1,1013,735,3.0,3.0,2,0,1
No Adaptive,3,272,train,heuristic,player_win,-10.0,7,50.0,1,Very Easy,0.05,0.05,1,1016,736,0.0,0.0,1,0,2
No Adaptive,3,273,train,heuristic,agent_win,10.0,8,50.0,1,Very Easy,0.05,0.05,1,1020,738,3.0,3.0,2,0,2
No Adaptive,3,274,train,heuristic,player_win,-10.0,13,50.0,1,Very Easy,0.05,0.05,1,1026,743,0.0,0.0,3,0,3
No Adaptive,3,275,train,heuristic,player_win,-10.0,9,50.0,1,Very Easy,0.05,0.05,1,1030,746,0.0,0.0,1,0,3
No Adaptive,3,276,train,heuristic,agent_win,10.0,6,50.0,1,Very Easy,0.05,0.05,1,1033,748,3.0,3.0,2,0,1
No Adaptive,3,277,train,heuristic,player_win,-10.0,13,50.0,1,Very Easy,0.05,0.05,1,1039,753,0.0,0.0,3,1,2
No Adaptive,3,278,train,heuristic,agent_win,10.0,12,50.0,1,Very Easy,0.05,0.05,1,1045,758,3.0,3.0,6,0,0
No Adaptive,3,279,train,heuristic,player_win,-10.0,7,50.0,1,Very Easy,0.05,0.05,1,1048,760,0.0,0.0,2,0,1
No Adaptive,3,280,train,heuristic,agent_win,10.0,6,50.0,1,Very Easy,0.05,0.05,1,1051,762,3.0,3.0,2,0,1
No Adaptive,3,281,train,heuristic,player_win,-10.0,5,50.0,1,Very Easy,0.05,0.05,1,1053,762,0.0,0.0,1,0,1
No Adaptive,3,282,train,heuristic,agent_win,10.0,10,50.0,1,Very Easy,0.05,0.05,1,1058,766,3.0,3.0,3,0,2
No Adaptive,3,283,train,heuristic,player_win,-10.0,7,50.0,1,Very Easy,0.05,0.05,1,1061,768,0.0,0.0,2,0,1
No Adaptive,3,284,train,heuristic,agent_win,10.0,10,50.0,1,Very Easy,0.05,0.05,1,1066,770,3.0,3.0,3,0,2
No Adaptive,3,285,train,heuristic,agent_win,10.0,8,50.0,1,Very Easy,0.05,0.05,1,1070,773,3.0,3.0,1,0,3
No Adaptive,3,286,train,heuristic,player_win,-10.0,11,50.0,1,Very Easy,0.05,0.05,1,1075,776,0.0,0.0,3,0,2
No Adaptive,3,287,train,heuristic,agent_win,10.0,6,50.0,1,Very Easy,0.05,0.05,1,1078,778,3.0,3.0,2,0,1
No Adaptive,3,288,train,heuristic,player_win,-10.0,9,50.0,1,Very Easy,0.05,0.05,1,1082,781,0.0,0.0,2,0,2
No Adaptive,3,289,train,heuristic,agent_win,10.0,10,50.0,1,Very Easy,0.05,0.05,1,1087,785,3.0,3.0,2,1,2
No Adaptive,3,290,train,heuristic,player_win,-10.0,9,50.0,1,Very Easy,0.05,0.05,1,1091,788,0.0,0.0,3,0,1
No Adaptive,3,291,train,heuristic,player_win,-10.0,5,50.0,1,Very Easy,0.05,0.05,1,1093,789,0.0,0.0,1,0,1
No Adaptive,3,292,train,heuristic,player_win,-10.0,7,50.0,1,Very Easy,0.05,0.05,1,1096,791,0.0,0.0,1,0,2
No Adaptive,3,293,train,heuristic,player_win,-10.0,9,50.0,1,Very Easy,0.05,0.05,1,1100,794,0.0,0.0,3,0,1
No Adaptive,3,294,train,heuristic,agent_win,10.0,8,50.0,1,Very Easy,0.05,0.05,1,1104,797,3.0,3.0,2,0,2
No Adaptive,3,295,train,heuristic,player_win,-10.0,5,50.0,1,Very Easy,0.05,0.05,1,1106,798,0.0,0.0,1,0,1
No Adaptive,3,296,train,heuristic,player_win,-10.0,7,50.0,1,Very Easy,0.05,0.05,1,1109,800,0.0,0.0,2,0,1
No Adaptive,3,297,train,heuristic,player_win,-10.0,7,50.0,1,Very Easy,0.05,0.05,1,1112,802,0.0,0.0,2,0,1
No Adaptive,3,298,train,heuristic,agent_win,10.0,8,50.0,1,Very Easy,0.05,0.05,1,1116,805,3.0,3.0,3,0,1
No Adaptive,3,299,train,heuristic,player_win,-10.0,9,50.0,1,Very Easy,0.05,0.05,1,1120,808,0.0,0.0,1,0,3
No Adaptive,3,300,train,heuristic,player_win,-10.0,7,50.0,1,Very Easy,0.05,0.05,1,1123,810,0.0,0.0,1,0,2
No Adaptive,3,301,train,heuristic,player_win,-10.0,13,50.0,1,Very Easy,0.05,0.05,1,1129,815,0.0,0.0,2,0,4
No Adaptive,3,302,train,heuristic,player_win,-10.0,7,50.0,1,Very Easy,0.05,0.05,1,1132,817,0.0,0.0,2,0,1
No Adaptive,3,303,train,heuristic,player_win,-10.0,5,50.0,1,Very Easy,0.05,0.05,1,1134,818,0.0,0.0,1,1,0
No Adaptive,3,304,train,heuristic,agent_win,10.0,8,50.0,1,Very Easy,0.05,0.05,1,1138,821,3.0,3.0,2,0,2
No Adaptive,3,305,train,heuristic,agent_win,10.0,8,50.0,1,Very Easy,0.05,0.05,1,1142,824,3.0,3.0,2,0,2
No Adaptive,3,306,train,heuristic,player_win,-10.0,13,50.0,1,Very Easy,0.05,0.05,1,1148,829,0.0,0.0,3,0,3
No Adaptive,3,307,train,heuristic,agent_win,10.0,8,50.0,1,Very Easy,0.05,0.05,1,1152,831,3.0,3.0,2,0,2
No Adaptive,3,308,train,heuristic,player_win,-10.0,5,50.0,1,Very Easy,0.05,0.05,1,1154,832,0.0,0.0,1,0,1
No Adaptive,3,309,train,heuristic,player_win,-10.0,7,50.0,1,Very Easy,0.05,0.05,1,1157,834,0.0,0.0,1,0,2
No Adaptive,3,310,train,heuristic,agent_win,10.0,8,50.0,1,Very Easy,0.05,0.05,1,1161,837,3.0,3.0,2,0,2
No Adaptive,3,311,train,heuristic,agent_win,10.0,6,50.0,1,Very Easy,0.05,0.05,1,1164,839,3.0,3.0,1,0,2
No Adaptive,3,312,train,heuristic,agent_win,10.0,8,50.0,1,Very Easy,0.05,0.05,1,1168,841,2.0999999999999996,2.0999999999999996,2,0,2
No Adaptive,3,313,train,heuristic,agent_win,10.0,10,50.0,1,Very Easy,0.05,0.05,1,1173,845,3.0,3.0,2,0,3
No Adaptive,3,314,train,heuristic,player_win,-10.0,9,50.0,1,Very Easy,0.05,0.05,1,1177,848,0.0,0.0,2,0,2
No Adaptive,3,315,train,heuristic,agent_win,10.0,10,50.0,1,Very Easy,0.05,0.05,1,1182,852,3.0,3.0,4,0,1
No Adaptive,3,316,train,heuristic,player_win,-10.0,9,50.0,1,Very Easy,0.05,0.05,1,1186,855,0.0,0.0,2,1,1
No Adaptive,3,317,train,heuristic,agent_win,10.0,8,50.0,1,Very Easy,0.05,0.05,1,1190,858,3.0,3.0,2,0,2
No Adaptive,3,318,train,heuristic,player_win,-10.0,9,50.0,1,Very Easy,0.05,0.05,1,1194,861,0.0,0.0,1,0,3
No Adaptive,3,319,train,heuristic,player_win,-10.0,5,50.0,1,Very Easy,0.05,0.05,1,1196,862,0.0,0.0,1,0,1
No Adaptive,3,320,train,heuristic,agent_win,10.0,8,50.0,1,Very Easy,0.05,0.05,1,1200,865,3.0,3.0,3,0,1
No Adaptive,3,321,train,heuristic,agent_win,10.0,8,50.0,1,Very Easy,0.05,0.05,1,1204,868,3.0,3.0,2,0,2
No Adaptive,3,322,train,heuristic,agent_win,10.0,8,50.0,1,Very Easy,0.05,0.05,1,1208,870,3.0,3.0,1,1,2
No Adaptive,3,323,train,heuristic,agent_win,10.0,12,50.0,1,Very Easy,0.05,0.05,1,1214,875,3.0,3.0,4,0,2
No Adaptive,3,324,train,heuristic,player_win,-10.0,7,50.0,1,Very Easy,0.05,0.05,1,1217,876,0.0,0.0,1,0,2
No Adaptive,3,325,train,heuristic,agent_win,10.0,8,50.0,1,Very Easy,0.05,0.05,1,1221,879,3.0,3.0,2,0,2
No Adaptive,3,326,train,heuristic,player_win,-10.0,7,50.0,1,Very Easy,0.05,0.05,1,1224,879,0.0,0.0,2,0,1
No Adaptive,3,327,train,heuristic,agent_win,10.0,12,50.0,1,Very Easy,0.05,0.05,1,1230,883,3.0,3.0,2,1,3
No Adaptive,3,328,train,heuristic,agent_win,10.0,10,50.0,1,Very Easy,0.05,0.05,1,1235,887,3.0,3.0,2,0,3
No Adaptive,3,329,train,heuristic,player_win,-10.0,9,50.0,1,Very Easy,0.05,0.05,1,1239,890,0.0,0.0,2,0,2
No Adaptive,3,330,train,heuristic,player_win,-10.0,9,50.0,1,Very Easy,0.05,0.05,1,1243,892,0.0,0.0,3,0,1
No Adaptive,3,331,train,heuristic,agent_win,10.0,6,50.0,1,Very Easy,0.05,0.05,1,1246,894,3.0,3.0,2,0,1
No Adaptive,3,332,train,heuristic,agent_win,10.0,12,50.0,1,Very Easy,0.05,0.05,1,1252,899,3.0,3.0,3,0,3
No Adaptive,3,333,train,heuristic,player_win,-10.0,5,50.0,1,Very Easy,0.05,0.05,1,1254,899,0.0,0.0,1,0,1
No Adaptive,3,334,train,heuristic,draw,3.0,16,50.0,1,Very Easy,0.05,0.05,1,1262,906,0.8999999999999999,0.8999999999999999,5,0,3
No Adaptive,3,335,train,heuristic,player_win,-10.0,7,50.0,1,Very Easy,0.05,0.05,1,1265,908,0.0,0.0,2,0,1
No Adaptive,3,336,train,heuristic,agent_win,10.0,8,50.0,1,Very Easy,0.05,0.05,1,1269,911,3.0,3.0,3,0,1
No Adaptive,3,337,train,heuristic,player_win,-10.0,9,50.0,1,Very Easy,0.05,0.05,1,1273,914,0.0,0.0,1,0,3
No Adaptive,3,338,train,heuristic,player_win,-10.0,9,50.0,1,Very Easy,0.05,0.05,1,1277,917,0.0,0.0,1,0,3
No Adaptive,3,339,train,heuristic,player_win,-10.0,7,50.0,1,Very Easy,0.05,0.05,1,1280,919,0.0,0.0,2,0,1
No Adaptive,3,340,train,heuristic,agent_win,10.0,8,50.0,1,Very Easy,0.05,0.05,1,1284,922,3.0,3.0,3,0,1
No Adaptive,3,341,train,heuristic,player_win,-10.0,7,50.0,1,Very Easy,0.05,0.05,1,1287,924,0.0,0.0,1,0,2
No Adaptive,3,342,train,heuristic,agent_win,10.0,8,50.0,1,Very Easy,0.05,0.05,1,1291,927,3.0,3.0,2,0,2
No Adaptive,3,343,train,heuristic,agent_win,10.0,6,50.0,1,Very Easy,0.05,0.05,1,1294,929,3.0,3.0,2,0,1
No Adaptive,3,344,train,heuristic,agent_win,10.0,10,50.0,1,Very Easy,0.05,0.05,1,1299,933,3.0,3.0,3,0,2
No Adaptive,3,345,train,heuristic,agent_win,10.0,12,50.0,1,Very Easy,0.05,0.05,1,1305,938,3.0,3.0,4,1,1
No Adaptive,3,346,train,heuristic,agent_win,10.0,10,50.0,1,Very Easy,0.05,0.05,1,1310,942,3.0,3.0,2,1,2
No Adaptive,3,347,train,heuristic,draw,3.0,16,50.0,1,Very Easy,0.05,0.05,1,1318,948,0.8999999999999999,0.8999999999999999,6,1,1
No Adaptive,3,348,train,heuristic,agent_win,10.0,10,50.0,1,Very Easy,0.05,0.05,1,1323,952,3.0,3.0,4,0,1
No Adaptive,3,349,train,heuristic,agent_win,10.0,8,50.0,1,Very Easy,0.05,0.05,1,1327,955,3.0,3.0,2,0,2
No Adaptive,3,350,train,heuristic,player_win,-10.0,9,50.0,1,Very Easy,0.05,0.05,1,1331,958,0.0,0.0,3,0,1
No Adaptive,3,351,train,heuristic,player_win,-10.0,5,50.0,1,Very Easy,0.05,0.05,1,1333,959,0.0,0.0,1,0,1
No Adaptive,3,352,train,heuristic,agent_win,10.0,6,50.0,1,Very Easy,0.05,0.05,1,1336,961,3.0,3.0,2,0,1
No Adaptive,3,353,train,heuristic,agent_win,10.0,8,50.0,1,Very Easy,0.05,0.05,1,1340,964,3.0,3.0,2,0,2
No Adaptive,3,354,train,heuristic,player_win,-10.0,5,50.0,1,Very Easy,0.05,0.05,1,1342,965,0.0,0.0,1,0,1
No Adaptive,3,355,train,heuristic,player_win,-10.0,5,50.0,1,Very Easy,0.05,0.05,1,1344,966,0.0,0.0,1,0,1
No Adaptive,3,356,train,heuristic,player_win,-10.0,9,50.0,1,Very Easy,0.05,0.05,1,1348,969,0.0,0.0,3,0,1
No Adaptive,3,357,train,heuristic,player_win,-10.0,5,50.0,1,Very Easy,0.05,0.05,1,1350,969,0.0,0.0,2,0,0
No Adaptive,3,358,train,heuristic,agent_win,10.0,10,50.0,1,Very Easy,0.05,0.05,1,1355,973,3.0,3.0,3,0,2
No Adaptive,3,359,train,heuristic,agent_win,10.0,8,50.0,1,Very Easy,0.05,0.05,1,1359,975,3.0,3.0,1,0,3
No Adaptive,3,360,train,heuristic,agent_win,10.0,8,50.0,1,Very Easy,0.05,0.05,1,1363,978,3.0,3.0,3,0,1
No Adaptive,3,361,train,heuristic,agent_win,10.0,8,50.0,1,Very Easy,0.05,0.05,1,1367,981,3.0,3.0,2,0,2
No Adaptive,3,362,train,heuristic,player_win,-10.0,9,50.0,1,Very Easy,0.05,0.05,1,1371,984,0.0,0.0,3,0,1
No Adaptive,3,363,train,heuristic,agent_win,10.0,8,50.0,1,Very Easy,0.05,0.05,1,1375,987,3.0,3.0,3,0,1
No Adaptive,3,364,train,heuristic,player_win,-10.0,7,50.0,1,Very Easy,0.05,0.05,1,1378,989,0.0,0.0,1,0,2
No Adaptive,3,365,train,heuristic,agent_win,10.0,8,50.0,1,Very Easy,0.05,0.05,1,1382,992,3.0,3.0,2,0,2
No Adaptive,3,366,train,heuristic,player_win,-10.0,7,50.0,1,Very Easy,0.05,0.05,1,1385,994,0.0,0.0,2,0,1
No Adaptive,3,367,train,heuristic,agent_win,10.0,10,50.0,1,Very Easy,0.05,0.05,1,1390,997,3.0,3.0,3,1,1
No Adaptive,3,368,train,heuristic,agent_win,10.0,8,50.0,1,Very Easy,0.05,0.05,1,1394,1000,3.0,3.0,2,0,2
No Adaptive,3,369,train,heuristic,agent_win,10.0,8,50.0,1,Very Easy,0.05,0.05,1,1398,1003,3.0,3.0,4,0,0
No Adaptive,3,370,train,heuristic,agent_win,10.0,6,50.0,1,Very Easy,0.05,0.05,1,1401,1005,3.0,3.0,2,0,1
No Adaptive,3,371,train,heuristic,player_win,-10.0,5,50.0,1,Very Easy,0.05,0.05,1,1403,1006,0.0,0.0,1,0,1
No Adaptive,3,372,train,heuristic,agent_win,10.0,8,50.0,1,Very Easy,0.05,0.05,1,1407,1009,3.0,3.0,2,0,2
No Adaptive,3,373,train,heuristic,player_win,-10.0,7,50.0,1,Very Easy,0.05,0.05,1,1410,1011,0.0,0.0,1,0,2
No Adaptive,3,374,train,heuristic,player_win,-10.0,7,50.0,1,Very Easy,0.05,0.05,1,1413,1013,0.0,0.0,1,0,2
No Adaptive,3,375,train,heuristic,agent_win,10.0,8,50.0,1,Very Easy,0.05,0.05,1,1417,1016,3.0,3.0,2,0,2
No Adaptive,3,376,train,heuristic,player_win,-10.0,11,50.0,1,Very Easy,0.05,0.05,1,1422,1019,0.0,0.0,2,1,2
No Adaptive,3,377,train,heuristic,player_win,-10.0,9,50.0,1,Very Easy,0.05,0.05,1,1426,1022,0.0,0.0,2,0,2
No Adaptive,3,378,train,heuristic,agent_win,10.0,10,50.0,1,Very Easy,0.05,0.05,1,1431,1026,3.0,3.0,2,0,3
No Adaptive,3,379,train,heuristic,agent_win,10.0,8,50.0,1,Very Easy,0.05,0.05,1,1435,1029,3.0,3.0,2,0,2
No Adaptive,3,380,train,heuristic,player_win,-10.0,9,50.0,1,Very Easy,0.05,0.05,1,1439,1032,0.0,0.0,2,0,2
No Adaptive,3,381,train,heuristic,player_win,-10.0,9,50.0,1,Very Easy,0.05,0.05,1,1443,1035,0.0,0.0,3,0,1
No Adaptive,3,382,train,heuristic,agent_win,10.0,8,50.0,1,Very Easy,0.05,0.05,1,1447,1038,3.0,3.0,2,0,2
No Adaptive,3,383,train,heuristic,player_win,-10.0,9,50.0,1,Very Easy,0.05,0.05,1,1451,1040,0.0,0.0,1,0,3
No Adaptive,3,384,train,heuristic,player_win,-10.0,7,50.0,1,Very Easy,0.05,0.05,1,1454,1042,0.0,0.0,3,0,0
No Adaptive,3,385,train,heuristic,agent_win,10.0,10,50.0,1,Very Easy,0.05,0.05,1,1459,1046,3.0,3.0,2,0,3
No Adaptive,3,386,train,heuristic,player_win,-10.0,7,50.0,1,Very Easy,0.05,0.05,1,1462,1048,0.0,0.0,2,0,1
No Adaptive,3,387,train,heuristic,agent_win,10.0,10,50.0,1,Very Easy,0.05,0.05,1,1467,1052,3.0,3.0,3,0,2
No Adaptive,3,388,train,heuristic,player_win,-10.0,7,50.0,1,Very Easy,0.05,0.05,1,1470,1053,0.0,0.0,1,0,2
No Adaptive,3,389,train,heuristic,player_win,-10.0,7,50.0,1,Very Easy,0.05,0.05,1,1473,1055,0.0,0.0,1,0,2
No Adaptive,3,390,train,heuristic,agent_win,10.0,8,50.0,1,Very Easy,0.05,0.05,1,1477,1058,3.0,3.0,3,0,1
No Adaptive,3,391,train,heuristic,agent_win,10.0,6,50.0,1,Very Easy,0.05,0.05,1,1480,1058,2.0999999999999996,2.0999999999999996,3,0,0
No Adaptive,3,392,train,heuristic,player_win,-10.0,9,50.0,1,Very Easy,0.05,0.05,1,1484,1061,0.0,0.0,3,0,1
No Adaptive,3,393,train,heuristic,agent_win,10.0,12,50.0,1,Very Easy,0.05,0.05,1,1490,1065,3.0,3.0,3,0,3
No Adaptive,3,394,train,heuristic,agent_win,10.0,6,50.0,1,Very Easy,0.05,0.05,1,1493,1067,3.0,3.0,2,0,1
No Adaptive,3,395,train,heuristic,agent_win,10.0,10,50.0,1,Very Easy,0.05,0.05,1,1498,1070,3.0,3.0,3,0,2
No Adaptive,3,396,train,heuristic,agent_win,10.0,8,50.0,1,Very Easy,0.05,0.05,1,1502,1073,3.0,3.0,2,0,2
No Adaptive,3,397,train,heuristic,agent_win,10.0,8,50.0,1,Very Easy,0.05,0.05,1,1506,1074,3.0,3.0,3,0,1
No Adaptive,3,398,train,heuristic,player_win,-10.0,7,50.0,1,Very Easy,0.05,0.05,1,1509,1076,0.0,0.0,2,0,1
No Adaptive,3,399,train,heuristic,player_win,-10.0,13,50.0,1,Very Easy,0.05,0.05,1,1515,1080,0.0,0.0,4,0,2
No Adaptive,3,400,train,heuristic,player_win,-10.0,7,50.0,1,Very Easy,0.05,0.05,1,1518,1082,0.0,0.0,2,1,0
No Adaptive,3,401,train,heuristic,player_win,-10.0,11,50.0,1,Very Easy,0.05,0.05,1,1523,1086,0.0,0.0,3,1,1
No Adaptive,3,402,train,heuristic,player_win,-10.0,9,50.0,1,Very Easy,0.05,0.05,1,1527,1088,0.0,0.0,3,0,1
No Adaptive,3,403,train,heuristic,agent_win,10.0,10,50.0,1,Very Easy,0.05,0.05,1,1532,1092,3.0,3.0,3,0,2
No Adaptive,3,404,train,heuristic,agent_win,10.0,8,50.0,1,Very Easy,0.05,0.05,1,1536,1095,3.0,3.0,3,0,1
No Adaptive,3,405,train,heuristic,player_win,-10.0,5,50.0,1,Very Easy,0.05,0.05,1,1538,1095,0.0,0.0,1,0,1
No Adaptive,3,406,train,heuristic,player_win,-10.0,7,50.0,1,Very Easy,0.05,0.05,1,1541,1097,0.0,0.0,1,0,2
No Adaptive,3,407,train,heuristic,player_win,-10.0,11,50.0,1,Very Easy,0.05,0.05,1,1546,1101,0.0,0.0,2,0,3
No Adaptive,3,408,train,heuristic,player_win,-10.0,11,50.0,1,Very Easy,0.05,0.05,1,1551,1105,0.0,0.0,2,1,2
No Adaptive,3,409,train,heuristic,agent_win,10.0,10,50.0,1,Very Easy,0.05,0.05,1,1556,1107,3.0,3.0,3,0,2
No Adaptive,3,410,train,heuristic,player_win,-10.0,9,50.0,1,Very Easy,0.05,0.05,1,1560,1110,0.0,0.0,2,0,2
No Adaptive,3,411,train,heuristic,agent_win,10.0,8,50.0,1,Very Easy,0.05,0.05,1,1564,1113,3.0,3.0,3,0,1
No Adaptive,3,412,train,heuristic,agent_win,10.0,8,50.0,1,Very Easy,0.05,0.05,1,1568,1116,3.0,3.0,2,0,2
No Adaptive,3,413,train,heuristic,player_win,-10.0,11,50.0,1,Very Easy,0.05,0.05,1,1573,1120,0.0,0.0,3,1,1
No Adaptive,3,414,train,heuristic,player_win,-10.0,9,50.0,1,Very Easy,0.05,0.05,1,1577,1122,0.0,0.0,3,0,1
No Adaptive,3,415,train,heuristic,player_win,-10.0,7,50.0,1,Very Easy,0.05,0.05,1,1580,1124,0.0,0.0,1,0,2
No Adaptive,3,416,train,heuristic,agent_win,10.0,10,50.0,1,Very Easy,0.05,0.05,1,1585,1128,3.0,3.0,3,0,2
No Adaptive,3,417,train,heuristic,agent_win,10.0,10,50.0,1,Very Easy,0.05,0.05,1,1590,1132,3.0,3.0,2,0,3
No Adaptive,3,418,train,heuristic,agent_win,10.0,8,50.0,1,Very Easy,0.05,0.05,1,1594,1135,3.0,3.0,2,0,2
No Adaptive,3,419,train,heuristic,player_win,-10.0,9,50.0,1,Very Easy,0.05,0.05,1,1598,1138,0.0,0.0,1,0,3
No Adaptive,3,420,train,heuristic,agent_win,10.0,8,50.0,1,Very Easy,0.05,0.05,1,1602,1141,3.0,3.0,1,0,3
No Adaptive,3,421,train,heuristic,agent_win,10.0,10,50.0,1,Very Easy,0.05,0.05,1,1607,1144,3.0,3.0,2,0,3
No Adaptive,3,422,train,heuristic,player_win,-10.0,9,50.0,1,Very Easy,0.05,0.05,1,1611,1147,0.0,0.0,3,0,1
No Adaptive,3,423,train,heuristic,player_win,-10.0,9,50.0,1,Very Easy,0.05,0.05,1,1615,1150,0.0,0.0,3,0,1
No Adaptive,3,424,train,heuristic,agent_win,10.0,8,50.0,1,Very Easy,0.05,0.05,1,1619,1153,3.0,3.0,2,0,2
No Adaptive,3,425,train,heuristic,player_win,-10.0,7,50.0,1,Very Easy,0.05,0.05,1,1622,1154,0.0,0.0,2,0,1
No Adaptive,3,426,train,heuristic,agent_win,10.0,10,50.0,1,Very Easy,0.05,0.05,1,1627,1158,3.0,3.0,3,0,2
No Adaptive,3,427,train,heuristic,agent_win,10.0,10,50.0,1,Very Easy,0.05,0.05,1,1632,1162,3.0,3.0,3,0,2
No Adaptive,3,428,train,heuristic,player_win,-10.0,7,50.0,1,Very Easy,0.05,0.05,1,1635,1164,0.0,0.0,2,0,1
No Adaptive,3,429,train,heuristic,player_win,-10.0,7,50.0,1,Very Easy,0.05,0.05,1,1638,1166,0.0,0.0,2,0,1
No Adaptive,3,430,train,heuristic,agent_win,10.0,6,50.0,1,Very Easy,0.05,0.05,1,1641,1168,3.0,3.0,2,0,1
No Adaptive,3,431,train,heuristic,player_win,-10.0,7,50.0,1,Very Easy,0.05,0.05,1,1644,1169,0.0,0.0,1,0,2
No Adaptive,3,432,train,heuristic,agent_win,10.0,8,50.0,1,Very Easy,0.05,0.05,1,1648,1172,3.0,3.0,2,0,2
No Adaptive,3,433,train,heuristic,player_win,-10.0,9,50.0,1,Very Easy,0.05,0.05,1,1652,1175,0.0,0.0,1,0,3
No Adaptive,3,434,train,heuristic,agent_win,10.0,6,50.0,1,Very Easy,0.05,0.05,1,1655,1176,3.0,3.0,2,0,1
No Adaptive,3,435,train,heuristic,agent_win,10.0,10,50.0,1,Very Easy,0.05,0.05,1,1660,1180,3.0,3.0,3,0,2
No Adaptive,3,436,train,heuristic,player_win,-10.0,9,50.0,1,Very Easy,0.05,0.05,1,1664,1183,0.0,0.0,2,0,2
No Adaptive,3,437,train,heuristic,agent_win,10.0,6,50.0,1,Very Easy,0.05,0.05,1,1667,1185,3.0,3.0,2,0,1
No Adaptive,3,438,train,heuristic,player_win,-10.0,9,50.0,1,Very Easy,0.05,0.05,1,1671,1188,0.0,0.0,2,0,2
No Adaptive,3,439,train,heuristic,player_win,-10.0,9,50.0,1,Very Easy,0.05,0.05,1,1675,1191,0.0,0.0,3,0,1
No Adaptive,3,440,train,heuristic,player_win,-10.0,11,50.0,1,Very Easy,0.05,0.05,1,1680,1195,0.0,0.0,1,0,4
No Adaptive,3,441,train,heuristic,player_win,-10.0,7,50.0,1,Very Easy,0.05,0.05,1,1683,1197,0.0,0.0,2,0,1
No Adaptive,3,442,train,heuristic,player_win,-10.0,9,50.0,1,Very Easy,0.05,0.05,1,1687,1200,0.0,0.0,3,0,1
No Adaptive,3,443,train,heuristic,player_win,-10.0,5,50.0,1,Very Easy,0.05,0.05,1,1689,1201,0.0,0.0,2,0,0
No Adaptive,3,444,train,heuristic,agent_win,10.0,10,50.0,1,Very Easy,0.05,0.05,1,1694,1205,3.0,3.0,3,0,2
No Adaptive,3,445,train,heuristic,player_win,-10.0,11,50.0,1,Very Easy,0.05,0.05,1,1699,1209,0.0,0.0,2,0,3
No Adaptive,3,446,train,heuristic,player_win,-10.0,11,50.0,1,Very Easy,0.05,0.05,1,1704,1213,0.0,0.0,2,0,3
No Adaptive,3,447,train,heuristic,agent_win,10.0,10,50.0,1,Very Easy,0.05,0.05,1,1709,1216,3.0,3.0,3,0,2
No Adaptive,3,448,train,heuristic,player_win,-10.0,7,50.0,1,Very Easy,0.05,0.05,1,1712,1218,0.0,0.0,2,0,1
No Adaptive,3,449,train,heuristic,player_win,-10.0,11,50.0,1,Very Easy,0.05,0.05,1,1717,1221,0.0,0.0,2,0,3
No Adaptive,3,450,train,heuristic,player_win,-10.0,9,50.0,1,Very Easy,0.05,0.05,1,1721,1224,0.0,0.0,3,0,1
No Adaptive,3,451,train,heuristic,agent_win,10.0,8,50.0,1,Very Easy,0.05,0.05,1,1725,1227,3.0,3.0,2,0,2
No Adaptive,3,452,train,heuristic,agent_win,10.0,8,50.0,1,Very Easy,0.05,0.05,1,1729,1229,3.0,3.0,2,0,2
No Adaptive,3,453,train,heuristic,agent_win,10.0,8,50.0,1,Very Easy,0.05,0.05,1,1733,1232,3.0,3.0,2,0,2
No Adaptive,3,454,train,heuristic,agent_win,10.0,6,50.0,1,Very Easy,0.05,0.05,1,1736,1234,3.0,3.0,2,0,1
No Adaptive,3,455,train,heuristic,player_win,-10.0,7,50.0,1,Very Easy,0.05,0.05,1,1739,1236,0.0,0.0,1,0,2
No Adaptive,3,456,train,heuristic,player_win,-10.0,13,50.0,1,Very Easy,0.05,0.05,1,1745,1241,0.0,0.0,2,0,4
No Adaptive,3,457,train,heuristic,player_win,-10.0,7,50.0,1,Very Easy,0.05,0.05,1,1748,1243,0.0,0.0,1,0,2
No Adaptive,3,458,train,heuristic,player_win,-10.0,9,50.0,1,Very Easy,0.05,0.05,1,1752,1245,0.0,0.0,2,0,2
No Adaptive,3,459,train,heuristic,player_win,-10.0,7,50.0,1,Very Easy,0.05,0.05,1,1755,1247,0.0,0.0,2,0,1
No Adaptive,3,460,train,heuristic,player_win,-10.0,7,50.0,1,Very Easy,0.05,0.05,1,1758,1248,0.0,0.0,2,0,1
No Adaptive,3,461,train,heuristic,player_win,-10.0,11,50.0,1,Very Easy,0.05,0.05,1,1763,1252,0.0,0.0,3,0,2
No Adaptive,3,462,train,heuristic,agent_win,10.0,10,50.0,1,Very Easy,0.05,0.05,1,1768,1256,3.0,3.0,3,0,2
No Adaptive,3,463,train,heuristic,agent_win,10.0,6,50.0,1,Very Easy,0.05,0.05,1,1771,1258,3.0,3.0,1,0,2
No Adaptive,3,464,train,heuristic,player_win,-10.0,9,50.0,1,Very Easy,0.05,0.05,1,1775,1261,0.0,0.0,2,0,2
No Adaptive,3,465,train,heuristic,agent_win,10.0,6,50.0,1,Very Easy,0.05,0.05,1,1778,1263,3.0,3.0,3,0,0
No Adaptive,3,466,train,heuristic,player_win,-10.0,9,50.0,1,Very Easy,0.05,0.05,1,1782,1265,0.0,0.0,2,0,2
No Adaptive,3,467,train,heuristic,player_win,-10.0,7,50.0,1,Very Easy,0.05,0.05,1,1785,1267,0.0,0.0,2,0,1
No Adaptive,3,468,train,heuristic,player_win,-10.0,9,50.0,1,Very Easy,0.05,0.05,1,1789,1270,0.0,0.0,2,0,2
No Adaptive,3,469,train,heuristic,player_win,-10.0,7,50.0,1,Very Easy,0.05,0.05,1,1792,1272,0.0,0.0,2,0,1
No Adaptive,3,470,train,heuristic,player_win,-10.0,9,50.0,1,Very Easy,0.05,0.05,1,1796,1275,0.0,0.0,2,0,2
No Adaptive,3,471,train,heuristic,player_win,-10.0,7,50.0,1,Very Easy,0.05,0.05,1,1799,1277,0.0,0.0,2,0,1
No Adaptive,3,472,train,heuristic,player_win,-10.0,11,50.0,1,Very Easy,0.05,0.05,1,1804,1281,0.0,0.0,3,0,2
No Adaptive,3,473,train,heuristic,player_win,-10.0,9,50.0,1,Very Easy,0.05,0.05,1,1808,1283,0.0,0.0,2,0,2
No Adaptive,3,474,train,heuristic,agent_win,10.0,6,50.0,1,Very Easy,0.05,0.05,1,1811,1285,3.0,3.0,3,0,0
No Adaptive,3,475,train,heuristic,player_win,-10.0,5,50.0,1,Very Easy,0.05,0.05,1,1813,1286,0.0,0.0,1,0,1
No Adaptive,3,476,train,heuristic,player_win,-10.0,9,50.0,1,Very Easy,0.05,0.05,1,1817,1289,0.0,0.0,1,0,3
No Adaptive,3,477,train,heuristic,agent_win,10.0,8,50.0,1,Very Easy,0.05,0.05,1,1821,1291,3.0,3.0,2,0,2
No Adaptive,3,478,train,heuristic,player_win,-10.0,5,50.0,1,Very Easy,0.05,0.05,1,1823,1292,0.0,0.0,1,0,1
No Adaptive,3,479,train,heuristic,player_win,-10.0,9,50.0,1,Very Easy,0.05,0.05,1,1827,1292,0.0,0.0,3,0,1
No Adaptive,3,480,train,heuristic,player_win,-10.0,9,50.0,1,Very Easy,0.05,0.05,1,1831,1295,0.0,0.0,2,0,2
No Adaptive,3,481,train,heuristic,player_win,-10.0,9,50.0,1,Very Easy,0.05,0.05,1,1835,1298,0.0,0.0,3,0,1
No Adaptive,3,482,train,heuristic,player_win,-10.0,7,50.0,1,Very Easy,0.05,0.05,1,1838,1300,0.0,0.0,1,0,2
No Adaptive,3,483,train,heuristic,agent_win,10.0,10,50.0,1,Very Easy,0.05,0.05,1,1843,1304,3.0,3.0,3,0,2
No Adaptive,3,484,train,heuristic,player_win,-10.0,7,50.0,1,Very Easy,0.05,0.05,1,1846,1305,0.0,0.0,1,0,2
No Adaptive,3,485,train,heuristic,agent_win,10.0,8,50.0,1,Very Easy,0.05,0.05,1,1850,1308,3.0,3.0,2,0,2
No Adaptive,3,486,train,heuristic,player_win,-10.0,7,50.0,1,Very Easy,0.05,0.05,1,1853,1310,0.0,0.0,1,0,2
No Adaptive,3,487,train,heuristic,player_win,-10.0,9,50.0,1,Very Easy,0.05,0.05,1,1857,1313,0.0,0.0,2,0,2
No Adaptive,3,488,train,heuristic,player_win,-10.0,7,50.0,1,Very Easy,0.05,0.05,1,1860,1315,0.0,0.0,1,1,1
No Adaptive,3,489,train,heuristic,player_win,-10.0,5,50.0,1,Very Easy,0.05,0.05,1,1862,1316,0.0,0.0,1,0,1
No Adaptive,3,490,train,heuristic,player_win,-10.0,5,50.0,1,Very Easy,0.05,0.05,1,1864,1317,0.0,0.0,1,0,1
No Adaptive,3,491,train,heuristic,agent_win,10.0,10,50.0,1,Very Easy,0.05,0.05,1,1869,1321,3.0,3.0,3,0,2
No Adaptive,3,492,train,heuristic,player_win,-10.0,5,50.0,1,Very Easy,0.05,0.05,1,1871,1322,0.0,0.0,1,0,1
No Adaptive,3,493,train,heuristic,agent_win,10.0,12,50.0,1,Very Easy,0.05,0.05,1,1877,1327,3.0,3.0,4,0,2
No Adaptive,3,494,train,heuristic,player_win,-10.0,7,50.0,1,Very Easy,0.05,0.05,1,1880,1329,0.0,0.0,1,0,2
No Adaptive,3,495,train,heuristic,player_win,-10.0,9,50.0,1,Very Easy,0.05,0.05,1,1884,1329,0.0,0.0,2,1,1
No Adaptive,3,496,train,heuristic,agent_win,10.0,8,50.0,1,Very Easy,0.05,0.05,1,1888,1332,3.0,3.0,1,0,3
No Adaptive,3,497,train,heuristic,agent_win,10.0,8,50.0,1,Very Easy,0.05,0.05,1,1892,1335,3.0,3.0,1,0,3
No Adaptive,3,498,train,heuristic,player_win,-10.0,9,50.0,1,Very Easy,0.05,0.05,1,1896,1338,0.0,0.0,3,0,1
No Adaptive,3,499,train,heuristic,agent_win,10.0,6,50.0,1,Very Easy,0.05,0.05,1,1899,1339,3.0,3.0,1,2,0
No Adaptive,3,500,train,heuristic,player_win,-10.0,9,50.0,1,Very Easy,0.05,0.05,1,1903,1342,0.0,0.0,1,0,3
No Adaptive,3,501,train,heuristic,player_win,-10.0,7,50.0,1,Very Easy,0.05,0.05,1,1906,1344,0.0,0.0,2,0,1
No Adaptive,3,502,train,heuristic,player_win,-10.0,7,50.0,1,Very Easy,0.05,0.05,1,1909,1346,0.0,0.0,2,0,1
No Adaptive,3,503,train,heuristic,agent_win,10.0,10,50.0,1,Very Easy,0.05,0.05,1,1914,1350,3.0,3.0,2,0,3
No Adaptive,3,504,train,heuristic,player_win,-10.0,7,50.0,1,Very Easy,0.05,0.05,1,1917,1350,0.0,0.0,3,0,0
No Adaptive,3,505,train,heuristic,player_win,-10.0,7,50.0,1,Very Easy,0.05,0.05,1,1920,1352,0.0,0.0,1,0,2
No Adaptive,3,506,train,heuristic,player_win,-10.0,11,50.0,1,Very Easy,0.05,0.05,1,1925,1354,0.0,0.0,2,0,3
No Adaptive,3,507,train,heuristic,player_win,-10.0,9,50.0,1,Very Easy,0.05,0.05,1,1929,1356,0.0,0.0,3,0,1
No Adaptive,3,508,train,heuristic,player_win,-10.0,5,50.0,1,Very Easy,0.05,0.05,1,1931,1357,0.0,0.0,1,0,1
No Adaptive,3,509,train,heuristic,player_win,-10.0,5,50.0,1,Very Easy,0.05,0.05,1,1933,1358,0.0,0.0,1,0,1
No Adaptive,3,510,train,heuristic,player_win,-10.0,5,50.0,1,Very Easy,0.05,0.05,1,1935,1358,0.0,0.0,1,0,1
No Adaptive,3,511,train,heuristic,agent_win,10.0,8,50.0,1,Very Easy,0.05,0.05,1,1939,1361,3.0,3.0,1,0,3
No Adaptive,3,512,train,heuristic,player_win,-10.0,11,50.0,1,Very Easy,0.05,0.05,1,1944,1365,0.0,0.0,2,0,3
No Adaptive,3,513,train,heuristic,player_win,-10.0,7,50.0,1,Very Easy,0.05,0.05,1,1947,1367,0.0,0.0,1,0,2
No Adaptive,3,514,train,heuristic,player_win,-10.0,7,50.0,1,Very Easy,0.05,0.05,1,1950,1369,0.0,0.0,2,1,0
No Adaptive,3,515,train,heuristic,agent_win,10.0,8,50.0,1,Very Easy,0.05,0.05,1,1954,1371,3.0,3.0,2,0,2
No Adaptive,3,516,train,heuristic,player_win,-10.0,7,50.0,1,Very Easy,0.05,0.05,1,1957,1373,0.0,0.0,2,1,0
No Adaptive,3,517,train,heuristic,player_win,-10.0,9,50.0,1,Very Easy,0.05,0.05,1,1961,1375,0.0,0.0,1,0,3
No Adaptive,3,518,train,heuristic,player_win,-10.0,7,50.0,1,Very Easy,0.05,0.05,1,1964,1377,0.0,0.0,2,0,1
No Adaptive,3,519,train,heuristic,agent_win,10.0,8,50.0,1,Very Easy,0.05,0.05,1,1968,1380,3.0,3.0,3,0,1
No Adaptive,3,520,train,heuristic,player_win,-10.0,5,50.0,1,Very Easy,0.05,0.05,1,1970,1380,0.0,0.0,1,0,1
No Adaptive,3,521,train,heuristic,player_win,-10.0,7,50.0,1,Very Easy,0.05,0.05,1,1973,1382,0.0,0.0,2,0,1
No Adaptive,3,522,train,heuristic,player_win,-10.0,9,50.0,1,Very Easy,0.05,0.05,1,1977,1385,0.0,0.0,1,0,3
No Adaptive,3,523,train,heuristic,player_win,-10.0,9,50.0,1,Very Easy,0.05,0.05,1,1981,1388,0.0,0.0,2,0,2
No Adaptive,3,524,train,heuristic,player_win,-10.0,5,50.0,1,Very Easy,0.05,0.05,1,1983,1388,0.0,0.0,2,0,0
No Adaptive,3,525,train,heuristic,agent_win,10.0,8,50.0,1,Very Easy,0.05,0.05,1,1987,1391,3.0,3.0,2,0,2
No Adaptive,3,526,train,heuristic,agent_win,10.0,8,50.0,1,Very Easy,0.05,0.05,1,1991,1394,3.0,3.0,2,0,2
No Adaptive,3,527,train,heuristic,player_win,-10.0,7,50.0,1,Very Easy,0.05,0.05,1,1994,1396,0.0,0.0,2,0,1
No Adaptive,3,528,train,heuristic,player_win,-10.0,11,50.0,1,Very Easy,0.05,0.05,1,1999,1398,0.0,0.0,3,0,2
No Adaptive,3,529,train,heuristic,player_win,-10.0,7,50.0,1,Very Easy,0.05,0.05,1,2002,1400,0.0,0.0,1,0,2
No Adaptive,3,530,train,heuristic,player_win,-10.0,15,50.0,1,Very Easy,0.05,0.05,1,2009,1406,0.0,0.0,3,0,4
No Adaptive,3,531,train,heuristic,agent_win,10.0,8,50.0,1,Very Easy,0.05,0.05,1,2013,1408,3.0,3.0,1,0,3
No Adaptive,3,532,train,heuristic,agent_win,10.0,6,50.0,1,Very Easy,0.05,0.05,1,2016,1410,3.0,3.0,2,0,1
No Adaptive,3,533,train,heuristic,player_win,-10.0,9,50.0,1,Very Easy,0.05,0.05,1,2020,1413,0.0,0.0,3,0,1
No Adaptive,3,534,train,heuristic,agent_win,10.0,8,50.0,1,Very Easy,0.05,0.05,1,2024,1415,3.0,3.0,3,0,1
No Adaptive,3,535,train,heuristic,player_win,-10.0,7,50.0,1,Very Easy,0.05,0.05,1,2027,1417,0.0,0.0,1,0,2
No Adaptive,3,536,train,heuristic,player_win,-10.0,9,50.0,1,Very Easy,0.05,0.05,1,2031,1420,0.0,0.0,1,1,2
No Adaptive,3,537,train,heuristic,agent_win,10.0,8,50.0,1,Very Easy,0.05,0.05,1,2035,1423,3.0,3.0,2,0,2
No Adaptive,3,538,train,heuristic,player_win,-10.0,9,50.0,1,Very Easy,0.05,0.05,1,2039,1426,0.0,0.0,2,0,2
No Adaptive,3,539,train,heuristic,agent_win,10.0,8,50.0,1,Very Easy,0.05,0.05,1,2043,1429,3.0,3.0,2,0,2
No Adaptive,3,540,train,heuristic,agent_win,10.0,6,50.0,1,Very Easy,0.05,0.05,1,2046,1431,3.0,3.0,2,0,1
No Adaptive,3,541,train,heuristic,player_win,-10.0,7,50.0,1,Very Easy,0.05,0.05,1,2049,1433,0.0,0.0,1,0,2
No Adaptive,3,542,train,heuristic,player_win,-10.0,5,50.0,1,Very Easy,0.05,0.05,1,2051,1434,0.0,0.0,1,0,1
No Adaptive,3,543,train,heuristic,agent_win,10.0,8,50.0,1,Very Easy,0.05,0.05,1,2055,1436,3.0,3.0,2,0,2
No Adaptive,3,544,train,heuristic,agent_win,10.0,8,50.0,1,Very Easy,0.05,0.05,1,2059,1438,3.0,3.0,3,0,1
No Adaptive,3,545,train,heuristic,agent_win,10.0,8,50.0,1,Very Easy,0.05,0.05,1,2063,1441,3.0,3.0,3,0,1
No Adaptive,3,546,train,heuristic,player_win,-10.0,5,50.0,1,Very Easy,0.05,0.05,1,2065,1441,0.0,0.0,1,0,1
No Adaptive,3,547,train,heuristic,agent_win,10.0,6,50.0,1,Very Easy,0.05,0.05,1,2068,1443,3.0,3.0,1,0,2
No Adaptive,3,548,train,heuristic,agent_win,10.0,8,50.0,1,Very Easy,0.05,0.05,1,2072,1446,3.0,3.0,1,0,3
No Adaptive,3,549,train,heuristic,player_win,-10.0,11,50.0,1,Very Easy,0.05,0.05,1,2077,1450,0.0,0.0,2,0,3
No Adaptive,3,550,train,heuristic,agent_win,10.0,6,50.0,1,Very Easy,0.05,0.05,1,2080,1452,3.0,3.0,2,0,1
No Adaptive,3,551,train,heuristic,player_win,-10.0,9,50.0,1,Very Easy,0.05,0.05,1,2084,1454,0.0,0.0,2,0,2
No Adaptive,3,552,train,heuristic,player_win,-10.0,5,50.0,1,Very Easy,0.05,0.05,1,2086,1454,0.0,0.0,1,0,1
No Adaptive,3,553,train,heuristic,player_win,-10.0,5,50.0,1,Very Easy,0.05,0.05,1,2088,1455,0.0,0.0,1,0,1
No Adaptive,3,554,train,heuristic,agent_win,10.0,8,50.0,1,Very Easy,0.05,0.05,1,2092,1457,3.0,3.0,2,0,2
No Adaptive,3,555,train,heuristic,player_win,-10.0,9,50.0,1,Very Easy,0.05,0.05,1,2096,1460,0.0,0.0,3,0,1
No Adaptive,3,556,train,heuristic,agent_win,10.0,8,50.0,1,Very Easy,0.05,0.05,1,2100,1463,3.0,3.0,3,0,1
No Adaptive,3,557,train,heuristic,agent_win,10.0,10,50.0,1,Very Easy,0.05,0.05,1,2105,1467,3.0,3.0,3,0,2
No Adaptive,3,558,train,heuristic,player_win,-10.0,7,50.0,1,Very Easy,0.05,0.05,1,2108,1469,0.0,0.0,2,0,1
No Adaptive,3,559,train,heuristic,agent_win,10.0,8,50.0,1,Very Easy,0.05,0.05,1,2112,1472,3.0,3.0,2,0,2
No Adaptive,3,560,train,heuristic,agent_win,10.0,6,50.0,1,Very Easy,0.05,0.05,1,2115,1474,3.0,3.0,2,0,1
No Adaptive,3,561,train,heuristic,agent_win,10.0,8,50.0,1,Very Easy,0.05,0.05,1,2119,1475,3.0,3.0,2,0,2
No Adaptive,3,562,train,heuristic,player_win,-10.0,9,50.0,1,Very Easy,0.05,0.05,1,2123,1478,0.0,0.0,1,0,3
No Adaptive,3,563,train,heuristic,player_win,-10.0,9,50.0,1,Very Easy,0.05,0.05,1,2127,1481,0.0,0.0,2,0,2
No Adaptive,3,564,train,heuristic,player_win,-10.0,7,50.0,1,Very Easy,0.05,0.05,1,2130,1483,0.0,0.0,2,0,1
No Adaptive,3,565,train,heuristic,player_win,-10.0,9,50.0,1,Very Easy,0.05,0.05,1,2134,1485,0.0,0.0,2,1,1
No Adaptive,3,566,train,heuristic,player_win,-10.0,7,50.0,1,Very Easy,0.05,0.05,1,2137,1485,0.0,0.0,2,0,1
No Adaptive,3,567,train,heuristic,agent_win,10.0,8,50.0,1,Very Easy,0.05,0.05,1,2141,1488,3.0,3.0,2,0,2
No Adaptive,3,568,train,heuristic,agent_win,10.0,10,50.0,1,Very Easy,0.05,0.05,1,2146,1491,3.0,3.0,3,0,2
No Adaptive,3,569,train,heuristic,player_win,-10.0,9,50.0,1,Very Easy,0.05,0.05,1,2150,1494,0.0,0.0,1,0,3
No Adaptive,3,570,train,heuristic,player_win,-10.0,11,50.0,1,Very Easy,0.05,0.05,1,2155,1498,0.0,0.0,4,0,1
No Adaptive,3,571,train,heuristic,player_win,-10.0,9,50.0,1,Very Easy,0.05,0.05,1,2159,1501,0.0,0.0,3,0,1
No Adaptive,3,572,train,heuristic,agent_win,10.0,8,50.0,1,Very Easy,0.05,0.05,1,2163,1504,3.0,3.0,2,0,2
No Adaptive,3,573,train,heuristic,agent_win,10.0,10,50.0,1,Very Easy,0.05,0.05,1,2168,1507,3.0,3.0,2,0,3
No Adaptive,3,574,train,heuristic,player_win,-10.0,7,50.0,1,Very Easy,0.05,0.05,1,2171,1509,0.0,0.0,2,0,1
No Adaptive,3,575,train,heuristic,agent_win,10.0,10,50.0,1,Very Easy,0.05,0.05,1,2176,1513,3.0,3.0,3,0,2
No Adaptive,3,576,train,heuristic,player_win,-10.0,9,50.0,1,Very Easy,0.05,0.05,1,2180,1516,0.0,0.0,1,0,3
No Adaptive,3,577,train,heuristic,agent_win,10.0,12,50.0,1,Very Easy,0.05,0.05,1,2186,1521,3.0,3.0,4,0,2
No Adaptive,3,578,train,heuristic,player_win,-10.0,9,50.0,1,Very Easy,0.05,0.05,1,2190,1524,0.0,0.0,2,0,2
No Adaptive,3,579,train,heuristic,player_win,-10.0,7,50.0,1,Very Easy,0.05,0.05,1,2193,1526,0.0,0.0,2,0,1
No Adaptive,3,580,train,heuristic,player_win,-10.0,7,50.0,1,Very Easy,0.05,0.05,1,2196,1527,0.0,0.0,2,0,1
No Adaptive,3,581,train,heuristic,player_win,-10.0,7,50.0,1,Very Easy,0.05,0.05,1,2199,1529,0.0,0.0,1,0,2
No Adaptive,3,582,train,heuristic,player_win,-10.0,9,50.0,1,Very Easy,0.05,0.05,1,2203,1531,0.0,0.0,2,0,2
No Adaptive,3,583,train,heuristic,agent_win,10.0,8,50.0,1,Very Easy,0.05,0.05,1,2207,1533,3.0,3.0,2,0,2
No Adaptive,3,584,train,heuristic,player_win,-10.0,11,50.0,1,Very Easy,0.05,0.05,1,2212,1537,0.0,0.0,3,0,2
No Adaptive,3,585,train,heuristic,agent_win,10.0,12,50.0,1,Very Easy,0.05,0.05,1,2218,1542,3.0,3.0,4,0,2
No Adaptive,3,586,train,heuristic,agent_win,10.0,6,50.0,1,Very Easy,0.05,0.05,1,2221,1544,3.0,3.0,2,0,1
No Adaptive,3,587,train,heuristic,player_win,-10.0,9,50.0,1,Very Easy,0.05,0.05,1,2225,1547,0.0,0.0,2,0,2
No Adaptive,3,588,train,heuristic,player_win,-10.0,9,50.0,1,Very Easy,0.05,0.05,1,2229,1550,0.0,0.0,2,0,2
No Adaptive,3,589,train,heuristic,player_win,-10.0,7,50.0,1,Very Easy,0.05,0.05,1,2232,1552,0.0,0.0,1,0,2
No Adaptive,3,590,train,heuristic,agent_win,10.0,6,50.0,1,Very Easy,0.05,0.05,1,2235,1552,2.0999999999999996,2.0999999999999996,2,0,1
No Adaptive,3,591,train,heuristic,player_win,-10.0,7,50.0,1,Very Easy,0.05,0.05,1,2238,1553,0.0,0.0,2,0,1
No Adaptive,3,592,train,heuristic,agent_win,10.0,8,50.0,1,Very Easy,0.05,0.05,1,2242,1556,3.0,3.0,2,1,1
No Adaptive,3,593,train,heuristic,player_win,-10.0,7,50.0,1,Very Easy,0.05,0.05,1,2245,1558,0.0,0.0,1,0,2
No Adaptive,3,594,train,heuristic,player_win,-10.0,7,50.0,1,Very Easy,0.05,0.05,1,2248,1560,0.0,0.0,2,0,1
No Adaptive,3,595,train,heuristic,player_win,-10.0,7,50.0,1,Very Easy,0.05,0.05,1,2251,1562,0.0,0.0,2,0,1
No Adaptive,3,596,train,heuristic,player_win,-10.0,5,50.0,1,Very Easy,0.05,0.05,1,2253,1562,0.0,0.0,2,0,0
No Adaptive,3,597,train,heuristic,player_win,-10.0,9,50.0,1,Very Easy,0.05,0.05,1,2257,1564,0.0,0.0,2,0,2
No Adaptive,3,598,train,heuristic,player_win,-10.0,7,50.0,1,Very Easy,0.05,0.05,1,2260,1564,0.0,0.0,1,0,2
No Adaptive,3,599,train,heuristic,agent_win,10.0,6,50.0,1,Very Easy,0.05,0.05,1,2263,1564,2.0999999999999996,2.0999999999999996,2,0,1
No Adaptive,3,600,train,heuristic,player_win,-10.0,7,50.0,1,Very Easy,0.05,0.05,1,2266,1566,0.0,0.0,1,1,1
No Adaptive,3,601,train,heuristic,agent_win,10.0,8,50.0,1,Very Easy,0.05,0.05,1,2270,1569,3.0,3.0,2,0,2
No Adaptive,3,602,train,heuristic,player_win,-10.0,5,50.0,1,Very Easy,0.05,0.05,1,2272,1569,0.0,0.0,1,0,1
No Adaptive,3,603,train,heuristic,agent_win,10.0,10,50.0,1,Very Easy,0.05,0.05,1,2277,1572,3.0,3.0,3,0,2
No Adaptive,3,604,train,heuristic,agent_win,10.0,10,50.0,1,Very Easy,0.05,0.05,1,2282,1575,3.0,3.0,4,0,1
No Adaptive,3,605,train,heuristic,agent_win,10.0,10,50.0,1,Very Easy,0.05,0.05,1,2287,1579,3.0,3.0,2,0,3
No Adaptive,3,606,train,heuristic,agent_win,10.0,10,50.0,1,Very Easy,0.05,0.05,1,2292,1583,3.0,3.0,3,0,2
No Adaptive,3,607,train,heuristic,player_win,-10.0,7,50.0,1,Very Easy,0.05,0.05,1,2295,1584,0.0,0.0,2,0,1
No Adaptive,3,608,train,heuristic,player_win,-10.0,9,50.0,1,Very Easy,0.05,0.05,1,2299,1586,0.0,0.0,1,0,3
No Adaptive,3,609,train,heuristic,agent_win,10.0,6,50.0,1,Very Easy,0.05,0.05,1,2302,1586,2.0999999999999996,2.0999999999999996,2,0,1
No Adaptive,3,610,train,heuristic,agent_win,10.0,8,50.0,1,Very Easy,0.05,0.05,1,2306,1588,3.0,3.0,2,0,2
No Adaptive,3,611,train,heuristic,agent_win,10.0,8,50.0,1,Very Easy,0.05,0.05,1,2310,1591,3.0,3.0,3,0,1
No Adaptive,3,612,train,heuristic,player_win,-10.0,7,50.0,1,Very Easy,0.05,0.05,1,2313,1593,0.0,0.0,2,0,1
No Adaptive,3,613,train,heuristic,agent_win,10.0,8,50.0,1,Very Easy,0.05,0.05,1,2317,1596,3.0,3.0,3,0,1
No Adaptive,3,614,train,heuristic,player_win,-10.0,7,50.0,1,Very Easy,0.05,0.05,1,2320,1598,0.0,0.0,1,0,2
No Adaptive,3,615,train,heuristic,agent_win,10.0,10,50.0,1,Very Easy,0.05,0.05,1,2325,1602,3.0,3.0,2,0,3
No Adaptive,3,616,train,heuristic,player_win,-10.0,9,50.0,1,Very Easy,0.05,0.05,1,2329,1604,0.0,0.0,3,0,1
No Adaptive,3,617,train,heuristic,player_win,-10.0,9,50.0,1,Very Easy,0.05,0.05,1,2333,1607,0.0,0.0,1,0,3
No Adaptive,3,618,train,heuristic,player_win,-10.0,7,50.0,1,Very Easy,0.05,0.05,1,2336,1609,0.0,0.0,2,0,1
No Adaptive,3,619,train,heuristic,agent_win,10.0,10,50.0,1,Very Easy,0.05,0.05,1,2341,1612,3.0,3.0,2,0,3
No Adaptive,3,620,train,heuristic,agent_win,10.0,8,50.0,1,Very Easy,0.05,0.05,1,2345,1615,3.0,3.0,3,1,0
No Adaptive,3,621,train,heuristic,player_win,-10.0,9,50.0,1,Very Easy,0.05,0.05,1,2349,1618,0.0,0.0,2,0,2
No Adaptive,3,622,train,heuristic,agent_win,10.0,8,50.0,1,Very Easy,0.05,0.05,1,2353,1621,3.0,3.0,2,0,2
No Adaptive,3,623,train,heuristic,player_win,-10.0,11,50.0,1,Very Easy,0.05,0.05,1,2358,1624,0.0,0.0,2,0,3
No Adaptive,3,624,train,heuristic,agent_win,10.0,8,50.0,1,Very Easy,0.05,0.05,1,2362,1626,3.0,3.0,3,0,1
No Adaptive,3,625,train,heuristic,player_win,-10.0,11,50.0,1,Very Easy,0.05,0.05,1,2367,1630,0.0,0.0,2,0,3
No Adaptive,3,626,train,heuristic,player_win,-10.0,7,50.0,1,Very Easy,0.05,0.05,1,2370,1632,0.0,0.0,1,0,2
No Adaptive,3,627,train,heuristic,player_win,-10.0,7,50.0,1,Very Easy,0.05,0.05,1,2373,1634,0.0,0.0,2,0,1
No Adaptive,3,628,train,heuristic,player_win,-10.0,7,50.0,1,Very Easy,0.05,0.05,1,2376,1636,0.0,0.0,2,0,1
No Adaptive,3,629,train,heuristic,player_win,-10.0,7,50.0,1,Very Easy,0.05,0.05,1,2379,1638,0.0,0.0,2,0,1
No Adaptive,3,630,train,heuristic,agent_win,10.0,8,50.0,1,Very Easy,0.05,0.05,1,2383,1641,3.0,3.0,3,0,1
No Adaptive,3,631,train,heuristic,player_win,-10.0,9,50.0,1,Very Easy,0.05,0.05,1,2387,1644,0.0,0.0,2,0,2
No Adaptive,3,632,train,heuristic,agent_win,10.0,6,50.0,1,Very Easy,0.05,0.05,1,2390,1646,3.0,3.0,2,0,1
No Adaptive,3,633,train,heuristic,agent_win,10.0,8,50.0,1,Very Easy,0.05,0.05,1,2394,1648,3.0,3.0,2,0,2
No Adaptive,3,634,train,heuristic,player_win,-10.0,5,50.0,1,Very Easy,0.05,0.05,1,2396,1649,0.0,0.0,1,0,1
No Adaptive,3,635,train,heuristic,player_win,-10.0,7,50.0,1,Very Easy,0.05,0.05,1,2399,1650,0.0,0.0,1,0,2
No Adaptive,3,636,train,heuristic,agent_win,10.0,8,50.0,1,Very Easy,0.05,0.05,1,2403,1653,3.0,3.0,1,0,3
No Adaptive,3,637,train,heuristic,player_win,-10.0,11,50.0,1,Very Easy,0.05,0.05,1,2408,1657,0.0,0.0,3,0,2
No Adaptive,3,638,train,heuristic,player_win,-10.0,7,50.0,1,Very Easy,0.05,0.05,1,2411,1659,0.0,0.0,2,0,1
No Adaptive,3,639,train,heuristic,agent_win,10.0,8,50.0,1,Very Easy,0.05,0.05,1,2415,1662,3.0,3.0,3,0,1
No Adaptive,3,640,train,heuristic,player_win,-10.0,5,50.0,1,Very Easy,0.05,0.05,1,2417,1663,0.0,0.0,1,0,1
No Adaptive,3,641,train,heuristic,player_win,-10.0,5,50.0,1,Very Easy,0.05,0.05,1,2419,1663,0.0,0.0,1,0,1
No Adaptive,3,642,train,heuristic,player_win,-10.0,7,50.0,1,Very Easy,0.05,0.05,1,2422,1665,0.0,0.0,2,0,1
No Adaptive,3,643,train,heuristic,player_win,-10.0,7,50.0,1,Very Easy,0.05,0.05,1,2425,1667,0.0,0.0,1,0,2
No Adaptive,3,644,train,heuristic,agent_win,10.0,10,50.0,1,Very Easy,0.05,0.05,1,2430,1671,3.0,3.0,2,0,3
No Adaptive,3,645,train,heuristic,player_win,-10.0,9,50.0,1,Very Easy,0.05,0.05,1,2434,1673,0.0,0.0,1,0,3
No Adaptive,3,646,train,heuristic,player_win,-10.0,9,50.0,1,Very Easy,0.05,0.05,1,2438,1676,0.0,0.0,2,0,2
No Adaptive,3,647,train,heuristic,agent_win,10.0,12,50.0,1,Very Easy,0.05,0.05,1,2444,1680,3.0,3.0,3,0,3
No Adaptive,3,648,train,heuristic,player_win,-10.0,9,50.0,1,Very Easy,0.05,0.05,1,2448,1683,0.0,0.0,2,0,2
No Adaptive,3,649,train,heuristic,player_win,-10.0,11,50.0,1,Very Easy,0.05,0.05,1,2453,1687,0.0,0.0,3,0,2
No Adaptive,3,650,train,heuristic,player_win,-10.0,7,50.0,1,Very Easy,0.05,0.05,1,2456,1688,0.0,0.0,1,0,2
No Adaptive,3,651,train,heuristic,player_win,-10.0,11,50.0,1,Very Easy,0.05,0.05,1,2461,1691,0.0,0.0,3,0,2
No Adaptive,3,652,train,heuristic,agent_win,10.0,8,50.0,1,Very Easy,0.05,0.05,1,2465,1693,3.0,3.0,2,1,1
No Adaptive,3,653,train,heuristic,player_win,-10.0,9,50.0,1,Very Easy,0.05,0.05,1,2469,1696,0.0,0.0,3,0,1
No Adaptive,3,654,train,heuristic,agent_win,10.0,10,50.0,1,Very Easy,0.05,0.05,1,2474,1698,3.0,3.0,2,0,3
No Adaptive,3,655,train,heuristic,agent_win,10.0,10,50.0,1,Very Easy,0.05,0.05,1,2479,1702,3.0,3.0,3,0,2
No Adaptive,3,656,train,heuristic,player_win,-10.0,9,50.0,1,Very Easy,0.05,0.05,1,2483,1705,0.0,0.0,3,0,1
No Adaptive,3,657,train,heuristic,player_win,-10.0,7,50.0,1,Very Easy,0.05,0.05,1,2486,1706,0.0,0.0,2,0,1
No Adaptive,3,658,train,heuristic,player_win,-10.0,7,50.0,1,Very Easy,0.05,0.05,1,2489,1707,0.0,0.0,1,0,2
No Adaptive,3,659,train,heuristic,agent_win,10.0,10,50.0,1,Very Easy,0.05,0.05,1,2494,1710,3.0,3.0,3,0,2
No Adaptive,3,660,train,heuristic,player_win,-10.0,7,50.0,1,Very Easy,0.05,0.05,1,2497,1710,0.0,0.0,2,0,1
No Adaptive,3,661,train,heuristic,agent_win,10.0,6,50.0,1,Very Easy,0.05,0.05,1,2500,1712,3.0,3.0,1,0,2
No Adaptive,3,662,train,heuristic,player_win,-10.0,9,50.0,1,Very Easy,0.05,0.05,1,2504,1714,0.0,0.0,1,0,3
No Adaptive,3,663,train,heuristic,agent_win,10.0,6,50.0,1,Very Easy,0.05,0.05,1,2507,1716,3.0,3.0,2,0,1
No Adaptive,3,664,train,heuristic,player_win,-10.0,11,50.0,1,Very Easy,0.05,0.05,1,2512,1720,0.0,0.0,2,0,3
No Adaptive,3,665,train,heuristic,agent_win,10.0,8,50.0,1,Very Easy,0.05,0.05,1,2516,1720,2.0999999999999996,2.0999999999999996,3,0,1
No Adaptive,3,666,train,heuristic,player_win,-10.0,7,50.0,1,Very Easy,0.05,0.05,1,2519,1721,0.0,0.0,2,0,1
No Adaptive,3,667,train,heuristic,player_win,-10.0,9,50.0,1,Very Easy,0.05,0.05,1,2523,1724,0.0,0.0,2,0,2
No Adaptive,3,668,train,heuristic,player_win,-10.0,7,50.0,1,Very Easy,0.05,0.05,1,2526,1726,0.0,0.0,2,1,0
No Adaptive,3,669,train,heuristic,agent_win,10.0,10,50.0,1,Very Easy,0.05,0.05,1,2531,1730,3.0,3.0,2,1,2
No Adaptive,3,670,train,heuristic,player_win,-10.0,7,50.0,1,Very Easy,0.05,0.05,1,2534,1731,0.0,0.0,1,0,2
No Adaptive,3,671,train,heuristic,agent_win,10.0,10,50.0,1,Very Easy,0.05,0.05,1,2539,1735,3.0,3.0,3,0,2
No Adaptive,3,672,train,heuristic,agent_win,10.0,6,50.0,1,Very Easy,0.05,0.05,1,2542,1736,3.0,3.0,2,0,1
No Adaptive,3,673,train,heuristic,player_win,-10.0,9,50.0,1,Very Easy,0.05,0.05,1,2546,1739,0.0,0.0,3,0,1
No Adaptive,3,674,train,heuristic,player_win,-10.0,11,50.0,1,Very Easy,0.05,0.05,1,2551,1743,0.0,0.0,4,0,1
No Adaptive,3,675,train,heuristic,player_win,-10.0,9,50.0,1,Very Easy,0.05,0.05,1,2555,1744,0.0,0.0,2,0,2
No Adaptive,3,676,train,heuristic,player_win,-10.0,9,50.0,1,Very Easy,0.05,0.05,1,2559,1747,0.0,0.0,1,0,3
No Adaptive,3,677,train,heuristic,agent_win,10.0,6,50.0,1,Very Easy,0.05,0.05,1,2562,1748,3.0,3.0,1,0,2
No Adaptive,3,678,train,heuristic,agent_win,10.0,8,50.0,1,Very Easy,0.05,0.05,1,2566,1751,3.0,3.0,3,0,1
No Adaptive,3,679,train,heuristic,player_win,-10.0,5,50.0,1,Very Easy,0.05,0.05,1,2568,1751,0.0,0.0,1,0,1
No Adaptive,3,680,train,heuristic,player_win,-10.0,7,50.0,1,Very Easy,0.05,0.05,1,2571,1753,0.0,0.0,2,0,1
No Adaptive,3,681,train,heuristic,player_win,-10.0,9,50.0,1,Very Easy,0.05,0.05,1,2575,1756,0.0,0.0,2,0,2
No Adaptive,3,682,train,heuristic,agent_win,10.0,6,50.0,1,Very Easy,0.05,0.05,1,2578,1758,3.0,3.0,1,0,2
No Adaptive,3,683,train,heuristic,player_win,-10.0,5,50.0,1,Very Easy,0.05,0.05,1,2580,1759,0.0,0.0,1,0,1
No Adaptive,3,684,train,heuristic,player_win,-10.0,9,50.0,1,Very Easy,0.05,0.05,1,2584,1760,0.0,0.0,2,0,2
No Adaptive,3,685,train,heuristic,agent_win,10.0,8,50.0,1,Very Easy,0.05,0.05,1,2588,1763,3.0,3.0,3,0,1
No Adaptive,3,686,train,heuristic,player_win,-10.0,7,50.0,1,Very Easy,0.05,0.05,1,2591,1765,0.0,0.0,1,0,2
No Adaptive,3,687,train,heuristic,agent_win,10.0,6,50.0,1,Very Easy,0.05,0.05,1,2594,1765,1.4699999999999998,1.4699999999999998,2,0,1
No Adaptive,3,688,train,heuristic,agent_win,10.0,8,50.0,1,Very Easy,0.05,0.05,1,2598,1768,3.0,3.0,2,0,2
No Adaptive,3,689,train,heuristic,player_win,-10.0,7,50.0,1,Very Easy,0.05,0.05,1,2601,1770,0.0,0.0,1,0,2
No Adaptive,3,690,train,heuristic,player_win,-10.0,9,50.0,1,Very Easy,0.05,0.05,1,2605,1772,0.0,0.0,2,0,2
No Adaptive,3,691,train,heuristic,agent_win,10.0,8,50.0,1,Very Easy,0.05,0.05,1,2609,1773,3.0,3.0,2,0,2
No Adaptive,3,692,train,heuristic,player_win,-10.0,5,50.0,1,Very Easy,0.05,0.05,1,2611,1774,0.0,0.0,1,0,1
No Adaptive,3,693,train,heuristic,agent_win,10.0,10,50.0,1,Very Easy,0.05,0.05,1,2616,1774,2.0999999999999996,2.0999999999999996,3,0,2
No Adaptive,3,694,train,heuristic,player_win,-10.0,7,50.0,1,Very Easy,0.05,0.05,1,2619,1776,0.0,0.0,2,0,1
No Adaptive,3,695,train,heuristic,player_win,-10.0,7,50.0,1,Very Easy,0.05,0.05,1,2622,1778,0.0,0.0,1,0,2
No Adaptive,3,696,train,heuristic,player_win,-10.0,11,50.0,1,Very Easy,0.05,0.05,1,2627,1782,0.0,0.0,3,0,2
No Adaptive,3,697,train,heuristic,agent_win,10.0,10,50.0,1,Very Easy,0.05,0.05,1,2632,1786,3.0,3.0,4,0,1
No Adaptive,3,698,train,heuristic,agent_win,10.0,6,50.0,1,Very Easy,0.05,0.05,1,2635,1788,3.0,3.0,1,0,2
No Adaptive,3,699,train,heuristic,player_win,-10.0,7,50.0,1,Very Easy,0.05,0.05,1,2638,1790,0.0,0.0,1,0,2
No Adaptive,3,700,train,heuristic,player_win,-10.0,7,50.0,1,Very Easy,0.05,0.05,1,2641,1792,0.0,0.0,1,0,2
No Adaptive,3,701,train,heuristic,agent_win,10.0,8,50.0,1,Very Easy,0.05,0.05,1,2645,1795,3.0,3.0,2,0,2
No Adaptive,3,702,train,heuristic,player_win,-10.0,7,50.0,1,Very Easy,0.05,0.05,1,2648,1797,0.0,0.0,1,0,2
No Adaptive,3,703,train,heuristic,player_win,-10.0,7,50.0,1,Very Easy,0.05,0.05,1,2651,1799,0.0,0.0,2,0,1
No Adaptive,3,704,train,heuristic,player_win,-10.0,5,50.0,1,Very Easy,0.05,0.05,1,2653,1799,0.0,0.0,1,0,1
No Adaptive,3,705,train,heuristic,player_win,-10.0,11,50.0,1,Very Easy,0.05,0.05,1,2658,1803,0.0,0.0,3,0,2
No Adaptive,3,706,train,heuristic,agent_win,10.0,6,50.0,1,Very Easy,0.05,0.05,1,2661,1804,3.0,3.0,2,0,1
No Adaptive,3,707,train,heuristic,player_win,-10.0,5,50.0,1,Very Easy,0.05,0.05,1,2663,1805,0.0,0.0,1,0,1
No Adaptive,3,708,train,heuristic,agent_win,10.0,8,50.0,1,Very Easy,0.05,0.05,1,2667,1808,3.0,3.0,3,0,1
No Adaptive,3,709,train,heuristic,agent_win,10.0,6,50.0,1,Very Easy,0.05,0.05,1,2670,1810,3.0,3.0,2,0,1
No Adaptive,3,710,train,heuristic,player_win,-10.0,7,50.0,1,Very Easy,0.05,0.05,1,2673,1812,0.0,0.0,2,0,1
No Adaptive,3,711,train,heuristic,player_win,-10.0,7,50.0,1,Very Easy,0.05,0.05,1,2676,1814,0.0,0.0,1,0,2
No Adaptive,3,712,train,heuristic,agent_win,10.0,10,50.0,1,Very Easy,0.05,0.05,1,2681,1818,3.0,3.0,2,1,2
No Adaptive,3,713,train,heuristic,player_win,-10.0,7,50.0,1,Very Easy,0.05,0.05,1,2684,1819,0.0,0.0,2,0,1
No Adaptive,3,714,train,heuristic,agent_win,10.0,8,50.0,1,Very Easy,0.05,0.05,1,2688,1821,3.0,3.0,2,0,2
No Adaptive,3,715,train,heuristic,agent_win,10.0,10,50.0,1,Very Easy,0.05,0.05,1,2693,1825,3.0,3.0,3,0,2
No Adaptive,3,716,train,heuristic,player_win,-10.0,7,50.0,1,Very Easy,0.05,0.05,1,2696,1827,0.0,0.0,1,0,2
No Adaptive,3,717,train,heuristic,player_win,-10.0,7,50.0,1,Very Easy,0.05,0.05,1,2699,1827,0.0,0.0,2,0,1
No Adaptive,3,718,train,heuristic,player_win,-10.0,7,50.0,1,Very Easy,0.05,0.05,1,2702,1829,0.0,0.0,1,0,2
No Adaptive,3,719,train,heuristic,player_win,-10.0,5,50.0,1,Very Easy,0.05,0.05,1,2704,1830,0.0,0.0,1,0,1
No Adaptive,3,720,train,heuristic,player_win,-10.0,9,50.0,1,Very Easy,0.05,0.05,1,2708,1832,0.0,0.0,1,0,3
No Adaptive,3,721,train,heuristic,agent_win,10.0,8,50.0,1,Very Easy,0.05,0.05,1,2712,1835,3.0,3.0,2,0,2
No Adaptive,3,722,train,heuristic,player_win,-10.0,11,50.0,1,Very Easy,0.05,0.05,1,2717,1839,0.0,0.0,3,1,1
No Adaptive,3,723,train,heuristic,player_win,-10.0,9,50.0,1,Very Easy,0.05,0.05,1,2721,1842,0.0,0.0,3,0,1
No Adaptive,3,724,train,heuristic,agent_win,10.0,10,50.0,1,Very Easy,0.05,0.05,1,2726,1846,3.0,3.0,3,0,2
No Adaptive,3,725,train,heuristic,player_win,-10.0,5,50.0,1,Very Easy,0.05,0.05,1,2728,1846,0.0,0.0,1,0,1
No Adaptive,3,726,train,heuristic,player_win,-10.0,5,50.0,1,Very Easy,0.05,0.05,1,2730,1846,0.0,0.0,1,0,1
No Adaptive,3,727,train,heuristic,player_win,-10.0,5,50.0,1,Very Easy,0.05,0.05,1,2732,1847,0.0,0.0,1,0,1
No Adaptive,3,728,train,heuristic,agent_win,10.0,6,50.0,1,Very Easy,0.05,0.05,1,2735,1849,3.0,3.0,1,0,2
No Adaptive,3,729,train,heuristic,agent_win,10.0,10,50.0,1,Very Easy,0.05,0.05,1,2740,1852,3.0,3.0,3,0,2
No Adaptive,3,730,train,heuristic,player_win,-10.0,9,50.0,1,Very Easy,0.05,0.05,1,2744,1854,0.0,0.0,1,0,3
No Adaptive,3,731,train,heuristic,player_win,-10.0,9,50.0,1,Very Easy,0.05,0.05,1,2748,1856,0.0,0.0,3,0,1
No Adaptive,3,732,train,heuristic,player_win,-10.0,9,50.0,1,Very Easy,0.05,0.05,1,2752,1859,0.0,0.0,2,0,2
No Adaptive,3,733,train,heuristic,agent_win,10.0,12,50.0,1,Very Easy,0.05,0.05,1,2758,1864,3.0,3.0,3,0,3
No Adaptive,3,734,train,heuristic,agent_win,10.0,12,50.0,1,Very Easy,0.05,0.05,1,2764,1869,3.0,3.0,5,0,1
No Adaptive,3,735,train,heuristic,player_win,-10.0,7,50.0,1,Very Easy,0.05,0.05,1,2767,1871,0.0,0.0,1,0,2
No Adaptive,3,736,train,heuristic,agent_win,10.0,10,50.0,1,Very Easy,0.05,0.05,1,2772,1875,3.0,3.0,2,0,3
No Adaptive,3,737,train,heuristic,player_win,-10.0,9,50.0,1,Very Easy,0.05,0.05,1,2776,1875,0.0,0.0,3,1,0
No Adaptive,3,738,train,heuristic,player_win,-10.0,7,50.0,1,Very Easy,0.05,0.05,1,2779,1875,0.0,0.0,2,0,1
No Adaptive,3,739,train,heuristic,player_win,-10.0,5,50.0,1,Very Easy,0.05,0.05,1,2781,1876,0.0,0.0,1,0,1
No Adaptive,3,740,train,heuristic,player_win,-10.0,9,50.0,1,Very Easy,0.05,0.05,1,2785,1878,0.0,0.0,3,0,1
No Adaptive,3,741,train,heuristic,agent_win,10.0,8,50.0,1,Very Easy,0.05,0.05,1,2789,1879,3.0,3.0,2,1,1
No Adaptive,3,742,train,heuristic,player_win,-10.0,9,50.0,1,Very Easy,0.05,0.05,1,2793,1881,0.0,0.0,1,0,3
No Adaptive,3,743,train,heuristic,player_win,-10.0,9,50.0,1,Very Easy,0.05,0.05,1,2797,1884,0.0,0.0,2,0,2
No Adaptive,3,744,train,heuristic,player_win,-10.0,7,50.0,1,Very Easy,0.05,0.05,1,2800,1886,0.0,0.0,2,0,1
No Adaptive,3,745,train,heuristic,agent_win,10.0,8,50.0,1,Very Easy,0.05,0.05,1,2804,1888,3.0,3.0,2,0,2
No Adaptive,3,746,train,heuristic,agent_win,10.0,6,50.0,1,Very Easy,0.05,0.05,1,2807,1890,3.0,3.0,2,0,1
No Adaptive,3,747,train,heuristic,player_win,-10.0,5,50.0,1,Very Easy,0.05,0.05,1,2809,1891,0.0,0.0,1,0,1
No Adaptive,3,748,train,heuristic,player_win,-10.0,7,50.0,1,Very Easy,0.05,0.05,1,2812,1893,0.0,0.0,2,0,1
No Adaptive,3,749,train,heuristic,agent_win,10.0,6,50.0,1,Very Easy,0.05,0.05,1,2815,1895,3.0,3.0,2,0,1
No Adaptive,3,750,train,heuristic,agent_win,10.0,8,50.0,1,Very Easy,0.05,0.05,1,2819,1898,3.0,3.0,1,0,3
No Adaptive,3,751,train,heuristic,agent_win,10.0,8,50.0,1,Very Easy,0.05,0.05,1,2823,1901,3.0,3.0,3,0,1
No Adaptive,3,752,train,heuristic,player_win,-10.0,7,50.0,1,Very Easy,0.05,0.05,1,2826,1903,0.0,0.0,1,0,2
No Adaptive,3,753,train,heuristic,player_win,-10.0,7,50.0,1,Very Easy,0.05,0.05,1,2829,1905,0.0,0.0,2,0,1
No Adaptive,3,754,train,heuristic,player_win,-10.0,11,50.0,1,Very Easy,0.05,0.05,1,2834,1908,0.0,0.0,2,0,3
No Adaptive,3,755,train,heuristic,agent_win,10.0,6,50.0,1,Very Easy,0.05,0.05,1,2837,1909,3.0,3.0,1,0,2
No Adaptive,3,756,train,heuristic,agent_win,10.0,10,50.0,1,Very Easy,0.05,0.05,1,2842,1913,3.0,3.0,2,0,3
No Adaptive,3,757,train,heuristic,agent_win,10.0,8,50.0,1,Very Easy,0.05,0.05,1,2846,1916,3.0,3.0,2,0,2
No Adaptive,3,758,train,heuristic,player_win,-10.0,5,50.0,1,Very Easy,0.05,0.05,1,2848,1917,0.0,0.0,1,0,1
No Adaptive,3,759,train,heuristic,player_win,-10.0,9,50.0,1,Very Easy,0.05,0.05,1,2852,1920,0.0,0.0,3,0,1
No Adaptive,3,760,train,heuristic,agent_win,10.0,10,50.0,1,Very Easy,0.05,0.05,1,2857,1924,3.0,3.0,1,0,4
No Adaptive,3,761,train,heuristic,agent_win,10.0,6,50.0,1,Very Easy,0.05,0.05,1,2860,1926,3.0,3.0,2,0,1
No Adaptive,3,762,train,heuristic,agent_win,10.0,8,50.0,1,Very Easy,0.05,0.05,1,2864,1926,2.0999999999999996,2.0999999999999996,3,0,1
No Adaptive,3,763,train,heuristic,player_win,-10.0,7,50.0,1,Very Easy,0.05,0.05,1,2867,1926,0.0,0.0,2,0,1
No Adaptive,3,764,train,heuristic,player_win,-10.0,7,50.0,1,Very Easy,0.05,0.05,1,2870,1928,0.0,0.0,1,0,2
No Adaptive,3,765,train,heuristic,agent_win,10.0,8,50.0,1,Very Easy,0.05,0.05,1,2874,1930,3.0,3.0,2,0,2
No Adaptive,3,766,train,heuristic,agent_win,10.0,10,50.0,1,Very Easy,0.05,0.05,1,2879,1933,3.0,3.0,2,0,3
No Adaptive,3,767,train,heuristic,agent_win,10.0,6,50.0,1,Very Easy,0.05,0.05,1,2882,1935,3.0,3.0,3,0,0
No Adaptive,3,768,train,heuristic,agent_win,10.0,8,50.0,1,Very Easy,0.05,0.05,1,2886,1935,2.0999999999999996,2.0999999999999996,3,0,1
No Adaptive,3,769,train,heuristic,player_win,-10.0,7,50.0,1,Very Easy,0.05,0.05,1,2889,1935,0.0,0.0,2,0,1
No Adaptive,3,770,train,heuristic,player_win,-10.0,9,50.0,1,Very Easy,0.05,0.05,1,2893,1937,0.0,0.0,2,0,2
No Adaptive,3,771,train,heuristic,player_win,-10.0,9,50.0,1,Very Easy,0.05,0.05,1,2897,1939,0.0,0.0,2,0,2
No Adaptive,3,772,train,heuristic,player_win,-10.0,11,50.0,1,Very Easy,0.05,0.05,1,2902,1943,0.0,0.0,2,0,3
No Adaptive,3,773,train,heuristic,player_win,-10.0,15,50.0,1,Very Easy,0.05,0.05,1,2909,1948,0.0,0.0,4,0,3
No Adaptive,3,774,train,heuristic,player_win,-10.0,13,50.0,1,Very Easy,0.05,0.05,1,2915,1953,0.0,0.0,3,0,3
No Adaptive,3,775,train,heuristic,player_win,-10.0,5,50.0,1,Very Easy,0.05,0.05,1,2917,1953,0.0,0.0,1,0,1
No Adaptive,3,776,train,heuristic,player_win,-10.0,5,50.0,1,Very Easy,0.05,0.05,1,2919,1953,0.0,0.0,1,0,1
No Adaptive,3,777,train,heuristic,player_win,-10.0,7,50.0,1,Very Easy,0.05,0.05,1,2922,1955,0.0,0.0,1,0,2
No Adaptive,3,778,train,heuristic,player_win,-10.0,9,50.0,1,Very Easy,0.05,0.05,1,2926,1958,0.0,0.0,2,0,2
No Adaptive,3,779,train,heuristic,player_win,-10.0,7,50.0,1,Very Easy,0.05,0.05,1,2929,1960,0.0,0.0,1,0,2
No Adaptive,3,780,train,heuristic,player_win,-10.0,11,50.0,1,Very Easy,0.05,0.05,1,2934,1963,0.0,0.0,3,1,1
No Adaptive,3,781,train,heuristic,player_win,-10.0,11,50.0,1,Very Easy,0.05,0.05,1,2939,1966,0.0,0.0,3,1,1
No Adaptive,3,782,train,heuristic,player_win,-10.0,9,50.0,1,Very Easy,0.05,0.05,1,2943,1968,0.0,0.0,2,0,2
No Adaptive,3,783,train,heuristic,agent_win,10.0,14,50.0,1,Very Easy,0.05,0.05,1,2950,1974,3.0,3.0,6,1,0
No Adaptive,3,784,train,heuristic,agent_win,10.0,10,50.0,1,Very Easy,0.05,0.05,1,2955,1978,3.0,3.0,2,0,3
No Adaptive,3,785,train,heuristic,player_win,-10.0,7,50.0,1,Very Easy,0.05,0.05,1,2958,1980,0.0,0.0,1,0,2
No Adaptive,3,786,train,heuristic,player_win,-10.0,9,50.0,1,Very Easy,0.05,0.05,1,2962,1982,0.0,0.0,1,0,3
No Adaptive,3,787,train,heuristic,player_win,-10.0,7,50.0,1,Very Easy,0.05,0.05,1,2965,1984,0.0,0.0,1,0,2
No Adaptive,3,788,train,heuristic,player_win,-10.0,7,50.0,1,Very Easy,0.05,0.05,1,2968,1985,0.0,0.0,2,0,1
No Adaptive,3,789,train,heuristic,agent_win,10.0,8,50.0,1,Very Easy,0.05,0.05,1,2972,1988,3.0,3.0,2,0,2
No Adaptive,3,790,train,heuristic,player_win,-10.0,11,50.0,1,Very Easy,0.05,0.05,1,2977,1992,0.0,0.0,1,0,4
No Adaptive,3,791,train,heuristic,player_win,-10.0,9,50.0,1,Very Easy,0.05,0.05,1,2981,1994,0.0,0.0,3,0,1
No Adaptive,3,792,train,heuristic,player_win,-10.0,7,50.0,1,Very Easy,0.05,0.05,1,2984,1995,0.0,0.0,1,0,2
No Adaptive,3,793,train,heuristic,agent_win,10.0,8,50.0,1,Very Easy,0.05,0.05,1,2988,1996,3.0,3.0,3,0,1
No Adaptive,3,794,train,heuristic,player_win,-10.0,7,50.0,1,Very Easy,0.05,0.05,1,2991,1997,0.0,0.0,2,0,1
No Adaptive,3,795,train,heuristic,player_win,-10.0,5,50.0,1,Very Easy,0.05,0.05,1,2993,1998,0.0,0.0,1,0,1
No Adaptive,3,796,train,heuristic,player_win,-10.0,5,50.0,1,Very Easy,0.05,0.05,1,2995,1999,0.0,0.0,1,0,1
No Adaptive,3,797,train,heuristic,player_win,-10.0,5,50.0,1,Very Easy,0.05,0.05,1,2997,1999,0.0,0.0,1,0,1
No Adaptive,3,798,train,heuristic,agent_win,10.0,8,50.0,1,Very Easy,0.05,0.05,1,3001,2000,3.0,3.0,3,0,1
No Adaptive,3,799,train,heuristic,agent_win,10.0,8,50.0,1,Very Easy,0.05,0.05,1,3005,2002,3.0,3.0,2,0,2
No Adaptive,3,800,train,heuristic,player_win,-10.0,11,50.0,1,Very Easy,0.05,0.05,1,3010,2003,0.0,0.0,3,0,2
No Adaptive,3,801,eval,heuristic,player_win,-10.0,7,50.0,1,Very Easy,0.05,0.0,0,3010,2003,0.0,0.0,2,0,1
No Adaptive,3,802,eval,heuristic,player_win,-10.0,11,50.0,1,Very Easy,0.05,0.0,0,3010,2003,0.0,0.0,2,0,3
No Adaptive,3,803,eval,heuristic,player_win,-10.0,7,50.0,1,Very Easy,0.05,0.0,0,3010,2003,0.0,0.0,2,0,1
No Adaptive,3,804,eval,heuristic,player_win,-10.0,9,50.0,1,Very Easy,0.05,0.0,0,3010,2003,0.0,0.0,2,0,2
No Adaptive,3,805,eval,heuristic,agent_win,10.0,10,50.0,1,Very Easy,0.05,0.0,0,3010,2003,0.0,0.0,1,0,4
No Adaptive,3,806,eval,heuristic,player_win,-10.0,9,50.0,1,Very Easy,0.05,0.0,0,3010,2003,0.0,0.0,1,0,3
No Adaptive,3,807,eval,heuristic,player_win,-10.0,7,50.0,1,Very Easy,0.05,0.0,0,3010,2003,0.0,0.0,2,0,1
No Adaptive,3,808,eval,heuristic,agent_win,10.0,8,50.0,1,Very Easy,0.05,0.0,0,3010,2003,0.0,0.0,2,0,2
No Adaptive,3,809,eval,heuristic,agent_win,10.0,6,50.0,1,Very Easy,0.05,0.0,0,3010,2003,0.0,0.0,1,0,2
No Adaptive,3,810,eval,heuristic,agent_win,10.0,12,50.0,1,Very Easy,0.05,0.0,0,3010,2003,0.0,0.0,4,0,2
No Adaptive,3,811,eval,heuristic,player_win,-10.0,5,50.0,1,Very Easy,0.05,0.0,0,3010,2003,0.0,0.0,1,0,1
No Adaptive,3,812,eval,heuristic,player_win,-10.0,11,50.0,1,Very Easy,0.05,0.0,0,3010,2003,0.0,0.0,2,0,3
No Adaptive,3,813,eval,heuristic,player_win,-10.0,7,50.0,1,Very Easy,0.05,0.0,0,3010,2003,0.0,0.0,2,0,1
No Adaptive,3,814,eval,heuristic,player_win,-10.0,9,50.0,1,Very Easy,0.05,0.0,0,3010,2003,0.0,0.0,3,0,1
No Adaptive,3,815,eval,heuristic,player_win,-10.0,9,50.0,1,Very Easy,0.05,0.0,0,3010,2003,0.0,0.0,2,0,2
No Adaptive,3,816,eval,heuristic,player_win,-10.0,7,50.0,1,Very Easy,0.05,0.0,0,3010,2003,0.0,0.0,2,0,1
No Adaptive,3,817,eval,heuristic,player_win,-10.0,9,50.0,1,Very Easy,0.05,0.0,0,3010,2003,0.0,0.0,2,0,2
No Adaptive,3,818,eval,heuristic,player_win,-10.0,7,50.0,1,Very Easy,0.05,0.0,0,3010,2003,0.0,0.0,2,0,1
No Adaptive,3,819,eval,heuristic,player_win,-10.0,9,50.0,1,Very Easy,0.05,0.0,0,3010,2003,0.0,0.0,2,0,2
No Adaptive,3,820,eval,heuristic,player_win,-10.0,9,50.0,1,Very Easy,0.05,0.0,0,3010,2003,0.0,0.0,2,0,2
No Adaptive,3,821,eval,heuristic,agent_win,10.0,10,50.0,1,Very Easy,0.05,0.0,0,3010,2003,0.0,0.0,2,0,3
No Adaptive,3,822,eval,heuristic,player_win,-10.0,9,50.0,1,Very Easy,0.05,0.0,0,3010,2003,0.0,0.0,2,0,2
No Adaptive,3,823,eval,heuristic,player_win,-10.0,11,50.0,1,Very Easy,0.05,0.0,0,3010,2003,0.0,0.0,3,0,2
No Adaptive,3,824,eval,heuristic,agent_win,10.0,8,50.0,1,Very Easy,0.05,0.0,0,3010,2003,0.0,0.0,3,0,1
No Adaptive,3,825,eval,heuristic,agent_win,10.0,8,50.0,1,Very Easy,0.05,0.0,0,3010,2003,0.0,0.0,3,0,1
No Adaptive,3,826,eval,heuristic,player_win,-10.0,9,50.0,1,Very Easy,0.05,0.0,0,3010,2003,0.0,0.0,3,0,1
No Adaptive,3,827,eval,heuristic,player_win,-10.0,9,50.0,1,Very Easy,0.05,0.0,0,3010,2003,0.0,0.0,3,0,1
No Adaptive,3,828,eval,heuristic,agent_win,10.0,6,50.0,1,Very Easy,0.05,0.0,0,3010,2003,0.0,0.0,1,0,2
No Adaptive,3,829,eval,heuristic,player_win,-10.0,7,50.0,1,Very Easy,0.05,0.0,0,3010,2003,0.0,0.0,3,0,0
No Adaptive,3,830,eval,heuristic,player_win,-10.0,7,50.0,1,Very Easy,0.05,0.0,0,3010,2003,0.0,0.0,1,0,2
No Adaptive,3,831,eval,heuristic,player_win,-10.0,5,50.0,1,Very Easy,0.05,0.0,0,3010,2003,0.0,0.0,1,0,1
No Adaptive,3,832,eval,heuristic,player_win,-10.0,7,50.0,1,Very Easy,0.05,0.0,0,3010,2003,0.0,0.0,2,0,1
No Adaptive,3,833,eval,heuristic,agent_win,10.0,8,50.0,1,Very Easy,0.05,0.0,0,3010,2003,0.0,0.0,3,0,1
No Adaptive,3,834,eval,heuristic,agent_win,10.0,6,50.0,1,Very Easy,0.05,0.0,0,3010,2003,0.0,0.0,1,0,2
No Adaptive,3,835,eval,heuristic,player_win,-10.0,7,50.0,1,Very Easy,0.05,0.0,0,3010,2003,0.0,0.0,2,0,1
No Adaptive,3,836,eval,heuristic,player_win,-10.0,7,50.0,1,Very Easy,0.05,0.0,0,3010,2003,0.0,0.0,1,0,2
No Adaptive,3,837,eval,heuristic,agent_win,10.0,10,50.0,1,Very Easy,0.05,0.0,0,3010,2003,0.0,0.0,3,0,2
No Adaptive,3,838,eval,heuristic,player_win,-10.0,9,50.0,1,Very Easy,0.05,0.0,0,3010,2003,0.0,0.0,3,0,1
No Adaptive,3,839,eval,heuristic,player_win,-10.0,5,50.0,1,Very Easy,0.05,0.0,0,3010,2003,0.0,0.0,1,0,1
No Adaptive,3,840,eval,heuristic,player_win,-10.0,7,50.0,1,Very Easy,0.05,0.0,0,3010,2003,0.0,0.0,2,0,1
No Adaptive,3,841,eval,heuristic,agent_win,10.0,6,50.0,1,Very Easy,0.05,0.0,0,3010,2003,0.0,0.0,1,0,2
No Adaptive,3,842,eval,heuristic,player_win,-10.0,9,50.0,1,Very Easy,0.05,0.0,0,3010,2003,0.0,0.0,3,0,1
No Adaptive,3,843,eval,heuristic,player_win,-10.0,9,50.0,1,Very Easy,0.05,0.0,0,3010,2003,0.0,0.0,2,0,2
No Adaptive,3,844,eval,heuristic,player_win,-10.0,7,50.0,1,Very Easy,0.05,0.0,0,3010,2003,0.0,0.0,2,0,1
No Adaptive,3,845,eval,heuristic,player_win,-10.0,7,50.0,1,Very Easy,0.05,0.0,0,3010,2003,0.0,0.0,1,0,2
No Adaptive,3,846,eval,heuristic,agent_win,10.0,8,50.0,1,Very Easy,0.05,0.0,0,3010,2003,0.0,0.0,2,0,2
No Adaptive,3,847,eval,heuristic,player_win,-10.0,9,50.0,1,Very Easy,0.05,0.0,0,3010,2003,0.0,0.0,2,0,2
No Adaptive,3,848,eval,heuristic,agent_win,10.0,8,50.0,1,Very Easy,0.05,0.0,0,3010,2003,0.0,0.0,2,0,2
No Adaptive,3,849,eval,heuristic,agent_win,10.0,6,50.0,1,Very Easy,0.05,0.0,0,3010,2003,0.0,0.0,1,0,2
No Adaptive,3,850,eval,heuristic,agent_win,10.0,8,50.0,1,Very Easy,0.05,0.0,0,3010,2003,0.0,0.0,2,0,2
No Adaptive,3,851,eval,heuristic,player_win,-10.0,7,50.0,1,Very Easy,0.05,0.0,0,3010,2003,0.0,0.0,1,0,2
No Adaptive,3,852,eval,heuristic,player_win,-10.0,5,50.0,1,Very Easy,0.05,0.0,0,3010,2003,0.0,0.0,1,0,1
No Adaptive,3,853,eval,heuristic,agent_win,10.0,8,50.0,1,Very Easy,0.05,0.0,0,3010,2003,0.0,0.0,3,0,1
No Adaptive,3,854,eval,heuristic,player_win,-10.0,11,50.0,1,Very Easy,0.05,0.0,0,3010,2003,0.0,0.0,2,0,3
No Adaptive,3,855,eval,heuristic,player_win,-10.0,5,50.0,1,Very Easy,0.05,0.0,0,3010,2003,0.0,0.0,1,0,1
No Adaptive,3,856,eval,heuristic,player_win,-10.0,9,50.0,1,Very Easy,0.05,0.0,0,3010,2003,0.0,0.0,2,0,2
No Adaptive,3,857,eval,heuristic,player_win,-10.0,9,50.0,1,Very Easy,0.05,0.0,0,3010,2003,0.0,0.0,1,0,3
No Adaptive,3,858,eval,heuristic,player_win,-10.0,7,50.0,1,Very Easy,0.05,0.0,0,3010,2003,0.0,0.0,2,0,1
No Adaptive,3,859,eval,heuristic,player_win,-10.0,11,50.0,1,Very Easy,0.05,0.0,0,3010,2003,0.0,0.0,3,0,2
No Adaptive,3,860,eval,heuristic,player_win,-10.0,7,50.0,1,Very Easy,0.05,0.0,0,3010,2003,0.0,0.0,2,0,1
No Adaptive,3,861,eval,heuristic,player_win,-10.0,9,50.0,1,Very Easy,0.05,0.0,0,3010,2003,0.0,0.0,2,0,2
No Adaptive,3,862,eval,heuristic,player_win,-10.0,9,50.0,1,Very Easy,0.05,0.0,0,3010,2003,0.0,0.0,2,0,2
No Adaptive,3,863,eval,heuristic,agent_win,10.0,6,50.0,1,Very Easy,0.05,0.0,0,3010,2003,0.0,0.0,2,0,1
No Adaptive,3,864,eval,heuristic,player_win,-10.0,7,50.0,1,Very Easy,0.05,0.0,0,3010,2003,0.0,0.0,2,0,1
No Adaptive,3,865,eval,heuristic,agent_win,10.0,8,50.0,1,Very Easy,0.05,0.0,0,3010,2003,0.0,0.0,2,0,2
No Adaptive,3,866,eval,heuristic,agent_win,10.0,8,50.0,1,Very Easy,0.05,0.0,0,3010,2003,0.0,0.0,3,0,1
No Adaptive,3,867,eval,heuristic,player_win,-10.0,9,50.0,1,Very Easy,0.05,0.0,0,3010,2003,0.0,0.0,3,0,1
No Adaptive,3,868,eval,heuristic,player_win,-10.0,9,50.0,1,Very Easy,0.05,0.0,0,3010,2003,0.0,0.0,3,0,1
No Adaptive,3,869,eval,heuristic,player_win,-10.0,9,50.0,1,Very Easy,0.05,0.0,0,3010,2003,0.0,0.0,3,0,1
No Adaptive,3,870,eval,heuristic,agent_win,10.0,6,50.0,1,Very Easy,0.05,0.0,0,3010,2003,0.0,0.0,2,0,1
No Adaptive,3,871,eval,heuristic,player_win,-10.0,7,50.0,1,Very Easy,0.05,0.0,0,3010,2003,0.0,0.0,2,0,1
No Adaptive,3,872,eval,heuristic,player_win,-10.0,9,50.0,1,Very Easy,0.05,0.0,0,3010,2003,0.0,0.0,2,0,2
No Adaptive,3,873,eval,heuristic,agent_win,10.0,10,50.0,1,Very Easy,0.05,0.0,0,3010,2003,0.0,0.0,2,0,3
No Adaptive,3,874,eval,heuristic,player_win,-10.0,7,50.0,1,Very Easy,0.05,0.0,0,3010,2003,0.0,0.0,1,0,2
No Adaptive,3,875,eval,heuristic,agent_win,10.0,6,50.0,1,Very Easy,0.05,0.0,0,3010,2003,0.0,0.0,2,0,1
No Adaptive,3,876,eval,heuristic,agent_win,10.0,10,50.0,1,Very Easy,0.05,0.0,0,3010,2003,0.0,0.0,3,0,2
No Adaptive,3,877,eval,heuristic,agent_win,10.0,6,50.0,1,Very Easy,0.05,0.0,0,3010,2003,0.0,0.0,2,0,1
No Adaptive,3,878,eval,heuristic,player_win,-10.0,7,50.0,1,Very Easy,0.05,0.0,0,3010,2003,0.0,0.0,2,0,1
No Adaptive,3,879,eval,heuristic,player_win,-10.0,9,50.0,1,Very Easy,0.05,0.0,0,3010,2003,0.0,0.0,3,0,1
No Adaptive,3,880,eval,heuristic,agent_win,10.0,6,50.0,1,Very Easy,0.05,0.0,0,3010,2003,0.0,0.0,2,0,1
No Adaptive,3,881,eval,heuristic,player_win,-10.0,7,50.0,1,Very Easy,0.05,0.0,0,3010,2003,0.0,0.0,2,0,1
No Adaptive,3,882,eval,heuristic,player_win,-10.0,9,50.0,1,Very Easy,0.05,0.0,0,3010,2003,0.0,0.0,2,0,2
No Adaptive,3,883,eval,heuristic,player_win,-10.0,5,50.0,1,Very Easy,0.05,0.0,0,3010,2003,0.0,0.0,1,0,1
No Adaptive,3,884,eval,heuristic,player_win,-10.0,5,50.0,1,Very Easy,0.05,0.0,0,3010,2003,0.0,0.0,1,0,1
No Adaptive,3,885,eval,heuristic,agent_win,10.0,8,50.0,1,Very Easy,0.05,0.0,0,3010,2003,0.0,0.0,2,0,2
No Adaptive,3,886,eval,heuristic,agent_win,10.0,10,50.0,1,Very Easy,0.05,0.0,0,3010,2003,0.0,0.0,3,0,2
No Adaptive,3,887,eval,heuristic,agent_win,10.0,6,50.0,1,Very Easy,0.05,0.0,0,3010,2003,0.0,0.0,2,0,1
No Adaptive,3,888,eval,heuristic,player_win,-10.0,9,50.0,1,Very Easy,0.05,0.0,0,3010,2003,0.0,0.0,2,0,2
No Adaptive,3,889,eval,heuristic,player_win,-10.0,13,50.0,1,Very Easy,0.05,0.0,0,3010,2003,0.0,0.0,3,0,3
No Adaptive,3,890,eval,heuristic,player_win,-10.0,9,50.0,1,Very Easy,0.05,0.0,0,3010,2003,0.0,0.0,2,0,2
No Adaptive,3,891,eval,heuristic,agent_win,10.0,8,50.0,1,Very Easy,0.05,0.0,0,3010,2003,0.0,0.0,1,0,3
No Adaptive,3,892,eval,heuristic,player_win,-10.0,9,50.0,1,Very Easy,0.05,0.0,0,3010,2003,0.0,0.0,2,0,2
No Adaptive,3,893,eval,heuristic,player_win,-10.0,7,50.0,1,Very Easy,0.05,0.0,0,3010,2003,0.0,0.0,2,0,1
No Adaptive,3,894,eval,heuristic,player_win,-10.0,7,50.0,1,Very Easy,0.05,0.0,0,3010,2003,0.0,0.0,2,0,1
No Adaptive,3,895,eval,heuristic,agent_win,10.0,10,50.0,1,Very Easy,0.05,0.0,0,3010,2003,0.0,0.0,2,0,3
No Adaptive,3,896,eval,heuristic,player_win,-10.0,11,50.0,1,Very Easy,0.05,0.0,0,3010,2003,0.0,0.0,2,0,3
No Adaptive,3,897,eval,heuristic,player_win,-10.0,11,50.0,1,Very Easy,0.05,0.0,0,3010,2003,0.0,0.0,3,0,2
No Adaptive,3,898,eval,heuristic,player_win,-10.0,9,50.0,1,Very Easy,0.05,0.0,0,3010,2003,0.0,0.0,2,0,2
No Adaptive,3,899,eval,heuristic,agent_win,10.0,12,50.0,1,Very Easy,0.05,0.0,0,3010,2003,0.0,0.0,3,0,3
No Adaptive,3,900,eval,heuristic,agent_win,10.0,6,50.0,1,Very Easy,0.05,0.0,0,3010,2003,0.0,0.0,1,0,2
No Adaptive,3,901,eval,heuristic,player_win,-10.0,7,50.0,1,Very Easy,0.05,0.0,0,3010,2003,0.0,0.0,1,0,2
No Adaptive,3,902,eval,heuristic,player_win,-10.0,9,50.0,1,Very Easy,0.05,0.0,0,3010,2003,0.0,0.0,2,0,2
No Adaptive,3,903,eval,heuristic,agent_win,10.0,8,50.0,1,Very Easy,0.05,0.0,0,3010,2003,0.0,0.0,3,0,1
No Adaptive,3,904,eval,heuristic,player_win,-10.0,9,50.0,1,Very Easy,0.05,0.0,0,3010,2003,0.0,0.0,1,0,3
No Adaptive,3,905,eval,heuristic,player_win,-10.0,7,50.0,1,Very Easy,0.05,0.0,0,3010,2003,0.0,0.0,1,0,2
No Adaptive,3,906,eval,heuristic,player_win,-10.0,9,50.0,1,Very Easy,0.05,0.0,0,3010,2003,0.0,0.0,2,0,2
No Adaptive,3,907,eval,heuristic,agent_win,10.0,8,50.0,1,Very Easy,0.05,0.0,0,3010,2003,0.0,0.0,2,0,2
No Adaptive,3,908,eval,heuristic,agent_win,10.0,8,50.0,1,Very Easy,0.05,0.0,0,3010,2003,0.0,0.0,2,0,2
No Adaptive,3,909,eval,heuristic,player_win,-10.0,7,50.0,1,Very Easy,0.05,0.0,0,3010,2003,0.0,0.0,1,0,2
No Adaptive,3,910,eval,heuristic,agent_win,10.0,6,50.0,1,Very Easy,0.05,0.0,0,3010,2003,0.0,0.0,2,0,1
No Adaptive,3,911,eval,heuristic,agent_win,10.0,8,50.0,1,Very Easy,0.05,0.0,0,3010,2003,0.0,0.0,2,0,2
No Adaptive,3,912,eval,heuristic,player_win,-10.0,5,50.0,1,Very Easy,0.05,0.0,0,3010,2003,0.0,0.0,1,0,1
No Adaptive,3,913,eval,heuristic,player_win,-10.0,9,50.0,1,Very Easy,0.05,0.0,0,3010,2003,0.0,0.0,2,0,2
No Adaptive,3,914,eval,heuristic,player_win,-10.0,9,50.0,1,Very Easy,0.05,0.0,0,3010,2003,0.0,0.0,1,0,3
No Adaptive,3,915,eval,heuristic,player_win,-10.0,11,50.0,1,Very Easy,0.05,0.0,0,3010,2003,0.0,0.0,2,0,3
No Adaptive,3,916,eval,heuristic,agent_win,10.0,8,50.0,1,Very Easy,0.05,0.0,0,3010,2003,0.0,0.0,3,0,1
No Adaptive,3,917,eval,heuristic,player_win,-10.0,7,50.0,1,Very Easy,0.05,0.0,0,3010,2003,0.0,0.0,1,0,2
No Adaptive,3,918,eval,heuristic,player_win,-10.0,11,50.0,1,Very Easy,0.05,0.0,0,3010,2003,0.0,0.0,2,0,3
No Adaptive,3,919,eval,heuristic,player_win,-10.0,9,50.0,1,Very Easy,0.05,0.0,0,3010,2003,0.0,0.0,2,0,2
No Adaptive,3,920,eval,heuristic,player_win,-10.0,11,50.0,1,Very Easy,0.05,0.0,0,3010,2003,0.0,0.0,2,0,3
No Adaptive,3,921,eval,heuristic,player_win,-10.0,9,50.0,1,Very Easy,0.05,0.0,0,3010,2003,0.0,0.0,2,0,2
No Adaptive,3,922,eval,heuristic,agent_win,10.0,6,50.0,1,Very Easy,0.05,0.0,0,3010,2003,0.0,0.0,1,0,2
No Adaptive,3,923,eval,heuristic,agent_win,10.0,6,50.0,1,Very Easy,0.05,0.0,0,3010,2003,0.0,0.0,2,0,1
No Adaptive,3,924,eval,heuristic,player_win,-10.0,9,50.0,1,Very Easy,0.05,0.0,0,3010,2003,0.0,0.0,2,0,2
No Adaptive,3,925,eval,heuristic,player_win,-10.0,9,50.0,1,Very Easy,0.05,0.0,0,3010,2003,0.0,0.0,1,0,3
No Adaptive,3,926,eval,heuristic,player_win,-10.0,11,50.0,1,Very Easy,0.05,0.0,0,3010,2003,0.0,0.0,3,0,2
No Adaptive,3,927,eval,heuristic,player_win,-10.0,7,50.0,1,Very Easy,0.05,0.0,0,3010,2003,0.0,0.0,2,0,1
No Adaptive,3,928,eval,heuristic,player_win,-10.0,11,50.0,1,Very Easy,0.05,0.0,0,3010,2003,0.0,0.0,3,0,2
No Adaptive,3,929,eval,heuristic,player_win,-10.0,9,50.0,1,Very Easy,0.05,0.0,0,3010,2003,0.0,0.0,1,0,3
No Adaptive,3,930,eval,heuristic,agent_win,10.0,6,50.0,1,Very Easy,0.05,0.0,0,3010,2003,0.0,0.0,2,0,1
No Adaptive,3,931,eval,heuristic,player_win,-10.0,9,50.0,1,Very Easy,0.05,0.0,0,3010,2003,0.0,0.0,1,0,3
No Adaptive,3,932,eval,heuristic,agent_win,10.0,8,50.0,1,Very Easy,0.05,0.0,0,3010,2003,0.0,0.0,2,0,2
No Adaptive,3,933,eval,heuristic,agent_win,10.0,6,50.0,1,Very Easy,0.05,0.0,0,3010,2003,0.0,0.0,2,0,1
No Adaptive,3,934,eval,heuristic,agent_win,10.0,8,50.0,1,Very Easy,0.05,0.0,0,3010,2003,0.0,0.0,2,0,2
No Adaptive,3,935,eval,heuristic,player_win,-10.0,11,50.0,1,Very Easy,0.05,0.0,0,3010,2003,0.0,0.0,3,0,2
No Adaptive,3,936,eval,heuristic,player_win,-10.0,7,50.0,1,Very Easy,0.05,0.0,0,3010,2003,0.0,0.0,2,0,1
No Adaptive,3,937,eval,heuristic,player_win,-10.0,7,50.0,1,Very Easy,0.05,0.0,0,3010,2003,0.0,0.0,2,0,1
No Adaptive,3,938,eval,heuristic,agent_win,10.0,8,50.0,1,Very Easy,0.05,0.0,0,3010,2003,0.0,0.0,3,0,1
No Adaptive,3,939,eval,heuristic,player_win,-10.0,9,50.0,1,Very Easy,0.05,0.0,0,3010,2003,0.0,0.0,2,0,2
No Adaptive,3,940,eval,heuristic,player_win,-10.0,5,50.0,1,Very Easy,0.05,0.0,0,3010,2003,0.0,0.0,1,0,1
No Adaptive,3,941,eval,heuristic,agent_win,10.0,8,50.0,1,Very Easy,0.05,0.0,0,3010,2003,0.0,0.0,3,0,1
No Adaptive,3,942,eval,heuristic,player_win,-10.0,7,50.0,1,Very Easy,0.05,0.0,0,3010,2003,0.0,0.0,1,0,2
No Adaptive,3,943,eval,heuristic,player_win,-10.0,7,50.0,1,Very Easy,0.05,0.0,0,3010,2003,0.0,0.0,2,0,1
No Adaptive,3,944,eval,heuristic,agent_win,10.0,10,50.0,1,Very Easy,0.05,0.0,0,3010,2003,0.0,0.0,3,0,2
No Adaptive,3,945,eval,heuristic,player_win,-10.0,5,50.0,1,Very Easy,0.05,0.0,0,3010,2003,0.0,0.0,1,0,1
No Adaptive,3,946,eval,heuristic,agent_win,10.0,8,50.0,1,Very Easy,0.05,0.0,0,3010,2003,0.0,0.0,2,0,2
No Adaptive,3,947,eval,heuristic,agent_win,10.0,8,50.0,1,Very Easy,0.05,0.0,0,3010,2003,0.0,0.0,2,0,2
No Adaptive,3,948,eval,heuristic,player_win,-10.0,7,50.0,1,Very Easy,0.05,0.0,0,3010,2003,0.0,0.0,2,0,1
No Adaptive,3,949,eval,heuristic,agent_win,10.0,8,50.0,1,Very Easy,0.05,0.0,0,3010,2003,0.0,0.0,2,0,2
No Adaptive,3,950,eval,heuristic,player_win,-10.0,9,50.0,1,Very Easy,0.05,0.0,0,3010,2003,0.0,0.0,3,0,1
No Adaptive,3,951,eval,heuristic,agent_win,10.0,10,50.0,1,Very Easy,0.05,0.0,0,3010,2003,0.0,0.0,2,0,3
No Adaptive,3,952,eval,heuristic,agent_win,10.0,8,50.0,1,Very Easy,0.05,0.0,0,3010,2003,0.0,0.0,3,0,1
No Adaptive,3,953,eval,heuristic,agent_win,10.0,8,50.0,1,Very Easy,0.05,0.0,0,3010,2003,0.0,0.0,2,0,2
No Adaptive,3,954,eval,heuristic,agent_win,10.0,6,50.0,1,Very Easy,0.05,0.0,0,3010,2003,0.0,0.0,2,0,1
No Adaptive,3,955,eval,heuristic,player_win,-10.0,5,50.0,1,Very Easy,0.05,0.0,0,3010,2003,0.0,0.0,1,0,1
No Adaptive,3,956,eval,heuristic,player_win,-10.0,9,50.0,1,Very Easy,0.05,0.0,0,3010,2003,0.0,0.0,3,0,1
No Adaptive,3,957,eval,heuristic,player_win,-10.0,9,50.0,1,Very Easy,0.05,0.0,0,3010,2003,0.0,0.0,1,0,3
No Adaptive,3,958,eval,heuristic,player_win,-10.0,9,50.0,1,Very Easy,0.05,0.0,0,3010,2003,0.0,0.0,2,0,2
No Adaptive,3,959,eval,heuristic,agent_win,10.0,10,50.0,1,Very Easy,0.05,0.0,0,3010,2003,0.0,0.0,3,0,2
No Adaptive,3,960,eval,heuristic,agent_win,10.0,6,50.0,1,Very Easy,0.05,0.0,0,3010,2003,0.0,0.0,2,0,1
No Adaptive,3,961,eval,heuristic,player_win,-10.0,7,50.0,1,Very Easy,0.05,0.0,0,3010,2003,0.0,0.0,1,0,2
No Adaptive,3,962,eval,heuristic,agent_win,10.0,12,50.0,1,Very Easy,0.05,0.0,0,3010,2003,0.0,0.0,5,0,1
No Adaptive,3,963,eval,heuristic,player_win,-10.0,9,50.0,1,Very Easy,0.05,0.0,0,3010,2003,0.0,0.0,2,0,2
No Adaptive,3,964,eval,heuristic,player_win,-10.0,9,50.0,1,Very Easy,0.05,0.0,0,3010,2003,0.0,0.0,3,0,1
No Adaptive,3,965,eval,heuristic,player_win,-10.0,7,50.0,1,Very Easy,0.05,0.0,0,3010,2003,0.0,0.0,2,0,1
No Adaptive,3,966,eval,heuristic,player_win,-10.0,7,50.0,1,Very Easy,0.05,0.0,0,3010,2003,0.0,0.0,2,0,1
No Adaptive,3,967,eval,heuristic,player_win,-10.0,11,50.0,1,Very Easy,0.05,0.0,0,3010,2003,0.0,0.0,3,0,2
No Adaptive,3,968,eval,heuristic,agent_win,10.0,6,50.0,1,Very Easy,0.05,0.0,0,3010,2003,0.0,0.0,3,0,0
No Adaptive,3,969,eval,heuristic,player_win,-10.0,11,50.0,1,Very Easy,0.05,0.0,0,3010,2003,0.0,0.0,3,0,2
No Adaptive,3,970,eval,heuristic,player_win,-10.0,9,50.0,1,Very Easy,0.05,0.0,0,3010,2003,0.0,0.0,1,0,3
No Adaptive,3,971,eval,heuristic,agent_win,10.0,12,50.0,1,Very Easy,0.05,0.0,0,3010,2003,0.0,0.0,4,0,2
No Adaptive,3,972,eval,heuristic,player_win,-10.0,5,50.0,1,Very Easy,0.05,0.0,0,3010,2003,0.0,0.0,1,0,1
No Adaptive,3,973,eval,heuristic,player_win,-10.0,9,50.0,1,Very Easy,0.05,0.0,0,3010,2003,0.0,0.0,1,0,3
No Adaptive,3,974,eval,heuristic,player_win,-10.0,11,50.0,1,Very Easy,0.05,0.0,0,3010,2003,0.0,0.0,3,0,2
No Adaptive,3,975,eval,heuristic,agent_win,10.0,8,50.0,1,Very Easy,0.05,0.0,0,3010,2003,0.0,0.0,2,0,2
No Adaptive,3,976,eval,heuristic,agent_win,10.0,10,50.0,1,Very Easy,0.05,0.0,0,3010,2003,0.0,0.0,2,0,3
No Adaptive,3,977,eval,heuristic,player_win,-10.0,7,50.0,1,Very Easy,0.05,0.0,0,3010,2003,0.0,0.0,1,0,2
No Adaptive,3,978,eval,heuristic,agent_win,10.0,8,50.0,1,Very Easy,0.05,0.0,0,3010,2003,0.0,0.0,3,0,1
No Adaptive,3,979,eval,heuristic,player_win,-10.0,9,50.0,1,Very Easy,0.05,0.0,0,3010,2003,0.0,0.0,1,0,3
No Adaptive,3,980,eval,heuristic,player_win,-10.0,7,50.0,1,Very Easy,0.05,0.0,0,3010,2003,0.0,0.0,2,0,1
No Adaptive,3,981,eval,heuristic,player_win,-10.0,9,50.0,1,Very Easy,0.05,0.0,0,3010,2003,0.0,0.0,2,0,2
No Adaptive,3,982,eval,heuristic,player_win,-10.0,11,50.0,1,Very Easy,0.05,0.0,0,3010,2003,0.0,0.0,2,0,3
No Adaptive,3,983,eval,heuristic,player_win,-10.0,7,50.0,1,Very Easy,0.05,0.0,0,3010,2003,0.0,0.0,2,0,1
No Adaptive,3,984,eval,heuristic,player_win,-10.0,9,50.0,1,Very Easy,0.05,0.0,0,3010,2003,0.0,0.0,1,0,3
No Adaptive,3,985,eval,heuristic,player_win,-10.0,5,50.0,1,Very Easy,0.05,0.0,0,3010,2003,0.0,0.0,1,0,1
No Adaptive,3,986,eval,heuristic,player_win,-10.0,7,50.0,1,Very Easy,0.05,0.0,0,3010,2003,0.0,0.0,2,0,1
No Adaptive,3,987,eval,heuristic,player_win,-10.0,9,50.0,1,Very Easy,0.05,0.0,0,3010,2003,0.0,0.0,2,0,2
No Adaptive,3,988,eval,heuristic,agent_win,10.0,8,50.0,1,Very Easy,0.05,0.0,0,3010,2003,0.0,0.0,3,0,1
No Adaptive,3,989,eval,heuristic,player_win,-10.0,7,50.0,1,Very Easy,0.05,0.0,0,3010,2003,0.0,0.0,1,0,2
No Adaptive,3,990,eval,heuristic,agent_win,10.0,8,50.0,1,Very Easy,0.05,0.0,0,3010,2003,0.0,0.0,3,0,1
No Adaptive,3,991,eval,heuristic,agent_win,10.0,10,50.0,1,Very Easy,0.05,0.0,0,3010,2003,0.0,0.0,3,0,2
No Adaptive,3,992,eval,heuristic,player_win,-10.0,7,50.0,1,Very Easy,0.05,0.0,0,3010,2003,0.0,0.0,2,0,1
No Adaptive,3,993,eval,heuristic,player_win,-10.0,7,50.0,1,Very Easy,0.05,0.0,0,3010,2003,0.0,0.0,2,0,1
No Adaptive,3,994,eval,heuristic,agent_win,10.0,6,50.0,1,Very Easy,0.05,0.0,0,3010,2003,0.0,0.0,2,0,1
No Adaptive,3,995,eval,heuristic,agent_win,10.0,6,50.0,1,Very Easy,0.05,0.0,0,3010,2003,0.0,0.0,2,0,1
No Adaptive,3,996,eval,heuristic,player_win,-10.0,7,50.0,1,Very Easy,0.05,0.0,0,3010,2003,0.0,0.0,1,0,2
No Adaptive,3,997,eval,heuristic,agent_win,10.0,8,50.0,1,Very Easy,0.05,0.0,0,3010,2003,0.0,0.0,2,0,2
No Adaptive,3,998,eval,heuristic,player_win,-10.0,7,50.0,1,Very Easy,0.05,0.0,0,3010,2003,0.0,0.0,1,0,2
No Adaptive,3,999,eval,heuristic,agent_win,10.0,8,50.0,1,Very Easy,0.05,0.0,0,3010,2003,0.0,0.0,2,0,2
No Adaptive,3,1000,eval,heuristic,player_win,-10.0,11,50.0,1,Very Easy,0.05,0.0,0,3010,2003,0.0,0.0,2,0,3
No Adaptive,4,1,train,heuristic,agent_win,10.0,6,50.0,1,Very Easy,0.95,0.76,1,3,3,3.0,3.0,2,1,0
No Adaptive,4,2,train,heuristic,agent_win,10.0,8,50.0,1,Very Easy,0.9025,0.722,1,7,7,3.0,3.0,2,1,1
No Adaptive,4,3,train,heuristic,player_win,-10.0,9,50.0,1,Very Easy,0.8573749999999999,0.6859,1,11,11,0.0,0.0,2,1,1
No Adaptive,4,4,train,heuristic,player_win,-10.0,7,50.0,1,Very Easy,0.8145062499999999,0.651605,1,14,14,0.0,0.0,2,1,0
No Adaptive,4,5,train,heuristic,agent_win,10.0,6,50.0,1,Very Easy,0.7737809374999999,0.6190247499999999,1,17,16,3.0,3.0,2,1,0
No Adaptive,4,6,train,heuristic,player_win,-10.0,7,50.0,1,Very Easy,0.7350918906249998,0.5880735124999998,1,20,19,0.0,0.0,2,1,0
No Adaptive,4,7,train,heuristic,player_win,-10.0,11,50.0,1,Very Easy,0.6983372960937497,0.5586698368749998,1,25,24,0.0,0.0,3,1,1
No Adaptive,4,8,train,heuristic,player_win,-10.0,7,50.0,1,Very Easy,0.6634204312890623,0.5307363450312498,1,28,27,0.0,0.0,1,1,1
No Adaptive,4,9,train,heuristic,agent_win,10.0,6,50.0,1,Very Easy,0.6302494097246091,0.5041995277796872,1,31,30,3.0,3.0,1,1,1
No Adaptive,4,10,train,heuristic,agent_win,10.0,6,50.0,1,Very Easy,0.5987369392383786,0.4789895513907029,1,34,33,3.0,3.0,2,1,0
No Adaptive,4,11,train,heuristic,player_win,-10.0,9,50.0,1,Very Easy,0.5688000922764596,0.4550400738211677,1,38,37,0.0,0.0,2,1,1
No Adaptive,4,12,train,heuristic,player_win,-10.0,9,50.0,1,Very Easy,0.5403600876626365,0.4322880701301093,1,42,40,0.0,0.0,2,0,2
No Adaptive,4,13,train,heuristic,agent_win,10.0,6,50.0,1,Very Easy,0.5133420832795047,0.4106736666236038,1,45,43,3.0,3.0,2,0,1
No Adaptive,4,14,train,heuristic,agent_win,10.0,6,50.0,1,Very Easy,0.48767497911552943,0.39013998329242355,1,48,45,3.0,3.0,3,0,0
No Adaptive,4,15,train,heuristic,player_win,-10.0,9,50.0,1,Very Easy,0.46329123015975293,0.3706329841278024,1,52,48,0.0,0.0,3,0,1
No Adaptive,4,16,train,heuristic,player_win,-10.0,7,50.0,1,Very Easy,0.44012666865176525,0.3521013349214122,1,55,51,0.0,0.0,2,0,1
No Adaptive,4,17,train,heuristic,agent_win,10.0,6,50.0,1,Very Easy,0.41812033521917696,0.3344962681753416,1,58,53,3.0,3.0,2,1,0
No Adaptive,4,18,train,heuristic,player_win,-10.0,11,50.0,1,Very Easy,0.3972143184582181,0.3177714547665745,1,63,57,0.0,0.0,4,0,1
No Adaptive,4,19,train,heuristic,player_win,-10.0,7,50.0,1,Very Easy,0.37735360253530714,0.30188288202824576,1,66,59,0.0,0.0,1,1,1
No Adaptive,4,20,train,heuristic,player_win,-10.0,9,50.0,1,Very Easy,0.35848592240854177,0.2867887379268334,1,70,62,0.0,0.0,3,0,1
No Adaptive,4,21,train,heuristic,player_win,-10.0,9,50.0,1,Very Easy,0.34056162628811465,0.27244930103049175,1,74,65,0.0,0.0,2,1,1
No Adaptive,4,22,train,heuristic,player_win,-10.0,11,50.0,1,Very Easy,0.3235335449737089,0.2588268359789671,1,79,69,0.0,0.0,3,0,2
No Adaptive,4,23,train,heuristic,agent_win,10.0,8,50.0,1,Very Easy,0.30735686772502346,0.2458854941800188,1,83,73,3.0,3.0,2,1,1
No Adaptive,4,24,train,heuristic,player_win,-10.0,5,50.0,1,Very Easy,0.2919890243387723,0.23359121947101782,1,85,74,0.0,0.0,1,1,0
No Adaptive,4,25,train,heuristic,agent_win,10.0,10,50.0,1,Very Easy,0.27738957312183365,0.22191165849746694,1,90,79,3.0,3.0,2,1,2
No Adaptive,4,26,train,heuristic,player_win,-10.0,5,50.0,1,Very Easy,0.263520094465742,0.2108160755725936,1,92,80,0.0,0.0,1,0,1
No Adaptive,4,27,train,heuristic,player_win,-10.0,9,50.0,1,Very Easy,0.25034408974245487,0.2002752717939639,1,96,83,0.0,0.0,3,0,1
No Adaptive,4,28,train,heuristic,agent_win,10.0,6,50.0,1,Very Easy,0.2378268852553321,0.19026150820426568,1,99,85,3.0,3.0,1,0,2
No Adaptive,4,29,train,heuristic,player_win,-10.0,11,50.0,1,Very Easy,0.2259355409925655,0.1807484327940524,1,104,89,0.0,0.0,4,0,1
No Adaptive,4,30,train,heuristic,agent_win,10.0,8,50.0,1,Very Easy,0.2146387639429372,0.17171101115434978,1,108,91,3.0,3.0,3,0,1
No Adaptive,4,31,train,heuristic,player_win,-10.0,9,50.0,1,Very Easy,0.20390682574579033,0.16312546059663227,1,112,94,0.0,0.0,2,0,2
No Adaptive,4,32,train,heuristic,agent_win,10.0,6,50.0,1,Very Easy,0.1937114844585008,0.15496918756680067,1,115,96,3.0,3.0,2,0,1
No Adaptive,4,33,train,heuristic,agent_win,10.0,8,50.0,1,Very Easy,0.18402591023557577,0.14722072818846063,1,119,99,3.0,3.0,2,0,2
No Adaptive,4,34,train,heuristic,player_win,-10.0,9,50.0,1,Very Easy,0.17482461472379698,0.1398596917790376,1,123,102,0.0,0.0,3,0,1
No Adaptive,4,35,train,heuristic,player_win,-10.0,7,50.0,1,Very Easy,0.16608338398760714,0.13286670719008573,1,126,104,0.0,0.0,3,0,0
No Adaptive,4,36,train,heuristic,player_win,-10.0,7,50.0,1,Very Easy,0.15777921478822676,0.1262233718305814,1,129,106,0.0,0.0,1,0,2
No Adaptive,4,37,train,heuristic,agent_win,10.0,12,50.0,1,Very Easy,0.14989025404881542,0.11991220323905234,1,135,111,3.0,3.0,2,1,3
No Adaptive,4,38,train,heuristic,player_win,-10.0,9,50.0,1,Very Easy,0.14239574134637464,0.11391659307709973,1,139,114,0.0,0.0,2,0,2
No Adaptive,4,39,train,heuristic,player_win,-10.0,7,50.0,1,Very Easy,0.1352759542790559,0.10822076342324471,1,142,116,0.0,0.0,2,0,1
No Adaptive,4,40,train,heuristic,player_win,-10.0,7,50.0,1,Very Easy,0.1285121565651031,0.10280972525208248,1,145,118,0.0,0.0,2,0,1
No Adaptive,4,41,train,heuristic,agent_win,10.0,8,50.0,1,Very Easy,0.12208654873684793,0.09766923898947835,1,149,122,3.0,3.0,3,0,1
No Adaptive,4,42,train,heuristic,player_win,-10.0,9,50.0,1,Very Easy,0.11598222130000553,0.09278577704000443,1,153,125,0.0,0.0,2,0,2
No Adaptive,4,43,train,heuristic,player_win,-10.0,7,50.0,1,Very Easy,0.11018311023500525,0.0881464881880042,1,156,127,0.0,0.0,1,0,2
No Adaptive,4,44,train,heuristic,player_win,-10.0,9,50.0,1,Very Easy,0.10467395472325498,0.08373916377860399,1,160,130,0.0,0.0,1,0,3
No Adaptive,4,45,train,heuristic,player_win,-10.0,7,50.0,1,Very Easy,0.09944025698709223,0.0795522055896738,1,163,132,0.0,0.0,2,1,0
No Adaptive,4,46,train,heuristic,agent_win,10.0,6,50.0,1,Very Easy,0.09446824413773762,0.0755745953101901,1,166,134,3.0,3.0,2,0,1
No Adaptive,4,47,train,heuristic,player_win,-10.0,7,50.0,1,Very Easy,0.08974483193085074,0.07179586554468059,1,169,136,0.0,0.0,1,0,2
No Adaptive,4,48,train,heuristic,player_win,-10.0,5,50.0,1,Very Easy,0.0852575903343082,0.06820607226744656,1,171,137,0.0,0.0,1,1,0
No Adaptive,4,49,train,heuristic,player_win,-10.0,7,50.0,1,Very Easy,0.08099471081759278,0.06479576865407423,1,174,139,0.0,0.0,2,0,1
No Adaptive,4,50,train,heuristic,agent_win,10.0,8,50.0,1,Very Easy,0.07694497527671314,0.061555980221370515,1,178,142,3.0,3.0,2,0,2
No Adaptive,4,51,train,heuristic,player_win,-10.0,7,50.0,1,Very Easy,0.07309772651287748,0.05847818121030199,1,181,144,0.0,0.0,1,0,2
No Adaptive,4,52,train,heuristic,player_win,-10.0,9,50.0,1,Very Easy,0.0694428401872336,0.05555427214978688,1,185,147,0.0,0.0,2,0,2
No Adaptive,4,53,train,heuristic,agent_win,10.0,8,50.0,1,Very Easy,0.0659706981778719,0.05277655854229753,1,189,150,3.0,3.0,2,0,2
No Adaptive,4,54,train,heuristic,player_win,-10.0,7,50.0,1,Very Easy,0.0626721632689783,0.050137730615182646,1,192,152,0.0,0.0,2,0,1
No Adaptive,4,55,train,heuristic,agent_win,10.0,8,50.0,1,Very Easy,0.059538555105529384,0.05,1,196,155,3.0,3.0,3,0,1
No Adaptive,4,56,train,heuristic,player_win,-10.0,9,50.0,1,Very Easy,0.05656162735025291,0.05,1,200,158,0.0,0.0,3,0,1
No Adaptive,4,57,train,heuristic,agent_win,10.0,6,50.0,1,Very Easy,0.053733545982740265,0.05,1,203,160,3.0,3.0,2,0,1
No Adaptive,4,58,train,heuristic,player_win,-10.0,11,50.0,1,Very Easy,0.05104686868360325,0.05,1,208,164,0.0,0.0,1,0,4
No Adaptive,4,59,train,heuristic,player_win,-10.0,9,50.0,1,Very Easy,0.05,0.05,1,212,167,0.0,0.0,2,0,2
No Adaptive,4,60,train,heuristic,player_win,-10.0,9,50.0,1,Very Easy,0.05,0.05,1,216,171,0.0,0.0,2,0,2
No Adaptive,4,61,train,heuristic,agent_win,10.0,10,50.0,1,Very Easy,0.05,0.05,1,221,175,3.0,3.0,1,0,4
No Adaptive,4,62,train,heuristic,agent_win,10.0,10,50.0,1,Very Easy,0.05,0.05,1,226,179,3.0,3.0,2,0,3
No Adaptive,4,63,train,heuristic,agent_win,10.0,6,50.0,1,Very Easy,0.05,0.05,1,229,181,3.0,3.0,2,0,1
No Adaptive,4,64,train,heuristic,player_win,-10.0,9,50.0,1,Very Easy,0.05,0.05,1,233,184,0.0,0.0,2,0,2
No Adaptive,4,65,train,heuristic,agent_win,10.0,6,50.0,1,Very Easy,0.05,0.05,1,236,186,3.0,3.0,1,0,2
No Adaptive,4,66,train,heuristic,player_win,-10.0,7,50.0,1,Very Easy,0.05,0.05,1,239,188,0.0,0.0,2,0,1
No Adaptive,4,67,train,heuristic,player_win,-10.0,9,50.0,1,Very Easy,0.05,0.05,1,243,191,0.0,0.0,1,0,3
No Adaptive,4,68,train,heuristic,agent_win,10.0,6,50.0,1,Very Easy,0.05,0.05,1,246,193,3.0,3.0,1,1,1
No Adaptive,4,69,train,heuristic,agent_win,10.0,12,50.0,1,Very Easy,0.05,0.05,1,252,198,3.0,3.0,3,1,2
No Adaptive,4,70,train,heuristic,player_win,-10.0,9,50.0,1,Very Easy,0.05,0.05,1,256,201,0.0,0.0,1,0,3
No Adaptive,4,71,train,heuristic,player_win,-10.0,9,50.0,1,Very Easy,0.05,0.05,1,260,204,0.0,0.0,3,0,1
No Adaptive,4,72,train,heuristic,agent_win,10.0,8,50.0,1,Very Easy,0.05,0.05,1,264,207,3.0,3.0,3,0,1
No Adaptive,4,73,train,heuristic,agent_win,10.0,10,50.0,1,Very Easy,0.05,0.05,1,269,210,3.0,3.0,2,0,3
No Adaptive,4,74,train,heuristic,player_win,-10.0,5,50.0,1,Very Easy,0.05,0.05,1,271,211,0.0,0.0,1,0,1
No Adaptive,4,75,train,heuristic,player_win,-10.0,7,50.0,1,Very Easy,0.05,0.05,1,274,213,0.0,0.0,2,0,1
No Adaptive,4,76,train,heuristic,agent_win,10.0,8,50.0,1,Very Easy,0.05,0.05,1,278,215,3.0,3.0,1,0,3
No Adaptive,4,77,train,heuristic,agent_win,10.0,8,50.0,1,Very Easy,0.05,0.05,1,282,218,3.0,3.0,3,0,1
No Adaptive,4,78,train,heuristic,agent_win,10.0,6,50.0,1,Very Easy,0.05,0.05,1,285,220,3.0,3.0,1,0,2
No Adaptive,4,79,train,heuristic,player_win,-10.0,7,50.0,1,Very Easy,0.05,0.05,1,288,222,0.0,0.0,1,1,1
No Adaptive,4,80,train,heuristic,player_win,-10.0,9,50.0,1,Very Easy,0.05,0.05,1,292,225,0.0,0.0,2,0,2
No Adaptive,4,81,train,heuristic,agent_win,10.0,10,50.0,1,Very Easy,0.05,0.05,1,297,229,3.0,3.0,3,0,2
No Adaptive,4,82,train,heuristic,player_win,-10.0,9,50.0,1,Very Easy,0.05,0.05,1,301,231,0.0,0.0,3,0,1
No Adaptive,4,83,train,heuristic,player_win,-10.0,9,50.0,1,Very Easy,0.05,0.05,1,305,234,0.0,0.0,2,0,2
No Adaptive,4,84,train,heuristic,agent_win,10.0,8,50.0,1,Very Easy,0.05,0.05,1,309,237,3.0,3.0,2,0,2
No Adaptive,4,85,train,heuristic,player_win,-10.0,9,50.0,1,Very Easy,0.05,0.05,1,313,240,0.0,0.0,1,0,3
No Adaptive,4,86,train,heuristic,player_win,-10.0,9,50.0,1,Very Easy,0.05,0.05,1,317,243,0.0,0.0,2,0,2
No Adaptive,4,87,train,heuristic,player_win,-10.0,9,50.0,1,Very Easy,0.05,0.05,1,321,246,0.0,0.0,3,0,1
No Adaptive,4,88,train,heuristic,player_win,-10.0,7,50.0,1,Very Easy,0.05,0.05,1,324,248,0.0,0.0,2,0,1
No Adaptive,4,89,train,heuristic,player_win,-10.0,9,50.0,1,Very Easy,0.05,0.05,1,328,251,0.0,0.0,3,0,1
No Adaptive,4,90,train,heuristic,player_win,-10.0,7,50.0,1,Very Easy,0.05,0.05,1,331,253,0.0,0.0,1,0,2
No Adaptive,4,91,train,heuristic,player_win,-10.0,7,50.0,1,Very Easy,0.05,0.05,1,334,255,0.0,0.0,1,0,2
No Adaptive,4,92,train,heuristic,agent_win,10.0,6,50.0,1,Very Easy,0.05,0.05,1,337,257,3.0,3.0,1,0,2
No Adaptive,4,93,train,heuristic,player_win,-10.0,7,50.0,1,Very Easy,0.05,0.05,1,340,259,0.0,0.0,2,0,1
No Adaptive,4,94,train,heuristic,player_win,-10.0,9,50.0,1,Very Easy,0.05,0.05,1,344,262,0.0,0.0,3,0,1
No Adaptive,4,95,train,heuristic,player_win,-10.0,7,50.0,1,Very Easy,0.05,0.05,1,347,264,0.0,0.0,2,0,1
No Adaptive,4,96,train,heuristic,agent_win,10.0,10,50.0,1,Very Easy,0.05,0.05,1,352,268,3.0,3.0,1,0,4
No Adaptive,4,97,train,heuristic,player_win,-10.0,9,50.0,1,Very Easy,0.05,0.05,1,356,271,0.0,0.0,2,0,2
No Adaptive,4,98,train,heuristic,player_win,-10.0,9,50.0,1,Very Easy,0.05,0.05,1,360,274,0.0,0.0,2,0,2
No Adaptive,4,99,train,heuristic,agent_win,10.0,6,50.0,1,Very Easy,0.05,0.05,1,363,276,3.0,3.0,2,0,1
No Adaptive,4,100,train,heuristic,agent_win,10.0,6,50.0,1,Very Easy,0.05,0.05,1,366,278,3.0,3.0,1,0,2
No Adaptive,4,101,train,heuristic,agent_win,10.0,8,50.0,1,Very Easy,0.05,0.05,1,370,281,3.0,3.0,2,0,2
No Adaptive,4,102,train,heuristic,player_win,-10.0,7,50.0,1,Very Easy,0.05,0.05,1,373,283,0.0,0.0,1,0,2
No Adaptive,4,103,train,heuristic,agent_win,10.0,8,50.0,1,Very Easy,0.05,0.05,1,377,286,3.0,3.0,2,0,2
No Adaptive,4,104,train,heuristic,player_win,-10.0,7,50.0,1,Very Easy,0.05,0.05,1,380,288,0.0,0.0,2,0,1
No Adaptive,4,105,train,heuristic,agent_win,10.0,8,50.0,1,Very Easy,0.05,0.05,1,384,291,3.0,3.0,3,0,1
No Adaptive,4,106,train,heuristic,player_win,-10.0,7,50.0,1,Very Easy,0.05,0.05,1,387,292,0.0,0.0,1,0,2
No Adaptive,4,107,train,heuristic,agent_win,10.0,12,50.0,1,Very Easy,0.05,0.05,1,393,297,3.0,3.0,4,0,2
No Adaptive,4,108,train,heuristic,agent_win,10.0,8,50.0,1,Very Easy,0.05,0.05,1,397,300,3.0,3.0,2,0,2
No Adaptive,4,109,train,heuristic,player_win,-10.0,9,50.0,1,Very Easy,0.05,0.05,1,401,303,0.0,0.0,1,0,3
No Adaptive,4,110,train,heuristic,player_win,-10.0,9,50.0,1,Very Easy,0.05,0.05,1,405,306,0.0,0.0,1,0,3
No Adaptive,4,111,train,heuristic,player_win,-10.0,7,50.0,1,Very Easy,0.05,0.05,1,408,308,0.0,0.0,1,0,2
No Adaptive,4,112,train,heuristic,agent_win,10.0,12,50.0,1,Very Easy,0.05,0.05,1,414,313,3.0,3.0,3,0,3
No Adaptive,4,113,train,heuristic,player_win,-10.0,5,50.0,1,Very Easy,0.05,0.05,1,416,314,0.0,0.0,1,0,1
No Adaptive,4,114,train,heuristic,agent_win,10.0,6,50.0,1,Very Easy,0.05,0.05,1,419,316,3.0,3.0,2,0,1
No Adaptive,4,115,train,heuristic,agent_win,10.0,8,50.0,1,Very Easy,0.05,0.05,1,423,319,3.0,3.0,1,1,2
No Adaptive,4,116,train,heuristic,player_win,-10.0,5,50.0,1,Very Easy,0.05,0.05,1,425,320,0.0,0.0,1,0,1
No Adaptive,4,117,train,heuristic,player_win,-10.0,9,50.0,1,Very Easy,0.05,0.05,1,429,323,0.0,0.0,2,0,2
No Adaptive,4,118,train,heuristic,agent_win,10.0,8,50.0,1,Very Easy,0.05,0.05,1,433,326,3.0,3.0,2,0,2
No Adaptive,4,119,train,heuristic,agent_win,10.0,8,50.0,1,Very Easy,0.05,0.05,1,437,329,3.0,3.0,4,0,0
No Adaptive,4,120,train,heuristic,agent_win,10.0,8,50.0,1,Very Easy,0.05,0.05,1,441,332,3.0,3.0,2,0,2
No Adaptive,4,121,train,heuristic,player_win,-10.0,7,50.0,1,Very Easy,0.05,0.05,1,444,334,0.0,0.0,2,0,1
No Adaptive,4,122,train,heuristic,player_win,-10.0,9,50.0,1,Very Easy,0.05,0.05,1,448,337,0.0,0.0,2,0,2
No Adaptive,4,123,train,heuristic,player_win,-10.0,11,50.0,1,Very Easy,0.05,0.05,1,453,341,0.0,0.0,3,0,2
No Adaptive,4,124,train,heuristic,player_win,-10.0,7,50.0,1,Very Easy,0.05,0.05,1,456,343,0.0,0.0,2,0,1
No Adaptive,4,125,train,heuristic,player_win,-10.0,9,50.0,1,Very Easy,0.05,0.05,1,460,346,0.0,0.0,2,0,2
No Adaptive,4,126,train,heuristic,player_win,-10.0,9,50.0,1,Very Easy,0.05,0.05,1,464,349,0.0,0.0,2,0,2
No Adaptive,4,127,train,heuristic,player_win,-10.0,9,50.0,1,Very Easy,0.05,0.05,1,468,352,0.0,0.0,2,1,1
No Adaptive,4,128,train,heuristic,player_win,-10.0,9,50.0,1,Very Easy,0.05,0.05,1,472,354,0.0,0.0,3,0,1
No Adaptive,4,129,train,heuristic,agent_win,10.0,6,50.0,1,Very Easy,0.05,0.05,1,475,355,3.0,3.0,2,0,1
No Adaptive,4,130,train,heuristic,player_win,-10.0,9,50.0,1,Very Easy,0.05,0.05,1,479,358,0.0,0.0,1,0,3
No Adaptive,4,131,train,heuristic,player_win,-10.0,5,50.0,1,Very Easy,0.05,0.05,1,481,359,0.0,0.0,1,1,0
No Adaptive,4,132,train,heuristic,player_win,-10.0,5,50.0,1,Very Easy,0.05,0.05,1,483,360,0.0,0.0,1,0,1
No Adaptive,4,133,train,heuristic,player_win,-10.0,9,50.0,1,Very Easy,0.05,0.05,1,487,363,0.0,0.0,1,1,2
No Adaptive,4,134,train,heuristic,player_win,-10.0,9,50.0,1,Very Easy,0.05,0.05,1,491,366,0.0,0.0,3,0,1
No Adaptive,4,135,train,heuristic,draw,3.0,16,50.0,1,Very Easy,0.05,0.05,1,499,373,0.8999999999999999,0.8999999999999999,6,0,2
No Adaptive,4,136,train,heuristic,player_win,-10.0,9,50.0,1,Very Easy,0.05,0.05,1,503,376,0.0,0.0,1,0,3
No Adaptive,4,137,train,heuristic,player_win,-10.0,7,50.0,1,Very Easy,0.05,0.05,1,506,378,0.0,0.0,2,0,1
No Adaptive,4,138,train,heuristic,player_win,-10.0,9,50.0,1,Very Easy,0.05,0.05,1,510,381,0.0,0.0,3,0,1
No Adaptive,4,139,train,heuristic,player_win,-10.0,5,50.0,1,Very Easy,0.05,0.05,1,512,382,0.0,0.0,1,1,0
No Adaptive,4,140,train,heuristic,player_win,-10.0,5,50.0,1,Very Easy,0.05,0.05,1,514,383,0.0,0.0,1,0,1
No Adaptive,4,141,train,heuristic,player_win,-10.0,11,50.0,1,Very Easy,0.05,0.05,1,519,387,0.0,0.0,3,0,2
No Adaptive,4,142,train,heuristic,player_win,-10.0,7,50.0,1,Very Easy,0.05,0.05,1,522,389,0.0,0.0,2,0,1
No Adaptive,4,143,train,heuristic,player_win,-10.0,11,50.0,1,Very Easy,0.05,0.05,1,527,393,0.0,0.0,2,0,3
No Adaptive,4,144,train,heuristic,agent_win,10.0,10,50.0,1,Very Easy,0.05,0.05,1,532,397,3.0,3.0,2,1,2
No Adaptive,4,145,train,heuristic,player_win,-10.0,7,50.0,1,Very Easy,0.05,0.05,1,535,399,0.0,0.0,1,0,2
No Adaptive,4,146,train,heuristic,player_win,-10.0,7,50.0,1,Very Easy,0.05,0.05,1,538,401,0.0,0.0,2,0,1
No Adaptive,4,147,train,heuristic,agent_win,10.0,10,50.0,1,Very Easy,0.05,0.05,1,543,405,3.0,3.0,1,1,3
No Adaptive,4,148,train,heuristic,agent_win,10.0,6,50.0,1,Very Easy,0.05,0.05,1,546,407,3.0,3.0,2,0,1
No Adaptive,4,149,train,heuristic,player_win,-10.0,7,50.0,1,Very Easy,0.05,0.05,1,549,409,0.0,0.0,2,0,1
No Adaptive,4,150,train,heuristic,player_win,-10.0,9,50.0,1,Very Easy,0.05,0.05,1,553,412,0.0,0.0,3,0,1
No Adaptive,4,151,train,heuristic,player_win,-10.0,7,50.0,1,Very Easy,0.05,0.05,1,556,414,0.0,0.0,2,0,1
No Adaptive,4,152,train,heuristic,agent_win,10.0,6,50.0,1,Very Easy,0.05,0.05,1,559,416,3.0,3.0,2,0,1
No Adaptive,4,153,train,heuristic,player_win,-10.0,7,50.0,1,Very Easy,0.05,0.05,1,562,418,0.0,0.0,2,0,1
No Adaptive,4,154,train,heuristic,player_win,-10.0,7,50.0,1,Very Easy,0.05,0.05,1,565,420,0.0,0.0,1,1,1
No Adaptive,4,155,train,heuristic,player_win,-10.0,5,50.0,1,Very Easy,0.05,0.05,1,567,421,0.0,0.0,1,0,1
No Adaptive,4,156,train,heuristic,player_win,-10.0,7,50.0,1,Very Easy,0.05,0.05,1,570,423,0.0,0.0,1,0,2
No Adaptive,4,157,train,heuristic,agent_win,10.0,6,50.0,1,Very Easy,0.05,0.05,1,573,425,3.0,3.0,2,0,1
No Adaptive,4,158,train,heuristic,player_win,-10.0,5,50.0,1,Very Easy,0.05,0.05,1,575,426,0.0,0.0,1,0,1
No Adaptive,4,159,train,heuristic,player_win,-10.0,9,50.0,1,Very Easy,0.05,0.05,1,579,429,0.0,0.0,2,0,2
No Adaptive,4,160,train,heuristic,agent_win,10.0,8,50.0,1,Very Easy,0.05,0.05,1,583,432,3.0,3.0,3,0,1
No Adaptive,4,161,train,heuristic,player_win,-10.0,9,50.0,1,Very Easy,0.05,0.05,1,587,433,0.0,0.0,1,0,3
No Adaptive,4,162,train,heuristic,draw,3.0,16,50.0,1,Very Easy,0.05,0.05,1,595,440,0.8999999999999999,0.8999999999999999,6,0,2
No Adaptive,4,163,train,heuristic,agent_win,10.0,6,50.0,1,Very Easy,0.05,0.05,1,598,442,3.0,3.0,2,1,0
No Adaptive,4,164,train,heuristic,player_win,-10.0,7,50.0,1,Very Easy,0.05,0.05,1,601,444,0.0,0.0,1,0,2
No Adaptive,4,165,train,heuristic,agent_win,10.0,8,50.0,1,Very Easy,0.05,0.05,1,605,446,3.0,3.0,2,0,2
No Adaptive,4,166,train,heuristic,agent_win,10.0,6,50.0,1,Very Easy,0.05,0.05,1,608,448,3.0,3.0,2,1,0
No Adaptive,4,167,train,heuristic,player_win,-10.0,7,50.0,1,Very Easy,0.05,0.05,1,611,450,0.0,0.0,1,0,2
No Adaptive,4,168,train,heuristic,player_win,-10.0,9,50.0,1,Very Easy,0.05,0.05,1,615,453,0.0,0.0,3,0,1
No Adaptive,4,169,train,heuristic,agent_win,10.0,8,50.0,1,Very Easy,0.05,0.05,1,619,456,3.0,3.0,2,0,2
No Adaptive,4,170,train,heuristic,player_win,-10.0,9,50.0,1,Very Easy,0.05,0.05,1,623,459,0.0,0.0,3,0,1
No Adaptive,4,171,train,heuristic,player_win,-10.0,7,50.0,1,Very Easy,0.05,0.05,1,626,461,0.0,0.0,1,0,2
No Adaptive,4,172,train,heuristic,agent_win,10.0,8,50.0,1,Very Easy,0.05,0.05,1,630,464,3.0,3.0,3,0,1
No Adaptive,4,173,train,heuristic,player_win,-10.0,9,50.0,1,Very Easy,0.05,0.05,1,634,467,0.0,0.0,1,0,3
No Adaptive,4,174,train,heuristic,player_win,-10.0,7,50.0,1,Very Easy,0.05,0.05,1,637,469,0.0,0.0,2,0,1
No Adaptive,4,175,train,heuristic,player_win,-10.0,5,50.0,1,Very Easy,0.05,0.05,1,639,470,0.0,0.0,1,0,1
No Adaptive,4,176,train,heuristic,agent_win,10.0,10,50.0,1,Very Easy,0.05,0.05,1,644,474,3.0,3.0,3,0,2
No Adaptive,4,177,train,heuristic,player_win,-10.0,7,50.0,1,Very Easy,0.05,0.05,1,647,476,0.0,0.0,1,0,2
No Adaptive,4,178,train,heuristic,agent_win,10.0,8,50.0,1,Very Easy,0.05,0.05,1,651,479,3.0,3.0,3,0,1
No Adaptive,4,179,train,heuristic,agent_win,10.0,8,50.0,1,Very Easy,0.05,0.05,1,655,482,3.0,3.0,2,0,2
No Adaptive,4,180,train,heuristic,player_win,-10.0,7,50.0,1,Very Easy,0.05,0.05,1,658,484,0.0,0.0,2,0,1
No Adaptive,4,181,train,heuristic,player_win,-10.0,7,50.0,1,Very Easy,0.05,0.05,1,661,486,0.0,0.0,2,0,1
No Adaptive,4,182,train,heuristic,player_win,-10.0,7,50.0,1,Very Easy,0.05,0.05,1,664,488,0.0,0.0,2,0,1
No Adaptive,4,183,train,heuristic,player_win,-10.0,7,50.0,1,Very Easy,0.05,0.05,1,667,490,0.0,0.0,2,0,1
No Adaptive,4,184,train,heuristic,player_win,-10.0,11,50.0,1,Very Easy,0.05,0.05,1,672,494,0.0,0.0,3,1,1
No Adaptive,4,185,train,heuristic,player_win,-10.0,7,50.0,1,Very Easy,0.05,0.05,1,675,496,0.0,0.0,2,0,1
No Adaptive,4,186,train,heuristic,player_win,-10.0,7,50.0,1,Very Easy,0.05,0.05,1,678,498,0.0,0.0,1,0,2
No Adaptive,4,187,train,heuristic,player_win,-10.0,7,50.0,1,Very Easy,0.05,0.05,1,681,500,0.0,0.0,1,0,2
No Adaptive,4,188,train,heuristic,player_win,-10.0,11,50.0,1,Very Easy,0.05,0.05,1,686,504,0.0,0.0,2,0,3
No Adaptive,4,189,train,heuristic,player_win,-10.0,9,50.0,1,Very Easy,0.05,0.05,1,690,507,0.0,0.0,1,0,3
No Adaptive,4,190,train,heuristic,player_win,-10.0,13,50.0,1,Very Easy,0.05,0.05,1,696,512,0.0,0.0,3,0,3
No Adaptive,4,191,train,heuristic,agent_win,10.0,10,50.0,1,Very Easy,0.05,0.05,1,701,516,3.0,3.0,3,0,2
No Adaptive,4,192,train,heuristic,agent_win,10.0,6,50.0,1,Very Easy,0.05,0.05,1,704,516,2.0999999999999996,2.0999999999999996,3,0,0
No Adaptive,4,193,train,heuristic,player_win,-10.0,7,50.0,1,Very Easy,0.05,0.05,1,707,518,0.0,0.0,1,0,2
No Adaptive,4,194,train,heuristic,agent_win,10.0,6,50.0,1,Very Easy,0.05,0.05,1,710,519,3.0,3.0,2,0,1
No Adaptive,4,195,train,heuristic,agent_win,10.0,6,50.0,1,Very Easy,0.05,0.05,1,713,521,3.0,3.0,2,0,1
No Adaptive,4,196,train,heuristic,agent_win,10.0,8,50.0,1,Very Easy,0.05,0.05,1,717,524,3.0,3.0,2,0,2
No Adaptive,4,197,train,heuristic,player_win,-10.0,7,50.0,1,Very Easy,0.05,0.05,1,720,526,0.0,0.0,1,0,2
No Adaptive,4,198,train,heuristic,agent_win,10.0,8,50.0,1,Very Easy,0.05,0.05,1,724,529,3.0,3.0,2,0,2
No Adaptive,4,199,train,heuristic,player_win,-10.0,7,50.0,1,Very Easy,0.05,0.05,1,727,531,0.0,0.0,1,0,2
No Adaptive,4,200,train,heuristic,player_win,-10.0,7,50.0,1,Very Easy,0.05,0.05,1,730,533,0.0,0.0,2,0,1
No Adaptive,4,201,train,heuristic,agent_win,10.0,12,50.0,1,Very Easy,0.05,0.05,1,736,538,3.0,3.0,3,0,3
No Adaptive,4,202,train,heuristic,player_win,-10.0,11,50.0,1,Very Easy,0.05,0.05,1,741,542,0.0,0.0,2,0,3
No Adaptive,4,203,train,heuristic,player_win,-10.0,13,50.0,1,Very Easy,0.05,0.05,1,747,546,0.0,0.0,3,0,3
No Adaptive,4,204,train,heuristic,agent_win,10.0,8,50.0,1,Very Easy,0.05,0.05,1,751,549,3.0,3.0,2,0,2
No Adaptive,4,205,train,heuristic,player_win,-10.0,9,50.0,1,Very Easy,0.05,0.05,1,755,552,0.0,0.0,3,0,1
No Adaptive,4,206,train,heuristic,agent_win,10.0,6,50.0,1,Very Easy,0.05,0.05,1,758,554,3.0,3.0,1,0,2
No Adaptive,4,207,train,heuristic,agent_win,10.0,10,50.0,1,Very Easy,0.05,0.05,1,763,558,3.0,3.0,3,0,2
No Adaptive,4,208,train,heuristic,player_win,-10.0,7,50.0,1,Very Easy,0.05,0.05,1,766,560,0.0,0.0,2,0,1
No Adaptive,4,209,train,heuristic,player_win,-10.0,9,50.0,1,Very Easy,0.05,0.05,1,770,562,0.0,0.0,1,0,3
No Adaptive,4,210,train,heuristic,agent_win,10.0,6,50.0,1,Very Easy,0.05,0.05,1,773,564,3.0,3.0,1,0,2
No Adaptive,4,211,train,heuristic,player_win,-10.0,7,50.0,1,Very Easy,0.05,0.05,1,776,566,0.0,0.0,2,0,1
No Adaptive,4,212,train,heuristic,player_win,-10.0,7,50.0,1,Very Easy,0.05,0.05,1,779,568,0.0,0.0,1,0,2
No Adaptive,4,213,train,heuristic,player_win,-10.0,9,50.0,1,Very Easy,0.05,0.05,1,783,571,0.0,0.0,1,1,2
No Adaptive,4,214,train,heuristic,agent_win,10.0,6,50.0,1,Very Easy,0.05,0.05,1,786,573,3.0,3.0,1,0,2
No Adaptive,4,215,train,heuristic,player_win,-10.0,5,50.0,1,Very Easy,0.05,0.05,1,788,574,0.0,0.0,1,0,1
No Adaptive,4,216,train,heuristic,player_win,-10.0,7,50.0,1,Very Easy,0.05,0.05,1,791,576,0.0,0.0,2,0,1
No Adaptive,4,217,train,heuristic,player_win,-10.0,9,50.0,1,Very Easy,0.05,0.05,1,795,579,0.0,0.0,2,0,2
No Adaptive,4,218,train,heuristic,player_win,-10.0,7,50.0,1,Very Easy,0.05,0.05,1,798,581,0.0,0.0,1,0,2
No Adaptive,4,219,train,heuristic,player_win,-10.0,7,50.0,1,Very Easy,0.05,0.05,1,801,583,0.0,0.0,2,0,1
No Adaptive,4,220,train,heuristic,player_win,-10.0,5,50.0,1,Very Easy,0.05,0.05,1,803,584,0.0,0.0,1,0,1
No Adaptive,4,221,train,heuristic,player_win,-10.0,7,50.0,1,Very Easy,0.05,0.05,1,806,586,0.0,0.0,2,0,1
No Adaptive,4,222,train,heuristic,player_win,-10.0,9,50.0,1,Very Easy,0.05,0.05,1,810,586,0.0,0.0,3,0,1
No Adaptive,4,223,train,heuristic,agent_win,10.0,8,50.0,1,Very Easy,0.05,0.05,1,814,589,3.0,3.0,1,0,3
No Adaptive,4,224,train,heuristic,agent_win,10.0,8,50.0,1,Very Easy,0.05,0.05,1,818,592,3.0,3.0,2,0,2
No Adaptive,4,225,train,heuristic,player_win,-10.0,7,50.0,1,Very Easy,0.05,0.05,1,821,592,0.0,0.0,2,0,1
No Adaptive,4,226,train,heuristic,player_win,-10.0,9,50.0,1,Very Easy,0.05,0.05,1,825,595,0.0,0.0,2,0,2
No Adaptive,4,227,train,heuristic,player_win,-10.0,11,50.0,1,Very Easy,0.05,0.05,1,830,599,0.0,0.0,3,0,2
No Adaptive,4,228,train,heuristic,agent_win,10.0,6,50.0,1,Very Easy,0.05,0.05,1,833,601,3.0,3.0,1,0,2
No Adaptive,4,229,train,heuristic,agent_win,10.0,6,50.0,1,Very Easy,0.05,0.05,1,836,603,3.0,3.0,1,0,2
No Adaptive,4,230,train,heuristic,player_win,-10.0,7,50.0,1,Very Easy,0.05,0.05,1,839,604,0.0,0.0,2,0,1
No Adaptive,4,231,train,heuristic,player_win,-10.0,9,50.0,1,Very Easy,0.05,0.05,1,843,606,0.0,0.0,3,0,1
No Adaptive,4,232,train,heuristic,player_win,-10.0,7,50.0,1,Very Easy,0.05,0.05,1,846,608,0.0,0.0,2,0,1
No Adaptive,4,233,train,heuristic,agent_win,10.0,8,50.0,1,Very Easy,0.05,0.05,1,850,611,3.0,3.0,3,0,1
No Adaptive,4,234,train,heuristic,player_win,-10.0,9,50.0,1,Very Easy,0.05,0.05,1,854,613,0.0,0.0,1,0,3
No Adaptive,4,235,train,heuristic,player_win,-10.0,11,50.0,1,Very Easy,0.05,0.05,1,859,617,0.0,0.0,2,0,3
No Adaptive,4,236,train,heuristic,player_win,-10.0,7,50.0,1,Very Easy,0.05,0.05,1,862,619,0.0,0.0,1,0,2
No Adaptive,4,237,train,heuristic,player_win,-10.0,7,50.0,1,Very Easy,0.05,0.05,1,865,620,0.0,0.0,1,0,2
No Adaptive,4,238,train,heuristic,agent_win,10.0,12,50.0,1,Very Easy,0.05,0.05,1,871,625,3.0,3.0,3,0,3
No Adaptive,4,239,train,heuristic,player_win,-10.0,9,50.0,1,Very Easy,0.05,0.05,1,875,625,0.0,0.0,2,0,2
No Adaptive,4,240,train,heuristic,player_win,-10.0,5,50.0,1,Very Easy,0.05,0.05,1,877,626,0.0,0.0,1,0,1
No Adaptive,4,241,train,heuristic,agent_win,10.0,8,50.0,1,Very Easy,0.05,0.05,1,881,629,3.0,3.0,3,0,1
No Adaptive,4,242,train,heuristic,agent_win,10.0,8,50.0,1,Very Easy,0.05,0.05,1,885,632,3.0,3.0,2,0,2
No Adaptive,4,243,train,heuristic,agent_win,10.0,8,50.0,1,Very Easy,0.05,0.05,1,889,635,3.0,3.0,3,0,1
No Adaptive,4,244,train,heuristic,agent_win,10.0,8,50.0,1,Very Easy,0.05,0.05,1,893,638,3.0,3.0,2,0,2
No Adaptive,4,245,train,heuristic,agent_win,10.0,8,50.0,1,Very Easy,0.05,0.05,1,897,641,3.0,3.0,2,0,2
No Adaptive,4,246,train,heuristic,agent_win,10.0,8,50.0,1,Very Easy,0.05,0.05,1,901,644,3.0,3.0,3,0,1
No Adaptive,4,247,train,heuristic,player_win,-10.0,7,50.0,1,Very Easy,0.05,0.05,1,904,646,0.0,0.0,1,0,2
No Adaptive,4,248,train,heuristic,agent_win,10.0,6,50.0,1,Very Easy,0.05,0.05,1,907,648,3.0,3.0,1,0,2
No Adaptive,4,249,train,heuristic,player_win,-10.0,7,50.0,1,Very Easy,0.05,0.05,1,910,650,0.0,0.0,1,0,2
No Adaptive,4,250,train,heuristic,player_win,-10.0,9,50.0,1,Very Easy,0.05,0.05,1,914,653,0.0,0.0,2,0,2
No Adaptive,4,251,train,heuristic,player_win,-10.0,7,50.0,1,Very Easy,0.05,0.05,1,917,655,0.0,0.0,2,0,1
No Adaptive,4,252,train,heuristic,agent_win,10.0,8,50.0,1,Very Easy,0.05,0.05,1,921,658,3.0,3.0,1,0,3
No Adaptive,4,253,train,heuristic,agent_win,10.0,10,50.0,1,Very Easy,0.05,0.05,1,926,662,3.0,3.0,1,0,4
No Adaptive,4,254,train,heuristic,player_win,-10.0,7,50.0,1,Very Easy,0.05,0.05,1,929,664,0.0,0.0,2,0,1
No Adaptive,4,255,train,heuristic,player_win,-10.0,7,50.0,1,Very Easy,0.05,0.05,1,932,666,0.0,0.0,2,0,1
No Adaptive,4,256,train,heuristic,agent_win,10.0,10,50.0,1,Very Easy,0.05,0.05,1,937,670,3.0,3.0,4,0,1
No Adaptive,4,257,train,heuristic,agent_win,10.0,8,50.0,1,Very Easy,0.05,0.05,1,941,673,3.0,3.0,2,0,2
No Adaptive,4,258,train,heuristic,player_win,-10.0,11,50.0,1,Very Easy,0.05,0.05,1,946,677,0.0,0.0,4,0,1
No Adaptive,4,259,train,heuristic,player_win,-10.0,11,50.0,1,Very Easy,0.05,0.05,1,951,681,0.0,0.0,2,0,3
No Adaptive,4,260,train,heuristic,player_win,-10.0,7,50.0,1,Very Easy,0.05,0.05,1,954,683,0.0,0.0,1,0,2
No Adaptive,4,261,train,heuristic,agent_win,10.0,12,50.0,1,Very Easy,0.05,0.05,1,960,685,3.0,3.0,6,0,0
No Adaptive,4,262,train,heuristic,player_win,-10.0,11,50.0,1,Very Easy,0.05,0.05,1,965,689,0.0,0.0,3,0,2
No Adaptive,4,263,train,heuristic,agent_win,10.0,6,50.0,1,Very Easy,0.05,0.05,1,968,691,3.0,3.0,1,0,2
No Adaptive,4,264,train,heuristic,agent_win,10.0,10,50.0,1,Very Easy,0.05,0.05,1,973,695,3.0,3.0,2,0,3
No Adaptive,4,265,train,heuristic,player_win,-10.0,7,50.0,1,Very Easy,0.05,0.05,1,976,697,0.0,0.0,2,0,1
No Adaptive,4,266,train,heuristic,agent_win,10.0,8,50.0,1,Very Easy,0.05,0.05,1,980,700,3.0,3.0,2,0,2
No Adaptive,4,267,train,heuristic,agent_win,10.0,10,50.0,1,Very Easy,0.05,0.05,1,985,704,3.0,3.0,2,0,3
No Adaptive,4,268,train,heuristic,agent_win,10.0,6,50.0,1,Very Easy,0.05,0.05,1,988,706,3.0,3.0,2,0,1
No Adaptive,4,269,train,heuristic,player_win,-10.0,5,50.0,1,Very Easy,0.05,0.05,1,990,707,0.0,0.0,1,0,1
No Adaptive,4,270,train,heuristic,agent_win,10.0,8,50.0,1,Very Easy,0.05,0.05,1,994,709,3.0,3.0,3,0,1
No Adaptive,4,271,train,heuristic,agent_win,10.0,8,50.0,1,Very Easy,0.05,0.05,1,998,712,3.0,3.0,3,0,1
No Adaptive,4,272,train,heuristic,agent_win,10.0,10,50.0,1,Very Easy,0.05,0.05,1,1003,716,3.0,3.0,2,0,3
No Adaptive,4,273,train,heuristic,player_win,-10.0,7,50.0,1,Very Easy,0.05,0.05,1,1006,717,0.0,0.0,2,0,1
No Adaptive,4,274,train,heuristic,agent_win,10.0,8,50.0,1,Very Easy,0.05,0.05,1,1010,720,3.0,3.0,3,0,1
No Adaptive,4,275,train,heuristic,agent_win,10.0,6,50.0,1,Very Easy,0.05,0.05,1,1013,721,3.0,3.0,2,0,1
No Adaptive,4,276,train,heuristic,agent_win,10.0,12,50.0,1,Very Easy,0.05,0.05,1,1019,726,3.0,3.0,4,0,2
No Adaptive,4,277,train,heuristic,player_win,-10.0,7,50.0,1,Very Easy,0.05,0.05,1,1022,728,0.0,0.0,2,0,1
No Adaptive,4,278,train,heuristic,player_win,-10.0,9,50.0,1,Very Easy,0.05,0.05,1,1026,731,0.0,0.0,3,0,1
No Adaptive,4,279,train,heuristic,agent_win,10.0,12,50.0,1,Very Easy,0.05,0.05,1,1032,736,3.0,3.0,3,0,3
No Adaptive,4,280,train,heuristic,player_win,-10.0,7,50.0,1,Very Easy,0.05,0.05,1,1035,738,0.0,0.0,2,0,1
No Adaptive,4,281,train,heuristic,agent_win,10.0,10,50.0,1,Very Easy,0.05,0.05,1,1040,742,3.0,3.0,2,0,3
No Adaptive,4,282,train,heuristic,draw,3.0,16,50.0,1,Very Easy,0.05,0.05,1,1048,749,0.8999999999999999,0.8999999999999999,6,0,2
No Adaptive,4,283,train,heuristic,player_win,-10.0,9,50.0,1,Very Easy,0.05,0.05,1,1052,752,0.0,0.0,2,0,2
No Adaptive,4,284,train,heuristic,player_win,-10.0,9,50.0,1,Very Easy,0.05,0.05,1,1056,755,0.0,0.0,3,0,1
No Adaptive,4,285,train,heuristic,agent_win,10.0,8,50.0,1,Very Easy,0.05,0.05,1,1060,758,3.0,3.0,3,0,1
No Adaptive,4,286,train,heuristic,player_win,-10.0,7,50.0,1,Very Easy,0.05,0.05,1,1063,760,0.0,0.0,2,0,1
No Adaptive,4,287,train,heuristic,player_win,-10.0,7,50.0,1,Very Easy,0.05,0.05,1,1066,762,0.0,0.0,1,0,2
No Adaptive,4,288,train,heuristic,player_win,-10.0,11,50.0,1,Very Easy,0.05,0.05,1,1071,765,0.0,0.0,3,0,2
No Adaptive,4,289,train,heuristic,player_win,-10.0,11,50.0,1,Very Easy,0.05,0.05,1,1076,769,0.0,0.0,3,0,2
No Adaptive,4,290,train,heuristic,agent_win,10.0,10,50.0,1,Very Easy,0.05,0.05,1,1081,773,3.0,3.0,2,1,2
No Adaptive,4,291,train,heuristic,agent_win,10.0,10,50.0,1,Very Easy,0.05,0.05,1,1086,777,3.0,3.0,3,0,2
No Adaptive,4,292,train,heuristic,player_win,-10.0,9,50.0,1,Very Easy,0.05,0.05,1,1090,780,0.0,0.0,3,0,1
No Adaptive,4,293,train,heuristic,agent_win,10.0,8,50.0,1,Very Easy,0.05,0.05,1,1094,783,3.0,3.0,3,0,1
No Adaptive,4,294,train,heuristic,player_win,-10.0,9,50.0,1,Very Easy,0.05,0.05,1,1098,785,0.0,0.0,2,0,2
No Adaptive,4,295,train,heuristic,agent_win,10.0,6,50.0,1,Very Easy,0.05,0.05,1,1101,787,3.0,3.0,2,0,1
No Adaptive,4,296,train,heuristic,agent_win,10.0,10,50.0,1,Very Easy,0.05,0.05,1,1106,791,3.0,3.0,3,0,2
No Adaptive,4,297,train,heuristic,player_win,-10.0,7,50.0,1,Very Easy,0.05,0.05,1,1109,793,0.0,0.0,3,0,0
No Adaptive,4,298,train,heuristic,player_win,-10.0,13,50.0,1,Very Easy,0.05,0.05,1,1115,798,0.0,0.0,3,0,3
No Adaptive,4,299,train,heuristic,player_win,-10.0,7,50.0,1,Very Easy,0.05,0.05,1,1118,800,0.0,0.0,2,0,1
No Adaptive,4,300,train,heuristic,player_win,-10.0,7,50.0,1,Very Easy,0.05,0.05,1,1121,802,0.0,0.0,2,0,1
No Adaptive,4,301,train,heuristic,player_win,-10.0,9,50.0,1,Very Easy,0.05,0.05,1,1125,805,0.0,0.0,2,0,2
No Adaptive,4,302,train,heuristic,player_win,-10.0,7,50.0,1,Very Easy,0.05,0.05,1,1128,807,0.0,0.0,1,0,2
No Adaptive,4,303,train,heuristic,player_win,-10.0,9,50.0,1,Very Easy,0.05,0.05,1,1132,810,0.0,0.0,2,0,2
No Adaptive,4,304,train,heuristic,player_win,-10.0,7,50.0,1,Very Easy,0.05,0.05,1,1135,812,0.0,0.0,1,0,2
No Adaptive,4,305,train,heuristic,player_win,-10.0,9,50.0,1,Very Easy,0.05,0.05,1,1139,815,0.0,0.0,1,0,3
No Adaptive,4,306,train,heuristic,agent_win,10.0,8,50.0,1,Very Easy,0.05,0.05,1,1143,818,3.0,3.0,3,0,1
No Adaptive,4,307,train,heuristic,player_win,-10.0,7,50.0,1,Very Easy,0.05,0.05,1,1146,820,0.0,0.0,1,0,2
No Adaptive,4,308,train,heuristic,player_win,-10.0,5,50.0,1,Very Easy,0.05,0.05,1,1148,820,0.0,0.0,1,0,1
No Adaptive,4,309,train,heuristic,agent_win,10.0,10,50.0,1,Very Easy,0.05,0.05,1,1153,824,3.0,3.0,3,1,1
No Adaptive,4,310,train,heuristic,player_win,-10.0,11,50.0,1,Very Easy,0.05,0.05,1,1158,828,0.0,0.0,4,0,1
No Adaptive,4,311,train,heuristic,agent_win,10.0,6,50.0,1,Very Easy,0.05,0.05,1,1161,830,3.0,3.0,1,0,2
No Adaptive,4,312,train,heuristic,player_win,-10.0,5,50.0,1,Very Easy,0.05,0.05,1,1163,831,0.0,0.0,1,0,1
No Adaptive,4,313,train,heuristic,agent_win,10.0,8,50.0,1,Very Easy,0.05,0.05,1,1167,834,3.0,3.0,2,0,2
No Adaptive,4,314,train,heuristic,agent_win,10.0,8,50.0,1,Very Easy,0.05,0.05,1,1171,837,3.0,3.0,3,0,1
No Adaptive,4,315,train,heuristic,agent_win,10.0,10,50.0,1,Very Easy,0.05,0.05,1,1176,841,3.0,3.0,2,0,3
No Adaptive,4,316,train,heuristic,agent_win,10.0,10,50.0,1,Very Easy,0.05,0.05,1,1181,845,3.0,3.0,3,0,2
No Adaptive,4,317,train,heuristic,player_win,-10.0,9,50.0,1,Very Easy,0.05,0.05,1,1185,847,0.0,0.0,3,0,1
No Adaptive,4,318,train,heuristic,player_win,-10.0,7,50.0,1,Very Easy,0.05,0.05,1,1188,849,0.0,0.0,1,0,2
No Adaptive,4,319,train,heuristic,player_win,-10.0,7,50.0,1,Very Easy,0.05,0.05,1,1191,851,0.0,0.0,2,0,1
No Adaptive,4,320,train,heuristic,agent_win,10.0,10,50.0,1,Very Easy,0.05,0.05,1,1196,854,3.0,3.0,4,0,1
No Adaptive,4,321,train,heuristic,player_win,-10.0,7,50.0,1,Very Easy,0.05,0.05,1,1199,855,0.0,0.0,1,1,1
No Adaptive,4,322,train,heuristic,player_win,-10.0,5,50.0,1,Very Easy,0.05,0.05,1,1201,855,0.0,0.0,1,0,1
No Adaptive,4,323,train,heuristic,player_win,-10.0,9,50.0,1,Very Easy,0.05,0.05,1,1205,858,0.0,0.0,3,0,1
No Adaptive,4,324,train,heuristic,player_win,-10.0,7,50.0,1,Very Easy,0.05,0.05,1,1208,858,0.0,0.0,2,0,1
No Adaptive,4,325,train,heuristic,player_win,-10.0,7,50.0,1,Very Easy,0.05,0.05,1,1211,860,0.0,0.0,2,0,1
No Adaptive,4,326,train,heuristic,agent_win,10.0,12,50.0,1,Very Easy,0.05,0.05,1,1217,865,3.0,3.0,1,0,5
No Adaptive,4,327,train,heuristic,agent_win,10.0,8,50.0,1,Very Easy,0.05,0.05,1,1221,868,3.0,3.0,2,0,2
No Adaptive,4,328,train,heuristic,player_win,-10.0,11,50.0,1,Very Easy,0.05,0.05,1,1226,872,0.0,0.0,2,0,3
No Adaptive,4,329,train,heuristic,player_win,-10.0,9,50.0,1,Very Easy,0.05,0.05,1,1230,872,0.0,0.0,3,0,1
No Adaptive,4,330,train,heuristic,player_win,-10.0,5,50.0,1,Very Easy,0.05,0.05,1,1232,873,0.0,0.0,1,0,1
No Adaptive,4,331,train,heuristic,player_win,-10.0,5,50.0,1,Very Easy,0.05,0.05,1,1234,874,0.0,0.0,1,0,1
No Adaptive,4,332,train,heuristic,agent_win,10.0,8,50.0,1,Very Easy,0.05,0.05,1,1238,877,3.0,3.0,3,0,1
No Adaptive,4,333,train,heuristic,player_win,-10.0,7,50.0,1,Very Easy,0.05,0.05,1,1241,879,0.0,0.0,1,0,2
No Adaptive,4,334,train,heuristic,agent_win,10.0,8,50.0,1,Very Easy,0.05,0.05,1,1245,882,3.0,3.0,2,0,2
No Adaptive,4,335,train,heuristic,agent_win,10.0,6,50.0,1,Very Easy,0.05,0.05,1,1248,884,3.0,3.0,2,0,1
No Adaptive,4,336,train,heuristic,agent_win,10.0,8,50.0,1,Very Easy,0.05,0.05,1,1252,887,3.0,3.0,2,0,2
No Adaptive,4,337,train,heuristic,player_win,-10.0,7,50.0,1,Very Easy,0.05,0.05,1,1255,889,0.0,0.0,1,1,1
No Adaptive,4,338,train,heuristic,player_win,-10.0,9,50.0,1,Very Easy,0.05,0.05,1,1259,892,0.0,0.0,2,0,2
No Adaptive,4,339,train,heuristic,agent_win,10.0,6,50.0,1,Very Easy,0.05,0.05,1,1262,894,3.0,3.0,2,0,1
No Adaptive,4,340,train,heuristic,player_win,-10.0,9,50.0,1,Very Easy,0.05,0.05,1,1266,897,0.0,0.0,2,0,2
No Adaptive,4,341,train,heuristic,player_win,-10.0,7,50.0,1,Very Easy,0.05,0.05,1,1269,898,0.0,0.0,2,0,1
No Adaptive,4,342,train,heuristic,player_win,-10.0,7,50.0,1,Very Easy,0.05,0.05,1,1272,900,0.0,0.0,2,0,1
No Adaptive,4,343,train,heuristic,agent_win,10.0,6,50.0,1,Very Easy,0.05,0.05,1,1275,902,3.0,3.0,2,0,1
No Adaptive,4,344,train,heuristic,player_win,-10.0,9,50.0,1,Very Easy,0.05,0.05,1,1279,905,0.0,0.0,2,0,2
No Adaptive,4,345,train,heuristic,agent_win,10.0,6,50.0,1,Very Easy,0.05,0.05,1,1282,907,3.0,3.0,3,0,0
No Adaptive,4,346,train,heuristic,player_win,-10.0,11,50.0,1,Very Easy,0.05,0.05,1,1287,910,0.0,0.0,2,0,3
No Adaptive,4,347,train,heuristic,player_win,-10.0,7,50.0,1,Very Easy,0.05,0.05,1,1290,910,0.0,0.0,2,0,1
No Adaptive,4,348,train,heuristic,agent_win,10.0,8,50.0,1,Very Easy,0.05,0.05,1,1294,913,3.0,3.0,3,0,1
No Adaptive,4,349,train,heuristic,player_win,-10.0,13,50.0,1,Very Easy,0.05,0.05,1,1300,918,0.0,0.0,4,0,2
No Adaptive,4,350,train,heuristic,player_win,-10.0,7,50.0,1,Very Easy,0.05,0.05,1,1303,920,0.0,0.0,1,0,2
No Adaptive,4,351,train,heuristic,player_win,-10.0,7,50.0,1,Very Easy,0.05,0.05,1,1306,921,0.0,0.0,2,0,1
No Adaptive,4,352,train,heuristic,agent_win,10.0,6,50.0,1,Very Easy,0.05,0.05,1,1309,923,3.0,3.0,2,0,1
No Adaptive,4,353,train,heuristic,player_win,-10.0,7,50.0,1,Very Easy,0.05,0.05,1,1312,925,0.0,0.0,2,0,1
No Adaptive,4,354,train,heuristic,player_win,-10.0,5,50.0,1,Very Easy,0.05,0.05,1,1314,926,0.0,0.0,1,0,1
No Adaptive,4,355,train,heuristic,player_win,-10.0,7,50.0,1,Very Easy,0.05,0.05,1,1317,928,0.0,0.0,2,0,1
No Adaptive,4,356,train,heuristic,player_win,-10.0,5,50.0,1,Very Easy,0.05,0.05,1,1319,929,0.0,0.0,1,0,1
No Adaptive,4,357,train,heuristic,agent_win,10.0,12,50.0,1,Very Easy,0.05,0.05,1,1325,934,3.0,3.0,3,0,3
No Adaptive,4,358,train,heuristic,agent_win,10.0,8,50.0,1,Very Easy,0.05,0.05,1,1329,937,3.0,3.0,3,0,1
No Adaptive,4,359,train,heuristic,player_win,-10.0,9,50.0,1,Very Easy,0.05,0.05,1,1333,939,0.0,0.0,2,0,2
No Adaptive,4,360,train,heuristic,player_win,-10.0,11,50.0,1,Very Easy,0.05,0.05,1,1338,943,0.0,0.0,2,0,3
No Adaptive,4,361,train,heuristic,agent_win,10.0,6,50.0,1,Very Easy,0.05,0.05,1,1341,944,3.0,3.0,2,0,1
No Adaptive,4,362,train,heuristic,player_win,-10.0,5,50.0,1,Very Easy,0.05,0.05,1,1343,945,0.0,0.0,1,0,1
No Adaptive,4,363,train,heuristic,agent_win,10.0,6,50.0,1,Very Easy,0.05,0.05,1,1346,945,2.0999999999999996,2.0999999999999996,2,0,1
No Adaptive,4,364,train,heuristic,player_win,-10.0,5,50.0,1,Very Easy,0.05,0.05,1,1348,946,0.0,0.0,1,0,1
No Adaptive,4,365,train,heuristic,agent_win,10.0,8,50.0,1,Very Easy,0.05,0.05,1,1352,949,3.0,3.0,1,0,3
No Adaptive,4,366,train,heuristic,player_win,-10.0,7,50.0,1,Very Easy,0.05,0.05,1,1355,951,0.0,0.0,2,0,1
No Adaptive,4,367,train,heuristic,player_win,-10.0,7,50.0,1,Very Easy,0.05,0.05,1,1358,953,0.0,0.0,1,0,2
No Adaptive,4,368,train,heuristic,agent_win,10.0,12,50.0,1,Very Easy,0.05,0.05,1,1364,957,2.0999999999999996,2.0999999999999996,4,0,2
No Adaptive,4,369,train,heuristic,player_win,-10.0,9,50.0,1,Very Easy,0.05,0.05,1,1368,960,0.0,0.0,2,0,2
No Adaptive,4,370,train,heuristic,player_win,-10.0,9,50.0,1,Very Easy,0.05,0.05,1,1372,963,0.0,0.0,4,0,0
No Adaptive,4,371,train,heuristic,agent_win,10.0,8,50.0,1,Very Easy,0.05,0.05,1,1376,965,3.0,3.0,1,0,3
No Adaptive,4,372,train,heuristic,player_win,-10.0,7,50.0,1,Very Easy,0.05,0.05,1,1379,967,0.0,0.0,1,0,2
No Adaptive,4,373,train,heuristic,player_win,-10.0,7,50.0,1,Very Easy,0.05,0.05,1,1382,969,0.0,0.0,2,0,1
No Adaptive,4,374,train,heuristic,player_win,-10.0,7,50.0,1,Very Easy,0.05,0.05,1,1385,971,0.0,0.0,2,0,1
No Adaptive,4,375,train,heuristic,agent_win,10.0,8,50.0,1,Very Easy,0.05,0.05,1,1389,973,3.0,3.0,1,0,3
No Adaptive,4,376,train,heuristic,agent_win,10.0,8,50.0,1,Very Easy,0.05,0.05,1,1393,976,3.0,3.0,1,0,3
No Adaptive,4,377,train,heuristic,agent_win,10.0,6,50.0,1,Very Easy,0.05,0.05,1,1396,978,3.0,3.0,1,0,2
No Adaptive,4,378,train,heuristic,agent_win,10.0,12,50.0,1,Very Easy,0.05,0.05,1,1402,983,3.0,3.0,5,0,1
No Adaptive,4,379,train,heuristic,player_win,-10.0,7,50.0,1,Very Easy,0.05,0.05,1,1405,985,0.0,0.0,2,0,1
No Adaptive,4,380,train,heuristic,player_win,-10.0,7,50.0,1,Very Easy,0.05,0.05,1,1408,987,0.0,0.0,2,0,1
No Adaptive,4,381,train,heuristic,player_win,-10.0,9,50.0,1,Very Easy,0.05,0.05,1,1412,990,0.0,0.0,2,1,1
No Adaptive,4,382,train,heuristic,player_win,-10.0,9,50.0,1,Very Easy,0.05,0.05,1,1416,990,0.0,0.0,3,0,1
No Adaptive,4,383,train,heuristic,agent_win,10.0,6,50.0,1,Very Easy,0.05,0.05,1,1419,991,2.0999999999999996,2.0999999999999996,1,0,2
No Adaptive,4,384,train,heuristic,player_win,-10.0,5,50.0,1,Very Easy,0.05,0.05,1,1421,992,0.0,0.0,1,0,1
No Adaptive,4,385,train,heuristic,agent_win,10.0,14,50.0,1,Very Easy,0.05,0.05,1,1428,998,3.0,3.0,6,0,1
No Adaptive,4,386,train,heuristic,agent_win,10.0,8,50.0,1,Very Easy,0.05,0.05,1,1432,1001,3.0,3.0,3,0,1
No Adaptive,4,387,train,heuristic,player_win,-10.0,7,50.0,1,Very Easy,0.05,0.05,1,1435,1003,0.0,0.0,2,0,1
No Adaptive,4,388,train,heuristic,agent_win,10.0,6,50.0,1,Very Easy,0.05,0.05,1,1438,1005,3.0,3.0,1,0,2
No Adaptive,4,389,train,heuristic,player_win,-10.0,9,50.0,1,Very Easy,0.05,0.05,1,1442,1007,0.0,0.0,2,0,2
No Adaptive,4,390,train,heuristic,agent_win,10.0,6,50.0,1,Very Easy,0.05,0.05,1,1445,1009,3.0,3.0,1,0,2
No Adaptive,4,391,train,heuristic,agent_win,10.0,10,50.0,1,Very Easy,0.05,0.05,1,1450,1013,3.0,3.0,4,0,1
No Adaptive,4,392,train,heuristic,agent_win,10.0,8,50.0,1,Very Easy,0.05,0.05,1,1454,1016,3.0,3.0,3,0,1
No Adaptive,4,393,train,heuristic,agent_win,10.0,6,50.0,1,Very Easy,0.05,0.05,1,1457,1016,2.0999999999999996,2.0999999999999996,3,0,0
No Adaptive,4,394,train,heuristic,player_win,-10.0,5,50.0,1,Very Easy,0.05,0.05,1,1459,1017,0.0,0.0,1,0,1
No Adaptive,4,395,train,heuristic,player_win,-10.0,9,50.0,1,Very Easy,0.05,0.05,1,1463,1020,0.0,0.0,2,0,2
No Adaptive,4,396,train,heuristic,player_win,-10.0,7,50.0,1,Very Easy,0.05,0.05,1,1466,1022,0.0,0.0,2,0,1
No Adaptive,4,397,train,heuristic,player_win,-10.0,9,50.0,1,Very Easy,0.05,0.05,1,1470,1025,0.0,0.0,3,0,1
No Adaptive,4,398,train,heuristic,player_win,-10.0,5,50.0,1,Very Easy,0.05,0.05,1,1472,1025,0.0,0.0,1,0,1
No Adaptive,4,399,train,heuristic,agent_win,10.0,6,50.0,1,Very Easy,0.05,0.05,1,1475,1027,3.0,3.0,1,0,2
No Adaptive,4,400,train,heuristic,player_win,-10.0,5,50.0,1,Very Easy,0.05,0.05,1,1477,1028,0.0,0.0,1,0,1
No Adaptive,4,401,train,heuristic,agent_win,10.0,8,50.0,1,Very Easy,0.05,0.05,1,1481,1031,3.0,3.0,3,0,1
No Adaptive,4,402,train,heuristic,player_win,-10.0,11,50.0,1,Very Easy,0.05,0.05,1,1486,1035,0.0,0.0,2,0,3
No Adaptive,4,403,train,heuristic,agent_win,10.0,10,50.0,1,Very Easy,0.05,0.05,1,1491,1039,3.0,3.0,3,0,2
No Adaptive,4,404,train,heuristic,agent_win,10.0,8,50.0,1,Very Easy,0.05,0.05,1,1495,1042,3.0,3.0,3,0,1
No Adaptive,4,405,train,heuristic,agent_win,10.0,6,50.0,1,Very Easy,0.05,0.05,1,1498,1043,3.0,3.0,1,0,2
No Adaptive,4,406,train,heuristic,player_win,-10.0,7,50.0,1,Very Easy,0.05,0.05,1,1501,1045,0.0,0.0,2,0,1
No Adaptive,4,407,train,heuristic,player_win,-10.0,9,50.0,1,Very Easy,0.05,0.05,1,1505,1048,0.0,0.0,2,0,2
No Adaptive,4,408,train,heuristic,player_win,-10.0,9,50.0,1,Very Easy,0.05,0.05,1,1509,1050,0.0,0.0,2,0,2
No Adaptive,4,409,train,heuristic,agent_win,10.0,6,50.0,1,Very Easy,0.05,0.05,1,1512,1050,2.0999999999999996,2.0999999999999996,2,0,1
No Adaptive,4,410,train,heuristic,player_win,-10.0,7,50.0,1,Very Easy,0.05,0.05,1,1515,1052,0.0,0.0,2,0,1
No Adaptive,4,411,train,heuristic,player_win,-10.0,7,50.0,1,Very Easy,0.05,0.05,1,1518,1053,0.0,0.0,2,0,1
No Adaptive,4,412,train,heuristic,agent_win,10.0,8,50.0,1,Very Easy,0.05,0.05,1,1522,1056,3.0,3.0,2,0,2
No Adaptive,4,413,train,heuristic,agent_win,10.0,8,50.0,1,Very Easy,0.05,0.05,1,1526,1059,3.0,3.0,2,0,2
No Adaptive,4,414,train,heuristic,player_win,-10.0,9,50.0,1,Very Easy,0.05,0.05,1,1530,1061,0.0,0.0,2,0,2
No Adaptive,4,415,train,heuristic,player_win,-10.0,7,50.0,1,Very Easy,0.05,0.05,1,1533,1063,0.0,0.0,2,0,1
No Adaptive,4,416,train,heuristic,agent_win,10.0,6,50.0,1,Very Easy,0.05,0.05,1,1536,1065,3.0,3.0,3,0,0
No Adaptive,4,417,train,heuristic,player_win,-10.0,7,50.0,1,Very Easy,0.05,0.05,1,1539,1067,0.0,0.0,1,0,2
No Adaptive,4,418,train,heuristic,player_win,-10.0,7,50.0,1,Very Easy,0.05,0.05,1,1542,1069,0.0,0.0,1,0,2
No Adaptive,4,419,train,heuristic,player_win,-10.0,7,50.0,1,Very Easy,0.05,0.05,1,1545,1071,0.0,0.0,2,0,1
No Adaptive,4,420,train,heuristic,agent_win,10.0,8,50.0,1,Very Easy,0.05,0.05,1,1549,1074,3.0,3.0,2,0,2
No Adaptive,4,421,train,heuristic,player_win,-10.0,7,50.0,1,Very Easy,0.05,0.05,1,1552,1076,0.0,0.0,2,0,1
No Adaptive,4,422,train,heuristic,player_win,-10.0,7,50.0,1,Very Easy,0.05,0.05,1,1555,1078,0.0,0.0,2,0,1
No Adaptive,4,423,train,heuristic,player_win,-10.0,13,50.0,1,Very Easy,0.05,0.05,1,1561,1082,0.0,0.0,4,0,2
No Adaptive,4,424,train,heuristic,agent_win,10.0,6,50.0,1,Very Easy,0.05,0.05,1,1564,1083,3.0,3.0,1,0,2
No Adaptive,4,425,train,heuristic,player_win,-10.0,11,50.0,1,Very Easy,0.05,0.05,1,1569,1087,0.0,0.0,4,0,1
No Adaptive,4,426,train,heuristic,player_win,-10.0,9,50.0,1,Very Easy,0.05,0.05,1,1573,1090,0.0,0.0,2,0,2
No Adaptive,4,427,train,heuristic,player_win,-10.0,9,50.0,1,Very Easy,0.05,0.05,1,1577,1090,0.0,0.0,3,0,1
No Adaptive,4,428,train,heuristic,agent_win,10.0,8,50.0,1,Very Easy,0.05,0.05,1,1581,1093,3.0,3.0,3,0,1
No Adaptive,4,429,train,heuristic,agent_win,10.0,6,50.0,1,Very Easy,0.05,0.05,1,1584,1094,3.0,3.0,1,0,2
No Adaptive,4,430,train,heuristic,agent_win,10.0,6,50.0,1,Very Easy,0.05,0.05,1,1587,1096,3.0,3.0,2,0,1
No Adaptive,4,431,train,heuristic,player_win,-10.0,5,50.0,1,Very Easy,0.05,0.05,1,1589,1097,0.0,0.0,1,0,1
No Adaptive,4,432,train,heuristic,player_win,-10.0,7,50.0,1,Very Easy,0.05,0.05,1,1592,1099,0.0,0.0,2,0,1
No Adaptive,4,433,train,heuristic,player_win,-10.0,7,50.0,1,Very Easy,0.05,0.05,1,1595,1101,0.0,0.0,2,0,1
No Adaptive,4,434,train,heuristic,player_win,-10.0,5,50.0,1,Very Easy,0.05,0.05,1,1597,1102,0.0,0.0,1,0,1
No Adaptive,4,435,train,heuristic,player_win,-10.0,7,50.0,1,Very Easy,0.05,0.05,1,1600,1104,0.0,0.0,2,0,1
No Adaptive,4,436,train,heuristic,agent_win,10.0,12,50.0,1,Very Easy,0.05,0.05,1,1606,1109,3.0,3.0,3,0,3
No Adaptive,4,437,train,heuristic,agent_win,10.0,6,50.0,1,Very Easy,0.05,0.05,1,1609,1111,3.0,3.0,2,0,1
No Adaptive,4,438,train,heuristic,player_win,-10.0,7,50.0,1,Very Easy,0.05,0.05,1,1612,1111,0.0,0.0,2,0,1
No Adaptive,4,439,train,heuristic,player_win,-10.0,7,50.0,1,Very Easy,0.05,0.05,1,1615,1113,0.0,0.0,1,0,2
No Adaptive,4,440,train,heuristic,agent_win,10.0,10,50.0,1,Very Easy,0.05,0.05,1,1620,1117,3.0,3.0,3,0,2
No Adaptive,4,441,train,heuristic,player_win,-10.0,7,50.0,1,Very Easy,0.05,0.05,1,1623,1118,0.0,0.0,2,0,1
No Adaptive,4,442,train,heuristic,agent_win,10.0,8,50.0,1,Very Easy,0.05,0.05,1,1627,1121,3.0,3.0,2,0,2
No Adaptive,4,443,train,heuristic,agent_win,10.0,8,50.0,1,Very Easy,0.05,0.05,1,1631,1124,3.0,3.0,3,0,1
No Adaptive,4,444,train,heuristic,player_win,-10.0,9,50.0,1,Very Easy,0.05,0.05,1,1635,1127,0.0,0.0,2,0,2
No Adaptive,4,445,train,heuristic,player_win,-10.0,7,50.0,1,Very Easy,0.05,0.05,1,1638,1127,0.0,0.0,2,0,1
No Adaptive,4,446,train,heuristic,player_win,-10.0,9,50.0,1,Very Easy,0.05,0.05,1,1642,1130,0.0,0.0,2,0,2
No Adaptive,4,447,train,heuristic,agent_win,10.0,10,50.0,1,Very Easy,0.05,0.05,1,1647,1134,3.0,3.0,1,0,4
No Adaptive,4,448,train,heuristic,player_win,-10.0,9,50.0,1,Very Easy,0.05,0.05,1,1651,1136,0.0,0.0,1,1,2
No Adaptive,4,449,train,heuristic,player_win,-10.0,5,50.0,1,Very Easy,0.05,0.05,1,1653,1137,0.0,0.0,1,0,1
No Adaptive,4,450,train,heuristic,player_win,-10.0,11,50.0,1,Very Easy,0.05,0.05,1,1658,1141,0.0,0.0,3,0,2
No Adaptive,4,451,train,heuristic,player_win,-10.0,7,50.0,1,Very Easy,0.05,0.05,1,1661,1143,0.0,0.0,1,0,2
No Adaptive,4,452,train,heuristic,player_win,-10.0,7,50.0,1,Very Easy,0.05,0.05,1,1664,1144,0.0,0.0,2,0,1
No Adaptive,4,453,train,heuristic,player_win,-10.0,7,50.0,1,Very Easy,0.05,0.05,1,1667,1144,0.0,0.0,2,0,1
No Adaptive,4,454,train,heuristic,agent_win,10.0,8,50.0,1,Very Easy,0.05,0.05,1,1671,1147,3.0,3.0,2,0,2
No Adaptive,4,455,train,heuristic,agent_win,10.0,10,50.0,1,Very Easy,0.05,0.05,1,1676,1150,3.0,3.0,3,0,2
No Adaptive,4,456,train,heuristic,agent_win,10.0,6,50.0,1,Very Easy,0.05,0.05,1,1679,1152,3.0,3.0,2,0,1
No Adaptive,4,457,train,heuristic,agent_win,10.0,6,50.0,1,Very Easy,0.05,0.05,1,1682,1154,3.0,3.0,2,0,1
No Adaptive,4,458,train,heuristic,agent_win,10.0,8,50.0,1,Very Easy,0.05,0.05,1,1686,1157,3.0,3.0,2,0,2
No Adaptive,4,459,train,heuristic,player_win,-10.0,7,50.0,1,Very Easy,0.05,0.05,1,1689,1159,0.0,0.0,2,0,1
No Adaptive,4,460,train,heuristic,agent_win,10.0,6,50.0,1,Very Easy,0.05,0.05,1,1692,1161,3.0,3.0,2,1,0
No Adaptive,4,461,train,heuristic,player_win,-10.0,11,50.0,1,Very Easy,0.05,0.05,1,1697,1164,0.0,0.0,2,0,3
No Adaptive,4,462,train,heuristic,agent_win,10.0,10,50.0,1,Very Easy,0.05,0.05,1,1702,1168,3.0,3.0,2,0,3
No Adaptive,4,463,train,heuristic,player_win,-10.0,7,50.0,1,Very Easy,0.05,0.05,1,1705,1170,0.0,0.0,2,0,1
No Adaptive,4,464,train,heuristic,player_win,-10.0,7,50.0,1,Very Easy,0.05,0.05,1,1708,1170,0.0,0.0,3,0,0
No Adaptive,4,465,train,heuristic,player_win,-10.0,9,50.0,1,Very Easy,0.05,0.05,1,1712,1171,0.0,0.0,3,0,1
No Adaptive,4,466,train,heuristic,player_win,-10.0,5,50.0,1,Very Easy,0.05,0.05,1,1714,1171,0.0,0.0,1,0,1
No Adaptive,4,467,train,heuristic,player_win,-10.0,7,50.0,1,Very Easy,0.05,0.05,1,1717,1173,0.0,0.0,1,0,2
No Adaptive,4,468,train,heuristic,player_win,-10.0,7,50.0,1,Very Easy,0.05,0.05,1,1720,1175,0.0,0.0,2,0,1
No Adaptive,4,469,train,heuristic,agent_win,10.0,6,50.0,1,Very Easy,0.05,0.05,1,1723,1176,3.0,3.0,1,0,2
No Adaptive,4,470,train,heuristic,player_win,-10.0,7,50.0,1,Very Easy,0.05,0.05,1,1726,1178,0.0,0.0,2,0,1
No Adaptive,4,471,train,heuristic,player_win,-10.0,5,50.0,1,Very Easy,0.05,0.05,1,1728,1179,0.0,0.0,1,0,1
No Adaptive,4,472,train,heuristic,agent_win,10.0,10,50.0,1,Very Easy,0.05,0.05,1,1733,1183,3.0,3.0,3,0,2
No Adaptive,4,473,train,heuristic,agent_win,10.0,8,50.0,1,Very Easy,0.05,0.05,1,1737,1185,3.0,3.0,3,0,1
No Adaptive,4,474,train,heuristic,player_win,-10.0,9,50.0,1,Very Easy,0.05,0.05,1,1741,1187,0.0,0.0,2,1,1
No Adaptive,4,475,train,heuristic,player_win,-10.0,13,50.0,1,Very Easy,0.05,0.05,1,1747,1192,0.0,0.0,3,0,3
No Adaptive,4,476,train,heuristic,player_win,-10.0,5,50.0,1,Very Easy,0.05,0.05,1,1749,1192,0.0,0.0,1,0,1
No Adaptive,4,477,train,heuristic,player_win,-10.0,5,50.0,1,Very Easy,0.05,0.05,1,1751,1192,0.0,0.0,1,0,1
No Adaptive,4,478,train,heuristic,player_win,-10.0,5,50.0,1,Very Easy,0.05,0.05,1,1753,1193,0.0,0.0,2,0,0
No Adaptive,4,479,train,heuristic,player_win,-10.0,5,50.0,1,Very Easy,0.05,0.05,1,1755,1194,0.0,0.0,1,0,1
No Adaptive,4,480,train,heuristic,agent_win,10.0,6,50.0,1,Very Easy,0.05,0.05,1,1758,1196,3.0,3.0,2,0,1
No Adaptive,4,481,train,heuristic,agent_win,10.0,6,50.0,1,Very Easy,0.05,0.05,1,1761,1197,3.0,3.0,2,0,1
No Adaptive,4,482,train,heuristic,player_win,-10.0,7,50.0,1,Very Easy,0.05,0.05,1,1764,1199,0.0,0.0,2,0,1
No Adaptive,4,483,train,heuristic,player_win,-10.0,7,50.0,1,Very Easy,0.05,0.05,1,1767,1201,0.0,0.0,1,0,2
No Adaptive,4,484,train,heuristic,player_win,-10.0,7,50.0,1,Very Easy,0.05,0.05,1,1770,1203,0.0,0.0,2,0,1
No Adaptive,4,485,train,heuristic,player_win,-10.0,7,50.0,1,Very Easy,0.05,0.05,1,1773,1205,0.0,0.0,2,0,1
No Adaptive,4,486,train,heuristic,agent_win,10.0,10,50.0,1,Very Easy,0.05,0.05,1,1778,1209,3.0,3.0,3,0,2
No Adaptive,4,487,train,heuristic,agent_win,10.0,8,50.0,1,Very Easy,0.05,0.05,1,1782,1212,3.0,3.0,2,0,2
No Adaptive,4,488,train,heuristic,agent_win,10.0,8,50.0,1,Very Easy,0.05,0.05,1,1786,1215,3.0,3.0,3,0,1
No Adaptive,4,489,train,heuristic,player_win,-10.0,7,50.0,1,Very Easy,0.05,0.05,1,1789,1217,0.0,0.0,3,0,0
No Adaptive,4,490,train,heuristic,player_win,-10.0,5,50.0,1,Very Easy,0.05,0.05,1,1791,1217,0.0,0.0,1,1,0
No Adaptive,4,491,train,heuristic,agent_win,10.0,8,50.0,1,Very Easy,0.05,0.05,1,1795,1219,3.0,3.0,2,1,1
No Adaptive,4,492,train,heuristic,agent_win,10.0,8,50.0,1,Very Easy,0.05,0.05,1,1799,1222,3.0,3.0,3,0,1
No Adaptive,4,493,train,heuristic,player_win,-10.0,9,50.0,1,Very Easy,0.05,0.05,1,1803,1225,0.0,0.0,3,0,1
No Adaptive,4,494,train,heuristic,agent_win,10.0,6,50.0,1,Very Easy,0.05,0.05,1,1806,1227,3.0,3.0,1,0,2
No Adaptive,4,495,train,heuristic,player_win,-10.0,9,50.0,1,Very Easy,0.05,0.05,1,1810,1230,0.0,0.0,2,0,2
No Adaptive,4,496,train,heuristic,agent_win,10.0,6,50.0,1,Very Easy,0.05,0.05,1,1813,1232,3.0,3.0,1,0,2
No Adaptive,4,497,train,heuristic,player_win,-10.0,7,50.0,1,Very Easy,0.05,0.05,1,1816,1234,0.0,0.0,2,0,1
No Adaptive,4,498,train,heuristic,agent_win,10.0,8,50.0,1,Very Easy,0.05,0.05,1,1820,1237,3.0,3.0,2,0,2
No Adaptive,4,499,train,heuristic,player_win,-10.0,11,50.0,1,Very Easy,0.05,0.05,1,1825,1240,0.0,0.0,4,0,1
No Adaptive,4,500,train,heuristic,player_win,-10.0,9,50.0,1,Very Easy,0.05,0.05,1,1829,1241,0.0,0.0,2,0,2
No Adaptive,4,501,train,heuristic,player_win,-10.0,7,50.0,1,Very Easy,0.05,0.05,1,1832,1243,0.0,0.0,1,0,2
No Adaptive,4,502,train,heuristic,agent_win,10.0,6,50.0,1,Very Easy,0.05,0.05,1,1835,1245,3.0,3.0,1,0,2
No Adaptive,4,503,train,heuristic,player_win,-10.0,5,50.0,1,Very Easy,0.05,0.05,1,1837,1246,0.0,0.0,1,0,1
No Adaptive,4,504,train,heuristic,player_win,-10.0,5,50.0,1,Very Easy,0.05,0.05,1,1839,1246,0.0,0.0,1,0,1
No Adaptive,4,505,train,heuristic,agent_win,10.0,10,50.0,1,Very Easy,0.05,0.05,1,1844,1250,3.0,3.0,1,0,4
No Adaptive,4,506,train,heuristic,player_win,-10.0,11,50.0,1,Very Easy,0.05,0.05,1,1849,1254,0.0,0.0,2,0,3
No Adaptive,4,507,train,heuristic,agent_win,10.0,6,50.0,1,Very Easy,0.05,0.05,1,1852,1255,3.0,3.0,2,0,1
No Adaptive,4,508,train,heuristic,agent_win,10.0,8,50.0,1,Very Easy,0.05,0.05,1,1856,1258,3.0,3.0,3,0,1
No Adaptive,4,509,train,heuristic,player_win,-10.0,11,50.0,1,Very Easy,0.05,0.05,1,1861,1262,0.0,0.0,2,0,3
No Adaptive,4,510,train,heuristic,player_win,-10.0,9,50.0,1,Very Easy,0.05,0.05,1,1865,1265,0.0,0.0,2,1,1
No Adaptive,4,511,train,heuristic,agent_win,10.0,6,50.0,1,Very Easy,0.05,0.05,1,1868,1266,3.0,3.0,2,1,0
No Adaptive,4,512,train,heuristic,player_win,-10.0,9,50.0,1,Very Easy,0.05,0.05,1,1872,1269,0.0,0.0,2,0,2
No Adaptive,4,513,train,heuristic,player_win,-10.0,7,50.0,1,Very Easy,0.05,0.05,1,1875,1271,0.0,0.0,2,0,1
No Adaptive,4,514,train,heuristic,player_win,-10.0,5,50.0,1,Very Easy,0.05,0.05,1,1877,1272,0.0,0.0,1,0,1
No Adaptive,4,515,train,heuristic,agent_win,10.0,8,50.0,1,Very Easy,0.05,0.05,1,1881,1275,3.0,3.0,2,1,1
No Adaptive,4,516,train,heuristic,player_win,-10.0,7,50.0,1,Very Easy,0.05,0.05,1,1884,1277,0.0,0.0,2,0,1
No Adaptive,4,517,train,heuristic,agent_win,10.0,10,50.0,1,Very Easy,0.05,0.05,1,1889,1281,3.0,3.0,2,0,3
No Adaptive,4,518,train,heuristic,agent_win,10.0,10,50.0,1,Very Easy,0.05,0.05,1,1894,1285,3.0,3.0,4,0,1
No Adaptive,4,519,train,heuristic,agent_win,10.0,10,50.0,1,Very Easy,0.05,0.05,1,1899,1288,3.0,3.0,4,0,1
No Adaptive,4,520,train,heuristic,player_win,-10.0,7,50.0,1,Very Easy,0.05,0.05,1,1902,1290,0.0,0.0,2,0,1
No Adaptive,4,521,train,heuristic,player_win,-10.0,9,50.0,1,Very Easy,0.05,0.05,1,1906,1290,0.0,0.0,3,0,1
No Adaptive,4,522,train,heuristic,player_win,-10.0,7,50.0,1,Very Easy,0.05,0.05,1,1909,1292,0.0,0.0,1,0,2
No Adaptive,4,523,train,heuristic,player_win,-10.0,11,50.0,1,Very Easy,0.05,0.05,1,1914,1296,0.0,0.0,4,0,1
No Adaptive,4,524,train,heuristic,agent_win,10.0,8,50.0,1,Very Easy,0.05,0.05,1,1918,1299,3.0,3.0,3,0,1
No Adaptive,4,525,train,heuristic,agent_win,10.0,12,50.0,1,Very Easy,0.05,0.05,1,1924,1303,3.0,3.0,4,0,2
No Adaptive,4,526,train,heuristic,player_win,-10.0,11,50.0,1,Very Easy,0.05,0.05,1,1929,1307,0.0,0.0,3,0,2
No Adaptive,4,527,train,heuristic,agent_win,10.0,10,50.0,1,Very Easy,0.05,0.05,1,1934,1311,3.0,3.0,2,0,3
No Adaptive,4,528,train,heuristic,player_win,-10.0,11,50.0,1,Very Easy,0.05,0.05,1,1939,1315,0.0,0.0,2,0,3
No Adaptive,4,529,train,heuristic,player_win,-10.0,5,50.0,1,Very Easy,0.05,0.05,1,1941,1316,0.0,0.0,1,0,1
No Adaptive,4,530,train,heuristic,agent_win,10.0,6,50.0,1,Very Easy,0.05,0.05,1,1944,1318,3.0,3.0,2,0,1
No Adaptive,4,531,train,heuristic,player_win,-10.0,9,50.0,1,Very Easy,0.05,0.05,1,1948,1321,0.0,0.0,2,0,2
No Adaptive,4,532,train,heuristic,agent_win,10.0,10,50.0,1,Very Easy,0.05,0.05,1,1953,1325,3.0,3.0,4,0,1
No Adaptive,4,533,train,heuristic,player_win,-10.0,15,50.0,1,Very Easy,0.05,0.05,1,1960,1331,0.0,0.0,4,0,3
No Adaptive,4,534,train,heuristic,agent_win,10.0,8,50.0,1,Very Easy,0.05,0.05,1,1964,1334,3.0,3.0,2,0,2
No Adaptive,4,535,train,heuristic,agent_win,10.0,6,50.0,1,Very Easy,0.05,0.05,1,1967,1336,3.0,3.0,1,1,1
No Adaptive,4,536,train,heuristic,player_win,-10.0,9,50.0,1,Very Easy,0.05,0.05,1,1971,1339,0.0,0.0,2,1,1
No Adaptive,4,537,train,heuristic,player_win,-10.0,7,50.0,1,Very Easy,0.05,0.05,1,1974,1341,0.0,0.0,2,0,1
No Adaptive,4,538,train,heuristic,agent_win,10.0,10,50.0,1,Very Easy,0.05,0.05,1,1979,1345,3.0,3.0,3,0,2
No Adaptive,4,539,train,heuristic,agent_win,10.0,10,50.0,1,Very Easy,0.05,0.05,1,1984,1349,3.0,3.0,3,0,2
No Adaptive,4,540,train,heuristic,agent_win,10.0,8,50.0,1,Very Easy,0.05,0.05,1,1988,1351,3.0,3.0,2,0,2
No Adaptive,4,541,train,heuristic,agent_win,10.0,8,50.0,1,Very Easy,0.05,0.05,1,1992,1353,3.0,3.0,3,0,1
No Adaptive,4,542,train,heuristic,agent_win,10.0,8,50.0,1,Very Easy,0.05,0.05,1,1996,1356,3.0,3.0,3,0,1
No Adaptive,4,543,train,heuristic,agent_win,10.0,8,50.0,1,Very Easy,0.05,0.05,1,2000,1359,3.0,3.0,3,0,1
No Adaptive,4,544,train,heuristic,player_win,-10.0,9,50.0,1,Very Easy,0.05,0.05,1,2004,1362,0.0,0.0,2,1,1
No Adaptive,4,545,train,heuristic,agent_win,10.0,8,50.0,1,Very Easy,0.05,0.05,1,2008,1365,3.0,3.0,3,0,1
No Adaptive,4,546,train,heuristic,agent_win,10.0,8,50.0,1,Very Easy,0.05,0.05,1,2012,1367,3.0,3.0,1,1,2
No Adaptive,4,547,train,heuristic,agent_win,10.0,6,50.0,1,Very Easy,0.05,0.05,1,2015,1367,1.4699999999999998,1.4699999999999998,3,0,0
No Adaptive,4,548,train,heuristic,player_win,-10.0,5,50.0,1,Very Easy,0.05,0.05,1,2017,1367,0.0,0.0,2,0,0
No Adaptive,4,549,train,heuristic,player_win,-10.0,9,50.0,1,Very Easy,0.05,0.05,1,2021,1370,0.0,0.0,2,0,2
No Adaptive,4,550,train,heuristic,player_win,-10.0,5,50.0,1,Very Easy,0.05,0.05,1,2023,1371,0.0,0.0,1,0,1
No Adaptive,4,551,train,heuristic,player_win,-10.0,13,50.0,1,Very Easy,0.05,0.05,1,2029,1376,0.0,0.0,4,0,2
No Adaptive,4,552,train,heuristic,agent_win,10.0,10,50.0,1,Very Easy,0.05,0.05,1,2034,1380,3.0,3.0,2,0,3
No Adaptive,4,553,train,heuristic,player_win,-10.0,11,50.0,1,Very Easy,0.05,0.05,1,2039,1384,0.0,0.0,1,1,3
No Adaptive,4,554,train,heuristic,player_win,-10.0,5,50.0,1,Very Easy,0.05,0.05,1,2041,1385,0.0,0.0,1,0,1
No Adaptive,4,555,train,heuristic,agent_win,10.0,6,50.0,1,Very Easy,0.05,0.05,1,2044,1387,3.0,3.0,3,0,0
No Adaptive,4,556,train,heuristic,agent_win,10.0,8,50.0,1,Very Easy,0.05,0.05,1,2048,1390,3.0,3.0,2,0,2
No Adaptive,4,557,train,heuristic,player_win,-10.0,9,50.0,1,Very Easy,0.05,0.05,1,2052,1392,0.0,0.0,2,0,2
No Adaptive,4,558,train,heuristic,player_win,-10.0,7,50.0,1,Very Easy,0.05,0.05,1,2055,1393,0.0,0.0,1,0,2
No Adaptive,4,559,train,heuristic,player_win,-10.0,9,50.0,1,Very Easy,0.05,0.05,1,2059,1396,0.0,0.0,3,0,1
No Adaptive,4,560,train,heuristic,agent_win,10.0,8,50.0,1,Very Easy,0.05,0.05,1,2063,1398,3.0,3.0,3,0,1
No Adaptive,4,561,train,heuristic,player_win,-10.0,11,50.0,1,Very Easy,0.05,0.05,1,2068,1402,0.0,0.0,3,0,2
No Adaptive,4,562,train,heuristic,player_win,-10.0,5,50.0,1,Very Easy,0.05,0.05,1,2070,1402,0.0,0.0,1,0,1
No Adaptive,4,563,train,heuristic,player_win,-10.0,11,50.0,1,Very Easy,0.05,0.05,1,2075,1406,0.0,0.0,3,0,2
No Adaptive,4,564,train,heuristic,player_win,-10.0,7,50.0,1,Very Easy,0.05,0.05,1,2078,1406,0.0,0.0,2,0,1
No Adaptive,4,565,train,heuristic,player_win,-10.0,7,50.0,1,Very Easy,0.05,0.05,1,2081,1408,0.0,0.0,2,0,1
No Adaptive,4,566,train,heuristic,player_win,-10.0,7,50.0,1,Very Easy,0.05,0.05,1,2084,1410,0.0,0.0,1,0,2
No Adaptive,4,567,train,heuristic,player_win,-10.0,7,50.0,1,Very Easy,0.05,0.05,1,2087,1412,0.0,0.0,2,0,1
No Adaptive,4,568,train,heuristic,player_win,-10.0,9,50.0,1,Very Easy,0.05,0.05,1,2091,1415,0.0,0.0,3,0,1
No Adaptive,4,569,train,heuristic,player_win,-10.0,7,50.0,1,Very Easy,0.05,0.05,1,2094,1416,0.0,0.0,2,0,1
No Adaptive,4,570,train,heuristic,player_win,-10.0,9,50.0,1,Very Easy,0.05,0.05,1,2098,1419,0.0,0.0,1,0,3
No Adaptive,4,571,train,heuristic,agent_win,10.0,8,50.0,1,Very Easy,0.05,0.05,1,2102,1422,3.0,3.0,3,0,1
No Adaptive,4,572,train,heuristic,agent_win,10.0,6,50.0,1,Very Easy,0.05,0.05,1,2105,1424,3.0,3.0,2,0,1
No Adaptive,4,573,train,heuristic,agent_win,10.0,6,50.0,1,Very Easy,0.05,0.05,1,2108,1425,3.0,3.0,2,0,1
No Adaptive,4,574,train,heuristic,agent_win,10.0,8,50.0,1,Very Easy,0.05,0.05,1,2112,1426,3.0,3.0,2,0,2
No Adaptive,4,575,train,heuristic,agent_win,10.0,6,50.0,1,Very Easy,0.05,0.05,1,2115,1428,3.0,3.0,2,0,1
No Adaptive,4,576,train,heuristic,player_win,-10.0,7,50.0,1,Very Easy,0.05,0.05,1,2118,1429,0.0,0.0,1,0,2
No Adaptive,4,577,train,heuristic,player_win,-10.0,7,50.0,1,Very Easy,0.05,0.05,1,2121,1431,0.0,0.0,1,0,2
No Adaptive,4,578,train,heuristic,player_win,-10.0,5,50.0,1,Very Easy,0.05,0.05,1,2123,1432,0.0,0.0,1,0,1
No Adaptive,4,579,train,heuristic,agent_win,10.0,8,50.0,1,Very Easy,0.05,0.05,1,2127,1435,3.0,3.0,2,0,2
No Adaptive,4,580,train,heuristic,player_win,-10.0,7,50.0,1,Very Easy,0.05,0.05,1,2130,1437,0.0,0.0,2,0,1
No Adaptive,4,581,train,heuristic,player_win,-10.0,13,50.0,1,Very Easy,0.05,0.05,1,2136,1442,0.0,0.0,2,0,4
No Adaptive,4,582,train,heuristic,player_win,-10.0,11,50.0,1,Very Easy,0.05,0.05,1,2141,1446,0.0,0.0,3,0,2
No Adaptive,4,583,train,heuristic,agent_win,10.0,8,50.0,1,Very Easy,0.05,0.05,1,2145,1449,3.0,3.0,1,0,3
No Adaptive,4,584,train,heuristic,player_win,-10.0,11,50.0,1,Very Easy,0.05,0.05,1,2150,1453,0.0,0.0,2,0,3
No Adaptive,4,585,train,heuristic,agent_win,10.0,6,50.0,1,Very Easy,0.05,0.05,1,2153,1455,3.0,3.0,1,0,2
No Adaptive,4,586,train,heuristic,player_win,-10.0,9,50.0,1,Very Easy,0.05,0.05,1,2157,1458,0.0,0.0,2,0,2
No Adaptive,4,587,train,heuristic,player_win,-10.0,5,50.0,1,Very Easy,0.05,0.05,1,2159,1458,0.0,0.0,1,0,1
No Adaptive,4,588,train,heuristic,agent_win,10.0,10,50.0,1,Very Easy,0.05,0.05,1,2164,1461,3.0,3.0,2,1,2
No Adaptive,4,589,train,heuristic,player_win,-10.0,5,50.0,1,Very Easy,0.05,0.05,1,2166,1462,0.0,0.0,1,0,1
No Adaptive,4,590,train,heuristic,player_win,-10.0,5,50.0,1,Very Easy,0.05,0.05,1,2168,1463,0.0,0.0,1,0,1
No Adaptive,4,591,train,heuristic,agent_win,10.0,8,50.0,1,Very Easy,0.05,0.05,1,2172,1465,3.0,3.0,2,0,2
No Adaptive,4,592,train,heuristic,agent_win,10.0,8,50.0,1,Very Easy,0.05,0.05,1,2176,1468,3.0,3.0,3,0,1
No Adaptive,4,593,train,heuristic,player_win,-10.0,9,50.0,1,Very Easy,0.05,0.05,1,2180,1471,0.0,0.0,2,0,2
No Adaptive,4,594,train,heuristic,agent_win,10.0,12,50.0,1,Very Easy,0.05,0.05,1,2186,1475,3.0,3.0,3,0,3
No Adaptive,4,595,train,heuristic,agent_win,10.0,8,50.0,1,Very Easy,0.05,0.05,1,2190,1476,3.0,3.0,3,0,1
No Adaptive,4,596,train,heuristic,player_win,-10.0,9,50.0,1,Very Easy,0.05,0.05,1,2194,1478,0.0,0.0,2,0,2
No Adaptive,4,597,train,heuristic,player_win,-10.0,9,50.0,1,Very Easy,0.05,0.05,1,2198,1481,0.0,0.0,2,0,2
No Adaptive,4,598,train,heuristic,player_win,-10.0,7,50.0,1,Very Easy,0.05,0.05,1,2201,1483,0.0,0.0,2,0,1
No Adaptive,4,599,train,heuristic,agent_win,10.0,6,50.0,1,Very Easy,0.05,0.05,1,2204,1484,3.0,3.0,1,0,2
No Adaptive,4,600,train,heuristic,agent_win,10.0,8,50.0,1,Very Easy,0.05,0.05,1,2208,1486,3.0,3.0,1,0,3
No Adaptive,4,601,train,heuristic,agent_win,10.0,6,50.0,1,Very Easy,0.05,0.05,1,2211,1487,3.0,3.0,3,0,0
No Adaptive,4,602,train,heuristic,player_win,-10.0,7,50.0,1,Very Easy,0.05,0.05,1,2214,1488,0.0,0.0,1,0,2
No Adaptive,4,603,train,heuristic,agent_win,10.0,8,50.0,1,Very Easy,0.05,0.05,1,2218,1491,3.0,3.0,2,0,2
No Adaptive,4,604,train,heuristic,agent_win,10.0,6,50.0,1,Very Easy,0.05,0.05,1,2221,1493,3.0,3.0,3,0,0
No Adaptive,4,605,train,heuristic,player_win,-10.0,7,50.0,1,Very Easy,0.05,0.05,1,2224,1495,0.0,0.0,2,0,1
No Adaptive,4,606,train,heuristic,player_win,-10.0,7,50.0,1,Very Easy,0.05,0.05,1,2227,1497,0.0,0.0,2,0,1
No Adaptive,4,607,train,heuristic,player_win,-10.0,13,50.0,1,Very Easy,0.05,0.05,1,2233,1502,0.0,0.0,3,0,3
No Adaptive,4,608,train,heuristic,agent_win,10.0,6,50.0,1,Very Easy,0.05,0.05,1,2236,1504,3.0,3.0,1,0,2
No Adaptive,4,609,train,heuristic,player_win,-10.0,7,50.0,1,Very Easy,0.05,0.05,1,2239,1504,0.0,0.0,2,1,0
No Adaptive,4,610,train,heuristic,player_win,-10.0,9,50.0,1,Very Easy,0.05,0.05,1,2243,1507,0.0,0.0,1,0,3
No Adaptive,4,611,train,heuristic,player_win,-10.0,11,50.0,1,Very Easy,0.05,0.05,1,2248,1509,0.0,0.0,2,0,3
No Adaptive,4,612,train,heuristic,agent_win,10.0,8,50.0,1,Very Easy,0.05,0.05,1,2252,1511,3.0,3.0,2,0,2
No Adaptive,4,613,train,heuristic,agent_win,10.0,8,50.0,1,Very Easy,0.05,0.05,1,2256,1514,3.0,3.0,3,0,1
No Adaptive,4,614,train,heuristic,agent_win,10.0,10,50.0,1,Very Easy,0.05,0.05,1,2261,1516,3.0,3.0,3,0,2
No Adaptive,4,615,train,heuristic,agent_win,10.0,6,50.0,1,Very Easy,0.05,0.05,1,2264,1518,3.0,3.0,2,0,1
No Adaptive,4,616,train,heuristic,agent_win,10.0,6,50.0,1,Very Easy,0.05,0.05,1,2267,1520,3.0,3.0,2,0,1
No Adaptive,4,617,train,heuristic,player_win,-10.0,7,50.0,1,Very Easy,0.05,0.05,1,2270,1521,0.0,0.0,1,0,2
No Adaptive,4,618,train,heuristic,player_win,-10.0,13,50.0,1,Very Easy,0.05,0.05,1,2276,1526,0.0,0.0,2,1,3
No Adaptive,4,619,train,heuristic,player_win,-10.0,11,50.0,1,Very Easy,0.05,0.05,1,2281,1529,0.0,0.0,3,0,2
No Adaptive,4,620,train,heuristic,agent_win,10.0,8,50.0,1,Very Easy,0.05,0.05,1,2285,1531,3.0,3.0,1,0,3
No Adaptive,4,621,train,heuristic,player_win,-10.0,5,50.0,1,Very Easy,0.05,0.05,1,2287,1531,0.0,0.0,1,0,1
No Adaptive,4,622,train,heuristic,player_win,-10.0,9,50.0,1,Very Easy,0.05,0.05,1,2291,1532,0.0,0.0,3,0,1
No Adaptive,4,623,train,heuristic,agent_win,10.0,10,50.0,1,Very Easy,0.05,0.05,1,2296,1536,3.0,3.0,2,0,3
No Adaptive,4,624,train,heuristic,agent_win,10.0,10,50.0,1,Very Easy,0.05,0.05,1,2301,1539,3.0,3.0,2,0,3
No Adaptive,4,625,train,heuristic,agent_win,10.0,6,50.0,1,Very Easy,0.05,0.05,1,2304,1540,3.0,3.0,2,0,1
No Adaptive,4,626,train,heuristic,player_win,-10.0,7,50.0,1,Very Easy,0.05,0.05,1,2307,1542,0.0,0.0,2,0,1
No Adaptive,4,627,train,heuristic,player_win,-10.0,11,50.0,1,Very Easy,0.05,0.05,1,2312,1546,0.0,0.0,2,0,3
No Adaptive,4,628,train,heuristic,agent_win,10.0,8,50.0,1,Very Easy,0.05,0.05,1,2316,1549,3.0,3.0,3,0,1
No Adaptive,4,629,train,heuristic,player_win,-10.0,7,50.0,1,Very Easy,0.05,0.05,1,2319,1550,0.0,0.0,2,0,1
No Adaptive,4,630,train,heuristic,player_win,-10.0,5,50.0,1,Very Easy,0.05,0.05,1,2321,1550,0.0,0.0,1,0,1
No Adaptive,4,631,train,heuristic,player_win,-10.0,11,50.0,1,Very Easy,0.05,0.05,1,2326,1553,0.0,0.0,2,0,3
No Adaptive,4,632,train,heuristic,player_win,-10.0,9,50.0,1,Very Easy,0.05,0.05,1,2330,1556,0.0,0.0,2,0,2
No Adaptive,4,633,train,heuristic,player_win,-10.0,9,50.0,1,Very Easy,0.05,0.05,1,2334,1559,0.0,0.0,2,0,2
No Adaptive,4,634,train,heuristic,agent_win,10.0,10,50.0,1,Very Easy,0.05,0.05,1,2339,1563,3.0,3.0,2,0,3
No Adaptive,4,635,train,heuristic,player_win,-10.0,9,50.0,1,Very Easy,0.05,0.05,1,2343,1566,0.0,0.0,2,0,2
No Adaptive,4,636,train,heuristic,agent_win,10.0,8,50.0,1,Very Easy,0.05,0.05,1,2347,1568,3.0,3.0,2,0,2
No Adaptive,4,637,train,heuristic,player_win,-10.0,7,50.0,1,Very Easy,0.05,0.05,1,2350,1570,0.0,0.0,2,0,1
No Adaptive,4,638,train,heuristic,agent_win,10.0,6,50.0,1,Very Easy,0.05,0.05,1,2353,1572,3.0,3.0,2,0,1
No Adaptive,4,639,train,heuristic,player_win,-10.0,7,50.0,1,Very Easy,0.05,0.05,1,2356,1572,0.0,0.0,2,0,1
No Adaptive,4,640,train,heuristic,player_win,-10.0,7,50.0,1,Very Easy,0.05,0.05,1,2359,1574,0.0,0.0,1,0,2
No Adaptive,4,641,train,heuristic,player_win,-10.0,9,50.0,1,Very Easy,0.05,0.05,1,2363,1576,0.0,0.0,3,0,1
No Adaptive,4,642,train,heuristic,player_win,-10.0,9,50.0,1,Very Easy,0.05,0.05,1,2367,1578,0.0,0.0,2,0,2
No Adaptive,4,643,train,heuristic,player_win,-10.0,7,50.0,1,Very Easy,0.05,0.05,1,2370,1579,0.0,0.0,1,0,2
No Adaptive,4,644,train,heuristic,agent_win,10.0,8,50.0,1,Very Easy,0.05,0.05,1,2374,1582,3.0,3.0,2,0,2
No Adaptive,4,645,train,heuristic,player_win,-10.0,13,50.0,1,Very Easy,0.05,0.05,1,2380,1586,0.0,0.0,4,0,2
No Adaptive,4,646,train,heuristic,player_win,-10.0,13,50.0,1,Very Easy,0.05,0.05,1,2386,1589,0.0,0.0,4,0,2
No Adaptive,4,647,train,heuristic,agent_win,10.0,8,50.0,1,Very Easy,0.05,0.05,1,2390,1592,3.0,3.0,1,0,3
No Adaptive,4,648,train,heuristic,agent_win,10.0,10,50.0,1,Very Easy,0.05,0.05,1,2395,1596,3.0,3.0,2,0,3
No Adaptive,4,649,train,heuristic,agent_win,10.0,8,50.0,1,Very Easy,0.05,0.05,1,2399,1599,3.0,3.0,2,0,2
No Adaptive,4,650,train,heuristic,agent_win,10.0,6,50.0,1,Very Easy,0.05,0.05,1,2402,1600,3.0,3.0,1,0,2
No Adaptive,4,651,train,heuristic,player_win,-10.0,7,50.0,1,Very Easy,0.05,0.05,1,2405,1602,0.0,0.0,2,0,1
No Adaptive,4,652,train,heuristic,player_win,-10.0,5,50.0,1,Very Easy,0.05,0.05,1,2407,1602,0.0,0.0,1,0,1
No Adaptive,4,653,train,heuristic,agent_win,10.0,12,50.0,1,Very Easy,0.05,0.05,1,2413,1607,3.0,3.0,4,0,2
No Adaptive,4,654,train,heuristic,agent_win,10.0,6,50.0,1,Very Easy,0.05,0.05,1,2416,1608,3.0,3.0,3,0,0
No Adaptive,4,655,train,heuristic,player_win,-10.0,9,50.0,1,Very Easy,0.05,0.05,1,2420,1611,0.0,0.0,1,0,3
No Adaptive,4,656,train,heuristic,player_win,-10.0,7,50.0,1,Very Easy,0.05,0.05,1,2423,1612,0.0,0.0,1,0,2
No Adaptive,4,657,train,heuristic,agent_win,10.0,8,50.0,1,Very Easy,0.05,0.05,1,2427,1615,3.0,3.0,2,0,2
No Adaptive,4,658,train,heuristic,player_win,-10.0,9,50.0,1,Very Easy,0.05,0.05,1,2431,1618,0.0,0.0,3,0,1
No Adaptive,4,659,train,heuristic,agent_win,10.0,12,50.0,1,Very Easy,0.05,0.05,1,2437,1623,3.0,3.0,2,0,4
No Adaptive,4,660,train,heuristic,player_win,-10.0,5,50.0,1,Very Easy,0.05,0.05,1,2439,1624,0.0,0.0,1,0,1
No Adaptive,4,661,train,heuristic,agent_win,10.0,10,50.0,1,Very Easy,0.05,0.05,1,2444,1628,3.0,3.0,2,0,3
No Adaptive,4,662,train,heuristic,player_win,-10.0,7,50.0,1,Very Easy,0.05,0.05,1,2447,1630,0.0,0.0,1,0,2
No Adaptive,4,663,train,heuristic,player_win,-10.0,9,50.0,1,Very Easy,0.05,0.05,1,2451,1633,0.0,0.0,3,0,1
No Adaptive,4,664,train,heuristic,player_win,-10.0,7,50.0,1,Very Easy,0.05,0.05,1,2454,1635,0.0,0.0,1,0,2
No Adaptive,4,665,train,heuristic,agent_win,10.0,10,50.0,1,Very Easy,0.05,0.05,1,2459,1639,3.0,3.0,3,0,2
No Adaptive,4,666,train,heuristic,agent_win,10.0,10,50.0,1,Very Easy,0.05,0.05,1,2464,1643,3.0,3.0,3,0,2
No Adaptive,4,667,train,heuristic,player_win,-10.0,9,50.0,1,Very Easy,0.05,0.05,1,2468,1645,0.0,0.0,2,0,2
No Adaptive,4,668,train,heuristic,agent_win,10.0,8,50.0,1,Very Easy,0.05,0.05,1,2472,1648,3.0,3.0,2,0,2
No Adaptive,4,669,train,heuristic,agent_win,10.0,8,50.0,1,Very Easy,0.05,0.05,1,2476,1651,3.0,3.0,2,0,2
No Adaptive,4,670,train,heuristic,player_win,-10.0,9,50.0,1,Very Easy,0.05,0.05,1,2480,1654,0.0,0.0,2,0,2
No Adaptive,4,671,train,heuristic,player_win,-10.0,7,50.0,1,Very Easy,0.05,0.05,1,2483,1656,0.0,0.0,1,0,2
No Adaptive,4,672,train,heuristic,player_win,-10.0,13,50.0,1,Very Easy,0.05,0.05,1,2489,1661,0.0,0.0,2,0,4
No Adaptive,4,673,train,heuristic,player_win,-10.0,11,50.0,1,Very Easy,0.05,0.05,1,2494,1665,0.0,0.0,3,0,2
No Adaptive,4,674,train,heuristic,player_win,-10.0,5,50.0,1,Very Easy,0.05,0.05,1,2496,1665,0.0,0.0,2,0,0
No Adaptive,4,675,train,heuristic,player_win,-10.0,7,50.0,1,Very Easy,0.05,0.05,1,2499,1667,0.0,0.0,1,0,2
No Adaptive,4,676,train,heuristic,player_win,-10.0,9,50.0,1,Very Easy,0.05,0.05,1,2503,1669,0.0,0.0,2,0,2
No Adaptive,4,677,train,heuristic,agent_win,10.0,8,50.0,1,Very Easy,0.05,0.05,1,2507,1672,3.0,3.0,3,1,0
No Adaptive,4,678,train,heuristic,agent_win,10.0,8,50.0,1,Very Easy,0.05,0.05,1,2511,1675,3.0,3.0,2,0,2
No Adaptive,4,679,train,heuristic,player_win,-10.0,7,50.0,1,Very Easy,0.05,0.05,1,2514,1675,0.0,0.0,1,0,2
No Adaptive,4,680,train,heuristic,player_win,-10.0,7,50.0,1,Very Easy,0.05,0.05,1,2517,1675,0.0,0.0,2,0,1
No Adaptive,4,681,train,heuristic,agent_win,10.0,6,50.0,1,Very Easy,0.05,0.05,1,2520,1677,3.0,3.0,2,0,1
No Adaptive,4,682,train,heuristic,player_win,-10.0,9,50.0,1,Very Easy,0.05,0.05,1,2524,1680,0.0,0.0,1,0,3
No Adaptive,4,683,train,heuristic,agent_win,10.0,8,50.0,1,Very Easy,0.05,0.05,1,2528,1682,3.0,3.0,2,0,2
No Adaptive,4,684,train,heuristic,player_win,-10.0,7,50.0,1,Very Easy,0.05,0.05,1,2531,1684,0.0,0.0,2,0,1
No Adaptive,4,685,train,heuristic,agent_win,10.0,6,50.0,1,Very Easy,0.05,0.05,1,2534,1685,3.0,3.0,1,0,2
No Adaptive,4,686,train,heuristic,player_win,-10.0,9,50.0,1,Very Easy,0.05,0.05,1,2538,1688,0.0,0.0,2,0,2
No Adaptive,4,687,train,heuristic,player_win,-10.0,9,50.0,1,Very Easy,0.05,0.05,1,2542,1691,0.0,0.0,2,0,2
No Adaptive,4,688,train,heuristic,player_win,-10.0,9,50.0,1,Very Easy,0.05,0.05,1,2546,1693,0.0,0.0,1,0,3
No Adaptive,4,689,train,heuristic,player_win,-10.0,7,50.0,1,Very Easy,0.05,0.05,1,2549,1695,0.0,0.0,1,0,2
No Adaptive,4,690,train,heuristic,player_win,-10.0,7,50.0,1,Very Easy,0.05,0.05,1,2552,1697,0.0,0.0,2,0,1
No Adaptive,4,691,train,heuristic,player_win,-10.0,7,50.0,1,Very Easy,0.05,0.05,1,2555,1697,0.0,0.0,2,0,1
No Adaptive,4,692,train,heuristic,agent_win,10.0,6,50.0,1,Very Easy,0.05,0.05,1,2558,1697,2.0999999999999996,2.0999999999999996,1,0,2
No Adaptive,4,693,train,heuristic,agent_win,10.0,12,50.0,1,Very Easy,0.05,0.05,1,2564,1702,3.0,3.0,4,1,1
No Adaptive,4,694,train,heuristic,player_win,-10.0,7,50.0,1,Very Easy,0.05,0.05,1,2567,1703,0.0,0.0,2,0,1
No Adaptive,4,695,train,heuristic,agent_win,10.0,8,50.0,1,Very Easy,0.05,0.05,1,2571,1706,3.0,3.0,2,0,2
No Adaptive,4,696,train,heuristic,player_win,-10.0,5,50.0,1,Very Easy,0.05,0.05,1,2573,1707,0.0,0.0,1,0,1
No Adaptive,4,697,train,heuristic,player_win,-10.0,11,50.0,1,Very Easy,0.05,0.05,1,2578,1711,0.0,0.0,3,0,2
No Adaptive,4,698,train,heuristic,player_win,-10.0,7,50.0,1,Very Easy,0.05,0.05,1,2581,1711,0.0,0.0,2,0,1
No Adaptive,4,699,train,heuristic,agent_win,10.0,10,50.0,1,Very Easy,0.05,0.05,1,2586,1714,3.0,3.0,2,0,3
No Adaptive,4,700,train,heuristic,player_win,-10.0,7,50.0,1,Very Easy,0.05,0.05,1,2589,1716,0.0,0.0,1,0,2
No Adaptive,4,701,train,heuristic,player_win,-10.0,5,50.0,1,Very Easy,0.05,0.05,1,2591,1716,0.0,0.0,2,0,0
No Adaptive,4,702,train,heuristic,agent_win,10.0,10,50.0,1,Very Easy,0.05,0.05,1,2596,1718,3.0,3.0,4,0,1
No Adaptive,4,703,train,heuristic,player_win,-10.0,7,50.0,1,Very Easy,0.05,0.05,1,2599,1718,0.0,0.0,2,1,0
No Adaptive,4,704,train,heuristic,agent_win,10.0,8,50.0,1,Very Easy,0.05,0.05,1,2603,1720,3.0,3.0,2,0,2
No Adaptive,4,705,train,heuristic,agent_win,10.0,6,50.0,1,Very Easy,0.05,0.05,1,2606,1720,2.0999999999999996,2.0999999999999996,2,0,1
No Adaptive,4,706,train,heuristic,player_win,-10.0,9,50.0,1,Very Easy,0.05,0.05,1,2610,1720,0.0,0.0,3,0,1
No Adaptive,4,707,train,heuristic,agent_win,10.0,8,50.0,1,Very Easy,0.05,0.05,1,2614,1723,3.0,3.0,2,0,2
No Adaptive,4,708,train,heuristic,agent_win,10.0,6,50.0,1,Very Easy,0.05,0.05,1,2617,1725,3.0,3.0,2,0,1
No Adaptive,4,709,train,heuristic,agent_win,10.0,8,50.0,1,Very Easy,0.05,0.05,1,2621,1728,3.0,3.0,2,0,2
No Adaptive,4,710,train,heuristic,agent_win,10.0,8,50.0,1,Very Easy,0.05,0.05,1,2625,1730,3.0,3.0,2,0,2
No Adaptive,4,711,train,heuristic,player_win,-10.0,7,50.0,1,Very Easy,0.05,0.05,1,2628,1732,0.0,0.0,1,1,1
No Adaptive,4,712,train,heuristic,player_win,-10.0,7,50.0,1,Very Easy,0.05,0.05,1,2631,1734,0.0,0.0,1,0,2
No Adaptive,4,713,train,heuristic,agent_win,10.0,10,50.0,1,Very Easy,0.05,0.05,1,2636,1738,3.0,3.0,2,0,3
No Adaptive,4,714,train,heuristic,player_win,-10.0,9,50.0,1,Very Easy,0.05,0.05,1,2640,1741,0.0,0.0,1,0,3
No Adaptive,4,715,train,heuristic,player_win,-10.0,9,50.0,1,Very Easy,0.05,0.05,1,2644,1744,0.0,0.0,3,0,1
No Adaptive,4,716,train,heuristic,agent_win,10.0,8,50.0,1,Very Easy,0.05,0.05,1,2648,1747,3.0,3.0,2,0,2
No Adaptive,4,717,train,heuristic,player_win,-10.0,9,50.0,1,Very Easy,0.05,0.05,1,2652,1750,0.0,0.0,2,0,2
No Adaptive,4,718,train,heuristic,agent_win,10.0,8,50.0,1,Very Easy,0.05,0.05,1,2656,1753,3.0,3.0,2,0,2
No Adaptive,4,719,train,heuristic,player_win,-10.0,7,50.0,1,Very Easy,0.05,0.05,1,2659,1755,0.0,0.0,2,0,1
No Adaptive,4,720,train,heuristic,player_win,-10.0,9,50.0,1,Very Easy,0.05,0.05,1,2663,1757,0.0,0.0,1,0,3
No Adaptive,4,721,train,heuristic,player_win,-10.0,9,50.0,1,Very Easy,0.05,0.05,1,2667,1759,0.0,0.0,2,0,2
No Adaptive,4,722,train,heuristic,agent_win,10.0,8,50.0,1,Very Easy,0.05,0.05,1,2671,1762,3.0,3.0,2,0,2
No Adaptive,4,723,train,heuristic,player_win,-10.0,7,50.0,1,Very Easy,0.05,0.05,1,2674,1764,0.0,0.0,1,0,2
No Adaptive,4,724,train,heuristic,player_win,-10.0,9,50.0,1,Very Easy,0.05,0.05,1,2678,1764,0.0,0.0,3,0,1
No Adaptive,4,725,train,heuristic,agent_win,10.0,10,50.0,1,Very Easy,0.05,0.05,1,2683,1768,3.0,3.0,2,1,2
No Adaptive,4,726,train,heuristic,agent_win,10.0,6,50.0,1,Very Easy,0.05,0.05,1,2686,1769,3.0,3.0,2,1,0
No Adaptive,4,727,train,heuristic,player_win,-10.0,9,50.0,1,Very Easy,0.05,0.05,1,2690,1772,0.0,0.0,3,0,1
No Adaptive,4,728,train,heuristic,agent_win,10.0,10,50.0,1,Very Easy,0.05,0.05,1,2695,1775,3.0,3.0,3,0,2
No Adaptive,4,729,train,heuristic,agent_win,10.0,8,50.0,1,Very Easy,0.05,0.05,1,2699,1778,3.0,3.0,3,0,1
No Adaptive,4,730,train,heuristic,player_win,-10.0,9,50.0,1,Very Easy,0.05,0.05,1,2703,1781,0.0,0.0,3,0,1
No Adaptive,4,731,train,heuristic,agent_win,10.0,8,50.0,1,Very Easy,0.05,0.05,1,2707,1784,3.0,3.0,2,0,2
No Adaptive,4,732,train,heuristic,agent_win,10.0,6,50.0,1,Very Easy,0.05,0.05,1,2710,1786,3.0,3.0,3,0,0
No Adaptive,4,733,train,heuristic,agent_win,10.0,8,50.0,1,Very Easy,0.05,0.05,1,2714,1789,3.0,3.0,3,0,1
No Adaptive,4,734,train,heuristic,player_win,-10.0,7,50.0,1,Very Easy,0.05,0.05,1,2717,1791,0.0,0.0,1,0,2
No Adaptive,4,735,train,heuristic,agent_win,10.0,6,50.0,1,Very Easy,0.05,0.05,1,2720,1793,3.0,3.0,2,0,1
No Adaptive,4,736,train,heuristic,player_win,-10.0,7,50.0,1,Very Easy,0.05,0.05,1,2723,1795,0.0,0.0,2,0,1
No Adaptive,4,737,train,heuristic,player_win,-10.0,5,50.0,1,Very Easy,0.05,0.05,1,2725,1796,0.0,0.0,1,0,1
No Adaptive,4,738,train,heuristic,player_win,-10.0,7,50.0,1,Very Easy,0.05,0.05,1,2728,1798,0.0,0.0,2,0,1
No Adaptive,4,739,train,heuristic,agent_win,10.0,6,50.0,1,Very Easy,0.05,0.05,1,2731,1799,3.0,3.0,2,0,1
No Adaptive,4,740,train,heuristic,player_win,-10.0,9,50.0,1,Very Easy,0.05,0.05,1,2735,1801,0.0,0.0,2,0,2
No Adaptive,4,741,train,heuristic,player_win,-10.0,7,50.0,1,Very Easy,0.05,0.05,1,2738,1803,0.0,0.0,2,0,1
No Adaptive,4,742,train,heuristic,player_win,-10.0,5,50.0,1,Very Easy,0.05,0.05,1,2740,1803,0.0,0.0,1,0,1
No Adaptive,4,743,train,heuristic,player_win,-10.0,5,50.0,1,Very Easy,0.05,0.05,1,2742,1803,0.0,0.0,1,0,1
No Adaptive,4,744,train,heuristic,player_win,-10.0,11,50.0,1,Very Easy,0.05,0.05,1,2747,1807,0.0,0.0,3,0,2
No Adaptive,4,745,train,heuristic,player_win,-10.0,7,50.0,1,Very Easy,0.05,0.05,1,2750,1807,0.0,0.0,3,0,0
No Adaptive,4,746,train,heuristic,player_win,-10.0,5,50.0,1,Very Easy,0.05,0.05,1,2752,1808,0.0,0.0,1,0,1
No Adaptive,4,747,train,heuristic,player_win,-10.0,9,50.0,1,Very Easy,0.05,0.05,1,2756,1811,0.0,0.0,2,0,2
No Adaptive,4,748,train,heuristic,player_win,-10.0,9,50.0,1,Very Easy,0.05,0.05,1,2760,1814,0.0,0.0,3,1,0
No Adaptive,4,749,train,heuristic,agent_win,10.0,8,50.0,1,Very Easy,0.05,0.05,1,2764,1816,3.0,3.0,2,0,2
No Adaptive,4,750,train,heuristic,player_win,-10.0,9,50.0,1,Very Easy,0.05,0.05,1,2768,1818,0.0,0.0,2,0,2
No Adaptive,4,751,train,heuristic,player_win,-10.0,9,50.0,1,Very Easy,0.05,0.05,1,2772,1821,0.0,0.0,2,0,2
No Adaptive,4,752,train,heuristic,player_win,-10.0,9,50.0,1,Very Easy,0.05,0.05,1,2776,1824,0.0,0.0,2,0,2
No Adaptive,4,753,train,heuristic,player_win,-10.0,9,50.0,1,Very Easy,0.05,0.05,1,2780,1827,0.0,0.0,3,0,1
No Adaptive,4,754,train,heuristic,player_win,-10.0,9,50.0,1,Very Easy,0.05,0.05,1,2784,1829,0.0,0.0,2,0,2
No Adaptive,4,755,train,heuristic,player_win,-10.0,7,50.0,1,Very Easy,0.05,0.05,1,2787,1831,0.0,0.0,2,1,0
No Adaptive,4,756,train,heuristic,player_win,-10.0,7,50.0,1,Very Easy,0.05,0.05,1,2790,1832,0.0,0.0,1,1,1
No Adaptive,4,757,train,heuristic,agent_win,10.0,8,50.0,1,Very Easy,0.05,0.05,1,2794,1834,3.0,3.0,2,1,1
No Adaptive,4,758,train,heuristic,player_win,-10.0,7,50.0,1,Very Easy,0.05,0.05,1,2797,1835,0.0,0.0,1,1,1
No Adaptive,4,759,train,heuristic,player_win,-10.0,9,50.0,1,Very Easy,0.05,0.05,1,2801,1838,0.0,0.0,3,0,1
No Adaptive,4,760,train,heuristic,player_win,-10.0,9,50.0,1,Very Easy,0.05,0.05,1,2805,1841,0.0,0.0,2,0,2
No Adaptive,4,761,train,heuristic,player_win,-10.0,11,50.0,1,Very Easy,0.05,0.05,1,2810,1845,0.0,0.0,2,0,3
No Adaptive,4,762,train,heuristic,player_win,-10.0,9,50.0,1,Very Easy,0.05,0.05,1,2814,1848,0.0,0.0,2,0,2
No Adaptive,4,763,train,heuristic,player_win,-10.0,9,50.0,1,Very Easy,0.05,0.05,1,2818,1851,0.0,0.0,2,0,2
No Adaptive,4,764,train,heuristic,player_win,-10.0,7,50.0,1,Very Easy,0.05,0.05,1,2821,1853,0.0,0.0,2,0,1
No Adaptive,4,765,train,heuristic,player_win,-10.0,7,50.0,1,Very Easy,0.05,0.05,1,2824,1855,0.0,0.0,2,0,1
No Adaptive,4,766,train,heuristic,agent_win,10.0,10,50.0,1,Very Easy,0.05,0.05,1,2829,1859,3.0,3.0,2,0,3
No Adaptive,4,767,train,heuristic,player_win,-10.0,11,50.0,1,Very Easy,0.05,0.05,1,2834,1863,0.0,0.0,2,0,3
No Adaptive,4,768,train,heuristic,player_win,-10.0,9,50.0,1,Very Easy,0.05,0.05,1,2838,1866,0.0,0.0,1,0,3
No Adaptive,4,769,train,heuristic,agent_win,10.0,8,50.0,1,Very Easy,0.05,0.05,1,2842,1868,3.0,3.0,3,0,1
No Adaptive,4,770,train,heuristic,agent_win,10.0,10,50.0,1,Very Easy,0.05,0.05,1,2847,1872,3.0,3.0,3,0,2
No Adaptive,4,771,train,heuristic,player_win,-10.0,7,50.0,1,Very Easy,0.05,0.05,1,2850,1874,0.0,0.0,2,0,1
No Adaptive,4,772,train,heuristic,agent_win,10.0,8,50.0,1,Very Easy,0.05,0.05,1,2854,1877,3.0,3.0,3,0,1
No Adaptive,4,773,train,heuristic,agent_win,10.0,8,50.0,1,Very Easy,0.05,0.05,1,2858,1880,3.0,3.0,2,0,2
No Adaptive,4,774,train,heuristic,player_win,-10.0,9,50.0,1,Very Easy,0.05,0.05,1,2862,1883,0.0,0.0,3,0,1
No Adaptive,4,775,train,heuristic,player_win,-10.0,7,50.0,1,Very Easy,0.05,0.05,1,2865,1885,0.0,0.0,1,0,2
No Adaptive,4,776,train,heuristic,player_win,-10.0,7,50.0,1,Very Easy,0.05,0.05,1,2868,1887,0.0,0.0,2,0,1
No Adaptive,4,777,train,heuristic,player_win,-10.0,5,50.0,1,Very Easy,0.05,0.05,1,2870,1888,0.0,0.0,1,0,1
No Adaptive,4,778,train,heuristic,player_win,-10.0,9,50.0,1,Very Easy,0.05,0.05,1,2874,1890,0.0,0.0,3,0,1
No Adaptive,4,779,train,heuristic,agent_win,10.0,10,50.0,1,Very Easy,0.05,0.05,1,2879,1893,3.0,3.0,2,0,3
No Adaptive,4,780,train,heuristic,agent_win,10.0,10,50.0,1,Very Easy,0.05,0.05,1,2884,1896,3.0,3.0,3,0,2
No Adaptive,4,781,train,heuristic,player_win,-10.0,11,50.0,1,Very Easy,0.05,0.05,1,2889,1899,0.0,0.0,2,1,2
No Adaptive,4,782,train,heuristic,agent_win,10.0,12,50.0,1,Very Easy,0.05,0.05,1,2895,1904,3.0,3.0,4,0,2
No Adaptive,4,783,train,heuristic,agent_win,10.0,6,50.0,1,Very Easy,0.05,0.05,1,2898,1906,3.0,3.0,2,0,1
No Adaptive,4,784,train,heuristic,player_win,-10.0,11,50.0,1,Very Easy,0.05,0.05,1,2903,1910,0.0,0.0,2,0,3
No Adaptive,4,785,train,heuristic,player_win,-10.0,5,50.0,1,Very Easy,0.05,0.05,1,2905,1911,0.0,0.0,1,0,1
No Adaptive,4,786,train,heuristic,agent_win,10.0,6,50.0,1,Very Easy,0.05,0.05,1,2908,1913,3.0,3.0,2,0,1
No Adaptive,4,787,train,heuristic,agent_win,10.0,10,50.0,1,Very Easy,0.05,0.05,1,2913,1917,3.0,3.0,3,0,2
No Adaptive,4,788,train,heuristic,player_win,-10.0,7,50.0,1,Very Easy,0.05,0.05,1,2916,1919,0.0,0.0,2,0,1
No Adaptive,4,789,train,heuristic,agent_win,10.0,10,50.0,1,Very Easy,0.05,0.05,1,2921,1920,2.0999999999999996,2.0999999999999996,4,0,1
No Adaptive,4,790,train,heuristic,player_win,-10.0,9,50.0,1,Very Easy,0.05,0.05,1,2925,1923,0.0,0.0,2,0,2
No Adaptive,4,791,train,heuristic,player_win,-10.0,7,50.0,1,Very Easy,0.05,0.05,1,2928,1923,0.0,0.0,2,0,1
No Adaptive,4,792,train,heuristic,agent_win,10.0,8,50.0,1,Very Easy,0.05,0.05,1,2932,1925,3.0,3.0,2,0,2
No Adaptive,4,793,train,heuristic,player_win,-10.0,7,50.0,1,Very Easy,0.05,0.05,1,2935,1927,0.0,0.0,1,0,2
No Adaptive,4,794,train,heuristic,agent_win,10.0,8,50.0,1,Very Easy,0.05,0.05,1,2939,1929,3.0,3.0,3,0,1
No Adaptive,4,795,train,heuristic,player_win,-10.0,7,50.0,1,Very Easy,0.05,0.05,1,2942,1931,0.0,0.0,1,0,2
No Adaptive,4,796,train,heuristic,player_win,-10.0,9,50.0,1,Very Easy,0.05,0.05,1,2946,1934,0.0,0.0,2,1,1
No Adaptive,4,797,train,heuristic,player_win,-10.0,7,50.0,1,Very Easy,0.05,0.05,1,2949,1936,0.0,0.0,2,0,1
No Adaptive,4,798,train,heuristic,player_win,-10.0,5,50.0,1,Very Easy,0.05,0.05,1,2951,1937,0.0,0.0,1,0,1
No Adaptive,4,799,train,heuristic,player_win,-10.0,7,50.0,1,Very Easy,0.05,0.05,1,2954,1939,0.0,0.0,1,0,2
No Adaptive,4,800,train,heuristic,player_win,-10.0,9,50.0,1,Very Easy,0.05,0.05,1,2958,1941,0.0,0.0,3,0,1
No Adaptive,4,801,eval,heuristic,player_win,-10.0,7,50.0,1,Very Easy,0.05,0.0,0,2958,1941,0.0,0.0,2,0,1
No Adaptive,4,802,eval,heuristic,player_win,-10.0,7,50.0,1,Very Easy,0.05,0.0,0,2958,1941,0.0,0.0,1,0,2
No Adaptive,4,803,eval,heuristic,agent_win,10.0,6,50.0,1,Very Easy,0.05,0.0,0,2958,1941,0.0,0.0,2,0,1
No Adaptive,4,804,eval,heuristic,player_win,-10.0,11,50.0,1,Very Easy,0.05,0.0,0,2958,1941,0.0,0.0,3,0,2
No Adaptive,4,805,eval,heuristic,agent_win,10.0,10,50.0,1,Very Easy,0.05,0.0,0,2958,1941,0.0,0.0,1,0,4
No Adaptive,4,806,eval,heuristic,player_win,-10.0,13,50.0,1,Very Easy,0.05,0.0,0,2958,1941,0.0,0.0,4,0,2
No Adaptive,4,807,eval,heuristic,player_win,-10.0,9,50.0,1,Very Easy,0.05,0.0,0,2958,1941,0.0,0.0,2,0,2
No Adaptive,4,808,eval,heuristic,agent_win,10.0,8,50.0,1,Very Easy,0.05,0.0,0,2958,1941,0.0,0.0,2,0,2
No Adaptive,4,809,eval,heuristic,player_win,-10.0,7,50.0,1,Very Easy,0.05,0.0,0,2958,1941,0.0,0.0,2,0,1
No Adaptive,4,810,eval,heuristic,player_win,-10.0,7,50.0,1,Very Easy,0.05,0.0,0,2958,1941,0.0,0.0,2,0,1
No Adaptive,4,811,eval,heuristic,player_win,-10.0,9,50.0,1,Very Easy,0.05,0.0,0,2958,1941,0.0,0.0,2,0,2
No Adaptive,4,812,eval,heuristic,player_win,-10.0,7,50.0,1,Very Easy,0.05,0.0,0,2958,1941,0.0,0.0,1,0,2
No Adaptive,4,813,eval,heuristic,player_win,-10.0,9,50.0,1,Very Easy,0.05,0.0,0,2958,1941,0.0,0.0,1,0,3
No Adaptive,4,814,eval,heuristic,agent_win,10.0,6,50.0,1,Very Easy,0.05,0.0,0,2958,1941,0.0,0.0,2,0,1
No Adaptive,4,815,eval,heuristic,agent_win,10.0,6,50.0,1,Very Easy,0.05,0.0,0,2958,1941,0.0,0.0,3,0,0
No Adaptive,4,816,eval,heuristic,agent_win,10.0,8,50.0,1,Very Easy,0.05,0.0,0,2958,1941,0.0,0.0,2,0,2
No Adaptive,4,817,eval,heuristic,player_win,-10.0,7,50.0,1,Very Easy,0.05,0.0,0,2958,1941,0.0,0.0,2,0,1
No Adaptive,4,818,eval,heuristic,player_win,-10.0,7,50.0,1,Very Easy,0.05,0.0,0,2958,1941,0.0,0.0,1,0,2
No Adaptive,4,819,eval,heuristic,agent_win,10.0,8,50.0,1,Very Easy,0.05,0.0,0,2958,1941,0.0,0.0,2,0,2
No Adaptive,4,820,eval,heuristic,player_win,-10.0,7,50.0,1,Very Easy,0.05,0.0,0,2958,1941,0.0,0.0,2,0,1
No Adaptive,4,821,eval,heuristic,agent_win,10.0,10,50.0,1,Very Easy,0.05,0.0,0,2958,1941,0.0,0.0,3,0,2
No Adaptive,4,822,eval,heuristic,player_win,-10.0,9,50.0,1,Very Easy,0.05,0.0,0,2958,1941,0.0,0.0,2,0,2
No Adaptive,4,823,eval,heuristic,agent_win,10.0,8,50.0,1,Very Easy,0.05,0.0,0,2958,1941,0.0,0.0,3,0,1
No Adaptive,4,824,eval,heuristic,agent_win,10.0,8,50.0,1,Very Easy,0.05,0.0,0,2958,1941,0.0,0.0,3,0,1
No Adaptive,4,825,eval,heuristic,agent_win,10.0,12,50.0,1,Very Easy,0.05,0.0,0,2958,1941,0.0,0.0,4,0,2
No Adaptive,4,826,eval,heuristic,agent_win,10.0,12,50.0,1,Very Easy,0.05,0.0,0,2958,1941,0.0,0.0,2,0,4
No Adaptive,4,827,eval,heuristic,player_win,-10.0,7,50.0,1,Very Easy,0.05,0.0,0,2958,1941,0.0,0.0,1,0,2
No Adaptive,4,828,eval,heuristic,player_win,-10.0,7,50.0,1,Very Easy,0.05,0.0,0,2958,1941,0.0,0.0,2,0,1
No Adaptive,4,829,eval,heuristic,player_win,-10.0,5,50.0,1,Very Easy,0.05,0.0,0,2958,1941,0.0,0.0,1,0,1
No Adaptive,4,830,eval,heuristic,player_win,-10.0,9,50.0,1,Very Easy,0.05,0.0,0,2958,1941,0.0,0.0,2,0,2
No Adaptive,4,831,eval,heuristic,player_win,-10.0,7,50.0,1,Very Easy,0.05,0.0,0,2958,1941,0.0,0.0,1,0,2
No Adaptive,4,832,eval,heuristic,player_win,-10.0,7,50.0,1,Very Easy,0.05,0.0,0,2958,1941,0.0,0.0,2,0,1
No Adaptive,4,833,eval,heuristic,player_win,-10.0,9,50.0,1,Very Easy,0.05,0.0,0,2958,1941,0.0,0.0,2,0,2
No Adaptive,4,834,eval,heuristic,agent_win,10.0,10,50.0,1,Very Easy,0.05,0.0,0,2958,1941,0.0,0.0,3,0,2
No Adaptive,4,835,eval,heuristic,player_win,-10.0,11,50.0,1,Very Easy,0.05,0.0,0,2958,1941,0.0,0.0,2,0,3
No Adaptive,4,836,eval,heuristic,player_win,-10.0,9,50.0,1,Very Easy,0.05,0.0,0,2958,1941,0.0,0.0,2,0,2
No Adaptive,4,837,eval,heuristic,agent_win,10.0,6,50.0,1,Very Easy,0.05,0.0,0,2958,1941,0.0,0.0,2,0,1
No Adaptive,4,838,eval,heuristic,player_win,-10.0,7,50.0,1,Very Easy,0.05,0.0,0,2958,1941,0.0,0.0,2,0,1
No Adaptive,4,839,eval,heuristic,agent_win,10.0,8,50.0,1,Very Easy,0.05,0.0,0,2958,1941,0.0,0.0,3,0,1
No Adaptive,4,840,eval,heuristic,player_win,-10.0,7,50.0,1,Very Easy,0.05,0.0,0,2958,1941,0.0,0.0,1,0,2
No Adaptive,4,841,eval,heuristic,agent_win,10.0,10,50.0,1,Very Easy,0.05,0.0,0,2958,1941,0.0,0.0,3,0,2
No Adaptive,4,842,eval,heuristic,player_win,-10.0,7,50.0,1,Very Easy,0.05,0.0,0,2958,1941,0.0,0.0,2,0,1
No Adaptive,4,843,eval,heuristic,player_win,-10.0,9,50.0,1,Very Easy,0.05,0.0,0,2958,1941,0.0,0.0,1,0,3
No Adaptive,4,844,eval,heuristic,player_win,-10.0,5,50.0,1,Very Easy,0.05,0.0,0,2958,1941,0.0,0.0,1,0,1
No Adaptive,4,845,eval,heuristic,player_win,-10.0,9,50.0,1,Very Easy,0.05,0.0,0,2958,1941,0.0,0.0,1,0,3
No Adaptive,4,846,eval,heuristic,player_win,-10.0,9,50.0,1,Very Easy,0.05,0.0,0,2958,1941,0.0,0.0,3,0,1
No Adaptive,4,847,eval,heuristic,player_win,-10.0,7,50.0,1,Very Easy,0.05,0.0,0,2958,1941,0.0,0.0,1,0,2
No Adaptive,4,848,eval,heuristic,player_win,-10.0,7,50.0,1,Very Easy,0.05,0.0,0,2958,1941,0.0,0.0,1,0,2
No Adaptive,4,849,eval,heuristic,agent_win,10.0,10,50.0,1,Very Easy,0.05,0.0,0,2958,1941,0.0,0.0,3,0,2
No Adaptive,4,850,eval,heuristic,player_win,-10.0,7,50.0,1,Very Easy,0.05,0.0,0,2958,1941,0.0,0.0,2,0,1
No Adaptive,4,851,eval,heuristic,agent_win,10.0,6,50.0,1,Very Easy,0.05,0.0,0,2958,1941,0.0,0.0,3,0,0
No Adaptive,4,852,eval,heuristic,agent_win,10.0,8,50.0,1,Very Easy,0.05,0.0,0,2958,1941,0.0,0.0,3,0,1
No Adaptive,4,853,eval,heuristic,agent_win,10.0,12,50.0,1,Very Easy,0.05,0.0,0,2958,1941,0.0,0.0,3,0,3
No Adaptive,4,854,eval,heuristic,agent_win,10.0,8,50.0,1,Very Easy,0.05,0.0,0,2958,1941,0.0,0.0,1,0,3
No Adaptive,4,855,eval,heuristic,player_win,-10.0,7,50.0,1,Very Easy,0.05,0.0,0,2958,1941,0.0,0.0,2,0,1
No Adaptive,4,856,eval,heuristic,agent_win,10.0,12,50.0,1,Very Easy,0.05,0.0,0,2958,1941,0.0,0.0,5,0,1
No Adaptive,4,857,eval,heuristic,agent_win,10.0,8,50.0,1,Very Easy,0.05,0.0,0,2958,1941,0.0,0.0,3,0,1
No Adaptive,4,858,eval,heuristic,agent_win,10.0,10,50.0,1,Very Easy,0.05,0.0,0,2958,1941,0.0,0.0,2,0,3
No Adaptive,4,859,eval,heuristic,player_win,-10.0,7,50.0,1,Very Easy,0.05,0.0,0,2958,1941,0.0,0.0,2,0,1
No Adaptive,4,860,eval,heuristic,player_win,-10.0,7,50.0,1,Very Easy,0.05,0.0,0,2958,1941,0.0,0.0,2,0,1
No Adaptive,4,861,eval,heuristic,agent_win,10.0,14,50.0,1,Very Easy,0.05,0.0,0,2958,1941,0.0,0.0,5,0,2
No Adaptive,4,862,eval,heuristic,agent_win,10.0,8,50.0,1,Very Easy,0.05,0.0,0,2958,1941,0.0,0.0,2,0,2
No Adaptive,4,863,eval,heuristic,agent_win,10.0,8,50.0,1,Very Easy,0.05,0.0,0,2958,1941,0.0,0.0,1,0,3
No Adaptive,4,864,eval,heuristic,agent_win,10.0,10,50.0,1,Very Easy,0.05,0.0,0,2958,1941,0.0,0.0,4,0,1
No Adaptive,4,865,eval,heuristic,player_win,-10.0,11,50.0,1,Very Easy,0.05,0.0,0,2958,1941,0.0,0.0,2,0,3
No Adaptive,4,866,eval,heuristic,agent_win,10.0,10,50.0,1,Very Easy,0.05,0.0,0,2958,1941,0.0,0.0,3,0,2
No Adaptive,4,867,eval,heuristic,player_win,-10.0,11,50.0,1,Very Easy,0.05,0.0,0,2958,1941,0.0,0.0,3,0,2
No Adaptive,4,868,eval,heuristic,agent_win,10.0,6,50.0,1,Very Easy,0.05,0.0,0,2958,1941,0.0,0.0,2,0,1
No Adaptive,4,869,eval,heuristic,player_win,-10.0,7,50.0,1,Very Easy,0.05,0.0,0,2958,1941,0.0,0.0,1,0,2
No Adaptive,4,870,eval,heuristic,player_win,-10.0,7,50.0,1,Very Easy,0.05,0.0,0,2958,1941,0.0,0.0,2,0,1
No Adaptive,4,871,eval,heuristic,player_win,-10.0,5,50.0,1,Very Easy,0.05,0.0,0,2958,1941,0.0,0.0,1,0,1
No Adaptive,4,872,eval,heuristic,agent_win,10.0,10,50.0,1,Very Easy,0.05,0.0,0,2958,1941,0.0,0.0,2,0,3
No Adaptive,4,873,eval,heuristic,player_win,-10.0,9,50.0,1,Very Easy,0.05,0.0,0,2958,1941,0.0,0.0,3,0,1
No Adaptive,4,874,eval,heuristic,player_win,-10.0,9,50.0,1,Very Easy,0.05,0.0,0,2958,1941,0.0,0.0,2,0,2
No Adaptive,4,875,eval,heuristic,player_win,-10.0,7,50.0,1,Very Easy,0.05,0.0,0,2958,1941,0.0,0.0,2,0,1
No Adaptive,4,876,eval,heuristic,player_win,-10.0,9,50.0,1,Very Easy,0.05,0.0,0,2958,1941,0.0,0.0,2,0,2
No Adaptive,4,877,eval,heuristic,player_win,-10.0,11,50.0,1,Very Easy,0.05,0.0,0,2958,1941,0.0,0.0,2,0,3
No Adaptive,4,878,eval,heuristic,player_win,-10.0,9,50.0,1,Very Easy,0.05,0.0,0,2958,1941,0.0,0.0,3,0,1
No Adaptive,4,879,eval,heuristic,player_win,-10.0,9,50.0,1,Very Easy,0.05,0.0,0,2958,1941,0.0,0.0,3,0,1
No Adaptive,4,880,eval,heuristic,player_win,-10.0,7,50.0,1,Very Easy,0.05,0.0,0,2958,1941,0.0,0.0,2,0,1
No Adaptive,4,881,eval,heuristic,agent_win,10.0,10,50.0,1,Very Easy,0.05,0.0,0,2958,1941,0.0,0.0,3,0,2
No Adaptive,4,882,eval,heuristic,player_win,-10.0,7,50.0,1,Very Easy,0.05,0.0,0,2958,1941,0.0,0.0,2,0,1
No Adaptive,4,883,eval,heuristic,agent_win,10.0,8,50.0,1,Very Easy,0.05,0.0,0,2958,1941,0.0,0.0,3,0,1
No Adaptive,4,884,eval,heuristic,agent_win,10.0,10,50.0,1,Very Easy,0.05,0.0,0,2958,1941,0.0,0.0,4,0,1
No Adaptive,4,885,eval,heuristic,draw,3.0,16,50.0,1,Very Easy,0.05,0.0,0,2958,1941,0.0,0.0,6,0,2
No Adaptive,4,886,eval,heuristic,agent_win,10.0,6,50.0,1,Very Easy,0.05,0.0,0,2958,1941,0.0,0.0,2,0,1
No Adaptive,4,887,eval,heuristic,agent_win,10.0,8,50.0,1,Very Easy,0.05,0.0,0,2958,1941,0.0,0.0,3,0,1
No Adaptive,4,888,eval,heuristic,agent_win,10.0,8,50.0,1,Very Easy,0.05,0.0,0,2958,1941,0.0,0.0,2,0,2
No Adaptive,4,889,eval,heuristic,player_win,-10.0,7,50.0,1,Very Easy,0.05,0.0,0,2958,1941,0.0,0.0,2,0,1
No Adaptive,4,890,eval,heuristic,agent_win,10.0,12,50.0,1,Very Easy,0.05,0.0,0,2958,1941,0.0,0.0,4,0,2
No Adaptive,4,891,eval,heuristic,agent_win,10.0,6,50.0,1,Very Easy,0.05,0.0,0,2958,1941,0.0,0.0,1,0,2
No Adaptive,4,892,eval,heuristic,player_win,-10.0,11,50.0,1,Very Easy,0.05,0.0,0,2958,1941,0.0,0.0,3,0,2
No Adaptive,4,893,eval,heuristic,agent_win,10.0,8,50.0,1,Very Easy,0.05,0.0,0,2958,1941,0.0,0.0,3,0,1
No Adaptive,4,894,eval,heuristic,agent_win,10.0,8,50.0,1,Very Easy,0.05,0.0,0,2958,1941,0.0,0.0,2,0,2
No Adaptive,4,895,eval,heuristic,agent_win,10.0,14,50.0,1,Very Easy,0.05,0.0,0,2958,1941,0.0,0.0,3,0,4
No Adaptive,4,896,eval,heuristic,agent_win,10.0,10,50.0,1,Very Easy,0.05,0.0,0,2958,1941,0.0,0.0,3,0,2
No Adaptive,4,897,eval,heuristic,player_win,-10.0,7,50.0,1,Very Easy,0.05,0.0,0,2958,1941,0.0,0.0,1,0,2
No Adaptive,4,898,eval,heuristic,agent_win,10.0,6,50.0,1,Very Easy,0.05,0.0,0,2958,1941,0.0,0.0,3,0,0
No Adaptive,4,899,eval,heuristic,agent_win,10.0,10,50.0,1,Very Easy,0.05,0.0,0,2958,1941,0.0,0.0,4,0,1
No Adaptive,4,900,eval,heuristic,player_win,-10.0,7,50.0,1,Very Easy,0.05,0.0,0,2958,1941,0.0,0.0,1,0,2
No Adaptive,4,901,eval,heuristic,player_win,-10.0,7,50.0,1,Very Easy,0.05,0.0,0,2958,1941,0.0,0.0,2,0,1
No Adaptive,4,902,eval,heuristic,player_win,-10.0,9,50.0,1,Very Easy,0.05,0.0,0,2958,1941,0.0,0.0,1,0,3
No Adaptive,4,903,eval,heuristic,agent_win,10.0,6,50.0,1,Very Easy,0.05,0.0,0,2958,1941,0.0,0.0,1,0,2
No Adaptive,4,904,eval,heuristic,player_win,-10.0,7,50.0,1,Very Easy,0.05,0.0,0,2958,1941,0.0,0.0,2,0,1
No Adaptive,4,905,eval,heuristic,agent_win,10.0,6,50.0,1,Very Easy,0.05,0.0,0,2958,1941,0.0,0.0,2,0,1
No Adaptive,4,906,eval,heuristic,player_win,-10.0,11,50.0,1,Very Easy,0.05,0.0,0,2958,1941,0.0,0.0,3,0,2
No Adaptive,4,907,eval,heuristic,agent_win,10.0,12,50.0,1,Very Easy,0.05,0.0,0,2958,1941,0.0,0.0,4,0,2
No Adaptive,4,908,eval,heuristic,agent_win,10.0,8,50.0,1,Very Easy,0.05,0.0,0,2958,1941,0.0,0.0,3,0,1
No Adaptive,4,909,eval,heuristic,agent_win,10.0,12,50.0,1,Very Easy,0.05,0.0,0,2958,1941,0.0,0.0,4,0,2
No Adaptive,4,910,eval,heuristic,player_win,-10.0,11,50.0,1,Very Easy,0.05,0.0,0,2958,1941,0.0,0.0,2,0,3
No Adaptive,4,911,eval,heuristic,agent_win,10.0,10,50.0,1,Very Easy,0.05,0.0,0,2958,1941,0.0,0.0,1,0,4
No Adaptive,4,912,eval,heuristic,agent_win,10.0,8,50.0,1,Very Easy,0.05,0.0,0,2958,1941,0.0,0.0,2,0,2
No Adaptive,4,913,eval,heuristic,player_win,-10.0,7,50.0,1,Very Easy,0.05,0.0,0,2958,1941,0.0,0.0,2,0,1
No Adaptive,4,914,eval,heuristic,player_win,-10.0,9,50.0,1,Very Easy,0.05,0.0,0,2958,1941,0.0,0.0,3,0,1
No Adaptive,4,915,eval,heuristic,player_win,-10.0,7,50.0,1,Very Easy,0.05,0.0,0,2958,1941,0.0,0.0,1,0,2
No Adaptive,4,916,eval,heuristic,player_win,-10.0,7,50.0,1,Very Easy,0.05,0.0,0,2958,1941,0.0,0.0,2,0,1
No Adaptive,4,917,eval,heuristic,player_win,-10.0,9,50.0,1,Very Easy,0.05,0.0,0,2958,1941,0.0,0.0,1,0,3
No Adaptive,4,918,eval,heuristic,agent_win,10.0,8,50.0,1,Very Easy,0.05,0.0,0,2958,1941,0.0,0.0,1,0,3
No Adaptive,4,919,eval,heuristic,agent_win,10.0,6,50.0,1,Very Easy,0.05,0.0,0,2958,1941,0.0,0.0,1,0,2
No Adaptive,4,920,eval,heuristic,agent_win,10.0,6,50.0,1,Very Easy,0.05,0.0,0,2958,1941,0.0,0.0,1,0,2
No Adaptive,4,921,eval,heuristic,player_win,-10.0,9,50.0,1,Very Easy,0.05,0.0,0,2958,1941,0.0,0.0,1,0,3
No Adaptive,4,922,eval,heuristic,agent_win,10.0,6,50.0,1,Very Easy,0.05,0.0,0,2958,1941,0.0,0.0,1,0,2
No Adaptive,4,923,eval,heuristic,player_win,-10.0,9,50.0,1,Very Easy,0.05,0.0,0,2958,1941,0.0,0.0,2,0,2
No Adaptive,4,924,eval,heuristic,agent_win,10.0,6,50.0,1,Very Easy,0.05,0.0,0,2958,1941,0.0,0.0,2,0,1
No Adaptive,4,925,eval,heuristic,agent_win,10.0,8,50.0,1,Very Easy,0.05,0.0,0,2958,1941,0.0,0.0,2,0,2
No Adaptive,4,926,eval,heuristic,agent_win,10.0,12,50.0,1,Very Easy,0.05,0.0,0,2958,1941,0.0,0.0,4,0,2
No Adaptive,4,927,eval,heuristic,player_win,-10.0,7,50.0,1,Very Easy,0.05,0.0,0,2958,1941,0.0,0.0,2,0,1
No Adaptive,4,928,eval,heuristic,agent_win,10.0,8,50.0,1,Very Easy,0.05,0.0,0,2958,1941,0.0,0.0,2,0,2
No Adaptive,4,929,eval,heuristic,player_win,-10.0,7,50.0,1,Very Easy,0.05,0.0,0,2958,1941,0.0,0.0,2,0,1
No Adaptive,4,930,eval,heuristic,player_win,-10.0,7,50.0,1,Very Easy,0.05,0.0,0,2958,1941,0.0,0.0,2,0,1
No Adaptive,4,931,eval,heuristic,player_win,-10.0,7,50.0,1,Very Easy,0.05,0.0,0,2958,1941,0.0,0.0,1,0,2
No Adaptive,4,932,eval,heuristic,player_win,-10.0,11,50.0,1,Very Easy,0.05,0.0,0,2958,1941,0.0,0.0,2,0,3
No Adaptive,4,933,eval,heuristic,agent_win,10.0,6,50.0,1,Very Easy,0.05,0.0,0,2958,1941,0.0,0.0,2,0,1
No Adaptive,4,934,eval,heuristic,agent_win,10.0,8,50.0,1,Very Easy,0.05,0.0,0,2958,1941,0.0,0.0,3,0,1
No Adaptive,4,935,eval,heuristic,agent_win,10.0,8,50.0,1,Very Easy,0.05,0.0,0,2958,1941,0.0,0.0,2,0,2
No Adaptive,4,936,eval,heuristic,player_win,-10.0,5,50.0,1,Very Easy,0.05,0.0,0,2958,1941,0.0,0.0,1,0,1
No Adaptive,4,937,eval,heuristic,agent_win,10.0,6,50.0,1,Very Easy,0.05,0.0,0,2958,1941,0.0,0.0,1,0,2
No Adaptive,4,938,eval,heuristic,player_win,-10.0,5,50.0,1,Very Easy,0.05,0.0,0,2958,1941,0.0,0.0,1,0,1
No Adaptive,4,939,eval,heuristic,player_win,-10.0,9,50.0,1,Very Easy,0.05,0.0,0,2958,1941,0.0,0.0,2,0,2
No Adaptive,4,940,eval,heuristic,player_win,-10.0,7,50.0,1,Very Easy,0.05,0.0,0,2958,1941,0.0,0.0,1,0,2
No Adaptive,4,941,eval,heuristic,player_win,-10.0,7,50.0,1,Very Easy,0.05,0.0,0,2958,1941,0.0,0.0,1,0,2
No Adaptive,4,942,eval,heuristic,agent_win,10.0,8,50.0,1,Very Easy,0.05,0.0,0,2958,1941,0.0,0.0,2,0,2
No Adaptive,4,943,eval,heuristic,draw,3.0,16,50.0,1,Very Easy,0.05,0.0,0,2958,1941,0.0,0.0,6,0,2
No Adaptive,4,944,eval,heuristic,agent_win,10.0,8,50.0,1,Very Easy,0.05,0.0,0,2958,1941,0.0,0.0,2,0,2
No Adaptive,4,945,eval,heuristic,player_win,-10.0,9,50.0,1,Very Easy,0.05,0.0,0,2958,1941,0.0,0.0,1,0,3
No Adaptive,4,946,eval,heuristic,agent_win,10.0,8,50.0,1,Very Easy,0.05,0.0,0,2958,1941,0.0,0.0,2,0,2
No Adaptive,4,947,eval,heuristic,agent_win,10.0,8,50.0,1,Very Easy,0.05,0.0,0,2958,1941,0.0,0.0,3,0,1
No Adaptive,4,948,eval,heuristic,player_win,-10.0,7,50.0,1,Very Easy,0.05,0.0,0,2958,1941,0.0,0.0,1,0,2
No Adaptive,4,949,eval,heuristic,player_win,-10.0,7,50.0,1,Very Easy,0.05,0.0,0,2958,1941,0.0,0.0,1,0,2
No Adaptive,4,950,eval,heuristic,agent_win,10.0,8,50.0,1,Very Easy,0.05,0.0,0,2958,1941,0.0,0.0,3,0,1
No Adaptive,4,951,eval,heuristic,player_win,-10.0,5,50.0,1,Very Easy,0.05,0.0,0,2958,1941,0.0,0.0,1,0,1
No Adaptive,4,952,eval,heuristic,player_win,-10.0,11,50.0,1,Very Easy,0.05,0.0,0,2958,1941,0.0,0.0,2,0,3
No Adaptive,4,953,eval,heuristic,player_win,-10.0,7,50.0,1,Very Easy,0.05,0.0,0,2958,1941,0.0,0.0,2,0,1
No Adaptive,4,954,eval,heuristic,player_win,-10.0,9,50.0,1,Very Easy,0.05,0.0,0,2958,1941,0.0,0.0,2,0,2
No Adaptive,4,955,eval,heuristic,player_win,-10.0,11,50.0,1,Very Easy,0.05,0.0,0,2958,1941,0.0,0.0,2,0,3
No Adaptive,4,956,eval,heuristic,player_win,-10.0,9,50.0,1,Very Easy,0.05,0.0,0,2958,1941,0.0,0.0,1,0,3
No Adaptive,4,957,eval,heuristic,player_win,-10.0,5,50.0,1,Very Easy,0.05,0.0,0,2958,1941,0.0,0.0,1,0,1
No Adaptive,4,958,eval,heuristic,player_win,-10.0,5,50.0,1,Very Easy,0.05,0.0,0,2958,1941,0.0,0.0,1,0,1
No Adaptive,4,959,eval,heuristic,player_win,-10.0,9,50.0,1,Very Easy,0.05,0.0,0,2958,1941,0.0,0.0,2,0,2
No Adaptive,4,960,eval,heuristic,agent_win,10.0,8,50.0,1,Very Easy,0.05,0.0,0,2958,1941,0.0,0.0,2,0,2
No Adaptive,4,961,eval,heuristic,agent_win,10.0,8,50.0,1,Very Easy,0.05,0.0,0,2958,1941,0.0,0.0,2,0,2
No Adaptive,4,962,eval,heuristic,player_win,-10.0,7,50.0,1,Very Easy,0.05,0.0,0,2958,1941,0.0,0.0,2,0,1
No Adaptive,4,963,eval,heuristic,player_win,-10.0,11,50.0,1,Very Easy,0.05,0.0,0,2958,1941,0.0,0.0,3,0,2
No Adaptive,4,964,eval,heuristic,agent_win,10.0,6,50.0,1,Very Easy,0.05,0.0,0,2958,1941,0.0,0.0,2,0,1
No Adaptive,4,965,eval,heuristic,player_win,-10.0,7,50.0,1,Very Easy,0.05,0.0,0,2958,1941,0.0,0.0,1,0,2
No Adaptive,4,966,eval,heuristic,agent_win,10.0,6,50.0,1,Very Easy,0.05,0.0,0,2958,1941,0.0,0.0,3,0,0
No Adaptive,4,967,eval,heuristic,player_win,-10.0,7,50.0,1,Very Easy,0.05,0.0,0,2958,1941,0.0,0.0,2,0,1
No Adaptive,4,968,eval,heuristic,player_win,-10.0,9,50.0,1,Very Easy,0.05,0.0,0,2958,1941,0.0,0.0,2,0,2
No Adaptive,4,969,eval,heuristic,agent_win,10.0,8,50.0,1,Very Easy,0.05,0.0,0,2958,1941,0.0,0.0,2,0,2
No Adaptive,4,970,eval,heuristic,player_win,-10.0,9,50.0,1,Very Easy,0.05,0.0,0,2958,1941,0.0,0.0,1,0,3
No Adaptive,4,971,eval,heuristic,player_win,-10.0,9,50.0,1,Very Easy,0.05,0.0,0,2958,1941,0.0,0.0,1,0,3
No Adaptive,4,972,eval,heuristic,player_win,-10.0,11,50.0,1,Very Easy,0.05,0.0,0,2958,1941,0.0,0.0,2,0,3
No Adaptive,4,973,eval,heuristic,player_win,-10.0,11,50.0,1,Very Easy,0.05,0.0,0,2958,1941,0.0,0.0,4,0,1
No Adaptive,4,974,eval,heuristic,agent_win,10.0,8,50.0,1,Very Easy,0.05,0.0,0,2958,1941,0.0,0.0,2,0,2
No Adaptive,4,975,eval,heuristic,player_win,-10.0,7,50.0,1,Very Easy,0.05,0.0,0,2958,1941,0.0,0.0,1,0,2
No Adaptive,4,976,eval,heuristic,player_win,-10.0,7,50.0,1,Very Easy,0.05,0.0,0,2958,1941,0.0,0.0,1,0,2
No Adaptive,4,977,eval,heuristic,agent_win,10.0,8,50.0,1,Very Easy,0.05,0.0,0,2958,1941,0.0,0.0,1,0,3
No Adaptive,4,978,eval,heuristic,player_win,-10.0,9,50.0,1,Very Easy,0.05,0.0,0,2958,1941,0.0,0.0,2,0,2
No Adaptive,4,979,eval,heuristic,player_win,-10.0,9,50.0,1,Very Easy,0.05,0.0,0,2958,1941,0.0,0.0,2,0,2
No Adaptive,4,980,eval,heuristic,agent_win,10.0,8,50.0,1,Very Easy,0.05,0.0,0,2958,1941,0.0,0.0,3,0,1
No Adaptive,4,981,eval,heuristic,player_win,-10.0,13,50.0,1,Very Easy,0.05,0.0,0,2958,1941,0.0,0.0,5,0,1
No Adaptive,4,982,eval,heuristic,draw,3.0,16,50.0,1,Very Easy,0.05,0.0,0,2958,1941,0.0,0.0,4,0,4
No Adaptive,4,983,eval,heuristic,agent_win,10.0,6,50.0,1,Very Easy,0.05,0.0,0,2958,1941,0.0,0.0,2,0,1
No Adaptive,4,984,eval,heuristic,player_win,-10.0,7,50.0,1,Very Easy,0.05,0.0,0,2958,1941,0.0,0.0,2,0,1
No Adaptive,4,985,eval,heuristic,player_win,-10.0,9,50.0,1,Very Easy,0.05,0.0,0,2958,1941,0.0,0.0,1,0,3
No Adaptive,4,986,eval,heuristic,player_win,-10.0,5,50.0,1,Very Easy,0.05,0.0,0,2958,1941,0.0,0.0,1,0,1
No Adaptive,4,987,eval,heuristic,player_win,-10.0,9,50.0,1,Very Easy,0.05,0.0,0,2958,1941,0.0,0.0,2,0,2
No Adaptive,4,988,eval,heuristic,player_win,-10.0,7,50.0,1,Very Easy,0.05,0.0,0,2958,1941,0.0,0.0,2,0,1
No Adaptive,4,989,eval,heuristic,player_win,-10.0,7,50.0,1,Very Easy,0.05,0.0,0,2958,1941,0.0,0.0,1,0,2
No Adaptive,4,990,eval,heuristic,player_win,-10.0,7,50.0,1,Very Easy,0.05,0.0,0,2958,1941,0.0,0.0,2,0,1
No Adaptive,4,991,eval,heuristic,player_win,-10.0,11,50.0,1,Very Easy,0.05,0.0,0,2958,1941,0.0,0.0,3,0,2
No Adaptive,4,992,eval,heuristic,player_win,-10.0,9,50.0,1,Very Easy,0.05,0.0,0,2958,1941,0.0,0.0,1,0,3
No Adaptive,4,993,eval,heuristic,player_win,-10.0,5,50.0,1,Very Easy,0.05,0.0,0,2958,1941,0.0,0.0,1,0,1
No Adaptive,4,994,eval,heuristic,player_win,-10.0,7,50.0,1,Very Easy,0.05,0.0,0,2958,1941,0.0,0.0,2,0,1
No Adaptive,4,995,eval,heuristic,agent_win,10.0,8,50.0,1,Very Easy,0.05,0.0,0,2958,1941,0.0,0.0,3,0,1
No Adaptive,4,996,eval,heuristic,agent_win,10.0,6,50.0,1,Very Easy,0.05,0.0,0,2958,1941,0.0,0.0,2,0,1
No Adaptive,4,997,eval,heuristic,agent_win,10.0,6,50.0,1,Very Easy,0.05,0.0,0,2958,1941,0.0,0.0,1,0,2
No Adaptive,4,998,eval,heuristic,player_win,-10.0,7,50.0,1,Very Easy,0.05,0.0,0,2958,1941,0.0,0.0,2,0,1
No Adaptive,4,999,eval,heuristic,agent_win,10.0,8,50.0,1,Very Easy,0.05,0.0,0,2958,1941,0.0,0.0,1,0,3
No Adaptive,4,1000,eval,heuristic,player_win,-10.0,7,50.0,1,Very Easy,0.05,0.0,0,2958,1941,0.0,0.0,1,0,2
No Adaptive,5,1,train,heuristic,player_win,-10.0,9,50.0,1,Very Easy,0.95,0.76,1,4,4,0.0,0.0,3,1,0
No Adaptive,5,2,train,heuristic,agent_win,10.0,6,50.0,1,Very Easy,0.9025,0.722,1,7,7,3.0,3.0,2,0,1
No Adaptive,5,3,train,heuristic,agent_win,10.0,8,50.0,1,Very Easy,0.8573749999999999,0.6859,1,11,11,3.0,3.0,3,1,0
No Adaptive,5,4,train,heuristic,player_win,-10.0,9,50.0,1,Very Easy,0.8145062499999999,0.651605,1,15,14,0.0,0.0,3,0,1
No Adaptive,5,5,train,heuristic,agent_win,10.0,8,50.0,1,Very Easy,0.7737809374999999,0.6190247499999999,1,19,18,3.0,3.0,1,2,1
No Adaptive,5,6,train,heuristic,agent_win,10.0,8,50.0,1,Very Easy,0.7350918906249998,0.5880735124999998,1,23,22,3.0,3.0,1,0,3
No Adaptive,5,7,train,heuristic,agent_win,10.0,8,50.0,1,Very Easy,0.6983372960937497,0.5586698368749998,1,27,26,3.0,3.0,3,1,0
No Adaptive,5,8,train,heuristic,agent_win,10.0,6,50.0,1,Very Easy,0.6634204312890623,0.5307363450312498,1,30,28,3.0,3.0,1,1,1
No Adaptive,5,9,train,heuristic,agent_win,10.0,8,50.0,1,Very Easy,0.6302494097246091,0.5041995277796872,1,34,31,3.0,3.0,3,1,0
No Adaptive,5,10,train,heuristic,player_win,-10.0,11,50.0,1,Very Easy,0.5987369392383786,0.4789895513907029,1,39,36,0.0,0.0,2,3,0
No Adaptive,5,11,train,heuristic,player_win,-10.0,9,50.0,1,Very Easy,0.5688000922764596,0.4550400738211677,1,43,39,0.0,0.0,2,1,1
No Adaptive,5,12,train,heuristic,player_win,-10.0,7,50.0,1,Very Easy,0.5403600876626365,0.4322880701301093,1,46,42,0.0,0.0,2,1,0
No Adaptive,5,13,train,heuristic,player_win,-10.0,11,50.0,1,Very Easy,0.5133420832795047,0.4106736666236038,1,51,47,0.0,0.0,3,1,1
No Adaptive,5,14,train,heuristic,player_win,-10.0,9,50.0,1,Very Easy,0.48767497911552943,0.39013998329242355,1,55,50,0.0,0.0,1,1,2
No Adaptive,5,15,train,heuristic,player_win,-10.0,9,50.0,1,Very Easy,0.46329123015975293,0.3706329841278024,1,59,53,0.0,0.0,2,0,2
No Adaptive,5,16,train,heuristic,player_win,-10.0,5,50.0,1,Very Easy,0.44012666865176525,0.3521013349214122,1,61,54,0.0,0.0,1,0,1
No Adaptive,5,17,train,heuristic,player_win,-10.0,7,50.0,1,Very Easy,0.41812033521917696,0.3344962681753416,1,64,57,0.0,0.0,2,0,1
No Adaptive,5,18,train,heuristic,player_win,-10.0,7,50.0,1,Very Easy,0.3972143184582181,0.3177714547665745,1,67,59,0.0,0.0,1,1,1
No Adaptive,5,19,train,heuristic,agent_win,10.0,8,50.0,1,Very Easy,0.37735360253530714,0.30188288202824576,1,71,62,3.0,3.0,2,0,2
No Adaptive,5,20,train,heuristic,agent_win,10.0,8,50.0,1,Very Easy,0.35848592240854177,0.2867887379268334,1,75,65,3.0,3.0,1,1,2
No Adaptive,5,21,train,heuristic,player_win,-10.0,13,50.0,1,Very Easy,0.34056162628811465,0.27244930103049175,1,81,70,0.0,0.0,2,0,4
No Adaptive,5,22,train,heuristic,agent_win,10.0,10,50.0,1,Very Easy,0.3235335449737089,0.2588268359789671,1,86,75,3.0,3.0,2,1,2
No Adaptive,5,23,train,heuristic,player_win,-10.0,7,50.0,1,Very Easy,0.30735686772502346,0.2458854941800188,1,89,77,0.0,0.0,2,0,1
No Adaptive,5,24,train,heuristic,player_win,-10.0,9,50.0,1,Very Easy,0.2919890243387723,0.23359121947101782,1,93,81,0.0,0.0,3,0,1
No Adaptive,5,25,train,heuristic,agent_win,10.0,8,50.0,1,Very Easy,0.27738957312183365,0.22191165849746694,1,97,84,3.0,3.0,2,0,2
No Adaptive,5,26,train,heuristic,player_win,-10.0,9,50.0,1,Very Easy,0.263520094465742,0.2108160755725936,1,101,87,0.0,0.0,1,0,3
No Adaptive,5,27,train,heuristic,agent_win,10.0,10,50.0,1,Very Easy,0.25034408974245487,0.2002752717939639,1,106,92,3.0,3.0,3,0,2
No Adaptive,5,28,train,heuristic,player_win,-10.0,9,50.0,1,Very Easy,0.2378268852553321,0.19026150820426568,1,110,95,0.0,0.0,3,0,1
No Adaptive,5,29,train,heuristic,agent_win,10.0,12,50.0,1,Very Easy,0.2259355409925655,0.1807484327940524,1,116,101,3.0,3.0,2,1,3
No Adaptive,5,30,train,heuristic,player_win,-10.0,11,50.0,1,Very Easy,0.2146387639429372,0.17171101115434978,1,121,105,0.0,0.0,2,1,2
No Adaptive,5,31,train,heuristic,agent_win,10.0,8,50.0,1,Very Easy,0.20390682574579033,0.16312546059663227,1,125,108,3.0,3.0,2,0,2
No Adaptive,5,32,train,heuristic,agent_win,10.0,8,50.0,1,Very Easy,0.1937114844585008,0.15496918756680067,1,129,111,3.0,3.0,2,0,2
No Adaptive,5,33,train,heuristic,player_win,-10.0,11,50.0,1,Very Easy,0.18402591023557577,0.14722072818846063,1,134,115,0.0,0.0,4,0,1
No Adaptive,5,34,train,heuristic,agent_win,10.0,10,50.0,1,Very Easy,0.17482461472379698,0.1398596917790376,1,139,119,3.0,3.0,2,0,3
No Adaptive,5,35,train,heuristic,agent_win,10.0,10,50.0,1,Very Easy,0.16608338398760714,0.13286670719008573,1,144,123,3.0,3.0,1,0,4
No Adaptive,5,36,train,heuristic,agent_win,10.0,8,50.0,1,Very Easy,0.15777921478822676,0.1262233718305814,1,148,126,3.0,3.0,2,0,2
No Adaptive,5,37,train,heuristic,player_win,-10.0,5,50.0,1,Very Easy,0.14989025404881542,0.11991220323905234,1,150,128,0.0,0.0,1,0,1
No Adaptive,5,38,train,heuristic,agent_win,10.0,8,50.0,1,Very Easy,0.14239574134637464,0.11391659307709973,1,154,131,3.0,3.0,2,0,2
No Adaptive,5,39,train,heuristic,agent_win,10.0,6,50.0,1,Very Easy,0.1352759542790559,0.10822076342324471,1,157,133,3.0,3.0,2,1,0
No Adaptive,5,40,train,heuristic,player_win,-10.0,7,50.0,1,Very Easy,0.1285121565651031,0.10280972525208248,1,160,135,0.0,0.0,1,0,2
No Adaptive,5,41,train,heuristic,player_win,-10.0,9,50.0,1,Very Easy,0.12208654873684793,0.09766923898947835,1,164,138,0.0,0.0,2,0,2
No Adaptive,5,42,train,heuristic,player_win,-10.0,7,50.0,1,Very Easy,0.11598222130000553,0.09278577704000443,1,167,140,0.0,0.0,2,0,1
No Adaptive,5,43,train,heuristic,agent_win,10.0,6,50.0,1,Very Easy,0.11018311023500525,0.0881464881880042,1,170,142,3.0,3.0,1,1,1
No Adaptive,5,44,train,heuristic,player_win,-10.0,7,50.0,1,Very Easy,0.10467395472325498,0.08373916377860399,1,173,144,0.0,0.0,2,0,1
No Adaptive,5,45,train,heuristic,agent_win,10.0,6,50.0,1,Very Easy,0.09944025698709223,0.0795522055896738,1,176,146,3.0,3.0,1,1,1
No Adaptive,5,46,train,heuristic,agent_win,10.0,8,50.0,1,Very Easy,0.09446824413773762,0.0755745953101901,1,180,149,3.0,3.0,3,0,1
No Adaptive,5,47,train,heuristic,player_win,-10.0,9,50.0,1,Very Easy,0.08974483193085074,0.07179586554468059,1,184,149,0.0,0.0,3,0,1
No Adaptive,5,48,train,heuristic,player_win,-10.0,5,50.0,1,Very Easy,0.0852575903343082,0.06820607226744656,1,186,149,0.0,0.0,1,0,1
No Adaptive,5,49,train,heuristic,player_win,-10.0,9,50.0,1,Very Easy,0.08099471081759278,0.06479576865407423,1,190,152,0.0,0.0,3,0,1
No Adaptive,5,50,train,heuristic,agent_win,10.0,10,50.0,1,Very Easy,0.07694497527671314,0.061555980221370515,1,195,156,3.0,3.0,3,0,2
No Adaptive,5,51,train,heuristic,player_win,-10.0,7,50.0,1,Very Easy,0.07309772651287748,0.05847818121030199,1,198,158,0.0,0.0,2,0,1
No Adaptive,5,52,train,heuristic,agent_win,10.0,8,50.0,1,Very Easy,0.0694428401872336,0.05555427214978688,1,202,161,3.0,3.0,3,0,1
No Adaptive,5,53,train,heuristic,player_win,-10.0,7,50.0,1,Very Easy,0.0659706981778719,0.05277655854229753,1,205,163,0.0,0.0,2,0,1
No Adaptive,5,54,train,heuristic,agent_win,10.0,8,50.0,1,Very Easy,0.0626721632689783,0.050137730615182646,1,209,166,3.0,3.0,2,0,2
No Adaptive,5,55,train,heuristic,player_win,-10.0,7,50.0,1,Very Easy,0.059538555105529384,0.05,1,212,168,0.0,0.0,1,0,2
No Adaptive,5,56,train,heuristic,agent_win,10.0,6,50.0,1,Very Easy,0.05656162735025291,0.05,1,215,170,3.0,3.0,3,0,0
No Adaptive,5,57,train,heuristic,agent_win,10.0,6,50.0,1,Very Easy,0.053733545982740265,0.05,1,218,172,3.0,3.0,2,0,1
No Adaptive,5,58,train,heuristic,player_win,-10.0,5,50.0,1,Very Easy,0.05104686868360325,0.05,1,220,173,0.0,0.0,1,0,1
No Adaptive,5,59,train,heuristic,player_win,-10.0,5,50.0,1,Very Easy,0.05,0.05,1,222,174,0.0,0.0,1,0,1
No Adaptive,5,60,train,heuristic,player_win,-10.0,7,50.0,1,Very Easy,0.05,0.05,1,225,176,0.0,0.0,2,0,1
No Adaptive,5,61,train,heuristic,player_win,-10.0,7,50.0,1,Very Easy,0.05,0.05,1,228,178,0.0,0.0,2,0,1
No Adaptive,5,62,train,heuristic,player_win,-10.0,5,50.0,1,Very Easy,0.05,0.05,1,230,179,0.0,0.0,1,1,0
No Adaptive,5,63,train,heuristic,agent_win,10.0,8,50.0,1,Very Easy,0.05,0.05,1,234,182,3.0,3.0,3,1,0
No Adaptive,5,64,train,heuristic,player_win,-10.0,13,50.0,1,Very Easy,0.05,0.05,1,240,187,0.0,0.0,3,0,3
No Adaptive,5,65,train,heuristic,agent_win,10.0,10,50.0,1,Very Easy,0.05,0.05,1,245,191,3.0,3.0,2,0,3
No Adaptive,5,66,train,heuristic,player_win,-10.0,7,50.0,1,Very Easy,0.05,0.05,1,248,193,0.0,0.0,2,0,1
No Adaptive,5,67,train,heuristic,agent_win,10.0,8,50.0,1,Very Easy,0.05,0.05,1,252,196,3.0,3.0,2,1,1
No Adaptive,5,68,train,heuristic,player_win,-10.0,7,50.0,1,Very Easy,0.05,0.05,1,255,198,0.0,0.0,1,0,2
No Adaptive,5,69,train,heuristic,player_win,-10.0,11,50.0,1,Very Easy,0.05,0.05,1,260,202,0.0,0.0,2,0,3
No Adaptive,5,70,train,heuristic,agent_win,10.0,6,50.0,1,Very Easy,0.05,0.05,1,263,204,3.0,3.0,1,0,2
No Adaptive,5,71,train,heuristic,player_win,-10.0,7,50.0,1,Very Easy,0.05,0.05,1,266,206,0.0,0.0,2,0,1
No Adaptive,5,72,train,heuristic,agent_win,10.0,10,50.0,1,Very Easy,0.05,0.05,1,271,210,3.0,3.0,4,1,0
No Adaptive,5,73,train,heuristic,agent_win,10.0,8,50.0,1,Very Easy,0.05,0.05,1,275,213,3.0,3.0,2,0,2
No Adaptive,5,74,train,heuristic,player_win,-10.0,5,50.0,1,Very Easy,0.05,0.05,1,277,214,0.0,0.0,1,0,1
No Adaptive,5,75,train,heuristic,player_win,-10.0,5,50.0,1,Very Easy,0.05,0.05,1,279,215,0.0,0.0,1,0,1
No Adaptive,5,76,train,heuristic,agent_win,10.0,6,50.0,1,Very Easy,0.05,0.05,1,282,217,3.0,3.0,2,0,1
No Adaptive,5,77,train,heuristic,player_win,-10.0,9,50.0,1,Very Easy,0.05,0.05,1,286,220,0.0,0.0,1,0,3
No Adaptive,5,78,train,heuristic,agent_win,10.0,8,50.0,1,Very Easy,0.05,0.05,1,290,223,3.0,3.0,2,0,2
No Adaptive,5,79,train,heuristic,player_win,-10.0,7,50.0,1,Very Easy,0.05,0.05,1,293,226,0.0,0.0,2,0,1
No Adaptive,5,80,train,heuristic,agent_win,10.0,6,50.0,1,Very Easy,0.05,0.05,1,296,228,3.0,3.0,2,0,1
No Adaptive,5,81,train,heuristic,player_win,-10.0,9,50.0,1,Very Easy,0.05,0.05,1,300,231,0.0,0.0,3,0,1
No Adaptive,5,82,train,heuristic,player_win,-10.0,7,50.0,1,Very Easy,0.05,0.05,1,303,233,0.0,0.0,2,0,1
No Adaptive,5,83,train,heuristic,player_win,-10.0,7,50.0,1,Very Easy,0.05,0.05,1,306,235,0.0,0.0,2,0,1
No Adaptive,5,84,train,heuristic,player_win,-10.0,9,50.0,1,Very Easy,0.05,0.05,1,310,238,0.0,0.0,1,0,3
No Adaptive,5,85,train,heuristic,agent_win,10.0,6,50.0,1,Very Easy,0.05,0.05,1,313,240,3.0,3.0,2,0,1
No Adaptive,5,86,train,heuristic,agent_win,10.0,10,50.0,1,Very Easy,0.05,0.05,1,318,243,3.0,3.0,3,0,2
No Adaptive,5,87,train,heuristic,agent_win,10.0,8,50.0,1,Very Easy,0.05,0.05,1,322,246,3.0,3.0,3,0,1
No Adaptive,5,88,train,heuristic,agent_win,10.0,8,50.0,1,Very Easy,0.05,0.05,1,326,249,3.0,3.0,2,0,2
No Adaptive,5,89,train,heuristic,player_win,-10.0,9,50.0,1,Very Easy,0.05,0.05,1,330,252,0.0,0.0,3,0,1
No Adaptive,5,90,train,heuristic,player_win,-10.0,7,50.0,1,Very Easy,0.05,0.05,1,333,254,0.0,0.0,1,0,2
No Adaptive,5,91,train,heuristic,player_win,-10.0,11,50.0,1,Very Easy,0.05,0.05,1,338,258,0.0,0.0,3,1,1
No Adaptive,5,92,train,heuristic,player_win,-10.0,7,50.0,1,Very Easy,0.05,0.05,1,341,260,0.0,0.0,2,0,1
No Adaptive,5,93,train,heuristic,player_win,-10.0,7,50.0,1,Very Easy,0.05,0.05,1,344,262,0.0,0.0,2,0,1
No Adaptive,5,94,train,heuristic,agent_win,10.0,12,50.0,1,Very Easy,0.05,0.05,1,350,267,3.0,3.0,3,1,2
No Adaptive,5,95,train,heuristic,agent_win,10.0,6,50.0,1,Very Easy,0.05,0.05,1,353,269,3.0,3.0,2,0,1
No Adaptive,5,96,train,heuristic,agent_win,10.0,8,50.0,1,Very Easy,0.05,0.05,1,357,272,3.0,3.0,2,0,2
No Adaptive,5,97,train,heuristic,player_win,-10.0,9,50.0,1,Very Easy,0.05,0.05,1,361,275,0.0,0.0,2,0,2
No Adaptive,5,98,train,heuristic,player_win,-10.0,9,50.0,1,Very Easy,0.05,0.05,1,365,278,0.0,0.0,2,1,1
No Adaptive,5,99,train,heuristic,player_win,-10.0,11,50.0,1,Very Easy,0.05,0.05,1,370,282,0.0,0.0,2,1,2
No Adaptive,5,100,train,heuristic,player_win,-10.0,9,50.0,1,Very Easy,0.05,0.05,1,374,285,0.0,0.0,3,0,1
No Adaptive,5,101,train,heuristic,player_win,-10.0,5,50.0,1,Very Easy,0.05,0.05,1,376,286,0.0,0.0,1,0,1
No Adaptive,5,102,train,heuristic,agent_win,10.0,8,50.0,1,Very Easy,0.05,0.05,1,380,289,3.0,3.0,1,0,3
No Adaptive,5,103,train,heuristic,player_win,-10.0,9,50.0,1,Very Easy,0.05,0.05,1,384,292,0.0,0.0,2,0,2
No Adaptive,5,104,train,heuristic,player_win,-10.0,7,50.0,1,Very Easy,0.05,0.05,1,387,294,0.0,0.0,2,0,1
No Adaptive,5,105,train,heuristic,player_win,-10.0,5,50.0,1,Very Easy,0.05,0.05,1,389,295,0.0,0.0,1,0,1
No Adaptive,5,106,train,heuristic,player_win,-10.0,5,50.0,1,Very Easy,0.05,0.05,1,391,296,0.0,0.0,1,0,1
No Adaptive,5,107,train,heuristic,player_win,-10.0,9,50.0,1,Very Easy,0.05,0.05,1,395,299,0.0,0.0,2,1,1
No Adaptive,5,108,train,heuristic,player_win,-10.0,7,50.0,1,Very Easy,0.05,0.05,1,398,301,0.0,0.0,2,0,1
No Adaptive,5,109,train,heuristic,player_win,-10.0,9,50.0,1,Very Easy,0.05,0.05,1,402,304,0.0,0.0,3,0,1
No Adaptive,5,110,train,heuristic,player_win,-10.0,7,50.0,1,Very Easy,0.05,0.05,1,405,306,0.0,0.0,2,0,1
No Adaptive,5,111,train,heuristic,agent_win,10.0,10,50.0,1,Very Easy,0.05,0.05,1,410,310,3.0,3.0,2,1,2
No Adaptive,5,112,train,heuristic,player_win,-10.0,9,50.0,1,Very Easy,0.05,0.05,1,414,313,0.0,0.0,2,0,2
No Adaptive,5,113,train,heuristic,player_win,-10.0,7,50.0,1,Very Easy,0.05,0.05,1,417,315,0.0,0.0,2,0,1
No Adaptive,5,114,train,heuristic,agent_win,10.0,8,50.0,1,Very Easy,0.05,0.05,1,421,318,3.0,3.0,2,1,1
No Adaptive,5,115,train,heuristic,agent_win,10.0,8,50.0,1,Very Easy,0.05,0.05,1,425,321,3.0,3.0,3,0,1
No Adaptive,5,116,train,heuristic,player_win,-10.0,11,50.0,1,Very Easy,0.05,0.05,1,430,325,0.0,0.0,3,0,2
No Adaptive,5,117,train,heuristic,player_win,-10.0,13,50.0,1,Very Easy,0.05,0.05,1,436,330,0.0,0.0,3,0,3
No Adaptive,5,118,train,heuristic,player_win,-10.0,9,50.0,1,Very Easy,0.05,0.05,1,440,333,0.0,0.0,1,0,3
No Adaptive,5,119,train,heuristic,player_win,-10.0,9,50.0,1,Very Easy,0.05,0.05,1,444,336,0.0,0.0,2,0,2
No Adaptive,5,120,train,heuristic,player_win,-10.0,9,50.0,1,Very Easy,0.05,0.05,1,448,339,0.0,0.0,2,0,2
No Adaptive,5,121,train,heuristic,player_win,-10.0,9,50.0,1,Very Easy,0.05,0.05,1,452,342,0.0,0.0,2,0,2
No Adaptive,5,122,train,heuristic,agent_win,10.0,8,50.0,1,Very Easy,0.05,0.05,1,456,345,3.0,3.0,2,0,2
No Adaptive,5,123,train,heuristic,player_win,-10.0,9,50.0,1,Very Easy,0.05,0.05,1,460,348,0.0,0.0,2,0,2
No Adaptive,5,124,train,heuristic,player_win,-10.0,9,50.0,1,Very Easy,0.05,0.05,1,464,351,0.0,0.0,2,0,2
No Adaptive,5,125,train,heuristic,player_win,-10.0,9,50.0,1,Very Easy,0.05,0.05,1,468,354,0.0,0.0,2,0,2
No Adaptive,5,126,train,heuristic,agent_win,10.0,6,50.0,1,Very Easy,0.05,0.05,1,471,356,3.0,3.0,2,0,1
No Adaptive,5,127,train,heuristic,agent_win,10.0,6,50.0,1,Very Easy,0.05,0.05,1,474,358,3.0,3.0,2,0,1
No Adaptive,5,128,train,heuristic,agent_win,10.0,10,50.0,1,Very Easy,0.05,0.05,1,479,362,3.0,3.0,3,0,2
No Adaptive,5,129,train,heuristic,agent_win,10.0,10,50.0,1,Very Easy,0.05,0.05,1,484,366,3.0,3.0,2,0,3
No Adaptive,5,130,train,heuristic,agent_win,10.0,8,50.0,1,Very Easy,0.05,0.05,1,488,369,3.0,3.0,1,0,3
No Adaptive,5,131,train,heuristic,agent_win,10.0,10,50.0,1,Very Easy,0.05,0.05,1,493,373,3.0,3.0,2,1,2
No Adaptive,5,132,train,heuristic,player_win,-10.0,9,50.0,1,Very Easy,0.05,0.05,1,497,376,0.0,0.0,2,0,2
No Adaptive,5,133,train,heuristic,player_win,-10.0,9,50.0,1,Very Easy,0.05,0.05,1,501,379,0.0,0.0,2,0,2
No Adaptive,5,134,train,heuristic,agent_win,10.0,12,50.0,1,Very Easy,0.05,0.05,1,507,384,3.0,3.0,4,0,2
No Adaptive,5,135,train,heuristic,player_win,-10.0,11,50.0,1,Very Easy,0.05,0.05,1,512,388,0.0,0.0,2,0,3
No Adaptive,5,136,train,heuristic,agent_win,10.0,10,50.0,1,Very Easy,0.05,0.05,1,517,392,3.0,3.0,2,0,3
No Adaptive,5,137,train,heuristic,player_win,-10.0,7,50.0,1,Very Easy,0.05,0.05,1,520,394,0.0,0.0,2,0,1
No Adaptive,5,138,train,heuristic,player_win,-10.0,9,50.0,1,Very Easy,0.05,0.05,1,524,397,0.0,0.0,3,0,1
No Adaptive,5,139,train,heuristic,player_win,-10.0,5,50.0,1,Very Easy,0.05,0.05,1,526,398,0.0,0.0,1,0,1
No Adaptive,5,140,train,heuristic,player_win,-10.0,5,50.0,1,Very Easy,0.05,0.05,1,528,399,0.0,0.0,1,0,1
No Adaptive,5,141,train,heuristic,agent_win,10.0,8,50.0,1,Very Easy,0.05,0.05,1,532,402,3.0,3.0,3,0,1
No Adaptive,5,142,train,heuristic,player_win,-10.0,9,50.0,1,Very Easy,0.05,0.05,1,536,405,0.0,0.0,1,0,3
No Adaptive,5,143,train,heuristic,player_win,-10.0,9,50.0,1,Very Easy,0.05,0.05,1,540,408,0.0,0.0,2,0,2
No Adaptive,5,144,train,heuristic,player_win,-10.0,7,50.0,1,Very Easy,0.05,0.05,1,543,410,0.0,0.0,2,0,1
No Adaptive,5,145,train,heuristic,player_win,-10.0,7,50.0,1,Very Easy,0.05,0.05,1,546,410,0.0,0.0,2,0,1
No Adaptive,5,146,train,heuristic,agent_win,10.0,8,50.0,1,Very Easy,0.05,0.05,1,550,413,3.0,3.0,3,0,1
No Adaptive,5,147,train,heuristic,agent_win,10.0,10,50.0,1,Very Easy,0.05,0.05,1,555,417,3.0,3.0,3,0,2
No Adaptive,5,148,train,heuristic,player_win,-10.0,9,50.0,1,Very Easy,0.05,0.05,1,559,420,0.0,0.0,1,0,3
No Adaptive,5,149,train,heuristic,agent_win,10.0,8,50.0,1,Very Easy,0.05,0.05,1,563,423,3.0,3.0,2,0,2
No Adaptive,5,150,train,heuristic,player_win,-10.0,11,50.0,1,Very Easy,0.05,0.05,1,568,427,0.0,0.0,3,1,1
No Adaptive,5,151,train,heuristic,player_win,-10.0,9,50.0,1,Very Easy,0.05,0.05,1,572,430,0.0,0.0,1,0,3
No Adaptive,5,152,train,heuristic,draw,3.0,16,50.0,1,Very Easy,0.05,0.05,1,580,437,0.8999999999999999,0.8999999999999999,6,0,2
No Adaptive,5,153,train,heuristic,player_win,-10.0,5,50.0,1,Very Easy,0.05,0.05,1,582,438,0.0,0.0,2,0,0
No Adaptive,5,154,train,heuristic,agent_win,10.0,12,50.0,1,Very Easy,0.05,0.05,1,588,443,3.0,3.0,4,0,2
No Adaptive,5,155,train,heuristic,agent_win,10.0,6,50.0,1,Very Easy,0.05,0.05,1,591,445,3.0,3.0,2,0,1
No Adaptive,5,156,train,heuristic,agent_win,10.0,8,50.0,1,Very Easy,0.05,0.05,1,595,448,3.0,3.0,2,0,2
No Adaptive,5,157,train,heuristic,agent_win,10.0,6,50.0,1,Very Easy,0.05,0.05,1,598,450,3.0,3.0,2,0,1
No Adaptive,5,158,train,heuristic,agent_win,10.0,8,50.0,1,Very Easy,0.05,0.05,1,602,453,3.0,3.0,2,0,2
No Adaptive,5,159,train,heuristic,player_win,-10.0,7,50.0,1,Very Easy,0.05,0.05,1,605,455,0.0,0.0,1,0,2
No Adaptive,5,160,train,heuristic,player_win,-10.0,9,50.0,1,Very Easy,0.05,0.05,1,609,458,0.0,0.0,2,0,2
No Adaptive,5,161,train,heuristic,agent_win,10.0,8,50.0,1,Very Easy,0.05,0.05,1,613,461,3.0,3.0,3,0,1
No Adaptive,5,162,train,heuristic,player_win,-10.0,13,50.0,1,Very Easy,0.05,0.05,1,619,466,0.0,0.0,2,0,4
No Adaptive,5,163,train,heuristic,player_win,-10.0,9,50.0,1,Very Easy,0.05,0.05,1,623,469,0.0,0.0,2,0,2
No Adaptive,5,164,train,heuristic,agent_win,10.0,8,50.0,1,Very Easy,0.05,0.05,1,627,472,3.0,3.0,2,0,2
No Adaptive,5,165,train,heuristic,player_win,-10.0,9,50.0,1,Very Easy,0.05,0.05,1,631,475,0.0,0.0,2,0,2
No Adaptive,5,166,train,heuristic,player_win,-10.0,13,50.0,1,Very Easy,0.05,0.05,1,637,480,0.0,0.0,4,0,2
No Adaptive,5,167,train,heuristic,agent_win,10.0,8,50.0,1,Very Easy,0.05,0.05,1,641,483,3.0,3.0,2,0,2
No Adaptive,5,168,train,heuristic,agent_win,10.0,6,50.0,1,Very Easy,0.05,0.05,1,644,483,2.0999999999999996,2.0999999999999996,2,0,1
No Adaptive,5,169,train,heuristic,player_win,-10.0,7,50.0,1,Very Easy,0.05,0.05,1,647,485,0.0,0.0,2,0,1
No Adaptive,5,170,train,heuristic,agent_win,10.0,6,50.0,1,Very Easy,0.05,0.05,1,650,487,3.0,3.0,1,0,2
No Adaptive,5,171,train,heuristic,player_win,-10.0,9,50.0,1,Very Easy,0.05,0.05,1,654,490,0.0,0.0,2,0,2
No Adaptive,5,172,train,heuristic,player_win,-10.0,9,50.0,1,Very Easy,0.05,0.05,1,658,493,0.0,0.0,2,0,2
No Adaptive,5,173,train,heuristic,agent_win,10.0,8,50.0,1,Very Easy,0.05,0.05,1,662,496,3.0,3.0,1,0,3
No Adaptive,5,174,train,heuristic,agent_win,10.0,8,50.0,1,Very Easy,0.05,0.05,1,666,499,3.0,3.0,3,0,1
No Adaptive,5,175,train,heuristic,player_win,-10.0,11,50.0,1,Very Easy,0.05,0.05,1,671,502,0.0,0.0,3,0,2
No Adaptive,5,176,train,heuristic,player_win,-10.0,7,50.0,1,Very Easy,0.05,0.05,1,674,504,0.0,0.0,1,0,2
No Adaptive,5,177,train,heuristic,agent_win,10.0,10,50.0,1,Very Easy,0.05,0.05,1,679,508,3.0,3.0,3,1,1
No Adaptive,5,178,train,heuristic,player_win,-10.0,5,50.0,1,Very Easy,0.05,0.05,1,681,509,0.0,0.0,1,0,1
No Adaptive,5,179,train,heuristic,player_win,-10.0,7,50.0,1,Very Easy,0.05,0.05,1,684,511,0.0,0.0,2,0,1
No Adaptive,5,180,train,heuristic,agent_win,10.0,14,50.0,1,Very Easy,0.05,0.05,1,691,517,3.0,3.0,5,0,2
No Adaptive,5,181,train,heuristic,player_win,-10.0,13,50.0,1,Very Easy,0.05,0.05,1,697,522,0.0,0.0,4,0,2
No Adaptive,5,182,train,heuristic,player_win,-10.0,9,50.0,1,Very Easy,0.05,0.05,1,701,525,0.0,0.0,2,1,1
No Adaptive,5,183,train,heuristic,agent_win,10.0,10,50.0,1,Very Easy,0.05,0.05,1,706,529,3.0,3.0,3,0,2
No Adaptive,5,184,train,heuristic,player_win,-10.0,5,50.0,1,Very Easy,0.05,0.05,1,708,530,0.0,0.0,1,0,1
No Adaptive,5,185,train,heuristic,player_win,-10.0,9,50.0,1,Very Easy,0.05,0.05,1,712,533,0.0,0.0,2,0,2
No Adaptive,5,186,train,heuristic,player_win,-10.0,7,50.0,1,Very Easy,0.05,0.05,1,715,535,0.0,0.0,1,0,2
No Adaptive,5,187,train,heuristic,player_win,-10.0,7,50.0,1,Very Easy,0.05,0.05,1,718,535,0.0,0.0,2,0,1
No Adaptive,5,188,train,heuristic,player_win,-10.0,7,50.0,1,Very Easy,0.05,0.05,1,721,537,0.0,0.0,2,1,0
No Adaptive,5,189,train,heuristic,agent_win,10.0,10,50.0,1,Very Easy,0.05,0.05,1,726,541,3.0,3.0,3,0,2
No Adaptive,5,190,train,heuristic,agent_win,10.0,8,50.0,1,Very Easy,0.05,0.05,1,730,544,3.0,3.0,3,0,1
No Adaptive,5,191,train,heuristic,agent_win,10.0,8,50.0,1,Very Easy,0.05,0.05,1,734,547,3.0,3.0,3,0,1
No Adaptive,5,192,train,heuristic,agent_win,10.0,10,50.0,1,Very Easy,0.05,0.05,1,739,551,3.0,3.0,3,0,2
No Adaptive,5,193,train,heuristic,agent_win,10.0,6,50.0,1,Very Easy,0.05,0.05,1,742,551,2.0999999999999996,2.0999999999999996,2,0,1
No Adaptive,5,194,train,heuristic,player_win,-10.0,5,50.0,1,Very Easy,0.05,0.05,1,744,552,0.0,0.0,1,0,1
No Adaptive,5,195,train,heuristic,agent_win,10.0,8,50.0,1,Very Easy,0.05,0.05,1,748,555,3.0,3.0,1,0,3
No Adaptive,5,196,train,heuristic,agent_win,10.0,8,50.0,1,Very Easy,0.05,0.05,1,752,558,3.0,3.0,3,0,1
No Adaptive,5,197,train,heuristic,player_win,-10.0,9,50.0,1,Very Easy,0.05,0.05,1,756,561,0.0,0.0,1,1,2
No Adaptive,5,198,train,heuristic,player_win,-10.0,7,50.0,1,Very Easy,0.05,0.05,1,759,563,0.0,0.0,2,0,1
No Adaptive,5,199,train,heuristic,player_win,-10.0,7,50.0,1,Very Easy,0.05,0.05,1,762,565,0.0,0.0,1,0,2
No Adaptive,5,200,train,heuristic,agent_win,10.0,6,50.0,1,Very Easy,0.05,0.05,1,765,567,3.0,3.0,1,0,2
No Adaptive,5,201,train,heuristic,player_win,-10.0,7,50.0,1,Very Easy,0.05,0.05,1,768,569,0.0,0.0,2,0,1
No Adaptive,5,202,train,heuristic,player_win,-10.0,7,50.0,1,Very Easy,0.05,0.05,1,771,571,0.0,0.0,1,0,2
No Adaptive,5,203,train,heuristic,agent_win,10.0,12,50.0,1,Very Easy,0.05,0.05,1,777,575,3.0,3.0,2,1,3
No Adaptive,5,204,train,heuristic,agent_win,10.0,12,50.0,1,Very Easy,0.05,0.05,1,783,580,3.0,3.0,3,0,3
No Adaptive,5,205,train,heuristic,agent_win,10.0,6,50.0,1,Very Easy,0.05,0.05,1,786,581,3.0,3.0,2,0,1
No Adaptive,5,206,train,heuristic,agent_win,10.0,10,50.0,1,Very Easy,0.05,0.05,1,791,585,3.0,3.0,4,0,1
No Adaptive,5,207,train,heuristic,player_win,-10.0,9,50.0,1,Very Easy,0.05,0.05,1,795,588,0.0,0.0,2,0,2
No Adaptive,5,208,train,heuristic,agent_win,10.0,8,50.0,1,Very Easy,0.05,0.05,1,799,590,3.0,3.0,1,0,3
No Adaptive,5,209,train,heuristic,player_win,-10.0,5,50.0,1,Very Easy,0.05,0.05,1,801,591,0.0,0.0,1,0,1
No Adaptive,5,210,train,heuristic,player_win,-10.0,7,50.0,1,Very Easy,0.05,0.05,1,804,593,0.0,0.0,2,0,1
No Adaptive,5,211,train,heuristic,player_win,-10.0,9,50.0,1,Very Easy,0.05,0.05,1,808,596,0.0,0.0,1,0,3
No Adaptive,5,212,train,heuristic,player_win,-10.0,7,50.0,1,Very Easy,0.05,0.05,1,811,598,0.0,0.0,2,0,1
No Adaptive,5,213,train,heuristic,agent_win,10.0,8,50.0,1,Very Easy,0.05,0.05,1,815,601,3.0,3.0,2,0,2
No Adaptive,5,214,train,heuristic,player_win,-10.0,5,50.0,1,Very Easy,0.05,0.05,1,817,602,0.0,0.0,1,0,1
No Adaptive,5,215,train,heuristic,player_win,-10.0,7,50.0,1,Very Easy,0.05,0.05,1,820,604,0.0,0.0,2,0,1
No Adaptive,5,216,train,heuristic,player_win,-10.0,9,50.0,1,Very Easy,0.05,0.05,1,824,607,0.0,0.0,2,0,2
No Adaptive,5,217,train,heuristic,agent_win,10.0,6,50.0,1,Very Easy,0.05,0.05,1,827,609,3.0,3.0,2,0,1
No Adaptive,5,218,train,heuristic,player_win,-10.0,7,50.0,1,Very Easy,0.05,0.05,1,830,611,0.0,0.0,1,0,2
No Adaptive,5,219,train,heuristic,agent_win,10.0,8,50.0,1,Very Easy,0.05,0.05,1,834,614,3.0,3.0,1,0,3
No Adaptive,5,220,train,heuristic,player_win,-10.0,7,50.0,1,Very Easy,0.05,0.05,1,837,616,0.0,0.0,2,0,1
No Adaptive,5,221,train,heuristic,player_win,-10.0,9,50.0,1,Very Easy,0.05,0.05,1,841,619,0.0,0.0,3,0,1
No Adaptive,5,222,train,heuristic,player_win,-10.0,9,50.0,1,Very Easy,0.05,0.05,1,845,622,0.0,0.0,2,0,2
No Adaptive,5,223,train,heuristic,player_win,-10.0,5,50.0,1,Very Easy,0.05,0.05,1,847,623,0.0,0.0,1,0,1
No Adaptive,5,224,train,heuristic,player_win,-10.0,9,50.0,1,Very Easy,0.05,0.05,1,851,626,0.0,0.0,3,0,1
No Adaptive,5,225,train,heuristic,agent_win,10.0,8,50.0,1,Very Easy,0.05,0.05,1,855,629,3.0,3.0,3,0,1
No Adaptive,5,226,train,heuristic,player_win,-10.0,13,50.0,1,Very Easy,0.05,0.05,1,861,634,0.0,0.0,4,0,2
No Adaptive,5,227,train,heuristic,agent_win,10.0,10,50.0,1,Very Easy,0.05,0.05,1,866,637,3.0,3.0,3,0,2
No Adaptive,5,228,train,heuristic,player_win,-10.0,7,50.0,1,Very Easy,0.05,0.05,1,869,639,0.0,0.0,2,0,1
No Adaptive,5,229,train,heuristic,player_win,-10.0,7,50.0,1,Very Easy,0.05,0.05,1,872,641,0.0,0.0,2,0,1
No Adaptive,5,230,train,heuristic,agent_win,10.0,14,50.0,1,Very Easy,0.05,0.05,1,879,647,3.0,3.0,4,0,3
No Adaptive,5,231,train,heuristic,agent_win,10.0,6,50.0,1,Very Easy,0.05,0.05,1,882,647,2.0999999999999996,2.0999999999999996,3,0,0
No Adaptive,5,232,train,heuristic,player_win,-10.0,9,50.0,1,Very Easy,0.05,0.05,1,886,650,0.0,0.0,2,0,2
No Adaptive,5,233,train,heuristic,agent_win,10.0,10,50.0,1,Very Easy,0.05,0.05,1,891,654,3.0,3.0,2,0,3
No Adaptive,5,234,train,heuristic,agent_win,10.0,12,50.0,1,Very Easy,0.05,0.05,1,897,659,3.0,3.0,5,1,0
No Adaptive,5,235,train,heuristic,player_win,-10.0,7,50.0,1,Very Easy,0.05,0.05,1,900,661,0.0,0.0,2,0,1
No Adaptive,5,236,train,heuristic,agent_win,10.0,12,50.0,1,Very Easy,0.05,0.05,1,906,666,3.0,3.0,4,0,2
No Adaptive,5,237,train,heuristic,player_win,-10.0,7,50.0,1,Very Easy,0.05,0.05,1,909,668,0.0,0.0,1,0,2
No Adaptive,5,238,train,heuristic,player_win,-10.0,7,50.0,1,Very Easy,0.05,0.05,1,912,670,0.0,0.0,1,0,2
No Adaptive,5,239,train,heuristic,agent_win,10.0,6,50.0,1,Very Easy,0.05,0.05,1,915,672,3.0,3.0,2,0,1
No Adaptive,5,240,train,heuristic,player_win,-10.0,7,50.0,1,Very Easy,0.05,0.05,1,918,674,0.0,0.0,1,0,2
No Adaptive,5,241,train,heuristic,agent_win,10.0,12,50.0,1,Very Easy,0.05,0.05,1,924,679,3.0,3.0,3,0,3
No Adaptive,5,242,train,heuristic,agent_win,10.0,8,50.0,1,Very Easy,0.05,0.05,1,928,682,3.0,3.0,2,0,2
No Adaptive,5,243,train,heuristic,player_win,-10.0,9,50.0,1,Very Easy,0.05,0.05,1,932,684,0.0,0.0,1,1,2
No Adaptive,5,244,train,heuristic,agent_win,10.0,8,50.0,1,Very Easy,0.05,0.05,1,936,687,3.0,3.0,2,0,2
No Adaptive,5,245,train,heuristic,agent_win,10.0,10,50.0,1,Very Easy,0.05,0.05,1,941,691,3.0,3.0,3,0,2
No Adaptive,5,246,train,heuristic,agent_win,10.0,10,50.0,1,Very Easy,0.05,0.05,1,946,695,3.0,3.0,2,0,3
No Adaptive,5,247,train,heuristic,agent_win,10.0,8,50.0,1,Very Easy,0.05,0.05,1,950,698,3.0,3.0,1,0,3
No Adaptive,5,248,train,heuristic,agent_win,10.0,10,50.0,1,Very Easy,0.05,0.05,1,955,701,3.0,3.0,2,0,3
No Adaptive,5,249,train,heuristic,player_win,-10.0,7,50.0,1,Very Easy,0.05,0.05,1,958,702,0.0,0.0,2,0,1
No Adaptive,5,250,train,heuristic,player_win,-10.0,5,50.0,1,Very Easy,0.05,0.05,1,960,703,0.0,0.0,1,0,1
No Adaptive,5,251,train,heuristic,player_win,-10.0,5,50.0,1,Very Easy,0.05,0.05,1,962,704,0.0,0.0,1,0,1
No Adaptive,5,252,train,heuristic,player_win,-10.0,9,50.0,1,Very Easy,0.05,0.05,1,966,707,0.0,0.0,1,0,3
No Adaptive,5,253,train,heuristic,player_win,-10.0,13,50.0,1,Very Easy,0.05,0.05,1,972,712,0.0,0.0,3,2,1
No Adaptive,5,254,train,heuristic,agent_win,10.0,6,50.0,1,Very Easy,0.05,0.05,1,975,714,3.0,3.0,2,0,1
No Adaptive,5,255,train,heuristic,player_win,-10.0,7,50.0,1,Very Easy,0.05,0.05,1,978,715,0.0,0.0,1,0,2
No Adaptive,5,256,train,heuristic,player_win,-10.0,9,50.0,1,Very Easy,0.05,0.05,1,982,718,0.0,0.0,2,0,2
No Adaptive,5,257,train,heuristic,agent_win,10.0,6,50.0,1,Very Easy,0.05,0.05,1,985,720,3.0,3.0,2,0,1
No Adaptive,5,258,train,heuristic,player_win,-10.0,7,50.0,1,Very Easy,0.05,0.05,1,988,722,0.0,0.0,2,0,1
No Adaptive,5,259,train,heuristic,player_win,-10.0,7,50.0,1,Very Easy,0.05,0.05,1,991,724,0.0,0.0,2,0,1
No Adaptive,5,260,train,heuristic,agent_win,10.0,8,50.0,1,Very Easy,0.05,0.05,1,995,727,3.0,3.0,3,0,1
No Adaptive,5,261,train,heuristic,player_win,-10.0,9,50.0,1,Very Easy,0.05,0.05,1,999,730,0.0,0.0,1,1,2
No Adaptive,5,262,train,heuristic,agent_win,10.0,8,50.0,1,Very Easy,0.05,0.05,1,1003,732,3.0,3.0,3,1,0
No Adaptive,5,263,train,heuristic,agent_win,10.0,10,50.0,1,Very Easy,0.05,0.05,1,1008,735,3.0,3.0,3,0,2
No Adaptive,5,264,train,heuristic,player_win,-10.0,7,50.0,1,Very Easy,0.05,0.05,1,1011,737,0.0,0.0,2,0,1
No Adaptive,5,265,train,heuristic,player_win,-10.0,7,50.0,1,Very Easy,0.05,0.05,1,1014,739,0.0,0.0,2,0,1
No Adaptive,5,266,train,heuristic,player_win,-10.0,7,50.0,1,Very Easy,0.05,0.05,1,1017,739,0.0,0.0,2,0,1
No Adaptive,5,267,train,heuristic,player_win,-10.0,9,50.0,1,Very Easy,0.05,0.05,1,1021,742,0.0,0.0,2,0,2
No Adaptive,5,268,train,heuristic,agent_win,10.0,10,50.0,1,Very Easy,0.05,0.05,1,1026,745,3.0,3.0,3,0,2
No Adaptive,5,269,train,heuristic,player_win,-10.0,9,50.0,1,Very Easy,0.05,0.05,1,1030,748,0.0,0.0,2,0,2
No Adaptive,5,270,train,heuristic,agent_win,10.0,8,50.0,1,Very Easy,0.05,0.05,1,1034,751,3.0,3.0,3,0,1
No Adaptive,5,271,train,heuristic,player_win,-10.0,5,50.0,1,Very Easy,0.05,0.05,1,1036,752,0.0,0.0,1,0,1
No Adaptive,5,272,train,heuristic,player_win,-10.0,7,50.0,1,Very Easy,0.05,0.05,1,1039,754,0.0,0.0,2,0,1
No Adaptive,5,273,train,heuristic,agent_win,10.0,8,50.0,1,Very Easy,0.05,0.05,1,1043,757,3.0,3.0,3,0,1
No Adaptive,5,274,train,heuristic,player_win,-10.0,7,50.0,1,Very Easy,0.05,0.05,1,1046,759,0.0,0.0,2,0,1
No Adaptive,5,275,train,heuristic,player_win,-10.0,11,50.0,1,Very Easy,0.05,0.05,1,1051,763,0.0,0.0,4,0,1
No Adaptive,5,276,train,heuristic,agent_win,10.0,10,50.0,1,Very Easy,0.05,0.05,1,1056,763,2.0999999999999996,2.0999999999999996,3,0,2
No Adaptive,5,277,train,heuristic,agent_win,10.0,8,50.0,1,Very Easy,0.05,0.05,1,1060,765,3.0,3.0,2,0,2
No Adaptive,5,278,train,heuristic,player_win,-10.0,9,50.0,1,Very Easy,0.05,0.05,1,1064,767,0.0,0.0,2,0,2
No Adaptive,5,279,train,heuristic,player_win,-10.0,7,50.0,1,Very Easy,0.05,0.05,1,1067,768,0.0,0.0,1,0,2
No Adaptive,5,280,train,heuristic,agent_win,10.0,8,50.0,1,Very Easy,0.05,0.05,1,1071,771,3.0,3.0,2,0,2
No Adaptive,5,281,train,heuristic,agent_win,10.0,8,50.0,1,Very Easy,0.05,0.05,1,1075,774,3.0,3.0,2,0,2
No Adaptive,5,282,train,heuristic,player_win,-10.0,7,50.0,1,Very Easy,0.05,0.05,1,1078,776,0.0,0.0,2,0,1
No Adaptive,5,283,train,heuristic,agent_win,10.0,8,50.0,1,Very Easy,0.05,0.05,1,1082,779,3.0,3.0,2,0,2
No Adaptive,5,284,train,heuristic,player_win,-10.0,9,50.0,1,Very Easy,0.05,0.05,1,1086,781,0.0,0.0,3,0,1
No Adaptive,5,285,train,heuristic,agent_win,10.0,6,50.0,1,Very Easy,0.05,0.05,1,1089,782,3.0,3.0,2,0,1
No Adaptive,5,286,train,heuristic,agent_win,10.0,6,50.0,1,Very Easy,0.05,0.05,1,1092,784,3.0,3.0,2,0,1
No Adaptive,5,287,train,heuristic,player_win,-10.0,11,50.0,1,Very Easy,0.05,0.05,1,1097,788,0.0,0.0,3,0,2
No Adaptive,5,288,train,heuristic,player_win,-10.0,7,50.0,1,Very Easy,0.05,0.05,1,1100,790,0.0,0.0,1,0,2
No Adaptive,5,289,train,heuristic,player_win,-10.0,7,50.0,1,Very Easy,0.05,0.05,1,1103,792,0.0,0.0,2,0,1
No Adaptive,5,290,train,heuristic,player_win,-10.0,7,50.0,1,Very Easy,0.05,0.05,1,1106,792,0.0,0.0,1,0,2
No Adaptive,5,291,train,heuristic,player_win,-10.0,7,50.0,1,Very Easy,0.05,0.05,1,1109,794,0.0,0.0,2,0,1
No Adaptive,5,292,train,heuristic,player_win,-10.0,13,50.0,1,Very Easy,0.05,0.05,1,1115,799,0.0,0.0,3,0,3
No Adaptive,5,293,train,heuristic,agent_win,10.0,10,50.0,1,Very Easy,0.05,0.05,1,1120,803,3.0,3.0,3,0,2
No Adaptive,5,294,train,heuristic,agent_win,10.0,8,50.0,1,Very Easy,0.05,0.05,1,1124,806,3.0,3.0,1,0,3
No Adaptive,5,295,train,heuristic,player_win,-10.0,11,50.0,1,Very Easy,0.05,0.05,1,1129,810,0.0,0.0,2,0,3
No Adaptive,5,296,train,heuristic,player_win,-10.0,7,50.0,1,Very Easy,0.05,0.05,1,1132,812,0.0,0.0,2,0,1
No Adaptive,5,297,train,heuristic,agent_win,10.0,12,50.0,1,Very Easy,0.05,0.05,1,1138,817,3.0,3.0,5,0,1
No Adaptive,5,298,train,heuristic,agent_win,10.0,8,50.0,1,Very Easy,0.05,0.05,1,1142,820,3.0,3.0,2,1,1
No Adaptive,5,299,train,heuristic,player_win,-10.0,7,50.0,1,Very Easy,0.05,0.05,1,1145,822,0.0,0.0,2,0,1
No Adaptive,5,300,train,heuristic,draw,3.0,16,50.0,1,Very Easy,0.05,0.05,1,1153,829,0.8999999999999999,0.8999999999999999,5,0,3
No Adaptive,5,301,train,heuristic,agent_win,10.0,8,50.0,1,Very Easy,0.05,0.05,1,1157,832,3.0,3.0,2,0,2
No Adaptive,5,302,train,heuristic,agent_win,10.0,8,50.0,1,Very Easy,0.05,0.05,1,1161,835,3.0,3.0,2,0,2
No Adaptive,5,303,train,heuristic,player_win,-10.0,13,50.0,1,Very Easy,0.05,0.05,1,1167,840,0.0,0.0,3,0,3
No Adaptive,5,304,train,heuristic,player_win,-10.0,7,50.0,1,Very Easy,0.05,0.05,1,1170,841,0.0,0.0,1,0,2
No Adaptive,5,305,train,heuristic,player_win,-10.0,13,50.0,1,Very Easy,0.05,0.05,1,1176,846,0.0,0.0,4,0,2
No Adaptive,5,306,train,heuristic,agent_win,10.0,10,50.0,1,Very Easy,0.05,0.05,1,1181,850,3.0,3.0,2,0,3
No Adaptive,5,307,train,heuristic,player_win,-10.0,9,50.0,1,Very Easy,0.05,0.05,1,1185,853,0.0,0.0,1,0,3
No Adaptive,5,308,train,heuristic,agent_win,10.0,6,50.0,1,Very Easy,0.05,0.05,1,1188,855,3.0,3.0,2,0,1
No Adaptive,5,309,train,heuristic,agent_win,10.0,8,50.0,1,Very Easy,0.05,0.05,1,1192,858,3.0,3.0,2,0,2
No Adaptive,5,310,train,heuristic,player_win,-10.0,7,50.0,1,Very Easy,0.05,0.05,1,1195,860,0.0,0.0,2,0,1
No Adaptive,5,311,train,heuristic,agent_win,10.0,6,50.0,1,Very Easy,0.05,0.05,1,1198,862,3.0,3.0,2,0,1
No Adaptive,5,312,train,heuristic,player_win,-10.0,7,50.0,1,Very Easy,0.05,0.05,1,1201,864,0.0,0.0,1,0,2
No Adaptive,5,313,train,heuristic,agent_win,10.0,12,50.0,1,Very Easy,0.05,0.05,1,1207,868,3.0,3.0,2,0,4
No Adaptive,5,314,train,heuristic,agent_win,10.0,10,50.0,1,Very Easy,0.05,0.05,1,1212,872,3.0,3.0,3,0,2
No Adaptive,5,315,train,heuristic,player_win,-10.0,9,50.0,1,Very Easy,0.05,0.05,1,1216,875,0.0,0.0,3,0,1
No Adaptive,5,316,train,heuristic,player_win,-10.0,7,50.0,1,Very Easy,0.05,0.05,1,1219,877,0.0,0.0,2,0,1
No Adaptive,5,317,train,heuristic,player_win,-10.0,7,50.0,1,Very Easy,0.05,0.05,1,1222,879,0.0,0.0,2,0,1
No Adaptive,5,318,train,heuristic,player_win,-10.0,9,50.0,1,Very Easy,0.05,0.05,1,1226,882,0.0,0.0,2,0,2
No Adaptive,5,319,train,heuristic,agent_win,10.0,6,50.0,1,Very Easy,0.05,0.05,1,1229,884,3.0,3.0,3,0,0
No Adaptive,5,320,train,heuristic,agent_win,10.0,10,50.0,1,Very Easy,0.05,0.05,1,1234,888,3.0,3.0,3,0,2
No Adaptive,5,321,train,heuristic,player_win,-10.0,7,50.0,1,Very Easy,0.05,0.05,1,1237,890,0.0,0.0,2,0,1
No Adaptive,5,322,train,heuristic,player_win,-10.0,9,50.0,1,Very Easy,0.05,0.05,1,1241,893,0.0,0.0,2,0,2
No Adaptive,5,323,train,heuristic,agent_win,10.0,8,50.0,1,Very Easy,0.05,0.05,1,1245,896,3.0,3.0,3,1,0
No Adaptive,5,324,train,heuristic,player_win,-10.0,7,50.0,1,Very Easy,0.05,0.05,1,1248,897,0.0,0.0,1,0,2
No Adaptive,5,325,train,heuristic,agent_win,10.0,8,50.0,1,Very Easy,0.05,0.05,1,1252,897,2.0999999999999996,2.0999999999999996,3,0,1
No Adaptive,5,326,train,heuristic,player_win,-10.0,11,50.0,1,Very Easy,0.05,0.05,1,1257,901,0.0,0.0,2,0,3
No Adaptive,5,327,train,heuristic,player_win,-10.0,7,50.0,1,Very Easy,0.05,0.05,1,1260,903,0.0,0.0,2,0,1
No Adaptive,5,328,train,heuristic,player_win,-10.0,9,50.0,1,Very Easy,0.05,0.05,1,1264,906,0.0,0.0,2,0,2
No Adaptive,5,329,train,heuristic,agent_win,10.0,10,50.0,1,Very Easy,0.05,0.05,1,1269,910,3.0,3.0,4,0,1
No Adaptive,5,330,train,heuristic,agent_win,10.0,12,50.0,1,Very Easy,0.05,0.05,1,1275,915,3.0,3.0,3,0,3
No Adaptive,5,331,train,heuristic,agent_win,10.0,10,50.0,1,Very Easy,0.05,0.05,1,1280,919,3.0,3.0,3,1,1
No Adaptive,5,332,train,heuristic,player_win,-10.0,5,50.0,1,Very Easy,0.05,0.05,1,1282,920,0.0,0.0,1,0,1
No Adaptive,5,333,train,heuristic,player_win,-10.0,9,50.0,1,Very Easy,0.05,0.05,1,1286,921,0.0,0.0,1,0,3
No Adaptive,5,334,train,heuristic,agent_win,10.0,10,50.0,1,Very Easy,0.05,0.05,1,1291,924,3.0,3.0,2,0,3
No Adaptive,5,335,train,heuristic,agent_win,10.0,6,50.0,1,Very Easy,0.05,0.05,1,1294,924,2.0999999999999996,2.0999999999999996,2,0,1
No Adaptive,5,336,train,heuristic,agent_win,10.0,6,50.0,1,Very Easy,0.05,0.05,1,1297,926,3.0,3.0,1,0,2
No Adaptive,5,337,train,heuristic,player_win,-10.0,9,50.0,1,Very Easy,0.05,0.05,1,1301,929,0.0,0.0,3,0,1
No Adaptive,5,338,train,heuristic,agent_win,10.0,8,50.0,1,Very Easy,0.05,0.05,1,1305,932,3.0,3.0,2,0,2
No Adaptive,5,339,train,heuristic,agent_win,10.0,8,50.0,1,Very Easy,0.05,0.05,1,1309,935,3.0,3.0,2,0,2
No Adaptive,5,340,train,heuristic,player_win,-10.0,11,50.0,1,Very Easy,0.05,0.05,1,1314,939,0.0,0.0,3,0,2
No Adaptive,5,341,train,heuristic,player_win,-10.0,9,50.0,1,Very Easy,0.05,0.05,1,1318,942,0.0,0.0,2,0,2
No Adaptive,5,342,train,heuristic,player_win,-10.0,9,50.0,1,Very Easy,0.05,0.05,1,1322,945,0.0,0.0,2,0,2
No Adaptive,5,343,train,heuristic,agent_win,10.0,8,50.0,1,Very Easy,0.05,0.05,1,1326,948,3.0,3.0,3,0,1
No Adaptive,5,344,train,heuristic,agent_win,10.0,6,50.0,1,Very Easy,0.05,0.05,1,1329,950,3.0,3.0,1,0,2
No Adaptive,5,345,train,heuristic,agent_win,10.0,10,50.0,1,Very Easy,0.05,0.05,1,1334,953,3.0,3.0,3,0,2
No Adaptive,5,346,train,heuristic,agent_win,10.0,6,50.0,1,Very Easy,0.05,0.05,1,1337,953,2.0999999999999996,2.0999999999999996,2,0,1
No Adaptive,5,347,train,heuristic,draw,3.0,16,50.0,1,Very Easy,0.05,0.05,1,1345,959,0.8999999999999999,0.8999999999999999,6,0,2
No Adaptive,5,348,train,heuristic,player_win,-10.0,5,50.0,1,Very Easy,0.05,0.05,1,1347,960,0.0,0.0,1,0,1
No Adaptive,5,349,train,heuristic,agent_win,10.0,6,50.0,1,Very Easy,0.05,0.05,1,1350,962,3.0,3.0,3,0,0
No Adaptive,5,350,train,heuristic,player_win,-10.0,7,50.0,1,Very Easy,0.05,0.05,1,1353,964,0.0,0.0,2,0,1
No Adaptive,5,351,train,heuristic,player_win,-10.0,9,50.0,1,Very Easy,0.05,0.05,1,1357,967,0.0,0.0,2,0,2
No Adaptive,5,352,train,heuristic,draw,3.0,16,50.0,1,Very Easy,0.05,0.05,1,1365,974,0.8999999999999999,0.8999999999999999,5,0,3
No Adaptive,5,353,train,heuristic,agent_win,10.0,10,50.0,1,Very Easy,0.05,0.05,1,1370,978,3.0,3.0,2,0,3
No Adaptive,5,354,train,heuristic,agent_win,10.0,12,50.0,1,Very Easy,0.05,0.05,1,1376,981,3.0,3.0,4,0,2
No Adaptive,5,355,train,heuristic,agent_win,10.0,8,50.0,1,Very Easy,0.05,0.05,1,1380,984,3.0,3.0,2,0,2
No Adaptive,5,356,train,heuristic,player_win,-10.0,9,50.0,1,Very Easy,0.05,0.05,1,1384,987,0.0,0.0,3,0,1
No Adaptive,5,357,train,heuristic,player_win,-10.0,7,50.0,1,Very Easy,0.05,0.05,1,1387,989,0.0,0.0,2,0,1
No Adaptive,5,358,train,heuristic,agent_win,10.0,8,50.0,1,Very Easy,0.05,0.05,1,1391,991,3.0,3.0,2,0,2
No Adaptive,5,359,train,heuristic,player_win,-10.0,7,50.0,1,Very Easy,0.05,0.05,1,1394,993,0.0,0.0,1,0,2
No Adaptive,5,360,train,heuristic,player_win,-10.0,7,50.0,1,Very Easy,0.05,0.05,1,1397,995,0.0,0.0,2,0,1
No Adaptive,5,361,train,heuristic,player_win,-10.0,9,50.0,1,Very Easy,0.05,0.05,1,1401,998,0.0,0.0,1,0,3
No Adaptive,5,362,train,heuristic,agent_win,10.0,6,50.0,1,Very Easy,0.05,0.05,1,1404,1000,3.0,3.0,2,0,1
No Adaptive,5,363,train,heuristic,player_win,-10.0,5,50.0,1,Very Easy,0.05,0.05,1,1406,1001,0.0,0.0,1,0,1
No Adaptive,5,364,train,heuristic,agent_win,10.0,6,50.0,1,Very Easy,0.05,0.05,1,1409,1003,3.0,3.0,3,0,0
No Adaptive,5,365,train,heuristic,player_win,-10.0,9,50.0,1,Very Easy,0.05,0.05,1,1413,1006,0.0,0.0,1,0,3
No Adaptive,5,366,train,heuristic,player_win,-10.0,7,50.0,1,Very Easy,0.05,0.05,1,1416,1008,0.0,0.0,1,0,2
No Adaptive,5,367,train,heuristic,agent_win,10.0,8,50.0,1,Very Easy,0.05,0.05,1,1420,1010,3.0,3.0,2,0,2
No Adaptive,5,368,train,heuristic,player_win,-10.0,5,50.0,1,Very Easy,0.05,0.05,1,1422,1011,0.0,0.0,1,0,1
No Adaptive,5,369,train,heuristic,player_win,-10.0,7,50.0,1,Very Easy,0.05,0.05,1,1425,1013,0.0,0.0,1,0,2
No Adaptive,5,370,train,heuristic,player_win,-10.0,9,50.0,1,Very Easy,0.05,0.05,1,1429,1016,0.0,0.0,2,0,2
No Adaptive,5,371,train,heuristic,agent_win,10.0,6,50.0,1,Very Easy,0.05,0.05,1,1432,1018,3.0,3.0,1,0,2
No Adaptive,5,372,train,heuristic,agent_win,10.0,8,50.0,1,Very Easy,0.05,0.05,1,1436,1021,3.0,3.0,2,1,1
No Adaptive,5,373,train,heuristic,agent_win,10.0,8,50.0,1,Very Easy,0.05,0.05,1,1440,1024,3.0,3.0,2,0,2
No Adaptive,5,374,train,heuristic,agent_win,10.0,8,50.0,1,Very Easy,0.05,0.05,1,1444,1027,3.0,3.0,2,1,1
No Adaptive,5,375,train,heuristic,player_win,-10.0,7,50.0,1,Very Easy,0.05,0.05,1,1447,1029,0.0,0.0,1,1,1
No Adaptive,5,376,train,heuristic,agent_win,10.0,10,50.0,1,Very Easy,0.05,0.05,1,1452,1033,3.0,3.0,4,0,1
No Adaptive,5,377,train,heuristic,player_win,-10.0,7,50.0,1,Very Easy,0.05,0.05,1,1455,1035,0.0,0.0,2,0,1
No Adaptive,5,378,train,heuristic,player_win,-10.0,9,50.0,1,Very Easy,0.05,0.05,1,1459,1038,0.0,0.0,3,0,1
No Adaptive,5,379,train,heuristic,player_win,-10.0,11,50.0,1,Very Easy,0.05,0.05,1,1464,1041,0.0,0.0,3,0,2
No Adaptive,5,380,train,heuristic,player_win,-10.0,9,50.0,1,Very Easy,0.05,0.05,1,1468,1044,0.0,0.0,2,0,2
No Adaptive,5,381,train,heuristic,agent_win,10.0,10,50.0,1,Very Easy,0.05,0.05,1,1473,1048,3.0,3.0,2,0,3
No Adaptive,5,382,train,heuristic,player_win,-10.0,9,50.0,1,Very Easy,0.05,0.05,1,1477,1051,0.0,0.0,1,0,3
No Adaptive,5,383,train,heuristic,agent_win,10.0,8,50.0,1,Very Easy,0.05,0.05,1,1481,1054,3.0,3.0,3,0,1
No Adaptive,5,384,train,heuristic,player_win,-10.0,7,50.0,1,Very Easy,0.05,0.05,1,1484,1056,0.0,0.0,1,0,2
No Adaptive,5,385,train,heuristic,agent_win,10.0,10,50.0,1,Very Easy,0.05,0.05,1,1489,1060,3.0,3.0,3,0,2
No Adaptive,5,386,train,heuristic,player_win,-10.0,9,50.0,1,Very Easy,0.05,0.05,1,1493,1062,0.0,0.0,2,0,2
No Adaptive,5,387,train,heuristic,player_win,-10.0,7,50.0,1,Very Easy,0.05,0.05,1,1496,1062,0.0,0.0,2,0,1
No Adaptive,5,388,train,heuristic,agent_win,10.0,10,50.0,1,Very Easy,0.05,0.05,1,1501,1066,3.0,3.0,3,1,1
No Adaptive,5,389,train,heuristic,player_win,-10.0,7,50.0,1,Very Easy,0.05,0.05,1,1504,1068,0.0,0.0,2,0,1
No Adaptive,5,390,train,heuristic,agent_win,10.0,10,50.0,1,Very Easy,0.05,0.05,1,1509,1072,3.0,3.0,2,0,3
No Adaptive,5,391,train,heuristic,player_win,-10.0,7,50.0,1,Very Easy,0.05,0.05,1,1512,1073,0.0,0.0,1,0,2
No Adaptive,5,392,train,heuristic,player_win,-10.0,5,50.0,1,Very Easy,0.05,0.05,1,1514,1073,0.0,0.0,1,0,1
No Adaptive,5,393,train,heuristic,player_win,-10.0,7,50.0,1,Very Easy,0.05,0.05,1,1517,1075,0.0,0.0,1,1,1
No Adaptive,5,394,train,heuristic,agent_win,10.0,10,50.0,1,Very Easy,0.05,0.05,1,1522,1079,3.0,3.0,2,0,3
No Adaptive,5,395,train,heuristic,player_win,-10.0,7,50.0,1,Very Easy,0.05,0.05,1,1525,1081,0.0,0.0,2,0,1
No Adaptive,5,396,train,heuristic,player_win,-10.0,9,50.0,1,Very Easy,0.05,0.05,1,1529,1084,0.0,0.0,2,0,2
No Adaptive,5,397,train,heuristic,agent_win,10.0,10,50.0,1,Very Easy,0.05,0.05,1,1534,1088,3.0,3.0,3,0,2
No Adaptive,5,398,train,heuristic,player_win,-10.0,7,50.0,1,Very Easy,0.05,0.05,1,1537,1090,0.0,0.0,2,0,1
No Adaptive,5,399,train,heuristic,agent_win,10.0,10,50.0,1,Very Easy,0.05,0.05,1,1542,1094,3.0,3.0,2,0,3
No Adaptive,5,400,train,heuristic,agent_win,10.0,6,50.0,1,Very Easy,0.05,0.05,1,1545,1096,3.0,3.0,2,0,1
No Adaptive,5,401,train,heuristic,agent_win,10.0,10,50.0,1,Very Easy,0.05,0.05,1,1550,1100,3.0,3.0,4,0,1
No Adaptive,5,402,train,heuristic,player_win,-10.0,7,50.0,1,Very Easy,0.05,0.05,1,1553,1102,0.0,0.0,1,0,2
No Adaptive,5,403,train,heuristic,agent_win,10.0,8,50.0,1,Very Easy,0.05,0.05,1,1557,1105,3.0,3.0,1,0,3
No Adaptive,5,404,train,heuristic,agent_win,10.0,14,50.0,1,Very Easy,0.05,0.05,1,1564,1111,3.0,3.0,5,0,2
No Adaptive,5,405,train,heuristic,player_win,-10.0,9,50.0,1,Very Easy,0.05,0.05,1,1568,1114,0.0,0.0,2,0,2
No Adaptive,5,406,train,heuristic,player_win,-10.0,7,50.0,1,Very Easy,0.05,0.05,1,1571,1116,0.0,0.0,1,0,2
No Adaptive,5,407,train,heuristic,player_win,-10.0,7,50.0,1,Very Easy,0.05,0.05,1,1574,1118,0.0,0.0,1,0,2
No Adaptive,5,408,train,heuristic,player_win,-10.0,7,50.0,1,Very Easy,0.05,0.05,1,1577,1119,0.0,0.0,2,0,1
No Adaptive,5,409,train,heuristic,player_win,-10.0,7,50.0,1,Very Easy,0.05,0.05,1,1580,1121,0.0,0.0,2,0,1
No Adaptive,5,410,train,heuristic,agent_win,10.0,10,50.0,1,Very Easy,0.05,0.05,1,1585,1125,3.0,3.0,4,0,1
No Adaptive,5,411,train,heuristic,agent_win,10.0,8,50.0,1,Very Easy,0.05,0.05,1,1589,1127,3.0,3.0,3,0,1
No Adaptive,5,412,train,heuristic,agent_win,10.0,8,50.0,1,Very Easy,0.05,0.05,1,1593,1130,3.0,3.0,1,0,3
No Adaptive,5,413,train,heuristic,agent_win,10.0,8,50.0,1,Very Easy,0.05,0.05,1,1597,1130,2.0999999999999996,2.0999999999999996,2,0,2
No Adaptive,5,414,train,heuristic,agent_win,10.0,10,50.0,1,Very Easy,0.05,0.05,1,1602,1134,3.0,3.0,3,0,2
No Adaptive,5,415,train,heuristic,player_win,-10.0,9,50.0,1,Very Easy,0.05,0.05,1,1606,1137,0.0,0.0,2,1,1
No Adaptive,5,416,train,heuristic,player_win,-10.0,9,50.0,1,Very Easy,0.05,0.05,1,1610,1140,0.0,0.0,4,0,0
No Adaptive,5,417,train,heuristic,player_win,-10.0,5,50.0,1,Very Easy,0.05,0.05,1,1612,1140,0.0,0.0,1,0,1
No Adaptive,5,418,train,heuristic,player_win,-10.0,5,50.0,1,Very Easy,0.05,0.05,1,1614,1141,0.0,0.0,1,0,1
No Adaptive,5,419,train,heuristic,agent_win,10.0,10,50.0,1,Very Easy,0.05,0.05,1,1619,1145,3.0,3.0,2,0,3
No Adaptive,5,420,train,heuristic,player_win,-10.0,11,50.0,1,Very Easy,0.05,0.05,1,1624,1149,0.0,0.0,2,0,3
No Adaptive,5,421,train,heuristic,agent_win,10.0,8,50.0,1,Very Easy,0.05,0.05,1,1628,1151,3.0,3.0,2,0,2
No Adaptive,5,422,train,heuristic,player_win,-10.0,11,50.0,1,Very Easy,0.05,0.05,1,1633,1155,0.0,0.0,2,0,3
No Adaptive,5,423,train,heuristic,agent_win,10.0,10,50.0,1,Very Easy,0.05,0.05,1,1638,1158,3.0,3.0,4,0,1
No Adaptive,5,424,train,heuristic,player_win,-10.0,9,50.0,1,Very Easy,0.05,0.05,1,1642,1161,0.0,0.0,3,0,1
No Adaptive,5,425,train,heuristic,player_win,-10.0,9,50.0,1,Very Easy,0.05,0.05,1,1646,1164,0.0,0.0,1,0,3
No Adaptive,5,426,train,heuristic,player_win,-10.0,5,50.0,1,Very Easy,0.05,0.05,1,1648,1165,0.0,0.0,1,0,1
No Adaptive,5,427,train,heuristic,player_win,-10.0,9,50.0,1,Very Easy,0.05,0.05,1,1652,1168,0.0,0.0,3,0,1
No Adaptive,5,428,train,heuristic,player_win,-10.0,9,50.0,1,Very Easy,0.05,0.05,1,1656,1171,0.0,0.0,3,1,0
No Adaptive,5,429,train,heuristic,agent_win,10.0,8,50.0,1,Very Easy,0.05,0.05,1,1660,1173,3.0,3.0,3,0,1
No Adaptive,5,430,train,heuristic,agent_win,10.0,6,50.0,1,Very Easy,0.05,0.05,1,1663,1175,3.0,3.0,2,0,1
No Adaptive,5,431,train,heuristic,player_win,-10.0,11,50.0,1,Very Easy,0.05,0.05,1,1668,1179,0.0,0.0,3,1,1
No Adaptive,5,432,train,heuristic,player_win,-10.0,7,50.0,1,Very Easy,0.05,0.05,1,1671,1181,0.0,0.0,2,0,1
No Adaptive,5,433,train,heuristic,player_win,-10.0,11,50.0,1,Very Easy,0.05,0.05,1,1676,1185,0.0,0.0,2,0,3
No Adaptive,5,434,train,heuristic,player_win,-10.0,7,50.0,1,Very Easy,0.05,0.05,1,1679,1187,0.0,0.0,1,1,1
No Adaptive,5,435,train,heuristic,player_win,-10.0,9,50.0,1,Very Easy,0.05,0.05,1,1683,1190,0.0,0.0,2,1,1
No Adaptive,5,436,train,heuristic,agent_win,10.0,8,50.0,1,Very Easy,0.05,0.05,1,1687,1193,3.0,3.0,2,0,2
No Adaptive,5,437,train,heuristic,player_win,-10.0,9,50.0,1,Very Easy,0.05,0.05,1,1691,1196,0.0,0.0,1,0,3
No Adaptive,5,438,train,heuristic,player_win,-10.0,5,50.0,1,Very Easy,0.05,0.05,1,1693,1197,0.0,0.0,1,0,1
No Adaptive,5,439,train,heuristic,player_win,-10.0,7,50.0,1,Very Easy,0.05,0.05,1,1696,1199,0.0,0.0,1,0,2
No Adaptive,5,440,train,heuristic,player_win,-10.0,7,50.0,1,Very Easy,0.05,0.05,1,1699,1201,0.0,0.0,1,0,2
No Adaptive,5,441,train,heuristic,agent_win,10.0,10,50.0,1,Very Easy,0.05,0.05,1,1704,1204,3.0,3.0,3,0,2
No Adaptive,5,442,train,heuristic,player_win,-10.0,7,50.0,1,Very Easy,0.05,0.05,1,1707,1206,0.0,0.0,2,0,1
No Adaptive,5,443,train,heuristic,player_win,-10.0,5,50.0,1,Very Easy,0.05,0.05,1,1709,1207,0.0,0.0,1,0,1
No Adaptive,5,444,train,heuristic,player_win,-10.0,9,50.0,1,Very Easy,0.05,0.05,1,1713,1209,0.0,0.0,2,0,2
No Adaptive,5,445,train,heuristic,player_win,-10.0,9,50.0,1,Very Easy,0.05,0.05,1,1717,1212,0.0,0.0,3,0,1
No Adaptive,5,446,train,heuristic,player_win,-10.0,7,50.0,1,Very Easy,0.05,0.05,1,1720,1214,0.0,0.0,2,0,1
No Adaptive,5,447,train,heuristic,player_win,-10.0,9,50.0,1,Very Easy,0.05,0.05,1,1724,1217,0.0,0.0,2,0,2
No Adaptive,5,448,train,heuristic,player_win,-10.0,7,50.0,1,Very Easy,0.05,0.05,1,1727,1219,0.0,0.0,2,0,1
No Adaptive,5,449,train,heuristic,player_win,-10.0,7,50.0,1,Very Easy,0.05,0.05,1,1730,1221,0.0,0.0,2,0,1
No Adaptive,5,450,train,heuristic,agent_win,10.0,8,50.0,1,Very Easy,0.05,0.05,1,1734,1224,3.0,3.0,3,0,1
No Adaptive,5,451,train,heuristic,player_win,-10.0,7,50.0,1,Very Easy,0.05,0.05,1,1737,1226,0.0,0.0,3,0,0
No Adaptive,5,452,train,heuristic,player_win,-10.0,13,50.0,1,Very Easy,0.05,0.05,1,1743,1231,0.0,0.0,1,2,3
No Adaptive,5,453,train,heuristic,player_win,-10.0,7,50.0,1,Very Easy,0.05,0.05,1,1746,1232,0.0,0.0,1,0,2
No Adaptive,5,454,train,heuristic,agent_win,10.0,10,50.0,1,Very Easy,0.05,0.05,1,1751,1236,3.0,3.0,3,0,2
No Adaptive,5,455,train,heuristic,agent_win,10.0,8,50.0,1,Very Easy,0.05,0.05,1,1755,1239,3.0,3.0,3,0,1
No Adaptive,5,456,train,heuristic,player_win,-10.0,9,50.0,1,Very Easy,0.05,0.05,1,1759,1242,0.0,0.0,2,1,1
No Adaptive,5,457,train,heuristic,agent_win,10.0,8,50.0,1,Very Easy,0.05,0.05,1,1763,1245,3.0,3.0,2,0,2
No Adaptive,5,458,train,heuristic,agent_win,10.0,8,50.0,1,Very Easy,0.05,0.05,1,1767,1248,3.0,3.0,2,1,1
No Adaptive,5,459,train,heuristic,agent_win,10.0,10,50.0,1,Very Easy,0.05,0.05,1,1772,1252,3.0,3.0,4,0,1
No Adaptive,5,460,train,heuristic,player_win,-10.0,7,50.0,1,Very Easy,0.05,0.05,1,1775,1254,0.0,0.0,1,0,2
No Adaptive,5,461,train,heuristic,agent_win,10.0,10,50.0,1,Very Easy,0.05,0.05,1,1780,1258,3.0,3.0,1,0,4
No Adaptive,5,462,train,heuristic,agent_win,10.0,6,50.0,1,Very Easy,0.05,0.05,1,1783,1260,3.0,3.0,1,0,2
No Adaptive,5,463,train,heuristic,agent_win,10.0,8,50.0,1,Very Easy,0.05,0.05,1,1787,1263,3.0,3.0,2,0,2
No Adaptive,5,464,train,heuristic,agent_win,10.0,12,50.0,1,Very Easy,0.05,0.05,1,1793,1268,3.0,3.0,4,0,2
No Adaptive,5,465,train,heuristic,player_win,-10.0,7,50.0,1,Very Easy,0.05,0.05,1,1796,1270,0.0,0.0,2,0,1
No Adaptive,5,466,train,heuristic,draw,3.0,16,50.0,1,Very Easy,0.05,0.05,1,1804,1277,0.8999999999999999,0.8999999999999999,6,0,2
No Adaptive,5,467,train,heuristic,player_win,-10.0,9,50.0,1,Very Easy,0.05,0.05,1,1808,1280,0.0,0.0,3,0,1
No Adaptive,5,468,train,heuristic,player_win,-10.0,7,50.0,1,Very Easy,0.05,0.05,1,1811,1281,0.0,0.0,2,0,1
No Adaptive,5,469,train,heuristic,player_win,-10.0,11,50.0,1,Very Easy,0.05,0.05,1,1816,1285,0.0,0.0,2,0,3
No Adaptive,5,470,train,heuristic,player_win,-10.0,5,50.0,1,Very Easy,0.05,0.05,1,1818,1286,0.0,0.0,1,0,1
No Adaptive,5,471,train,heuristic,agent_win,10.0,8,50.0,1,Very Easy,0.05,0.05,1,1822,1289,3.0,3.0,2,0,2
No Adaptive,5,472,train,heuristic,player_win,-10.0,7,50.0,1,Very Easy,0.05,0.05,1,1825,1291,0.0,0.0,2,0,1
No Adaptive,5,473,train,heuristic,player_win,-10.0,5,50.0,1,Very Easy,0.05,0.05,1,1827,1292,0.0,0.0,1,0,1
No Adaptive,5,474,train,heuristic,agent_win,10.0,10,50.0,1,Very Easy,0.05,0.05,1,1832,1295,3.0,3.0,3,0,2
No Adaptive,5,475,train,heuristic,agent_win,10.0,10,50.0,1,Very Easy,0.05,0.05,1,1837,1299,3.0,3.0,3,0,2
No Adaptive,5,476,train,heuristic,agent_win,10.0,12,50.0,1,Very Easy,0.05,0.05,1,1843,1304,3.0,3.0,2,1,3
No Adaptive,5,477,train,heuristic,player_win,-10.0,7,50.0,1,Very Easy,0.05,0.05,1,1846,1305,0.0,0.0,1,0,2
No Adaptive,5,478,train,heuristic,agent_win,10.0,8,50.0,1,Very Easy,0.05,0.05,1,1850,1308,3.0,3.0,3,0,1
No Adaptive,5,479,train,heuristic,player_win,-10.0,5,50.0,1,Very Easy,0.05,0.05,1,1852,1309,0.0,0.0,1,0,1
No Adaptive,5,480,train,heuristic,agent_win,10.0,8,50.0,1,Very Easy,0.05,0.05,1,1856,1311,3.0,3.0,1,0,3
No Adaptive,5,481,train,heuristic,player_win,-10.0,11,50.0,1,Very Easy,0.05,0.05,1,1861,1315,0.0,0.0,4,0,1
No Adaptive,5,482,train,heuristic,agent_win,10.0,6,50.0,1,Very Easy,0.05,0.05,1,1864,1317,3.0,3.0,1,0,2
No Adaptive,5,483,train,heuristic,player_win,-10.0,9,50.0,1,Very Easy,0.05,0.05,1,1868,1320,0.0,0.0,2,0,2
No Adaptive,5,484,train,heuristic,player_win,-10.0,7,50.0,1,Very Easy,0.05,0.05,1,1871,1321,0.0,0.0,2,0,1
No Adaptive,5,485,train,heuristic,agent_win,10.0,12,50.0,1,Very Easy,0.05,0.05,1,1877,1326,3.0,3.0,3,0,3
No Adaptive,5,486,train,heuristic,player_win,-10.0,7,50.0,1,Very Easy,0.05,0.05,1,1880,1326,0.0,0.0,2,0,1
No Adaptive,5,487,train,heuristic,agent_win,10.0,10,50.0,1,Very Easy,0.05,0.05,1,1885,1330,3.0,3.0,3,0,2
No Adaptive,5,488,train,heuristic,player_win,-10.0,7,50.0,1,Very Easy,0.05,0.05,1,1888,1332,0.0,0.0,1,0,2
No Adaptive,5,489,train,heuristic,player_win,-10.0,7,50.0,1,Very Easy,0.05,0.05,1,1891,1334,0.0,0.0,1,0,2
No Adaptive,5,490,train,heuristic,player_win,-10.0,5,50.0,1,Very Easy,0.05,0.05,1,1893,1335,0.0,0.0,1,0,1
No Adaptive,5,491,train,heuristic,player_win,-10.0,7,50.0,1,Very Easy,0.05,0.05,1,1896,1337,0.0,0.0,2,0,1
No Adaptive,5,492,train,heuristic,agent_win,10.0,8,50.0,1,Very Easy,0.05,0.05,1,1900,1339,3.0,3.0,1,0,3
No Adaptive,5,493,train,heuristic,agent_win,10.0,8,50.0,1,Very Easy,0.05,0.05,1,1904,1342,3.0,3.0,2,0,2
No Adaptive,5,494,train,heuristic,agent_win,10.0,6,50.0,1,Very Easy,0.05,0.05,1,1907,1344,3.0,3.0,1,0,2
No Adaptive,5,495,train,heuristic,agent_win,10.0,8,50.0,1,Very Easy,0.05,0.05,1,1911,1347,3.0,3.0,2,1,1
No Adaptive,5,496,train,heuristic,agent_win,10.0,8,50.0,1,Very Easy,0.05,0.05,1,1915,1348,3.0,3.0,3,0,1
No Adaptive,5,497,train,heuristic,agent_win,10.0,10,50.0,1,Very Easy,0.05,0.05,1,1920,1352,3.0,3.0,1,0,4
No Adaptive,5,498,train,heuristic,agent_win,10.0,6,50.0,1,Very Easy,0.05,0.05,1,1923,1354,3.0,3.0,2,0,1
No Adaptive,5,499,train,heuristic,player_win,-10.0,7,50.0,1,Very Easy,0.05,0.05,1,1926,1356,0.0,0.0,1,0,2
No Adaptive,5,500,train,heuristic,player_win,-10.0,11,50.0,1,Very Easy,0.05,0.05,1,1931,1360,0.0,0.0,3,0,2
No Adaptive,5,501,train,heuristic,player_win,-10.0,7,50.0,1,Very Easy,0.05,0.05,1,1934,1360,0.0,0.0,2,0,1
No Adaptive,5,502,train,heuristic,agent_win,10.0,10,50.0,1,Very Easy,0.05,0.05,1,1939,1364,3.0,3.0,2,0,3
No Adaptive,5,503,train,heuristic,agent_win,10.0,6,50.0,1,Very Easy,0.05,0.05,1,1942,1366,3.0,3.0,2,0,1
No Adaptive,5,504,train,heuristic,agent_win,10.0,12,50.0,1,Very Easy,0.05,0.05,1,1948,1371,3.0,3.0,3,0,3
No Adaptive,5,505,train,heuristic,agent_win,10.0,10,50.0,1,Very Easy,0.05,0.05,1,1953,1374,3.0,3.0,3,0,2
No Adaptive,5,506,train,heuristic,player_win,-10.0,9,50.0,1,Very Easy,0.05,0.05,1,1957,1377,0.0,0.0,2,0,2
No Adaptive,5,507,train,heuristic,player_win,-10.0,7,50.0,1,Very Easy,0.05,0.05,1,1960,1379,0.0,0.0,1,0,2
No Adaptive,5,508,train,heuristic,player_win,-10.0,7,50.0,1,Very Easy,0.05,0.05,1,1963,1381,0.0,0.0,2,1,0
No Adaptive,5,509,train,heuristic,player_win,-10.0,7,50.0,1,Very Easy,0.05,0.05,1,1966,1382,0.0,0.0,1,0,2
No Adaptive,5,510,train,heuristic,player_win,-10.0,7,50.0,1,Very Easy,0.05,0.05,1,1969,1383,0.0,0.0,1,0,2
No Adaptive,5,511,train,heuristic,agent_win,10.0,6,50.0,1,Very Easy,0.05,0.05,1,1972,1385,3.0,3.0,2,1,0
No Adaptive,5,512,train,heuristic,agent_win,10.0,8,50.0,1,Very Easy,0.05,0.05,1,1976,1386,3.0,3.0,3,0,1
No Adaptive,5,513,train,heuristic,agent_win,10.0,6,50.0,1,Very Easy,0.05,0.05,1,1979,1386,2.0999999999999996,2.0999999999999996,2,0,1
No Adaptive,5,514,train,heuristic,agent_win,10.0,8,50.0,1,Very Easy,0.05,0.05,1,1983,1389,3.0,3.0,2,0,2
No Adaptive,5,515,train,heuristic,player_win,-10.0,11,50.0,1,Very Easy,0.05,0.05,1,1988,1393,0.0,0.0,2,0,3
No Adaptive,5,516,train,heuristic,player_win,-10.0,7,50.0,1,Very Easy,0.05,0.05,1,1991,1395,0.0,0.0,2,0,1
No Adaptive,5,517,train,heuristic,player_win,-10.0,9,50.0,1,Very Easy,0.05,0.05,1,1995,1398,0.0,0.0,3,0,1
No Adaptive,5,518,train,heuristic,player_win,-10.0,5,50.0,1,Very Easy,0.05,0.05,1,1997,1399,0.0,0.0,2,0,0
No Adaptive,5,519,train,heuristic,agent_win,10.0,8,50.0,1,Very Easy,0.05,0.05,1,2001,1402,3.0,3.0,3,0,1
No Adaptive,5,520,train,heuristic,player_win,-10.0,5,50.0,1,Very Easy,0.05,0.05,1,2003,1403,0.0,0.0,1,0,1
No Adaptive,5,521,train,heuristic,player_win,-10.0,9,50.0,1,Very Easy,0.05,0.05,1,2007,1406,0.0,0.0,3,0,1
No Adaptive,5,522,train,heuristic,player_win,-10.0,11,50.0,1,Very Easy,0.05,0.05,1,2012,1409,0.0,0.0,2,0,3
No Adaptive,5,523,train,heuristic,player_win,-10.0,9,50.0,1,Very Easy,0.05,0.05,1,2016,1412,0.0,0.0,3,0,1
No Adaptive,5,524,train,heuristic,agent_win,10.0,8,50.0,1,Very Easy,0.05,0.05,1,2020,1415,3.0,3.0,3,0,1
No Adaptive,5,525,train,heuristic,agent_win,10.0,12,50.0,1,Very Easy,0.05,0.05,1,2026,1420,3.0,3.0,3,0,3
No Adaptive,5,526,train,heuristic,agent_win,10.0,10,50.0,1,Very Easy,0.05,0.05,1,2031,1423,3.0,3.0,2,0,3
No Adaptive,5,527,train,heuristic,player_win,-10.0,7,50.0,1,Very Easy,0.05,0.05,1,2034,1425,0.0,0.0,2,0,1
No Adaptive,5,528,train,heuristic,player_win,-10.0,11,50.0,1,Very Easy,0.05,0.05,1,2039,1428,0.0,0.0,3,0,2
No Adaptive,5,529,train,heuristic,player_win,-10.0,7,50.0,1,Very Easy,0.05,0.05,1,2042,1430,0.0,0.0,1,0,2
No Adaptive,5,530,train,heuristic,player_win,-10.0,9,50.0,1,Very Easy,0.05,0.05,1,2046,1432,0.0,0.0,2,0,2
No Adaptive,5,531,train,heuristic,draw,3.0,16,50.0,1,Very Easy,0.05,0.05,1,2054,1439,0.8999999999999999,0.8999999999999999,6,0,2
No Adaptive,5,532,train,heuristic,agent_win,10.0,6,50.0,1,Very Easy,0.05,0.05,1,2057,1439,2.0999999999999996,2.0999999999999996,2,0,1
No Adaptive,5,533,train,heuristic,player_win,-10.0,7,50.0,1,Very Easy,0.05,0.05,1,2060,1440,0.0,0.0,2,0,1
No Adaptive,5,534,train,heuristic,player_win,-10.0,9,50.0,1,Very Easy,0.05,0.05,1,2064,1441,0.0,0.0,3,0,1
No Adaptive,5,535,train,heuristic,player_win,-10.0,9,50.0,1,Very Easy,0.05,0.05,1,2068,1444,0.0,0.0,2,0,2
No Adaptive,5,536,train,heuristic,agent_win,10.0,10,50.0,1,Very Easy,0.05,0.05,1,2073,1448,3.0,3.0,3,0,2
No Adaptive,5,537,train,heuristic,player_win,-10.0,9,50.0,1,Very Easy,0.05,0.05,1,2077,1448,0.0,0.0,3,0,1
No Adaptive,5,538,train,heuristic,player_win,-10.0,9,50.0,1,Very Easy,0.05,0.05,1,2081,1451,0.0,0.0,3,0,1
No Adaptive,5,539,train,heuristic,player_win,-10.0,9,50.0,1,Very Easy,0.05,0.05,1,2085,1454,0.0,0.0,2,0,2
No Adaptive,5,540,train,heuristic,player_win,-10.0,9,50.0,1,Very Easy,0.05,0.05,1,2089,1454,0.0,0.0,3,0,1
No Adaptive,5,541,train,heuristic,player_win,-10.0,7,50.0,1,Very Easy,0.05,0.05,1,2092,1454,0.0,0.0,2,0,1
No Adaptive,5,542,train,heuristic,player_win,-10.0,7,50.0,1,Very Easy,0.05,0.05,1,2095,1456,0.0,0.0,1,0,2
No Adaptive,5,543,train,heuristic,player_win,-10.0,13,50.0,1,Very Easy,0.05,0.05,1,2101,1461,0.0,0.0,3,0,3
No Adaptive,5,544,train,heuristic,agent_win,10.0,12,50.0,1,Very Easy,0.05,0.05,1,2107,1466,3.0,3.0,2,0,4
No Adaptive,5,545,train,heuristic,player_win,-10.0,7,50.0,1,Very Easy,0.05,0.05,1,2110,1468,0.0,0.0,2,0,1
No Adaptive,5,546,train,heuristic,agent_win,10.0,6,50.0,1,Very Easy,0.05,0.05,1,2113,1470,3.0,3.0,2,0,1
No Adaptive,5,547,train,heuristic,agent_win,10.0,8,50.0,1,Very Easy,0.05,0.05,1,2117,1473,3.0,3.0,2,0,2
No Adaptive,5,548,train,heuristic,agent_win,10.0,8,50.0,1,Very Easy,0.05,0.05,1,2121,1476,3.0,3.0,3,0,1
No Adaptive,5,549,train,heuristic,agent_win,10.0,8,50.0,1,Very Easy,0.05,0.05,1,2125,1479,3.0,3.0,3,0,1
No Adaptive,5,550,train,heuristic,player_win,-10.0,9,50.0,1,Very Easy,0.05,0.05,1,2129,1481,0.0,0.0,2,0,2
No Adaptive,5,551,train,heuristic,agent_win,10.0,10,50.0,1,Very Easy,0.05,0.05,1,2134,1485,3.0,3.0,2,0,3
No Adaptive,5,552,train,heuristic,player_win,-10.0,7,50.0,1,Very Easy,0.05,0.05,1,2137,1487,0.0,0.0,2,0,1
No Adaptive,5,553,train,heuristic,agent_win,10.0,8,50.0,1,Very Easy,0.05,0.05,1,2141,1490,3.0,3.0,3,0,1
No Adaptive,5,554,train,heuristic,player_win,-10.0,7,50.0,1,Very Easy,0.05,0.05,1,2144,1491,0.0,0.0,1,0,2
No Adaptive,5,555,train,heuristic,player_win,-10.0,11,50.0,1,Very Easy,0.05,0.05,1,2149,1495,0.0,0.0,2,0,3
No Adaptive,5,556,train,heuristic,draw,3.0,16,50.0,1,Very Easy,0.05,0.05,1,2157,1500,0.6299999999999999,0.6299999999999999,6,0,2
No Adaptive,5,557,train,heuristic,player_win,-10.0,7,50.0,1,Very Easy,0.05,0.05,1,2160,1502,0.0,0.0,2,0,1
No Adaptive,5,558,train,heuristic,player_win,-10.0,7,50.0,1,Very Easy,0.05,0.05,1,2163,1502,0.0,0.0,2,0,1
No Adaptive,5,559,train,heuristic,player_win,-10.0,9,50.0,1,Very Easy,0.05,0.05,1,2167,1502,0.0,0.0,3,0,1
No Adaptive,5,560,train,heuristic,agent_win,10.0,8,50.0,1,Very Easy,0.05,0.05,1,2171,1505,3.0,3.0,2,0,2
No Adaptive,5,561,train,heuristic,player_win,-10.0,5,50.0,1,Very Easy,0.05,0.05,1,2173,1505,0.0,0.0,1,0,1
No Adaptive,5,562,train,heuristic,agent_win,10.0,6,50.0,1,Very Easy,0.05,0.05,1,2176,1507,3.0,3.0,2,0,1
No Adaptive,5,563,train,heuristic,agent_win,10.0,10,50.0,1,Very Easy,0.05,0.05,1,2181,1511,3.0,3.0,3,0,2
No Adaptive,5,564,train,heuristic,player_win,-10.0,11,50.0,1,Very Easy,0.05,0.05,1,2186,1515,0.0,0.0,2,0,3
No Adaptive,5,565,train,heuristic,player_win,-10.0,5,50.0,1,Very Easy,0.05,0.05,1,2188,1515,0.0,0.0,1,0,1
No Adaptive,5,566,train,heuristic,player_win,-10.0,11,50.0,1,Very Easy,0.05,0.05,1,2193,1518,0.0,0.0,2,0,3
No Adaptive,5,567,train,heuristic,player_win,-10.0,9,50.0,1,Very Easy,0.05,0.05,1,2197,1521,0.0,0.0,2,0,2
No Adaptive,5,568,train,heuristic,agent_win,10.0,12,50.0,1,Very Easy,0.05,0.05,1,2203,1526,3.0,3.0,3,0,3
No Adaptive,5,569,train,heuristic,player_win,-10.0,5,50.0,1,Very Easy,0.05,0.05,1,2205,1527,0.0,0.0,1,0,1
No Adaptive,5,570,train,heuristic,player_win,-10.0,7,50.0,1,Very Easy,0.05,0.05,1,2208,1529,0.0,0.0,2,0,1
No Adaptive,5,571,train,heuristic,player_win,-10.0,9,50.0,1,Very Easy,0.05,0.05,1,2212,1532,0.0,0.0,2,0,2
No Adaptive,5,572,train,heuristic,agent_win,10.0,12,50.0,1,Very Easy,0.05,0.05,1,2218,1537,3.0,3.0,3,0,3
No Adaptive,5,573,train,heuristic,player_win,-10.0,7,50.0,1,Very Easy,0.05,0.05,1,2221,1537,0.0,0.0,2,0,1
No Adaptive,5,574,train,heuristic,player_win,-10.0,7,50.0,1,Very Easy,0.05,0.05,1,2224,1539,0.0,0.0,1,0,2
No Adaptive,5,575,train,heuristic,player_win,-10.0,5,50.0,1,Very Easy,0.05,0.05,1,2226,1539,0.0,0.0,1,0,1
No Adaptive,5,576,train,heuristic,agent_win,10.0,12,50.0,1,Very Easy,0.05,0.05,1,2232,1543,3.0,3.0,3,0,3
No Adaptive,5,577,train,heuristic,agent_win,10.0,8,50.0,1,Very Easy,0.05,0.05,1,2236,1546,3.0,3.0,3,0,1
No Adaptive,5,578,train,heuristic,player_win,-10.0,7,50.0,1,Very Easy,0.05,0.05,1,2239,1548,0.0,0.0,1,0,2
No Adaptive,5,579,train,heuristic,agent_win,10.0,12,50.0,1,Very Easy,0.05,0.05,1,2245,1550,3.0,3.0,5,0,1
No Adaptive,5,580,train,heuristic,player_win,-10.0,7,50.0,1,Very Easy,0.05,0.05,1,2248,1551,0.0,0.0,3,0,0
No Adaptive,5,581,train,heuristic,player_win,-10.0,11,50.0,1,Very Easy,0.05,0.05,1,2253,1554,0.0,0.0,2,0,3
No Adaptive,5,582,train,heuristic,player_win,-10.0,7,50.0,1,Very Easy,0.05,0.05,1,2256,1555,0.0,0.0,2,0,1
No Adaptive,5,583,train,heuristic,agent_win,10.0,6,50.0,1,Very Easy,0.05,0.05,1,2259,1557,3.0,3.0,2,0,1
No Adaptive,5,584,train,heuristic,player_win,-10.0,9,50.0,1,Very Easy,0.05,0.05,1,2263,1560,0.0,0.0,2,0,2
No Adaptive,5,585,train,heuristic,player_win,-10.0,9,50.0,1,Very Easy,0.05,0.05,1,2267,1563,0.0,0.0,3,0,1
No Adaptive,5,586,train,heuristic,player_win,-10.0,5,50.0,1,Very Easy,0.05,0.05,1,2269,1564,0.0,0.0,1,0,1
No Adaptive,5,587,train,heuristic,player_win,-10.0,7,50.0,1,Very Easy,0.05,0.05,1,2272,1566,0.0,0.0,2,0,1
No Adaptive,5,588,train,heuristic,player_win,-10.0,9,50.0,1,Very Easy,0.05,0.05,1,2276,1569,0.0,0.0,2,0,2
No Adaptive,5,589,train,heuristic,agent_win,10.0,8,50.0,1,Very Easy,0.05,0.05,1,2280,1572,3.0,3.0,2,0,2
No Adaptive,5,590,train,heuristic,player_win,-10.0,7,50.0,1,Very Easy,0.05,0.05,1,2283,1574,0.0,0.0,2,0,1
No Adaptive,5,591,train,heuristic,player_win,-10.0,9,50.0,1,Very Easy,0.05,0.05,1,2287,1577,0.0,0.0,2,0,2
No Adaptive,5,592,train,heuristic,agent_win,10.0,8,50.0,1,Very Easy,0.05,0.05,1,2291,1580,3.0,3.0,3,0,1
No Adaptive,5,593,train,heuristic,player_win,-10.0,11,50.0,1,Very Easy,0.05,0.05,1,2296,1584,0.0,0.0,3,0,2
No Adaptive,5,594,train,heuristic,agent_win,10.0,8,50.0,1,Very Easy,0.05,0.05,1,2300,1585,3.0,3.0,3,1,0
No Adaptive,5,595,train,heuristic,agent_win,10.0,8,50.0,1,Very Easy,0.05,0.05,1,2304,1588,3.0,3.0,3,0,1
No Adaptive,5,596,train,heuristic,player_win,-10.0,7,50.0,1,Very Easy,0.05,0.05,1,2307,1589,0.0,0.0,2,0,1
No Adaptive,5,597,train,heuristic,player_win,-10.0,9,50.0,1,Very Easy,0.05,0.05,1,2311,1592,0.0,0.0,2,0,2
No Adaptive,5,598,train,heuristic,agent_win,10.0,14,50.0,1,Very Easy,0.05,0.05,1,2318,1598,3.0,3.0,6,0,1
No Adaptive,5,599,train,heuristic,player_win,-10.0,7,50.0,1,Very Easy,0.05,0.05,1,2321,1600,0.0,0.0,1,0,2
No Adaptive,5,600,train,heuristic,player_win,-10.0,9,50.0,1,Very Easy,0.05,0.05,1,2325,1603,0.0,0.0,1,2,1
No Adaptive,5,601,train,heuristic,agent_win,10.0,6,50.0,1,Very Easy,0.05,0.05,1,2328,1604,3.0,3.0,2,0,1
No Adaptive,5,602,train,heuristic,player_win,-10.0,7,50.0,1,Very Easy,0.05,0.05,1,2331,1605,0.0,0.0,1,0,2
No Adaptive,5,603,train,heuristic,agent_win,10.0,6,50.0,1,Very Easy,0.05,0.05,1,2334,1606,3.0,3.0,2,0,1
No Adaptive,5,604,train,heuristic,draw,3.0,16,50.0,1,Very Easy,0.05,0.05,1,2342,1613,0.8999999999999999,0.8999999999999999,6,0,2
No Adaptive,5,605,train,heuristic,agent_win,10.0,6,50.0,1,Very Easy,0.05,0.05,1,2345,1614,3.0,3.0,1,0,2
No Adaptive,5,606,train,heuristic,player_win,-10.0,9,50.0,1,Very Easy,0.05,0.05,1,2349,1617,0.0,0.0,2,0,2
No Adaptive,5,607,train,heuristic,player_win,-10.0,11,50.0,1,Very Easy,0.05,0.05,1,2354,1620,0.0,0.0,2,0,3
No Adaptive,5,608,train,heuristic,player_win,-10.0,7,50.0,1,Very Easy,0.05,0.05,1,2357,1622,0.0,0.0,2,0,1
No Adaptive,5,609,train,heuristic,player_win,-10.0,5,50.0,1,Very Easy,0.05,0.05,1,2359,1622,0.0,0.0,1,0,1
No Adaptive,5,610,train,heuristic,player_win,-10.0,7,50.0,1,Very Easy,0.05,0.05,1,2362,1623,0.0,0.0,1,0,2
No Adaptive,5,611,train,heuristic,agent_win,10.0,10,50.0,1,Very Easy,0.05,0.05,1,2367,1627,3.0,3.0,3,0,2
No Adaptive,5,612,train,heuristic,player_win,-10.0,7,50.0,1,Very Easy,0.05,0.05,1,2370,1628,0.0,0.0,1,1,1
No Adaptive,5,613,train,heuristic,agent_win,10.0,8,50.0,1,Very Easy,0.05,0.05,1,2374,1631,3.0,3.0,2,0,2
No Adaptive,5,614,train,heuristic,player_win,-10.0,7,50.0,1,Very Easy,0.05,0.05,1,2377,1633,0.0,0.0,2,1,0
No Adaptive,5,615,train,heuristic,agent_win,10.0,10,50.0,1,Very Easy,0.05,0.05,1,2382,1635,3.0,3.0,3,0,2
No Adaptive,5,616,train,heuristic,player_win,-10.0,9,50.0,1,Very Easy,0.05,0.05,1,2386,1637,0.0,0.0,2,0,2
No Adaptive,5,617,train,heuristic,agent_win,10.0,8,50.0,1,Very Easy,0.05,0.05,1,2390,1640,3.0,3.0,2,0,2
No Adaptive,5,618,train,heuristic,player_win,-10.0,9,50.0,1,Very Easy,0.05,0.05,1,2394,1642,0.0,0.0,2,0,2
No Adaptive,5,619,train,heuristic,agent_win,10.0,6,50.0,1,Very Easy,0.05,0.05,1,2397,1642,2.0999999999999996,2.0999999999999996,2,0,1
No Adaptive,5,620,train,heuristic,player_win,-10.0,13,50.0,1,Very Easy,0.05,0.05,1,2403,1647,0.0,0.0,2,0,4
No Adaptive,5,621,train,heuristic,player_win,-10.0,9,50.0,1,Very Easy,0.05,0.05,1,2407,1650,0.0,0.0,2,0,2
No Adaptive,5,622,train,heuristic,player_win,-10.0,7,50.0,1,Very Easy,0.05,0.05,1,2410,1652,0.0,0.0,1,0,2
No Adaptive,5,623,train,heuristic,agent_win,10.0,10,50.0,1,Very Easy,0.05,0.05,1,2415,1656,3.0,3.0,2,0,3
No Adaptive,5,624,train,heuristic,player_win,-10.0,9,50.0,1,Very Easy,0.05,0.05,1,2419,1659,0.0,0.0,3,0,1
No Adaptive,5,625,train,heuristic,player_win,-10.0,9,50.0,1,Very Easy,0.05,0.05,1,2423,1662,0.0,0.0,2,0,2
No Adaptive,5,626,train,heuristic,agent_win,10.0,8,50.0,1,Very Easy,0.05,0.05,1,2427,1665,3.0,3.0,3,0,1
No Adaptive,5,627,train,heuristic,player_win,-10.0,9,50.0,1,Very Easy,0.05,0.05,1,2431,1668,0.0,0.0,1,1,2
No Adaptive,5,628,train,heuristic,player_win,-10.0,7,50.0,1,Very Easy,0.05,0.05,1,2434,1670,0.0,0.0,2,0,1
No Adaptive,5,629,train,heuristic,agent_win,10.0,8,50.0,1,Very Easy,0.05,0.05,1,2438,1673,3.0,3.0,2,0,2
No Adaptive,5,630,train,heuristic,agent_win,10.0,6,50.0,1,Very Easy,0.05,0.05,1,2441,1675,3.0,3.0,1,0,2
No Adaptive,5,631,train,heuristic,agent_win,10.0,8,50.0,1,Very Easy,0.05,0.05,1,2445,1678,3.0,3.0,2,1,1
No Adaptive,5,632,train,heuristic,agent_win,10.0,8,50.0,1,Very Easy,0.05,0.05,1,2449,1681,3.0,3.0,3,0,1
No Adaptive,5,633,train,heuristic,agent_win,10.0,8,50.0,1,Very Easy,0.05,0.05,1,2453,1683,3.0,3.0,2,0,2
No Adaptive,5,634,train,heuristic,player_win,-10.0,9,50.0,1,Very Easy,0.05,0.05,1,2457,1686,0.0,0.0,3,0,1
No Adaptive,5,635,train,heuristic,agent_win,10.0,8,50.0,1,Very Easy,0.05,0.05,1,2461,1689,3.0,3.0,2,0,2
No Adaptive,5,636,train,heuristic,player_win,-10.0,9,50.0,1,Very Easy,0.05,0.05,1,2465,1692,0.0,0.0,1,0,3
No Adaptive,5,637,train,heuristic,player_win,-10.0,7,50.0,1,Very Easy,0.05,0.05,1,2468,1694,0.0,0.0,2,0,1
No Adaptive,5,638,train,heuristic,player_win,-10.0,7,50.0,1,Very Easy,0.05,0.05,1,2471,1694,0.0,0.0,2,0,1
No Adaptive,5,639,train,heuristic,agent_win,10.0,8,50.0,1,Very Easy,0.05,0.05,1,2475,1696,3.0,3.0,3,0,1
No Adaptive,5,640,train,heuristic,agent_win,10.0,8,50.0,1,Very Easy,0.05,0.05,1,2479,1699,3.0,3.0,2,0,2
No Adaptive,5,641,train,heuristic,player_win,-10.0,7,50.0,1,Very Easy,0.05,0.05,1,2482,1701,0.0,0.0,2,0,1
No Adaptive,5,642,train,heuristic,agent_win,10.0,6,50.0,1,Very Easy,0.05,0.05,1,2485,1703,3.0,3.0,1,0,2
No Adaptive,5,643,train,heuristic,player_win,-10.0,7,50.0,1,Very Easy,0.05,0.05,1,2488,1705,0.0,0.0,1,0,2
No Adaptive,5,644,train,heuristic,agent_win,10.0,12,50.0,1,Very Easy,0.05,0.05,1,2494,1710,3.0,3.0,4,1,1
No Adaptive,5,645,train,heuristic,player_win,-10.0,7,50.0,1,Very Easy,0.05,0.05,1,2497,1712,0.0,0.0,1,0,2
No Adaptive,5,646,train,heuristic,agent_win,10.0,6,50.0,1,Very Easy,0.05,0.05,1,2500,1714,3.0,3.0,2,0,1
No Adaptive,5,647,train,heuristic,player_win,-10.0,9,50.0,1,Very Easy,0.05,0.05,1,2504,1714,0.0,0.0,3,0,1
No Adaptive,5,648,train,heuristic,agent_win,10.0,6,50.0,1,Very Easy,0.05,0.05,1,2507,1714,2.0999999999999996,2.0999999999999996,2,0,1
No Adaptive,5,649,train,heuristic,agent_win,10.0,12,50.0,1,Very Easy,0.05,0.05,1,2513,1718,3.0,3.0,4,0,2
No Adaptive,5,650,train,heuristic,player_win,-10.0,7,50.0,1,Very Easy,0.05,0.05,1,2516,1720,0.0,0.0,1,1,1
No Adaptive,5,651,train,heuristic,agent_win,10.0,8,50.0,1,Very Easy,0.05,0.05,1,2520,1723,3.0,3.0,2,0,2
No Adaptive,5,652,train,heuristic,player_win,-10.0,7,50.0,1,Very Easy,0.05,0.05,1,2523,1725,0.0,0.0,2,0,1
No Adaptive,5,653,train,heuristic,agent_win,10.0,10,50.0,1,Very Easy,0.05,0.05,1,2528,1728,3.0,3.0,3,0,2
No Adaptive,5,654,train,heuristic,agent_win,10.0,8,50.0,1,Very Easy,0.05,0.05,1,2532,1728,2.0999999999999996,2.0999999999999996,3,0,1
No Adaptive,5,655,train,heuristic,agent_win,10.0,8,50.0,1,Very Easy,0.05,0.05,1,2536,1731,3.0,3.0,2,0,2
No Adaptive,5,656,train,heuristic,agent_win,10.0,6,50.0,1,Very Easy,0.05,0.05,1,2539,1732,3.0,3.0,1,0,2
No Adaptive,5,657,train,heuristic,player_win,-10.0,5,50.0,1,Very Easy,0.05,0.05,1,2541,1733,0.0,0.0,1,0,1
No Adaptive,5,658,train,heuristic,agent_win,10.0,6,50.0,1,Very Easy,0.05,0.05,1,2544,1735,3.0,3.0,2,0,1
No Adaptive,5,659,train,heuristic,player_win,-10.0,9,50.0,1,Very Easy,0.05,0.05,1,2548,1737,0.0,0.0,2,0,2
No Adaptive,5,660,train,heuristic,player_win,-10.0,9,50.0,1,Very Easy,0.05,0.05,1,2552,1739,0.0,0.0,3,0,1
No Adaptive,5,661,train,heuristic,agent_win,10.0,8,50.0,1,Very Easy,0.05,0.05,1,2556,1741,3.0,3.0,3,0,1
No Adaptive,5,662,train,heuristic,player_win,-10.0,9,50.0,1,Very Easy,0.05,0.05,1,2560,1744,0.0,0.0,1,0,3
No Adaptive,5,663,train,heuristic,agent_win,10.0,8,50.0,1,Very Easy,0.05,0.05,1,2564,1747,3.0,3.0,2,0,2
No Adaptive,5,664,train,heuristic,agent_win,10.0,10,50.0,1,Very Easy,0.05,0.05,1,2569,1751,3.0,3.0,1,1,3
No Adaptive,5,665,train,heuristic,player_win,-10.0,11,50.0,1,Very Easy,0.05,0.05,1,2574,1755,0.0,0.0,2,0,3
No Adaptive,5,666,train,heuristic,player_win,-10.0,11,50.0,1,Very Easy,0.05,0.05,1,2579,1759,0.0,0.0,2,0,3
No Adaptive,5,667,train,heuristic,draw,3.0,16,50.0,1,Very Easy,0.05,0.05,1,2587,1766,0.8999999999999999,0.8999999999999999,5,0,3
No Adaptive,5,668,train,heuristic,agent_win,10.0,6,50.0,1,Very Easy,0.05,0.05,1,2590,1768,3.0,3.0,1,0,2
No Adaptive,5,669,train,heuristic,player_win,-10.0,9,50.0,1,Very Easy,0.05,0.05,1,2594,1771,0.0,0.0,2,0,2
No Adaptive,5,670,train,heuristic,player_win,-10.0,7,50.0,1,Very Easy,0.05,0.05,1,2597,1773,0.0,0.0,2,0,1
No Adaptive,5,671,train,heuristic,agent_win,10.0,6,50.0,1,Very Easy,0.05,0.05,1,2600,1775,3.0,3.0,2,1,0
No Adaptive,5,672,train,heuristic,player_win,-10.0,9,50.0,1,Very Easy,0.05,0.05,1,2604,1777,0.0,0.0,1,0,3
No Adaptive,5,673,train,heuristic,player_win,-10.0,11,50.0,1,Very Easy,0.05,0.05,1,2609,1781,0.0,0.0,2,0,3
No Adaptive,5,674,train,heuristic,player_win,-10.0,9,50.0,1,Very Easy,0.05,0.05,1,2613,1782,0.0,0.0,1,1,2
No Adaptive,5,675,train,heuristic,agent_win,10.0,8,50.0,1,Very Easy,0.05,0.05,1,2617,1785,3.0,3.0,3,0,1
No Adaptive,5,676,train,heuristic,agent_win,10.0,10,50.0,1,Very Easy,0.05,0.05,1,2622,1789,3.0,3.0,3,0,2
No Adaptive,5,677,train,heuristic,player_win,-10.0,5,50.0,1,Very Easy,0.05,0.05,1,2624,1789,0.0,0.0,1,0,1
No Adaptive,5,678,train,heuristic,player_win,-10.0,9,50.0,1,Very Easy,0.05,0.05,1,2628,1791,0.0,0.0,2,0,2
No Adaptive,5,679,train,heuristic,player_win,-10.0,7,50.0,1,Very Easy,0.05,0.05,1,2631,1792,0.0,0.0,1,0,2
No Adaptive,5,680,train,heuristic,player_win,-10.0,13,50.0,1,Very Easy,0.05,0.05,1,2637,1796,0.0,0.0,3,0,3
No Adaptive,5,681,train,heuristic,agent_win,10.0,14,50.0,1,Very Easy,0.05,0.05,1,2644,1801,3.0,3.0,5,1,1
No Adaptive,5,682,train,heuristic,agent_win,10.0,6,50.0,1,Very Easy,0.05,0.05,1,2647,1802,3.0,3.0,1,0,2
No Adaptive,5,683,train,heuristic,agent_win,10.0,8,50.0,1,Very Easy,0.05,0.05,1,2651,1805,3.0,3.0,3,0,1
No Adaptive,5,684,train,heuristic,player_win,-10.0,7,50.0,1,Very Easy,0.05,0.05,1,2654,1807,0.0,0.0,2,0,1
No Adaptive,5,685,train,heuristic,agent_win,10.0,8,50.0,1,Very Easy,0.05,0.05,1,2658,1810,3.0,3.0,2,0,2
No Adaptive,5,686,train,heuristic,agent_win,10.0,6,50.0,1,Very Easy,0.05,0.05,1,2661,1810,2.0999999999999996,2.0999999999999996,1,1,1
No Adaptive,5,687,train,heuristic,player_win,-10.0,13,50.0,1,Very Easy,0.05,0.05,1,2667,1812,0.0,0.0,3,0,3
No Adaptive,5,688,train,heuristic,player_win,-10.0,7,50.0,1,Very Easy,0.05,0.05,1,2670,1812,0.0,0.0,2,0,1
No Adaptive,5,689,train,heuristic,player_win,-10.0,15,50.0,1,Very Easy,0.05,0.05,1,2677,1818,0.0,0.0,4,0,3
No Adaptive,5,690,train,heuristic,agent_win,10.0,8,50.0,1,Very Easy,0.05,0.05,1,2681,1821,3.0,3.0,3,0,1
No Adaptive,5,691,train,heuristic,draw,3.0,16,50.0,1,Very Easy,0.05,0.05,1,2689,1827,0.8999999999999999,0.8999999999999999,4,1,3
No Adaptive,5,692,train,heuristic,player_win,-10.0,9,50.0,1,Very Easy,0.05,0.05,1,2693,1829,0.0,0.0,3,0,1
No Adaptive,5,693,train,heuristic,player_win,-10.0,5,50.0,1,Very Easy,0.05,0.05,1,2695,1829,0.0,0.0,1,0,1
No Adaptive,5,694,train,heuristic,agent_win,10.0,8,50.0,1,Very Easy,0.05,0.05,1,2699,1832,3.0,3.0,2,0,2
No Adaptive,5,695,train,heuristic,player_win,-10.0,7,50.0,1,Very Easy,0.05,0.05,1,2702,1834,0.0,0.0,2,0,1
No Adaptive,5,696,train,heuristic,player_win,-10.0,7,50.0,1,Very Easy,0.05,0.05,1,2705,1835,0.0,0.0,1,0,2
No Adaptive,5,697,train,heuristic,agent_win,10.0,8,50.0,1,Very Easy,0.05,0.05,1,2709,1838,3.0,3.0,3,0,1
No Adaptive,5,698,train,heuristic,player_win,-10.0,9,50.0,1,Very Easy,0.05,0.05,1,2713,1841,0.0,0.0,2,0,2
No Adaptive,5,699,train,heuristic,player_win,-10.0,5,50.0,1,Very Easy,0.05,0.05,1,2715,1842,0.0,0.0,1,0,1
No Adaptive,5,700,train,heuristic,player_win,-10.0,7,50.0,1,Very Easy,0.05,0.05,1,2718,1843,0.0,0.0,1,0,2
No Adaptive,5,701,train,heuristic,player_win,-10.0,7,50.0,1,Very Easy,0.05,0.05,1,2721,1844,0.0,0.0,2,0,1
No Adaptive,5,702,train,heuristic,player_win,-10.0,9,50.0,1,Very Easy,0.05,0.05,1,2725,1847,0.0,0.0,2,0,2
No Adaptive,5,703,train,heuristic,player_win,-10.0,9,50.0,1,Very Easy,0.05,0.05,1,2729,1850,0.0,0.0,2,0,2
No Adaptive,5,704,train,heuristic,agent_win,10.0,8,50.0,1,Very Easy,0.05,0.05,1,2733,1853,3.0,3.0,3,0,1
No Adaptive,5,705,train,heuristic,player_win,-10.0,7,50.0,1,Very Easy,0.05,0.05,1,2736,1855,0.0,0.0,2,0,1
No Adaptive,5,706,train,heuristic,agent_win,10.0,10,50.0,1,Very Easy,0.05,0.05,1,2741,1859,3.0,3.0,3,0,2
No Adaptive,5,707,train,heuristic,agent_win,10.0,8,50.0,1,Very Easy,0.05,0.05,1,2745,1861,3.0,3.0,1,1,2
No Adaptive,5,708,train,heuristic,player_win,-10.0,9,50.0,1,Very Easy,0.05,0.05,1,2749,1863,0.0,0.0,2,0,2
No Adaptive,5,709,train,heuristic,player_win,-10.0,5,50.0,1,Very Easy,0.05,0.05,1,2751,1864,0.0,0.0,1,0,1
No Adaptive,5,710,train,heuristic,agent_win,10.0,6,50.0,1,Very Easy,0.05,0.05,1,2754,1865,3.0,3.0,1,1,1
No Adaptive,5,711,train,heuristic,player_win,-10.0,9,50.0,1,Very Easy,0.05,0.05,1,2758,1868,0.0,0.0,2,0,2
No Adaptive,5,712,train,heuristic,player_win,-10.0,11,50.0,1,Very Easy,0.05,0.05,1,2763,1872,0.0,0.0,3,0,2
No Adaptive,5,713,train,heuristic,agent_win,10.0,10,50.0,1,Very Easy,0.05,0.05,1,2768,1875,3.0,3.0,4,0,1
No Adaptive,5,714,train,heuristic,agent_win,10.0,8,50.0,1,Very Easy,0.05,0.05,1,2772,1878,3.0,3.0,2,0,2
No Adaptive,5,715,train,heuristic,agent_win,10.0,8,50.0,1,Very Easy,0.05,0.05,1,2776,1880,3.0,3.0,2,0,2
No Adaptive,5,716,train,heuristic,player_win,-10.0,9,50.0,1,Very Easy,0.05,0.05,1,2780,1883,0.0,0.0,2,0,2
No Adaptive,5,717,train,heuristic,player_win,-10.0,9,50.0,1,Very Easy,0.05,0.05,1,2784,1886,0.0,0.0,3,0,1
No Adaptive,5,718,train,heuristic,draw,3.0,16,50.0,1,Very Easy,0.05,0.05,1,2792,1893,0.8999999999999999,0.8999999999999999,7,0,1
No Adaptive,5,719,train,heuristic,agent_win,10.0,8,50.0,1,Very Easy,0.05,0.05,1,2796,1896,3.0,3.0,3,0,1
No Adaptive,5,720,train,heuristic,player_win,-10.0,9,50.0,1,Very Easy,0.05,0.05,1,2800,1898,0.0,0.0,2,1,1
No Adaptive,5,721,train,heuristic,player_win,-10.0,9,50.0,1,Very Easy,0.05,0.05,1,2804,1900,0.0,0.0,2,1,1
No Adaptive,5,722,train,heuristic,agent_win,10.0,10,50.0,1,Very Easy,0.05,0.05,1,2809,1904,3.0,3.0,3,0,2
No Adaptive,5,723,train,heuristic,player_win,-10.0,11,50.0,1,Very Easy,0.05,0.05,1,2814,1908,0.0,0.0,2,0,3
No Adaptive,5,724,train,heuristic,agent_win,10.0,8,50.0,1,Very Easy,0.05,0.05,1,2818,1911,3.0,3.0,3,0,1
No Adaptive,5,725,train,heuristic,agent_win,10.0,12,50.0,1,Very Easy,0.05,0.05,1,2824,1916,3.0,3.0,4,0,2
No Adaptive,5,726,train,heuristic,agent_win,10.0,8,50.0,1,Very Easy,0.05,0.05,1,2828,1919,3.0,3.0,2,0,2
No Adaptive,5,727,train,heuristic,player_win,-10.0,5,50.0,1,Very Easy,0.05,0.05,1,2830,1920,0.0,0.0,1,1,0
No Adaptive,5,728,train,heuristic,player_win,-10.0,7,50.0,1,Very Easy,0.05,0.05,1,2833,1921,0.0,0.0,1,0,2
No Adaptive,5,729,train,heuristic,player_win,-10.0,9,50.0,1,Very Easy,0.05,0.05,1,2837,1924,0.0,0.0,1,0,3
No Adaptive,5,730,train,heuristic,agent_win,10.0,10,50.0,1,Very Easy,0.05,0.05,1,2842,1928,3.0,3.0,3,0,2
No Adaptive,5,731,train,heuristic,agent_win,10.0,8,50.0,1,Very Easy,0.05,0.05,1,2846,1930,3.0,3.0,1,0,3
No Adaptive,5,732,train,heuristic,agent_win,10.0,6,50.0,1,Very Easy,0.05,0.05,1,2849,1932,3.0,3.0,1,0,2
No Adaptive,5,733,train,heuristic,player_win,-10.0,13,50.0,1,Very Easy,0.05,0.05,1,2855,1936,0.0,0.0,3,0,3
No Adaptive,5,734,train,heuristic,agent_win,10.0,6,50.0,1,Very Easy,0.05,0.05,1,2858,1938,3.0,3.0,2,0,1
No Adaptive,5,735,train,heuristic,agent_win,10.0,12,50.0,1,Very Easy,0.05,0.05,1,2864,1943,3.0,3.0,3,0,3
No Adaptive,5,736,train,heuristic,agent_win,10.0,12,50.0,1,Very Easy,0.05,0.05,1,2870,1948,3.0,3.0,5,0,1
No Adaptive,5,737,train,heuristic,player_win,-10.0,7,50.0,1,Very Easy,0.05,0.05,1,2873,1950,0.0,0.0,1,0,2
No Adaptive,5,738,train,heuristic,player_win,-10.0,9,50.0,1,Very Easy,0.05,0.05,1,2877,1953,0.0,0.0,1,0,3
No Adaptive,5,739,train,heuristic,player_win,-10.0,11,50.0,1,Very Easy,0.05,0.05,1,2882,1957,0.0,0.0,2,0,3
No Adaptive,5,740,train,heuristic,agent_win,10.0,8,50.0,1,Very Easy,0.05,0.05,1,2886,1960,3.0,3.0,2,0,2
No Adaptive,5,741,train,heuristic,player_win,-10.0,5,50.0,1,Very Easy,0.05,0.05,1,2888,1960,0.0,0.0,1,1,0
No Adaptive,5,742,train,heuristic,player_win,-10.0,5,50.0,1,Very Easy,0.05,0.05,1,2890,1961,0.0,0.0,1,0,1
No Adaptive,5,743,train,heuristic,player_win,-10.0,9,50.0,1,Very Easy,0.05,0.05,1,2894,1963,0.0,0.0,2,0,2
No Adaptive,5,744,train,heuristic,agent_win,10.0,14,50.0,1,Very Easy,0.05,0.05,1,2901,1969,3.0,3.0,3,0,4
No Adaptive,5,745,train,heuristic,player_win,-10.0,7,50.0,1,Very Easy,0.05,0.05,1,2904,1971,0.0,0.0,2,0,1
No Adaptive,5,746,train,heuristic,player_win,-10.0,9,50.0,1,Very Easy,0.05,0.05,1,2908,1972,0.0,0.0,1,0,3
No Adaptive,5,747,train,heuristic,player_win,-10.0,7,50.0,1,Very Easy,0.05,0.05,1,2911,1974,0.0,0.0,2,0,1
No Adaptive,5,748,train,heuristic,player_win,-10.0,13,50.0,1,Very Easy,0.05,0.05,1,2917,1978,0.0,0.0,5,0,1
No Adaptive,5,749,train,heuristic,player_win,-10.0,11,50.0,1,Very Easy,0.05,0.05,1,2922,1982,0.0,0.0,2,0,3
No Adaptive,5,750,train,heuristic,agent_win,10.0,8,50.0,1,Very Easy,0.05,0.05,1,2926,1984,3.0,3.0,3,0,1
No Adaptive,5,751,train,heuristic,player_win,-10.0,5,50.0,1,Very Easy,0.05,0.05,1,2928,1984,0.0,0.0,1,0,1
No Adaptive,5,752,train,heuristic,player_win,-10.0,7,50.0,1,Very Easy,0.05,0.05,1,2931,1986,0.0,0.0,2,0,1
No Adaptive,5,753,train,heuristic,player_win,-10.0,5,50.0,1,Very Easy,0.05,0.05,1,2933,1987,0.0,0.0,1,0,1
No Adaptive,5,754,train,heuristic,player_win,-10.0,7,50.0,1,Very Easy,0.05,0.05,1,2936,1989,0.0,0.0,2,0,1
No Adaptive,5,755,train,heuristic,agent_win,10.0,10,50.0,1,Very Easy,0.05,0.05,1,2941,1993,3.0,3.0,3,0,2
No Adaptive,5,756,train,heuristic,player_win,-10.0,9,50.0,1,Very Easy,0.05,0.05,1,2945,1996,0.0,0.0,2,0,2
No Adaptive,5,757,train,heuristic,player_win,-10.0,7,50.0,1,Very Easy,0.05,0.05,1,2948,1997,0.0,0.0,2,0,1
No Adaptive,5,758,train,heuristic,player_win,-10.0,7,50.0,1,Very Easy,0.05,0.05,1,2951,1999,0.0,0.0,2,0,1
No Adaptive,5,759,train,heuristic,player_win,-10.0,7,50.0,1,Very Easy,0.05,0.05,1,2954,1999,0.0,0.0,2,0,1
No Adaptive,5,760,train,heuristic,player_win,-10.0,5,50.0,1,Very Easy,0.05,0.05,1,2956,1999,0.0,0.0,1,0,1
No Adaptive,5,761,train,heuristic,agent_win,10.0,8,50.0,1,Very Easy,0.05,0.05,1,2960,2002,3.0,3.0,2,0,2
No Adaptive,5,762,train,heuristic,agent_win,10.0,12,50.0,1,Very Easy,0.05,0.05,1,2966,2005,3.0,3.0,4,0,2
No Adaptive,5,763,train,heuristic,player_win,-10.0,7,50.0,1,Very Easy,0.05,0.05,1,2969,2006,0.0,0.0,2,0,1
No Adaptive,5,764,train,heuristic,player_win,-10.0,5,50.0,1,Very Easy,0.05,0.05,1,2971,2007,0.0,0.0,1,0,1
No Adaptive,5,765,train,heuristic,player_win,-10.0,7,50.0,1,Very Easy,0.05,0.05,1,2974,2009,0.0,0.0,1,0,2
No Adaptive,5,766,train,heuristic,player_win,-10.0,9,50.0,1,Very Easy,0.05,0.05,1,2978,2010,0.0,0.0,2,0,2
No Adaptive,5,767,train,heuristic,agent_win,10.0,8,50.0,1,Very Easy,0.05,0.05,1,2982,2012,3.0,3.0,2,0,2
No Adaptive,5,768,train,heuristic,agent_win,10.0,10,50.0,1,Very Easy,0.05,0.05,1,2987,2016,3.0,3.0,4,0,1
No Adaptive,5,769,train,heuristic,player_win,-10.0,7,50.0,1,Very Easy,0.05,0.05,1,2990,2017,0.0,0.0,1,0,2
No Adaptive,5,770,train,heuristic,player_win,-10.0,9,50.0,1,Very Easy,0.05,0.05,1,2994,2020,0.0,0.0,1,0,3
No Adaptive,5,771,train,heuristic,player_win,-10.0,7,50.0,1,Very Easy,0.05,0.05,1,2997,2020,0.0,0.0,2,0,1
No Adaptive,5,772,train,heuristic,player_win,-10.0,7,50.0,1,Very Easy,0.05,0.05,1,3000,2020,0.0,0.0,2,0,1
No Adaptive,5,773,train,heuristic,player_win,-10.0,9,50.0,1,Very Easy,0.05,0.05,1,3004,2022,0.0,0.0,2,0,2
No Adaptive,5,774,train,heuristic,agent_win,10.0,8,50.0,1,Very Easy,0.05,0.05,1,3008,2025,3.0,3.0,2,0,2
No Adaptive,5,775,train,heuristic,player_win,-10.0,7,50.0,1,Very Easy,0.05,0.05,1,3011,2025,0.0,0.0,2,0,1
No Adaptive,5,776,train,heuristic,player_win,-10.0,5,50.0,1,Very Easy,0.05,0.05,1,3013,2025,0.0,0.0,1,0,1
No Adaptive,5,777,train,heuristic,agent_win,10.0,6,50.0,1,Very Easy,0.05,0.05,1,3016,2027,3.0,3.0,2,0,1
No Adaptive,5,778,train,heuristic,player_win,-10.0,7,50.0,1,Very Easy,0.05,0.05,1,3019,2029,0.0,0.0,1,0,2
No Adaptive,5,779,train,heuristic,agent_win,10.0,8,50.0,1,Very Easy,0.05,0.05,1,3023,2032,3.0,3.0,2,1,1
No Adaptive,5,780,train,heuristic,player_win,-10.0,7,50.0,1,Very Easy,0.05,0.05,1,3026,2034,0.0,0.0,2,0,1
No Adaptive,5,781,train,heuristic,player_win,-10.0,7,50.0,1,Very Easy,0.05,0.05,1,3029,2036,0.0,0.0,2,0,1
No Adaptive,5,782,train,heuristic,player_win,-10.0,7,50.0,1,Very Easy,0.05,0.05,1,3032,2036,0.0,0.0,2,0,1
No Adaptive,5,783,train,heuristic,agent_win,10.0,8,50.0,1,Very Easy,0.05,0.05,1,3036,2039,3.0,3.0,3,0,1
No Adaptive,5,784,train,heuristic,player_win,-10.0,5,50.0,1,Very Easy,0.05,0.05,1,3038,2039,0.0,0.0,1,0,1
No Adaptive,5,785,train,heuristic,player_win,-10.0,9,50.0,1,Very Easy,0.05,0.05,1,3042,2041,0.0,0.0,1,0,3
No Adaptive,5,786,train,heuristic,agent_win,10.0,8,50.0,1,Very Easy,0.05,0.05,1,3046,2044,3.0,3.0,2,0,2
No Adaptive,5,787,train,heuristic,agent_win,10.0,8,50.0,1,Very Easy,0.05,0.05,1,3050,2045,3.0,3.0,3,0,1
No Adaptive,5,788,train,heuristic,player_win,-10.0,9,50.0,1,Very Easy,0.05,0.05,1,3054,2048,0.0,0.0,2,1,1
No Adaptive,5,789,train,heuristic,player_win,-10.0,7,50.0,1,Very Easy,0.05,0.05,1,3057,2050,0.0,0.0,2,0,1
No Adaptive,5,790,train,heuristic,agent_win,10.0,6,50.0,1,Very Easy,0.05,0.05,1,3060,2052,3.0,3.0,2,0,1
No Adaptive,5,791,train,heuristic,agent_win,10.0,8,50.0,1,Very Easy,0.05,0.05,1,3064,2053,3.0,3.0,3,0,1
No Adaptive,5,792,train,heuristic,player_win,-10.0,9,50.0,1,Very Easy,0.05,0.05,1,3068,2055,0.0,0.0,3,0,1
No Adaptive,5,793,train,heuristic,agent_win,10.0,6,50.0,1,Very Easy,0.05,0.05,1,3071,2056,3.0,3.0,1,0,2
No Adaptive,5,794,train,heuristic,agent_win,10.0,8,50.0,1,Very Easy,0.05,0.05,1,3075,2059,3.0,3.0,2,0,2
No Adaptive,5,795,train,heuristic,agent_win,10.0,10,50.0,1,Very Easy,0.05,0.05,1,3080,2062,3.0,3.0,2,0,3
No Adaptive,5,796,train,heuristic,player_win,-10.0,7,50.0,1,Very Easy,0.05,0.05,1,3083,2064,0.0,0.0,2,0,1
No Adaptive,5,797,train,heuristic,agent_win,10.0,8,50.0,1,Very Easy,0.05,0.05,1,3087,2065,3.0,3.0,3,0,1
No Adaptive,5,798,train,heuristic,agent_win,10.0,6,50.0,1,Very Easy,0.05,0.05,1,3090,2067,3.0,3.0,2,0,1
No Adaptive,5,799,train,heuristic,agent_win,10.0,10,50.0,1,Very Easy,0.05,0.05,1,3095,2070,3.0,3.0,2,0,3
No Adaptive,5,800,train,heuristic,player_win,-10.0,9,50.0,1,Very Easy,0.05,0.05,1,3099,2073,0.0,0.0,2,0,2
No Adaptive,5,801,eval,heuristic,player_win,-10.0,7,50.0,1,Very Easy,0.05,0.0,0,3099,2073,0.0,0.0,1,0,2
No Adaptive,5,802,eval,heuristic,agent_win,10.0,8,50.0,1,Very Easy,0.05,0.0,0,3099,2073,0.0,0.0,2,0,2
No Adaptive,5,803,eval,heuristic,agent_win,10.0,8,50.0,1,Very Easy,0.05,0.0,0,3099,2073,0.0,0.0,3,0,1
No Adaptive,5,804,eval,heuristic,agent_win,10.0,8,50.0,1,Very Easy,0.05,0.0,0,3099,2073,0.0,0.0,2,0,2
No Adaptive,5,805,eval,heuristic,player_win,-10.0,7,50.0,1,Very Easy,0.05,0.0,0,3099,2073,0.0,0.0,2,0,1
No Adaptive,5,806,eval,heuristic,agent_win,10.0,10,50.0,1,Very Easy,0.05,0.0,0,3099,2073,0.0,0.0,3,0,2
No Adaptive,5,807,eval,heuristic,player_win,-10.0,9,50.0,1,Very Easy,0.05,0.0,0,3099,2073,0.0,0.0,2,0,2
No Adaptive,5,808,eval,heuristic,player_win,-10.0,5,50.0,1,Very Easy,0.05,0.0,0,3099,2073,0.0,0.0,1,0,1
No Adaptive,5,809,eval,heuristic,player_win,-10.0,7,50.0,1,Very Easy,0.05,0.0,0,3099,2073,0.0,0.0,1,0,2
No Adaptive,5,810,eval,heuristic,player_win,-10.0,11,50.0,1,Very Easy,0.05,0.0,0,3099,2073,0.0,0.0,1,0,4
No Adaptive,5,811,eval,heuristic,player_win,-10.0,5,50.0,1,Very Easy,0.05,0.0,0,3099,2073,0.0,0.0,1,0,1
No Adaptive,5,812,eval,heuristic,player_win,-10.0,9,50.0,1,Very Easy,0.05,0.0,0,3099,2073,0.0,0.0,1,0,3
No Adaptive,5,813,eval,heuristic,agent_win,10.0,8,50.0,1,Very Easy,0.05,0.0,0,3099,2073,0.0,0.0,1,0,3
No Adaptive,5,814,eval,heuristic,player_win,-10.0,9,50.0,1,Very Easy,0.05,0.0,0,3099,2073,0.0,0.0,2,0,2
No Adaptive,5,815,eval,heuristic,player_win,-10.0,5,50.0,1,Very Easy,0.05,0.0,0,3099,2073,0.0,0.0,1,0,1
No Adaptive,5,816,eval,heuristic,player_win,-10.0,13,50.0,1,Very Easy,0.05,0.0,0,3099,2073,0.0,0.0,3,0,3
No Adaptive,5,817,eval,heuristic,player_win,-10.0,9,50.0,1,Very Easy,0.05,0.0,0,3099,2073,0.0,0.0,2,0,2
No Adaptive,5,818,eval,heuristic,player_win,-10.0,9,50.0,1,Very Easy,0.05,0.0,0,3099,2073,0.0,0.0,3,0,1
No Adaptive,5,819,eval,heuristic,player_win,-10.0,7,50.0,1,Very Easy,0.05,0.0,0,3099,2073,0.0,0.0,2,0,1
No Adaptive,5,820,eval,heuristic,player_win,-10.0,9,50.0,1,Very Easy,0.05,0.0,0,3099,2073,0.0,0.0,2,0,2
No Adaptive,5,821,eval,heuristic,agent_win,10.0,6,50.0,1,Very Easy,0.05,0.0,0,3099,2073,0.0,0.0,2,0,1
No Adaptive,5,822,eval,heuristic,agent_win,10.0,10,50.0,1,Very Easy,0.05,0.0,0,3099,2073,0.0,0.0,3,0,2
No Adaptive,5,823,eval,heuristic,agent_win,10.0,8,50.0,1,Very Easy,0.05,0.0,0,3099,2073,0.0,0.0,2,0,2
No Adaptive,5,824,eval,heuristic,player_win,-10.0,11,50.0,1,Very Easy,0.05,0.0,0,3099,2073,0.0,0.0,3,0,2
No Adaptive,5,825,eval,heuristic,agent_win,10.0,8,50.0,1,Very Easy,0.05,0.0,0,3099,2073,0.0,0.0,2,0,2
No Adaptive,5,826,eval,heuristic,player_win,-10.0,7,50.0,1,Very Easy,0.05,0.0,0,3099,2073,0.0,0.0,2,0,1
No Adaptive,5,827,eval,heuristic,player_win,-10.0,7,50.0,1,Very Easy,0.05,0.0,0,3099,2073,0.0,0.0,1,0,2
No Adaptive,5,828,eval,heuristic,player_win,-10.0,7,50.0,1,Very Easy,0.05,0.0,0,3099,2073,0.0,0.0,1,0,2
No Adaptive,5,829,eval,heuristic,agent_win,10.0,8,50.0,1,Very Easy,0.05,0.0,0,3099,2073,0.0,0.0,3,0,1
No Adaptive,5,830,eval,heuristic,agent_win,10.0,10,50.0,1,Very Easy,0.05,0.0,0,3099,2073,0.0,0.0,3,0,2
No Adaptive,5,831,eval,heuristic,agent_win,10.0,8,50.0,1,Very Easy,0.05,0.0,0,3099,2073,0.0,0.0,3,0,1
No Adaptive,5,832,eval,heuristic,player_win,-10.0,9,50.0,1,Very Easy,0.05,0.0,0,3099,2073,0.0,0.0,3,0,1
No Adaptive,5,833,eval,heuristic,player_win,-10.0,11,50.0,1,Very Easy,0.05,0.0,0,3099,2073,0.0,0.0,2,0,3
No Adaptive,5,834,eval,heuristic,player_win,-10.0,7,50.0,1,Very Easy,0.05,0.0,0,3099,2073,0.0,0.0,2,0,1
No Adaptive,5,835,eval,heuristic,player_win,-10.0,5,50.0,1,Very Easy,0.05,0.0,0,3099,2073,0.0,0.0,1,0,1
No Adaptive,5,836,eval,heuristic,agent_win,10.0,12,50.0,1,Very Easy,0.05,0.0,0,3099,2073,0.0,0.0,5,0,1
No Adaptive,5,837,eval,heuristic,player_win,-10.0,9,50.0,1,Very Easy,0.05,0.0,0,3099,2073,0.0,0.0,3,0,1
No Adaptive,5,838,eval,heuristic,agent_win,10.0,8,50.0,1,Very Easy,0.05,0.0,0,3099,2073,0.0,0.0,3,0,1
No Adaptive,5,839,eval,heuristic,agent_win,10.0,8,50.0,1,Very Easy,0.05,0.0,0,3099,2073,0.0,0.0,2,0,2
No Adaptive,5,840,eval,heuristic,agent_win,10.0,10,50.0,1,Very Easy,0.05,0.0,0,3099,2073,0.0,0.0,4,0,1
No Adaptive,5,841,eval,heuristic,agent_win,10.0,10,50.0,1,Very Easy,0.05,0.0,0,3099,2073,0.0,0.0,2,0,3
No Adaptive,5,842,eval,heuristic,player_win,-10.0,5,50.0,1,Very Easy,0.05,0.0,0,3099,2073,0.0,0.0,1,0,1
No Adaptive,5,843,eval,heuristic,player_win,-10.0,9,50.0,1,Very Easy,0.05,0.0,0,3099,2073,0.0,0.0,2,0,2
No Adaptive,5,844,eval,heuristic,player_win,-10.0,7,50.0,1,Very Easy,0.05,0.0,0,3099,2073,0.0,0.0,1,0,2
No Adaptive,5,845,eval,heuristic,agent_win,10.0,12,50.0,1,Very Easy,0.05,0.0,0,3099,2073,0.0,0.0,2,0,4
No Adaptive,5,846,eval,heuristic,agent_win,10.0,8,50.0,1,Very Easy,0.05,0.0,0,3099,2073,0.0,0.0,2,0,2
No Adaptive,5,847,eval,heuristic,player_win,-10.0,11,50.0,1,Very Easy,0.05,0.0,0,3099,2073,0.0,0.0,2,0,3
No Adaptive,5,848,eval,heuristic,player_win,-10.0,7,50.0,1,Very Easy,0.05,0.0,0,3099,2073,0.0,0.0,2,0,1
No Adaptive,5,849,eval,heuristic,player_win,-10.0,7,50.0,1,Very Easy,0.05,0.0,0,3099,2073,0.0,0.0,1,0,2
No Adaptive,5,850,eval,heuristic,player_win,-10.0,7,50.0,1,Very Easy,0.05,0.0,0,3099,2073,0.0,0.0,2,0,1
No Adaptive,5,851,eval,heuristic,agent_win,10.0,10,50.0,1,Very Easy,0.05,0.0,0,3099,2073,0.0,0.0,3,0,2
No Adaptive,5,852,eval,heuristic,player_win,-10.0,5,50.0,1,Very Easy,0.05,0.0,0,3099,2073,0.0,0.0,1,0,1
No Adaptive,5,853,eval,heuristic,player_win,-10.0,9,50.0,1,Very Easy,0.05,0.0,0,3099,2073,0.0,0.0,3,0,1
No Adaptive,5,854,eval,heuristic,agent_win,10.0,8,50.0,1,Very Easy,0.05,0.0,0,3099,2073,0.0,0.0,2,0,2
No Adaptive,5,855,eval,heuristic,player_win,-10.0,9,50.0,1,Very Easy,0.05,0.0,0,3099,2073,0.0,0.0,2,0,2
No Adaptive,5,856,eval,heuristic,player_win,-10.0,7,50.0,1,Very Easy,0.05,0.0,0,3099,2073,0.0,0.0,2,0,1
No Adaptive,5,857,eval,heuristic,agent_win,10.0,6,50.0,1,Very Easy,0.05,0.0,0,3099,2073,0.0,0.0,1,0,2
No Adaptive,5,858,eval,heuristic,agent_win,10.0,6,50.0,1,Very Easy,0.05,0.0,0,3099,2073,0.0,0.0,1,0,2
No Adaptive,5,859,eval,heuristic,player_win,-10.0,7,50.0,1,Very Easy,0.05,0.0,0,3099,2073,0.0,0.0,1,0,2
No Adaptive,5,860,eval,heuristic,agent_win,10.0,8,50.0,1,Very Easy,0.05,0.0,0,3099,2073,0.0,0.0,2,0,2
No Adaptive,5,861,eval,heuristic,agent_win,10.0,8,50.0,1,Very Easy,0.05,0.0,0,3099,2073,0.0,0.0,2,0,2
No Adaptive,5,862,eval,heuristic,player_win,-10.0,9,50.0,1,Very Easy,0.05,0.0,0,3099,2073,0.0,0.0,3,0,1
No Adaptive,5,863,eval,heuristic,player_win,-10.0,9,50.0,1,Very Easy,0.05,0.0,0,3099,2073,0.0,0.0,2,0,2
No Adaptive,5,864,eval,heuristic,player_win,-10.0,9,50.0,1,Very Easy,0.05,0.0,0,3099,2073,0.0,0.0,2,0,2
No Adaptive,5,865,eval,heuristic,player_win,-10.0,5,50.0,1,Very Easy,0.05,0.0,0,3099,2073,0.0,0.0,1,0,1
No Adaptive,5,866,eval,heuristic,player_win,-10.0,7,50.0,1,Very Easy,0.05,0.0,0,3099,2073,0.0,0.0,1,0,2
No Adaptive,5,867,eval,heuristic,agent_win,10.0,10,50.0,1,Very Easy,0.05,0.0,0,3099,2073,0.0,0.0,3,0,2
No Adaptive,5,868,eval,heuristic,player_win,-10.0,7,50.0,1,Very Easy,0.05,0.0,0,3099,2073,0.0,0.0,2,0,1
No Adaptive,5,869,eval,heuristic,agent_win,10.0,8,50.0,1,Very Easy,0.05,0.0,0,3099,2073,0.0,0.0,2,0,2
No Adaptive,5,870,eval,heuristic,agent_win,10.0,6,50.0,1,Very Easy,0.05,0.0,0,3099,2073,0.0,0.0,2,0,1
No Adaptive,5,871,eval,heuristic,player_win,-10.0,13,50.0,1,Very Easy,0.05,0.0,0,3099,2073,0.0,0.0,4,0,2
No Adaptive,5,872,eval,heuristic,player_win,-10.0,13,50.0,1,Very Easy,0.05,0.0,0,3099,2073,0.0,0.0,2,0,4
No Adaptive,5,873,eval,heuristic,player_win,-10.0,9,50.0,1,Very Easy,0.05,0.0,0,3099,2073,0.0,0.0,3,0,1
No Adaptive,5,874,eval,heuristic,player_win,-10.0,9,50.0,1,Very Easy,0.05,0.0,0,3099,2073,0.0,0.0,2,0,2
No Adaptive,5,875,eval,heuristic,player_win,-10.0,11,50.0,1,Very Easy,0.05,0.0,0,3099,2073,0.0,0.0,3,0,2
No Adaptive,5,876,eval,heuristic,player_win,-10.0,7,50.0,1,Very Easy,0.05,0.0,0,3099,2073,0.0,0.0,1,0,2
No Adaptive,5,877,eval,heuristic,agent_win,10.0,6,50.0,1,Very Easy,0.05,0.0,0,3099,2073,0.0,0.0,2,0,1
No Adaptive,5,878,eval,heuristic,agent_win,10.0,8,50.0,1,Very Easy,0.05,0.0,0,3099,2073,0.0,0.0,3,0,1
No Adaptive,5,879,eval,heuristic,player_win,-10.0,7,50.0,1,Very Easy,0.05,0.0,0,3099,2073,0.0,0.0,1,0,2
No Adaptive,5,880,eval,heuristic,player_win,-10.0,5,50.0,1,Very Easy,0.05,0.0,0,3099,2073,0.0,0.0,1,0,1
No Adaptive,5,881,eval,heuristic,agent_win,10.0,10,50.0,1,Very Easy,0.05,0.0,0,3099,2073,0.0,0.0,2,0,3
No Adaptive,5,882,eval,heuristic,player_win,-10.0,7,50.0,1,Very Easy,0.05,0.0,0,3099,2073,0.0,0.0,1,0,2
No Adaptive,5,883,eval,heuristic,player_win,-10.0,7,50.0,1,Very Easy,0.05,0.0,0,3099,2073,0.0,0.0,1,0,2
No Adaptive,5,884,eval,heuristic,agent_win,10.0,8,50.0,1,Very Easy,0.05,0.0,0,3099,2073,0.0,0.0,2,0,2
No Adaptive,5,885,eval,heuristic,agent_win,10.0,6,50.0,1,Very Easy,0.05,0.0,0,3099,2073,0.0,0.0,2,0,1
No Adaptive,5,886,eval,heuristic,agent_win,10.0,10,50.0,1,Very Easy,0.05,0.0,0,3099,2073,0.0,0.0,3,0,2
No Adaptive,5,887,eval,heuristic,player_win,-10.0,7,50.0,1,Very Easy,0.05,0.0,0,3099,2073,0.0,0.0,1,0,2
No Adaptive,5,888,eval,heuristic,player_win,-10.0,9,50.0,1,Very Easy,0.05,0.0,0,3099,2073,0.0,0.0,2,0,2
No Adaptive,5,889,eval,heuristic,player_win,-10.0,9,50.0,1,Very Easy,0.05,0.0,0,3099,2073,0.0,0.0,2,0,2
No Adaptive,5,890,eval,heuristic,player_win,-10.0,9,50.0,1,Very Easy,0.05,0.0,0,3099,2073,0.0,0.0,3,0,1
No Adaptive,5,891,eval,heuristic,agent_win,10.0,14,50.0,1,Very Easy,0.05,0.0,0,3099,2073,0.0,0.0,6,0,1
No Adaptive,5,892,eval,heuristic,agent_win,10.0,8,50.0,1,Very Easy,0.05,0.0,0,3099,2073,0.0,0.0,3,0,1
No Adaptive,5,893,eval,heuristic,agent_win,10.0,6,50.0,1,Very Easy,0.05,0.0,0,3099,2073,0.0,0.0,3,0,0
No Adaptive,5,894,eval,heuristic,agent_win,10.0,10,50.0,1,Very Easy,0.05,0.0,0,3099,2073,0.0,0.0,3,0,2
No Adaptive,5,895,eval,heuristic,player_win,-10.0,7,50.0,1,Very Easy,0.05,0.0,0,3099,2073,0.0,0.0,2,0,1
No Adaptive,5,896,eval,heuristic,agent_win,10.0,8,50.0,1,Very Easy,0.05,0.0,0,3099,2073,0.0,0.0,2,0,2
No Adaptive,5,897,eval,heuristic,player_win,-10.0,7,50.0,1,Very Easy,0.05,0.0,0,3099,2073,0.0,0.0,1,0,2
No Adaptive,5,898,eval,heuristic,agent_win,10.0,10,50.0,1,Very Easy,0.05,0.0,0,3099,2073,0.0,0.0,3,0,2
No Adaptive,5,899,eval,heuristic,agent_win,10.0,6,50.0,1,Very Easy,0.05,0.0,0,3099,2073,0.0,0.0,2,0,1
No Adaptive,5,900,eval,heuristic,player_win,-10.0,7,50.0,1,Very Easy,0.05,0.0,0,3099,2073,0.0,0.0,1,0,2
No Adaptive,5,901,eval,heuristic,player_win,-10.0,11,50.0,1,Very Easy,0.05,0.0,0,3099,2073,0.0,0.0,3,0,2
No Adaptive,5,902,eval,heuristic,player_win,-10.0,5,50.0,1,Very Easy,0.05,0.0,0,3099,2073,0.0,0.0,1,0,1
No Adaptive,5,903,eval,heuristic,player_win,-10.0,7,50.0,1,Very Easy,0.05,0.0,0,3099,2073,0.0,0.0,2,0,1
No Adaptive,5,904,eval,heuristic,player_win,-10.0,7,50.0,1,Very Easy,0.05,0.0,0,3099,2073,0.0,0.0,1,0,2
No Adaptive,5,905,eval,heuristic,player_win,-10.0,9,50.0,1,Very Easy,0.05,0.0,0,3099,2073,0.0,0.0,2,0,2
No Adaptive,5,906,eval,heuristic,player_win,-10.0,7,50.0,1,Very Easy,0.05,0.0,0,3099,2073,0.0,0.0,1,0,2
No Adaptive,5,907,eval,heuristic,player_win,-10.0,5,50.0,1,Very Easy,0.05,0.0,0,3099,2073,0.0,0.0,1,0,1
No Adaptive,5,908,eval,heuristic,agent_win,10.0,8,50.0,1,Very Easy,0.05,0.0,0,3099,2073,0.0,0.0,2,0,2
No Adaptive,5,909,eval,heuristic,player_win,-10.0,7,50.0,1,Very Easy,0.05,0.0,0,3099,2073,0.0,0.0,1,0,2
No Adaptive,5,910,eval,heuristic,player_win,-10.0,7,50.0,1,Very Easy,0.05,0.0,0,3099,2073,0.0,0.0,2,0,1
No Adaptive,5,911,eval,heuristic,agent_win,10.0,8,50.0,1,Very Easy,0.05,0.0,0,3099,2073,0.0,0.0,3,0,1
No Adaptive,5,912,eval,heuristic,player_win,-10.0,9,50.0,1,Very Easy,0.05,0.0,0,3099,2073,0.0,0.0,2,0,2
No Adaptive,5,913,eval,heuristic,agent_win,10.0,6,50.0,1,Very Easy,0.05,0.0,0,3099,2073,0.0,0.0,2,0,1
No Adaptive,5,914,eval,heuristic,player_win,-10.0,7,50.0,1,Very Easy,0.05,0.0,0,3099,2073,0.0,0.0,2,0,1
No Adaptive,5,915,eval,heuristic,player_win,-10.0,7,50.0,1,Very Easy,0.05,0.0,0,3099,2073,0.0,0.0,2,0,1
No Adaptive,5,916,eval,heuristic,player_win,-10.0,11,50.0,1,Very Easy,0.05,0.0,0,3099,2073,0.0,0.0,3,0,2
No Adaptive,5,917,eval,heuristic,agent_win,10.0,10,50.0,1,Very Easy,0.05,0.0,0,3099,2073,0.0,0.0,1,0,4
No Adaptive,5,918,eval,heuristic,player_win,-10.0,7,50.0,1,Very Easy,0.05,0.0,0,3099,2073,0.0,0.0,2,0,1
No Adaptive,5,919,eval,heuristic,agent_win,10.0,8,50.0,1,Very Easy,0.05,0.0,0,3099,2073,0.0,0.0,3,0,1
No Adaptive,5,920,eval,heuristic,player_win,-10.0,5,50.0,1,Very Easy,0.05,0.0,0,3099,2073,0.0,0.0,1,0,1
No Adaptive,5,921,eval,heuristic,player_win,-10.0,7,50.0,1,Very Easy,0.05,0.0,0,3099,2073,0.0,0.0,2,0,1
No Adaptive,5,922,eval,heuristic,player_win,-10.0,7,50.0,1,Very Easy,0.05,0.0,0,3099,2073,0.0,0.0,2,0,1
No Adaptive,5,923,eval,heuristic,player_win,-10.0,7,50.0,1,Very Easy,0.05,0.0,0,3099,2073,0.0,0.0,1,0,2
No Adaptive,5,924,eval,heuristic,agent_win,10.0,8,50.0,1,Very Easy,0.05,0.0,0,3099,2073,0.0,0.0,3,0,1
No Adaptive,5,925,eval,heuristic,player_win,-10.0,9,50.0,1,Very Easy,0.05,0.0,0,3099,2073,0.0,0.0,3,0,1
No Adaptive,5,926,eval,heuristic,agent_win,10.0,12,50.0,1,Very Easy,0.05,0.0,0,3099,2073,0.0,0.0,4,0,2
No Adaptive,5,927,eval,heuristic,player_win,-10.0,7,50.0,1,Very Easy,0.05,0.0,0,3099,2073,0.0,0.0,1,0,2
No Adaptive,5,928,eval,heuristic,player_win,-10.0,7,50.0,1,Very Easy,0.05,0.0,0,3099,2073,0.0,0.0,2,0,1
No Adaptive,5,929,eval,heuristic,agent_win,10.0,8,50.0,1,Very Easy,0.05,0.0,0,3099,2073,0.0,0.0,1,0,3
No Adaptive,5,930,eval,heuristic,agent_win,10.0,8,50.0,1,Very Easy,0.05,0.0,0,3099,2073,0.0,0.0,3,0,1
No Adaptive,5,931,eval,heuristic,agent_win,10.0,8,50.0,1,Very Easy,0.05,0.0,0,3099,2073,0.0,0.0,3,0,1
No Adaptive,5,932,eval,heuristic,player_win,-10.0,7,50.0,1,Very Easy,0.05,0.0,0,3099,2073,0.0,0.0,1,0,2
No Adaptive,5,933,eval,heuristic,player_win,-10.0,7,50.0,1,Very Easy,0.05,0.0,0,3099,2073,0.0,0.0,1,0,2
No Adaptive,5,934,eval,heuristic,player_win,-10.0,7,50.0,1,Very Easy,0.05,0.0,0,3099,2073,0.0,0.0,2,0,1
No Adaptive,5,935,eval,heuristic,player_win,-10.0,7,50.0,1,Very Easy,0.05,0.0,0,3099,2073,0.0,0.0,1,0,2
No Adaptive,5,936,eval,heuristic,agent_win,10.0,8,50.0,1,Very Easy,0.05,0.0,0,3099,2073,0.0,0.0,3,0,1
No Adaptive,5,937,eval,heuristic,player_win,-10.0,9,50.0,1,Very Easy,0.05,0.0,0,3099,2073,0.0,0.0,1,0,3
No Adaptive,5,938,eval,heuristic,player_win,-10.0,7,50.0,1,Very Easy,0.05,0.0,0,3099,2073,0.0,0.0,2,0,1
No Adaptive,5,939,eval,heuristic,agent_win,10.0,10,50.0,1,Very Easy,0.05,0.0,0,3099,2073,0.0,0.0,2,0,3
No Adaptive,5,940,eval,heuristic,agent_win,10.0,8,50.0,1,Very Easy,0.05,0.0,0,3099,2073,0.0,0.0,3,0,1
No Adaptive,5,941,eval,heuristic,player_win,-10.0,13,50.0,1,Very Easy,0.05,0.0,0,3099,2073,0.0,0.0,3,0,3
No Adaptive,5,942,eval,heuristic,player_win,-10.0,7,50.0,1,Very Easy,0.05,0.0,0,3099,2073,0.0,0.0,2,0,1
No Adaptive,5,943,eval,heuristic,player_win,-10.0,7,50.0,1,Very Easy,0.05,0.0,0,3099,2073,0.0,0.0,2,0,1
No Adaptive,5,944,eval,heuristic,player_win,-10.0,7,50.0,1,Very Easy,0.05,0.0,0,3099,2073,0.0,0.0,2,0,1
No Adaptive,5,945,eval,heuristic,agent_win,10.0,10,50.0,1,Very Easy,0.05,0.0,0,3099,2073,0.0,0.0,3,0,2
No Adaptive,5,946,eval,heuristic,agent_win,10.0,10,50.0,1,Very Easy,0.05,0.0,0,3099,2073,0.0,0.0,3,0,2
No Adaptive,5,947,eval,heuristic,player_win,-10.0,5,50.0,1,Very Easy,0.05,0.0,0,3099,2073,0.0,0.0,1,0,1
No Adaptive,5,948,eval,heuristic,player_win,-10.0,7,50.0,1,Very Easy,0.05,0.0,0,3099,2073,0.0,0.0,2,0,1
No Adaptive,5,949,eval,heuristic,agent_win,10.0,8,50.0,1,Very Easy,0.05,0.0,0,3099,2073,0.0,0.0,1,0,3
No Adaptive,5,950,eval,heuristic,agent_win,10.0,8,50.0,1,Very Easy,0.05,0.0,0,3099,2073,0.0,0.0,2,0,2
No Adaptive,5,951,eval,heuristic,player_win,-10.0,11,50.0,1,Very Easy,0.05,0.0,0,3099,2073,0.0,0.0,2,0,3
No Adaptive,5,952,eval,heuristic,player_win,-10.0,7,50.0,1,Very Easy,0.05,0.0,0,3099,2073,0.0,0.0,1,0,2
No Adaptive,5,953,eval,heuristic,player_win,-10.0,7,50.0,1,Very Easy,0.05,0.0,0,3099,2073,0.0,0.0,2,0,1
No Adaptive,5,954,eval,heuristic,agent_win,10.0,6,50.0,1,Very Easy,0.05,0.0,0,3099,2073,0.0,0.0,2,0,1
No Adaptive,5,955,eval,heuristic,player_win,-10.0,7,50.0,1,Very Easy,0.05,0.0,0,3099,2073,0.0,0.0,1,0,2
No Adaptive,5,956,eval,heuristic,player_win,-10.0,7,50.0,1,Very Easy,0.05,0.0,0,3099,2073,0.0,0.0,1,0,2
No Adaptive,5,957,eval,heuristic,player_win,-10.0,5,50.0,1,Very Easy,0.05,0.0,0,3099,2073,0.0,0.0,1,0,1
No Adaptive,5,958,eval,heuristic,player_win,-10.0,7,50.0,1,Very Easy,0.05,0.0,0,3099,2073,0.0,0.0,1,0,2
No Adaptive,5,959,eval,heuristic,agent_win,10.0,8,50.0,1,Very Easy,0.05,0.0,0,3099,2073,0.0,0.0,2,0,2
No Adaptive,5,960,eval,heuristic,player_win,-10.0,7,50.0,1,Very Easy,0.05,0.0,0,3099,2073,0.0,0.0,1,0,2
No Adaptive,5,961,eval,heuristic,agent_win,10.0,6,50.0,1,Very Easy,0.05,0.0,0,3099,2073,0.0,0.0,1,0,2
No Adaptive,5,962,eval,heuristic,agent_win,10.0,6,50.0,1,Very Easy,0.05,0.0,0,3099,2073,0.0,0.0,2,0,1
No Adaptive,5,963,eval,heuristic,player_win,-10.0,7,50.0,1,Very Easy,0.05,0.0,0,3099,2073,0.0,0.0,3,0,0
No Adaptive,5,964,eval,heuristic,player_win,-10.0,9,50.0,1,Very Easy,0.05,0.0,0,3099,2073,0.0,0.0,3,0,1
No Adaptive,5,965,eval,heuristic,player_win,-10.0,7,50.0,1,Very Easy,0.05,0.0,0,3099,2073,0.0,0.0,2,0,1
No Adaptive,5,966,eval,heuristic,agent_win,10.0,6,50.0,1,Very Easy,0.05,0.0,0,3099,2073,0.0,0.0,2,0,1
No Adaptive,5,967,eval,heuristic,agent_win,10.0,8,50.0,1,Very Easy,0.05,0.0,0,3099,2073,0.0,0.0,2,0,2
No Adaptive,5,968,eval,heuristic,player_win,-10.0,5,50.0,1,Very Easy,0.05,0.0,0,3099,2073,0.0,0.0,1,0,1
No Adaptive,5,969,eval,heuristic,agent_win,10.0,6,50.0,1,Very Easy,0.05,0.0,0,3099,2073,0.0,0.0,2,0,1
No Adaptive,5,970,eval,heuristic,player_win,-10.0,9,50.0,1,Very Easy,0.05,0.0,0,3099,2073,0.0,0.0,3,0,1
No Adaptive,5,971,eval,heuristic,agent_win,10.0,8,50.0,1,Very Easy,0.05,0.0,0,3099,2073,0.0,0.0,1,0,3
No Adaptive,5,972,eval,heuristic,agent_win,10.0,10,50.0,1,Very Easy,0.05,0.0,0,3099,2073,0.0,0.0,1,0,4
No Adaptive,5,973,eval,heuristic,player_win,-10.0,5,50.0,1,Very Easy,0.05,0.0,0,3099,2073,0.0,0.0,2,0,0
No Adaptive,5,974,eval,heuristic,player_win,-10.0,5,50.0,1,Very Easy,0.05,0.0,0,3099,2073,0.0,0.0,1,0,1
No Adaptive,5,975,eval,heuristic,player_win,-10.0,7,50.0,1,Very Easy,0.05,0.0,0,3099,2073,0.0,0.0,2,0,1
No Adaptive,5,976,eval,heuristic,agent_win,10.0,10,50.0,1,Very Easy,0.05,0.0,0,3099,2073,0.0,0.0,2,0,3
No Adaptive,5,977,eval,heuristic,player_win,-10.0,9,50.0,1,Very Easy,0.05,0.0,0,3099,2073,0.0,0.0,2,0,2
No Adaptive,5,978,eval,heuristic,agent_win,10.0,6,50.0,1,Very Easy,0.05,0.0,0,3099,2073,0.0,0.0,2,0,1
No Adaptive,5,979,eval,heuristic,player_win,-10.0,9,50.0,1,Very Easy,0.05,0.0,0,3099,2073,0.0,0.0,2,0,2
No Adaptive,5,980,eval,heuristic,player_win,-10.0,7,50.0,1,Very Easy,0.05,0.0,0,3099,2073,0.0,0.0,2,0,1
No Adaptive,5,981,eval,heuristic,player_win,-10.0,11,50.0,1,Very Easy,0.05,0.0,0,3099,2073,0.0,0.0,3,0,2
No Adaptive,5,982,eval,heuristic,player_win,-10.0,9,50.0,1,Very Easy,0.05,0.0,0,3099,2073,0.0,0.0,1,0,3
No Adaptive,5,983,eval,heuristic,player_win,-10.0,7,50.0,1,Very Easy,0.05,0.0,0,3099,2073,0.0,0.0,1,0,2
No Adaptive,5,984,eval,heuristic,agent_win,10.0,6,50.0,1,Very Easy,0.05,0.0,0,3099,2073,0.0,0.0,3,0,0
No Adaptive,5,985,eval,heuristic,player_win,-10.0,7,50.0,1,Very Easy,0.05,0.0,0,3099,2073,0.0,0.0,2,0,1
No Adaptive,5,986,eval,heuristic,player_win,-10.0,7,50.0,1,Very Easy,0.05,0.0,0,3099,2073,0.0,0.0,2,0,1
No Adaptive,5,987,eval,heuristic,player_win,-10.0,5,50.0,1,Very Easy,0.05,0.0,0,3099,2073,0.0,0.0,1,0,1
No Adaptive,5,988,eval,heuristic,player_win,-10.0,7,50.0,1,Very Easy,0.05,0.0,0,3099,2073,0.0,0.0,2,0,1
No Adaptive,5,989,eval,heuristic,player_win,-10.0,9,50.0,1,Very Easy,0.05,0.0,0,3099,2073,0.0,0.0,1,0,3
No Adaptive,5,990,eval,heuristic,player_win,-10.0,7,50.0,1,Very Easy,0.05,0.0,0,3099,2073,0.0,0.0,2,0,1
No Adaptive,5,991,eval,heuristic,agent_win,10.0,10,50.0,1,Very Easy,0.05,0.0,0,3099,2073,0.0,0.0,3,0,2
No Adaptive,5,992,eval,heuristic,player_win,-10.0,7,50.0,1,Very Easy,0.05,0.0,0,3099,2073,0.0,0.0,1,0,2
No Adaptive,5,993,eval,heuristic,player_win,-10.0,13,50.0,1,Very Easy,0.05,0.0,0,3099,2073,0.0,0.0,3,0,3
No Adaptive,5,994,eval,heuristic,agent_win,10.0,12,50.0,1,Very Easy,0.05,0.0,0,3099,2073,0.0,0.0,3,0,3
No Adaptive,5,995,eval,heuristic,player_win,-10.0,5,50.0,1,Very Easy,0.05,0.0,0,3099,2073,0.0,0.0,1,0,1
No Adaptive,5,996,eval,heuristic,agent_win,10.0,6,50.0,1,Very Easy,0.05,0.0,0,3099,2073,0.0,0.0,2,0,1
No Adaptive,5,997,eval,heuristic,agent_win,10.0,8,50.0,1,Very Easy,0.05,0.0,0,3099,2073,0.0,0.0,1,0,3
No Adaptive,5,998,eval,heuristic,agent_win,10.0,6,50.0,1,Very Easy,0.05,0.0,0,3099,2073,0.0,0.0,2,0,1
No Adaptive,5,999,eval,heuristic,player_win,-10.0,9,50.0,1,Very Easy,0.05,0.0,0,3099,2073,0.0,0.0,1,0,3
No Adaptive,5,1000,eval,heuristic,player_win,-10.0,9,50.0,1,Very Easy,0.05,0.0,0,3099,2073,0.0,0.0,1,0,3
