model,seed,episode,result,reward,move_count,agent_win_rate,player_win_rate,draw_rate,skill,skill_change,difficulty,difficulty_name,epsilon,effective_epsilon,avg_q_change,max_q_change,q_updates,episode_q_updates,learned_states,tactical_moves,epsilon_moves,q_policy_moves,use_q_learning,use_tactical,use_adaptive,use_epsilon
Full Model,1,1,P,-10.0,5,0.0,100.0,0.0,60,10,1,Very Easy,0.95,1.0,1.5,3.0,2,2,2,0,2,0,True,True,True,True
Full Model,1,2,P,-10.0,5,0.0,100.0,0.0,70,10,1,Very Easy,0.9025,1.0,1.5,3.0,4,2,4,0,2,0,True,True,True,True
Full Model,1,3,P,-10.0,5,0.0,100.0,0.0,80,10,5,Expert,0.8573749999999999,0.21434374999999997,1.5,3.0,6,2,5,0,2,0,True,True,True,True
Full Model,1,4,P,-10.0,5,0.0,100.0,0.0,90,10,5,Expert,0.8145062499999999,0.20362656249999997,1.5,3.0,8,2,7,1,0,1,True,True,True,True
Full Model,1,5,P,-10.0,5,0.0,100.0,0.0,100,10,5,Expert,0.7737809374999999,0.19344523437499997,1.5,3.0,10,2,8,2,0,0,True,True,True,True
Full Model,1,6,P,-10.0,5,0.0,100.0,0.0,100,0,5,Expert,0.7350918906249998,0.18377297265624995,1.0500001907348633,2.1000003814697266,12,2,8,2,0,0,True,True,True,True
Full Model,1,7,P,-10.0,5,0.0,100.0,0.0,100,0,5,Expert,0.6983372960937497,0.17458432402343743,1.5,3.0,14,2,9,2,0,0,True,True,True,True
Full Model,1,8,P,-10.0,5,0.0,100.0,0.0,100,0,5,Expert,0.6634204312890623,0.16585510782226556,1.5,3.0,16,2,11,2,0,0,True,True,True,True
Full Model,1,9,P,-10.0,5,0.0,100.0,0.0,100,0,5,Expert,0.6302494097246091,0.15756235243115227,1.0500001907348633,2.1000003814697266,18,2,11,2,0,0,True,True,True,True
Full Model,1,10,P,-10.0,5,0.0,100.0,0.0,100,0,5,Expert,0.5987369392383786,0.14968423480959464,1.5,3.0,20,2,12,2,0,0,True,True,True,True
Full Model,1,11,P,-10.0,5,0.0,100.0,0.0,100,0,5,Expert,0.5688000922764596,0.1422000230691149,1.0500001907348633,2.1000003814697266,22,2,12,2,0,0,True,True,True,True
Full Model,1,12,P,-10.0,5,0.0,100.0,0.0,100,0,5,Expert,0.5403600876626365,0.13509002191565914,1.0500001907348633,2.1000003814697266,24,2,12,2,0,0,True,True,True,True
Full Model,1,13,P,-10.0,5,0.0,100.0,0.0,100,0,5,Expert,0.5133420832795047,0.12833552081987618,1.0500001907348633,2.1000003814697266,26,2,12,2,0,0,True,True,True,True
Full Model,1,14,P,-10.0,5,0.0,100.0,0.0,100,0,5,Expert,0.48767497911552943,0.12191874477888236,0.7349998950958252,1.4699997901916504,28,2,12,2,0,0,True,True,True,True
Full Model,1,15,P,-10.0,5,0.0,100.0,0.0,100,0,5,Expert,0.46329123015975293,0.11582280753993823,1.5,3.0,30,2,13,2,0,0,True,True,True,True
Full Model,1,16,P,-10.0,5,0.0,100.0,0.0,100,0,5,Expert,0.44012666865176525,0.11003166716294131,1.5,3.0,32,2,14,2,0,0,True,True,True,True
Full Model,1,17,P,-10.0,5,0.0,100.0,0.0,100,0,5,Expert,0.41812033521917696,0.10453008380479424,0.7349998950958252,1.4699997901916504,34,2,14,2,0,0,True,True,True,True
Full Model,1,18,P,-10.0,5,0.0,100.0,0.0,100,0,5,Expert,0.3972143184582181,0.09930357961455452,1.5,3.0,36,2,15,2,0,0,True,True,True,True
Full Model,1,19,P,-10.0,5,0.0,100.0,0.0,100,0,5,Expert,0.37735360253530714,0.09433840063382679,1.5,3.0,38,2,15,1,0,1,True,True,True,True
Full Model,1,20,P,-10.0,5,0.0,100.0,0.0,100,0,5,Expert,0.35848592240854177,0.08962148060213544,1.0500001907348633,2.1000003814697266,40,2,15,2,0,0,True,True,True,True
Full Model,1,21,P,-10.0,5,0.0,100.0,0.0,100,0,5,Expert,0.34056162628811465,0.08514040657202866,1.0500001907348633,2.1000003814697266,42,2,15,2,0,0,True,True,True,True
Full Model,1,22,P,-10.0,5,0.0,100.0,0.0,100,0,5,Expert,0.3235335449737089,0.08088338624342722,0.5144999027252197,1.0289998054504395,44,2,15,2,0,0,True,True,True,True
Full Model,1,23,P,-10.0,5,0.0,100.0,0.0,100,0,5,Expert,0.30735686772502346,0.07683921693125587,1.5,3.0,46,2,16,2,0,0,True,True,True,True
Full Model,1,24,P,-10.0,5,0.0,100.0,0.0,100,0,5,Expert,0.2919890243387723,0.07299725608469307,1.0500001907348633,2.1000003814697266,48,2,16,2,0,0,True,True,True,True
Full Model,1,25,P,-10.0,5,0.0,100.0,0.0,100,0,5,Expert,0.27738957312183365,0.06934739328045841,0.7349998950958252,1.4699997901916504,50,2,16,2,0,0,True,True,True,True
Full Model,1,26,P,-10.0,5,0.0,100.0,0.0,100,0,5,Expert,0.263520094465742,0.0658800236164355,1.5,3.0,52,2,17,2,0,0,True,True,True,True
Full Model,1,27,P,-10.0,5,0.0,100.0,0.0,100,0,5,Expert,0.25034408974245487,0.06258602243561372,0.7349998950958252,1.4699997901916504,54,2,17,2,0,0,True,True,True,True
Full Model,1,28,P,-10.0,5,0.0,100.0,0.0,100,0,5,Expert,0.2378268852553321,0.059456721313833026,1.5,3.0,56,2,17,1,0,1,True,True,True,True
Full Model,1,29,P,-10.0,5,0.0,100.0,0.0,100,0,5,Expert,0.2259355409925655,0.05648388524814137,0.7349998950958252,1.4699997901916504,58,2,17,2,0,0,True,True,True,True
Full Model,1,30,P,-10.0,5,0.0,100.0,0.0,100,0,5,Expert,0.2146387639429372,0.0536596909857343,0.3601498603820801,0.7202997207641602,60,2,17,2,0,0,True,True,True,True
Full Model,1,31,P,-10.0,5,0.0,100.0,0.0,100,0,5,Expert,0.20390682574579033,0.05097670643644758,1.5,3.0,62,2,18,1,0,1,True,True,True,True
Full Model,1,32,P,-10.0,5,0.0,100.0,0.0,100,0,5,Expert,0.1937114844585008,0.05,0.5144999027252197,1.0289998054504395,64,2,18,2,0,0,True,True,True,True
Full Model,1,33,P,-10.0,5,0.0,100.0,0.0,100,0,5,Expert,0.18402591023557577,0.05,1.5,3.0,66,2,18,1,0,1,True,True,True,True
Full Model,1,34,P,-10.0,5,0.0,100.0,0.0,100,0,5,Expert,0.17482461472379698,0.05,0.5144999027252197,1.0289998054504395,68,2,18,2,0,0,True,True,True,True
Full Model,1,35,P,-10.0,5,0.0,100.0,0.0,100,0,5,Expert,0.16608338398760714,0.05,1.5,3.0,70,2,19,2,0,0,True,True,True,True
Full Model,1,36,P,-10.0,5,0.0,100.0,0.0,100,0,5,Expert,0.15777921478822676,0.05,1.0500001907348633,2.1000003814697266,72,2,19,2,0,0,True,True,True,True
Full Model,1,37,P,-10.0,5,0.0,100.0,0.0,100,0,5,Expert,0.14989025404881542,0.05,0.5144999027252197,1.0289998054504395,74,2,19,2,0,0,True,True,True,True
Full Model,1,38,P,-10.0,5,0.0,100.0,0.0,100,0,5,Expert,0.14239574134637464,0.05,1.5,3.0,76,2,19,1,0,1,True,True,True,True
Full Model,1,39,P,-10.0,5,0.0,100.0,0.0,100,0,5,Expert,0.1352759542790559,0.05,0.7349998950958252,1.4699997901916504,78,2,19,2,0,0,True,True,True,True
Full Model,1,40,P,-10.0,5,0.0,100.0,0.0,100,0,5,Expert,0.1285121565651031,0.05,0.3601498603820801,0.7202997207641602,80,2,19,2,0,0,True,True,True,True
Full Model,1,41,P,-10.0,5,0.0,100.0,0.0,100,0,5,Expert,0.12208654873684793,0.05,1.5,3.0,82,2,19,1,0,1,True,True,True,True
Full Model,1,42,P,-10.0,5,0.0,100.0,0.0,100,0,5,Expert,0.11598222130000553,0.05,0.3601498603820801,0.7202997207641602,84,2,19,2,0,0,True,True,True,True
Full Model,1,43,P,-10.0,5,0.0,100.0,0.0,100,0,5,Expert,0.11018311023500525,0.05,1.5,3.0,86,2,20,2,0,0,True,True,True,True
Full Model,1,44,P,-10.0,5,0.0,100.0,0.0,100,0,5,Expert,0.10467395472325498,0.05,0.5144999027252197,1.0289998054504395,88,2,20,2,0,0,True,True,True,True
Full Model,1,45,P,-10.0,5,0.0,100.0,0.0,100,0,5,Expert,0.09944025698709223,0.05,0.7349998950958252,1.4699997901916504,90,2,20,2,0,0,True,True,True,True
Full Model,1,46,P,-10.0,5,0.0,100.0,0.0,100,0,5,Expert,0.09446824413773762,0.05,0.2521052360534668,0.5042104721069336,92,2,20,2,0,0,True,True,True,True
Full Model,1,47,P,-10.0,5,0.0,100.0,0.0,100,0,5,Expert,0.08974483193085074,0.05,0.17647361755371094,0.3529472351074219,94,2,20,2,0,0,True,True,True,True
Full Model,1,48,P,-10.0,5,0.0,100.0,0.0,100,0,5,Expert,0.0852575903343082,0.05,0.2521052360534668,0.5042104721069336,96,2,20,2,0,0,True,True,True,True
Full Model,1,49,P,-10.0,5,0.0,100.0,0.0,100,0,5,Expert,0.08099471081759278,0.05,1.0500001907348633,2.1000003814697266,98,2,20,2,0,0,True,True,True,True
Full Model,1,50,P,-10.0,5,0.0,100.0,0.0,100,0,5,Expert,0.07694497527671314,0.05,0.5144999027252197,1.0289998054504395,100,2,20,2,0,0,True,True,True,True
Full Model,1,51,P,-10.0,5,0.0,100.0,0.0,100,0,5,Expert,0.07309772651287748,0.05,0.7349998950958252,1.4699997901916504,102,2,20,2,0,0,True,True,True,True
Full Model,1,52,P,-10.0,5,0.0,100.0,0.0,100,0,5,Expert,0.0694428401872336,0.05,0.7349998950958252,1.4699997901916504,104,2,20,2,0,0,True,True,True,True
Full Model,1,53,P,-10.0,5,0.0,100.0,0.0,100,0,5,Expert,0.0659706981778719,0.05,1.0500001907348633,2.1000003814697266,106,2,20,2,0,0,True,True,True,True
Full Model,1,54,P,-10.0,5,0.0,100.0,0.0,100,0,5,Expert,0.0626721632689783,0.05,0.3601498603820801,0.7202997207641602,108,2,20,2,0,0,True,True,True,True
Full Model,1,55,P,-10.0,5,0.0,100.0,0.0,100,0,5,Expert,0.059538555105529384,0.05,0.3601498603820801,0.7202997207641602,110,2,20,2,0,0,True,True,True,True
Full Model,1,56,P,-10.0,5,0.0,100.0,0.0,100,0,5,Expert,0.05656162735025291,0.05,0.17647361755371094,0.3529472351074219,112,2,20,2,0,0,True,True,True,True
Full Model,1,57,P,-10.0,5,0.0,100.0,0.0,100,0,5,Expert,0.053733545982740265,0.05,1.5,3.0,114,2,20,1,0,1,True,True,True,True
Full Model,1,58,P,-10.0,5,0.0,100.0,0.0,100,0,5,Expert,0.05104686868360325,0.05,0.2521052360534668,0.5042104721069336,116,2,20,2,0,0,True,True,True,True
Full Model,1,59,P,-10.0,5,0.0,100.0,0.0,100,0,5,Expert,0.05,0.05,0.2521052360534668,0.5042104721069336,118,2,20,2,0,0,True,True,True,True
Full Model,1,60,P,-10.0,5,0.0,100.0,0.0,100,0,5,Expert,0.05,0.05,1.5,3.0,120,2,20,1,0,1,True,True,True,True
Full Model,1,61,P,-10.0,5,0.0,100.0,0.0,100,0,5,Expert,0.05,0.05,1.5,3.0,122,2,21,1,0,1,True,True,True,True
Full Model,1,62,P,-10.0,5,0.0,100.0,0.0,100,0,5,Expert,0.05,0.05,0.17647361755371094,0.3529472351074219,124,2,21,2,0,0,True,True,True,True
Full Model,1,63,P,-10.0,5,0.0,100.0,0.0,100,0,5,Expert,0.05,0.05,0.7349998950958252,1.4699997901916504,126,2,21,2,0,0,True,True,True,True
Full Model,1,64,P,-10.0,5,0.0,100.0,0.0,100,0,5,Expert,0.05,0.05,0.12353134155273438,0.24706268310546875,128,2,21,2,0,0,True,True,True,True
Full Model,1,65,P,-10.0,5,0.0,100.0,0.0,100,0,5,Expert,0.05,0.05,0.5144999027252197,1.0289998054504395,130,2,21,2,0,0,True,True,True,True
Full Model,1,66,P,-10.0,5,0.0,100.0,0.0,100,0,5,Expert,0.05,0.05,0.5144999027252197,1.0289998054504395,132,2,21,2,0,0,True,True,True,True
Full Model,1,67,P,-10.0,5,0.0,100.0,0.0,100,0,5,Expert,0.05,0.05,0.3601498603820801,0.7202997207641602,134,2,21,2,0,0,True,True,True,True
Full Model,1,68,P,-10.0,5,0.0,100.0,0.0,100,0,5,Expert,0.05,0.05,0.7349998950958252,1.4699997901916504,136,2,21,1,0,1,True,True,True,True
Full Model,1,69,P,-10.0,5,0.0,100.0,0.0,100,0,5,Expert,0.05,0.05,0.3601498603820801,0.7202997207641602,138,2,21,2,0,0,True,True,True,True
Full Model,1,70,P,-10.0,5,0.0,100.0,0.0,100,0,5,Expert,0.05,0.05,0.5144999027252197,1.0289998054504395,140,2,21,2,0,0,True,True,True,True
Full Model,1,71,P,-10.0,5,0.0,100.0,0.0,100,0,5,Expert,0.05,0.05,0.5144999027252197,1.0289998054504395,142,2,21,2,0,0,True,True,True,True
Full Model,1,72,P,-10.0,5,0.0,100.0,0.0,100,0,5,Expert,0.05,0.05,0.12353134155273438,0.24706268310546875,144,2,21,2,0,0,True,True,True,True
Full Model,1,73,P,-10.0,5,0.0,100.0,0.0,100,0,5,Expert,0.05,0.05,0.5144999027252197,1.0289998054504395,146,2,21,2,0,0,True,True,True,True
Full Model,1,74,P,-10.0,5,0.0,100.0,0.0,100,0,5,Expert,0.05,0.05,0.3601498603820801,0.7202997207641602,148,2,21,2,0,0,True,True,True,True
Full Model,1,75,P,-10.0,5,0.0,100.0,0.0,100,0,5,Expert,0.05,0.05,1.0500001907348633,2.1000003814697266,150,2,21,1,1,0,True,True,True,True
Full Model,1,76,P,-10.0,5,0.0,100.0,0.0,100,0,5,Expert,0.05,0.05,0.2521052360534668,0.5042104721069336,152,2,21,2,0,0,True,True,True,True
Full Model,1,77,P,-10.0,5,0.0,100.0,0.0,100,0,5,Expert,0.05,0.05,0.3601498603820801,0.7202997207641602,154,2,21,2,0,0,True,True,True,True
Full Model,1,78,P,-10.0,5,0.0,100.0,0.0,100,0,5,Expert,0.05,0.05,1.5,3.0,156,2,21,1,0,1,True,True,True,True
Full Model,1,79,P,-10.0,5,0.0,100.0,0.0,100,0,5,Expert,0.05,0.05,1.5,3.0,158,2,21,1,0,1,True,True,True,True
Full Model,1,80,P,-10.0,5,0.0,100.0,0.0,100,0,5,Expert,0.05,0.05,1.5,3.0,160,2,22,1,0,1,True,True,True,True
Full Model,1,81,P,-10.0,5,0.0,100.0,0.0,100,0,5,Expert,0.05,0.05,0.17647361755371094,0.3529472351074219,162,2,22,2,0,0,True,True,True,True
Full Model,1,82,P,-10.0,5,0.0,100.0,0.0,100,0,5,Expert,0.05,0.05,0.2521052360534668,0.5042104721069336,164,2,22,2,0,0,True,True,True,True
Full Model,1,83,P,-10.0,5,0.0,100.0,0.0,100,0,5,Expert,0.05,0.05,0.12353134155273438,0.24706268310546875,166,2,22,2,0,0,True,True,True,True
Full Model,1,84,P,-10.0,5,0.0,100.0,0.0,100,0,5,Expert,0.05,0.05,0.2521052360534668,0.5042104721069336,168,2,22,2,0,0,True,True,True,True
Full Model,1,85,P,-10.0,5,0.0,100.0,0.0,100,0,5,Expert,0.05,0.05,1.0500001907348633,2.1000003814697266,170,2,22,2,0,0,True,True,True,True
Full Model,1,86,P,-10.0,5,0.0,100.0,0.0,100,0,5,Expert,0.05,0.05,0.2521052360534668,0.5042104721069336,172,2,22,2,0,0,True,True,True,True
Full Model,1,87,P,-10.0,5,0.0,100.0,0.0,100,0,5,Expert,0.05,0.05,1.5,3.0,174,2,22,1,0,1,True,True,True,True
Full Model,1,88,P,-10.0,5,0.0,100.0,0.0,100,0,5,Expert,0.05,0.05,1.5,3.0,176,2,22,1,0,1,True,True,True,True
Full Model,1,89,P,-10.0,5,0.0,100.0,0.0,100,0,5,Expert,0.05,0.05,0.0864720344543457,0.1729440689086914,178,2,22,2,0,0,True,True,True,True
Full Model,1,90,P,-10.0,5,0.0,100.0,0.0,100,0,5,Expert,0.05,0.05,0.17647361755371094,0.3529472351074219,180,2,22,1,0,1,True,True,True,True
Full Model,1,91,P,-10.0,5,0.0,100.0,0.0,100,0,5,Expert,0.05,0.05,1.5,3.0,182,2,22,1,0,1,True,True,True,True
Full Model,1,92,P,-10.0,5,0.0,100.0,0.0,100,0,5,Expert,0.05,0.05,0.3601498603820801,0.7202997207641602,184,2,22,2,0,0,True,True,True,True
Full Model,1,93,P,-10.0,5,0.0,100.0,0.0,100,0,5,Expert,0.05,0.05,0.17647361755371094,0.3529472351074219,186,2,22,2,0,0,True,True,True,True
Full Model,1,94,P,-10.0,5,0.0,100.0,0.0,100,0,5,Expert,0.05,0.05,0.17647361755371094,0.3529472351074219,188,2,22,2,0,0,True,True,True,True
Full Model,1,95,P,-10.0,5,0.0,100.0,0.0,100,0,5,Expert,0.05,0.05,0.2521052360534668,0.5042104721069336,190,2,22,2,0,0,True,True,True,True
Full Model,1,96,P,-10.0,5,0.0,100.0,0.0,100,0,5,Expert,0.05,0.05,0.17647361755371094,0.3529472351074219,192,2,22,2,0,0,True,True,True,True
Full Model,1,97,P,-10.0,5,0.0,100.0,0.0,100,0,5,Expert,0.05,0.05,0.2521052360534668,0.5042104721069336,194,2,22,2,0,0,True,True,True,True
Full Model,1,98,P,-10.0,5,0.0,100.0,0.0,100,0,5,Expert,0.05,0.05,0.7349998950958252,1.4699997901916504,196,2,22,2,0,0,True,True,True,True
Full Model,1,99,P,-10.0,5,0.0,100.0,0.0,100,0,5,Expert,0.05,0.05,0.12353134155273438,0.24706268310546875,198,2,22,2,0,0,True,True,True,True
Full Model,1,100,P,-10.0,5,0.0,100.0,0.0,100,0,5,Expert,0.05,0.05,0.12353134155273438,0.24706268310546875,200,2,22,2,0,0,True,True,True,True
Full Model,2,1,P,-10.0,5,0.0,100.0,0.0,60,10,1,Very Easy,0.95,1.0,1.5,3.0,2,2,2,0,2,0,True,True,True,True
Full Model,2,2,P,-10.0,5,0.0,100.0,0.0,70,10,1,Very Easy,0.9025,1.0,1.5,3.0,4,2,4,0,2,0,True,True,True,True
Full Model,2,3,P,-10.0,5,0.0,100.0,0.0,80,10,5,Expert,0.8573749999999999,0.21434374999999997,1.5,3.0,6,2,6,0,2,0,True,True,True,True
Full Model,2,4,P,-10.0,5,0.0,100.0,0.0,90,10,5,Expert,0.8145062499999999,0.20362656249999997,1.5,3.0,8,2,8,2,0,0,True,True,True,True
Full Model,2,5,P,-10.0,5,0.0,100.0,0.0,100,10,5,Expert,0.7737809374999999,0.19344523437499997,1.5,3.0,10,2,9,2,0,0,True,True,True,True
Full Model,2,6,P,-10.0,5,0.0,100.0,0.0,100,0,5,Expert,0.7350918906249998,0.18377297265624995,1.5,3.0,12,2,9,1,0,1,True,True,True,True
Full Model,2,7,P,-10.0,5,0.0,100.0,0.0,100,0,5,Expert,0.6983372960937497,0.17458432402343743,1.5,3.0,14,2,10,1,0,1,True,True,True,True
Full Model,2,8,P,-10.0,5,0.0,100.0,0.0,100,0,5,Expert,0.6634204312890623,0.16585510782226556,1.5,3.0,16,2,11,2,0,0,True,True,True,True
Full Model,2,9,P,-10.0,5,0.0,100.0,0.0,100,0,5,Expert,0.6302494097246091,0.15756235243115227,1.5,3.0,18,2,11,2,0,0,True,True,True,True
Full Model,2,10,P,-10.0,5,0.0,100.0,0.0,100,0,5,Expert,0.5987369392383786,0.14968423480959464,1.5,3.0,20,2,12,2,0,0,True,True,True,True
Full Model,2,11,P,-10.0,5,0.0,100.0,0.0,100,0,5,Expert,0.5688000922764596,0.1422000230691149,1.5,3.0,22,2,13,1,0,1,True,True,True,True
Full Model,2,12,P,-10.0,5,0.0,100.0,0.0,100,0,5,Expert,0.5403600876626365,0.13509002191565914,1.0500001907348633,2.1000003814697266,24,2,13,2,0,0,True,True,True,True
Full Model,2,13,P,-10.0,5,0.0,100.0,0.0,100,0,5,Expert,0.5133420832795047,0.12833552081987618,1.5,3.0,26,2,14,2,0,0,True,True,True,True
Full Model,2,14,P,-10.0,5,0.0,100.0,0.0,100,0,5,Expert,0.48767497911552943,0.12191874477888236,1.5,3.0,28,2,15,2,0,0,True,True,True,True
Full Model,2,15,P,-10.0,5,0.0,100.0,0.0,100,0,5,Expert,0.46329123015975293,0.11582280753993823,1.5,3.0,30,2,16,1,1,0,True,True,True,True
Full Model,2,16,P,-10.0,5,0.0,100.0,0.0,100,0,5,Expert,0.44012666865176525,0.11003166716294131,1.5,3.0,32,2,17,2,0,0,True,True,True,True
Full Model,2,17,P,-10.0,5,0.0,100.0,0.0,100,0,5,Expert,0.41812033521917696,0.10453008380479424,1.0500001907348633,2.1000003814697266,34,2,17,2,0,0,True,True,True,True
Full Model,2,18,P,-10.0,5,0.0,100.0,0.0,100,0,5,Expert,0.3972143184582181,0.09930357961455452,1.0500001907348633,2.1000003814697266,36,2,17,2,0,0,True,True,True,True
Full Model,2,19,P,-10.0,5,0.0,100.0,0.0,100,0,5,Expert,0.37735360253530714,0.09433840063382679,1.5,3.0,38,2,18,2,0,0,True,True,True,True
Full Model,2,20,P,-10.0,5,0.0,100.0,0.0,100,0,5,Expert,0.35848592240854177,0.08962148060213544,1.0500001907348633,2.1000003814697266,40,2,18,2,0,0,True,True,True,True
Full Model,2,21,P,-10.0,5,0.0,100.0,0.0,100,0,5,Expert,0.34056162628811465,0.08514040657202866,0.7349998950958252,1.4699997901916504,42,2,18,2,0,0,True,True,True,True
Full Model,2,22,P,-10.0,5,0.0,100.0,0.0,100,0,5,Expert,0.3235335449737089,0.08088338624342722,1.0500001907348633,2.1000003814697266,44,2,18,2,0,0,True,True,True,True
Full Model,2,23,P,-10.0,5,0.0,100.0,0.0,100,0,5,Expert,0.30735686772502346,0.07683921693125587,1.0500001907348633,2.1000003814697266,46,2,18,2,0,0,True,True,True,True
Full Model,2,24,P,-10.0,5,0.0,100.0,0.0,100,0,5,Expert,0.2919890243387723,0.07299725608469307,1.0500001907348633,2.1000003814697266,48,2,18,2,0,0,True,True,True,True
Full Model,2,25,P,-10.0,5,0.0,100.0,0.0,100,0,5,Expert,0.27738957312183365,0.06934739328045841,1.5,3.0,50,2,19,2,0,0,True,True,True,True
Full Model,2,26,P,-10.0,5,0.0,100.0,0.0,100,0,5,Expert,0.263520094465742,0.0658800236164355,0.7349998950958252,1.4699997901916504,52,2,19,2,0,0,True,True,True,True
Full Model,2,27,P,-10.0,5,0.0,100.0,0.0,100,0,5,Expert,0.25034408974245487,0.06258602243561372,0.7349998950958252,1.4699997901916504,54,2,19,2,0,0,True,True,True,True
Full Model,2,28,P,-10.0,5,0.0,100.0,0.0,100,0,5,Expert,0.2378268852553321,0.059456721313833026,0.7349998950958252,1.4699997901916504,56,2,19,2,0,0,True,True,True,True
Full Model,2,29,P,-10.0,5,0.0,100.0,0.0,100,0,5,Expert,0.2259355409925655,0.05648388524814137,1.0500001907348633,2.1000003814697266,58,2,19,2,0,0,True,True,True,True
Full Model,2,30,P,-10.0,5,0.0,100.0,0.0,100,0,5,Expert,0.2146387639429372,0.0536596909857343,1.5,3.0,60,2,19,1,0,1,True,True,True,True
Full Model,2,31,P,-10.0,5,0.0,100.0,0.0,100,0,5,Expert,0.20390682574579033,0.05097670643644758,0.7349998950958252,1.4699997901916504,62,2,19,2,0,0,True,True,True,True
Full Model,2,32,P,-10.0,5,0.0,100.0,0.0,100,0,5,Expert,0.1937114844585008,0.05,0.5144999027252197,1.0289998054504395,64,2,19,2,0,0,True,True,True,True
Full Model,2,33,P,-10.0,5,0.0,100.0,0.0,100,0,5,Expert,0.18402591023557577,0.05,0.5144999027252197,1.0289998054504395,66,2,19,2,0,0,True,True,True,True
Full Model,2,34,P,-10.0,5,0.0,100.0,0.0,100,0,5,Expert,0.17482461472379698,0.05,0.5144999027252197,1.0289998054504395,68,2,19,2,0,0,True,True,True,True
Full Model,2,35,P,-10.0,5,0.0,100.0,0.0,100,0,5,Expert,0.16608338398760714,0.05,0.7349998950958252,1.4699997901916504,70,2,19,2,0,0,True,True,True,True
Full Model,2,36,P,-10.0,5,0.0,100.0,0.0,100,0,5,Expert,0.15777921478822676,0.05,1.0500001907348633,2.1000003814697266,72,2,19,2,0,0,True,True,True,True
Full Model,2,37,P,-10.0,5,0.0,100.0,0.0,100,0,5,Expert,0.14989025404881542,0.05,1.5,3.0,74,2,19,1,0,1,True,True,True,True
Full Model,2,38,P,-10.0,5,0.0,100.0,0.0,100,0,5,Expert,0.14239574134637464,0.05,0.3601498603820801,0.7202997207641602,76,2,19,2,0,0,True,True,True,True
Full Model,2,39,P,-10.0,5,0.0,100.0,0.0,100,0,5,Expert,0.1352759542790559,0.05,0.3601498603820801,0.7202997207641602,78,2,19,2,0,0,True,True,True,True
Full Model,2,40,P,-10.0,5,0.0,100.0,0.0,100,0,5,Expert,0.1285121565651031,0.05,0.5144999027252197,1.0289998054504395,80,2,19,2,0,0,True,True,True,True
Full Model,2,41,P,-10.0,5,0.0,100.0,0.0,100,0,5,Expert,0.12208654873684793,0.05,0.3601498603820801,0.7202997207641602,82,2,19,2,0,0,True,True,True,True
Full Model,2,42,P,-10.0,5,0.0,100.0,0.0,100,0,5,Expert,0.11598222130000553,0.05,0.2521052360534668,0.5042104721069336,84,2,19,2,0,0,True,True,True,True
Full Model,2,43,P,-10.0,5,0.0,100.0,0.0,100,0,5,Expert,0.11018311023500525,0.05,0.5144999027252197,1.0289998054504395,86,2,19,2,0,0,True,True,True,True
Full Model,2,44,P,-10.0,5,0.0,100.0,0.0,100,0,5,Expert,0.10467395472325498,0.05,1.0500001907348633,2.1000003814697266,88,2,19,2,0,0,True,True,True,True
Full Model,2,45,P,-10.0,5,0.0,100.0,0.0,100,0,5,Expert,0.09944025698709223,0.05,0.2521052360534668,0.5042104721069336,90,2,19,2,0,0,True,True,True,True
Full Model,2,46,P,-10.0,5,0.0,100.0,0.0,100,0,5,Expert,0.09446824413773762,0.05,0.7349998950958252,1.4699997901916504,92,2,19,2,0,0,True,True,True,True
Full Model,2,47,P,-10.0,5,0.0,100.0,0.0,100,0,5,Expert,0.08974483193085074,0.05,0.5144999027252197,1.0289998054504395,94,2,19,2,0,0,True,True,True,True
Full Model,2,48,P,-10.0,5,0.0,100.0,0.0,100,0,5,Expert,0.0852575903343082,0.05,0.2521052360534668,0.5042104721069336,96,2,19,2,0,0,True,True,True,True
Full Model,2,49,P,-10.0,5,0.0,100.0,0.0,100,0,5,Expert,0.08099471081759278,0.05,1.5,3.0,98,2,19,1,0,1,True,True,True,True
Full Model,2,50,P,-10.0,5,0.0,100.0,0.0,100,0,5,Expert,0.07694497527671314,0.05,0.17647361755371094,0.3529472351074219,100,2,19,2,0,0,True,True,True,True
Full Model,2,51,P,-10.0,5,0.0,100.0,0.0,100,0,5,Expert,0.07309772651287748,0.05,0.3601498603820801,0.7202997207641602,102,2,19,2,0,0,True,True,True,True
Full Model,2,52,P,-10.0,7,0.0,100.0,0.0,100,0,5,Expert,0.0694428401872336,0.05,1.0,3.0,105,3,21,2,0,1,True,True,True,True
Full Model,2,53,P,-10.0,5,0.0,100.0,0.0,100,0,5,Expert,0.0659706981778719,0.05,1.0500001907348633,2.1000003814697266,107,2,21,2,0,0,True,True,True,True
Full Model,2,54,P,-10.0,5,0.0,100.0,0.0,100,0,5,Expert,0.0626721632689783,0.05,0.7349998950958252,1.4699997901916504,109,2,21,2,0,0,True,True,True,True
Full Model,2,55,P,-10.0,5,0.0,100.0,0.0,100,0,5,Expert,0.059538555105529384,0.05,0.7349998950958252,1.4699997901916504,111,2,21,2,0,0,True,True,True,True
Full Model,2,56,P,-10.0,7,0.0,100.0,0.0,100,0,5,Expert,0.05656162735025291,0.05,1.0,3.0,114,3,23,2,0,1,True,True,True,True
Full Model,2,57,P,-10.0,5,0.0,100.0,0.0,100,0,5,Expert,0.053733545982740265,0.05,0.5144999027252197,1.0289998054504395,116,2,23,2,0,0,True,True,True,True
Full Model,2,58,P,-10.0,5,0.0,100.0,0.0,100,0,5,Expert,0.05104686868360325,0.05,0.17647361755371094,0.3529472351074219,118,2,23,2,0,0,True,True,True,True
Full Model,2,59,P,-10.0,5,0.0,100.0,0.0,100,0,5,Expert,0.05,0.05,1.5,3.0,120,2,23,1,0,1,True,True,True,True
Full Model,2,60,P,-10.0,5,0.0,100.0,0.0,100,0,5,Expert,0.05,0.05,0.3601498603820801,0.7202997207641602,122,2,23,2,0,0,True,True,True,True
Full Model,2,61,P,-10.0,5,0.0,100.0,0.0,100,0,5,Expert,0.05,0.05,1.5,3.0,124,2,24,1,0,1,True,True,True,True
Full Model,2,62,P,-10.0,5,0.0,100.0,0.0,100,0,5,Expert,0.05,0.05,0.2521052360534668,0.5042104721069336,126,2,24,2,0,0,True,True,True,True
Full Model,2,63,P,-10.0,5,0.0,100.0,0.0,100,0,5,Expert,0.05,0.05,0.5144999027252197,1.0289998054504395,128,2,24,2,0,0,True,True,True,True
Full Model,2,64,P,-10.0,5,0.0,100.0,0.0,100,0,5,Expert,0.05,0.05,0.2521052360534668,0.5042104721069336,130,2,24,2,0,0,True,True,True,True
Full Model,2,65,P,-10.0,5,0.0,100.0,0.0,100,0,5,Expert,0.05,0.05,0.17647361755371094,0.3529472351074219,132,2,24,2,0,0,True,True,True,True
Full Model,2,66,P,-10.0,5,0.0,100.0,0.0,100,0,5,Expert,0.05,0.05,0.12353134155273438,0.24706268310546875,134,2,24,2,0,0,True,True,True,True
Full Model,2,67,P,-10.0,5,0.0,100.0,0.0,100,0,5,Expert,0.05,0.05,0.7349998950958252,1.4699997901916504,136,2,24,1,0,1,True,True,True,True
Full Model,2,68,P,-10.0,5,0.0,100.0,0.0,100,0,5,Expert,0.05,0.05,0.0864720344543457,0.1729440689086914,138,2,24,2,0,0,True,True,True,True
Full Model,2,69,P,-10.0,5,0.0,100.0,0.0,100,0,5,Expert,0.05,0.05,0.5144999027252197,1.0289998054504395,140,2,24,2,0,0,True,True,True,True
Full Model,2,70,P,-10.0,5,0.0,100.0,0.0,100,0,5,Expert,0.05,0.05,0.06053018569946289,0.12106037139892578,142,2,24,2,0,0,True,True,True,True
Full Model,2,71,P,-10.0,5,0.0,100.0,0.0,100,0,5,Expert,0.05,0.05,0.12353134155273438,0.24706268310546875,144,2,24,2,0,0,True,True,True,True
Full Model,2,72,P,-10.0,5,0.0,100.0,0.0,100,0,5,Expert,0.05,0.05,0.3601498603820801,0.7202997207641602,146,2,24,2,0,0,True,True,True,True
Full Model,2,73,P,-10.0,5,0.0,100.0,0.0,100,0,5,Expert,0.05,0.05,0.2521052360534668,0.5042104721069336,148,2,24,2,0,0,True,True,True,True
Full Model,2,74,P,-10.0,5,0.0,100.0,0.0,100,0,5,Expert,0.05,0.05,0.3601498603820801,0.7202997207641602,150,2,24,2,0,0,True,True,True,True
Full Model,2,75,P,-10.0,5,0.0,100.0,0.0,100,0,5,Expert,0.05,0.05,0.2521052360534668,0.5042104721069336,152,2,24,2,0,0,True,True,True,True
Full Model,2,76,P,-10.0,5,0.0,100.0,0.0,100,0,5,Expert,0.05,0.05,0.17647361755371094,0.3529472351074219,154,2,24,2,0,0,True,True,True,True
Full Model,2,77,P,-10.0,5,0.0,100.0,0.0,100,0,5,Expert,0.05,0.05,0.12353134155273438,0.24706268310546875,156,2,24,2,0,0,True,True,True,True
Full Model,2,78,P,-10.0,5,0.0,100.0,0.0,100,0,5,Expert,0.05,0.05,0.7349998950958252,1.4699997901916504,158,2,24,1,0,1,True,True,True,True
Full Model,2,79,P,-10.0,5,0.0,100.0,0.0,100,0,5,Expert,0.05,0.05,0.042371273040771484,0.08474254608154297,160,2,24,2,0,0,True,True,True,True
Full Model,2,80,P,-10.0,5,0.0,100.0,0.0,100,0,5,Expert,0.05,0.05,0.0864720344543457,0.1729440689086914,162,2,24,2,0,0,True,True,True,True
Full Model,2,81,P,-10.0,5,0.0,100.0,0.0,100,0,5,Expert,0.05,0.05,1.5,3.0,164,2,24,1,0,1,True,True,True,True
Full Model,2,82,P,-10.0,5,0.0,100.0,0.0,100,0,5,Expert,0.05,0.05,1.5,3.0,166,2,25,1,0,1,True,True,True,True
Full Model,2,83,P,-10.0,5,0.0,100.0,0.0,100,0,5,Expert,0.05,0.05,0.5144999027252197,1.0289998054504395,168,2,25,2,0,0,True,True,True,True
Full Model,2,84,P,-10.0,5,0.0,100.0,0.0,100,0,5,Expert,0.05,0.05,0.5144999027252197,1.0289998054504395,170,2,25,2,0,0,True,True,True,True
Full Model,2,85,P,-10.0,5,0.0,100.0,0.0,100,0,5,Expert,0.05,0.05,0.17647361755371094,0.3529472351074219,172,2,25,2,0,0,True,True,True,True
Full Model,2,86,P,-10.0,5,0.0,100.0,0.0,100,0,5,Expert,0.05,0.05,0.029659748077392578,0.059319496154785156,174,2,25,2,0,0,True,True,True,True
Full Model,2,87,P,-10.0,5,0.0,100.0,0.0,100,0,5,Expert,0.05,0.05,0.3601498603820801,0.7202997207641602,176,2,25,2,0,0,True,True,True,True
Full Model,2,88,P,-10.0,5,0.0,100.0,0.0,100,0,5,Expert,0.05,0.05,0.12353134155273438,0.24706268310546875,178,2,25,2,0,0,True,True,True,True
Full Model,2,89,P,-10.0,5,0.0,100.0,0.0,100,0,5,Expert,0.05,0.05,0.12353134155273438,0.24706268310546875,180,2,25,2,0,0,True,True,True,True
Full Model,2,90,P,-10.0,5,0.0,100.0,0.0,100,0,5,Expert,0.05,0.05,0.0864720344543457,0.1729440689086914,182,2,25,2,0,0,True,True,True,True
Full Model,2,91,P,-10.0,5,0.0,100.0,0.0,100,0,5,Expert,0.05,0.05,0.17647361755371094,0.3529472351074219,184,2,25,2,0,0,True,True,True,True
Full Model,2,92,P,-10.0,5,0.0,100.0,0.0,100,0,5,Expert,0.05,0.05,0.0864720344543457,0.1729440689086914,186,2,25,2,0,0,True,True,True,True
Full Model,2,93,P,-10.0,5,0.0,100.0,0.0,100,0,5,Expert,0.05,0.05,0.3601498603820801,0.7202997207641602,188,2,25,2,0,0,True,True,True,True
Full Model,2,94,P,-10.0,5,0.0,100.0,0.0,100,0,5,Expert,0.05,0.05,0.0864720344543457,0.1729440689086914,190,2,25,2,0,0,True,True,True,True
Full Model,2,95,P,-10.0,5,0.0,100.0,0.0,100,0,5,Expert,0.05,0.05,1.5,3.0,192,2,26,2,0,0,True,True,True,True
Full Model,2,96,P,-10.0,5,0.0,100.0,0.0,100,0,5,Expert,0.05,0.05,0.3601498603820801,0.7202997207641602,194,2,26,2,0,0,True,True,True,True
Full Model,2,97,P,-10.0,5,0.0,100.0,0.0,100,0,5,Expert,0.05,0.05,0.06053018569946289,0.12106037139892578,196,2,26,2,0,0,True,True,True,True
Full Model,2,98,P,-10.0,5,0.0,100.0,0.0,100,0,5,Expert,0.05,0.05,0.12353134155273438,0.24706268310546875,198,2,26,2,0,0,True,True,True,True
Full Model,2,99,P,-10.0,5,0.0,100.0,0.0,100,0,5,Expert,0.05,0.05,0.17647361755371094,0.3529472351074219,200,2,26,2,0,0,True,True,True,True
Full Model,2,100,P,-10.0,5,0.0,100.0,0.0,100,0,5,Expert,0.05,0.05,1.5,3.0,202,2,27,1,0,1,True,True,True,True
Full Model,3,1,P,-10.0,5,0.0,100.0,0.0,60,10,1,Very Easy,0.95,1.0,1.5,3.0,2,2,2,0,2,0,True,True,True,True
Full Model,3,2,P,-10.0,5,0.0,100.0,0.0,70,10,1,Very Easy,0.9025,1.0,1.5,3.0,4,2,4,0,2,0,True,True,True,True
Full Model,3,3,P,-10.0,5,0.0,100.0,0.0,80,10,5,Expert,0.8573749999999999,0.21434374999999997,1.5,3.0,6,2,6,0,2,0,True,True,True,True
Full Model,3,4,P,-10.0,5,0.0,100.0,0.0,90,10,5,Expert,0.8145062499999999,0.20362656249999997,1.5,3.0,8,2,7,2,0,0,True,True,True,True
Full Model,3,5,P,-10.0,5,0.0,100.0,0.0,100,10,5,Expert,0.7737809374999999,0.19344523437499997,1.5,3.0,10,2,8,2,0,0,True,True,True,True
Full Model,3,6,P,-10.0,5,0.0,100.0,0.0,100,0,5,Expert,0.7350918906249998,0.18377297265624995,1.5,3.0,12,2,9,2,0,0,True,True,True,True
Full Model,3,7,P,-10.0,5,0.0,100.0,0.0,100,0,5,Expert,0.6983372960937497,0.17458432402343743,1.5,3.0,14,2,10,1,1,0,True,True,True,True
Full Model,3,8,P,-10.0,5,0.0,100.0,0.0,100,0,5,Expert,0.6634204312890623,0.16585510782226556,1.5,3.0,16,2,11,2,0,0,True,True,True,True
Full Model,3,9,P,-10.0,5,0.0,100.0,0.0,100,0,5,Expert,0.6302494097246091,0.15756235243115227,1.0500001907348633,2.1000003814697266,18,2,12,2,0,0,True,True,True,True
Full Model,3,10,P,-10.0,5,0.0,100.0,0.0,100,0,5,Expert,0.5987369392383786,0.14968423480959464,1.0500001907348633,2.1000003814697266,20,2,12,2,0,0,True,True,True,True
Full Model,3,11,P,-10.0,5,0.0,100.0,0.0,100,0,5,Expert,0.5688000922764596,0.1422000230691149,1.5,3.0,22,2,12,2,0,0,True,True,True,True
Full Model,3,12,P,-10.0,5,0.0,100.0,0.0,100,0,5,Expert,0.5403600876626365,0.13509002191565914,1.5,3.0,24,2,13,2,0,0,True,True,True,True
Full Model,3,13,P,-10.0,5,0.0,100.0,0.0,100,0,5,Expert,0.5133420832795047,0.12833552081987618,1.5,3.0,26,2,14,2,0,0,True,True,True,True
Full Model,3,14,P,-10.0,5,0.0,100.0,0.0,100,0,5,Expert,0.48767497911552943,0.12191874477888236,1.0500001907348633,2.1000003814697266,28,2,14,2,0,0,True,True,True,True
Full Model,3,15,P,-10.0,5,0.0,100.0,0.0,100,0,5,Expert,0.46329123015975293,0.11582280753993823,1.0500001907348633,2.1000003814697266,30,2,14,2,0,0,True,True,True,True
Full Model,3,16,P,-10.0,5,0.0,100.0,0.0,100,0,5,Expert,0.44012666865176525,0.11003166716294131,1.5,3.0,32,2,14,1,0,1,True,True,True,True
Full Model,3,17,P,-10.0,5,0.0,100.0,0.0,100,0,5,Expert,0.41812033521917696,0.10453008380479424,1.5,3.0,34,2,14,1,0,1,True,True,True,True
Full Model,3,18,P,-10.0,5,0.0,100.0,0.0,100,0,5,Expert,0.3972143184582181,0.09930357961455452,1.0500001907348633,2.1000003814697266,36,2,14,2,0,0,True,True,True,True
Full Model,3,19,P,-10.0,5,0.0,100.0,0.0,100,0,5,Expert,0.37735360253530714,0.09433840063382679,0.7349998950958252,1.4699997901916504,38,2,14,2,0,0,True,True,True,True
Full Model,3,20,P,-10.0,5,0.0,100.0,0.0,100,0,5,Expert,0.35848592240854177,0.08962148060213544,1.5,3.0,40,2,15,2,0,0,True,True,True,True
Full Model,3,21,P,-10.0,5,0.0,100.0,0.0,100,0,5,Expert,0.34056162628811465,0.08514040657202866,1.5,3.0,42,2,15,1,0,1,True,True,True,True
Full Model,3,22,P,-10.0,5,0.0,100.0,0.0,100,0,5,Expert,0.3235335449737089,0.08088338624342722,1.5,3.0,44,2,16,1,0,1,True,True,True,True
Full Model,3,23,P,-10.0,5,0.0,100.0,0.0,100,0,5,Expert,0.30735686772502346,0.07683921693125587,1.0500001907348633,2.1000003814697266,46,2,16,2,0,0,True,True,True,True
Full Model,3,24,P,-10.0,5,0.0,100.0,0.0,100,0,5,Expert,0.2919890243387723,0.07299725608469307,0.7349998950958252,1.4699997901916504,48,2,16,2,0,0,True,True,True,True
Full Model,3,25,P,-10.0,5,0.0,100.0,0.0,100,0,5,Expert,0.27738957312183365,0.06934739328045841,0.7349998950958252,1.4699997901916504,50,2,16,1,1,0,True,True,True,True
Full Model,3,26,P,-10.0,5,0.0,100.0,0.0,100,0,5,Expert,0.263520094465742,0.0658800236164355,0.7349998950958252,1.4699997901916504,52,2,16,2,0,0,True,True,True,True
Full Model,3,27,P,-10.0,5,0.0,100.0,0.0,100,0,5,Expert,0.25034408974245487,0.06258602243561372,0.7349998950958252,1.4699997901916504,54,2,16,2,0,0,True,True,True,True
Full Model,3,28,P,-10.0,5,0.0,100.0,0.0,100,0,5,Expert,0.2378268852553321,0.059456721313833026,0.7349998950958252,1.4699997901916504,56,2,16,2,0,0,True,True,True,True
Full Model,3,29,P,-10.0,5,0.0,100.0,0.0,100,0,5,Expert,0.2259355409925655,0.05648388524814137,1.0500001907348633,2.1000003814697266,58,2,16,2,0,0,True,True,True,True
Full Model,3,30,P,-10.0,5,0.0,100.0,0.0,100,0,5,Expert,0.2146387639429372,0.0536596909857343,0.5144999027252197,1.0289998054504395,60,2,16,2,0,0,True,True,True,True
Full Model,3,31,P,-10.0,5,0.0,100.0,0.0,100,0,5,Expert,0.20390682574579033,0.05097670643644758,1.5,3.0,62,2,16,2,0,0,True,True,True,True
Full Model,3,32,P,-10.0,5,0.0,100.0,0.0,100,0,5,Expert,0.1937114844585008,0.05,1.5,3.0,64,2,17,2,0,0,True,True,True,True
Full Model,3,33,P,-10.0,5,0.0,100.0,0.0,100,0,5,Expert,0.18402591023557577,0.05,0.3601498603820801,0.7202997207641602,66,2,17,2,0,0,True,True,True,True
Full Model,3,34,P,-10.0,5,0.0,100.0,0.0,100,0,5,Expert,0.17482461472379698,0.05,1.0500001907348633,2.1000003814697266,68,2,17,2,0,0,True,True,True,True
Full Model,3,35,P,-10.0,5,0.0,100.0,0.0,100,0,5,Expert,0.16608338398760714,0.05,1.0500001907348633,2.1000003814697266,70,2,17,2,0,0,True,True,True,True
Full Model,3,36,P,-10.0,5,0.0,100.0,0.0,100,0,5,Expert,0.15777921478822676,0.05,0.5144999027252197,1.0289998054504395,72,2,17,2,0,0,True,True,True,True
Full Model,3,37,P,-10.0,5,0.0,100.0,0.0,100,0,5,Expert,0.14989025404881542,0.05,0.5144999027252197,1.0289998054504395,74,2,17,2,0,0,True,True,True,True
Full Model,3,38,P,-10.0,5,0.0,100.0,0.0,100,0,5,Expert,0.14239574134637464,0.05,0.5144999027252197,1.0289998054504395,76,2,17,2,0,0,True,True,True,True
Full Model,3,39,P,-10.0,5,0.0,100.0,0.0,100,0,5,Expert,0.1352759542790559,0.05,1.5,3.0,78,2,18,1,0,1,True,True,True,True
Full Model,3,40,P,-10.0,5,0.0,100.0,0.0,100,0,5,Expert,0.1285121565651031,0.05,0.5144999027252197,1.0289998054504395,80,2,18,2,0,0,True,True,True,True
Full Model,3,41,P,-10.0,5,0.0,100.0,0.0,100,0,5,Expert,0.12208654873684793,0.05,0.3601498603820801,0.7202997207641602,82,2,18,2,0,0,True,True,True,True
Full Model,3,42,P,-10.0,5,0.0,100.0,0.0,100,0,5,Expert,0.11598222130000553,0.05,0.7349998950958252,1.4699997901916504,84,2,18,2,0,0,True,True,True,True
Full Model,3,43,P,-10.0,5,0.0,100.0,0.0,100,0,5,Expert,0.11018311023500525,0.05,1.0500001907348633,2.1000003814697266,86,2,18,2,0,0,True,True,True,True
Full Model,3,44,P,-10.0,5,0.0,100.0,0.0,100,0,5,Expert,0.10467395472325498,0.05,1.5,3.0,88,2,19,2,0,0,True,True,True,True
Full Model,3,45,P,-10.0,5,0.0,100.0,0.0,100,0,5,Expert,0.09944025698709223,0.05,1.0500001907348633,2.1000003814697266,90,2,19,2,0,0,True,True,True,True
Full Model,3,46,P,-10.0,7,0.0,100.0,0.0,100,0,5,Expert,0.09446824413773762,0.05,1.0,3.0,93,3,21,2,0,1,True,True,True,True
Full Model,3,47,P,-10.0,5,0.0,100.0,0.0,100,0,5,Expert,0.08974483193085074,0.05,0.7349998950958252,1.4699997901916504,95,2,21,2,0,0,True,True,True,True
Full Model,3,48,P,-10.0,5,0.0,100.0,0.0,100,0,5,Expert,0.0852575903343082,0.05,0.7349998950958252,1.4699997901916504,97,2,21,2,0,0,True,True,True,True
Full Model,3,49,P,-10.0,5,0.0,100.0,0.0,100,0,5,Expert,0.08099471081759278,0.05,0.2521052360534668,0.5042104721069336,99,2,21,2,0,0,True,True,True,True
Full Model,3,50,P,-10.0,5,0.0,100.0,0.0,100,0,5,Expert,0.07694497527671314,0.05,1.0500001907348633,2.1000003814697266,101,2,21,2,0,0,True,True,True,True
Full Model,3,51,P,-10.0,5,0.0,100.0,0.0,100,0,5,Expert,0.07309772651287748,0.05,1.5,3.0,103,2,21,1,0,1,True,True,True,True
Full Model,3,52,P,-10.0,5,0.0,100.0,0.0,100,0,5,Expert,0.0694428401872336,0.05,0.3601498603820801,0.7202997207641602,105,2,21,2,0,0,True,True,True,True
Full Model,3,53,P,-10.0,5,0.0,100.0,0.0,100,0,5,Expert,0.0659706981778719,0.05,0.3601498603820801,0.7202997207641602,107,2,21,2,0,0,True,True,True,True
Full Model,3,54,P,-10.0,5,0.0,100.0,0.0,100,0,5,Expert,0.0626721632689783,0.05,0.7349998950958252,1.4699997901916504,109,2,21,2,0,0,True,True,True,True
Full Model,3,55,P,-10.0,5,0.0,100.0,0.0,100,0,5,Expert,0.059538555105529384,0.05,0.7349998950958252,1.4699997901916504,111,2,21,2,0,0,True,True,True,True
Full Model,3,56,P,-10.0,5,0.0,100.0,0.0,100,0,5,Expert,0.05656162735025291,0.05,0.3601498603820801,0.7202997207641602,113,2,21,2,0,0,True,True,True,True
Full Model,3,57,P,-10.0,5,0.0,100.0,0.0,100,0,5,Expert,0.053733545982740265,0.05,0.5144999027252197,1.0289998054504395,115,2,21,2,0,0,True,True,True,True
Full Model,3,58,P,-10.0,5,0.0,100.0,0.0,100,0,5,Expert,0.05104686868360325,0.05,1.5,3.0,117,2,21,1,0,1,True,True,True,True
Full Model,3,59,P,-10.0,5,0.0,100.0,0.0,100,0,5,Expert,0.05,0.05,0.3601498603820801,0.7202997207641602,119,2,21,2,0,0,True,True,True,True
Full Model,3,60,P,-10.0,5,0.0,100.0,0.0,100,0,5,Expert,0.05,0.05,0.2521052360534668,0.5042104721069336,121,2,21,2,0,0,True,True,True,True
Full Model,3,61,P,-10.0,5,0.0,100.0,0.0,100,0,5,Expert,0.05,0.05,1.5,3.0,123,2,21,1,0,1,True,True,True,True
Full Model,3,62,P,-10.0,5,0.0,100.0,0.0,100,0,5,Expert,0.05,0.05,0.2521052360534668,0.5042104721069336,125,2,21,2,0,0,True,True,True,True
Full Model,3,63,P,-10.0,5,0.0,100.0,0.0,100,0,5,Expert,0.05,0.05,0.5144999027252197,1.0289998054504395,127,2,21,2,0,0,True,True,True,True
Full Model,3,64,P,-10.0,5,0.0,100.0,0.0,100,0,5,Expert,0.05,0.05,0.5144999027252197,1.0289998054504395,129,2,21,2,0,0,True,True,True,True
Full Model,3,65,P,-10.0,5,0.0,100.0,0.0,100,0,5,Expert,0.05,0.05,0.7349998950958252,1.4699997901916504,131,2,21,2,0,0,True,True,True,True
Full Model,3,66,P,-10.0,5,0.0,100.0,0.0,100,0,5,Expert,0.05,0.05,0.2521052360534668,0.5042104721069336,133,2,21,2,0,0,True,True,True,True
Full Model,3,67,P,-10.0,5,0.0,100.0,0.0,100,0,5,Expert,0.05,0.05,1.5,3.0,135,2,21,1,0,1,True,True,True,True
Full Model,3,68,P,-10.0,5,0.0,100.0,0.0,100,0,5,Expert,0.05,0.05,1.5,3.0,137,2,21,1,0,1,True,True,True,True
Full Model,3,69,P,-10.0,5,0.0,100.0,0.0,100,0,5,Expert,0.05,0.05,0.3601498603820801,0.7202997207641602,139,2,21,2,0,0,True,True,True,True
Full Model,3,70,P,-10.0,5,0.0,100.0,0.0,100,0,5,Expert,0.05,0.05,0.2521052360534668,0.5042104721069336,141,2,21,2,0,0,True,True,True,True
Full Model,3,71,P,-10.0,5,0.0,100.0,0.0,100,0,5,Expert,0.05,0.05,1.5,3.0,143,2,22,1,0,1,True,True,True,True
Full Model,3,72,P,-10.0,5,0.0,100.0,0.0,100,0,5,Expert,0.05,0.05,0.5144999027252197,1.0289998054504395,145,2,22,2,0,0,True,True,True,True
Full Model,3,73,P,-10.0,5,0.0,100.0,0.0,100,0,5,Expert,0.05,0.05,0.17647361755371094,0.3529472351074219,147,2,22,2,0,0,True,True,True,True
Full Model,3,74,P,-10.0,5,0.0,100.0,0.0,100,0,5,Expert,0.05,0.05,0.17647361755371094,0.3529472351074219,149,2,22,2,0,0,True,True,True,True
Full Model,3,75,P,-10.0,5,0.0,100.0,0.0,100,0,5,Expert,0.05,0.05,0.2521052360534668,0.5042104721069336,151,2,22,2,0,0,True,True,True,True
Full Model,3,76,P,-10.0,5,0.0,100.0,0.0,100,0,5,Expert,0.05,0.05,1.5,3.0,153,2,23,1,0,1,True,True,True,True
Full Model,3,77,P,-10.0,5,0.0,100.0,0.0,100,0,5,Expert,0.05,0.05,0.12353134155273438,0.24706268310546875,155,2,23,2,0,0,True,True,True,True
Full Model,3,78,P,-10.0,5,0.0,100.0,0.0,100,0,5,Expert,0.05,0.05,0.17647361755371094,0.3529472351074219,157,2,23,2,0,0,True,True,True,True
Full Model,3,79,P,-10.0,5,0.0,100.0,0.0,100,0,5,Expert,0.05,0.05,0.5144999027252197,1.0289998054504395,159,2,23,2,0,0,True,True,True,True
Full Model,3,80,P,-10.0,5,0.0,100.0,0.0,100,0,5,Expert,0.05,0.05,0.3601498603820801,0.7202997207641602,161,2,23,2,0,0,True,True,True,True
Full Model,3,81,P,-10.0,5,0.0,100.0,0.0,100,0,5,Expert,0.05,0.05,0.3601498603820801,0.7202997207641602,163,2,23,2,0,0,True,True,True,True
Full Model,3,82,P,-10.0,5,0.0,100.0,0.0,100,0,5,Expert,0.05,0.05,0.2521052360534668,0.5042104721069336,165,2,23,2,0,0,True,True,True,True
Full Model,3,83,P,-10.0,5,0.0,100.0,0.0,100,0,5,Expert,0.05,0.05,1.5,3.0,167,2,23,1,0,1,True,True,True,True
Full Model,3,84,P,-10.0,5,0.0,100.0,0.0,100,0,5,Expert,0.05,0.05,0.17647361755371094,0.3529472351074219,169,2,23,2,0,0,True,True,True,True
Full Model,3,85,P,-10.0,5,0.0,100.0,0.0,100,0,5,Expert,0.05,0.05,0.2521052360534668,0.5042104721069336,171,2,23,2,0,0,True,True,True,True
Full Model,3,86,P,-10.0,5,0.0,100.0,0.0,100,0,5,Expert,0.05,0.05,0.12353134155273438,0.24706268310546875,173,2,23,2,0,0,True,True,True,True
Full Model,3,87,P,-10.0,5,0.0,100.0,0.0,100,0,5,Expert,0.05,0.05,0.3601498603820801,0.7202997207641602,175,2,23,2,0,0,True,True,True,True
Full Model,3,88,P,-10.0,5,0.0,100.0,0.0,100,0,5,Expert,0.05,0.05,0.12353134155273438,0.24706268310546875,177,2,23,2,0,0,True,True,True,True
Full Model,3,89,P,-10.0,5,0.0,100.0,0.0,100,0,5,Expert,0.05,0.05,0.0864720344543457,0.1729440689086914,179,2,23,2,0,0,True,True,True,True
Full Model,3,90,P,-10.0,5,0.0,100.0,0.0,100,0,5,Expert,0.05,0.05,0.2521052360534668,0.5042104721069336,181,2,23,2,0,0,True,True,True,True
Full Model,3,91,P,-10.0,5,0.0,100.0,0.0,100,0,5,Expert,0.05,0.05,0.5144999027252197,1.0289998054504395,183,2,23,2,0,0,True,True,True,True
Full Model,3,92,P,-10.0,5,0.0,100.0,0.0,100,0,5,Expert,0.05,0.05,0.0864720344543457,0.1729440689086914,185,2,23,2,0,0,True,True,True,True
Full Model,3,93,P,-10.0,5,0.0,100.0,0.0,100,0,5,Expert,0.05,0.05,0.17647361755371094,0.3529472351074219,187,2,23,2,0,0,True,True,True,True
Full Model,3,94,P,-10.0,5,0.0,100.0,0.0,100,0,5,Expert,0.05,0.05,0.12353134155273438,0.24706268310546875,189,2,23,2,0,0,True,True,True,True
Full Model,3,95,P,-10.0,5,0.0,100.0,0.0,100,0,5,Expert,0.05,0.05,0.17647361755371094,0.3529472351074219,191,2,23,2,0,0,True,True,True,True
Full Model,3,96,P,-10.0,5,0.0,100.0,0.0,100,0,5,Expert,0.05,0.05,1.5,3.0,193,2,24,1,0,1,True,True,True,True
Full Model,3,97,P,-10.0,5,0.0,100.0,0.0,100,0,5,Expert,0.05,0.05,0.06053018569946289,0.12106037139892578,195,2,24,2,0,0,True,True,True,True
Full Model,3,98,P,-10.0,5,0.0,100.0,0.0,100,0,5,Expert,0.05,0.05,0.0864720344543457,0.1729440689086914,197,2,24,2,0,0,True,True,True,True
Full Model,3,99,P,-10.0,5,0.0,100.0,0.0,100,0,5,Expert,0.05,0.05,0.042371273040771484,0.08474254608154297,199,2,24,2,0,0,True,True,True,True
Full Model,3,100,P,-10.0,5,0.0,100.0,0.0,100,0,5,Expert,0.05,0.05,0.12353134155273438,0.24706268310546875,201,2,24,2,0,0,True,True,True,True
Full Model,4,1,P,-10.0,5,0.0,100.0,0.0,60,10,1,Very Easy,0.95,1.0,1.5,3.0,2,2,2,0,2,0,True,True,True,True
Full Model,4,2,P,-10.0,5,0.0,100.0,0.0,70,10,1,Very Easy,0.9025,1.0,1.5,3.0,4,2,4,0,2,0,True,True,True,True
Full Model,4,3,P,-10.0,5,0.0,100.0,0.0,80,10,5,Expert,0.8573749999999999,0.21434374999999997,1.5,3.0,6,2,6,0,2,0,True,True,True,True
Full Model,4,4,P,-10.0,5,0.0,100.0,0.0,90,10,5,Expert,0.8145062499999999,0.20362656249999997,1.5,3.0,8,2,7,2,0,0,True,True,True,True
Full Model,4,5,P,-10.0,5,0.0,100.0,0.0,100,10,5,Expert,0.7737809374999999,0.19344523437499997,1.5,3.0,10,2,8,2,0,0,True,True,True,True
Full Model,4,6,P,-10.0,5,0.0,100.0,0.0,100,0,5,Expert,0.7350918906249998,0.18377297265624995,1.5,3.0,12,2,10,2,0,0,True,True,True,True
Full Model,4,7,P,-10.0,5,0.0,100.0,0.0,100,0,5,Expert,0.6983372960937497,0.17458432402343743,1.5,3.0,14,2,11,2,0,0,True,True,True,True
Full Model,4,8,P,-10.0,5,0.0,100.0,0.0,100,0,5,Expert,0.6634204312890623,0.16585510782226556,1.5,3.0,16,2,12,2,0,0,True,True,True,True
Full Model,4,9,P,-10.0,5,0.0,100.0,0.0,100,0,5,Expert,0.6302494097246091,0.15756235243115227,1.5,3.0,18,2,13,2,0,0,True,True,True,True
Full Model,4,10,P,-10.0,5,0.0,100.0,0.0,100,0,5,Expert,0.5987369392383786,0.14968423480959464,1.5,3.0,20,2,14,2,0,0,True,True,True,True
Full Model,4,11,P,-10.0,5,0.0,100.0,0.0,100,0,5,Expert,0.5688000922764596,0.1422000230691149,1.0500001907348633,2.1000003814697266,22,2,14,2,0,0,True,True,True,True
Full Model,4,12,P,-10.0,5,0.0,100.0,0.0,100,0,5,Expert,0.5403600876626365,0.13509002191565914,1.5,3.0,24,2,15,2,0,0,True,True,True,True
Full Model,4,13,P,-10.0,5,0.0,100.0,0.0,100,0,5,Expert,0.5133420832795047,0.12833552081987618,1.5,3.0,26,2,16,2,0,0,True,True,True,True
Full Model,4,14,P,-10.0,5,0.0,100.0,0.0,100,0,5,Expert,0.48767497911552943,0.12191874477888236,1.0500001907348633,2.1000003814697266,28,2,16,2,0,0,True,True,True,True
Full Model,4,15,P,-10.0,5,0.0,100.0,0.0,100,0,5,Expert,0.46329123015975293,0.11582280753993823,1.0500001907348633,2.1000003814697266,30,2,16,2,0,0,True,True,True,True
Full Model,4,16,P,-10.0,5,0.0,100.0,0.0,100,0,5,Expert,0.44012666865176525,0.11003166716294131,1.5,3.0,32,2,17,1,0,1,True,True,True,True
Full Model,4,17,P,-10.0,5,0.0,100.0,0.0,100,0,5,Expert,0.41812033521917696,0.10453008380479424,0.7349998950958252,1.4699997901916504,34,2,17,2,0,0,True,True,True,True
Full Model,4,18,P,-10.0,5,0.0,100.0,0.0,100,0,5,Expert,0.3972143184582181,0.09930357961455452,1.5,3.0,36,2,18,2,0,0,True,True,True,True
Full Model,4,19,P,-10.0,5,0.0,100.0,0.0,100,0,5,Expert,0.37735360253530714,0.09433840063382679,1.0500001907348633,2.1000003814697266,38,2,18,2,0,0,True,True,True,True
Full Model,4,20,P,-10.0,5,0.0,100.0,0.0,100,0,5,Expert,0.35848592240854177,0.08962148060213544,1.5,3.0,40,2,19,1,0,1,True,True,True,True
Full Model,4,21,P,-10.0,5,0.0,100.0,0.0,100,0,5,Expert,0.34056162628811465,0.08514040657202866,1.0500001907348633,2.1000003814697266,42,2,19,2,0,0,True,True,True,True
Full Model,4,22,P,-10.0,5,0.0,100.0,0.0,100,0,5,Expert,0.3235335449737089,0.08088338624342722,1.0500001907348633,2.1000003814697266,44,2,19,2,0,0,True,True,True,True
Full Model,4,23,P,-10.0,5,0.0,100.0,0.0,100,0,5,Expert,0.30735686772502346,0.07683921693125587,1.5,3.0,46,2,20,1,0,1,True,True,True,True
Full Model,4,24,P,-10.0,5,0.0,100.0,0.0,100,0,5,Expert,0.2919890243387723,0.07299725608469307,0.7349998950958252,1.4699997901916504,48,2,20,2,0,0,True,True,True,True
Full Model,4,25,P,-10.0,5,0.0,100.0,0.0,100,0,5,Expert,0.27738957312183365,0.06934739328045841,0.7349998950958252,1.4699997901916504,50,2,20,2,0,0,True,True,True,True
Full Model,4,26,P,-10.0,5,0.0,100.0,0.0,100,0,5,Expert,0.263520094465742,0.0658800236164355,1.5,3.0,52,2,21,2,0,0,True,True,True,True
Full Model,4,27,P,-10.0,5,0.0,100.0,0.0,100,0,5,Expert,0.25034408974245487,0.06258602243561372,1.0500001907348633,2.1000003814697266,54,2,21,2,0,0,True,True,True,True
Full Model,4,28,P,-10.0,5,0.0,100.0,0.0,100,0,5,Expert,0.2378268852553321,0.059456721313833026,0.7349998950958252,1.4699997901916504,56,2,21,2,0,0,True,True,True,True
Full Model,4,29,P,-10.0,5,0.0,100.0,0.0,100,0,5,Expert,0.2259355409925655,0.05648388524814137,1.5,3.0,58,2,21,1,0,1,True,True,True,True
Full Model,4,30,P,-10.0,5,0.0,100.0,0.0,100,0,5,Expert,0.2146387639429372,0.0536596909857343,0.5144999027252197,1.0289998054504395,60,2,21,2,0,0,True,True,True,True
Full Model,4,31,P,-10.0,5,0.0,100.0,0.0,100,0,5,Expert,0.20390682574579033,0.05097670643644758,0.7349998950958252,1.4699997901916504,62,2,21,2,0,0,True,True,True,True
Full Model,4,32,P,-10.0,5,0.0,100.0,0.0,100,0,5,Expert,0.1937114844585008,0.05,1.0500001907348633,2.1000003814697266,64,2,21,2,0,0,True,True,True,True
Full Model,4,33,P,-10.0,5,0.0,100.0,0.0,100,0,5,Expert,0.18402591023557577,0.05,1.5,3.0,66,2,21,2,0,0,True,True,True,True
Full Model,4,34,P,-10.0,5,0.0,100.0,0.0,100,0,5,Expert,0.17482461472379698,0.05,1.5,3.0,68,2,22,1,0,1,True,True,True,True
Full Model,4,35,P,-10.0,5,0.0,100.0,0.0,100,0,5,Expert,0.16608338398760714,0.05,0.5144999027252197,1.0289998054504395,70,2,22,2,0,0,True,True,True,True
Full Model,4,36,P,-10.0,5,0.0,100.0,0.0,100,0,5,Expert,0.15777921478822676,0.05,1.5,3.0,72,2,22,1,0,1,True,True,True,True
Full Model,4,37,P,-10.0,5,0.0,100.0,0.0,100,0,5,Expert,0.14989025404881542,0.05,1.5,3.0,74,2,23,1,1,0,True,True,True,True
Full Model,4,38,P,-10.0,5,0.0,100.0,0.0,100,0,5,Expert,0.14239574134637464,0.05,1.0500001907348633,2.1000003814697266,76,2,23,2,0,0,True,True,True,True
Full Model,4,39,P,-10.0,5,0.0,100.0,0.0,100,0,5,Expert,0.1352759542790559,0.05,0.5144999027252197,1.0289998054504395,78,2,23,2,0,0,True,True,True,True
Full Model,4,40,P,-10.0,5,0.0,100.0,0.0,100,0,5,Expert,0.1285121565651031,0.05,0.3601498603820801,0.7202997207641602,80,2,23,2,0,0,True,True,True,True
Full Model,4,41,P,-10.0,5,0.0,100.0,0.0,100,0,5,Expert,0.12208654873684793,0.05,0.3601498603820801,0.7202997207641602,82,2,23,2,0,0,True,True,True,True
Full Model,4,42,P,-10.0,5,0.0,100.0,0.0,100,0,5,Expert,0.11598222130000553,0.05,1.0500001907348633,2.1000003814697266,84,2,23,2,0,0,True,True,True,True
Full Model,4,43,P,-10.0,5,0.0,100.0,0.0,100,0,5,Expert,0.11018311023500525,0.05,0.5144999027252197,1.0289998054504395,86,2,23,2,0,0,True,True,True,True
Full Model,4,44,P,-10.0,5,0.0,100.0,0.0,100,0,5,Expert,0.10467395472325498,0.05,1.0500001907348633,2.1000003814697266,88,2,23,2,0,0,True,True,True,True
Full Model,4,45,P,-10.0,5,0.0,100.0,0.0,100,0,5,Expert,0.09944025698709223,0.05,0.7349998950958252,1.4699997901916504,90,2,23,2,0,0,True,True,True,True
Full Model,4,46,P,-10.0,5,0.0,100.0,0.0,100,0,5,Expert,0.09446824413773762,0.05,1.5,3.0,92,2,23,1,0,1,True,True,True,True
Full Model,4,47,P,-10.0,5,0.0,100.0,0.0,100,0,5,Expert,0.08974483193085074,0.05,0.7349998950958252,1.4699997901916504,94,2,23,2,0,0,True,True,True,True
Full Model,4,48,P,-10.0,5,0.0,100.0,0.0,100,0,5,Expert,0.0852575903343082,0.05,0.7349998950958252,1.4699997901916504,96,2,23,2,0,0,True,True,True,True
Full Model,4,49,P,-10.0,5,0.0,100.0,0.0,100,0,5,Expert,0.08099471081759278,0.05,0.2521052360534668,0.5042104721069336,98,2,23,2,0,0,True,True,True,True
Full Model,4,50,P,-10.0,5,0.0,100.0,0.0,100,0,5,Expert,0.07694497527671314,0.05,0.7349998950958252,1.4699997901916504,100,2,23,2,0,0,True,True,True,True
Full Model,4,51,P,-10.0,5,0.0,100.0,0.0,100,0,5,Expert,0.07309772651287748,0.05,0.7349998950958252,1.4699997901916504,102,2,23,2,0,0,True,True,True,True
Full Model,4,52,P,-10.0,5,0.0,100.0,0.0,100,0,5,Expert,0.0694428401872336,0.05,1.5,3.0,104,2,24,1,0,1,True,True,True,True
Full Model,4,53,P,-10.0,5,0.0,100.0,0.0,100,0,5,Expert,0.0659706981778719,0.05,1.5,3.0,106,2,24,1,0,1,True,True,True,True
Full Model,4,54,P,-10.0,5,0.0,100.0,0.0,100,0,5,Expert,0.0626721632689783,0.05,1.5,3.0,108,2,24,1,0,1,True,True,True,True
Full Model,4,55,P,-10.0,5,0.0,100.0,0.0,100,0,5,Expert,0.059538555105529384,0.05,0.7349998950958252,1.4699997901916504,110,2,24,2,0,0,True,True,True,True
Full Model,4,56,P,-10.0,5,0.0,100.0,0.0,100,0,5,Expert,0.05656162735025291,0.05,1.0500001907348633,2.1000003814697266,112,2,24,2,0,0,True,True,True,True
Full Model,4,57,P,-10.0,5,0.0,100.0,0.0,100,0,5,Expert,0.053733545982740265,0.05,0.5144999027252197,1.0289998054504395,114,2,24,2,0,0,True,True,True,True
Full Model,4,58,P,-10.0,5,0.0,100.0,0.0,100,0,5,Expert,0.05104686868360325,0.05,0.5144999027252197,1.0289998054504395,116,2,24,2,0,0,True,True,True,True
Full Model,4,59,P,-10.0,5,0.0,100.0,0.0,100,0,5,Expert,0.05,0.05,0.5144999027252197,1.0289998054504395,118,2,24,2,0,0,True,True,True,True
Full Model,4,60,P,-10.0,5,0.0,100.0,0.0,100,0,5,Expert,0.05,0.05,0.7349998950958252,1.4699997901916504,120,2,24,2,0,0,True,True,True,True
Full Model,4,61,P,-10.0,5,0.0,100.0,0.0,100,0,5,Expert,0.05,0.05,0.3601498603820801,0.7202997207641602,122,2,24,2,0,0,True,True,True,True
Full Model,4,62,P,-10.0,5,0.0,100.0,0.0,100,0,5,Expert,0.05,0.05,0.3601498603820801,0.7202997207641602,124,2,24,2,0,0,True,True,True,True
Full Model,4,63,P,-10.0,5,0.0,100.0,0.0,100,0,5,Expert,0.05,0.05,0.2521052360534668,0.5042104721069336,126,2,24,2,0,0,True,True,True,True
Full Model,4,64,P,-10.0,5,0.0,100.0,0.0,100,0,5,Expert,0.05,0.05,1.5,3.0,128,2,24,1,0,1,True,True,True,True
Full Model,4,65,P,-10.0,5,0.0,100.0,0.0,100,0,5,Expert,0.05,0.05,0.17647361755371094,0.3529472351074219,130,2,24,2,0,0,True,True,True,True
Full Model,4,66,P,-10.0,5,0.0,100.0,0.0,100,0,5,Expert,0.05,0.05,0.3601498603820801,0.7202997207641602,132,2,24,2,0,0,True,True,True,True
Full Model,4,67,P,-10.0,5,0.0,100.0,0.0,100,0,5,Expert,0.05,0.05,0.5144999027252197,1.0289998054504395,134,2,24,2,0,0,True,True,True,True
Full Model,4,68,P,-10.0,5,0.0,100.0,0.0,100,0,5,Expert,0.05,0.05,0.5144999027252197,1.0289998054504395,136,2,24,2,0,0,True,True,True,True
Full Model,4,69,P,-10.0,5,0.0,100.0,0.0,100,0,5,Expert,0.05,0.05,0.12353134155273438,0.24706268310546875,138,2,24,2,0,0,True,True,True,True
Full Model,4,70,P,-10.0,5,0.0,100.0,0.0,100,0,5,Expert,0.05,0.05,0.5144999027252197,1.0289998054504395,140,2,24,2,0,0,True,True,True,True
Full Model,4,71,P,-10.0,5,0.0,100.0,0.0,100,0,5,Expert,0.05,0.05,0.3601498603820801,0.7202997207641602,142,2,24,2,0,0,True,True,True,True
Full Model,4,72,P,-10.0,5,0.0,100.0,0.0,100,0,5,Expert,0.05,0.05,0.2521052360534668,0.5042104721069336,144,2,24,2,0,0,True,True,True,True
Full Model,4,73,P,-10.0,5,0.0,100.0,0.0,100,0,5,Expert,0.05,0.05,0.3601498603820801,0.7202997207641602,146,2,24,2,0,0,True,True,True,True
Full Model,4,74,P,-10.0,5,0.0,100.0,0.0,100,0,5,Expert,0.05,0.05,1.5,3.0,148,2,24,1,0,1,True,True,True,True
Full Model,4,75,P,-10.0,5,0.0,100.0,0.0,100,0,5,Expert,0.05,0.05,0.2521052360534668,0.5042104721069336,150,2,24,2,0,0,True,True,True,True
Full Model,4,76,P,-10.0,5,0.0,100.0,0.0,100,0,5,Expert,0.05,0.05,0.2521052360534668,0.5042104721069336,152,2,24,2,0,0,True,True,True,True
Full Model,4,77,P,-10.0,5,0.0,100.0,0.0,100,0,5,Expert,0.05,0.05,0.5144999027252197,1.0289998054504395,154,2,24,2,0,0,True,True,True,True
Full Model,4,78,P,-10.0,5,0.0,100.0,0.0,100,0,5,Expert,0.05,0.05,0.3601498603820801,0.7202997207641602,156,2,24,2,0,0,True,True,True,True
Full Model,4,79,P,-10.0,5,0.0,100.0,0.0,100,0,5,Expert,0.05,0.05,1.5,3.0,158,2,25,1,0,1,True,True,True,True
Full Model,4,80,P,-10.0,5,0.0,100.0,0.0,100,0,5,Expert,0.05,0.05,0.2521052360534668,0.5042104721069336,160,2,25,2,0,0,True,True,True,True
Full Model,4,81,P,-10.0,5,0.0,100.0,0.0,100,0,5,Expert,0.05,0.05,0.3601498603820801,0.7202997207641602,162,2,25,2,0,0,True,True,True,True
Full Model,4,82,P,-10.0,5,0.0,100.0,0.0,100,0,5,Expert,0.05,0.05,1.5,3.0,164,2,26,0,0,2,True,True,True,True
Full Model,4,83,P,-10.0,5,0.0,100.0,0.0,100,0,5,Expert,0.05,0.05,0.17647361755371094,0.3529472351074219,166,2,26,2,0,0,True,True,True,True
Full Model,4,84,P,-10.0,5,0.0,100.0,0.0,100,0,5,Expert,0.05,0.05,0.3601498603820801,0.7202997207641602,168,2,26,2,0,0,True,True,True,True
Full Model,4,85,P,-10.0,5,0.0,100.0,0.0,100,0,5,Expert,0.05,0.05,0.3601498603820801,0.7202997207641602,170,2,26,2,0,0,True,True,True,True
Full Model,4,86,P,-10.0,5,0.0,100.0,0.0,100,0,5,Expert,0.05,0.05,0.17647361755371094,0.3529472351074219,172,2,26,2,0,0,True,True,True,True
Full Model,4,87,P,-10.0,5,0.0,100.0,0.0,100,0,5,Expert,0.05,0.05,1.5,3.0,174,2,26,1,0,1,True,True,True,True
Full Model,4,88,P,-10.0,5,0.0,100.0,0.0,100,0,5,Expert,0.05,0.05,0.12353134155273438,0.24706268310546875,176,2,26,2,0,0,True,True,True,True
Full Model,4,89,P,-10.0,5,0.0,100.0,0.0,100,0,5,Expert,0.05,0.05,0.2521052360534668,0.5042104721069336,178,2,26,2,0,0,True,True,True,True
Full Model,4,90,P,-10.0,5,0.0,100.0,0.0,100,0,5,Expert,0.05,0.05,0.17647361755371094,0.3529472351074219,180,2,26,2,0,0,True,True,True,True
Full Model,4,91,P,-10.0,5,0.0,100.0,0.0,100,0,5,Expert,0.05,0.05,0.12353134155273438,0.24706268310546875,182,2,26,2,0,0,True,True,True,True
Full Model,4,92,P,-10.0,5,0.0,100.0,0.0,100,0,5,Expert,0.05,0.05,0.0864720344543457,0.1729440689086914,184,2,26,2,0,0,True,True,True,True
Full Model,4,93,P,-10.0,5,0.0,100.0,0.0,100,0,5,Expert,0.05,0.05,0.12353134155273438,0.24706268310546875,186,2,26,2,0,0,True,True,True,True
Full Model,4,94,P,-10.0,5,0.0,100.0,0.0,100,0,5,Expert,0.05,0.05,0.0864720344543457,0.1729440689086914,188,2,26,2,0,0,True,True,True,True
Full Model,4,95,P,-10.0,5,0.0,100.0,0.0,100,0,5,Expert,0.05,0.05,0.2521052360534668,0.5042104721069336,190,2,26,2,0,0,True,True,True,True
Full Model,4,96,P,-10.0,5,0.0,100.0,0.0,100,0,5,Expert,0.05,0.05,0.06053018569946289,0.12106037139892578,192,2,26,2,0,0,True,True,True,True
Full Model,4,97,P,-10.0,5,0.0,100.0,0.0,100,0,5,Expert,0.05,0.05,0.17647361755371094,0.3529472351074219,194,2,26,2,0,0,True,True,True,True
Full Model,4,98,P,-10.0,5,0.0,100.0,0.0,100,0,5,Expert,0.05,0.05,0.2521052360534668,0.5042104721069336,196,2,26,1,0,1,True,True,True,True
Full Model,4,99,P,-10.0,5,0.0,100.0,0.0,100,0,5,Expert,0.05,0.05,0.06053018569946289,0.12106037139892578,198,2,26,2,0,0,True,True,True,True
Full Model,4,100,P,-10.0,5,0.0,100.0,0.0,100,0,5,Expert,0.05,0.05,0.17647361755371094,0.3529472351074219,200,2,26,2,0,0,True,True,True,True
Full Model,5,1,P,-10.0,5,0.0,100.0,0.0,60,10,1,Very Easy,0.95,1.0,1.5,3.0,2,2,2,0,2,0,True,True,True,True
Full Model,5,2,P,-10.0,5,0.0,100.0,0.0,70,10,1,Very Easy,0.9025,1.0,1.5,3.0,4,2,4,0,2,0,True,True,True,True
Full Model,5,3,P,-10.0,5,0.0,100.0,0.0,80,10,5,Expert,0.8573749999999999,0.21434374999999997,1.5,3.0,6,2,6,0,2,0,True,True,True,True
Full Model,5,4,P,-10.0,5,0.0,100.0,0.0,90,10,5,Expert,0.8145062499999999,0.20362656249999997,1.5,3.0,8,2,8,2,0,0,True,True,True,True
Full Model,5,5,P,-10.0,5,0.0,100.0,0.0,100,10,5,Expert,0.7737809374999999,0.19344523437499997,1.0500001907348633,2.1000003814697266,10,2,8,2,0,0,True,True,True,True
Full Model,5,6,P,-10.0,5,0.0,100.0,0.0,100,0,5,Expert,0.7350918906249998,0.18377297265624995,1.5,3.0,12,2,9,1,1,0,True,True,True,True
Full Model,5,7,P,-10.0,5,0.0,100.0,0.0,100,0,5,Expert,0.6983372960937497,0.17458432402343743,1.5,3.0,14,2,10,2,0,0,True,True,True,True
Full Model,5,8,P,-10.0,7,0.0,100.0,0.0,100,0,5,Expert,0.6634204312890623,0.16585510782226556,1.0,3.0,17,3,12,1,0,2,True,True,True,True
Full Model,5,9,P,-10.0,5,0.0,100.0,0.0,100,0,5,Expert,0.6302494097246091,0.15756235243115227,1.5,3.0,19,2,13,2,0,0,True,True,True,True
Full Model,5,10,P,-10.0,5,0.0,100.0,0.0,100,0,5,Expert,0.5987369392383786,0.14968423480959464,1.5,3.0,21,2,14,2,0,0,True,True,True,True
Full Model,5,11,P,-10.0,5,0.0,100.0,0.0,100,0,5,Expert,0.5688000922764596,0.1422000230691149,1.5,3.0,23,2,15,2,0,0,True,True,True,True
Full Model,5,12,P,-10.0,7,0.0,100.0,0.0,100,0,5,Expert,0.5403600876626365,0.13509002191565914,1.0,3.0,26,3,17,2,0,1,True,True,True,True
Full Model,5,13,P,-10.0,5,0.0,100.0,0.0,100,0,5,Expert,0.5133420832795047,0.12833552081987618,1.0500001907348633,2.1000003814697266,28,2,17,2,0,0,True,True,True,True
Full Model,5,14,P,-10.0,5,0.0,100.0,0.0,100,0,5,Expert,0.48767497911552943,0.12191874477888236,0.7349998950958252,1.4699997901916504,30,2,17,2,0,0,True,True,True,True
Full Model,5,15,P,-10.0,5,0.0,100.0,0.0,100,0,5,Expert,0.46329123015975293,0.11582280753993823,1.0500001907348633,2.1000003814697266,32,2,17,2,0,0,True,True,True,True
Full Model,5,16,P,-10.0,5,0.0,100.0,0.0,100,0,5,Expert,0.44012666865176525,0.11003166716294131,1.5,3.0,34,2,18,1,1,0,True,True,True,True
Full Model,5,17,P,-10.0,5,0.0,100.0,0.0,100,0,5,Expert,0.41812033521917696,0.10453008380479424,1.5,3.0,36,2,18,1,0,1,True,True,True,True
Full Model,5,18,P,-10.0,5,0.0,100.0,0.0,100,0,5,Expert,0.3972143184582181,0.09930357961455452,1.5,3.0,38,2,19,2,0,0,True,True,True,True
Full Model,5,19,P,-10.0,5,0.0,100.0,0.0,100,0,5,Expert,0.37735360253530714,0.09433840063382679,1.5,3.0,40,2,20,0,0,2,True,True,True,True
Full Model,5,20,P,-10.0,5,0.0,100.0,0.0,100,0,5,Expert,0.35848592240854177,0.08962148060213544,1.0500001907348633,2.1000003814697266,42,2,20,2,0,0,True,True,True,True
Full Model,5,21,P,-10.0,5,0.0,100.0,0.0,100,0,5,Expert,0.34056162628811465,0.08514040657202866,1.5,3.0,44,2,20,1,0,1,True,True,True,True
Full Model,5,22,P,-10.0,5,0.0,100.0,0.0,100,0,5,Expert,0.3235335449737089,0.08088338624342722,1.0500001907348633,2.1000003814697266,46,2,20,2,0,0,True,True,True,True
Full Model,5,23,P,-10.0,5,0.0,100.0,0.0,100,0,5,Expert,0.30735686772502346,0.07683921693125587,0.7349998950958252,1.4699997901916504,48,2,20,2,0,0,True,True,True,True
Full Model,5,24,P,-10.0,5,0.0,100.0,0.0,100,0,5,Expert,0.2919890243387723,0.07299725608469307,1.5,3.0,50,2,21,1,0,1,True,True,True,True
Full Model,5,25,P,-10.0,5,0.0,100.0,0.0,100,0,5,Expert,0.27738957312183365,0.06934739328045841,0.5144999027252197,1.0289998054504395,52,2,21,2,0,0,True,True,True,True
Full Model,5,26,P,-10.0,5,0.0,100.0,0.0,100,0,5,Expert,0.263520094465742,0.0658800236164355,0.7349998950958252,1.4699997901916504,54,2,21,2,0,0,True,True,True,True
Full Model,5,27,P,-10.0,5,0.0,100.0,0.0,100,0,5,Expert,0.25034408974245487,0.06258602243561372,0.5144999027252197,1.0289998054504395,56,2,21,2,0,0,True,True,True,True
Full Model,5,28,P,-10.0,5,0.0,100.0,0.0,100,0,5,Expert,0.2378268852553321,0.059456721313833026,1.0500001907348633,2.1000003814697266,58,2,21,2,0,0,True,True,True,True
Full Model,5,29,P,-10.0,5,0.0,100.0,0.0,100,0,5,Expert,0.2259355409925655,0.05648388524814137,1.5,3.0,60,2,22,2,0,0,True,True,True,True
Full Model,5,30,P,-10.0,5,0.0,100.0,0.0,100,0,5,Expert,0.2146387639429372,0.0536596909857343,1.5,3.0,62,2,22,1,0,1,True,True,True,True
Full Model,5,31,P,-10.0,5,0.0,100.0,0.0,100,0,5,Expert,0.20390682574579033,0.05097670643644758,1.5,3.0,64,2,23,2,0,0,True,True,True,True
Full Model,5,32,P,-10.0,5,0.0,100.0,0.0,100,0,5,Expert,0.1937114844585008,0.05,1.5,3.0,66,2,24,2,0,0,True,True,True,True
Full Model,5,33,P,-10.0,5,0.0,100.0,0.0,100,0,5,Expert,0.18402591023557577,0.05,1.5,3.0,68,2,24,1,0,1,True,True,True,True
Full Model,5,34,P,-10.0,5,0.0,100.0,0.0,100,0,5,Expert,0.17482461472379698,0.05,1.5,3.0,70,2,25,1,0,1,True,True,True,True
Full Model,5,35,P,-10.0,5,0.0,100.0,0.0,100,0,5,Expert,0.16608338398760714,0.05,1.5,3.0,72,2,26,1,0,1,True,True,True,True
Full Model,5,36,P,-10.0,5,0.0,100.0,0.0,100,0,5,Expert,0.15777921478822676,0.05,1.0500001907348633,2.1000003814697266,74,2,26,2,0,0,True,True,True,True
Full Model,5,37,P,-10.0,5,0.0,100.0,0.0,100,0,5,Expert,0.14989025404881542,0.05,0.7349998950958252,1.4699997901916504,76,2,26,2,0,0,True,True,True,True
Full Model,5,38,P,-10.0,5,0.0,100.0,0.0,100,0,5,Expert,0.14239574134637464,0.05,0.3601498603820801,0.7202997207641602,78,2,26,2,0,0,True,True,True,True
Full Model,5,39,P,-10.0,5,0.0,100.0,0.0,100,0,5,Expert,0.1352759542790559,0.05,1.5,3.0,80,2,26,1,0,1,True,True,True,True
Full Model,5,40,P,-10.0,5,0.0,100.0,0.0,100,0,5,Expert,0.1285121565651031,0.05,1.5,3.0,82,2,26,2,0,0,True,True,True,True
Full Model,5,41,P,-10.0,5,0.0,100.0,0.0,100,0,5,Expert,0.12208654873684793,0.05,1.0500001907348633,2.1000003814697266,84,2,26,2,0,0,True,True,True,True
Full Model,5,42,P,-10.0,5,0.0,100.0,0.0,100,0,5,Expert,0.11598222130000553,0.05,1.0500001907348633,2.1000003814697266,86,2,26,2,0,0,True,True,True,True
Full Model,5,43,P,-10.0,5,0.0,100.0,0.0,100,0,5,Expert,0.11018311023500525,0.05,1.5,3.0,88,2,27,1,0,1,True,True,True,True
Full Model,5,44,P,-10.0,5,0.0,100.0,0.0,100,0,5,Expert,0.10467395472325498,0.05,1.5,3.0,90,2,28,1,0,1,True,True,True,True
Full Model,5,45,P,-10.0,5,0.0,100.0,0.0,100,0,5,Expert,0.09944025698709223,0.05,0.5144999027252197,1.0289998054504395,92,2,28,1,0,1,True,True,True,True
Full Model,5,46,P,-10.0,5,0.0,100.0,0.0,100,0,5,Expert,0.09446824413773762,0.05,1.5,3.0,94,2,28,2,0,0,True,True,True,True
Full Model,5,47,P,-10.0,5,0.0,100.0,0.0,100,0,5,Expert,0.08974483193085074,0.05,0.3601498603820801,0.7202997207641602,96,2,28,1,0,1,True,True,True,True
Full Model,5,48,P,-10.0,5,0.0,100.0,0.0,100,0,5,Expert,0.0852575903343082,0.05,0.7349998950958252,1.4699997901916504,98,2,28,2,0,0,True,True,True,True
Full Model,5,49,P,-10.0,5,0.0,100.0,0.0,100,0,5,Expert,0.08099471081759278,0.05,1.0500001907348633,2.1000003814697266,100,2,28,2,0,0,True,True,True,True
Full Model,5,50,P,-10.0,5,0.0,100.0,0.0,100,0,5,Expert,0.07694497527671314,0.05,0.7349998950958252,1.4699997901916504,102,2,28,2,0,0,True,True,True,True
Full Model,5,51,P,-10.0,5,0.0,100.0,0.0,100,0,5,Expert,0.07309772651287748,0.05,0.7349998950958252,1.4699997901916504,104,2,28,2,0,0,True,True,True,True
Full Model,5,52,P,-10.0,5,0.0,100.0,0.0,100,0,5,Expert,0.0694428401872336,0.05,0.5144999027252197,1.0289998054504395,106,2,28,2,0,0,True,True,True,True
Full Model,5,53,P,-10.0,5,0.0,100.0,0.0,100,0,5,Expert,0.0659706981778719,0.05,1.5,3.0,108,2,29,2,0,0,True,True,True,True
Full Model,5,54,P,-10.0,5,0.0,100.0,0.0,100,0,5,Expert,0.0626721632689783,0.05,0.2521052360534668,0.5042104721069336,110,2,29,2,0,0,True,True,True,True
Full Model,5,55,P,-10.0,5,0.0,100.0,0.0,100,0,5,Expert,0.059538555105529384,0.05,0.3601498603820801,0.7202997207641602,112,2,29,2,0,0,True,True,True,True
Full Model,5,56,P,-10.0,5,0.0,100.0,0.0,100,0,5,Expert,0.05656162735025291,0.05,1.0500001907348633,2.1000003814697266,114,2,29,2,0,0,True,True,True,True
Full Model,5,57,P,-10.0,5,0.0,100.0,0.0,100,0,5,Expert,0.053733545982740265,0.05,0.7349998950958252,1.4699997901916504,116,2,29,2,0,0,True,True,True,True
Full Model,5,58,P,-10.0,5,0.0,100.0,0.0,100,0,5,Expert,0.05104686868360325,0.05,0.7349998950958252,1.4699997901916504,118,2,29,2,0,0,True,True,True,True
Full Model,5,59,P,-10.0,5,0.0,100.0,0.0,100,0,5,Expert,0.05,0.05,1.0500001907348633,2.1000003814697266,120,2,29,2,0,0,True,True,True,True
Full Model,5,60,P,-10.0,5,0.0,100.0,0.0,100,0,5,Expert,0.05,0.05,0.5144999027252197,1.0289998054504395,122,2,29,2,0,0,True,True,True,True
Full Model,5,61,P,-10.0,5,0.0,100.0,0.0,100,0,5,Expert,0.05,0.05,0.7349998950958252,1.4699997901916504,124,2,29,2,0,0,True,True,True,True
Full Model,5,62,P,-10.0,5,0.0,100.0,0.0,100,0,5,Expert,0.05,0.05,0.5144999027252197,1.0289998054504395,126,2,29,2,0,0,True,True,True,True
Full Model,5,63,P,-10.0,5,0.0,100.0,0.0,100,0,5,Expert,0.05,0.05,0.5144999027252197,1.0289998054504395,128,2,29,2,0,0,True,True,True,True
Full Model,5,64,P,-10.0,5,0.0,100.0,0.0,100,0,5,Expert,0.05,0.05,0.5144999027252197,1.0289998054504395,130,2,29,2,0,0,True,True,True,True
Full Model,5,65,P,-10.0,5,0.0,100.0,0.0,100,0,5,Expert,0.05,0.05,1.5,3.0,132,2,29,1,0,1,True,True,True,True
Full Model,5,66,P,-10.0,5,0.0,100.0,0.0,100,0,5,Expert,0.05,0.05,0.7349998950958252,1.4699997901916504,134,2,29,2,0,0,True,True,True,True
Full Model,5,67,P,-10.0,5,0.0,100.0,0.0,100,0,5,Expert,0.05,0.05,0.5144999027252197,1.0289998054504395,136,2,29,2,0,0,True,True,True,True
Full Model,5,68,P,-10.0,5,0.0,100.0,0.0,100,0,5,Expert,0.05,0.05,1.5,3.0,138,2,30,1,0,1,True,True,True,True
Full Model,5,69,P,-10.0,5,0.0,100.0,0.0,100,0,5,Expert,0.05,0.05,1.5,3.0,140,2,30,1,0,1,True,True,True,True
Full Model,5,70,P,-10.0,5,0.0,100.0,0.0,100,0,5,Expert,0.05,0.05,0.17647361755371094,0.3529472351074219,142,2,30,2,0,0,True,True,True,True
Full Model,5,71,P,-10.0,5,0.0,100.0,0.0,100,0,5,Expert,0.05,0.05,0.2521052360534668,0.5042104721069336,144,2,30,2,0,0,True,True,True,True
Full Model,5,72,P,-10.0,5,0.0,100.0,0.0,100,0,5,Expert,0.05,0.05,0.5144999027252197,1.0289998054504395,146,2,30,2,0,0,True,True,True,True
Full Model,5,73,P,-10.0,5,0.0,100.0,0.0,100,0,5,Expert,0.05,0.05,0.12353134155273438,0.24706268310546875,148,2,30,2,0,0,True,True,True,True
Full Model,5,74,P,-10.0,5,0.0,100.0,0.0,100,0,5,Expert,0.05,0.05,0.3601498603820801,0.7202997207641602,150,2,30,2,0,0,True,True,True,True
Full Model,5,75,P,-10.0,5,0.0,100.0,0.0,100,0,5,Expert,0.05,0.05,0.0864720344543457,0.1729440689086914,152,2,30,2,0,0,True,True,True,True
Full Model,5,76,P,-10.0,5,0.0,100.0,0.0,100,0,5,Expert,0.05,0.05,0.3601498603820801,0.7202997207641602,154,2,30,2,0,0,True,True,True,True
Full Model,5,77,P,-10.0,5,0.0,100.0,0.0,100,0,5,Expert,0.05,0.05,0.2521052360534668,0.5042104721069336,156,2,30,2,0,0,True,True,True,True
Full Model,5,78,P,-10.0,5,0.0,100.0,0.0,100,0,5,Expert,0.05,0.05,0.06053018569946289,0.12106037139892578,158,2,30,2,0,0,True,True,True,True
Full Model,5,79,P,-10.0,5,0.0,100.0,0.0,100,0,5,Expert,0.05,0.05,0.3601498603820801,0.7202997207641602,160,2,30,2,0,0,True,True,True,True
Full Model,5,80,P,-10.0,5,0.0,100.0,0.0,100,0,5,Expert,0.05,0.05,0.7349998950958252,1.4699997901916504,162,2,30,2,0,0,True,True,True,True
Full Model,5,81,P,-10.0,5,0.0,100.0,0.0,100,0,5,Expert,0.05,0.05,0.3601498603820801,0.7202997207641602,164,2,30,2,0,0,True,True,True,True
Full Model,5,82,P,-10.0,5,0.0,100.0,0.0,100,0,5,Expert,0.05,0.05,0.5144999027252197,1.0289998054504395,166,2,30,2,0,0,True,True,True,True
Full Model,5,83,P,-10.0,5,0.0,100.0,0.0,100,0,5,Expert,0.05,0.05,0.042371273040771484,0.08474254608154297,168,2,30,2,0,0,True,True,True,True
Full Model,5,84,P,-10.0,5,0.0,100.0,0.0,100,0,5,Expert,0.05,0.05,0.3601498603820801,0.7202997207641602,170,2,30,2,0,0,True,True,True,True
Full Model,5,85,P,-10.0,5,0.0,100.0,0.0,100,0,5,Expert,0.05,0.05,0.5144999027252197,1.0289998054504395,172,2,30,2,0,0,True,True,True,True
Full Model,5,86,P,-10.0,5,0.0,100.0,0.0,100,0,5,Expert,0.05,0.05,0.3601498603820801,0.7202997207641602,174,2,30,2,0,0,True,True,True,True
Full Model,5,87,P,-10.0,5,0.0,100.0,0.0,100,0,5,Expert,0.05,0.05,1.5,3.0,176,2,31,0,0,2,True,True,True,True
Full Model,5,88,P,-10.0,5,0.0,100.0,0.0,100,0,5,Expert,0.05,0.05,0.029659748077392578,0.059319496154785156,178,2,31,2,0,0,True,True,True,True
Full Model,5,89,P,-10.0,5,0.0,100.0,0.0,100,0,5,Expert,0.05,0.05,0.2521052360534668,0.5042104721069336,180,2,31,2,0,0,True,True,True,True
Full Model,5,90,P,-10.0,5,0.0,100.0,0.0,100,0,5,Expert,0.05,0.05,0.17647361755371094,0.3529472351074219,182,2,31,2,0,0,True,True,True,True
Full Model,5,91,P,-10.0,5,0.0,100.0,0.0,100,0,5,Expert,0.05,0.05,0.020761966705322266,0.04152393341064453,184,2,31,2,0,0,True,True,True,True
Full Model,5,92,P,-10.0,5,0.0,100.0,0.0,100,0,5,Expert,0.05,0.05,0.2521052360534668,0.5042104721069336,186,2,31,2,0,0,True,True,True,True
Full Model,5,93,P,-10.0,5,0.0,100.0,0.0,100,0,5,Expert,0.05,0.05,0.17647361755371094,0.3529472351074219,188,2,31,2,0,0,True,True,True,True
Full Model,5,94,P,-10.0,5,0.0,100.0,0.0,100,0,5,Expert,0.05,0.05,1.5,3.0,190,2,31,1,0,1,True,True,True,True
Full Model,5,95,P,-10.0,5,0.0,100.0,0.0,100,0,5,Expert,0.05,0.05,0.3601498603820801,0.7202997207641602,192,2,31,2,0,0,True,True,True,True
Full Model,5,96,P,-10.0,5,0.0,100.0,0.0,100,0,5,Expert,0.05,0.05,0.2521052360534668,0.5042104721069336,194,2,31,2,0,0,True,True,True,True
Full Model,5,97,P,-10.0,5,0.0,100.0,0.0,100,0,5,Expert,0.05,0.05,0.2521052360534668,0.5042104721069336,196,2,31,2,0,0,True,True,True,True
Full Model,5,98,P,-10.0,5,0.0,100.0,0.0,100,0,5,Expert,0.05,0.05,0.17647361755371094,0.3529472351074219,198,2,31,2,0,0,True,True,True,True
Full Model,5,99,P,-10.0,5,0.0,100.0,0.0,100,0,5,Expert,0.05,0.05,0.2521052360534668,0.5042104721069336,200,2,31,2,0,0,True,True,True,True
Full Model,5,100,P,-10.0,5,0.0,100.0,0.0,100,0,5,Expert,0.05,0.05,0.014533519744873047,0.029067039489746094,202,2,31,2,0,0,True,True,True,True
Without Tactical Policy,1,1,P,-10.0,5,0.0,100.0,0.0,60,10,1,Very Easy,0.95,1.0,1.5,3.0,2,2,2,0,2,0,True,False,True,True
Without Tactical Policy,1,2,P,-10.0,5,0.0,100.0,0.0,70,10,1,Very Easy,0.9025,1.0,1.5,3.0,4,2,4,0,2,0,True,False,True,True
Without Tactical Policy,1,3,P,-10.0,5,0.0,100.0,0.0,80,10,5,Expert,0.8573749999999999,0.21434374999999997,1.5,3.0,6,2,5,0,2,0,True,False,True,True
Without Tactical Policy,1,4,P,-10.0,5,0.0,100.0,0.0,90,10,5,Expert,0.8145062499999999,0.20362656249999997,1.5,3.0,8,2,6,0,1,1,True,False,True,True
Without Tactical Policy,1,5,P,-10.0,5,0.0,100.0,0.0,100,10,5,Expert,0.7737809374999999,0.19344523437499997,1.5,3.0,10,2,8,0,0,2,True,False,True,True
Without Tactical Policy,1,6,P,-10.0,5,0.0,100.0,0.0,100,0,5,Expert,0.7350918906249998,0.18377297265624995,1.5,3.0,12,2,9,0,0,2,True,False,True,True
Without Tactical Policy,1,7,P,-10.0,5,0.0,100.0,0.0,100,0,5,Expert,0.6983372960937497,0.17458432402343743,1.5,3.0,14,2,10,0,0,2,True,False,True,True
Without Tactical Policy,1,8,P,-10.0,5,0.0,100.0,0.0,100,0,5,Expert,0.6634204312890623,0.16585510782226556,1.5,3.0,16,2,11,0,0,2,True,False,True,True
Without Tactical Policy,1,9,P,-10.0,5,0.0,100.0,0.0,100,0,5,Expert,0.6302494097246091,0.15756235243115227,1.5,3.0,18,2,12,0,1,1,True,False,True,True
Without Tactical Policy,1,10,P,-10.0,5,0.0,100.0,0.0,100,0,5,Expert,0.5987369392383786,0.14968423480959464,1.5,3.0,20,2,13,0,0,2,True,False,True,True
Without Tactical Policy,1,11,P,-10.0,5,0.0,100.0,0.0,100,0,5,Expert,0.5688000922764596,0.1422000230691149,1.5,3.0,22,2,14,0,0,2,True,False,True,True
Without Tactical Policy,1,12,P,-10.0,5,0.0,100.0,0.0,100,0,5,Expert,0.5403600876626365,0.13509002191565914,1.5,3.0,24,2,15,0,0,2,True,False,True,True
Without Tactical Policy,1,13,P,-10.0,5,0.0,100.0,0.0,100,0,5,Expert,0.5133420832795047,0.12833552081987618,1.5,3.0,26,2,17,0,0,2,True,False,True,True
Without Tactical Policy,1,14,P,-10.0,5,0.0,100.0,0.0,100,0,5,Expert,0.48767497911552943,0.12191874477888236,1.5,3.0,28,2,18,0,0,2,True,False,True,True
Without Tactical Policy,1,15,P,-10.0,5,0.0,100.0,0.0,100,0,5,Expert,0.46329123015975293,0.11582280753993823,1.5,3.0,30,2,19,0,1,1,True,False,True,True
Without Tactical Policy,1,16,P,-10.0,5,0.0,100.0,0.0,100,0,5,Expert,0.44012666865176525,0.11003166716294131,1.5,3.0,32,2,20,0,0,2,True,False,True,True
Without Tactical Policy,1,17,P,-10.0,5,0.0,100.0,0.0,100,0,5,Expert,0.41812033521917696,0.10453008380479424,1.5,3.0,34,2,21,0,0,2,True,False,True,True
Without Tactical Policy,1,18,P,-10.0,5,0.0,100.0,0.0,100,0,5,Expert,0.3972143184582181,0.09930357961455452,1.5,3.0,36,2,22,0,0,2,True,False,True,True
Without Tactical Policy,1,19,P,-10.0,5,0.0,100.0,0.0,100,0,5,Expert,0.37735360253530714,0.09433840063382679,1.5,3.0,38,2,23,0,0,2,True,False,True,True
Without Tactical Policy,1,20,P,-10.0,5,0.0,100.0,0.0,100,0,5,Expert,0.35848592240854177,0.08962148060213544,1.5,3.0,40,2,23,0,0,2,True,False,True,True
Without Tactical Policy,1,21,P,-10.0,5,0.0,100.0,0.0,100,0,5,Expert,0.34056162628811465,0.08514040657202866,1.5,3.0,42,2,24,0,0,2,True,False,True,True
Without Tactical Policy,1,22,P,-10.0,5,0.0,100.0,0.0,100,0,5,Expert,0.3235335449737089,0.08088338624342722,1.5,3.0,44,2,25,0,1,1,True,False,True,True
Without Tactical Policy,1,23,P,-10.0,5,0.0,100.0,0.0,100,0,5,Expert,0.30735686772502346,0.07683921693125587,1.5,3.0,46,2,25,0,0,2,True,False,True,True
Without Tactical Policy,1,24,P,-10.0,5,0.0,100.0,0.0,100,0,5,Expert,0.2919890243387723,0.07299725608469307,1.5,3.0,48,2,25,0,0,2,True,False,True,True
Without Tactical Policy,1,25,P,-10.0,5,0.0,100.0,0.0,100,0,5,Expert,0.27738957312183365,0.06934739328045841,1.5,3.0,50,2,25,0,0,2,True,False,True,True
Without Tactical Policy,1,26,P,-10.0,5,0.0,100.0,0.0,100,0,5,Expert,0.263520094465742,0.0658800236164355,1.5,3.0,52,2,25,0,1,1,True,False,True,True
Without Tactical Policy,1,27,P,-10.0,5,0.0,100.0,0.0,100,0,5,Expert,0.25034408974245487,0.06258602243561372,1.5,3.0,54,2,26,0,0,2,True,False,True,True
Without Tactical Policy,1,28,P,-10.0,5,0.0,100.0,0.0,100,0,5,Expert,0.2378268852553321,0.059456721313833026,1.5,3.0,56,2,27,0,0,2,True,False,True,True
Without Tactical Policy,1,29,P,-10.0,5,0.0,100.0,0.0,100,0,5,Expert,0.2259355409925655,0.05648388524814137,1.5,3.0,58,2,28,0,0,2,True,False,True,True
Without Tactical Policy,1,30,P,-10.0,5,0.0,100.0,0.0,100,0,5,Expert,0.2146387639429372,0.0536596909857343,1.5,3.0,60,2,29,0,0,2,True,False,True,True
Without Tactical Policy,1,31,P,-10.0,5,0.0,100.0,0.0,100,0,5,Expert,0.20390682574579033,0.05097670643644758,1.5,3.0,62,2,30,0,0,2,True,False,True,True
Without Tactical Policy,1,32,P,-10.0,5,0.0,100.0,0.0,100,0,5,Expert,0.1937114844585008,0.05,1.5,3.0,64,2,31,0,1,1,True,False,True,True
Without Tactical Policy,1,33,P,-10.0,5,0.0,100.0,0.0,100,0,5,Expert,0.18402591023557577,0.05,1.5,3.0,66,2,32,0,0,2,True,False,True,True
Without Tactical Policy,1,34,P,-10.0,5,0.0,100.0,0.0,100,0,5,Expert,0.17482461472379698,0.05,1.5,3.0,68,2,33,0,0,2,True,False,True,True
Without Tactical Policy,1,35,P,-10.0,5,0.0,100.0,0.0,100,0,5,Expert,0.16608338398760714,0.05,1.5,3.0,70,2,34,0,0,2,True,False,True,True
Without Tactical Policy,1,36,P,-10.0,7,0.0,100.0,0.0,100,0,5,Expert,0.15777921478822676,0.05,1.0,3.0,73,3,36,0,0,3,True,False,True,True
Without Tactical Policy,1,37,P,-10.0,5,0.0,100.0,0.0,100,0,5,Expert,0.14989025404881542,0.05,1.5,3.0,75,2,37,0,0,2,True,False,True,True
Without Tactical Policy,1,38,P,-10.0,5,0.0,100.0,0.0,100,0,5,Expert,0.14239574134637464,0.05,1.5,3.0,77,2,38,0,0,2,True,False,True,True
Without Tactical Policy,1,39,P,-10.0,5,0.0,100.0,0.0,100,0,5,Expert,0.1352759542790559,0.05,1.5,3.0,79,2,38,0,0,2,True,False,True,True
Without Tactical Policy,1,40,P,-10.0,5,0.0,100.0,0.0,100,0,5,Expert,0.1285121565651031,0.05,1.5,3.0,81,2,39,0,0,2,True,False,True,True
Without Tactical Policy,1,41,P,-10.0,5,0.0,100.0,0.0,100,0,5,Expert,0.12208654873684793,0.05,1.5,3.0,83,2,40,0,0,2,True,False,True,True
Without Tactical Policy,1,42,P,-10.0,5,0.0,100.0,0.0,100,0,5,Expert,0.11598222130000553,0.05,1.5,3.0,85,2,41,0,0,2,True,False,True,True
Without Tactical Policy,1,43,P,-10.0,5,0.0,100.0,0.0,100,0,5,Expert,0.11018311023500525,0.05,1.5,3.0,87,2,42,0,0,2,True,False,True,True
Without Tactical Policy,1,44,P,-10.0,5,0.0,100.0,0.0,100,0,5,Expert,0.10467395472325498,0.05,1.5,3.0,89,2,43,0,0,2,True,False,True,True
Without Tactical Policy,1,45,P,-10.0,5,0.0,100.0,0.0,100,0,5,Expert,0.09944025698709223,0.05,1.5,3.0,91,2,44,0,0,2,True,False,True,True
Without Tactical Policy,1,46,P,-10.0,5,0.0,100.0,0.0,100,0,5,Expert,0.09446824413773762,0.05,1.5,3.0,93,2,44,0,0,2,True,False,True,True
Without Tactical Policy,1,47,P,-10.0,5,0.0,100.0,0.0,100,0,5,Expert,0.08974483193085074,0.05,1.5,3.0,95,2,44,0,0,2,True,False,True,True
Without Tactical Policy,1,48,P,-10.0,5,0.0,100.0,0.0,100,0,5,Expert,0.0852575903343082,0.05,1.5,3.0,97,2,44,0,0,2,True,False,True,True
Without Tactical Policy,1,49,P,-10.0,5,0.0,100.0,0.0,100,0,5,Expert,0.08099471081759278,0.05,1.5,3.0,99,2,44,0,0,2,True,False,True,True
Without Tactical Policy,1,50,P,-10.0,5,0.0,100.0,0.0,100,0,5,Expert,0.07694497527671314,0.05,1.5,3.0,101,2,44,0,0,2,True,False,True,True
Without Tactical Policy,1,51,P,-10.0,5,0.0,100.0,0.0,100,0,5,Expert,0.07309772651287748,0.05,1.5,3.0,103,2,45,0,0,2,True,False,True,True
Without Tactical Policy,1,52,P,-10.0,7,0.0,100.0,0.0,100,0,5,Expert,0.0694428401872336,0.05,1.0,3.0,106,3,46,0,0,3,True,False,True,True
Without Tactical Policy,1,53,P,-10.0,5,0.0,100.0,0.0,100,0,5,Expert,0.0659706981778719,0.05,1.5,3.0,108,2,47,0,0,2,True,False,True,True
Without Tactical Policy,1,54,P,-10.0,5,0.0,100.0,0.0,100,0,5,Expert,0.0626721632689783,0.05,1.5,3.0,110,2,47,0,0,2,True,False,True,True
Without Tactical Policy,1,55,P,-10.0,5,0.0,100.0,0.0,100,0,5,Expert,0.059538555105529384,0.05,1.5,3.0,112,2,47,0,0,2,True,False,True,True
Without Tactical Policy,1,56,P,-10.0,5,0.0,100.0,0.0,100,0,5,Expert,0.05656162735025291,0.05,1.5,3.0,114,2,47,0,0,2,True,False,True,True
Without Tactical Policy,1,57,P,-10.0,5,0.0,100.0,0.0,100,0,5,Expert,0.053733545982740265,0.05,1.5,3.0,116,2,47,0,1,1,True,False,True,True
Without Tactical Policy,1,58,P,-10.0,5,0.0,100.0,0.0,100,0,5,Expert,0.05104686868360325,0.05,1.5,3.0,118,2,47,0,0,2,True,False,True,True
Without Tactical Policy,1,59,P,-10.0,5,0.0,100.0,0.0,100,0,5,Expert,0.05,0.05,1.5,3.0,120,2,47,0,0,2,True,False,True,True
Without Tactical Policy,1,60,P,-10.0,5,0.0,100.0,0.0,100,0,5,Expert,0.05,0.05,1.5,3.0,122,2,47,0,0,2,True,False,True,True
Without Tactical Policy,1,61,P,-10.0,5,0.0,100.0,0.0,100,0,5,Expert,0.05,0.05,1.5,3.0,124,2,47,0,0,2,True,False,True,True
Without Tactical Policy,1,62,P,-10.0,5,0.0,100.0,0.0,100,0,5,Expert,0.05,0.05,1.5,3.0,126,2,48,0,0,2,True,False,True,True
Without Tactical Policy,1,63,P,-10.0,5,0.0,100.0,0.0,100,0,5,Expert,0.05,0.05,1.5,3.0,128,2,48,0,1,1,True,False,True,True
Without Tactical Policy,1,64,P,-10.0,5,0.0,100.0,0.0,100,0,5,Expert,0.05,0.05,1.5,3.0,130,2,49,0,0,2,True,False,True,True
Without Tactical Policy,1,65,P,-10.0,5,0.0,100.0,0.0,100,0,5,Expert,0.05,0.05,1.5,3.0,132,2,50,0,0,2,True,False,True,True
Without Tactical Policy,1,66,P,-10.0,7,0.0,100.0,0.0,100,0,5,Expert,0.05,0.05,1.0,3.0,135,3,52,0,1,2,True,False,True,True
Without Tactical Policy,1,67,P,-10.0,5,0.0,100.0,0.0,100,0,5,Expert,0.05,0.05,1.5,3.0,137,2,52,0,0,2,True,False,True,True
Without Tactical Policy,1,68,P,-10.0,5,0.0,100.0,0.0,100,0,5,Expert,0.05,0.05,1.5,3.0,139,2,52,0,0,2,True,False,True,True
Without Tactical Policy,1,69,P,-10.0,5,0.0,100.0,0.0,100,0,5,Expert,0.05,0.05,1.5,3.0,141,2,53,0,0,2,True,False,True,True
Without Tactical Policy,1,70,P,-10.0,5,0.0,100.0,0.0,100,0,5,Expert,0.05,0.05,1.5,3.0,143,2,53,0,0,2,True,False,True,True
Without Tactical Policy,1,71,P,-10.0,5,0.0,100.0,0.0,100,0,5,Expert,0.05,0.05,1.5,3.0,145,2,54,0,0,2,True,False,True,True
Without Tactical Policy,1,72,P,-10.0,5,0.0,100.0,0.0,100,0,5,Expert,0.05,0.05,1.5,3.0,147,2,55,0,0,2,True,False,True,True
Without Tactical Policy,1,73,P,-10.0,5,0.0,100.0,0.0,100,0,5,Expert,0.05,0.05,1.5,3.0,149,2,55,0,0,2,True,False,True,True
Without Tactical Policy,1,74,P,-10.0,5,0.0,100.0,0.0,100,0,5,Expert,0.05,0.05,1.5,3.0,151,2,55,0,0,2,True,False,True,True
Without Tactical Policy,1,75,P,-10.0,5,0.0,100.0,0.0,100,0,5,Expert,0.05,0.05,1.5,3.0,153,2,55,0,0,2,True,False,True,True
Without Tactical Policy,1,76,P,-10.0,5,0.0,100.0,0.0,100,0,5,Expert,0.05,0.05,1.5,3.0,155,2,55,0,0,2,True,False,True,True
Without Tactical Policy,1,77,P,-10.0,5,0.0,100.0,0.0,100,0,5,Expert,0.05,0.05,1.5,3.0,157,2,55,0,0,2,True,False,True,True
Without Tactical Policy,1,78,P,-10.0,5,0.0,100.0,0.0,100,0,5,Expert,0.05,0.05,1.5,3.0,159,2,55,0,0,2,True,False,True,True
Without Tactical Policy,1,79,P,-10.0,5,0.0,100.0,0.0,100,0,5,Expert,0.05,0.05,1.5,3.0,161,2,55,0,0,2,True,False,True,True
Without Tactical Policy,1,80,P,-10.0,5,0.0,100.0,0.0,100,0,5,Expert,0.05,0.05,1.5,3.0,163,2,56,0,0,2,True,False,True,True
Without Tactical Policy,1,81,P,-10.0,5,0.0,100.0,0.0,100,0,5,Expert,0.05,0.05,1.5,3.0,165,2,56,0,0,2,True,False,True,True
Without Tactical Policy,1,82,P,-10.0,5,0.0,100.0,0.0,100,0,5,Expert,0.05,0.05,1.5,3.0,167,2,56,0,0,2,True,False,True,True
Without Tactical Policy,1,83,P,-10.0,5,0.0,100.0,0.0,100,0,5,Expert,0.05,0.05,1.5,3.0,169,2,56,0,0,2,True,False,True,True
Without Tactical Policy,1,84,P,-10.0,5,0.0,100.0,0.0,100,0,5,Expert,0.05,0.05,1.5,3.0,171,2,57,0,0,2,True,False,True,True
Without Tactical Policy,1,85,P,-10.0,5,0.0,100.0,0.0,100,0,5,Expert,0.05,0.05,1.5,3.0,173,2,57,0,0,2,True,False,True,True
Without Tactical Policy,1,86,P,-10.0,5,0.0,100.0,0.0,100,0,5,Expert,0.05,0.05,1.5,3.0,175,2,57,0,0,2,True,False,True,True
Without Tactical Policy,1,87,P,-10.0,5,0.0,100.0,0.0,100,0,5,Expert,0.05,0.05,1.5,3.0,177,2,57,0,0,2,True,False,True,True
Without Tactical Policy,1,88,P,-10.0,5,0.0,100.0,0.0,100,0,5,Expert,0.05,0.05,1.5,3.0,179,2,58,0,0,2,True,False,True,True
Without Tactical Policy,1,89,P,-10.0,5,0.0,100.0,0.0,100,0,5,Expert,0.05,0.05,1.5,3.0,181,2,59,0,0,2,True,False,True,True
Without Tactical Policy,1,90,P,-10.0,5,0.0,100.0,0.0,100,0,5,Expert,0.05,0.05,1.5,3.0,183,2,59,0,0,2,True,False,True,True
Without Tactical Policy,1,91,P,-10.0,5,0.0,100.0,0.0,100,0,5,Expert,0.05,0.05,1.5,3.0,185,2,59,0,0,2,True,False,True,True
Without Tactical Policy,1,92,P,-10.0,5,0.0,100.0,0.0,100,0,5,Expert,0.05,0.05,1.5,3.0,187,2,60,0,0,2,True,False,True,True
Without Tactical Policy,1,93,P,-10.0,5,0.0,100.0,0.0,100,0,5,Expert,0.05,0.05,1.5,3.0,189,2,61,0,0,2,True,False,True,True
Without Tactical Policy,1,94,P,-10.0,5,0.0,100.0,0.0,100,0,5,Expert,0.05,0.05,1.5,3.0,191,2,62,0,0,2,True,False,True,True
Without Tactical Policy,1,95,P,-10.0,5,0.0,100.0,0.0,100,0,5,Expert,0.05,0.05,1.5,3.0,193,2,63,0,0,2,True,False,True,True
Without Tactical Policy,1,96,P,-10.0,5,0.0,100.0,0.0,100,0,5,Expert,0.05,0.05,1.5,3.0,195,2,64,0,0,2,True,False,True,True
Without Tactical Policy,1,97,P,-10.0,5,0.0,100.0,0.0,100,0,5,Expert,0.05,0.05,1.5,3.0,197,2,64,0,0,2,True,False,True,True
Without Tactical Policy,1,98,P,-10.0,5,0.0,100.0,0.0,100,0,5,Expert,0.05,0.05,1.5,3.0,199,2,65,0,0,2,True,False,True,True
Without Tactical Policy,1,99,P,-10.0,5,0.0,100.0,0.0,100,0,5,Expert,0.05,0.05,1.5,3.0,201,2,66,0,0,2,True,False,True,True
Without Tactical Policy,1,100,P,-10.0,5,0.0,100.0,0.0,100,0,5,Expert,0.05,0.05,1.5,3.0,203,2,66,0,0,2,True,False,True,True
Without Tactical Policy,2,1,P,-10.0,5,0.0,100.0,0.0,60,10,1,Very Easy,0.95,1.0,1.5,3.0,2,2,2,0,2,0,True,False,True,True
Without Tactical Policy,2,2,P,-10.0,5,0.0,100.0,0.0,70,10,1,Very Easy,0.9025,1.0,1.5,3.0,4,2,4,0,2,0,True,False,True,True
Without Tactical Policy,2,3,P,-10.0,5,0.0,100.0,0.0,80,10,5,Expert,0.8573749999999999,0.21434374999999997,1.5,3.0,6,2,6,0,2,0,True,False,True,True
Without Tactical Policy,2,4,P,-10.0,5,0.0,100.0,0.0,90,10,5,Expert,0.8145062499999999,0.20362656249999997,1.5,3.0,8,2,7,0,0,2,True,False,True,True
Without Tactical Policy,2,5,P,-10.0,5,0.0,100.0,0.0,100,10,5,Expert,0.7737809374999999,0.19344523437499997,1.5,3.0,10,2,8,0,0,2,True,False,True,True
Without Tactical Policy,2,6,P,-10.0,5,0.0,100.0,0.0,100,0,5,Expert,0.7350918906249998,0.18377297265624995,1.5,3.0,12,2,9,0,1,1,True,False,True,True
Without Tactical Policy,2,7,P,-10.0,5,0.0,100.0,0.0,100,0,5,Expert,0.6983372960937497,0.17458432402343743,1.5,3.0,14,2,10,0,1,1,True,False,True,True
Without Tactical Policy,2,8,P,-10.0,5,0.0,100.0,0.0,100,0,5,Expert,0.6634204312890623,0.16585510782226556,1.5,3.0,16,2,11,0,0,2,True,False,True,True
Without Tactical Policy,2,9,P,-10.0,5,0.0,100.0,0.0,100,0,5,Expert,0.6302494097246091,0.15756235243115227,1.5,3.0,18,2,12,0,0,2,True,False,True,True
Without Tactical Policy,2,10,P,-10.0,5,0.0,100.0,0.0,100,0,5,Expert,0.5987369392383786,0.14968423480959464,1.5,3.0,20,2,13,0,0,2,True,False,True,True
Without Tactical Policy,2,11,P,-10.0,5,0.0,100.0,0.0,100,0,5,Expert,0.5688000922764596,0.1422000230691149,1.5,3.0,22,2,14,0,0,2,True,False,True,True
Without Tactical Policy,2,12,P,-10.0,5,0.0,100.0,0.0,100,0,5,Expert,0.5403600876626365,0.13509002191565914,1.5,3.0,24,2,15,0,0,2,True,False,True,True
Without Tactical Policy,2,13,P,-10.0,5,0.0,100.0,0.0,100,0,5,Expert,0.5133420832795047,0.12833552081987618,1.5,3.0,26,2,17,0,0,2,True,False,True,True
Without Tactical Policy,2,14,P,-10.0,5,0.0,100.0,0.0,100,0,5,Expert,0.48767497911552943,0.12191874477888236,1.5,3.0,28,2,17,0,0,2,True,False,True,True
Without Tactical Policy,2,15,P,-10.0,5,0.0,100.0,0.0,100,0,5,Expert,0.46329123015975293,0.11582280753993823,1.5,3.0,30,2,17,0,0,2,True,False,True,True
Without Tactical Policy,2,16,P,-10.0,5,0.0,100.0,0.0,100,0,5,Expert,0.44012666865176525,0.11003166716294131,1.5,3.0,32,2,17,0,0,2,True,False,True,True
Without Tactical Policy,2,17,P,-10.0,5,0.0,100.0,0.0,100,0,5,Expert,0.41812033521917696,0.10453008380479424,1.5,3.0,34,2,18,0,1,1,True,False,True,True
Without Tactical Policy,2,18,P,-10.0,5,0.0,100.0,0.0,100,0,5,Expert,0.3972143184582181,0.09930357961455452,1.5,3.0,36,2,19,0,0,2,True,False,True,True
Without Tactical Policy,2,19,P,-10.0,5,0.0,100.0,0.0,100,0,5,Expert,0.37735360253530714,0.09433840063382679,1.5,3.0,38,2,20,0,1,1,True,False,True,True
Without Tactical Policy,2,20,P,-10.0,5,0.0,100.0,0.0,100,0,5,Expert,0.35848592240854177,0.08962148060213544,1.5,3.0,40,2,21,0,0,2,True,False,True,True
Without Tactical Policy,2,21,P,-10.0,5,0.0,100.0,0.0,100,0,5,Expert,0.34056162628811465,0.08514040657202866,1.5,3.0,42,2,22,0,1,1,True,False,True,True
Without Tactical Policy,2,22,P,-10.0,5,0.0,100.0,0.0,100,0,5,Expert,0.3235335449737089,0.08088338624342722,1.5,3.0,44,2,23,0,0,2,True,False,True,True
Without Tactical Policy,2,23,P,-10.0,5,0.0,100.0,0.0,100,0,5,Expert,0.30735686772502346,0.07683921693125587,1.5,3.0,46,2,23,0,0,2,True,False,True,True
Without Tactical Policy,2,24,P,-10.0,5,0.0,100.0,0.0,100,0,5,Expert,0.2919890243387723,0.07299725608469307,1.5,3.0,48,2,24,0,0,2,True,False,True,True
Without Tactical Policy,2,25,P,-10.0,5,0.0,100.0,0.0,100,0,5,Expert,0.27738957312183365,0.06934739328045841,1.5,3.0,50,2,25,0,0,2,True,False,True,True
Without Tactical Policy,2,26,P,-10.0,5,0.0,100.0,0.0,100,0,5,Expert,0.263520094465742,0.0658800236164355,1.5,3.0,52,2,25,0,0,2,True,False,True,True
Without Tactical Policy,2,27,P,-10.0,5,0.0,100.0,0.0,100,0,5,Expert,0.25034408974245487,0.06258602243561372,1.5,3.0,54,2,26,0,1,1,True,False,True,True
Without Tactical Policy,2,28,P,-10.0,5,0.0,100.0,0.0,100,0,5,Expert,0.2378268852553321,0.059456721313833026,1.5,3.0,56,2,27,0,0,2,True,False,True,True
Without Tactical Policy,2,29,P,-10.0,5,0.0,100.0,0.0,100,0,5,Expert,0.2259355409925655,0.05648388524814137,1.5,3.0,58,2,27,0,0,2,True,False,True,True
Without Tactical Policy,2,30,P,-10.0,5,0.0,100.0,0.0,100,0,5,Expert,0.2146387639429372,0.0536596909857343,1.5,3.0,60,2,28,0,0,2,True,False,True,True
Without Tactical Policy,2,31,P,-10.0,5,0.0,100.0,0.0,100,0,5,Expert,0.20390682574579033,0.05097670643644758,1.5,3.0,62,2,28,0,0,2,True,False,True,True
Without Tactical Policy,2,32,P,-10.0,5,0.0,100.0,0.0,100,0,5,Expert,0.1937114844585008,0.05,1.5,3.0,64,2,29,0,0,2,True,False,True,True
Without Tactical Policy,2,33,P,-10.0,5,0.0,100.0,0.0,100,0,5,Expert,0.18402591023557577,0.05,1.5,3.0,66,2,30,0,0,2,True,False,True,True
Without Tactical Policy,2,34,P,-10.0,5,0.0,100.0,0.0,100,0,5,Expert,0.17482461472379698,0.05,1.5,3.0,68,2,31,0,1,1,True,False,True,True
Without Tactical Policy,2,35,P,-10.0,5,0.0,100.0,0.0,100,0,5,Expert,0.16608338398760714,0.05,1.5,3.0,70,2,32,0,0,2,True,False,True,True
Without Tactical Policy,2,36,P,-10.0,5,0.0,100.0,0.0,100,0,5,Expert,0.15777921478822676,0.05,1.5,3.0,72,2,33,0,0,2,True,False,True,True
Without Tactical Policy,2,37,P,-10.0,5,0.0,100.0,0.0,100,0,5,Expert,0.14989025404881542,0.05,1.5,3.0,74,2,34,0,0,2,True,False,True,True
Without Tactical Policy,2,38,P,-10.0,5,0.0,100.0,0.0,100,0,5,Expert,0.14239574134637464,0.05,1.5,3.0,76,2,34,0,0,2,True,False,True,True
Without Tactical Policy,2,39,P,-10.0,5,0.0,100.0,0.0,100,0,5,Expert,0.1352759542790559,0.05,1.5,3.0,78,2,34,0,0,2,True,False,True,True
Without Tactical Policy,2,40,P,-10.0,5,0.0,100.0,0.0,100,0,5,Expert,0.1285121565651031,0.05,1.5,3.0,80,2,35,0,0,2,True,False,True,True
Without Tactical Policy,2,41,P,-10.0,5,0.0,100.0,0.0,100,0,5,Expert,0.12208654873684793,0.05,1.5,3.0,82,2,35,0,1,1,True,False,True,True
Without Tactical Policy,2,42,P,-10.0,5,0.0,100.0,0.0,100,0,5,Expert,0.11598222130000553,0.05,1.5,3.0,84,2,35,0,0,2,True,False,True,True
Without Tactical Policy,2,43,P,-10.0,5,0.0,100.0,0.0,100,0,5,Expert,0.11018311023500525,0.05,1.5,3.0,86,2,36,0,0,2,True,False,True,True
Without Tactical Policy,2,44,P,-10.0,5,0.0,100.0,0.0,100,0,5,Expert,0.10467395472325498,0.05,1.5,3.0,88,2,37,0,1,1,True,False,True,True
Without Tactical Policy,2,45,P,-10.0,5,0.0,100.0,0.0,100,0,5,Expert,0.09944025698709223,0.05,1.5,3.0,90,2,37,0,0,2,True,False,True,True
Without Tactical Policy,2,46,P,-10.0,5,0.0,100.0,0.0,100,0,5,Expert,0.09446824413773762,0.05,1.5,3.0,92,2,38,0,0,2,True,False,True,True
Without Tactical Policy,2,47,P,-10.0,5,0.0,100.0,0.0,100,0,5,Expert,0.08974483193085074,0.05,1.5,3.0,94,2,38,0,0,2,True,False,True,True
Without Tactical Policy,2,48,P,-10.0,5,0.0,100.0,0.0,100,0,5,Expert,0.0852575903343082,0.05,1.5,3.0,96,2,39,0,1,1,True,False,True,True
Without Tactical Policy,2,49,P,-10.0,5,0.0,100.0,0.0,100,0,5,Expert,0.08099471081759278,0.05,1.5,3.0,98,2,40,0,0,2,True,False,True,True
Without Tactical Policy,2,50,P,-10.0,5,0.0,100.0,0.0,100,0,5,Expert,0.07694497527671314,0.05,1.5,3.0,100,2,40,0,0,2,True,False,True,True
Without Tactical Policy,2,51,P,-10.0,5,0.0,100.0,0.0,100,0,5,Expert,0.07309772651287748,0.05,1.5,3.0,102,2,41,0,0,2,True,False,True,True
Without Tactical Policy,2,52,P,-10.0,5,0.0,100.0,0.0,100,0,5,Expert,0.0694428401872336,0.05,1.5,3.0,104,2,42,0,0,2,True,False,True,True
Without Tactical Policy,2,53,P,-10.0,5,0.0,100.0,0.0,100,0,5,Expert,0.0659706981778719,0.05,1.5,3.0,106,2,43,0,0,2,True,False,True,True
Without Tactical Policy,2,54,P,-10.0,5,0.0,100.0,0.0,100,0,5,Expert,0.0626721632689783,0.05,1.5,3.0,108,2,44,0,0,2,True,False,True,True
Without Tactical Policy,2,55,P,-10.0,5,0.0,100.0,0.0,100,0,5,Expert,0.059538555105529384,0.05,1.5,3.0,110,2,45,0,1,1,True,False,True,True
Without Tactical Policy,2,56,P,-10.0,5,0.0,100.0,0.0,100,0,5,Expert,0.05656162735025291,0.05,1.5,3.0,112,2,46,0,0,2,True,False,True,True
Without Tactical Policy,2,57,P,-10.0,5,0.0,100.0,0.0,100,0,5,Expert,0.053733545982740265,0.05,1.5,3.0,114,2,46,0,0,2,True,False,True,True
Without Tactical Policy,2,58,P,-10.0,5,0.0,100.0,0.0,100,0,5,Expert,0.05104686868360325,0.05,1.5,3.0,116,2,47,0,0,2,True,False,True,True
Without Tactical Policy,2,59,P,-10.0,5,0.0,100.0,0.0,100,0,5,Expert,0.05,0.05,1.5,3.0,118,2,48,0,0,2,True,False,True,True
Without Tactical Policy,2,60,P,-10.0,5,0.0,100.0,0.0,100,0,5,Expert,0.05,0.05,1.5,3.0,120,2,48,0,0,2,True,False,True,True
Without Tactical Policy,2,61,P,-10.0,5,0.0,100.0,0.0,100,0,5,Expert,0.05,0.05,1.5,3.0,122,2,49,0,0,2,True,False,True,True
Without Tactical Policy,2,62,P,-10.0,5,0.0,100.0,0.0,100,0,5,Expert,0.05,0.05,1.5,3.0,124,2,50,0,0,2,True,False,True,True
Without Tactical Policy,2,63,P,-10.0,5,0.0,100.0,0.0,100,0,5,Expert,0.05,0.05,1.5,3.0,126,2,50,0,0,2,True,False,True,True
Without Tactical Policy,2,64,P,-10.0,5,0.0,100.0,0.0,100,0,5,Expert,0.05,0.05,1.5,3.0,128,2,50,0,0,2,True,False,True,True
Without Tactical Policy,2,65,P,-10.0,5,0.0,100.0,0.0,100,0,5,Expert,0.05,0.05,1.5,3.0,130,2,51,0,0,2,True,False,True,True
Without Tactical Policy,2,66,P,-10.0,5,0.0,100.0,0.0,100,0,5,Expert,0.05,0.05,1.5,3.0,132,2,52,0,0,2,True,False,True,True
Without Tactical Policy,2,67,P,-10.0,5,0.0,100.0,0.0,100,0,5,Expert,0.05,0.05,1.5,3.0,134,2,53,0,0,2,True,False,True,True
Without Tactical Policy,2,68,P,-10.0,5,0.0,100.0,0.0,100,0,5,Expert,0.05,0.05,1.5,3.0,136,2,54,0,0,2,True,False,True,True
Without Tactical Policy,2,69,P,-10.0,5,0.0,100.0,0.0,100,0,5,Expert,0.05,0.05,1.5,3.0,138,2,54,0,1,1,True,False,True,True
Without Tactical Policy,2,70,P,-10.0,5,0.0,100.0,0.0,100,0,5,Expert,0.05,0.05,1.5,3.0,140,2,54,0,0,2,True,False,True,True
Without Tactical Policy,2,71,P,-10.0,5,0.0,100.0,0.0,100,0,5,Expert,0.05,0.05,1.5,3.0,142,2,55,0,0,2,True,False,True,True
Without Tactical Policy,2,72,P,-10.0,5,0.0,100.0,0.0,100,0,5,Expert,0.05,0.05,1.5,3.0,144,2,55,0,0,2,True,False,True,True
Without Tactical Policy,2,73,P,-10.0,5,0.0,100.0,0.0,100,0,5,Expert,0.05,0.05,1.5,3.0,146,2,56,0,0,2,True,False,True,True
Without Tactical Policy,2,74,P,-10.0,5,0.0,100.0,0.0,100,0,5,Expert,0.05,0.05,1.5,3.0,148,2,56,0,0,2,True,False,True,True
Without Tactical Policy,2,75,P,-10.0,5,0.0,100.0,0.0,100,0,5,Expert,0.05,0.05,1.5,3.0,150,2,57,0,0,2,True,False,True,True
Without Tactical Policy,2,76,P,-10.0,5,0.0,100.0,0.0,100,0,5,Expert,0.05,0.05,1.5,3.0,152,2,58,0,1,1,True,False,True,True
Without Tactical Policy,2,77,P,-10.0,5,0.0,100.0,0.0,100,0,5,Expert,0.05,0.05,1.5,3.0,154,2,58,0,0,2,True,False,True,True
Without Tactical Policy,2,78,P,-10.0,5,0.0,100.0,0.0,100,0,5,Expert,0.05,0.05,1.5,3.0,156,2,58,0,0,2,True,False,True,True
Without Tactical Policy,2,79,P,-10.0,5,0.0,100.0,0.0,100,0,5,Expert,0.05,0.05,1.5,3.0,158,2,58,0,0,2,True,False,True,True
Without Tactical Policy,2,80,P,-10.0,5,0.0,100.0,0.0,100,0,5,Expert,0.05,0.05,1.5,3.0,160,2,58,0,0,2,True,False,True,True
Without Tactical Policy,2,81,P,-10.0,5,0.0,100.0,0.0,100,0,5,Expert,0.05,0.05,1.5,3.0,162,2,59,0,0,2,True,False,True,True
Without Tactical Policy,2,82,P,-10.0,5,0.0,100.0,0.0,100,0,5,Expert,0.05,0.05,1.5,3.0,164,2,60,0,0,2,True,False,True,True
Without Tactical Policy,2,83,P,-10.0,5,0.0,100.0,0.0,100,0,5,Expert,0.05,0.05,1.5,3.0,166,2,60,0,0,2,True,False,True,True
Without Tactical Policy,2,84,P,-10.0,5,0.0,100.0,0.0,100,0,5,Expert,0.05,0.05,1.5,3.0,168,2,60,0,0,2,True,False,True,True
Without Tactical Policy,2,85,P,-10.0,5,0.0,100.0,0.0,100,0,5,Expert,0.05,0.05,1.5,3.0,170,2,60,0,0,2,True,False,True,True
Without Tactical Policy,2,86,P,-10.0,5,0.0,100.0,0.0,100,0,5,Expert,0.05,0.05,1.5,3.0,172,2,60,0,0,2,True,False,True,True
Without Tactical Policy,2,87,P,-10.0,5,0.0,100.0,0.0,100,0,5,Expert,0.05,0.05,1.5,3.0,174,2,60,0,0,2,True,False,True,True
Without Tactical Policy,2,88,P,-10.0,5,0.0,100.0,0.0,100,0,5,Expert,0.05,0.05,1.5,3.0,176,2,60,0,0,2,True,False,True,True
Without Tactical Policy,2,89,P,-10.0,5,0.0,100.0,0.0,100,0,5,Expert,0.05,0.05,1.5,3.0,178,2,61,0,0,2,True,False,True,True
Without Tactical Policy,2,90,P,-10.0,5,0.0,100.0,0.0,100,0,5,Expert,0.05,0.05,1.5,3.0,180,2,61,0,0,2,True,False,True,True
Without Tactical Policy,2,91,P,-10.0,5,0.0,100.0,0.0,100,0,5,Expert,0.05,0.05,1.5,3.0,182,2,61,0,0,2,True,False,True,True
Without Tactical Policy,2,92,P,-10.0,5,0.0,100.0,0.0,100,0,5,Expert,0.05,0.05,1.5,3.0,184,2,61,0,0,2,True,False,True,True
Without Tactical Policy,2,93,P,-10.0,5,0.0,100.0,0.0,100,0,5,Expert,0.05,0.05,1.5,3.0,186,2,61,0,0,2,True,False,True,True
Without Tactical Policy,2,94,P,-10.0,5,0.0,100.0,0.0,100,0,5,Expert,0.05,0.05,1.5,3.0,188,2,61,0,0,2,True,False,True,True
Without Tactical Policy,2,95,P,-10.0,5,0.0,100.0,0.0,100,0,5,Expert,0.05,0.05,1.5,3.0,190,2,61,0,0,2,True,False,True,True
Without Tactical Policy,2,96,P,-10.0,5,0.0,100.0,0.0,100,0,5,Expert,0.05,0.05,1.5,3.0,192,2,61,0,0,2,True,False,True,True
Without Tactical Policy,2,97,P,-10.0,5,0.0,100.0,0.0,100,0,5,Expert,0.05,0.05,1.5,3.0,194,2,62,0,0,2,True,False,True,True
Without Tactical Policy,2,98,P,-10.0,5,0.0,100.0,0.0,100,0,5,Expert,0.05,0.05,1.5,3.0,196,2,63,0,0,2,True,False,True,True
Without Tactical Policy,2,99,P,-10.0,5,0.0,100.0,0.0,100,0,5,Expert,0.05,0.05,1.5,3.0,198,2,63,0,0,2,True,False,True,True
Without Tactical Policy,2,100,P,-10.0,5,0.0,100.0,0.0,100,0,5,Expert,0.05,0.05,1.5,3.0,200,2,64,0,0,2,True,False,True,True
Without Tactical Policy,3,1,P,-10.0,5,0.0,100.0,0.0,60,10,1,Very Easy,0.95,1.0,1.5,3.0,2,2,2,0,2,0,True,False,True,True
Without Tactical Policy,3,2,P,-10.0,5,0.0,100.0,0.0,70,10,1,Very Easy,0.9025,1.0,1.5,3.0,4,2,4,0,2,0,True,False,True,True
Without Tactical Policy,3,3,P,-10.0,5,0.0,100.0,0.0,80,10,5,Expert,0.8573749999999999,0.21434374999999997,1.5,3.0,6,2,5,0,2,0,True,False,True,True
Without Tactical Policy,3,4,P,-10.0,5,0.0,100.0,0.0,90,10,5,Expert,0.8145062499999999,0.20362656249999997,1.5,3.0,8,2,7,0,0,2,True,False,True,True
Without Tactical Policy,3,5,P,-10.0,5,0.0,100.0,0.0,100,10,5,Expert,0.7737809374999999,0.19344523437499997,1.5,3.0,10,2,8,0,1,1,True,False,True,True
Without Tactical Policy,3,6,P,-10.0,5,0.0,100.0,0.0,100,0,5,Expert,0.7350918906249998,0.18377297265624995,1.5,3.0,12,2,9,0,0,2,True,False,True,True
Without Tactical Policy,3,7,P,-10.0,5,0.0,100.0,0.0,100,0,5,Expert,0.6983372960937497,0.17458432402343743,1.5,3.0,14,2,10,0,0,2,True,False,True,True
Without Tactical Policy,3,8,P,-10.0,5,0.0,100.0,0.0,100,0,5,Expert,0.6634204312890623,0.16585510782226556,1.5,3.0,16,2,11,0,1,1,True,False,True,True
Without Tactical Policy,3,9,P,-10.0,5,0.0,100.0,0.0,100,0,5,Expert,0.6302494097246091,0.15756235243115227,1.5,3.0,18,2,12,0,0,2,True,False,True,True
Without Tactical Policy,3,10,P,-10.0,5,0.0,100.0,0.0,100,0,5,Expert,0.5987369392383786,0.14968423480959464,1.5,3.0,20,2,13,0,0,2,True,False,True,True
Without Tactical Policy,3,11,P,-10.0,5,0.0,100.0,0.0,100,0,5,Expert,0.5688000922764596,0.1422000230691149,1.5,3.0,22,2,14,0,0,2,True,False,True,True
Without Tactical Policy,3,12,P,-10.0,5,0.0,100.0,0.0,100,0,5,Expert,0.5403600876626365,0.13509002191565914,1.5,3.0,24,2,15,0,0,2,True,False,True,True
Without Tactical Policy,3,13,P,-10.0,5,0.0,100.0,0.0,100,0,5,Expert,0.5133420832795047,0.12833552081987618,1.5,3.0,26,2,17,0,0,2,True,False,True,True
Without Tactical Policy,3,14,P,-10.0,5,0.0,100.0,0.0,100,0,5,Expert,0.48767497911552943,0.12191874477888236,1.5,3.0,28,2,18,0,0,2,True,False,True,True
Without Tactical Policy,3,15,P,-10.0,5,0.0,100.0,0.0,100,0,5,Expert,0.46329123015975293,0.11582280753993823,1.5,3.0,30,2,19,0,1,1,True,False,True,True
Without Tactical Policy,3,16,P,-10.0,5,0.0,100.0,0.0,100,0,5,Expert,0.44012666865176525,0.11003166716294131,1.5,3.0,32,2,20,0,0,2,True,False,True,True
Without Tactical Policy,3,17,P,-10.0,5,0.0,100.0,0.0,100,0,5,Expert,0.41812033521917696,0.10453008380479424,1.5,3.0,34,2,21,0,1,1,True,False,True,True
Without Tactical Policy,3,18,P,-10.0,5,0.0,100.0,0.0,100,0,5,Expert,0.3972143184582181,0.09930357961455452,1.5,3.0,36,2,22,0,0,2,True,False,True,True
Without Tactical Policy,3,19,P,-10.0,5,0.0,100.0,0.0,100,0,5,Expert,0.37735360253530714,0.09433840063382679,1.5,3.0,38,2,23,0,0,2,True,False,True,True
Without Tactical Policy,3,20,P,-10.0,5,0.0,100.0,0.0,100,0,5,Expert,0.35848592240854177,0.08962148060213544,1.5,3.0,40,2,24,0,0,2,True,False,True,True
Without Tactical Policy,3,21,P,-10.0,5,0.0,100.0,0.0,100,0,5,Expert,0.34056162628811465,0.08514040657202866,1.5,3.0,42,2,25,0,0,2,True,False,True,True
Without Tactical Policy,3,22,P,-10.0,5,0.0,100.0,0.0,100,0,5,Expert,0.3235335449737089,0.08088338624342722,1.5,3.0,44,2,26,0,0,2,True,False,True,True
Without Tactical Policy,3,23,P,-10.0,5,0.0,100.0,0.0,100,0,5,Expert,0.30735686772502346,0.07683921693125587,1.5,3.0,46,2,26,0,2,0,True,False,True,True
Without Tactical Policy,3,24,P,-10.0,5,0.0,100.0,0.0,100,0,5,Expert,0.2919890243387723,0.07299725608469307,1.5,3.0,48,2,27,0,1,1,True,False,True,True
Without Tactical Policy,3,25,P,-10.0,5,0.0,100.0,0.0,100,0,5,Expert,0.27738957312183365,0.06934739328045841,1.5,3.0,50,2,28,0,0,2,True,False,True,True
Without Tactical Policy,3,26,P,-10.0,5,0.0,100.0,0.0,100,0,5,Expert,0.263520094465742,0.0658800236164355,1.5,3.0,52,2,28,0,0,2,True,False,True,True
Without Tactical Policy,3,27,P,-10.0,5,0.0,100.0,0.0,100,0,5,Expert,0.25034408974245487,0.06258602243561372,1.5,3.0,54,2,28,0,0,2,True,False,True,True
Without Tactical Policy,3,28,P,-10.0,5,0.0,100.0,0.0,100,0,5,Expert,0.2378268852553321,0.059456721313833026,1.5,3.0,56,2,29,0,0,2,True,False,True,True
Without Tactical Policy,3,29,P,-10.0,5,0.0,100.0,0.0,100,0,5,Expert,0.2259355409925655,0.05648388524814137,1.5,3.0,58,2,29,0,0,2,True,False,True,True
Without Tactical Policy,3,30,P,-10.0,5,0.0,100.0,0.0,100,0,5,Expert,0.2146387639429372,0.0536596909857343,1.5,3.0,60,2,29,0,0,2,True,False,True,True
Without Tactical Policy,3,31,P,-10.0,5,0.0,100.0,0.0,100,0,5,Expert,0.20390682574579033,0.05097670643644758,1.5,3.0,62,2,30,0,0,2,True,False,True,True
Without Tactical Policy,3,32,P,-10.0,5,0.0,100.0,0.0,100,0,5,Expert,0.1937114844585008,0.05,1.5,3.0,64,2,31,0,0,2,True,False,True,True
Without Tactical Policy,3,33,P,-10.0,5,0.0,100.0,0.0,100,0,5,Expert,0.18402591023557577,0.05,1.5,3.0,66,2,32,0,0,2,True,False,True,True
Without Tactical Policy,3,34,P,-10.0,5,0.0,100.0,0.0,100,0,5,Expert,0.17482461472379698,0.05,1.5,3.0,68,2,33,0,0,2,True,False,True,True
Without Tactical Policy,3,35,P,-10.0,5,0.0,100.0,0.0,100,0,5,Expert,0.16608338398760714,0.05,1.5,3.0,70,2,33,0,0,2,True,False,True,True
Without Tactical Policy,3,36,P,-10.0,5,0.0,100.0,0.0,100,0,5,Expert,0.15777921478822676,0.05,1.5,3.0,72,2,34,0,0,2,True,False,True,True
Without Tactical Policy,3,37,P,-10.0,5,0.0,100.0,0.0,100,0,5,Expert,0.14989025404881542,0.05,1.5,3.0,74,2,34,0,1,1,True,False,True,True
Without Tactical Policy,3,38,P,-10.0,5,0.0,100.0,0.0,100,0,5,Expert,0.14239574134637464,0.05,1.5,3.0,76,2,34,0,0,2,True,False,True,True
Without Tactical Policy,3,39,P,-10.0,5,0.0,100.0,0.0,100,0,5,Expert,0.1352759542790559,0.05,1.5,3.0,78,2,34,0,1,1,True,False,True,True
Without Tactical Policy,3,40,P,-10.0,5,0.0,100.0,0.0,100,0,5,Expert,0.1285121565651031,0.05,1.5,3.0,80,2,35,0,0,2,True,False,True,True
Without Tactical Policy,3,41,P,-10.0,5,0.0,100.0,0.0,100,0,5,Expert,0.12208654873684793,0.05,1.5,3.0,82,2,36,0,0,2,True,False,True,True
Without Tactical Policy,3,42,P,-10.0,5,0.0,100.0,0.0,100,0,5,Expert,0.11598222130000553,0.05,1.5,3.0,84,2,37,0,0,2,True,False,True,True
Without Tactical Policy,3,43,P,-10.0,5,0.0,100.0,0.0,100,0,5,Expert,0.11018311023500525,0.05,1.5,3.0,86,2,38,0,0,2,True,False,True,True
Without Tactical Policy,3,44,P,-10.0,5,0.0,100.0,0.0,100,0,5,Expert,0.10467395472325498,0.05,1.5,3.0,88,2,39,0,0,2,True,False,True,True
Without Tactical Policy,3,45,P,-10.0,5,0.0,100.0,0.0,100,0,5,Expert,0.09944025698709223,0.05,1.5,3.0,90,2,40,0,0,2,True,False,True,True
Without Tactical Policy,3,46,P,-10.0,5,0.0,100.0,0.0,100,0,5,Expert,0.09446824413773762,0.05,1.5,3.0,92,2,41,0,0,2,True,False,True,True
Without Tactical Policy,3,47,P,-10.0,5,0.0,100.0,0.0,100,0,5,Expert,0.08974483193085074,0.05,1.5,3.0,94,2,41,0,0,2,True,False,True,True
Without Tactical Policy,3,48,P,-10.0,5,0.0,100.0,0.0,100,0,5,Expert,0.0852575903343082,0.05,1.5,3.0,96,2,42,0,1,1,True,False,True,True
Without Tactical Policy,3,49,P,-10.0,5,0.0,100.0,0.0,100,0,5,Expert,0.08099471081759278,0.05,1.5,3.0,98,2,42,0,0,2,True,False,True,True
Without Tactical Policy,3,50,P,-10.0,5,0.0,100.0,0.0,100,0,5,Expert,0.07694497527671314,0.05,1.5,3.0,100,2,43,0,1,1,True,False,True,True
Without Tactical Policy,3,51,P,-10.0,5,0.0,100.0,0.0,100,0,5,Expert,0.07309772651287748,0.05,1.5,3.0,102,2,44,0,0,2,True,False,True,True
Without Tactical Policy,3,52,P,-10.0,5,0.0,100.0,0.0,100,0,5,Expert,0.0694428401872336,0.05,1.5,3.0,104,2,45,0,0,2,True,False,True,True
Without Tactical Policy,3,53,P,-10.0,5,0.0,100.0,0.0,100,0,5,Expert,0.0659706981778719,0.05,1.5,3.0,106,2,46,0,0,2,True,False,True,True
Without Tactical Policy,3,54,P,-10.0,5,0.0,100.0,0.0,100,0,5,Expert,0.0626721632689783,0.05,1.5,3.0,108,2,47,0,0,2,True,False,True,True
Without Tactical Policy,3,55,P,-10.0,5,0.0,100.0,0.0,100,0,5,Expert,0.059538555105529384,0.05,1.5,3.0,110,2,47,0,0,2,True,False,True,True
Without Tactical Policy,3,56,P,-10.0,5,0.0,100.0,0.0,100,0,5,Expert,0.05656162735025291,0.05,1.5,3.0,112,2,48,0,0,2,True,False,True,True
Without Tactical Policy,3,57,P,-10.0,5,0.0,100.0,0.0,100,0,5,Expert,0.053733545982740265,0.05,1.5,3.0,114,2,49,0,0,2,True,False,True,True
Without Tactical Policy,3,58,P,-10.0,5,0.0,100.0,0.0,100,0,5,Expert,0.05104686868360325,0.05,1.5,3.0,116,2,50,0,0,2,True,False,True,True
Without Tactical Policy,3,59,P,-10.0,5,0.0,100.0,0.0,100,0,5,Expert,0.05,0.05,1.5,3.0,118,2,50,0,0,2,True,False,True,True
Without Tactical Policy,3,60,P,-10.0,5,0.0,100.0,0.0,100,0,5,Expert,0.05,0.05,1.5,3.0,120,2,51,0,0,2,True,False,True,True
Without Tactical Policy,3,61,P,-10.0,5,0.0,100.0,0.0,100,0,5,Expert,0.05,0.05,1.5,3.0,122,2,51,0,0,2,True,False,True,True
Without Tactical Policy,3,62,P,-10.0,5,0.0,100.0,0.0,100,0,5,Expert,0.05,0.05,1.5,3.0,124,2,52,0,0,2,True,False,True,True
Without Tactical Policy,3,63,P,-10.0,5,0.0,100.0,0.0,100,0,5,Expert,0.05,0.05,1.5,3.0,126,2,52,0,1,1,True,False,True,True
Without Tactical Policy,3,64,P,-10.0,5,0.0,100.0,0.0,100,0,5,Expert,0.05,0.05,1.5,3.0,128,2,52,0,0,2,True,False,True,True
Without Tactical Policy,3,65,P,-10.0,5,0.0,100.0,0.0,100,0,5,Expert,0.05,0.05,1.5,3.0,130,2,52,0,1,1,True,False,True,True
Without Tactical Policy,3,66,P,-10.0,5,0.0,100.0,0.0,100,0,5,Expert,0.05,0.05,1.5,3.0,132,2,52,0,0,2,True,False,True,True
Without Tactical Policy,3,67,P,-10.0,5,0.0,100.0,0.0,100,0,5,Expert,0.05,0.05,1.5,3.0,134,2,53,0,0,2,True,False,True,True
Without Tactical Policy,3,68,P,-10.0,5,0.0,100.0,0.0,100,0,5,Expert,0.05,0.05,1.5,3.0,136,2,54,0,0,2,True,False,True,True
Without Tactical Policy,3,69,P,-10.0,5,0.0,100.0,0.0,100,0,5,Expert,0.05,0.05,1.5,3.0,138,2,55,0,0,2,True,False,True,True
Without Tactical Policy,3,70,P,-10.0,5,0.0,100.0,0.0,100,0,5,Expert,0.05,0.05,1.5,3.0,140,2,55,0,0,2,True,False,True,True
Without Tactical Policy,3,71,P,-10.0,5,0.0,100.0,0.0,100,0,5,Expert,0.05,0.05,1.5,3.0,142,2,56,0,0,2,True,False,True,True
Without Tactical Policy,3,72,P,-10.0,5,0.0,100.0,0.0,100,0,5,Expert,0.05,0.05,1.5,3.0,144,2,56,0,0,2,True,False,True,True
Without Tactical Policy,3,73,P,-10.0,5,0.0,100.0,0.0,100,0,5,Expert,0.05,0.05,1.5,3.0,146,2,56,0,0,2,True,False,True,True
Without Tactical Policy,3,74,P,-10.0,5,0.0,100.0,0.0,100,0,5,Expert,0.05,0.05,1.5,3.0,148,2,56,0,0,2,True,False,True,True
Without Tactical Policy,3,75,P,-10.0,5,0.0,100.0,0.0,100,0,5,Expert,0.05,0.05,1.5,3.0,150,2,56,0,0,2,True,False,True,True
Without Tactical Policy,3,76,P,-10.0,5,0.0,100.0,0.0,100,0,5,Expert,0.05,0.05,1.5,3.0,152,2,57,0,0,2,True,False,True,True
Without Tactical Policy,3,77,P,-10.0,5,0.0,100.0,0.0,100,0,5,Expert,0.05,0.05,1.5,3.0,154,2,57,0,0,2,True,False,True,True
Without Tactical Policy,3,78,P,-10.0,7,0.0,100.0,0.0,100,0,5,Expert,0.05,0.05,1.0,3.0,157,3,58,0,0,3,True,False,True,True
Without Tactical Policy,3,79,P,-10.0,5,0.0,100.0,0.0,100,0,5,Expert,0.05,0.05,1.5,3.0,159,2,58,0,0,2,True,False,True,True
Without Tactical Policy,3,80,P,-10.0,5,0.0,100.0,0.0,100,0,5,Expert,0.05,0.05,1.5,3.0,161,2,58,0,0,2,True,False,True,True
Without Tactical Policy,3,81,P,-10.0,5,0.0,100.0,0.0,100,0,5,Expert,0.05,0.05,1.5,3.0,163,2,58,0,0,2,True,False,True,True
Without Tactical Policy,3,82,P,-10.0,5,0.0,100.0,0.0,100,0,5,Expert,0.05,0.05,1.5,3.0,165,2,58,0,0,2,True,False,True,True
Without Tactical Policy,3,83,P,-10.0,5,0.0,100.0,0.0,100,0,5,Expert,0.05,0.05,1.5,3.0,167,2,58,0,0,2,True,False,True,True
Without Tactical Policy,3,84,P,-10.0,5,0.0,100.0,0.0,100,0,5,Expert,0.05,0.05,1.5,3.0,169,2,58,0,1,1,True,False,True,True
Without Tactical Policy,3,85,P,-10.0,5,0.0,100.0,0.0,100,0,5,Expert,0.05,0.05,1.5,3.0,171,2,58,0,1,1,True,False,True,True
Without Tactical Policy,3,86,P,-10.0,5,0.0,100.0,0.0,100,0,5,Expert,0.05,0.05,1.5,3.0,173,2,58,0,0,2,True,False,True,True
Without Tactical Policy,3,87,P,-10.0,5,0.0,100.0,0.0,100,0,5,Expert,0.05,0.05,1.5,3.0,175,2,58,0,0,2,True,False,True,True
Without Tactical Policy,3,88,P,-10.0,5,0.0,100.0,0.0,100,0,5,Expert,0.05,0.05,1.5,3.0,177,2,58,0,0,2,True,False,True,True
Without Tactical Policy,3,89,P,-10.0,5,0.0,100.0,0.0,100,0,5,Expert,0.05,0.05,1.5,3.0,179,2,58,0,0,2,True,False,True,True
Without Tactical Policy,3,90,P,-10.0,5,0.0,100.0,0.0,100,0,5,Expert,0.05,0.05,1.5,3.0,181,2,58,0,0,2,True,False,True,True
Without Tactical Policy,3,91,P,-10.0,5,0.0,100.0,0.0,100,0,5,Expert,0.05,0.05,1.5,3.0,183,2,58,0,0,2,True,False,True,True
Without Tactical Policy,3,92,P,-10.0,5,0.0,100.0,0.0,100,0,5,Expert,0.05,0.05,1.5,3.0,185,2,58,0,0,2,True,False,True,True
Without Tactical Policy,3,93,P,-10.0,5,0.0,100.0,0.0,100,0,5,Expert,0.05,0.05,1.5,3.0,187,2,58,0,0,2,True,False,True,True
Without Tactical Policy,3,94,P,-10.0,5,0.0,100.0,0.0,100,0,5,Expert,0.05,0.05,1.5,3.0,189,2,58,0,0,2,True,False,True,True
Without Tactical Policy,3,95,P,-10.0,5,0.0,100.0,0.0,100,0,5,Expert,0.05,0.05,1.5,3.0,191,2,59,0,0,2,True,False,True,True
Without Tactical Policy,3,96,P,-10.0,5,0.0,100.0,0.0,100,0,5,Expert,0.05,0.05,1.5,3.0,193,2,60,0,0,2,True,False,True,True
Without Tactical Policy,3,97,P,-10.0,5,0.0,100.0,0.0,100,0,5,Expert,0.05,0.05,1.5,3.0,195,2,60,0,0,2,True,False,True,True
Without Tactical Policy,3,98,P,-10.0,5,0.0,100.0,0.0,100,0,5,Expert,0.05,0.05,1.5,3.0,197,2,60,0,0,2,True,False,True,True
Without Tactical Policy,3,99,P,-10.0,5,0.0,100.0,0.0,100,0,5,Expert,0.05,0.05,1.5,3.0,199,2,60,0,0,2,True,False,True,True
Without Tactical Policy,3,100,P,-10.0,5,0.0,100.0,0.0,100,0,5,Expert,0.05,0.05,1.5,3.0,201,2,61,0,0,2,True,False,True,True
Without Tactical Policy,4,1,P,-10.0,5,0.0,100.0,0.0,60,10,1,Very Easy,0.95,1.0,1.5,3.0,2,2,2,0,2,0,True,False,True,True
Without Tactical Policy,4,2,P,-10.0,5,0.0,100.0,0.0,70,10,1,Very Easy,0.9025,1.0,1.5,3.0,4,2,4,0,2,0,True,False,True,True
Without Tactical Policy,4,3,P,-10.0,5,0.0,100.0,0.0,80,10,5,Expert,0.8573749999999999,0.21434374999999997,1.5,3.0,6,2,4,0,2,0,True,False,True,True
Without Tactical Policy,4,4,P,-10.0,5,0.0,100.0,0.0,90,10,5,Expert,0.8145062499999999,0.20362656249999997,1.5,3.0,8,2,5,0,0,2,True,False,True,True
Without Tactical Policy,4,5,P,-10.0,5,0.0,100.0,0.0,100,10,5,Expert,0.7737809374999999,0.19344523437499997,1.5,3.0,10,2,7,0,0,2,True,False,True,True
Without Tactical Policy,4,6,P,-10.0,5,0.0,100.0,0.0,100,0,5,Expert,0.7350918906249998,0.18377297265624995,1.5,3.0,12,2,8,0,1,1,True,False,True,True
Without Tactical Policy,4,7,P,-10.0,5,0.0,100.0,0.0,100,0,5,Expert,0.6983372960937497,0.17458432402343743,1.5,3.0,14,2,9,0,2,0,True,False,True,True
Without Tactical Policy,4,8,P,-10.0,5,0.0,100.0,0.0,100,0,5,Expert,0.6634204312890623,0.16585510782226556,1.5,3.0,16,2,10,0,1,1,True,False,True,True
Without Tactical Policy,4,9,P,-10.0,5,0.0,100.0,0.0,100,0,5,Expert,0.6302494097246091,0.15756235243115227,1.5,3.0,18,2,10,0,0,2,True,False,True,True
Without Tactical Policy,4,10,P,-10.0,5,0.0,100.0,0.0,100,0,5,Expert,0.5987369392383786,0.14968423480959464,1.5,3.0,20,2,11,0,1,1,True,False,True,True
Without Tactical Policy,4,11,P,-10.0,5,0.0,100.0,0.0,100,0,5,Expert,0.5688000922764596,0.1422000230691149,1.5,3.0,22,2,12,0,0,2,True,False,True,True
Without Tactical Policy,4,12,P,-10.0,5,0.0,100.0,0.0,100,0,5,Expert,0.5403600876626365,0.13509002191565914,1.5,3.0,24,2,12,0,1,1,True,False,True,True
Without Tactical Policy,4,13,P,-10.0,5,0.0,100.0,0.0,100,0,5,Expert,0.5133420832795047,0.12833552081987618,1.5,3.0,26,2,13,0,0,2,True,False,True,True
Without Tactical Policy,4,14,P,-10.0,5,0.0,100.0,0.0,100,0,5,Expert,0.48767497911552943,0.12191874477888236,1.5,3.0,28,2,14,0,1,1,True,False,True,True
Without Tactical Policy,4,15,P,-10.0,5,0.0,100.0,0.0,100,0,5,Expert,0.46329123015975293,0.11582280753993823,1.5,3.0,30,2,14,0,0,2,True,False,True,True
Without Tactical Policy,4,16,P,-10.0,5,0.0,100.0,0.0,100,0,5,Expert,0.44012666865176525,0.11003166716294131,1.5,3.0,32,2,15,0,0,2,True,False,True,True
Without Tactical Policy,4,17,P,-10.0,5,0.0,100.0,0.0,100,0,5,Expert,0.41812033521917696,0.10453008380479424,1.5,3.0,34,2,16,0,0,2,True,False,True,True
Without Tactical Policy,4,18,P,-10.0,5,0.0,100.0,0.0,100,0,5,Expert,0.3972143184582181,0.09930357961455452,1.5,3.0,36,2,16,0,0,2,True,False,True,True
Without Tactical Policy,4,19,P,-10.0,5,0.0,100.0,0.0,100,0,5,Expert,0.37735360253530714,0.09433840063382679,1.5,3.0,38,2,18,0,0,2,True,False,True,True
Without Tactical Policy,4,20,P,-10.0,5,0.0,100.0,0.0,100,0,5,Expert,0.35848592240854177,0.08962148060213544,1.5,3.0,40,2,19,0,0,2,True,False,True,True
Without Tactical Policy,4,21,P,-10.0,5,0.0,100.0,0.0,100,0,5,Expert,0.34056162628811465,0.08514040657202866,1.5,3.0,42,2,19,0,0,2,True,False,True,True
Without Tactical Policy,4,22,P,-10.0,5,0.0,100.0,0.0,100,0,5,Expert,0.3235335449737089,0.08088338624342722,1.5,3.0,44,2,20,0,1,1,True,False,True,True
Without Tactical Policy,4,23,P,-10.0,5,0.0,100.0,0.0,100,0,5,Expert,0.30735686772502346,0.07683921693125587,1.5,3.0,46,2,21,0,0,2,True,False,True,True
Without Tactical Policy,4,24,P,-10.0,5,0.0,100.0,0.0,100,0,5,Expert,0.2919890243387723,0.07299725608469307,1.5,3.0,48,2,22,0,0,2,True,False,True,True
Without Tactical Policy,4,25,P,-10.0,5,0.0,100.0,0.0,100,0,5,Expert,0.27738957312183365,0.06934739328045841,1.5,3.0,50,2,23,0,0,2,True,False,True,True
Without Tactical Policy,4,26,P,-10.0,5,0.0,100.0,0.0,100,0,5,Expert,0.263520094465742,0.0658800236164355,1.5,3.0,52,2,24,0,0,2,True,False,True,True
Without Tactical Policy,4,27,P,-10.0,5,0.0,100.0,0.0,100,0,5,Expert,0.25034408974245487,0.06258602243561372,1.5,3.0,54,2,25,0,1,1,True,False,True,True
Without Tactical Policy,4,28,P,-10.0,5,0.0,100.0,0.0,100,0,5,Expert,0.2378268852553321,0.059456721313833026,1.5,3.0,56,2,26,0,0,2,True,False,True,True
Without Tactical Policy,4,29,P,-10.0,5,0.0,100.0,0.0,100,0,5,Expert,0.2259355409925655,0.05648388524814137,1.5,3.0,58,2,27,0,0,2,True,False,True,True
Without Tactical Policy,4,30,P,-10.0,7,0.0,100.0,0.0,100,0,5,Expert,0.2146387639429372,0.0536596909857343,1.0,3.0,61,3,28,0,0,3,True,False,True,True
Without Tactical Policy,4,31,P,-10.0,5,0.0,100.0,0.0,100,0,5,Expert,0.20390682574579033,0.05097670643644758,1.5,3.0,63,2,28,0,0,2,True,False,True,True
Without Tactical Policy,4,32,P,-10.0,5,0.0,100.0,0.0,100,0,5,Expert,0.1937114844585008,0.05,1.5,3.0,65,2,28,0,0,2,True,False,True,True
Without Tactical Policy,4,33,P,-10.0,5,0.0,100.0,0.0,100,0,5,Expert,0.18402591023557577,0.05,1.5,3.0,67,2,28,0,0,2,True,False,True,True
Without Tactical Policy,4,34,P,-10.0,5,0.0,100.0,0.0,100,0,5,Expert,0.17482461472379698,0.05,1.5,3.0,69,2,28,0,0,2,True,False,True,True
Without Tactical Policy,4,35,P,-10.0,5,0.0,100.0,0.0,100,0,5,Expert,0.16608338398760714,0.05,1.5,3.0,71,2,29,0,0,2,True,False,True,True
Without Tactical Policy,4,36,P,-10.0,5,0.0,100.0,0.0,100,0,5,Expert,0.15777921478822676,0.05,1.5,3.0,73,2,30,0,0,2,True,False,True,True
Without Tactical Policy,4,37,P,-10.0,5,0.0,100.0,0.0,100,0,5,Expert,0.14989025404881542,0.05,1.5,3.0,75,2,31,0,0,2,True,False,True,True
Without Tactical Policy,4,38,P,-10.0,5,0.0,100.0,0.0,100,0,5,Expert,0.14239574134637464,0.05,1.5,3.0,77,2,32,0,0,2,True,False,True,True
Without Tactical Policy,4,39,P,-10.0,5,0.0,100.0,0.0,100,0,5,Expert,0.1352759542790559,0.05,1.5,3.0,79,2,32,0,0,2,True,False,True,True
Without Tactical Policy,4,40,P,-10.0,5,0.0,100.0,0.0,100,0,5,Expert,0.1285121565651031,0.05,1.5,3.0,81,2,33,0,0,2,True,False,True,True
Without Tactical Policy,4,41,P,-10.0,5,0.0,100.0,0.0,100,0,5,Expert,0.12208654873684793,0.05,1.5,3.0,83,2,34,0,0,2,True,False,True,True
Without Tactical Policy,4,42,P,-10.0,5,0.0,100.0,0.0,100,0,5,Expert,0.11598222130000553,0.05,1.5,3.0,85,2,35,0,0,2,True,False,True,True
Without Tactical Policy,4,43,P,-10.0,5,0.0,100.0,0.0,100,0,5,Expert,0.11018311023500525,0.05,1.5,3.0,87,2,35,0,0,2,True,False,True,True
Without Tactical Policy,4,44,P,-10.0,5,0.0,100.0,0.0,100,0,5,Expert,0.10467395472325498,0.05,1.5,3.0,89,2,36,0,0,2,True,False,True,True
Without Tactical Policy,4,45,P,-10.0,5,0.0,100.0,0.0,100,0,5,Expert,0.09944025698709223,0.05,1.5,3.0,91,2,37,0,0,2,True,False,True,True
Without Tactical Policy,4,46,P,-10.0,5,0.0,100.0,0.0,100,0,5,Expert,0.09446824413773762,0.05,1.5,3.0,93,2,38,0,0,2,True,False,True,True
Without Tactical Policy,4,47,P,-10.0,5,0.0,100.0,0.0,100,0,5,Expert,0.08974483193085074,0.05,1.5,3.0,95,2,39,0,0,2,True,False,True,True
Without Tactical Policy,4,48,P,-10.0,5,0.0,100.0,0.0,100,0,5,Expert,0.0852575903343082,0.05,1.5,3.0,97,2,39,0,0,2,True,False,True,True
Without Tactical Policy,4,49,P,-10.0,5,0.0,100.0,0.0,100,0,5,Expert,0.08099471081759278,0.05,1.5,3.0,99,2,39,0,1,1,True,False,True,True
Without Tactical Policy,4,50,P,-10.0,5,0.0,100.0,0.0,100,0,5,Expert,0.07694497527671314,0.05,1.5,3.0,101,2,40,0,0,2,True,False,True,True
Without Tactical Policy,4,51,P,-10.0,5,0.0,100.0,0.0,100,0,5,Expert,0.07309772651287748,0.05,1.5,3.0,103,2,41,0,1,1,True,False,True,True
Without Tactical Policy,4,52,P,-10.0,5,0.0,100.0,0.0,100,0,5,Expert,0.0694428401872336,0.05,1.5,3.0,105,2,42,0,0,2,True,False,True,True
Without Tactical Policy,4,53,P,-10.0,5,0.0,100.0,0.0,100,0,5,Expert,0.0659706981778719,0.05,1.5,3.0,107,2,42,0,0,2,True,False,True,True
Without Tactical Policy,4,54,P,-10.0,5,0.0,100.0,0.0,100,0,5,Expert,0.0626721632689783,0.05,1.5,3.0,109,2,43,0,0,2,True,False,True,True
Without Tactical Policy,4,55,P,-10.0,5,0.0,100.0,0.0,100,0,5,Expert,0.059538555105529384,0.05,1.5,3.0,111,2,43,0,0,2,True,False,True,True
Without Tactical Policy,4,56,P,-10.0,5,0.0,100.0,0.0,100,0,5,Expert,0.05656162735025291,0.05,1.5,3.0,113,2,44,0,0,2,True,False,True,True
Without Tactical Policy,4,57,P,-10.0,5,0.0,100.0,0.0,100,0,5,Expert,0.053733545982740265,0.05,1.5,3.0,115,2,45,0,0,2,True,False,True,True
Without Tactical Policy,4,58,P,-10.0,5,0.0,100.0,0.0,100,0,5,Expert,0.05104686868360325,0.05,1.5,3.0,117,2,46,0,0,2,True,False,True,True
Without Tactical Policy,4,59,P,-10.0,5,0.0,100.0,0.0,100,0,5,Expert,0.05,0.05,1.5,3.0,119,2,47,0,0,2,True,False,True,True
Without Tactical Policy,4,60,P,-10.0,5,0.0,100.0,0.0,100,0,5,Expert,0.05,0.05,1.5,3.0,121,2,48,0,0,2,True,False,True,True
Without Tactical Policy,4,61,P,-10.0,5,0.0,100.0,0.0,100,0,5,Expert,0.05,0.05,1.5,3.0,123,2,49,0,0,2,True,False,True,True
Without Tactical Policy,4,62,P,-10.0,5,0.0,100.0,0.0,100,0,5,Expert,0.05,0.05,1.5,3.0,125,2,50,0,0,2,True,False,True,True
Without Tactical Policy,4,63,P,-10.0,5,0.0,100.0,0.0,100,0,5,Expert,0.05,0.05,1.5,3.0,127,2,51,0,0,2,True,False,True,True
Without Tactical Policy,4,64,P,-10.0,5,0.0,100.0,0.0,100,0,5,Expert,0.05,0.05,1.5,3.0,129,2,51,0,0,2,True,False,True,True
Without Tactical Policy,4,65,P,-10.0,5,0.0,100.0,0.0,100,0,5,Expert,0.05,0.05,1.5,3.0,131,2,51,0,0,2,True,False,True,True
Without Tactical Policy,4,66,P,-10.0,5,0.0,100.0,0.0,100,0,5,Expert,0.05,0.05,1.5,3.0,133,2,51,0,0,2,True,False,True,True
Without Tactical Policy,4,67,P,-10.0,5,0.0,100.0,0.0,100,0,5,Expert,0.05,0.05,1.5,3.0,135,2,51,0,0,2,True,False,True,True
Without Tactical Policy,4,68,P,-10.0,5,0.0,100.0,0.0,100,0,5,Expert,0.05,0.05,1.5,3.0,137,2,52,0,0,2,True,False,True,True
Without Tactical Policy,4,69,P,-10.0,5,0.0,100.0,0.0,100,0,5,Expert,0.05,0.05,1.5,3.0,139,2,52,0,0,2,True,False,True,True
Without Tactical Policy,4,70,P,-10.0,5,0.0,100.0,0.0,100,0,5,Expert,0.05,0.05,1.5,3.0,141,2,52,0,1,1,True,False,True,True
Without Tactical Policy,4,71,P,-10.0,5,0.0,100.0,0.0,100,0,5,Expert,0.05,0.05,1.5,3.0,143,2,52,0,0,2,True,False,True,True
Without Tactical Policy,4,72,P,-10.0,5,0.0,100.0,0.0,100,0,5,Expert,0.05,0.05,1.5,3.0,145,2,52,0,0,2,True,False,True,True
Without Tactical Policy,4,73,P,-10.0,5,0.0,100.0,0.0,100,0,5,Expert,0.05,0.05,1.5,3.0,147,2,52,0,0,2,True,False,True,True
Without Tactical Policy,4,74,P,-10.0,5,0.0,100.0,0.0,100,0,5,Expert,0.05,0.05,1.5,3.0,149,2,53,0,0,2,True,False,True,True
Without Tactical Policy,4,75,P,-10.0,5,0.0,100.0,0.0,100,0,5,Expert,0.05,0.05,1.5,3.0,151,2,53,0,0,2,True,False,True,True
Without Tactical Policy,4,76,P,-10.0,5,0.0,100.0,0.0,100,0,5,Expert,0.05,0.05,1.5,3.0,153,2,53,0,0,2,True,False,True,True
Without Tactical Policy,4,77,P,-10.0,5,0.0,100.0,0.0,100,0,5,Expert,0.05,0.05,1.5,3.0,155,2,53,0,0,2,True,False,True,True
Without Tactical Policy,4,78,P,-10.0,5,0.0,100.0,0.0,100,0,5,Expert,0.05,0.05,1.5,3.0,157,2,53,0,0,2,True,False,True,True
Without Tactical Policy,4,79,P,-10.0,5,0.0,100.0,0.0,100,0,5,Expert,0.05,0.05,1.5,3.0,159,2,54,0,0,2,True,False,True,True
Without Tactical Policy,4,80,P,-10.0,5,0.0,100.0,0.0,100,0,5,Expert,0.05,0.05,1.5,3.0,161,2,54,0,0,2,True,False,True,True
Without Tactical Policy,4,81,P,-10.0,5,0.0,100.0,0.0,100,0,5,Expert,0.05,0.05,1.5,3.0,163,2,54,0,0,2,True,False,True,True
Without Tactical Policy,4,82,P,-10.0,5,0.0,100.0,0.0,100,0,5,Expert,0.05,0.05,1.5,3.0,165,2,55,0,0,2,True,False,True,True
Without Tactical Policy,4,83,P,-10.0,5,0.0,100.0,0.0,100,0,5,Expert,0.05,0.05,1.5,3.0,167,2,55,0,0,2,True,False,True,True
Without Tactical Policy,4,84,P,-10.0,5,0.0,100.0,0.0,100,0,5,Expert,0.05,0.05,1.5,3.0,169,2,56,0,0,2,True,False,True,True
Without Tactical Policy,4,85,P,-10.0,5,0.0,100.0,0.0,100,0,5,Expert,0.05,0.05,1.5,3.0,171,2,56,0,0,2,True,False,True,True
Without Tactical Policy,4,86,P,-10.0,5,0.0,100.0,0.0,100,0,5,Expert,0.05,0.05,1.5,3.0,173,2,56,0,0,2,True,False,True,True
Without Tactical Policy,4,87,P,-10.0,5,0.0,100.0,0.0,100,0,5,Expert,0.05,0.05,1.5,3.0,175,2,57,0,0,2,True,False,True,True
Without Tactical Policy,4,88,P,-10.0,5,0.0,100.0,0.0,100,0,5,Expert,0.05,0.05,1.5,3.0,177,2,57,0,1,1,True,False,True,True
Without Tactical Policy,4,89,P,-10.0,5,0.0,100.0,0.0,100,0,5,Expert,0.05,0.05,1.5,3.0,179,2,58,0,0,2,True,False,True,True
Without Tactical Policy,4,90,P,-10.0,5,0.0,100.0,0.0,100,0,5,Expert,0.05,0.05,1.5,3.0,181,2,59,0,0,2,True,False,True,True
Without Tactical Policy,4,91,P,-10.0,5,0.0,100.0,0.0,100,0,5,Expert,0.05,0.05,1.5,3.0,183,2,59,0,1,1,True,False,True,True
Without Tactical Policy,4,92,P,-10.0,5,0.0,100.0,0.0,100,0,5,Expert,0.05,0.05,1.5,3.0,185,2,59,0,0,2,True,False,True,True
Without Tactical Policy,4,93,P,-10.0,5,0.0,100.0,0.0,100,0,5,Expert,0.05,0.05,1.5,3.0,187,2,59,0,0,2,True,False,True,True
Without Tactical Policy,4,94,P,-10.0,5,0.0,100.0,0.0,100,0,5,Expert,0.05,0.05,1.5,3.0,189,2,59,0,0,2,True,False,True,True
Without Tactical Policy,4,95,P,-10.0,5,0.0,100.0,0.0,100,0,5,Expert,0.05,0.05,1.5,3.0,191,2,60,0,0,2,True,False,True,True
Without Tactical Policy,4,96,P,-10.0,5,0.0,100.0,0.0,100,0,5,Expert,0.05,0.05,1.5,3.0,193,2,60,0,0,2,True,False,True,True
Without Tactical Policy,4,97,P,-10.0,5,0.0,100.0,0.0,100,0,5,Expert,0.05,0.05,1.5,3.0,195,2,61,0,1,1,True,False,True,True
Without Tactical Policy,4,98,P,-10.0,5,0.0,100.0,0.0,100,0,5,Expert,0.05,0.05,1.5,3.0,197,2,62,0,0,2,True,False,True,True
Without Tactical Policy,4,99,P,-10.0,5,0.0,100.0,0.0,100,0,5,Expert,0.05,0.05,1.5,3.0,199,2,62,0,0,2,True,False,True,True
Without Tactical Policy,4,100,P,-10.0,5,0.0,100.0,0.0,100,0,5,Expert,0.05,0.05,1.5,3.0,201,2,63,0,0,2,True,False,True,True
Without Tactical Policy,5,1,P,-10.0,5,0.0,100.0,0.0,60,10,1,Very Easy,0.95,1.0,1.5,3.0,2,2,2,0,2,0,True,False,True,True
Without Tactical Policy,5,2,P,-10.0,5,0.0,100.0,0.0,70,10,1,Very Easy,0.9025,1.0,1.5,3.0,4,2,4,0,2,0,True,False,True,True
Without Tactical Policy,5,3,P,-10.0,5,0.0,100.0,0.0,80,10,5,Expert,0.8573749999999999,0.21434374999999997,1.5,3.0,6,2,5,0,2,0,True,False,True,True
Without Tactical Policy,5,4,P,-10.0,5,0.0,100.0,0.0,90,10,5,Expert,0.8145062499999999,0.20362656249999997,1.5,3.0,8,2,7,0,1,1,True,False,True,True
Without Tactical Policy,5,5,P,-10.0,5,0.0,100.0,0.0,100,10,5,Expert,0.7737809374999999,0.19344523437499997,1.5,3.0,10,2,9,0,2,0,True,False,True,True
Without Tactical Policy,5,6,P,-10.0,5,0.0,100.0,0.0,100,0,5,Expert,0.7350918906249998,0.18377297265624995,1.5,3.0,12,2,10,0,1,1,True,False,True,True
Without Tactical Policy,5,7,P,-10.0,5,0.0,100.0,0.0,100,0,5,Expert,0.6983372960937497,0.17458432402343743,1.5,3.0,14,2,11,0,0,2,True,False,True,True
Without Tactical Policy,5,8,P,-10.0,5,0.0,100.0,0.0,100,0,5,Expert,0.6634204312890623,0.16585510782226556,1.5,3.0,16,2,12,0,0,2,True,False,True,True
Without Tactical Policy,5,9,P,-10.0,5,0.0,100.0,0.0,100,0,5,Expert,0.6302494097246091,0.15756235243115227,1.5,3.0,18,2,13,0,1,1,True,False,True,True
Without Tactical Policy,5,10,P,-10.0,5,0.0,100.0,0.0,100,0,5,Expert,0.5987369392383786,0.14968423480959464,1.5,3.0,20,2,14,0,0,2,True,False,True,True
Without Tactical Policy,5,11,P,-10.0,5,0.0,100.0,0.0,100,0,5,Expert,0.5688000922764596,0.1422000230691149,1.5,3.0,22,2,15,0,1,1,True,False,True,True
Without Tactical Policy,5,12,P,-10.0,5,0.0,100.0,0.0,100,0,5,Expert,0.5403600876626365,0.13509002191565914,1.5,3.0,24,2,15,0,1,1,True,False,True,True
Without Tactical Policy,5,13,P,-10.0,5,0.0,100.0,0.0,100,0,5,Expert,0.5133420832795047,0.12833552081987618,1.5,3.0,26,2,16,0,0,2,True,False,True,True
Without Tactical Policy,5,14,P,-10.0,5,0.0,100.0,0.0,100,0,5,Expert,0.48767497911552943,0.12191874477888236,1.5,3.0,28,2,17,0,1,1,True,False,True,True
Without Tactical Policy,5,15,P,-10.0,5,0.0,100.0,0.0,100,0,5,Expert,0.46329123015975293,0.11582280753993823,1.5,3.0,30,2,17,0,1,1,True,False,True,True
Without Tactical Policy,5,16,P,-10.0,5,0.0,100.0,0.0,100,0,5,Expert,0.44012666865176525,0.11003166716294131,1.5,3.0,32,2,18,0,0,2,True,False,True,True
Without Tactical Policy,5,17,P,-10.0,5,0.0,100.0,0.0,100,0,5,Expert,0.41812033521917696,0.10453008380479424,1.5,3.0,34,2,19,0,0,2,True,False,True,True
Without Tactical Policy,5,18,P,-10.0,5,0.0,100.0,0.0,100,0,5,Expert,0.3972143184582181,0.09930357961455452,1.5,3.0,36,2,20,0,0,2,True,False,True,True
Without Tactical Policy,5,19,P,-10.0,5,0.0,100.0,0.0,100,0,5,Expert,0.37735360253530714,0.09433840063382679,1.5,3.0,38,2,21,0,0,2,True,False,True,True
Without Tactical Policy,5,20,P,-10.0,5,0.0,100.0,0.0,100,0,5,Expert,0.35848592240854177,0.08962148060213544,1.5,3.0,40,2,21,0,0,2,True,False,True,True
Without Tactical Policy,5,21,P,-10.0,5,0.0,100.0,0.0,100,0,5,Expert,0.34056162628811465,0.08514040657202866,1.5,3.0,42,2,22,0,1,1,True,False,True,True
Without Tactical Policy,5,22,P,-10.0,5,0.0,100.0,0.0,100,0,5,Expert,0.3235335449737089,0.08088338624342722,1.5,3.0,44,2,23,0,1,1,True,False,True,True
Without Tactical Policy,5,23,P,-10.0,5,0.0,100.0,0.0,100,0,5,Expert,0.30735686772502346,0.07683921693125587,1.5,3.0,46,2,24,0,0,2,True,False,True,True
Without Tactical Policy,5,24,P,-10.0,5,0.0,100.0,0.0,100,0,5,Expert,0.2919890243387723,0.07299725608469307,1.5,3.0,48,2,24,0,0,2,True,False,True,True
Without Tactical Policy,5,25,P,-10.0,5,0.0,100.0,0.0,100,0,5,Expert,0.27738957312183365,0.06934739328045841,1.5,3.0,50,2,25,0,0,2,True,False,True,True
Without Tactical Policy,5,26,P,-10.0,5,0.0,100.0,0.0,100,0,5,Expert,0.263520094465742,0.0658800236164355,1.5,3.0,52,2,26,0,0,2,True,False,True,True
Without Tactical Policy,5,27,P,-10.0,5,0.0,100.0,0.0,100,0,5,Expert,0.25034408974245487,0.06258602243561372,1.5,3.0,54,2,27,0,0,2,True,False,True,True
Without Tactical Policy,5,28,P,-10.0,5,0.0,100.0,0.0,100,0,5,Expert,0.2378268852553321,0.059456721313833026,1.5,3.0,56,2,28,0,0,2,True,False,True,True
Without Tactical Policy,5,29,P,-10.0,5,0.0,100.0,0.0,100,0,5,Expert,0.2259355409925655,0.05648388524814137,1.5,3.0,58,2,29,0,0,2,True,False,True,True
Without Tactical Policy,5,30,P,-10.0,5,0.0,100.0,0.0,100,0,5,Expert,0.2146387639429372,0.0536596909857343,1.5,3.0,60,2,30,0,0,2,True,False,True,True
Without Tactical Policy,5,31,P,-10.0,5,0.0,100.0,0.0,100,0,5,Expert,0.20390682574579033,0.05097670643644758,1.5,3.0,62,2,30,0,0,2,True,False,True,True
Without Tactical Policy,5,32,P,-10.0,5,0.0,100.0,0.0,100,0,5,Expert,0.1937114844585008,0.05,1.5,3.0,64,2,31,0,0,2,True,False,True,True
Without Tactical Policy,5,33,P,-10.0,5,0.0,100.0,0.0,100,0,5,Expert,0.18402591023557577,0.05,1.5,3.0,66,2,32,0,0,2,True,False,True,True
Without Tactical Policy,5,34,P,-10.0,5,0.0,100.0,0.0,100,0,5,Expert,0.17482461472379698,0.05,1.5,3.0,68,2,33,0,0,2,True,False,True,True
Without Tactical Policy,5,35,P,-10.0,5,0.0,100.0,0.0,100,0,5,Expert,0.16608338398760714,0.05,1.5,3.0,70,2,34,0,0,2,True,False,True,True
Without Tactical Policy,5,36,P,-10.0,5,0.0,100.0,0.0,100,0,5,Expert,0.15777921478822676,0.05,1.5,3.0,72,2,35,0,0,2,True,False,True,True
Without Tactical Policy,5,37,P,-10.0,5,0.0,100.0,0.0,100,0,5,Expert,0.14989025404881542,0.05,1.5,3.0,74,2,36,0,0,2,True,False,True,True
Without Tactical Policy,5,38,P,-10.0,5,0.0,100.0,0.0,100,0,5,Expert,0.14239574134637464,0.05,1.5,3.0,76,2,37,0,0,2,True,False,True,True
Without Tactical Policy,5,39,P,-10.0,5,0.0,100.0,0.0,100,0,5,Expert,0.1352759542790559,0.05,1.5,3.0,78,2,37,0,0,2,True,False,True,True
Without Tactical Policy,5,40,P,-10.0,5,0.0,100.0,0.0,100,0,5,Expert,0.1285121565651031,0.05,1.5,3.0,80,2,37,0,0,2,True,False,True,True
Without Tactical Policy,5,41,P,-10.0,5,0.0,100.0,0.0,100,0,5,Expert,0.12208654873684793,0.05,1.5,3.0,82,2,38,0,0,2,True,False,True,True
Without Tactical Policy,5,42,P,-10.0,5,0.0,100.0,0.0,100,0,5,Expert,0.11598222130000553,0.05,1.5,3.0,84,2,38,0,0,2,True,False,True,True
Without Tactical Policy,5,43,P,-10.0,5,0.0,100.0,0.0,100,0,5,Expert,0.11018311023500525,0.05,1.5,3.0,86,2,39,0,0,2,True,False,True,True
Without Tactical Policy,5,44,P,-10.0,5,0.0,100.0,0.0,100,0,5,Expert,0.10467395472325498,0.05,1.5,3.0,88,2,39,0,0,2,True,False,True,True
Without Tactical Policy,5,45,P,-10.0,5,0.0,100.0,0.0,100,0,5,Expert,0.09944025698709223,0.05,1.5,3.0,90,2,40,0,0,2,True,False,True,True
Without Tactical Policy,5,46,P,-10.0,5,0.0,100.0,0.0,100,0,5,Expert,0.09446824413773762,0.05,1.5,3.0,92,2,40,0,0,2,True,False,True,True
Without Tactical Policy,5,47,P,-10.0,5,0.0,100.0,0.0,100,0,5,Expert,0.08974483193085074,0.05,1.5,3.0,94,2,41,0,0,2,True,False,True,True
Without Tactical Policy,5,48,P,-10.0,5,0.0,100.0,0.0,100,0,5,Expert,0.0852575903343082,0.05,1.5,3.0,96,2,41,0,0,2,True,False,True,True
Without Tactical Policy,5,49,P,-10.0,5,0.0,100.0,0.0,100,0,5,Expert,0.08099471081759278,0.05,1.5,3.0,98,2,41,0,0,2,True,False,True,True
Without Tactical Policy,5,50,P,-10.0,5,0.0,100.0,0.0,100,0,5,Expert,0.07694497527671314,0.05,1.5,3.0,100,2,41,0,0,2,True,False,True,True
Without Tactical Policy,5,51,P,-10.0,5,0.0,100.0,0.0,100,0,5,Expert,0.07309772651287748,0.05,1.5,3.0,102,2,42,0,1,1,True,False,True,True
Without Tactical Policy,5,52,P,-10.0,5,0.0,100.0,0.0,100,0,5,Expert,0.0694428401872336,0.05,1.5,3.0,104,2,43,0,0,2,True,False,True,True
Without Tactical Policy,5,53,P,-10.0,5,0.0,100.0,0.0,100,0,5,Expert,0.0659706981778719,0.05,1.5,3.0,106,2,44,0,0,2,True,False,True,True
Without Tactical Policy,5,54,P,-10.0,5,0.0,100.0,0.0,100,0,5,Expert,0.0626721632689783,0.05,1.5,3.0,108,2,44,0,0,2,True,False,True,True
Without Tactical Policy,5,55,P,-10.0,5,0.0,100.0,0.0,100,0,5,Expert,0.059538555105529384,0.05,1.5,3.0,110,2,44,0,0,2,True,False,True,True
Without Tactical Policy,5,56,P,-10.0,5,0.0,100.0,0.0,100,0,5,Expert,0.05656162735025291,0.05,1.5,3.0,112,2,45,0,1,1,True,False,True,True
Without Tactical Policy,5,57,P,-10.0,5,0.0,100.0,0.0,100,0,5,Expert,0.053733545982740265,0.05,1.5,3.0,114,2,45,0,0,2,True,False,True,True
Without Tactical Policy,5,58,P,-10.0,5,0.0,100.0,0.0,100,0,5,Expert,0.05104686868360325,0.05,1.5,3.0,116,2,46,0,0,2,True,False,True,True
Without Tactical Policy,5,59,P,-10.0,7,0.0,100.0,0.0,100,0,5,Expert,0.05,0.05,1.0,3.0,119,3,48,0,0,3,True,False,True,True
Without Tactical Policy,5,60,P,-10.0,5,0.0,100.0,0.0,100,0,5,Expert,0.05,0.05,1.5,3.0,121,2,49,0,1,1,True,False,True,True
Without Tactical Policy,5,61,P,-10.0,5,0.0,100.0,0.0,100,0,5,Expert,0.05,0.05,1.5,3.0,123,2,49,0,1,1,True,False,True,True
Without Tactical Policy,5,62,P,-10.0,5,0.0,100.0,0.0,100,0,5,Expert,0.05,0.05,1.5,3.0,125,2,50,0,0,2,True,False,True,True
Without Tactical Policy,5,63,P,-10.0,5,0.0,100.0,0.0,100,0,5,Expert,0.05,0.05,1.5,3.0,127,2,51,0,0,2,True,False,True,True
Without Tactical Policy,5,64,P,-10.0,5,0.0,100.0,0.0,100,0,5,Expert,0.05,0.05,1.5,3.0,129,2,51,0,1,1,True,False,True,True
Without Tactical Policy,5,65,P,-10.0,5,0.0,100.0,0.0,100,0,5,Expert,0.05,0.05,1.5,3.0,131,2,52,0,0,2,True,False,True,True
Without Tactical Policy,5,66,P,-10.0,5,0.0,100.0,0.0,100,0,5,Expert,0.05,0.05,1.5,3.0,133,2,53,0,0,2,True,False,True,True
Without Tactical Policy,5,67,P,-10.0,5,0.0,100.0,0.0,100,0,5,Expert,0.05,0.05,1.5,3.0,135,2,54,0,0,2,True,False,True,True
Without Tactical Policy,5,68,P,-10.0,5,0.0,100.0,0.0,100,0,5,Expert,0.05,0.05,1.5,3.0,137,2,55,0,0,2,True,False,True,True
Without Tactical Policy,5,69,P,-10.0,5,0.0,100.0,0.0,100,0,5,Expert,0.05,0.05,1.5,3.0,139,2,56,0,0,2,True,False,True,True
Without Tactical Policy,5,70,P,-10.0,5,0.0,100.0,0.0,100,0,5,Expert,0.05,0.05,1.5,3.0,141,2,57,0,0,2,True,False,True,True
Without Tactical Policy,5,71,P,-10.0,5,0.0,100.0,0.0,100,0,5,Expert,0.05,0.05,1.5,3.0,143,2,58,0,0,2,True,False,True,True
Without Tactical Policy,5,72,P,-10.0,5,0.0,100.0,0.0,100,0,5,Expert,0.05,0.05,1.5,3.0,145,2,58,0,0,2,True,False,True,True
Without Tactical Policy,5,73,P,-10.0,5,0.0,100.0,0.0,100,0,5,Expert,0.05,0.05,1.5,3.0,147,2,58,0,0,2,True,False,True,True
Without Tactical Policy,5,74,P,-10.0,5,0.0,100.0,0.0,100,0,5,Expert,0.05,0.05,1.5,3.0,149,2,59,0,0,2,True,False,True,True
Without Tactical Policy,5,75,P,-10.0,5,0.0,100.0,0.0,100,0,5,Expert,0.05,0.05,1.5,3.0,151,2,59,0,0,2,True,False,True,True
Without Tactical Policy,5,76,P,-10.0,5,0.0,100.0,0.0,100,0,5,Expert,0.05,0.05,1.5,3.0,153,2,59,0,0,2,True,False,True,True
Without Tactical Policy,5,77,P,-10.0,5,0.0,100.0,0.0,100,0,5,Expert,0.05,0.05,1.5,3.0,155,2,59,0,0,2,True,False,True,True
Without Tactical Policy,5,78,P,-10.0,5,0.0,100.0,0.0,100,0,5,Expert,0.05,0.05,1.5,3.0,157,2,59,0,0,2,True,False,True,True
Without Tactical Policy,5,79,P,-10.0,5,0.0,100.0,0.0,100,0,5,Expert,0.05,0.05,1.5,3.0,159,2,59,0,0,2,True,False,True,True
Without Tactical Policy,5,80,P,-10.0,5,0.0,100.0,0.0,100,0,5,Expert,0.05,0.05,1.5,3.0,161,2,60,0,0,2,True,False,True,True
Without Tactical Policy,5,81,P,-10.0,5,0.0,100.0,0.0,100,0,5,Expert,0.05,0.05,1.5,3.0,163,2,60,0,0,2,True,False,True,True
Without Tactical Policy,5,82,P,-10.0,5,0.0,100.0,0.0,100,0,5,Expert,0.05,0.05,1.5,3.0,165,2,61,0,0,2,True,False,True,True
Without Tactical Policy,5,83,P,-10.0,5,0.0,100.0,0.0,100,0,5,Expert,0.05,0.05,1.5,3.0,167,2,61,0,0,2,True,False,True,True
Without Tactical Policy,5,84,P,-10.0,5,0.0,100.0,0.0,100,0,5,Expert,0.05,0.05,1.0500001907348633,2.1000003814697266,169,2,61,0,1,1,True,False,True,True
Without Tactical Policy,5,85,P,-10.0,5,0.0,100.0,0.0,100,0,5,Expert,0.05,0.05,1.5,3.0,171,2,61,0,0,2,True,False,True,True
Without Tactical Policy,5,86,P,-10.0,5,0.0,100.0,0.0,100,0,5,Expert,0.05,0.05,1.5,3.0,173,2,61,0,0,2,True,False,True,True
Without Tactical Policy,5,87,P,-10.0,5,0.0,100.0,0.0,100,0,5,Expert,0.05,0.05,1.5,3.0,175,2,61,0,0,2,True,False,True,True
Without Tactical Policy,5,88,P,-10.0,5,0.0,100.0,0.0,100,0,5,Expert,0.05,0.05,1.5,3.0,177,2,61,0,0,2,True,False,True,True
Without Tactical Policy,5,89,P,-10.0,5,0.0,100.0,0.0,100,0,5,Expert,0.05,0.05,1.5,3.0,179,2,61,0,0,2,True,False,True,True
Without Tactical Policy,5,90,P,-10.0,5,0.0,100.0,0.0,100,0,5,Expert,0.05,0.05,1.5,3.0,181,2,61,0,0,2,True,False,True,True
Without Tactical Policy,5,91,P,-10.0,5,0.0,100.0,0.0,100,0,5,Expert,0.05,0.05,1.5,3.0,183,2,62,0,0,2,True,False,True,True
Without Tactical Policy,5,92,P,-10.0,5,0.0,100.0,0.0,100,0,5,Expert,0.05,0.05,1.5,3.0,185,2,63,0,0,2,True,False,True,True
Without Tactical Policy,5,93,P,-10.0,5,0.0,100.0,0.0,100,0,5,Expert,0.05,0.05,1.5,3.0,187,2,64,0,0,2,True,False,True,True
Without Tactical Policy,5,94,P,-10.0,5,0.0,100.0,0.0,100,0,5,Expert,0.05,0.05,1.5,3.0,189,2,64,0,0,2,True,False,True,True
Without Tactical Policy,5,95,P,-10.0,5,0.0,100.0,0.0,100,0,5,Expert,0.05,0.05,1.5,3.0,191,2,64,0,0,2,True,False,True,True
Without Tactical Policy,5,96,P,-10.0,5,0.0,100.0,0.0,100,0,5,Expert,0.05,0.05,1.5,3.0,193,2,64,0,0,2,True,False,True,True
Without Tactical Policy,5,97,P,-10.0,5,0.0,100.0,0.0,100,0,5,Expert,0.05,0.05,1.5,3.0,195,2,64,0,0,2,True,False,True,True
Without Tactical Policy,5,98,P,-10.0,5,0.0,100.0,0.0,100,0,5,Expert,0.05,0.05,1.5,3.0,197,2,64,0,0,2,True,False,True,True
Without Tactical Policy,5,99,P,-10.0,5,0.0,100.0,0.0,100,0,5,Expert,0.05,0.05,1.5,3.0,199,2,64,0,0,2,True,False,True,True
Without Tactical Policy,5,100,P,-10.0,5,0.0,100.0,0.0,100,0,5,Expert,0.05,0.05,1.5,3.0,201,2,64,0,0,2,True,False,True,True
Without Adaptive Difficulty,1,1,P,-10.0,5,0.0,100.0,0.0,60,10,3,Normal,0.95,0.76,1.5,3.0,2,2,2,0,2,0,True,True,False,True
Without Adaptive Difficulty,1,2,P,-10.0,5,0.0,100.0,0.0,70,10,3,Normal,0.9025,0.722,1.5,3.0,4,2,4,0,1,1,True,True,False,True
Without Adaptive Difficulty,1,3,P,-10.0,5,0.0,100.0,0.0,80,10,3,Normal,0.8573749999999999,0.6859,1.5,3.0,6,2,5,1,1,0,True,True,False,True
Without Adaptive Difficulty,1,4,P,-10.0,5,0.0,100.0,0.0,90,10,3,Normal,0.8145062499999999,0.651605,1.5,3.0,8,2,7,0,2,0,True,True,False,True
Without Adaptive Difficulty,1,5,P,-10.0,5,0.0,100.0,0.0,100,10,3,Normal,0.7737809374999999,0.6190247499999999,1.5,3.0,10,2,7,0,1,1,True,True,False,True
Without Adaptive Difficulty,1,6,P,-10.0,7,0.0,100.0,0.0,100,0,3,Normal,0.7350918906249998,0.5880735124999998,1.0,3.0,13,3,9,2,0,1,True,True,False,True
Without Adaptive Difficulty,1,7,P,-10.0,5,0.0,100.0,0.0,100,0,3,Normal,0.6983372960937497,0.5586698368749998,1.5,3.0,15,2,11,0,0,2,True,True,False,True
Without Adaptive Difficulty,1,8,P,-10.0,5,0.0,100.0,0.0,100,0,3,Normal,0.6634204312890623,0.5307363450312498,1.5,3.0,17,2,12,1,1,0,True,True,False,True
Without Adaptive Difficulty,1,9,P,-10.0,5,0.0,100.0,0.0,100,0,3,Normal,0.6302494097246091,0.5041995277796872,1.5,3.0,19,2,13,0,1,1,True,True,False,True
Without Adaptive Difficulty,1,10,P,-10.0,5,0.0,100.0,0.0,100,0,3,Normal,0.5987369392383786,0.4789895513907029,1.5,3.0,21,2,14,0,2,0,True,True,False,True
Without Adaptive Difficulty,1,11,P,-10.0,5,0.0,100.0,0.0,100,0,3,Normal,0.5688000922764596,0.4550400738211677,1.5,3.0,23,2,15,0,2,0,True,True,False,True
Without Adaptive Difficulty,1,12,P,-10.0,5,0.0,100.0,0.0,100,0,3,Normal,0.5403600876626365,0.4322880701301093,1.5,3.0,25,2,16,0,0,2,True,True,False,True
Without Adaptive Difficulty,1,13,P,-10.0,5,0.0,100.0,0.0,100,0,3,Normal,0.5133420832795047,0.4106736666236038,1.5,3.0,27,2,17,0,1,1,True,True,False,True
Without Adaptive Difficulty,1,14,P,-10.0,5,0.0,100.0,0.0,100,0,3,Normal,0.48767497911552943,0.39013998329242355,1.5,3.0,29,2,17,0,1,1,True,True,False,True
Without Adaptive Difficulty,1,15,P,-10.0,5,0.0,100.0,0.0,100,0,3,Normal,0.46329123015975293,0.3706329841278024,1.5,3.0,31,2,18,0,2,0,True,True,False,True
Without Adaptive Difficulty,1,16,P,-10.0,5,0.0,100.0,0.0,100,0,3,Normal,0.44012666865176525,0.3521013349214122,1.5,3.0,33,2,18,0,1,1,True,True,False,True
Without Adaptive Difficulty,1,17,P,-10.0,5,0.0,100.0,0.0,100,0,3,Normal,0.41812033521917696,0.3344962681753416,1.5,3.0,35,2,19,1,1,0,True,True,False,True
Without Adaptive Difficulty,1,18,P,-10.0,5,0.0,100.0,0.0,100,0,3,Normal,0.3972143184582181,0.3177714547665745,1.5,3.0,37,2,20,1,0,1,True,True,False,True
Without Adaptive Difficulty,1,19,P,-10.0,5,0.0,100.0,0.0,100,0,3,Normal,0.37735360253530714,0.30188288202824576,1.5,3.0,39,2,21,2,0,0,True,True,False,True
Without Adaptive Difficulty,1,20,P,-10.0,5,0.0,100.0,0.0,100,0,3,Normal,0.35848592240854177,0.2867887379268334,1.5,3.0,41,2,22,2,0,0,True,True,False,True
Without Adaptive Difficulty,1,21,P,-10.0,5,0.0,100.0,0.0,100,0,3,Normal,0.34056162628811465,0.27244930103049175,1.5,3.0,43,2,23,1,0,1,True,True,False,True
Without Adaptive Difficulty,1,22,P,-10.0,5,0.0,100.0,0.0,100,0,3,Normal,0.3235335449737089,0.2588268359789671,1.5,3.0,45,2,24,1,0,1,True,True,False,True
Without Adaptive Difficulty,1,23,P,-10.0,5,0.0,100.0,0.0,100,0,3,Normal,0.30735686772502346,0.2458854941800188,1.5,3.0,47,2,24,0,1,1,True,True,False,True
Without Adaptive Difficulty,1,24,P,-10.0,5,0.0,100.0,0.0,100,0,3,Normal,0.2919890243387723,0.23359121947101782,1.5,3.0,49,2,24,1,1,0,True,True,False,True
Without Adaptive Difficulty,1,25,P,-10.0,5,0.0,100.0,0.0,100,0,3,Normal,0.27738957312183365,0.22191165849746694,1.5,3.0,51,2,25,0,0,2,True,True,False,True
Without Adaptive Difficulty,1,26,P,-10.0,5,0.0,100.0,0.0,100,0,3,Normal,0.263520094465742,0.2108160755725936,1.5,3.0,53,2,26,1,0,1,True,True,False,True
Without Adaptive Difficulty,1,27,P,-10.0,5,0.0,100.0,0.0,100,0,3,Normal,0.25034408974245487,0.2002752717939639,1.5,3.0,55,2,26,1,0,1,True,True,False,True
Without Adaptive Difficulty,1,28,P,-10.0,5,0.0,100.0,0.0,100,0,3,Normal,0.2378268852553321,0.19026150820426568,1.5,3.0,57,2,27,1,0,1,True,True,False,True
Without Adaptive Difficulty,1,29,P,-10.0,5,0.0,100.0,0.0,100,0,3,Normal,0.2259355409925655,0.1807484327940524,1.5,3.0,59,2,28,1,0,1,True,True,False,True
Without Adaptive Difficulty,1,30,P,-10.0,5,0.0,100.0,0.0,100,0,3,Normal,0.2146387639429372,0.17171101115434978,1.5,3.0,61,2,28,1,0,1,True,True,False,True
Without Adaptive Difficulty,1,31,P,-10.0,5,0.0,100.0,0.0,100,0,3,Normal,0.20390682574579033,0.16312546059663227,1.5,3.0,63,2,29,1,0,1,True,True,False,True
Without Adaptive Difficulty,1,32,P,-10.0,5,0.0,100.0,0.0,100,0,3,Normal,0.1937114844585008,0.15496918756680067,1.5,3.0,65,2,29,1,1,0,True,True,False,True
Without Adaptive Difficulty,1,33,P,-10.0,5,0.0,100.0,0.0,100,0,3,Normal,0.18402591023557577,0.14722072818846063,1.5,3.0,67,2,30,0,0,2,True,True,False,True
Without Adaptive Difficulty,1,34,P,-10.0,5,0.0,100.0,0.0,100,0,3,Normal,0.17482461472379698,0.1398596917790376,1.5,3.0,69,2,31,0,0,2,True,True,False,True
Without Adaptive Difficulty,1,35,P,-10.0,5,0.0,100.0,0.0,100,0,3,Normal,0.16608338398760714,0.13286670719008573,1.0500001907348633,2.1000003814697266,71,2,31,2,0,0,True,True,False,True
Without Adaptive Difficulty,1,36,P,-10.0,5,0.0,100.0,0.0,100,0,3,Normal,0.15777921478822676,0.1262233718305814,1.5,3.0,73,2,31,0,0,2,True,True,False,True
Without Adaptive Difficulty,1,37,P,-10.0,5,0.0,100.0,0.0,100,0,3,Normal,0.14989025404881542,0.11991220323905234,1.5,3.0,75,2,32,1,0,1,True,True,False,True
Without Adaptive Difficulty,1,38,P,-10.0,5,0.0,100.0,0.0,100,0,3,Normal,0.14239574134637464,0.11391659307709973,1.5,3.0,77,2,32,2,0,0,True,True,False,True
Without Adaptive Difficulty,1,39,P,-10.0,5,0.0,100.0,0.0,100,0,3,Normal,0.1352759542790559,0.10822076342324471,1.5,3.0,79,2,32,2,0,0,True,True,False,True
Without Adaptive Difficulty,1,40,P,-10.0,5,0.0,100.0,0.0,100,0,3,Normal,0.1285121565651031,0.10280972525208248,1.5,3.0,81,2,32,1,0,1,True,True,False,True
Without Adaptive Difficulty,1,41,P,-10.0,5,0.0,100.0,0.0,100,0,3,Normal,0.12208654873684793,0.09766923898947835,1.5,3.0,83,2,33,1,0,1,True,True,False,True
Without Adaptive Difficulty,1,42,P,-10.0,5,0.0,100.0,0.0,100,0,3,Normal,0.11598222130000553,0.09278577704000443,1.5,3.0,85,2,34,1,1,0,True,True,False,True
Without Adaptive Difficulty,1,43,P,-10.0,5,0.0,100.0,0.0,100,0,3,Normal,0.11018311023500525,0.0881464881880042,1.5,3.0,87,2,35,0,0,2,True,True,False,True
Without Adaptive Difficulty,1,44,P,-10.0,5,0.0,100.0,0.0,100,0,3,Normal,0.10467395472325498,0.08373916377860399,1.5,3.0,89,2,36,0,0,2,True,True,False,True
Without Adaptive Difficulty,1,45,P,-10.0,5,0.0,100.0,0.0,100,0,3,Normal,0.09944025698709223,0.0795522055896738,0.7349998950958252,1.4699997901916504,91,2,36,1,0,1,True,True,False,True
Without Adaptive Difficulty,1,46,P,-10.0,5,0.0,100.0,0.0,100,0,3,Normal,0.09446824413773762,0.0755745953101901,1.5,3.0,93,2,37,1,0,1,True,True,False,True
Without Adaptive Difficulty,1,47,P,-10.0,5,0.0,100.0,0.0,100,0,3,Normal,0.08974483193085074,0.07179586554468059,1.5,3.0,95,2,37,1,1,0,True,True,False,True
Without Adaptive Difficulty,1,48,P,-10.0,5,0.0,100.0,0.0,100,0,3,Normal,0.0852575903343082,0.06820607226744656,1.5,3.0,97,2,38,0,0,2,True,True,False,True
Without Adaptive Difficulty,1,49,P,-10.0,5,0.0,100.0,0.0,100,0,3,Normal,0.08099471081759278,0.06479576865407423,1.0500001907348633,2.1000003814697266,99,2,38,2,0,0,True,True,False,True
Without Adaptive Difficulty,1,50,P,-10.0,5,0.0,100.0,0.0,100,0,3,Normal,0.07694497527671314,0.061555980221370515,1.5,3.0,101,2,38,1,0,1,True,True,False,True
Without Adaptive Difficulty,1,51,P,-10.0,5,0.0,100.0,0.0,100,0,3,Normal,0.07309772651287748,0.05847818121030199,1.5,3.0,103,2,39,1,0,1,True,True,False,True
Without Adaptive Difficulty,1,52,P,-10.0,5,0.0,100.0,0.0,100,0,3,Normal,0.0694428401872336,0.05555427214978688,1.5,3.0,105,2,40,1,0,1,True,True,False,True
Without Adaptive Difficulty,1,53,P,-10.0,5,0.0,100.0,0.0,100,0,3,Normal,0.0659706981778719,0.05277655854229753,1.5,3.0,107,2,41,1,0,1,True,True,False,True
Without Adaptive Difficulty,1,54,P,-10.0,5,0.0,100.0,0.0,100,0,3,Normal,0.0626721632689783,0.050137730615182646,1.5,3.0,109,2,41,0,0,2,True,True,False,True
Without Adaptive Difficulty,1,55,P,-10.0,5,0.0,100.0,0.0,100,0,3,Normal,0.059538555105529384,0.05,1.5,3.0,111,2,41,1,0,1,True,True,False,True
Without Adaptive Difficulty,1,56,P,-10.0,5,0.0,100.0,0.0,100,0,3,Normal,0.05656162735025291,0.05,1.5,3.0,113,2,41,2,0,0,True,True,False,True
Without Adaptive Difficulty,1,57,P,-10.0,5,0.0,100.0,0.0,100,0,3,Normal,0.053733545982740265,0.05,1.0500001907348633,2.1000003814697266,115,2,41,1,0,1,True,True,False,True
Without Adaptive Difficulty,1,58,P,-10.0,5,0.0,100.0,0.0,100,0,3,Normal,0.05104686868360325,0.05,1.5,3.0,117,2,41,1,0,1,True,True,False,True
Without Adaptive Difficulty,1,59,P,-10.0,5,0.0,100.0,0.0,100,0,3,Normal,0.05,0.05,1.0500001907348633,2.1000003814697266,119,2,41,2,0,0,True,True,False,True
Without Adaptive Difficulty,1,60,P,-10.0,5,0.0,100.0,0.0,100,0,3,Normal,0.05,0.05,1.5,3.0,121,2,41,1,0,1,True,True,False,True
Without Adaptive Difficulty,1,61,P,-10.0,5,0.0,100.0,0.0,100,0,3,Normal,0.05,0.05,1.5,3.0,123,2,41,1,0,1,True,True,False,True
Without Adaptive Difficulty,1,62,P,-10.0,5,0.0,100.0,0.0,100,0,3,Normal,0.05,0.05,1.5,3.0,125,2,41,1,1,0,True,True,False,True
Without Adaptive Difficulty,1,63,P,-10.0,5,0.0,100.0,0.0,100,0,3,Normal,0.05,0.05,1.5,3.0,127,2,41,0,0,2,True,True,False,True
Without Adaptive Difficulty,1,64,P,-10.0,5,0.0,100.0,0.0,100,0,3,Normal,0.05,0.05,1.5,3.0,129,2,41,1,0,1,True,True,False,True
Without Adaptive Difficulty,1,65,P,-10.0,5,0.0,100.0,0.0,100,0,3,Normal,0.05,0.05,1.5,3.0,131,2,42,1,0,1,True,True,False,True
Without Adaptive Difficulty,1,66,P,-10.0,5,0.0,100.0,0.0,100,0,3,Normal,0.05,0.05,1.5,3.0,133,2,42,0,0,2,True,True,False,True
Without Adaptive Difficulty,1,67,P,-10.0,5,0.0,100.0,0.0,100,0,3,Normal,0.05,0.05,0.7349998950958252,1.4699997901916504,135,2,42,2,0,0,True,True,False,True
Without Adaptive Difficulty,1,68,P,-10.0,5,0.0,100.0,0.0,100,0,3,Normal,0.05,0.05,1.5,3.0,137,2,43,0,0,2,True,True,False,True
Without Adaptive Difficulty,1,69,P,-10.0,5,0.0,100.0,0.0,100,0,3,Normal,0.05,0.05,1.0500001907348633,2.1000003814697266,139,2,43,2,0,0,True,True,False,True
Without Adaptive Difficulty,1,70,P,-10.0,5,0.0,100.0,0.0,100,0,3,Normal,0.05,0.05,1.5,3.0,141,2,44,0,0,2,True,True,False,True
Without Adaptive Difficulty,1,71,P,-10.0,5,0.0,100.0,0.0,100,0,3,Normal,0.05,0.05,1.0500001907348633,2.1000003814697266,143,2,44,1,0,1,True,True,False,True
Without Adaptive Difficulty,1,72,P,-10.0,5,0.0,100.0,0.0,100,0,3,Normal,0.05,0.05,1.5,3.0,145,2,45,0,0,2,True,True,False,True
Without Adaptive Difficulty,1,73,P,-10.0,5,0.0,100.0,0.0,100,0,3,Normal,0.05,0.05,1.5,3.0,147,2,46,0,0,2,True,True,False,True
Without Adaptive Difficulty,1,74,P,-10.0,5,0.0,100.0,0.0,100,0,3,Normal,0.05,0.05,1.5,3.0,149,2,47,0,0,2,True,True,False,True
Without Adaptive Difficulty,1,75,P,-10.0,5,0.0,100.0,0.0,100,0,3,Normal,0.05,0.05,1.5,3.0,151,2,47,0,0,2,True,True,False,True
Without Adaptive Difficulty,1,76,P,-10.0,5,0.0,100.0,0.0,100,0,3,Normal,0.05,0.05,1.5,3.0,153,2,47,0,1,1,True,True,False,True
Without Adaptive Difficulty,1,77,P,-10.0,5,0.0,100.0,0.0,100,0,3,Normal,0.05,0.05,1.5,3.0,155,2,47,0,0,2,True,True,False,True
Without Adaptive Difficulty,1,78,P,-10.0,5,0.0,100.0,0.0,100,0,3,Normal,0.05,0.05,1.5,3.0,157,2,48,0,0,2,True,True,False,True
Without Adaptive Difficulty,1,79,P,-10.0,5,0.0,100.0,0.0,100,0,3,Normal,0.05,0.05,1.5,3.0,159,2,48,0,1,1,True,True,False,True
Without Adaptive Difficulty,1,80,P,-10.0,5,0.0,100.0,0.0,100,0,3,Normal,0.05,0.05,1.5,3.0,161,2,48,1,0,1,True,True,False,True
Without Adaptive Difficulty,1,81,P,-10.0,5,0.0,100.0,0.0,100,0,3,Normal,0.05,0.05,1.5,3.0,163,2,48,1,0,1,True,True,False,True
Without Adaptive Difficulty,1,82,P,-10.0,5,0.0,100.0,0.0,100,0,3,Normal,0.05,0.05,0.7349998950958252,1.4699997901916504,165,2,48,2,0,0,True,True,False,True
Without Adaptive Difficulty,1,83,P,-10.0,5,0.0,100.0,0.0,100,0,3,Normal,0.05,0.05,1.5,3.0,167,2,49,0,0,2,True,True,False,True
Without Adaptive Difficulty,1,84,P,-10.0,5,0.0,100.0,0.0,100,0,3,Normal,0.05,0.05,1.5,3.0,169,2,50,1,0,1,True,True,False,True
Without Adaptive Difficulty,1,85,P,-10.0,5,0.0,100.0,0.0,100,0,3,Normal,0.05,0.05,1.5,3.0,171,2,50,0,1,1,True,True,False,True
Without Adaptive Difficulty,1,86,P,-10.0,5,0.0,100.0,0.0,100,0,3,Normal,0.05,0.05,1.5,3.0,173,2,51,1,0,1,True,True,False,True
Without Adaptive Difficulty,1,87,P,-10.0,5,0.0,100.0,0.0,100,0,3,Normal,0.05,0.05,1.5,3.0,175,2,51,0,0,2,True,True,False,True
Without Adaptive Difficulty,1,88,P,-10.0,5,0.0,100.0,0.0,100,0,3,Normal,0.05,0.05,1.5,3.0,177,2,51,1,0,1,True,True,False,True
Without Adaptive Difficulty,1,89,P,-10.0,5,0.0,100.0,0.0,100,0,3,Normal,0.05,0.05,1.5,3.0,179,2,52,1,0,1,True,True,False,True
Without Adaptive Difficulty,1,90,P,-10.0,5,0.0,100.0,0.0,100,0,3,Normal,0.05,0.05,1.5,3.0,181,2,52,0,1,1,True,True,False,True
Without Adaptive Difficulty,1,91,P,-10.0,7,0.0,100.0,0.0,100,0,3,Normal,0.05,0.05,1.0,3.0,184,3,54,0,0,3,True,True,False,True
Without Adaptive Difficulty,1,92,P,-10.0,5,0.0,100.0,0.0,100,0,3,Normal,0.05,0.05,1.5,3.0,186,2,55,1,0,1,True,True,False,True
Without Adaptive Difficulty,1,93,P,-10.0,5,0.0,100.0,0.0,100,0,3,Normal,0.05,0.05,0.5144999027252197,1.0289998054504395,188,2,55,1,0,1,True,True,False,True
Without Adaptive Difficulty,1,94,P,-10.0,5,0.0,100.0,0.0,100,0,3,Normal,0.05,0.05,1.5,3.0,190,2,56,0,0,2,True,True,False,True
Without Adaptive Difficulty,1,95,P,-10.0,5,0.0,100.0,0.0,100,0,3,Normal,0.05,0.05,1.5,3.0,192,2,57,0,0,2,True,True,False,True
Without Adaptive Difficulty,1,96,P,-10.0,5,0.0,100.0,0.0,100,0,3,Normal,0.05,0.05,1.5,3.0,194,2,57,1,0,1,True,True,False,True
Without Adaptive Difficulty,1,97,P,-10.0,5,0.0,100.0,0.0,100,0,3,Normal,0.05,0.05,0.7349998950958252,1.4699997901916504,196,2,57,1,0,1,True,True,False,True
Without Adaptive Difficulty,1,98,P,-10.0,5,0.0,100.0,0.0,100,0,3,Normal,0.05,0.05,1.5,3.0,198,2,58,1,0,1,True,True,False,True
Without Adaptive Difficulty,1,99,P,-10.0,5,0.0,100.0,0.0,100,0,3,Normal,0.05,0.05,1.5,3.0,200,2,59,0,0,2,True,True,False,True
Without Adaptive Difficulty,1,100,P,-10.0,5,0.0,100.0,0.0,100,0,3,Normal,0.05,0.05,1.5,3.0,202,2,59,1,0,1,True,True,False,True
Without Adaptive Difficulty,2,1,P,-10.0,5,0.0,100.0,0.0,60,10,3,Normal,0.95,0.76,1.5,3.0,2,2,2,0,2,0,True,True,False,True
Without Adaptive Difficulty,2,2,P,-10.0,5,0.0,100.0,0.0,70,10,3,Normal,0.9025,0.722,1.5,3.0,4,2,4,0,1,1,True,True,False,True
Without Adaptive Difficulty,2,3,P,-10.0,5,0.0,100.0,0.0,80,10,3,Normal,0.8573749999999999,0.6859,1.5,3.0,6,2,6,0,2,0,True,True,False,True
Without Adaptive Difficulty,2,4,P,-10.0,5,0.0,100.0,0.0,90,10,3,Normal,0.8145062499999999,0.651605,1.5,3.0,8,2,8,1,0,1,True,True,False,True
Without Adaptive Difficulty,2,5,P,-10.0,5,0.0,100.0,0.0,100,10,3,Normal,0.7737809374999999,0.6190247499999999,1.5,3.0,10,2,9,2,0,0,True,True,False,True
Without Adaptive Difficulty,2,6,P,-10.0,5,0.0,100.0,0.0,100,0,3,Normal,0.7350918906249998,0.5880735124999998,1.5,3.0,12,2,9,0,0,2,True,True,False,True
Without Adaptive Difficulty,2,7,P,-10.0,5,0.0,100.0,0.0,100,0,3,Normal,0.6983372960937497,0.5586698368749998,1.5,3.0,14,2,10,0,1,1,True,True,False,True
Without Adaptive Difficulty,2,8,P,-10.0,5,0.0,100.0,0.0,100,0,3,Normal,0.6634204312890623,0.5307363450312498,1.5,3.0,16,2,11,0,1,1,True,True,False,True
Without Adaptive Difficulty,2,9,P,-10.0,5,0.0,100.0,0.0,100,0,3,Normal,0.6302494097246091,0.5041995277796872,1.5,3.0,18,2,12,0,2,0,True,True,False,True
Without Adaptive Difficulty,2,10,P,-10.0,5,0.0,100.0,0.0,100,0,3,Normal,0.5987369392383786,0.4789895513907029,1.5,3.0,20,2,13,1,0,1,True,True,False,True
Without Adaptive Difficulty,2,11,P,-10.0,5,0.0,100.0,0.0,100,0,3,Normal,0.5688000922764596,0.4550400738211677,1.5,3.0,22,2,14,1,0,1,True,True,False,True
Without Adaptive Difficulty,2,12,P,-10.0,5,0.0,100.0,0.0,100,0,3,Normal,0.5403600876626365,0.4322880701301093,1.5,3.0,24,2,15,0,2,0,True,True,False,True
Without Adaptive Difficulty,2,13,P,-10.0,5,0.0,100.0,0.0,100,0,3,Normal,0.5133420832795047,0.4106736666236038,1.5,3.0,26,2,16,1,1,0,True,True,False,True
Without Adaptive Difficulty,2,14,P,-10.0,5,0.0,100.0,0.0,100,0,3,Normal,0.48767497911552943,0.39013998329242355,1.5,3.0,28,2,17,0,0,2,True,True,False,True
Without Adaptive Difficulty,2,15,P,-10.0,5,0.0,100.0,0.0,100,0,3,Normal,0.46329123015975293,0.3706329841278024,1.5,3.0,30,2,18,1,1,0,True,True,False,True
Without Adaptive Difficulty,2,16,P,-10.0,5,0.0,100.0,0.0,100,0,3,Normal,0.44012666865176525,0.3521013349214122,1.5,3.0,32,2,19,1,1,0,True,True,False,True
Without Adaptive Difficulty,2,17,P,-10.0,5,0.0,100.0,0.0,100,0,3,Normal,0.41812033521917696,0.3344962681753416,1.5,3.0,34,2,19,0,2,0,True,True,False,True
Without Adaptive Difficulty,2,18,P,-10.0,5,0.0,100.0,0.0,100,0,3,Normal,0.3972143184582181,0.3177714547665745,1.5,3.0,36,2,19,2,0,0,True,True,False,True
Without Adaptive Difficulty,2,19,P,-10.0,5,0.0,100.0,0.0,100,0,3,Normal,0.37735360253530714,0.30188288202824576,1.5,3.0,38,2,20,1,0,1,True,True,False,True
Without Adaptive Difficulty,2,20,P,-10.0,5,0.0,100.0,0.0,100,0,3,Normal,0.35848592240854177,0.2867887379268334,1.5,3.0,40,2,21,1,1,0,True,True,False,True
Without Adaptive Difficulty,2,21,P,-10.0,5,0.0,100.0,0.0,100,0,3,Normal,0.34056162628811465,0.27244930103049175,1.5,3.0,42,2,21,1,0,1,True,True,False,True
Without Adaptive Difficulty,2,22,P,-10.0,5,0.0,100.0,0.0,100,0,3,Normal,0.3235335449737089,0.2588268359789671,1.5,3.0,44,2,21,1,0,1,True,True,False,True
Without Adaptive Difficulty,2,23,P,-10.0,5,0.0,100.0,0.0,100,0,3,Normal,0.30735686772502346,0.2458854941800188,1.5,3.0,46,2,21,2,0,0,True,True,False,True
Without Adaptive Difficulty,2,24,P,-10.0,5,0.0,100.0,0.0,100,0,3,Normal,0.2919890243387723,0.23359121947101782,1.5,3.0,48,2,22,0,1,1,True,True,False,True
Without Adaptive Difficulty,2,25,P,-10.0,5,0.0,100.0,0.0,100,0,3,Normal,0.27738957312183365,0.22191165849746694,1.5,3.0,50,2,22,1,0,1,True,True,False,True
Without Adaptive Difficulty,2,26,P,-10.0,7,0.0,100.0,0.0,100,0,3,Normal,0.263520094465742,0.2108160755725936,1.0,3.0,53,3,24,1,1,1,True,True,False,True
Without Adaptive Difficulty,2,27,P,-10.0,5,0.0,100.0,0.0,100,0,3,Normal,0.25034408974245487,0.2002752717939639,1.5,3.0,55,2,25,1,1,0,True,True,False,True
Without Adaptive Difficulty,2,28,P,-10.0,5,0.0,100.0,0.0,100,0,3,Normal,0.2378268852553321,0.19026150820426568,1.5,3.0,57,2,25,0,0,2,True,True,False,True
Without Adaptive Difficulty,2,29,P,-10.0,5,0.0,100.0,0.0,100,0,3,Normal,0.2259355409925655,0.1807484327940524,1.5,3.0,59,2,26,0,1,1,True,True,False,True
Without Adaptive Difficulty,2,30,P,-10.0,5,0.0,100.0,0.0,100,0,3,Normal,0.2146387639429372,0.17171101115434978,1.5,3.0,61,2,27,1,0,1,True,True,False,True
Without Adaptive Difficulty,2,31,P,-10.0,5,0.0,100.0,0.0,100,0,3,Normal,0.20390682574579033,0.16312546059663227,1.5,3.0,63,2,28,1,0,1,True,True,False,True
Without Adaptive Difficulty,2,32,P,-10.0,5,0.0,100.0,0.0,100,0,3,Normal,0.1937114844585008,0.15496918756680067,1.5,3.0,65,2,28,1,0,1,True,True,False,True
Without Adaptive Difficulty,2,33,P,-10.0,5,0.0,100.0,0.0,100,0,3,Normal,0.18402591023557577,0.14722072818846063,1.5,3.0,67,2,28,1,0,1,True,True,False,True
Without Adaptive Difficulty,2,34,P,-10.0,5,0.0,100.0,0.0,100,0,3,Normal,0.17482461472379698,0.1398596917790376,1.0500001907348633,2.1000003814697266,69,2,28,2,0,0,True,True,False,True
Without Adaptive Difficulty,2,35,P,-10.0,5,0.0,100.0,0.0,100,0,3,Normal,0.16608338398760714,0.13286670719008573,1.0500001907348633,2.1000003814697266,71,2,28,2,0,0,True,True,False,True
Without Adaptive Difficulty,2,36,P,-10.0,5,0.0,100.0,0.0,100,0,3,Normal,0.15777921478822676,0.1262233718305814,1.5,3.0,73,2,28,0,1,1,True,True,False,True
Without Adaptive Difficulty,2,37,P,-10.0,5,0.0,100.0,0.0,100,0,3,Normal,0.14989025404881542,0.11991220323905234,1.5,3.0,75,2,28,1,0,1,True,True,False,True
Without Adaptive Difficulty,2,38,P,-10.0,5,0.0,100.0,0.0,100,0,3,Normal,0.14239574134637464,0.11391659307709973,1.5,3.0,77,2,29,0,0,2,True,True,False,True
Without Adaptive Difficulty,2,39,P,-10.0,5,0.0,100.0,0.0,100,0,3,Normal,0.1352759542790559,0.10822076342324471,1.5,3.0,79,2,30,1,0,1,True,True,False,True
Without Adaptive Difficulty,2,40,P,-10.0,5,0.0,100.0,0.0,100,0,3,Normal,0.1285121565651031,0.10280972525208248,1.5,3.0,81,2,31,0,0,2,True,True,False,True
Without Adaptive Difficulty,2,41,P,-10.0,5,0.0,100.0,0.0,100,0,3,Normal,0.12208654873684793,0.09766923898947835,1.5,3.0,83,2,32,0,0,2,True,True,False,True
Without Adaptive Difficulty,2,42,P,-10.0,5,0.0,100.0,0.0,100,0,3,Normal,0.11598222130000553,0.09278577704000443,1.5,3.0,85,2,33,0,0,2,True,True,False,True
Without Adaptive Difficulty,2,43,P,-10.0,5,0.0,100.0,0.0,100,0,3,Normal,0.11018311023500525,0.0881464881880042,1.5,3.0,87,2,33,1,0,1,True,True,False,True
Without Adaptive Difficulty,2,44,P,-10.0,5,0.0,100.0,0.0,100,0,3,Normal,0.10467395472325498,0.08373916377860399,1.5,3.0,89,2,33,1,0,1,True,True,False,True
Without Adaptive Difficulty,2,45,P,-10.0,5,0.0,100.0,0.0,100,0,3,Normal,0.09944025698709223,0.0795522055896738,1.5,3.0,91,2,34,0,0,2,True,True,False,True
Without Adaptive Difficulty,2,46,P,-10.0,5,0.0,100.0,0.0,100,0,3,Normal,0.09446824413773762,0.0755745953101901,1.5,3.0,93,2,34,0,1,1,True,True,False,True
Without Adaptive Difficulty,2,47,P,-10.0,5,0.0,100.0,0.0,100,0,3,Normal,0.08974483193085074,0.07179586554468059,1.5,3.0,95,2,35,0,0,2,True,True,False,True
Without Adaptive Difficulty,2,48,P,-10.0,5,0.0,100.0,0.0,100,0,3,Normal,0.0852575903343082,0.06820607226744656,1.5,3.0,97,2,36,0,0,2,True,True,False,True
Without Adaptive Difficulty,2,49,P,-10.0,5,0.0,100.0,0.0,100,0,3,Normal,0.08099471081759278,0.06479576865407423,1.5,3.0,99,2,37,0,0,2,True,True,False,True
Without Adaptive Difficulty,2,50,P,-10.0,5,0.0,100.0,0.0,100,0,3,Normal,0.07694497527671314,0.061555980221370515,1.5,3.0,101,2,38,0,0,2,True,True,False,True
Without Adaptive Difficulty,2,51,P,-10.0,5,0.0,100.0,0.0,100,0,3,Normal,0.07309772651287748,0.05847818121030199,1.5,3.0,103,2,38,0,0,2,True,True,False,True
Without Adaptive Difficulty,2,52,P,-10.0,5,0.0,100.0,0.0,100,0,3,Normal,0.0694428401872336,0.05555427214978688,1.5,3.0,105,2,39,0,0,2,True,True,False,True
Without Adaptive Difficulty,2,53,P,-10.0,5,0.0,100.0,0.0,100,0,3,Normal,0.0659706981778719,0.05277655854229753,1.5,3.0,107,2,39,0,0,2,True,True,False,True
Without Adaptive Difficulty,2,54,P,-10.0,5,0.0,100.0,0.0,100,0,3,Normal,0.0626721632689783,0.050137730615182646,1.5,3.0,109,2,40,0,0,2,True,True,False,True
Without Adaptive Difficulty,2,55,P,-10.0,5,0.0,100.0,0.0,100,0,3,Normal,0.059538555105529384,0.05,1.5,3.0,111,2,41,0,0,2,True,True,False,True
Without Adaptive Difficulty,2,56,P,-10.0,5,0.0,100.0,0.0,100,0,3,Normal,0.05656162735025291,0.05,1.5,3.0,113,2,41,0,0,2,True,True,False,True
Without Adaptive Difficulty,2,57,P,-10.0,5,0.0,100.0,0.0,100,0,3,Normal,0.053733545982740265,0.05,1.5,3.0,115,2,42,1,0,1,True,True,False,True
Without Adaptive Difficulty,2,58,P,-10.0,5,0.0,100.0,0.0,100,0,3,Normal,0.05104686868360325,0.05,1.5,3.0,117,2,43,1,0,1,True,True,False,True
Without Adaptive Difficulty,2,59,P,-10.0,5,0.0,100.0,0.0,100,0,3,Normal,0.05,0.05,1.5,3.0,119,2,43,0,0,2,True,True,False,True
Without Adaptive Difficulty,2,60,P,-10.0,5,0.0,100.0,0.0,100,0,3,Normal,0.05,0.05,1.5,3.0,121,2,44,0,0,2,True,True,False,True
Without Adaptive Difficulty,2,61,P,-10.0,5,0.0,100.0,0.0,100,0,3,Normal,0.05,0.05,1.0500001907348633,2.1000003814697266,123,2,44,2,0,0,True,True,False,True
Without Adaptive Difficulty,2,62,P,-10.0,5,0.0,100.0,0.0,100,0,3,Normal,0.05,0.05,1.5,3.0,125,2,45,0,0,2,True,True,False,True
Without Adaptive Difficulty,2,63,P,-10.0,7,0.0,100.0,0.0,100,0,3,Normal,0.05,0.05,1.0,3.0,128,3,47,1,0,2,True,True,False,True
Without Adaptive Difficulty,2,64,P,-10.0,5,0.0,100.0,0.0,100,0,3,Normal,0.05,0.05,0.7349998950958252,1.4699997901916504,130,2,47,2,0,0,True,True,False,True
Without Adaptive Difficulty,2,65,P,-10.0,5,0.0,100.0,0.0,100,0,3,Normal,0.05,0.05,1.5,3.0,132,2,48,2,0,0,True,True,False,True
Without Adaptive Difficulty,2,66,P,-10.0,5,0.0,100.0,0.0,100,0,3,Normal,0.05,0.05,1.5,3.0,134,2,48,0,0,2,True,True,False,True
Without Adaptive Difficulty,2,67,P,-10.0,5,0.0,100.0,0.0,100,0,3,Normal,0.05,0.05,1.5,3.0,136,2,48,2,0,0,True,True,False,True
Without Adaptive Difficulty,2,68,P,-10.0,5,0.0,100.0,0.0,100,0,3,Normal,0.05,0.05,1.5,3.0,138,2,48,2,0,0,True,True,False,True
Without Adaptive Difficulty,2,69,P,-10.0,5,0.0,100.0,0.0,100,0,3,Normal,0.05,0.05,1.5,3.0,140,2,48,0,0,2,True,True,False,True
Without Adaptive Difficulty,2,70,P,-10.0,5,0.0,100.0,0.0,100,0,3,Normal,0.05,0.05,1.5,3.0,142,2,48,0,0,2,True,True,False,True
Without Adaptive Difficulty,2,71,P,-10.0,5,0.0,100.0,0.0,100,0,3,Normal,0.05,0.05,1.5,3.0,144,2,49,1,0,1,True,True,False,True
Without Adaptive Difficulty,2,72,P,-10.0,5,0.0,100.0,0.0,100,0,3,Normal,0.05,0.05,1.5,3.0,146,2,49,1,0,1,True,True,False,True
Without Adaptive Difficulty,2,73,P,-10.0,5,0.0,100.0,0.0,100,0,3,Normal,0.05,0.05,1.5,3.0,148,2,49,0,0,2,True,True,False,True
Without Adaptive Difficulty,2,74,P,-10.0,5,0.0,100.0,0.0,100,0,3,Normal,0.05,0.05,1.5,3.0,150,2,49,1,0,1,True,True,False,True
Without Adaptive Difficulty,2,75,P,-10.0,5,0.0,100.0,0.0,100,0,3,Normal,0.05,0.05,1.0500001907348633,2.1000003814697266,152,2,49,1,0,1,True,True,False,True
Without Adaptive Difficulty,2,76,P,-10.0,5,0.0,100.0,0.0,100,0,3,Normal,0.05,0.05,1.5,3.0,154,2,50,2,0,0,True,True,False,True
Without Adaptive Difficulty,2,77,P,-10.0,5,0.0,100.0,0.0,100,0,3,Normal,0.05,0.05,1.0500001907348633,2.1000003814697266,156,2,50,1,0,1,True,True,False,True
Without Adaptive Difficulty,2,78,P,-10.0,5,0.0,100.0,0.0,100,0,3,Normal,0.05,0.05,1.5,3.0,158,2,50,0,1,1,True,True,False,True
Without Adaptive Difficulty,2,79,P,-10.0,5,0.0,100.0,0.0,100,0,3,Normal,0.05,0.05,1.0500001907348633,2.1000003814697266,160,2,50,1,0,1,True,True,False,True
Without Adaptive Difficulty,2,80,P,-10.0,5,0.0,100.0,0.0,100,0,3,Normal,0.05,0.05,1.5,3.0,162,2,50,1,0,1,True,True,False,True
Without Adaptive Difficulty,2,81,P,-10.0,5,0.0,100.0,0.0,100,0,3,Normal,0.05,0.05,1.5,3.0,164,2,51,0,0,2,True,True,False,True
Without Adaptive Difficulty,2,82,P,-10.0,5,0.0,100.0,0.0,100,0,3,Normal,0.05,0.05,1.5,3.0,166,2,52,0,1,1,True,True,False,True
Without Adaptive Difficulty,2,83,P,-10.0,5,0.0,100.0,0.0,100,0,3,Normal,0.05,0.05,1.0500001907348633,2.1000003814697266,168,2,52,1,1,0,True,True,False,True
Without Adaptive Difficulty,2,84,P,-10.0,5,0.0,100.0,0.0,100,0,3,Normal,0.05,0.05,1.5,3.0,170,2,52,1,0,1,True,True,False,True
Without Adaptive Difficulty,2,85,P,-10.0,5,0.0,100.0,0.0,100,0,3,Normal,0.05,0.05,0.7349998950958252,1.4699997901916504,172,2,52,2,0,0,True,True,False,True
Without Adaptive Difficulty,2,86,P,-10.0,5,0.0,100.0,0.0,100,0,3,Normal,0.05,0.05,0.7349998950958252,1.4699997901916504,174,2,52,1,0,1,True,True,False,True
Without Adaptive Difficulty,2,87,P,-10.0,5,0.0,100.0,0.0,100,0,3,Normal,0.05,0.05,1.5,3.0,176,2,53,0,0,2,True,True,False,True
Without Adaptive Difficulty,2,88,P,-10.0,5,0.0,100.0,0.0,100,0,3,Normal,0.05,0.05,1.0500001907348633,2.1000003814697266,178,2,53,2,0,0,True,True,False,True
Without Adaptive Difficulty,2,89,P,-10.0,5,0.0,100.0,0.0,100,0,3,Normal,0.05,0.05,1.0500001907348633,2.1000003814697266,180,2,53,1,0,1,True,True,False,True
Without Adaptive Difficulty,2,90,P,-10.0,7,0.0,100.0,0.0,100,0,3,Normal,0.05,0.05,1.0,3.0,183,3,55,1,0,2,True,True,False,True
Without Adaptive Difficulty,2,91,P,-10.0,5,0.0,100.0,0.0,100,0,3,Normal,0.05,0.05,1.5,3.0,185,2,56,0,0,2,True,True,False,True
Without Adaptive Difficulty,2,92,P,-10.0,5,0.0,100.0,0.0,100,0,3,Normal,0.05,0.05,1.5,3.0,187,2,57,1,0,1,True,True,False,True
Without Adaptive Difficulty,2,93,P,-10.0,5,0.0,100.0,0.0,100,0,3,Normal,0.05,0.05,1.5,3.0,189,2,57,0,0,2,True,True,False,True
Without Adaptive Difficulty,2,94,P,-10.0,5,0.0,100.0,0.0,100,0,3,Normal,0.05,0.05,1.5,3.0,191,2,57,1,0,1,True,True,False,True
Without Adaptive Difficulty,2,95,P,-10.0,5,0.0,100.0,0.0,100,0,3,Normal,0.05,0.05,1.5,3.0,193,2,58,0,0,2,True,True,False,True
Without Adaptive Difficulty,2,96,P,-10.0,5,0.0,100.0,0.0,100,0,3,Normal,0.05,0.05,0.7349998950958252,1.4699997901916504,195,2,58,2,0,0,True,True,False,True
Without Adaptive Difficulty,2,97,P,-10.0,5,0.0,100.0,0.0,100,0,3,Normal,0.05,0.05,1.5,3.0,197,2,58,0,0,2,True,True,False,True
Without Adaptive Difficulty,2,98,P,-10.0,5,0.0,100.0,0.0,100,0,3,Normal,0.05,0.05,1.5,3.0,199,2,58,0,0,2,True,True,False,True
Without Adaptive Difficulty,2,99,P,-10.0,5,0.0,100.0,0.0,100,0,3,Normal,0.05,0.05,1.5,3.0,201,2,59,0,0,2,True,True,False,True
Without Adaptive Difficulty,2,100,P,-10.0,7,0.0,100.0,0.0,100,0,3,Normal,0.05,0.05,1.0,3.0,204,3,61,0,0,3,True,True,False,True
Without Adaptive Difficulty,3,1,P,-10.0,5,0.0,100.0,0.0,60,10,3,Normal,0.95,0.76,1.5,3.0,2,2,2,0,2,0,True,True,False,True
Without Adaptive Difficulty,3,2,P,-10.0,5,0.0,100.0,0.0,70,10,3,Normal,0.9025,0.722,1.5,3.0,4,2,4,1,1,0,True,True,False,True
Without Adaptive Difficulty,3,3,P,-10.0,5,0.0,100.0,0.0,80,10,3,Normal,0.8573749999999999,0.6859,1.5,3.0,6,2,6,1,1,0,True,True,False,True
Without Adaptive Difficulty,3,4,P,-10.0,5,0.0,100.0,0.0,90,10,3,Normal,0.8145062499999999,0.651605,1.5,3.0,8,2,7,0,2,0,True,True,False,True
Without Adaptive Difficulty,3,5,P,-10.0,5,0.0,100.0,0.0,100,10,3,Normal,0.7737809374999999,0.6190247499999999,1.5,3.0,10,2,7,1,0,1,True,True,False,True
Without Adaptive Difficulty,3,6,P,-10.0,5,0.0,100.0,0.0,100,0,3,Normal,0.7350918906249998,0.5880735124999998,1.5,3.0,12,2,8,0,1,1,True,True,False,True
Without Adaptive Difficulty,3,7,P,-10.0,5,0.0,100.0,0.0,100,0,3,Normal,0.6983372960937497,0.5586698368749998,1.5,3.0,14,2,9,1,0,1,True,True,False,True
Without Adaptive Difficulty,3,8,P,-10.0,5,0.0,100.0,0.0,100,0,3,Normal,0.6634204312890623,0.5307363450312498,1.5,3.0,16,2,9,0,1,1,True,True,False,True
Without Adaptive Difficulty,3,9,P,-10.0,5,0.0,100.0,0.0,100,0,3,Normal,0.6302494097246091,0.5041995277796872,1.5,3.0,18,2,11,0,0,2,True,True,False,True
Without Adaptive Difficulty,3,10,P,-10.0,5,0.0,100.0,0.0,100,0,3,Normal,0.5987369392383786,0.4789895513907029,1.5,3.0,20,2,12,1,1,0,True,True,False,True
Without Adaptive Difficulty,3,11,P,-10.0,5,0.0,100.0,0.0,100,0,3,Normal,0.5688000922764596,0.4550400738211677,1.5,3.0,22,2,13,2,0,0,True,True,False,True
Without Adaptive Difficulty,3,12,P,-10.0,5,0.0,100.0,0.0,100,0,3,Normal,0.5403600876626365,0.4322880701301093,1.5,3.0,24,2,14,0,1,1,True,True,False,True
Without Adaptive Difficulty,3,13,P,-10.0,5,0.0,100.0,0.0,100,0,3,Normal,0.5133420832795047,0.4106736666236038,1.5,3.0,26,2,15,0,0,2,True,True,False,True
Without Adaptive Difficulty,3,14,P,-10.0,5,0.0,100.0,0.0,100,0,3,Normal,0.48767497911552943,0.39013998329242355,1.5,3.0,28,2,16,1,0,1,True,True,False,True
Without Adaptive Difficulty,3,15,P,-10.0,5,0.0,100.0,0.0,100,0,3,Normal,0.46329123015975293,0.3706329841278024,1.5,3.0,30,2,17,2,0,0,True,True,False,True
Without Adaptive Difficulty,3,16,P,-10.0,5,0.0,100.0,0.0,100,0,3,Normal,0.44012666865176525,0.3521013349214122,1.5,3.0,32,2,18,0,0,2,True,True,False,True
Without Adaptive Difficulty,3,17,P,-10.0,5,0.0,100.0,0.0,100,0,3,Normal,0.41812033521917696,0.3344962681753416,1.5,3.0,34,2,18,0,0,2,True,True,False,True
Without Adaptive Difficulty,3,18,P,-10.0,5,0.0,100.0,0.0,100,0,3,Normal,0.3972143184582181,0.3177714547665745,1.5,3.0,36,2,19,1,1,0,True,True,False,True
Without Adaptive Difficulty,3,19,P,-10.0,5,0.0,100.0,0.0,100,0,3,Normal,0.37735360253530714,0.30188288202824576,1.0500001907348633,2.1000003814697266,38,2,19,1,1,0,True,True,False,True
Without Adaptive Difficulty,3,20,P,-10.0,5,0.0,100.0,0.0,100,0,3,Normal,0.35848592240854177,0.2867887379268334,1.5,3.0,40,2,19,0,1,1,True,True,False,True
Without Adaptive Difficulty,3,21,P,-10.0,5,0.0,100.0,0.0,100,0,3,Normal,0.34056162628811465,0.27244930103049175,1.5,3.0,42,2,20,0,1,1,True,True,False,True
Without Adaptive Difficulty,3,22,P,-10.0,5,0.0,100.0,0.0,100,0,3,Normal,0.3235335449737089,0.2588268359789671,1.5,3.0,44,2,20,2,0,0,True,True,False,True
Without Adaptive Difficulty,3,23,P,-10.0,5,0.0,100.0,0.0,100,0,3,Normal,0.30735686772502346,0.2458854941800188,1.5,3.0,46,2,21,2,0,0,True,True,False,True
Without Adaptive Difficulty,3,24,P,-10.0,5,0.0,100.0,0.0,100,0,3,Normal,0.2919890243387723,0.23359121947101782,1.5,3.0,48,2,22,0,0,2,True,True,False,True
Without Adaptive Difficulty,3,25,P,-10.0,5,0.0,100.0,0.0,100,0,3,Normal,0.27738957312183365,0.22191165849746694,1.5,3.0,50,2,23,0,0,2,True,True,False,True
Without Adaptive Difficulty,3,26,P,-10.0,5,0.0,100.0,0.0,100,0,3,Normal,0.263520094465742,0.2108160755725936,1.5,3.0,52,2,23,1,0,1,True,True,False,True
Without Adaptive Difficulty,3,27,P,-10.0,5,0.0,100.0,0.0,100,0,3,Normal,0.25034408974245487,0.2002752717939639,1.5,3.0,54,2,23,1,0,1,True,True,False,True
Without Adaptive Difficulty,3,28,P,-10.0,5,0.0,100.0,0.0,100,0,3,Normal,0.2378268852553321,0.19026150820426568,1.5,3.0,56,2,23,1,0,1,True,True,False,True
Without Adaptive Difficulty,3,29,P,-10.0,5,0.0,100.0,0.0,100,0,3,Normal,0.2259355409925655,0.1807484327940524,1.5,3.0,58,2,24,2,0,0,True,True,False,True
Without Adaptive Difficulty,3,30,P,-10.0,5,0.0,100.0,0.0,100,0,3,Normal,0.2146387639429372,0.17171101115434978,1.0500001907348633,2.1000003814697266,60,2,24,2,0,0,True,True,False,True
Without Adaptive Difficulty,3,31,P,-10.0,5,0.0,100.0,0.0,100,0,3,Normal,0.20390682574579033,0.16312546059663227,1.5,3.0,62,2,24,1,0,1,True,True,False,True
Without Adaptive Difficulty,3,32,P,-10.0,5,0.0,100.0,0.0,100,0,3,Normal,0.1937114844585008,0.15496918756680067,1.5,3.0,64,2,25,1,0,1,True,True,False,True
Without Adaptive Difficulty,3,33,P,-10.0,5,0.0,100.0,0.0,100,0,3,Normal,0.18402591023557577,0.14722072818846063,1.5,3.0,66,2,25,0,0,2,True,True,False,True
Without Adaptive Difficulty,3,34,P,-10.0,5,0.0,100.0,0.0,100,0,3,Normal,0.17482461472379698,0.1398596917790376,1.5,3.0,68,2,25,2,0,0,True,True,False,True
Without Adaptive Difficulty,3,35,P,-10.0,5,0.0,100.0,0.0,100,0,3,Normal,0.16608338398760714,0.13286670719008573,1.0500001907348633,2.1000003814697266,70,2,25,1,0,1,True,True,False,True
Without Adaptive Difficulty,3,36,P,-10.0,5,0.0,100.0,0.0,100,0,3,Normal,0.15777921478822676,0.1262233718305814,1.5,3.0,72,2,25,1,0,1,True,True,False,True
Without Adaptive Difficulty,3,37,P,-10.0,5,0.0,100.0,0.0,100,0,3,Normal,0.14989025404881542,0.11991220323905234,1.5,3.0,74,2,26,1,0,1,True,True,False,True
Without Adaptive Difficulty,3,38,P,-10.0,5,0.0,100.0,0.0,100,0,3,Normal,0.14239574134637464,0.11391659307709973,1.5,3.0,76,2,27,1,1,0,True,True,False,True
Without Adaptive Difficulty,3,39,P,-10.0,5,0.0,100.0,0.0,100,0,3,Normal,0.1352759542790559,0.10822076342324471,1.5,3.0,78,2,27,1,1,0,True,True,False,True
Without Adaptive Difficulty,3,40,P,-10.0,5,0.0,100.0,0.0,100,0,3,Normal,0.1285121565651031,0.10280972525208248,0.7349998950958252,1.4699997901916504,80,2,27,2,0,0,True,True,False,True
Without Adaptive Difficulty,3,41,P,-10.0,5,0.0,100.0,0.0,100,0,3,Normal,0.12208654873684793,0.09766923898947835,1.5,3.0,82,2,27,1,0,1,True,True,False,True
Without Adaptive Difficulty,3,42,P,-10.0,5,0.0,100.0,0.0,100,0,3,Normal,0.11598222130000553,0.09278577704000443,1.5,3.0,84,2,27,1,1,0,True,True,False,True
Without Adaptive Difficulty,3,43,P,-10.0,5,0.0,100.0,0.0,100,0,3,Normal,0.11018311023500525,0.0881464881880042,1.5,3.0,86,2,27,1,0,1,True,True,False,True
Without Adaptive Difficulty,3,44,P,-10.0,5,0.0,100.0,0.0,100,0,3,Normal,0.10467395472325498,0.08373916377860399,1.0500001907348633,2.1000003814697266,88,2,27,2,0,0,True,True,False,True
Without Adaptive Difficulty,3,45,P,-10.0,5,0.0,100.0,0.0,100,0,3,Normal,0.09944025698709223,0.0795522055896738,1.5,3.0,90,2,28,1,0,1,True,True,False,True
Without Adaptive Difficulty,3,46,P,-10.0,5,0.0,100.0,0.0,100,0,3,Normal,0.09446824413773762,0.0755745953101901,1.5,3.0,92,2,29,0,1,1,True,True,False,True
Without Adaptive Difficulty,3,47,P,-10.0,5,0.0,100.0,0.0,100,0,3,Normal,0.08974483193085074,0.07179586554468059,1.5,3.0,94,2,30,0,0,2,True,True,False,True
Without Adaptive Difficulty,3,48,P,-10.0,5,0.0,100.0,0.0,100,0,3,Normal,0.0852575903343082,0.06820607226744656,1.5,3.0,96,2,30,1,1,0,True,True,False,True
Without Adaptive Difficulty,3,49,P,-10.0,5,0.0,100.0,0.0,100,0,3,Normal,0.08099471081759278,0.06479576865407423,1.5,3.0,98,2,31,0,0,2,True,True,False,True
Without Adaptive Difficulty,3,50,P,-10.0,5,0.0,100.0,0.0,100,0,3,Normal,0.07694497527671314,0.061555980221370515,1.5,3.0,100,2,31,1,0,1,True,True,False,True
Without Adaptive Difficulty,3,51,P,-10.0,5,0.0,100.0,0.0,100,0,3,Normal,0.07309772651287748,0.05847818121030199,1.5,3.0,102,2,31,0,0,2,True,True,False,True
Without Adaptive Difficulty,3,52,P,-10.0,5,0.0,100.0,0.0,100,0,3,Normal,0.0694428401872336,0.05555427214978688,1.5,3.0,104,2,31,1,0,1,True,True,False,True
Without Adaptive Difficulty,3,53,P,-10.0,5,0.0,100.0,0.0,100,0,3,Normal,0.0659706981778719,0.05277655854229753,1.5,3.0,106,2,32,1,0,1,True,True,False,True
Without Adaptive Difficulty,3,54,P,-10.0,5,0.0,100.0,0.0,100,0,3,Normal,0.0626721632689783,0.050137730615182646,1.5,3.0,108,2,33,1,0,1,True,True,False,True
Without Adaptive Difficulty,3,55,P,-10.0,5,0.0,100.0,0.0,100,0,3,Normal,0.059538555105529384,0.05,0.7349998950958252,1.4699997901916504,110,2,33,2,0,0,True,True,False,True
Without Adaptive Difficulty,3,56,P,-10.0,5,0.0,100.0,0.0,100,0,3,Normal,0.05656162735025291,0.05,1.5,3.0,112,2,33,0,0,2,True,True,False,True
Without Adaptive Difficulty,3,57,P,-10.0,5,0.0,100.0,0.0,100,0,3,Normal,0.053733545982740265,0.05,1.5,3.0,114,2,34,0,0,2,True,True,False,True
Without Adaptive Difficulty,3,58,P,-10.0,5,0.0,100.0,0.0,100,0,3,Normal,0.05104686868360325,0.05,1.5,3.0,116,2,35,0,0,2,True,True,False,True
Without Adaptive Difficulty,3,59,P,-10.0,5,0.0,100.0,0.0,100,0,3,Normal,0.05,0.05,0.5144999027252197,1.0289998054504395,118,2,35,2,0,0,True,True,False,True
Without Adaptive Difficulty,3,60,P,-10.0,5,0.0,100.0,0.0,100,0,3,Normal,0.05,0.05,1.5,3.0,120,2,35,0,0,2,True,True,False,True
Without Adaptive Difficulty,3,61,P,-10.0,5,0.0,100.0,0.0,100,0,3,Normal,0.05,0.05,1.5,3.0,122,2,35,0,0,2,True,True,False,True
Without Adaptive Difficulty,3,62,P,-10.0,5,0.0,100.0,0.0,100,0,3,Normal,0.05,0.05,1.5,3.0,124,2,36,0,0,2,True,True,False,True
Without Adaptive Difficulty,3,63,P,-10.0,5,0.0,100.0,0.0,100,0,3,Normal,0.05,0.05,0.7349998950958252,1.4699997901916504,126,2,36,1,0,1,True,True,False,True
Without Adaptive Difficulty,3,64,P,-10.0,5,0.0,100.0,0.0,100,0,3,Normal,0.05,0.05,1.5,3.0,128,2,37,0,0,2,True,True,False,True
Without Adaptive Difficulty,3,65,P,-10.0,5,0.0,100.0,0.0,100,0,3,Normal,0.05,0.05,1.5,3.0,130,2,38,0,0,2,True,True,False,True
Without Adaptive Difficulty,3,66,P,-10.0,5,0.0,100.0,0.0,100,0,3,Normal,0.05,0.05,1.5,3.0,132,2,39,0,0,2,True,True,False,True
Without Adaptive Difficulty,3,67,P,-10.0,5,0.0,100.0,0.0,100,0,3,Normal,0.05,0.05,1.0500001907348633,2.1000003814697266,134,2,39,2,0,0,True,True,False,True
Without Adaptive Difficulty,3,68,P,-10.0,5,0.0,100.0,0.0,100,0,3,Normal,0.05,0.05,1.0500001907348633,2.1000003814697266,136,2,39,1,0,1,True,True,False,True
Without Adaptive Difficulty,3,69,P,-10.0,5,0.0,100.0,0.0,100,0,3,Normal,0.05,0.05,1.0500001907348633,2.1000003814697266,138,2,39,2,0,0,True,True,False,True
Without Adaptive Difficulty,3,70,P,-10.0,5,0.0,100.0,0.0,100,0,3,Normal,0.05,0.05,0.7349998950958252,1.4699997901916504,140,2,39,2,0,0,True,True,False,True
Without Adaptive Difficulty,3,71,P,-10.0,5,0.0,100.0,0.0,100,0,3,Normal,0.05,0.05,0.5144999027252197,1.0289998054504395,142,2,39,2,0,0,True,True,False,True
Without Adaptive Difficulty,3,72,P,-10.0,5,0.0,100.0,0.0,100,0,3,Normal,0.05,0.05,1.5,3.0,144,2,40,1,0,1,True,True,False,True
Without Adaptive Difficulty,3,73,P,-10.0,5,0.0,100.0,0.0,100,0,3,Normal,0.05,0.05,0.5144999027252197,1.0289998054504395,146,2,40,2,0,0,True,True,False,True
Without Adaptive Difficulty,3,74,P,-10.0,5,0.0,100.0,0.0,100,0,3,Normal,0.05,0.05,1.5,3.0,148,2,40,0,0,2,True,True,False,True
Without Adaptive Difficulty,3,75,P,-10.0,5,0.0,100.0,0.0,100,0,3,Normal,0.05,0.05,1.5,3.0,150,2,41,0,0,2,True,True,False,True
Without Adaptive Difficulty,3,76,P,-10.0,5,0.0,100.0,0.0,100,0,3,Normal,0.05,0.05,1.5,3.0,152,2,41,1,0,1,True,True,False,True
Without Adaptive Difficulty,3,77,P,-10.0,5,0.0,100.0,0.0,100,0,3,Normal,0.05,0.05,1.5,3.0,154,2,42,1,0,1,True,True,False,True
Without Adaptive Difficulty,3,78,P,-10.0,5,0.0,100.0,0.0,100,0,3,Normal,0.05,0.05,1.5,3.0,156,2,43,0,0,2,True,True,False,True
Without Adaptive Difficulty,3,79,P,-10.0,5,0.0,100.0,0.0,100,0,3,Normal,0.05,0.05,1.0500001907348633,2.1000003814697266,158,2,43,1,0,1,True,True,False,True
Without Adaptive Difficulty,3,80,P,-10.0,5,0.0,100.0,0.0,100,0,3,Normal,0.05,0.05,1.5,3.0,160,2,44,0,0,2,True,True,False,True
Without Adaptive Difficulty,3,81,P,-10.0,5,0.0,100.0,0.0,100,0,3,Normal,0.05,0.05,1.5,3.0,162,2,44,1,1,0,True,True,False,True
Without Adaptive Difficulty,3,82,P,-10.0,5,0.0,100.0,0.0,100,0,3,Normal,0.05,0.05,1.5,3.0,164,2,45,0,0,2,True,True,False,True
Without Adaptive Difficulty,3,83,P,-10.0,5,0.0,100.0,0.0,100,0,3,Normal,0.05,0.05,1.5,3.0,166,2,45,1,0,1,True,True,False,True
Without Adaptive Difficulty,3,84,P,-10.0,5,0.0,100.0,0.0,100,0,3,Normal,0.05,0.05,1.5,3.0,168,2,45,0,0,2,True,True,False,True
Without Adaptive Difficulty,3,85,P,-10.0,5,0.0,100.0,0.0,100,0,3,Normal,0.05,0.05,1.5,3.0,170,2,45,0,0,2,True,True,False,True
Without Adaptive Difficulty,3,86,P,-10.0,5,0.0,100.0,0.0,100,0,3,Normal,0.05,0.05,1.5,3.0,172,2,46,0,1,1,True,True,False,True
Without Adaptive Difficulty,3,87,P,-10.0,5,0.0,100.0,0.0,100,0,3,Normal,0.05,0.05,1.5,3.0,174,2,47,0,0,2,True,True,False,True
Without Adaptive Difficulty,3,88,P,-10.0,5,0.0,100.0,0.0,100,0,3,Normal,0.05,0.05,0.7349998950958252,1.4699997901916504,176,2,47,2,0,0,True,True,False,True
Without Adaptive Difficulty,3,89,P,-10.0,5,0.0,100.0,0.0,100,0,3,Normal,0.05,0.05,1.0500001907348633,2.1000003814697266,178,2,47,1,0,1,True,True,False,True
Without Adaptive Difficulty,3,90,P,-10.0,5,0.0,100.0,0.0,100,0,3,Normal,0.05,0.05,1.5,3.0,180,2,47,2,0,0,True,True,False,True
Without Adaptive Difficulty,3,91,P,-10.0,5,0.0,100.0,0.0,100,0,3,Normal,0.05,0.05,1.5,3.0,182,2,48,0,0,2,True,True,False,True
Without Adaptive Difficulty,3,92,P,-10.0,5,0.0,100.0,0.0,100,0,3,Normal,0.05,0.05,1.5,3.0,184,2,49,0,0,2,True,True,False,True
Without Adaptive Difficulty,3,93,P,-10.0,5,0.0,100.0,0.0,100,0,3,Normal,0.05,0.05,1.5,3.0,186,2,50,0,0,2,True,True,False,True
Without Adaptive Difficulty,3,94,P,-10.0,5,0.0,100.0,0.0,100,0,3,Normal,0.05,0.05,1.5,3.0,188,2,51,0,0,2,True,True,False,True
Without Adaptive Difficulty,3,95,P,-10.0,5,0.0,100.0,0.0,100,0,3,Normal,0.05,0.05,1.5,3.0,190,2,52,1,0,1,True,True,False,True
Without Adaptive Difficulty,3,96,P,-10.0,5,0.0,100.0,0.0,100,0,3,Normal,0.05,0.05,1.5,3.0,192,2,52,1,0,1,True,True,False,True
Without Adaptive Difficulty,3,97,P,-10.0,5,0.0,100.0,0.0,100,0,3,Normal,0.05,0.05,0.3601498603820801,0.7202997207641602,194,2,52,2,0,0,True,True,False,True
Without Adaptive Difficulty,3,98,P,-10.0,5,0.0,100.0,0.0,100,0,3,Normal,0.05,0.05,1.5,3.0,196,2,53,0,0,2,True,True,False,True
Without Adaptive Difficulty,3,99,P,-10.0,5,0.0,100.0,0.0,100,0,3,Normal,0.05,0.05,1.5,3.0,198,2,53,0,0,2,True,True,False,True
Without Adaptive Difficulty,3,100,P,-10.0,5,0.0,100.0,0.0,100,0,3,Normal,0.05,0.05,1.0500001907348633,2.1000003814697266,200,2,53,2,0,0,True,True,False,True
Without Adaptive Difficulty,4,1,P,-10.0,5,0.0,100.0,0.0,60,10,3,Normal,0.95,0.76,1.5,3.0,2,2,2,0,2,0,True,True,False,True
Without Adaptive Difficulty,4,2,P,-10.0,5,0.0,100.0,0.0,70,10,3,Normal,0.9025,0.722,1.5,3.0,4,2,4,0,1,1,True,True,False,True
Without Adaptive Difficulty,4,3,P,-10.0,5,0.0,100.0,0.0,80,10,3,Normal,0.8573749999999999,0.6859,1.5,3.0,6,2,6,1,1,0,True,True,False,True
Without Adaptive Difficulty,4,4,P,-10.0,5,0.0,100.0,0.0,90,10,3,Normal,0.8145062499999999,0.651605,1.5,3.0,8,2,7,1,0,1,True,True,False,True
Without Adaptive Difficulty,4,5,P,-10.0,5,0.0,100.0,0.0,100,10,3,Normal,0.7737809374999999,0.6190247499999999,1.5,3.0,10,2,8,0,2,0,True,True,False,True
Without Adaptive Difficulty,4,6,P,-10.0,5,0.0,100.0,0.0,100,0,3,Normal,0.7350918906249998,0.5880735124999998,1.5,3.0,12,2,9,1,1,0,True,True,False,True
Without Adaptive Difficulty,4,7,P,-10.0,5,0.0,100.0,0.0,100,0,3,Normal,0.6983372960937497,0.5586698368749998,1.5,3.0,14,2,11,1,1,0,True,True,False,True
Without Adaptive Difficulty,4,8,P,-10.0,5,0.0,100.0,0.0,100,0,3,Normal,0.6634204312890623,0.5307363450312498,1.5,3.0,16,2,12,1,0,1,True,True,False,True
Without Adaptive Difficulty,4,9,P,-10.0,5,0.0,100.0,0.0,100,0,3,Normal,0.6302494097246091,0.5041995277796872,1.5,3.0,18,2,13,2,0,0,True,True,False,True
Without Adaptive Difficulty,4,10,P,-10.0,5,0.0,100.0,0.0,100,0,3,Normal,0.5987369392383786,0.4789895513907029,1.5,3.0,20,2,14,0,1,1,True,True,False,True
Without Adaptive Difficulty,4,11,P,-10.0,5,0.0,100.0,0.0,100,0,3,Normal,0.5688000922764596,0.4550400738211677,1.5,3.0,22,2,15,1,1,0,True,True,False,True
Without Adaptive Difficulty,4,12,P,-10.0,5,0.0,100.0,0.0,100,0,3,Normal,0.5403600876626365,0.4322880701301093,1.5,3.0,24,2,16,1,1,0,True,True,False,True
Without Adaptive Difficulty,4,13,P,-10.0,5,0.0,100.0,0.0,100,0,3,Normal,0.5133420832795047,0.4106736666236038,1.5,3.0,26,2,17,0,1,1,True,True,False,True
Without Adaptive Difficulty,4,14,P,-10.0,5,0.0,100.0,0.0,100,0,3,Normal,0.48767497911552943,0.39013998329242355,1.5,3.0,28,2,18,1,0,1,True,True,False,True
Without Adaptive Difficulty,4,15,P,-10.0,5,0.0,100.0,0.0,100,0,3,Normal,0.46329123015975293,0.3706329841278024,1.5,3.0,30,2,19,0,2,0,True,True,False,True
Without Adaptive Difficulty,4,16,P,-10.0,5,0.0,100.0,0.0,100,0,3,Normal,0.44012666865176525,0.3521013349214122,1.5,3.0,32,2,19,0,0,2,True,True,False,True
Without Adaptive Difficulty,4,17,P,-10.0,5,0.0,100.0,0.0,100,0,3,Normal,0.41812033521917696,0.3344962681753416,1.5,3.0,34,2,20,1,1,0,True,True,False,True
Without Adaptive Difficulty,4,18,P,-10.0,5,0.0,100.0,0.0,100,0,3,Normal,0.3972143184582181,0.3177714547665745,1.5,3.0,36,2,21,0,0,2,True,True,False,True
Without Adaptive Difficulty,4,19,P,-10.0,5,0.0,100.0,0.0,100,0,3,Normal,0.37735360253530714,0.30188288202824576,1.5,3.0,38,2,21,1,0,1,True,True,False,True
Without Adaptive Difficulty,4,20,P,-10.0,5,0.0,100.0,0.0,100,0,3,Normal,0.35848592240854177,0.2867887379268334,1.5,3.0,40,2,21,1,1,0,True,True,False,True
Without Adaptive Difficulty,4,21,P,-10.0,7,0.0,100.0,0.0,100,0,3,Normal,0.34056162628811465,0.27244930103049175,1.0,3.0,43,3,23,2,0,1,True,True,False,True
Without Adaptive Difficulty,4,22,P,-10.0,5,0.0,100.0,0.0,100,0,3,Normal,0.3235335449737089,0.2588268359789671,1.5,3.0,45,2,24,1,0,1,True,True,False,True
Without Adaptive Difficulty,4,23,P,-10.0,5,0.0,100.0,0.0,100,0,3,Normal,0.30735686772502346,0.2458854941800188,1.5,3.0,47,2,25,0,0,2,True,True,False,True
Without Adaptive Difficulty,4,24,P,-10.0,5,0.0,100.0,0.0,100,0,3,Normal,0.2919890243387723,0.23359121947101782,1.5,3.0,49,2,26,0,1,1,True,True,False,True
Without Adaptive Difficulty,4,25,P,-10.0,5,0.0,100.0,0.0,100,0,3,Normal,0.27738957312183365,0.22191165849746694,1.5,3.0,51,2,27,0,0,2,True,True,False,True
Without Adaptive Difficulty,4,26,P,-10.0,5,0.0,100.0,0.0,100,0,3,Normal,0.263520094465742,0.2108160755725936,1.0500001907348633,2.1000003814697266,53,2,27,2,0,0,True,True,False,True
Without Adaptive Difficulty,4,27,P,-10.0,5,0.0,100.0,0.0,100,0,3,Normal,0.25034408974245487,0.2002752717939639,1.5,3.0,55,2,28,0,1,1,True,True,False,True
Without Adaptive Difficulty,4,28,P,-10.0,5,0.0,100.0,0.0,100,0,3,Normal,0.2378268852553321,0.19026150820426568,1.5,3.0,57,2,29,0,0,2,True,True,False,True
Without Adaptive Difficulty,4,29,P,-10.0,5,0.0,100.0,0.0,100,0,3,Normal,0.2259355409925655,0.1807484327940524,1.5,3.0,59,2,30,0,0,2,True,True,False,True
Without Adaptive Difficulty,4,30,P,-10.0,7,0.0,100.0,0.0,100,0,3,Normal,0.2146387639429372,0.17171101115434978,1.0,3.0,62,3,32,1,0,2,True,True,False,True
Without Adaptive Difficulty,4,31,P,-10.0,5,0.0,100.0,0.0,100,0,3,Normal,0.20390682574579033,0.16312546059663227,1.5,3.0,64,2,32,1,0,1,True,True,False,True
Without Adaptive Difficulty,4,32,P,-10.0,5,0.0,100.0,0.0,100,0,3,Normal,0.1937114844585008,0.15496918756680067,1.5,3.0,66,2,33,2,0,0,True,True,False,True
Without Adaptive Difficulty,4,33,P,-10.0,5,0.0,100.0,0.0,100,0,3,Normal,0.18402591023557577,0.14722072818846063,1.5,3.0,68,2,34,0,1,1,True,True,False,True
Without Adaptive Difficulty,4,34,P,-10.0,5,0.0,100.0,0.0,100,0,3,Normal,0.17482461472379698,0.1398596917790376,0.7349998950958252,1.4699997901916504,70,2,34,2,0,0,True,True,False,True
Without Adaptive Difficulty,4,35,P,-10.0,5,0.0,100.0,0.0,100,0,3,Normal,0.16608338398760714,0.13286670719008573,1.5,3.0,72,2,34,0,0,2,True,True,False,True
Without Adaptive Difficulty,4,36,P,-10.0,5,0.0,100.0,0.0,100,0,3,Normal,0.15777921478822676,0.1262233718305814,1.5,3.0,74,2,35,0,0,2,True,True,False,True
Without Adaptive Difficulty,4,37,P,-10.0,5,0.0,100.0,0.0,100,0,3,Normal,0.14989025404881542,0.11991220323905234,1.5,3.0,76,2,36,1,0,1,True,True,False,True
Without Adaptive Difficulty,4,38,P,-10.0,5,0.0,100.0,0.0,100,0,3,Normal,0.14239574134637464,0.11391659307709973,1.0500001907348633,2.1000003814697266,78,2,36,2,0,0,True,True,False,True
Without Adaptive Difficulty,4,39,P,-10.0,5,0.0,100.0,0.0,100,0,3,Normal,0.1352759542790559,0.10822076342324471,1.5,3.0,80,2,37,1,0,1,True,True,False,True
Without Adaptive Difficulty,4,40,P,-10.0,5,0.0,100.0,0.0,100,0,3,Normal,0.1285121565651031,0.10280972525208248,1.5,3.0,82,2,38,1,0,1,True,True,False,True
Without Adaptive Difficulty,4,41,P,-10.0,5,0.0,100.0,0.0,100,0,3,Normal,0.12208654873684793,0.09766923898947835,1.5,3.0,84,2,39,0,0,2,True,True,False,True
Without Adaptive Difficulty,4,42,P,-10.0,5,0.0,100.0,0.0,100,0,3,Normal,0.11598222130000553,0.09278577704000443,1.5,3.0,86,2,40,0,0,2,True,True,False,True
Without Adaptive Difficulty,4,43,P,-10.0,5,0.0,100.0,0.0,100,0,3,Normal,0.11018311023500525,0.0881464881880042,1.5,3.0,88,2,40,0,0,2,True,True,False,True
Without Adaptive Difficulty,4,44,P,-10.0,5,0.0,100.0,0.0,100,0,3,Normal,0.10467395472325498,0.08373916377860399,1.5,3.0,90,2,41,1,0,1,True,True,False,True
Without Adaptive Difficulty,4,45,P,-10.0,5,0.0,100.0,0.0,100,0,3,Normal,0.09944025698709223,0.0795522055896738,1.5,3.0,92,2,41,2,0,0,True,True,False,True
Without Adaptive Difficulty,4,46,P,-10.0,5,0.0,100.0,0.0,100,0,3,Normal,0.09446824413773762,0.0755745953101901,1.5,3.0,94,2,41,1,0,1,True,True,False,True
Without Adaptive Difficulty,4,47,P,-10.0,5,0.0,100.0,0.0,100,0,3,Normal,0.08974483193085074,0.07179586554468059,1.5,3.0,96,2,41,0,0,2,True,True,False,True
Without Adaptive Difficulty,4,48,P,-10.0,5,0.0,100.0,0.0,100,0,3,Normal,0.0852575903343082,0.06820607226744656,1.5,3.0,98,2,42,0,0,2,True,True,False,True
Without Adaptive Difficulty,4,49,P,-10.0,5,0.0,100.0,0.0,100,0,3,Normal,0.08099471081759278,0.06479576865407423,1.5,3.0,100,2,43,0,0,2,True,True,False,True
Without Adaptive Difficulty,4,50,P,-10.0,5,0.0,100.0,0.0,100,0,3,Normal,0.07694497527671314,0.061555980221370515,1.5,3.0,102,2,43,1,0,1,True,True,False,True
Without Adaptive Difficulty,4,51,P,-10.0,5,0.0,100.0,0.0,100,0,3,Normal,0.07309772651287748,0.05847818121030199,1.5,3.0,104,2,43,0,0,2,True,True,False,True
Without Adaptive Difficulty,4,52,P,-10.0,5,0.0,100.0,0.0,100,0,3,Normal,0.0694428401872336,0.05555427214978688,1.5,3.0,106,2,44,0,0,2,True,True,False,True
Without Adaptive Difficulty,4,53,P,-10.0,5,0.0,100.0,0.0,100,0,3,Normal,0.0659706981778719,0.05277655854229753,1.5,3.0,108,2,44,0,0,2,True,True,False,True
Without Adaptive Difficulty,4,54,P,-10.0,5,0.0,100.0,0.0,100,0,3,Normal,0.0626721632689783,0.050137730615182646,1.5,3.0,110,2,44,0,0,2,True,True,False,True
Without Adaptive Difficulty,4,55,P,-10.0,5,0.0,100.0,0.0,100,0,3,Normal,0.059538555105529384,0.05,1.5,3.0,112,2,44,1,0,1,True,True,False,True
Without Adaptive Difficulty,4,56,P,-10.0,5,0.0,100.0,0.0,100,0,3,Normal,0.05656162735025291,0.05,1.5,3.0,114,2,44,1,0,1,True,True,False,True
Without Adaptive Difficulty,4,57,P,-10.0,5,0.0,100.0,0.0,100,0,3,Normal,0.053733545982740265,0.05,1.5,3.0,116,2,44,1,0,1,True,True,False,True
Without Adaptive Difficulty,4,58,P,-10.0,5,0.0,100.0,0.0,100,0,3,Normal,0.05104686868360325,0.05,1.5,3.0,118,2,45,0,0,2,True,True,False,True
Without Adaptive Difficulty,4,59,P,-10.0,5,0.0,100.0,0.0,100,0,3,Normal,0.05,0.05,1.5,3.0,120,2,45,1,0,1,True,True,False,True
Without Adaptive Difficulty,4,60,P,-10.0,5,0.0,100.0,0.0,100,0,3,Normal,0.05,0.05,1.5,3.0,122,2,45,0,0,2,True,True,False,True
Without Adaptive Difficulty,4,61,P,-10.0,5,0.0,100.0,0.0,100,0,3,Normal,0.05,0.05,1.0500001907348633,2.1000003814697266,124,2,45,0,1,1,True,True,False,True
Without Adaptive Difficulty,4,62,P,-10.0,5,0.0,100.0,0.0,100,0,3,Normal,0.05,0.05,1.0500001907348633,2.1000003814697266,126,2,45,2,0,0,True,True,False,True
Without Adaptive Difficulty,4,63,P,-10.0,5,0.0,100.0,0.0,100,0,3,Normal,0.05,0.05,1.5,3.0,128,2,45,1,0,1,True,True,False,True
Without Adaptive Difficulty,4,64,P,-10.0,5,0.0,100.0,0.0,100,0,3,Normal,0.05,0.05,1.5,3.0,130,2,46,0,0,2,True,True,False,True
Without Adaptive Difficulty,4,65,P,-10.0,5,0.0,100.0,0.0,100,0,3,Normal,0.05,0.05,1.5,3.0,132,2,47,2,0,0,True,True,False,True
Without Adaptive Difficulty,4,66,P,-10.0,5,0.0,100.0,0.0,100,0,3,Normal,0.05,0.05,1.5,3.0,134,2,48,1,1,0,True,True,False,True
Without Adaptive Difficulty,4,67,P,-10.0,5,0.0,100.0,0.0,100,0,3,Normal,0.05,0.05,1.5,3.0,136,2,48,0,0,2,True,True,False,True
Without Adaptive Difficulty,4,68,P,-10.0,5,0.0,100.0,0.0,100,0,3,Normal,0.05,0.05,1.5,3.0,138,2,49,0,0,2,True,True,False,True
Without Adaptive Difficulty,4,69,P,-10.0,5,0.0,100.0,0.0,100,0,3,Normal,0.05,0.05,1.5,3.0,140,2,49,1,0,1,True,True,False,True
Without Adaptive Difficulty,4,70,P,-10.0,5,0.0,100.0,0.0,100,0,3,Normal,0.05,0.05,1.5,3.0,142,2,49,1,0,1,True,True,False,True
Without Adaptive Difficulty,4,71,P,-10.0,5,0.0,100.0,0.0,100,0,3,Normal,0.05,0.05,1.5,3.0,144,2,50,0,0,2,True,True,False,True
Without Adaptive Difficulty,4,72,P,-10.0,5,0.0,100.0,0.0,100,0,3,Normal,0.05,0.05,1.5,3.0,146,2,50,1,1,0,True,True,False,True
Without Adaptive Difficulty,4,73,P,-10.0,5,0.0,100.0,0.0,100,0,3,Normal,0.05,0.05,1.5,3.0,148,2,50,1,0,1,True,True,False,True
Without Adaptive Difficulty,4,74,P,-10.0,5,0.0,100.0,0.0,100,0,3,Normal,0.05,0.05,1.5,3.0,150,2,50,1,0,1,True,True,False,True
Without Adaptive Difficulty,4,75,P,-10.0,5,0.0,100.0,0.0,100,0,3,Normal,0.05,0.05,1.5,3.0,152,2,50,0,0,2,True,True,False,True
Without Adaptive Difficulty,4,76,P,-10.0,5,0.0,100.0,0.0,100,0,3,Normal,0.05,0.05,1.5,3.0,154,2,50,0,0,2,True,True,False,True
Without Adaptive Difficulty,4,77,P,-10.0,5,0.0,100.0,0.0,100,0,3,Normal,0.05,0.05,1.0500001907348633,2.1000003814697266,156,2,50,2,0,0,True,True,False,True
Without Adaptive Difficulty,4,78,P,-10.0,5,0.0,100.0,0.0,100,0,3,Normal,0.05,0.05,1.5,3.0,158,2,50,1,0,1,True,True,False,True
Without Adaptive Difficulty,4,79,P,-10.0,5,0.0,100.0,0.0,100,0,3,Normal,0.05,0.05,1.5,3.0,160,2,50,1,0,1,True,True,False,True
Without Adaptive Difficulty,4,80,P,-10.0,5,0.0,100.0,0.0,100,0,3,Normal,0.05,0.05,1.5,3.0,162,2,51,1,0,1,True,True,False,True
Without Adaptive Difficulty,4,81,P,-10.0,5,0.0,100.0,0.0,100,0,3,Normal,0.05,0.05,1.5,3.0,164,2,51,0,0,2,True,True,False,True
Without Adaptive Difficulty,4,82,P,-10.0,5,0.0,100.0,0.0,100,0,3,Normal,0.05,0.05,1.5,3.0,166,2,52,1,0,1,True,True,False,True
Without Adaptive Difficulty,4,83,P,-10.0,5,0.0,100.0,0.0,100,0,3,Normal,0.05,0.05,1.5,3.0,168,2,53,0,0,2,True,True,False,True
Without Adaptive Difficulty,4,84,P,-10.0,5,0.0,100.0,0.0,100,0,3,Normal,0.05,0.05,1.5,3.0,170,2,54,0,0,2,True,True,False,True
Without Adaptive Difficulty,4,85,P,-10.0,5,0.0,100.0,0.0,100,0,3,Normal,0.05,0.05,1.5,3.0,172,2,54,0,1,1,True,True,False,True
Without Adaptive Difficulty,4,86,P,-10.0,5,0.0,100.0,0.0,100,0,3,Normal,0.05,0.05,1.0500001907348633,2.1000003814697266,174,2,54,1,0,1,True,True,False,True
Without Adaptive Difficulty,4,87,P,-10.0,5,0.0,100.0,0.0,100,0,3,Normal,0.05,0.05,1.5,3.0,176,2,54,0,0,2,True,True,False,True
Without Adaptive Difficulty,4,88,P,-10.0,7,0.0,100.0,0.0,100,0,3,Normal,0.05,0.05,1.0,3.0,179,3,56,2,0,1,True,True,False,True
Without Adaptive Difficulty,4,89,P,-10.0,5,0.0,100.0,0.0,100,0,3,Normal,0.05,0.05,1.5,3.0,181,2,56,0,0,2,True,True,False,True
Without Adaptive Difficulty,4,90,P,-10.0,5,0.0,100.0,0.0,100,0,3,Normal,0.05,0.05,1.5,3.0,183,2,56,1,0,1,True,True,False,True
Without Adaptive Difficulty,4,91,P,-10.0,5,0.0,100.0,0.0,100,0,3,Normal,0.05,0.05,1.5,3.0,185,2,56,1,0,1,True,True,False,True
Without Adaptive Difficulty,4,92,P,-10.0,5,0.0,100.0,0.0,100,0,3,Normal,0.05,0.05,1.5,3.0,187,2,56,0,0,2,True,True,False,True
Without Adaptive Difficulty,4,93,P,-10.0,5,0.0,100.0,0.0,100,0,3,Normal,0.05,0.05,1.5,3.0,189,2,56,1,0,1,True,True,False,True
Without Adaptive Difficulty,4,94,P,-10.0,5,0.0,100.0,0.0,100,0,3,Normal,0.05,0.05,1.5,3.0,191,2,56,1,0,1,True,True,False,True
Without Adaptive Difficulty,4,95,P,-10.0,5,0.0,100.0,0.0,100,0,3,Normal,0.05,0.05,1.5,3.0,193,2,56,1,0,1,True,True,False,True
Without Adaptive Difficulty,4,96,P,-10.0,5,0.0,100.0,0.0,100,0,3,Normal,0.05,0.05,1.0500001907348633,2.1000003814697266,195,2,56,1,0,1,True,True,False,True
Without Adaptive Difficulty,4,97,P,-10.0,5,0.0,100.0,0.0,100,0,3,Normal,0.05,0.05,1.5,3.0,197,2,57,0,0,2,True,True,False,True
Without Adaptive Difficulty,4,98,P,-10.0,5,0.0,100.0,0.0,100,0,3,Normal,0.05,0.05,1.5,3.0,199,2,58,0,0,2,True,True,False,True
Without Adaptive Difficulty,4,99,P,-10.0,5,0.0,100.0,0.0,100,0,3,Normal,0.05,0.05,1.5,3.0,201,2,59,0,0,2,True,True,False,True
Without Adaptive Difficulty,4,100,P,-10.0,5,0.0,100.0,0.0,100,0,3,Normal,0.05,0.05,1.5,3.0,203,2,59,0,0,2,True,True,False,True
Without Adaptive Difficulty,5,1,P,-10.0,5,0.0,100.0,0.0,60,10,3,Normal,0.95,0.76,1.5,3.0,2,2,2,0,2,0,True,True,False,True
Without Adaptive Difficulty,5,2,P,-10.0,5,0.0,100.0,0.0,70,10,3,Normal,0.9025,0.722,1.5,3.0,4,2,4,0,1,1,True,True,False,True
Without Adaptive Difficulty,5,3,P,-10.0,5,0.0,100.0,0.0,80,10,3,Normal,0.8573749999999999,0.6859,1.5,3.0,6,2,6,1,1,0,True,True,False,True
Without Adaptive Difficulty,5,4,P,-10.0,5,0.0,100.0,0.0,90,10,3,Normal,0.8145062499999999,0.651605,1.5,3.0,8,2,8,1,1,0,True,True,False,True
Without Adaptive Difficulty,5,5,P,-10.0,5,0.0,100.0,0.0,100,10,3,Normal,0.7737809374999999,0.6190247499999999,1.5,3.0,10,2,9,0,2,0,True,True,False,True
Without Adaptive Difficulty,5,6,P,-10.0,5,0.0,100.0,0.0,100,0,3,Normal,0.7350918906249998,0.5880735124999998,1.5,3.0,12,2,10,2,0,0,True,True,False,True
Without Adaptive Difficulty,5,7,P,-10.0,5,0.0,100.0,0.0,100,0,3,Normal,0.6983372960937497,0.5586698368749998,1.5,3.0,14,2,11,0,1,1,True,True,False,True
Without Adaptive Difficulty,5,8,P,-10.0,5,0.0,100.0,0.0,100,0,3,Normal,0.6634204312890623,0.5307363450312498,1.5,3.0,16,2,12,1,0,1,True,True,False,True
Without Adaptive Difficulty,5,9,P,-10.0,7,0.0,100.0,0.0,100,0,3,Normal,0.6302494097246091,0.5041995277796872,1.0,3.0,19,3,14,1,2,0,True,True,False,True
Without Adaptive Difficulty,5,10,P,-10.0,5,0.0,100.0,0.0,100,0,3,Normal,0.5987369392383786,0.4789895513907029,1.5,3.0,21,2,15,0,1,1,True,True,False,True
Without Adaptive Difficulty,5,11,P,-10.0,5,0.0,100.0,0.0,100,0,3,Normal,0.5688000922764596,0.4550400738211677,1.0500001907348633,2.1000003814697266,23,2,15,2,0,0,True,True,False,True
Without Adaptive Difficulty,5,12,P,-10.0,5,0.0,100.0,0.0,100,0,3,Normal,0.5403600876626365,0.4322880701301093,1.5,3.0,25,2,15,0,1,1,True,True,False,True
Without Adaptive Difficulty,5,13,P,-10.0,5,0.0,100.0,0.0,100,0,3,Normal,0.5133420832795047,0.4106736666236038,1.5,3.0,27,2,16,1,0,1,True,True,False,True
Without Adaptive Difficulty,5,14,P,-10.0,5,0.0,100.0,0.0,100,0,3,Normal,0.48767497911552943,0.39013998329242355,1.5,3.0,29,2,17,1,1,0,True,True,False,True
Without Adaptive Difficulty,5,15,P,-10.0,5,0.0,100.0,0.0,100,0,3,Normal,0.46329123015975293,0.3706329841278024,1.5,3.0,31,2,18,2,0,0,True,True,False,True
Without Adaptive Difficulty,5,16,P,-10.0,5,0.0,100.0,0.0,100,0,3,Normal,0.44012666865176525,0.3521013349214122,1.5,3.0,33,2,19,1,0,1,True,True,False,True
Without Adaptive Difficulty,5,17,P,-10.0,5,0.0,100.0,0.0,100,0,3,Normal,0.41812033521917696,0.3344962681753416,1.5,3.0,35,2,19,2,0,0,True,True,False,True
Without Adaptive Difficulty,5,18,P,-10.0,5,0.0,100.0,0.0,100,0,3,Normal,0.3972143184582181,0.3177714547665745,1.0500001907348633,2.1000003814697266,37,2,19,1,0,1,True,True,False,True
Without Adaptive Difficulty,5,19,P,-10.0,5,0.0,100.0,0.0,100,0,3,Normal,0.37735360253530714,0.30188288202824576,1.5,3.0,39,2,20,0,0,2,True,True,False,True
Without Adaptive Difficulty,5,20,P,-10.0,5,0.0,100.0,0.0,100,0,3,Normal,0.35848592240854177,0.2867887379268334,1.5,3.0,41,2,21,2,0,0,True,True,False,True
Without Adaptive Difficulty,5,21,P,-10.0,5,0.0,100.0,0.0,100,0,3,Normal,0.34056162628811465,0.27244930103049175,1.5,3.0,43,2,21,1,0,1,True,True,False,True
Without Adaptive Difficulty,5,22,P,-10.0,5,0.0,100.0,0.0,100,0,3,Normal,0.3235335449737089,0.2588268359789671,0.7349998950958252,1.4699997901916504,45,2,21,1,0,1,True,True,False,True
Without Adaptive Difficulty,5,23,P,-10.0,5,0.0,100.0,0.0,100,0,3,Normal,0.30735686772502346,0.2458854941800188,1.0500001907348633,2.1000003814697266,47,2,21,1,0,1,True,True,False,True
Without Adaptive Difficulty,5,24,P,-10.0,5,0.0,100.0,0.0,100,0,3,Normal,0.2919890243387723,0.23359121947101782,1.5,3.0,49,2,22,1,0,1,True,True,False,True
Without Adaptive Difficulty,5,25,P,-10.0,5,0.0,100.0,0.0,100,0,3,Normal,0.27738957312183365,0.22191165849746694,1.5,3.0,51,2,22,0,0,2,True,True,False,True
Without Adaptive Difficulty,5,26,P,-10.0,5,0.0,100.0,0.0,100,0,3,Normal,0.263520094465742,0.2108160755725936,1.5,3.0,53,2,23,1,0,1,True,True,False,True
Without Adaptive Difficulty,5,27,P,-10.0,5,0.0,100.0,0.0,100,0,3,Normal,0.25034408974245487,0.2002752717939639,1.5,3.0,55,2,23,0,0,2,True,True,False,True
Without Adaptive Difficulty,5,28,P,-10.0,5,0.0,100.0,0.0,100,0,3,Normal,0.2378268852553321,0.19026150820426568,1.5,3.0,57,2,24,1,0,1,True,True,False,True
Without Adaptive Difficulty,5,29,P,-10.0,5,0.0,100.0,0.0,100,0,3,Normal,0.2259355409925655,0.1807484327940524,1.5,3.0,59,2,24,0,0,2,True,True,False,True
Without Adaptive Difficulty,5,30,P,-10.0,5,0.0,100.0,0.0,100,0,3,Normal,0.2146387639429372,0.17171101115434978,1.5,3.0,61,2,24,0,0,2,True,True,False,True
Without Adaptive Difficulty,5,31,P,-10.0,5,0.0,100.0,0.0,100,0,3,Normal,0.20390682574579033,0.16312546059663227,1.0500001907348633,2.1000003814697266,63,2,24,2,0,0,True,True,False,True
Without Adaptive Difficulty,5,32,P,-10.0,5,0.0,100.0,0.0,100,0,3,Normal,0.1937114844585008,0.15496918756680067,1.5,3.0,65,2,25,0,1,1,True,True,False,True
Without Adaptive Difficulty,5,33,P,-10.0,5,0.0,100.0,0.0,100,0,3,Normal,0.18402591023557577,0.14722072818846063,1.5,3.0,67,2,26,1,1,0,True,True,False,True
Without Adaptive Difficulty,5,34,P,-10.0,5,0.0,100.0,0.0,100,0,3,Normal,0.17482461472379698,0.1398596917790376,0.7349998950958252,1.4699997901916504,69,2,26,2,0,0,True,True,False,True
Without Adaptive Difficulty,5,35,P,-10.0,5,0.0,100.0,0.0,100,0,3,Normal,0.16608338398760714,0.13286670719008573,1.5,3.0,71,2,27,1,0,1,True,True,False,True
Without Adaptive Difficulty,5,36,P,-10.0,5,0.0,100.0,0.0,100,0,3,Normal,0.15777921478822676,0.1262233718305814,1.5,3.0,73,2,28,1,0,1,True,True,False,True
Without Adaptive Difficulty,5,37,P,-10.0,5,0.0,100.0,0.0,100,0,3,Normal,0.14989025404881542,0.11991220323905234,1.5,3.0,75,2,29,0,1,1,True,True,False,True
Without Adaptive Difficulty,5,38,P,-10.0,5,0.0,100.0,0.0,100,0,3,Normal,0.14239574134637464,0.11391659307709973,1.5,3.0,77,2,29,0,0,2,True,True,False,True
Without Adaptive Difficulty,5,39,P,-10.0,5,0.0,100.0,0.0,100,0,3,Normal,0.1352759542790559,0.10822076342324471,1.5,3.0,79,2,29,0,0,2,True,True,False,True
Without Adaptive Difficulty,5,40,P,-10.0,5,0.0,100.0,0.0,100,0,3,Normal,0.1285121565651031,0.10280972525208248,1.5,3.0,81,2,30,1,0,1,True,True,False,True
Without Adaptive Difficulty,5,41,P,-10.0,5,0.0,100.0,0.0,100,0,3,Normal,0.12208654873684793,0.09766923898947835,1.5,3.0,83,2,30,1,0,1,True,True,False,True
Without Adaptive Difficulty,5,42,P,-10.0,5,0.0,100.0,0.0,100,0,3,Normal,0.11598222130000553,0.09278577704000443,1.5,3.0,85,2,30,0,0,2,True,True,False,True
Without Adaptive Difficulty,5,43,P,-10.0,5,0.0,100.0,0.0,100,0,3,Normal,0.11018311023500525,0.0881464881880042,1.5,3.0,87,2,31,1,0,1,True,True,False,True
Without Adaptive Difficulty,5,44,P,-10.0,5,0.0,100.0,0.0,100,0,3,Normal,0.10467395472325498,0.08373916377860399,1.5,3.0,89,2,31,1,0,1,True,True,False,True
Without Adaptive Difficulty,5,45,P,-10.0,5,0.0,100.0,0.0,100,0,3,Normal,0.09944025698709223,0.0795522055896738,1.5,3.0,91,2,31,0,0,2,True,True,False,True
Without Adaptive Difficulty,5,46,P,-10.0,5,0.0,100.0,0.0,100,0,3,Normal,0.09446824413773762,0.0755745953101901,1.5,3.0,93,2,31,1,0,1,True,True,False,True
Without Adaptive Difficulty,5,47,P,-10.0,5,0.0,100.0,0.0,100,0,3,Normal,0.08974483193085074,0.07179586554468059,1.5,3.0,95,2,32,0,1,1,True,True,False,True
Without Adaptive Difficulty,5,48,P,-10.0,5,0.0,100.0,0.0,100,0,3,Normal,0.0852575903343082,0.06820607226744656,1.5,3.0,97,2,32,1,0,1,True,True,False,True
Without Adaptive Difficulty,5,49,P,-10.0,5,0.0,100.0,0.0,100,0,3,Normal,0.08099471081759278,0.06479576865407423,1.0500001907348633,2.1000003814697266,99,2,32,2,0,0,True,True,False,True
Without Adaptive Difficulty,5,50,P,-10.0,5,0.0,100.0,0.0,100,0,3,Normal,0.07694497527671314,0.061555980221370515,1.5,3.0,101,2,33,0,1,1,True,True,False,True
Without Adaptive Difficulty,5,51,P,-10.0,5,0.0,100.0,0.0,100,0,3,Normal,0.07309772651287748,0.05847818121030199,1.5,3.0,103,2,34,0,0,2,True,True,False,True
Without Adaptive Difficulty,5,52,P,-10.0,5,0.0,100.0,0.0,100,0,3,Normal,0.0694428401872336,0.05555427214978688,1.5,3.0,105,2,35,0,0,2,True,True,False,True
Without Adaptive Difficulty,5,53,P,-10.0,5,0.0,100.0,0.0,100,0,3,Normal,0.0659706981778719,0.05277655854229753,1.5,3.0,107,2,36,0,0,2,True,True,False,True
Without Adaptive Difficulty,5,54,P,-10.0,5,0.0,100.0,0.0,100,0,3,Normal,0.0626721632689783,0.050137730615182646,1.5,3.0,109,2,36,0,0,2,True,True,False,True
Without Adaptive Difficulty,5,55,P,-10.0,5,0.0,100.0,0.0,100,0,3,Normal,0.059538555105529384,0.05,1.5,3.0,111,2,36,1,0,1,True,True,False,True
Without Adaptive Difficulty,5,56,P,-10.0,5,0.0,100.0,0.0,100,0,3,Normal,0.05656162735025291,0.05,1.0500001907348633,2.1000003814697266,113,2,36,1,0,1,True,True,False,True
Without Adaptive Difficulty,5,57,P,-10.0,5,0.0,100.0,0.0,100,0,3,Normal,0.053733545982740265,0.05,1.5,3.0,115,2,37,1,0,1,True,True,False,True
Without Adaptive Difficulty,5,58,P,-10.0,5,0.0,100.0,0.0,100,0,3,Normal,0.05104686868360325,0.05,1.5,3.0,117,2,37,1,0,1,True,True,False,True
Without Adaptive Difficulty,5,59,P,-10.0,5,0.0,100.0,0.0,100,0,3,Normal,0.05,0.05,1.5,3.0,119,2,37,1,0,1,True,True,False,True
Without Adaptive Difficulty,5,60,P,-10.0,5,0.0,100.0,0.0,100,0,3,Normal,0.05,0.05,1.5,3.0,121,2,38,0,0,2,True,True,False,True
Without Adaptive Difficulty,5,61,P,-10.0,5,0.0,100.0,0.0,100,0,3,Normal,0.05,0.05,0.5144999027252197,1.0289998054504395,123,2,38,1,0,1,True,True,False,True
Without Adaptive Difficulty,5,62,P,-10.0,5,0.0,100.0,0.0,100,0,3,Normal,0.05,0.05,1.5,3.0,125,2,38,1,0,1,True,True,False,True
Without Adaptive Difficulty,5,63,P,-10.0,5,0.0,100.0,0.0,100,0,3,Normal,0.05,0.05,1.5,3.0,127,2,38,1,0,1,True,True,False,True
Without Adaptive Difficulty,5,64,P,-10.0,7,0.0,100.0,0.0,100,0,3,Normal,0.05,0.05,1.0,3.0,130,3,40,1,0,2,True,True,False,True
Without Adaptive Difficulty,5,65,P,-10.0,5,0.0,100.0,0.0,100,0,3,Normal,0.05,0.05,1.0500001907348633,2.1000003814697266,132,2,40,2,0,0,True,True,False,True
Without Adaptive Difficulty,5,66,P,-10.0,5,0.0,100.0,0.0,100,0,3,Normal,0.05,0.05,1.5,3.0,134,2,41,1,0,1,True,True,False,True
Without Adaptive Difficulty,5,67,P,-10.0,5,0.0,100.0,0.0,100,0,3,Normal,0.05,0.05,1.5,3.0,136,2,41,1,0,1,True,True,False,True
Without Adaptive Difficulty,5,68,P,-10.0,5,0.0,100.0,0.0,100,0,3,Normal,0.05,0.05,1.5,3.0,138,2,42,1,0,1,True,True,False,True
Without Adaptive Difficulty,5,69,P,-10.0,5,0.0,100.0,0.0,100,0,3,Normal,0.05,0.05,1.5,3.0,140,2,42,0,0,2,True,True,False,True
Without Adaptive Difficulty,5,70,P,-10.0,5,0.0,100.0,0.0,100,0,3,Normal,0.05,0.05,1.5,3.0,142,2,43,0,0,2,True,True,False,True
Without Adaptive Difficulty,5,71,P,-10.0,5,0.0,100.0,0.0,100,0,3,Normal,0.05,0.05,1.5,3.0,144,2,44,1,0,1,True,True,False,True
Without Adaptive Difficulty,5,72,P,-10.0,5,0.0,100.0,0.0,100,0,3,Normal,0.05,0.05,1.5,3.0,146,2,44,1,0,1,True,True,False,True
Without Adaptive Difficulty,5,73,P,-10.0,5,0.0,100.0,0.0,100,0,3,Normal,0.05,0.05,0.7349998950958252,1.4699997901916504,148,2,44,2,0,0,True,True,False,True
Without Adaptive Difficulty,5,74,P,-10.0,5,0.0,100.0,0.0,100,0,3,Normal,0.05,0.05,0.3601498603820801,0.7202997207641602,150,2,44,2,0,0,True,True,False,True
Without Adaptive Difficulty,5,75,P,-10.0,5,0.0,100.0,0.0,100,0,3,Normal,0.05,0.05,1.5,3.0,152,2,45,1,0,1,True,True,False,True
Without Adaptive Difficulty,5,76,P,-10.0,5,0.0,100.0,0.0,100,0,3,Normal,0.05,0.05,1.5,3.0,154,2,46,0,0,2,True,True,False,True
Without Adaptive Difficulty,5,77,P,-10.0,5,0.0,100.0,0.0,100,0,3,Normal,0.05,0.05,1.5,3.0,156,2,46,1,0,1,True,True,False,True
Without Adaptive Difficulty,5,78,P,-10.0,5,0.0,100.0,0.0,100,0,3,Normal,0.05,0.05,1.5,3.0,158,2,47,1,0,1,True,True,False,True
Without Adaptive Difficulty,5,79,P,-10.0,5,0.0,100.0,0.0,100,0,3,Normal,0.05,0.05,1.5,3.0,160,2,47,1,0,1,True,True,False,True
Without Adaptive Difficulty,5,80,P,-10.0,5,0.0,100.0,0.0,100,0,3,Normal,0.05,0.05,1.5,3.0,162,2,48,1,0,1,True,True,False,True
Without Adaptive Difficulty,5,81,P,-10.0,5,0.0,100.0,0.0,100,0,3,Normal,0.05,0.05,1.0500001907348633,2.1000003814697266,164,2,48,2,0,0,True,True,False,True
Without Adaptive Difficulty,5,82,P,-10.0,5,0.0,100.0,0.0,100,0,3,Normal,0.05,0.05,1.5,3.0,166,2,48,1,0,1,True,True,False,True
Without Adaptive Difficulty,5,83,P,-10.0,5,0.0,100.0,0.0,100,0,3,Normal,0.05,0.05,1.5,3.0,168,2,49,1,0,1,True,True,False,True
Without Adaptive Difficulty,5,84,P,-10.0,5,0.0,100.0,0.0,100,0,3,Normal,0.05,0.05,1.5,3.0,170,2,49,0,0,2,True,True,False,True
Without Adaptive Difficulty,5,85,P,-10.0,5,0.0,100.0,0.0,100,0,3,Normal,0.05,0.05,1.5,3.0,172,2,49,1,0,1,True,True,False,True
Without Adaptive Difficulty,5,86,P,-10.0,5,0.0,100.0,0.0,100,0,3,Normal,0.05,0.05,1.5,3.0,174,2,50,0,1,1,True,True,False,True
Without Adaptive Difficulty,5,87,P,-10.0,5,0.0,100.0,0.0,100,0,3,Normal,0.05,0.05,0.7349998950958252,1.4699997901916504,176,2,50,2,0,0,True,True,False,True
Without Adaptive Difficulty,5,88,P,-10.0,5,0.0,100.0,0.0,100,0,3,Normal,0.05,0.05,1.5,3.0,178,2,50,2,0,0,True,True,False,True
Without Adaptive Difficulty,5,89,P,-10.0,5,0.0,100.0,0.0,100,0,3,Normal,0.05,0.05,1.5,3.0,180,2,50,1,0,1,True,True,False,True
Without Adaptive Difficulty,5,90,P,-10.0,5,0.0,100.0,0.0,100,0,3,Normal,0.05,0.05,1.5,3.0,182,2,50,0,0,2,True,True,False,True
Without Adaptive Difficulty,5,91,P,-10.0,5,0.0,100.0,0.0,100,0,3,Normal,0.05,0.05,1.0500001907348633,2.1000003814697266,184,2,50,1,0,1,True,True,False,True
Without Adaptive Difficulty,5,92,P,-10.0,5,0.0,100.0,0.0,100,0,3,Normal,0.05,0.05,0.7349998950958252,1.4699997901916504,186,2,50,2,0,0,True,True,False,True
Without Adaptive Difficulty,5,93,P,-10.0,5,0.0,100.0,0.0,100,0,3,Normal,0.05,0.05,1.5,3.0,188,2,51,0,0,2,True,True,False,True
Without Adaptive Difficulty,5,94,P,-10.0,5,0.0,100.0,0.0,100,0,3,Normal,0.05,0.05,1.0500001907348633,2.1000003814697266,190,2,51,2,0,0,True,True,False,True
Without Adaptive Difficulty,5,95,P,-10.0,5,0.0,100.0,0.0,100,0,3,Normal,0.05,0.05,1.5,3.0,192,2,52,1,0,1,True,True,False,True
Without Adaptive Difficulty,5,96,P,-10.0,5,0.0,100.0,0.0,100,0,3,Normal,0.05,0.05,1.5,3.0,194,2,52,0,0,2,True,True,False,True
Without Adaptive Difficulty,5,97,P,-10.0,5,0.0,100.0,0.0,100,0,3,Normal,0.05,0.05,1.5,3.0,196,2,53,0,0,2,True,True,False,True
Without Adaptive Difficulty,5,98,P,-10.0,5,0.0,100.0,0.0,100,0,3,Normal,0.05,0.05,1.5,3.0,198,2,54,1,0,1,True,True,False,True
Without Adaptive Difficulty,5,99,P,-10.0,5,0.0,100.0,0.0,100,0,3,Normal,0.05,0.05,0.5144999027252197,1.0289998054504395,200,2,54,2,0,0,True,True,False,True
Without Adaptive Difficulty,5,100,P,-10.0,5,0.0,100.0,0.0,100,0,3,Normal,0.05,0.05,1.5,3.0,202,2,55,1,0,1,True,True,False,True
Without Q-Learning,1,1,P,-10.0,5,0.0,100.0,0.0,60,10,1,Very Easy,1.0,0.0,0.0,0.0,0,0,0,0,0,0,False,True,True,False
Without Q-Learning,1,2,P,-10.0,5,0.0,100.0,0.0,70,10,1,Very Easy,1.0,0.0,0.0,0.0,0,0,0,0,0,0,False,True,True,False
Without Q-Learning,1,3,P,-10.0,5,0.0,100.0,0.0,80,10,5,Expert,1.0,0.0,0.0,0.0,0,0,0,0,0,0,False,True,True,False
Without Q-Learning,1,4,P,-10.0,5,0.0,100.0,0.0,90,10,5,Expert,1.0,0.0,0.0,0.0,0,0,0,2,0,0,False,True,True,False
Without Q-Learning,1,5,P,-10.0,5,0.0,100.0,0.0,100,10,5,Expert,1.0,0.0,0.0,0.0,0,0,0,2,0,0,False,True,True,False
Without Q-Learning,1,6,P,-10.0,5,0.0,100.0,0.0,100,0,5,Expert,1.0,0.0,0.0,0.0,0,0,0,2,0,0,False,True,True,False
Without Q-Learning,1,7,P,-10.0,5,0.0,100.0,0.0,100,0,5,Expert,1.0,0.0,0.0,0.0,0,0,0,2,0,0,False,True,True,False
Without Q-Learning,1,8,P,-10.0,7,0.0,100.0,0.0,100,0,5,Expert,1.0,0.0,0.0,0.0,0,0,0,2,0,0,False,True,True,False
Without Q-Learning,1,9,P,-10.0,5,0.0,100.0,0.0,100,0,5,Expert,1.0,0.0,0.0,0.0,0,0,0,2,0,0,False,True,True,False
Without Q-Learning,1,10,P,-10.0,5,0.0,100.0,0.0,100,0,5,Expert,1.0,0.0,0.0,0.0,0,0,0,2,0,0,False,True,True,False
Without Q-Learning,1,11,P,-10.0,5,0.0,100.0,0.0,100,0,5,Expert,1.0,0.0,0.0,0.0,0,0,0,2,0,0,False,True,True,False
Without Q-Learning,1,12,P,-10.0,5,0.0,100.0,0.0,100,0,5,Expert,1.0,0.0,0.0,0.0,0,0,0,2,0,0,False,True,True,False
Without Q-Learning,1,13,P,-10.0,5,0.0,100.0,0.0,100,0,5,Expert,1.0,0.0,0.0,0.0,0,0,0,2,0,0,False,True,True,False
Without Q-Learning,1,14,P,-10.0,5,0.0,100.0,0.0,100,0,5,Expert,1.0,0.0,0.0,0.0,0,0,0,2,0,0,False,True,True,False
Without Q-Learning,1,15,P,-10.0,5,0.0,100.0,0.0,100,0,5,Expert,1.0,0.0,0.0,0.0,0,0,0,2,0,0,False,True,True,False
Without Q-Learning,1,16,P,-10.0,5,0.0,100.0,0.0,100,0,5,Expert,1.0,0.0,0.0,0.0,0,0,0,2,0,0,False,True,True,False
Without Q-Learning,1,17,P,-10.0,5,0.0,100.0,0.0,100,0,5,Expert,1.0,0.0,0.0,0.0,0,0,0,2,0,0,False,True,True,False
Without Q-Learning,1,18,P,-10.0,5,0.0,100.0,0.0,100,0,5,Expert,1.0,0.0,0.0,0.0,0,0,0,2,0,0,False,True,True,False
Without Q-Learning,1,19,P,-10.0,5,0.0,100.0,0.0,100,0,5,Expert,1.0,0.0,0.0,0.0,0,0,0,2,0,0,False,True,True,False
Without Q-Learning,1,20,P,-10.0,5,0.0,100.0,0.0,100,0,5,Expert,1.0,0.0,0.0,0.0,0,0,0,1,0,0,False,True,True,False
Without Q-Learning,1,21,P,-10.0,5,0.0,100.0,0.0,100,0,5,Expert,1.0,0.0,0.0,0.0,0,0,0,2,0,0,False,True,True,False
Without Q-Learning,1,22,P,-10.0,5,0.0,100.0,0.0,100,0,5,Expert,1.0,0.0,0.0,0.0,0,0,0,2,0,0,False,True,True,False
Without Q-Learning,1,23,P,-10.0,5,0.0,100.0,0.0,100,0,5,Expert,1.0,0.0,0.0,0.0,0,0,0,2,0,0,False,True,True,False
Without Q-Learning,1,24,P,-10.0,5,0.0,100.0,0.0,100,0,5,Expert,1.0,0.0,0.0,0.0,0,0,0,2,0,0,False,True,True,False
Without Q-Learning,1,25,P,-10.0,5,0.0,100.0,0.0,100,0,5,Expert,1.0,0.0,0.0,0.0,0,0,0,2,0,0,False,True,True,False
Without Q-Learning,1,26,P,-10.0,5,0.0,100.0,0.0,100,0,5,Expert,1.0,0.0,0.0,0.0,0,0,0,2,0,0,False,True,True,False
Without Q-Learning,1,27,P,-10.0,5,0.0,100.0,0.0,100,0,5,Expert,1.0,0.0,0.0,0.0,0,0,0,2,0,0,False,True,True,False
Without Q-Learning,1,28,P,-10.0,5,0.0,100.0,0.0,100,0,5,Expert,1.0,0.0,0.0,0.0,0,0,0,2,0,0,False,True,True,False
Without Q-Learning,1,29,P,-10.0,5,0.0,100.0,0.0,100,0,5,Expert,1.0,0.0,0.0,0.0,0,0,0,1,0,0,False,True,True,False
Without Q-Learning,1,30,P,-10.0,5,0.0,100.0,0.0,100,0,5,Expert,1.0,0.0,0.0,0.0,0,0,0,2,0,0,False,True,True,False
Without Q-Learning,1,31,P,-10.0,5,0.0,100.0,0.0,100,0,5,Expert,1.0,0.0,0.0,0.0,0,0,0,2,0,0,False,True,True,False
Without Q-Learning,1,32,P,-10.0,5,0.0,100.0,0.0,100,0,5,Expert,1.0,0.0,0.0,0.0,0,0,0,1,0,0,False,True,True,False
Without Q-Learning,1,33,P,-10.0,5,0.0,100.0,0.0,100,0,5,Expert,1.0,0.0,0.0,0.0,0,0,0,2,0,0,False,True,True,False
Without Q-Learning,1,34,P,-10.0,5,0.0,100.0,0.0,100,0,5,Expert,1.0,0.0,0.0,0.0,0,0,0,2,0,0,False,True,True,False
Without Q-Learning,1,35,P,-10.0,5,0.0,100.0,0.0,100,0,5,Expert,1.0,0.0,0.0,0.0,0,0,0,1,0,0,False,True,True,False
Without Q-Learning,1,36,P,-10.0,5,0.0,100.0,0.0,100,0,5,Expert,1.0,0.0,0.0,0.0,0,0,0,2,0,0,False,True,True,False
Without Q-Learning,1,37,P,-10.0,5,0.0,100.0,0.0,100,0,5,Expert,1.0,0.0,0.0,0.0,0,0,0,2,0,0,False,True,True,False
Without Q-Learning,1,38,P,-10.0,5,0.0,100.0,0.0,100,0,5,Expert,1.0,0.0,0.0,0.0,0,0,0,1,0,0,False,True,True,False
Without Q-Learning,1,39,P,-10.0,5,0.0,100.0,0.0,100,0,5,Expert,1.0,0.0,0.0,0.0,0,0,0,2,0,0,False,True,True,False
Without Q-Learning,1,40,P,-10.0,5,0.0,100.0,0.0,100,0,5,Expert,1.0,0.0,0.0,0.0,0,0,0,1,0,0,False,True,True,False
Without Q-Learning,1,41,P,-10.0,5,0.0,100.0,0.0,100,0,5,Expert,1.0,0.0,0.0,0.0,0,0,0,2,0,0,False,True,True,False
Without Q-Learning,1,42,P,-10.0,5,0.0,100.0,0.0,100,0,5,Expert,1.0,0.0,0.0,0.0,0,0,0,2,0,0,False,True,True,False
Without Q-Learning,1,43,P,-10.0,5,0.0,100.0,0.0,100,0,5,Expert,1.0,0.0,0.0,0.0,0,0,0,2,0,0,False,True,True,False
Without Q-Learning,1,44,P,-10.0,5,0.0,100.0,0.0,100,0,5,Expert,1.0,0.0,0.0,0.0,0,0,0,1,0,0,False,True,True,False
Without Q-Learning,1,45,P,-10.0,5,0.0,100.0,0.0,100,0,5,Expert,1.0,0.0,0.0,0.0,0,0,0,2,0,0,False,True,True,False
Without Q-Learning,1,46,P,-10.0,5,0.0,100.0,0.0,100,0,5,Expert,1.0,0.0,0.0,0.0,0,0,0,2,0,0,False,True,True,False
Without Q-Learning,1,47,P,-10.0,5,0.0,100.0,0.0,100,0,5,Expert,1.0,0.0,0.0,0.0,0,0,0,2,0,0,False,True,True,False
Without Q-Learning,1,48,P,-10.0,5,0.0,100.0,0.0,100,0,5,Expert,1.0,0.0,0.0,0.0,0,0,0,2,0,0,False,True,True,False
Without Q-Learning,1,49,P,-10.0,5,0.0,100.0,0.0,100,0,5,Expert,1.0,0.0,0.0,0.0,0,0,0,2,0,0,False,True,True,False
Without Q-Learning,1,50,P,-10.0,5,0.0,100.0,0.0,100,0,5,Expert,1.0,0.0,0.0,0.0,0,0,0,2,0,0,False,True,True,False
Without Q-Learning,1,51,P,-10.0,5,0.0,100.0,0.0,100,0,5,Expert,1.0,0.0,0.0,0.0,0,0,0,2,0,0,False,True,True,False
Without Q-Learning,1,52,P,-10.0,5,0.0,100.0,0.0,100,0,5,Expert,1.0,0.0,0.0,0.0,0,0,0,2,0,0,False,True,True,False
Without Q-Learning,1,53,P,-10.0,5,0.0,100.0,0.0,100,0,5,Expert,1.0,0.0,0.0,0.0,0,0,0,2,0,0,False,True,True,False
Without Q-Learning,1,54,P,-10.0,5,0.0,100.0,0.0,100,0,5,Expert,1.0,0.0,0.0,0.0,0,0,0,2,0,0,False,True,True,False
Without Q-Learning,1,55,P,-10.0,5,0.0,100.0,0.0,100,0,5,Expert,1.0,0.0,0.0,0.0,0,0,0,2,0,0,False,True,True,False
Without Q-Learning,1,56,P,-10.0,5,0.0,100.0,0.0,100,0,5,Expert,1.0,0.0,0.0,0.0,0,0,0,2,0,0,False,True,True,False
Without Q-Learning,1,57,P,-10.0,5,0.0,100.0,0.0,100,0,5,Expert,1.0,0.0,0.0,0.0,0,0,0,2,0,0,False,True,True,False
Without Q-Learning,1,58,P,-10.0,5,0.0,100.0,0.0,100,0,5,Expert,1.0,0.0,0.0,0.0,0,0,0,2,0,0,False,True,True,False
Without Q-Learning,1,59,P,-10.0,5,0.0,100.0,0.0,100,0,5,Expert,1.0,0.0,0.0,0.0,0,0,0,2,0,0,False,True,True,False
Without Q-Learning,1,60,P,-10.0,5,0.0,100.0,0.0,100,0,5,Expert,1.0,0.0,0.0,0.0,0,0,0,1,0,0,False,True,True,False
Without Q-Learning,1,61,P,-10.0,5,0.0,100.0,0.0,100,0,5,Expert,1.0,0.0,0.0,0.0,0,0,0,2,0,0,False,True,True,False
Without Q-Learning,1,62,P,-10.0,5,0.0,100.0,0.0,100,0,5,Expert,1.0,0.0,0.0,0.0,0,0,0,2,0,0,False,True,True,False
Without Q-Learning,1,63,P,-10.0,5,0.0,100.0,0.0,100,0,5,Expert,1.0,0.0,0.0,0.0,0,0,0,1,0,0,False,True,True,False
Without Q-Learning,1,64,P,-10.0,5,0.0,100.0,0.0,100,0,5,Expert,1.0,0.0,0.0,0.0,0,0,0,1,0,0,False,True,True,False
Without Q-Learning,1,65,P,-10.0,5,0.0,100.0,0.0,100,0,5,Expert,1.0,0.0,0.0,0.0,0,0,0,2,0,0,False,True,True,False
Without Q-Learning,1,66,P,-10.0,5,0.0,100.0,0.0,100,0,5,Expert,1.0,0.0,0.0,0.0,0,0,0,2,0,0,False,True,True,False
Without Q-Learning,1,67,P,-10.0,5,0.0,100.0,0.0,100,0,5,Expert,1.0,0.0,0.0,0.0,0,0,0,2,0,0,False,True,True,False
Without Q-Learning,1,68,P,-10.0,5,0.0,100.0,0.0,100,0,5,Expert,1.0,0.0,0.0,0.0,0,0,0,2,0,0,False,True,True,False
Without Q-Learning,1,69,P,-10.0,5,0.0,100.0,0.0,100,0,5,Expert,1.0,0.0,0.0,0.0,0,0,0,2,0,0,False,True,True,False
Without Q-Learning,1,70,P,-10.0,5,0.0,100.0,0.0,100,0,5,Expert,1.0,0.0,0.0,0.0,0,0,0,2,0,0,False,True,True,False
Without Q-Learning,1,71,P,-10.0,5,0.0,100.0,0.0,100,0,5,Expert,1.0,0.0,0.0,0.0,0,0,0,1,0,0,False,True,True,False
Without Q-Learning,1,72,P,-10.0,5,0.0,100.0,0.0,100,0,5,Expert,1.0,0.0,0.0,0.0,0,0,0,2,0,0,False,True,True,False
Without Q-Learning,1,73,P,-10.0,5,0.0,100.0,0.0,100,0,5,Expert,1.0,0.0,0.0,0.0,0,0,0,2,0,0,False,True,True,False
Without Q-Learning,1,74,P,-10.0,5,0.0,100.0,0.0,100,0,5,Expert,1.0,0.0,0.0,0.0,0,0,0,2,0,0,False,True,True,False
Without Q-Learning,1,75,P,-10.0,5,0.0,100.0,0.0,100,0,5,Expert,1.0,0.0,0.0,0.0,0,0,0,2,0,0,False,True,True,False
Without Q-Learning,1,76,P,-10.0,5,0.0,100.0,0.0,100,0,5,Expert,1.0,0.0,0.0,0.0,0,0,0,2,0,0,False,True,True,False
Without Q-Learning,1,77,P,-10.0,5,0.0,100.0,0.0,100,0,5,Expert,1.0,0.0,0.0,0.0,0,0,0,2,0,0,False,True,True,False
Without Q-Learning,1,78,P,-10.0,7,0.0,100.0,0.0,100,0,5,Expert,1.0,0.0,0.0,0.0,0,0,0,2,0,0,False,True,True,False
Without Q-Learning,1,79,P,-10.0,5,0.0,100.0,0.0,100,0,5,Expert,1.0,0.0,0.0,0.0,0,0,0,2,0,0,False,True,True,False
Without Q-Learning,1,80,P,-10.0,5,0.0,100.0,0.0,100,0,5,Expert,1.0,0.0,0.0,0.0,0,0,0,2,0,0,False,True,True,False
Without Q-Learning,1,81,P,-10.0,5,0.0,100.0,0.0,100,0,5,Expert,1.0,0.0,0.0,0.0,0,0,0,1,0,0,False,True,True,False
Without Q-Learning,1,82,P,-10.0,5,0.0,100.0,0.0,100,0,5,Expert,1.0,0.0,0.0,0.0,0,0,0,1,0,0,False,True,True,False
Without Q-Learning,1,83,P,-10.0,5,0.0,100.0,0.0,100,0,5,Expert,1.0,0.0,0.0,0.0,0,0,0,1,0,0,False,True,True,False
Without Q-Learning,1,84,P,-10.0,5,0.0,100.0,0.0,100,0,5,Expert,1.0,0.0,0.0,0.0,0,0,0,1,0,0,False,True,True,False
Without Q-Learning,1,85,P,-10.0,5,0.0,100.0,0.0,100,0,5,Expert,1.0,0.0,0.0,0.0,0,0,0,2,0,0,False,True,True,False
Without Q-Learning,1,86,P,-10.0,5,0.0,100.0,0.0,100,0,5,Expert,1.0,0.0,0.0,0.0,0,0,0,2,0,0,False,True,True,False
Without Q-Learning,1,87,P,-10.0,5,0.0,100.0,0.0,100,0,5,Expert,1.0,0.0,0.0,0.0,0,0,0,2,0,0,False,True,True,False
Without Q-Learning,1,88,P,-10.0,5,0.0,100.0,0.0,100,0,5,Expert,1.0,0.0,0.0,0.0,0,0,0,2,0,0,False,True,True,False
Without Q-Learning,1,89,P,-10.0,5,0.0,100.0,0.0,100,0,5,Expert,1.0,0.0,0.0,0.0,0,0,0,2,0,0,False,True,True,False
Without Q-Learning,1,90,P,-10.0,5,0.0,100.0,0.0,100,0,5,Expert,1.0,0.0,0.0,0.0,0,0,0,2,0,0,False,True,True,False
Without Q-Learning,1,91,P,-10.0,5,0.0,100.0,0.0,100,0,5,Expert,1.0,0.0,0.0,0.0,0,0,0,1,0,0,False,True,True,False
Without Q-Learning,1,92,P,-10.0,5,0.0,100.0,0.0,100,0,5,Expert,1.0,0.0,0.0,0.0,0,0,0,1,0,0,False,True,True,False
Without Q-Learning,1,93,P,-10.0,5,0.0,100.0,0.0,100,0,5,Expert,1.0,0.0,0.0,0.0,0,0,0,2,0,0,False,True,True,False
Without Q-Learning,1,94,P,-10.0,5,0.0,100.0,0.0,100,0,5,Expert,1.0,0.0,0.0,0.0,0,0,0,1,0,0,False,True,True,False
Without Q-Learning,1,95,P,-10.0,5,0.0,100.0,0.0,100,0,5,Expert,1.0,0.0,0.0,0.0,0,0,0,2,0,0,False,True,True,False
Without Q-Learning,1,96,P,-10.0,5,0.0,100.0,0.0,100,0,5,Expert,1.0,0.0,0.0,0.0,0,0,0,2,0,0,False,True,True,False
Without Q-Learning,1,97,P,-10.0,5,0.0,100.0,0.0,100,0,5,Expert,1.0,0.0,0.0,0.0,0,0,0,2,0,0,False,True,True,False
Without Q-Learning,1,98,P,-10.0,5,0.0,100.0,0.0,100,0,5,Expert,1.0,0.0,0.0,0.0,0,0,0,2,0,0,False,True,True,False
Without Q-Learning,1,99,P,-10.0,5,0.0,100.0,0.0,100,0,5,Expert,1.0,0.0,0.0,0.0,0,0,0,2,0,0,False,True,True,False
Without Q-Learning,1,100,P,-10.0,5,0.0,100.0,0.0,100,0,5,Expert,1.0,0.0,0.0,0.0,0,0,0,2,0,0,False,True,True,False
Without Q-Learning,2,1,P,-10.0,5,0.0,100.0,0.0,60,10,1,Very Easy,1.0,0.0,0.0,0.0,0,0,0,0,0,0,False,True,True,False
Without Q-Learning,2,2,P,-10.0,5,0.0,100.0,0.0,70,10,1,Very Easy,1.0,0.0,0.0,0.0,0,0,0,1,0,0,False,True,True,False
Without Q-Learning,2,3,P,-10.0,5,0.0,100.0,0.0,80,10,5,Expert,1.0,0.0,0.0,0.0,0,0,0,0,0,0,False,True,True,False
Without Q-Learning,2,4,P,-10.0,5,0.0,100.0,0.0,90,10,5,Expert,1.0,0.0,0.0,0.0,0,0,0,2,0,0,False,True,True,False
Without Q-Learning,2,5,P,-10.0,5,0.0,100.0,0.0,100,10,5,Expert,1.0,0.0,0.0,0.0,0,0,0,2,0,0,False,True,True,False
Without Q-Learning,2,6,P,-10.0,5,0.0,100.0,0.0,100,0,5,Expert,1.0,0.0,0.0,0.0,0,0,0,2,0,0,False,True,True,False
Without Q-Learning,2,7,P,-10.0,5,0.0,100.0,0.0,100,0,5,Expert,1.0,0.0,0.0,0.0,0,0,0,1,0,0,False,True,True,False
Without Q-Learning,2,8,P,-10.0,5,0.0,100.0,0.0,100,0,5,Expert,1.0,0.0,0.0,0.0,0,0,0,1,0,0,False,True,True,False
Without Q-Learning,2,9,P,-10.0,5,0.0,100.0,0.0,100,0,5,Expert,1.0,0.0,0.0,0.0,0,0,0,1,0,0,False,True,True,False
Without Q-Learning,2,10,P,-10.0,5,0.0,100.0,0.0,100,0,5,Expert,1.0,0.0,0.0,0.0,0,0,0,1,0,0,False,True,True,False
Without Q-Learning,2,11,P,-10.0,5,0.0,100.0,0.0,100,0,5,Expert,1.0,0.0,0.0,0.0,0,0,0,2,0,0,False,True,True,False
Without Q-Learning,2,12,P,-10.0,5,0.0,100.0,0.0,100,0,5,Expert,1.0,0.0,0.0,0.0,0,0,0,2,0,0,False,True,True,False
Without Q-Learning,2,13,P,-10.0,5,0.0,100.0,0.0,100,0,5,Expert,1.0,0.0,0.0,0.0,0,0,0,2,0,0,False,True,True,False
Without Q-Learning,2,14,P,-10.0,5,0.0,100.0,0.0,100,0,5,Expert,1.0,0.0,0.0,0.0,0,0,0,2,0,0,False,True,True,False
Without Q-Learning,2,15,P,-10.0,5,0.0,100.0,0.0,100,0,5,Expert,1.0,0.0,0.0,0.0,0,0,0,2,0,0,False,True,True,False
Without Q-Learning,2,16,P,-10.0,5,0.0,100.0,0.0,100,0,5,Expert,1.0,0.0,0.0,0.0,0,0,0,2,0,0,False,True,True,False
Without Q-Learning,2,17,P,-10.0,5,0.0,100.0,0.0,100,0,5,Expert,1.0,0.0,0.0,0.0,0,0,0,2,0,0,False,True,True,False
Without Q-Learning,2,18,P,-10.0,5,0.0,100.0,0.0,100,0,5,Expert,1.0,0.0,0.0,0.0,0,0,0,2,0,0,False,True,True,False
Without Q-Learning,2,19,P,-10.0,5,0.0,100.0,0.0,100,0,5,Expert,1.0,0.0,0.0,0.0,0,0,0,1,0,0,False,True,True,False
Without Q-Learning,2,20,P,-10.0,5,0.0,100.0,0.0,100,0,5,Expert,1.0,0.0,0.0,0.0,0,0,0,2,0,0,False,True,True,False
Without Q-Learning,2,21,P,-10.0,5,0.0,100.0,0.0,100,0,5,Expert,1.0,0.0,0.0,0.0,0,0,0,2,0,0,False,True,True,False
Without Q-Learning,2,22,P,-10.0,5,0.0,100.0,0.0,100,0,5,Expert,1.0,0.0,0.0,0.0,0,0,0,2,0,0,False,True,True,False
Without Q-Learning,2,23,P,-10.0,5,0.0,100.0,0.0,100,0,5,Expert,1.0,0.0,0.0,0.0,0,0,0,2,0,0,False,True,True,False
Without Q-Learning,2,24,P,-10.0,5,0.0,100.0,0.0,100,0,5,Expert,1.0,0.0,0.0,0.0,0,0,0,2,0,0,False,True,True,False
Without Q-Learning,2,25,P,-10.0,5,0.0,100.0,0.0,100,0,5,Expert,1.0,0.0,0.0,0.0,0,0,0,2,0,0,False,True,True,False
Without Q-Learning,2,26,P,-10.0,5,0.0,100.0,0.0,100,0,5,Expert,1.0,0.0,0.0,0.0,0,0,0,2,0,0,False,True,True,False
Without Q-Learning,2,27,P,-10.0,5,0.0,100.0,0.0,100,0,5,Expert,1.0,0.0,0.0,0.0,0,0,0,2,0,0,False,True,True,False
Without Q-Learning,2,28,P,-10.0,5,0.0,100.0,0.0,100,0,5,Expert,1.0,0.0,0.0,0.0,0,0,0,2,0,0,False,True,True,False
Without Q-Learning,2,29,P,-10.0,5,0.0,100.0,0.0,100,0,5,Expert,1.0,0.0,0.0,0.0,0,0,0,2,0,0,False,True,True,False
Without Q-Learning,2,30,P,-10.0,5,0.0,100.0,0.0,100,0,5,Expert,1.0,0.0,0.0,0.0,0,0,0,2,0,0,False,True,True,False
Without Q-Learning,2,31,P,-10.0,5,0.0,100.0,0.0,100,0,5,Expert,1.0,0.0,0.0,0.0,0,0,0,2,0,0,False,True,True,False
Without Q-Learning,2,32,P,-10.0,5,0.0,100.0,0.0,100,0,5,Expert,1.0,0.0,0.0,0.0,0,0,0,2,0,0,False,True,True,False
Without Q-Learning,2,33,P,-10.0,5,0.0,100.0,0.0,100,0,5,Expert,1.0,0.0,0.0,0.0,0,0,0,1,0,0,False,True,True,False
Without Q-Learning,2,34,P,-10.0,5,0.0,100.0,0.0,100,0,5,Expert,1.0,0.0,0.0,0.0,0,0,0,2,0,0,False,True,True,False
Without Q-Learning,2,35,P,-10.0,5,0.0,100.0,0.0,100,0,5,Expert,1.0,0.0,0.0,0.0,0,0,0,2,0,0,False,True,True,False
Without Q-Learning,2,36,P,-10.0,5,0.0,100.0,0.0,100,0,5,Expert,1.0,0.0,0.0,0.0,0,0,0,2,0,0,False,True,True,False
Without Q-Learning,2,37,P,-10.0,5,0.0,100.0,0.0,100,0,5,Expert,1.0,0.0,0.0,0.0,0,0,0,2,0,0,False,True,True,False
Without Q-Learning,2,38,P,-10.0,5,0.0,100.0,0.0,100,0,5,Expert,1.0,0.0,0.0,0.0,0,0,0,2,0,0,False,True,True,False
Without Q-Learning,2,39,P,-10.0,5,0.0,100.0,0.0,100,0,5,Expert,1.0,0.0,0.0,0.0,0,0,0,2,0,0,False,True,True,False
Without Q-Learning,2,40,P,-10.0,5,0.0,100.0,0.0,100,0,5,Expert,1.0,0.0,0.0,0.0,0,0,0,1,0,0,False,True,True,False
Without Q-Learning,2,41,P,-10.0,5,0.0,100.0,0.0,100,0,5,Expert,1.0,0.0,0.0,0.0,0,0,0,1,0,0,False,True,True,False
Without Q-Learning,2,42,P,-10.0,5,0.0,100.0,0.0,100,0,5,Expert,1.0,0.0,0.0,0.0,0,0,0,2,0,0,False,True,True,False
Without Q-Learning,2,43,P,-10.0,5,0.0,100.0,0.0,100,0,5,Expert,1.0,0.0,0.0,0.0,0,0,0,2,0,0,False,True,True,False
Without Q-Learning,2,44,P,-10.0,5,0.0,100.0,0.0,100,0,5,Expert,1.0,0.0,0.0,0.0,0,0,0,2,0,0,False,True,True,False
Without Q-Learning,2,45,P,-10.0,5,0.0,100.0,0.0,100,0,5,Expert,1.0,0.0,0.0,0.0,0,0,0,2,0,0,False,True,True,False
Without Q-Learning,2,46,P,-10.0,5,0.0,100.0,0.0,100,0,5,Expert,1.0,0.0,0.0,0.0,0,0,0,2,0,0,False,True,True,False
Without Q-Learning,2,47,P,-10.0,5,0.0,100.0,0.0,100,0,5,Expert,1.0,0.0,0.0,0.0,0,0,0,2,0,0,False,True,True,False
Without Q-Learning,2,48,P,-10.0,5,0.0,100.0,0.0,100,0,5,Expert,1.0,0.0,0.0,0.0,0,0,0,2,0,0,False,True,True,False
Without Q-Learning,2,49,P,-10.0,5,0.0,100.0,0.0,100,0,5,Expert,1.0,0.0,0.0,0.0,0,0,0,2,0,0,False,True,True,False
Without Q-Learning,2,50,P,-10.0,5,0.0,100.0,0.0,100,0,5,Expert,1.0,0.0,0.0,0.0,0,0,0,2,0,0,False,True,True,False
Without Q-Learning,2,51,P,-10.0,5,0.0,100.0,0.0,100,0,5,Expert,1.0,0.0,0.0,0.0,0,0,0,2,0,0,False,True,True,False
Without Q-Learning,2,52,P,-10.0,5,0.0,100.0,0.0,100,0,5,Expert,1.0,0.0,0.0,0.0,0,0,0,1,0,0,False,True,True,False
Without Q-Learning,2,53,P,-10.0,5,0.0,100.0,0.0,100,0,5,Expert,1.0,0.0,0.0,0.0,0,0,0,2,0,0,False,True,True,False
Without Q-Learning,2,54,P,-10.0,5,0.0,100.0,0.0,100,0,5,Expert,1.0,0.0,0.0,0.0,0,0,0,2,0,0,False,True,True,False
Without Q-Learning,2,55,P,-10.0,5,0.0,100.0,0.0,100,0,5,Expert,1.0,0.0,0.0,0.0,0,0,0,2,0,0,False,True,True,False
Without Q-Learning,2,56,P,-10.0,5,0.0,100.0,0.0,100,0,5,Expert,1.0,0.0,0.0,0.0,0,0,0,2,0,0,False,True,True,False
Without Q-Learning,2,57,P,-10.0,5,0.0,100.0,0.0,100,0,5,Expert,1.0,0.0,0.0,0.0,0,0,0,2,0,0,False,True,True,False
Without Q-Learning,2,58,P,-10.0,5,0.0,100.0,0.0,100,0,5,Expert,1.0,0.0,0.0,0.0,0,0,0,2,0,0,False,True,True,False
Without Q-Learning,2,59,P,-10.0,5,0.0,100.0,0.0,100,0,5,Expert,1.0,0.0,0.0,0.0,0,0,0,2,0,0,False,True,True,False
Without Q-Learning,2,60,P,-10.0,5,0.0,100.0,0.0,100,0,5,Expert,1.0,0.0,0.0,0.0,0,0,0,1,0,0,False,True,True,False
Without Q-Learning,2,61,P,-10.0,5,0.0,100.0,0.0,100,0,5,Expert,1.0,0.0,0.0,0.0,0,0,0,2,0,0,False,True,True,False
Without Q-Learning,2,62,P,-10.0,5,0.0,100.0,0.0,100,0,5,Expert,1.0,0.0,0.0,0.0,0,0,0,2,0,0,False,True,True,False
Without Q-Learning,2,63,P,-10.0,5,0.0,100.0,0.0,100,0,5,Expert,1.0,0.0,0.0,0.0,0,0,0,2,0,0,False,True,True,False
Without Q-Learning,2,64,P,-10.0,5,0.0,100.0,0.0,100,0,5,Expert,1.0,0.0,0.0,0.0,0,0,0,1,0,0,False,True,True,False
Without Q-Learning,2,65,P,-10.0,5,0.0,100.0,0.0,100,0,5,Expert,1.0,0.0,0.0,0.0,0,0,0,2,0,0,False,True,True,False
Without Q-Learning,2,66,P,-10.0,5,0.0,100.0,0.0,100,0,5,Expert,1.0,0.0,0.0,0.0,0,0,0,1,0,0,False,True,True,False
Without Q-Learning,2,67,P,-10.0,5,0.0,100.0,0.0,100,0,5,Expert,1.0,0.0,0.0,0.0,0,0,0,2,0,0,False,True,True,False
Without Q-Learning,2,68,P,-10.0,5,0.0,100.0,0.0,100,0,5,Expert,1.0,0.0,0.0,0.0,0,0,0,2,0,0,False,True,True,False
Without Q-Learning,2,69,P,-10.0,5,0.0,100.0,0.0,100,0,5,Expert,1.0,0.0,0.0,0.0,0,0,0,2,0,0,False,True,True,False
Without Q-Learning,2,70,P,-10.0,5,0.0,100.0,0.0,100,0,5,Expert,1.0,0.0,0.0,0.0,0,0,0,2,0,0,False,True,True,False
Without Q-Learning,2,71,P,-10.0,5,0.0,100.0,0.0,100,0,5,Expert,1.0,0.0,0.0,0.0,0,0,0,2,0,0,False,True,True,False
Without Q-Learning,2,72,P,-10.0,5,0.0,100.0,0.0,100,0,5,Expert,1.0,0.0,0.0,0.0,0,0,0,1,0,0,False,True,True,False
Without Q-Learning,2,73,P,-10.0,5,0.0,100.0,0.0,100,0,5,Expert,1.0,0.0,0.0,0.0,0,0,0,2,0,0,False,True,True,False
Without Q-Learning,2,74,P,-10.0,5,0.0,100.0,0.0,100,0,5,Expert,1.0,0.0,0.0,0.0,0,0,0,1,0,0,False,True,True,False
Without Q-Learning,2,75,P,-10.0,5,0.0,100.0,0.0,100,0,5,Expert,1.0,0.0,0.0,0.0,0,0,0,2,0,0,False,True,True,False
Without Q-Learning,2,76,P,-10.0,5,0.0,100.0,0.0,100,0,5,Expert,1.0,0.0,0.0,0.0,0,0,0,2,0,0,False,True,True,False
Without Q-Learning,2,77,P,-10.0,5,0.0,100.0,0.0,100,0,5,Expert,1.0,0.0,0.0,0.0,0,0,0,2,0,0,False,True,True,False
Without Q-Learning,2,78,P,-10.0,5,0.0,100.0,0.0,100,0,5,Expert,1.0,0.0,0.0,0.0,0,0,0,2,0,0,False,True,True,False
Without Q-Learning,2,79,P,-10.0,5,0.0,100.0,0.0,100,0,5,Expert,1.0,0.0,0.0,0.0,0,0,0,2,0,0,False,True,True,False
Without Q-Learning,2,80,P,-10.0,5,0.0,100.0,0.0,100,0,5,Expert,1.0,0.0,0.0,0.0,0,0,0,2,0,0,False,True,True,False
Without Q-Learning,2,81,P,-10.0,5,0.0,100.0,0.0,100,0,5,Expert,1.0,0.0,0.0,0.0,0,0,0,2,0,0,False,True,True,False
Without Q-Learning,2,82,P,-10.0,5,0.0,100.0,0.0,100,0,5,Expert,1.0,0.0,0.0,0.0,0,0,0,2,0,0,False,True,True,False
Without Q-Learning,2,83,P,-10.0,5,0.0,100.0,0.0,100,0,5,Expert,1.0,0.0,0.0,0.0,0,0,0,2,0,0,False,True,True,False
Without Q-Learning,2,84,P,-10.0,5,0.0,100.0,0.0,100,0,5,Expert,1.0,0.0,0.0,0.0,0,0,0,1,0,0,False,True,True,False
Without Q-Learning,2,85,P,-10.0,5,0.0,100.0,0.0,100,0,5,Expert,1.0,0.0,0.0,0.0,0,0,0,1,0,0,False,True,True,False
Without Q-Learning,2,86,P,-10.0,5,0.0,100.0,0.0,100,0,5,Expert,1.0,0.0,0.0,0.0,0,0,0,2,0,0,False,True,True,False
Without Q-Learning,2,87,P,-10.0,5,0.0,100.0,0.0,100,0,5,Expert,1.0,0.0,0.0,0.0,0,0,0,2,0,0,False,True,True,False
Without Q-Learning,2,88,P,-10.0,5,0.0,100.0,0.0,100,0,5,Expert,1.0,0.0,0.0,0.0,0,0,0,1,0,0,False,True,True,False
Without Q-Learning,2,89,P,-10.0,5,0.0,100.0,0.0,100,0,5,Expert,1.0,0.0,0.0,0.0,0,0,0,2,0,0,False,True,True,False
Without Q-Learning,2,90,P,-10.0,5,0.0,100.0,0.0,100,0,5,Expert,1.0,0.0,0.0,0.0,0,0,0,2,0,0,False,True,True,False
Without Q-Learning,2,91,P,-10.0,5,0.0,100.0,0.0,100,0,5,Expert,1.0,0.0,0.0,0.0,0,0,0,2,0,0,False,True,True,False
Without Q-Learning,2,92,P,-10.0,5,0.0,100.0,0.0,100,0,5,Expert,1.0,0.0,0.0,0.0,0,0,0,2,0,0,False,True,True,False
Without Q-Learning,2,93,P,-10.0,5,0.0,100.0,0.0,100,0,5,Expert,1.0,0.0,0.0,0.0,0,0,0,2,0,0,False,True,True,False
Without Q-Learning,2,94,P,-10.0,5,0.0,100.0,0.0,100,0,5,Expert,1.0,0.0,0.0,0.0,0,0,0,2,0,0,False,True,True,False
Without Q-Learning,2,95,P,-10.0,5,0.0,100.0,0.0,100,0,5,Expert,1.0,0.0,0.0,0.0,0,0,0,2,0,0,False,True,True,False
Without Q-Learning,2,96,P,-10.0,5,0.0,100.0,0.0,100,0,5,Expert,1.0,0.0,0.0,0.0,0,0,0,2,0,0,False,True,True,False
Without Q-Learning,2,97,P,-10.0,5,0.0,100.0,0.0,100,0,5,Expert,1.0,0.0,0.0,0.0,0,0,0,2,0,0,False,True,True,False
Without Q-Learning,2,98,P,-10.0,5,0.0,100.0,0.0,100,0,5,Expert,1.0,0.0,0.0,0.0,0,0,0,2,0,0,False,True,True,False
Without Q-Learning,2,99,P,-10.0,5,0.0,100.0,0.0,100,0,5,Expert,1.0,0.0,0.0,0.0,0,0,0,2,0,0,False,True,True,False
Without Q-Learning,2,100,P,-10.0,5,0.0,100.0,0.0,100,0,5,Expert,1.0,0.0,0.0,0.0,0,0,0,2,0,0,False,True,True,False
Without Q-Learning,3,1,P,-10.0,5,0.0,100.0,0.0,60,10,1,Very Easy,1.0,0.0,0.0,0.0,0,0,0,0,0,0,False,True,True,False
Without Q-Learning,3,2,P,-10.0,5,0.0,100.0,0.0,70,10,1,Very Easy,1.0,0.0,0.0,0.0,0,0,0,0,0,0,False,True,True,False
Without Q-Learning,3,3,P,-10.0,5,0.0,100.0,0.0,80,10,5,Expert,1.0,0.0,0.0,0.0,0,0,0,0,0,0,False,True,True,False
Without Q-Learning,3,4,P,-10.0,5,0.0,100.0,0.0,90,10,5,Expert,1.0,0.0,0.0,0.0,0,0,0,2,0,0,False,True,True,False
Without Q-Learning,3,5,P,-10.0,5,0.0,100.0,0.0,100,10,5,Expert,1.0,0.0,0.0,0.0,0,0,0,2,0,0,False,True,True,False
Without Q-Learning,3,6,P,-10.0,5,0.0,100.0,0.0,100,0,5,Expert,1.0,0.0,0.0,0.0,0,0,0,2,0,0,False,True,True,False
Without Q-Learning,3,7,P,-10.0,5,0.0,100.0,0.0,100,0,5,Expert,1.0,0.0,0.0,0.0,0,0,0,2,0,0,False,True,True,False
Without Q-Learning,3,8,P,-10.0,7,0.0,100.0,0.0,100,0,5,Expert,1.0,0.0,0.0,0.0,0,0,0,2,0,0,False,True,True,False
Without Q-Learning,3,9,P,-10.0,5,0.0,100.0,0.0,100,0,5,Expert,1.0,0.0,0.0,0.0,0,0,0,1,0,0,False,True,True,False
Without Q-Learning,3,10,P,-10.0,5,0.0,100.0,0.0,100,0,5,Expert,1.0,0.0,0.0,0.0,0,0,0,2,0,0,False,True,True,False
Without Q-Learning,3,11,P,-10.0,5,0.0,100.0,0.0,100,0,5,Expert,1.0,0.0,0.0,0.0,0,0,0,1,0,0,False,True,True,False
Without Q-Learning,3,12,P,-10.0,5,0.0,100.0,0.0,100,0,5,Expert,1.0,0.0,0.0,0.0,0,0,0,2,0,0,False,True,True,False
Without Q-Learning,3,13,P,-10.0,5,0.0,100.0,0.0,100,0,5,Expert,1.0,0.0,0.0,0.0,0,0,0,2,0,0,False,True,True,False
Without Q-Learning,3,14,P,-10.0,5,0.0,100.0,0.0,100,0,5,Expert,1.0,0.0,0.0,0.0,0,0,0,2,0,0,False,True,True,False
Without Q-Learning,3,15,P,-10.0,5,0.0,100.0,0.0,100,0,5,Expert,1.0,0.0,0.0,0.0,0,0,0,2,0,0,False,True,True,False
Without Q-Learning,3,16,P,-10.0,5,0.0,100.0,0.0,100,0,5,Expert,1.0,0.0,0.0,0.0,0,0,0,2,0,0,False,True,True,False
Without Q-Learning,3,17,P,-10.0,5,0.0,100.0,0.0,100,0,5,Expert,1.0,0.0,0.0,0.0,0,0,0,1,0,0,False,True,True,False
Without Q-Learning,3,18,P,-10.0,5,0.0,100.0,0.0,100,0,5,Expert,1.0,0.0,0.0,0.0,0,0,0,1,0,0,False,True,True,False
Without Q-Learning,3,19,P,-10.0,5,0.0,100.0,0.0,100,0,5,Expert,1.0,0.0,0.0,0.0,0,0,0,1,0,0,False,True,True,False
Without Q-Learning,3,20,P,-10.0,5,0.0,100.0,0.0,100,0,5,Expert,1.0,0.0,0.0,0.0,0,0,0,2,0,0,False,True,True,False
Without Q-Learning,3,21,P,-10.0,5,0.0,100.0,0.0,100,0,5,Expert,1.0,0.0,0.0,0.0,0,0,0,2,0,0,False,True,True,False
Without Q-Learning,3,22,P,-10.0,5,0.0,100.0,0.0,100,0,5,Expert,1.0,0.0,0.0,0.0,0,0,0,1,0,0,False,True,True,False
Without Q-Learning,3,23,P,-10.0,5,0.0,100.0,0.0,100,0,5,Expert,1.0,0.0,0.0,0.0,0,0,0,2,0,0,False,True,True,False
Without Q-Learning,3,24,P,-10.0,5,0.0,100.0,0.0,100,0,5,Expert,1.0,0.0,0.0,0.0,0,0,0,1,0,0,False,True,True,False
Without Q-Learning,3,25,P,-10.0,5,0.0,100.0,0.0,100,0,5,Expert,1.0,0.0,0.0,0.0,0,0,0,2,0,0,False,True,True,False
Without Q-Learning,3,26,P,-10.0,5,0.0,100.0,0.0,100,0,5,Expert,1.0,0.0,0.0,0.0,0,0,0,2,0,0,False,True,True,False
Without Q-Learning,3,27,P,-10.0,5,0.0,100.0,0.0,100,0,5,Expert,1.0,0.0,0.0,0.0,0,0,0,1,0,0,False,True,True,False
Without Q-Learning,3,28,P,-10.0,5,0.0,100.0,0.0,100,0,5,Expert,1.0,0.0,0.0,0.0,0,0,0,2,0,0,False,True,True,False
Without Q-Learning,3,29,P,-10.0,5,0.0,100.0,0.0,100,0,5,Expert,1.0,0.0,0.0,0.0,0,0,0,2,0,0,False,True,True,False
Without Q-Learning,3,30,P,-10.0,5,0.0,100.0,0.0,100,0,5,Expert,1.0,0.0,0.0,0.0,0,0,0,2,0,0,False,True,True,False
Without Q-Learning,3,31,P,-10.0,5,0.0,100.0,0.0,100,0,5,Expert,1.0,0.0,0.0,0.0,0,0,0,2,0,0,False,True,True,False
Without Q-Learning,3,32,P,-10.0,5,0.0,100.0,0.0,100,0,5,Expert,1.0,0.0,0.0,0.0,0,0,0,2,0,0,False,True,True,False
Without Q-Learning,3,33,P,-10.0,5,0.0,100.0,0.0,100,0,5,Expert,1.0,0.0,0.0,0.0,0,0,0,2,0,0,False,True,True,False
Without Q-Learning,3,34,P,-10.0,5,0.0,100.0,0.0,100,0,5,Expert,1.0,0.0,0.0,0.0,0,0,0,2,0,0,False,True,True,False
Without Q-Learning,3,35,P,-10.0,5,0.0,100.0,0.0,100,0,5,Expert,1.0,0.0,0.0,0.0,0,0,0,2,0,0,False,True,True,False
Without Q-Learning,3,36,P,-10.0,5,0.0,100.0,0.0,100,0,5,Expert,1.0,0.0,0.0,0.0,0,0,0,2,0,0,False,True,True,False
Without Q-Learning,3,37,P,-10.0,5,0.0,100.0,0.0,100,0,5,Expert,1.0,0.0,0.0,0.0,0,0,0,2,0,0,False,True,True,False
Without Q-Learning,3,38,P,-10.0,5,0.0,100.0,0.0,100,0,5,Expert,1.0,0.0,0.0,0.0,0,0,0,2,0,0,False,True,True,False
Without Q-Learning,3,39,P,-10.0,5,0.0,100.0,0.0,100,0,5,Expert,1.0,0.0,0.0,0.0,0,0,0,2,0,0,False,True,True,False
Without Q-Learning,3,40,P,-10.0,5,0.0,100.0,0.0,100,0,5,Expert,1.0,0.0,0.0,0.0,0,0,0,2,0,0,False,True,True,False
Without Q-Learning,3,41,P,-10.0,5,0.0,100.0,0.0,100,0,5,Expert,1.0,0.0,0.0,0.0,0,0,0,0,0,0,False,True,True,False
Without Q-Learning,3,42,P,-10.0,5,0.0,100.0,0.0,100,0,5,Expert,1.0,0.0,0.0,0.0,0,0,0,2,0,0,False,True,True,False
Without Q-Learning,3,43,P,-10.0,5,0.0,100.0,0.0,100,0,5,Expert,1.0,0.0,0.0,0.0,0,0,0,2,0,0,False,True,True,False
Without Q-Learning,3,44,P,-10.0,5,0.0,100.0,0.0,100,0,5,Expert,1.0,0.0,0.0,0.0,0,0,0,2,0,0,False,True,True,False
Without Q-Learning,3,45,P,-10.0,5,0.0,100.0,0.0,100,0,5,Expert,1.0,0.0,0.0,0.0,0,0,0,2,0,0,False,True,True,False
Without Q-Learning,3,46,P,-10.0,5,0.0,100.0,0.0,100,0,5,Expert,1.0,0.0,0.0,0.0,0,0,0,2,0,0,False,True,True,False
Without Q-Learning,3,47,P,-10.0,5,0.0,100.0,0.0,100,0,5,Expert,1.0,0.0,0.0,0.0,0,0,0,2,0,0,False,True,True,False
Without Q-Learning,3,48,P,-10.0,5,0.0,100.0,0.0,100,0,5,Expert,1.0,0.0,0.0,0.0,0,0,0,1,0,0,False,True,True,False
Without Q-Learning,3,49,P,-10.0,5,0.0,100.0,0.0,100,0,5,Expert,1.0,0.0,0.0,0.0,0,0,0,2,0,0,False,True,True,False
Without Q-Learning,3,50,P,-10.0,5,0.0,100.0,0.0,100,0,5,Expert,1.0,0.0,0.0,0.0,0,0,0,2,0,0,False,True,True,False
Without Q-Learning,3,51,P,-10.0,5,0.0,100.0,0.0,100,0,5,Expert,1.0,0.0,0.0,0.0,0,0,0,2,0,0,False,True,True,False
Without Q-Learning,3,52,P,-10.0,5,0.0,100.0,0.0,100,0,5,Expert,1.0,0.0,0.0,0.0,0,0,0,2,0,0,False,True,True,False
Without Q-Learning,3,53,P,-10.0,5,0.0,100.0,0.0,100,0,5,Expert,1.0,0.0,0.0,0.0,0,0,0,2,0,0,False,True,True,False
Without Q-Learning,3,54,P,-10.0,5,0.0,100.0,0.0,100,0,5,Expert,1.0,0.0,0.0,0.0,0,0,0,1,0,0,False,True,True,False
Without Q-Learning,3,55,P,-10.0,5,0.0,100.0,0.0,100,0,5,Expert,1.0,0.0,0.0,0.0,0,0,0,2,0,0,False,True,True,False
Without Q-Learning,3,56,P,-10.0,5,0.0,100.0,0.0,100,0,5,Expert,1.0,0.0,0.0,0.0,0,0,0,2,0,0,False,True,True,False
Without Q-Learning,3,57,P,-10.0,5,0.0,100.0,0.0,100,0,5,Expert,1.0,0.0,0.0,0.0,0,0,0,2,0,0,False,True,True,False
Without Q-Learning,3,58,P,-10.0,5,0.0,100.0,0.0,100,0,5,Expert,1.0,0.0,0.0,0.0,0,0,0,2,0,0,False,True,True,False
Without Q-Learning,3,59,P,-10.0,5,0.0,100.0,0.0,100,0,5,Expert,1.0,0.0,0.0,0.0,0,0,0,2,0,0,False,True,True,False
Without Q-Learning,3,60,P,-10.0,5,0.0,100.0,0.0,100,0,5,Expert,1.0,0.0,0.0,0.0,0,0,0,2,0,0,False,True,True,False
Without Q-Learning,3,61,P,-10.0,5,0.0,100.0,0.0,100,0,5,Expert,1.0,0.0,0.0,0.0,0,0,0,1,0,0,False,True,True,False
Without Q-Learning,3,62,P,-10.0,5,0.0,100.0,0.0,100,0,5,Expert,1.0,0.0,0.0,0.0,0,0,0,2,0,0,False,True,True,False
Without Q-Learning,3,63,P,-10.0,5,0.0,100.0,0.0,100,0,5,Expert,1.0,0.0,0.0,0.0,0,0,0,2,0,0,False,True,True,False
Without Q-Learning,3,64,P,-10.0,5,0.0,100.0,0.0,100,0,5,Expert,1.0,0.0,0.0,0.0,0,0,0,1,0,0,False,True,True,False
Without Q-Learning,3,65,P,-10.0,5,0.0,100.0,0.0,100,0,5,Expert,1.0,0.0,0.0,0.0,0,0,0,1,0,0,False,True,True,False
Without Q-Learning,3,66,P,-10.0,5,0.0,100.0,0.0,100,0,5,Expert,1.0,0.0,0.0,0.0,0,0,0,2,0,0,False,True,True,False
Without Q-Learning,3,67,P,-10.0,5,0.0,100.0,0.0,100,0,5,Expert,1.0,0.0,0.0,0.0,0,0,0,2,0,0,False,True,True,False
Without Q-Learning,3,68,P,-10.0,5,0.0,100.0,0.0,100,0,5,Expert,1.0,0.0,0.0,0.0,0,0,0,2,0,0,False,True,True,False
Without Q-Learning,3,69,P,-10.0,5,0.0,100.0,0.0,100,0,5,Expert,1.0,0.0,0.0,0.0,0,0,0,2,0,0,False,True,True,False
Without Q-Learning,3,70,P,-10.0,5,0.0,100.0,0.0,100,0,5,Expert,1.0,0.0,0.0,0.0,0,0,0,2,0,0,False,True,True,False
Without Q-Learning,3,71,P,-10.0,5,0.0,100.0,0.0,100,0,5,Expert,1.0,0.0,0.0,0.0,0,0,0,1,0,0,False,True,True,False
Without Q-Learning,3,72,P,-10.0,5,0.0,100.0,0.0,100,0,5,Expert,1.0,0.0,0.0,0.0,0,0,0,1,0,0,False,True,True,False
Without Q-Learning,3,73,P,-10.0,5,0.0,100.0,0.0,100,0,5,Expert,1.0,0.0,0.0,0.0,0,0,0,2,0,0,False,True,True,False
Without Q-Learning,3,74,P,-10.0,5,0.0,100.0,0.0,100,0,5,Expert,1.0,0.0,0.0,0.0,0,0,0,2,0,0,False,True,True,False
Without Q-Learning,3,75,P,-10.0,5,0.0,100.0,0.0,100,0,5,Expert,1.0,0.0,0.0,0.0,0,0,0,0,0,0,False,True,True,False
Without Q-Learning,3,76,P,-10.0,5,0.0,100.0,0.0,100,0,5,Expert,1.0,0.0,0.0,0.0,0,0,0,0,0,0,False,True,True,False
Without Q-Learning,3,77,P,-10.0,5,0.0,100.0,0.0,100,0,5,Expert,1.0,0.0,0.0,0.0,0,0,0,2,0,0,False,True,True,False
Without Q-Learning,3,78,P,-10.0,5,0.0,100.0,0.0,100,0,5,Expert,1.0,0.0,0.0,0.0,0,0,0,2,0,0,False,True,True,False
Without Q-Learning,3,79,P,-10.0,5,0.0,100.0,0.0,100,0,5,Expert,1.0,0.0,0.0,0.0,0,0,0,2,0,0,False,True,True,False
Without Q-Learning,3,80,P,-10.0,5,0.0,100.0,0.0,100,0,5,Expert,1.0,0.0,0.0,0.0,0,0,0,1,0,0,False,True,True,False
Without Q-Learning,3,81,P,-10.0,5,0.0,100.0,0.0,100,0,5,Expert,1.0,0.0,0.0,0.0,0,0,0,2,0,0,False,True,True,False
Without Q-Learning,3,82,P,-10.0,5,0.0,100.0,0.0,100,0,5,Expert,1.0,0.0,0.0,0.0,0,0,0,2,0,0,False,True,True,False
Without Q-Learning,3,83,P,-10.0,5,0.0,100.0,0.0,100,0,5,Expert,1.0,0.0,0.0,0.0,0,0,0,2,0,0,False,True,True,False
Without Q-Learning,3,84,P,-10.0,5,0.0,100.0,0.0,100,0,5,Expert,1.0,0.0,0.0,0.0,0,0,0,2,0,0,False,True,True,False
Without Q-Learning,3,85,P,-10.0,5,0.0,100.0,0.0,100,0,5,Expert,1.0,0.0,0.0,0.0,0,0,0,2,0,0,False,True,True,False
Without Q-Learning,3,86,P,-10.0,5,0.0,100.0,0.0,100,0,5,Expert,1.0,0.0,0.0,0.0,0,0,0,2,0,0,False,True,True,False
Without Q-Learning,3,87,P,-10.0,5,0.0,100.0,0.0,100,0,5,Expert,1.0,0.0,0.0,0.0,0,0,0,1,0,0,False,True,True,False
Without Q-Learning,3,88,P,-10.0,5,0.0,100.0,0.0,100,0,5,Expert,1.0,0.0,0.0,0.0,0,0,0,2,0,0,False,True,True,False
Without Q-Learning,3,89,P,-10.0,5,0.0,100.0,0.0,100,0,5,Expert,1.0,0.0,0.0,0.0,0,0,0,2,0,0,False,True,True,False
Without Q-Learning,3,90,P,-10.0,5,0.0,100.0,0.0,100,0,5,Expert,1.0,0.0,0.0,0.0,0,0,0,2,0,0,False,True,True,False
Without Q-Learning,3,91,P,-10.0,5,0.0,100.0,0.0,100,0,5,Expert,1.0,0.0,0.0,0.0,0,0,0,2,0,0,False,True,True,False
Without Q-Learning,3,92,P,-10.0,5,0.0,100.0,0.0,100,0,5,Expert,1.0,0.0,0.0,0.0,0,0,0,2,0,0,False,True,True,False
Without Q-Learning,3,93,P,-10.0,5,0.0,100.0,0.0,100,0,5,Expert,1.0,0.0,0.0,0.0,0,0,0,2,0,0,False,True,True,False
Without Q-Learning,3,94,P,-10.0,5,0.0,100.0,0.0,100,0,5,Expert,1.0,0.0,0.0,0.0,0,0,0,2,0,0,False,True,True,False
Without Q-Learning,3,95,P,-10.0,5,0.0,100.0,0.0,100,0,5,Expert,1.0,0.0,0.0,0.0,0,0,0,2,0,0,False,True,True,False
Without Q-Learning,3,96,P,-10.0,5,0.0,100.0,0.0,100,0,5,Expert,1.0,0.0,0.0,0.0,0,0,0,2,0,0,False,True,True,False
Without Q-Learning,3,97,P,-10.0,5,0.0,100.0,0.0,100,0,5,Expert,1.0,0.0,0.0,0.0,0,0,0,2,0,0,False,True,True,False
Without Q-Learning,3,98,P,-10.0,5,0.0,100.0,0.0,100,0,5,Expert,1.0,0.0,0.0,0.0,0,0,0,2,0,0,False,True,True,False
Without Q-Learning,3,99,P,-10.0,5,0.0,100.0,0.0,100,0,5,Expert,1.0,0.0,0.0,0.0,0,0,0,2,0,0,False,True,True,False
Without Q-Learning,3,100,P,-10.0,5,0.0,100.0,0.0,100,0,5,Expert,1.0,0.0,0.0,0.0,0,0,0,1,0,0,False,True,True,False
Without Q-Learning,4,1,P,-10.0,5,0.0,100.0,0.0,60,10,1,Very Easy,1.0,0.0,0.0,0.0,0,0,0,0,0,0,False,True,True,False
Without Q-Learning,4,2,P,-10.0,5,0.0,100.0,0.0,70,10,1,Very Easy,1.0,0.0,0.0,0.0,0,0,0,1,0,0,False,True,True,False
Without Q-Learning,4,3,P,-10.0,5,0.0,100.0,0.0,80,10,5,Expert,1.0,0.0,0.0,0.0,0,0,0,0,0,0,False,True,True,False
Without Q-Learning,4,4,P,-10.0,5,0.0,100.0,0.0,90,10,5,Expert,1.0,0.0,0.0,0.0,0,0,0,2,0,0,False,True,True,False
Without Q-Learning,4,5,P,-10.0,5,0.0,100.0,0.0,100,10,5,Expert,1.0,0.0,0.0,0.0,0,0,0,2,0,0,False,True,True,False
Without Q-Learning,4,6,P,-10.0,5,0.0,100.0,0.0,100,0,5,Expert,1.0,0.0,0.0,0.0,0,0,0,2,0,0,False,True,True,False
Without Q-Learning,4,7,P,-10.0,5,0.0,100.0,0.0,100,0,5,Expert,1.0,0.0,0.0,0.0,0,0,0,2,0,0,False,True,True,False
Without Q-Learning,4,8,P,-10.0,5,0.0,100.0,0.0,100,0,5,Expert,1.0,0.0,0.0,0.0,0,0,0,2,0,0,False,True,True,False
Without Q-Learning,4,9,P,-10.0,5,0.0,100.0,0.0,100,0,5,Expert,1.0,0.0,0.0,0.0,0,0,0,2,0,0,False,True,True,False
Without Q-Learning,4,10,P,-10.0,5,0.0,100.0,0.0,100,0,5,Expert,1.0,0.0,0.0,0.0,0,0,0,2,0,0,False,True,True,False
Without Q-Learning,4,11,P,-10.0,5,0.0,100.0,0.0,100,0,5,Expert,1.0,0.0,0.0,0.0,0,0,0,2,0,0,False,True,True,False
Without Q-Learning,4,12,P,-10.0,5,0.0,100.0,0.0,100,0,5,Expert,1.0,0.0,0.0,0.0,0,0,0,2,0,0,False,True,True,False
Without Q-Learning,4,13,P,-10.0,5,0.0,100.0,0.0,100,0,5,Expert,1.0,0.0,0.0,0.0,0,0,0,2,0,0,False,True,True,False
Without Q-Learning,4,14,P,-10.0,5,0.0,100.0,0.0,100,0,5,Expert,1.0,0.0,0.0,0.0,0,0,0,2,0,0,False,True,True,False
Without Q-Learning,4,15,P,-10.0,5,0.0,100.0,0.0,100,0,5,Expert,1.0,0.0,0.0,0.0,0,0,0,2,0,0,False,True,True,False
Without Q-Learning,4,16,P,-10.0,5,0.0,100.0,0.0,100,0,5,Expert,1.0,0.0,0.0,0.0,0,0,0,2,0,0,False,True,True,False
Without Q-Learning,4,17,P,-10.0,5,0.0,100.0,0.0,100,0,5,Expert,1.0,0.0,0.0,0.0,0,0,0,1,0,0,False,True,True,False
Without Q-Learning,4,18,P,-10.0,5,0.0,100.0,0.0,100,0,5,Expert,1.0,0.0,0.0,0.0,0,0,0,2,0,0,False,True,True,False
Without Q-Learning,4,19,P,-10.0,5,0.0,100.0,0.0,100,0,5,Expert,1.0,0.0,0.0,0.0,0,0,0,2,0,0,False,True,True,False
Without Q-Learning,4,20,P,-10.0,5,0.0,100.0,0.0,100,0,5,Expert,1.0,0.0,0.0,0.0,0,0,0,2,0,0,False,True,True,False
Without Q-Learning,4,21,P,-10.0,5,0.0,100.0,0.0,100,0,5,Expert,1.0,0.0,0.0,0.0,0,0,0,2,0,0,False,True,True,False
Without Q-Learning,4,22,P,-10.0,5,0.0,100.0,0.0,100,0,5,Expert,1.0,0.0,0.0,0.0,0,0,0,1,0,0,False,True,True,False
Without Q-Learning,4,23,P,-10.0,5,0.0,100.0,0.0,100,0,5,Expert,1.0,0.0,0.0,0.0,0,0,0,2,0,0,False,True,True,False
Without Q-Learning,4,24,P,-10.0,5,0.0,100.0,0.0,100,0,5,Expert,1.0,0.0,0.0,0.0,0,0,0,2,0,0,False,True,True,False
Without Q-Learning,4,25,P,-10.0,5,0.0,100.0,0.0,100,0,5,Expert,1.0,0.0,0.0,0.0,0,0,0,2,0,0,False,True,True,False
Without Q-Learning,4,26,P,-10.0,5,0.0,100.0,0.0,100,0,5,Expert,1.0,0.0,0.0,0.0,0,0,0,2,0,0,False,True,True,False
Without Q-Learning,4,27,P,-10.0,5,0.0,100.0,0.0,100,0,5,Expert,1.0,0.0,0.0,0.0,0,0,0,2,0,0,False,True,True,False
Without Q-Learning,4,28,P,-10.0,5,0.0,100.0,0.0,100,0,5,Expert,1.0,0.0,0.0,0.0,0,0,0,2,0,0,False,True,True,False
Without Q-Learning,4,29,P,-10.0,5,0.0,100.0,0.0,100,0,5,Expert,1.0,0.0,0.0,0.0,0,0,0,2,0,0,False,True,True,False
Without Q-Learning,4,30,P,-10.0,5,0.0,100.0,0.0,100,0,5,Expert,1.0,0.0,0.0,0.0,0,0,0,1,0,0,False,True,True,False
Without Q-Learning,4,31,P,-10.0,5,0.0,100.0,0.0,100,0,5,Expert,1.0,0.0,0.0,0.0,0,0,0,2,0,0,False,True,True,False
Without Q-Learning,4,32,P,-10.0,5,0.0,100.0,0.0,100,0,5,Expert,1.0,0.0,0.0,0.0,0,0,0,2,0,0,False,True,True,False
Without Q-Learning,4,33,P,-10.0,5,0.0,100.0,0.0,100,0,5,Expert,1.0,0.0,0.0,0.0,0,0,0,2,0,0,False,True,True,False
Without Q-Learning,4,34,P,-10.0,5,0.0,100.0,0.0,100,0,5,Expert,1.0,0.0,0.0,0.0,0,0,0,2,0,0,False,True,True,False
Without Q-Learning,4,35,P,-10.0,5,0.0,100.0,0.0,100,0,5,Expert,1.0,0.0,0.0,0.0,0,0,0,1,0,0,False,True,True,False
Without Q-Learning,4,36,P,-10.0,5,0.0,100.0,0.0,100,0,5,Expert,1.0,0.0,0.0,0.0,0,0,0,2,0,0,False,True,True,False
Without Q-Learning,4,37,P,-10.0,5,0.0,100.0,0.0,100,0,5,Expert,1.0,0.0,0.0,0.0,0,0,0,1,0,0,False,True,True,False
Without Q-Learning,4,38,P,-10.0,5,0.0,100.0,0.0,100,0,5,Expert,1.0,0.0,0.0,0.0,0,0,0,2,0,0,False,True,True,False
Without Q-Learning,4,39,P,-10.0,5,0.0,100.0,0.0,100,0,5,Expert,1.0,0.0,0.0,0.0,0,0,0,2,0,0,False,True,True,False
Without Q-Learning,4,40,P,-10.0,5,0.0,100.0,0.0,100,0,5,Expert,1.0,0.0,0.0,0.0,0,0,0,2,0,0,False,True,True,False
Without Q-Learning,4,41,P,-10.0,5,0.0,100.0,0.0,100,0,5,Expert,1.0,0.0,0.0,0.0,0,0,0,2,0,0,False,True,True,False
Without Q-Learning,4,42,P,-10.0,5,0.0,100.0,0.0,100,0,5,Expert,1.0,0.0,0.0,0.0,0,0,0,2,0,0,False,True,True,False
Without Q-Learning,4,43,P,-10.0,5,0.0,100.0,0.0,100,0,5,Expert,1.0,0.0,0.0,0.0,0,0,0,2,0,0,False,True,True,False
Without Q-Learning,4,44,P,-10.0,5,0.0,100.0,0.0,100,0,5,Expert,1.0,0.0,0.0,0.0,0,0,0,2,0,0,False,True,True,False
Without Q-Learning,4,45,P,-10.0,5,0.0,100.0,0.0,100,0,5,Expert,1.0,0.0,0.0,0.0,0,0,0,2,0,0,False,True,True,False
Without Q-Learning,4,46,P,-10.0,5,0.0,100.0,0.0,100,0,5,Expert,1.0,0.0,0.0,0.0,0,0,0,2,0,0,False,True,True,False
Without Q-Learning,4,47,P,-10.0,5,0.0,100.0,0.0,100,0,5,Expert,1.0,0.0,0.0,0.0,0,0,0,1,0,0,False,True,True,False
Without Q-Learning,4,48,P,-10.0,5,0.0,100.0,0.0,100,0,5,Expert,1.0,0.0,0.0,0.0,0,0,0,2,0,0,False,True,True,False
Without Q-Learning,4,49,P,-10.0,5,0.0,100.0,0.0,100,0,5,Expert,1.0,0.0,0.0,0.0,0,0,0,2,0,0,False,True,True,False
Without Q-Learning,4,50,P,-10.0,5,0.0,100.0,0.0,100,0,5,Expert,1.0,0.0,0.0,0.0,0,0,0,2,0,0,False,True,True,False
Without Q-Learning,4,51,P,-10.0,5,0.0,100.0,0.0,100,0,5,Expert,1.0,0.0,0.0,0.0,0,0,0,2,0,0,False,True,True,False
Without Q-Learning,4,52,P,-10.0,5,0.0,100.0,0.0,100,0,5,Expert,1.0,0.0,0.0,0.0,0,0,0,2,0,0,False,True,True,False
Without Q-Learning,4,53,P,-10.0,5,0.0,100.0,0.0,100,0,5,Expert,1.0,0.0,0.0,0.0,0,0,0,2,0,0,False,True,True,False
Without Q-Learning,4,54,P,-10.0,5,0.0,100.0,0.0,100,0,5,Expert,1.0,0.0,0.0,0.0,0,0,0,1,0,0,False,True,True,False
Without Q-Learning,4,55,P,-10.0,5,0.0,100.0,0.0,100,0,5,Expert,1.0,0.0,0.0,0.0,0,0,0,2,0,0,False,True,True,False
Without Q-Learning,4,56,P,-10.0,5,0.0,100.0,0.0,100,0,5,Expert,1.0,0.0,0.0,0.0,0,0,0,1,0,0,False,True,True,False
Without Q-Learning,4,57,P,-10.0,5,0.0,100.0,0.0,100,0,5,Expert,1.0,0.0,0.0,0.0,0,0,0,2,0,0,False,True,True,False
Without Q-Learning,4,58,P,-10.0,5,0.0,100.0,0.0,100,0,5,Expert,1.0,0.0,0.0,0.0,0,0,0,2,0,0,False,True,True,False
Without Q-Learning,4,59,P,-10.0,5,0.0,100.0,0.0,100,0,5,Expert,1.0,0.0,0.0,0.0,0,0,0,2,0,0,False,True,True,False
Without Q-Learning,4,60,P,-10.0,5,0.0,100.0,0.0,100,0,5,Expert,1.0,0.0,0.0,0.0,0,0,0,2,0,0,False,True,True,False
Without Q-Learning,4,61,P,-10.0,5,0.0,100.0,0.0,100,0,5,Expert,1.0,0.0,0.0,0.0,0,0,0,2,0,0,False,True,True,False
Without Q-Learning,4,62,P,-10.0,5,0.0,100.0,0.0,100,0,5,Expert,1.0,0.0,0.0,0.0,0,0,0,2,0,0,False,True,True,False
Without Q-Learning,4,63,P,-10.0,5,0.0,100.0,0.0,100,0,5,Expert,1.0,0.0,0.0,0.0,0,0,0,2,0,0,False,True,True,False
Without Q-Learning,4,64,P,-10.0,5,0.0,100.0,0.0,100,0,5,Expert,1.0,0.0,0.0,0.0,0,0,0,2,0,0,False,True,True,False
Without Q-Learning,4,65,P,-10.0,5,0.0,100.0,0.0,100,0,5,Expert,1.0,0.0,0.0,0.0,0,0,0,2,0,0,False,True,True,False
Without Q-Learning,4,66,P,-10.0,5,0.0,100.0,0.0,100,0,5,Expert,1.0,0.0,0.0,0.0,0,0,0,1,0,0,False,True,True,False
Without Q-Learning,4,67,P,-10.0,5,0.0,100.0,0.0,100,0,5,Expert,1.0,0.0,0.0,0.0,0,0,0,2,0,0,False,True,True,False
Without Q-Learning,4,68,P,-10.0,5,0.0,100.0,0.0,100,0,5,Expert,1.0,0.0,0.0,0.0,0,0,0,2,0,0,False,True,True,False
Without Q-Learning,4,69,P,-10.0,5,0.0,100.0,0.0,100,0,5,Expert,1.0,0.0,0.0,0.0,0,0,0,2,0,0,False,True,True,False
Without Q-Learning,4,70,P,-10.0,5,0.0,100.0,0.0,100,0,5,Expert,1.0,0.0,0.0,0.0,0,0,0,2,0,0,False,True,True,False
Without Q-Learning,4,71,P,-10.0,5,0.0,100.0,0.0,100,0,5,Expert,1.0,0.0,0.0,0.0,0,0,0,2,0,0,False,True,True,False
Without Q-Learning,4,72,P,-10.0,5,0.0,100.0,0.0,100,0,5,Expert,1.0,0.0,0.0,0.0,0,0,0,2,0,0,False,True,True,False
Without Q-Learning,4,73,P,-10.0,5,0.0,100.0,0.0,100,0,5,Expert,1.0,0.0,0.0,0.0,0,0,0,2,0,0,False,True,True,False
Without Q-Learning,4,74,P,-10.0,5,0.0,100.0,0.0,100,0,5,Expert,1.0,0.0,0.0,0.0,0,0,0,2,0,0,False,True,True,False
Without Q-Learning,4,75,P,-10.0,5,0.0,100.0,0.0,100,0,5,Expert,1.0,0.0,0.0,0.0,0,0,0,2,0,0,False,True,True,False
Without Q-Learning,4,76,P,-10.0,5,0.0,100.0,0.0,100,0,5,Expert,1.0,0.0,0.0,0.0,0,0,0,1,0,0,False,True,True,False
Without Q-Learning,4,77,P,-10.0,5,0.0,100.0,0.0,100,0,5,Expert,1.0,0.0,0.0,0.0,0,0,0,2,0,0,False,True,True,False
Without Q-Learning,4,78,P,-10.0,5,0.0,100.0,0.0,100,0,5,Expert,1.0,0.0,0.0,0.0,0,0,0,2,0,0,False,True,True,False
Without Q-Learning,4,79,P,-10.0,5,0.0,100.0,0.0,100,0,5,Expert,1.0,0.0,0.0,0.0,0,0,0,2,0,0,False,True,True,False
Without Q-Learning,4,80,P,-10.0,5,0.0,100.0,0.0,100,0,5,Expert,1.0,0.0,0.0,0.0,0,0,0,2,0,0,False,True,True,False
Without Q-Learning,4,81,P,-10.0,5,0.0,100.0,0.0,100,0,5,Expert,1.0,0.0,0.0,0.0,0,0,0,1,0,0,False,True,True,False
Without Q-Learning,4,82,P,-10.0,5,0.0,100.0,0.0,100,0,5,Expert,1.0,0.0,0.0,0.0,0,0,0,2,0,0,False,True,True,False
Without Q-Learning,4,83,P,-10.0,5,0.0,100.0,0.0,100,0,5,Expert,1.0,0.0,0.0,0.0,0,0,0,2,0,0,False,True,True,False
Without Q-Learning,4,84,P,-10.0,5,0.0,100.0,0.0,100,0,5,Expert,1.0,0.0,0.0,0.0,0,0,0,2,0,0,False,True,True,False
Without Q-Learning,4,85,P,-10.0,5,0.0,100.0,0.0,100,0,5,Expert,1.0,0.0,0.0,0.0,0,0,0,2,0,0,False,True,True,False
Without Q-Learning,4,86,P,-10.0,5,0.0,100.0,0.0,100,0,5,Expert,1.0,0.0,0.0,0.0,0,0,0,2,0,0,False,True,True,False
Without Q-Learning,4,87,P,-10.0,5,0.0,100.0,0.0,100,0,5,Expert,1.0,0.0,0.0,0.0,0,0,0,2,0,0,False,True,True,False
Without Q-Learning,4,88,P,-10.0,5,0.0,100.0,0.0,100,0,5,Expert,1.0,0.0,0.0,0.0,0,0,0,2,0,0,False,True,True,False
Without Q-Learning,4,89,P,-10.0,5,0.0,100.0,0.0,100,0,5,Expert,1.0,0.0,0.0,0.0,0,0,0,2,0,0,False,True,True,False
Without Q-Learning,4,90,P,-10.0,5,0.0,100.0,0.0,100,0,5,Expert,1.0,0.0,0.0,0.0,0,0,0,1,0,0,False,True,True,False
Without Q-Learning,4,91,P,-10.0,5,0.0,100.0,0.0,100,0,5,Expert,1.0,0.0,0.0,0.0,0,0,0,2,0,0,False,True,True,False
Without Q-Learning,4,92,P,-10.0,5,0.0,100.0,0.0,100,0,5,Expert,1.0,0.0,0.0,0.0,0,0,0,2,0,0,False,True,True,False
Without Q-Learning,4,93,P,-10.0,5,0.0,100.0,0.0,100,0,5,Expert,1.0,0.0,0.0,0.0,0,0,0,2,0,0,False,True,True,False
Without Q-Learning,4,94,P,-10.0,5,0.0,100.0,0.0,100,0,5,Expert,1.0,0.0,0.0,0.0,0,0,0,2,0,0,False,True,True,False
Without Q-Learning,4,95,P,-10.0,5,0.0,100.0,0.0,100,0,5,Expert,1.0,0.0,0.0,0.0,0,0,0,2,0,0,False,True,True,False
Without Q-Learning,4,96,P,-10.0,5,0.0,100.0,0.0,100,0,5,Expert,1.0,0.0,0.0,0.0,0,0,0,2,0,0,False,True,True,False
Without Q-Learning,4,97,P,-10.0,5,0.0,100.0,0.0,100,0,5,Expert,1.0,0.0,0.0,0.0,0,0,0,2,0,0,False,True,True,False
Without Q-Learning,4,98,P,-10.0,5,0.0,100.0,0.0,100,0,5,Expert,1.0,0.0,0.0,0.0,0,0,0,2,0,0,False,True,True,False
Without Q-Learning,4,99,P,-10.0,5,0.0,100.0,0.0,100,0,5,Expert,1.0,0.0,0.0,0.0,0,0,0,2,0,0,False,True,True,False
Without Q-Learning,4,100,P,-10.0,5,0.0,100.0,0.0,100,0,5,Expert,1.0,0.0,0.0,0.0,0,0,0,2,0,0,False,True,True,False
Without Q-Learning,5,1,P,-10.0,5,0.0,100.0,0.0,60,10,1,Very Easy,1.0,0.0,0.0,0.0,0,0,0,0,0,0,False,True,True,False
Without Q-Learning,5,2,P,-10.0,5,0.0,100.0,0.0,70,10,1,Very Easy,1.0,0.0,0.0,0.0,0,0,0,0,0,0,False,True,True,False
Without Q-Learning,5,3,P,-10.0,5,0.0,100.0,0.0,80,10,5,Expert,1.0,0.0,0.0,0.0,0,0,0,0,0,0,False,True,True,False
Without Q-Learning,5,4,P,-10.0,5,0.0,100.0,0.0,90,10,5,Expert,1.0,0.0,0.0,0.0,0,0,0,2,0,0,False,True,True,False
Without Q-Learning,5,5,P,-10.0,5,0.0,100.0,0.0,100,10,5,Expert,1.0,0.0,0.0,0.0,0,0,0,2,0,0,False,True,True,False
Without Q-Learning,5,6,P,-10.0,5,0.0,100.0,0.0,100,0,5,Expert,1.0,0.0,0.0,0.0,0,0,0,2,0,0,False,True,True,False
Without Q-Learning,5,7,P,-10.0,5,0.0,100.0,0.0,100,0,5,Expert,1.0,0.0,0.0,0.0,0,0,0,1,0,0,False,True,True,False
Without Q-Learning,5,8,P,-10.0,5,0.0,100.0,0.0,100,0,5,Expert,1.0,0.0,0.0,0.0,0,0,0,2,0,0,False,True,True,False
Without Q-Learning,5,9,P,-10.0,5,0.0,100.0,0.0,100,0,5,Expert,1.0,0.0,0.0,0.0,0,0,0,1,0,0,False,True,True,False
Without Q-Learning,5,10,P,-10.0,5,0.0,100.0,0.0,100,0,5,Expert,1.0,0.0,0.0,0.0,0,0,0,2,0,0,False,True,True,False
Without Q-Learning,5,11,P,-10.0,5,0.0,100.0,0.0,100,0,5,Expert,1.0,0.0,0.0,0.0,0,0,0,2,0,0,False,True,True,False
Without Q-Learning,5,12,P,-10.0,5,0.0,100.0,0.0,100,0,5,Expert,1.0,0.0,0.0,0.0,0,0,0,2,0,0,False,True,True,False
Without Q-Learning,5,13,P,-10.0,5,0.0,100.0,0.0,100,0,5,Expert,1.0,0.0,0.0,0.0,0,0,0,2,0,0,False,True,True,False
Without Q-Learning,5,14,P,-10.0,5,0.0,100.0,0.0,100,0,5,Expert,1.0,0.0,0.0,0.0,0,0,0,1,0,0,False,True,True,False
Without Q-Learning,5,15,P,-10.0,5,0.0,100.0,0.0,100,0,5,Expert,1.0,0.0,0.0,0.0,0,0,0,2,0,0,False,True,True,False
Without Q-Learning,5,16,P,-10.0,5,0.0,100.0,0.0,100,0,5,Expert,1.0,0.0,0.0,0.0,0,0,0,2,0,0,False,True,True,False
Without Q-Learning,5,17,P,-10.0,5,0.0,100.0,0.0,100,0,5,Expert,1.0,0.0,0.0,0.0,0,0,0,2,0,0,False,True,True,False
Without Q-Learning,5,18,P,-10.0,5,0.0,100.0,0.0,100,0,5,Expert,1.0,0.0,0.0,0.0,0,0,0,2,0,0,False,True,True,False
Without Q-Learning,5,19,P,-10.0,5,0.0,100.0,0.0,100,0,5,Expert,1.0,0.0,0.0,0.0,0,0,0,2,0,0,False,True,True,False
Without Q-Learning,5,20,P,-10.0,5,0.0,100.0,0.0,100,0,5,Expert,1.0,0.0,0.0,0.0,0,0,0,2,0,0,False,True,True,False
Without Q-Learning,5,21,P,-10.0,5,0.0,100.0,0.0,100,0,5,Expert,1.0,0.0,0.0,0.0,0,0,0,2,0,0,False,True,True,False
Without Q-Learning,5,22,P,-10.0,5,0.0,100.0,0.0,100,0,5,Expert,1.0,0.0,0.0,0.0,0,0,0,1,0,0,False,True,True,False
Without Q-Learning,5,23,P,-10.0,5,0.0,100.0,0.0,100,0,5,Expert,1.0,0.0,0.0,0.0,0,0,0,2,0,0,False,True,True,False
Without Q-Learning,5,24,P,-10.0,5,0.0,100.0,0.0,100,0,5,Expert,1.0,0.0,0.0,0.0,0,0,0,1,0,0,False,True,True,False
Without Q-Learning,5,25,P,-10.0,5,0.0,100.0,0.0,100,0,5,Expert,1.0,0.0,0.0,0.0,0,0,0,2,0,0,False,True,True,False
Without Q-Learning,5,26,P,-10.0,5,0.0,100.0,0.0,100,0,5,Expert,1.0,0.0,0.0,0.0,0,0,0,2,0,0,False,True,True,False
Without Q-Learning,5,27,P,-10.0,5,0.0,100.0,0.0,100,0,5,Expert,1.0,0.0,0.0,0.0,0,0,0,2,0,0,False,True,True,False
Without Q-Learning,5,28,P,-10.0,5,0.0,100.0,0.0,100,0,5,Expert,1.0,0.0,0.0,0.0,0,0,0,1,0,0,False,True,True,False
Without Q-Learning,5,29,P,-10.0,5,0.0,100.0,0.0,100,0,5,Expert,1.0,0.0,0.0,0.0,0,0,0,2,0,0,False,True,True,False
Without Q-Learning,5,30,P,-10.0,5,0.0,100.0,0.0,100,0,5,Expert,1.0,0.0,0.0,0.0,0,0,0,2,0,0,False,True,True,False
Without Q-Learning,5,31,P,-10.0,5,0.0,100.0,0.0,100,0,5,Expert,1.0,0.0,0.0,0.0,0,0,0,2,0,0,False,True,True,False
Without Q-Learning,5,32,P,-10.0,5,0.0,100.0,0.0,100,0,5,Expert,1.0,0.0,0.0,0.0,0,0,0,2,0,0,False,True,True,False
Without Q-Learning,5,33,P,-10.0,5,0.0,100.0,0.0,100,0,5,Expert,1.0,0.0,0.0,0.0,0,0,0,2,0,0,False,True,True,False
Without Q-Learning,5,34,P,-10.0,5,0.0,100.0,0.0,100,0,5,Expert,1.0,0.0,0.0,0.0,0,0,0,1,0,0,False,True,True,False
Without Q-Learning,5,35,P,-10.0,5,0.0,100.0,0.0,100,0,5,Expert,1.0,0.0,0.0,0.0,0,0,0,2,0,0,False,True,True,False
Without Q-Learning,5,36,P,-10.0,5,0.0,100.0,0.0,100,0,5,Expert,1.0,0.0,0.0,0.0,0,0,0,2,0,0,False,True,True,False
Without Q-Learning,5,37,P,-10.0,5,0.0,100.0,0.0,100,0,5,Expert,1.0,0.0,0.0,0.0,0,0,0,2,0,0,False,True,True,False
Without Q-Learning,5,38,P,-10.0,5,0.0,100.0,0.0,100,0,5,Expert,1.0,0.0,0.0,0.0,0,0,0,1,0,0,False,True,True,False
Without Q-Learning,5,39,P,-10.0,5,0.0,100.0,0.0,100,0,5,Expert,1.0,0.0,0.0,0.0,0,0,0,2,0,0,False,True,True,False
Without Q-Learning,5,40,P,-10.0,5,0.0,100.0,0.0,100,0,5,Expert,1.0,0.0,0.0,0.0,0,0,0,2,0,0,False,True,True,False
Without Q-Learning,5,41,P,-10.0,5,0.0,100.0,0.0,100,0,5,Expert,1.0,0.0,0.0,0.0,0,0,0,2,0,0,False,True,True,False
Without Q-Learning,5,42,P,-10.0,5,0.0,100.0,0.0,100,0,5,Expert,1.0,0.0,0.0,0.0,0,0,0,2,0,0,False,True,True,False
Without Q-Learning,5,43,P,-10.0,5,0.0,100.0,0.0,100,0,5,Expert,1.0,0.0,0.0,0.0,0,0,0,2,0,0,False,True,True,False
Without Q-Learning,5,44,P,-10.0,5,0.0,100.0,0.0,100,0,5,Expert,1.0,0.0,0.0,0.0,0,0,0,1,0,0,False,True,True,False
Without Q-Learning,5,45,P,-10.0,5,0.0,100.0,0.0,100,0,5,Expert,1.0,0.0,0.0,0.0,0,0,0,2,0,0,False,True,True,False
Without Q-Learning,5,46,P,-10.0,5,0.0,100.0,0.0,100,0,5,Expert,1.0,0.0,0.0,0.0,0,0,0,2,0,0,False,True,True,False
Without Q-Learning,5,47,P,-10.0,5,0.0,100.0,0.0,100,0,5,Expert,1.0,0.0,0.0,0.0,0,0,0,2,0,0,False,True,True,False
Without Q-Learning,5,48,P,-10.0,7,0.0,100.0,0.0,100,0,5,Expert,1.0,0.0,0.0,0.0,0,0,0,1,0,0,False,True,True,False
Without Q-Learning,5,49,P,-10.0,5,0.0,100.0,0.0,100,0,5,Expert,1.0,0.0,0.0,0.0,0,0,0,1,0,0,False,True,True,False
Without Q-Learning,5,50,P,-10.0,5,0.0,100.0,0.0,100,0,5,Expert,1.0,0.0,0.0,0.0,0,0,0,2,0,0,False,True,True,False
Without Q-Learning,5,51,P,-10.0,5,0.0,100.0,0.0,100,0,5,Expert,1.0,0.0,0.0,0.0,0,0,0,2,0,0,False,True,True,False
Without Q-Learning,5,52,P,-10.0,5,0.0,100.0,0.0,100,0,5,Expert,1.0,0.0,0.0,0.0,0,0,0,1,0,0,False,True,True,False
Without Q-Learning,5,53,P,-10.0,5,0.0,100.0,0.0,100,0,5,Expert,1.0,0.0,0.0,0.0,0,0,0,2,0,0,False,True,True,False
Without Q-Learning,5,54,P,-10.0,5,0.0,100.0,0.0,100,0,5,Expert,1.0,0.0,0.0,0.0,0,0,0,2,0,0,False,True,True,False
Without Q-Learning,5,55,P,-10.0,5,0.0,100.0,0.0,100,0,5,Expert,1.0,0.0,0.0,0.0,0,0,0,2,0,0,False,True,True,False
Without Q-Learning,5,56,P,-10.0,5,0.0,100.0,0.0,100,0,5,Expert,1.0,0.0,0.0,0.0,0,0,0,2,0,0,False,True,True,False
Without Q-Learning,5,57,P,-10.0,5,0.0,100.0,0.0,100,0,5,Expert,1.0,0.0,0.0,0.0,0,0,0,2,0,0,False,True,True,False
Without Q-Learning,5,58,P,-10.0,5,0.0,100.0,0.0,100,0,5,Expert,1.0,0.0,0.0,0.0,0,0,0,2,0,0,False,True,True,False
Without Q-Learning,5,59,P,-10.0,5,0.0,100.0,0.0,100,0,5,Expert,1.0,0.0,0.0,0.0,0,0,0,2,0,0,False,True,True,False
Without Q-Learning,5,60,P,-10.0,5,0.0,100.0,0.0,100,0,5,Expert,1.0,0.0,0.0,0.0,0,0,0,2,0,0,False,True,True,False
Without Q-Learning,5,61,P,-10.0,5,0.0,100.0,0.0,100,0,5,Expert,1.0,0.0,0.0,0.0,0,0,0,2,0,0,False,True,True,False
Without Q-Learning,5,62,P,-10.0,5,0.0,100.0,0.0,100,0,5,Expert,1.0,0.0,0.0,0.0,0,0,0,2,0,0,False,True,True,False
Without Q-Learning,5,63,P,-10.0,5,0.0,100.0,0.0,100,0,5,Expert,1.0,0.0,0.0,0.0,0,0,0,2,0,0,False,True,True,False
Without Q-Learning,5,64,P,-10.0,5,0.0,100.0,0.0,100,0,5,Expert,1.0,0.0,0.0,0.0,0,0,0,2,0,0,False,True,True,False
Without Q-Learning,5,65,P,-10.0,5,0.0,100.0,0.0,100,0,5,Expert,1.0,0.0,0.0,0.0,0,0,0,2,0,0,False,True,True,False
Without Q-Learning,5,66,P,-10.0,5,0.0,100.0,0.0,100,0,5,Expert,1.0,0.0,0.0,0.0,0,0,0,2,0,0,False,True,True,False
Without Q-Learning,5,67,P,-10.0,5,0.0,100.0,0.0,100,0,5,Expert,1.0,0.0,0.0,0.0,0,0,0,2,0,0,False,True,True,False
Without Q-Learning,5,68,P,-10.0,5,0.0,100.0,0.0,100,0,5,Expert,1.0,0.0,0.0,0.0,0,0,0,2,0,0,False,True,True,False
Without Q-Learning,5,69,P,-10.0,5,0.0,100.0,0.0,100,0,5,Expert,1.0,0.0,0.0,0.0,0,0,0,2,0,0,False,True,True,False
Without Q-Learning,5,70,P,-10.0,5,0.0,100.0,0.0,100,0,5,Expert,1.0,0.0,0.0,0.0,0,0,0,1,0,0,False,True,True,False
Without Q-Learning,5,71,P,-10.0,5,0.0,100.0,0.0,100,0,5,Expert,1.0,0.0,0.0,0.0,0,0,0,2,0,0,False,True,True,False
Without Q-Learning,5,72,P,-10.0,5,0.0,100.0,0.0,100,0,5,Expert,1.0,0.0,0.0,0.0,0,0,0,2,0,0,False,True,True,False
Without Q-Learning,5,73,P,-10.0,5,0.0,100.0,0.0,100,0,5,Expert,1.0,0.0,0.0,0.0,0,0,0,1,0,0,False,True,True,False
Without Q-Learning,5,74,P,-10.0,5,0.0,100.0,0.0,100,0,5,Expert,1.0,0.0,0.0,0.0,0,0,0,2,0,0,False,True,True,False
Without Q-Learning,5,75,P,-10.0,5,0.0,100.0,0.0,100,0,5,Expert,1.0,0.0,0.0,0.0,0,0,0,2,0,0,False,True,True,False
Without Q-Learning,5,76,P,-10.0,5,0.0,100.0,0.0,100,0,5,Expert,1.0,0.0,0.0,0.0,0,0,0,2,0,0,False,True,True,False
Without Q-Learning,5,77,P,-10.0,5,0.0,100.0,0.0,100,0,5,Expert,1.0,0.0,0.0,0.0,0,0,0,2,0,0,False,True,True,False
Without Q-Learning,5,78,P,-10.0,5,0.0,100.0,0.0,100,0,5,Expert,1.0,0.0,0.0,0.0,0,0,0,2,0,0,False,True,True,False
Without Q-Learning,5,79,P,-10.0,5,0.0,100.0,0.0,100,0,5,Expert,1.0,0.0,0.0,0.0,0,0,0,2,0,0,False,True,True,False
Without Q-Learning,5,80,P,-10.0,5,0.0,100.0,0.0,100,0,5,Expert,1.0,0.0,0.0,0.0,0,0,0,2,0,0,False,True,True,False
Without Q-Learning,5,81,P,-10.0,5,0.0,100.0,0.0,100,0,5,Expert,1.0,0.0,0.0,0.0,0,0,0,2,0,0,False,True,True,False
Without Q-Learning,5,82,P,-10.0,5,0.0,100.0,0.0,100,0,5,Expert,1.0,0.0,0.0,0.0,0,0,0,2,0,0,False,True,True,False
Without Q-Learning,5,83,P,-10.0,5,0.0,100.0,0.0,100,0,5,Expert,1.0,0.0,0.0,0.0,0,0,0,2,0,0,False,True,True,False
Without Q-Learning,5,84,P,-10.0,5,0.0,100.0,0.0,100,0,5,Expert,1.0,0.0,0.0,0.0,0,0,0,2,0,0,False,True,True,False
Without Q-Learning,5,85,P,-10.0,5,0.0,100.0,0.0,100,0,5,Expert,1.0,0.0,0.0,0.0,0,0,0,2,0,0,False,True,True,False
Without Q-Learning,5,86,P,-10.0,5,0.0,100.0,0.0,100,0,5,Expert,1.0,0.0,0.0,0.0,0,0,0,2,0,0,False,True,True,False
Without Q-Learning,5,87,P,-10.0,5,0.0,100.0,0.0,100,0,5,Expert,1.0,0.0,0.0,0.0,0,0,0,2,0,0,False,True,True,False
Without Q-Learning,5,88,P,-10.0,5,0.0,100.0,0.0,100,0,5,Expert,1.0,0.0,0.0,0.0,0,0,0,2,0,0,False,True,True,False
Without Q-Learning,5,89,P,-10.0,5,0.0,100.0,0.0,100,0,5,Expert,1.0,0.0,0.0,0.0,0,0,0,2,0,0,False,True,True,False
Without Q-Learning,5,90,P,-10.0,5,0.0,100.0,0.0,100,0,5,Expert,1.0,0.0,0.0,0.0,0,0,0,2,0,0,False,True,True,False
Without Q-Learning,5,91,P,-10.0,5,0.0,100.0,0.0,100,0,5,Expert,1.0,0.0,0.0,0.0,0,0,0,2,0,0,False,True,True,False
Without Q-Learning,5,92,P,-10.0,5,0.0,100.0,0.0,100,0,5,Expert,1.0,0.0,0.0,0.0,0,0,0,2,0,0,False,True,True,False
Without Q-Learning,5,93,P,-10.0,5,0.0,100.0,0.0,100,0,5,Expert,1.0,0.0,0.0,0.0,0,0,0,1,0,0,False,True,True,False
Without Q-Learning,5,94,P,-10.0,5,0.0,100.0,0.0,100,0,5,Expert,1.0,0.0,0.0,0.0,0,0,0,2,0,0,False,True,True,False
Without Q-Learning,5,95,P,-10.0,5,0.0,100.0,0.0,100,0,5,Expert,1.0,0.0,0.0,0.0,0,0,0,2,0,0,False,True,True,False
Without Q-Learning,5,96,P,-10.0,5,0.0,100.0,0.0,100,0,5,Expert,1.0,0.0,0.0,0.0,0,0,0,2,0,0,False,True,True,False
Without Q-Learning,5,97,P,-10.0,5,0.0,100.0,0.0,100,0,5,Expert,1.0,0.0,0.0,0.0,0,0,0,2,0,0,False,True,True,False
Without Q-Learning,5,98,P,-10.0,5,0.0,100.0,0.0,100,0,5,Expert,1.0,0.0,0.0,0.0,0,0,0,2,0,0,False,True,True,False
Without Q-Learning,5,99,P,-10.0,5,0.0,100.0,0.0,100,0,5,Expert,1.0,0.0,0.0,0.0,0,0,0,2,0,0,False,True,True,False
Without Q-Learning,5,100,P,-10.0,5,0.0,100.0,0.0,100,0,5,Expert,1.0,0.0,0.0,0.0,0,0,0,2,0,0,False,True,True,False
