model,seed,episode,result,reward,move_count,agent_win_rate,player_win_rate,draw_rate,skill,skill_change,difficulty,difficulty_name,epsilon,effective_epsilon,avg_q_change,max_q_change,q_updates,episode_q_updates,learned_states,tactical_moves,epsilon_moves,q_policy_moves,use_q_learning,use_tactical,use_adaptive,use_epsilon
Full Model,1,1,P,-10.0,5,0.0,100.0,0.0,60,10,1,Very Easy,0.95,1.0,1.5,3.0,2,2,2,0,2,0,True,True,True,True
Full Model,1,2,A,10.0,10,50.0,50.0,0.0,52,-8,1,Very Easy,0.9025,1.0,0.6,3.0,7,5,7,1,4,0,True,True,True,True
Full Model,1,3,P,-10.0,9,33.333333333333336,66.66666666666667,0.0,62,10,3,Normal,0.8573749999999999,0.6859,0.75,3.0,11,4,11,1,3,0,True,True,True,True
Full Model,1,4,A,10.0,12,50.0,50.0,0.0,54,-8,3,Normal,0.8145062499999999,0.651605,0.5,3.0,17,6,17,2,2,2,True,True,True,True
Full Model,1,5,P,-10.0,7,40.0,60.0,0.0,64,10,3,Normal,0.7737809374999999,0.6190247499999999,1.0,3.0,20,3,20,1,1,1,True,True,True,True
Full Model,1,6,P,-10.0,5,33.333333333333336,66.66666666666667,0.0,74,10,4,Hard,0.7350918906249998,0.3675459453124999,1.5,3.0,22,2,21,0,2,0,True,True,True,True
Full Model,1,7,A,10.0,6,42.857142857142854,57.142857142857146,0.0,66,-8,4,Hard,0.6983372960937497,0.34916864804687486,1.0,3.0,25,3,24,3,0,0,True,True,True,True
Full Model,1,8,P,-10.0,5,37.5,62.5,0.0,76,10,4,Hard,0.6634204312890623,0.3317102156445311,1.5,3.0,27,2,26,2,0,0,True,True,True,True
Full Model,1,9,P,-10.0,7,33.333333333333336,66.66666666666667,0.0,86,10,5,Expert,0.6302494097246091,0.15756235243115227,1.0,3.0,30,3,28,2,0,1,True,True,True,True
Full Model,1,10,A,10.0,6,40.0,60.0,0.0,78,-8,4,Hard,0.5987369392383786,0.2993684696191893,1.0,3.0,33,3,30,3,0,0,True,True,True,True
Full Model,1,11,P,-10.0,7,36.36363636363637,63.63636363636363,0.0,78,0,4,Hard,0.5688000922764596,0.2844000461382298,1.0,3.0,36,3,32,3,0,0,True,True,True,True
Full Model,1,12,P,-10.0,7,33.333333333333336,66.66666666666667,0.0,96,18,5,Expert,0.5403600876626365,0.13509002191565914,1.0,3.0,39,3,35,2,0,1,True,True,True,True
Full Model,1,13,A,10.0,6,38.46153846153846,61.53846153846154,0.0,78,-18,4,Hard,0.5133420832795047,0.25667104163975235,1.0,3.0,42,3,37,2,0,1,True,True,True,True
Full Model,1,14,P,-10.0,5,35.714285714285715,64.28571428571429,0.0,96,18,5,Expert,0.48767497911552943,0.12191874477888236,1.5,3.0,44,2,39,1,0,1,True,True,True,True
Full Model,1,15,A,10.0,8,40.0,60.0,0.0,78,-18,4,Hard,0.46329123015975293,0.23164561507987647,0.75,3.0,48,4,42,4,0,0,True,True,True,True
Full Model,1,16,P,-10.0,5,37.5,62.5,0.0,78,0,4,Hard,0.44012666865176525,0.22006333432588263,1.5,3.0,50,2,43,0,0,2,True,True,True,True
Full Model,1,17,P,-10.0,7,35.294117647058826,64.70588235294117,0.0,96,18,5,Expert,0.41812033521917696,0.10453008380479424,1.0,3.0,53,3,46,2,0,1,True,True,True,True
Full Model,1,18,A,10.0,10,38.888888888888886,61.111111111111114,0.0,78,-18,4,Hard,0.3972143184582181,0.19860715922910904,0.6,3.0,58,5,50,4,0,1,True,True,True,True
Full Model,1,19,A,10.0,6,42.10526315789474,57.89473684210526,0.0,60,-18,3,Normal,0.37735360253530714,0.30188288202824576,1.0,3.0,61,3,53,3,0,0,True,True,True,True
Full Model,1,20,P,-10.0,5,40.0,60.0,0.0,78,18,4,Hard,0.35848592240854177,0.17924296120427088,1.5,3.0,63,2,54,1,0,1,True,True,True,True
Full Model,1,21,A,10.0,6,42.857142857142854,57.142857142857146,0.0,60,-18,3,Normal,0.34056162628811465,0.27244930103049175,1.0,3.0,66,3,56,2,0,1,True,True,True,True
Full Model,1,22,P,-10.0,7,40.90909090909091,59.09090909090909,0.0,60,0,3,Normal,0.3235335449737089,0.2588268359789671,1.0,3.0,69,3,58,0,0,3,True,True,True,True
Full Model,1,23,A,10.0,6,43.47826086956522,56.52173913043478,0.0,60,0,3,Normal,0.30735686772502346,0.2458854941800188,1.0,3.0,72,3,60,2,0,1,True,True,True,True
Full Model,1,24,A,10.0,6,45.833333333333336,54.166666666666664,0.0,42,-18,2,Easy,0.2919890243387723,0.3211879267726495,1.0,3.0,75,3,62,3,0,0,True,True,True,True
Full Model,1,25,P,-10.0,9,44.0,56.0,0.0,60,18,3,Normal,0.27738957312183365,0.22191165849746694,0.75,3.0,79,4,66,0,2,2,True,True,True,True
Full Model,1,26,P,-10.0,5,42.30769230769231,57.69230769230769,0.0,60,0,3,Normal,0.263520094465742,0.2108160755725936,1.5,3.0,81,2,67,0,1,1,True,True,True,True
Full Model,1,27,A,10.0,8,44.44444444444444,55.55555555555556,0.0,42,-18,2,Easy,0.25034408974245487,0.2753784987167004,0.75,3.0,85,4,70,3,1,0,True,True,True,True
Full Model,1,28,A,10.0,8,46.42857142857143,53.57142857142857,0.0,42,0,2,Easy,0.2378268852553321,0.26160957378086536,0.75,3.0,89,4,73,1,0,3,True,True,True,True
Full Model,1,29,P,-10.0,5,44.827586206896555,55.172413793103445,0.0,60,18,3,Normal,0.2259355409925655,0.1807484327940524,1.5,3.0,91,2,74,0,1,1,True,True,True,True
Full Model,1,30,P,-10.0,7,43.333333333333336,56.666666666666664,0.0,60,0,3,Normal,0.2146387639429372,0.17171101115434978,1.0,3.0,94,3,77,2,0,1,True,True,True,True
Full Model,1,31,P,-10.0,5,41.935483870967744,58.064516129032256,0.0,78,18,4,Hard,0.20390682574579033,0.10195341287289517,1.5,3.0,96,2,78,1,0,1,True,True,True,True
Full Model,1,32,A,10.0,6,43.75,56.25,0.0,60,-18,3,Normal,0.1937114844585008,0.15496918756680067,1.0,3.0,99,3,80,3,0,0,True,True,True,True
Full Model,1,33,P,-10.0,7,42.42424242424242,57.57575757575758,0.0,78,18,4,Hard,0.18402591023557577,0.09201295511778788,1.0,3.0,102,3,82,0,1,2,True,True,True,True
Full Model,1,34,P,-10.0,7,41.1764705882353,58.8235294117647,0.0,96,18,5,Expert,0.17482461472379698,0.05,1.0,3.0,105,3,84,1,1,1,True,True,True,True
Full Model,1,35,A,10.0,8,42.857142857142854,57.142857142857146,0.0,78,-18,4,Hard,0.16608338398760714,0.08304169199380357,0.75,3.0,109,4,87,4,0,0,True,True,True,True
Full Model,1,36,A,10.0,8,44.44444444444444,55.55555555555556,0.0,60,-18,3,Normal,0.15777921478822676,0.1262233718305814,0.75,3.0,113,4,90,3,0,1,True,True,True,True
Full Model,1,37,P,-10.0,5,43.24324324324324,56.75675675675676,0.0,78,18,4,Hard,0.14989025404881542,0.07494512702440771,1.5,3.0,115,2,91,1,0,1,True,True,True,True
Full Model,1,38,P,-10.0,7,42.10526315789474,57.89473684210526,0.0,96,18,5,Expert,0.14239574134637464,0.05,1.0,3.0,118,3,93,2,0,1,True,True,True,True
Full Model,1,39,P,-10.0,9,41.02564102564103,58.97435897435897,0.0,96,0,5,Expert,0.1352759542790559,0.05,0.75,3.0,122,4,96,4,0,0,True,True,True,True
Full Model,1,40,A,10.0,6,42.5,57.5,0.0,78,-18,4,Hard,0.1285121565651031,0.06425607828255155,1.0,3.0,125,3,98,3,0,0,True,True,True,True
Full Model,1,41,P,-10.0,7,41.46341463414634,58.53658536585366,0.0,78,0,4,Hard,0.12208654873684793,0.061043274368423966,1.0,3.0,128,3,100,2,0,1,True,True,True,True
Full Model,1,42,P,-10.0,5,40.476190476190474,59.523809523809526,0.0,96,18,5,Expert,0.11598222130000553,0.05,1.5,3.0,130,2,102,2,0,0,True,True,True,True
Full Model,1,43,A,10.0,6,41.86046511627907,58.13953488372093,0.0,78,-18,4,Hard,0.11018311023500525,0.055091555117502626,1.0,3.0,133,3,104,3,0,0,True,True,True,True
Full Model,1,44,P,-10.0,7,40.90909090909091,59.09090909090909,0.0,78,0,4,Hard,0.10467395472325498,0.05233697736162749,1.0,3.0,136,3,106,0,1,2,True,True,True,True
Full Model,1,45,A,10.0,6,42.22222222222222,57.77777777777778,0.0,78,0,4,Hard,0.09944025698709223,0.05,1.0,3.0,139,3,108,3,0,0,True,True,True,True
Full Model,1,46,A,10.0,8,43.47826086956522,56.52173913043478,0.0,78,0,4,Hard,0.09446824413773762,0.05,0.75,3.0,143,4,111,3,0,1,True,True,True,True
Full Model,1,47,A,10.0,6,44.680851063829785,55.319148936170215,0.0,60,-18,3,Normal,0.08974483193085074,0.07179586554468059,1.0,3.0,146,3,113,2,0,1,True,True,True,True
Full Model,1,48,A,10.0,10,45.833333333333336,54.166666666666664,0.0,42,-18,2,Easy,0.0852575903343082,0.09378334936773902,0.6,3.0,151,5,117,2,1,2,True,True,True,True
Full Model,1,49,P,-10.0,5,44.89795918367347,55.10204081632653,0.0,42,0,2,Easy,0.08099471081759278,0.08909418189935207,1.5,3.0,153,2,118,0,0,2,True,True,True,True
Full Model,1,50,P,-10.0,7,44.0,56.0,0.0,60,18,3,Normal,0.07694497527671314,0.061555980221370515,1.0,3.0,156,3,119,1,0,2,True,True,True,True
Full Model,1,51,P,-10.0,7,43.13725490196079,56.86274509803921,0.0,60,0,3,Normal,0.07309772651287748,0.05847818121030199,1.0,3.0,159,3,121,1,0,2,True,True,True,True
Full Model,1,52,P,-10.0,9,42.30769230769231,57.69230769230769,0.0,60,0,3,Normal,0.0694428401872336,0.05555427214978688,0.75,3.0,163,4,124,2,0,2,True,True,True,True
Full Model,1,53,P,-10.0,7,41.509433962264154,58.490566037735846,0.0,78,18,4,Hard,0.0659706981778719,0.05,1.0,3.0,166,3,125,1,0,2,True,True,True,True
Full Model,1,54,P,-10.0,5,40.74074074074074,59.25925925925926,0.0,78,0,4,Hard,0.0626721632689783,0.05,1.5,3.0,168,2,126,2,0,0,True,True,True,True
Full Model,1,55,P,-10.0,5,40.0,60.0,0.0,96,18,5,Expert,0.059538555105529384,0.05,1.5,3.0,170,2,127,1,0,1,True,True,True,True
Full Model,1,56,A,10.0,6,41.07142857142857,58.92857142857143,0.0,96,0,5,Expert,0.05656162735025291,0.05,1.0,3.0,173,3,129,3,0,0,True,True,True,True
Full Model,1,57,A,10.0,6,42.10526315789474,57.89473684210526,0.0,96,0,5,Expert,0.053733545982740265,0.05,1.0,3.0,176,3,131,3,0,0,True,True,True,True
Full Model,1,58,A,10.0,6,43.10344827586207,56.89655172413793,0.0,96,0,5,Expert,0.05104686868360325,0.05,0.970000147819519,2.1000003814697266,179,3,131,3,0,0,True,True,True,True
Full Model,1,59,A,10.0,8,44.067796610169495,55.932203389830505,0.0,78,-18,4,Hard,0.05,0.05,0.75,3.0,183,4,134,3,0,1,True,True,True,True
Full Model,1,60,P,-10.0,7,43.333333333333336,56.666666666666664,0.0,78,0,4,Hard,0.05,0.05,1.0,3.0,186,3,136,1,0,2,True,True,True,True
Full Model,1,61,A,10.0,6,44.26229508196721,55.73770491803279,0.0,60,-18,3,Normal,0.05,0.05,1.0,3.0,189,3,139,2,0,1,True,True,True,True
Full Model,1,62,A,10.0,10,45.16129032258065,54.83870967741935,0.0,42,-18,2,Easy,0.05,0.05500000000000001,0.6,3.0,194,5,143,3,0,2,True,True,True,True
Full Model,1,63,P,-10.0,7,44.44444444444444,55.55555555555556,0.0,42,0,2,Easy,0.05,0.05500000000000001,1.0,3.0,197,3,145,0,0,3,True,True,True,True
Full Model,1,64,P,-10.0,5,43.75,56.25,0.0,42,0,2,Easy,0.05,0.05500000000000001,1.5,3.0,199,2,146,0,0,2,True,True,True,True
Full Model,1,65,P,-10.0,7,43.07692307692308,56.92307692307692,0.0,42,0,2,Easy,0.05,0.05500000000000001,1.0,3.0,202,3,148,1,1,1,True,True,True,True
Full Model,1,66,P,-10.0,7,42.42424242424242,57.57575757575758,0.0,60,18,3,Normal,0.05,0.05,1.0,3.0,205,3,149,1,0,2,True,True,True,True
Full Model,1,67,P,-10.0,7,41.791044776119406,58.208955223880594,0.0,78,18,4,Hard,0.05,0.05,1.0,3.0,208,3,151,0,0,3,True,True,True,True
Full Model,1,68,P,-10.0,9,41.1764705882353,58.8235294117647,0.0,96,18,5,Expert,0.05,0.05,0.75,3.0,212,4,154,3,0,1,True,True,True,True
Full Model,1,69,P,-10.0,7,40.57971014492754,59.42028985507246,0.0,100,4,5,Expert,0.05,0.05,1.0,3.0,215,3,156,2,0,1,True,True,True,True
Full Model,1,70,A,10.0,6,41.42857142857143,58.57142857142857,0.0,96,-4,5,Expert,0.05,0.05,1.0,3.0,218,3,158,3,0,0,True,True,True,True
Full Model,1,71,P,-10.0,5,40.84507042253521,59.15492957746479,0.0,100,4,5,Expert,0.05,0.05,1.5,3.0,220,2,159,1,0,1,True,True,True,True
Full Model,1,72,A,10.0,6,41.666666666666664,58.333333333333336,0.0,100,0,5,Expert,0.05,0.05,1.0,3.0,223,3,161,3,0,0,True,True,True,True
Full Model,1,73,P,-10.0,7,41.0958904109589,58.9041095890411,0.0,100,0,5,Expert,0.05,0.05,1.0,3.0,226,3,161,3,0,0,True,True,True,True
Full Model,1,74,A,10.0,6,41.891891891891895,58.108108108108105,0.0,96,-4,5,Expert,0.05,0.05,1.0,3.0,229,3,163,3,0,0,True,True,True,True
Full Model,1,75,A,10.0,6,42.666666666666664,57.333333333333336,0.0,78,-18,4,Hard,0.05,0.05,1.0,3.0,232,3,165,3,0,0,True,True,True,True
Full Model,1,76,A,10.0,6,43.421052631578945,56.578947368421055,0.0,60,-18,3,Normal,0.05,0.05,1.0,3.0,235,3,167,3,0,0,True,True,True,True
Full Model,1,77,P,-10.0,5,42.857142857142854,57.142857142857146,0.0,60,0,3,Normal,0.05,0.05,1.5,3.0,237,2,168,0,0,2,True,True,True,True
Full Model,1,78,P,-10.0,5,42.30769230769231,57.69230769230769,0.0,60,0,3,Normal,0.05,0.05,1.5,3.0,239,2,169,0,0,2,True,True,True,True
Full Model,1,79,P,-10.0,7,41.77215189873418,58.22784810126582,0.0,60,0,3,Normal,0.05,0.05,1.0,3.0,242,3,171,1,0,2,True,True,True,True
Full Model,1,80,P,-10.0,7,41.25,58.75,0.0,78,18,4,Hard,0.05,0.05,1.0,3.0,245,3,173,1,0,2,True,True,True,True
Full Model,1,81,P,-10.0,7,40.74074074074074,59.25925925925926,0.0,78,0,4,Hard,0.05,0.05,1.0,3.0,248,3,175,1,1,1,True,True,True,True
Full Model,1,82,A,10.0,8,41.46341463414634,58.53658536585366,0.0,78,0,4,Hard,0.05,0.05,0.75,3.0,252,4,178,3,0,1,True,True,True,True
Full Model,1,83,A,10.0,6,42.16867469879518,57.83132530120482,0.0,60,-18,3,Normal,0.05,0.05,1.0,3.0,255,3,180,3,0,0,True,True,True,True
Full Model,1,84,P,-10.0,5,41.666666666666664,58.333333333333336,0.0,78,18,4,Hard,0.05,0.05,1.5,3.0,257,2,181,1,0,1,True,True,True,True
Full Model,1,85,P,-10.0,7,41.1764705882353,58.8235294117647,0.0,96,18,5,Expert,0.05,0.05,1.0,3.0,260,3,183,2,0,1,True,True,True,True
Full Model,1,86,A,10.0,6,41.86046511627907,58.13953488372093,0.0,96,0,5,Expert,0.05,0.05,1.0,3.0,263,3,185,3,0,0,True,True,True,True
Full Model,1,87,A,10.0,6,42.52873563218391,57.47126436781609,0.0,78,-18,4,Hard,0.05,0.05,1.0,3.0,266,3,187,3,0,0,True,True,True,True
Full Model,1,88,A,10.0,6,43.18181818181818,56.81818181818182,0.0,60,-18,3,Normal,0.05,0.05,1.0,3.0,269,3,189,3,0,0,True,True,True,True
Full Model,1,89,P,-10.0,7,42.69662921348315,57.30337078651685,0.0,60,0,3,Normal,0.05,0.05,1.0,3.0,272,3,190,1,1,1,True,True,True,True
Full Model,1,90,P,-10.0,5,42.22222222222222,57.77777777777778,0.0,60,0,3,Normal,0.05,0.05,1.5,3.0,274,2,191,0,0,2,True,True,True,True
Full Model,1,91,P,-10.0,5,41.75824175824176,58.24175824175824,0.0,60,0,3,Normal,0.05,0.05,1.5,3.0,276,2,192,0,0,2,True,True,True,True
Full Model,1,92,P,-10.0,9,41.30434782608695,58.69565217391305,0.0,78,18,4,Hard,0.05,0.05,0.75,3.0,280,4,195,1,0,3,True,True,True,True
Full Model,1,93,A,10.0,6,41.935483870967744,58.064516129032256,0.0,78,0,4,Hard,0.05,0.05,1.0,3.0,283,3,196,3,0,0,True,True,True,True
Full Model,1,94,P,-10.0,7,41.48936170212766,58.51063829787234,0.0,78,0,4,Hard,0.05,0.05,1.0,3.0,286,3,198,3,0,0,True,True,True,True
Full Model,1,95,P,-10.0,7,41.05263157894737,58.94736842105263,0.0,78,0,4,Hard,0.05,0.05,1.0,3.0,289,3,200,3,0,0,True,True,True,True
Full Model,1,96,A,10.0,8,41.666666666666664,58.333333333333336,0.0,78,0,4,Hard,0.05,0.05,0.75,3.0,293,4,203,2,0,2,True,True,True,True
Full Model,1,97,P,-10.0,9,41.23711340206186,58.76288659793814,0.0,96,18,5,Expert,0.05,0.05,0.75,3.0,297,4,206,4,0,0,True,True,True,True
Full Model,1,98,A,10.0,6,41.83673469387755,58.16326530612245,0.0,96,0,5,Expert,0.05,0.05,1.0,3.0,300,3,208,3,0,0,True,True,True,True
Full Model,1,99,A,10.0,6,42.42424242424242,57.57575757575758,0.0,78,-18,4,Hard,0.05,0.05,1.0,3.0,303,3,210,3,0,0,True,True,True,True
Full Model,1,100,P,-10.0,7,42.0,58.0,0.0,78,0,4,Hard,0.05,0.05,1.0,3.0,306,3,212,0,0,3,True,True,True,True
Full Model,2,1,P,-10.0,7,0.0,100.0,0.0,60,10,1,Very Easy,0.95,1.0,1.0,3.0,3,3,3,0,3,0,True,True,True,True
Full Model,2,2,P,-10.0,7,0.0,100.0,0.0,70,10,1,Very Easy,0.9025,1.0,1.0,3.0,6,3,6,0,3,0,True,True,True,True
Full Model,2,3,P,-10.0,11,0.0,100.0,0.0,80,10,5,Expert,0.8573749999999999,0.21434374999999997,0.6,3.0,11,5,11,0,5,0,True,True,True,True
Full Model,2,4,P,-10.0,5,0.0,100.0,0.0,90,10,5,Expert,0.8145062499999999,0.20362656249999997,1.5,3.0,13,2,13,2,0,0,True,True,True,True
Full Model,2,5,A,10.0,8,20.0,80.0,0.0,82,-8,5,Expert,0.7737809374999999,0.19344523437499997,0.75,3.0,17,4,17,3,0,1,True,True,True,True
Full Model,2,6,A,10.0,8,33.333333333333336,66.66666666666667,0.0,74,-8,4,Hard,0.7350918906249998,0.3675459453124999,0.75,3.0,21,4,21,4,0,0,True,True,True,True
Full Model,2,7,A,10.0,8,42.857142857142854,57.142857142857146,0.0,66,-8,4,Hard,0.6983372960937497,0.34916864804687486,0.75,3.0,25,4,25,1,1,2,True,True,True,True
Full Model,2,8,A,10.0,6,50.0,50.0,0.0,58,-8,3,Normal,0.6634204312890623,0.5307363450312498,1.0,3.0,28,3,28,3,0,0,True,True,True,True
Full Model,2,9,P,-10.0,11,44.44444444444444,55.55555555555556,0.0,68,10,4,Hard,0.6302494097246091,0.31512470486230454,0.6,3.0,33,5,33,2,2,1,True,True,True,True
Full Model,2,10,A,10.0,8,50.0,50.0,0.0,60,-8,3,Normal,0.5987369392383786,0.4789895513907029,0.75,3.0,37,4,37,2,2,0,True,True,True,True
Full Model,2,11,A,10.0,8,54.54545454545455,45.45454545454545,0.0,42,-18,2,Easy,0.5688000922764596,0.6256801015041056,0.75,3.0,41,4,40,2,2,0,True,True,True,True
Full Model,2,12,P,-10.0,9,50.0,50.0,0.0,42,0,2,Easy,0.5403600876626365,0.5943960964289002,0.75,3.0,45,4,43,0,3,1,True,True,True,True
Full Model,2,13,P,-10.0,7,46.15384615384615,53.84615384615385,0.0,42,0,2,Easy,0.5133420832795047,0.5646762916074552,1.0,3.0,48,3,45,1,1,1,True,True,True,True
Full Model,2,14,P,-10.0,5,42.857142857142854,57.142857142857146,0.0,42,0,2,Easy,0.48767497911552943,0.5364424770270824,1.5,3.0,50,2,47,0,2,0,True,True,True,True
Full Model,2,15,P,-10.0,9,40.0,60.0,0.0,60,18,3,Normal,0.46329123015975293,0.3706329841278024,0.75,3.0,54,4,51,1,2,1,True,True,True,True
Full Model,2,16,P,-10.0,7,37.5,62.5,0.0,78,18,4,Hard,0.44012666865176525,0.22006333432588263,1.0,3.0,57,3,54,2,0,1,True,True,True,True
Full Model,2,17,A,10.0,6,41.1764705882353,58.8235294117647,0.0,78,0,4,Hard,0.41812033521917696,0.20906016760958848,1.0,3.0,60,3,56,3,0,0,True,True,True,True
Full Model,2,18,A,10.0,6,44.44444444444444,55.55555555555556,0.0,78,0,4,Hard,0.3972143184582181,0.19860715922910904,1.0,3.0,63,3,58,3,0,0,True,True,True,True
Full Model,2,19,P,-10.0,5,42.10526315789474,57.89473684210526,0.0,78,0,4,Hard,0.37735360253530714,0.18867680126765357,1.5,3.0,65,2,59,1,0,1,True,True,True,True
Full Model,2,20,A,10.0,8,45.0,55.0,0.0,78,0,4,Hard,0.35848592240854177,0.17924296120427088,0.75,3.0,69,4,62,4,0,0,True,True,True,True
Full Model,2,21,P,-10.0,5,42.857142857142854,57.142857142857146,0.0,96,18,5,Expert,0.34056162628811465,0.08514040657202866,1.5,3.0,71,2,63,1,0,1,True,True,True,True
Full Model,2,22,P,-10.0,5,40.90909090909091,59.09090909090909,0.0,96,0,5,Expert,0.3235335449737089,0.08088338624342722,1.5,3.0,73,2,64,2,0,0,True,True,True,True
Full Model,2,23,A,10.0,6,43.47826086956522,56.52173913043478,0.0,78,-18,4,Hard,0.30735686772502346,0.15367843386251173,1.0,3.0,76,3,66,3,0,0,True,True,True,True
Full Model,2,24,A,10.0,6,45.833333333333336,54.166666666666664,0.0,60,-18,3,Normal,0.2919890243387723,0.23359121947101782,1.0,3.0,79,3,68,3,0,0,True,True,True,True
Full Model,2,25,P,-10.0,5,44.0,56.0,0.0,60,0,3,Normal,0.27738957312183365,0.22191165849746694,1.5,3.0,81,2,69,0,1,1,True,True,True,True
Full Model,2,26,P,-10.0,7,42.30769230769231,57.69230769230769,0.0,60,0,3,Normal,0.263520094465742,0.2108160755725936,1.0,3.0,84,3,71,2,1,0,True,True,True,True
Full Model,2,27,P,-10.0,7,40.74074074074074,59.25925925925926,0.0,78,18,4,Hard,0.25034408974245487,0.12517204487122743,1.0,3.0,87,3,74,1,2,0,True,True,True,True
Full Model,2,28,A,10.0,6,42.857142857142854,57.142857142857146,0.0,78,0,4,Hard,0.2378268852553321,0.11891344262766605,1.0,3.0,90,3,77,3,0,0,True,True,True,True
Full Model,2,29,A,10.0,6,44.827586206896555,55.172413793103445,0.0,60,-18,3,Normal,0.2259355409925655,0.1807484327940524,1.0,3.0,93,3,79,3,0,0,True,True,True,True
Full Model,2,30,P,-10.0,5,43.333333333333336,56.666666666666664,0.0,78,18,4,Hard,0.2146387639429372,0.1073193819714686,1.5,3.0,95,2,80,1,0,1,True,True,True,True
Full Model,2,31,A,10.0,8,45.16129032258065,54.83870967741935,0.0,60,-18,3,Normal,0.20390682574579033,0.16312546059663227,0.75,3.0,99,4,83,3,0,1,True,True,True,True
Full Model,2,32,P,-10.0,7,43.75,56.25,0.0,60,0,3,Normal,0.1937114844585008,0.15496918756680067,1.0,3.0,102,3,85,0,0,3,True,True,True,True
Full Model,2,33,A,10.0,6,45.45454545454545,54.54545454545455,0.0,60,0,3,Normal,0.18402591023557577,0.14722072818846063,0.970000147819519,2.1000003814697266,105,3,86,2,0,1,True,True,True,True
Full Model,2,34,P,-10.0,7,44.11764705882353,55.88235294117647,0.0,78,18,4,Hard,0.17482461472379698,0.08741230736189849,1.0,3.0,108,3,88,1,0,2,True,True,True,True
Full Model,2,35,P,-10.0,7,42.857142857142854,57.142857142857146,0.0,78,0,4,Hard,0.16608338398760714,0.08304169199380357,1.0,3.0,111,3,90,1,0,2,True,True,True,True
Full Model,2,36,A,10.0,8,44.44444444444444,55.55555555555556,0.0,60,-18,3,Normal,0.15777921478822676,0.1262233718305814,0.75,3.0,115,4,93,3,0,1,True,True,True,True
Full Model,2,37,P,-10.0,5,43.24324324324324,56.75675675675676,0.0,60,0,3,Normal,0.14989025404881542,0.11991220323905234,1.5,3.0,117,2,94,0,0,2,True,True,True,True
Full Model,2,38,P,-10.0,5,42.10526315789474,57.89473684210526,0.0,78,18,4,Hard,0.14239574134637464,0.07119787067318732,1.5,3.0,119,2,95,0,0,2,True,True,True,True
Full Model,2,39,P,-10.0,7,41.02564102564103,58.97435897435897,0.0,96,18,5,Expert,0.1352759542790559,0.05,1.0,3.0,122,3,97,2,1,0,True,True,True,True
Full Model,2,40,A,10.0,6,42.5,57.5,0.0,78,-18,4,Hard,0.1285121565651031,0.06425607828255155,1.0,3.0,125,3,99,3,0,0,True,True,True,True
Full Model,2,41,A,10.0,6,43.90243902439025,56.09756097560975,0.0,78,0,4,Hard,0.12208654873684793,0.061043274368423966,1.0,3.0,128,3,100,3,0,0,True,True,True,True
Full Model,2,42,P,-10.0,11,42.857142857142854,57.142857142857146,0.0,78,0,4,Hard,0.11598222130000553,0.057991110650002765,0.6,3.0,133,5,104,3,0,2,True,True,True,True
Full Model,2,43,P,-10.0,11,41.86046511627907,58.13953488372093,0.0,96,18,5,Expert,0.11018311023500525,0.05,0.6,3.0,138,5,108,2,0,3,True,True,True,True
Full Model,2,44,A,10.0,6,43.18181818181818,56.81818181818182,0.0,78,-18,4,Hard,0.10467395472325498,0.05233697736162749,1.0,3.0,141,3,110,3,0,0,True,True,True,True
Full Model,2,45,A,10.0,10,44.44444444444444,55.55555555555556,0.0,60,-18,3,Normal,0.09944025698709223,0.0795522055896738,0.6,3.0,146,5,114,4,0,1,True,True,True,True
Full Model,2,46,P,-10.0,7,43.47826086956522,56.52173913043478,0.0,78,18,4,Hard,0.09446824413773762,0.05,1.0,3.0,149,3,117,2,0,1,True,True,True,True
Full Model,2,47,A,10.0,6,44.680851063829785,55.319148936170215,0.0,60,-18,3,Normal,0.08974483193085074,0.07179586554468059,1.0,3.0,152,3,118,3,0,0,True,True,True,True
Full Model,2,48,P,-10.0,7,43.75,56.25,0.0,60,0,3,Normal,0.0852575903343082,0.06820607226744656,1.0,3.0,155,3,120,1,0,2,True,True,True,True
Full Model,2,49,P,-10.0,9,42.857142857142854,57.142857142857146,0.0,60,0,3,Normal,0.08099471081759278,0.06479576865407423,0.75,3.0,159,4,123,1,0,3,True,True,True,True
Full Model,2,50,P,-10.0,5,42.0,58.0,0.0,78,18,4,Hard,0.07694497527671314,0.05,1.5,3.0,161,2,124,0,0,2,True,True,True,True
Full Model,2,51,A,10.0,6,43.13725490196079,56.86274509803921,0.0,78,0,4,Hard,0.07309772651287748,0.05,1.0,3.0,164,3,126,3,0,0,True,True,True,True
Full Model,2,52,P,-10.0,7,42.30769230769231,57.69230769230769,0.0,78,0,4,Hard,0.0694428401872336,0.05,1.0,3.0,167,3,128,2,0,1,True,True,True,True
Full Model,2,53,P,-10.0,7,41.509433962264154,58.490566037735846,0.0,78,0,4,Hard,0.0659706981778719,0.05,1.0,3.0,170,3,130,2,0,1,True,True,True,True
Full Model,2,54,A,10.0,6,42.592592592592595,57.407407407407405,0.0,78,0,4,Hard,0.0626721632689783,0.05,1.0,3.0,173,3,132,3,0,0,True,True,True,True
Full Model,2,55,P,-10.0,7,41.81818181818182,58.18181818181818,0.0,96,18,5,Expert,0.059538555105529384,0.05,1.0,3.0,176,3,134,2,0,1,True,True,True,True
Full Model,2,56,A,10.0,8,42.857142857142854,57.142857142857146,0.0,78,-18,4,Hard,0.05656162735025291,0.05,0.75,3.0,180,4,137,3,0,1,True,True,True,True
Full Model,2,57,A,10.0,10,43.85964912280702,56.14035087719298,0.0,78,0,4,Hard,0.053733545982740265,0.05,0.6,3.0,185,5,141,3,0,2,True,True,True,True
Full Model,2,58,P,-10.0,7,43.10344827586207,56.89655172413793,0.0,78,0,4,Hard,0.05104686868360325,0.05,1.0,3.0,188,3,143,1,0,2,True,True,True,True
Full Model,2,59,P,-10.0,9,42.3728813559322,57.6271186440678,0.0,78,0,4,Hard,0.05,0.05,0.75,3.0,192,4,146,3,0,1,True,True,True,True
Full Model,2,60,A,10.0,6,43.333333333333336,56.666666666666664,0.0,60,-18,3,Normal,0.05,0.05,1.0,3.0,195,3,148,2,0,1,True,True,True,True
Full Model,2,61,P,-10.0,5,42.622950819672134,57.377049180327866,0.0,78,18,4,Hard,0.05,0.05,1.5,3.0,197,2,149,0,0,2,True,True,True,True
Full Model,2,62,A,10.0,6,43.54838709677419,56.45161290322581,0.0,60,-18,3,Normal,0.05,0.05,1.0,3.0,200,3,151,1,0,2,True,True,True,True
Full Model,2,63,P,-10.0,7,42.857142857142854,57.142857142857146,0.0,60,0,3,Normal,0.05,0.05,1.0,3.0,203,3,153,2,0,1,True,True,True,True
Full Model,2,64,P,-10.0,7,42.1875,57.8125,0.0,78,18,4,Hard,0.05,0.05,1.0,3.0,206,3,155,0,0,3,True,True,True,True
Full Model,2,65,P,-10.0,7,41.53846153846154,58.46153846153846,0.0,78,0,4,Hard,0.05,0.05,1.0,3.0,209,3,155,3,0,0,True,True,True,True
Full Model,2,66,A,10.0,6,42.42424242424242,57.57575757575758,0.0,78,0,4,Hard,0.05,0.05,1.0,3.0,212,3,157,1,0,2,True,True,True,True
Full Model,2,67,P,-10.0,7,41.791044776119406,58.208955223880594,0.0,96,18,5,Expert,0.05,0.05,1.0,3.0,215,3,159,2,0,1,True,True,True,True
Full Model,2,68,A,10.0,8,42.64705882352941,57.35294117647059,0.0,78,-18,4,Hard,0.05,0.05,0.75,3.0,219,4,162,4,0,0,True,True,True,True
Full Model,2,69,A,10.0,8,43.47826086956522,56.52173913043478,0.0,60,-18,3,Normal,0.05,0.05,0.75,3.0,223,4,165,3,0,1,True,True,True,True
Full Model,2,70,P,-10.0,9,42.857142857142854,57.142857142857146,0.0,78,18,4,Hard,0.05,0.05,0.75,3.0,227,4,168,0,0,4,True,True,True,True
Full Model,2,71,A,10.0,6,43.66197183098591,56.33802816901409,0.0,60,-18,3,Normal,0.05,0.05,1.0,3.0,230,3,170,3,0,0,True,True,True,True
Full Model,2,72,P,-10.0,7,43.05555555555556,56.94444444444444,0.0,78,18,4,Hard,0.05,0.05,1.0,3.0,233,3,172,1,0,2,True,True,True,True
Full Model,2,73,P,-10.0,9,42.465753424657535,57.534246575342465,0.0,78,0,4,Hard,0.05,0.05,0.75,3.0,237,4,175,2,0,2,True,True,True,True
Full Model,2,74,A,10.0,6,43.24324324324324,56.75675675675676,0.0,60,-18,3,Normal,0.05,0.05,1.0,3.0,240,3,177,2,0,1,True,True,True,True
Full Model,2,75,P,-10.0,7,42.666666666666664,57.333333333333336,0.0,60,0,3,Normal,0.05,0.05,1.0,3.0,243,3,179,1,0,2,True,True,True,True
Full Model,2,76,P,-10.0,5,42.10526315789474,57.89473684210526,0.0,78,18,4,Hard,0.05,0.05,1.5,3.0,245,2,180,0,0,2,True,True,True,True
Full Model,2,77,P,-10.0,7,41.55844155844156,58.44155844155844,0.0,78,0,4,Hard,0.05,0.05,1.0,3.0,248,3,182,1,0,2,True,True,True,True
Full Model,2,78,A,10.0,6,42.30769230769231,57.69230769230769,0.0,78,0,4,Hard,0.05,0.05,1.0,3.0,251,3,184,3,0,0,True,True,True,True
Full Model,2,79,P,-10.0,5,41.77215189873418,58.22784810126582,0.0,96,18,5,Expert,0.05,0.05,1.5,3.0,253,2,185,2,0,0,True,True,True,True
Full Model,2,80,P,-10.0,5,41.25,58.75,0.0,96,0,5,Expert,0.05,0.05,1.5,3.0,255,2,186,1,0,1,True,True,True,True
Full Model,2,81,P,-10.0,5,40.74074074074074,59.25925925925926,0.0,100,4,5,Expert,0.05,0.05,1.5,3.0,257,2,187,1,0,1,True,True,True,True
Full Model,2,82,A,10.0,6,41.46341463414634,58.53658536585366,0.0,96,-4,5,Expert,0.05,0.05,1.0,3.0,260,3,189,3,0,0,True,True,True,True
Full Model,2,83,A,10.0,8,42.16867469879518,57.83132530120482,0.0,78,-18,4,Hard,0.05,0.05,0.75,3.0,264,4,191,4,0,0,True,True,True,True
Full Model,2,84,P,-10.0,7,41.666666666666664,58.333333333333336,0.0,96,18,5,Expert,0.05,0.05,1.0,3.0,267,3,193,1,0,2,True,True,True,True
Full Model,2,85,P,-10.0,5,41.1764705882353,58.8235294117647,0.0,96,0,5,Expert,0.05,0.05,1.5,3.0,269,2,194,2,0,0,True,True,True,True
Full Model,2,86,A,10.0,6,41.86046511627907,58.13953488372093,0.0,78,-18,4,Hard,0.05,0.05,1.0,3.0,272,3,196,3,0,0,True,True,True,True
Full Model,2,87,P,-10.0,7,41.37931034482759,58.62068965517241,0.0,78,0,4,Hard,0.05,0.05,1.0,3.0,275,3,196,2,0,1,True,True,True,True
Full Model,2,88,A,10.0,6,42.04545454545455,57.95454545454545,0.0,78,0,4,Hard,0.05,0.05,0.970000147819519,2.1000003814697266,278,3,197,3,0,0,True,True,True,True
Full Model,2,89,A,10.0,6,42.69662921348315,57.30337078651685,0.0,60,-18,3,Normal,0.05,0.05,1.0,3.0,281,3,199,3,0,0,True,True,True,True
Full Model,2,90,P,-10.0,5,42.22222222222222,57.77777777777778,0.0,60,0,3,Normal,0.05,0.05,1.5,3.0,283,2,200,0,0,2,True,True,True,True
Full Model,2,91,P,-10.0,7,41.75824175824176,58.24175824175824,0.0,60,0,3,Normal,0.05,0.05,1.0,3.0,286,3,202,3,0,0,True,True,True,True
Full Model,2,92,A,10.0,6,42.391304347826086,57.608695652173914,0.0,60,0,3,Normal,0.05,0.05,1.0,3.0,289,3,203,3,0,0,True,True,True,True
Full Model,2,93,P,-10.0,9,41.935483870967744,58.064516129032256,0.0,78,18,4,Hard,0.05,0.05,0.75,3.0,293,4,206,2,0,2,True,True,True,True
Full Model,2,94,P,-10.0,7,41.48936170212766,58.51063829787234,0.0,78,0,4,Hard,0.05,0.05,1.0,3.0,296,3,207,2,0,1,True,True,True,True
Full Model,2,95,A,10.0,6,42.10526315789474,57.89473684210526,0.0,60,-18,3,Normal,0.05,0.05,1.0,3.0,299,3,207,3,0,0,True,True,True,True
Full Model,2,96,P,-10.0,7,41.666666666666664,58.333333333333336,0.0,78,18,4,Hard,0.05,0.05,1.0,3.0,302,3,209,1,1,1,True,True,True,True
Full Model,2,97,P,-10.0,5,41.23711340206186,58.76288659793814,0.0,78,0,4,Hard,0.05,0.05,1.5,3.0,304,2,210,2,0,0,True,True,True,True
Full Model,2,98,P,-10.0,7,40.816326530612244,59.183673469387756,0.0,96,18,5,Expert,0.05,0.05,1.0,3.0,307,3,212,2,1,0,True,True,True,True
Full Model,2,99,A,10.0,8,41.41414141414141,58.58585858585859,0.0,96,0,5,Expert,0.05,0.05,0.75,3.0,311,4,214,3,0,1,True,True,True,True
Full Model,2,100,A,10.0,6,42.0,58.0,0.0,78,-18,4,Hard,0.05,0.05,0.970000147819519,2.1000003814697266,314,3,214,3,0,0,True,True,True,True
Full Model,3,1,P,-10.0,5,0.0,100.0,0.0,60,10,1,Very Easy,0.95,1.0,1.5,3.0,2,2,2,0,2,0,True,True,True,True
Full Model,3,2,P,-10.0,5,0.0,100.0,0.0,70,10,1,Very Easy,0.9025,1.0,1.5,3.0,4,2,4,0,2,0,True,True,True,True
Full Model,3,3,P,-10.0,9,0.0,100.0,0.0,80,10,5,Expert,0.8573749999999999,0.21434374999999997,0.75,3.0,8,4,8,1,3,0,True,True,True,True
Full Model,3,4,P,-10.0,7,0.0,100.0,0.0,90,10,5,Expert,0.8145062499999999,0.20362656249999997,1.0,3.0,11,3,11,2,0,1,True,True,True,True
Full Model,3,5,A,10.0,6,20.0,80.0,0.0,82,-8,5,Expert,0.7737809374999999,0.19344523437499997,1.0,3.0,14,3,14,3,0,0,True,True,True,True
Full Model,3,6,A,10.0,8,33.333333333333336,66.66666666666667,0.0,74,-8,4,Hard,0.7350918906249998,0.3675459453124999,0.75,3.0,18,4,17,4,0,0,True,True,True,True
Full Model,3,7,P,-10.0,7,28.571428571428573,71.42857142857143,0.0,84,10,5,Expert,0.6983372960937497,0.17458432402343743,1.0,3.0,21,3,20,1,1,1,True,True,True,True
Full Model,3,8,A,10.0,6,37.5,62.5,0.0,76,-8,4,Hard,0.6634204312890623,0.3317102156445311,1.0,3.0,24,3,23,2,0,1,True,True,True,True
Full Model,3,9,P,-10.0,5,33.333333333333336,66.66666666666667,0.0,86,10,5,Expert,0.6302494097246091,0.15756235243115227,1.5,3.0,26,2,24,1,0,1,True,True,True,True
Full Model,3,10,A,10.0,6,40.0,60.0,0.0,78,-8,4,Hard,0.5987369392383786,0.2993684696191893,1.0,3.0,29,3,27,3,0,0,True,True,True,True
Full Model,3,11,A,10.0,6,45.45454545454545,54.54545454545455,0.0,60,-18,3,Normal,0.5688000922764596,0.4550400738211677,1.0,3.0,32,3,30,2,0,1,True,True,True,True
Full Model,3,12,P,-10.0,5,41.666666666666664,58.333333333333336,0.0,60,0,3,Normal,0.5403600876626365,0.4322880701301093,1.5,3.0,34,2,32,1,1,0,True,True,True,True
Full Model,3,13,P,-10.0,7,38.46153846153846,61.53846153846154,0.0,60,0,3,Normal,0.5133420832795047,0.4106736666236038,1.0,3.0,37,3,34,2,0,1,True,True,True,True
Full Model,3,14,P,-10.0,7,35.714285714285715,64.28571428571429,0.0,60,0,3,Normal,0.48767497911552943,0.39013998329242355,1.0,3.0,40,3,37,0,1,2,True,True,True,True
Full Model,3,15,P,-10.0,5,33.333333333333336,66.66666666666667,0.0,78,18,4,Hard,0.46329123015975293,0.23164561507987647,1.5,3.0,42,2,38,0,1,1,True,True,True,True
Full Model,3,16,A,10.0,6,37.5,62.5,0.0,78,0,4,Hard,0.44012666865176525,0.22006333432588263,1.0,3.0,45,3,40,3,0,0,True,True,True,True
Full Model,3,17,P,-10.0,5,35.294117647058826,64.70588235294117,0.0,78,0,4,Hard,0.41812033521917696,0.20906016760958848,1.5,3.0,47,2,41,2,0,0,True,True,True,True
Full Model,3,18,A,10.0,8,38.888888888888886,61.111111111111114,0.0,78,0,4,Hard,0.3972143184582181,0.19860715922910904,0.75,3.0,51,4,44,3,1,0,True,True,True,True
Full Model,3,19,P,-10.0,7,36.8421052631579,63.1578947368421,0.0,78,0,4,Hard,0.37735360253530714,0.18867680126765357,1.0,3.0,54,3,47,2,0,1,True,True,True,True
Full Model,3,20,P,-10.0,11,35.0,65.0,0.0,96,18,5,Expert,0.35848592240854177,0.08962148060213544,0.6,3.0,59,5,51,3,1,1,True,True,True,True
Full Model,3,21,A,10.0,6,38.095238095238095,61.904761904761905,0.0,96,0,5,Expert,0.34056162628811465,0.08514040657202866,1.0,3.0,62,3,54,3,0,0,True,True,True,True
Full Model,3,22,A,10.0,10,40.90909090909091,59.09090909090909,0.0,78,-18,4,Hard,0.3235335449737089,0.16176677248685445,0.6,3.0,67,5,58,4,1,0,True,True,True,True
Full Model,3,23,P,-10.0,7,39.130434782608695,60.869565217391305,0.0,78,0,4,Hard,0.30735686772502346,0.15367843386251173,1.0,3.0,70,3,60,3,0,0,True,True,True,True
Full Model,3,24,A,10.0,6,41.666666666666664,58.333333333333336,0.0,60,-18,3,Normal,0.2919890243387723,0.23359121947101782,1.0,3.0,73,3,62,2,0,1,True,True,True,True
Full Model,3,25,A,10.0,6,44.0,56.0,0.0,42,-18,2,Easy,0.27738957312183365,0.30512853043401705,1.0,3.0,76,3,64,3,0,0,True,True,True,True
Full Model,3,26,P,-10.0,7,42.30769230769231,57.69230769230769,0.0,60,18,3,Normal,0.263520094465742,0.2108160755725936,1.0,3.0,79,3,65,1,0,2,True,True,True,True
Full Model,3,27,A,10.0,8,44.44444444444444,55.55555555555556,0.0,42,-18,2,Easy,0.25034408974245487,0.2753784987167004,0.75,3.0,83,4,68,1,0,3,True,True,True,True
Full Model,3,28,P,-10.0,5,42.857142857142854,57.142857142857146,0.0,60,18,3,Normal,0.2378268852553321,0.19026150820426568,1.5,3.0,85,2,69,1,1,0,True,True,True,True
Full Model,3,29,P,-10.0,7,41.37931034482759,58.62068965517241,0.0,60,0,3,Normal,0.2259355409925655,0.1807484327940524,1.0,3.0,88,3,71,2,0,1,True,True,True,True
Full Model,3,30,P,-10.0,9,40.0,60.0,0.0,60,0,3,Normal,0.2146387639429372,0.17171101115434978,0.75,3.0,92,4,74,2,0,2,True,True,True,True
Full Model,3,31,P,-10.0,5,38.70967741935484,61.29032258064516,0.0,78,18,4,Hard,0.20390682574579033,0.10195341287289517,1.5,3.0,94,2,75,0,0,2,True,True,True,True
Full Model,3,32,A,10.0,6,40.625,59.375,0.0,78,0,4,Hard,0.1937114844585008,0.0968557422292504,1.0,3.0,97,3,77,2,0,1,True,True,True,True
Full Model,3,33,P,-10.0,9,39.39393939393939,60.60606060606061,0.0,78,0,4,Hard,0.18402591023557577,0.09201295511778788,0.75,3.0,101,4,80,2,1,1,True,True,True,True
Full Model,3,34,A,10.0,6,41.1764705882353,58.8235294117647,0.0,78,0,4,Hard,0.17482461472379698,0.08741230736189849,1.0,3.0,104,3,82,3,0,0,True,True,True,True
Full Model,3,35,P,-10.0,5,40.0,60.0,0.0,96,18,5,Expert,0.16608338398760714,0.05,1.5,3.0,106,2,83,2,0,0,True,True,True,True
Full Model,3,36,A,10.0,6,41.666666666666664,58.333333333333336,0.0,78,-18,4,Hard,0.15777921478822676,0.07888960739411338,1.0,3.0,109,3,85,3,0,0,True,True,True,True
Full Model,3,37,P,-10.0,7,40.54054054054054,59.45945945945946,0.0,96,18,5,Expert,0.14989025404881542,0.05,1.0,3.0,112,3,87,2,0,1,True,True,True,True
Full Model,3,38,A,10.0,8,42.10526315789474,57.89473684210526,0.0,78,-18,4,Hard,0.14239574134637464,0.07119787067318732,0.75,3.0,116,4,90,3,0,1,True,True,True,True
Full Model,3,39,P,-10.0,5,41.02564102564103,58.97435897435897,0.0,78,0,4,Hard,0.1352759542790559,0.06763797713952795,1.5,3.0,118,2,92,0,0,2,True,True,True,True
Full Model,3,40,P,-10.0,7,40.0,60.0,0.0,78,0,4,Hard,0.1285121565651031,0.06425607828255155,1.0,3.0,121,3,94,1,0,2,True,True,True,True
Full Model,3,41,P,-10.0,9,39.02439024390244,60.97560975609756,0.0,78,0,4,Hard,0.12208654873684793,0.061043274368423966,0.75,3.0,125,4,97,3,0,1,True,True,True,True
Full Model,3,42,P,-10.0,11,38.095238095238095,61.904761904761905,0.0,96,18,5,Expert,0.11598222130000553,0.05,0.6,3.0,130,5,101,2,1,2,True,True,True,True
Full Model,3,43,P,-10.0,7,37.2093023255814,62.7906976744186,0.0,96,0,5,Expert,0.11018311023500525,0.05,1.0,3.0,133,3,103,3,0,0,True,True,True,True
Full Model,3,44,A,10.0,8,38.63636363636363,61.36363636363637,0.0,96,0,5,Expert,0.10467395472325498,0.05,0.75,3.0,137,4,106,4,0,0,True,True,True,True
Full Model,3,45,P,-10.0,9,37.77777777777778,62.22222222222222,0.0,96,0,5,Expert,0.09944025698709223,0.05,0.75,3.0,141,4,109,2,0,2,True,True,True,True
Full Model,3,46,A,10.0,6,39.130434782608695,60.869565217391305,0.0,96,0,5,Expert,0.09446824413773762,0.05,1.0,3.0,144,3,111,3,0,0,True,True,True,True
Full Model,3,47,A,10.0,6,40.42553191489362,59.57446808510638,0.0,78,-18,4,Hard,0.08974483193085074,0.05,1.0,3.0,147,3,111,3,0,0,True,True,True,True
Full Model,3,48,P,-10.0,7,39.583333333333336,60.416666666666664,0.0,96,18,5,Expert,0.0852575903343082,0.05,1.0,3.0,150,3,113,1,0,2,True,True,True,True
Full Model,3,49,P,-10.0,7,38.775510204081634,61.224489795918366,0.0,96,0,5,Expert,0.08099471081759278,0.05,0.7000001271565756,2.1000003814697266,153,3,113,3,0,0,True,True,True,True
Full Model,3,50,A,10.0,6,40.0,60.0,0.0,78,-18,4,Hard,0.07694497527671314,0.05,1.0,3.0,156,3,116,3,0,0,True,True,True,True
Full Model,3,51,P,-10.0,5,39.21568627450981,60.78431372549019,0.0,78,0,4,Hard,0.07309772651287748,0.05,1.5,3.0,158,2,117,0,0,2,True,True,True,True
Full Model,3,52,P,-10.0,5,38.46153846153846,61.53846153846154,0.0,78,0,4,Hard,0.0694428401872336,0.05,1.5,3.0,160,2,118,0,0,2,True,True,True,True
Full Model,3,53,P,-10.0,5,37.735849056603776,62.264150943396224,0.0,78,0,4,Hard,0.0659706981778719,0.05,1.5,3.0,162,2,119,1,0,1,True,True,True,True
Full Model,3,54,A,10.0,10,38.888888888888886,61.111111111111114,0.0,78,0,4,Hard,0.0626721632689783,0.05,0.6,3.0,167,5,123,3,0,2,True,True,True,True
Full Model,3,55,A,10.0,6,40.0,60.0,0.0,60,-18,3,Normal,0.059538555105529384,0.05,1.0,3.0,170,3,125,3,0,0,True,True,True,True
Full Model,3,56,P,-10.0,7,39.285714285714285,60.714285714285715,0.0,78,18,4,Hard,0.05656162735025291,0.05,1.0,3.0,173,3,127,1,0,2,True,True,True,True
Full Model,3,57,P,-10.0,7,38.59649122807018,61.40350877192982,0.0,96,18,5,Expert,0.053733545982740265,0.05,1.0,3.0,176,3,128,2,0,1,True,True,True,True
Full Model,3,58,P,-10.0,9,37.93103448275862,62.06896551724138,0.0,96,0,5,Expert,0.05104686868360325,0.05,0.75,3.0,180,4,131,4,0,0,True,True,True,True
Full Model,3,59,P,-10.0,9,37.28813559322034,62.71186440677966,0.0,96,0,5,Expert,0.05,0.05,0.5250000953674316,2.1000003814697266,184,4,131,4,0,0,True,True,True,True
Full Model,3,60,A,10.0,6,38.333333333333336,61.666666666666664,0.0,96,0,5,Expert,0.05,0.05,1.0,3.0,187,3,133,3,0,0,True,True,True,True
Full Model,3,61,A,10.0,6,39.34426229508197,60.65573770491803,0.0,78,-18,4,Hard,0.05,0.05,1.0,3.0,190,3,135,3,0,0,True,True,True,True
Full Model,3,62,A,10.0,6,40.32258064516129,59.67741935483871,0.0,60,-18,3,Normal,0.05,0.05,1.0,3.0,193,3,137,3,0,0,True,True,True,True
Full Model,3,63,P,-10.0,7,39.682539682539684,60.317460317460316,0.0,60,0,3,Normal,0.05,0.05,1.0,3.0,196,3,139,1,0,2,True,True,True,True
Full Model,3,64,P,-10.0,5,39.0625,60.9375,0.0,78,18,4,Hard,0.05,0.05,1.0500001907348633,2.1000003814697266,198,2,139,2,0,0,True,True,True,True
Full Model,3,65,P,-10.0,7,38.46153846153846,61.53846153846154,0.0,96,18,5,Expert,0.05,0.05,1.0,3.0,201,3,140,2,0,1,True,True,True,True
Full Model,3,66,P,-10.0,9,37.878787878787875,62.121212121212125,0.0,96,0,5,Expert,0.05,0.05,0.75,3.0,205,4,143,4,0,0,True,True,True,True
Full Model,3,67,P,-10.0,7,37.3134328358209,62.6865671641791,0.0,96,0,5,Expert,0.05,0.05,1.0,3.0,208,3,145,3,0,0,True,True,True,True
Full Model,3,68,A,10.0,6,38.23529411764706,61.76470588235294,0.0,78,-18,4,Hard,0.05,0.05,1.0,3.0,211,3,147,3,0,0,True,True,True,True
Full Model,3,69,P,-10.0,7,37.68115942028985,62.31884057971015,0.0,78,0,4,Hard,0.05,0.05,1.0,3.0,214,3,149,2,1,0,True,True,True,True
Full Model,3,70,P,-10.0,7,37.142857142857146,62.857142857142854,0.0,96,18,5,Expert,0.05,0.05,1.0,3.0,217,3,151,1,0,2,True,True,True,True
Full Model,3,71,A,10.0,6,38.028169014084504,61.971830985915496,0.0,96,0,5,Expert,0.05,0.05,1.0,3.0,220,3,153,3,0,0,True,True,True,True
Full Model,3,72,P,-10.0,9,37.5,62.5,0.0,100,4,5,Expert,0.05,0.05,0.75,3.0,224,4,156,4,0,0,True,True,True,True
Full Model,3,73,A,10.0,6,38.35616438356164,61.64383561643836,0.0,96,-4,5,Expert,0.05,0.05,1.0,3.0,227,3,157,3,0,0,True,True,True,True
Full Model,3,74,P,-10.0,7,37.83783783783784,62.16216216216216,0.0,96,0,5,Expert,0.05,0.05,1.0,3.0,230,3,159,3,0,0,True,True,True,True
Full Model,3,75,A,10.0,6,38.666666666666664,61.333333333333336,0.0,78,-18,4,Hard,0.05,0.05,1.0,3.0,233,3,161,3,0,0,True,True,True,True
Full Model,3,76,A,10.0,10,39.473684210526315,60.526315789473685,0.0,60,-18,3,Normal,0.05,0.05,0.6,3.0,238,5,165,3,0,2,True,True,True,True
Full Model,3,77,A,10.0,8,40.25974025974026,59.74025974025974,0.0,42,-18,2,Easy,0.05,0.05500000000000001,0.75,3.0,242,4,168,2,0,2,True,True,True,True
Full Model,3,78,P,-10.0,5,39.743589743589745,60.256410256410255,0.0,60,18,3,Normal,0.05,0.05,1.5,3.0,244,2,169,0,0,2,True,True,True,True
Full Model,3,79,P,-10.0,5,39.24050632911393,60.75949367088607,0.0,60,0,3,Normal,0.05,0.05,1.5,3.0,246,2,170,0,0,2,True,True,True,True
Full Model,3,80,P,-10.0,5,38.75,61.25,0.0,60,0,3,Normal,0.05,0.05,1.5,3.0,248,2,170,1,0,1,True,True,True,True
Full Model,3,81,P,-10.0,5,38.27160493827161,61.72839506172839,0.0,78,18,4,Hard,0.05,0.05,1.5,3.0,250,2,171,1,0,1,True,True,True,True
Full Model,3,82,A,10.0,6,39.02439024390244,60.97560975609756,0.0,60,-18,3,Normal,0.05,0.05,1.0,3.0,253,3,173,3,0,0,True,True,True,True
Full Model,3,83,P,-10.0,7,38.55421686746988,61.44578313253012,0.0,78,18,4,Hard,0.05,0.05,1.0,3.0,256,3,175,0,0,3,True,True,True,True
Full Model,3,84,A,10.0,8,39.285714285714285,60.714285714285715,0.0,60,-18,3,Normal,0.05,0.05,0.75,3.0,260,4,178,3,0,1,True,True,True,True
Full Model,3,85,P,-10.0,5,38.8235294117647,61.1764705882353,0.0,78,18,4,Hard,0.05,0.05,1.5,3.0,262,2,179,0,0,2,True,True,True,True
Full Model,3,86,P,-10.0,5,38.372093023255815,61.627906976744185,0.0,96,18,5,Expert,0.05,0.05,1.5,3.0,264,2,180,2,0,0,True,True,True,True
Full Model,3,87,P,-10.0,7,37.93103448275862,62.06896551724138,0.0,100,4,5,Expert,0.05,0.05,1.0,3.0,267,3,182,2,0,1,True,True,True,True
Full Model,3,88,A,10.0,6,38.63636363636363,61.36363636363637,0.0,96,-4,5,Expert,0.05,0.05,1.0,3.0,270,3,184,3,0,0,True,True,True,True
Full Model,3,89,P,-10.0,5,38.20224719101124,61.79775280898876,0.0,96,0,5,Expert,0.05,0.05,1.5,3.0,272,2,185,1,1,0,True,True,True,True
Full Model,3,90,A,10.0,6,38.888888888888886,61.111111111111114,0.0,78,-18,4,Hard,0.05,0.05,0.970000147819519,2.1000003814697266,275,3,185,3,0,0,True,True,True,True
Full Model,3,91,A,10.0,8,39.56043956043956,60.43956043956044,0.0,60,-18,3,Normal,0.05,0.05,0.75,3.0,279,4,188,3,0,1,True,True,True,True
Full Model,3,92,P,-10.0,7,39.130434782608695,60.869565217391305,0.0,78,18,4,Hard,0.05,0.05,1.0,3.0,282,3,190,1,0,2,True,True,True,True
Full Model,3,93,P,-10.0,5,38.70967741935484,61.29032258064516,0.0,78,0,4,Hard,0.05,0.05,1.5,3.0,284,2,191,0,1,1,True,True,True,True
Full Model,3,94,P,-10.0,5,38.297872340425535,61.702127659574465,0.0,96,18,5,Expert,0.05,0.05,1.5,3.0,286,2,191,1,0,1,True,True,True,True
Full Model,3,95,A,10.0,8,38.94736842105263,61.05263157894737,0.0,78,-18,4,Hard,0.05,0.05,0.75,3.0,290,4,194,3,1,0,True,True,True,True
Full Model,3,96,P,-10.0,5,38.541666666666664,61.458333333333336,0.0,78,0,4,Hard,0.05,0.05,1.5,3.0,292,2,195,0,0,2,True,True,True,True
Full Model,3,97,A,10.0,8,39.175257731958766,60.824742268041234,0.0,60,-18,3,Normal,0.05,0.05,0.75,3.0,296,4,197,4,0,0,True,True,True,True
Full Model,3,98,P,-10.0,7,38.775510204081634,61.224489795918366,0.0,78,18,4,Hard,0.05,0.05,1.0,3.0,299,3,199,2,0,1,True,True,True,True
Full Model,3,99,P,-10.0,7,38.38383838383838,61.61616161616162,0.0,78,0,4,Hard,0.05,0.05,1.0,3.0,302,3,201,2,0,1,True,True,True,True
Full Model,3,100,A,10.0,8,39.0,61.0,0.0,78,0,4,Hard,0.05,0.05,0.75,3.0,306,4,201,3,0,1,True,True,True,True
Full Model,4,1,P,-10.0,7,0.0,100.0,0.0,60,10,1,Very Easy,0.95,1.0,1.0,3.0,3,3,3,0,3,0,True,True,True,True
Full Model,4,2,P,-10.0,7,0.0,100.0,0.0,70,10,1,Very Easy,0.9025,1.0,1.0,3.0,6,3,6,0,3,0,True,True,True,True
Full Model,4,3,P,-10.0,7,0.0,100.0,0.0,80,10,5,Expert,0.8573749999999999,0.21434374999999997,1.0,3.0,9,3,9,0,3,0,True,True,True,True
Full Model,4,4,P,-10.0,7,0.0,100.0,0.0,90,10,5,Expert,0.8145062499999999,0.20362656249999997,1.0,3.0,12,3,12,2,0,1,True,True,True,True
Full Model,4,5,A,10.0,6,20.0,80.0,0.0,82,-8,5,Expert,0.7737809374999999,0.19344523437499997,1.0,3.0,15,3,15,3,0,0,True,True,True,True
Full Model,4,6,A,10.0,6,33.333333333333336,66.66666666666667,0.0,74,-8,4,Hard,0.7350918906249998,0.3675459453124999,1.0,3.0,18,3,17,3,0,0,True,True,True,True
Full Model,4,7,A,10.0,8,42.857142857142854,57.142857142857146,0.0,66,-8,4,Hard,0.6983372960937497,0.34916864804687486,0.75,3.0,22,4,21,3,0,1,True,True,True,True
Full Model,4,8,A,10.0,6,50.0,50.0,0.0,58,-8,3,Normal,0.6634204312890623,0.5307363450312498,1.0,3.0,25,3,24,3,0,0,True,True,True,True
Full Model,4,9,A,10.0,6,55.55555555555556,44.44444444444444,0.0,50,-8,3,Normal,0.6302494097246091,0.5041995277796872,1.0,3.0,28,3,26,2,0,1,True,True,True,True
Full Model,4,10,P,-10.0,5,50.0,50.0,0.0,60,10,3,Normal,0.5987369392383786,0.4789895513907029,1.5,3.0,30,2,27,0,2,0,True,True,True,True
Full Model,4,11,P,-10.0,5,45.45454545454545,54.54545454545455,0.0,60,0,3,Normal,0.5688000922764596,0.4550400738211677,1.5,3.0,32,2,28,0,1,1,True,True,True,True
Full Model,4,12,P,-10.0,5,41.666666666666664,58.333333333333336,0.0,60,0,3,Normal,0.5403600876626365,0.4322880701301093,1.5,3.0,34,2,30,1,0,1,True,True,True,True
Full Model,4,13,A,10.0,6,46.15384615384615,53.84615384615385,0.0,42,-18,2,Easy,0.5133420832795047,0.5646762916074552,1.0,3.0,37,3,33,3,0,0,True,True,True,True
Full Model,4,14,P,-10.0,5,42.857142857142854,57.142857142857146,0.0,42,0,2,Easy,0.48767497911552943,0.5364424770270824,1.5,3.0,39,2,34,0,1,1,True,True,True,True
Full Model,4,15,P,-10.0,9,40.0,60.0,0.0,60,18,3,Normal,0.46329123015975293,0.3706329841278024,0.75,3.0,43,4,37,0,2,2,True,True,True,True
Full Model,4,16,P,-10.0,9,37.5,62.5,0.0,78,18,4,Hard,0.44012666865176525,0.22006333432588263,0.75,3.0,47,4,40,1,1,2,True,True,True,True
Full Model,4,17,P,-10.0,7,35.294117647058826,64.70588235294117,0.0,96,18,5,Expert,0.41812033521917696,0.10453008380479424,1.0,3.0,50,3,43,3,0,0,True,True,True,True
Full Model,4,18,A,10.0,6,38.888888888888886,61.111111111111114,0.0,96,0,5,Expert,0.3972143184582181,0.09930357961455452,1.0,3.0,53,3,45,3,0,0,True,True,True,True
Full Model,4,19,P,-10.0,7,36.8421052631579,63.1578947368421,0.0,100,4,5,Expert,0.37735360253530714,0.09433840063382679,1.0,3.0,56,3,48,2,0,1,True,True,True,True
Full Model,4,20,A,10.0,6,40.0,60.0,0.0,96,-4,5,Expert,0.35848592240854177,0.08962148060213544,1.0,3.0,59,3,50,3,0,0,True,True,True,True
Full Model,4,21,A,10.0,8,42.857142857142854,57.142857142857146,0.0,78,-18,4,Hard,0.34056162628811465,0.17028081314405732,0.75,3.0,63,4,54,4,0,0,True,True,True,True
Full Model,4,22,P,-10.0,7,40.90909090909091,59.09090909090909,0.0,78,0,4,Hard,0.3235335449737089,0.16176677248685445,1.0,3.0,66,3,56,2,0,1,True,True,True,True
Full Model,4,23,P,-10.0,7,39.130434782608695,60.869565217391305,0.0,96,18,5,Expert,0.30735686772502346,0.07683921693125587,1.0,3.0,69,3,58,1,0,2,True,True,True,True
Full Model,4,24,P,-10.0,7,37.5,62.5,0.0,96,0,5,Expert,0.2919890243387723,0.07299725608469307,1.0,3.0,72,3,60,2,1,0,True,True,True,True
Full Model,4,25,A,10.0,6,40.0,60.0,0.0,78,-18,4,Hard,0.27738957312183365,0.13869478656091683,1.0,3.0,75,3,63,3,0,0,True,True,True,True
Full Model,4,26,P,-10.0,9,38.46153846153846,61.53846153846154,0.0,78,0,4,Hard,0.263520094465742,0.131760047232871,0.75,3.0,79,4,66,2,0,2,True,True,True,True
Full Model,4,27,P,-10.0,7,37.03703703703704,62.96296296296296,0.0,78,0,4,Hard,0.25034408974245487,0.12517204487122743,1.0,3.0,82,3,68,2,0,1,True,True,True,True
Full Model,4,28,P,-10.0,5,35.714285714285715,64.28571428571429,0.0,96,18,5,Expert,0.2378268852553321,0.059456721313833026,1.5,3.0,84,2,69,1,0,1,True,True,True,True
Full Model,4,29,A,10.0,6,37.93103448275862,62.06896551724138,0.0,78,-18,4,Hard,0.2259355409925655,0.11296777049628275,1.0,3.0,87,3,71,3,0,0,True,True,True,True
Full Model,4,30,P,-10.0,7,36.666666666666664,63.333333333333336,0.0,96,18,5,Expert,0.2146387639429372,0.0536596909857343,1.0,3.0,90,3,74,2,0,1,True,True,True,True
Full Model,4,31,A,10.0,6,38.70967741935484,61.29032258064516,0.0,96,0,5,Expert,0.20390682574579033,0.05097670643644758,1.0,3.0,93,3,77,3,0,0,True,True,True,True
Full Model,4,32,P,-10.0,7,37.5,62.5,0.0,96,0,5,Expert,0.1937114844585008,0.05,1.0,3.0,96,3,79,3,0,0,True,True,True,True
Full Model,4,33,P,-10.0,7,36.36363636363637,63.63636363636363,0.0,96,0,5,Expert,0.18402591023557577,0.05,1.0,3.0,99,3,81,3,0,0,True,True,True,True
Full Model,4,34,A,10.0,6,38.23529411764706,61.76470588235294,0.0,78,-18,4,Hard,0.17482461472379698,0.08741230736189849,1.0,3.0,102,3,83,3,0,0,True,True,True,True
Full Model,4,35,A,10.0,6,40.0,60.0,0.0,78,0,4,Hard,0.16608338398760714,0.08304169199380357,1.0,3.0,105,3,85,3,0,0,True,True,True,True
Full Model,4,36,P,-10.0,5,38.888888888888886,61.111111111111114,0.0,78,0,4,Hard,0.15777921478822676,0.07888960739411338,1.5,3.0,107,2,86,1,0,1,True,True,True,True
Full Model,4,37,A,10.0,8,40.54054054054054,59.45945945945946,0.0,60,-18,3,Normal,0.14989025404881542,0.11991220323905234,0.75,3.0,111,4,89,3,0,1,True,True,True,True
Full Model,4,38,P,-10.0,7,39.473684210526315,60.526315789473685,0.0,60,0,3,Normal,0.14239574134637464,0.11391659307709973,1.0,3.0,114,3,91,1,0,2,True,True,True,True
Full Model,4,39,P,-10.0,7,38.46153846153846,61.53846153846154,0.0,78,18,4,Hard,0.1352759542790559,0.06763797713952795,1.0,3.0,117,3,93,1,1,1,True,True,True,True
Full Model,4,40,P,-10.0,7,37.5,62.5,0.0,78,0,4,Hard,0.1285121565651031,0.06425607828255155,1.0,3.0,120,3,95,2,0,1,True,True,True,True
Full Model,4,41,P,-10.0,7,36.58536585365854,63.41463414634146,0.0,96,18,5,Expert,0.12208654873684793,0.05,1.0,3.0,123,3,97,2,0,1,True,True,True,True
Full Model,4,42,A,10.0,6,38.095238095238095,61.904761904761905,0.0,78,-18,4,Hard,0.11598222130000553,0.057991110650002765,1.0,3.0,126,3,99,3,0,0,True,True,True,True
Full Model,4,43,P,-10.0,5,37.2093023255814,62.7906976744186,0.0,78,0,4,Hard,0.11018311023500525,0.055091555117502626,1.5,3.0,128,2,100,1,0,1,True,True,True,True
Full Model,4,44,P,-10.0,9,36.36363636363637,63.63636363636363,0.0,96,18,5,Expert,0.10467395472325498,0.05,0.75,3.0,132,4,103,1,0,3,True,True,True,True
Full Model,4,45,A,10.0,6,37.77777777777778,62.22222222222222,0.0,96,0,5,Expert,0.09944025698709223,0.05,1.0,3.0,135,3,105,3,0,0,True,True,True,True
Full Model,4,46,A,10.0,6,39.130434782608695,60.869565217391305,0.0,78,-18,4,Hard,0.09446824413773762,0.05,1.0,3.0,138,3,107,3,0,0,True,True,True,True
Full Model,4,47,P,-10.0,7,38.297872340425535,61.702127659574465,0.0,96,18,5,Expert,0.08974483193085074,0.05,1.0,3.0,141,3,109,1,0,2,True,True,True,True
Full Model,4,48,P,-10.0,5,37.5,62.5,0.0,96,0,5,Expert,0.0852575903343082,0.05,1.5,3.0,143,2,110,2,0,0,True,True,True,True
Full Model,4,49,P,-10.0,7,36.734693877551024,63.265306122448976,0.0,96,0,5,Expert,0.08099471081759278,0.05,1.0,3.0,146,3,113,2,0,1,True,True,True,True
Full Model,4,50,A,10.0,6,38.0,62.0,0.0,78,-18,4,Hard,0.07694497527671314,0.05,1.0,3.0,149,3,115,3,0,0,True,True,True,True
Full Model,4,51,P,-10.0,5,37.254901960784316,62.745098039215684,0.0,78,0,4,Hard,0.07309772651287748,0.05,1.5,3.0,151,2,116,1,0,1,True,True,True,True
Full Model,4,52,P,-10.0,5,36.53846153846154,63.46153846153846,0.0,96,18,5,Expert,0.0694428401872336,0.05,1.5,3.0,153,2,117,0,0,2,True,True,True,True
Full Model,4,53,A,10.0,6,37.735849056603776,62.264150943396224,0.0,78,-18,4,Hard,0.0659706981778719,0.05,1.0,3.0,156,3,118,3,0,0,True,True,True,True
Full Model,4,54,A,10.0,6,38.888888888888886,61.111111111111114,0.0,60,-18,3,Normal,0.0626721632689783,0.050137730615182646,1.0,3.0,159,3,120,3,0,0,True,True,True,True
Full Model,4,55,P,-10.0,7,38.18181818181818,61.81818181818182,0.0,78,18,4,Hard,0.059538555105529384,0.05,1.0,3.0,162,3,122,1,1,1,True,True,True,True
Full Model,4,56,A,10.0,6,39.285714285714285,60.714285714285715,0.0,78,0,4,Hard,0.05656162735025291,0.05,1.0,3.0,165,3,124,3,0,0,True,True,True,True
Full Model,4,57,A,10.0,6,40.35087719298246,59.64912280701754,0.0,60,-18,3,Normal,0.053733545982740265,0.05,0.970000147819519,2.1000003814697266,168,3,125,3,0,0,True,True,True,True
Full Model,4,58,P,-10.0,5,39.6551724137931,60.3448275862069,0.0,60,0,3,Normal,0.05104686868360325,0.05,1.5,3.0,170,2,126,0,0,2,True,True,True,True
Full Model,4,59,P,-10.0,7,38.983050847457626,61.016949152542374,0.0,60,0,3,Normal,0.05,0.05,1.0,3.0,173,3,128,1,1,1,True,True,True,True
Full Model,4,60,P,-10.0,5,38.333333333333336,61.666666666666664,0.0,78,18,4,Hard,0.05,0.05,1.5,3.0,175,2,129,0,0,2,True,True,True,True
Full Model,4,61,A,10.0,6,39.34426229508197,60.65573770491803,0.0,60,-18,3,Normal,0.05,0.05,1.0,3.0,178,3,131,3,0,0,True,True,True,True
Full Model,4,62,P,-10.0,5,38.70967741935484,61.29032258064516,0.0,60,0,3,Normal,0.05,0.05,1.5,3.0,180,2,131,1,0,1,True,True,True,True
Full Model,4,63,P,-10.0,9,38.095238095238095,61.904761904761905,0.0,78,18,4,Hard,0.05,0.05,0.75,3.0,184,4,134,2,0,2,True,True,True,True
Full Model,4,64,P,-10.0,7,37.5,62.5,0.0,96,18,5,Expert,0.05,0.05,1.0,3.0,187,3,136,2,0,1,True,True,True,True
Full Model,4,65,P,-10.0,7,36.92307692307692,63.07692307692308,0.0,96,0,5,Expert,0.05,0.05,1.0,3.0,190,3,138,2,0,1,True,True,True,True
Full Model,4,66,P,-10.0,7,36.36363636363637,63.63636363636363,0.0,100,4,5,Expert,0.05,0.05,1.0,3.0,193,3,140,3,0,0,True,True,True,True
Full Model,4,67,P,-10.0,9,35.82089552238806,64.17910447761194,0.0,100,0,5,Expert,0.05,0.05,0.75,3.0,197,4,143,2,0,2,True,True,True,True
Full Model,4,68,A,10.0,6,36.76470588235294,63.23529411764706,0.0,100,0,5,Expert,0.05,0.05,1.0,3.0,200,3,145,3,0,0,True,True,True,True
Full Model,4,69,P,-10.0,7,36.231884057971016,63.768115942028984,0.0,100,0,5,Expert,0.05,0.05,1.0,3.0,203,3,147,2,0,1,True,True,True,True
Full Model,4,70,A,10.0,6,37.142857142857146,62.857142857142854,0.0,96,-4,5,Expert,0.05,0.05,1.0,3.0,206,3,149,3,0,0,True,True,True,True
Full Model,4,71,A,10.0,6,38.028169014084504,61.971830985915496,0.0,96,0,5,Expert,0.05,0.05,1.0,3.0,209,3,151,3,0,0,True,True,True,True
Full Model,4,72,A,10.0,6,38.888888888888886,61.111111111111114,0.0,78,-18,4,Hard,0.05,0.05,1.0,3.0,212,3,153,3,0,0,True,True,True,True
Full Model,4,73,P,-10.0,11,38.35616438356164,61.64383561643836,0.0,78,0,4,Hard,0.05,0.05,0.6,3.0,217,5,157,4,0,1,True,True,True,True
Full Model,4,74,P,-10.0,5,37.83783783783784,62.16216216216216,0.0,78,0,4,Hard,0.05,0.05,1.5,3.0,219,2,158,0,0,2,True,True,True,True
Full Model,4,75,P,-10.0,7,37.333333333333336,62.666666666666664,0.0,78,0,4,Hard,0.05,0.05,1.0,3.0,222,3,160,2,0,1,True,True,True,True
Full Model,4,76,P,-10.0,7,36.8421052631579,63.1578947368421,0.0,78,0,4,Hard,0.05,0.05,0.7000001271565756,2.1000003814697266,225,3,160,3,0,0,True,True,True,True
Full Model,4,77,P,-10.0,7,36.36363636363637,63.63636363636363,0.0,78,0,4,Hard,0.05,0.05,1.0,3.0,228,3,162,1,0,2,True,True,True,True
Full Model,4,78,P,-10.0,5,35.8974358974359,64.1025641025641,0.0,96,18,5,Expert,0.05,0.05,1.5,3.0,230,2,162,1,0,1,True,True,True,True
Full Model,4,79,P,-10.0,7,35.44303797468354,64.55696202531645,0.0,96,0,5,Expert,0.05,0.05,1.0,3.0,233,3,164,3,0,0,True,True,True,True
Full Model,4,80,A,10.0,6,36.25,63.75,0.0,96,0,5,Expert,0.05,0.05,1.0,3.0,236,3,166,3,0,0,True,True,True,True
Full Model,4,81,P,-10.0,7,35.80246913580247,64.19753086419753,0.0,100,4,5,Expert,0.05,0.05,1.0,3.0,239,3,168,2,0,1,True,True,True,True
Full Model,4,82,A,10.0,6,36.58536585365854,63.41463414634146,0.0,100,0,5,Expert,0.05,0.05,1.0,3.0,242,3,170,3,0,0,True,True,True,True
Full Model,4,83,A,10.0,6,37.34939759036145,62.65060240963855,0.0,96,-4,5,Expert,0.05,0.05,1.0,3.0,245,3,172,3,0,0,True,True,True,True
Full Model,4,84,A,10.0,6,38.095238095238095,61.904761904761905,0.0,78,-18,4,Hard,0.05,0.05,1.0,3.0,248,3,174,3,0,0,True,True,True,True
Full Model,4,85,P,-10.0,5,37.64705882352941,62.35294117647059,0.0,78,0,4,Hard,0.05,0.05,1.5,3.0,250,2,175,0,1,1,True,True,True,True
Full Model,4,86,A,10.0,6,38.372093023255815,61.627906976744185,0.0,60,-18,3,Normal,0.05,0.05,0.970000147819519,2.1000003814697266,253,3,175,3,0,0,True,True,True,True
Full Model,4,87,P,-10.0,9,37.93103448275862,62.06896551724138,0.0,60,0,3,Normal,0.05,0.05,0.75,3.0,257,4,177,1,1,2,True,True,True,True
Full Model,4,88,P,-10.0,7,37.5,62.5,0.0,60,0,3,Normal,0.05,0.05,1.0,3.0,260,3,179,0,0,3,True,True,True,True
Full Model,4,89,P,-10.0,5,37.07865168539326,62.92134831460674,0.0,60,0,3,Normal,0.05,0.05,1.5,3.0,262,2,180,0,0,2,True,True,True,True
Full Model,4,90,P,-10.0,7,36.666666666666664,63.333333333333336,0.0,78,18,4,Hard,0.05,0.05,1.0,3.0,265,3,182,0,0,3,True,True,True,True
Full Model,4,91,A,10.0,8,37.362637362637365,62.637362637362635,0.0,60,-18,3,Normal,0.05,0.05,0.75,3.0,269,4,185,3,0,1,True,True,True,True
Full Model,4,92,P,-10.0,7,36.95652173913044,63.04347826086956,0.0,78,18,4,Hard,0.05,0.05,1.0,3.0,272,3,187,1,0,2,True,True,True,True
Full Model,4,93,P,-10.0,7,36.55913978494624,63.44086021505376,0.0,96,18,5,Expert,0.05,0.05,1.0,3.0,275,3,189,3,0,0,True,True,True,True
Full Model,4,94,A,10.0,6,37.234042553191486,62.765957446808514,0.0,96,0,5,Expert,0.05,0.05,1.0,3.0,278,3,190,3,0,0,True,True,True,True
Full Model,4,95,P,-10.0,7,36.8421052631579,63.1578947368421,0.0,96,0,5,Expert,0.05,0.05,1.0,3.0,281,3,192,3,0,0,True,True,True,True
Full Model,4,96,A,10.0,6,37.5,62.5,0.0,96,0,5,Expert,0.05,0.05,0.970000147819519,2.1000003814697266,284,3,193,2,0,1,True,True,True,True
Full Model,4,97,P,-10.0,5,37.11340206185567,62.88659793814433,0.0,96,0,5,Expert,0.05,0.05,1.5,3.0,286,2,193,1,0,1,True,True,True,True
Full Model,4,98,P,-10.0,7,36.734693877551024,63.265306122448976,0.0,96,0,5,Expert,0.05,0.05,1.0,3.0,289,3,195,2,0,1,True,True,True,True
Full Model,4,99,A,10.0,8,37.37373737373738,62.62626262626262,0.0,78,-18,4,Hard,0.05,0.05,0.75,3.0,293,4,198,3,0,1,True,True,True,True
Full Model,4,100,A,10.0,6,38.0,62.0,0.0,60,-18,3,Normal,0.05,0.05,1.0,3.0,296,3,200,3,0,0,True,True,True,True
Full Model,5,1,P,-10.0,5,0.0,100.0,0.0,60,10,1,Very Easy,0.95,1.0,1.5,3.0,2,2,2,0,2,0,True,True,True,True
Full Model,5,2,P,-10.0,5,0.0,100.0,0.0,70,10,1,Very Easy,0.9025,1.0,1.5,3.0,4,2,4,0,2,0,True,True,True,True
Full Model,5,3,P,-10.0,7,0.0,100.0,0.0,80,10,5,Expert,0.8573749999999999,0.21434374999999997,1.0,3.0,7,3,7,0,3,0,True,True,True,True
Full Model,5,4,P,-10.0,9,0.0,100.0,0.0,90,10,5,Expert,0.8145062499999999,0.20362656249999997,0.75,3.0,11,4,11,3,1,0,True,True,True,True
Full Model,5,5,P,-10.0,5,0.0,100.0,0.0,100,10,5,Expert,0.7737809374999999,0.19344523437499997,1.5,3.0,13,2,13,2,0,0,True,True,True,True
Full Model,5,6,P,-10.0,5,0.0,100.0,0.0,100,0,5,Expert,0.7350918906249998,0.18377297265624995,1.5,3.0,15,2,15,1,0,1,True,True,True,True
Full Model,5,7,A,10.0,6,14.285714285714286,85.71428571428571,0.0,100,0,5,Expert,0.6983372960937497,0.17458432402343743,1.0,3.0,18,3,18,3,0,0,True,True,True,True
Full Model,5,8,P,-10.0,7,12.5,87.5,0.0,100,0,5,Expert,0.6634204312890623,0.16585510782226556,1.0,3.0,21,3,20,3,0,0,True,True,True,True
Full Model,5,9,A,10.0,6,22.22222222222222,77.77777777777777,0.0,100,0,5,Expert,0.6302494097246091,0.15756235243115227,1.0,3.0,24,3,23,3,0,0,True,True,True,True
Full Model,5,10,A,10.0,8,30.0,70.0,0.0,96,-4,5,Expert,0.5987369392383786,0.14968423480959464,0.75,3.0,28,4,26,3,0,1,True,True,True,True
Full Model,5,11,A,10.0,10,36.36363636363637,63.63636363636363,0.0,78,-18,4,Hard,0.5688000922764596,0.2844000461382298,0.6,3.0,33,5,30,3,0,2,True,True,True,True
Full Model,5,12,A,10.0,8,41.666666666666664,58.333333333333336,0.0,60,-18,3,Normal,0.5403600876626365,0.4322880701301093,0.75,3.0,37,4,33,3,1,0,True,True,True,True
Full Model,5,13,P,-10.0,11,38.46153846153846,61.53846153846154,0.0,60,0,3,Normal,0.5133420832795047,0.4106736666236038,0.6,3.0,42,5,38,1,3,1,True,True,True,True
Full Model,5,14,P,-10.0,9,35.714285714285715,64.28571428571429,0.0,60,0,3,Normal,0.48767497911552943,0.39013998329242355,0.75,3.0,46,4,42,2,0,2,True,True,True,True
Full Model,5,15,P,-10.0,5,33.333333333333336,66.66666666666667,0.0,60,0,3,Normal,0.46329123015975293,0.3706329841278024,1.5,3.0,48,2,44,0,1,1,True,True,True,True
Full Model,5,16,P,-10.0,9,31.25,68.75,0.0,60,0,3,Normal,0.44012666865176525,0.3521013349214122,0.75,3.0,52,4,48,2,1,1,True,True,True,True
Full Model,5,17,P,-10.0,7,29.41176470588235,70.58823529411765,0.0,78,18,4,Hard,0.41812033521917696,0.20906016760958848,1.0,3.0,55,3,50,1,1,1,True,True,True,True
Full Model,5,18,A,10.0,6,33.333333333333336,66.66666666666667,0.0,60,-18,3,Normal,0.3972143184582181,0.3177714547665745,1.0,3.0,58,3,53,3,0,0,True,True,True,True
Full Model,5,19,A,10.0,12,36.8421052631579,63.1578947368421,0.0,60,0,3,Normal,0.37735360253530714,0.30188288202824576,0.5,3.0,64,6,58,1,1,4,True,True,True,True
Full Model,5,20,P,-10.0,7,35.0,65.0,0.0,78,18,4,Hard,0.35848592240854177,0.17924296120427088,1.0,3.0,67,3,60,1,1,1,True,True,True,True
Full Model,5,21,P,-10.0,9,33.333333333333336,66.66666666666667,0.0,96,18,5,Expert,0.34056162628811465,0.08514040657202866,0.75,3.0,71,4,63,1,0,3,True,True,True,True
Full Model,5,22,A,10.0,6,36.36363636363637,63.63636363636363,0.0,96,0,5,Expert,0.3235335449737089,0.08088338624342722,0.970000147819519,2.1000003814697266,74,3,63,3,0,0,True,True,True,True
Full Model,5,23,A,10.0,6,39.130434782608695,60.869565217391305,0.0,78,-18,4,Hard,0.30735686772502346,0.15367843386251173,1.0,3.0,77,3,65,3,0,0,True,True,True,True
Full Model,5,24,P,-10.0,7,37.5,62.5,0.0,78,0,4,Hard,0.2919890243387723,0.14599451216938614,1.0,3.0,80,3,67,2,0,1,True,True,True,True
Full Model,5,25,A,10.0,8,40.0,60.0,0.0,60,-18,3,Normal,0.27738957312183365,0.22191165849746694,0.75,3.0,84,4,70,3,0,1,True,True,True,True
Full Model,5,26,P,-10.0,9,38.46153846153846,61.53846153846154,0.0,60,0,3,Normal,0.263520094465742,0.2108160755725936,0.75,3.0,88,4,73,2,0,2,True,True,True,True
Full Model,5,27,P,-10.0,9,37.03703703703704,62.96296296296296,0.0,60,0,3,Normal,0.25034408974245487,0.2002752717939639,0.75,3.0,92,4,76,1,1,2,True,True,True,True
Full Model,5,28,P,-10.0,7,35.714285714285715,64.28571428571429,0.0,78,18,4,Hard,0.2378268852553321,0.11891344262766605,1.0,3.0,95,3,78,1,0,2,True,True,True,True
Full Model,5,29,P,-10.0,7,34.48275862068966,65.51724137931035,0.0,96,18,5,Expert,0.2259355409925655,0.05648388524814137,1.0,3.0,98,3,80,2,0,1,True,True,True,True
Full Model,5,30,P,-10.0,7,33.333333333333336,66.66666666666667,0.0,96,0,5,Expert,0.2146387639429372,0.0536596909857343,1.0,3.0,101,3,83,2,0,1,True,True,True,True
Full Model,5,31,A,10.0,6,35.483870967741936,64.51612903225806,0.0,78,-18,4,Hard,0.20390682574579033,0.10195341287289517,1.0,3.0,104,3,85,3,0,0,True,True,True,True
Full Model,5,32,A,10.0,6,37.5,62.5,0.0,78,0,4,Hard,0.1937114844585008,0.0968557422292504,1.0,3.0,107,3,87,3,0,0,True,True,True,True
Full Model,5,33,P,-10.0,5,36.36363636363637,63.63636363636363,0.0,96,18,5,Expert,0.18402591023557577,0.05,1.5,3.0,109,2,88,2,0,0,True,True,True,True
Full Model,5,34,A,10.0,8,38.23529411764706,61.76470588235294,0.0,78,-18,4,Hard,0.17482461472379698,0.08741230736189849,0.75,3.0,113,4,91,3,0,1,True,True,True,True
Full Model,5,35,A,10.0,6,40.0,60.0,0.0,78,0,4,Hard,0.16608338398760714,0.08304169199380357,1.0,3.0,116,3,93,3,0,0,True,True,True,True
Full Model,5,36,A,10.0,6,41.666666666666664,58.333333333333336,0.0,60,-18,3,Normal,0.15777921478822676,0.1262233718305814,1.0,3.0,119,3,96,3,0,0,True,True,True,True
Full Model,5,37,P,-10.0,7,40.54054054054054,59.45945945945946,0.0,60,0,3,Normal,0.14989025404881542,0.11991220323905234,1.0,3.0,122,3,98,1,1,1,True,True,True,True
Full Model,5,38,P,-10.0,5,39.473684210526315,60.526315789473685,0.0,60,0,3,Normal,0.14239574134637464,0.11391659307709973,1.5,3.0,124,2,99,1,0,1,True,True,True,True
Full Model,5,39,P,-10.0,7,38.46153846153846,61.53846153846154,0.0,60,0,3,Normal,0.1352759542790559,0.10822076342324471,1.0,3.0,127,3,101,0,1,2,True,True,True,True
Full Model,5,40,P,-10.0,13,37.5,62.5,0.0,60,0,3,Normal,0.1285121565651031,0.10280972525208248,0.5,3.0,133,6,106,2,1,3,True,True,True,True
Full Model,5,41,P,-10.0,7,36.58536585365854,63.41463414634146,0.0,78,18,4,Hard,0.12208654873684793,0.061043274368423966,1.0,3.0,136,3,108,0,0,3,True,True,True,True
Full Model,5,42,P,-10.0,5,35.714285714285715,64.28571428571429,0.0,96,18,5,Expert,0.11598222130000553,0.05,1.5,3.0,138,2,109,1,0,1,True,True,True,True
Full Model,5,43,A,10.0,6,37.2093023255814,62.7906976744186,0.0,78,-18,4,Hard,0.11018311023500525,0.055091555117502626,1.0,3.0,141,3,111,3,0,0,True,True,True,True
Full Model,5,44,A,10.0,6,38.63636363636363,61.36363636363637,0.0,78,0,4,Hard,0.10467395472325498,0.05233697736162749,1.0,3.0,144,3,113,3,0,0,True,True,True,True
Full Model,5,45,A,10.0,8,40.0,60.0,0.0,78,0,4,Hard,0.09944025698709223,0.05,0.75,3.0,148,4,116,3,0,1,True,True,True,True
Full Model,5,46,P,-10.0,9,39.130434782608695,60.869565217391305,0.0,96,18,5,Expert,0.09446824413773762,0.05,0.75,3.0,152,4,119,2,0,2,True,True,True,True
Full Model,5,47,P,-10.0,5,38.297872340425535,61.702127659574465,0.0,96,0,5,Expert,0.08974483193085074,0.05,1.5,3.0,154,2,120,2,0,0,True,True,True,True
Full Model,5,48,P,-10.0,7,37.5,62.5,0.0,96,0,5,Expert,0.0852575903343082,0.05,1.0,3.0,157,3,122,3,0,0,True,True,True,True
Full Model,5,49,A,10.0,6,38.775510204081634,61.224489795918366,0.0,78,-18,4,Hard,0.08099471081759278,0.05,1.0,3.0,160,3,124,3,0,0,True,True,True,True
Full Model,5,50,A,10.0,6,40.0,60.0,0.0,60,-18,3,Normal,0.07694497527671314,0.061555980221370515,1.0,3.0,163,3,126,3,0,0,True,True,True,True
Full Model,5,51,P,-10.0,5,39.21568627450981,60.78431372549019,0.0,60,0,3,Normal,0.07309772651287748,0.05847818121030199,1.5,3.0,165,2,128,1,0,1,True,True,True,True
Full Model,5,52,A,10.0,8,40.38461538461539,59.61538461538461,0.0,42,-18,2,Easy,0.0694428401872336,0.07638712420595696,0.75,3.0,169,4,131,1,0,3,True,True,True,True
Full Model,5,53,P,-10.0,5,39.62264150943396,60.37735849056604,0.0,60,18,3,Normal,0.0659706981778719,0.05277655854229753,1.5,3.0,171,2,132,0,0,2,True,True,True,True
Full Model,5,54,P,-10.0,5,38.888888888888886,61.111111111111114,0.0,78,18,4,Hard,0.0626721632689783,0.05,1.5,3.0,173,2,133,0,0,2,True,True,True,True
Full Model,5,55,A,10.0,6,40.0,60.0,0.0,78,0,4,Hard,0.059538555105529384,0.05,1.0,3.0,176,3,135,3,0,0,True,True,True,True
Full Model,5,56,A,10.0,8,41.07142857142857,58.92857142857143,0.0,60,-18,3,Normal,0.05656162735025291,0.05,0.75,3.0,180,4,138,3,0,1,True,True,True,True
Full Model,5,57,P,-10.0,7,40.35087719298246,59.64912280701754,0.0,60,0,3,Normal,0.053733545982740265,0.05,1.0,3.0,183,3,140,2,0,1,True,True,True,True
Full Model,5,58,P,-10.0,7,39.6551724137931,60.3448275862069,0.0,60,0,3,Normal,0.05104686868360325,0.05,1.0,3.0,186,3,142,0,0,3,True,True,True,True
Full Model,5,59,P,-10.0,5,38.983050847457626,61.016949152542374,0.0,78,18,4,Hard,0.05,0.05,1.5,3.0,188,2,143,0,0,2,True,True,True,True
Full Model,5,60,P,-10.0,7,38.333333333333336,61.666666666666664,0.0,96,18,5,Expert,0.05,0.05,1.0,3.0,191,3,145,1,0,2,True,True,True,True
Full Model,5,61,A,10.0,6,39.34426229508197,60.65573770491803,0.0,78,-18,4,Hard,0.05,0.05,1.0,3.0,194,3,147,3,0,0,True,True,True,True
Full Model,5,62,P,-10.0,9,38.70967741935484,61.29032258064516,0.0,96,18,5,Expert,0.05,0.05,0.75,3.0,198,4,150,1,0,3,True,True,True,True
Full Model,5,63,P,-10.0,7,38.095238095238095,61.904761904761905,0.0,96,0,5,Expert,0.05,0.05,1.0,3.0,201,3,152,3,0,0,True,True,True,True
Full Model,5,64,P,-10.0,7,37.5,62.5,0.0,96,0,5,Expert,0.05,0.05,1.0,3.0,204,3,154,2,0,1,True,True,True,True
Full Model,5,65,A,10.0,6,38.46153846153846,61.53846153846154,0.0,96,0,5,Expert,0.05,0.05,1.0,3.0,207,3,156,3,0,0,True,True,True,True
Full Model,5,66,P,-10.0,7,37.878787878787875,62.121212121212125,0.0,100,4,5,Expert,0.05,0.05,1.0,3.0,210,3,158,2,0,1,True,True,True,True
Full Model,5,67,P,-10.0,9,37.3134328358209,62.6865671641791,0.0,100,0,5,Expert,0.05,0.05,0.75,3.0,214,4,161,2,0,2,True,True,True,True
Full Model,5,68,A,10.0,8,38.23529411764706,61.76470588235294,0.0,96,-4,5,Expert,0.05,0.05,0.75,3.0,218,4,164,4,0,0,True,True,True,True
Full Model,5,69,P,-10.0,5,37.68115942028985,62.31884057971015,0.0,96,0,5,Expert,0.05,0.05,1.0500001907348633,2.1000003814697266,220,2,164,2,0,0,True,True,True,True
Full Model,5,70,A,10.0,6,38.57142857142857,61.42857142857143,0.0,78,-18,4,Hard,0.05,0.05,1.0,3.0,223,3,166,3,0,0,True,True,True,True
Full Model,5,71,A,10.0,6,39.436619718309856,60.563380281690144,0.0,78,0,4,Hard,0.05,0.05,1.0,3.0,226,3,168,3,0,0,True,True,True,True
Full Model,5,72,P,-10.0,11,38.888888888888886,61.111111111111114,0.0,78,0,4,Hard,0.05,0.05,0.6,3.0,231,5,172,2,2,1,True,True,True,True
Full Model,5,73,P,-10.0,7,38.35616438356164,61.64383561643836,0.0,78,0,4,Hard,0.05,0.05,1.0,3.0,234,3,174,1,0,2,True,True,True,True
Full Model,5,74,A,10.0,8,39.189189189189186,60.810810810810814,0.0,60,-18,3,Normal,0.05,0.05,0.75,3.0,238,4,177,3,0,1,True,True,True,True
Full Model,5,75,P,-10.0,5,38.666666666666664,61.333333333333336,0.0,78,18,4,Hard,0.05,0.05,1.5,3.0,240,2,178,1,1,0,True,True,True,True
Full Model,5,76,P,-10.0,7,38.1578947368421,61.8421052631579,0.0,78,0,4,Hard,0.05,0.05,1.0,3.0,243,3,180,2,0,1,True,True,True,True
Full Model,5,77,A,10.0,6,38.96103896103896,61.03896103896104,0.0,60,-18,3,Normal,0.05,0.05,1.0,3.0,246,3,180,3,0,0,True,True,True,True
Full Model,5,78,P,-10.0,7,38.46153846153846,61.53846153846154,0.0,78,18,4,Hard,0.05,0.05,1.0,3.0,249,3,182,1,0,2,True,True,True,True
Full Model,5,79,A,10.0,6,39.24050632911393,60.75949367088607,0.0,60,-18,3,Normal,0.05,0.05,0.970000147819519,2.1000003814697266,252,3,182,3,0,0,True,True,True,True
Full Model,5,80,P,-10.0,7,38.75,61.25,0.0,78,18,4,Hard,0.05,0.05,1.0,3.0,255,3,184,0,0,3,True,True,True,True
Full Model,5,81,A,10.0,8,39.50617283950617,60.49382716049383,0.0,78,0,4,Hard,0.05,0.05,0.75,3.0,259,4,186,2,1,1,True,True,True,True
Full Model,5,82,P,-10.0,5,39.02439024390244,60.97560975609756,0.0,78,0,4,Hard,0.05,0.05,1.5,3.0,261,2,187,1,0,1,True,True,True,True
Full Model,5,83,A,10.0,12,39.75903614457831,60.24096385542169,0.0,60,-18,3,Normal,0.05,0.05,0.5,3.0,267,6,192,4,0,2,True,True,True,True
Full Model,5,84,P,-10.0,9,39.285714285714285,60.714285714285715,0.0,78,18,4,Hard,0.05,0.05,0.75,3.0,271,4,195,0,1,3,True,True,True,True
Full Model,5,85,P,-10.0,7,38.8235294117647,61.1764705882353,0.0,78,0,4,Hard,0.05,0.05,1.0,3.0,274,3,197,2,1,0,True,True,True,True
Full Model,5,86,P,-10.0,5,38.372093023255815,61.627906976744185,0.0,78,0,4,Hard,0.05,0.05,1.5,3.0,276,2,198,1,0,1,True,True,True,True
Full Model,5,87,P,-10.0,5,37.93103448275862,62.06896551724138,0.0,96,18,5,Expert,0.05,0.05,1.5,3.0,278,2,199,1,1,0,True,True,True,True
Full Model,5,88,A,10.0,6,38.63636363636363,61.36363636363637,0.0,78,-18,4,Hard,0.05,0.05,1.0,3.0,281,3,201,3,0,0,True,True,True,True
Full Model,5,89,P,-10.0,9,38.20224719101124,61.79775280898876,0.0,96,18,5,Expert,0.05,0.05,0.75,3.0,285,4,203,2,0,2,True,True,True,True
Full Model,5,90,A,10.0,8,38.888888888888886,61.111111111111114,0.0,78,-18,4,Hard,0.05,0.05,0.75,3.0,289,4,206,3,0,1,True,True,True,True
Full Model,5,91,P,-10.0,7,38.46153846153846,61.53846153846154,0.0,96,18,5,Expert,0.05,0.05,1.0,3.0,292,3,208,2,0,1,True,True,True,True
Full Model,5,92,P,-10.0,7,38.04347826086956,61.95652173913044,0.0,96,0,5,Expert,0.05,0.05,1.0,3.0,295,3,210,3,0,0,True,True,True,True
Full Model,5,93,P,-10.0,5,37.634408602150536,62.365591397849464,0.0,100,4,5,Expert,0.05,0.05,1.5,3.0,297,2,211,2,0,0,True,True,True,True
Full Model,5,94,A,10.0,6,38.297872340425535,61.702127659574465,0.0,96,-4,5,Expert,0.05,0.05,1.0,3.0,300,3,213,3,0,0,True,True,True,True
Full Model,5,95,A,10.0,6,38.94736842105263,61.05263157894737,0.0,78,-18,4,Hard,0.05,0.05,0.970000147819519,2.1000003814697266,303,3,213,3,0,0,True,True,True,True
Full Model,5,96,A,10.0,6,39.583333333333336,60.416666666666664,0.0,60,-18,3,Normal,0.05,0.05,1.0,3.0,306,3,215,3,0,0,True,True,True,True
Full Model,5,97,A,10.0,6,40.20618556701031,59.79381443298969,0.0,42,-18,2,Easy,0.05,0.05500000000000001,1.0,3.0,309,3,217,1,0,2,True,True,True,True
Full Model,5,98,P,-10.0,5,39.795918367346935,60.204081632653065,0.0,60,18,3,Normal,0.05,0.05,1.5,3.0,311,2,218,1,0,1,True,True,True,True
Full Model,5,99,A,10.0,8,40.4040404040404,59.5959595959596,0.0,42,-18,2,Easy,0.05,0.05500000000000001,0.75,3.0,315,4,221,2,1,1,True,True,True,True
Full Model,5,100,P,-10.0,5,40.0,60.0,0.0,60,18,3,Normal,0.05,0.05,1.5,3.0,317,2,222,0,0,2,True,True,True,True
Without Tactical Policy,1,1,P,-10.0,5,0.0,100.0,0.0,60,10,1,Very Easy,0.95,1.0,1.5,3.0,2,2,2,0,2,0,True,False,True,True
Without Tactical Policy,1,2,P,-10.0,7,0.0,100.0,0.0,70,10,1,Very Easy,0.9025,1.0,1.0,3.0,5,3,5,0,3,0,True,False,True,True
Without Tactical Policy,1,3,P,-10.0,7,0.0,100.0,0.0,80,10,5,Expert,0.8573749999999999,0.21434374999999997,1.0,3.0,8,3,8,0,3,0,True,False,True,True
Without Tactical Policy,1,4,P,-10.0,5,0.0,100.0,0.0,90,10,5,Expert,0.8145062499999999,0.20362656249999997,1.5,3.0,10,2,10,0,1,1,True,False,True,True
Without Tactical Policy,1,5,P,-10.0,11,0.0,100.0,0.0,100,10,5,Expert,0.7737809374999999,0.19344523437499997,0.6,3.0,15,5,15,0,1,4,True,False,True,True
Without Tactical Policy,1,6,P,-10.0,9,0.0,100.0,0.0,100,0,5,Expert,0.7350918906249998,0.18377297265624995,0.75,3.0,19,4,19,0,2,2,True,False,True,True
Without Tactical Policy,1,7,P,-10.0,5,0.0,100.0,0.0,100,0,5,Expert,0.6983372960937497,0.17458432402343743,1.5,3.0,21,2,20,0,0,2,True,False,True,True
Without Tactical Policy,1,8,P,-10.0,7,0.0,100.0,0.0,100,0,5,Expert,0.6634204312890623,0.16585510782226556,1.0,3.0,24,3,22,0,0,3,True,False,True,True
Without Tactical Policy,1,9,P,-10.0,7,0.0,100.0,0.0,100,0,5,Expert,0.6302494097246091,0.15756235243115227,1.0,3.0,27,3,24,0,0,3,True,False,True,True
Without Tactical Policy,1,10,P,-10.0,5,0.0,100.0,0.0,100,0,5,Expert,0.5987369392383786,0.14968423480959464,1.5,3.0,29,2,26,0,0,2,True,False,True,True
Without Tactical Policy,1,11,P,-10.0,9,0.0,100.0,0.0,100,0,5,Expert,0.5688000922764596,0.1422000230691149,0.75,3.0,33,4,30,0,0,4,True,False,True,True
Without Tactical Policy,1,12,P,-10.0,5,0.0,100.0,0.0,100,0,5,Expert,0.5403600876626365,0.13509002191565914,1.5,3.0,35,2,32,0,0,2,True,False,True,True
Without Tactical Policy,1,13,P,-10.0,5,0.0,100.0,0.0,100,0,5,Expert,0.5133420832795047,0.12833552081987618,1.5,3.0,37,2,33,0,0,2,True,False,True,True
Without Tactical Policy,1,14,P,-10.0,7,0.0,100.0,0.0,100,0,5,Expert,0.48767497911552943,0.12191874477888236,1.0,3.0,40,3,36,0,1,2,True,False,True,True
Without Tactical Policy,1,15,P,-10.0,7,0.0,100.0,0.0,100,0,5,Expert,0.46329123015975293,0.11582280753993823,1.0,3.0,43,3,38,0,0,3,True,False,True,True
Without Tactical Policy,1,16,P,-10.0,5,0.0,100.0,0.0,100,0,5,Expert,0.44012666865176525,0.11003166716294131,1.5,3.0,45,2,40,0,0,2,True,False,True,True
Without Tactical Policy,1,17,P,-10.0,5,0.0,100.0,0.0,100,0,5,Expert,0.41812033521917696,0.10453008380479424,1.5,3.0,47,2,42,0,1,1,True,False,True,True
Without Tactical Policy,1,18,P,-10.0,7,0.0,100.0,0.0,100,0,5,Expert,0.3972143184582181,0.09930357961455452,1.0,3.0,50,3,45,0,0,3,True,False,True,True
Without Tactical Policy,1,19,P,-10.0,7,0.0,100.0,0.0,100,0,5,Expert,0.37735360253530714,0.09433840063382679,1.0,3.0,53,3,47,0,3,0,True,False,True,True
Without Tactical Policy,1,20,P,-10.0,9,0.0,100.0,0.0,100,0,5,Expert,0.35848592240854177,0.08962148060213544,0.75,3.0,57,4,50,0,0,4,True,False,True,True
Without Tactical Policy,1,21,P,-10.0,11,0.0,100.0,0.0,100,0,5,Expert,0.34056162628811465,0.08514040657202866,0.6,3.0,62,5,54,0,0,5,True,False,True,True
Without Tactical Policy,1,22,P,-10.0,5,0.0,100.0,0.0,100,0,5,Expert,0.3235335449737089,0.08088338624342722,1.5,3.0,64,2,55,0,0,2,True,False,True,True
Without Tactical Policy,1,23,P,-10.0,9,0.0,100.0,0.0,100,0,5,Expert,0.30735686772502346,0.07683921693125587,0.75,3.0,68,4,58,0,1,3,True,False,True,True
Without Tactical Policy,1,24,P,-10.0,7,0.0,100.0,0.0,100,0,5,Expert,0.2919890243387723,0.07299725608469307,1.0,3.0,71,3,60,0,0,3,True,False,True,True
Without Tactical Policy,1,25,P,-10.0,9,0.0,100.0,0.0,100,0,5,Expert,0.27738957312183365,0.06934739328045841,0.75,3.0,75,4,63,0,1,3,True,False,True,True
Without Tactical Policy,1,26,P,-10.0,5,0.0,100.0,0.0,100,0,5,Expert,0.263520094465742,0.0658800236164355,1.5,3.0,77,2,65,0,0,2,True,False,True,True
Without Tactical Policy,1,27,P,-10.0,5,0.0,100.0,0.0,100,0,5,Expert,0.25034408974245487,0.06258602243561372,1.5,3.0,79,2,66,0,1,1,True,False,True,True
Without Tactical Policy,1,28,P,-10.0,7,0.0,100.0,0.0,100,0,5,Expert,0.2378268852553321,0.059456721313833026,1.0,3.0,82,3,68,0,0,3,True,False,True,True
Without Tactical Policy,1,29,P,-10.0,5,0.0,100.0,0.0,100,0,5,Expert,0.2259355409925655,0.05648388524814137,1.5,3.0,84,2,69,0,0,2,True,False,True,True
Without Tactical Policy,1,30,P,-10.0,7,0.0,100.0,0.0,100,0,5,Expert,0.2146387639429372,0.0536596909857343,1.0,3.0,87,3,71,0,0,3,True,False,True,True
Without Tactical Policy,1,31,P,-10.0,7,0.0,100.0,0.0,100,0,5,Expert,0.20390682574579033,0.05097670643644758,1.0,3.0,90,3,74,0,1,2,True,False,True,True
Without Tactical Policy,1,32,P,-10.0,5,0.0,100.0,0.0,100,0,5,Expert,0.1937114844585008,0.05,1.5,3.0,92,2,75,0,0,2,True,False,True,True
Without Tactical Policy,1,33,P,-10.0,5,0.0,100.0,0.0,100,0,5,Expert,0.18402591023557577,0.05,1.5,3.0,94,2,76,0,0,2,True,False,True,True
Without Tactical Policy,1,34,P,-10.0,7,0.0,100.0,0.0,100,0,5,Expert,0.17482461472379698,0.05,1.0,3.0,97,3,78,0,0,3,True,False,True,True
Without Tactical Policy,1,35,P,-10.0,7,0.0,100.0,0.0,100,0,5,Expert,0.16608338398760714,0.05,1.0,3.0,100,3,80,0,0,3,True,False,True,True
Without Tactical Policy,1,36,P,-10.0,5,0.0,100.0,0.0,100,0,5,Expert,0.15777921478822676,0.05,1.5,3.0,102,2,82,0,0,2,True,False,True,True
Without Tactical Policy,1,37,P,-10.0,7,0.0,100.0,0.0,100,0,5,Expert,0.14989025404881542,0.05,1.0,3.0,105,3,84,0,0,3,True,False,True,True
Without Tactical Policy,1,38,A,10.0,10,2.6315789473684212,97.36842105263158,0.0,100,0,5,Expert,0.14239574134637464,0.05,0.6,3.0,110,5,88,0,0,5,True,False,True,True
Without Tactical Policy,1,39,P,-10.0,5,2.5641025641025643,97.43589743589743,0.0,100,0,5,Expert,0.1352759542790559,0.05,1.5,3.0,112,2,89,0,0,2,True,False,True,True
Without Tactical Policy,1,40,P,-10.0,11,2.5,97.5,0.0,100,0,5,Expert,0.1285121565651031,0.05,0.6,3.0,117,5,93,0,0,5,True,False,True,True
Without Tactical Policy,1,41,P,-10.0,7,2.4390243902439024,97.5609756097561,0.0,100,0,5,Expert,0.12208654873684793,0.05,1.0,3.0,120,3,95,0,0,3,True,False,True,True
Without Tactical Policy,1,42,P,-10.0,7,2.380952380952381,97.61904761904762,0.0,100,0,5,Expert,0.11598222130000553,0.05,1.0,3.0,123,3,97,0,1,2,True,False,True,True
Without Tactical Policy,1,43,P,-10.0,5,2.3255813953488373,97.67441860465117,0.0,100,0,5,Expert,0.11018311023500525,0.05,1.5,3.0,125,2,98,0,0,2,True,False,True,True
Without Tactical Policy,1,44,P,-10.0,7,2.272727272727273,97.72727272727273,0.0,100,0,5,Expert,0.10467395472325498,0.05,1.0,3.0,128,3,100,0,0,3,True,False,True,True
Without Tactical Policy,1,45,P,-10.0,7,2.2222222222222223,97.77777777777777,0.0,100,0,5,Expert,0.09944025698709223,0.05,1.0,3.0,131,3,102,0,0,3,True,False,True,True
Without Tactical Policy,1,46,P,-10.0,9,2.1739130434782608,97.82608695652173,0.0,100,0,5,Expert,0.09446824413773762,0.05,0.75,3.0,135,4,105,0,0,4,True,False,True,True
Without Tactical Policy,1,47,P,-10.0,7,2.127659574468085,97.87234042553192,0.0,100,0,5,Expert,0.08974483193085074,0.05,1.0,3.0,138,3,107,0,0,3,True,False,True,True
Without Tactical Policy,1,48,P,-10.0,9,2.0833333333333335,97.91666666666667,0.0,100,0,5,Expert,0.0852575903343082,0.05,0.75,3.0,142,4,110,0,0,4,True,False,True,True
Without Tactical Policy,1,49,P,-10.0,7,2.0408163265306123,97.95918367346938,0.0,100,0,5,Expert,0.08099471081759278,0.05,1.0,3.0,145,3,112,0,0,3,True,False,True,True
Without Tactical Policy,1,50,P,-10.0,5,2.0,98.0,0.0,100,0,5,Expert,0.07694497527671314,0.05,1.5,3.0,147,2,113,0,0,2,True,False,True,True
Without Tactical Policy,1,51,P,-10.0,7,1.9607843137254901,98.03921568627452,0.0,100,0,5,Expert,0.07309772651287748,0.05,1.0,3.0,150,3,115,0,0,3,True,False,True,True
Without Tactical Policy,1,52,P,-10.0,7,1.9230769230769231,98.07692307692308,0.0,100,0,5,Expert,0.0694428401872336,0.05,1.0,3.0,153,3,117,0,0,3,True,False,True,True
Without Tactical Policy,1,53,P,-10.0,5,1.8867924528301887,98.11320754716981,0.0,100,0,5,Expert,0.0659706981778719,0.05,1.5,3.0,155,2,118,0,0,2,True,False,True,True
Without Tactical Policy,1,54,P,-10.0,7,1.8518518518518519,98.14814814814815,0.0,100,0,5,Expert,0.0626721632689783,0.05,1.0,3.0,158,3,120,0,0,3,True,False,True,True
Without Tactical Policy,1,55,P,-10.0,7,1.8181818181818181,98.18181818181819,0.0,100,0,5,Expert,0.059538555105529384,0.05,1.0,3.0,161,3,122,0,0,3,True,False,True,True
Without Tactical Policy,1,56,P,-10.0,11,1.7857142857142858,98.21428571428571,0.0,100,0,5,Expert,0.05656162735025291,0.05,0.6,3.0,166,5,126,0,0,5,True,False,True,True
Without Tactical Policy,1,57,P,-10.0,5,1.7543859649122806,98.24561403508773,0.0,100,0,5,Expert,0.053733545982740265,0.05,1.5,3.0,168,2,127,0,0,2,True,False,True,True
Without Tactical Policy,1,58,P,-10.0,5,1.7241379310344827,98.27586206896552,0.0,100,0,5,Expert,0.05104686868360325,0.05,1.5,3.0,170,2,128,0,1,1,True,False,True,True
Without Tactical Policy,1,59,P,-10.0,5,1.694915254237288,98.30508474576271,0.0,100,0,5,Expert,0.05,0.05,1.5,3.0,172,2,129,0,0,2,True,False,True,True
Without Tactical Policy,1,60,P,-10.0,9,1.6666666666666667,98.33333333333333,0.0,100,0,5,Expert,0.05,0.05,0.75,3.0,176,4,132,0,0,4,True,False,True,True
Without Tactical Policy,1,61,P,-10.0,5,1.639344262295082,98.36065573770492,0.0,100,0,5,Expert,0.05,0.05,1.5,3.0,178,2,133,0,0,2,True,False,True,True
Without Tactical Policy,1,62,P,-10.0,9,1.6129032258064515,98.38709677419355,0.0,100,0,5,Expert,0.05,0.05,0.75,3.0,182,4,136,0,0,4,True,False,True,True
Without Tactical Policy,1,63,P,-10.0,5,1.5873015873015872,98.41269841269842,0.0,100,0,5,Expert,0.05,0.05,1.5,3.0,184,2,137,0,0,2,True,False,True,True
Without Tactical Policy,1,64,P,-10.0,11,1.5625,98.4375,0.0,100,0,5,Expert,0.05,0.05,0.6,3.0,189,5,141,0,0,5,True,False,True,True
Without Tactical Policy,1,65,P,-10.0,5,1.5384615384615385,98.46153846153847,0.0,100,0,5,Expert,0.05,0.05,1.5,3.0,191,2,142,0,0,2,True,False,True,True
Without Tactical Policy,1,66,P,-10.0,5,1.5151515151515151,98.48484848484848,0.0,100,0,5,Expert,0.05,0.05,1.5,3.0,193,2,143,0,0,2,True,False,True,True
Without Tactical Policy,1,67,P,-10.0,7,1.492537313432836,98.50746268656717,0.0,100,0,5,Expert,0.05,0.05,1.0,3.0,196,3,145,0,0,3,True,False,True,True
Without Tactical Policy,1,68,P,-10.0,5,1.4705882352941178,98.52941176470588,0.0,100,0,5,Expert,0.05,0.05,1.5,3.0,198,2,146,0,0,2,True,False,True,True
Without Tactical Policy,1,69,P,-10.0,9,1.4492753623188406,98.55072463768116,0.0,100,0,5,Expert,0.05,0.05,0.75,3.0,202,4,149,0,0,4,True,False,True,True
Without Tactical Policy,1,70,P,-10.0,5,1.4285714285714286,98.57142857142857,0.0,100,0,5,Expert,0.05,0.05,1.5,3.0,204,2,150,0,1,1,True,False,True,True
Without Tactical Policy,1,71,P,-10.0,9,1.408450704225352,98.59154929577464,0.0,100,0,5,Expert,0.05,0.05,0.75,3.0,208,4,153,0,0,4,True,False,True,True
Without Tactical Policy,1,72,P,-10.0,9,1.3888888888888888,98.61111111111111,0.0,100,0,5,Expert,0.05,0.05,0.75,3.0,212,4,156,0,0,4,True,False,True,True
Without Tactical Policy,1,73,P,-10.0,5,1.36986301369863,98.63013698630137,0.0,100,0,5,Expert,0.05,0.05,1.5,3.0,214,2,157,0,0,2,True,False,True,True
Without Tactical Policy,1,74,P,-10.0,9,1.3513513513513513,98.64864864864865,0.0,100,0,5,Expert,0.05,0.05,0.75,3.0,218,4,160,0,0,4,True,False,True,True
Without Tactical Policy,1,75,P,-10.0,5,1.3333333333333333,98.66666666666667,0.0,100,0,5,Expert,0.05,0.05,1.5,3.0,220,2,161,0,0,2,True,False,True,True
Without Tactical Policy,1,76,P,-10.0,5,1.3157894736842106,98.6842105263158,0.0,100,0,5,Expert,0.05,0.05,1.5,3.0,222,2,162,0,0,2,True,False,True,True
Without Tactical Policy,1,77,P,-10.0,7,1.2987012987012987,98.7012987012987,0.0,100,0,5,Expert,0.05,0.05,1.0,3.0,225,3,164,0,0,3,True,False,True,True
Without Tactical Policy,1,78,P,-10.0,9,1.2820512820512822,98.71794871794872,0.0,100,0,5,Expert,0.05,0.05,0.75,3.0,229,4,167,0,0,4,True,False,True,True
Without Tactical Policy,1,79,P,-10.0,7,1.2658227848101267,98.73417721518987,0.0,100,0,5,Expert,0.05,0.05,1.0,3.0,232,3,169,0,0,3,True,False,True,True
Without Tactical Policy,1,80,P,-10.0,5,1.25,98.75,0.0,100,0,5,Expert,0.05,0.05,1.5,3.0,234,2,170,0,0,2,True,False,True,True
Without Tactical Policy,1,81,P,-10.0,5,1.2345679012345678,98.76543209876543,0.0,100,0,5,Expert,0.05,0.05,1.5,3.0,236,2,171,0,0,2,True,False,True,True
Without Tactical Policy,1,82,P,-10.0,7,1.2195121951219512,98.78048780487805,0.0,100,0,5,Expert,0.05,0.05,1.0,3.0,239,3,173,0,0,3,True,False,True,True
Without Tactical Policy,1,83,P,-10.0,7,1.2048192771084338,98.79518072289157,0.0,100,0,5,Expert,0.05,0.05,1.0,3.0,242,3,175,0,0,3,True,False,True,True
Without Tactical Policy,1,84,P,-10.0,7,1.1904761904761905,98.80952380952381,0.0,100,0,5,Expert,0.05,0.05,1.0,3.0,245,3,177,0,0,3,True,False,True,True
Without Tactical Policy,1,85,P,-10.0,5,1.1764705882352942,98.82352941176471,0.0,100,0,5,Expert,0.05,0.05,1.5,3.0,247,2,178,0,1,1,True,False,True,True
Without Tactical Policy,1,86,P,-10.0,5,1.1627906976744187,98.83720930232558,0.0,100,0,5,Expert,0.05,0.05,1.5,3.0,249,2,179,0,0,2,True,False,True,True
Without Tactical Policy,1,87,P,-10.0,9,1.1494252873563218,98.85057471264368,0.0,100,0,5,Expert,0.05,0.05,0.75,3.0,253,4,182,0,1,3,True,False,True,True
Without Tactical Policy,1,88,P,-10.0,7,1.1363636363636365,98.86363636363636,0.0,100,0,5,Expert,0.05,0.05,1.0,3.0,256,3,184,0,0,3,True,False,True,True
Without Tactical Policy,1,89,P,-10.0,7,1.1235955056179776,98.87640449438203,0.0,100,0,5,Expert,0.05,0.05,1.0,3.0,259,3,186,0,0,3,True,False,True,True
Without Tactical Policy,1,90,P,-10.0,9,1.1111111111111112,98.88888888888889,0.0,100,0,5,Expert,0.05,0.05,0.75,3.0,263,4,189,0,0,4,True,False,True,True
Without Tactical Policy,1,91,P,-10.0,9,1.098901098901099,98.9010989010989,0.0,100,0,5,Expert,0.05,0.05,0.75,3.0,267,4,192,0,0,4,True,False,True,True
Without Tactical Policy,1,92,P,-10.0,7,1.0869565217391304,98.91304347826087,0.0,100,0,5,Expert,0.05,0.05,1.0,3.0,270,3,194,0,0,3,True,False,True,True
Without Tactical Policy,1,93,P,-10.0,9,1.075268817204301,98.9247311827957,0.0,100,0,5,Expert,0.05,0.05,0.75,3.0,274,4,197,0,0,4,True,False,True,True
Without Tactical Policy,1,94,P,-10.0,9,1.0638297872340425,98.93617021276596,0.0,100,0,5,Expert,0.05,0.05,0.75,3.0,278,4,200,0,0,4,True,False,True,True
Without Tactical Policy,1,95,P,-10.0,7,1.0526315789473684,98.94736842105263,0.0,100,0,5,Expert,0.05,0.05,1.0,3.0,281,3,202,0,0,3,True,False,True,True
Without Tactical Policy,1,96,P,-10.0,5,1.0416666666666667,98.95833333333333,0.0,100,0,5,Expert,0.05,0.05,1.5,3.0,283,2,203,0,0,2,True,False,True,True
Without Tactical Policy,1,97,P,-10.0,7,1.0309278350515463,98.96907216494846,0.0,100,0,5,Expert,0.05,0.05,1.0,3.0,286,3,205,0,0,3,True,False,True,True
Without Tactical Policy,1,98,P,-10.0,7,1.0204081632653061,98.9795918367347,0.0,100,0,5,Expert,0.05,0.05,1.0,3.0,289,3,207,0,0,3,True,False,True,True
Without Tactical Policy,1,99,P,-10.0,7,1.0101010101010102,98.98989898989899,0.0,100,0,5,Expert,0.05,0.05,1.0,3.0,292,3,208,0,1,2,True,False,True,True
Without Tactical Policy,1,100,P,-10.0,7,1.0,99.0,0.0,100,0,5,Expert,0.05,0.05,1.0,3.0,295,3,210,0,0,3,True,False,True,True
Without Tactical Policy,2,1,A,10.0,8,100.0,0.0,0.0,42,-8,1,Very Easy,0.95,1.0,0.75,3.0,4,4,4,0,4,0,True,False,True,True
Without Tactical Policy,2,2,P,-10.0,11,50.0,50.0,0.0,52,10,1,Very Easy,0.9025,1.0,0.6,3.0,9,5,8,0,5,0,True,False,True,True
Without Tactical Policy,2,3,P,-10.0,7,33.333333333333336,66.66666666666667,0.0,62,10,3,Normal,0.8573749999999999,0.6859,1.0,3.0,12,3,11,0,3,0,True,False,True,True
Without Tactical Policy,2,4,P,-10.0,5,25.0,75.0,0.0,72,10,4,Hard,0.8145062499999999,0.40725312499999994,1.5,3.0,14,2,13,0,2,0,True,False,True,True
Without Tactical Policy,2,5,P,-10.0,9,20.0,80.0,0.0,82,10,5,Expert,0.7737809374999999,0.19344523437499997,0.75,3.0,18,4,17,0,1,3,True,False,True,True
Without Tactical Policy,2,6,P,-10.0,11,16.666666666666668,83.33333333333333,0.0,92,10,5,Expert,0.7350918906249998,0.18377297265624995,0.6,3.0,23,5,21,0,0,5,True,False,True,True
Without Tactical Policy,2,7,P,-10.0,9,14.285714285714286,85.71428571428571,0.0,100,8,5,Expert,0.6983372960937497,0.17458432402343743,0.75,3.0,27,4,24,0,0,4,True,False,True,True
Without Tactical Policy,2,8,P,-10.0,5,12.5,87.5,0.0,100,0,5,Expert,0.6634204312890623,0.16585510782226556,1.5,3.0,29,2,26,0,0,2,True,False,True,True
Without Tactical Policy,2,9,P,-10.0,5,11.11111111111111,88.88888888888889,0.0,100,0,5,Expert,0.6302494097246091,0.15756235243115227,1.5,3.0,31,2,28,0,0,2,True,False,True,True
Without Tactical Policy,2,10,P,-10.0,9,10.0,90.0,0.0,100,0,5,Expert,0.5987369392383786,0.14968423480959464,0.75,3.0,35,4,32,0,0,4,True,False,True,True
Without Tactical Policy,2,11,P,-10.0,9,9.090909090909092,90.9090909090909,0.0,100,0,5,Expert,0.5688000922764596,0.1422000230691149,0.75,3.0,39,4,36,0,1,3,True,False,True,True
Without Tactical Policy,2,12,P,-10.0,5,8.333333333333334,91.66666666666667,0.0,100,0,5,Expert,0.5403600876626365,0.13509002191565914,1.5,3.0,41,2,38,0,0,2,True,False,True,True
Without Tactical Policy,2,13,P,-10.0,5,7.6923076923076925,92.3076923076923,0.0,100,0,5,Expert,0.5133420832795047,0.12833552081987618,1.5,3.0,43,2,39,0,1,1,True,False,True,True
Without Tactical Policy,2,14,P,-10.0,9,7.142857142857143,92.85714285714286,0.0,100,0,5,Expert,0.48767497911552943,0.12191874477888236,0.75,3.0,47,4,43,0,2,2,True,False,True,True
Without Tactical Policy,2,15,P,-10.0,9,6.666666666666667,93.33333333333333,0.0,100,0,5,Expert,0.46329123015975293,0.11582280753993823,0.75,3.0,51,4,46,0,1,3,True,False,True,True
Without Tactical Policy,2,16,P,-10.0,9,6.25,93.75,0.0,100,0,5,Expert,0.44012666865176525,0.11003166716294131,0.75,3.0,55,4,49,0,0,4,True,False,True,True
Without Tactical Policy,2,17,P,-10.0,5,5.882352941176471,94.11764705882354,0.0,100,0,5,Expert,0.41812033521917696,0.10453008380479424,1.5,3.0,57,2,51,0,0,2,True,False,True,True
Without Tactical Policy,2,18,P,-10.0,9,5.555555555555555,94.44444444444444,0.0,100,0,5,Expert,0.3972143184582181,0.09930357961455452,0.75,3.0,61,4,54,0,0,4,True,False,True,True
Without Tactical Policy,2,19,P,-10.0,5,5.2631578947368425,94.73684210526316,0.0,100,0,5,Expert,0.37735360253530714,0.09433840063382679,1.5,3.0,63,2,55,0,1,1,True,False,True,True
Without Tactical Policy,2,20,P,-10.0,5,5.0,95.0,0.0,100,0,5,Expert,0.35848592240854177,0.08962148060213544,1.5,3.0,65,2,57,0,0,2,True,False,True,True
Without Tactical Policy,2,21,P,-10.0,7,4.761904761904762,95.23809523809524,0.0,100,0,5,Expert,0.34056162628811465,0.08514040657202866,1.0,3.0,68,3,59,0,0,3,True,False,True,True
Without Tactical Policy,2,22,P,-10.0,5,4.545454545454546,95.45454545454545,0.0,100,0,5,Expert,0.3235335449737089,0.08088338624342722,1.5,3.0,70,2,60,0,1,1,True,False,True,True
Without Tactical Policy,2,23,P,-10.0,7,4.3478260869565215,95.65217391304348,0.0,100,0,5,Expert,0.30735686772502346,0.07683921693125587,1.0,3.0,73,3,62,0,1,2,True,False,True,True
Without Tactical Policy,2,24,P,-10.0,5,4.166666666666667,95.83333333333333,0.0,100,0,5,Expert,0.2919890243387723,0.07299725608469307,1.5,3.0,75,2,63,0,0,2,True,False,True,True
Without Tactical Policy,2,25,P,-10.0,5,4.0,96.0,0.0,100,0,5,Expert,0.27738957312183365,0.06934739328045841,1.5,3.0,77,2,64,0,0,2,True,False,True,True
Without Tactical Policy,2,26,P,-10.0,7,3.8461538461538463,96.15384615384616,0.0,100,0,5,Expert,0.263520094465742,0.0658800236164355,1.0,3.0,80,3,67,0,0,3,True,False,True,True
Without Tactical Policy,2,27,P,-10.0,7,3.7037037037037037,96.29629629629629,0.0,100,0,5,Expert,0.25034408974245487,0.06258602243561372,1.0,3.0,83,3,69,0,0,3,True,False,True,True
Without Tactical Policy,2,28,P,-10.0,7,3.5714285714285716,96.42857142857143,0.0,100,0,5,Expert,0.2378268852553321,0.059456721313833026,1.0,3.0,86,3,71,0,0,3,True,False,True,True
Without Tactical Policy,2,29,P,-10.0,5,3.4482758620689653,96.55172413793103,0.0,100,0,5,Expert,0.2259355409925655,0.05648388524814137,1.5,3.0,88,2,72,0,1,1,True,False,True,True
Without Tactical Policy,2,30,P,-10.0,9,3.3333333333333335,96.66666666666667,0.0,100,0,5,Expert,0.2146387639429372,0.0536596909857343,0.75,3.0,92,4,76,0,1,3,True,False,True,True
Without Tactical Policy,2,31,P,-10.0,5,3.225806451612903,96.7741935483871,0.0,100,0,5,Expert,0.20390682574579033,0.05097670643644758,1.5,3.0,94,2,77,0,0,2,True,False,True,True
Without Tactical Policy,2,32,P,-10.0,7,3.125,96.875,0.0,100,0,5,Expert,0.1937114844585008,0.05,1.0,3.0,97,3,79,0,0,3,True,False,True,True
Without Tactical Policy,2,33,P,-10.0,7,3.0303030303030303,96.96969696969697,0.0,100,0,5,Expert,0.18402591023557577,0.05,1.0,3.0,100,3,81,0,0,3,True,False,True,True
Without Tactical Policy,2,34,P,-10.0,7,2.9411764705882355,97.05882352941177,0.0,100,0,5,Expert,0.17482461472379698,0.05,1.0,3.0,103,3,84,0,1,2,True,False,True,True
Without Tactical Policy,2,35,P,-10.0,7,2.857142857142857,97.14285714285714,0.0,100,0,5,Expert,0.16608338398760714,0.05,1.0,3.0,106,3,86,0,0,3,True,False,True,True
Without Tactical Policy,2,36,P,-10.0,5,2.7777777777777777,97.22222222222223,0.0,100,0,5,Expert,0.15777921478822676,0.05,1.5,3.0,108,2,87,0,0,2,True,False,True,True
Without Tactical Policy,2,37,P,-10.0,5,2.7027027027027026,97.29729729729729,0.0,100,0,5,Expert,0.14989025404881542,0.05,1.5,3.0,110,2,88,0,0,2,True,False,True,True
Without Tactical Policy,2,38,P,-10.0,7,2.6315789473684212,97.36842105263158,0.0,100,0,5,Expert,0.14239574134637464,0.05,1.0,3.0,113,3,90,0,0,3,True,False,True,True
Without Tactical Policy,2,39,P,-10.0,7,2.5641025641025643,97.43589743589743,0.0,100,0,5,Expert,0.1352759542790559,0.05,1.0,3.0,116,3,92,0,1,2,True,False,True,True
Without Tactical Policy,2,40,P,-10.0,7,2.5,97.5,0.0,100,0,5,Expert,0.1285121565651031,0.05,1.0,3.0,119,3,94,0,0,3,True,False,True,True
Without Tactical Policy,2,41,P,-10.0,7,2.4390243902439024,97.5609756097561,0.0,100,0,5,Expert,0.12208654873684793,0.05,1.0,3.0,122,3,96,0,0,3,True,False,True,True
Without Tactical Policy,2,42,P,-10.0,5,2.380952380952381,97.61904761904762,0.0,100,0,5,Expert,0.11598222130000553,0.05,1.5,3.0,124,2,97,0,0,2,True,False,True,True
Without Tactical Policy,2,43,P,-10.0,9,2.3255813953488373,97.67441860465117,0.0,100,0,5,Expert,0.11018311023500525,0.05,0.75,3.0,128,4,100,0,0,4,True,False,True,True
Without Tactical Policy,2,44,P,-10.0,7,2.272727272727273,97.72727272727273,0.0,100,0,5,Expert,0.10467395472325498,0.05,1.0,3.0,131,3,102,0,0,3,True,False,True,True
Without Tactical Policy,2,45,P,-10.0,7,2.2222222222222223,97.77777777777777,0.0,100,0,5,Expert,0.09944025698709223,0.05,1.0,3.0,134,3,104,0,0,3,True,False,True,True
Without Tactical Policy,2,46,A,10.0,6,4.3478260869565215,95.65217391304348,0.0,100,0,5,Expert,0.09446824413773762,0.05,1.0,3.0,137,3,106,0,0,3,True,False,True,True
Without Tactical Policy,2,47,P,-10.0,5,4.25531914893617,95.74468085106383,0.0,100,0,5,Expert,0.08974483193085074,0.05,1.5,3.0,139,2,107,0,0,2,True,False,True,True
Without Tactical Policy,2,48,P,-10.0,7,4.166666666666667,95.83333333333333,0.0,100,0,5,Expert,0.0852575903343082,0.05,1.0,3.0,142,3,109,0,0,3,True,False,True,True
Without Tactical Policy,2,49,P,-10.0,9,4.081632653061225,95.91836734693878,0.0,100,0,5,Expert,0.08099471081759278,0.05,0.75,3.0,146,4,112,0,1,3,True,False,True,True
Without Tactical Policy,2,50,P,-10.0,7,4.0,96.0,0.0,100,0,5,Expert,0.07694497527671314,0.05,1.0,3.0,149,3,114,0,0,3,True,False,True,True
Without Tactical Policy,2,51,P,-10.0,7,3.9215686274509802,96.07843137254902,0.0,100,0,5,Expert,0.07309772651287748,0.05,1.0,3.0,152,3,116,0,0,3,True,False,True,True
Without Tactical Policy,2,52,P,-10.0,5,3.8461538461538463,96.15384615384616,0.0,100,0,5,Expert,0.0694428401872336,0.05,1.5,3.0,154,2,117,0,1,1,True,False,True,True
Without Tactical Policy,2,53,P,-10.0,9,3.7735849056603774,96.22641509433963,0.0,100,0,5,Expert,0.0659706981778719,0.05,0.75,3.0,158,4,120,0,0,4,True,False,True,True
Without Tactical Policy,2,54,P,-10.0,5,3.7037037037037037,96.29629629629629,0.0,100,0,5,Expert,0.0626721632689783,0.05,1.5,3.0,160,2,121,0,0,2,True,False,True,True
Without Tactical Policy,2,55,P,-10.0,5,3.6363636363636362,96.36363636363636,0.0,100,0,5,Expert,0.059538555105529384,0.05,1.5,3.0,162,2,122,0,1,1,True,False,True,True
Without Tactical Policy,2,56,P,-10.0,5,3.5714285714285716,96.42857142857143,0.0,100,0,5,Expert,0.05656162735025291,0.05,1.5,3.0,164,2,123,0,0,2,True,False,True,True
Without Tactical Policy,2,57,P,-10.0,5,3.508771929824561,96.49122807017544,0.0,100,0,5,Expert,0.053733545982740265,0.05,1.5,3.0,166,2,124,0,0,2,True,False,True,True
Without Tactical Policy,2,58,P,-10.0,5,3.4482758620689653,96.55172413793103,0.0,100,0,5,Expert,0.05104686868360325,0.05,1.5,3.0,168,2,125,0,0,2,True,False,True,True
Without Tactical Policy,2,59,P,-10.0,7,3.389830508474576,96.61016949152543,0.0,100,0,5,Expert,0.05,0.05,1.0,3.0,171,3,127,0,0,3,True,False,True,True
Without Tactical Policy,2,60,P,-10.0,5,3.3333333333333335,96.66666666666667,0.0,100,0,5,Expert,0.05,0.05,1.5,3.0,173,2,128,0,1,1,True,False,True,True
Without Tactical Policy,2,61,P,-10.0,7,3.278688524590164,96.72131147540983,0.0,100,0,5,Expert,0.05,0.05,1.0,3.0,176,3,130,0,0,3,True,False,True,True
Without Tactical Policy,2,62,A,10.0,8,4.838709677419355,95.16129032258064,0.0,100,0,5,Expert,0.05,0.05,0.75,3.0,180,4,134,0,0,4,True,False,True,True
Without Tactical Policy,2,63,P,-10.0,7,4.761904761904762,95.23809523809524,0.0,100,0,5,Expert,0.05,0.05,1.0,3.0,183,3,136,0,0,3,True,False,True,True
Without Tactical Policy,2,64,P,-10.0,5,4.6875,95.3125,0.0,100,0,5,Expert,0.05,0.05,1.5,3.0,185,2,137,0,0,2,True,False,True,True
Without Tactical Policy,2,65,P,-10.0,5,4.615384615384615,95.38461538461539,0.0,100,0,5,Expert,0.05,0.05,1.5,3.0,187,2,138,0,0,2,True,False,True,True
Without Tactical Policy,2,66,P,-10.0,5,4.545454545454546,95.45454545454545,0.0,100,0,5,Expert,0.05,0.05,1.5,3.0,189,2,139,0,0,2,True,False,True,True
Without Tactical Policy,2,67,P,-10.0,7,4.477611940298507,95.5223880597015,0.0,100,0,5,Expert,0.05,0.05,1.0,3.0,192,3,141,0,0,3,True,False,True,True
Without Tactical Policy,2,68,P,-10.0,7,4.411764705882353,95.58823529411765,0.0,100,0,5,Expert,0.05,0.05,1.0,3.0,195,3,142,0,0,3,True,False,True,True
Without Tactical Policy,2,69,P,-10.0,5,4.3478260869565215,95.65217391304348,0.0,100,0,5,Expert,0.05,0.05,1.5,3.0,197,2,143,0,0,2,True,False,True,True
Without Tactical Policy,2,70,P,-10.0,11,4.285714285714286,95.71428571428571,0.0,100,0,5,Expert,0.05,0.05,0.6,3.0,202,5,147,0,0,5,True,False,True,True
Without Tactical Policy,2,71,P,-10.0,5,4.225352112676056,95.77464788732394,0.0,100,0,5,Expert,0.05,0.05,1.5,3.0,204,2,148,0,0,2,True,False,True,True
Without Tactical Policy,2,72,P,-10.0,7,4.166666666666667,95.83333333333333,0.0,100,0,5,Expert,0.05,0.05,1.0,3.0,207,3,150,0,0,3,True,False,True,True
Without Tactical Policy,2,73,P,-10.0,5,4.109589041095891,95.89041095890411,0.0,100,0,5,Expert,0.05,0.05,1.5,3.0,209,2,151,0,0,2,True,False,True,True
Without Tactical Policy,2,74,P,-10.0,7,4.054054054054054,95.94594594594595,0.0,100,0,5,Expert,0.05,0.05,1.0,3.0,212,3,153,0,0,3,True,False,True,True
Without Tactical Policy,2,75,P,-10.0,9,4.0,96.0,0.0,100,0,5,Expert,0.05,0.05,0.75,3.0,216,4,156,0,0,4,True,False,True,True
Without Tactical Policy,2,76,P,-10.0,9,3.9473684210526314,96.05263157894737,0.0,100,0,5,Expert,0.05,0.05,0.75,3.0,220,4,159,0,0,4,True,False,True,True
Without Tactical Policy,2,77,P,-10.0,7,3.896103896103896,96.1038961038961,0.0,100,0,5,Expert,0.05,0.05,1.0,3.0,223,3,161,0,0,3,True,False,True,True
Without Tactical Policy,2,78,P,-10.0,7,3.8461538461538463,96.15384615384616,0.0,100,0,5,Expert,0.05,0.05,1.0,3.0,226,3,163,0,0,3,True,False,True,True
Without Tactical Policy,2,79,P,-10.0,11,3.7974683544303796,96.20253164556962,0.0,100,0,5,Expert,0.05,0.05,0.6,3.0,231,5,167,0,2,3,True,False,True,True
Without Tactical Policy,2,80,P,-10.0,5,3.75,96.25,0.0,100,0,5,Expert,0.05,0.05,1.5,3.0,233,2,168,0,1,1,True,False,True,True
Without Tactical Policy,2,81,P,-10.0,5,3.7037037037037037,96.29629629629629,0.0,100,0,5,Expert,0.05,0.05,1.5,3.0,235,2,169,0,1,1,True,False,True,True
Without Tactical Policy,2,82,P,-10.0,5,3.658536585365854,96.34146341463415,0.0,100,0,5,Expert,0.05,0.05,1.5,3.0,237,2,170,0,1,1,True,False,True,True
Without Tactical Policy,2,83,P,-10.0,7,3.6144578313253013,96.3855421686747,0.0,100,0,5,Expert,0.05,0.05,1.0,3.0,240,3,172,0,0,3,True,False,True,True
Without Tactical Policy,2,84,P,-10.0,7,3.5714285714285716,96.42857142857143,0.0,100,0,5,Expert,0.05,0.05,1.0,3.0,243,3,174,0,0,3,True,False,True,True
Without Tactical Policy,2,85,P,-10.0,5,3.5294117647058822,96.47058823529412,0.0,100,0,5,Expert,0.05,0.05,1.5,3.0,245,2,175,0,0,2,True,False,True,True
Without Tactical Policy,2,86,P,-10.0,5,3.488372093023256,96.51162790697674,0.0,100,0,5,Expert,0.05,0.05,1.5,3.0,247,2,176,0,0,2,True,False,True,True
Without Tactical Policy,2,87,P,-10.0,5,3.4482758620689653,96.55172413793103,0.0,100,0,5,Expert,0.05,0.05,1.5,3.0,249,2,177,0,0,2,True,False,True,True
Without Tactical Policy,2,88,P,-10.0,5,3.409090909090909,96.5909090909091,0.0,100,0,5,Expert,0.05,0.05,1.5,3.0,251,2,178,0,0,2,True,False,True,True
Without Tactical Policy,2,89,P,-10.0,9,3.3707865168539324,96.62921348314607,0.0,100,0,5,Expert,0.05,0.05,0.75,3.0,255,4,181,0,0,4,True,False,True,True
Without Tactical Policy,2,90,P,-10.0,9,3.3333333333333335,96.66666666666667,0.0,100,0,5,Expert,0.05,0.05,0.75,3.0,259,4,184,0,1,3,True,False,True,True
Without Tactical Policy,2,91,P,-10.0,7,3.2967032967032965,96.7032967032967,0.0,100,0,5,Expert,0.05,0.05,1.0,3.0,262,3,186,0,0,3,True,False,True,True
Without Tactical Policy,2,92,P,-10.0,5,3.260869565217391,96.73913043478261,0.0,100,0,5,Expert,0.05,0.05,1.5,3.0,264,2,187,0,0,2,True,False,True,True
Without Tactical Policy,2,93,P,-10.0,7,3.225806451612903,96.7741935483871,0.0,100,0,5,Expert,0.05,0.05,1.0,3.0,267,3,189,0,0,3,True,False,True,True
Without Tactical Policy,2,94,P,-10.0,5,3.1914893617021276,96.80851063829788,0.0,100,0,5,Expert,0.05,0.05,1.5,3.0,269,2,190,0,0,2,True,False,True,True
Without Tactical Policy,2,95,P,-10.0,7,3.1578947368421053,96.84210526315789,0.0,100,0,5,Expert,0.05,0.05,1.0,3.0,272,3,191,0,0,3,True,False,True,True
Without Tactical Policy,2,96,P,-10.0,5,3.125,96.875,0.0,100,0,5,Expert,0.05,0.05,1.5,3.0,274,2,192,0,0,2,True,False,True,True
Without Tactical Policy,2,97,P,-10.0,9,3.0927835051546393,96.90721649484536,0.0,100,0,5,Expert,0.05,0.05,0.75,3.0,278,4,195,0,0,4,True,False,True,True
Without Tactical Policy,2,98,P,-10.0,7,3.061224489795918,96.93877551020408,0.0,100,0,5,Expert,0.05,0.05,1.0,3.0,281,3,197,0,0,3,True,False,True,True
Without Tactical Policy,2,99,P,-10.0,5,3.0303030303030303,96.96969696969697,0.0,100,0,5,Expert,0.05,0.05,1.5,3.0,283,2,198,0,0,2,True,False,True,True
Without Tactical Policy,2,100,P,-10.0,7,3.0,97.0,0.0,100,0,5,Expert,0.05,0.05,1.0,3.0,286,3,200,0,0,3,True,False,True,True
Without Tactical Policy,3,1,P,-10.0,5,0.0,100.0,0.0,60,10,1,Very Easy,0.95,1.0,1.5,3.0,2,2,2,0,2,0,True,False,True,True
Without Tactical Policy,3,2,P,-10.0,9,0.0,100.0,0.0,70,10,1,Very Easy,0.9025,1.0,0.75,3.0,6,4,6,0,4,0,True,False,True,True
Without Tactical Policy,3,3,P,-10.0,7,0.0,100.0,0.0,80,10,5,Expert,0.8573749999999999,0.21434374999999997,1.0,3.0,9,3,9,0,3,0,True,False,True,True
Without Tactical Policy,3,4,P,-10.0,9,0.0,100.0,0.0,90,10,5,Expert,0.8145062499999999,0.20362656249999997,0.75,3.0,13,4,12,0,1,3,True,False,True,True
Without Tactical Policy,3,5,P,-10.0,7,0.0,100.0,0.0,100,10,5,Expert,0.7737809374999999,0.19344523437499997,1.0,3.0,16,3,15,0,1,2,True,False,True,True
Without Tactical Policy,3,6,A,10.0,8,16.666666666666668,83.33333333333333,0.0,92,-8,5,Expert,0.7350918906249998,0.18377297265624995,0.75,3.0,20,4,18,0,0,4,True,False,True,True
Without Tactical Policy,3,7,P,-10.0,5,14.285714285714286,85.71428571428571,0.0,100,8,5,Expert,0.6983372960937497,0.17458432402343743,1.5,3.0,22,2,20,0,0,2,True,False,True,True
Without Tactical Policy,3,8,P,-10.0,7,12.5,87.5,0.0,100,0,5,Expert,0.6634204312890623,0.16585510782226556,1.0,3.0,25,3,23,0,1,2,True,False,True,True
Without Tactical Policy,3,9,P,-10.0,7,11.11111111111111,88.88888888888889,0.0,100,0,5,Expert,0.6302494097246091,0.15756235243115227,1.0,3.0,28,3,26,0,0,3,True,False,True,True
Without Tactical Policy,3,10,P,-10.0,7,10.0,90.0,0.0,100,0,5,Expert,0.5987369392383786,0.14968423480959464,1.0,3.0,31,3,28,0,0,3,True,False,True,True
Without Tactical Policy,3,11,P,-10.0,7,9.090909090909092,90.9090909090909,0.0,100,0,5,Expert,0.5688000922764596,0.1422000230691149,1.0,3.0,34,3,31,0,1,2,True,False,True,True
Without Tactical Policy,3,12,P,-10.0,5,8.333333333333334,91.66666666666667,0.0,100,0,5,Expert,0.5403600876626365,0.13509002191565914,1.5,3.0,36,2,32,0,0,2,True,False,True,True
Without Tactical Policy,3,13,P,-10.0,11,7.6923076923076925,92.3076923076923,0.0,100,0,5,Expert,0.5133420832795047,0.12833552081987618,0.6,3.0,41,5,36,0,1,4,True,False,True,True
Without Tactical Policy,3,14,P,-10.0,7,7.142857142857143,92.85714285714286,0.0,100,0,5,Expert,0.48767497911552943,0.12191874477888236,1.0,3.0,44,3,39,0,0,3,True,False,True,True
Without Tactical Policy,3,15,P,-10.0,5,6.666666666666667,93.33333333333333,0.0,100,0,5,Expert,0.46329123015975293,0.11582280753993823,1.5,3.0,46,2,40,0,0,2,True,False,True,True
Without Tactical Policy,3,16,P,-10.0,5,6.25,93.75,0.0,100,0,5,Expert,0.44012666865176525,0.11003166716294131,1.5,3.0,48,2,41,0,0,2,True,False,True,True
Without Tactical Policy,3,17,P,-10.0,9,5.882352941176471,94.11764705882354,0.0,100,0,5,Expert,0.41812033521917696,0.10453008380479424,0.75,3.0,52,4,44,0,0,4,True,False,True,True
Without Tactical Policy,3,18,A,10.0,8,11.11111111111111,88.88888888888889,0.0,100,0,5,Expert,0.3972143184582181,0.09930357961455452,0.75,3.0,56,4,48,0,0,4,True,False,True,True
Without Tactical Policy,3,19,P,-10.0,9,10.526315789473685,89.47368421052632,0.0,100,0,5,Expert,0.37735360253530714,0.09433840063382679,0.75,3.0,60,4,51,0,1,3,True,False,True,True
Without Tactical Policy,3,20,P,-10.0,9,10.0,90.0,0.0,100,0,5,Expert,0.35848592240854177,0.08962148060213544,0.75,3.0,64,4,55,0,0,4,True,False,True,True
Without Tactical Policy,3,21,P,-10.0,5,9.523809523809524,90.47619047619048,0.0,100,0,5,Expert,0.34056162628811465,0.08514040657202866,1.5,3.0,66,2,57,0,0,2,True,False,True,True
Without Tactical Policy,3,22,P,-10.0,7,9.090909090909092,90.9090909090909,0.0,100,0,5,Expert,0.3235335449737089,0.08088338624342722,1.0,3.0,69,3,60,0,0,3,True,False,True,True
Without Tactical Policy,3,23,P,-10.0,11,8.695652173913043,91.30434782608695,0.0,100,0,5,Expert,0.30735686772502346,0.07683921693125587,0.6,3.0,74,5,64,0,1,4,True,False,True,True
Without Tactical Policy,3,24,P,-10.0,7,8.333333333333334,91.66666666666667,0.0,100,0,5,Expert,0.2919890243387723,0.07299725608469307,1.0,3.0,77,3,67,0,0,3,True,False,True,True
Without Tactical Policy,3,25,P,-10.0,9,8.0,92.0,0.0,100,0,5,Expert,0.27738957312183365,0.06934739328045841,0.75,3.0,81,4,70,0,0,4,True,False,True,True
Without Tactical Policy,3,26,P,-10.0,7,7.6923076923076925,92.3076923076923,0.0,100,0,5,Expert,0.263520094465742,0.0658800236164355,1.0,3.0,84,3,72,0,1,2,True,False,True,True
Without Tactical Policy,3,27,P,-10.0,7,7.407407407407407,92.5925925925926,0.0,100,0,5,Expert,0.25034408974245487,0.06258602243561372,1.0,3.0,87,3,74,0,0,3,True,False,True,True
Without Tactical Policy,3,28,P,-10.0,5,7.142857142857143,92.85714285714286,0.0,100,0,5,Expert,0.2378268852553321,0.059456721313833026,1.5,3.0,89,2,75,0,0,2,True,False,True,True
Without Tactical Policy,3,29,P,-10.0,7,6.896551724137931,93.10344827586206,0.0,100,0,5,Expert,0.2259355409925655,0.05648388524814137,1.0,3.0,92,3,77,0,1,2,True,False,True,True
Without Tactical Policy,3,30,P,-10.0,9,6.666666666666667,93.33333333333333,0.0,100,0,5,Expert,0.2146387639429372,0.0536596909857343,0.75,3.0,96,4,80,0,0,4,True,False,True,True
Without Tactical Policy,3,31,P,-10.0,5,6.451612903225806,93.54838709677419,0.0,100,0,5,Expert,0.20390682574579033,0.05097670643644758,1.5,3.0,98,2,81,0,0,2,True,False,True,True
Without Tactical Policy,3,32,P,-10.0,7,6.25,93.75,0.0,100,0,5,Expert,0.1937114844585008,0.05,1.0,3.0,101,3,83,0,0,3,True,False,True,True
Without Tactical Policy,3,33,P,-10.0,7,6.0606060606060606,93.93939393939394,0.0,100,0,5,Expert,0.18402591023557577,0.05,1.0,3.0,104,3,85,0,0,3,True,False,True,True
Without Tactical Policy,3,34,P,-10.0,7,5.882352941176471,94.11764705882354,0.0,100,0,5,Expert,0.17482461472379698,0.05,1.0,3.0,107,3,86,0,1,2,True,False,True,True
Without Tactical Policy,3,35,P,-10.0,5,5.714285714285714,94.28571428571429,0.0,100,0,5,Expert,0.16608338398760714,0.05,1.5,3.0,109,2,87,0,0,2,True,False,True,True
Without Tactical Policy,3,36,P,-10.0,5,5.555555555555555,94.44444444444444,0.0,100,0,5,Expert,0.15777921478822676,0.05,1.5,3.0,111,2,88,0,0,2,True,False,True,True
Without Tactical Policy,3,37,P,-10.0,5,5.405405405405405,94.5945945945946,0.0,100,0,5,Expert,0.14989025404881542,0.05,1.5,3.0,113,2,89,0,0,2,True,False,True,True
Without Tactical Policy,3,38,P,-10.0,5,5.2631578947368425,94.73684210526316,0.0,100,0,5,Expert,0.14239574134637464,0.05,1.5,3.0,115,2,91,0,0,2,True,False,True,True
Without Tactical Policy,3,39,P,-10.0,5,5.128205128205129,94.87179487179488,0.0,100,0,5,Expert,0.1352759542790559,0.05,1.5,3.0,117,2,92,0,0,2,True,False,True,True
Without Tactical Policy,3,40,P,-10.0,7,5.0,95.0,0.0,100,0,5,Expert,0.1285121565651031,0.05,1.0,3.0,120,3,94,0,1,2,True,False,True,True
Without Tactical Policy,3,41,P,-10.0,7,4.878048780487805,95.1219512195122,0.0,100,0,5,Expert,0.12208654873684793,0.05,1.0,3.0,123,3,96,0,0,3,True,False,True,True
Without Tactical Policy,3,42,P,-10.0,5,4.761904761904762,95.23809523809524,0.0,100,0,5,Expert,0.11598222130000553,0.05,1.5,3.0,125,2,97,0,0,2,True,False,True,True
Without Tactical Policy,3,43,P,-10.0,5,4.651162790697675,95.34883720930233,0.0,100,0,5,Expert,0.11018311023500525,0.05,1.5,3.0,127,2,97,0,0,2,True,False,True,True
Without Tactical Policy,3,44,P,-10.0,7,4.545454545454546,95.45454545454545,0.0,100,0,5,Expert,0.10467395472325498,0.05,1.0,3.0,130,3,99,0,0,3,True,False,True,True
Without Tactical Policy,3,45,P,-10.0,9,4.444444444444445,95.55555555555556,0.0,100,0,5,Expert,0.09944025698709223,0.05,0.75,3.0,134,4,102,0,0,4,True,False,True,True
Without Tactical Policy,3,46,P,-10.0,7,4.3478260869565215,95.65217391304348,0.0,100,0,5,Expert,0.09446824413773762,0.05,1.0,3.0,137,3,104,0,0,3,True,False,True,True
Without Tactical Policy,3,47,P,-10.0,5,4.25531914893617,95.74468085106383,0.0,100,0,5,Expert,0.08974483193085074,0.05,1.5,3.0,139,2,105,0,0,2,True,False,True,True
Without Tactical Policy,3,48,P,-10.0,5,4.166666666666667,95.83333333333333,0.0,100,0,5,Expert,0.0852575903343082,0.05,1.5,3.0,141,2,106,0,0,2,True,False,True,True
Without Tactical Policy,3,49,P,-10.0,5,4.081632653061225,95.91836734693878,0.0,100,0,5,Expert,0.08099471081759278,0.05,1.5,3.0,143,2,107,0,0,2,True,False,True,True
Without Tactical Policy,3,50,P,-10.0,7,4.0,96.0,0.0,100,0,5,Expert,0.07694497527671314,0.05,1.0,3.0,146,3,109,0,0,3,True,False,True,True
Without Tactical Policy,3,51,P,-10.0,5,3.9215686274509802,96.07843137254902,0.0,100,0,5,Expert,0.07309772651287748,0.05,1.5,3.0,148,2,110,0,0,2,True,False,True,True
Without Tactical Policy,3,52,P,-10.0,7,3.8461538461538463,96.15384615384616,0.0,100,0,5,Expert,0.0694428401872336,0.05,1.0,3.0,151,3,112,0,0,3,True,False,True,True
Without Tactical Policy,3,53,P,-10.0,5,3.7735849056603774,96.22641509433963,0.0,100,0,5,Expert,0.0659706981778719,0.05,1.5,3.0,153,2,113,0,0,2,True,False,True,True
Without Tactical Policy,3,54,P,-10.0,5,3.7037037037037037,96.29629629629629,0.0,100,0,5,Expert,0.0626721632689783,0.05,1.5,3.0,155,2,114,0,0,2,True,False,True,True
Without Tactical Policy,3,55,A,10.0,6,5.454545454545454,94.54545454545455,0.0,100,0,5,Expert,0.059538555105529384,0.05,1.0,3.0,158,3,116,0,0,3,True,False,True,True
Without Tactical Policy,3,56,P,-10.0,7,5.357142857142857,94.64285714285714,0.0,100,0,5,Expert,0.05656162735025291,0.05,1.0,3.0,161,3,119,0,0,3,True,False,True,True
Without Tactical Policy,3,57,P,-10.0,7,5.2631578947368425,94.73684210526316,0.0,100,0,5,Expert,0.053733545982740265,0.05,1.0,3.0,164,3,121,0,0,3,True,False,True,True
Without Tactical Policy,3,58,P,-10.0,7,5.172413793103448,94.82758620689656,0.0,100,0,5,Expert,0.05104686868360325,0.05,1.0,3.0,167,3,123,0,0,3,True,False,True,True
Without Tactical Policy,3,59,P,-10.0,9,5.084745762711864,94.91525423728814,0.0,100,0,5,Expert,0.05,0.05,0.75,3.0,171,4,126,0,0,4,True,False,True,True
Without Tactical Policy,3,60,P,-10.0,5,5.0,95.0,0.0,100,0,5,Expert,0.05,0.05,1.5,3.0,173,2,127,0,0,2,True,False,True,True
Without Tactical Policy,3,61,P,-10.0,11,4.918032786885246,95.08196721311475,0.0,100,0,5,Expert,0.05,0.05,0.6,3.0,178,5,131,0,0,5,True,False,True,True
Without Tactical Policy,3,62,P,-10.0,5,4.838709677419355,95.16129032258064,0.0,100,0,5,Expert,0.05,0.05,1.5,3.0,180,2,132,0,0,2,True,False,True,True
Without Tactical Policy,3,63,P,-10.0,7,4.761904761904762,95.23809523809524,0.0,100,0,5,Expert,0.05,0.05,1.0,3.0,183,3,134,0,0,3,True,False,True,True
Without Tactical Policy,3,64,P,-10.0,5,4.6875,95.3125,0.0,100,0,5,Expert,0.05,0.05,1.5,3.0,185,2,135,0,0,2,True,False,True,True
Without Tactical Policy,3,65,P,-10.0,7,4.615384615384615,95.38461538461539,0.0,100,0,5,Expert,0.05,0.05,1.0,3.0,188,3,137,0,0,3,True,False,True,True
Without Tactical Policy,3,66,P,-10.0,5,4.545454545454546,95.45454545454545,0.0,100,0,5,Expert,0.05,0.05,1.5,3.0,190,2,138,0,1,1,True,False,True,True
Without Tactical Policy,3,67,P,-10.0,9,4.477611940298507,95.5223880597015,0.0,100,0,5,Expert,0.05,0.05,0.75,3.0,194,4,141,0,0,4,True,False,True,True
Without Tactical Policy,3,68,P,-10.0,7,4.411764705882353,95.58823529411765,0.0,100,0,5,Expert,0.05,0.05,1.0,3.0,197,3,143,0,0,3,True,False,True,True
Without Tactical Policy,3,69,P,-10.0,9,4.3478260869565215,95.65217391304348,0.0,100,0,5,Expert,0.05,0.05,0.75,3.0,201,4,146,0,0,4,True,False,True,True
Without Tactical Policy,3,70,P,-10.0,7,4.285714285714286,95.71428571428571,0.0,100,0,5,Expert,0.05,0.05,1.0,3.0,204,3,148,0,0,3,True,False,True,True
Without Tactical Policy,3,71,P,-10.0,7,4.225352112676056,95.77464788732394,0.0,100,0,5,Expert,0.05,0.05,1.0,3.0,207,3,150,0,0,3,True,False,True,True
Without Tactical Policy,3,72,P,-10.0,7,4.166666666666667,95.83333333333333,0.0,100,0,5,Expert,0.05,0.05,1.0,3.0,210,3,152,0,0,3,True,False,True,True
Without Tactical Policy,3,73,P,-10.0,7,4.109589041095891,95.89041095890411,0.0,100,0,5,Expert,0.05,0.05,1.0,3.0,213,3,153,0,0,3,True,False,True,True
Without Tactical Policy,3,74,P,-10.0,5,4.054054054054054,95.94594594594595,0.0,100,0,5,Expert,0.05,0.05,1.5,3.0,215,2,153,0,0,2,True,False,True,True
Without Tactical Policy,3,75,P,-10.0,7,4.0,96.0,0.0,100,0,5,Expert,0.05,0.05,1.0,3.0,218,3,155,0,0,3,True,False,True,True
Without Tactical Policy,3,76,P,-10.0,5,3.9473684210526314,96.05263157894737,0.0,100,0,5,Expert,0.05,0.05,1.5,3.0,220,2,156,0,0,2,True,False,True,True
Without Tactical Policy,3,77,P,-10.0,7,3.896103896103896,96.1038961038961,0.0,100,0,5,Expert,0.05,0.05,1.0,3.0,223,3,158,0,0,3,True,False,True,True
Without Tactical Policy,3,78,P,-10.0,9,3.8461538461538463,96.15384615384616,0.0,100,0,5,Expert,0.05,0.05,0.75,3.0,227,4,161,0,0,4,True,False,True,True
Without Tactical Policy,3,79,P,-10.0,7,3.7974683544303796,96.20253164556962,0.0,100,0,5,Expert,0.05,0.05,1.0,3.0,230,3,163,0,0,3,True,False,True,True
Without Tactical Policy,3,80,P,-10.0,5,3.75,96.25,0.0,100,0,5,Expert,0.05,0.05,1.5,3.0,232,2,164,0,0,2,True,False,True,True
Without Tactical Policy,3,81,P,-10.0,7,3.7037037037037037,96.29629629629629,0.0,100,0,5,Expert,0.05,0.05,1.0,3.0,235,3,166,0,0,3,True,False,True,True
Without Tactical Policy,3,82,A,10.0,8,4.878048780487805,95.1219512195122,0.0,100,0,5,Expert,0.05,0.05,0.75,3.0,239,4,169,0,1,3,True,False,True,True
Without Tactical Policy,3,83,P,-10.0,5,4.819277108433735,95.18072289156626,0.0,100,0,5,Expert,0.05,0.05,1.5,3.0,241,2,170,0,0,2,True,False,True,True
Without Tactical Policy,3,84,P,-10.0,7,4.761904761904762,95.23809523809524,0.0,100,0,5,Expert,0.05,0.05,1.0,3.0,244,3,171,0,1,2,True,False,True,True
Without Tactical Policy,3,85,P,-10.0,7,4.705882352941177,95.29411764705883,0.0,100,0,5,Expert,0.05,0.05,1.0,3.0,247,3,173,0,0,3,True,False,True,True
Without Tactical Policy,3,86,P,-10.0,9,4.651162790697675,95.34883720930233,0.0,100,0,5,Expert,0.05,0.05,0.75,3.0,251,4,176,0,0,4,True,False,True,True
Without Tactical Policy,3,87,P,-10.0,11,4.597701149425287,95.40229885057471,0.0,100,0,5,Expert,0.05,0.05,0.6,3.0,256,5,180,0,0,5,True,False,True,True
Without Tactical Policy,3,88,P,-10.0,9,4.545454545454546,95.45454545454545,0.0,100,0,5,Expert,0.05,0.05,0.75,3.0,260,4,183,0,0,4,True,False,True,True
Without Tactical Policy,3,89,P,-10.0,7,4.49438202247191,95.50561797752809,0.0,100,0,5,Expert,0.05,0.05,1.0,3.0,263,3,185,0,0,3,True,False,True,True
Without Tactical Policy,3,90,P,-10.0,5,4.444444444444445,95.55555555555556,0.0,100,0,5,Expert,0.05,0.05,1.5,3.0,265,2,186,0,0,2,True,False,True,True
Without Tactical Policy,3,91,P,-10.0,5,4.395604395604396,95.6043956043956,0.0,100,0,5,Expert,0.05,0.05,1.5,3.0,267,2,187,0,0,2,True,False,True,True
Without Tactical Policy,3,92,P,-10.0,5,4.3478260869565215,95.65217391304348,0.0,100,0,5,Expert,0.05,0.05,1.5,3.0,269,2,188,0,0,2,True,False,True,True
Without Tactical Policy,3,93,P,-10.0,5,4.301075268817204,95.6989247311828,0.0,100,0,5,Expert,0.05,0.05,1.5,3.0,271,2,189,0,0,2,True,False,True,True
Without Tactical Policy,3,94,P,-10.0,5,4.25531914893617,95.74468085106383,0.0,100,0,5,Expert,0.05,0.05,1.5,3.0,273,2,190,0,0,2,True,False,True,True
Without Tactical Policy,3,95,P,-10.0,7,4.2105263157894735,95.78947368421052,0.0,100,0,5,Expert,0.05,0.05,1.0,3.0,276,3,192,0,1,2,True,False,True,True
Without Tactical Policy,3,96,P,-10.0,7,4.166666666666667,95.83333333333333,0.0,100,0,5,Expert,0.05,0.05,1.0,3.0,279,3,194,0,1,2,True,False,True,True
Without Tactical Policy,3,97,P,-10.0,5,4.123711340206185,95.87628865979381,0.0,100,0,5,Expert,0.05,0.05,1.5,3.0,281,2,195,0,0,2,True,False,True,True
Without Tactical Policy,3,98,P,-10.0,5,4.081632653061225,95.91836734693878,0.0,100,0,5,Expert,0.05,0.05,1.5,3.0,283,2,196,0,0,2,True,False,True,True
Without Tactical Policy,3,99,P,-10.0,5,4.040404040404041,95.95959595959596,0.0,100,0,5,Expert,0.05,0.05,1.5,3.0,285,2,197,0,1,1,True,False,True,True
Without Tactical Policy,3,100,P,-10.0,7,4.0,96.0,0.0,100,0,5,Expert,0.05,0.05,1.0,3.0,288,3,199,0,0,3,True,False,True,True
Without Tactical Policy,4,1,P,-10.0,5,0.0,100.0,0.0,60,10,1,Very Easy,0.95,1.0,1.5,3.0,2,2,2,0,2,0,True,False,True,True
Without Tactical Policy,4,2,P,-10.0,5,0.0,100.0,0.0,70,10,1,Very Easy,0.9025,1.0,1.5,3.0,4,2,4,0,2,0,True,False,True,True
Without Tactical Policy,4,3,P,-10.0,5,0.0,100.0,0.0,80,10,5,Expert,0.8573749999999999,0.21434374999999997,1.5,3.0,6,2,6,0,2,0,True,False,True,True
Without Tactical Policy,4,4,P,-10.0,9,0.0,100.0,0.0,90,10,5,Expert,0.8145062499999999,0.20362656249999997,0.75,3.0,10,4,10,0,1,3,True,False,True,True
Without Tactical Policy,4,5,P,-10.0,9,0.0,100.0,0.0,100,10,5,Expert,0.7737809374999999,0.19344523437499997,0.75,3.0,14,4,14,0,0,4,True,False,True,True
Without Tactical Policy,4,6,P,-10.0,9,0.0,100.0,0.0,100,0,5,Expert,0.7350918906249998,0.18377297265624995,0.75,3.0,18,4,17,0,3,1,True,False,True,True
Without Tactical Policy,4,7,P,-10.0,5,0.0,100.0,0.0,100,0,5,Expert,0.6983372960937497,0.17458432402343743,1.5,3.0,20,2,19,0,0,2,True,False,True,True
Without Tactical Policy,4,8,P,-10.0,5,0.0,100.0,0.0,100,0,5,Expert,0.6634204312890623,0.16585510782226556,1.5,3.0,22,2,20,0,1,1,True,False,True,True
Without Tactical Policy,4,9,P,-10.0,9,0.0,100.0,0.0,100,0,5,Expert,0.6302494097246091,0.15756235243115227,0.75,3.0,26,4,24,0,0,4,True,False,True,True
Without Tactical Policy,4,10,P,-10.0,7,0.0,100.0,0.0,100,0,5,Expert,0.5987369392383786,0.14968423480959464,1.0,3.0,29,3,26,0,0,3,True,False,True,True
Without Tactical Policy,4,11,P,-10.0,5,0.0,100.0,0.0,100,0,5,Expert,0.5688000922764596,0.1422000230691149,1.5,3.0,31,2,28,0,1,1,True,False,True,True
Without Tactical Policy,4,12,P,-10.0,5,0.0,100.0,0.0,100,0,5,Expert,0.5403600876626365,0.13509002191565914,1.5,3.0,33,2,29,0,0,2,True,False,True,True
Without Tactical Policy,4,13,P,-10.0,5,0.0,100.0,0.0,100,0,5,Expert,0.5133420832795047,0.12833552081987618,1.5,3.0,35,2,30,0,1,1,True,False,True,True
Without Tactical Policy,4,14,P,-10.0,7,0.0,100.0,0.0,100,0,5,Expert,0.48767497911552943,0.12191874477888236,1.0,3.0,38,3,32,0,1,2,True,False,True,True
Without Tactical Policy,4,15,P,-10.0,7,0.0,100.0,0.0,100,0,5,Expert,0.46329123015975293,0.11582280753993823,1.0,3.0,41,3,34,0,0,3,True,False,True,True
Without Tactical Policy,4,16,P,-10.0,7,0.0,100.0,0.0,100,0,5,Expert,0.44012666865176525,0.11003166716294131,1.0,3.0,44,3,36,0,0,3,True,False,True,True
Without Tactical Policy,4,17,P,-10.0,7,0.0,100.0,0.0,100,0,5,Expert,0.41812033521917696,0.10453008380479424,1.0,3.0,47,3,38,0,0,3,True,False,True,True
Without Tactical Policy,4,18,P,-10.0,5,0.0,100.0,0.0,100,0,5,Expert,0.3972143184582181,0.09930357961455452,1.5,3.0,49,2,39,0,0,2,True,False,True,True
Without Tactical Policy,4,19,P,-10.0,9,0.0,100.0,0.0,100,0,5,Expert,0.37735360253530714,0.09433840063382679,0.75,3.0,53,4,42,0,1,3,True,False,True,True
Without Tactical Policy,4,20,P,-10.0,7,0.0,100.0,0.0,100,0,5,Expert,0.35848592240854177,0.08962148060213544,1.0,3.0,56,3,44,0,0,3,True,False,True,True
Without Tactical Policy,4,21,P,-10.0,7,0.0,100.0,0.0,100,0,5,Expert,0.34056162628811465,0.08514040657202866,1.0,3.0,59,3,47,0,0,3,True,False,True,True
Without Tactical Policy,4,22,P,-10.0,7,0.0,100.0,0.0,100,0,5,Expert,0.3235335449737089,0.08088338624342722,1.0,3.0,62,3,50,0,1,2,True,False,True,True
Without Tactical Policy,4,23,P,-10.0,9,0.0,100.0,0.0,100,0,5,Expert,0.30735686772502346,0.07683921693125587,0.75,3.0,66,4,52,0,0,4,True,False,True,True
Without Tactical Policy,4,24,P,-10.0,7,0.0,100.0,0.0,100,0,5,Expert,0.2919890243387723,0.07299725608469307,1.0,3.0,69,3,54,0,0,3,True,False,True,True
Without Tactical Policy,4,25,P,-10.0,7,0.0,100.0,0.0,100,0,5,Expert,0.27738957312183365,0.06934739328045841,1.0,3.0,72,3,56,0,0,3,True,False,True,True
Without Tactical Policy,4,26,P,-10.0,5,0.0,100.0,0.0,100,0,5,Expert,0.263520094465742,0.0658800236164355,1.5,3.0,74,2,58,0,0,2,True,False,True,True
Without Tactical Policy,4,27,P,-10.0,5,0.0,100.0,0.0,100,0,5,Expert,0.25034408974245487,0.06258602243561372,1.5,3.0,76,2,59,0,1,1,True,False,True,True
Without Tactical Policy,4,28,P,-10.0,5,0.0,100.0,0.0,100,0,5,Expert,0.2378268852553321,0.059456721313833026,1.5,3.0,78,2,60,0,0,2,True,False,True,True
Without Tactical Policy,4,29,P,-10.0,5,0.0,100.0,0.0,100,0,5,Expert,0.2259355409925655,0.05648388524814137,1.5,3.0,80,2,62,0,1,1,True,False,True,True
Without Tactical Policy,4,30,P,-10.0,5,0.0,100.0,0.0,100,0,5,Expert,0.2146387639429372,0.0536596909857343,1.5,3.0,82,2,64,0,0,2,True,False,True,True
Without Tactical Policy,4,31,P,-10.0,9,0.0,100.0,0.0,100,0,5,Expert,0.20390682574579033,0.05097670643644758,0.75,3.0,86,4,67,0,0,4,True,False,True,True
Without Tactical Policy,4,32,P,-10.0,7,0.0,100.0,0.0,100,0,5,Expert,0.1937114844585008,0.05,1.0,3.0,89,3,69,0,0,3,True,False,True,True
Without Tactical Policy,4,33,P,-10.0,5,0.0,100.0,0.0,100,0,5,Expert,0.18402591023557577,0.05,1.5,3.0,91,2,70,0,0,2,True,False,True,True
Without Tactical Policy,4,34,P,-10.0,7,0.0,100.0,0.0,100,0,5,Expert,0.17482461472379698,0.05,1.0,3.0,94,3,72,0,0,3,True,False,True,True
Without Tactical Policy,4,35,P,-10.0,7,0.0,100.0,0.0,100,0,5,Expert,0.16608338398760714,0.05,1.0,3.0,97,3,74,0,0,3,True,False,True,True
Without Tactical Policy,4,36,P,-10.0,5,0.0,100.0,0.0,100,0,5,Expert,0.15777921478822676,0.05,1.5,3.0,99,2,76,0,0,2,True,False,True,True
Without Tactical Policy,4,37,P,-10.0,9,0.0,100.0,0.0,100,0,5,Expert,0.14989025404881542,0.05,0.75,3.0,103,4,79,0,0,4,True,False,True,True
Without Tactical Policy,4,38,P,-10.0,5,0.0,100.0,0.0,100,0,5,Expert,0.14239574134637464,0.05,1.5,3.0,105,2,81,0,0,2,True,False,True,True
Without Tactical Policy,4,39,P,-10.0,9,0.0,100.0,0.0,100,0,5,Expert,0.1352759542790559,0.05,0.75,3.0,109,4,84,0,0,4,True,False,True,True
Without Tactical Policy,4,40,P,-10.0,5,0.0,100.0,0.0,100,0,5,Expert,0.1285121565651031,0.05,1.5,3.0,111,2,85,0,0,2,True,False,True,True
Without Tactical Policy,4,41,P,-10.0,7,0.0,100.0,0.0,100,0,5,Expert,0.12208654873684793,0.05,1.0,3.0,114,3,87,0,0,3,True,False,True,True
Without Tactical Policy,4,42,P,-10.0,5,0.0,100.0,0.0,100,0,5,Expert,0.11598222130000553,0.05,1.5,3.0,116,2,88,0,0,2,True,False,True,True
Without Tactical Policy,4,43,P,-10.0,5,0.0,100.0,0.0,100,0,5,Expert,0.11018311023500525,0.05,1.5,3.0,118,2,89,0,0,2,True,False,True,True
Without Tactical Policy,4,44,P,-10.0,5,0.0,100.0,0.0,100,0,5,Expert,0.10467395472325498,0.05,1.5,3.0,120,2,90,0,0,2,True,False,True,True
Without Tactical Policy,4,45,P,-10.0,9,0.0,100.0,0.0,100,0,5,Expert,0.09944025698709223,0.05,0.75,3.0,124,4,93,0,0,4,True,False,True,True
Without Tactical Policy,4,46,P,-10.0,5,0.0,100.0,0.0,100,0,5,Expert,0.09446824413773762,0.05,1.5,3.0,126,2,94,0,0,2,True,False,True,True
Without Tactical Policy,4,47,P,-10.0,7,0.0,100.0,0.0,100,0,5,Expert,0.08974483193085074,0.05,1.0,3.0,129,3,96,0,0,3,True,False,True,True
Without Tactical Policy,4,48,P,-10.0,5,0.0,100.0,0.0,100,0,5,Expert,0.0852575903343082,0.05,1.5,3.0,131,2,97,0,0,2,True,False,True,True
Without Tactical Policy,4,49,P,-10.0,5,0.0,100.0,0.0,100,0,5,Expert,0.08099471081759278,0.05,1.5,3.0,133,2,98,0,0,2,True,False,True,True
Without Tactical Policy,4,50,P,-10.0,7,0.0,100.0,0.0,100,0,5,Expert,0.07694497527671314,0.05,1.0,3.0,136,3,100,0,0,3,True,False,True,True
Without Tactical Policy,4,51,P,-10.0,5,0.0,100.0,0.0,100,0,5,Expert,0.07309772651287748,0.05,1.5,3.0,138,2,101,0,0,2,True,False,True,True
Without Tactical Policy,4,52,P,-10.0,9,0.0,100.0,0.0,100,0,5,Expert,0.0694428401872336,0.05,0.75,3.0,142,4,104,0,1,3,True,False,True,True
Without Tactical Policy,4,53,P,-10.0,7,0.0,100.0,0.0,100,0,5,Expert,0.0659706981778719,0.05,1.0,3.0,145,3,106,0,1,2,True,False,True,True
Without Tactical Policy,4,54,P,-10.0,5,0.0,100.0,0.0,100,0,5,Expert,0.0626721632689783,0.05,1.5,3.0,147,2,107,0,0,2,True,False,True,True
Without Tactical Policy,4,55,P,-10.0,5,0.0,100.0,0.0,100,0,5,Expert,0.059538555105529384,0.05,1.5,3.0,149,2,108,0,0,2,True,False,True,True
Without Tactical Policy,4,56,P,-10.0,9,0.0,100.0,0.0,100,0,5,Expert,0.05656162735025291,0.05,0.75,3.0,153,4,111,0,0,4,True,False,True,True
Without Tactical Policy,4,57,P,-10.0,9,0.0,100.0,0.0,100,0,5,Expert,0.053733545982740265,0.05,0.75,3.0,157,4,114,0,1,3,True,False,True,True
Without Tactical Policy,4,58,P,-10.0,7,0.0,100.0,0.0,100,0,5,Expert,0.05104686868360325,0.05,1.0,3.0,160,3,117,0,0,3,True,False,True,True
Without Tactical Policy,4,59,P,-10.0,5,0.0,100.0,0.0,100,0,5,Expert,0.05,0.05,1.5,3.0,162,2,118,0,0,2,True,False,True,True
Without Tactical Policy,4,60,P,-10.0,7,0.0,100.0,0.0,100,0,5,Expert,0.05,0.05,1.0,3.0,165,3,120,0,0,3,True,False,True,True
Without Tactical Policy,4,61,P,-10.0,11,0.0,100.0,0.0,100,0,5,Expert,0.05,0.05,0.6,3.0,170,5,124,0,0,5,True,False,True,True
Without Tactical Policy,4,62,P,-10.0,5,0.0,100.0,0.0,100,0,5,Expert,0.05,0.05,1.5,3.0,172,2,125,0,0,2,True,False,True,True
Without Tactical Policy,4,63,P,-10.0,5,0.0,100.0,0.0,100,0,5,Expert,0.05,0.05,1.5,3.0,174,2,126,0,0,2,True,False,True,True
Without Tactical Policy,4,64,P,-10.0,11,0.0,100.0,0.0,100,0,5,Expert,0.05,0.05,0.6,3.0,179,5,130,0,0,5,True,False,True,True
Without Tactical Policy,4,65,P,-10.0,7,0.0,100.0,0.0,100,0,5,Expert,0.05,0.05,1.0,3.0,182,3,132,0,0,3,True,False,True,True
Without Tactical Policy,4,66,A,10.0,6,1.5151515151515151,98.48484848484848,0.0,100,0,5,Expert,0.05,0.05,1.0,3.0,185,3,134,0,0,3,True,False,True,True
Without Tactical Policy,4,67,P,-10.0,7,1.492537313432836,98.50746268656717,0.0,100,0,5,Expert,0.05,0.05,1.0,3.0,188,3,136,0,0,3,True,False,True,True
Without Tactical Policy,4,68,P,-10.0,13,1.4705882352941178,98.52941176470588,0.0,100,0,5,Expert,0.05,0.05,0.5,3.0,194,6,141,0,1,5,True,False,True,True
Without Tactical Policy,4,69,P,-10.0,9,1.4492753623188406,98.55072463768116,0.0,100,0,5,Expert,0.05,0.05,0.75,3.0,198,4,144,0,0,4,True,False,True,True
Without Tactical Policy,4,70,P,-10.0,5,1.4285714285714286,98.57142857142857,0.0,100,0,5,Expert,0.05,0.05,1.5,3.0,200,2,145,0,0,2,True,False,True,True
Without Tactical Policy,4,71,P,-10.0,5,1.408450704225352,98.59154929577464,0.0,100,0,5,Expert,0.05,0.05,1.5,3.0,202,2,146,0,0,2,True,False,True,True
Without Tactical Policy,4,72,P,-10.0,11,1.3888888888888888,98.61111111111111,0.0,100,0,5,Expert,0.05,0.05,0.6,3.0,207,5,149,0,0,5,True,False,True,True
Without Tactical Policy,4,73,P,-10.0,11,1.36986301369863,98.63013698630137,0.0,100,0,5,Expert,0.05,0.05,0.6,3.0,212,5,153,0,0,5,True,False,True,True
Without Tactical Policy,4,74,P,-10.0,7,1.3513513513513513,98.64864864864865,0.0,100,0,5,Expert,0.05,0.05,1.0,3.0,215,3,155,0,0,3,True,False,True,True
Without Tactical Policy,4,75,P,-10.0,9,1.3333333333333333,98.66666666666667,0.0,100,0,5,Expert,0.05,0.05,0.75,3.0,219,4,158,0,0,4,True,False,True,True
Without Tactical Policy,4,76,P,-10.0,5,1.3157894736842106,98.6842105263158,0.0,100,0,5,Expert,0.05,0.05,1.5,3.0,221,2,159,0,0,2,True,False,True,True
Without Tactical Policy,4,77,P,-10.0,9,1.2987012987012987,98.7012987012987,0.0,100,0,5,Expert,0.05,0.05,0.75,3.0,225,4,162,0,0,4,True,False,True,True
Without Tactical Policy,4,78,P,-10.0,5,1.2820512820512822,98.71794871794872,0.0,100,0,5,Expert,0.05,0.05,1.5,3.0,227,2,163,0,0,2,True,False,True,True
Without Tactical Policy,4,79,P,-10.0,5,1.2658227848101267,98.73417721518987,0.0,100,0,5,Expert,0.05,0.05,1.5,3.0,229,2,164,0,0,2,True,False,True,True
Without Tactical Policy,4,80,P,-10.0,5,1.25,98.75,0.0,100,0,5,Expert,0.05,0.05,1.5,3.0,231,2,165,0,0,2,True,False,True,True
Without Tactical Policy,4,81,P,-10.0,5,1.2345679012345678,98.76543209876543,0.0,100,0,5,Expert,0.05,0.05,1.5,3.0,233,2,166,0,0,2,True,False,True,True
Without Tactical Policy,4,82,P,-10.0,5,1.2195121951219512,98.78048780487805,0.0,100,0,5,Expert,0.05,0.05,1.5,3.0,235,2,167,0,0,2,True,False,True,True
Without Tactical Policy,4,83,P,-10.0,9,1.2048192771084338,98.79518072289157,0.0,100,0,5,Expert,0.05,0.05,0.75,3.0,239,4,169,0,0,4,True,False,True,True
Without Tactical Policy,4,84,P,-10.0,11,1.1904761904761905,98.80952380952381,0.0,100,0,5,Expert,0.05,0.05,0.6,3.0,244,5,173,0,1,4,True,False,True,True
Without Tactical Policy,4,85,P,-10.0,5,1.1764705882352942,98.82352941176471,0.0,100,0,5,Expert,0.05,0.05,1.5,3.0,246,2,174,0,0,2,True,False,True,True
Without Tactical Policy,4,86,P,-10.0,7,1.1627906976744187,98.83720930232558,0.0,100,0,5,Expert,0.05,0.05,1.0,3.0,249,3,176,0,1,2,True,False,True,True
Without Tactical Policy,4,87,P,-10.0,7,1.1494252873563218,98.85057471264368,0.0,100,0,5,Expert,0.05,0.05,1.0,3.0,252,3,178,0,1,2,True,False,True,True
Without Tactical Policy,4,88,P,-10.0,5,1.1363636363636365,98.86363636363636,0.0,100,0,5,Expert,0.05,0.05,1.5,3.0,254,2,179,0,0,2,True,False,True,True
Without Tactical Policy,4,89,P,-10.0,7,1.1235955056179776,98.87640449438203,0.0,100,0,5,Expert,0.05,0.05,1.0,3.0,257,3,181,0,0,3,True,False,True,True
Without Tactical Policy,4,90,P,-10.0,5,1.1111111111111112,98.88888888888889,0.0,100,0,5,Expert,0.05,0.05,1.5,3.0,259,2,182,0,0,2,True,False,True,True
Without Tactical Policy,4,91,P,-10.0,7,1.098901098901099,98.9010989010989,0.0,100,0,5,Expert,0.05,0.05,1.0,3.0,262,3,184,0,0,3,True,False,True,True
Without Tactical Policy,4,92,P,-10.0,7,1.0869565217391304,98.91304347826087,0.0,100,0,5,Expert,0.05,0.05,1.0,3.0,265,3,186,0,0,3,True,False,True,True
Without Tactical Policy,4,93,P,-10.0,5,1.075268817204301,98.9247311827957,0.0,100,0,5,Expert,0.05,0.05,1.5,3.0,267,2,187,0,0,2,True,False,True,True
Without Tactical Policy,4,94,P,-10.0,5,1.0638297872340425,98.93617021276596,0.0,100,0,5,Expert,0.05,0.05,1.5,3.0,269,2,188,0,0,2,True,False,True,True
Without Tactical Policy,4,95,P,-10.0,5,1.0526315789473684,98.94736842105263,0.0,100,0,5,Expert,0.05,0.05,1.5,3.0,271,2,189,0,0,2,True,False,True,True
Without Tactical Policy,4,96,P,-10.0,7,1.0416666666666667,98.95833333333333,0.0,100,0,5,Expert,0.05,0.05,1.0,3.0,274,3,191,0,0,3,True,False,True,True
Without Tactical Policy,4,97,P,-10.0,7,1.0309278350515463,98.96907216494846,0.0,100,0,5,Expert,0.05,0.05,1.0,3.0,277,3,193,0,0,3,True,False,True,True
Without Tactical Policy,4,98,P,-10.0,5,1.0204081632653061,98.9795918367347,0.0,100,0,5,Expert,0.05,0.05,1.5,3.0,279,2,194,0,0,2,True,False,True,True
Without Tactical Policy,4,99,P,-10.0,7,1.0101010101010102,98.98989898989899,0.0,100,0,5,Expert,0.05,0.05,1.0,3.0,282,3,196,0,1,2,True,False,True,True
Without Tactical Policy,4,100,P,-10.0,5,1.0,99.0,0.0,100,0,5,Expert,0.05,0.05,1.5,3.0,284,2,197,0,0,2,True,False,True,True
Without Tactical Policy,5,1,P,-10.0,5,0.0,100.0,0.0,60,10,1,Very Easy,0.95,1.0,1.5,3.0,2,2,2,0,2,0,True,False,True,True
Without Tactical Policy,5,2,P,-10.0,5,0.0,100.0,0.0,70,10,1,Very Easy,0.9025,1.0,1.5,3.0,4,2,4,0,2,0,True,False,True,True
Without Tactical Policy,5,3,P,-10.0,7,0.0,100.0,0.0,80,10,5,Expert,0.8573749999999999,0.21434374999999997,1.0,3.0,7,3,7,0,3,0,True,False,True,True
Without Tactical Policy,5,4,P,-10.0,5,0.0,100.0,0.0,90,10,5,Expert,0.8145062499999999,0.20362656249999997,1.5,3.0,9,2,9,0,0,2,True,False,True,True
Without Tactical Policy,5,5,P,-10.0,5,0.0,100.0,0.0,100,10,5,Expert,0.7737809374999999,0.19344523437499997,1.5,3.0,11,2,11,0,2,0,True,False,True,True
Without Tactical Policy,5,6,P,-10.0,7,0.0,100.0,0.0,100,0,5,Expert,0.7350918906249998,0.18377297265624995,1.0,3.0,14,3,13,0,0,3,True,False,True,True
Without Tactical Policy,5,7,P,-10.0,5,0.0,100.0,0.0,100,0,5,Expert,0.6983372960937497,0.17458432402343743,1.5,3.0,16,2,15,0,1,1,True,False,True,True
Without Tactical Policy,5,8,P,-10.0,7,0.0,100.0,0.0,100,0,5,Expert,0.6634204312890623,0.16585510782226556,1.0,3.0,19,3,18,0,2,1,True,False,True,True
Without Tactical Policy,5,9,P,-10.0,7,0.0,100.0,0.0,100,0,5,Expert,0.6302494097246091,0.15756235243115227,1.0,3.0,22,3,20,0,1,2,True,False,True,True
Without Tactical Policy,5,10,P,-10.0,5,0.0,100.0,0.0,100,0,5,Expert,0.5987369392383786,0.14968423480959464,1.5,3.0,24,2,22,0,1,1,True,False,True,True
Without Tactical Policy,5,11,P,-10.0,5,0.0,100.0,0.0,100,0,5,Expert,0.5688000922764596,0.1422000230691149,1.5,3.0,26,2,24,0,0,2,True,False,True,True
Without Tactical Policy,5,12,P,-10.0,5,0.0,100.0,0.0,100,0,5,Expert,0.5403600876626365,0.13509002191565914,1.5,3.0,28,2,26,0,1,1,True,False,True,True
Without Tactical Policy,5,13,P,-10.0,7,0.0,100.0,0.0,100,0,5,Expert,0.5133420832795047,0.12833552081987618,1.0,3.0,31,3,28,0,1,2,True,False,True,True
Without Tactical Policy,5,14,P,-10.0,9,0.0,100.0,0.0,100,0,5,Expert,0.48767497911552943,0.12191874477888236,0.75,3.0,35,4,31,0,0,4,True,False,True,True
Without Tactical Policy,5,15,P,-10.0,5,0.0,100.0,0.0,100,0,5,Expert,0.46329123015975293,0.11582280753993823,1.5,3.0,37,2,32,0,0,2,True,False,True,True
Without Tactical Policy,5,16,P,-10.0,13,0.0,100.0,0.0,100,0,5,Expert,0.44012666865176525,0.11003166716294131,0.5,3.0,43,6,37,0,0,6,True,False,True,True
Without Tactical Policy,5,17,P,-10.0,5,0.0,100.0,0.0,100,0,5,Expert,0.41812033521917696,0.10453008380479424,1.5,3.0,45,2,38,0,1,1,True,False,True,True
Without Tactical Policy,5,18,P,-10.0,9,0.0,100.0,0.0,100,0,5,Expert,0.3972143184582181,0.09930357961455452,0.75,3.0,49,4,42,0,0,4,True,False,True,True
Without Tactical Policy,5,19,P,-10.0,7,0.0,100.0,0.0,100,0,5,Expert,0.37735360253530714,0.09433840063382679,1.0,3.0,52,3,45,0,0,3,True,False,True,True
Without Tactical Policy,5,20,P,-10.0,5,0.0,100.0,0.0,100,0,5,Expert,0.35848592240854177,0.08962148060213544,1.5,3.0,54,2,46,0,0,2,True,False,True,True
Without Tactical Policy,5,21,P,-10.0,5,0.0,100.0,0.0,100,0,5,Expert,0.34056162628811465,0.08514040657202866,1.5,3.0,56,2,47,0,0,2,True,False,True,True
Without Tactical Policy,5,22,P,-10.0,7,0.0,100.0,0.0,100,0,5,Expert,0.3235335449737089,0.08088338624342722,1.0,3.0,59,3,49,0,0,3,True,False,True,True
Without Tactical Policy,5,23,P,-10.0,7,0.0,100.0,0.0,100,0,5,Expert,0.30735686772502346,0.07683921693125587,1.0,3.0,62,3,52,0,0,3,True,False,True,True
Without Tactical Policy,5,24,P,-10.0,9,0.0,100.0,0.0,100,0,5,Expert,0.2919890243387723,0.07299725608469307,0.75,3.0,66,4,55,0,1,3,True,False,True,True
Without Tactical Policy,5,25,P,-10.0,7,0.0,100.0,0.0,100,0,5,Expert,0.27738957312183365,0.06934739328045841,1.0,3.0,69,3,57,0,0,3,True,False,True,True
Without Tactical Policy,5,26,P,-10.0,7,0.0,100.0,0.0,100,0,5,Expert,0.263520094465742,0.0658800236164355,1.0,3.0,72,3,59,0,0,3,True,False,True,True
Without Tactical Policy,5,27,P,-10.0,7,0.0,100.0,0.0,100,0,5,Expert,0.25034408974245487,0.06258602243561372,1.0,3.0,75,3,61,0,0,3,True,False,True,True
Without Tactical Policy,5,28,P,-10.0,5,0.0,100.0,0.0,100,0,5,Expert,0.2378268852553321,0.059456721313833026,1.5,3.0,77,2,62,0,0,2,True,False,True,True
Without Tactical Policy,5,29,P,-10.0,5,0.0,100.0,0.0,100,0,5,Expert,0.2259355409925655,0.05648388524814137,1.5,3.0,79,2,63,0,0,2,True,False,True,True
Without Tactical Policy,5,30,P,-10.0,7,0.0,100.0,0.0,100,0,5,Expert,0.2146387639429372,0.0536596909857343,1.0,3.0,82,3,65,0,0,3,True,False,True,True
Without Tactical Policy,5,31,P,-10.0,7,0.0,100.0,0.0,100,0,5,Expert,0.20390682574579033,0.05097670643644758,1.0,3.0,85,3,67,0,0,3,True,False,True,True
Without Tactical Policy,5,32,P,-10.0,7,0.0,100.0,0.0,100,0,5,Expert,0.1937114844585008,0.05,1.0,3.0,88,3,69,0,0,3,True,False,True,True
Without Tactical Policy,5,33,P,-10.0,9,0.0,100.0,0.0,100,0,5,Expert,0.18402591023557577,0.05,0.75,3.0,92,4,72,0,0,4,True,False,True,True
Without Tactical Policy,5,34,P,-10.0,7,0.0,100.0,0.0,100,0,5,Expert,0.17482461472379698,0.05,1.0,3.0,95,3,75,0,0,3,True,False,True,True
Without Tactical Policy,5,35,P,-10.0,7,0.0,100.0,0.0,100,0,5,Expert,0.16608338398760714,0.05,1.0,3.0,98,3,77,0,1,2,True,False,True,True
Without Tactical Policy,5,36,P,-10.0,5,0.0,100.0,0.0,100,0,5,Expert,0.15777921478822676,0.05,1.5,3.0,100,2,78,0,0,2,True,False,True,True
Without Tactical Policy,5,37,P,-10.0,5,0.0,100.0,0.0,100,0,5,Expert,0.14989025404881542,0.05,1.5,3.0,102,2,80,0,0,2,True,False,True,True
Without Tactical Policy,5,38,P,-10.0,9,0.0,100.0,0.0,100,0,5,Expert,0.14239574134637464,0.05,0.75,3.0,106,4,83,0,0,4,True,False,True,True
Without Tactical Policy,5,39,P,-10.0,7,0.0,100.0,0.0,100,0,5,Expert,0.1352759542790559,0.05,1.0,3.0,109,3,85,0,0,3,True,False,True,True
Without Tactical Policy,5,40,P,-10.0,9,0.0,100.0,0.0,100,0,5,Expert,0.1285121565651031,0.05,0.75,3.0,113,4,88,0,0,4,True,False,True,True
Without Tactical Policy,5,41,P,-10.0,9,0.0,100.0,0.0,100,0,5,Expert,0.12208654873684793,0.05,0.75,3.0,117,4,91,0,0,4,True,False,True,True
Without Tactical Policy,5,42,P,-10.0,7,0.0,100.0,0.0,100,0,5,Expert,0.11598222130000553,0.05,1.0,3.0,120,3,93,0,1,2,True,False,True,True
Without Tactical Policy,5,43,P,-10.0,5,0.0,100.0,0.0,100,0,5,Expert,0.11018311023500525,0.05,1.5,3.0,122,2,94,0,0,2,True,False,True,True
Without Tactical Policy,5,44,P,-10.0,7,0.0,100.0,0.0,100,0,5,Expert,0.10467395472325498,0.05,1.0,3.0,125,3,96,0,0,3,True,False,True,True
Without Tactical Policy,5,45,P,-10.0,7,0.0,100.0,0.0,100,0,5,Expert,0.09944025698709223,0.05,1.0,3.0,128,3,98,0,0,3,True,False,True,True
Without Tactical Policy,5,46,P,-10.0,5,0.0,100.0,0.0,100,0,5,Expert,0.09446824413773762,0.05,1.5,3.0,130,2,99,0,1,1,True,False,True,True
Without Tactical Policy,5,47,P,-10.0,5,0.0,100.0,0.0,100,0,5,Expert,0.08974483193085074,0.05,1.5,3.0,132,2,100,0,1,1,True,False,True,True
Without Tactical Policy,5,48,P,-10.0,5,0.0,100.0,0.0,100,0,5,Expert,0.0852575903343082,0.05,1.5,3.0,134,2,101,0,0,2,True,False,True,True
Without Tactical Policy,5,49,P,-10.0,7,0.0,100.0,0.0,100,0,5,Expert,0.08099471081759278,0.05,1.0,3.0,137,3,103,0,0,3,True,False,True,True
Without Tactical Policy,5,50,P,-10.0,5,0.0,100.0,0.0,100,0,5,Expert,0.07694497527671314,0.05,1.5,3.0,139,2,104,0,0,2,True,False,True,True
Without Tactical Policy,5,51,P,-10.0,7,0.0,100.0,0.0,100,0,5,Expert,0.07309772651287748,0.05,1.0,3.0,142,3,106,0,0,3,True,False,True,True
Without Tactical Policy,5,52,P,-10.0,7,0.0,100.0,0.0,100,0,5,Expert,0.0694428401872336,0.05,1.0,3.0,145,3,108,0,0,3,True,False,True,True
Without Tactical Policy,5,53,P,-10.0,7,0.0,100.0,0.0,100,0,5,Expert,0.0659706981778719,0.05,1.0,3.0,148,3,110,0,0,3,True,False,True,True
Without Tactical Policy,5,54,P,-10.0,7,0.0,100.0,0.0,100,0,5,Expert,0.0626721632689783,0.05,1.0,3.0,151,3,112,0,1,2,True,False,True,True
Without Tactical Policy,5,55,P,-10.0,7,0.0,100.0,0.0,100,0,5,Expert,0.059538555105529384,0.05,1.0,3.0,154,3,114,0,0,3,True,False,True,True
Without Tactical Policy,5,56,P,-10.0,5,0.0,100.0,0.0,100,0,5,Expert,0.05656162735025291,0.05,1.5,3.0,156,2,115,0,0,2,True,False,True,True
Without Tactical Policy,5,57,P,-10.0,5,0.0,100.0,0.0,100,0,5,Expert,0.053733545982740265,0.05,1.5,3.0,158,2,116,0,0,2,True,False,True,True
Without Tactical Policy,5,58,P,-10.0,5,0.0,100.0,0.0,100,0,5,Expert,0.05104686868360325,0.05,1.5,3.0,160,2,117,0,0,2,True,False,True,True
Without Tactical Policy,5,59,P,-10.0,5,0.0,100.0,0.0,100,0,5,Expert,0.05,0.05,1.5,3.0,162,2,118,0,0,2,True,False,True,True
Without Tactical Policy,5,60,P,-10.0,7,0.0,100.0,0.0,100,0,5,Expert,0.05,0.05,1.0,3.0,165,3,120,0,0,3,True,False,True,True
Without Tactical Policy,5,61,P,-10.0,7,0.0,100.0,0.0,100,0,5,Expert,0.05,0.05,1.0,3.0,168,3,122,0,0,3,True,False,True,True
Without Tactical Policy,5,62,P,-10.0,5,0.0,100.0,0.0,100,0,5,Expert,0.05,0.05,1.5,3.0,170,2,123,0,0,2,True,False,True,True
Without Tactical Policy,5,63,P,-10.0,7,0.0,100.0,0.0,100,0,5,Expert,0.05,0.05,1.0,3.0,173,3,125,0,0,3,True,False,True,True
Without Tactical Policy,5,64,P,-10.0,9,0.0,100.0,0.0,100,0,5,Expert,0.05,0.05,0.75,3.0,177,4,128,0,0,4,True,False,True,True
Without Tactical Policy,5,65,P,-10.0,7,0.0,100.0,0.0,100,0,5,Expert,0.05,0.05,1.0,3.0,180,3,130,0,0,3,True,False,True,True
Without Tactical Policy,5,66,P,-10.0,5,0.0,100.0,0.0,100,0,5,Expert,0.05,0.05,1.5,3.0,182,2,131,0,0,2,True,False,True,True
Without Tactical Policy,5,67,P,-10.0,7,0.0,100.0,0.0,100,0,5,Expert,0.05,0.05,1.0,3.0,185,3,134,0,0,3,True,False,True,True
Without Tactical Policy,5,68,P,-10.0,5,0.0,100.0,0.0,100,0,5,Expert,0.05,0.05,1.5,3.0,187,2,135,0,0,2,True,False,True,True
Without Tactical Policy,5,69,P,-10.0,7,0.0,100.0,0.0,100,0,5,Expert,0.05,0.05,1.0,3.0,190,3,136,0,0,3,True,False,True,True
Without Tactical Policy,5,70,P,-10.0,7,0.0,100.0,0.0,100,0,5,Expert,0.05,0.05,1.0,3.0,193,3,138,0,1,2,True,False,True,True
Without Tactical Policy,5,71,P,-10.0,9,0.0,100.0,0.0,100,0,5,Expert,0.05,0.05,0.75,3.0,197,4,141,0,1,3,True,False,True,True
Without Tactical Policy,5,72,P,-10.0,5,0.0,100.0,0.0,100,0,5,Expert,0.05,0.05,1.5,3.0,199,2,142,0,0,2,True,False,True,True
Without Tactical Policy,5,73,P,-10.0,5,0.0,100.0,0.0,100,0,5,Expert,0.05,0.05,1.5,3.0,201,2,143,0,0,2,True,False,True,True
Without Tactical Policy,5,74,P,-10.0,7,0.0,100.0,0.0,100,0,5,Expert,0.05,0.05,1.0,3.0,204,3,145,0,0,3,True,False,True,True
Without Tactical Policy,5,75,P,-10.0,5,0.0,100.0,0.0,100,0,5,Expert,0.05,0.05,1.5,3.0,206,2,146,0,0,2,True,False,True,True
Without Tactical Policy,5,76,P,-10.0,7,0.0,100.0,0.0,100,0,5,Expert,0.05,0.05,1.0,3.0,209,3,148,0,0,3,True,False,True,True
Without Tactical Policy,5,77,P,-10.0,5,0.0,100.0,0.0,100,0,5,Expert,0.05,0.05,1.5,3.0,211,2,149,0,0,2,True,False,True,True
Without Tactical Policy,5,78,P,-10.0,5,0.0,100.0,0.0,100,0,5,Expert,0.05,0.05,1.5,3.0,213,2,150,0,0,2,True,False,True,True
Without Tactical Policy,5,79,P,-10.0,7,0.0,100.0,0.0,100,0,5,Expert,0.05,0.05,1.0,3.0,216,3,152,0,0,3,True,False,True,True
Without Tactical Policy,5,80,P,-10.0,7,0.0,100.0,0.0,100,0,5,Expert,0.05,0.05,1.0,3.0,219,3,154,0,0,3,True,False,True,True
Without Tactical Policy,5,81,P,-10.0,7,0.0,100.0,0.0,100,0,5,Expert,0.05,0.05,1.0,3.0,222,3,156,0,1,2,True,False,True,True
Without Tactical Policy,5,82,P,-10.0,5,0.0,100.0,0.0,100,0,5,Expert,0.05,0.05,1.5,3.0,224,2,157,0,0,2,True,False,True,True
Without Tactical Policy,5,83,P,-10.0,11,0.0,100.0,0.0,100,0,5,Expert,0.05,0.05,0.6,3.0,229,5,161,0,0,5,True,False,True,True
Without Tactical Policy,5,84,P,-10.0,5,0.0,100.0,0.0,100,0,5,Expert,0.05,0.05,1.5,3.0,231,2,162,0,0,2,True,False,True,True
Without Tactical Policy,5,85,P,-10.0,7,0.0,100.0,0.0,100,0,5,Expert,0.05,0.05,1.0,3.0,234,3,164,0,0,3,True,False,True,True
Without Tactical Policy,5,86,P,-10.0,7,0.0,100.0,0.0,100,0,5,Expert,0.05,0.05,1.0,3.0,237,3,166,0,1,2,True,False,True,True
Without Tactical Policy,5,87,P,-10.0,5,0.0,100.0,0.0,100,0,5,Expert,0.05,0.05,1.5,3.0,239,2,167,0,1,1,True,False,True,True
Without Tactical Policy,5,88,P,-10.0,5,0.0,100.0,0.0,100,0,5,Expert,0.05,0.05,1.5,3.0,241,2,168,0,0,2,True,False,True,True
Without Tactical Policy,5,89,P,-10.0,5,0.0,100.0,0.0,100,0,5,Expert,0.05,0.05,1.5,3.0,243,2,169,0,0,2,True,False,True,True
Without Tactical Policy,5,90,P,-10.0,5,0.0,100.0,0.0,100,0,5,Expert,0.05,0.05,1.5,3.0,245,2,170,0,0,2,True,False,True,True
Without Tactical Policy,5,91,P,-10.0,7,0.0,100.0,0.0,100,0,5,Expert,0.05,0.05,1.0,3.0,248,3,172,0,0,3,True,False,True,True
Without Tactical Policy,5,92,P,-10.0,5,0.0,100.0,0.0,100,0,5,Expert,0.05,0.05,1.5,3.0,250,2,173,0,0,2,True,False,True,True
Without Tactical Policy,5,93,P,-10.0,5,0.0,100.0,0.0,100,0,5,Expert,0.05,0.05,1.5,3.0,252,2,174,0,0,2,True,False,True,True
Without Tactical Policy,5,94,P,-10.0,7,0.0,100.0,0.0,100,0,5,Expert,0.05,0.05,1.0,3.0,255,3,176,0,0,3,True,False,True,True
Without Tactical Policy,5,95,P,-10.0,7,0.0,100.0,0.0,100,0,5,Expert,0.05,0.05,1.0,3.0,258,3,178,0,0,3,True,False,True,True
Without Tactical Policy,5,96,P,-10.0,5,0.0,100.0,0.0,100,0,5,Expert,0.05,0.05,1.5,3.0,260,2,179,0,0,2,True,False,True,True
Without Tactical Policy,5,97,P,-10.0,5,0.0,100.0,0.0,100,0,5,Expert,0.05,0.05,1.5,3.0,262,2,180,0,1,1,True,False,True,True
Without Tactical Policy,5,98,P,-10.0,9,0.0,100.0,0.0,100,0,5,Expert,0.05,0.05,0.75,3.0,266,4,183,0,0,4,True,False,True,True
Without Tactical Policy,5,99,P,-10.0,7,0.0,100.0,0.0,100,0,5,Expert,0.05,0.05,1.0,3.0,269,3,185,0,1,2,True,False,True,True
Without Tactical Policy,5,100,P,-10.0,5,0.0,100.0,0.0,100,0,5,Expert,0.05,0.05,1.5,3.0,271,2,186,0,0,2,True,False,True,True
Without Adaptive Difficulty,1,1,P,-10.0,5,0.0,100.0,0.0,60,10,3,Normal,0.95,0.76,1.5,3.0,2,2,2,0,2,0,True,True,False,True
Without Adaptive Difficulty,1,2,A,10.0,10,50.0,50.0,0.0,52,-8,3,Normal,0.9025,0.722,0.6,3.0,7,5,7,1,4,0,True,True,False,True
Without Adaptive Difficulty,1,3,P,-10.0,9,33.333333333333336,66.66666666666667,0.0,62,10,3,Normal,0.8573749999999999,0.6859,0.75,3.0,11,4,11,1,1,2,True,True,False,True
Without Adaptive Difficulty,1,4,A,10.0,12,50.0,50.0,0.0,54,-8,3,Normal,0.8145062499999999,0.651605,0.5,3.0,17,6,17,2,2,2,True,True,False,True
Without Adaptive Difficulty,1,5,P,-10.0,7,40.0,60.0,0.0,64,10,3,Normal,0.7737809374999999,0.6190247499999999,1.0,3.0,20,3,20,1,1,1,True,True,False,True
Without Adaptive Difficulty,1,6,P,-10.0,5,33.333333333333336,66.66666666666667,0.0,74,10,3,Normal,0.7350918906249998,0.5880735124999998,1.5,3.0,22,2,21,0,2,0,True,True,False,True
Without Adaptive Difficulty,1,7,A,10.0,8,42.857142857142854,57.142857142857146,0.0,66,-8,3,Normal,0.6983372960937497,0.5586698368749998,0.75,3.0,26,4,25,2,1,1,True,True,False,True
Without Adaptive Difficulty,1,8,P,-10.0,7,37.5,62.5,0.0,76,10,3,Normal,0.6634204312890623,0.5307363450312498,1.0,3.0,29,3,27,1,1,1,True,True,False,True
Without Adaptive Difficulty,1,9,P,-10.0,7,33.333333333333336,66.66666666666667,0.0,86,10,3,Normal,0.6302494097246091,0.5041995277796872,1.0,3.0,32,3,30,0,0,3,True,True,False,True
Without Adaptive Difficulty,1,10,P,-10.0,5,30.0,70.0,0.0,96,10,3,Normal,0.5987369392383786,0.4789895513907029,1.5,3.0,34,2,31,0,2,0,True,True,False,True
Without Adaptive Difficulty,1,11,P,-10.0,5,27.272727272727273,72.72727272727273,0.0,96,0,3,Normal,0.5688000922764596,0.4550400738211677,1.5,3.0,36,2,32,0,1,1,True,True,False,True
Without Adaptive Difficulty,1,12,P,-10.0,5,25.0,75.0,0.0,100,4,3,Normal,0.5403600876626365,0.4322880701301093,1.5,3.0,38,2,34,0,2,0,True,True,False,True
Without Adaptive Difficulty,1,13,P,-10.0,7,23.076923076923077,76.92307692307692,0.0,100,0,3,Normal,0.5133420832795047,0.4106736666236038,1.0,3.0,41,3,37,1,1,1,True,True,False,True
Without Adaptive Difficulty,1,14,P,-10.0,7,21.428571428571427,78.57142857142857,0.0,100,0,3,Normal,0.48767497911552943,0.39013998329242355,1.0,3.0,44,3,40,1,1,1,True,True,False,True
Without Adaptive Difficulty,1,15,P,-10.0,9,20.0,80.0,0.0,100,0,3,Normal,0.46329123015975293,0.3706329841278024,0.75,3.0,48,4,44,2,1,1,True,True,False,True
Without Adaptive Difficulty,1,16,A,10.0,8,25.0,75.0,0.0,100,0,3,Normal,0.44012666865176525,0.3521013349214122,0.75,3.0,52,4,48,2,1,1,True,True,False,True
Without Adaptive Difficulty,1,17,P,-10.0,7,23.529411764705884,76.47058823529412,0.0,100,0,3,Normal,0.41812033521917696,0.3344962681753416,1.0,3.0,55,3,50,2,0,1,True,True,False,True
Without Adaptive Difficulty,1,18,P,-10.0,5,22.22222222222222,77.77777777777777,0.0,100,0,3,Normal,0.3972143184582181,0.3177714547665745,1.5,3.0,57,2,51,0,0,2,True,True,False,True
Without Adaptive Difficulty,1,19,P,-10.0,7,21.05263157894737,78.94736842105263,0.0,100,0,3,Normal,0.37735360253530714,0.30188288202824576,1.0,3.0,60,3,53,1,0,2,True,True,False,True
Without Adaptive Difficulty,1,20,P,-10.0,7,20.0,80.0,0.0,100,0,3,Normal,0.35848592240854177,0.2867887379268334,1.0,3.0,63,3,55,1,0,2,True,True,False,True
Without Adaptive Difficulty,1,21,P,-10.0,9,19.047619047619047,80.95238095238095,0.0,100,0,3,Normal,0.34056162628811465,0.27244930103049175,0.75,3.0,67,4,58,2,0,2,True,True,False,True
Without Adaptive Difficulty,1,22,P,-10.0,5,18.181818181818183,81.81818181818181,0.0,100,0,3,Normal,0.3235335449737089,0.2588268359789671,1.5,3.0,69,2,59,0,0,2,True,True,False,True
Without Adaptive Difficulty,1,23,P,-10.0,7,17.391304347826086,82.6086956521739,0.0,100,0,3,Normal,0.30735686772502346,0.2458854941800188,1.0,3.0,72,3,62,1,1,1,True,True,False,True
Without Adaptive Difficulty,1,24,P,-10.0,9,16.666666666666668,83.33333333333333,0.0,100,0,3,Normal,0.2919890243387723,0.23359121947101782,0.75,3.0,76,4,65,1,0,3,True,True,False,True
Without Adaptive Difficulty,1,25,P,-10.0,9,16.0,84.0,0.0,100,0,3,Normal,0.27738957312183365,0.22191165849746694,0.75,3.0,80,4,68,2,1,1,True,True,False,True
Without Adaptive Difficulty,1,26,P,-10.0,7,15.384615384615385,84.61538461538461,0.0,100,0,3,Normal,0.263520094465742,0.2108160755725936,1.0,3.0,83,3,71,0,1,2,True,True,False,True
Without Adaptive Difficulty,1,27,P,-10.0,5,14.814814814814815,85.18518518518519,0.0,100,0,3,Normal,0.25034408974245487,0.2002752717939639,1.5,3.0,85,2,72,1,0,1,True,True,False,True
Without Adaptive Difficulty,1,28,P,-10.0,7,14.285714285714286,85.71428571428571,0.0,100,0,3,Normal,0.2378268852553321,0.19026150820426568,1.0,3.0,88,3,74,1,0,2,True,True,False,True
Without Adaptive Difficulty,1,29,A,10.0,8,17.24137931034483,82.75862068965517,0.0,100,0,3,Normal,0.2259355409925655,0.1807484327940524,0.75,3.0,92,4,77,2,1,1,True,True,False,True
Without Adaptive Difficulty,1,30,P,-10.0,7,16.666666666666668,83.33333333333333,0.0,100,0,3,Normal,0.2146387639429372,0.17171101115434978,1.0,3.0,95,3,78,3,0,0,True,True,False,True
Without Adaptive Difficulty,1,31,P,-10.0,5,16.129032258064516,83.87096774193549,0.0,100,0,3,Normal,0.20390682574579033,0.16312546059663227,1.5,3.0,97,2,79,1,0,1,True,True,False,True
Without Adaptive Difficulty,1,32,A,10.0,6,18.75,81.25,0.0,100,0,3,Normal,0.1937114844585008,0.15496918756680067,1.0,3.0,100,3,82,2,0,1,True,True,False,True
Without Adaptive Difficulty,1,33,P,-10.0,7,18.181818181818183,81.81818181818181,0.0,100,0,3,Normal,0.18402591023557577,0.14722072818846063,1.0,3.0,103,3,84,2,0,1,True,True,False,True
Without Adaptive Difficulty,1,34,A,10.0,8,20.58823529411765,79.41176470588235,0.0,96,-4,3,Normal,0.17482461472379698,0.1398596917790376,0.75,3.0,107,4,88,1,1,2,True,True,False,True
Without Adaptive Difficulty,1,35,P,-10.0,5,20.0,80.0,0.0,96,0,3,Normal,0.16608338398760714,0.13286670719008573,1.5,3.0,109,2,89,2,0,0,True,True,False,True
Without Adaptive Difficulty,1,36,P,-10.0,5,19.444444444444443,80.55555555555556,0.0,96,0,3,Normal,0.15777921478822676,0.1262233718305814,1.5,3.0,111,2,90,1,0,1,True,True,False,True
Without Adaptive Difficulty,1,37,P,-10.0,7,18.91891891891892,81.08108108108108,0.0,96,0,3,Normal,0.14989025404881542,0.11991220323905234,1.0,3.0,114,3,92,2,0,1,True,True,False,True
Without Adaptive Difficulty,1,38,P,-10.0,5,18.42105263157895,81.57894736842105,0.0,96,0,3,Normal,0.14239574134637464,0.11391659307709973,1.5,3.0,116,2,93,1,0,1,True,True,False,True
Without Adaptive Difficulty,1,39,P,-10.0,7,17.94871794871795,82.05128205128206,0.0,100,4,3,Normal,0.1352759542790559,0.10822076342324471,1.0,3.0,119,3,94,2,1,0,True,True,False,True
Without Adaptive Difficulty,1,40,P,-10.0,7,17.5,82.5,0.0,100,0,3,Normal,0.1285121565651031,0.10280972525208248,1.0,3.0,122,3,96,0,0,3,True,True,False,True
Without Adaptive Difficulty,1,41,P,-10.0,5,17.073170731707318,82.92682926829268,0.0,100,0,3,Normal,0.12208654873684793,0.09766923898947835,1.5,3.0,124,2,97,1,0,1,True,True,False,True
Without Adaptive Difficulty,1,42,P,-10.0,7,16.666666666666668,83.33333333333333,0.0,100,0,3,Normal,0.11598222130000553,0.09278577704000443,1.0,3.0,127,3,99,2,0,1,True,True,False,True
Without Adaptive Difficulty,1,43,P,-10.0,5,16.27906976744186,83.72093023255815,0.0,100,0,3,Normal,0.11018311023500525,0.0881464881880042,1.5,3.0,129,2,100,2,0,0,True,True,False,True
Without Adaptive Difficulty,1,44,A,10.0,6,18.181818181818183,81.81818181818181,0.0,100,0,3,Normal,0.10467395472325498,0.08373916377860399,1.0,3.0,132,3,102,2,0,1,True,True,False,True
Without Adaptive Difficulty,1,45,P,-10.0,7,17.77777777777778,82.22222222222223,0.0,100,0,3,Normal,0.09944025698709223,0.0795522055896738,1.0,3.0,135,3,104,1,0,2,True,True,False,True
Without Adaptive Difficulty,1,46,A,10.0,6,19.565217391304348,80.43478260869566,0.0,100,0,3,Normal,0.09446824413773762,0.0755745953101901,1.0,3.0,138,3,106,3,0,0,True,True,False,True
Without Adaptive Difficulty,1,47,A,10.0,6,21.27659574468085,78.72340425531915,0.0,96,-4,3,Normal,0.08974483193085074,0.07179586554468059,1.0,3.0,141,3,108,2,0,1,True,True,False,True
Without Adaptive Difficulty,1,48,P,-10.0,7,20.833333333333332,79.16666666666667,0.0,96,0,3,Normal,0.0852575903343082,0.06820607226744656,1.0,3.0,144,3,110,0,0,3,True,True,False,True
Without Adaptive Difficulty,1,49,A,10.0,8,22.448979591836736,77.55102040816327,0.0,78,-18,3,Normal,0.08099471081759278,0.06479576865407423,0.75,3.0,148,4,113,3,0,1,True,True,False,True
Without Adaptive Difficulty,1,50,P,-10.0,5,22.0,78.0,0.0,78,0,3,Normal,0.07694497527671314,0.061555980221370515,1.5,3.0,150,2,114,1,0,1,True,True,False,True
Without Adaptive Difficulty,1,51,P,-10.0,5,21.568627450980394,78.43137254901961,0.0,78,0,3,Normal,0.07309772651287748,0.05847818121030199,1.5,3.0,152,2,115,0,0,2,True,True,False,True
Without Adaptive Difficulty,1,52,P,-10.0,7,21.153846153846153,78.84615384615384,0.0,78,0,3,Normal,0.0694428401872336,0.05555427214978688,1.0,3.0,155,3,116,1,0,2,True,True,False,True
Without Adaptive Difficulty,1,53,P,-10.0,9,20.754716981132077,79.24528301886792,0.0,78,0,3,Normal,0.0659706981778719,0.05277655854229753,0.75,3.0,159,4,119,1,0,3,True,True,False,True
Without Adaptive Difficulty,1,54,P,-10.0,7,20.37037037037037,79.62962962962963,0.0,96,18,3,Normal,0.0626721632689783,0.050137730615182646,1.0,3.0,162,3,121,0,0,3,True,True,False,True
Without Adaptive Difficulty,1,55,P,-10.0,9,20.0,80.0,0.0,96,0,3,Normal,0.059538555105529384,0.05,0.75,3.0,166,4,124,1,0,3,True,True,False,True
Without Adaptive Difficulty,1,56,A,10.0,6,21.428571428571427,78.57142857142857,0.0,96,0,3,Normal,0.05656162735025291,0.05,1.0,3.0,169,3,126,1,1,1,True,True,False,True
Without Adaptive Difficulty,1,57,P,-10.0,9,21.05263157894737,78.94736842105263,0.0,100,4,3,Normal,0.053733545982740265,0.05,0.75,3.0,173,4,129,2,0,2,True,True,False,True
Without Adaptive Difficulty,1,58,P,-10.0,13,20.689655172413794,79.3103448275862,0.0,100,0,3,Normal,0.05104686868360325,0.05,0.5,3.0,179,6,134,3,0,3,True,True,False,True
Without Adaptive Difficulty,1,59,P,-10.0,7,20.338983050847457,79.66101694915254,0.0,100,0,3,Normal,0.05,0.05,1.0,3.0,182,3,136,1,0,2,True,True,False,True
Without Adaptive Difficulty,1,60,P,-10.0,7,20.0,80.0,0.0,100,0,3,Normal,0.05,0.05,1.0,3.0,185,3,138,2,0,1,True,True,False,True
Without Adaptive Difficulty,1,61,P,-10.0,5,19.672131147540984,80.32786885245902,0.0,100,0,3,Normal,0.05,0.05,1.5,3.0,187,2,139,0,0,2,True,True,False,True
Without Adaptive Difficulty,1,62,P,-10.0,5,19.35483870967742,80.64516129032258,0.0,100,0,3,Normal,0.05,0.05,1.5,3.0,189,2,140,0,0,2,True,True,False,True
Without Adaptive Difficulty,1,63,P,-10.0,5,19.047619047619047,80.95238095238095,0.0,100,0,3,Normal,0.05,0.05,1.5,3.0,191,2,141,0,0,2,True,True,False,True
Without Adaptive Difficulty,1,64,P,-10.0,7,18.75,81.25,0.0,100,0,3,Normal,0.05,0.05,1.0,3.0,194,3,143,1,0,2,True,True,False,True
Without Adaptive Difficulty,1,65,P,-10.0,7,18.46153846153846,81.53846153846153,0.0,100,0,3,Normal,0.05,0.05,1.0,3.0,197,3,145,0,0,3,True,True,False,True
Without Adaptive Difficulty,1,66,P,-10.0,7,18.181818181818183,81.81818181818181,0.0,100,0,3,Normal,0.05,0.05,1.0,3.0,200,3,147,2,0,1,True,True,False,True
Without Adaptive Difficulty,1,67,P,-10.0,7,17.91044776119403,82.08955223880596,0.0,100,0,3,Normal,0.05,0.05,1.0,3.0,203,3,148,1,0,2,True,True,False,True
Without Adaptive Difficulty,1,68,P,-10.0,5,17.647058823529413,82.3529411764706,0.0,100,0,3,Normal,0.05,0.05,1.5,3.0,205,2,149,0,0,2,True,True,False,True
Without Adaptive Difficulty,1,69,P,-10.0,9,17.391304347826086,82.6086956521739,0.0,100,0,3,Normal,0.05,0.05,0.75,3.0,209,4,152,1,0,3,True,True,False,True
Without Adaptive Difficulty,1,70,P,-10.0,7,17.142857142857142,82.85714285714286,0.0,100,0,3,Normal,0.05,0.05,1.0,3.0,212,3,154,1,0,2,True,True,False,True
Without Adaptive Difficulty,1,71,P,-10.0,11,16.901408450704224,83.09859154929578,0.0,100,0,3,Normal,0.05,0.05,0.6,3.0,217,5,158,3,0,2,True,True,False,True
Without Adaptive Difficulty,1,72,P,-10.0,7,16.666666666666668,83.33333333333333,0.0,100,0,3,Normal,0.05,0.05,1.0,3.0,220,3,160,0,0,3,True,True,False,True
Without Adaptive Difficulty,1,73,A,10.0,8,17.80821917808219,82.1917808219178,0.0,100,0,3,Normal,0.05,0.05,0.75,3.0,224,4,163,3,1,0,True,True,False,True
Without Adaptive Difficulty,1,74,P,-10.0,7,17.56756756756757,82.43243243243244,0.0,100,0,3,Normal,0.05,0.05,1.0,3.0,227,3,164,1,0,2,True,True,False,True
Without Adaptive Difficulty,1,75,A,10.0,6,18.666666666666668,81.33333333333333,0.0,100,0,3,Normal,0.05,0.05,0.970000147819519,2.1000003814697266,230,3,165,2,0,1,True,True,False,True
Without Adaptive Difficulty,1,76,P,-10.0,7,18.42105263157895,81.57894736842105,0.0,100,0,3,Normal,0.05,0.05,1.0,3.0,233,3,167,1,0,2,True,True,False,True
Without Adaptive Difficulty,1,77,P,-10.0,5,18.181818181818183,81.81818181818181,0.0,100,0,3,Normal,0.05,0.05,1.5,3.0,235,2,168,0,0,2,True,True,False,True
Without Adaptive Difficulty,1,78,P,-10.0,7,17.94871794871795,82.05128205128206,0.0,100,0,3,Normal,0.05,0.05,1.0,3.0,238,3,170,1,1,1,True,True,False,True
Without Adaptive Difficulty,1,79,P,-10.0,7,17.72151898734177,82.27848101265823,0.0,100,0,3,Normal,0.05,0.05,1.0,3.0,241,3,172,1,0,2,True,True,False,True
Without Adaptive Difficulty,1,80,P,-10.0,5,17.5,82.5,0.0,100,0,3,Normal,0.05,0.05,1.5,3.0,243,2,173,0,0,2,True,True,False,True
Without Adaptive Difficulty,1,81,P,-10.0,7,17.28395061728395,82.71604938271605,0.0,100,0,3,Normal,0.05,0.05,1.0,3.0,246,3,175,2,0,1,True,True,False,True
Without Adaptive Difficulty,1,82,P,-10.0,9,17.073170731707318,82.92682926829268,0.0,100,0,3,Normal,0.05,0.05,0.75,3.0,250,4,178,1,0,3,True,True,False,True
Without Adaptive Difficulty,1,83,A,10.0,8,18.072289156626507,81.92771084337349,0.0,100,0,3,Normal,0.05,0.05,0.75,3.0,254,4,181,2,0,2,True,True,False,True
Without Adaptive Difficulty,1,84,P,-10.0,9,17.857142857142858,82.14285714285714,0.0,100,0,3,Normal,0.05,0.05,0.75,3.0,258,4,184,3,1,0,True,True,False,True
Without Adaptive Difficulty,1,85,P,-10.0,7,17.647058823529413,82.3529411764706,0.0,100,0,3,Normal,0.05,0.05,1.0,3.0,261,3,186,1,0,2,True,True,False,True
Without Adaptive Difficulty,1,86,A,10.0,6,18.6046511627907,81.3953488372093,0.0,100,0,3,Normal,0.05,0.05,1.0,3.0,264,3,188,3,0,0,True,True,False,True
Without Adaptive Difficulty,1,87,P,-10.0,7,18.39080459770115,81.60919540229885,0.0,100,0,3,Normal,0.05,0.05,1.0,3.0,267,3,190,0,0,3,True,True,False,True
Without Adaptive Difficulty,1,88,P,-10.0,7,18.181818181818183,81.81818181818181,0.0,100,0,3,Normal,0.05,0.05,1.0,3.0,270,3,192,1,0,2,True,True,False,True
Without Adaptive Difficulty,1,89,P,-10.0,7,17.97752808988764,82.02247191011236,0.0,100,0,3,Normal,0.05,0.05,1.0,3.0,273,3,193,1,0,2,True,True,False,True
Without Adaptive Difficulty,1,90,P,-10.0,5,17.77777777777778,82.22222222222223,0.0,100,0,3,Normal,0.05,0.05,1.5,3.0,275,2,194,2,0,0,True,True,False,True
Without Adaptive Difficulty,1,91,A,10.0,8,18.681318681318682,81.31868131868131,0.0,96,-4,3,Normal,0.05,0.05,0.75,3.0,279,4,197,3,0,1,True,True,False,True
Without Adaptive Difficulty,1,92,P,-10.0,9,18.47826086956522,81.52173913043478,0.0,96,0,3,Normal,0.05,0.05,0.75,3.0,283,4,200,1,0,3,True,True,False,True
Without Adaptive Difficulty,1,93,P,-10.0,5,18.27956989247312,81.72043010752688,0.0,100,4,3,Normal,0.05,0.05,1.5,3.0,285,2,201,0,0,2,True,True,False,True
Without Adaptive Difficulty,1,94,A,10.0,8,19.148936170212767,80.85106382978724,0.0,96,-4,3,Normal,0.05,0.05,0.75,3.0,289,4,203,1,0,3,True,True,False,True
Without Adaptive Difficulty,1,95,A,10.0,6,20.0,80.0,0.0,78,-18,3,Normal,0.05,0.05,1.0,3.0,292,3,204,3,0,0,True,True,False,True
Without Adaptive Difficulty,1,96,P,-10.0,7,19.791666666666668,80.20833333333333,0.0,96,18,3,Normal,0.05,0.05,1.0,3.0,295,3,206,1,0,2,True,True,False,True
Without Adaptive Difficulty,1,97,P,-10.0,7,19.587628865979383,80.41237113402062,0.0,96,0,3,Normal,0.05,0.05,1.0,3.0,298,3,208,1,0,2,True,True,False,True
Without Adaptive Difficulty,1,98,P,-10.0,7,19.387755102040817,80.61224489795919,0.0,96,0,3,Normal,0.05,0.05,1.0,3.0,301,3,210,0,0,3,True,True,False,True
Without Adaptive Difficulty,1,99,P,-10.0,7,19.19191919191919,80.8080808080808,0.0,96,0,3,Normal,0.05,0.05,1.0,3.0,304,3,212,0,1,2,True,True,False,True
Without Adaptive Difficulty,1,100,P,-10.0,11,19.0,81.0,0.0,96,0,3,Normal,0.05,0.05,0.6,3.0,309,5,216,1,0,4,True,True,False,True
Without Adaptive Difficulty,2,1,P,-10.0,7,0.0,100.0,0.0,60,10,3,Normal,0.95,0.76,1.0,3.0,3,3,3,0,3,0,True,True,False,True
Without Adaptive Difficulty,2,2,P,-10.0,7,0.0,100.0,0.0,70,10,3,Normal,0.9025,0.722,1.0,3.0,6,3,6,0,3,0,True,True,False,True
Without Adaptive Difficulty,2,3,P,-10.0,9,0.0,100.0,0.0,80,10,3,Normal,0.8573749999999999,0.6859,0.75,3.0,10,4,10,2,0,2,True,True,False,True
Without Adaptive Difficulty,2,4,P,-10.0,7,0.0,100.0,0.0,90,10,3,Normal,0.8145062499999999,0.651605,1.0,3.0,13,3,13,1,2,0,True,True,False,True
Without Adaptive Difficulty,2,5,P,-10.0,5,0.0,100.0,0.0,100,10,3,Normal,0.7737809374999999,0.6190247499999999,1.5,3.0,15,2,15,1,1,0,True,True,False,True
Without Adaptive Difficulty,2,6,P,-10.0,7,0.0,100.0,0.0,100,0,3,Normal,0.7350918906249998,0.5880735124999998,1.0,3.0,18,3,18,0,1,2,True,True,False,True
Without Adaptive Difficulty,2,7,P,-10.0,5,0.0,100.0,0.0,100,0,3,Normal,0.6983372960937497,0.5586698368749998,1.5,3.0,20,2,20,0,1,1,True,True,False,True
Without Adaptive Difficulty,2,8,P,-10.0,9,0.0,100.0,0.0,100,0,3,Normal,0.6634204312890623,0.5307363450312498,0.75,3.0,24,4,24,0,2,2,True,True,False,True
Without Adaptive Difficulty,2,9,P,-10.0,7,0.0,100.0,0.0,100,0,3,Normal,0.6302494097246091,0.5041995277796872,1.0,3.0,27,3,27,0,2,1,True,True,False,True
Without Adaptive Difficulty,2,10,P,-10.0,5,0.0,100.0,0.0,100,0,3,Normal,0.5987369392383786,0.4789895513907029,1.5,3.0,29,2,29,1,0,1,True,True,False,True
Without Adaptive Difficulty,2,11,P,-10.0,5,0.0,100.0,0.0,100,0,3,Normal,0.5688000922764596,0.4550400738211677,1.5,3.0,31,2,31,0,1,1,True,True,False,True
Without Adaptive Difficulty,2,12,P,-10.0,9,0.0,100.0,0.0,100,0,3,Normal,0.5403600876626365,0.4322880701301093,0.75,3.0,35,4,34,2,2,0,True,True,False,True
Without Adaptive Difficulty,2,13,P,-10.0,9,0.0,100.0,0.0,100,0,3,Normal,0.5133420832795047,0.4106736666236038,0.75,3.0,39,4,37,1,3,0,True,True,False,True
Without Adaptive Difficulty,2,14,A,10.0,6,7.142857142857143,92.85714285714286,0.0,100,0,3,Normal,0.48767497911552943,0.39013998329242355,1.0,3.0,42,3,39,2,0,1,True,True,False,True
Without Adaptive Difficulty,2,15,P,-10.0,9,6.666666666666667,93.33333333333333,0.0,100,0,3,Normal,0.46329123015975293,0.3706329841278024,0.75,3.0,46,4,42,2,1,1,True,True,False,True
Without Adaptive Difficulty,2,16,P,-10.0,9,6.25,93.75,0.0,100,0,3,Normal,0.44012666865176525,0.3521013349214122,0.75,3.0,50,4,45,2,1,1,True,True,False,True
Without Adaptive Difficulty,2,17,A,10.0,6,11.764705882352942,88.23529411764706,0.0,100,0,3,Normal,0.41812033521917696,0.3344962681753416,1.0,3.0,53,3,47,2,1,0,True,True,False,True
Without Adaptive Difficulty,2,18,A,10.0,6,16.666666666666668,83.33333333333333,0.0,96,-4,3,Normal,0.3972143184582181,0.3177714547665745,1.0,3.0,56,3,50,2,0,1,True,True,False,True
Without Adaptive Difficulty,2,19,A,10.0,6,21.05263157894737,78.94736842105263,0.0,78,-18,3,Normal,0.37735360253530714,0.30188288202824576,1.0,3.0,59,3,53,3,0,0,True,True,False,True
Without Adaptive Difficulty,2,20,P,-10.0,7,20.0,80.0,0.0,78,0,3,Normal,0.35848592240854177,0.2867887379268334,1.0,3.0,62,3,55,3,0,0,True,True,False,True
Without Adaptive Difficulty,2,21,A,10.0,8,23.80952380952381,76.19047619047619,0.0,60,-18,3,Normal,0.34056162628811465,0.27244930103049175,0.75,3.0,66,4,59,2,0,2,True,True,False,True
Without Adaptive Difficulty,2,22,P,-10.0,5,22.727272727272727,77.27272727272727,0.0,60,0,3,Normal,0.3235335449737089,0.2588268359789671,1.5,3.0,68,2,60,0,1,1,True,True,False,True
Without Adaptive Difficulty,2,23,A,10.0,10,26.08695652173913,73.91304347826087,0.0,42,-18,3,Normal,0.30735686772502346,0.2458854941800188,0.6,3.0,73,5,65,2,0,3,True,True,False,True
Without Adaptive Difficulty,2,24,P,-10.0,5,25.0,75.0,0.0,60,18,3,Normal,0.2919890243387723,0.23359121947101782,1.5,3.0,75,2,66,0,1,1,True,True,False,True
Without Adaptive Difficulty,2,25,P,-10.0,7,24.0,76.0,0.0,60,0,3,Normal,0.27738957312183365,0.22191165849746694,1.0,3.0,78,3,68,2,1,0,True,True,False,True
Without Adaptive Difficulty,2,26,P,-10.0,7,23.076923076923077,76.92307692307692,0.0,60,0,3,Normal,0.263520094465742,0.2108160755725936,1.0,3.0,81,3,70,1,2,0,True,True,False,True
Without Adaptive Difficulty,2,27,P,-10.0,9,22.22222222222222,77.77777777777777,0.0,78,18,3,Normal,0.25034408974245487,0.2002752717939639,0.75,3.0,85,4,73,1,0,3,True,True,False,True
Without Adaptive Difficulty,2,28,P,-10.0,5,21.428571428571427,78.57142857142857,0.0,96,18,3,Normal,0.2378268852553321,0.19026150820426568,1.5,3.0,87,2,74,1,0,1,True,True,False,True
Without Adaptive Difficulty,2,29,P,-10.0,7,20.689655172413794,79.3103448275862,0.0,100,4,3,Normal,0.2259355409925655,0.1807484327940524,1.0,3.0,90,3,76,1,0,2,True,True,False,True
Without Adaptive Difficulty,2,30,P,-10.0,7,20.0,80.0,0.0,100,0,3,Normal,0.2146387639429372,0.17171101115434978,1.0,3.0,93,3,78,0,0,3,True,True,False,True
Without Adaptive Difficulty,2,31,A,10.0,8,22.580645161290324,77.41935483870968,0.0,100,0,3,Normal,0.20390682574579033,0.16312546059663227,0.75,3.0,97,4,81,3,0,1,True,True,False,True
Without Adaptive Difficulty,2,32,P,-10.0,5,21.875,78.125,0.0,100,0,3,Normal,0.1937114844585008,0.15496918756680067,1.5,3.0,99,2,82,1,0,1,True,True,False,True
Without Adaptive Difficulty,2,33,P,-10.0,7,21.21212121212121,78.78787878787878,0.0,100,0,3,Normal,0.18402591023557577,0.14722072818846063,1.0,3.0,102,3,84,0,1,2,True,True,False,True
Without Adaptive Difficulty,2,34,P,-10.0,11,20.58823529411765,79.41176470588235,0.0,100,0,3,Normal,0.17482461472379698,0.1398596917790376,0.6,3.0,107,5,88,0,0,5,True,True,False,True
Without Adaptive Difficulty,2,35,P,-10.0,5,20.0,80.0,0.0,100,0,3,Normal,0.16608338398760714,0.13286670719008573,1.5,3.0,109,2,89,0,0,2,True,True,False,True
Without Adaptive Difficulty,2,36,P,-10.0,11,19.444444444444443,80.55555555555556,0.0,100,0,3,Normal,0.15777921478822676,0.1262233718305814,0.6,3.0,114,5,93,1,0,4,True,True,False,True
Without Adaptive Difficulty,2,37,P,-10.0,5,18.91891891891892,81.08108108108108,0.0,100,0,3,Normal,0.14989025404881542,0.11991220323905234,1.5,3.0,116,2,94,0,0,2,True,True,False,True
Without Adaptive Difficulty,2,38,P,-10.0,5,18.42105263157895,81.57894736842105,0.0,100,0,3,Normal,0.14239574134637464,0.11391659307709973,1.5,3.0,118,2,95,0,0,2,True,True,False,True
Without Adaptive Difficulty,2,39,P,-10.0,5,17.94871794871795,82.05128205128206,0.0,100,0,3,Normal,0.1352759542790559,0.10822076342324471,1.5,3.0,120,2,96,0,0,2,True,True,False,True
Without Adaptive Difficulty,2,40,A,10.0,8,20.0,80.0,0.0,100,0,3,Normal,0.1285121565651031,0.10280972525208248,0.75,3.0,124,4,99,2,0,2,True,True,False,True
Without Adaptive Difficulty,2,41,P,-10.0,7,19.51219512195122,80.48780487804878,0.0,100,0,3,Normal,0.12208654873684793,0.09766923898947835,1.0,3.0,127,3,101,1,0,2,True,True,False,True
Without Adaptive Difficulty,2,42,P,-10.0,5,19.047619047619047,80.95238095238095,0.0,100,0,3,Normal,0.11598222130000553,0.09278577704000443,1.5,3.0,129,2,102,0,0,2,True,True,False,True
Without Adaptive Difficulty,2,43,P,-10.0,7,18.6046511627907,81.3953488372093,0.0,100,0,3,Normal,0.11018311023500525,0.0881464881880042,1.0,3.0,132,3,104,2,0,1,True,True,False,True
Without Adaptive Difficulty,2,44,A,10.0,8,20.454545454545453,79.54545454545455,0.0,100,0,3,Normal,0.10467395472325498,0.08373916377860399,0.75,3.0,136,4,107,2,0,2,True,True,False,True
Without Adaptive Difficulty,2,45,P,-10.0,7,20.0,80.0,0.0,100,0,3,Normal,0.09944025698709223,0.0795522055896738,1.0,3.0,139,3,109,1,0,2,True,True,False,True
Without Adaptive Difficulty,2,46,P,-10.0,5,19.565217391304348,80.43478260869566,0.0,100,0,3,Normal,0.09446824413773762,0.0755745953101901,1.5,3.0,141,2,110,1,0,1,True,True,False,True
Without Adaptive Difficulty,2,47,P,-10.0,7,19.148936170212767,80.85106382978724,0.0,100,0,3,Normal,0.08974483193085074,0.07179586554468059,1.0,3.0,144,3,112,0,0,3,True,True,False,True
Without Adaptive Difficulty,2,48,P,-10.0,7,18.75,81.25,0.0,100,0,3,Normal,0.0852575903343082,0.06820607226744656,1.0,3.0,147,3,114,2,0,1,True,True,False,True
Without Adaptive Difficulty,2,49,P,-10.0,7,18.367346938775512,81.63265306122449,0.0,100,0,3,Normal,0.08099471081759278,0.06479576865407423,1.0,3.0,150,3,116,1,0,2,True,True,False,True
Without Adaptive Difficulty,2,50,P,-10.0,5,18.0,82.0,0.0,100,0,3,Normal,0.07694497527671314,0.061555980221370515,1.5,3.0,152,2,117,1,0,1,True,True,False,True
Without Adaptive Difficulty,2,51,P,-10.0,5,17.647058823529413,82.3529411764706,0.0,100,0,3,Normal,0.07309772651287748,0.05847818121030199,1.5,3.0,154,2,118,1,0,1,True,True,False,True
Without Adaptive Difficulty,2,52,P,-10.0,5,17.307692307692307,82.6923076923077,0.0,100,0,3,Normal,0.0694428401872336,0.05555427214978688,1.5,3.0,156,2,119,0,0,2,True,True,False,True
Without Adaptive Difficulty,2,53,A,10.0,6,18.867924528301888,81.13207547169812,0.0,100,0,3,Normal,0.0659706981778719,0.05277655854229753,1.0,3.0,159,3,121,2,0,1,True,True,False,True
Without Adaptive Difficulty,2,54,P,-10.0,7,18.51851851851852,81.48148148148148,0.0,100,0,3,Normal,0.0626721632689783,0.050137730615182646,1.0,3.0,162,3,123,1,0,2,True,True,False,True
Without Adaptive Difficulty,2,55,P,-10.0,7,18.181818181818183,81.81818181818181,0.0,100,0,3,Normal,0.059538555105529384,0.05,1.0,3.0,165,3,125,3,0,0,True,True,False,True
Without Adaptive Difficulty,2,56,P,-10.0,7,17.857142857142858,82.14285714285714,0.0,100,0,3,Normal,0.05656162735025291,0.05,1.0,3.0,168,3,127,1,0,2,True,True,False,True
Without Adaptive Difficulty,2,57,P,-10.0,5,17.54385964912281,82.45614035087719,0.0,100,0,3,Normal,0.053733545982740265,0.05,1.5,3.0,170,2,128,1,0,1,True,True,False,True
Without Adaptive Difficulty,2,58,P,-10.0,7,17.24137931034483,82.75862068965517,0.0,100,0,3,Normal,0.05104686868360325,0.05,1.0,3.0,173,3,130,0,0,3,True,True,False,True
Without Adaptive Difficulty,2,59,P,-10.0,7,16.949152542372882,83.05084745762711,0.0,100,0,3,Normal,0.05,0.05,1.0,3.0,176,3,132,0,0,3,True,True,False,True
Without Adaptive Difficulty,2,60,P,-10.0,5,16.666666666666668,83.33333333333333,0.0,100,0,3,Normal,0.05,0.05,1.5,3.0,178,2,133,1,1,0,True,True,False,True
Without Adaptive Difficulty,2,61,P,-10.0,7,16.39344262295082,83.60655737704919,0.0,100,0,3,Normal,0.05,0.05,1.0,3.0,181,3,135,1,0,2,True,True,False,True
Without Adaptive Difficulty,2,62,P,-10.0,7,16.129032258064516,83.87096774193549,0.0,100,0,3,Normal,0.05,0.05,1.0,3.0,184,3,137,1,1,1,True,True,False,True
Without Adaptive Difficulty,2,63,P,-10.0,7,15.873015873015873,84.12698412698413,0.0,100,0,3,Normal,0.05,0.05,1.0,3.0,187,3,139,1,0,2,True,True,False,True
Without Adaptive Difficulty,2,64,P,-10.0,7,15.625,84.375,0.0,100,0,3,Normal,0.05,0.05,1.0,3.0,190,3,141,1,0,2,True,True,False,True
Without Adaptive Difficulty,2,65,P,-10.0,9,15.384615384615385,84.61538461538461,0.0,100,0,3,Normal,0.05,0.05,0.75,3.0,194,4,144,2,0,2,True,True,False,True
Without Adaptive Difficulty,2,66,P,-10.0,9,15.151515151515152,84.84848484848484,0.0,100,0,3,Normal,0.05,0.05,0.75,3.0,198,4,147,0,0,4,True,True,False,True
Without Adaptive Difficulty,2,67,P,-10.0,11,14.925373134328359,85.07462686567165,0.0,100,0,3,Normal,0.05,0.05,0.6,3.0,203,5,151,2,0,3,True,True,False,True
Without Adaptive Difficulty,2,68,P,-10.0,7,14.705882352941176,85.29411764705883,0.0,100,0,3,Normal,0.05,0.05,1.0,3.0,206,3,153,1,1,1,True,True,False,True
Without Adaptive Difficulty,2,69,P,-10.0,7,14.492753623188406,85.5072463768116,0.0,100,0,3,Normal,0.05,0.05,1.0,3.0,209,3,155,1,0,2,True,True,False,True
Without Adaptive Difficulty,2,70,P,-10.0,7,14.285714285714286,85.71428571428571,0.0,100,0,3,Normal,0.05,0.05,1.0,3.0,212,3,157,1,0,2,True,True,False,True
Without Adaptive Difficulty,2,71,P,-10.0,5,14.084507042253522,85.91549295774648,0.0,100,0,3,Normal,0.05,0.05,1.5,3.0,214,2,158,0,0,2,True,True,False,True
Without Adaptive Difficulty,2,72,P,-10.0,5,13.88888888888889,86.11111111111111,0.0,100,0,3,Normal,0.05,0.05,1.5,3.0,216,2,159,0,0,2,True,True,False,True
Without Adaptive Difficulty,2,73,P,-10.0,7,13.698630136986301,86.3013698630137,0.0,100,0,3,Normal,0.05,0.05,1.0,3.0,219,3,161,1,0,2,True,True,False,True
Without Adaptive Difficulty,2,74,P,-10.0,7,13.513513513513514,86.48648648648648,0.0,100,0,3,Normal,0.05,0.05,1.0,3.0,222,3,163,1,0,2,True,True,False,True
Without Adaptive Difficulty,2,75,P,-10.0,9,13.333333333333334,86.66666666666667,0.0,100,0,3,Normal,0.05,0.05,0.75,3.0,226,4,166,2,1,1,True,True,False,True
Without Adaptive Difficulty,2,76,P,-10.0,5,13.157894736842104,86.84210526315789,0.0,100,0,3,Normal,0.05,0.05,1.5,3.0,228,2,167,0,0,2,True,True,False,True
Without Adaptive Difficulty,2,77,P,-10.0,7,12.987012987012987,87.01298701298701,0.0,100,0,3,Normal,0.05,0.05,1.0,3.0,231,3,169,1,0,2,True,True,False,True
Without Adaptive Difficulty,2,78,P,-10.0,7,12.820512820512821,87.17948717948718,0.0,100,0,3,Normal,0.05,0.05,1.0,3.0,234,3,171,1,0,2,True,True,False,True
Without Adaptive Difficulty,2,79,P,-10.0,5,12.658227848101266,87.34177215189874,0.0,100,0,3,Normal,0.05,0.05,1.5,3.0,236,2,172,0,0,2,True,True,False,True
Without Adaptive Difficulty,2,80,P,-10.0,7,12.5,87.5,0.0,100,0,3,Normal,0.05,0.05,1.0,3.0,239,3,174,1,0,2,True,True,False,True
Without Adaptive Difficulty,2,81,P,-10.0,7,12.345679012345679,87.65432098765432,0.0,100,0,3,Normal,0.05,0.05,1.0,3.0,242,3,176,1,0,2,True,True,False,True
Without Adaptive Difficulty,2,82,A,10.0,6,13.414634146341463,86.58536585365853,0.0,100,0,3,Normal,0.05,0.05,1.0,3.0,245,3,178,3,0,0,True,True,False,True
Without Adaptive Difficulty,2,83,P,-10.0,5,13.25301204819277,86.74698795180723,0.0,100,0,3,Normal,0.05,0.05,1.5,3.0,247,2,179,0,0,2,True,True,False,True
Without Adaptive Difficulty,2,84,P,-10.0,7,13.095238095238095,86.9047619047619,0.0,100,0,3,Normal,0.05,0.05,1.0,3.0,250,3,182,3,0,0,True,True,False,True
Without Adaptive Difficulty,2,85,A,10.0,6,14.117647058823529,85.88235294117646,0.0,100,0,3,Normal,0.05,0.05,1.0,3.0,253,3,183,3,0,0,True,True,False,True
Without Adaptive Difficulty,2,86,P,-10.0,9,13.953488372093023,86.04651162790698,0.0,100,0,3,Normal,0.05,0.05,0.75,3.0,257,4,186,2,0,2,True,True,False,True
Without Adaptive Difficulty,2,87,P,-10.0,5,13.793103448275861,86.20689655172414,0.0,100,0,3,Normal,0.05,0.05,1.5,3.0,259,2,187,0,0,2,True,True,False,True
Without Adaptive Difficulty,2,88,P,-10.0,9,13.636363636363637,86.36363636363636,0.0,100,0,3,Normal,0.05,0.05,0.75,3.0,263,4,190,1,0,3,True,True,False,True
Without Adaptive Difficulty,2,89,P,-10.0,9,13.48314606741573,86.51685393258427,0.0,100,0,3,Normal,0.05,0.05,0.75,3.0,267,4,193,0,0,4,True,True,False,True
Without Adaptive Difficulty,2,90,P,-10.0,7,13.333333333333334,86.66666666666667,0.0,100,0,3,Normal,0.05,0.05,1.0,3.0,270,3,195,2,0,1,True,True,False,True
Without Adaptive Difficulty,2,91,P,-10.0,7,13.186813186813186,86.81318681318682,0.0,100,0,3,Normal,0.05,0.05,0.7000001271565756,2.1000003814697266,273,3,195,3,0,0,True,True,False,True
Without Adaptive Difficulty,2,92,P,-10.0,7,13.043478260869565,86.95652173913044,0.0,100,0,3,Normal,0.05,0.05,1.0,3.0,276,3,197,0,0,3,True,True,False,True
Without Adaptive Difficulty,2,93,P,-10.0,7,12.903225806451612,87.09677419354838,0.0,100,0,3,Normal,0.05,0.05,1.0,3.0,279,3,198,1,0,2,True,True,False,True
Without Adaptive Difficulty,2,94,P,-10.0,7,12.76595744680851,87.23404255319149,0.0,100,0,3,Normal,0.05,0.05,1.0,3.0,282,3,200,0,0,3,True,True,False,True
Without Adaptive Difficulty,2,95,P,-10.0,7,12.631578947368421,87.36842105263158,0.0,100,0,3,Normal,0.05,0.05,1.0,3.0,285,3,202,1,0,2,True,True,False,True
Without Adaptive Difficulty,2,96,P,-10.0,5,12.5,87.5,0.0,100,0,3,Normal,0.05,0.05,1.5,3.0,287,2,203,0,1,1,True,True,False,True
Without Adaptive Difficulty,2,97,P,-10.0,5,12.371134020618557,87.62886597938144,0.0,100,0,3,Normal,0.05,0.05,1.5,3.0,289,2,204,0,0,2,True,True,False,True
Without Adaptive Difficulty,2,98,P,-10.0,5,12.244897959183673,87.75510204081633,0.0,100,0,3,Normal,0.05,0.05,1.5,3.0,291,2,204,0,0,2,True,True,False,True
Without Adaptive Difficulty,2,99,P,-10.0,5,12.121212121212121,87.87878787878788,0.0,100,0,3,Normal,0.05,0.05,1.5,3.0,293,2,205,0,0,2,True,True,False,True
Without Adaptive Difficulty,2,100,P,-10.0,5,12.0,88.0,0.0,100,0,3,Normal,0.05,0.05,1.5,3.0,295,2,206,1,0,1,True,True,False,True
Without Adaptive Difficulty,3,1,P,-10.0,5,0.0,100.0,0.0,60,10,3,Normal,0.95,0.76,1.5,3.0,2,2,2,0,2,0,True,True,False,True
Without Adaptive Difficulty,3,2,P,-10.0,7,0.0,100.0,0.0,70,10,3,Normal,0.9025,0.722,1.0,3.0,5,3,5,1,2,0,True,True,False,True
Without Adaptive Difficulty,3,3,P,-10.0,7,0.0,100.0,0.0,80,10,3,Normal,0.8573749999999999,0.6859,1.0,3.0,8,3,8,1,1,1,True,True,False,True
Without Adaptive Difficulty,3,4,A,10.0,8,25.0,75.0,0.0,72,-8,3,Normal,0.8145062499999999,0.651605,0.75,3.0,12,4,12,1,1,2,True,True,False,True
Without Adaptive Difficulty,3,5,A,10.0,6,40.0,60.0,0.0,64,-8,3,Normal,0.7737809374999999,0.6190247499999999,1.0,3.0,15,3,15,2,1,0,True,True,False,True
Without Adaptive Difficulty,3,6,P,-10.0,5,33.333333333333336,66.66666666666667,0.0,74,10,3,Normal,0.7350918906249998,0.5880735124999998,1.5,3.0,17,2,17,0,1,1,True,True,False,True
Without Adaptive Difficulty,3,7,P,-10.0,11,28.571428571428573,71.42857142857143,0.0,84,10,3,Normal,0.6983372960937497,0.5586698368749998,0.6,3.0,22,5,21,1,0,4,True,True,False,True
Without Adaptive Difficulty,3,8,P,-10.0,7,25.0,75.0,0.0,94,10,3,Normal,0.6634204312890623,0.5307363450312498,1.0,3.0,25,3,24,1,2,0,True,True,False,True
Without Adaptive Difficulty,3,9,A,10.0,6,33.333333333333336,66.66666666666667,0.0,86,-8,3,Normal,0.6302494097246091,0.5041995277796872,1.0,3.0,28,3,26,2,0,1,True,True,False,True
Without Adaptive Difficulty,3,10,P,-10.0,7,30.0,70.0,0.0,96,10,3,Normal,0.5987369392383786,0.4789895513907029,1.0,3.0,31,3,29,1,0,2,True,True,False,True
Without Adaptive Difficulty,3,11,A,10.0,8,36.36363636363637,63.63636363636363,0.0,78,-18,3,Normal,0.5688000922764596,0.4550400738211677,0.75,3.0,35,4,32,2,0,2,True,True,False,True
Without Adaptive Difficulty,3,12,P,-10.0,9,33.333333333333336,66.66666666666667,0.0,78,0,3,Normal,0.5403600876626365,0.4322880701301093,0.75,3.0,39,4,36,1,1,2,True,True,False,True
Without Adaptive Difficulty,3,13,P,-10.0,7,30.76923076923077,69.23076923076923,0.0,78,0,3,Normal,0.5133420832795047,0.4106736666236038,1.0,3.0,42,3,39,2,0,1,True,True,False,True
Without Adaptive Difficulty,3,14,P,-10.0,7,28.571428571428573,71.42857142857143,0.0,96,18,3,Normal,0.48767497911552943,0.39013998329242355,1.0,3.0,45,3,42,0,2,1,True,True,False,True
Without Adaptive Difficulty,3,15,P,-10.0,5,26.666666666666668,73.33333333333333,0.0,100,4,3,Normal,0.46329123015975293,0.3706329841278024,1.5,3.0,47,2,43,0,2,0,True,True,False,True
Without Adaptive Difficulty,3,16,P,-10.0,5,25.0,75.0,0.0,100,0,3,Normal,0.44012666865176525,0.3521013349214122,1.5,3.0,49,2,44,1,1,0,True,True,False,True
Without Adaptive Difficulty,3,17,P,-10.0,7,23.529411764705884,76.47058823529412,0.0,100,0,3,Normal,0.41812033521917696,0.3344962681753416,1.0,3.0,52,3,46,0,3,0,True,True,False,True
Without Adaptive Difficulty,3,18,P,-10.0,7,22.22222222222222,77.77777777777777,0.0,100,0,3,Normal,0.3972143184582181,0.3177714547665745,1.0,3.0,55,3,48,0,1,2,True,True,False,True
Without Adaptive Difficulty,3,19,P,-10.0,9,21.05263157894737,78.94736842105263,0.0,100,0,3,Normal,0.37735360253530714,0.30188288202824576,0.75,3.0,59,4,52,2,2,0,True,True,False,True
Without Adaptive Difficulty,3,20,P,-10.0,9,20.0,80.0,0.0,100,0,3,Normal,0.35848592240854177,0.2867887379268334,0.75,3.0,63,4,55,2,1,1,True,True,False,True
Without Adaptive Difficulty,3,21,P,-10.0,9,19.047619047619047,80.95238095238095,0.0,100,0,3,Normal,0.34056162628811465,0.27244930103049175,0.75,3.0,67,4,58,1,1,2,True,True,False,True
Without Adaptive Difficulty,3,22,A,10.0,8,22.727272727272727,77.27272727272727,0.0,100,0,3,Normal,0.3235335449737089,0.2588268359789671,0.75,3.0,71,4,61,1,0,3,True,True,False,True
Without Adaptive Difficulty,3,23,P,-10.0,5,21.73913043478261,78.26086956521739,0.0,100,0,3,Normal,0.30735686772502346,0.2458854941800188,1.5,3.0,73,2,62,1,1,0,True,True,False,True
Without Adaptive Difficulty,3,24,P,-10.0,7,20.833333333333332,79.16666666666667,0.0,100,0,3,Normal,0.2919890243387723,0.23359121947101782,1.0,3.0,76,3,64,2,0,1,True,True,False,True
Without Adaptive Difficulty,3,25,P,-10.0,9,20.0,80.0,0.0,100,0,3,Normal,0.27738957312183365,0.22191165849746694,0.75,3.0,80,4,67,2,1,1,True,True,False,True
Without Adaptive Difficulty,3,26,P,-10.0,5,19.23076923076923,80.76923076923077,0.0,100,0,3,Normal,0.263520094465742,0.2108160755725936,1.5,3.0,82,2,68,0,0,2,True,True,False,True
Without Adaptive Difficulty,3,27,P,-10.0,5,18.51851851851852,81.48148148148148,0.0,100,0,3,Normal,0.25034408974245487,0.2002752717939639,1.5,3.0,84,2,69,0,1,1,True,True,False,True
Without Adaptive Difficulty,3,28,P,-10.0,7,17.857142857142858,82.14285714285714,0.0,100,0,3,Normal,0.2378268852553321,0.19026150820426568,1.0,3.0,87,3,71,1,0,2,True,True,False,True
Without Adaptive Difficulty,3,29,P,-10.0,9,17.24137931034483,82.75862068965517,0.0,100,0,3,Normal,0.2259355409925655,0.1807484327940524,0.75,3.0,91,4,74,3,0,1,True,True,False,True
Without Adaptive Difficulty,3,30,P,-10.0,5,16.666666666666668,83.33333333333333,0.0,100,0,3,Normal,0.2146387639429372,0.17171101115434978,1.5,3.0,93,2,75,0,1,1,True,True,False,True
Without Adaptive Difficulty,3,31,P,-10.0,7,16.129032258064516,83.87096774193549,0.0,100,0,3,Normal,0.20390682574579033,0.16312546059663227,1.0,3.0,96,3,77,1,0,2,True,True,False,True
Without Adaptive Difficulty,3,32,P,-10.0,7,15.625,84.375,0.0,100,0,3,Normal,0.1937114844585008,0.15496918756680067,1.0,3.0,99,3,79,1,0,2,True,True,False,True
Without Adaptive Difficulty,3,33,P,-10.0,5,15.151515151515152,84.84848484848484,0.0,100,0,3,Normal,0.18402591023557577,0.14722072818846063,1.5,3.0,101,2,80,0,0,2,True,True,False,True
Without Adaptive Difficulty,3,34,P,-10.0,7,14.705882352941176,85.29411764705883,0.0,100,0,3,Normal,0.17482461472379698,0.1398596917790376,1.0,3.0,104,3,81,1,0,2,True,True,False,True
Without Adaptive Difficulty,3,35,P,-10.0,9,14.285714285714286,85.71428571428571,0.0,100,0,3,Normal,0.16608338398760714,0.13286670719008573,0.75,3.0,108,4,84,3,0,1,True,True,False,True
Without Adaptive Difficulty,3,36,A,10.0,8,16.666666666666668,83.33333333333333,0.0,100,0,3,Normal,0.15777921478822676,0.1262233718305814,0.75,3.0,112,4,87,3,0,1,True,True,False,True
Without Adaptive Difficulty,3,37,P,-10.0,7,16.216216216216218,83.78378378378379,0.0,100,0,3,Normal,0.14989025404881542,0.11991220323905234,1.0,3.0,115,3,89,0,1,2,True,True,False,True
Without Adaptive Difficulty,3,38,P,-10.0,7,15.789473684210526,84.21052631578948,0.0,100,0,3,Normal,0.14239574134637464,0.11391659307709973,1.0,3.0,118,3,91,0,1,2,True,True,False,True
Without Adaptive Difficulty,3,39,P,-10.0,7,15.384615384615385,84.61538461538461,0.0,100,0,3,Normal,0.1352759542790559,0.10822076342324471,1.0,3.0,121,3,94,1,0,2,True,True,False,True
Without Adaptive Difficulty,3,40,P,-10.0,7,15.0,85.0,0.0,100,0,3,Normal,0.1285121565651031,0.10280972525208248,1.0,3.0,124,3,95,0,0,3,True,True,False,True
Without Adaptive Difficulty,3,41,P,-10.0,5,14.634146341463415,85.36585365853658,0.0,100,0,3,Normal,0.12208654873684793,0.09766923898947835,1.5,3.0,126,2,96,1,0,1,True,True,False,True
Without Adaptive Difficulty,3,42,P,-10.0,5,14.285714285714286,85.71428571428571,0.0,100,0,3,Normal,0.11598222130000553,0.09278577704000443,1.5,3.0,128,2,97,1,0,1,True,True,False,True
Without Adaptive Difficulty,3,43,P,-10.0,7,13.953488372093023,86.04651162790698,0.0,100,0,3,Normal,0.11018311023500525,0.0881464881880042,1.0,3.0,131,3,99,1,0,2,True,True,False,True
Without Adaptive Difficulty,3,44,P,-10.0,7,13.636363636363637,86.36363636363636,0.0,100,0,3,Normal,0.10467395472325498,0.08373916377860399,1.0,3.0,134,3,100,1,0,2,True,True,False,True
Without Adaptive Difficulty,3,45,P,-10.0,5,13.333333333333334,86.66666666666667,0.0,100,0,3,Normal,0.09944025698709223,0.0795522055896738,1.5,3.0,136,2,101,0,0,2,True,True,False,True
Without Adaptive Difficulty,3,46,P,-10.0,5,13.043478260869565,86.95652173913044,0.0,100,0,3,Normal,0.09446824413773762,0.0755745953101901,1.5,3.0,138,2,102,0,1,1,True,True,False,True
Without Adaptive Difficulty,3,47,P,-10.0,5,12.76595744680851,87.23404255319149,0.0,100,0,3,Normal,0.08974483193085074,0.07179586554468059,1.5,3.0,140,2,103,1,0,1,True,True,False,True
Without Adaptive Difficulty,3,48,P,-10.0,9,12.5,87.5,0.0,100,0,3,Normal,0.0852575903343082,0.06820607226744656,0.75,3.0,144,4,107,1,0,3,True,True,False,True
Without Adaptive Difficulty,3,49,P,-10.0,5,12.244897959183673,87.75510204081633,0.0,100,0,3,Normal,0.08099471081759278,0.06479576865407423,1.5,3.0,146,2,108,1,0,1,True,True,False,True
Without Adaptive Difficulty,3,50,P,-10.0,5,12.0,88.0,0.0,100,0,3,Normal,0.07694497527671314,0.061555980221370515,1.5,3.0,148,2,109,1,0,1,True,True,False,True
Without Adaptive Difficulty,3,51,A,10.0,6,13.72549019607843,86.27450980392157,0.0,100,0,3,Normal,0.07309772651287748,0.05847818121030199,1.0,3.0,151,3,111,2,0,1,True,True,False,True
Without Adaptive Difficulty,3,52,P,-10.0,9,13.461538461538462,86.53846153846153,0.0,100,0,3,Normal,0.0694428401872336,0.05555427214978688,0.75,3.0,155,4,114,2,0,2,True,True,False,True
Without Adaptive Difficulty,3,53,P,-10.0,9,13.20754716981132,86.79245283018868,0.0,100,0,3,Normal,0.0659706981778719,0.05277655854229753,0.75,3.0,159,4,118,1,0,3,True,True,False,True
Without Adaptive Difficulty,3,54,P,-10.0,5,12.962962962962964,87.03703703703704,0.0,100,0,3,Normal,0.0626721632689783,0.050137730615182646,1.5,3.0,161,2,119,0,0,2,True,True,False,True
Without Adaptive Difficulty,3,55,A,10.0,6,14.545454545454545,85.45454545454545,0.0,100,0,3,Normal,0.059538555105529384,0.05,1.0,3.0,164,3,122,3,0,0,True,True,False,True
Without Adaptive Difficulty,3,56,P,-10.0,5,14.285714285714286,85.71428571428571,0.0,100,0,3,Normal,0.05656162735025291,0.05,1.5,3.0,166,2,123,1,0,1,True,True,False,True
Without Adaptive Difficulty,3,57,P,-10.0,7,14.035087719298245,85.96491228070175,0.0,100,0,3,Normal,0.053733545982740265,0.05,1.0,3.0,169,3,125,2,0,1,True,True,False,True
Without Adaptive Difficulty,3,58,A,10.0,6,15.517241379310345,84.48275862068965,0.0,96,-4,3,Normal,0.05104686868360325,0.05,1.0,3.0,172,3,127,1,1,1,True,True,False,True
Without Adaptive Difficulty,3,59,P,-10.0,5,15.254237288135593,84.7457627118644,0.0,96,0,3,Normal,0.05,0.05,1.5,3.0,174,2,128,0,0,2,True,True,False,True
Without Adaptive Difficulty,3,60,A,10.0,6,16.666666666666668,83.33333333333333,0.0,78,-18,3,Normal,0.05,0.05,1.0,3.0,177,3,130,3,0,0,True,True,False,True
Without Adaptive Difficulty,3,61,P,-10.0,9,16.39344262295082,83.60655737704919,0.0,96,18,3,Normal,0.05,0.05,0.75,3.0,181,4,133,1,0,3,True,True,False,True
Without Adaptive Difficulty,3,62,P,-10.0,5,16.129032258064516,83.87096774193549,0.0,96,0,3,Normal,0.05,0.05,1.5,3.0,183,2,134,0,1,1,True,True,False,True
Without Adaptive Difficulty,3,63,P,-10.0,7,15.873015873015873,84.12698412698413,0.0,96,0,3,Normal,0.05,0.05,1.0,3.0,186,3,136,0,0,3,True,True,False,True
Without Adaptive Difficulty,3,64,P,-10.0,7,15.625,84.375,0.0,96,0,3,Normal,0.05,0.05,1.0,3.0,189,3,138,1,0,2,True,True,False,True
Without Adaptive Difficulty,3,65,A,10.0,6,16.923076923076923,83.07692307692308,0.0,96,0,3,Normal,0.05,0.05,1.0,3.0,192,3,140,2,0,1,True,True,False,True
Without Adaptive Difficulty,3,66,P,-10.0,5,16.666666666666668,83.33333333333333,0.0,96,0,3,Normal,0.05,0.05,1.5,3.0,194,2,141,0,0,2,True,True,False,True
Without Adaptive Difficulty,3,67,P,-10.0,7,16.417910447761194,83.58208955223881,0.0,96,0,3,Normal,0.05,0.05,1.0,3.0,197,3,143,0,0,3,True,True,False,True
Without Adaptive Difficulty,3,68,P,-10.0,5,16.176470588235293,83.82352941176471,0.0,100,4,3,Normal,0.05,0.05,1.5,3.0,199,2,144,0,0,2,True,True,False,True
Without Adaptive Difficulty,3,69,P,-10.0,11,15.942028985507246,84.05797101449275,0.0,100,0,3,Normal,0.05,0.05,0.6,3.0,204,5,148,1,0,4,True,True,False,True
Without Adaptive Difficulty,3,70,P,-10.0,5,15.714285714285714,84.28571428571429,0.0,100,0,3,Normal,0.05,0.05,1.5,3.0,206,2,149,1,0,1,True,True,False,True
Without Adaptive Difficulty,3,71,P,-10.0,5,15.492957746478874,84.50704225352112,0.0,100,0,3,Normal,0.05,0.05,1.5,3.0,208,2,150,0,0,2,True,True,False,True
Without Adaptive Difficulty,3,72,P,-10.0,7,15.277777777777779,84.72222222222223,0.0,100,0,3,Normal,0.05,0.05,1.0,3.0,211,3,152,2,0,1,True,True,False,True
Without Adaptive Difficulty,3,73,P,-10.0,5,15.068493150684931,84.93150684931507,0.0,100,0,3,Normal,0.05,0.05,1.5,3.0,213,2,153,1,0,1,True,True,False,True
Without Adaptive Difficulty,3,74,P,-10.0,7,14.864864864864865,85.13513513513513,0.0,100,0,3,Normal,0.05,0.05,1.0,3.0,216,3,155,1,0,2,True,True,False,True
Without Adaptive Difficulty,3,75,P,-10.0,7,14.666666666666666,85.33333333333333,0.0,100,0,3,Normal,0.05,0.05,1.0,3.0,219,3,157,2,0,1,True,True,False,True
Without Adaptive Difficulty,3,76,A,10.0,8,15.789473684210526,84.21052631578948,0.0,100,0,3,Normal,0.05,0.05,0.75,3.0,223,4,160,3,0,1,True,True,False,True
Without Adaptive Difficulty,3,77,P,-10.0,11,15.584415584415584,84.41558441558442,0.0,100,0,3,Normal,0.05,0.05,0.6,3.0,228,5,164,1,1,3,True,True,False,True
Without Adaptive Difficulty,3,78,P,-10.0,7,15.384615384615385,84.61538461538461,0.0,100,0,3,Normal,0.05,0.05,1.0,3.0,231,3,166,2,0,1,True,True,False,True
Without Adaptive Difficulty,3,79,P,-10.0,5,15.189873417721518,84.81012658227849,0.0,100,0,3,Normal,0.05,0.05,1.5,3.0,233,2,167,1,0,1,True,True,False,True
Without Adaptive Difficulty,3,80,A,10.0,8,16.25,83.75,0.0,100,0,3,Normal,0.05,0.05,0.75,3.0,237,4,170,2,0,2,True,True,False,True
Without Adaptive Difficulty,3,81,P,-10.0,9,16.049382716049383,83.95061728395062,0.0,100,0,3,Normal,0.05,0.05,0.75,3.0,241,4,173,0,0,4,True,True,False,True
Without Adaptive Difficulty,3,82,P,-10.0,5,15.853658536585366,84.14634146341463,0.0,100,0,3,Normal,0.05,0.05,1.5,3.0,243,2,174,1,0,1,True,True,False,True
Without Adaptive Difficulty,3,83,P,-10.0,5,15.662650602409638,84.33734939759036,0.0,100,0,3,Normal,0.05,0.05,1.5,3.0,245,2,175,0,1,1,True,True,False,True
Without Adaptive Difficulty,3,84,P,-10.0,5,15.476190476190476,84.52380952380952,0.0,100,0,3,Normal,0.05,0.05,1.5,3.0,247,2,176,1,0,1,True,True,False,True
Without Adaptive Difficulty,3,85,P,-10.0,5,15.294117647058824,84.70588235294117,0.0,100,0,3,Normal,0.05,0.05,1.5,3.0,249,2,177,0,1,1,True,True,False,True
Without Adaptive Difficulty,3,86,P,-10.0,7,15.116279069767442,84.88372093023256,0.0,100,0,3,Normal,0.05,0.05,1.0,3.0,252,3,179,1,0,2,True,True,False,True
Without Adaptive Difficulty,3,87,P,-10.0,7,14.942528735632184,85.05747126436782,0.0,100,0,3,Normal,0.05,0.05,1.0,3.0,255,3,179,2,0,1,True,True,False,True
Without Adaptive Difficulty,3,88,P,-10.0,7,14.772727272727273,85.22727272727273,0.0,100,0,3,Normal,0.05,0.05,1.0,3.0,258,3,181,2,0,1,True,True,False,True
Without Adaptive Difficulty,3,89,P,-10.0,7,14.606741573033707,85.3932584269663,0.0,100,0,3,Normal,0.05,0.05,1.0,3.0,261,3,183,0,0,3,True,True,False,True
Without Adaptive Difficulty,3,90,P,-10.0,7,14.444444444444445,85.55555555555556,0.0,100,0,3,Normal,0.05,0.05,1.0,3.0,264,3,185,1,0,2,True,True,False,True
Without Adaptive Difficulty,3,91,A,10.0,8,15.384615384615385,84.61538461538461,0.0,100,0,3,Normal,0.05,0.05,0.75,3.0,268,4,188,2,0,2,True,True,False,True
Without Adaptive Difficulty,3,92,P,-10.0,5,15.217391304347826,84.78260869565217,0.0,100,0,3,Normal,0.05,0.05,1.5,3.0,270,2,189,0,0,2,True,True,False,True
Without Adaptive Difficulty,3,93,A,10.0,6,16.129032258064516,83.87096774193549,0.0,100,0,3,Normal,0.05,0.05,1.0,3.0,273,3,191,3,0,0,True,True,False,True
Without Adaptive Difficulty,3,94,P,-10.0,5,15.957446808510639,84.04255319148936,0.0,100,0,3,Normal,0.05,0.05,1.5,3.0,275,2,192,1,0,1,True,True,False,True
Without Adaptive Difficulty,3,95,P,-10.0,7,15.789473684210526,84.21052631578948,0.0,100,0,3,Normal,0.05,0.05,1.0,3.0,278,3,193,0,0,3,True,True,False,True
Without Adaptive Difficulty,3,96,P,-10.0,5,15.625,84.375,0.0,100,0,3,Normal,0.05,0.05,1.5,3.0,280,2,194,1,1,0,True,True,False,True
Without Adaptive Difficulty,3,97,P,-10.0,7,15.463917525773196,84.5360824742268,0.0,100,0,3,Normal,0.05,0.05,1.0,3.0,283,3,196,2,0,1,True,True,False,True
Without Adaptive Difficulty,3,98,P,-10.0,7,15.306122448979592,84.6938775510204,0.0,100,0,3,Normal,0.05,0.05,1.0,3.0,286,3,198,2,0,1,True,True,False,True
Without Adaptive Difficulty,3,99,P,-10.0,7,15.151515151515152,84.84848484848484,0.0,100,0,3,Normal,0.05,0.05,1.0,3.0,289,3,200,0,0,3,True,True,False,True
Without Adaptive Difficulty,3,100,P,-10.0,5,15.0,85.0,0.0,100,0,3,Normal,0.05,0.05,1.5,3.0,291,2,201,0,0,2,True,True,False,True
Without Adaptive Difficulty,4,1,P,-10.0,7,0.0,100.0,0.0,60,10,3,Normal,0.95,0.76,1.0,3.0,3,3,3,0,3,0,True,True,False,True
Without Adaptive Difficulty,4,2,P,-10.0,9,0.0,100.0,0.0,70,10,3,Normal,0.9025,0.722,0.75,3.0,7,4,7,3,0,1,True,True,False,True
Without Adaptive Difficulty,4,3,P,-10.0,5,0.0,100.0,0.0,80,10,3,Normal,0.8573749999999999,0.6859,1.5,3.0,9,2,9,1,0,1,True,True,False,True
Without Adaptive Difficulty,4,4,P,-10.0,7,0.0,100.0,0.0,90,10,3,Normal,0.8145062499999999,0.651605,1.0,3.0,12,3,12,2,1,0,True,True,False,True
Without Adaptive Difficulty,4,5,P,-10.0,5,0.0,100.0,0.0,100,10,3,Normal,0.7737809374999999,0.6190247499999999,1.5,3.0,14,2,13,1,1,0,True,True,False,True
Without Adaptive Difficulty,4,6,P,-10.0,5,0.0,100.0,0.0,100,0,3,Normal,0.7350918906249998,0.5880735124999998,1.5,3.0,16,2,15,1,1,0,True,True,False,True
Without Adaptive Difficulty,4,7,P,-10.0,7,0.0,100.0,0.0,100,0,3,Normal,0.6983372960937497,0.5586698368749998,1.0,3.0,19,3,18,2,0,1,True,True,False,True
Without Adaptive Difficulty,4,8,P,-10.0,7,0.0,100.0,0.0,100,0,3,Normal,0.6634204312890623,0.5307363450312498,1.0,3.0,22,3,21,0,2,1,True,True,False,True
Without Adaptive Difficulty,4,9,P,-10.0,7,0.0,100.0,0.0,100,0,3,Normal,0.6302494097246091,0.5041995277796872,1.0,3.0,25,3,23,2,1,0,True,True,False,True
Without Adaptive Difficulty,4,10,P,-10.0,5,0.0,100.0,0.0,100,0,3,Normal,0.5987369392383786,0.4789895513907029,1.5,3.0,27,2,25,1,1,0,True,True,False,True
Without Adaptive Difficulty,4,11,P,-10.0,5,0.0,100.0,0.0,100,0,3,Normal,0.5688000922764596,0.4550400738211677,1.5,3.0,29,2,27,1,0,1,True,True,False,True
Without Adaptive Difficulty,4,12,A,10.0,6,8.333333333333334,91.66666666666667,0.0,100,0,3,Normal,0.5403600876626365,0.4322880701301093,1.0,3.0,32,3,29,3,0,0,True,True,False,True
Without Adaptive Difficulty,4,13,P,-10.0,7,7.6923076923076925,92.3076923076923,0.0,100,0,3,Normal,0.5133420832795047,0.4106736666236038,1.0,3.0,35,3,31,2,0,1,True,True,False,True
Without Adaptive Difficulty,4,14,A,10.0,8,14.285714285714286,85.71428571428571,0.0,100,0,3,Normal,0.48767497911552943,0.39013998329242355,0.75,3.0,39,4,35,3,1,0,True,True,False,True
Without Adaptive Difficulty,4,15,A,10.0,6,20.0,80.0,0.0,96,-4,3,Normal,0.46329123015975293,0.3706329841278024,1.0,3.0,42,3,37,2,0,1,True,True,False,True
Without Adaptive Difficulty,4,16,P,-10.0,9,18.75,81.25,0.0,96,0,3,Normal,0.44012666865176525,0.3521013349214122,0.75,3.0,46,4,40,1,1,2,True,True,False,True
Without Adaptive Difficulty,4,17,A,10.0,10,23.529411764705884,76.47058823529412,0.0,78,-18,3,Normal,0.41812033521917696,0.3344962681753416,0.6,3.0,51,5,44,3,1,1,True,True,False,True
Without Adaptive Difficulty,4,18,P,-10.0,7,22.22222222222222,77.77777777777777,0.0,78,0,3,Normal,0.3972143184582181,0.3177714547665745,1.0,3.0,54,3,46,0,1,2,True,True,False,True
Without Adaptive Difficulty,4,19,P,-10.0,5,21.05263157894737,78.94736842105263,0.0,78,0,3,Normal,0.37735360253530714,0.30188288202824576,1.5,3.0,56,2,47,1,0,1,True,True,False,True
Without Adaptive Difficulty,4,20,P,-10.0,5,20.0,80.0,0.0,78,0,3,Normal,0.35848592240854177,0.2867887379268334,1.5,3.0,58,2,48,0,0,2,True,True,False,True
Without Adaptive Difficulty,4,21,P,-10.0,7,19.047619047619047,80.95238095238095,0.0,78,0,3,Normal,0.34056162628811465,0.27244930103049175,1.0,3.0,61,3,50,0,2,1,True,True,False,True
Without Adaptive Difficulty,4,22,P,-10.0,7,18.181818181818183,81.81818181818181,0.0,96,18,3,Normal,0.3235335449737089,0.2588268359789671,1.0,3.0,64,3,53,2,0,1,True,True,False,True
Without Adaptive Difficulty,4,23,P,-10.0,7,17.391304347826086,82.6086956521739,0.0,96,0,3,Normal,0.30735686772502346,0.2458854941800188,1.0,3.0,67,3,55,1,0,2,True,True,False,True
Without Adaptive Difficulty,4,24,P,-10.0,5,16.666666666666668,83.33333333333333,0.0,100,4,3,Normal,0.2919890243387723,0.23359121947101782,1.5,3.0,69,2,56,0,0,2,True,True,False,True
Without Adaptive Difficulty,4,25,P,-10.0,5,16.0,84.0,0.0,100,0,3,Normal,0.27738957312183365,0.22191165849746694,1.5,3.0,71,2,57,1,0,1,True,True,False,True
Without Adaptive Difficulty,4,26,P,-10.0,5,15.384615384615385,84.61538461538461,0.0,100,0,3,Normal,0.263520094465742,0.2108160755725936,1.5,3.0,73,2,58,1,0,1,True,True,False,True
Without Adaptive Difficulty,4,27,P,-10.0,5,14.814814814814815,85.18518518518519,0.0,100,0,3,Normal,0.25034408974245487,0.2002752717939639,1.5,3.0,75,2,59,0,1,1,True,True,False,True
Without Adaptive Difficulty,4,28,P,-10.0,9,14.285714285714286,85.71428571428571,0.0,100,0,3,Normal,0.2378268852553321,0.19026150820426568,0.75,3.0,79,4,63,1,1,2,True,True,False,True
Without Adaptive Difficulty,4,29,P,-10.0,5,13.793103448275861,86.20689655172414,0.0,100,0,3,Normal,0.2259355409925655,0.1807484327940524,1.5,3.0,81,2,64,0,0,2,True,True,False,True
Without Adaptive Difficulty,4,30,P,-10.0,7,13.333333333333334,86.66666666666667,0.0,100,0,3,Normal,0.2146387639429372,0.17171101115434978,1.0,3.0,84,3,66,1,1,1,True,True,False,True
Without Adaptive Difficulty,4,31,P,-10.0,7,12.903225806451612,87.09677419354838,0.0,100,0,3,Normal,0.20390682574579033,0.16312546059663227,1.0,3.0,87,3,67,1,0,2,True,True,False,True
Without Adaptive Difficulty,4,32,P,-10.0,7,12.5,87.5,0.0,100,0,3,Normal,0.1937114844585008,0.15496918756680067,1.0,3.0,90,3,69,1,0,2,True,True,False,True
Without Adaptive Difficulty,4,33,P,-10.0,5,12.121212121212121,87.87878787878788,0.0,100,0,3,Normal,0.18402591023557577,0.14722072818846063,1.5,3.0,92,2,70,0,0,2,True,True,False,True
Without Adaptive Difficulty,4,34,P,-10.0,9,11.764705882352942,88.23529411764706,0.0,100,0,3,Normal,0.17482461472379698,0.1398596917790376,0.75,3.0,96,4,73,1,0,3,True,True,False,True
Without Adaptive Difficulty,4,35,P,-10.0,7,11.428571428571429,88.57142857142857,0.0,100,0,3,Normal,0.16608338398760714,0.13286670719008573,1.0,3.0,99,3,75,1,1,1,True,True,False,True
Without Adaptive Difficulty,4,36,P,-10.0,7,11.11111111111111,88.88888888888889,0.0,100,0,3,Normal,0.15777921478822676,0.1262233718305814,1.0,3.0,102,3,77,1,0,2,True,True,False,True
Without Adaptive Difficulty,4,37,P,-10.0,9,10.81081081081081,89.1891891891892,0.0,100,0,3,Normal,0.14989025404881542,0.11991220323905234,0.75,3.0,106,4,80,2,0,2,True,True,False,True
Without Adaptive Difficulty,4,38,P,-10.0,9,10.526315789473685,89.47368421052632,0.0,100,0,3,Normal,0.14239574134637464,0.11391659307709973,0.75,3.0,110,4,83,3,0,1,True,True,False,True
Without Adaptive Difficulty,4,39,P,-10.0,9,10.256410256410257,89.74358974358974,0.0,100,0,3,Normal,0.1352759542790559,0.10822076342324471,0.75,3.0,114,4,86,1,1,2,True,True,False,True
Without Adaptive Difficulty,4,40,P,-10.0,5,10.0,90.0,0.0,100,0,3,Normal,0.1285121565651031,0.10280972525208248,1.5,3.0,116,2,87,0,0,2,True,True,False,True
Without Adaptive Difficulty,4,41,P,-10.0,7,9.75609756097561,90.2439024390244,0.0,100,0,3,Normal,0.12208654873684793,0.09766923898947835,1.0,3.0,119,3,89,1,0,2,True,True,False,True
Without Adaptive Difficulty,4,42,P,-10.0,5,9.523809523809524,90.47619047619048,0.0,100,0,3,Normal,0.11598222130000553,0.09278577704000443,1.5,3.0,121,2,90,2,0,0,True,True,False,True
Without Adaptive Difficulty,4,43,P,-10.0,5,9.30232558139535,90.69767441860465,0.0,100,0,3,Normal,0.11018311023500525,0.0881464881880042,1.5,3.0,123,2,92,1,0,1,True,True,False,True
Without Adaptive Difficulty,4,44,P,-10.0,7,9.090909090909092,90.9090909090909,0.0,100,0,3,Normal,0.10467395472325498,0.08373916377860399,1.0,3.0,126,3,94,3,0,0,True,True,False,True
Without Adaptive Difficulty,4,45,P,-10.0,7,8.88888888888889,91.11111111111111,0.0,100,0,3,Normal,0.09944025698709223,0.0795522055896738,1.0,3.0,129,3,96,1,0,2,True,True,False,True
Without Adaptive Difficulty,4,46,P,-10.0,7,8.695652173913043,91.30434782608695,0.0,100,0,3,Normal,0.09446824413773762,0.0755745953101901,1.0,3.0,132,3,98,0,0,3,True,True,False,True
Without Adaptive Difficulty,4,47,P,-10.0,7,8.51063829787234,91.48936170212765,0.0,100,0,3,Normal,0.08974483193085074,0.07179586554468059,1.0,3.0,135,3,100,0,0,3,True,True,False,True
Without Adaptive Difficulty,4,48,P,-10.0,9,8.333333333333334,91.66666666666667,0.0,100,0,3,Normal,0.0852575903343082,0.06820607226744656,0.75,3.0,139,4,104,3,0,1,True,True,False,True
Without Adaptive Difficulty,4,49,P,-10.0,7,8.16326530612245,91.83673469387755,0.0,100,0,3,Normal,0.08099471081759278,0.06479576865407423,1.0,3.0,142,3,106,0,0,3,True,True,False,True
Without Adaptive Difficulty,4,50,P,-10.0,5,8.0,92.0,0.0,100,0,3,Normal,0.07694497527671314,0.061555980221370515,1.5,3.0,144,2,107,2,0,0,True,True,False,True
Without Adaptive Difficulty,4,51,P,-10.0,7,7.8431372549019605,92.15686274509804,0.0,100,0,3,Normal,0.07309772651287748,0.05847818121030199,1.0,3.0,147,3,110,1,1,1,True,True,False,True
Without Adaptive Difficulty,4,52,P,-10.0,5,7.6923076923076925,92.3076923076923,0.0,100,0,3,Normal,0.0694428401872336,0.05555427214978688,1.5,3.0,149,2,111,0,0,2,True,True,False,True
Without Adaptive Difficulty,4,53,P,-10.0,9,7.547169811320755,92.45283018867924,0.0,100,0,3,Normal,0.0659706981778719,0.05277655854229753,0.75,3.0,153,4,114,1,1,2,True,True,False,True
Without Adaptive Difficulty,4,54,P,-10.0,7,7.407407407407407,92.5925925925926,0.0,100,0,3,Normal,0.0626721632689783,0.050137730615182646,1.0,3.0,156,3,116,2,0,1,True,True,False,True
Without Adaptive Difficulty,4,55,P,-10.0,5,7.2727272727272725,92.72727272727273,0.0,100,0,3,Normal,0.059538555105529384,0.05,1.5,3.0,158,2,117,0,1,1,True,True,False,True
Without Adaptive Difficulty,4,56,P,-10.0,7,7.142857142857143,92.85714285714286,0.0,100,0,3,Normal,0.05656162735025291,0.05,1.0,3.0,161,3,119,1,0,2,True,True,False,True
Without Adaptive Difficulty,4,57,P,-10.0,5,7.017543859649122,92.98245614035088,0.0,100,0,3,Normal,0.053733545982740265,0.05,1.5,3.0,163,2,120,1,0,1,True,True,False,True
Without Adaptive Difficulty,4,58,P,-10.0,5,6.896551724137931,93.10344827586206,0.0,100,0,3,Normal,0.05104686868360325,0.05,1.5,3.0,165,2,121,1,0,1,True,True,False,True
Without Adaptive Difficulty,4,59,A,10.0,8,8.474576271186441,91.52542372881356,0.0,100,0,3,Normal,0.05,0.05,0.75,3.0,169,4,124,1,0,3,True,True,False,True
Without Adaptive Difficulty,4,60,P,-10.0,7,8.333333333333334,91.66666666666667,0.0,100,0,3,Normal,0.05,0.05,1.0,3.0,172,3,126,1,1,1,True,True,False,True
Without Adaptive Difficulty,4,61,A,10.0,10,9.836065573770492,90.1639344262295,0.0,100,0,3,Normal,0.05,0.05,0.6,3.0,177,5,130,2,0,3,True,True,False,True
Without Adaptive Difficulty,4,62,P,-10.0,7,9.67741935483871,90.3225806451613,0.0,100,0,3,Normal,0.05,0.05,1.0,3.0,180,3,132,1,0,2,True,True,False,True
Without Adaptive Difficulty,4,63,P,-10.0,9,9.523809523809524,90.47619047619048,0.0,100,0,3,Normal,0.05,0.05,0.75,3.0,184,4,135,2,0,2,True,True,False,True
Without Adaptive Difficulty,4,64,P,-10.0,5,9.375,90.625,0.0,100,0,3,Normal,0.05,0.05,1.5,3.0,186,2,135,1,0,1,True,True,False,True
Without Adaptive Difficulty,4,65,P,-10.0,5,9.23076923076923,90.76923076923077,0.0,100,0,3,Normal,0.05,0.05,1.5,3.0,188,2,136,0,0,2,True,True,False,True
Without Adaptive Difficulty,4,66,P,-10.0,7,9.090909090909092,90.9090909090909,0.0,100,0,3,Normal,0.05,0.05,1.0,3.0,191,3,138,1,0,2,True,True,False,True
Without Adaptive Difficulty,4,67,P,-10.0,7,8.955223880597014,91.04477611940298,0.0,100,0,3,Normal,0.05,0.05,1.0,3.0,194,3,140,2,0,1,True,True,False,True
Without Adaptive Difficulty,4,68,A,10.0,8,10.294117647058824,89.70588235294117,0.0,96,-4,3,Normal,0.05,0.05,0.75,3.0,198,4,143,2,0,2,True,True,False,True
Without Adaptive Difficulty,4,69,P,-10.0,7,10.144927536231885,89.85507246376811,0.0,100,4,3,Normal,0.05,0.05,1.0,3.0,201,3,145,0,0,3,True,True,False,True
Without Adaptive Difficulty,4,70,P,-10.0,9,10.0,90.0,0.0,100,0,3,Normal,0.05,0.05,0.75,3.0,205,4,148,0,1,3,True,True,False,True
Without Adaptive Difficulty,4,71,P,-10.0,7,9.859154929577464,90.14084507042253,0.0,100,0,3,Normal,0.05,0.05,1.0,3.0,208,3,151,1,0,2,True,True,False,True
Without Adaptive Difficulty,4,72,P,-10.0,7,9.722222222222221,90.27777777777777,0.0,100,0,3,Normal,0.05,0.05,1.0,3.0,211,3,153,1,0,2,True,True,False,True
Without Adaptive Difficulty,4,73,P,-10.0,9,9.58904109589041,90.41095890410959,0.0,100,0,3,Normal,0.05,0.05,0.75,3.0,215,4,155,1,1,2,True,True,False,True
Without Adaptive Difficulty,4,74,P,-10.0,7,9.45945945945946,90.54054054054055,0.0,100,0,3,Normal,0.05,0.05,1.0,3.0,218,3,157,0,0,3,True,True,False,True
Without Adaptive Difficulty,4,75,P,-10.0,5,9.333333333333334,90.66666666666667,0.0,100,0,3,Normal,0.05,0.05,1.5,3.0,220,2,158,0,0,2,True,True,False,True
Without Adaptive Difficulty,4,76,P,-10.0,7,9.210526315789474,90.78947368421052,0.0,100,0,3,Normal,0.05,0.05,1.0,3.0,223,3,160,0,0,3,True,True,False,True
Without Adaptive Difficulty,4,77,P,-10.0,11,9.090909090909092,90.9090909090909,0.0,100,0,3,Normal,0.05,0.05,0.6,3.0,228,5,164,2,0,3,True,True,False,True
Without Adaptive Difficulty,4,78,P,-10.0,7,8.974358974358974,91.02564102564102,0.0,100,0,3,Normal,0.05,0.05,1.0,3.0,231,3,166,2,1,0,True,True,False,True
Without Adaptive Difficulty,4,79,P,-10.0,9,8.860759493670885,91.13924050632912,0.0,100,0,3,Normal,0.05,0.05,0.75,3.0,235,4,169,1,0,3,True,True,False,True
Without Adaptive Difficulty,4,80,P,-10.0,5,8.75,91.25,0.0,100,0,3,Normal,0.05,0.05,1.5,3.0,237,2,170,0,0,2,True,True,False,True
Without Adaptive Difficulty,4,81,P,-10.0,7,8.641975308641975,91.35802469135803,0.0,100,0,3,Normal,0.05,0.05,1.0,3.0,240,3,172,1,0,2,True,True,False,True
Without Adaptive Difficulty,4,82,P,-10.0,5,8.536585365853659,91.46341463414635,0.0,100,0,3,Normal,0.05,0.05,1.5,3.0,242,2,173,0,0,2,True,True,False,True
Without Adaptive Difficulty,4,83,P,-10.0,5,8.433734939759036,91.56626506024097,0.0,100,0,3,Normal,0.05,0.05,1.5,3.0,244,2,174,1,0,1,True,True,False,True
Without Adaptive Difficulty,4,84,P,-10.0,5,8.333333333333334,91.66666666666667,0.0,100,0,3,Normal,0.05,0.05,1.5,3.0,246,2,175,1,0,1,True,True,False,True
Without Adaptive Difficulty,4,85,P,-10.0,5,8.235294117647058,91.76470588235294,0.0,100,0,3,Normal,0.05,0.05,1.5,3.0,248,2,176,0,0,2,True,True,False,True
Without Adaptive Difficulty,4,86,P,-10.0,5,8.13953488372093,91.86046511627907,0.0,100,0,3,Normal,0.05,0.05,1.5,3.0,250,2,176,0,0,2,True,True,False,True
Without Adaptive Difficulty,4,87,P,-10.0,7,8.045977011494253,91.95402298850574,0.0,100,0,3,Normal,0.05,0.05,1.0,3.0,253,3,178,1,0,2,True,True,False,True
Without Adaptive Difficulty,4,88,A,10.0,8,9.090909090909092,90.9090909090909,0.0,100,0,3,Normal,0.05,0.05,0.75,3.0,257,4,181,2,0,2,True,True,False,True
Without Adaptive Difficulty,4,89,P,-10.0,7,8.98876404494382,91.01123595505618,0.0,100,0,3,Normal,0.05,0.05,1.0,3.0,260,3,183,2,0,1,True,True,False,True
Without Adaptive Difficulty,4,90,A,10.0,8,10.0,90.0,0.0,100,0,3,Normal,0.05,0.05,0.75,3.0,264,4,186,2,1,1,True,True,False,True
Without Adaptive Difficulty,4,91,P,-10.0,7,9.89010989010989,90.10989010989012,0.0,100,0,3,Normal,0.05,0.05,1.0,3.0,267,3,188,1,0,2,True,True,False,True
Without Adaptive Difficulty,4,92,P,-10.0,7,9.782608695652174,90.21739130434783,0.0,100,0,3,Normal,0.05,0.05,0.7000001271565756,2.1000003814697266,270,3,188,2,0,1,True,True,False,True
Without Adaptive Difficulty,4,93,P,-10.0,5,9.67741935483871,90.3225806451613,0.0,100,0,3,Normal,0.05,0.05,1.5,3.0,272,2,189,1,0,1,True,True,False,True
Without Adaptive Difficulty,4,94,P,-10.0,5,9.574468085106384,90.42553191489361,0.0,100,0,3,Normal,0.05,0.05,1.5,3.0,274,2,190,0,0,2,True,True,False,True
Without Adaptive Difficulty,4,95,P,-10.0,11,9.473684210526315,90.52631578947368,0.0,100,0,3,Normal,0.05,0.05,0.6,3.0,279,5,194,1,0,4,True,True,False,True
Without Adaptive Difficulty,4,96,P,-10.0,5,9.375,90.625,0.0,100,0,3,Normal,0.05,0.05,1.5,3.0,281,2,195,0,0,2,True,True,False,True
Without Adaptive Difficulty,4,97,P,-10.0,7,9.278350515463918,90.72164948453609,0.0,100,0,3,Normal,0.05,0.05,1.0,3.0,284,3,197,1,0,2,True,True,False,True
Without Adaptive Difficulty,4,98,P,-10.0,9,9.183673469387756,90.81632653061224,0.0,100,0,3,Normal,0.05,0.05,0.75,3.0,288,4,200,2,0,2,True,True,False,True
Without Adaptive Difficulty,4,99,P,-10.0,9,9.090909090909092,90.9090909090909,0.0,100,0,3,Normal,0.05,0.05,0.75,3.0,292,4,203,0,0,4,True,True,False,True
Without Adaptive Difficulty,4,100,P,-10.0,5,9.0,91.0,0.0,100,0,3,Normal,0.05,0.05,1.5,3.0,294,2,204,0,0,2,True,True,False,True
Without Adaptive Difficulty,5,1,P,-10.0,5,0.0,100.0,0.0,60,10,3,Normal,0.95,0.76,1.5,3.0,2,2,2,0,2,0,True,True,False,True
Without Adaptive Difficulty,5,2,P,-10.0,5,0.0,100.0,0.0,70,10,3,Normal,0.9025,0.722,1.5,3.0,4,2,4,0,1,1,True,True,False,True
Without Adaptive Difficulty,5,3,P,-10.0,9,0.0,100.0,0.0,80,10,3,Normal,0.8573749999999999,0.6859,0.75,3.0,8,4,8,2,2,0,True,True,False,True
Without Adaptive Difficulty,5,4,P,-10.0,7,0.0,100.0,0.0,90,10,3,Normal,0.8145062499999999,0.651605,1.0,3.0,11,3,11,1,1,1,True,True,False,True
Without Adaptive Difficulty,5,5,P,-10.0,5,0.0,100.0,0.0,100,10,3,Normal,0.7737809374999999,0.6190247499999999,1.5,3.0,13,2,13,1,0,1,True,True,False,True
Without Adaptive Difficulty,5,6,P,-10.0,9,0.0,100.0,0.0,100,0,3,Normal,0.7350918906249998,0.5880735124999998,0.75,3.0,17,4,17,2,2,0,True,True,False,True
Without Adaptive Difficulty,5,7,P,-10.0,7,0.0,100.0,0.0,100,0,3,Normal,0.6983372960937497,0.5586698368749998,1.0,3.0,20,3,20,1,1,1,True,True,False,True
Without Adaptive Difficulty,5,8,P,-10.0,5,0.0,100.0,0.0,100,0,3,Normal,0.6634204312890623,0.5307363450312498,1.5,3.0,22,2,21,0,2,0,True,True,False,True
Without Adaptive Difficulty,5,9,P,-10.0,9,0.0,100.0,0.0,100,0,3,Normal,0.6302494097246091,0.5041995277796872,0.75,3.0,26,4,24,2,1,1,True,True,False,True
Without Adaptive Difficulty,5,10,P,-10.0,7,0.0,100.0,0.0,100,0,3,Normal,0.5987369392383786,0.4789895513907029,1.0,3.0,29,3,26,0,2,1,True,True,False,True
Without Adaptive Difficulty,5,11,P,-10.0,5,0.0,100.0,0.0,100,0,3,Normal,0.5688000922764596,0.4550400738211677,1.5,3.0,31,2,27,1,1,0,True,True,False,True
Without Adaptive Difficulty,5,12,P,-10.0,7,0.0,100.0,0.0,100,0,3,Normal,0.5403600876626365,0.4322880701301093,1.0,3.0,34,3,30,3,0,0,True,True,False,True
Without Adaptive Difficulty,5,13,P,-10.0,11,0.0,100.0,0.0,100,0,3,Normal,0.5133420832795047,0.4106736666236038,0.6,3.0,39,5,34,1,4,0,True,True,False,True
Without Adaptive Difficulty,5,14,P,-10.0,5,0.0,100.0,0.0,100,0,3,Normal,0.48767497911552943,0.39013998329242355,1.5,3.0,41,2,36,0,1,1,True,True,False,True
Without Adaptive Difficulty,5,15,P,-10.0,9,0.0,100.0,0.0,100,0,3,Normal,0.46329123015975293,0.3706329841278024,0.75,3.0,45,4,40,2,1,1,True,True,False,True
Without Adaptive Difficulty,5,16,P,-10.0,7,0.0,100.0,0.0,100,0,3,Normal,0.44012666865176525,0.3521013349214122,1.0,3.0,48,3,43,1,1,1,True,True,False,True
Without Adaptive Difficulty,5,17,P,-10.0,9,0.0,100.0,0.0,100,0,3,Normal,0.41812033521917696,0.3344962681753416,0.75,3.0,52,4,47,2,0,2,True,True,False,True
Without Adaptive Difficulty,5,18,P,-10.0,7,0.0,100.0,0.0,100,0,3,Normal,0.3972143184582181,0.3177714547665745,1.0,3.0,55,3,49,0,1,2,True,True,False,True
Without Adaptive Difficulty,5,19,P,-10.0,5,0.0,100.0,0.0,100,0,3,Normal,0.37735360253530714,0.30188288202824576,1.5,3.0,57,2,51,0,1,1,True,True,False,True
Without Adaptive Difficulty,5,20,P,-10.0,5,0.0,100.0,0.0,100,0,3,Normal,0.35848592240854177,0.2867887379268334,1.5,3.0,59,2,52,0,0,2,True,True,False,True
Without Adaptive Difficulty,5,21,P,-10.0,7,0.0,100.0,0.0,100,0,3,Normal,0.34056162628811465,0.27244930103049175,1.0,3.0,62,3,54,1,0,2,True,True,False,True
Without Adaptive Difficulty,5,22,P,-10.0,7,0.0,100.0,0.0,100,0,3,Normal,0.3235335449737089,0.2588268359789671,1.0,3.0,65,3,56,0,0,3,True,True,False,True
Without Adaptive Difficulty,5,23,P,-10.0,7,0.0,100.0,0.0,100,0,3,Normal,0.30735686772502346,0.2458854941800188,1.0,3.0,68,3,58,0,0,3,True,True,False,True
Without Adaptive Difficulty,5,24,P,-10.0,5,0.0,100.0,0.0,100,0,3,Normal,0.2919890243387723,0.23359121947101782,1.5,3.0,70,2,59,1,1,0,True,True,False,True
Without Adaptive Difficulty,5,25,P,-10.0,7,0.0,100.0,0.0,100,0,3,Normal,0.27738957312183365,0.22191165849746694,1.0,3.0,73,3,61,2,1,0,True,True,False,True
Without Adaptive Difficulty,5,26,P,-10.0,5,0.0,100.0,0.0,100,0,3,Normal,0.263520094465742,0.2108160755725936,1.5,3.0,75,2,62,0,0,2,True,True,False,True
Without Adaptive Difficulty,5,27,P,-10.0,7,0.0,100.0,0.0,100,0,3,Normal,0.25034408974245487,0.2002752717939639,1.0,3.0,78,3,64,1,0,2,True,True,False,True
Without Adaptive Difficulty,5,28,P,-10.0,7,0.0,100.0,0.0,100,0,3,Normal,0.2378268852553321,0.19026150820426568,1.0,3.0,81,3,66,1,0,2,True,True,False,True
Without Adaptive Difficulty,5,29,P,-10.0,5,0.0,100.0,0.0,100,0,3,Normal,0.2259355409925655,0.1807484327940524,1.5,3.0,83,2,67,0,0,2,True,True,False,True
Without Adaptive Difficulty,5,30,P,-10.0,5,0.0,100.0,0.0,100,0,3,Normal,0.2146387639429372,0.17171101115434978,1.5,3.0,85,2,68,0,0,2,True,True,False,True
Without Adaptive Difficulty,5,31,P,-10.0,5,0.0,100.0,0.0,100,0,3,Normal,0.20390682574579033,0.16312546059663227,1.5,3.0,87,2,69,0,0,2,True,True,False,True
Without Adaptive Difficulty,5,32,P,-10.0,11,0.0,100.0,0.0,100,0,3,Normal,0.1937114844585008,0.15496918756680067,0.6,3.0,92,5,74,0,0,5,True,True,False,True
Without Adaptive Difficulty,5,33,P,-10.0,5,0.0,100.0,0.0,100,0,3,Normal,0.18402591023557577,0.14722072818846063,1.5,3.0,94,2,75,1,1,0,True,True,False,True
Without Adaptive Difficulty,5,34,P,-10.0,5,0.0,100.0,0.0,100,0,3,Normal,0.17482461472379698,0.1398596917790376,1.5,3.0,96,2,76,0,0,2,True,True,False,True
Without Adaptive Difficulty,5,35,A,10.0,6,2.857142857142857,97.14285714285714,0.0,100,0,3,Normal,0.16608338398760714,0.13286670719008573,1.0,3.0,99,3,78,3,0,0,True,True,False,True
Without Adaptive Difficulty,5,36,P,-10.0,5,2.7777777777777777,97.22222222222223,0.0,100,0,3,Normal,0.15777921478822676,0.1262233718305814,1.5,3.0,101,2,80,0,1,1,True,True,False,True
Without Adaptive Difficulty,5,37,P,-10.0,5,2.7027027027027026,97.29729729729729,0.0,100,0,3,Normal,0.14989025404881542,0.11991220323905234,1.5,3.0,103,2,82,1,0,1,True,True,False,True
Without Adaptive Difficulty,5,38,P,-10.0,7,2.6315789473684212,97.36842105263158,0.0,100,0,3,Normal,0.14239574134637464,0.11391659307709973,1.0,3.0,106,3,84,2,1,0,True,True,False,True
Without Adaptive Difficulty,5,39,P,-10.0,5,2.5641025641025643,97.43589743589743,0.0,100,0,3,Normal,0.1352759542790559,0.10822076342324471,1.5,3.0,108,2,84,1,0,1,True,True,False,True
Without Adaptive Difficulty,5,40,P,-10.0,7,2.5,97.5,0.0,100,0,3,Normal,0.1285121565651031,0.10280972525208248,1.0,3.0,111,3,86,0,1,2,True,True,False,True
Without Adaptive Difficulty,5,41,P,-10.0,13,2.4390243902439024,97.5609756097561,0.0,100,0,3,Normal,0.12208654873684793,0.09766923898947835,0.5,3.0,117,6,91,2,1,3,True,True,False,True
Without Adaptive Difficulty,5,42,P,-10.0,7,2.380952380952381,97.61904761904762,0.0,100,0,3,Normal,0.11598222130000553,0.09278577704000443,1.0,3.0,120,3,93,0,0,3,True,True,False,True
Without Adaptive Difficulty,5,43,P,-10.0,5,2.3255813953488373,97.67441860465117,0.0,100,0,3,Normal,0.11018311023500525,0.0881464881880042,1.5,3.0,122,2,94,0,0,2,True,True,False,True
Without Adaptive Difficulty,5,44,A,10.0,8,4.545454545454546,95.45454545454545,0.0,100,0,3,Normal,0.10467395472325498,0.08373916377860399,0.75,3.0,126,4,97,2,1,1,True,True,False,True
Without Adaptive Difficulty,5,45,P,-10.0,7,4.444444444444445,95.55555555555556,0.0,100,0,3,Normal,0.09944025698709223,0.0795522055896738,1.0,3.0,129,3,99,0,0,3,True,True,False,True
Without Adaptive Difficulty,5,46,P,-10.0,5,4.3478260869565215,95.65217391304348,0.0,100,0,3,Normal,0.09446824413773762,0.0755745953101901,1.5,3.0,131,2,100,1,0,1,True,True,False,True
Without Adaptive Difficulty,5,47,P,-10.0,7,4.25531914893617,95.74468085106383,0.0,100,0,3,Normal,0.08974483193085074,0.07179586554468059,1.0,3.0,134,3,102,1,0,2,True,True,False,True
Without Adaptive Difficulty,5,48,A,10.0,6,6.25,93.75,0.0,100,0,3,Normal,0.0852575903343082,0.06820607226744656,1.0,3.0,137,3,104,3,0,0,True,True,False,True
Without Adaptive Difficulty,5,49,P,-10.0,5,6.122448979591836,93.87755102040816,0.0,100,0,3,Normal,0.08099471081759278,0.06479576865407423,1.5,3.0,139,2,105,0,0,2,True,True,False,True
Without Adaptive Difficulty,5,50,A,10.0,8,8.0,92.0,0.0,96,-4,3,Normal,0.07694497527671314,0.061555980221370515,0.75,3.0,143,4,108,2,0,2,True,True,False,True
Without Adaptive Difficulty,5,51,P,-10.0,7,7.8431372549019605,92.15686274509804,0.0,96,0,3,Normal,0.07309772651287748,0.05847818121030199,1.0,3.0,146,3,110,0,0,3,True,True,False,True
Without Adaptive Difficulty,5,52,P,-10.0,9,7.6923076923076925,92.3076923076923,0.0,96,0,3,Normal,0.0694428401872336,0.05555427214978688,0.75,3.0,150,4,113,2,0,2,True,True,False,True
Without Adaptive Difficulty,5,53,A,10.0,6,9.433962264150944,90.56603773584905,0.0,78,-18,3,Normal,0.0659706981778719,0.05277655854229753,1.0,3.0,153,3,115,3,0,0,True,True,False,True
Without Adaptive Difficulty,5,54,A,10.0,6,11.11111111111111,88.88888888888889,0.0,78,0,3,Normal,0.0626721632689783,0.050137730615182646,1.0,3.0,156,3,117,2,0,1,True,True,False,True
Without Adaptive Difficulty,5,55,P,-10.0,7,10.909090909090908,89.0909090909091,0.0,78,0,3,Normal,0.059538555105529384,0.05,1.0,3.0,159,3,119,2,0,1,True,True,False,True
Without Adaptive Difficulty,5,56,P,-10.0,7,10.714285714285714,89.28571428571429,0.0,78,0,3,Normal,0.05656162735025291,0.05,1.0,3.0,162,3,121,0,0,3,True,True,False,True
Without Adaptive Difficulty,5,57,P,-10.0,5,10.526315789473685,89.47368421052632,0.0,78,0,3,Normal,0.053733545982740265,0.05,1.5,3.0,164,2,122,0,0,2,True,True,False,True
Without Adaptive Difficulty,5,58,P,-10.0,7,10.344827586206897,89.65517241379311,0.0,96,18,3,Normal,0.05104686868360325,0.05,1.0,3.0,167,3,124,1,0,2,True,True,False,True
Without Adaptive Difficulty,5,59,P,-10.0,5,10.169491525423728,89.83050847457628,0.0,96,0,3,Normal,0.05,0.05,1.5,3.0,169,2,125,0,0,2,True,True,False,True
Without Adaptive Difficulty,5,60,A,10.0,6,11.666666666666666,88.33333333333333,0.0,96,0,3,Normal,0.05,0.05,1.0,3.0,172,3,127,3,0,0,True,True,False,True
Without Adaptive Difficulty,5,61,P,-10.0,7,11.475409836065573,88.52459016393442,0.0,96,0,3,Normal,0.05,0.05,1.0,3.0,175,3,129,0,1,2,True,True,False,True
Without Adaptive Difficulty,5,62,P,-10.0,5,11.290322580645162,88.70967741935483,0.0,96,0,3,Normal,0.05,0.05,1.5,3.0,177,2,130,0,0,2,True,True,False,True
Without Adaptive Difficulty,5,63,P,-10.0,7,11.11111111111111,88.88888888888889,0.0,100,4,3,Normal,0.05,0.05,1.0,3.0,180,3,132,1,0,2,True,True,False,True
Without Adaptive Difficulty,5,64,P,-10.0,7,10.9375,89.0625,0.0,100,0,3,Normal,0.05,0.05,1.0,3.0,183,3,134,2,0,1,True,True,False,True
Without Adaptive Difficulty,5,65,P,-10.0,5,10.76923076923077,89.23076923076923,0.0,100,0,3,Normal,0.05,0.05,1.5,3.0,185,2,135,1,0,1,True,True,False,True
Without Adaptive Difficulty,5,66,P,-10.0,5,10.606060606060606,89.39393939393939,0.0,100,0,3,Normal,0.05,0.05,1.5,3.0,187,2,136,0,0,2,True,True,False,True
Without Adaptive Difficulty,5,67,P,-10.0,9,10.447761194029852,89.55223880597015,0.0,100,0,3,Normal,0.05,0.05,0.75,3.0,191,4,139,1,0,3,True,True,False,True
Without Adaptive Difficulty,5,68,P,-10.0,5,10.294117647058824,89.70588235294117,0.0,100,0,3,Normal,0.05,0.05,1.5,3.0,193,2,139,1,0,1,True,True,False,True
Without Adaptive Difficulty,5,69,P,-10.0,7,10.144927536231885,89.85507246376811,0.0,100,0,3,Normal,0.05,0.05,1.0,3.0,196,3,141,1,0,2,True,True,False,True
Without Adaptive Difficulty,5,70,A,10.0,10,11.428571428571429,88.57142857142857,0.0,100,0,3,Normal,0.05,0.05,0.6,3.0,201,5,145,2,0,3,True,True,False,True
Without Adaptive Difficulty,5,71,P,-10.0,5,11.267605633802816,88.73239436619718,0.0,100,0,3,Normal,0.05,0.05,1.5,3.0,203,2,146,0,0,2,True,True,False,True
Without Adaptive Difficulty,5,72,P,-10.0,7,11.11111111111111,88.88888888888889,0.0,100,0,3,Normal,0.05,0.05,1.0,3.0,206,3,148,1,0,2,True,True,False,True
Without Adaptive Difficulty,5,73,P,-10.0,5,10.95890410958904,89.04109589041096,0.0,100,0,3,Normal,0.05,0.05,1.5,3.0,208,2,149,0,0,2,True,True,False,True
Without Adaptive Difficulty,5,74,P,-10.0,9,10.81081081081081,89.1891891891892,0.0,100,0,3,Normal,0.05,0.05,0.75,3.0,212,4,152,2,0,2,True,True,False,True
Without Adaptive Difficulty,5,75,A,10.0,6,12.0,88.0,0.0,100,0,3,Normal,0.05,0.05,1.0,3.0,215,3,154,1,0,2,True,True,False,True
Without Adaptive Difficulty,5,76,P,-10.0,7,11.842105263157896,88.15789473684211,0.0,100,0,3,Normal,0.05,0.05,1.0,3.0,218,3,156,0,0,3,True,True,False,True
Without Adaptive Difficulty,5,77,P,-10.0,5,11.688311688311689,88.31168831168831,0.0,100,0,3,Normal,0.05,0.05,1.5,3.0,220,2,157,0,0,2,True,True,False,True
Without Adaptive Difficulty,5,78,A,10.0,6,12.820512820512821,87.17948717948718,0.0,96,-4,3,Normal,0.05,0.05,1.0,3.0,223,3,159,3,0,0,True,True,False,True
Without Adaptive Difficulty,5,79,P,-10.0,11,12.658227848101266,87.34177215189874,0.0,96,0,3,Normal,0.05,0.05,0.6,3.0,228,5,163,1,0,4,True,True,False,True
Without Adaptive Difficulty,5,80,P,-10.0,7,12.5,87.5,0.0,100,4,3,Normal,0.05,0.05,1.0,3.0,231,3,165,1,0,2,True,True,False,True
Without Adaptive Difficulty,5,81,P,-10.0,9,12.345679012345679,87.65432098765432,0.0,100,0,3,Normal,0.05,0.05,0.75,3.0,235,4,168,0,0,4,True,True,False,True
Without Adaptive Difficulty,5,82,P,-10.0,9,12.195121951219512,87.8048780487805,0.0,100,0,3,Normal,0.05,0.05,0.75,3.0,239,4,171,0,0,4,True,True,False,True
Without Adaptive Difficulty,5,83,A,10.0,6,13.25301204819277,86.74698795180723,0.0,96,-4,3,Normal,0.05,0.05,1.0,3.0,242,3,173,2,0,1,True,True,False,True
Without Adaptive Difficulty,5,84,P,-10.0,9,13.095238095238095,86.9047619047619,0.0,96,0,3,Normal,0.05,0.05,0.75,3.0,246,4,176,1,0,3,True,True,False,True
Without Adaptive Difficulty,5,85,P,-10.0,5,12.941176470588236,87.05882352941177,0.0,100,4,3,Normal,0.05,0.05,1.5,3.0,248,2,177,0,0,2,True,True,False,True
Without Adaptive Difficulty,5,86,P,-10.0,7,12.790697674418604,87.20930232558139,0.0,100,0,3,Normal,0.05,0.05,1.0,3.0,251,3,179,1,0,2,True,True,False,True
Without Adaptive Difficulty,5,87,P,-10.0,9,12.64367816091954,87.35632183908046,0.0,100,0,3,Normal,0.05,0.05,0.75,3.0,255,4,182,1,0,3,True,True,False,True
Without Adaptive Difficulty,5,88,P,-10.0,7,12.5,87.5,0.0,100,0,3,Normal,0.05,0.05,1.0,3.0,258,3,184,1,0,2,True,True,False,True
Without Adaptive Difficulty,5,89,P,-10.0,5,12.359550561797754,87.64044943820225,0.0,100,0,3,Normal,0.05,0.05,1.5,3.0,260,2,185,0,0,2,True,True,False,True
Without Adaptive Difficulty,5,90,P,-10.0,5,12.222222222222221,87.77777777777777,0.0,100,0,3,Normal,0.05,0.05,1.5,3.0,262,2,186,0,0,2,True,True,False,True
Without Adaptive Difficulty,5,91,P,-10.0,9,12.087912087912088,87.91208791208791,0.0,100,0,3,Normal,0.05,0.05,0.75,3.0,266,4,189,2,0,2,True,True,False,True
Without Adaptive Difficulty,5,92,P,-10.0,5,11.956521739130435,88.04347826086956,0.0,100,0,3,Normal,0.05,0.05,1.5,3.0,268,2,190,1,0,1,True,True,False,True
Without Adaptive Difficulty,5,93,P,-10.0,5,11.827956989247312,88.17204301075269,0.0,100,0,3,Normal,0.05,0.05,1.5,3.0,270,2,191,1,0,1,True,True,False,True
Without Adaptive Difficulty,5,94,P,-10.0,5,11.702127659574469,88.29787234042553,0.0,100,0,3,Normal,0.05,0.05,1.5,3.0,272,2,192,0,0,2,True,True,False,True
Without Adaptive Difficulty,5,95,A,10.0,8,12.631578947368421,87.36842105263158,0.0,100,0,3,Normal,0.05,0.05,0.75,3.0,276,4,195,3,0,1,True,True,False,True
Without Adaptive Difficulty,5,96,A,10.0,6,13.541666666666666,86.45833333333333,0.0,100,0,3,Normal,0.05,0.05,0.970000147819519,2.1000003814697266,279,3,196,1,0,2,True,True,False,True
Without Adaptive Difficulty,5,97,P,-10.0,7,13.402061855670103,86.5979381443299,0.0,100,0,3,Normal,0.05,0.05,1.0,3.0,282,3,198,2,0,1,True,True,False,True
Without Adaptive Difficulty,5,98,A,10.0,6,14.285714285714286,85.71428571428571,0.0,96,-4,3,Normal,0.05,0.05,1.0,3.0,285,3,200,2,0,1,True,True,False,True
Without Adaptive Difficulty,5,99,P,-10.0,5,14.141414141414142,85.85858585858585,0.0,96,0,3,Normal,0.05,0.05,1.5,3.0,287,2,201,0,0,2,True,True,False,True
Without Adaptive Difficulty,5,100,P,-10.0,5,14.0,86.0,0.0,96,0,3,Normal,0.05,0.05,1.5,3.0,289,2,202,1,0,1,True,True,False,True
Without Q-Learning,1,1,P,-10.0,5,0.0,100.0,0.0,60,10,1,Very Easy,1.0,0.0,0.0,0.0,0,0,0,0,0,0,False,True,True,False
Without Q-Learning,1,2,P,-10.0,7,0.0,100.0,0.0,70,10,1,Very Easy,1.0,0.0,0.0,0.0,0,0,0,0,0,0,False,True,True,False
Without Q-Learning,1,3,P,-10.0,7,0.0,100.0,0.0,80,10,5,Expert,1.0,0.0,0.0,0.0,0,0,0,0,0,0,False,True,True,False
Without Q-Learning,1,4,P,-10.0,7,0.0,100.0,0.0,90,10,5,Expert,1.0,0.0,0.0,0.0,0,0,0,2,0,0,False,True,True,False
Without Q-Learning,1,5,A,10.0,10,20.0,80.0,0.0,82,-8,5,Expert,1.0,0.0,0.0,0.0,0,0,0,3,0,0,False,True,True,False
Without Q-Learning,1,6,A,10.0,6,33.333333333333336,66.66666666666667,0.0,74,-8,4,Hard,1.0,0.0,0.0,0.0,0,0,0,3,0,0,False,True,True,False
Without Q-Learning,1,7,P,-10.0,5,28.571428571428573,71.42857142857143,0.0,84,10,5,Expert,1.0,0.0,0.0,0.0,0,0,0,1,0,0,False,True,True,False
Without Q-Learning,1,8,A,10.0,6,37.5,62.5,0.0,76,-8,4,Hard,1.0,0.0,0.0,0.0,0,0,0,3,0,0,False,True,True,False
Without Q-Learning,1,9,P,-10.0,7,33.333333333333336,66.66666666666667,0.0,86,10,5,Expert,1.0,0.0,0.0,0.0,0,0,0,2,0,0,False,True,True,False
Without Q-Learning,1,10,A,10.0,6,40.0,60.0,0.0,78,-8,4,Hard,1.0,0.0,0.0,0.0,0,0,0,3,0,0,False,True,True,False
Without Q-Learning,1,11,A,10.0,6,45.45454545454545,54.54545454545455,0.0,60,-18,3,Normal,1.0,0.0,0.0,0.0,0,0,0,1,0,0,False,True,True,False
Without Q-Learning,1,12,P,-10.0,7,41.666666666666664,58.333333333333336,0.0,60,0,3,Normal,1.0,0.0,0.0,0.0,0,0,0,2,0,0,False,True,True,False
Without Q-Learning,1,13,P,-10.0,5,38.46153846153846,61.53846153846154,0.0,60,0,3,Normal,1.0,0.0,0.0,0.0,0,0,0,0,0,0,False,True,True,False
Without Q-Learning,1,14,P,-10.0,7,35.714285714285715,64.28571428571429,0.0,60,0,3,Normal,1.0,0.0,0.0,0.0,0,0,0,1,0,0,False,True,True,False
Without Q-Learning,1,15,P,-10.0,5,33.333333333333336,66.66666666666667,0.0,78,18,4,Hard,1.0,0.0,0.0,0.0,0,0,0,0,0,0,False,True,True,False
Without Q-Learning,1,16,P,-10.0,5,31.25,68.75,0.0,96,18,5,Expert,1.0,0.0,0.0,0.0,0,0,0,0,0,0,False,True,True,False
Without Q-Learning,1,17,A,10.0,6,35.294117647058826,64.70588235294117,0.0,78,-18,4,Hard,1.0,0.0,0.0,0.0,0,0,0,3,0,0,False,True,True,False
Without Q-Learning,1,18,P,-10.0,5,33.333333333333336,66.66666666666667,0.0,96,18,5,Expert,1.0,0.0,0.0,0.0,0,0,0,0,0,0,False,True,True,False
Without Q-Learning,1,19,P,-10.0,5,31.57894736842105,68.42105263157895,0.0,96,0,5,Expert,1.0,0.0,0.0,0.0,0,0,0,2,0,0,False,True,True,False
Without Q-Learning,1,20,A,10.0,6,35.0,65.0,0.0,96,0,5,Expert,1.0,0.0,0.0,0.0,0,0,0,3,0,0,False,True,True,False
Without Q-Learning,1,21,P,-10.0,5,33.333333333333336,66.66666666666667,0.0,100,4,5,Expert,1.0,0.0,0.0,0.0,0,0,0,1,0,0,False,True,True,False
Without Q-Learning,1,22,A,10.0,6,36.36363636363637,63.63636363636363,0.0,96,-4,5,Expert,1.0,0.0,0.0,0.0,0,0,0,3,0,0,False,True,True,False
Without Q-Learning,1,23,A,10.0,6,39.130434782608695,60.869565217391305,0.0,78,-18,4,Hard,1.0,0.0,0.0,0.0,0,0,0,3,0,0,False,True,True,False
Without Q-Learning,1,24,P,-10.0,7,37.5,62.5,0.0,78,0,4,Hard,1.0,0.0,0.0,0.0,0,0,0,2,0,0,False,True,True,False
Without Q-Learning,1,25,A,10.0,10,40.0,60.0,0.0,60,-18,3,Normal,1.0,0.0,0.0,0.0,0,0,0,2,0,0,False,True,True,False
Without Q-Learning,1,26,P,-10.0,7,38.46153846153846,61.53846153846154,0.0,60,0,3,Normal,1.0,0.0,0.0,0.0,0,0,0,2,0,0,False,True,True,False
Without Q-Learning,1,27,A,10.0,8,40.74074074074074,59.25925925925926,0.0,60,0,3,Normal,1.0,0.0,0.0,0.0,0,0,0,3,0,0,False,True,True,False
Without Q-Learning,1,28,A,10.0,6,42.857142857142854,57.142857142857146,0.0,42,-18,2,Easy,1.0,0.0,0.0,0.0,0,0,0,2,0,0,False,True,True,False
Without Q-Learning,1,29,P,-10.0,5,41.37931034482759,58.62068965517241,0.0,42,0,2,Easy,1.0,0.0,0.0,0.0,0,0,0,0,0,0,False,True,True,False
Without Q-Learning,1,30,P,-10.0,5,40.0,60.0,0.0,60,18,3,Normal,1.0,0.0,0.0,0.0,0,0,0,0,0,0,False,True,True,False
Without Q-Learning,1,31,P,-10.0,7,38.70967741935484,61.29032258064516,0.0,60,0,3,Normal,1.0,0.0,0.0,0.0,0,0,0,0,0,0,False,True,True,False
Without Q-Learning,1,32,P,-10.0,13,37.5,62.5,0.0,78,18,4,Hard,1.0,0.0,0.0,0.0,0,0,0,2,0,0,False,True,True,False
Without Q-Learning,1,33,A,10.0,8,39.39393939393939,60.60606060606061,0.0,78,0,4,Hard,1.0,0.0,0.0,0.0,0,0,0,2,0,0,False,True,True,False
Without Q-Learning,1,34,P,-10.0,5,38.23529411764706,61.76470588235294,0.0,78,0,4,Hard,1.0,0.0,0.0,0.0,0,0,0,1,0,0,False,True,True,False
Without Q-Learning,1,35,A,10.0,6,40.0,60.0,0.0,78,0,4,Hard,1.0,0.0,0.0,0.0,0,0,0,1,0,0,False,True,True,False
Without Q-Learning,1,36,A,10.0,8,41.666666666666664,58.333333333333336,0.0,60,-18,3,Normal,1.0,0.0,0.0,0.0,0,0,0,4,0,0,False,True,True,False
Without Q-Learning,1,37,P,-10.0,7,40.54054054054054,59.45945945945946,0.0,78,18,4,Hard,1.0,0.0,0.0,0.0,0,0,0,1,0,0,False,True,True,False
Without Q-Learning,1,38,P,-10.0,5,39.473684210526315,60.526315789473685,0.0,96,18,5,Expert,1.0,0.0,0.0,0.0,0,0,0,1,0,0,False,True,True,False
Without Q-Learning,1,39,P,-10.0,7,38.46153846153846,61.53846153846154,0.0,96,0,5,Expert,1.0,0.0,0.0,0.0,0,0,0,3,0,0,False,True,True,False
Without Q-Learning,1,40,A,10.0,8,40.0,60.0,0.0,78,-18,4,Hard,1.0,0.0,0.0,0.0,0,0,0,4,0,0,False,True,True,False
Without Q-Learning,1,41,A,10.0,8,41.46341463414634,58.53658536585366,0.0,60,-18,3,Normal,1.0,0.0,0.0,0.0,0,0,0,3,0,0,False,True,True,False
Without Q-Learning,1,42,A,10.0,8,42.857142857142854,57.142857142857146,0.0,42,-18,2,Easy,1.0,0.0,0.0,0.0,0,0,0,2,0,0,False,True,True,False
Without Q-Learning,1,43,P,-10.0,5,41.86046511627907,58.13953488372093,0.0,60,18,3,Normal,1.0,0.0,0.0,0.0,0,0,0,1,0,0,False,True,True,False
Without Q-Learning,1,44,P,-10.0,7,40.90909090909091,59.09090909090909,0.0,60,0,3,Normal,1.0,0.0,0.0,0.0,0,0,0,1,0,0,False,True,True,False
Without Q-Learning,1,45,P,-10.0,5,40.0,60.0,0.0,78,18,4,Hard,1.0,0.0,0.0,0.0,0,0,0,1,0,0,False,True,True,False
Without Q-Learning,1,46,A,10.0,6,41.30434782608695,58.69565217391305,0.0,78,0,4,Hard,1.0,0.0,0.0,0.0,0,0,0,3,0,0,False,True,True,False
Without Q-Learning,1,47,P,-10.0,5,40.42553191489362,59.57446808510638,0.0,78,0,4,Hard,1.0,0.0,0.0,0.0,0,0,0,1,0,0,False,True,True,False
Without Q-Learning,1,48,A,10.0,6,41.666666666666664,58.333333333333336,0.0,60,-18,3,Normal,1.0,0.0,0.0,0.0,0,0,0,3,0,0,False,True,True,False
Without Q-Learning,1,49,A,10.0,6,42.857142857142854,57.142857142857146,0.0,42,-18,2,Easy,1.0,0.0,0.0,0.0,0,0,0,3,0,0,False,True,True,False
Without Q-Learning,1,50,P,-10.0,9,42.0,58.0,0.0,60,18,3,Normal,1.0,0.0,0.0,0.0,0,0,0,0,0,0,False,True,True,False
Without Q-Learning,1,51,P,-10.0,5,41.1764705882353,58.8235294117647,0.0,78,18,4,Hard,1.0,0.0,0.0,0.0,0,0,0,1,0,0,False,True,True,False
Without Q-Learning,1,52,P,-10.0,7,40.38461538461539,59.61538461538461,0.0,96,18,5,Expert,1.0,0.0,0.0,0.0,0,0,0,3,0,0,False,True,True,False
Without Q-Learning,1,53,A,10.0,6,41.509433962264154,58.490566037735846,0.0,78,-18,4,Hard,1.0,0.0,0.0,0.0,0,0,0,3,0,0,False,True,True,False
Without Q-Learning,1,54,P,-10.0,11,40.74074074074074,59.25925925925926,0.0,78,0,4,Hard,1.0,0.0,0.0,0.0,0,0,0,2,0,0,False,True,True,False
Without Q-Learning,1,55,P,-10.0,5,40.0,60.0,0.0,78,0,4,Hard,1.0,0.0,0.0,0.0,0,0,0,2,0,0,False,True,True,False
Without Q-Learning,1,56,A,10.0,8,41.07142857142857,58.92857142857143,0.0,78,0,4,Hard,1.0,0.0,0.0,0.0,0,0,0,3,0,0,False,True,True,False
Without Q-Learning,1,57,P,-10.0,7,40.35087719298246,59.64912280701754,0.0,78,0,4,Hard,1.0,0.0,0.0,0.0,0,0,0,2,0,0,False,True,True,False
Without Q-Learning,1,58,A,10.0,6,41.37931034482759,58.62068965517241,0.0,78,0,4,Hard,1.0,0.0,0.0,0.0,0,0,0,3,0,0,False,True,True,False
Without Q-Learning,1,59,A,10.0,6,42.3728813559322,57.6271186440678,0.0,78,0,4,Hard,1.0,0.0,0.0,0.0,0,0,0,3,0,0,False,True,True,False
Without Q-Learning,1,60,P,-10.0,5,41.666666666666664,58.333333333333336,0.0,78,0,4,Hard,1.0,0.0,0.0,0.0,0,0,0,1,0,0,False,True,True,False
Without Q-Learning,1,61,A,10.0,8,42.622950819672134,57.377049180327866,0.0,60,-18,3,Normal,1.0,0.0,0.0,0.0,0,0,0,3,0,0,False,True,True,False
Without Q-Learning,1,62,P,-10.0,5,41.935483870967744,58.064516129032256,0.0,60,0,3,Normal,1.0,0.0,0.0,0.0,0,0,0,0,0,0,False,True,True,False
Without Q-Learning,1,63,A,10.0,8,42.857142857142854,57.142857142857146,0.0,60,0,3,Normal,1.0,0.0,0.0,0.0,0,0,0,3,0,0,False,True,True,False
Without Q-Learning,1,64,P,-10.0,9,42.1875,57.8125,0.0,60,0,3,Normal,1.0,0.0,0.0,0.0,0,0,0,1,0,0,False,True,True,False
Without Q-Learning,1,65,P,-10.0,7,41.53846153846154,58.46153846153846,0.0,60,0,3,Normal,1.0,0.0,0.0,0.0,0,0,0,1,0,0,False,True,True,False
Without Q-Learning,1,66,P,-10.0,7,40.90909090909091,59.09090909090909,0.0,78,18,4,Hard,1.0,0.0,0.0,0.0,0,0,0,0,0,0,False,True,True,False
Without Q-Learning,1,67,P,-10.0,9,40.298507462686565,59.701492537313435,0.0,78,0,4,Hard,1.0,0.0,0.0,0.0,0,0,0,2,0,0,False,True,True,False
Without Q-Learning,1,68,A,10.0,8,41.1764705882353,58.8235294117647,0.0,78,0,4,Hard,1.0,0.0,0.0,0.0,0,0,0,3,0,0,False,True,True,False
Without Q-Learning,1,69,P,-10.0,9,40.57971014492754,59.42028985507246,0.0,96,18,5,Expert,1.0,0.0,0.0,0.0,0,0,0,1,0,0,False,True,True,False
Without Q-Learning,1,70,P,-10.0,7,40.0,60.0,0.0,96,0,5,Expert,1.0,0.0,0.0,0.0,0,0,0,2,0,0,False,True,True,False
Without Q-Learning,1,71,P,-10.0,7,39.436619718309856,60.563380281690144,0.0,100,4,5,Expert,1.0,0.0,0.0,0.0,0,0,0,3,0,0,False,True,True,False
Without Q-Learning,1,72,P,-10.0,7,38.888888888888886,61.111111111111114,0.0,100,0,5,Expert,1.0,0.0,0.0,0.0,0,0,0,3,0,0,False,True,True,False
Without Q-Learning,1,73,A,10.0,6,39.726027397260275,60.273972602739725,0.0,100,0,5,Expert,1.0,0.0,0.0,0.0,0,0,0,3,0,0,False,True,True,False
Without Q-Learning,1,74,A,10.0,6,40.54054054054054,59.45945945945946,0.0,96,-4,5,Expert,1.0,0.0,0.0,0.0,0,0,0,3,0,0,False,True,True,False
Without Q-Learning,1,75,A,10.0,6,41.333333333333336,58.666666666666664,0.0,78,-18,4,Hard,1.0,0.0,0.0,0.0,0,0,0,3,0,0,False,True,True,False
Without Q-Learning,1,76,A,10.0,6,42.10526315789474,57.89473684210526,0.0,60,-18,3,Normal,1.0,0.0,0.0,0.0,0,0,0,2,0,0,False,True,True,False
Without Q-Learning,1,77,P,-10.0,7,41.55844155844156,58.44155844155844,0.0,60,0,3,Normal,1.0,0.0,0.0,0.0,0,0,0,1,0,0,False,True,True,False
Without Q-Learning,1,78,P,-10.0,5,41.02564102564103,58.97435897435897,0.0,78,18,4,Hard,1.0,0.0,0.0,0.0,0,0,0,0,0,0,False,True,True,False
Without Q-Learning,1,79,P,-10.0,5,40.50632911392405,59.49367088607595,0.0,78,0,4,Hard,1.0,0.0,0.0,0.0,0,0,0,0,0,0,False,True,True,False
Without Q-Learning,1,80,A,10.0,8,41.25,58.75,0.0,60,-18,3,Normal,1.0,0.0,0.0,0.0,0,0,0,3,0,0,False,True,True,False
Without Q-Learning,1,81,P,-10.0,7,40.74074074074074,59.25925925925926,0.0,60,0,3,Normal,1.0,0.0,0.0,0.0,0,0,0,0,0,0,False,True,True,False
Without Q-Learning,1,82,P,-10.0,5,40.24390243902439,59.75609756097561,0.0,60,0,3,Normal,1.0,0.0,0.0,0.0,0,0,0,0,0,0,False,True,True,False
Without Q-Learning,1,83,P,-10.0,7,39.75903614457831,60.24096385542169,0.0,78,18,4,Hard,1.0,0.0,0.0,0.0,0,0,0,0,0,0,False,True,True,False
Without Q-Learning,1,84,A,10.0,8,40.476190476190474,59.523809523809526,0.0,78,0,4,Hard,1.0,0.0,0.0,0.0,0,0,0,3,0,0,False,True,True,False
Without Q-Learning,1,85,A,10.0,6,41.1764705882353,58.8235294117647,0.0,78,0,4,Hard,1.0,0.0,0.0,0.0,0,0,0,3,0,0,False,True,True,False
Without Q-Learning,1,86,A,10.0,6,41.86046511627907,58.13953488372093,0.0,78,0,4,Hard,1.0,0.0,0.0,0.0,0,0,0,3,0,0,False,True,True,False
Without Q-Learning,1,87,A,10.0,6,42.52873563218391,57.47126436781609,0.0,60,-18,3,Normal,1.0,0.0,0.0,0.0,0,0,0,3,0,0,False,True,True,False
Without Q-Learning,1,88,A,10.0,6,43.18181818181818,56.81818181818182,0.0,42,-18,2,Easy,1.0,0.0,0.0,0.0,0,0,0,2,0,0,False,True,True,False
Without Q-Learning,1,89,A,10.0,10,43.82022471910113,56.17977528089887,0.0,24,-18,1,Very Easy,1.0,0.0,0.0,0.0,0,0,0,1,0,0,False,True,True,False
Without Q-Learning,1,90,P,-10.0,5,43.333333333333336,56.666666666666664,0.0,42,18,2,Easy,1.0,0.0,0.0,0.0,0,0,0,0,0,0,False,True,True,False
Without Q-Learning,1,91,P,-10.0,9,42.857142857142854,57.142857142857146,0.0,42,0,2,Easy,1.0,0.0,0.0,0.0,0,0,0,0,0,0,False,True,True,False
Without Q-Learning,1,92,P,-10.0,7,42.391304347826086,57.608695652173914,0.0,42,0,2,Easy,1.0,0.0,0.0,0.0,0,0,0,0,0,0,False,True,True,False
Without Q-Learning,1,93,P,-10.0,9,41.935483870967744,58.064516129032256,0.0,42,0,2,Easy,1.0,0.0,0.0,0.0,0,0,0,0,0,0,False,True,True,False
Without Q-Learning,1,94,P,-10.0,7,41.48936170212766,58.51063829787234,0.0,60,18,3,Normal,1.0,0.0,0.0,0.0,0,0,0,2,0,0,False,True,True,False
Without Q-Learning,1,95,P,-10.0,9,41.05263157894737,58.94736842105263,0.0,78,18,4,Hard,1.0,0.0,0.0,0.0,0,0,0,1,0,0,False,True,True,False
Without Q-Learning,1,96,A,10.0,8,41.666666666666664,58.333333333333336,0.0,78,0,4,Hard,1.0,0.0,0.0,0.0,0,0,0,4,0,0,False,True,True,False
Without Q-Learning,1,97,P,-10.0,9,41.23711340206186,58.76288659793814,0.0,96,18,5,Expert,1.0,0.0,0.0,0.0,0,0,0,3,0,0,False,True,True,False
Without Q-Learning,1,98,A,10.0,12,41.83673469387755,58.16326530612245,0.0,96,0,5,Expert,1.0,0.0,0.0,0.0,0,0,0,5,0,0,False,True,True,False
Without Q-Learning,1,99,A,10.0,6,42.42424242424242,57.57575757575758,0.0,96,0,5,Expert,1.0,0.0,0.0,0.0,0,0,0,3,0,0,False,True,True,False
Without Q-Learning,1,100,A,10.0,6,43.0,57.0,0.0,78,-18,4,Hard,1.0,0.0,0.0,0.0,0,0,0,3,0,0,False,True,True,False
Without Q-Learning,2,1,A,10.0,8,100.0,0.0,0.0,42,-8,1,Very Easy,1.0,0.0,0.0,0.0,0,0,0,0,0,0,False,True,True,False
Without Q-Learning,2,2,P,-10.0,11,50.0,50.0,0.0,52,10,1,Very Easy,1.0,0.0,0.0,0.0,0,0,0,0,0,0,False,True,True,False
Without Q-Learning,2,3,P,-10.0,7,33.333333333333336,66.66666666666667,0.0,62,10,3,Normal,1.0,0.0,0.0,0.0,0,0,0,0,0,0,False,True,True,False
Without Q-Learning,2,4,P,-10.0,7,25.0,75.0,0.0,72,10,4,Hard,1.0,0.0,0.0,0.0,0,0,0,2,0,0,False,True,True,False
Without Q-Learning,2,5,P,-10.0,7,20.0,80.0,0.0,82,10,5,Expert,1.0,0.0,0.0,0.0,0,0,0,1,0,0,False,True,True,False
Without Q-Learning,2,6,A,10.0,8,33.333333333333336,66.66666666666667,0.0,74,-8,4,Hard,1.0,0.0,0.0,0.0,0,0,0,2,0,0,False,True,True,False
Without Q-Learning,2,7,A,10.0,8,42.857142857142854,57.142857142857146,0.0,66,-8,4,Hard,1.0,0.0,0.0,0.0,0,0,0,2,0,0,False,True,True,False
Without Q-Learning,2,8,P,-10.0,9,37.5,62.5,0.0,76,10,4,Hard,1.0,0.0,0.0,0.0,0,0,0,3,0,0,False,True,True,False
Without Q-Learning,2,9,A,10.0,8,44.44444444444444,55.55555555555556,0.0,68,-8,4,Hard,1.0,0.0,0.0,0.0,0,0,0,2,0,0,False,True,True,False
Without Q-Learning,2,10,P,-10.0,7,40.0,60.0,0.0,78,10,4,Hard,1.0,0.0,0.0,0.0,0,0,0,2,0,0,False,True,True,False
Without Q-Learning,2,11,P,-10.0,7,36.36363636363637,63.63636363636363,0.0,96,18,5,Expert,1.0,0.0,0.0,0.0,0,0,0,1,0,0,False,True,True,False
Without Q-Learning,2,12,P,-10.0,7,33.333333333333336,66.66666666666667,0.0,96,0,5,Expert,1.0,0.0,0.0,0.0,0,0,0,3,0,0,False,True,True,False
Without Q-Learning,2,13,P,-10.0,7,30.76923076923077,69.23076923076923,0.0,96,0,5,Expert,1.0,0.0,0.0,0.0,0,0,0,3,0,0,False,True,True,False
Without Q-Learning,2,14,A,10.0,8,35.714285714285715,64.28571428571429,0.0,78,-18,4,Hard,1.0,0.0,0.0,0.0,0,0,0,3,0,0,False,True,True,False
Without Q-Learning,2,15,A,10.0,8,40.0,60.0,0.0,60,-18,3,Normal,1.0,0.0,0.0,0.0,0,0,0,2,0,0,False,True,True,False
Without Q-Learning,2,16,A,10.0,6,43.75,56.25,0.0,60,0,3,Normal,1.0,0.0,0.0,0.0,0,0,0,3,0,0,False,True,True,False
Without Q-Learning,2,17,P,-10.0,9,41.1764705882353,58.8235294117647,0.0,78,18,4,Hard,1.0,0.0,0.0,0.0,0,0,0,2,0,0,False,True,True,False
Without Q-Learning,2,18,A,10.0,8,44.44444444444444,55.55555555555556,0.0,60,-18,3,Normal,1.0,0.0,0.0,0.0,0,0,0,3,0,0,False,True,True,False
Without Q-Learning,2,19,P,-10.0,7,42.10526315789474,57.89473684210526,0.0,78,18,4,Hard,1.0,0.0,0.0,0.0,0,0,0,1,0,0,False,True,True,False
Without Q-Learning,2,20,A,10.0,6,45.0,55.0,0.0,60,-18,3,Normal,1.0,0.0,0.0,0.0,0,0,0,3,0,0,False,True,True,False
Without Q-Learning,2,21,P,-10.0,7,42.857142857142854,57.142857142857146,0.0,60,0,3,Normal,1.0,0.0,0.0,0.0,0,0,0,1,0,0,False,True,True,False
Without Q-Learning,2,22,P,-10.0,7,40.90909090909091,59.09090909090909,0.0,60,0,3,Normal,1.0,0.0,0.0,0.0,0,0,0,2,0,0,False,True,True,False
Without Q-Learning,2,23,A,10.0,10,43.47826086956522,56.52173913043478,0.0,42,-18,2,Easy,1.0,0.0,0.0,0.0,0,0,0,3,0,0,False,True,True,False
Without Q-Learning,2,24,P,-10.0,9,41.666666666666664,58.333333333333336,0.0,60,18,3,Normal,1.0,0.0,0.0,0.0,0,0,0,1,0,0,False,True,True,False
Without Q-Learning,2,25,P,-10.0,7,40.0,60.0,0.0,78,18,4,Hard,1.0,0.0,0.0,0.0,0,0,0,1,0,0,False,True,True,False
Without Q-Learning,2,26,P,-10.0,5,38.46153846153846,61.53846153846154,0.0,96,18,5,Expert,1.0,0.0,0.0,0.0,0,0,0,1,0,0,False,True,True,False
Without Q-Learning,2,27,A,10.0,6,40.74074074074074,59.25925925925926,0.0,78,-18,4,Hard,1.0,0.0,0.0,0.0,0,0,0,2,0,0,False,True,True,False
Without Q-Learning,2,28,A,10.0,6,42.857142857142854,57.142857142857146,0.0,78,0,4,Hard,1.0,0.0,0.0,0.0,0,0,0,2,0,0,False,True,True,False
Without Q-Learning,2,29,P,-10.0,7,41.37931034482759,58.62068965517241,0.0,78,0,4,Hard,1.0,0.0,0.0,0.0,0,0,0,1,0,0,False,True,True,False
Without Q-Learning,2,30,A,10.0,6,43.333333333333336,56.666666666666664,0.0,78,0,4,Hard,1.0,0.0,0.0,0.0,0,0,0,3,0,0,False,True,True,False
Without Q-Learning,2,31,P,-10.0,5,41.935483870967744,58.064516129032256,0.0,78,0,4,Hard,1.0,0.0,0.0,0.0,0,0,0,1,0,0,False,True,True,False
Without Q-Learning,2,32,A,10.0,6,43.75,56.25,0.0,60,-18,3,Normal,1.0,0.0,0.0,0.0,0,0,0,3,0,0,False,True,True,False
Without Q-Learning,2,33,P,-10.0,5,42.42424242424242,57.57575757575758,0.0,78,18,4,Hard,1.0,0.0,0.0,0.0,0,0,0,1,0,0,False,True,True,False
Without Q-Learning,2,34,P,-10.0,7,41.1764705882353,58.8235294117647,0.0,78,0,4,Hard,1.0,0.0,0.0,0.0,0,0,0,1,0,0,False,True,True,False
Without Q-Learning,2,35,A,10.0,6,42.857142857142854,57.142857142857146,0.0,60,-18,3,Normal,1.0,0.0,0.0,0.0,0,0,0,2,0,0,False,True,True,False
Without Q-Learning,2,36,P,-10.0,5,41.666666666666664,58.333333333333336,0.0,60,0,3,Normal,1.0,0.0,0.0,0.0,0,0,0,0,0,0,False,True,True,False
Without Q-Learning,2,37,P,-10.0,5,40.54054054054054,59.45945945945946,0.0,78,18,4,Hard,1.0,0.0,0.0,0.0,0,0,0,0,0,0,False,True,True,False
Without Q-Learning,2,38,P,-10.0,5,39.473684210526315,60.526315789473685,0.0,96,18,5,Expert,1.0,0.0,0.0,0.0,0,0,0,1,0,0,False,True,True,False
Without Q-Learning,2,39,A,10.0,6,41.02564102564103,58.97435897435897,0.0,78,-18,4,Hard,1.0,0.0,0.0,0.0,0,0,0,3,0,0,False,True,True,False
Without Q-Learning,2,40,P,-10.0,7,40.0,60.0,0.0,96,18,5,Expert,1.0,0.0,0.0,0.0,0,0,0,1,0,0,False,True,True,False
Without Q-Learning,2,41,A,10.0,6,41.46341463414634,58.53658536585366,0.0,78,-18,4,Hard,1.0,0.0,0.0,0.0,0,0,0,3,0,0,False,True,True,False
Without Q-Learning,2,42,P,-10.0,9,40.476190476190474,59.523809523809526,0.0,96,18,5,Expert,1.0,0.0,0.0,0.0,0,0,0,4,0,0,False,True,True,False
Without Q-Learning,2,43,A,10.0,6,41.86046511627907,58.13953488372093,0.0,78,-18,4,Hard,1.0,0.0,0.0,0.0,0,0,0,3,0,0,False,True,True,False
Without Q-Learning,2,44,P,-10.0,7,40.90909090909091,59.09090909090909,0.0,78,0,4,Hard,1.0,0.0,0.0,0.0,0,0,0,2,0,0,False,True,True,False
Without Q-Learning,2,45,A,10.0,8,42.22222222222222,57.77777777777778,0.0,78,0,4,Hard,1.0,0.0,0.0,0.0,0,0,0,4,0,0,False,True,True,False
Without Q-Learning,2,46,P,-10.0,11,41.30434782608695,58.69565217391305,0.0,78,0,4,Hard,1.0,0.0,0.0,0.0,0,0,0,3,0,0,False,True,True,False
Without Q-Learning,2,47,A,10.0,6,42.5531914893617,57.4468085106383,0.0,60,-18,3,Normal,1.0,0.0,0.0,0.0,0,0,0,3,0,0,False,True,True,False
Without Q-Learning,2,48,P,-10.0,5,41.666666666666664,58.333333333333336,0.0,60,0,3,Normal,1.0,0.0,0.0,0.0,0,0,0,0,0,0,False,True,True,False
Without Q-Learning,2,49,P,-10.0,7,40.816326530612244,59.183673469387756,0.0,78,18,4,Hard,1.0,0.0,0.0,0.0,0,0,0,1,0,0,False,True,True,False
Without Q-Learning,2,50,P,-10.0,5,40.0,60.0,0.0,78,0,4,Hard,1.0,0.0,0.0,0.0,0,0,0,2,0,0,False,True,True,False
Without Q-Learning,2,51,A,10.0,6,41.1764705882353,58.8235294117647,0.0,78,0,4,Hard,1.0,0.0,0.0,0.0,0,0,0,2,0,0,False,True,True,False
Without Q-Learning,2,52,A,10.0,10,42.30769230769231,57.69230769230769,0.0,60,-18,3,Normal,1.0,0.0,0.0,0.0,0,0,0,3,0,0,False,True,True,False
Without Q-Learning,2,53,P,-10.0,5,41.509433962264154,58.490566037735846,0.0,78,18,4,Hard,1.0,0.0,0.0,0.0,0,0,0,0,0,0,False,True,True,False
Without Q-Learning,2,54,P,-10.0,7,40.74074074074074,59.25925925925926,0.0,78,0,4,Hard,1.0,0.0,0.0,0.0,0,0,0,2,0,0,False,True,True,False
Without Q-Learning,2,55,P,-10.0,5,40.0,60.0,0.0,96,18,5,Expert,1.0,0.0,0.0,0.0,0,0,0,2,0,0,False,True,True,False
Without Q-Learning,2,56,A,10.0,6,41.07142857142857,58.92857142857143,0.0,78,-18,4,Hard,1.0,0.0,0.0,0.0,0,0,0,3,0,0,False,True,True,False
Without Q-Learning,2,57,A,10.0,6,42.10526315789474,57.89473684210526,0.0,78,0,4,Hard,1.0,0.0,0.0,0.0,0,0,0,3,0,0,False,True,True,False
Without Q-Learning,2,58,P,-10.0,5,41.37931034482759,58.62068965517241,0.0,78,0,4,Hard,1.0,0.0,0.0,0.0,0,0,0,1,0,0,False,True,True,False
Without Q-Learning,2,59,P,-10.0,7,40.67796610169491,59.32203389830509,0.0,78,0,4,Hard,1.0,0.0,0.0,0.0,0,0,0,2,0,0,False,True,True,False
Without Q-Learning,2,60,P,-10.0,5,40.0,60.0,0.0,78,0,4,Hard,1.0,0.0,0.0,0.0,0,0,0,2,0,0,False,True,True,False
Without Q-Learning,2,61,P,-10.0,7,39.34426229508197,60.65573770491803,0.0,96,18,5,Expert,1.0,0.0,0.0,0.0,0,0,0,2,0,0,False,True,True,False
Without Q-Learning,2,62,A,10.0,6,40.32258064516129,59.67741935483871,0.0,96,0,5,Expert,1.0,0.0,0.0,0.0,0,0,0,3,0,0,False,True,True,False
Without Q-Learning,2,63,P,-10.0,7,39.682539682539684,60.317460317460316,0.0,96,0,5,Expert,1.0,0.0,0.0,0.0,0,0,0,2,0,0,False,True,True,False
Without Q-Learning,2,64,P,-10.0,5,39.0625,60.9375,0.0,96,0,5,Expert,1.0,0.0,0.0,0.0,0,0,0,2,0,0,False,True,True,False
Without Q-Learning,2,65,A,10.0,6,40.0,60.0,0.0,78,-18,4,Hard,1.0,0.0,0.0,0.0,0,0,0,3,0,0,False,True,True,False
Without Q-Learning,2,66,P,-10.0,5,39.39393939393939,60.60606060606061,0.0,96,18,5,Expert,1.0,0.0,0.0,0.0,0,0,0,1,0,0,False,True,True,False
Without Q-Learning,2,67,A,10.0,6,40.298507462686565,59.701492537313435,0.0,96,0,5,Expert,1.0,0.0,0.0,0.0,0,0,0,3,0,0,False,True,True,False
Without Q-Learning,2,68,A,10.0,6,41.1764705882353,58.8235294117647,0.0,78,-18,4,Hard,1.0,0.0,0.0,0.0,0,0,0,3,0,0,False,True,True,False
Without Q-Learning,2,69,P,-10.0,7,40.57971014492754,59.42028985507246,0.0,78,0,4,Hard,1.0,0.0,0.0,0.0,0,0,0,2,0,0,False,True,True,False
Without Q-Learning,2,70,P,-10.0,7,40.0,60.0,0.0,78,0,4,Hard,1.0,0.0,0.0,0.0,0,0,0,2,0,0,False,True,True,False
Without Q-Learning,2,71,A,10.0,8,40.84507042253521,59.15492957746479,0.0,60,-18,3,Normal,1.0,0.0,0.0,0.0,0,0,0,2,0,0,False,True,True,False
Without Q-Learning,2,72,P,-10.0,7,40.27777777777778,59.72222222222222,0.0,78,18,4,Hard,1.0,0.0,0.0,0.0,0,0,0,1,0,0,False,True,True,False
Without Q-Learning,2,73,P,-10.0,7,39.726027397260275,60.273972602739725,0.0,78,0,4,Hard,1.0,0.0,0.0,0.0,0,0,0,3,0,0,False,True,True,False
Without Q-Learning,2,74,A,10.0,8,40.54054054054054,59.45945945945946,0.0,60,-18,3,Normal,1.0,0.0,0.0,0.0,0,0,0,3,0,0,False,True,True,False
Without Q-Learning,2,75,P,-10.0,7,40.0,60.0,0.0,78,18,4,Hard,1.0,0.0,0.0,0.0,0,0,0,0,0,0,False,True,True,False
Without Q-Learning,2,76,P,-10.0,9,39.473684210526315,60.526315789473685,0.0,78,0,4,Hard,1.0,0.0,0.0,0.0,0,0,0,2,0,0,False,True,True,False
Without Q-Learning,2,77,A,10.0,6,40.25974025974026,59.74025974025974,0.0,78,0,4,Hard,1.0,0.0,0.0,0.0,0,0,0,2,0,0,False,True,True,False
Without Q-Learning,2,78,A,10.0,6,41.02564102564103,58.97435897435897,0.0,78,0,4,Hard,1.0,0.0,0.0,0.0,0,0,0,2,0,0,False,True,True,False
Without Q-Learning,2,79,A,10.0,6,41.77215189873418,58.22784810126582,0.0,60,-18,3,Normal,1.0,0.0,0.0,0.0,0,0,0,3,0,0,False,True,True,False
Without Q-Learning,2,80,P,-10.0,5,41.25,58.75,0.0,60,0,3,Normal,1.0,0.0,0.0,0.0,0,0,0,1,0,0,False,True,True,False
Without Q-Learning,2,81,P,-10.0,7,40.74074074074074,59.25925925925926,0.0,78,18,4,Hard,1.0,0.0,0.0,0.0,0,0,0,2,0,0,False,True,True,False
Without Q-Learning,2,82,P,-10.0,9,40.24390243902439,59.75609756097561,0.0,78,0,4,Hard,1.0,0.0,0.0,0.0,0,0,0,3,0,0,False,True,True,False
Without Q-Learning,2,83,P,-10.0,7,39.75903614457831,60.24096385542169,0.0,78,0,4,Hard,1.0,0.0,0.0,0.0,0,0,0,2,0,0,False,True,True,False
Without Q-Learning,2,84,A,10.0,6,40.476190476190474,59.523809523809526,0.0,78,0,4,Hard,1.0,0.0,0.0,0.0,0,0,0,3,0,0,False,True,True,False
Without Q-Learning,2,85,A,10.0,8,41.1764705882353,58.8235294117647,0.0,60,-18,3,Normal,1.0,0.0,0.0,0.0,0,0,0,3,0,0,False,True,True,False
Without Q-Learning,2,86,P,-10.0,5,40.69767441860465,59.30232558139535,0.0,60,0,3,Normal,1.0,0.0,0.0,0.0,0,0,0,0,0,0,False,True,True,False
Without Q-Learning,2,87,P,-10.0,7,40.229885057471265,59.770114942528735,0.0,78,18,4,Hard,1.0,0.0,0.0,0.0,0,0,0,1,0,0,False,True,True,False
Without Q-Learning,2,88,A,10.0,6,40.90909090909091,59.09090909090909,0.0,78,0,4,Hard,1.0,0.0,0.0,0.0,0,0,0,3,0,0,False,True,True,False
Without Q-Learning,2,89,A,10.0,6,41.57303370786517,58.42696629213483,0.0,78,0,4,Hard,1.0,0.0,0.0,0.0,0,0,0,2,0,0,False,True,True,False
Without Q-Learning,2,90,P,-10.0,5,41.111111111111114,58.888888888888886,0.0,78,0,4,Hard,1.0,0.0,0.0,0.0,0,0,0,0,0,0,False,True,True,False
Without Q-Learning,2,91,A,10.0,6,41.75824175824176,58.24175824175824,0.0,60,-18,3,Normal,1.0,0.0,0.0,0.0,0,0,0,3,0,0,False,True,True,False
Without Q-Learning,2,92,P,-10.0,7,41.30434782608695,58.69565217391305,0.0,60,0,3,Normal,1.0,0.0,0.0,0.0,0,0,0,0,0,0,False,True,True,False
Without Q-Learning,2,93,P,-10.0,7,40.86021505376344,59.13978494623656,0.0,60,0,3,Normal,1.0,0.0,0.0,0.0,0,0,0,2,0,0,False,True,True,False
Without Q-Learning,2,94,P,-10.0,9,40.42553191489362,59.57446808510638,0.0,78,18,4,Hard,1.0,0.0,0.0,0.0,0,0,0,2,0,0,False,True,True,False
Without Q-Learning,2,95,P,-10.0,5,40.0,60.0,0.0,96,18,5,Expert,1.0,0.0,0.0,0.0,0,0,0,0,0,0,False,True,True,False
Without Q-Learning,2,96,A,10.0,6,40.625,59.375,0.0,78,-18,4,Hard,1.0,0.0,0.0,0.0,0,0,0,3,0,0,False,True,True,False
Without Q-Learning,2,97,A,10.0,6,41.23711340206186,58.76288659793814,0.0,60,-18,3,Normal,1.0,0.0,0.0,0.0,0,0,0,3,0,0,False,True,True,False
Without Q-Learning,2,98,P,-10.0,9,40.816326530612244,59.183673469387756,0.0,78,18,4,Hard,1.0,0.0,0.0,0.0,0,0,0,1,0,0,False,True,True,False
Without Q-Learning,2,99,A,10.0,6,41.41414141414141,58.58585858585859,0.0,78,0,4,Hard,1.0,0.0,0.0,0.0,0,0,0,3,0,0,False,True,True,False
Without Q-Learning,2,100,A,10.0,12,42.0,58.0,0.0,60,-18,3,Normal,1.0,0.0,0.0,0.0,0,0,0,4,0,0,False,True,True,False
Without Q-Learning,3,1,P,-10.0,5,0.0,100.0,0.0,60,10,1,Very Easy,1.0,0.0,0.0,0.0,0,0,0,0,0,0,False,True,True,False
Without Q-Learning,3,2,P,-10.0,9,0.0,100.0,0.0,70,10,1,Very Easy,1.0,0.0,0.0,0.0,0,0,0,0,0,0,False,True,True,False
Without Q-Learning,3,3,P,-10.0,7,0.0,100.0,0.0,80,10,5,Expert,1.0,0.0,0.0,0.0,0,0,0,0,0,0,False,True,True,False
Without Q-Learning,3,4,P,-10.0,7,0.0,100.0,0.0,90,10,5,Expert,1.0,0.0,0.0,0.0,0,0,0,3,0,0,False,True,True,False
Without Q-Learning,3,5,A,10.0,6,20.0,80.0,0.0,82,-8,5,Expert,1.0,0.0,0.0,0.0,0,0,0,3,0,0,False,True,True,False
Without Q-Learning,3,6,A,10.0,8,33.333333333333336,66.66666666666667,0.0,74,-8,4,Hard,1.0,0.0,0.0,0.0,0,0,0,3,0,0,False,True,True,False
Without Q-Learning,3,7,A,10.0,8,42.857142857142854,57.142857142857146,0.0,66,-8,4,Hard,1.0,0.0,0.0,0.0,0,0,0,3,0,0,False,True,True,False
Without Q-Learning,3,8,P,-10.0,7,37.5,62.5,0.0,76,10,4,Hard,1.0,0.0,0.0,0.0,0,0,0,1,0,0,False,True,True,False
Without Q-Learning,3,9,P,-10.0,5,33.333333333333336,66.66666666666667,0.0,86,10,5,Expert,1.0,0.0,0.0,0.0,0,0,0,1,0,0,False,True,True,False
Without Q-Learning,3,10,A,10.0,6,40.0,60.0,0.0,78,-8,4,Hard,1.0,0.0,0.0,0.0,0,0,0,3,0,0,False,True,True,False
Without Q-Learning,3,11,P,-10.0,5,36.36363636363637,63.63636363636363,0.0,78,0,4,Hard,1.0,0.0,0.0,0.0,0,0,0,2,0,0,False,True,True,False
Without Q-Learning,3,12,P,-10.0,7,33.333333333333336,66.66666666666667,0.0,78,0,4,Hard,1.0,0.0,0.0,0.0,0,0,0,2,0,0,False,True,True,False
Without Q-Learning,3,13,A,10.0,6,38.46153846153846,61.53846153846154,0.0,60,-18,3,Normal,1.0,0.0,0.0,0.0,0,0,0,2,0,0,False,True,True,False
Without Q-Learning,3,14,A,10.0,10,42.857142857142854,57.142857142857146,0.0,42,-18,2,Easy,1.0,0.0,0.0,0.0,0,0,0,3,0,0,False,True,True,False
Without Q-Learning,3,15,A,10.0,8,46.666666666666664,53.333333333333336,0.0,42,0,2,Easy,1.0,0.0,0.0,0.0,0,0,0,0,0,0,False,True,True,False
Without Q-Learning,3,16,P,-10.0,7,43.75,56.25,0.0,60,18,3,Normal,1.0,0.0,0.0,0.0,0,0,0,0,0,0,False,True,True,False
Without Q-Learning,3,17,P,-10.0,7,41.1764705882353,58.8235294117647,0.0,78,18,4,Hard,1.0,0.0,0.0,0.0,0,0,0,1,0,0,False,True,True,False
Without Q-Learning,3,18,P,-10.0,7,38.888888888888886,61.111111111111114,0.0,78,0,4,Hard,1.0,0.0,0.0,0.0,0,0,0,3,0,0,False,True,True,False
Without Q-Learning,3,19,A,10.0,8,42.10526315789474,57.89473684210526,0.0,60,-18,3,Normal,1.0,0.0,0.0,0.0,0,0,0,4,0,0,False,True,True,False
Without Q-Learning,3,20,A,10.0,10,45.0,55.0,0.0,60,0,3,Normal,1.0,0.0,0.0,0.0,0,0,0,2,0,0,False,True,True,False
Without Q-Learning,3,21,P,-10.0,5,42.857142857142854,57.142857142857146,0.0,60,0,3,Normal,1.0,0.0,0.0,0.0,0,0,0,1,0,0,False,True,True,False
Without Q-Learning,3,22,P,-10.0,9,40.90909090909091,59.09090909090909,0.0,60,0,3,Normal,1.0,0.0,0.0,0.0,0,0,0,2,0,0,False,True,True,False
Without Q-Learning,3,23,P,-10.0,9,39.130434782608695,60.869565217391305,0.0,78,18,4,Hard,1.0,0.0,0.0,0.0,0,0,0,2,0,0,False,True,True,False
Without Q-Learning,3,24,A,10.0,8,41.666666666666664,58.333333333333336,0.0,78,0,4,Hard,1.0,0.0,0.0,0.0,0,0,0,2,0,0,False,True,True,False
Without Q-Learning,3,25,A,10.0,6,44.0,56.0,0.0,78,0,4,Hard,1.0,0.0,0.0,0.0,0,0,0,3,0,0,False,True,True,False
Without Q-Learning,3,26,P,-10.0,9,42.30769230769231,57.69230769230769,0.0,78,0,4,Hard,1.0,0.0,0.0,0.0,0,0,0,1,0,0,False,True,True,False
Without Q-Learning,3,27,A,10.0,6,44.44444444444444,55.55555555555556,0.0,60,-18,3,Normal,1.0,0.0,0.0,0.0,0,0,0,3,0,0,False,True,True,False
Without Q-Learning,3,28,P,-10.0,7,42.857142857142854,57.142857142857146,0.0,60,0,3,Normal,1.0,0.0,0.0,0.0,0,0,0,2,0,0,False,True,True,False
Without Q-Learning,3,29,P,-10.0,7,41.37931034482759,58.62068965517241,0.0,78,18,4,Hard,1.0,0.0,0.0,0.0,0,0,0,1,0,0,False,True,True,False
Without Q-Learning,3,30,A,10.0,6,43.333333333333336,56.666666666666664,0.0,78,0,4,Hard,1.0,0.0,0.0,0.0,0,0,0,3,0,0,False,True,True,False
Without Q-Learning,3,31,A,10.0,6,45.16129032258065,54.83870967741935,0.0,60,-18,3,Normal,1.0,0.0,0.0,0.0,0,0,0,3,0,0,False,True,True,False
Without Q-Learning,3,32,P,-10.0,7,43.75,56.25,0.0,60,0,3,Normal,1.0,0.0,0.0,0.0,0,0,0,1,0,0,False,True,True,False
Without Q-Learning,3,33,P,-10.0,7,42.42424242424242,57.57575757575758,0.0,60,0,3,Normal,1.0,0.0,0.0,0.0,0,0,0,1,0,0,False,True,True,False
Without Q-Learning,3,34,P,-10.0,7,41.1764705882353,58.8235294117647,0.0,78,18,4,Hard,1.0,0.0,0.0,0.0,0,0,0,2,0,0,False,True,True,False
Without Q-Learning,3,35,P,-10.0,5,40.0,60.0,0.0,96,18,5,Expert,1.0,0.0,0.0,0.0,0,0,0,1,0,0,False,True,True,False
Without Q-Learning,3,36,P,-10.0,7,38.888888888888886,61.111111111111114,0.0,96,0,5,Expert,1.0,0.0,0.0,0.0,0,0,0,3,0,0,False,True,True,False
Without Q-Learning,3,37,A,10.0,8,40.54054054054054,59.45945945945946,0.0,96,0,5,Expert,1.0,0.0,0.0,0.0,0,0,0,3,0,0,False,True,True,False
Without Q-Learning,3,38,A,10.0,6,42.10526315789474,57.89473684210526,0.0,78,-18,4,Hard,1.0,0.0,0.0,0.0,0,0,0,3,0,0,False,True,True,False
Without Q-Learning,3,39,P,-10.0,5,41.02564102564103,58.97435897435897,0.0,78,0,4,Hard,1.0,0.0,0.0,0.0,0,0,0,2,0,0,False,True,True,False
Without Q-Learning,3,40,A,10.0,8,42.5,57.5,0.0,78,0,4,Hard,1.0,0.0,0.0,0.0,0,0,0,3,0,0,False,True,True,False
Without Q-Learning,3,41,P,-10.0,9,41.46341463414634,58.53658536585366,0.0,96,18,5,Expert,1.0,0.0,0.0,0.0,0,0,0,2,0,0,False,True,True,False
Without Q-Learning,3,42,A,10.0,6,42.857142857142854,57.142857142857146,0.0,78,-18,4,Hard,1.0,0.0,0.0,0.0,0,0,0,2,0,0,False,True,True,False
Without Q-Learning,3,43,A,10.0,8,44.18604651162791,55.81395348837209,0.0,60,-18,3,Normal,1.0,0.0,0.0,0.0,0,0,0,3,0,0,False,True,True,False
Without Q-Learning,3,44,A,10.0,6,45.45454545454545,54.54545454545455,0.0,42,-18,2,Easy,1.0,0.0,0.0,0.0,0,0,0,1,0,0,False,True,True,False
Without Q-Learning,3,45,P,-10.0,7,44.44444444444444,55.55555555555556,0.0,42,0,2,Easy,1.0,0.0,0.0,0.0,0,0,0,1,0,0,False,True,True,False
Without Q-Learning,3,46,P,-10.0,9,43.47826086956522,56.52173913043478,0.0,42,0,2,Easy,1.0,0.0,0.0,0.0,0,0,0,2,0,0,False,True,True,False
Without Q-Learning,3,47,A,10.0,12,44.680851063829785,55.319148936170215,0.0,42,0,2,Easy,1.0,0.0,0.0,0.0,0,0,0,3,0,0,False,True,True,False
Without Q-Learning,3,48,P,-10.0,9,43.75,56.25,0.0,60,18,3,Normal,1.0,0.0,0.0,0.0,0,0,0,0,0,0,False,True,True,False
Without Q-Learning,3,49,P,-10.0,7,42.857142857142854,57.142857142857146,0.0,60,0,3,Normal,1.0,0.0,0.0,0.0,0,0,0,1,0,0,False,True,True,False
Without Q-Learning,3,50,P,-10.0,7,42.0,58.0,0.0,78,18,4,Hard,1.0,0.0,0.0,0.0,0,0,0,1,0,0,False,True,True,False
Without Q-Learning,3,51,A,10.0,6,43.13725490196079,56.86274509803921,0.0,60,-18,3,Normal,1.0,0.0,0.0,0.0,0,0,0,3,0,0,False,True,True,False
Without Q-Learning,3,52,P,-10.0,7,42.30769230769231,57.69230769230769,0.0,78,18,4,Hard,1.0,0.0,0.0,0.0,0,0,0,0,0,0,False,True,True,False
Without Q-Learning,3,53,P,-10.0,7,41.509433962264154,58.490566037735846,0.0,96,18,5,Expert,1.0,0.0,0.0,0.0,0,0,0,2,0,0,False,True,True,False
Without Q-Learning,3,54,A,10.0,6,42.592592592592595,57.407407407407405,0.0,96,0,5,Expert,1.0,0.0,0.0,0.0,0,0,0,3,0,0,False,True,True,False
Without Q-Learning,3,55,P,-10.0,7,41.81818181818182,58.18181818181818,0.0,96,0,5,Expert,1.0,0.0,0.0,0.0,0,0,0,3,0,0,False,True,True,False
Without Q-Learning,3,56,A,10.0,6,42.857142857142854,57.142857142857146,0.0,78,-18,4,Hard,1.0,0.0,0.0,0.0,0,0,0,3,0,0,False,True,True,False
Without Q-Learning,3,57,P,-10.0,9,42.10526315789474,57.89473684210526,0.0,96,18,5,Expert,1.0,0.0,0.0,0.0,0,0,0,2,0,0,False,True,True,False
Without Q-Learning,3,58,A,10.0,6,43.10344827586207,56.89655172413793,0.0,78,-18,4,Hard,1.0,0.0,0.0,0.0,0,0,0,3,0,0,False,True,True,False
Without Q-Learning,3,59,P,-10.0,5,42.3728813559322,57.6271186440678,0.0,78,0,4,Hard,1.0,0.0,0.0,0.0,0,0,0,0,0,0,False,True,True,False
Without Q-Learning,3,60,A,10.0,6,43.333333333333336,56.666666666666664,0.0,60,-18,3,Normal,1.0,0.0,0.0,0.0,0,0,0,3,0,0,False,True,True,False
Without Q-Learning,3,61,P,-10.0,5,42.622950819672134,57.377049180327866,0.0,78,18,4,Hard,1.0,0.0,0.0,0.0,0,0,0,1,0,0,False,True,True,False
Without Q-Learning,3,62,A,10.0,6,43.54838709677419,56.45161290322581,0.0,60,-18,3,Normal,1.0,0.0,0.0,0.0,0,0,0,3,0,0,False,True,True,False
Without Q-Learning,3,63,A,10.0,6,44.44444444444444,55.55555555555556,0.0,42,-18,2,Easy,1.0,0.0,0.0,0.0,0,0,0,2,0,0,False,True,True,False
Without Q-Learning,3,64,P,-10.0,7,43.75,56.25,0.0,60,18,3,Normal,1.0,0.0,0.0,0.0,0,0,0,1,0,0,False,True,True,False
Without Q-Learning,3,65,P,-10.0,7,43.07692307692308,56.92307692307692,0.0,60,0,3,Normal,1.0,0.0,0.0,0.0,0,0,0,1,0,0,False,True,True,False
Without Q-Learning,3,66,P,-10.0,7,42.42424242424242,57.57575757575758,0.0,78,18,4,Hard,1.0,0.0,0.0,0.0,0,0,0,1,0,0,False,True,True,False
Without Q-Learning,3,67,P,-10.0,7,41.791044776119406,58.208955223880594,0.0,78,0,4,Hard,1.0,0.0,0.0,0.0,0,0,0,1,0,0,False,True,True,False
Without Q-Learning,3,68,A,10.0,6,42.64705882352941,57.35294117647059,0.0,78,0,4,Hard,1.0,0.0,0.0,0.0,0,0,0,3,0,0,False,True,True,False
Without Q-Learning,3,69,A,10.0,6,43.47826086956522,56.52173913043478,0.0,60,-18,3,Normal,1.0,0.0,0.0,0.0,0,0,0,3,0,0,False,True,True,False
Without Q-Learning,3,70,P,-10.0,9,42.857142857142854,57.142857142857146,0.0,78,18,4,Hard,1.0,0.0,0.0,0.0,0,0,0,1,0,0,False,True,True,False
Without Q-Learning,3,71,P,-10.0,5,42.25352112676056,57.74647887323944,0.0,78,0,4,Hard,1.0,0.0,0.0,0.0,0,0,0,2,0,0,False,True,True,False
Without Q-Learning,3,72,P,-10.0,7,41.666666666666664,58.333333333333336,0.0,96,18,5,Expert,1.0,0.0,0.0,0.0,0,0,0,2,0,0,False,True,True,False
Without Q-Learning,3,73,A,10.0,10,42.465753424657535,57.534246575342465,0.0,96,0,5,Expert,1.0,0.0,0.0,0.0,0,0,0,4,0,0,False,True,True,False
Without Q-Learning,3,74,A,10.0,8,43.24324324324324,56.75675675675676,0.0,78,-18,4,Hard,1.0,0.0,0.0,0.0,0,0,0,4,0,0,False,True,True,False
Without Q-Learning,3,75,P,-10.0,7,42.666666666666664,57.333333333333336,0.0,78,0,4,Hard,1.0,0.0,0.0,0.0,0,0,0,1,0,0,False,True,True,False
Without Q-Learning,3,76,P,-10.0,7,42.10526315789474,57.89473684210526,0.0,78,0,4,Hard,1.0,0.0,0.0,0.0,0,0,0,2,0,0,False,True,True,False
Without Q-Learning,3,77,P,-10.0,7,41.55844155844156,58.44155844155844,0.0,78,0,4,Hard,1.0,0.0,0.0,0.0,0,0,0,1,0,0,False,True,True,False
Without Q-Learning,3,78,A,10.0,6,42.30769230769231,57.69230769230769,0.0,78,0,4,Hard,1.0,0.0,0.0,0.0,0,0,0,2,0,0,False,True,True,False
Without Q-Learning,3,79,P,-10.0,5,41.77215189873418,58.22784810126582,0.0,96,18,5,Expert,1.0,0.0,0.0,0.0,0,0,0,0,0,0,False,True,True,False
Without Q-Learning,3,80,P,-10.0,9,41.25,58.75,0.0,96,0,5,Expert,1.0,0.0,0.0,0.0,0,0,0,4,0,0,False,True,True,False
Without Q-Learning,3,81,A,10.0,6,41.97530864197531,58.02469135802469,0.0,78,-18,4,Hard,1.0,0.0,0.0,0.0,0,0,0,3,0,0,False,True,True,False
Without Q-Learning,3,82,P,-10.0,7,41.46341463414634,58.53658536585366,0.0,78,0,4,Hard,1.0,0.0,0.0,0.0,0,0,0,3,0,0,False,True,True,False
Without Q-Learning,3,83,P,-10.0,7,40.963855421686745,59.036144578313255,0.0,96,18,5,Expert,1.0,0.0,0.0,0.0,0,0,0,2,0,0,False,True,True,False
Without Q-Learning,3,84,P,-10.0,7,40.476190476190474,59.523809523809526,0.0,100,4,5,Expert,1.0,0.0,0.0,0.0,0,0,0,2,0,0,False,True,True,False
Without Q-Learning,3,85,A,10.0,6,41.1764705882353,58.8235294117647,0.0,96,-4,5,Expert,1.0,0.0,0.0,0.0,0,0,0,3,0,0,False,True,True,False
Without Q-Learning,3,86,A,10.0,6,41.86046511627907,58.13953488372093,0.0,78,-18,4,Hard,1.0,0.0,0.0,0.0,0,0,0,3,0,0,False,True,True,False
Without Q-Learning,3,87,A,10.0,6,42.52873563218391,57.47126436781609,0.0,60,-18,3,Normal,1.0,0.0,0.0,0.0,0,0,0,3,0,0,False,True,True,False
Without Q-Learning,3,88,P,-10.0,7,42.04545454545455,57.95454545454545,0.0,78,18,4,Hard,1.0,0.0,0.0,0.0,0,0,0,1,0,0,False,True,True,False
Without Q-Learning,3,89,P,-10.0,7,41.57303370786517,58.42696629213483,0.0,78,0,4,Hard,1.0,0.0,0.0,0.0,0,0,0,2,0,0,False,True,True,False
Without Q-Learning,3,90,P,-10.0,7,41.111111111111114,58.888888888888886,0.0,78,0,4,Hard,1.0,0.0,0.0,0.0,0,0,0,2,0,0,False,True,True,False
Without Q-Learning,3,91,A,10.0,6,41.75824175824176,58.24175824175824,0.0,78,0,4,Hard,1.0,0.0,0.0,0.0,0,0,0,3,0,0,False,True,True,False
Without Q-Learning,3,92,A,10.0,6,42.391304347826086,57.608695652173914,0.0,60,-18,3,Normal,1.0,0.0,0.0,0.0,0,0,0,3,0,0,False,True,True,False
Without Q-Learning,3,93,P,-10.0,7,41.935483870967744,58.064516129032256,0.0,60,0,3,Normal,1.0,0.0,0.0,0.0,0,0,0,2,0,0,False,True,True,False
Without Q-Learning,3,94,A,10.0,6,42.5531914893617,57.4468085106383,0.0,42,-18,2,Easy,1.0,0.0,0.0,0.0,0,0,0,3,0,0,False,True,True,False
Without Q-Learning,3,95,P,-10.0,7,42.10526315789474,57.89473684210526,0.0,60,18,3,Normal,1.0,0.0,0.0,0.0,0,0,0,0,0,0,False,True,True,False
Without Q-Learning,3,96,P,-10.0,7,41.666666666666664,58.333333333333336,0.0,78,18,4,Hard,1.0,0.0,0.0,0.0,0,0,0,1,0,0,False,True,True,False
Without Q-Learning,3,97,P,-10.0,5,41.23711340206186,58.76288659793814,0.0,96,18,5,Expert,1.0,0.0,0.0,0.0,0,0,0,1,0,0,False,True,True,False
Without Q-Learning,3,98,A,10.0,8,41.83673469387755,58.16326530612245,0.0,78,-18,4,Hard,1.0,0.0,0.0,0.0,0,0,0,4,0,0,False,True,True,False
Without Q-Learning,3,99,P,-10.0,5,41.41414141414141,58.58585858585859,0.0,78,0,4,Hard,1.0,0.0,0.0,0.0,0,0,0,1,0,0,False,True,True,False
Without Q-Learning,3,100,P,-10.0,5,41.0,59.0,0.0,78,0,4,Hard,1.0,0.0,0.0,0.0,0,0,0,1,0,0,False,True,True,False
Without Q-Learning,4,1,P,-10.0,5,0.0,100.0,0.0,60,10,1,Very Easy,1.0,0.0,0.0,0.0,0,0,0,0,0,0,False,True,True,False
Without Q-Learning,4,2,A,10.0,10,50.0,50.0,0.0,52,-8,1,Very Easy,1.0,0.0,0.0,0.0,0,0,0,1,0,0,False,True,True,False
Without Q-Learning,4,3,P,-10.0,7,33.333333333333336,66.66666666666667,0.0,62,10,3,Normal,1.0,0.0,0.0,0.0,0,0,0,0,0,0,False,True,True,False
Without Q-Learning,4,4,A,10.0,6,50.0,50.0,0.0,54,-8,3,Normal,1.0,0.0,0.0,0.0,0,0,0,2,0,0,False,True,True,False
Without Q-Learning,4,5,A,10.0,6,60.0,40.0,0.0,46,-8,3,Normal,1.0,0.0,0.0,0.0,0,0,0,2,0,0,False,True,True,False
Without Q-Learning,4,6,P,-10.0,5,50.0,50.0,0.0,56,10,3,Normal,1.0,0.0,0.0,0.0,0,0,0,1,0,0,False,True,True,False
Without Q-Learning,4,7,P,-10.0,5,42.857142857142854,57.142857142857146,0.0,66,10,4,Hard,1.0,0.0,0.0,0.0,0,0,0,0,0,0,False,True,True,False
Without Q-Learning,4,8,A,10.0,6,50.0,50.0,0.0,58,-8,3,Normal,1.0,0.0,0.0,0.0,0,0,0,3,0,0,False,True,True,False
Without Q-Learning,4,9,P,-10.0,9,44.44444444444444,55.55555555555556,0.0,68,10,4,Hard,1.0,0.0,0.0,0.0,0,0,0,2,0,0,False,True,True,False
Without Q-Learning,4,10,A,10.0,6,50.0,50.0,0.0,60,-8,3,Normal,1.0,0.0,0.0,0.0,0,0,0,3,0,0,False,True,True,False
Without Q-Learning,4,11,P,-10.0,7,45.45454545454545,54.54545454545455,0.0,60,0,3,Normal,1.0,0.0,0.0,0.0,0,0,0,1,0,0,False,True,True,False
Without Q-Learning,4,12,P,-10.0,5,41.666666666666664,58.333333333333336,0.0,78,18,4,Hard,1.0,0.0,0.0,0.0,0,0,0,1,0,0,False,True,True,False
Without Q-Learning,4,13,P,-10.0,7,38.46153846153846,61.53846153846154,0.0,78,0,4,Hard,1.0,0.0,0.0,0.0,0,0,0,1,0,0,False,True,True,False
Without Q-Learning,4,14,A,10.0,10,42.857142857142854,57.142857142857146,0.0,78,0,4,Hard,1.0,0.0,0.0,0.0,0,0,0,3,0,0,False,True,True,False
Without Q-Learning,4,15,A,10.0,6,46.666666666666664,53.333333333333336,0.0,78,0,4,Hard,1.0,0.0,0.0,0.0,0,0,0,3,0,0,False,True,True,False
Without Q-Learning,4,16,A,10.0,6,50.0,50.0,0.0,60,-18,3,Normal,1.0,0.0,0.0,0.0,0,0,0,3,0,0,False,True,True,False
Without Q-Learning,4,17,P,-10.0,11,47.05882352941177,52.94117647058823,0.0,60,0,3,Normal,1.0,0.0,0.0,0.0,0,0,0,2,0,0,False,True,True,False
Without Q-Learning,4,18,P,-10.0,7,44.44444444444444,55.55555555555556,0.0,78,18,4,Hard,1.0,0.0,0.0,0.0,0,0,0,1,0,0,False,True,True,False
Without Q-Learning,4,19,P,-10.0,5,42.10526315789474,57.89473684210526,0.0,78,0,4,Hard,1.0,0.0,0.0,0.0,0,0,0,2,0,0,False,True,True,False
Without Q-Learning,4,20,P,-10.0,7,40.0,60.0,0.0,96,18,5,Expert,1.0,0.0,0.0,0.0,0,0,0,2,0,0,False,True,True,False
Without Q-Learning,4,21,A,10.0,6,42.857142857142854,57.142857142857146,0.0,78,-18,4,Hard,1.0,0.0,0.0,0.0,0,0,0,3,0,0,False,True,True,False
Without Q-Learning,4,22,A,10.0,6,45.45454545454545,54.54545454545455,0.0,60,-18,3,Normal,1.0,0.0,0.0,0.0,0,0,0,3,0,0,False,True,True,False
Without Q-Learning,4,23,P,-10.0,7,43.47826086956522,56.52173913043478,0.0,60,0,3,Normal,1.0,0.0,0.0,0.0,0,0,0,0,0,0,False,True,True,False
Without Q-Learning,4,24,P,-10.0,9,41.666666666666664,58.333333333333336,0.0,78,18,4,Hard,1.0,0.0,0.0,0.0,0,0,0,2,0,0,False,True,True,False
Without Q-Learning,4,25,A,10.0,6,44.0,56.0,0.0,78,0,4,Hard,1.0,0.0,0.0,0.0,0,0,0,2,0,0,False,True,True,False
Without Q-Learning,4,26,P,-10.0,7,42.30769230769231,57.69230769230769,0.0,96,18,5,Expert,1.0,0.0,0.0,0.0,0,0,0,1,0,0,False,True,True,False
Without Q-Learning,4,27,A,10.0,6,44.44444444444444,55.55555555555556,0.0,78,-18,4,Hard,1.0,0.0,0.0,0.0,0,0,0,3,0,0,False,True,True,False
Without Q-Learning,4,28,A,10.0,8,46.42857142857143,53.57142857142857,0.0,60,-18,3,Normal,1.0,0.0,0.0,0.0,0,0,0,3,0,0,False,True,True,False
Without Q-Learning,4,29,P,-10.0,9,44.827586206896555,55.172413793103445,0.0,60,0,3,Normal,1.0,0.0,0.0,0.0,0,0,0,0,0,0,False,True,True,False
Without Q-Learning,4,30,P,-10.0,7,43.333333333333336,56.666666666666664,0.0,60,0,3,Normal,1.0,0.0,0.0,0.0,0,0,0,1,0,0,False,True,True,False
Without Q-Learning,4,31,P,-10.0,5,41.935483870967744,58.064516129032256,0.0,78,18,4,Hard,1.0,0.0,0.0,0.0,0,0,0,1,0,0,False,True,True,False
Without Q-Learning,4,32,P,-10.0,7,40.625,59.375,0.0,96,18,5,Expert,1.0,0.0,0.0,0.0,0,0,0,2,0,0,False,True,True,False
Without Q-Learning,4,33,A,10.0,6,42.42424242424242,57.57575757575758,0.0,78,-18,4,Hard,1.0,0.0,0.0,0.0,0,0,0,3,0,0,False,True,True,False
Without Q-Learning,4,34,A,10.0,6,44.11764705882353,55.88235294117647,0.0,60,-18,3,Normal,1.0,0.0,0.0,0.0,0,0,0,2,0,0,False,True,True,False
Without Q-Learning,4,35,P,-10.0,5,42.857142857142854,57.142857142857146,0.0,78,18,4,Hard,1.0,0.0,0.0,0.0,0,0,0,0,0,0,False,True,True,False
Without Q-Learning,4,36,A,10.0,6,44.44444444444444,55.55555555555556,0.0,60,-18,3,Normal,1.0,0.0,0.0,0.0,0,0,0,3,0,0,False,True,True,False
Without Q-Learning,4,37,P,-10.0,7,43.24324324324324,56.75675675675676,0.0,78,18,4,Hard,1.0,0.0,0.0,0.0,0,0,0,1,0,0,False,True,True,False
Without Q-Learning,4,38,P,-10.0,9,42.10526315789474,57.89473684210526,0.0,96,18,5,Expert,1.0,0.0,0.0,0.0,0,0,0,2,0,0,False,True,True,False
Without Q-Learning,4,39,A,10.0,6,43.58974358974359,56.41025641025641,0.0,78,-18,4,Hard,1.0,0.0,0.0,0.0,0,0,0,3,0,0,False,True,True,False
Without Q-Learning,4,40,P,-10.0,5,42.5,57.5,0.0,78,0,4,Hard,1.0,0.0,0.0,0.0,0,0,0,1,0,0,False,True,True,False
Without Q-Learning,4,41,A,10.0,6,43.90243902439025,56.09756097560975,0.0,60,-18,3,Normal,1.0,0.0,0.0,0.0,0,0,0,2,0,0,False,True,True,False
Without Q-Learning,4,42,A,10.0,6,45.23809523809524,54.76190476190476,0.0,42,-18,2,Easy,1.0,0.0,0.0,0.0,0,0,0,3,0,0,False,True,True,False
Without Q-Learning,4,43,P,-10.0,9,44.18604651162791,55.81395348837209,0.0,60,18,3,Normal,1.0,0.0,0.0,0.0,0,0,0,0,0,0,False,True,True,False
Without Q-Learning,4,44,A,10.0,8,45.45454545454545,54.54545454545455,0.0,60,0,3,Normal,1.0,0.0,0.0,0.0,0,0,0,3,0,0,False,True,True,False
Without Q-Learning,4,45,P,-10.0,7,44.44444444444444,55.55555555555556,0.0,60,0,3,Normal,1.0,0.0,0.0,0.0,0,0,0,0,0,0,False,True,True,False
Without Q-Learning,4,46,P,-10.0,9,43.47826086956522,56.52173913043478,0.0,78,18,4,Hard,1.0,0.0,0.0,0.0,0,0,0,2,0,0,False,True,True,False
Without Q-Learning,4,47,P,-10.0,7,42.5531914893617,57.4468085106383,0.0,78,0,4,Hard,1.0,0.0,0.0,0.0,0,0,0,0,0,0,False,True,True,False
Without Q-Learning,4,48,A,10.0,8,43.75,56.25,0.0,60,-18,3,Normal,1.0,0.0,0.0,0.0,0,0,0,3,0,0,False,True,True,False
Without Q-Learning,4,49,A,10.0,6,44.89795918367347,55.10204081632653,0.0,60,0,3,Normal,1.0,0.0,0.0,0.0,0,0,0,3,0,0,False,True,True,False
Without Q-Learning,4,50,P,-10.0,5,44.0,56.0,0.0,60,0,3,Normal,1.0,0.0,0.0,0.0,0,0,0,0,0,0,False,True,True,False
Without Q-Learning,4,51,P,-10.0,9,43.13725490196079,56.86274509803921,0.0,78,18,4,Hard,1.0,0.0,0.0,0.0,0,0,0,1,0,0,False,True,True,False
Without Q-Learning,4,52,P,-10.0,5,42.30769230769231,57.69230769230769,0.0,96,18,5,Expert,1.0,0.0,0.0,0.0,0,0,0,1,0,0,False,True,True,False
Without Q-Learning,4,53,A,10.0,6,43.39622641509434,56.60377358490566,0.0,78,-18,4,Hard,1.0,0.0,0.0,0.0,0,0,0,3,0,0,False,True,True,False
Without Q-Learning,4,54,P,-10.0,9,42.592592592592595,57.407407407407405,0.0,96,18,5,Expert,1.0,0.0,0.0,0.0,0,0,0,4,0,0,False,True,True,False
Without Q-Learning,4,55,A,10.0,6,43.63636363636363,56.36363636363637,0.0,78,-18,4,Hard,1.0,0.0,0.0,0.0,0,0,0,3,0,0,False,True,True,False
Without Q-Learning,4,56,A,10.0,6,44.642857142857146,55.357142857142854,0.0,60,-18,3,Normal,1.0,0.0,0.0,0.0,0,0,0,2,0,0,False,True,True,False
Without Q-Learning,4,57,A,10.0,8,45.6140350877193,54.3859649122807,0.0,42,-18,2,Easy,1.0,0.0,0.0,0.0,0,0,0,1,0,0,False,True,True,False
Without Q-Learning,4,58,P,-10.0,5,44.827586206896555,55.172413793103445,0.0,60,18,3,Normal,1.0,0.0,0.0,0.0,0,0,0,0,0,0,False,True,True,False
Without Q-Learning,4,59,A,10.0,10,45.76271186440678,54.23728813559322,0.0,60,0,3,Normal,1.0,0.0,0.0,0.0,0,0,0,2,0,0,False,True,True,False
Without Q-Learning,4,60,P,-10.0,7,45.0,55.0,0.0,60,0,3,Normal,1.0,0.0,0.0,0.0,0,0,0,2,0,0,False,True,True,False
Without Q-Learning,4,61,P,-10.0,5,44.26229508196721,55.73770491803279,0.0,60,0,3,Normal,1.0,0.0,0.0,0.0,0,0,0,0,0,0,False,True,True,False
Without Q-Learning,4,62,A,10.0,10,45.16129032258065,54.83870967741935,0.0,42,-18,2,Easy,1.0,0.0,0.0,0.0,0,0,0,2,0,0,False,True,True,False
Without Q-Learning,4,63,P,-10.0,5,44.44444444444444,55.55555555555556,0.0,60,18,3,Normal,1.0,0.0,0.0,0.0,0,0,0,0,0,0,False,True,True,False
Without Q-Learning,4,64,P,-10.0,5,43.75,56.25,0.0,60,0,3,Normal,1.0,0.0,0.0,0.0,0,0,0,0,0,0,False,True,True,False
Without Q-Learning,4,65,P,-10.0,5,43.07692307692308,56.92307692307692,0.0,78,18,4,Hard,1.0,0.0,0.0,0.0,0,0,0,0,0,0,False,True,True,False
Without Q-Learning,4,66,P,-10.0,5,42.42424242424242,57.57575757575758,0.0,96,18,5,Expert,1.0,0.0,0.0,0.0,0,0,0,1,0,0,False,True,True,False
Without Q-Learning,4,67,P,-10.0,9,41.791044776119406,58.208955223880594,0.0,100,4,5,Expert,1.0,0.0,0.0,0.0,0,0,0,4,0,0,False,True,True,False
Without Q-Learning,4,68,P,-10.0,5,41.1764705882353,58.8235294117647,0.0,100,0,5,Expert,1.0,0.0,0.0,0.0,0,0,0,1,0,0,False,True,True,False
Without Q-Learning,4,69,A,10.0,6,42.028985507246375,57.971014492753625,0.0,100,0,5,Expert,1.0,0.0,0.0,0.0,0,0,0,3,0,0,False,True,True,False
Without Q-Learning,4,70,A,10.0,6,42.857142857142854,57.142857142857146,0.0,96,-4,5,Expert,1.0,0.0,0.0,0.0,0,0,0,3,0,0,False,True,True,False
Without Q-Learning,4,71,A,10.0,6,43.66197183098591,56.33802816901409,0.0,78,-18,4,Hard,1.0,0.0,0.0,0.0,0,0,0,3,0,0,False,True,True,False
Without Q-Learning,4,72,P,-10.0,7,43.05555555555556,56.94444444444444,0.0,96,18,5,Expert,1.0,0.0,0.0,0.0,0,0,0,1,0,0,False,True,True,False
Without Q-Learning,4,73,A,10.0,8,43.83561643835616,56.16438356164384,0.0,78,-18,4,Hard,1.0,0.0,0.0,0.0,0,0,0,3,0,0,False,True,True,False
Without Q-Learning,4,74,P,-10.0,7,43.24324324324324,56.75675675675676,0.0,78,0,4,Hard,1.0,0.0,0.0,0.0,0,0,0,2,0,0,False,True,True,False
Without Q-Learning,4,75,A,10.0,6,44.0,56.0,0.0,60,-18,3,Normal,1.0,0.0,0.0,0.0,0,0,0,3,0,0,False,True,True,False
Without Q-Learning,4,76,P,-10.0,7,43.421052631578945,56.578947368421055,0.0,60,0,3,Normal,1.0,0.0,0.0,0.0,0,0,0,0,0,0,False,True,True,False
Without Q-Learning,4,77,P,-10.0,9,42.857142857142854,57.142857142857146,0.0,60,0,3,Normal,1.0,0.0,0.0,0.0,0,0,0,1,0,0,False,True,True,False
Without Q-Learning,4,78,A,10.0,6,43.58974358974359,56.41025641025641,0.0,42,-18,2,Easy,1.0,0.0,0.0,0.0,0,0,0,3,0,0,False,True,True,False
Without Q-Learning,4,79,P,-10.0,5,43.037974683544306,56.962025316455694,0.0,60,18,3,Normal,1.0,0.0,0.0,0.0,0,0,0,0,0,0,False,True,True,False
Without Q-Learning,4,80,P,-10.0,7,42.5,57.5,0.0,78,18,4,Hard,1.0,0.0,0.0,0.0,0,0,0,0,0,0,False,True,True,False
Without Q-Learning,4,81,P,-10.0,5,41.97530864197531,58.02469135802469,0.0,96,18,5,Expert,1.0,0.0,0.0,0.0,0,0,0,0,0,0,False,True,True,False
Without Q-Learning,4,82,P,-10.0,5,41.46341463414634,58.53658536585366,0.0,96,0,5,Expert,1.0,0.0,0.0,0.0,0,0,0,1,0,0,False,True,True,False
Without Q-Learning,4,83,A,10.0,8,42.16867469879518,57.83132530120482,0.0,96,0,5,Expert,1.0,0.0,0.0,0.0,0,0,0,3,0,0,False,True,True,False
Without Q-Learning,4,84,A,10.0,8,42.857142857142854,57.142857142857146,0.0,78,-18,4,Hard,1.0,0.0,0.0,0.0,0,0,0,4,0,0,False,True,True,False
Without Q-Learning,4,85,A,10.0,6,43.529411764705884,56.470588235294116,0.0,78,0,4,Hard,1.0,0.0,0.0,0.0,0,0,0,3,0,0,False,True,True,False
Without Q-Learning,4,86,P,-10.0,5,43.02325581395349,56.97674418604651,0.0,78,0,4,Hard,1.0,0.0,0.0,0.0,0,0,0,1,0,0,False,True,True,False
Without Q-Learning,4,87,A,10.0,8,43.67816091954023,56.32183908045977,0.0,60,-18,3,Normal,1.0,0.0,0.0,0.0,0,0,0,3,0,0,False,True,True,False
Without Q-Learning,4,88,P,-10.0,5,43.18181818181818,56.81818181818182,0.0,78,18,4,Hard,1.0,0.0,0.0,0.0,0,0,0,0,0,0,False,True,True,False
Without Q-Learning,4,89,P,-10.0,7,42.69662921348315,57.30337078651685,0.0,78,0,4,Hard,1.0,0.0,0.0,0.0,0,0,0,0,0,0,False,True,True,False
Without Q-Learning,4,90,A,10.0,6,43.333333333333336,56.666666666666664,0.0,60,-18,3,Normal,1.0,0.0,0.0,0.0,0,0,0,3,0,0,False,True,True,False
Without Q-Learning,4,91,P,-10.0,9,42.857142857142854,57.142857142857146,0.0,60,0,3,Normal,1.0,0.0,0.0,0.0,0,0,0,2,0,0,False,True,True,False
Without Q-Learning,4,92,P,-10.0,9,42.391304347826086,57.608695652173914,0.0,60,0,3,Normal,1.0,0.0,0.0,0.0,0,0,0,1,0,0,False,True,True,False
Without Q-Learning,4,93,P,-10.0,9,41.935483870967744,58.064516129032256,0.0,78,18,4,Hard,1.0,0.0,0.0,0.0,0,0,0,2,0,0,False,True,True,False
Without Q-Learning,4,94,A,10.0,8,42.5531914893617,57.4468085106383,0.0,78,0,4,Hard,1.0,0.0,0.0,0.0,0,0,0,3,0,0,False,True,True,False
Without Q-Learning,4,95,P,-10.0,5,42.10526315789474,57.89473684210526,0.0,96,18,5,Expert,1.0,0.0,0.0,0.0,0,0,0,1,0,0,False,True,True,False
Without Q-Learning,4,96,P,-10.0,7,41.666666666666664,58.333333333333336,0.0,96,0,5,Expert,1.0,0.0,0.0,0.0,0,0,0,2,0,0,False,True,True,False
Without Q-Learning,4,97,P,-10.0,7,41.23711340206186,58.76288659793814,0.0,100,4,5,Expert,1.0,0.0,0.0,0.0,0,0,0,3,0,0,False,True,True,False
Without Q-Learning,4,98,A,10.0,6,41.83673469387755,58.16326530612245,0.0,96,-4,5,Expert,1.0,0.0,0.0,0.0,0,0,0,3,0,0,False,True,True,False
Without Q-Learning,4,99,A,10.0,6,42.42424242424242,57.57575757575758,0.0,78,-18,4,Hard,1.0,0.0,0.0,0.0,0,0,0,3,0,0,False,True,True,False
Without Q-Learning,4,100,A,10.0,10,43.0,57.0,0.0,78,0,4,Hard,1.0,0.0,0.0,0.0,0,0,0,2,0,0,False,True,True,False
Without Q-Learning,5,1,P,-10.0,5,0.0,100.0,0.0,60,10,1,Very Easy,1.0,0.0,0.0,0.0,0,0,0,0,0,0,False,True,True,False
Without Q-Learning,5,2,P,-10.0,5,0.0,100.0,0.0,70,10,1,Very Easy,1.0,0.0,0.0,0.0,0,0,0,0,0,0,False,True,True,False
Without Q-Learning,5,3,P,-10.0,7,0.0,100.0,0.0,80,10,5,Expert,1.0,0.0,0.0,0.0,0,0,0,0,0,0,False,True,True,False
Without Q-Learning,5,4,A,10.0,6,25.0,75.0,0.0,72,-8,4,Hard,1.0,0.0,0.0,0.0,0,0,0,3,0,0,False,True,True,False
Without Q-Learning,5,5,P,-10.0,7,20.0,80.0,0.0,82,10,5,Expert,1.0,0.0,0.0,0.0,0,0,0,2,0,0,False,True,True,False
Without Q-Learning,5,6,P,-10.0,5,16.666666666666668,83.33333333333333,0.0,92,10,5,Expert,1.0,0.0,0.0,0.0,0,0,0,2,0,0,False,True,True,False
Without Q-Learning,5,7,P,-10.0,5,14.285714285714286,85.71428571428571,0.0,100,8,5,Expert,1.0,0.0,0.0,0.0,0,0,0,1,0,0,False,True,True,False
Without Q-Learning,5,8,A,10.0,6,25.0,75.0,0.0,94,-6,5,Expert,1.0,0.0,0.0,0.0,0,0,0,2,0,0,False,True,True,False
Without Q-Learning,5,9,A,10.0,6,33.333333333333336,66.66666666666667,0.0,86,-8,5,Expert,1.0,0.0,0.0,0.0,0,0,0,3,0,0,False,True,True,False
Without Q-Learning,5,10,A,10.0,6,40.0,60.0,0.0,78,-8,4,Hard,1.0,0.0,0.0,0.0,0,0,0,3,0,0,False,True,True,False
Without Q-Learning,5,11,A,10.0,6,45.45454545454545,54.54545454545455,0.0,60,-18,3,Normal,1.0,0.0,0.0,0.0,0,0,0,3,0,0,False,True,True,False
Without Q-Learning,5,12,A,10.0,10,50.0,50.0,0.0,42,-18,2,Easy,1.0,0.0,0.0,0.0,0,0,0,3,0,0,False,True,True,False
Without Q-Learning,5,13,P,-10.0,5,46.15384615384615,53.84615384615385,0.0,42,0,2,Easy,1.0,0.0,0.0,0.0,0,0,0,0,0,0,False,True,True,False
Without Q-Learning,5,14,P,-10.0,9,42.857142857142854,57.142857142857146,0.0,60,18,3,Normal,1.0,0.0,0.0,0.0,0,0,0,0,0,0,False,True,True,False
Without Q-Learning,5,15,P,-10.0,5,40.0,60.0,0.0,60,0,3,Normal,1.0,0.0,0.0,0.0,0,0,0,1,0,0,False,True,True,False
Without Q-Learning,5,16,A,10.0,6,43.75,56.25,0.0,42,-18,2,Easy,1.0,0.0,0.0,0.0,0,0,0,2,0,0,False,True,True,False
Without Q-Learning,5,17,P,-10.0,9,41.1764705882353,58.8235294117647,0.0,42,0,2,Easy,1.0,0.0,0.0,0.0,0,0,0,0,0,0,False,True,True,False
Without Q-Learning,5,18,P,-10.0,7,38.888888888888886,61.111111111111114,0.0,60,18,3,Normal,1.0,0.0,0.0,0.0,0,0,0,1,0,0,False,True,True,False
Without Q-Learning,5,19,P,-10.0,7,36.8421052631579,63.1578947368421,0.0,78,18,4,Hard,1.0,0.0,0.0,0.0,0,0,0,1,0,0,False,True,True,False
Without Q-Learning,5,20,A,10.0,8,40.0,60.0,0.0,78,0,4,Hard,1.0,0.0,0.0,0.0,0,0,0,4,0,0,False,True,True,False
Without Q-Learning,5,21,P,-10.0,5,38.095238095238095,61.904761904761905,0.0,96,18,5,Expert,1.0,0.0,0.0,0.0,0,0,0,1,0,0,False,True,True,False
Without Q-Learning,5,22,A,10.0,6,40.90909090909091,59.09090909090909,0.0,96,0,5,Expert,1.0,0.0,0.0,0.0,0,0,0,3,0,0,False,True,True,False
Without Q-Learning,5,23,A,10.0,6,43.47826086956522,56.52173913043478,0.0,78,-18,4,Hard,1.0,0.0,0.0,0.0,0,0,0,2,0,0,False,True,True,False
Without Q-Learning,5,24,A,10.0,8,45.833333333333336,54.166666666666664,0.0,60,-18,3,Normal,1.0,0.0,0.0,0.0,0,0,0,2,0,0,False,True,True,False
Without Q-Learning,5,25,P,-10.0,7,44.0,56.0,0.0,60,0,3,Normal,1.0,0.0,0.0,0.0,0,0,0,0,0,0,False,True,True,False
Without Q-Learning,5,26,P,-10.0,5,42.30769230769231,57.69230769230769,0.0,78,18,4,Hard,1.0,0.0,0.0,0.0,0,0,0,0,0,0,False,True,True,False
Without Q-Learning,5,27,P,-10.0,7,40.74074074074074,59.25925925925926,0.0,78,0,4,Hard,1.0,0.0,0.0,0.0,0,0,0,1,0,0,False,True,True,False
Without Q-Learning,5,28,P,-10.0,7,39.285714285714285,60.714285714285715,0.0,78,0,4,Hard,1.0,0.0,0.0,0.0,0,0,0,1,0,0,False,True,True,False
Without Q-Learning,5,29,A,10.0,8,41.37931034482759,58.62068965517241,0.0,60,-18,3,Normal,1.0,0.0,0.0,0.0,0,0,0,3,0,0,False,True,True,False
Without Q-Learning,5,30,A,10.0,8,43.333333333333336,56.666666666666664,0.0,60,0,3,Normal,1.0,0.0,0.0,0.0,0,0,0,2,0,0,False,True,True,False
Without Q-Learning,5,31,P,-10.0,5,41.935483870967744,58.064516129032256,0.0,60,0,3,Normal,1.0,0.0,0.0,0.0,0,0,0,1,0,0,False,True,True,False
Without Q-Learning,5,32,P,-10.0,7,40.625,59.375,0.0,78,18,4,Hard,1.0,0.0,0.0,0.0,0,0,0,1,0,0,False,True,True,False
Without Q-Learning,5,33,A,10.0,8,42.42424242424242,57.57575757575758,0.0,78,0,4,Hard,1.0,0.0,0.0,0.0,0,0,0,2,0,0,False,True,True,False
Without Q-Learning,5,34,A,10.0,6,44.11764705882353,55.88235294117647,0.0,78,0,4,Hard,1.0,0.0,0.0,0.0,0,0,0,3,0,0,False,True,True,False
Without Q-Learning,5,35,P,-10.0,7,42.857142857142854,57.142857142857146,0.0,78,0,4,Hard,1.0,0.0,0.0,0.0,0,0,0,1,0,0,False,True,True,False
Without Q-Learning,5,36,P,-10.0,9,41.666666666666664,58.333333333333336,0.0,78,0,4,Hard,1.0,0.0,0.0,0.0,0,0,0,2,0,0,False,True,True,False
Without Q-Learning,5,37,P,-10.0,5,40.54054054054054,59.45945945945946,0.0,78,0,4,Hard,1.0,0.0,0.0,0.0,0,0,0,0,0,0,False,True,True,False
Without Q-Learning,5,38,A,10.0,6,42.10526315789474,57.89473684210526,0.0,60,-18,3,Normal,1.0,0.0,0.0,0.0,0,0,0,3,0,0,False,True,True,False
Without Q-Learning,5,39,P,-10.0,5,41.02564102564103,58.97435897435897,0.0,78,18,4,Hard,1.0,0.0,0.0,0.0,0,0,0,0,0,0,False,True,True,False
Without Q-Learning,5,40,A,10.0,10,42.5,57.5,0.0,78,0,4,Hard,1.0,0.0,0.0,0.0,0,0,0,4,0,0,False,True,True,False
Without Q-Learning,5,41,A,10.0,8,43.90243902439025,56.09756097560975,0.0,60,-18,3,Normal,1.0,0.0,0.0,0.0,0,0,0,3,0,0,False,True,True,False
Without Q-Learning,5,42,P,-10.0,9,42.857142857142854,57.142857142857146,0.0,60,0,3,Normal,1.0,0.0,0.0,0.0,0,0,0,2,0,0,False,True,True,False
Without Q-Learning,5,43,P,-10.0,5,41.86046511627907,58.13953488372093,0.0,78,18,4,Hard,1.0,0.0,0.0,0.0,0,0,0,0,0,0,False,True,True,False
Without Q-Learning,5,44,P,-10.0,7,40.90909090909091,59.09090909090909,0.0,96,18,5,Expert,1.0,0.0,0.0,0.0,0,0,0,3,0,0,False,True,True,False
Without Q-Learning,5,45,A,10.0,6,42.22222222222222,57.77777777777778,0.0,78,-18,4,Hard,1.0,0.0,0.0,0.0,0,0,0,3,0,0,False,True,True,False
Without Q-Learning,5,46,A,10.0,6,43.47826086956522,56.52173913043478,0.0,60,-18,3,Normal,1.0,0.0,0.0,0.0,0,0,0,2,0,0,False,True,True,False
Without Q-Learning,5,47,P,-10.0,7,42.5531914893617,57.4468085106383,0.0,60,0,3,Normal,1.0,0.0,0.0,0.0,0,0,0,2,0,0,False,True,True,False
Without Q-Learning,5,48,P,-10.0,7,41.666666666666664,58.333333333333336,0.0,78,18,4,Hard,1.0,0.0,0.0,0.0,0,0,0,1,0,0,False,True,True,False
Without Q-Learning,5,49,P,-10.0,7,40.816326530612244,59.183673469387756,0.0,78,0,4,Hard,1.0,0.0,0.0,0.0,0,0,0,2,0,0,False,True,True,False
Without Q-Learning,5,50,P,-10.0,7,40.0,60.0,0.0,96,18,5,Expert,1.0,0.0,0.0,0.0,0,0,0,2,0,0,False,True,True,False
Without Q-Learning,5,51,P,-10.0,7,39.21568627450981,60.78431372549019,0.0,100,4,5,Expert,1.0,0.0,0.0,0.0,0,0,0,3,0,0,False,True,True,False
Without Q-Learning,5,52,A,10.0,6,40.38461538461539,59.61538461538461,0.0,96,-4,5,Expert,1.0,0.0,0.0,0.0,0,0,0,3,0,0,False,True,True,False
Without Q-Learning,5,53,A,10.0,6,41.509433962264154,58.490566037735846,0.0,78,-18,4,Hard,1.0,0.0,0.0,0.0,0,0,0,3,0,0,False,True,True,False
Without Q-Learning,5,54,P,-10.0,7,40.74074074074074,59.25925925925926,0.0,78,0,4,Hard,1.0,0.0,0.0,0.0,0,0,0,2,0,0,False,True,True,False
Without Q-Learning,5,55,A,10.0,6,41.81818181818182,58.18181818181818,0.0,78,0,4,Hard,1.0,0.0,0.0,0.0,0,0,0,3,0,0,False,True,True,False
Without Q-Learning,5,56,P,-10.0,9,41.07142857142857,58.92857142857143,0.0,96,18,5,Expert,1.0,0.0,0.0,0.0,0,0,0,3,0,0,False,True,True,False
Without Q-Learning,5,57,A,10.0,6,42.10526315789474,57.89473684210526,0.0,78,-18,4,Hard,1.0,0.0,0.0,0.0,0,0,0,3,0,0,False,True,True,False
Without Q-Learning,5,58,A,10.0,6,43.10344827586207,56.89655172413793,0.0,60,-18,3,Normal,1.0,0.0,0.0,0.0,0,0,0,3,0,0,False,True,True,False
Without Q-Learning,5,59,P,-10.0,9,42.3728813559322,57.6271186440678,0.0,60,0,3,Normal,1.0,0.0,0.0,0.0,0,0,0,1,0,0,False,True,True,False
Without Q-Learning,5,60,P,-10.0,11,41.666666666666664,58.333333333333336,0.0,60,0,3,Normal,1.0,0.0,0.0,0.0,0,0,0,0,0,0,False,True,True,False
Without Q-Learning,5,61,P,-10.0,5,40.98360655737705,59.01639344262295,0.0,60,0,3,Normal,1.0,0.0,0.0,0.0,0,0,0,0,0,0,False,True,True,False
Without Q-Learning,5,62,P,-10.0,7,40.32258064516129,59.67741935483871,0.0,78,18,4,Hard,1.0,0.0,0.0,0.0,0,0,0,0,0,0,False,True,True,False
Without Q-Learning,5,63,A,10.0,6,41.26984126984127,58.73015873015873,0.0,78,0,4,Hard,1.0,0.0,0.0,0.0,0,0,0,3,0,0,False,True,True,False
Without Q-Learning,5,64,P,-10.0,5,40.625,59.375,0.0,78,0,4,Hard,1.0,0.0,0.0,0.0,0,0,0,1,0,0,False,True,True,False
Without Q-Learning,5,65,P,-10.0,7,40.0,60.0,0.0,96,18,5,Expert,1.0,0.0,0.0,0.0,0,0,0,1,0,0,False,True,True,False
Without Q-Learning,5,66,A,10.0,6,40.90909090909091,59.09090909090909,0.0,78,-18,4,Hard,1.0,0.0,0.0,0.0,0,0,0,3,0,0,False,True,True,False
Without Q-Learning,5,67,P,-10.0,5,40.298507462686565,59.701492537313435,0.0,96,18,5,Expert,1.0,0.0,0.0,0.0,0,0,0,0,0,0,False,True,True,False
Without Q-Learning,5,68,A,10.0,8,41.1764705882353,58.8235294117647,0.0,96,0,5,Expert,1.0,0.0,0.0,0.0,0,0,0,4,0,0,False,True,True,False
Without Q-Learning,5,69,A,10.0,8,42.028985507246375,57.971014492753625,0.0,78,-18,4,Hard,1.0,0.0,0.0,0.0,0,0,0,3,0,0,False,True,True,False
Without Q-Learning,5,70,A,10.0,6,42.857142857142854,57.142857142857146,0.0,60,-18,3,Normal,1.0,0.0,0.0,0.0,0,0,0,2,0,0,False,True,True,False
Without Q-Learning,5,71,A,10.0,6,43.66197183098591,56.33802816901409,0.0,42,-18,2,Easy,1.0,0.0,0.0,0.0,0,0,0,2,0,0,False,True,True,False
Without Q-Learning,5,72,P,-10.0,7,43.05555555555556,56.94444444444444,0.0,42,0,2,Easy,1.0,0.0,0.0,0.0,0,0,0,0,0,0,False,True,True,False
Without Q-Learning,5,73,P,-10.0,7,42.465753424657535,57.534246575342465,0.0,60,18,3,Normal,1.0,0.0,0.0,0.0,0,0,0,0,0,0,False,True,True,False
Without Q-Learning,5,74,P,-10.0,5,41.891891891891895,58.108108108108105,0.0,60,0,3,Normal,1.0,0.0,0.0,0.0,0,0,0,0,0,0,False,True,True,False
Without Q-Learning,5,75,P,-10.0,5,41.333333333333336,58.666666666666664,0.0,60,0,3,Normal,1.0,0.0,0.0,0.0,0,0,0,0,0,0,False,True,True,False
Without Q-Learning,5,76,P,-10.0,7,40.78947368421053,59.21052631578947,0.0,78,18,4,Hard,1.0,0.0,0.0,0.0,0,0,0,0,0,0,False,True,True,False
Without Q-Learning,5,77,P,-10.0,7,40.25974025974026,59.74025974025974,0.0,78,0,4,Hard,1.0,0.0,0.0,0.0,0,0,0,2,0,0,False,True,True,False
Without Q-Learning,5,78,A,10.0,6,41.02564102564103,58.97435897435897,0.0,78,0,4,Hard,1.0,0.0,0.0,0.0,0,0,0,3,0,0,False,True,True,False
Without Q-Learning,5,79,P,-10.0,9,40.50632911392405,59.49367088607595,0.0,96,18,5,Expert,1.0,0.0,0.0,0.0,0,0,0,2,0,0,False,True,True,False
Without Q-Learning,5,80,P,-10.0,5,40.0,60.0,0.0,100,4,5,Expert,1.0,0.0,0.0,0.0,0,0,0,1,0,0,False,True,True,False
Without Q-Learning,5,81,A,10.0,6,40.74074074074074,59.25925925925926,0.0,100,0,5,Expert,1.0,0.0,0.0,0.0,0,0,0,3,0,0,False,True,True,False
Without Q-Learning,5,82,P,-10.0,5,40.24390243902439,59.75609756097561,0.0,100,0,5,Expert,1.0,0.0,0.0,0.0,0,0,0,2,0,0,False,True,True,False
Without Q-Learning,5,83,A,10.0,8,40.963855421686745,59.036144578313255,0.0,96,-4,5,Expert,1.0,0.0,0.0,0.0,0,0,0,3,0,0,False,True,True,False
Without Q-Learning,5,84,A,10.0,6,41.666666666666664,58.333333333333336,0.0,78,-18,4,Hard,1.0,0.0,0.0,0.0,0,0,0,3,0,0,False,True,True,False
Without Q-Learning,5,85,A,10.0,6,42.35294117647059,57.64705882352941,0.0,60,-18,3,Normal,1.0,0.0,0.0,0.0,0,0,0,3,0,0,False,True,True,False
Without Q-Learning,5,86,P,-10.0,5,41.86046511627907,58.13953488372093,0.0,60,0,3,Normal,1.0,0.0,0.0,0.0,0,0,0,1,0,0,False,True,True,False
Without Q-Learning,5,87,P,-10.0,7,41.37931034482759,58.62068965517241,0.0,60,0,3,Normal,1.0,0.0,0.0,0.0,0,0,0,1,0,0,False,True,True,False
Without Q-Learning,5,88,P,-10.0,7,40.90909090909091,59.09090909090909,0.0,78,18,4,Hard,1.0,0.0,0.0,0.0,0,0,0,1,0,0,False,True,True,False
Without Q-Learning,5,89,P,-10.0,5,40.449438202247194,59.550561797752806,0.0,78,0,4,Hard,1.0,0.0,0.0,0.0,0,0,0,2,0,0,False,True,True,False
Without Q-Learning,5,90,A,10.0,6,41.111111111111114,58.888888888888886,0.0,60,-18,3,Normal,1.0,0.0,0.0,0.0,0,0,0,3,0,0,False,True,True,False
Without Q-Learning,5,91,P,-10.0,5,40.65934065934066,59.34065934065934,0.0,78,18,4,Hard,1.0,0.0,0.0,0.0,0,0,0,0,0,0,False,True,True,False
Without Q-Learning,5,92,P,-10.0,9,40.21739130434783,59.78260869565217,0.0,78,0,4,Hard,1.0,0.0,0.0,0.0,0,0,0,2,0,0,False,True,True,False
Without Q-Learning,5,93,P,-10.0,7,39.784946236559136,60.215053763440864,0.0,96,18,5,Expert,1.0,0.0,0.0,0.0,0,0,0,2,0,0,False,True,True,False
Without Q-Learning,5,94,A,10.0,6,40.42553191489362,59.57446808510638,0.0,96,0,5,Expert,1.0,0.0,0.0,0.0,0,0,0,3,0,0,False,True,True,False
Without Q-Learning,5,95,A,10.0,6,41.05263157894737,58.94736842105263,0.0,96,0,5,Expert,1.0,0.0,0.0,0.0,0,0,0,3,0,0,False,True,True,False
Without Q-Learning,5,96,A,10.0,6,41.666666666666664,58.333333333333336,0.0,78,-18,4,Hard,1.0,0.0,0.0,0.0,0,0,0,3,0,0,False,True,True,False
Without Q-Learning,5,97,P,-10.0,5,41.23711340206186,58.76288659793814,0.0,78,0,4,Hard,1.0,0.0,0.0,0.0,0,0,0,1,0,0,False,True,True,False
Without Q-Learning,5,98,A,10.0,8,41.83673469387755,58.16326530612245,0.0,60,-18,3,Normal,1.0,0.0,0.0,0.0,0,0,0,3,0,0,False,True,True,False
Without Q-Learning,5,99,P,-10.0,5,41.41414141414141,58.58585858585859,0.0,60,0,3,Normal,1.0,0.0,0.0,0.0,0,0,0,1,0,0,False,True,True,False
Without Q-Learning,5,100,P,-10.0,5,41.0,59.0,0.0,78,18,4,Hard,1.0,0.0,0.0,0.0,0,0,0,0,0,0,False,True,True,False
