model,seed,episode,result,reward,move_count,agent_win_rate,player_win_rate,draw_rate,skill,skill_change,difficulty,difficulty_name,epsilon,effective_epsilon,avg_q_change,max_q_change,q_updates,episode_q_updates,learned_states,tactical_moves,epsilon_moves,q_policy_moves,use_q_learning,use_tactical,use_adaptive,use_epsilon
Full Model,1,1,A,10.0,10,100.0,0.0,0.0,42,-8,1,Very Easy,0.95,1.0,0.6,3.0,5,5,5,0,5,0,True,True,True,True
Full Model,1,2,P,-10.0,7,50.0,50.0,0.0,52,10,1,Very Easy,0.9025,1.0,1.0,3.0,8,3,8,0,3,0,True,True,True,True
Full Model,1,3,P,-10.0,7,33.333333333333336,66.66666666666667,0.0,62,10,3,Normal,0.8573749999999999,0.6859,1.0,3.0,11,3,11,0,3,0,True,True,True,True
Full Model,1,4,A,10.0,8,50.0,50.0,0.0,54,-8,3,Normal,0.8145062499999999,0.651605,0.75,3.0,15,4,14,2,1,1,True,True,True,True
Full Model,1,5,P,-10.0,9,40.0,60.0,0.0,64,10,3,Normal,0.7737809374999999,0.6190247499999999,0.75,3.0,19,4,18,1,2,1,True,True,True,True
Full Model,1,6,A,10.0,10,50.0,50.0,0.0,56,-8,3,Normal,0.7350918906249998,0.5880735124999998,0.6,3.0,24,5,23,0,3,2,True,True,True,True
Full Model,1,7,P,-10.0,7,42.857142857142854,57.142857142857146,0.0,66,10,4,Hard,0.6983372960937497,0.34916864804687486,1.0,3.0,27,3,25,0,1,2,True,True,True,True
Full Model,1,8,A,10.0,6,50.0,50.0,0.0,58,-8,3,Normal,0.6634204312890623,0.5307363450312498,1.0,3.0,30,3,27,2,0,1,True,True,True,True
Full Model,1,9,P,-10.0,9,44.44444444444444,55.55555555555556,0.0,68,10,4,Hard,0.6302494097246091,0.31512470486230454,0.75,3.0,34,4,31,0,3,1,True,True,True,True
Full Model,1,10,A,10.0,6,50.0,50.0,0.0,60,-8,3,Normal,0.5987369392383786,0.4789895513907029,1.0,3.0,37,3,34,2,0,1,True,True,True,True
Full Model,1,11,A,10.0,10,54.54545454545455,45.45454545454545,0.0,60,0,3,Normal,0.5688000922764596,0.4550400738211677,0.6,3.0,42,5,38,2,3,0,True,True,True,True
Full Model,1,12,A,10.0,10,58.333333333333336,41.666666666666664,0.0,42,-18,2,Easy,0.5403600876626365,0.5943960964289002,0.6,3.0,47,5,43,3,2,0,True,True,True,True
Full Model,1,13,P,-10.0,5,53.84615384615385,46.15384615384615,0.0,42,0,2,Easy,0.5133420832795047,0.5646762916074552,1.5,3.0,49,2,45,0,1,1,True,True,True,True
Full Model,1,14,A,10.0,6,57.142857142857146,42.857142857142854,0.0,42,0,2,Easy,0.48767497911552943,0.5364424770270824,1.0,3.0,52,3,47,1,1,1,True,True,True,True
Full Model,1,15,A,10.0,8,60.0,40.0,0.0,24,-18,1,Very Easy,0.46329123015975293,0.6254431607156665,0.75,3.0,56,4,51,2,1,1,True,True,True,True
Full Model,1,16,P,-10.0,7,56.25,43.75,0.0,42,18,2,Easy,0.44012666865176525,0.4841393355169418,1.0,3.0,59,3,53,0,2,1,True,True,True,True
Full Model,1,17,A,10.0,10,58.8235294117647,41.1764705882353,0.0,24,-18,1,Very Easy,0.41812033521917696,0.5644624525458889,0.6,3.0,64,5,57,0,2,3,True,True,True,True
Full Model,1,18,A,10.0,8,61.111111111111114,38.888888888888886,0.0,24,0,1,Very Easy,0.3972143184582181,0.5362393299185945,0.75,3.0,68,4,60,0,2,2,True,True,True,True
Full Model,1,19,P,-10.0,9,57.89473684210526,42.10526315789474,0.0,24,0,1,Very Easy,0.37735360253530714,0.5094273634226647,0.75,3.0,72,4,63,0,2,2,True,True,True,True
Full Model,1,20,A,10.0,14,60.0,40.0,0.0,24,0,1,Very Easy,0.35848592240854177,0.48395599525153143,0.42857142857142855,3.0,79,7,69,1,5,1,True,True,True,True
Full Model,1,21,A,10.0,8,61.904761904761905,38.095238095238095,0.0,24,0,1,Very Easy,0.34056162628811465,0.4597581954889548,0.75,3.0,83,4,73,1,2,1,True,True,True,True
Full Model,1,22,A,10.0,8,63.63636363636363,36.36363636363637,0.0,24,0,1,Very Easy,0.3235335449737089,0.43677028571450704,0.75,3.0,87,4,76,0,1,3,True,True,True,True
Full Model,1,23,P,-10.0,9,60.869565217391305,39.130434782608695,0.0,24,0,1,Very Easy,0.30735686772502346,0.4149317714287817,0.75,3.0,91,4,79,0,2,2,True,True,True,True
Full Model,1,24,P,-10.0,9,58.333333333333336,41.666666666666664,0.0,42,18,2,Easy,0.2919890243387723,0.3211879267726495,0.75,3.0,95,4,82,0,3,1,True,True,True,True
Full Model,1,25,A,10.0,14,60.0,40.0,0.0,42,0,2,Easy,0.27738957312183365,0.30512853043401705,0.42857142857142855,3.0,102,7,88,1,3,3,True,True,True,True
Full Model,1,26,P,-10.0,5,57.69230769230769,42.30769230769231,0.0,42,0,2,Easy,0.263520094465742,0.2898721039123162,1.5,3.0,104,2,89,0,1,1,True,True,True,True
Full Model,1,27,P,-10.0,13,55.55555555555556,44.44444444444444,0.0,60,18,3,Normal,0.25034408974245487,0.2002752717939639,0.5,3.0,110,6,94,1,1,4,True,True,True,True
Full Model,1,28,A,10.0,12,57.142857142857146,42.857142857142854,0.0,60,0,3,Normal,0.2378268852553321,0.19026150820426568,0.5,3.0,116,6,99,1,2,3,True,True,True,True
Full Model,1,29,A,10.0,6,58.62068965517241,41.37931034482759,0.0,42,-18,2,Easy,0.2259355409925655,0.24852909509182206,1.0,3.0,119,3,102,1,0,2,True,True,True,True
Full Model,1,30,A,10.0,10,60.0,40.0,0.0,42,0,2,Easy,0.2146387639429372,0.23610264033723094,0.6,3.0,124,5,106,0,0,5,True,True,True,True
Full Model,1,31,P,-10.0,5,58.064516129032256,41.935483870967744,0.0,60,18,3,Normal,0.20390682574579033,0.16312546059663227,1.5,3.0,126,2,107,0,0,2,True,True,True,True
Full Model,1,32,A,10.0,12,59.375,40.625,0.0,60,0,3,Normal,0.1937114844585008,0.15496918756680067,0.5,3.0,132,6,112,0,2,4,True,True,True,True
Full Model,1,33,A,10.0,10,60.60606060606061,39.39393939393939,0.0,42,-18,2,Easy,0.18402591023557577,0.20242850125913336,0.6,3.0,137,5,116,1,0,4,True,True,True,True
Full Model,1,34,P,-10.0,9,58.8235294117647,41.1764705882353,0.0,42,0,2,Easy,0.17482461472379698,0.1923070761961767,0.75,3.0,141,4,119,0,2,2,True,True,True,True
Full Model,1,35,A,10.0,8,60.0,40.0,0.0,42,0,2,Easy,0.16608338398760714,0.18269172238636786,0.75,3.0,145,4,123,0,0,4,True,True,True,True
Full Model,1,36,A,10.0,14,61.111111111111114,38.888888888888886,0.0,24,-18,1,Very Easy,0.15777921478822676,0.21300193996410616,0.42857142857142855,3.0,152,7,130,3,0,4,True,True,True,True
Full Model,1,37,P,-10.0,7,59.45945945945946,40.54054054054054,0.0,24,0,1,Very Easy,0.14989025404881542,0.20235184296590084,1.0,3.0,155,3,132,0,0,3,True,True,True,True
Full Model,1,38,A,10.0,10,60.526315789473685,39.473684210526315,0.0,24,0,1,Very Easy,0.14239574134637464,0.19223425081760578,0.6,3.0,160,5,136,0,0,5,True,True,True,True
Full Model,1,39,P,-10.0,11,58.97435897435897,41.02564102564103,0.0,42,18,2,Easy,0.1352759542790559,0.1488035497069615,0.6,3.0,165,5,140,0,0,5,True,True,True,True
Full Model,1,40,P,-10.0,11,57.5,42.5,0.0,60,18,3,Normal,0.1285121565651031,0.10280972525208248,0.6,3.0,170,5,144,1,0,4,True,True,True,True
Full Model,1,41,A,10.0,8,58.53658536585366,41.46341463414634,0.0,42,-18,2,Easy,0.12208654873684793,0.13429520361053274,0.75,3.0,174,4,147,3,0,1,True,True,True,True
Full Model,1,42,A,10.0,6,59.523809523809526,40.476190476190474,0.0,42,0,2,Easy,0.11598222130000553,0.1275804434300061,1.0,3.0,177,3,150,1,1,1,True,True,True,True
Full Model,1,43,P,-10.0,13,58.13953488372093,41.86046511627907,0.0,60,18,3,Normal,0.11018311023500525,0.0881464881880042,0.5,3.0,183,6,155,0,0,6,True,True,True,True
Full Model,1,44,A,10.0,14,59.09090909090909,40.90909090909091,0.0,42,-18,2,Easy,0.10467395472325498,0.11514135019558049,0.42857142857142855,3.0,190,7,161,3,0,4,True,True,True,True
Full Model,1,45,A,10.0,12,60.0,40.0,0.0,42,0,2,Easy,0.09944025698709223,0.10938428268580147,0.5,3.0,196,6,166,1,0,5,True,True,True,True
Full Model,1,46,A,10.0,6,60.869565217391305,39.130434782608695,0.0,42,0,2,Easy,0.09446824413773762,0.10391506855151139,1.0,3.0,199,3,168,0,0,3,True,True,True,True
Full Model,1,47,A,10.0,10,61.702127659574465,38.297872340425535,0.0,24,-18,1,Very Easy,0.08974483193085074,0.12115552310664851,0.6,3.0,204,5,172,2,0,3,True,True,True,True
Full Model,1,48,A,10.0,10,62.5,37.5,0.0,24,0,1,Very Easy,0.0852575903343082,0.11509774695131608,0.6,3.0,209,5,175,0,3,2,True,True,True,True
Full Model,1,49,P,-10.0,9,61.224489795918366,38.775510204081634,0.0,24,0,1,Very Easy,0.08099471081759278,0.10934285960375026,0.75,3.0,213,4,178,0,0,4,True,True,True,True
Full Model,1,50,A,10.0,12,62.0,38.0,0.0,6,-18,1,Very Easy,0.07694497527671314,0.10387571662356274,0.5,3.0,219,6,183,0,1,5,True,True,True,True
Full Model,1,51,P,-10.0,11,60.78431372549019,39.21568627450981,0.0,24,18,1,Very Easy,0.07309772651287748,0.0986819307923846,0.6,3.0,224,5,187,1,0,4,True,True,True,True
Full Model,1,52,P,-10.0,11,59.61538461538461,40.38461538461539,0.0,42,18,2,Easy,0.0694428401872336,0.07638712420595696,0.6,3.0,229,5,191,0,0,5,True,True,True,True
Full Model,1,53,P,-10.0,11,58.490566037735846,41.509433962264154,0.0,42,0,2,Easy,0.0659706981778719,0.0725677679956591,0.6,3.0,234,5,194,1,1,3,True,True,True,True
Full Model,1,54,A,10.0,8,59.25925925925926,40.74074074074074,0.0,42,0,2,Easy,0.0626721632689783,0.06893937959587614,0.75,3.0,238,4,197,1,0,3,True,True,True,True
Full Model,1,55,P,-10.0,7,58.18181818181818,41.81818181818182,0.0,60,18,3,Normal,0.059538555105529384,0.05,1.0,3.0,241,3,199,0,0,3,True,True,True,True
Full Model,1,56,P,-10.0,7,57.142857142857146,42.857142857142854,0.0,78,18,4,Hard,0.05656162735025291,0.05,1.0,3.0,244,3,201,1,0,2,True,True,True,True
Full Model,1,57,A,10.0,8,57.89473684210526,42.10526315789474,0.0,78,0,4,Hard,0.053733545982740265,0.05,0.75,3.0,248,4,204,4,0,0,True,True,True,True
Full Model,1,58,A,10.0,6,58.62068965517241,41.37931034482759,0.0,78,0,4,Hard,0.05104686868360325,0.05,1.0,3.0,251,3,206,3,0,0,True,True,True,True
Full Model,1,59,A,10.0,12,59.32203389830509,40.67796610169491,0.0,60,-18,3,Normal,0.05,0.05,0.5,3.0,257,6,211,3,1,2,True,True,True,True
Full Model,1,60,A,10.0,6,60.0,40.0,0.0,60,0,3,Normal,0.05,0.05,1.0,3.0,260,3,212,1,0,2,True,True,True,True
Full Model,1,61,A,10.0,6,60.65573770491803,39.34426229508197,0.0,42,-18,2,Easy,0.05,0.05500000000000001,1.0,3.0,263,3,214,1,0,2,True,True,True,True
Full Model,1,62,P,-10.0,7,59.67741935483871,40.32258064516129,0.0,42,0,2,Easy,0.05,0.05500000000000001,1.0,3.0,266,3,215,1,1,1,True,True,True,True
Full Model,1,63,P,-10.0,5,58.73015873015873,41.26984126984127,0.0,42,0,2,Easy,0.05,0.05500000000000001,1.5,3.0,268,2,215,0,0,2,True,True,True,True
Full Model,1,64,A,10.0,8,59.375,40.625,0.0,42,0,2,Easy,0.05,0.05500000000000001,0.75,3.0,272,4,218,3,1,0,True,True,True,True
Full Model,1,65,P,-10.0,9,58.46153846153846,41.53846153846154,0.0,42,0,2,Easy,0.05,0.05500000000000001,0.75,3.0,276,4,221,0,0,4,True,True,True,True
Full Model,1,66,A,10.0,8,59.09090909090909,40.90909090909091,0.0,24,-18,1,Very Easy,0.05,0.0675,0.75,3.0,280,4,225,1,0,3,True,True,True,True
Full Model,1,67,P,-10.0,9,58.208955223880594,41.791044776119406,0.0,42,18,2,Easy,0.05,0.05500000000000001,0.75,3.0,284,4,228,0,2,2,True,True,True,True
Full Model,1,68,P,-10.0,11,57.35294117647059,42.64705882352941,0.0,60,18,3,Normal,0.05,0.05,0.6,3.0,289,5,232,0,3,2,True,True,True,True
Full Model,1,69,A,10.0,6,57.971014492753625,42.028985507246375,0.0,60,0,3,Normal,0.05,0.05,1.0,3.0,292,3,234,3,0,0,True,True,True,True
Full Model,1,70,A,10.0,6,58.57142857142857,41.42857142857143,0.0,60,0,3,Normal,0.05,0.05,1.0,3.0,295,3,236,3,0,0,True,True,True,True
Full Model,1,71,A,10.0,10,59.15492957746479,40.84507042253521,0.0,60,0,3,Normal,0.05,0.05,0.6,3.0,300,5,240,2,0,3,True,True,True,True
Full Model,1,72,A,10.0,10,59.72222222222222,40.27777777777778,0.0,42,-18,2,Easy,0.05,0.05500000000000001,0.6,3.0,305,5,244,2,0,3,True,True,True,True
Full Model,1,73,P,-10.0,5,58.9041095890411,41.0958904109589,0.0,42,0,2,Easy,0.05,0.05500000000000001,1.5,3.0,307,2,245,0,0,2,True,True,True,True
Full Model,1,74,P,-10.0,11,58.108108108108105,41.891891891891895,0.0,60,18,3,Normal,0.05,0.05,0.6,3.0,312,5,248,0,0,5,True,True,True,True
Full Model,1,75,A,10.0,8,58.666666666666664,41.333333333333336,0.0,42,-18,2,Easy,0.05,0.05500000000000001,0.75,3.0,316,4,251,1,0,3,True,True,True,True
Full Model,1,76,P,-10.0,11,57.89473684210526,42.10526315789474,0.0,60,18,3,Normal,0.05,0.05,0.6,3.0,321,5,255,1,0,4,True,True,True,True
Full Model,1,77,A,10.0,12,58.44155844155844,41.55844155844156,0.0,42,-18,2,Easy,0.05,0.05500000000000001,0.5,3.0,327,6,260,1,0,5,True,True,True,True
Full Model,1,78,A,10.0,8,58.97435897435897,41.02564102564103,0.0,24,-18,1,Very Easy,0.05,0.0675,0.75,3.0,331,4,263,2,0,2,True,True,True,True
Full Model,1,79,A,10.0,8,59.49367088607595,40.50632911392405,0.0,24,0,1,Very Easy,0.05,0.0675,0.75,3.0,335,4,266,0,0,4,True,True,True,True
Full Model,1,80,A,10.0,10,60.0,40.0,0.0,24,0,1,Very Easy,0.05,0.0675,0.6,3.0,340,5,270,0,0,5,True,True,True,True
Full Model,1,81,P,-10.0,11,59.25925925925926,40.74074074074074,0.0,42,18,2,Easy,0.05,0.05500000000000001,0.6,3.0,345,5,274,0,0,5,True,True,True,True
Full Model,1,82,A,10.0,6,59.75609756097561,40.24390243902439,0.0,42,0,2,Easy,0.05,0.05500000000000001,1.0,3.0,348,3,276,2,1,0,True,True,True,True
Full Model,1,83,P,-10.0,13,59.036144578313255,40.963855421686745,0.0,42,0,2,Easy,0.05,0.05500000000000001,0.5,3.0,354,6,281,0,1,5,True,True,True,True
Full Model,1,84,A,10.0,12,59.523809523809526,40.476190476190474,0.0,24,-18,1,Very Easy,0.05,0.0675,0.5,3.0,360,6,286,0,0,6,True,True,True,True
Full Model,1,85,A,10.0,12,60.0,40.0,0.0,24,0,1,Very Easy,0.05,0.0675,0.5,3.0,366,6,291,0,0,6,True,True,True,True
Full Model,1,86,A,10.0,16,60.46511627906977,39.53488372093023,0.0,6,-18,1,Very Easy,0.05,0.0675,0.375,3.0,374,8,297,1,0,7,True,True,True,True
Full Model,1,87,P,-10.0,11,59.770114942528735,40.229885057471265,0.0,24,18,1,Very Easy,0.05,0.0675,0.6,3.0,379,5,301,0,0,5,True,True,True,True
Full Model,1,88,P,-10.0,5,59.09090909090909,40.90909090909091,0.0,42,18,2,Easy,0.05,0.05500000000000001,1.5,3.0,381,2,302,0,1,1,True,True,True,True
Full Model,1,89,A,10.0,10,59.550561797752806,40.449438202247194,0.0,42,0,2,Easy,0.05,0.05500000000000001,0.6,3.0,386,5,306,0,1,4,True,True,True,True
Full Model,1,90,A,10.0,8,60.0,40.0,0.0,42,0,2,Easy,0.05,0.05500000000000001,0.75,3.0,390,4,309,0,0,4,True,True,True,True
Full Model,1,91,A,10.0,6,60.43956043956044,39.56043956043956,0.0,24,-18,1,Very Easy,0.05,0.0675,1.0,3.0,393,3,311,0,0,3,True,True,True,True
Full Model,1,92,A,10.0,12,60.869565217391305,39.130434782608695,0.0,24,0,1,Very Easy,0.05,0.0675,0.5,3.0,399,6,316,0,1,5,True,True,True,True
Full Model,1,93,P,-10.0,9,60.215053763440864,39.784946236559136,0.0,24,0,1,Very Easy,0.05,0.0675,0.75,3.0,403,4,319,0,0,4,True,True,True,True
Full Model,1,94,A,10.0,8,60.638297872340424,39.361702127659576,0.0,24,0,1,Very Easy,0.05,0.0675,0.75,3.0,407,4,322,0,0,4,True,True,True,True
Full Model,1,95,P,-10.0,11,60.0,40.0,0.0,42,18,2,Easy,0.05,0.05500000000000001,0.6,3.0,412,5,326,0,0,5,True,True,True,True
Full Model,1,96,P,-10.0,9,59.375,40.625,0.0,60,18,3,Normal,0.05,0.05,0.75,3.0,416,4,329,0,0,4,True,True,True,True
Full Model,1,97,A,10.0,8,59.79381443298969,40.20618556701031,0.0,42,-18,2,Easy,0.05,0.05500000000000001,0.75,3.0,420,4,332,2,0,2,True,True,True,True
Full Model,1,98,A,10.0,6,60.204081632653065,39.795918367346935,0.0,24,-18,1,Very Easy,0.05,0.0675,1.0,3.0,423,3,334,1,0,2,True,True,True,True
Full Model,1,99,A,10.0,14,60.60606060606061,39.39393939393939,0.0,24,0,1,Very Easy,0.05,0.0675,0.42857142857142855,3.0,430,7,340,1,0,6,True,True,True,True
Full Model,1,100,P,-10.0,9,60.0,40.0,0.0,42,18,2,Easy,0.05,0.05500000000000001,0.75,3.0,434,4,343,0,1,3,True,True,True,True
Full Model,2,1,A,10.0,14,100.0,0.0,0.0,42,-8,1,Very Easy,0.95,1.0,0.42857142857142855,3.0,7,7,7,0,7,0,True,True,True,True
Full Model,2,2,P,-10.0,11,50.0,50.0,0.0,52,10,1,Very Easy,0.9025,1.0,0.6,3.0,12,5,12,0,5,0,True,True,True,True
Full Model,2,3,A,10.0,6,66.66666666666667,33.333333333333336,0.0,44,-8,2,Easy,0.8573749999999999,0.9431124999999999,1.0,3.0,15,3,15,0,3,0,True,True,True,True
Full Model,2,4,A,10.0,10,75.0,25.0,0.0,36,-8,2,Easy,0.8145062499999999,0.895956875,0.6,3.0,20,5,20,0,5,0,True,True,True,True
Full Model,2,5,P,-10.0,7,60.0,40.0,0.0,46,10,3,Normal,0.7737809374999999,0.6190247499999999,1.0,3.0,23,3,23,1,2,0,True,True,True,True
Full Model,2,6,A,10.0,12,66.66666666666667,33.333333333333336,0.0,38,-8,2,Easy,0.7350918906249998,0.8086010796874998,0.5,3.0,29,6,28,2,3,1,True,True,True,True
Full Model,2,7,A,10.0,8,71.42857142857143,28.571428571428573,0.0,30,-8,2,Easy,0.6983372960937497,0.7681710257031248,0.75,3.0,33,4,32,2,1,1,True,True,True,True
Full Model,2,8,P,-10.0,7,62.5,37.5,0.0,40,10,2,Easy,0.6634204312890623,0.7297624744179685,1.0,3.0,36,3,35,0,3,0,True,True,True,True
Full Model,2,9,P,-10.0,7,55.55555555555556,44.44444444444444,0.0,50,10,3,Normal,0.6302494097246091,0.5041995277796872,1.0,3.0,39,3,37,0,2,1,True,True,True,True
Full Model,2,10,A,10.0,12,60.0,40.0,0.0,42,-8,2,Easy,0.5987369392383786,0.6586106331622165,0.5,3.0,45,6,42,1,3,2,True,True,True,True
Full Model,2,11,P,-10.0,13,54.54545454545455,45.45454545454545,0.0,60,18,3,Normal,0.5688000922764596,0.4550400738211677,0.5,3.0,51,6,47,0,6,0,True,True,True,True
Full Model,2,12,A,10.0,8,58.333333333333336,41.666666666666664,0.0,42,-18,2,Easy,0.5403600876626365,0.5943960964289002,0.75,3.0,55,4,51,2,1,1,True,True,True,True
Full Model,2,13,A,10.0,6,61.53846153846154,38.46153846153846,0.0,42,0,2,Easy,0.5133420832795047,0.5646762916074552,1.0,3.0,58,3,54,0,1,2,True,True,True,True
Full Model,2,14,A,10.0,6,64.28571428571429,35.714285714285715,0.0,42,0,2,Easy,0.48767497911552943,0.5364424770270824,1.0,3.0,61,3,56,2,0,1,True,True,True,True
Full Model,2,15,A,10.0,12,66.66666666666667,33.333333333333336,0.0,24,-18,1,Very Easy,0.46329123015975293,0.6254431607156665,0.5,3.0,67,6,61,2,2,2,True,True,True,True
Full Model,2,16,P,-10.0,13,62.5,37.5,0.0,42,18,2,Easy,0.44012666865176525,0.4841393355169418,0.5,3.0,73,6,66,0,3,3,True,True,True,True
Full Model,2,17,A,10.0,10,64.70588235294117,35.294117647058826,0.0,42,0,2,Easy,0.41812033521917696,0.4599323687410947,0.6,3.0,78,5,71,1,2,2,True,True,True,True
Full Model,2,18,A,10.0,6,66.66666666666667,33.333333333333336,0.0,24,-18,1,Very Easy,0.3972143184582181,0.5362393299185945,1.0,3.0,81,3,73,1,1,1,True,True,True,True
Full Model,2,19,A,10.0,10,68.42105263157895,31.57894736842105,0.0,6,-18,1,Very Easy,0.37735360253530714,0.5094273634226647,0.6,3.0,86,5,78,0,3,2,True,True,True,True
Full Model,2,20,A,10.0,14,70.0,30.0,0.0,6,0,1,Very Easy,0.35848592240854177,0.48395599525153143,0.42857142857142855,3.0,93,7,84,1,3,3,True,True,True,True
Full Model,2,21,P,-10.0,7,66.66666666666667,33.333333333333336,0.0,6,0,1,Very Easy,0.34056162628811465,0.4597581954889548,1.0,3.0,96,3,86,0,1,2,True,True,True,True
Full Model,2,22,P,-10.0,13,63.63636363636363,36.36363636363637,0.0,24,18,1,Very Easy,0.3235335449737089,0.43677028571450704,0.5,3.0,102,6,91,0,2,4,True,True,True,True
Full Model,2,23,A,10.0,10,65.21739130434783,34.78260869565217,0.0,24,0,1,Very Easy,0.30735686772502346,0.4149317714287817,0.6,3.0,107,5,95,1,0,4,True,True,True,True
Full Model,2,24,P,-10.0,15,62.5,37.5,0.0,42,18,2,Easy,0.2919890243387723,0.3211879267726495,0.42857142857142855,3.0,114,7,102,0,3,4,True,True,True,True
Full Model,2,25,P,-10.0,9,60.0,40.0,0.0,60,18,3,Normal,0.27738957312183365,0.22191165849746694,0.75,3.0,118,4,105,0,2,2,True,True,True,True
Full Model,2,26,A,10.0,8,61.53846153846154,38.46153846153846,0.0,42,-18,2,Easy,0.263520094465742,0.2898721039123162,0.75,3.0,122,4,108,1,1,2,True,True,True,True
Full Model,2,27,P,-10.0,9,59.25925925925926,40.74074074074074,0.0,60,18,3,Normal,0.25034408974245487,0.2002752717939639,0.75,3.0,126,4,111,1,2,1,True,True,True,True
Full Model,2,28,A,10.0,6,60.714285714285715,39.285714285714285,0.0,60,0,3,Normal,0.2378268852553321,0.19026150820426568,1.0,3.0,129,3,113,1,0,2,True,True,True,True
Full Model,2,29,A,10.0,8,62.06896551724138,37.93103448275862,0.0,60,0,3,Normal,0.2259355409925655,0.1807484327940524,0.75,3.0,133,4,116,0,0,4,True,True,True,True
Full Model,2,30,A,10.0,8,63.333333333333336,36.666666666666664,0.0,60,0,3,Normal,0.2146387639429372,0.17171101115434978,0.75,3.0,137,4,119,0,1,3,True,True,True,True
Full Model,2,31,A,10.0,10,64.51612903225806,35.483870967741936,0.0,42,-18,2,Easy,0.20390682574579033,0.22429750832036938,0.6,3.0,142,5,123,3,0,2,True,True,True,True
Full Model,2,32,A,10.0,8,65.625,34.375,0.0,24,-18,1,Very Easy,0.1937114844585008,0.26151050401897613,0.75,3.0,146,4,127,0,1,3,True,True,True,True
Full Model,2,33,P,-10.0,7,63.63636363636363,36.36363636363637,0.0,42,18,2,Easy,0.18402591023557577,0.20242850125913336,1.0,3.0,149,3,129,0,1,2,True,True,True,True
Full Model,2,34,A,10.0,6,64.70588235294117,35.294117647058826,0.0,24,-18,1,Very Easy,0.17482461472379698,0.23601322987712595,1.0,3.0,152,3,131,1,0,2,True,True,True,True
Full Model,2,35,P,-10.0,9,62.857142857142854,37.142857142857146,0.0,24,0,1,Very Easy,0.16608338398760714,0.22421256838326964,0.75,3.0,156,4,134,0,1,3,True,True,True,True
Full Model,2,36,A,10.0,8,63.888888888888886,36.111111111111114,0.0,24,0,1,Very Easy,0.15777921478822676,0.21300193996410616,0.75,3.0,160,4,138,2,0,2,True,True,True,True
Full Model,2,37,A,10.0,12,64.86486486486487,35.13513513513514,0.0,6,-18,1,Very Easy,0.14989025404881542,0.20235184296590084,0.5,3.0,166,6,143,0,2,4,True,True,True,True
Full Model,2,38,P,-10.0,11,63.1578947368421,36.8421052631579,0.0,24,18,1,Very Easy,0.14239574134637464,0.19223425081760578,0.6,3.0,171,5,148,0,1,4,True,True,True,True
Full Model,2,39,A,10.0,10,64.1025641025641,35.8974358974359,0.0,24,0,1,Very Easy,0.1352759542790559,0.18262253827672548,0.6,3.0,176,5,152,1,2,2,True,True,True,True
Full Model,2,40,A,10.0,8,65.0,35.0,0.0,24,0,1,Very Easy,0.1285121565651031,0.17349141136288918,0.75,3.0,180,4,155,0,2,2,True,True,True,True
Full Model,2,41,P,-10.0,9,63.41463414634146,36.58536585365854,0.0,42,18,2,Easy,0.12208654873684793,0.13429520361053274,0.75,3.0,184,4,158,0,1,3,True,True,True,True
Full Model,2,42,P,-10.0,11,61.904761904761905,38.095238095238095,0.0,60,18,3,Normal,0.11598222130000553,0.09278577704000443,0.6,3.0,189,5,162,0,1,4,True,True,True,True
Full Model,2,43,A,10.0,8,62.7906976744186,37.2093023255814,0.0,42,-18,2,Easy,0.11018311023500525,0.12120142125850579,0.75,3.0,193,4,165,1,0,3,True,True,True,True
Full Model,2,44,A,10.0,8,63.63636363636363,36.36363636363637,0.0,42,0,2,Easy,0.10467395472325498,0.11514135019558049,0.75,3.0,197,4,168,1,0,3,True,True,True,True
Full Model,2,45,A,10.0,6,64.44444444444444,35.55555555555556,0.0,24,-18,1,Very Easy,0.09944025698709223,0.13424434693257453,1.0,3.0,200,3,170,1,0,2,True,True,True,True
Full Model,2,46,P,-10.0,9,63.04347826086956,36.95652173913044,0.0,42,18,2,Easy,0.09446824413773762,0.10391506855151139,0.75,3.0,204,4,172,0,1,3,True,True,True,True
Full Model,2,47,P,-10.0,7,61.702127659574465,38.297872340425535,0.0,60,18,3,Normal,0.08974483193085074,0.07179586554468059,1.0,3.0,207,3,174,0,0,3,True,True,True,True
Full Model,2,48,P,-10.0,7,60.416666666666664,39.583333333333336,0.0,60,0,3,Normal,0.0852575903343082,0.06820607226744656,1.0,3.0,210,3,175,0,0,3,True,True,True,True
Full Model,2,49,A,10.0,10,61.224489795918366,38.775510204081634,0.0,60,0,3,Normal,0.08099471081759278,0.06479576865407423,0.6,3.0,215,5,179,2,0,3,True,True,True,True
Full Model,2,50,P,-10.0,5,60.0,40.0,0.0,78,18,4,Hard,0.07694497527671314,0.05,1.5,3.0,217,2,180,0,0,2,True,True,True,True
Full Model,2,51,A,10.0,6,60.78431372549019,39.21568627450981,0.0,60,-18,3,Normal,0.07309772651287748,0.05847818121030199,1.0,3.0,220,3,182,3,0,0,True,True,True,True
Full Model,2,52,P,-10.0,9,59.61538461538461,40.38461538461539,0.0,60,0,3,Normal,0.0694428401872336,0.05555427214978688,0.75,3.0,224,4,185,2,0,2,True,True,True,True
Full Model,2,53,A,10.0,12,60.37735849056604,39.62264150943396,0.0,60,0,3,Normal,0.0659706981778719,0.05277655854229753,0.5,3.0,230,6,190,3,0,3,True,True,True,True
Full Model,2,54,A,10.0,10,61.111111111111114,38.888888888888886,0.0,60,0,3,Normal,0.0626721632689783,0.050137730615182646,0.6,3.0,235,5,194,1,1,3,True,True,True,True
Full Model,2,55,P,-10.0,9,60.0,40.0,0.0,78,18,4,Hard,0.059538555105529384,0.05,0.75,3.0,239,4,197,1,0,3,True,True,True,True
Full Model,2,56,A,10.0,8,60.714285714285715,39.285714285714285,0.0,60,-18,3,Normal,0.05656162735025291,0.05,0.75,3.0,243,4,200,3,0,1,True,True,True,True
Full Model,2,57,A,10.0,10,61.40350877192982,38.59649122807018,0.0,42,-18,2,Easy,0.053733545982740265,0.059106900581014296,0.6,3.0,248,5,204,1,0,4,True,True,True,True
Full Model,2,58,P,-10.0,11,60.3448275862069,39.6551724137931,0.0,42,0,2,Easy,0.05104686868360325,0.056151555551963585,0.6,3.0,253,5,208,1,0,4,True,True,True,True
Full Model,2,59,P,-10.0,5,59.32203389830509,40.67796610169491,0.0,60,18,3,Normal,0.05,0.05,1.5,3.0,255,2,209,0,0,2,True,True,True,True
Full Model,2,60,P,-10.0,9,58.333333333333336,41.666666666666664,0.0,60,0,3,Normal,0.05,0.05,0.75,3.0,259,4,212,1,0,3,True,True,True,True
Full Model,2,61,D,3.0,16,57.377049180327866,40.98360655737705,1.639344262295082,71,11,4,Hard,0.05,0.05,0.11250000447034836,0.9000000357627869,267,8,219,3,0,5,True,True,True,True
Full Model,2,62,A,10.0,6,58.064516129032256,40.32258064516129,1.6129032258064515,53,-18,3,Normal,0.05,0.05,1.0,3.0,270,3,222,3,0,0,True,True,True,True
Full Model,2,63,A,10.0,8,58.73015873015873,39.682539682539684,1.5873015873015872,53,0,3,Normal,0.05,0.05,0.75,3.0,274,4,225,3,1,0,True,True,True,True
Full Model,2,64,A,10.0,8,59.375,39.0625,1.5625,53,0,3,Normal,0.05,0.05,0.75,3.0,278,4,228,2,0,2,True,True,True,True
Full Model,2,65,A,10.0,8,60.0,38.46153846153846,1.5384615384615385,35,-18,2,Easy,0.05,0.05500000000000001,0.75,3.0,282,4,231,1,0,3,True,True,True,True
Full Model,2,66,A,10.0,10,60.60606060606061,37.878787878787875,1.5151515151515151,35,0,2,Easy,0.05,0.05500000000000001,0.6,3.0,287,5,235,0,0,5,True,True,True,True
Full Model,2,67,A,10.0,10,61.19402985074627,37.3134328358209,1.492537313432836,35,0,2,Easy,0.05,0.05500000000000001,0.6,3.0,292,5,239,0,0,5,True,True,True,True
Full Model,2,68,P,-10.0,7,60.294117647058826,38.23529411764706,1.4705882352941178,35,0,2,Easy,0.05,0.05500000000000001,1.0,3.0,295,3,241,0,0,3,True,True,True,True
Full Model,2,69,A,10.0,6,60.869565217391305,37.68115942028985,1.4492753623188406,17,-18,1,Very Easy,0.05,0.0675,1.0,3.0,298,3,243,1,0,2,True,True,True,True
Full Model,2,70,A,10.0,12,61.42857142857143,37.142857142857146,1.4285714285714286,0,-17,1,Very Easy,0.05,0.0675,0.5,3.0,304,6,248,0,0,6,True,True,True,True
Full Model,2,71,P,-10.0,9,60.563380281690144,38.028169014084504,1.408450704225352,6,6,1,Very Easy,0.05,0.0675,0.75,3.0,308,4,251,0,0,4,True,True,True,True
Full Model,2,72,A,10.0,10,61.111111111111114,37.5,1.3888888888888888,6,0,1,Very Easy,0.05,0.0675,0.6,3.0,313,5,255,0,0,5,True,True,True,True
Full Model,2,73,A,10.0,12,61.64383561643836,36.986301369863014,1.36986301369863,6,0,1,Very Easy,0.05,0.0675,0.5,3.0,319,6,260,1,0,5,True,True,True,True
Full Model,2,74,P,-10.0,9,60.810810810810814,37.83783783783784,1.3513513513513513,24,18,1,Very Easy,0.05,0.0675,0.75,3.0,323,4,263,0,1,3,True,True,True,True
Full Model,2,75,A,10.0,12,61.333333333333336,37.333333333333336,1.3333333333333333,24,0,1,Very Easy,0.05,0.0675,0.5,3.0,329,6,268,0,0,6,True,True,True,True
Full Model,2,76,A,10.0,6,61.8421052631579,36.8421052631579,1.3157894736842106,24,0,1,Very Easy,0.05,0.0675,1.0,3.0,332,3,270,2,0,1,True,True,True,True
Full Model,2,77,A,10.0,8,62.33766233766234,36.36363636363637,1.2987012987012987,24,0,1,Very Easy,0.05,0.0675,0.75,3.0,336,4,273,0,0,4,True,True,True,True
Full Model,2,78,A,10.0,8,62.82051282051282,35.8974358974359,1.2820512820512822,6,-18,1,Very Easy,0.05,0.0675,0.75,3.0,340,4,276,0,0,4,True,True,True,True
Full Model,2,79,A,10.0,10,63.29113924050633,35.44303797468354,1.2658227848101267,6,0,1,Very Easy,0.05,0.0675,0.6,3.0,345,5,280,0,0,5,True,True,True,True
Full Model,2,80,P,-10.0,13,62.5,36.25,1.25,24,18,1,Very Easy,0.05,0.0675,0.5,3.0,351,6,285,0,0,6,True,True,True,True
Full Model,2,81,P,-10.0,11,61.72839506172839,37.03703703703704,1.2345679012345678,24,0,1,Very Easy,0.05,0.0675,0.6,3.0,356,5,289,1,0,4,True,True,True,True
Full Model,2,82,P,-10.0,5,60.97560975609756,37.80487804878049,1.2195121951219512,42,18,2,Easy,0.05,0.05500000000000001,1.5,3.0,358,2,290,0,1,1,True,True,True,True
Full Model,2,83,P,-10.0,7,60.24096385542169,38.55421686746988,1.2048192771084338,60,18,3,Normal,0.05,0.05,1.0,3.0,361,3,292,1,1,1,True,True,True,True
Full Model,2,84,A,10.0,8,60.714285714285715,38.095238095238095,1.1904761904761905,42,-18,2,Easy,0.05,0.05500000000000001,0.75,3.0,365,4,295,3,1,0,True,True,True,True
Full Model,2,85,P,-10.0,7,60.0,38.8235294117647,1.1764705882352942,60,18,3,Normal,0.05,0.05,1.0,3.0,368,3,297,1,1,1,True,True,True,True
Full Model,2,86,A,10.0,8,60.46511627906977,38.372093023255815,1.1627906976744187,60,0,3,Normal,0.05,0.05,0.75,3.0,372,4,300,2,0,2,True,True,True,True
Full Model,2,87,P,-10.0,13,59.770114942528735,39.08045977011494,1.1494252873563218,78,18,4,Hard,0.05,0.05,0.5,3.0,378,6,305,2,0,4,True,True,True,True
Full Model,2,88,A,10.0,8,60.22727272727273,38.63636363636363,1.1363636363636365,78,0,4,Hard,0.05,0.05,0.75,3.0,382,4,307,2,0,2,True,True,True,True
Full Model,2,89,A,10.0,8,60.674157303370784,38.20224719101124,1.1235955056179776,78,0,4,Hard,0.05,0.05,0.75,3.0,386,4,310,2,0,2,True,True,True,True
Full Model,2,90,A,10.0,6,61.111111111111114,37.77777777777778,1.1111111111111112,60,-18,3,Normal,0.05,0.05,1.0,3.0,389,3,312,2,0,1,True,True,True,True
Full Model,2,91,A,10.0,12,61.53846153846154,37.362637362637365,1.098901098901099,42,-18,2,Easy,0.05,0.05500000000000001,0.5,3.0,395,6,317,1,1,4,True,True,True,True
Full Model,2,92,A,10.0,8,61.95652173913044,36.95652173913044,1.0869565217391304,24,-18,1,Very Easy,0.05,0.0675,0.75,3.0,399,4,320,2,0,2,True,True,True,True
Full Model,2,93,P,-10.0,11,61.29032258064516,37.634408602150536,1.075268817204301,24,0,1,Very Easy,0.05,0.0675,0.6,3.0,404,5,324,1,0,4,True,True,True,True
Full Model,2,94,A,10.0,10,61.702127659574465,37.234042553191486,1.0638297872340425,24,0,1,Very Easy,0.05,0.0675,0.6,3.0,409,5,328,1,0,4,True,True,True,True
Full Model,2,95,A,10.0,12,62.10526315789474,36.8421052631579,1.0526315789473684,6,-18,1,Very Easy,0.05,0.0675,0.5,3.0,415,6,333,2,0,4,True,True,True,True
Full Model,2,96,P,-10.0,9,61.458333333333336,37.5,1.0416666666666667,24,18,1,Very Easy,0.05,0.0675,0.75,3.0,419,4,336,0,0,4,True,True,True,True
Full Model,2,97,A,10.0,8,61.855670103092784,37.11340206185567,1.0309278350515463,6,-18,1,Very Easy,0.05,0.0675,0.75,3.0,423,4,339,1,0,3,True,True,True,True
Full Model,2,98,P,-10.0,7,61.224489795918366,37.755102040816325,1.0204081632653061,24,18,1,Very Easy,0.05,0.0675,1.0,3.0,426,3,341,0,0,3,True,True,True,True
Full Model,2,99,P,-10.0,5,60.60606060606061,38.38383838383838,1.0101010101010102,42,18,2,Easy,0.05,0.05500000000000001,1.5,3.0,428,2,342,0,0,2,True,True,True,True
Full Model,2,100,A,10.0,6,61.0,38.0,1.0,42,0,2,Easy,0.05,0.05500000000000001,1.0,3.0,431,3,344,1,0,2,True,True,True,True
Full Model,3,1,P,-10.0,9,0.0,100.0,0.0,60,10,1,Very Easy,0.95,1.0,0.75,3.0,4,4,4,0,4,0,True,True,True,True
Full Model,3,2,P,-10.0,7,0.0,100.0,0.0,70,10,1,Very Easy,0.9025,1.0,1.0,3.0,7,3,7,0,3,0,True,True,True,True
Full Model,3,3,A,10.0,10,33.333333333333336,66.66666666666667,0.0,62,-8,3,Normal,0.8573749999999999,0.6859,0.6,3.0,12,5,12,1,4,0,True,True,True,True
Full Model,3,4,P,-10.0,7,25.0,75.0,0.0,72,10,4,Hard,0.8145062499999999,0.40725312499999994,1.0,3.0,15,3,15,1,2,0,True,True,True,True
Full Model,3,5,A,10.0,10,40.0,60.0,0.0,64,-8,3,Normal,0.7737809374999999,0.6190247499999999,0.6,3.0,20,5,19,2,0,3,True,True,True,True
Full Model,3,6,P,-10.0,13,33.333333333333336,66.66666666666667,0.0,74,10,4,Hard,0.7350918906249998,0.3675459453124999,0.5,3.0,26,6,25,1,2,3,True,True,True,True
Full Model,3,7,A,10.0,6,42.857142857142854,57.142857142857146,0.0,66,-8,4,Hard,0.6983372960937497,0.34916864804687486,1.0,3.0,29,3,27,2,1,0,True,True,True,True
Full Model,3,8,A,10.0,6,50.0,50.0,0.0,58,-8,3,Normal,0.6634204312890623,0.5307363450312498,1.0,3.0,32,3,30,3,0,0,True,True,True,True
Full Model,3,9,A,10.0,8,55.55555555555556,44.44444444444444,0.0,50,-8,3,Normal,0.6302494097246091,0.5041995277796872,0.75,3.0,36,4,34,1,1,2,True,True,True,True
Full Model,3,10,A,10.0,6,60.0,40.0,0.0,42,-8,2,Easy,0.5987369392383786,0.6586106331622165,1.0,3.0,39,3,37,1,2,0,True,True,True,True
Full Model,3,11,P,-10.0,9,54.54545454545455,45.45454545454545,0.0,42,0,2,Easy,0.5688000922764596,0.6256801015041056,0.75,3.0,43,4,41,1,3,0,True,True,True,True
Full Model,3,12,P,-10.0,11,50.0,50.0,0.0,42,0,2,Easy,0.5403600876626365,0.5943960964289002,0.6,3.0,48,5,45,0,0,5,True,True,True,True
Full Model,3,13,A,10.0,6,53.84615384615385,46.15384615384615,0.0,42,0,2,Easy,0.5133420832795047,0.5646762916074552,1.0,3.0,51,3,47,2,1,0,True,True,True,True
Full Model,3,14,A,10.0,12,57.142857142857146,42.857142857142854,0.0,24,-18,1,Very Easy,0.48767497911552943,0.6583612218059648,0.5,3.0,57,6,53,1,4,1,True,True,True,True
Full Model,3,15,P,-10.0,11,53.333333333333336,46.666666666666664,0.0,42,18,2,Easy,0.46329123015975293,0.5096203531757283,0.6,3.0,62,5,57,0,2,3,True,True,True,True
Full Model,3,16,P,-10.0,9,50.0,50.0,0.0,42,0,2,Easy,0.44012666865176525,0.4841393355169418,0.75,3.0,66,4,60,2,2,0,True,True,True,True
Full Model,3,17,A,10.0,8,52.94117647058823,47.05882352941177,0.0,42,0,2,Easy,0.41812033521917696,0.4599323687410947,0.75,3.0,70,4,64,0,1,3,True,True,True,True
Full Model,3,18,P,-10.0,7,50.0,50.0,0.0,60,18,3,Normal,0.3972143184582181,0.3177714547665745,1.0,3.0,73,3,67,0,2,1,True,True,True,True
Full Model,3,19,A,10.0,12,52.63157894736842,47.36842105263158,0.0,60,0,3,Normal,0.37735360253530714,0.30188288202824576,0.5,3.0,79,6,72,2,2,2,True,True,True,True
Full Model,3,20,P,-10.0,13,50.0,50.0,0.0,78,18,4,Hard,0.35848592240854177,0.17924296120427088,0.5,3.0,85,6,77,1,1,4,True,True,True,True
Full Model,3,21,A,10.0,6,52.38095238095238,47.61904761904762,0.0,60,-18,3,Normal,0.34056162628811465,0.27244930103049175,1.0,3.0,88,3,80,3,0,0,True,True,True,True
Full Model,3,22,A,10.0,6,54.54545454545455,45.45454545454545,0.0,42,-18,2,Easy,0.3235335449737089,0.3558868994710798,1.0,3.0,91,3,82,2,0,1,True,True,True,True
Full Model,3,23,P,-10.0,5,52.17391304347826,47.82608695652174,0.0,60,18,3,Normal,0.30735686772502346,0.2458854941800188,1.5,3.0,93,2,83,0,0,2,True,True,True,True
Full Model,3,24,A,10.0,12,54.166666666666664,45.833333333333336,0.0,60,0,3,Normal,0.2919890243387723,0.23359121947101782,0.5,3.0,99,6,88,3,0,3,True,True,True,True
Full Model,3,25,A,10.0,6,56.0,44.0,0.0,42,-18,2,Easy,0.27738957312183365,0.30512853043401705,1.0,3.0,102,3,90,2,0,1,True,True,True,True
Full Model,3,26,A,10.0,12,57.69230769230769,42.30769230769231,0.0,24,-18,1,Very Easy,0.263520094465742,0.3557521275287517,0.5,3.0,108,6,95,2,2,2,True,True,True,True
Full Model,3,27,A,10.0,12,59.25925925925926,40.74074074074074,0.0,24,0,1,Very Easy,0.25034408974245487,0.33796452115231407,0.5,3.0,114,6,100,0,1,5,True,True,True,True
Full Model,3,28,A,10.0,10,60.714285714285715,39.285714285714285,0.0,6,-18,1,Very Easy,0.2378268852553321,0.32106629509469836,0.6,3.0,119,5,105,1,2,2,True,True,True,True
Full Model,3,29,P,-10.0,9,58.62068965517241,41.37931034482759,0.0,24,18,1,Very Easy,0.2259355409925655,0.30501298033996344,0.75,3.0,123,4,108,0,1,3,True,True,True,True
Full Model,3,30,A,10.0,10,60.0,40.0,0.0,6,-18,1,Very Easy,0.2146387639429372,0.28976233132296525,0.6,3.0,128,5,112,0,2,3,True,True,True,True
Full Model,3,31,P,-10.0,7,58.064516129032256,41.935483870967744,0.0,24,18,1,Very Easy,0.20390682574579033,0.27527421475681696,1.0,3.0,131,3,114,0,2,1,True,True,True,True
Full Model,3,32,P,-10.0,11,56.25,43.75,0.0,42,18,2,Easy,0.1937114844585008,0.21308263290435092,0.6,3.0,136,5,118,1,2,2,True,True,True,True
Full Model,3,33,A,10.0,8,57.57575757575758,42.42424242424242,0.0,24,-18,1,Very Easy,0.18402591023557577,0.2484349788180273,0.75,3.0,140,4,121,1,0,3,True,True,True,True
Full Model,3,34,P,-10.0,11,55.88235294117647,44.11764705882353,0.0,42,18,2,Easy,0.17482461472379698,0.1923070761961767,0.6,3.0,145,5,125,0,0,5,True,True,True,True
Full Model,3,35,P,-10.0,11,54.285714285714285,45.714285714285715,0.0,60,18,3,Normal,0.16608338398760714,0.13286670719008573,0.6,3.0,150,5,129,0,1,4,True,True,True,True
Full Model,3,36,A,10.0,8,55.55555555555556,44.44444444444444,0.0,60,0,3,Normal,0.15777921478822676,0.1262233718305814,0.75,3.0,154,4,132,2,0,2,True,True,True,True
Full Model,3,37,A,10.0,10,56.75675675675676,43.24324324324324,0.0,60,0,3,Normal,0.14989025404881542,0.11991220323905234,0.6,3.0,159,5,136,1,0,4,True,True,True,True
Full Model,3,38,A,10.0,14,57.89473684210526,42.10526315789474,0.0,60,0,3,Normal,0.14239574134637464,0.11391659307709973,0.42857142857142855,3.0,166,7,142,2,2,3,True,True,True,True
Full Model,3,39,A,10.0,8,58.97435897435897,41.02564102564103,0.0,42,-18,2,Easy,0.1352759542790559,0.1488035497069615,0.75,3.0,170,4,145,1,1,2,True,True,True,True
Full Model,3,40,P,-10.0,9,57.5,42.5,0.0,60,18,3,Normal,0.1285121565651031,0.10280972525208248,0.75,3.0,174,4,148,0,0,4,True,True,True,True
Full Model,3,41,A,10.0,10,58.53658536585366,41.46341463414634,0.0,42,-18,2,Easy,0.12208654873684793,0.13429520361053274,0.6,3.0,179,5,152,1,0,4,True,True,True,True
Full Model,3,42,A,10.0,12,59.523809523809526,40.476190476190474,0.0,24,-18,1,Very Easy,0.11598222130000553,0.15657599875500747,0.5,3.0,185,6,157,0,2,4,True,True,True,True
Full Model,3,43,A,10.0,10,60.46511627906977,39.53488372093023,0.0,24,0,1,Very Easy,0.11018311023500525,0.1487471988172571,0.6,3.0,190,5,161,1,1,3,True,True,True,True
Full Model,3,44,A,10.0,8,61.36363636363637,38.63636363636363,0.0,6,-18,1,Very Easy,0.10467395472325498,0.14130983887639423,0.75,3.0,194,4,164,0,1,3,True,True,True,True
Full Model,3,45,P,-10.0,9,60.0,40.0,0.0,6,0,1,Very Easy,0.09944025698709223,0.13424434693257453,0.75,3.0,198,4,167,0,1,3,True,True,True,True
Full Model,3,46,A,10.0,6,60.869565217391305,39.130434782608695,0.0,6,0,1,Very Easy,0.09446824413773762,0.12753212958594579,1.0,3.0,201,3,169,0,0,3,True,True,True,True
Full Model,3,47,P,-10.0,11,59.57446808510638,40.42553191489362,0.0,24,18,1,Very Easy,0.08974483193085074,0.12115552310664851,0.6,3.0,206,5,173,0,0,5,True,True,True,True
Full Model,3,48,P,-10.0,9,58.333333333333336,41.666666666666664,0.0,42,18,2,Easy,0.0852575903343082,0.09378334936773902,0.75,3.0,210,4,176,0,1,3,True,True,True,True
Full Model,3,49,A,10.0,10,59.183673469387756,40.816326530612244,0.0,42,0,2,Easy,0.08099471081759278,0.08909418189935207,0.6,3.0,215,5,180,2,0,3,True,True,True,True
Full Model,3,50,P,-10.0,7,58.0,42.0,0.0,42,0,2,Easy,0.07694497527671314,0.08463947280438446,1.0,3.0,218,3,182,0,0,3,True,True,True,True
Full Model,3,51,P,-10.0,15,56.86274509803921,43.13725490196079,0.0,60,18,3,Normal,0.07309772651287748,0.05847818121030199,0.42857142857142855,3.0,225,7,188,1,0,6,True,True,True,True
Full Model,3,52,A,10.0,8,57.69230769230769,42.30769230769231,0.0,60,0,3,Normal,0.0694428401872336,0.05555427214978688,0.75,3.0,229,4,191,1,0,3,True,True,True,True
Full Model,3,53,A,10.0,6,58.490566037735846,41.509433962264154,0.0,60,0,3,Normal,0.0659706981778719,0.05277655854229753,1.0,3.0,232,3,193,1,0,2,True,True,True,True
Full Model,3,54,A,10.0,6,59.25925925925926,40.74074074074074,0.0,60,0,3,Normal,0.0626721632689783,0.050137730615182646,1.0,3.0,235,3,195,2,0,1,True,True,True,True
Full Model,3,55,A,10.0,8,60.0,40.0,0.0,42,-18,2,Easy,0.059538555105529384,0.06549241061608232,0.75,3.0,239,4,197,2,0,2,True,True,True,True
Full Model,3,56,A,10.0,12,60.714285714285715,39.285714285714285,0.0,42,0,2,Easy,0.05656162735025291,0.06221779008527821,0.5,3.0,245,6,201,0,2,4,True,True,True,True
Full Model,3,57,A,10.0,6,61.40350877192982,38.59649122807018,0.0,24,-18,1,Very Easy,0.053733545982740265,0.07254028707669936,1.0,3.0,248,3,203,1,0,2,True,True,True,True
Full Model,3,58,A,10.0,12,62.06896551724138,37.93103448275862,0.0,6,-18,1,Very Easy,0.05104686868360325,0.06891327272286439,0.5,3.0,254,6,208,0,0,6,True,True,True,True
Full Model,3,59,P,-10.0,11,61.016949152542374,38.983050847457626,0.0,24,18,1,Very Easy,0.05,0.0675,0.6,3.0,259,5,212,0,1,4,True,True,True,True
Full Model,3,60,P,-10.0,11,60.0,40.0,0.0,24,0,1,Very Easy,0.05,0.0675,0.6,3.0,264,5,216,0,0,5,True,True,True,True
Full Model,3,61,A,10.0,14,60.65573770491803,39.34426229508197,0.0,6,-18,1,Very Easy,0.05,0.0675,0.42857142857142855,3.0,271,7,222,1,0,6,True,True,True,True
Full Model,3,62,P,-10.0,11,59.67741935483871,40.32258064516129,0.0,24,18,1,Very Easy,0.05,0.0675,0.6,3.0,276,5,226,0,1,4,True,True,True,True
Full Model,3,63,P,-10.0,7,58.73015873015873,41.26984126984127,0.0,42,18,2,Easy,0.05,0.05500000000000001,1.0,3.0,279,3,228,0,0,3,True,True,True,True
Full Model,3,64,A,10.0,6,59.375,40.625,0.0,42,0,2,Easy,0.05,0.05500000000000001,1.0,3.0,282,3,230,1,0,2,True,True,True,True
Full Model,3,65,A,10.0,14,60.0,40.0,0.0,42,0,2,Easy,0.05,0.05500000000000001,0.42857142857142855,3.0,289,7,236,1,1,5,True,True,True,True
Full Model,3,66,A,10.0,8,60.60606060606061,39.39393939393939,0.0,42,0,2,Easy,0.05,0.05500000000000001,0.75,3.0,293,4,240,1,0,3,True,True,True,True
Full Model,3,67,A,10.0,8,61.19402985074627,38.80597014925373,0.0,42,0,2,Easy,0.05,0.05500000000000001,0.75,3.0,297,4,243,1,0,3,True,True,True,True
Full Model,3,68,P,-10.0,7,60.294117647058826,39.705882352941174,0.0,60,18,3,Normal,0.05,0.05,1.0,3.0,300,3,245,1,0,2,True,True,True,True
Full Model,3,69,A,10.0,8,60.869565217391305,39.130434782608695,0.0,42,-18,2,Easy,0.05,0.05500000000000001,0.75,3.0,304,4,248,0,0,4,True,True,True,True
Full Model,3,70,P,-10.0,5,60.0,40.0,0.0,42,0,2,Easy,0.05,0.05500000000000001,1.5,3.0,306,2,249,1,0,1,True,True,True,True
Full Model,3,71,P,-10.0,11,59.15492957746479,40.84507042253521,0.0,60,18,3,Normal,0.05,0.05,0.6,3.0,311,5,253,0,0,5,True,True,True,True
Full Model,3,72,A,10.0,6,59.72222222222222,40.27777777777778,0.0,42,-18,2,Easy,0.05,0.05500000000000001,1.0,3.0,314,3,254,3,0,0,True,True,True,True
Full Model,3,73,P,-10.0,5,58.9041095890411,41.0958904109589,0.0,42,0,2,Easy,0.05,0.05500000000000001,1.5,3.0,316,2,255,0,0,2,True,True,True,True
Full Model,3,74,A,10.0,10,59.45945945945946,40.54054054054054,0.0,42,0,2,Easy,0.05,0.05500000000000001,0.6,3.0,321,5,259,1,0,4,True,True,True,True
Full Model,3,75,P,-10.0,13,58.666666666666664,41.333333333333336,0.0,60,18,3,Normal,0.05,0.05,0.5,3.0,327,6,264,1,0,5,True,True,True,True
Full Model,3,76,A,10.0,6,59.21052631578947,40.78947368421053,0.0,60,0,3,Normal,0.05,0.05,1.0,3.0,330,3,266,1,0,2,True,True,True,True
Full Model,3,77,A,10.0,8,59.74025974025974,40.25974025974026,0.0,60,0,3,Normal,0.05,0.05,0.75,3.0,334,4,269,3,0,1,True,True,True,True
Full Model,3,78,P,-10.0,15,58.97435897435897,41.02564102564103,0.0,60,0,3,Normal,0.05,0.05,0.42857142857142855,3.0,341,7,275,1,0,6,True,True,True,True
Full Model,3,79,A,10.0,8,59.49367088607595,40.50632911392405,0.0,60,0,3,Normal,0.05,0.05,0.75,3.0,345,4,278,1,0,3,True,True,True,True
Full Model,3,80,A,10.0,8,60.0,40.0,0.0,42,-18,2,Easy,0.05,0.05500000000000001,0.75,3.0,349,4,281,1,0,3,True,True,True,True
Full Model,3,81,P,-10.0,7,59.25925925925926,40.74074074074074,0.0,42,0,2,Easy,0.05,0.05500000000000001,1.0,3.0,352,3,283,0,1,2,True,True,True,True
Full Model,3,82,A,10.0,6,59.75609756097561,40.24390243902439,0.0,42,0,2,Easy,0.05,0.05500000000000001,1.0,3.0,355,3,285,1,0,2,True,True,True,True
Full Model,3,83,A,10.0,14,60.24096385542169,39.75903614457831,0.0,24,-18,1,Very Easy,0.05,0.0675,0.42857142857142855,3.0,362,7,291,0,0,7,True,True,True,True
Full Model,3,84,P,-10.0,15,59.523809523809526,40.476190476190474,0.0,42,18,2,Easy,0.05,0.05500000000000001,0.42857142857142855,3.0,369,7,297,0,0,7,True,True,True,True
Full Model,3,85,P,-10.0,9,58.8235294117647,41.1764705882353,0.0,42,0,2,Easy,0.05,0.05500000000000001,0.75,3.0,373,4,300,0,1,3,True,True,True,True
Full Model,3,86,P,-10.0,9,58.13953488372093,41.86046511627907,0.0,60,18,3,Normal,0.05,0.05,0.75,3.0,377,4,303,0,0,4,True,True,True,True
Full Model,3,87,P,-10.0,7,57.47126436781609,42.52873563218391,0.0,78,18,4,Hard,0.05,0.05,1.0,3.0,380,3,304,0,1,2,True,True,True,True
Full Model,3,88,A,10.0,6,57.95454545454545,42.04545454545455,0.0,60,-18,3,Normal,0.05,0.05,1.0,3.0,383,3,306,2,0,1,True,True,True,True
Full Model,3,89,A,10.0,6,58.42696629213483,41.57303370786517,0.0,60,0,3,Normal,0.05,0.05,1.0,3.0,386,3,308,1,0,2,True,True,True,True
Full Model,3,90,A,10.0,10,58.888888888888886,41.111111111111114,0.0,60,0,3,Normal,0.05,0.05,0.6,3.0,391,5,312,3,0,2,True,True,True,True
Full Model,3,91,P,-10.0,9,58.24175824175824,41.75824175824176,0.0,60,0,3,Normal,0.05,0.05,0.75,3.0,395,4,315,3,0,1,True,True,True,True
Full Model,3,92,A,10.0,8,58.69565217391305,41.30434782608695,0.0,60,0,3,Normal,0.05,0.05,0.75,3.0,399,4,318,3,0,1,True,True,True,True
Full Model,3,93,A,10.0,10,59.13978494623656,40.86021505376344,0.0,60,0,3,Normal,0.05,0.05,0.6,3.0,404,5,322,3,0,2,True,True,True,True
Full Model,3,94,A,10.0,6,59.57446808510638,40.42553191489362,0.0,42,-18,2,Easy,0.05,0.05500000000000001,1.0,3.0,407,3,324,3,0,0,True,True,True,True
Full Model,3,95,P,-10.0,13,58.94736842105263,41.05263157894737,0.0,42,0,2,Easy,0.05,0.05500000000000001,0.5,3.0,413,6,330,0,1,5,True,True,True,True
Full Model,3,96,P,-10.0,7,58.333333333333336,41.666666666666664,0.0,42,0,2,Easy,0.05,0.05500000000000001,1.0,3.0,416,3,332,0,0,3,True,True,True,True
Full Model,3,97,A,10.0,6,58.76288659793814,41.23711340206186,0.0,24,-18,1,Very Easy,0.05,0.0675,1.0,3.0,419,3,334,2,0,1,True,True,True,True
Full Model,3,98,A,10.0,10,59.183673469387756,40.816326530612244,0.0,24,0,1,Very Easy,0.05,0.0675,0.6,3.0,424,5,338,1,0,4,True,True,True,True
Full Model,3,99,A,10.0,12,59.5959595959596,40.4040404040404,0.0,24,0,1,Very Easy,0.05,0.0675,0.5,3.0,430,6,343,0,1,5,True,True,True,True
Full Model,3,100,P,-10.0,9,59.0,41.0,0.0,42,18,2,Easy,0.05,0.05500000000000001,0.75,3.0,434,4,346,0,1,3,True,True,True,True
Full Model,4,1,A,10.0,10,100.0,0.0,0.0,42,-8,1,Very Easy,0.95,1.0,0.6,3.0,5,5,5,0,5,0,True,True,True,True
Full Model,4,2,P,-10.0,9,50.0,50.0,0.0,52,10,1,Very Easy,0.9025,1.0,0.75,3.0,9,4,9,0,4,0,True,True,True,True
Full Model,4,3,P,-10.0,5,33.333333333333336,66.66666666666667,0.0,62,10,3,Normal,0.8573749999999999,0.6859,1.5,3.0,11,2,11,1,1,0,True,True,True,True
Full Model,4,4,A,10.0,6,50.0,50.0,0.0,54,-8,3,Normal,0.8145062499999999,0.651605,1.0,3.0,14,3,14,2,1,0,True,True,True,True
Full Model,4,5,P,-10.0,7,40.0,60.0,0.0,64,10,3,Normal,0.7737809374999999,0.6190247499999999,1.0,3.0,17,3,17,1,2,0,True,True,True,True
Full Model,4,6,A,10.0,8,50.0,50.0,0.0,56,-8,3,Normal,0.7350918906249998,0.5880735124999998,0.75,3.0,21,4,21,2,2,0,True,True,True,True
Full Model,4,7,A,10.0,6,57.142857142857146,42.857142857142854,0.0,48,-8,3,Normal,0.6983372960937497,0.5586698368749998,1.0,3.0,24,3,24,2,1,0,True,True,True,True
Full Model,4,8,A,10.0,8,62.5,37.5,0.0,40,-8,2,Easy,0.6634204312890623,0.7297624744179685,0.75,3.0,28,4,28,2,2,0,True,True,True,True
Full Model,4,9,A,10.0,10,66.66666666666667,33.333333333333336,0.0,32,-8,2,Easy,0.6302494097246091,0.69327435069707,0.6,3.0,33,5,33,1,4,0,True,True,True,True
Full Model,4,10,A,10.0,6,70.0,30.0,0.0,24,-8,1,Very Easy,0.5987369392383786,0.8082948679718112,1.0,3.0,36,3,35,1,1,1,True,True,True,True
Full Model,4,11,A,10.0,10,72.72727272727273,27.272727272727273,0.0,24,0,1,Very Easy,0.5688000922764596,0.7678801245732204,0.6,3.0,41,5,39,1,4,0,True,True,True,True
Full Model,4,12,P,-10.0,11,66.66666666666667,33.333333333333336,0.0,24,0,1,Very Easy,0.5403600876626365,0.7294861183445593,0.6,3.0,46,5,44,1,2,2,True,True,True,True
Full Model,4,13,P,-10.0,9,61.53846153846154,38.46153846153846,0.0,24,0,1,Very Easy,0.5133420832795047,0.6930118124273313,0.75,3.0,50,4,48,0,2,2,True,True,True,True
Full Model,4,14,A,10.0,8,64.28571428571429,35.714285714285715,0.0,24,0,1,Very Easy,0.48767497911552943,0.6583612218059648,0.75,3.0,54,4,51,0,4,0,True,True,True,True
Full Model,4,15,P,-10.0,7,60.0,40.0,0.0,24,0,1,Very Easy,0.46329123015975293,0.6254431607156665,1.0,3.0,57,3,53,0,3,0,True,True,True,True
Full Model,4,16,P,-10.0,9,56.25,43.75,0.0,42,18,2,Easy,0.44012666865176525,0.4841393355169418,0.75,3.0,61,4,56,0,4,0,True,True,True,True
Full Model,4,17,P,-10.0,7,52.94117647058823,47.05882352941177,0.0,60,18,3,Normal,0.41812033521917696,0.3344962681753416,1.0,3.0,64,3,59,1,1,1,True,True,True,True
Full Model,4,18,A,10.0,6,55.55555555555556,44.44444444444444,0.0,60,0,3,Normal,0.3972143184582181,0.3177714547665745,1.0,3.0,67,3,62,3,0,0,True,True,True,True
Full Model,4,19,P,-10.0,11,52.63157894736842,47.36842105263158,0.0,78,18,4,Hard,0.37735360253530714,0.18867680126765357,0.6,3.0,72,5,66,1,0,4,True,True,True,True
Full Model,4,20,A,10.0,6,55.0,45.0,0.0,78,0,4,Hard,0.35848592240854177,0.17924296120427088,1.0,3.0,75,3,68,2,1,0,True,True,True,True
Full Model,4,21,A,10.0,6,57.142857142857146,42.857142857142854,0.0,78,0,4,Hard,0.34056162628811465,0.17028081314405732,1.0,3.0,78,3,69,3,0,0,True,True,True,True
Full Model,4,22,A,10.0,6,59.09090909090909,40.90909090909091,0.0,60,-18,3,Normal,0.3235335449737089,0.2588268359789671,1.0,3.0,81,3,71,3,0,0,True,True,True,True
Full Model,4,23,A,10.0,8,60.869565217391305,39.130434782608695,0.0,42,-18,2,Easy,0.30735686772502346,0.33809255449752584,0.75,3.0,85,4,74,2,0,2,True,True,True,True
Full Model,4,24,P,-10.0,13,58.333333333333336,41.666666666666664,0.0,60,18,3,Normal,0.2919890243387723,0.23359121947101782,0.5,3.0,91,6,79,1,0,5,True,True,True,True
Full Model,4,25,P,-10.0,11,56.0,44.0,0.0,60,0,3,Normal,0.27738957312183365,0.22191165849746694,0.6,3.0,96,5,83,2,0,3,True,True,True,True
Full Model,4,26,A,10.0,6,57.69230769230769,42.30769230769231,0.0,42,-18,2,Easy,0.263520094465742,0.2898721039123162,1.0,3.0,99,3,85,2,0,1,True,True,True,True
Full Model,4,27,P,-10.0,9,55.55555555555556,44.44444444444444,0.0,42,0,2,Easy,0.25034408974245487,0.2753784987167004,0.75,3.0,103,4,89,0,1,3,True,True,True,True
Full Model,4,28,A,10.0,8,57.142857142857146,42.857142857142854,0.0,42,0,2,Easy,0.2378268852553321,0.26160957378086536,0.75,3.0,107,4,92,1,1,2,True,True,True,True
Full Model,4,29,P,-10.0,9,55.172413793103445,44.827586206896555,0.0,42,0,2,Easy,0.2259355409925655,0.24852909509182206,0.75,3.0,111,4,96,0,2,2,True,True,True,True
Full Model,4,30,A,10.0,6,56.666666666666664,43.333333333333336,0.0,42,0,2,Easy,0.2146387639429372,0.23610264033723094,1.0,3.0,114,3,98,2,1,0,True,True,True,True
Full Model,4,31,P,-10.0,13,54.83870967741935,45.16129032258065,0.0,60,18,3,Normal,0.20390682574579033,0.16312546059663227,0.5,3.0,120,6,102,0,3,3,True,True,True,True
Full Model,4,32,A,10.0,10,56.25,43.75,0.0,60,0,3,Normal,0.1937114844585008,0.15496918756680067,0.6,3.0,125,5,106,2,0,3,True,True,True,True
Full Model,4,33,A,10.0,6,57.57575757575758,42.42424242424242,0.0,60,0,3,Normal,0.18402591023557577,0.14722072818846063,1.0,3.0,128,3,108,1,0,2,True,True,True,True
Full Model,4,34,P,-10.0,7,55.88235294117647,44.11764705882353,0.0,60,0,3,Normal,0.17482461472379698,0.1398596917790376,1.0,3.0,131,3,110,0,1,2,True,True,True,True
Full Model,4,35,A,10.0,8,57.142857142857146,42.857142857142854,0.0,42,-18,2,Easy,0.16608338398760714,0.18269172238636786,0.75,3.0,135,4,112,0,0,4,True,True,True,True
Full Model,4,36,P,-10.0,7,55.55555555555556,44.44444444444444,0.0,60,18,3,Normal,0.15777921478822676,0.1262233718305814,1.0,3.0,138,3,114,0,0,3,True,True,True,True
Full Model,4,37,A,10.0,6,56.75675675675676,43.24324324324324,0.0,42,-18,2,Easy,0.14989025404881542,0.164879279453697,1.0,3.0,141,3,116,1,0,2,True,True,True,True
Full Model,4,38,P,-10.0,9,55.26315789473684,44.73684210526316,0.0,60,18,3,Normal,0.14239574134637464,0.11391659307709973,0.75,3.0,145,4,119,1,1,2,True,True,True,True
Full Model,4,39,P,-10.0,9,53.84615384615385,46.15384615384615,0.0,60,0,3,Normal,0.1352759542790559,0.10822076342324471,0.75,3.0,149,4,122,0,1,3,True,True,True,True
Full Model,4,40,A,10.0,14,55.0,45.0,0.0,60,0,3,Normal,0.1285121565651031,0.10280972525208248,0.42857142857142855,3.0,156,7,128,3,0,4,True,True,True,True
Full Model,4,41,A,10.0,10,56.09756097560975,43.90243902439025,0.0,42,-18,2,Easy,0.12208654873684793,0.13429520361053274,0.6,3.0,161,5,132,2,0,3,True,True,True,True
Full Model,4,42,P,-10.0,11,54.76190476190476,45.23809523809524,0.0,60,18,3,Normal,0.11598222130000553,0.09278577704000443,0.6,3.0,166,5,136,1,1,3,True,True,True,True
Full Model,4,43,A,10.0,10,55.81395348837209,44.18604651162791,0.0,60,0,3,Normal,0.11018311023500525,0.0881464881880042,0.6,3.0,171,5,140,2,1,2,True,True,True,True
Full Model,4,44,A,10.0,8,56.81818181818182,43.18181818181818,0.0,42,-18,2,Easy,0.10467395472325498,0.11514135019558049,0.75,3.0,175,4,143,2,0,2,True,True,True,True
Full Model,4,45,P,-10.0,7,55.55555555555556,44.44444444444444,0.0,60,18,3,Normal,0.09944025698709223,0.0795522055896738,1.0,3.0,178,3,146,0,0,3,True,True,True,True
Full Model,4,46,A,10.0,8,56.52173913043478,43.47826086956522,0.0,42,-18,2,Easy,0.09446824413773762,0.10391506855151139,0.75,3.0,182,4,149,2,0,2,True,True,True,True
Full Model,4,47,A,10.0,8,57.4468085106383,42.5531914893617,0.0,42,0,2,Easy,0.08974483193085074,0.09871931512393582,0.75,3.0,186,4,152,1,0,3,True,True,True,True
Full Model,4,48,A,10.0,12,58.333333333333336,41.666666666666664,0.0,24,-18,1,Very Easy,0.0852575903343082,0.11509774695131608,0.5,3.0,192,6,157,1,1,4,True,True,True,True
Full Model,4,49,P,-10.0,9,57.142857142857146,42.857142857142854,0.0,24,0,1,Very Easy,0.08099471081759278,0.10934285960375026,0.75,3.0,196,4,160,0,0,4,True,True,True,True
Full Model,4,50,P,-10.0,13,56.0,44.0,0.0,42,18,2,Easy,0.07694497527671314,0.08463947280438446,0.5,3.0,202,6,165,0,2,4,True,True,True,True
Full Model,4,51,P,-10.0,11,54.90196078431372,45.09803921568628,0.0,60,18,3,Normal,0.07309772651287748,0.05847818121030199,0.6,3.0,207,5,169,0,1,4,True,True,True,True
Full Model,4,52,A,10.0,8,55.76923076923077,44.23076923076923,0.0,42,-18,2,Easy,0.0694428401872336,0.07638712420595696,0.75,3.0,211,4,172,1,0,3,True,True,True,True
Full Model,4,53,P,-10.0,7,54.716981132075475,45.283018867924525,0.0,60,18,3,Normal,0.0659706981778719,0.05277655854229753,1.0,3.0,214,3,174,1,0,2,True,True,True,True
Full Model,4,54,A,10.0,14,55.55555555555556,44.44444444444444,0.0,60,0,3,Normal,0.0626721632689783,0.050137730615182646,0.42857142857142855,3.0,221,7,180,1,0,6,True,True,True,True
Full Model,4,55,A,10.0,10,56.36363636363637,43.63636363636363,0.0,42,-18,2,Easy,0.059538555105529384,0.06549241061608232,0.6,3.0,226,5,184,3,0,2,True,True,True,True
Full Model,4,56,A,10.0,10,57.142857142857146,42.857142857142854,0.0,42,0,2,Easy,0.05656162735025291,0.06221779008527821,0.6,3.0,231,5,188,0,0,5,True,True,True,True
Full Model,4,57,A,10.0,10,57.89473684210526,42.10526315789474,0.0,42,0,2,Easy,0.053733545982740265,0.059106900581014296,0.6,3.0,236,5,192,0,2,3,True,True,True,True
Full Model,4,58,A,10.0,8,58.62068965517241,41.37931034482759,0.0,42,0,2,Easy,0.05104686868360325,0.056151555551963585,0.75,3.0,240,4,195,1,1,2,True,True,True,True
Full Model,4,59,P,-10.0,11,57.6271186440678,42.3728813559322,0.0,42,0,2,Easy,0.05,0.05500000000000001,0.6,3.0,245,5,199,1,0,4,True,True,True,True
Full Model,4,60,P,-10.0,5,56.666666666666664,43.333333333333336,0.0,42,0,2,Easy,0.05,0.05500000000000001,1.5,3.0,247,2,200,0,0,2,True,True,True,True
Full Model,4,61,A,10.0,14,57.377049180327866,42.622950819672134,0.0,24,-18,1,Very Easy,0.05,0.0675,0.42857142857142855,3.0,254,7,206,0,0,7,True,True,True,True
Full Model,4,62,A,10.0,8,58.064516129032256,41.935483870967744,0.0,24,0,1,Very Easy,0.05,0.0675,0.75,3.0,258,4,209,0,1,3,True,True,True,True
Full Model,4,63,A,10.0,8,58.73015873015873,41.26984126984127,0.0,6,-18,1,Very Easy,0.05,0.0675,0.75,3.0,262,4,212,0,0,4,True,True,True,True
Full Model,4,64,A,10.0,10,59.375,40.625,0.0,6,0,1,Very Easy,0.05,0.0675,0.6,3.0,267,5,216,1,0,4,True,True,True,True
Full Model,4,65,A,10.0,10,60.0,40.0,0.0,6,0,1,Very Easy,0.05,0.0675,0.6,3.0,272,5,220,0,2,3,True,True,True,True
Full Model,4,66,A,10.0,10,60.60606060606061,39.39393939393939,0.0,6,0,1,Very Easy,0.05,0.0675,0.6,3.0,277,5,224,0,0,5,True,True,True,True
Full Model,4,67,P,-10.0,9,59.701492537313435,40.298507462686565,0.0,24,18,1,Very Easy,0.05,0.0675,0.75,3.0,281,4,227,0,1,3,True,True,True,True
Full Model,4,68,P,-10.0,15,58.8235294117647,41.1764705882353,0.0,42,18,2,Easy,0.05,0.05500000000000001,0.42857142857142855,3.0,288,7,233,0,1,6,True,True,True,True
Full Model,4,69,A,10.0,8,59.42028985507246,40.57971014492754,0.0,24,-18,1,Very Easy,0.05,0.0675,0.75,3.0,292,4,236,1,1,2,True,True,True,True
Full Model,4,70,P,-10.0,9,58.57142857142857,41.42857142857143,0.0,24,0,1,Very Easy,0.05,0.0675,0.75,3.0,296,4,239,0,0,4,True,True,True,True
Full Model,4,71,P,-10.0,11,57.74647887323944,42.25352112676056,0.0,42,18,2,Easy,0.05,0.05500000000000001,0.6,3.0,301,5,242,0,0,5,True,True,True,True
Full Model,4,72,A,10.0,8,58.333333333333336,41.666666666666664,0.0,42,0,2,Easy,0.05,0.05500000000000001,0.75,3.0,305,4,245,0,1,3,True,True,True,True
Full Model,4,73,P,-10.0,15,57.534246575342465,42.465753424657535,0.0,60,18,3,Normal,0.05,0.05,0.42857142857142855,3.0,312,7,251,0,0,7,True,True,True,True
Full Model,4,74,P,-10.0,7,56.75675675675676,43.24324324324324,0.0,78,18,4,Hard,0.05,0.05,1.0,3.0,315,3,252,1,1,1,True,True,True,True
Full Model,4,75,A,10.0,10,57.333333333333336,42.666666666666664,0.0,78,0,4,Hard,0.05,0.05,0.6,3.0,320,5,256,3,0,2,True,True,True,True
Full Model,4,76,A,10.0,8,57.89473684210526,42.10526315789474,0.0,78,0,4,Hard,0.05,0.05,0.75,3.0,324,4,259,3,0,1,True,True,True,True
Full Model,4,77,A,10.0,6,58.44155844155844,41.55844155844156,0.0,60,-18,3,Normal,0.05,0.05,1.0,3.0,327,3,261,2,0,1,True,True,True,True
Full Model,4,78,A,10.0,6,58.97435897435897,41.02564102564103,0.0,42,-18,2,Easy,0.05,0.05500000000000001,1.0,3.0,330,3,263,2,0,1,True,True,True,True
Full Model,4,79,P,-10.0,5,58.22784810126582,41.77215189873418,0.0,60,18,3,Normal,0.05,0.05,1.5,3.0,332,2,264,0,0,2,True,True,True,True
Full Model,4,80,A,10.0,10,58.75,41.25,0.0,42,-18,2,Easy,0.05,0.05500000000000001,0.6,3.0,337,5,268,2,0,3,True,True,True,True
Full Model,4,81,A,10.0,8,59.25925925925926,40.74074074074074,0.0,24,-18,1,Very Easy,0.05,0.0675,0.75,3.0,341,4,271,0,0,4,True,True,True,True
Full Model,4,82,P,-10.0,9,58.53658536585366,41.46341463414634,0.0,42,18,2,Easy,0.05,0.05500000000000001,0.75,3.0,345,4,274,0,0,4,True,True,True,True
Full Model,4,83,P,-10.0,7,57.83132530120482,42.16867469879518,0.0,42,0,2,Easy,0.05,0.05500000000000001,1.0,3.0,348,3,276,0,0,3,True,True,True,True
Full Model,4,84,A,10.0,6,58.333333333333336,41.666666666666664,0.0,24,-18,1,Very Easy,0.05,0.0675,1.0,3.0,351,3,278,1,0,2,True,True,True,True
Full Model,4,85,A,10.0,12,58.8235294117647,41.1764705882353,0.0,24,0,1,Very Easy,0.05,0.0675,0.5,3.0,357,6,283,0,1,5,True,True,True,True
Full Model,4,86,P,-10.0,7,58.13953488372093,41.86046511627907,0.0,42,18,2,Easy,0.05,0.05500000000000001,1.0,3.0,360,3,285,0,0,3,True,True,True,True
Full Model,4,87,A,10.0,12,58.62068965517241,41.37931034482759,0.0,42,0,2,Easy,0.05,0.05500000000000001,0.5,3.0,366,6,290,1,0,5,True,True,True,True
Full Model,4,88,A,10.0,10,59.09090909090909,40.90909090909091,0.0,42,0,2,Easy,0.05,0.05500000000000001,0.6,3.0,371,5,294,1,0,4,True,True,True,True
Full Model,4,89,A,10.0,8,59.550561797752806,40.449438202247194,0.0,24,-18,1,Very Easy,0.05,0.0675,0.75,3.0,375,4,297,1,0,3,True,True,True,True
Full Model,4,90,A,10.0,6,60.0,40.0,0.0,24,0,1,Very Easy,0.05,0.0675,1.0,3.0,378,3,299,1,0,2,True,True,True,True
Full Model,4,91,P,-10.0,13,59.34065934065934,40.65934065934066,0.0,42,18,2,Easy,0.05,0.05500000000000001,0.5,3.0,384,6,304,0,2,4,True,True,True,True
Full Model,4,92,A,10.0,8,59.78260869565217,40.21739130434783,0.0,24,-18,1,Very Easy,0.05,0.0675,0.75,3.0,388,4,307,0,0,4,True,True,True,True
Full Model,4,93,A,10.0,6,60.215053763440864,39.784946236559136,0.0,6,-18,1,Very Easy,0.05,0.0675,1.0,3.0,391,3,309,0,0,3,True,True,True,True
Full Model,4,94,A,10.0,12,60.638297872340424,39.361702127659576,0.0,6,0,1,Very Easy,0.05,0.0675,0.5,3.0,397,6,314,0,0,6,True,True,True,True
Full Model,4,95,P,-10.0,7,60.0,40.0,0.0,24,18,1,Very Easy,0.05,0.0675,1.0,3.0,400,3,316,0,0,3,True,True,True,True
Full Model,4,96,P,-10.0,9,59.375,40.625,0.0,24,0,1,Very Easy,0.05,0.0675,0.75,3.0,404,4,318,0,1,3,True,True,True,True
Full Model,4,97,P,-10.0,9,58.76288659793814,41.23711340206186,0.0,42,18,2,Easy,0.05,0.05500000000000001,0.75,3.0,408,4,321,0,1,3,True,True,True,True
Full Model,4,98,P,-10.0,13,58.16326530612245,41.83673469387755,0.0,60,18,3,Normal,0.05,0.05,0.5,3.0,414,6,326,1,0,5,True,True,True,True
Full Model,4,99,P,-10.0,11,57.57575757575758,42.42424242424242,0.0,78,18,4,Hard,0.05,0.05,0.6,3.0,419,5,330,1,0,4,True,True,True,True
Full Model,4,100,A,10.0,6,58.0,42.0,0.0,78,0,4,Hard,0.05,0.05,1.0,3.0,422,3,331,3,0,0,True,True,True,True
Full Model,5,1,P,-10.0,11,0.0,100.0,0.0,60,10,1,Very Easy,0.95,1.0,0.6,3.0,5,5,5,0,5,0,True,True,True,True
Full Model,5,2,P,-10.0,7,0.0,100.0,0.0,70,10,1,Very Easy,0.9025,1.0,1.0,3.0,8,3,7,0,3,0,True,True,True,True
Full Model,5,3,P,-10.0,7,0.0,100.0,0.0,80,10,5,Expert,0.8573749999999999,0.21434374999999997,1.0,3.0,11,3,10,0,3,0,True,True,True,True
Full Model,5,4,A,10.0,8,25.0,75.0,0.0,72,-8,4,Hard,0.8145062499999999,0.40725312499999994,0.75,3.0,15,4,14,3,0,1,True,True,True,True
Full Model,5,5,A,10.0,6,40.0,60.0,0.0,64,-8,3,Normal,0.7737809374999999,0.6190247499999999,1.0,3.0,18,3,17,3,0,0,True,True,True,True
Full Model,5,6,A,10.0,10,50.0,50.0,0.0,56,-8,3,Normal,0.7350918906249998,0.5880735124999998,0.6,3.0,23,5,22,1,4,0,True,True,True,True
Full Model,5,7,A,10.0,10,57.142857142857146,42.857142857142854,0.0,48,-8,3,Normal,0.6983372960937497,0.5586698368749998,0.6,3.0,28,5,27,2,2,1,True,True,True,True
Full Model,5,8,A,10.0,6,62.5,37.5,0.0,40,-8,2,Easy,0.6634204312890623,0.7297624744179685,1.0,3.0,31,3,30,1,2,0,True,True,True,True
Full Model,5,9,P,-10.0,9,55.55555555555556,44.44444444444444,0.0,50,10,3,Normal,0.6302494097246091,0.5041995277796872,0.75,3.0,35,4,34,0,4,0,True,True,True,True
Full Model,5,10,A,10.0,8,60.0,40.0,0.0,42,-8,2,Easy,0.5987369392383786,0.6586106331622165,0.75,3.0,39,4,38,2,0,2,True,True,True,True
Full Model,5,11,A,10.0,8,63.63636363636363,36.36363636363637,0.0,24,-18,1,Very Easy,0.5688000922764596,0.7678801245732204,0.75,3.0,43,4,42,1,3,0,True,True,True,True
Full Model,5,12,A,10.0,14,66.66666666666667,33.333333333333336,0.0,6,-18,1,Very Easy,0.5403600876626365,0.7294861183445593,0.42857142857142855,3.0,50,7,49,0,4,3,True,True,True,True
Full Model,5,13,P,-10.0,11,61.53846153846154,38.46153846153846,0.0,6,0,1,Very Easy,0.5133420832795047,0.6930118124273313,0.6,3.0,55,5,53,0,3,2,True,True,True,True
Full Model,5,14,P,-10.0,11,57.142857142857146,42.857142857142854,0.0,24,18,1,Very Easy,0.48767497911552943,0.6583612218059648,0.6,3.0,60,5,58,0,3,2,True,True,True,True
Full Model,5,15,A,10.0,10,60.0,40.0,0.0,24,0,1,Very Easy,0.46329123015975293,0.6254431607156665,0.6,3.0,65,5,63,0,3,2,True,True,True,True
Full Model,5,16,A,10.0,12,62.5,37.5,0.0,24,0,1,Very Easy,0.44012666865176525,0.5941710026798831,0.5,3.0,71,6,69,0,3,3,True,True,True,True
Full Model,5,17,P,-10.0,11,58.8235294117647,41.1764705882353,0.0,42,18,2,Easy,0.41812033521917696,0.4599323687410947,0.6,3.0,76,5,73,0,4,1,True,True,True,True
Full Model,5,18,A,10.0,6,61.111111111111114,38.888888888888886,0.0,42,0,2,Easy,0.3972143184582181,0.4369357503040399,1.0,3.0,79,3,75,0,0,3,True,True,True,True
Full Model,5,19,A,10.0,8,63.1578947368421,36.8421052631579,0.0,24,-18,1,Very Easy,0.37735360253530714,0.5094273634226647,0.75,3.0,83,4,79,0,3,1,True,True,True,True
Full Model,5,20,A,10.0,6,65.0,35.0,0.0,24,0,1,Very Easy,0.35848592240854177,0.48395599525153143,1.0,3.0,86,3,81,1,2,0,True,True,True,True
Full Model,5,21,P,-10.0,11,61.904761904761905,38.095238095238095,0.0,42,18,2,Easy,0.34056162628811465,0.37461778891692615,0.6,3.0,91,5,85,0,1,4,True,True,True,True
Full Model,5,22,P,-10.0,9,59.09090909090909,40.90909090909091,0.0,60,18,3,Normal,0.3235335449737089,0.2588268359789671,0.75,3.0,95,4,88,1,0,3,True,True,True,True
Full Model,5,23,A,10.0,6,60.869565217391305,39.130434782608695,0.0,42,-18,2,Easy,0.30735686772502346,0.33809255449752584,1.0,3.0,98,3,91,1,0,2,True,True,True,True
Full Model,5,24,A,10.0,10,62.5,37.5,0.0,24,-18,1,Very Easy,0.2919890243387723,0.3941851828573426,0.6,3.0,103,5,95,1,0,4,True,True,True,True
Full Model,5,25,P,-10.0,11,60.0,40.0,0.0,42,18,2,Easy,0.27738957312183365,0.30512853043401705,0.6,3.0,108,5,99,0,3,2,True,True,True,True
Full Model,5,26,A,10.0,10,61.53846153846154,38.46153846153846,0.0,42,0,2,Easy,0.263520094465742,0.2898721039123162,0.6,3.0,113,5,103,0,2,3,True,True,True,True
Full Model,5,27,P,-10.0,11,59.25925925925926,40.74074074074074,0.0,42,0,2,Easy,0.25034408974245487,0.2753784987167004,0.6,3.0,118,5,107,1,1,3,True,True,True,True
Full Model,5,28,A,10.0,10,60.714285714285715,39.285714285714285,0.0,42,0,2,Easy,0.2378268852553321,0.26160957378086536,0.6,3.0,123,5,111,1,0,4,True,True,True,True
Full Model,5,29,P,-10.0,7,58.62068965517241,41.37931034482759,0.0,60,18,3,Normal,0.2259355409925655,0.1807484327940524,1.0,3.0,126,3,113,1,1,1,True,True,True,True
Full Model,5,30,A,10.0,10,60.0,40.0,0.0,60,0,3,Normal,0.2146387639429372,0.17171101115434978,0.6,3.0,131,5,117,1,0,4,True,True,True,True
Full Model,5,31,A,10.0,6,61.29032258064516,38.70967741935484,0.0,42,-18,2,Easy,0.20390682574579033,0.22429750832036938,1.0,3.0,134,3,119,1,0,2,True,True,True,True
Full Model,5,32,A,10.0,10,62.5,37.5,0.0,24,-18,1,Very Easy,0.1937114844585008,0.26151050401897613,0.6,3.0,139,5,123,1,1,3,True,True,True,True
Full Model,5,33,P,-10.0,15,60.60606060606061,39.39393939393939,0.0,42,18,2,Easy,0.18402591023557577,0.20242850125913336,0.42857142857142855,3.0,146,7,129,0,2,5,True,True,True,True
Full Model,5,34,P,-10.0,11,58.8235294117647,41.1764705882353,0.0,60,18,3,Normal,0.17482461472379698,0.1398596917790376,0.6,3.0,151,5,133,0,1,4,True,True,True,True
Full Model,5,35,P,-10.0,7,57.142857142857146,42.857142857142854,0.0,60,0,3,Normal,0.16608338398760714,0.13286670719008573,1.0,3.0,154,3,135,2,0,1,True,True,True,True
Full Model,5,36,A,10.0,8,58.333333333333336,41.666666666666664,0.0,60,0,3,Normal,0.15777921478822676,0.1262233718305814,0.75,3.0,158,4,138,3,1,0,True,True,True,True
Full Model,5,37,A,10.0,6,59.45945945945946,40.54054054054054,0.0,42,-18,2,Easy,0.14989025404881542,0.164879279453697,1.0,3.0,161,3,140,1,0,2,True,True,True,True
Full Model,5,38,A,10.0,10,60.526315789473685,39.473684210526315,0.0,42,0,2,Easy,0.14239574134637464,0.15663531548101212,0.6,3.0,166,5,144,1,1,3,True,True,True,True
Full Model,5,39,A,10.0,6,61.53846153846154,38.46153846153846,0.0,24,-18,1,Very Easy,0.1352759542790559,0.18262253827672548,1.0,3.0,169,3,146,1,0,2,True,True,True,True
Full Model,5,40,A,10.0,10,62.5,37.5,0.0,24,0,1,Very Easy,0.1285121565651031,0.17349141136288918,0.6,3.0,174,5,150,0,1,4,True,True,True,True
Full Model,5,41,P,-10.0,13,60.97560975609756,39.02439024390244,0.0,42,18,2,Easy,0.12208654873684793,0.13429520361053274,0.5,3.0,180,6,155,0,1,5,True,True,True,True
Full Model,5,42,A,10.0,6,61.904761904761905,38.095238095238095,0.0,42,0,2,Easy,0.11598222130000553,0.1275804434300061,1.0,3.0,183,3,157,2,0,1,True,True,True,True
Full Model,5,43,P,-10.0,9,60.46511627906977,39.53488372093023,0.0,42,0,2,Easy,0.11018311023500525,0.12120142125850579,0.75,3.0,187,4,160,1,1,2,True,True,True,True
Full Model,5,44,A,10.0,10,61.36363636363637,38.63636363636363,0.0,24,-18,1,Very Easy,0.10467395472325498,0.14130983887639423,0.6,3.0,192,5,164,2,0,3,True,True,True,True
Full Model,5,45,A,10.0,12,62.22222222222222,37.77777777777778,0.0,6,-18,1,Very Easy,0.09944025698709223,0.13424434693257453,0.5,3.0,198,6,169,0,0,6,True,True,True,True
Full Model,5,46,P,-10.0,9,60.869565217391305,39.130434782608695,0.0,24,18,1,Very Easy,0.09446824413773762,0.12753212958594579,0.75,3.0,202,4,172,0,1,3,True,True,True,True
Full Model,5,47,P,-10.0,11,59.57446808510638,40.42553191489362,0.0,42,18,2,Easy,0.08974483193085074,0.09871931512393582,0.6,3.0,207,5,176,0,1,4,True,True,True,True
Full Model,5,48,P,-10.0,7,58.333333333333336,41.666666666666664,0.0,60,18,3,Normal,0.0852575903343082,0.06820607226744656,1.0,3.0,210,3,178,1,1,1,True,True,True,True
Full Model,5,49,A,10.0,10,59.183673469387756,40.816326530612244,0.0,60,0,3,Normal,0.08099471081759278,0.06479576865407423,0.6,3.0,215,5,181,1,0,4,True,True,True,True
Full Model,5,50,P,-10.0,7,58.0,42.0,0.0,78,18,4,Hard,0.07694497527671314,0.05,1.0,3.0,218,3,183,1,1,1,True,True,True,True
Full Model,5,51,A,10.0,10,58.8235294117647,41.1764705882353,0.0,60,-18,3,Normal,0.07309772651287748,0.05847818121030199,0.6,3.0,223,5,187,3,0,2,True,True,True,True
Full Model,5,52,A,10.0,8,59.61538461538461,40.38461538461539,0.0,60,0,3,Normal,0.0694428401872336,0.05555427214978688,0.75,3.0,227,4,190,1,0,3,True,True,True,True
Full Model,5,53,A,10.0,8,60.37735849056604,39.62264150943396,0.0,42,-18,2,Easy,0.0659706981778719,0.0725677679956591,0.75,3.0,231,4,192,2,0,2,True,True,True,True
Full Model,5,54,P,-10.0,9,59.25925925925926,40.74074074074074,0.0,60,18,3,Normal,0.0626721632689783,0.050137730615182646,0.75,3.0,235,4,195,2,0,2,True,True,True,True
Full Model,5,55,P,-10.0,9,58.18181818181818,41.81818181818182,0.0,78,18,4,Hard,0.059538555105529384,0.05,0.75,3.0,239,4,198,1,1,2,True,True,True,True
Full Model,5,56,A,10.0,6,58.92857142857143,41.07142857142857,0.0,60,-18,3,Normal,0.05656162735025291,0.05,1.0,3.0,242,3,200,3,0,0,True,True,True,True
Full Model,5,57,A,10.0,6,59.64912280701754,40.35087719298246,0.0,42,-18,2,Easy,0.053733545982740265,0.059106900581014296,1.0,3.0,245,3,202,3,0,0,True,True,True,True
Full Model,5,58,A,10.0,6,60.3448275862069,39.6551724137931,0.0,24,-18,1,Very Easy,0.05104686868360325,0.06891327272286439,1.0,3.0,248,3,204,1,0,2,True,True,True,True
Full Model,5,59,P,-10.0,9,59.32203389830509,40.67796610169491,0.0,42,18,2,Easy,0.05,0.05500000000000001,0.75,3.0,252,4,207,0,0,4,True,True,True,True
Full Model,5,60,A,10.0,10,60.0,40.0,0.0,24,-18,1,Very Easy,0.05,0.0675,0.6,3.0,257,5,211,1,0,4,True,True,True,True
Full Model,5,61,P,-10.0,5,59.01639344262295,40.98360655737705,0.0,42,18,2,Easy,0.05,0.05500000000000001,1.5,3.0,259,2,212,1,1,0,True,True,True,True
Full Model,5,62,A,10.0,6,59.67741935483871,40.32258064516129,0.0,42,0,2,Easy,0.05,0.05500000000000001,1.0,3.0,262,3,214,1,0,2,True,True,True,True
Full Model,5,63,P,-10.0,9,58.73015873015873,41.26984126984127,0.0,60,18,3,Normal,0.05,0.05,0.75,3.0,266,4,217,1,0,3,True,True,True,True
Full Model,5,64,A,10.0,8,59.375,40.625,0.0,42,-18,2,Easy,0.05,0.05500000000000001,0.75,3.0,270,4,220,1,0,3,True,True,True,True
Full Model,5,65,P,-10.0,7,58.46153846153846,41.53846153846154,0.0,42,0,2,Easy,0.05,0.05500000000000001,1.0,3.0,273,3,222,0,1,2,True,True,True,True
Full Model,5,66,P,-10.0,7,57.57575757575758,42.42424242424242,0.0,60,18,3,Normal,0.05,0.05,1.0,3.0,276,3,224,1,0,2,True,True,True,True
Full Model,5,67,A,10.0,8,58.208955223880594,41.791044776119406,0.0,60,0,3,Normal,0.05,0.05,0.75,3.0,280,4,227,2,0,2,True,True,True,True
Full Model,5,68,A,10.0,6,58.8235294117647,41.1764705882353,0.0,60,0,3,Normal,0.05,0.05,1.0,3.0,283,3,229,2,0,1,True,True,True,True
Full Model,5,69,A,10.0,6,59.42028985507246,40.57971014492754,0.0,42,-18,2,Easy,0.05,0.05500000000000001,1.0,3.0,286,3,231,1,0,2,True,True,True,True
Full Model,5,70,P,-10.0,9,58.57142857142857,41.42857142857143,0.0,60,18,3,Normal,0.05,0.05,0.75,3.0,290,4,234,0,0,4,True,True,True,True
Full Model,5,71,A,10.0,10,59.15492957746479,40.84507042253521,0.0,42,-18,2,Easy,0.05,0.05500000000000001,0.6,3.0,295,5,238,2,0,3,True,True,True,True
Full Model,5,72,A,10.0,12,59.72222222222222,40.27777777777778,0.0,42,0,2,Easy,0.05,0.05500000000000001,0.5,3.0,301,6,243,1,0,5,True,True,True,True
Full Model,5,73,A,10.0,10,60.273972602739725,39.726027397260275,0.0,24,-18,1,Very Easy,0.05,0.0675,0.6,3.0,306,5,247,0,0,5,True,True,True,True
Full Model,5,74,P,-10.0,15,59.45945945945946,40.54054054054054,0.0,42,18,2,Easy,0.05,0.05500000000000001,0.42857142857142855,3.0,313,7,253,0,0,7,True,True,True,True
Full Model,5,75,A,10.0,12,60.0,40.0,0.0,24,-18,1,Very Easy,0.05,0.0675,0.5,3.0,319,6,258,1,0,5,True,True,True,True
Full Model,5,76,P,-10.0,9,59.21052631578947,40.78947368421053,0.0,24,0,1,Very Easy,0.05,0.0675,0.75,3.0,323,4,261,0,0,4,True,True,True,True
Full Model,5,77,P,-10.0,11,58.44155844155844,41.55844155844156,0.0,42,18,2,Easy,0.05,0.05500000000000001,0.6,3.0,328,5,265,0,0,5,True,True,True,True
Full Model,5,78,A,10.0,8,58.97435897435897,41.02564102564103,0.0,42,0,2,Easy,0.05,0.05500000000000001,0.75,3.0,332,4,268,1,0,3,True,True,True,True
Full Model,5,79,P,-10.0,7,58.22784810126582,41.77215189873418,0.0,60,18,3,Normal,0.05,0.05,1.0,3.0,335,3,270,1,0,2,True,True,True,True
Full Model,5,80,P,-10.0,7,57.5,42.5,0.0,60,0,3,Normal,0.05,0.05,1.0,3.0,338,3,272,1,0,2,True,True,True,True
Full Model,5,81,A,10.0,12,58.02469135802469,41.97530864197531,0.0,60,0,3,Normal,0.05,0.05,0.5,3.0,344,6,277,0,0,6,True,True,True,True
Full Model,5,82,A,10.0,6,58.53658536585366,41.46341463414634,0.0,60,0,3,Normal,0.05,0.05,1.0,3.0,347,3,279,1,0,2,True,True,True,True
Full Model,5,83,P,-10.0,7,57.83132530120482,42.16867469879518,0.0,78,18,4,Hard,0.05,0.05,1.0,3.0,350,3,280,1,0,2,True,True,True,True
Full Model,5,84,A,10.0,6,58.333333333333336,41.666666666666664,0.0,60,-18,3,Normal,0.05,0.05,1.0,3.0,353,3,282,3,0,0,True,True,True,True
Full Model,5,85,A,10.0,6,58.8235294117647,41.1764705882353,0.0,60,0,3,Normal,0.05,0.05,1.0,3.0,356,3,284,2,0,1,True,True,True,True
Full Model,5,86,A,10.0,12,59.30232558139535,40.69767441860465,0.0,42,-18,2,Easy,0.05,0.05500000000000001,0.5,3.0,362,6,289,2,0,4,True,True,True,True
Full Model,5,87,A,10.0,6,59.770114942528735,40.229885057471265,0.0,24,-18,1,Very Easy,0.05,0.0675,1.0,3.0,365,3,291,0,0,3,True,True,True,True
Full Model,5,88,P,-10.0,9,59.09090909090909,40.90909090909091,0.0,42,18,2,Easy,0.05,0.05500000000000001,0.75,3.0,369,4,294,1,0,3,True,True,True,True
Full Model,5,89,P,-10.0,11,58.42696629213483,41.57303370786517,0.0,42,0,2,Easy,0.05,0.05500000000000001,0.6,3.0,374,5,298,0,1,4,True,True,True,True
Full Model,5,90,A,10.0,8,58.888888888888886,41.111111111111114,0.0,24,-18,1,Very Easy,0.05,0.0675,0.75,3.0,378,4,301,0,0,4,True,True,True,True
Full Model,5,91,P,-10.0,11,58.24175824175824,41.75824175824176,0.0,42,18,2,Easy,0.05,0.05500000000000001,0.6,3.0,383,5,305,0,0,5,True,True,True,True
Full Model,5,92,A,10.0,10,58.69565217391305,41.30434782608695,0.0,42,0,2,Easy,0.05,0.05500000000000001,0.6,3.0,388,5,309,0,0,5,True,True,True,True
Full Model,5,93,P,-10.0,13,58.064516129032256,41.935483870967744,0.0,42,0,2,Easy,0.05,0.05500000000000001,0.5,3.0,394,6,314,0,1,5,True,True,True,True
Full Model,5,94,P,-10.0,7,57.4468085106383,42.5531914893617,0.0,60,18,3,Normal,0.05,0.05,1.0,3.0,397,3,316,0,0,3,True,True,True,True
Full Model,5,95,A,10.0,12,57.89473684210526,42.10526315789474,0.0,60,0,3,Normal,0.05,0.05,0.5,3.0,403,6,321,0,0,6,True,True,True,True
Full Model,5,96,A,10.0,12,58.333333333333336,41.666666666666664,0.0,60,0,3,Normal,0.05,0.05,0.5,3.0,409,6,326,1,0,5,True,True,True,True
Full Model,5,97,A,10.0,8,58.76288659793814,41.23711340206186,0.0,60,0,3,Normal,0.05,0.05,0.75,3.0,413,4,329,1,0,3,True,True,True,True
Full Model,5,98,P,-10.0,9,58.16326530612245,41.83673469387755,0.0,60,0,3,Normal,0.05,0.05,0.75,3.0,417,4,331,0,0,4,True,True,True,True
Full Model,5,99,A,10.0,8,58.58585858585859,41.41414141414141,0.0,42,-18,2,Easy,0.05,0.05500000000000001,0.75,3.0,421,4,334,2,0,2,True,True,True,True
Full Model,5,100,P,-10.0,7,58.0,42.0,0.0,60,18,3,Normal,0.05,0.05,1.0,3.0,424,3,336,0,0,3,True,True,True,True
Without Tactical Policy,1,1,P,-10.0,5,0.0,100.0,0.0,60,10,1,Very Easy,0.95,1.0,1.5,3.0,2,2,2,0,2,0,True,False,True,True
Without Tactical Policy,1,2,P,-10.0,9,0.0,100.0,0.0,70,10,1,Very Easy,0.9025,1.0,0.75,3.0,6,4,6,0,4,0,True,False,True,True
Without Tactical Policy,1,3,A,10.0,12,33.333333333333336,66.66666666666667,0.0,62,-8,3,Normal,0.8573749999999999,0.6859,0.5,3.0,12,6,12,0,6,0,True,False,True,True
Without Tactical Policy,1,4,P,-10.0,11,25.0,75.0,0.0,72,10,4,Hard,0.8145062499999999,0.40725312499999994,0.6,3.0,17,5,17,0,3,2,True,False,True,True
Without Tactical Policy,1,5,P,-10.0,13,20.0,80.0,0.0,82,10,5,Expert,0.7737809374999999,0.19344523437499997,0.5,3.0,23,6,23,0,2,4,True,False,True,True
Without Tactical Policy,1,6,A,10.0,6,33.333333333333336,66.66666666666667,0.0,74,-8,4,Hard,0.7350918906249998,0.3675459453124999,1.0,3.0,26,3,26,0,1,2,True,False,True,True
Without Tactical Policy,1,7,A,10.0,14,42.857142857142854,57.142857142857146,0.0,66,-8,4,Hard,0.6983372960937497,0.34916864804687486,0.42857142857142855,3.0,33,7,32,0,2,5,True,False,True,True
Without Tactical Policy,1,8,A,10.0,12,50.0,50.0,0.0,58,-8,3,Normal,0.6634204312890623,0.5307363450312498,0.5,3.0,39,6,38,0,0,6,True,False,True,True
Without Tactical Policy,1,9,A,10.0,8,55.55555555555556,44.44444444444444,0.0,50,-8,3,Normal,0.6302494097246091,0.5041995277796872,0.75,3.0,43,4,42,0,1,3,True,False,True,True
Without Tactical Policy,1,10,A,10.0,8,60.0,40.0,0.0,42,-8,2,Easy,0.5987369392383786,0.6586106331622165,0.75,3.0,47,4,45,0,1,3,True,False,True,True
Without Tactical Policy,1,11,P,-10.0,7,54.54545454545455,45.45454545454545,0.0,42,0,2,Easy,0.5688000922764596,0.6256801015041056,1.0,3.0,50,3,48,0,2,1,True,False,True,True
Without Tactical Policy,1,12,P,-10.0,7,50.0,50.0,0.0,42,0,2,Easy,0.5403600876626365,0.5943960964289002,1.0,3.0,53,3,50,0,3,0,True,False,True,True
Without Tactical Policy,1,13,A,10.0,12,53.84615384615385,46.15384615384615,0.0,42,0,2,Easy,0.5133420832795047,0.5646762916074552,0.5,3.0,59,6,55,0,3,3,True,False,True,True
Without Tactical Policy,1,14,P,-10.0,9,50.0,50.0,0.0,42,0,2,Easy,0.48767497911552943,0.5364424770270824,0.75,3.0,63,4,59,0,1,3,True,False,True,True
Without Tactical Policy,1,15,P,-10.0,11,46.666666666666664,53.333333333333336,0.0,42,0,2,Easy,0.46329123015975293,0.5096203531757283,0.6,3.0,68,5,63,0,2,3,True,False,True,True
Without Tactical Policy,1,16,P,-10.0,11,43.75,56.25,0.0,60,18,3,Normal,0.44012666865176525,0.3521013349214122,0.6,3.0,73,5,68,0,4,1,True,False,True,True
Without Tactical Policy,1,17,P,-10.0,7,41.1764705882353,58.8235294117647,0.0,78,18,4,Hard,0.41812033521917696,0.20906016760958848,1.0,3.0,76,3,70,0,1,2,True,False,True,True
Without Tactical Policy,1,18,P,-10.0,7,38.888888888888886,61.111111111111114,0.0,96,18,5,Expert,0.3972143184582181,0.09930357961455452,1.0,3.0,79,3,73,0,1,2,True,False,True,True
Without Tactical Policy,1,19,P,-10.0,9,36.8421052631579,63.1578947368421,0.0,100,4,5,Expert,0.37735360253530714,0.09433840063382679,0.75,3.0,83,4,76,0,0,4,True,False,True,True
Without Tactical Policy,1,20,A,10.0,14,40.0,60.0,0.0,100,0,5,Expert,0.35848592240854177,0.08962148060213544,0.42857142857142855,3.0,90,7,82,0,0,7,True,False,True,True
Without Tactical Policy,1,21,P,-10.0,7,38.095238095238095,61.904761904761905,0.0,100,0,5,Expert,0.34056162628811465,0.08514040657202866,1.0,3.0,93,3,84,0,0,3,True,False,True,True
Without Tactical Policy,1,22,A,10.0,14,40.90909090909091,59.09090909090909,0.0,96,-4,5,Expert,0.3235335449737089,0.08088338624342722,0.42857142857142855,3.0,100,7,90,0,2,5,True,False,True,True
Without Tactical Policy,1,23,P,-10.0,9,39.130434782608695,60.869565217391305,0.0,100,4,5,Expert,0.30735686772502346,0.07683921693125587,0.75,3.0,104,4,93,0,0,4,True,False,True,True
Without Tactical Policy,1,24,P,-10.0,11,37.5,62.5,0.0,100,0,5,Expert,0.2919890243387723,0.07299725608469307,0.6,3.0,109,5,97,0,1,4,True,False,True,True
Without Tactical Policy,1,25,P,-10.0,5,36.0,64.0,0.0,100,0,5,Expert,0.27738957312183365,0.06934739328045841,1.5,3.0,111,2,98,0,0,2,True,False,True,True
Without Tactical Policy,1,26,P,-10.0,11,34.61538461538461,65.38461538461539,0.0,100,0,5,Expert,0.263520094465742,0.0658800236164355,0.6,3.0,116,5,102,0,0,5,True,False,True,True
Without Tactical Policy,1,27,P,-10.0,11,33.333333333333336,66.66666666666667,0.0,100,0,5,Expert,0.25034408974245487,0.06258602243561372,0.6,3.0,121,5,107,0,0,5,True,False,True,True
Without Tactical Policy,1,28,A,10.0,12,35.714285714285715,64.28571428571429,0.0,96,-4,5,Expert,0.2378268852553321,0.059456721313833026,0.5,3.0,127,6,112,0,0,6,True,False,True,True
Without Tactical Policy,1,29,P,-10.0,11,34.48275862068966,65.51724137931035,0.0,96,0,5,Expert,0.2259355409925655,0.05648388524814137,0.6,3.0,132,5,116,0,0,5,True,False,True,True
Without Tactical Policy,1,30,P,-10.0,13,33.333333333333336,66.66666666666667,0.0,100,4,5,Expert,0.2146387639429372,0.0536596909857343,0.5,3.0,138,6,122,0,1,5,True,False,True,True
Without Tactical Policy,1,31,P,-10.0,13,32.25806451612903,67.74193548387096,0.0,100,0,5,Expert,0.20390682574579033,0.05097670643644758,0.5,3.0,144,6,127,0,0,6,True,False,True,True
Without Tactical Policy,1,32,A,10.0,12,34.375,65.625,0.0,100,0,5,Expert,0.1937114844585008,0.05,0.5,3.0,150,6,132,0,1,5,True,False,True,True
Without Tactical Policy,1,33,P,-10.0,9,33.333333333333336,66.66666666666667,0.0,100,0,5,Expert,0.18402591023557577,0.05,0.75,3.0,154,4,135,0,0,4,True,False,True,True
Without Tactical Policy,1,34,A,10.0,6,35.294117647058826,64.70588235294117,0.0,96,-4,5,Expert,0.17482461472379698,0.05,1.0,3.0,157,3,137,0,0,3,True,False,True,True
Without Tactical Policy,1,35,P,-10.0,9,34.285714285714285,65.71428571428571,0.0,96,0,5,Expert,0.16608338398760714,0.05,0.75,3.0,161,4,140,0,0,4,True,False,True,True
Without Tactical Policy,1,36,P,-10.0,13,33.333333333333336,66.66666666666667,0.0,96,0,5,Expert,0.15777921478822676,0.05,0.5,3.0,167,6,145,0,0,6,True,False,True,True
Without Tactical Policy,1,37,P,-10.0,13,32.432432432432435,67.56756756756756,0.0,96,0,5,Expert,0.14989025404881542,0.05,0.5,3.0,173,6,150,0,0,6,True,False,True,True
Without Tactical Policy,1,38,A,10.0,14,34.21052631578947,65.78947368421052,0.0,96,0,5,Expert,0.14239574134637464,0.05,0.42857142857142855,3.0,180,7,156,0,1,6,True,False,True,True
Without Tactical Policy,1,39,P,-10.0,11,33.333333333333336,66.66666666666667,0.0,96,0,5,Expert,0.1352759542790559,0.05,0.6,3.0,185,5,160,0,0,5,True,False,True,True
Without Tactical Policy,1,40,A,10.0,8,35.0,65.0,0.0,78,-18,4,Hard,0.1285121565651031,0.06425607828255155,0.75,3.0,189,4,163,0,2,2,True,False,True,True
Without Tactical Policy,1,41,P,-10.0,9,34.146341463414636,65.85365853658537,0.0,78,0,4,Hard,0.12208654873684793,0.061043274368423966,0.75,3.0,193,4,167,0,0,4,True,False,True,True
Without Tactical Policy,1,42,A,10.0,10,35.714285714285715,64.28571428571429,0.0,78,0,4,Hard,0.11598222130000553,0.057991110650002765,0.6,3.0,198,5,171,0,0,5,True,False,True,True
Without Tactical Policy,1,43,P,-10.0,9,34.883720930232556,65.11627906976744,0.0,78,0,4,Hard,0.11018311023500525,0.055091555117502626,0.75,3.0,202,4,174,0,0,4,True,False,True,True
Without Tactical Policy,1,44,P,-10.0,7,34.09090909090909,65.9090909090909,0.0,96,18,5,Expert,0.10467395472325498,0.05,1.0,3.0,205,3,176,0,0,3,True,False,True,True
Without Tactical Policy,1,45,A,10.0,10,35.55555555555556,64.44444444444444,0.0,78,-18,4,Hard,0.09944025698709223,0.05,0.6,3.0,210,5,181,0,1,4,True,False,True,True
Without Tactical Policy,1,46,A,10.0,10,36.95652173913044,63.04347826086956,0.0,60,-18,3,Normal,0.09446824413773762,0.0755745953101901,0.6,3.0,215,5,185,0,1,4,True,False,True,True
Without Tactical Policy,1,47,A,10.0,14,38.297872340425535,61.702127659574465,0.0,42,-18,2,Easy,0.08974483193085074,0.09871931512393582,0.42857142857142855,3.0,222,7,191,0,2,5,True,False,True,True
Without Tactical Policy,1,48,P,-10.0,9,37.5,62.5,0.0,60,18,3,Normal,0.0852575903343082,0.06820607226744656,0.75,3.0,226,4,194,0,0,4,True,False,True,True
Without Tactical Policy,1,49,P,-10.0,13,36.734693877551024,63.265306122448976,0.0,60,0,3,Normal,0.08099471081759278,0.06479576865407423,0.5,3.0,232,6,199,0,0,6,True,False,True,True
Without Tactical Policy,1,50,P,-10.0,5,36.0,64.0,0.0,78,18,4,Hard,0.07694497527671314,0.05,1.5,3.0,234,2,200,0,0,2,True,False,True,True
Without Tactical Policy,1,51,A,10.0,12,37.254901960784316,62.745098039215684,0.0,60,-18,3,Normal,0.07309772651287748,0.05847818121030199,0.5,3.0,240,6,205,0,0,6,True,False,True,True
Without Tactical Policy,1,52,P,-10.0,11,36.53846153846154,63.46153846153846,0.0,78,18,4,Hard,0.0694428401872336,0.05,0.6,3.0,245,5,209,0,2,3,True,False,True,True
Without Tactical Policy,1,53,P,-10.0,9,35.84905660377358,64.15094339622641,0.0,78,0,4,Hard,0.0659706981778719,0.05,0.75,3.0,249,4,212,0,0,4,True,False,True,True
Without Tactical Policy,1,54,A,10.0,10,37.03703703703704,62.96296296296296,0.0,60,-18,3,Normal,0.0626721632689783,0.050137730615182646,0.6,3.0,254,5,216,0,1,4,True,False,True,True
Without Tactical Policy,1,55,P,-10.0,13,36.36363636363637,63.63636363636363,0.0,78,18,4,Hard,0.059538555105529384,0.05,0.5,3.0,260,6,221,0,0,6,True,False,True,True
Without Tactical Policy,1,56,P,-10.0,7,35.714285714285715,64.28571428571429,0.0,96,18,5,Expert,0.05656162735025291,0.05,1.0,3.0,263,3,223,0,0,3,True,False,True,True
Without Tactical Policy,1,57,A,10.0,6,36.8421052631579,63.1578947368421,0.0,96,0,5,Expert,0.053733545982740265,0.05,1.0,3.0,266,3,225,0,0,3,True,False,True,True
Without Tactical Policy,1,58,A,10.0,10,37.93103448275862,62.06896551724138,0.0,78,-18,4,Hard,0.05104686868360325,0.05,0.6,3.0,271,5,229,0,0,5,True,False,True,True
Without Tactical Policy,1,59,P,-10.0,9,37.28813559322034,62.71186440677966,0.0,78,0,4,Hard,0.05,0.05,0.75,3.0,275,4,232,0,0,4,True,False,True,True
Without Tactical Policy,1,60,P,-10.0,7,36.666666666666664,63.333333333333336,0.0,78,0,4,Hard,0.05,0.05,1.0,3.0,278,3,234,0,0,3,True,False,True,True
Without Tactical Policy,1,61,A,10.0,6,37.704918032786885,62.295081967213115,0.0,78,0,4,Hard,0.05,0.05,1.0,3.0,281,3,236,0,0,3,True,False,True,True
Without Tactical Policy,1,62,P,-10.0,7,37.096774193548384,62.903225806451616,0.0,78,0,4,Hard,0.05,0.05,1.0,3.0,284,3,238,0,1,2,True,False,True,True
Without Tactical Policy,1,63,P,-10.0,13,36.507936507936506,63.492063492063494,0.0,78,0,4,Hard,0.05,0.05,0.5,3.0,290,6,243,0,0,6,True,False,True,True
Without Tactical Policy,1,64,A,10.0,10,37.5,62.5,0.0,78,0,4,Hard,0.05,0.05,0.6,3.0,295,5,247,0,0,5,True,False,True,True
Without Tactical Policy,1,65,P,-10.0,7,36.92307692307692,63.07692307692308,0.0,78,0,4,Hard,0.05,0.05,1.0,3.0,298,3,249,0,0,3,True,False,True,True
Without Tactical Policy,1,66,P,-10.0,9,36.36363636363637,63.63636363636363,0.0,78,0,4,Hard,0.05,0.05,0.75,3.0,302,4,252,0,0,4,True,False,True,True
Without Tactical Policy,1,67,A,10.0,10,37.3134328358209,62.6865671641791,0.0,78,0,4,Hard,0.05,0.05,0.6,3.0,307,5,256,0,0,5,True,False,True,True
Without Tactical Policy,1,68,A,10.0,14,38.23529411764706,61.76470588235294,0.0,78,0,4,Hard,0.05,0.05,0.42857142857142855,3.0,314,7,262,0,1,6,True,False,True,True
Without Tactical Policy,1,69,A,10.0,10,39.130434782608695,60.869565217391305,0.0,60,-18,3,Normal,0.05,0.05,0.6,3.0,319,5,266,0,0,5,True,False,True,True
Without Tactical Policy,1,70,P,-10.0,13,38.57142857142857,61.42857142857143,0.0,60,0,3,Normal,0.05,0.05,0.5,3.0,325,6,271,0,0,6,True,False,True,True
Without Tactical Policy,1,71,P,-10.0,9,38.028169014084504,61.971830985915496,0.0,78,18,4,Hard,0.05,0.05,0.75,3.0,329,4,274,0,0,4,True,False,True,True
Without Tactical Policy,1,72,A,10.0,10,38.888888888888886,61.111111111111114,0.0,60,-18,3,Normal,0.05,0.05,0.6,3.0,334,5,278,0,0,5,True,False,True,True
Without Tactical Policy,1,73,P,-10.0,9,38.35616438356164,61.64383561643836,0.0,60,0,3,Normal,0.05,0.05,0.75,3.0,338,4,281,0,0,4,True,False,True,True
Without Tactical Policy,1,74,P,-10.0,11,37.83783783783784,62.16216216216216,0.0,78,18,4,Hard,0.05,0.05,0.6,3.0,343,5,285,0,0,5,True,False,True,True
Without Tactical Policy,1,75,A,10.0,8,38.666666666666664,61.333333333333336,0.0,60,-18,3,Normal,0.05,0.05,0.75,3.0,347,4,288,0,0,4,True,False,True,True
Without Tactical Policy,1,76,A,10.0,10,39.473684210526315,60.526315789473685,0.0,42,-18,2,Easy,0.05,0.05500000000000001,0.6,3.0,352,5,292,0,1,4,True,False,True,True
Without Tactical Policy,1,77,A,10.0,8,40.25974025974026,59.74025974025974,0.0,42,0,2,Easy,0.05,0.05500000000000001,0.75,3.0,356,4,295,0,0,4,True,False,True,True
Without Tactical Policy,1,78,P,-10.0,5,39.743589743589745,60.256410256410255,0.0,60,18,3,Normal,0.05,0.05,1.5,3.0,358,2,296,0,0,2,True,False,True,True
Without Tactical Policy,1,79,P,-10.0,5,39.24050632911393,60.75949367088607,0.0,78,18,4,Hard,0.05,0.05,1.5,3.0,360,2,297,0,0,2,True,False,True,True
Without Tactical Policy,1,80,P,-10.0,11,38.75,61.25,0.0,78,0,4,Hard,0.05,0.05,0.6,3.0,365,5,301,0,1,4,True,False,True,True
Without Tactical Policy,1,81,A,10.0,10,39.50617283950617,60.49382716049383,0.0,60,-18,3,Normal,0.05,0.05,0.6,3.0,370,5,305,0,0,5,True,False,True,True
Without Tactical Policy,1,82,A,10.0,8,40.24390243902439,59.75609756097561,0.0,60,0,3,Normal,0.05,0.05,0.75,3.0,374,4,308,0,0,4,True,False,True,True
Without Tactical Policy,1,83,A,10.0,8,40.963855421686745,59.036144578313255,0.0,42,-18,2,Easy,0.05,0.05500000000000001,0.75,3.0,378,4,311,0,1,3,True,False,True,True
Without Tactical Policy,1,84,A,10.0,6,41.666666666666664,58.333333333333336,0.0,24,-18,1,Very Easy,0.05,0.0675,1.0,3.0,381,3,312,0,0,3,True,False,True,True
Without Tactical Policy,1,85,P,-10.0,13,41.1764705882353,58.8235294117647,0.0,42,18,2,Easy,0.05,0.05500000000000001,0.5,3.0,387,6,317,0,0,6,True,False,True,True
Without Tactical Policy,1,86,A,10.0,10,41.86046511627907,58.13953488372093,0.0,42,0,2,Easy,0.05,0.05500000000000001,0.6,3.0,392,5,321,0,0,5,True,False,True,True
Without Tactical Policy,1,87,P,-10.0,13,41.37931034482759,58.62068965517241,0.0,60,18,3,Normal,0.05,0.05,0.5,3.0,398,6,326,0,1,5,True,False,True,True
Without Tactical Policy,1,88,A,10.0,10,42.04545454545455,57.95454545454545,0.0,42,-18,2,Easy,0.05,0.05500000000000001,0.6,3.0,403,5,330,0,0,5,True,False,True,True
Without Tactical Policy,1,89,A,10.0,10,42.69662921348315,57.30337078651685,0.0,24,-18,1,Very Easy,0.05,0.0675,0.6,3.0,408,5,333,0,0,5,True,False,True,True
Without Tactical Policy,1,90,P,-10.0,9,42.22222222222222,57.77777777777778,0.0,24,0,1,Very Easy,0.05,0.0675,0.75,3.0,412,4,336,0,0,4,True,False,True,True
Without Tactical Policy,1,91,P,-10.0,9,41.75824175824176,58.24175824175824,0.0,42,18,2,Easy,0.05,0.05500000000000001,0.75,3.0,416,4,339,0,0,4,True,False,True,True
Without Tactical Policy,1,92,A,10.0,12,42.391304347826086,57.608695652173914,0.0,42,0,2,Easy,0.05,0.05500000000000001,0.5,3.0,422,6,344,0,1,5,True,False,True,True
Without Tactical Policy,1,93,P,-10.0,11,41.935483870967744,58.064516129032256,0.0,60,18,3,Normal,0.05,0.05,0.6,3.0,427,5,348,0,0,5,True,False,True,True
Without Tactical Policy,1,94,A,10.0,6,42.5531914893617,57.4468085106383,0.0,60,0,3,Normal,0.05,0.05,1.0,3.0,430,3,350,0,0,3,True,False,True,True
Without Tactical Policy,1,95,A,10.0,12,43.1578947368421,56.8421052631579,0.0,42,-18,2,Easy,0.05,0.05500000000000001,0.5,3.0,436,6,355,0,0,6,True,False,True,True
Without Tactical Policy,1,96,A,10.0,6,43.75,56.25,0.0,42,0,2,Easy,0.05,0.05500000000000001,1.0,3.0,439,3,356,0,0,3,True,False,True,True
Without Tactical Policy,1,97,A,10.0,6,44.329896907216494,55.670103092783506,0.0,24,-18,1,Very Easy,0.05,0.0675,1.0,3.0,442,3,358,0,0,3,True,False,True,True
Without Tactical Policy,1,98,A,10.0,12,44.89795918367347,55.10204081632653,0.0,24,0,1,Very Easy,0.05,0.0675,0.5,3.0,448,6,363,0,0,6,True,False,True,True
Without Tactical Policy,1,99,A,10.0,14,45.45454545454545,54.54545454545455,0.0,24,0,1,Very Easy,0.05,0.0675,0.42857142857142855,3.0,455,7,369,0,1,6,True,False,True,True
Without Tactical Policy,1,100,P,-10.0,7,45.0,55.0,0.0,24,0,1,Very Easy,0.05,0.0675,1.0,3.0,458,3,371,0,1,2,True,False,True,True
Without Tactical Policy,2,1,A,10.0,10,100.0,0.0,0.0,42,-8,1,Very Easy,0.95,1.0,0.6,3.0,5,5,5,0,5,0,True,False,True,True
Without Tactical Policy,2,2,A,10.0,10,100.0,0.0,0.0,34,-8,1,Very Easy,0.9025,1.0,0.6,3.0,10,5,10,0,5,0,True,False,True,True
Without Tactical Policy,2,3,P,-10.0,9,66.66666666666667,33.333333333333336,0.0,44,10,2,Easy,0.8573749999999999,0.9431124999999999,0.75,3.0,14,4,14,0,4,0,True,False,True,True
Without Tactical Policy,2,4,P,-10.0,9,50.0,50.0,0.0,54,10,3,Normal,0.8145062499999999,0.651605,0.75,3.0,18,4,18,0,3,1,True,False,True,True
Without Tactical Policy,2,5,A,10.0,12,60.0,40.0,0.0,46,-8,3,Normal,0.7737809374999999,0.6190247499999999,0.5,3.0,24,6,23,0,2,4,True,False,True,True
Without Tactical Policy,2,6,A,10.0,10,66.66666666666667,33.333333333333336,0.0,38,-8,2,Easy,0.7350918906249998,0.8086010796874998,0.6,3.0,29,5,27,0,4,1,True,False,True,True
Without Tactical Policy,2,7,P,-10.0,7,57.142857142857146,42.857142857142854,0.0,48,10,3,Normal,0.6983372960937497,0.5586698368749998,1.0,3.0,32,3,30,0,3,0,True,False,True,True
Without Tactical Policy,2,8,P,-10.0,7,50.0,50.0,0.0,58,10,3,Normal,0.6634204312890623,0.5307363450312498,1.0,3.0,35,3,32,0,0,3,True,False,True,True
Without Tactical Policy,2,9,P,-10.0,11,44.44444444444444,55.55555555555556,0.0,68,10,4,Hard,0.6302494097246091,0.31512470486230454,0.6,3.0,40,5,37,0,4,1,True,False,True,True
Without Tactical Policy,2,10,P,-10.0,7,40.0,60.0,0.0,78,10,4,Hard,0.5987369392383786,0.2993684696191893,1.0,3.0,43,3,39,0,2,1,True,False,True,True
Without Tactical Policy,2,11,P,-10.0,7,36.36363636363637,63.63636363636363,0.0,96,18,5,Expert,0.5688000922764596,0.1422000230691149,1.0,3.0,46,3,41,0,0,3,True,False,True,True
Without Tactical Policy,2,12,P,-10.0,11,33.333333333333336,66.66666666666667,0.0,100,4,5,Expert,0.5403600876626365,0.13509002191565914,0.6,3.0,51,5,46,0,0,5,True,False,True,True
Without Tactical Policy,2,13,P,-10.0,13,30.76923076923077,69.23076923076923,0.0,100,0,5,Expert,0.5133420832795047,0.12833552081987618,0.5,3.0,57,6,52,0,0,6,True,False,True,True
Without Tactical Policy,2,14,P,-10.0,11,28.571428571428573,71.42857142857143,0.0,100,0,5,Expert,0.48767497911552943,0.12191874477888236,0.6,3.0,62,5,56,0,0,5,True,False,True,True
Without Tactical Policy,2,15,A,10.0,8,33.333333333333336,66.66666666666667,0.0,100,0,5,Expert,0.46329123015975293,0.11582280753993823,0.75,3.0,66,4,60,0,2,2,True,False,True,True
Without Tactical Policy,2,16,P,-10.0,9,31.25,68.75,0.0,100,0,5,Expert,0.44012666865176525,0.11003166716294131,0.75,3.0,70,4,63,0,2,2,True,False,True,True
Without Tactical Policy,2,17,P,-10.0,5,29.41176470588235,70.58823529411765,0.0,100,0,5,Expert,0.41812033521917696,0.10453008380479424,1.5,3.0,72,2,65,0,0,2,True,False,True,True
Without Tactical Policy,2,18,P,-10.0,5,27.77777777777778,72.22222222222223,0.0,100,0,5,Expert,0.3972143184582181,0.09930357961455452,1.5,3.0,74,2,67,0,0,2,True,False,True,True
Without Tactical Policy,2,19,A,10.0,10,31.57894736842105,68.42105263157895,0.0,100,0,5,Expert,0.37735360253530714,0.09433840063382679,0.6,3.0,79,5,72,0,2,3,True,False,True,True
Without Tactical Policy,2,20,P,-10.0,11,30.0,70.0,0.0,100,0,5,Expert,0.35848592240854177,0.08962148060213544,0.6,3.0,84,5,75,0,1,4,True,False,True,True
Without Tactical Policy,2,21,P,-10.0,7,28.571428571428573,71.42857142857143,0.0,100,0,5,Expert,0.34056162628811465,0.08514040657202866,1.0,3.0,87,3,77,0,0,3,True,False,True,True
Without Tactical Policy,2,22,P,-10.0,11,27.272727272727273,72.72727272727273,0.0,100,0,5,Expert,0.3235335449737089,0.08088338624342722,0.6,3.0,92,5,81,0,1,4,True,False,True,True
Without Tactical Policy,2,23,A,10.0,8,30.434782608695652,69.56521739130434,0.0,96,-4,5,Expert,0.30735686772502346,0.07683921693125587,0.75,3.0,96,4,84,0,0,4,True,False,True,True
Without Tactical Policy,2,24,A,10.0,12,33.333333333333336,66.66666666666667,0.0,78,-18,4,Hard,0.2919890243387723,0.14599451216938614,0.5,3.0,102,6,89,0,0,6,True,False,True,True
Without Tactical Policy,2,25,P,-10.0,11,32.0,68.0,0.0,96,18,5,Expert,0.27738957312183365,0.06934739328045841,0.6,3.0,107,5,94,0,1,4,True,False,True,True
Without Tactical Policy,2,26,A,10.0,16,34.61538461538461,65.38461538461539,0.0,78,-18,4,Hard,0.263520094465742,0.131760047232871,0.375,3.0,115,8,101,0,0,8,True,False,True,True
Without Tactical Policy,2,27,P,-10.0,11,33.333333333333336,66.66666666666667,0.0,78,0,4,Hard,0.25034408974245487,0.12517204487122743,0.6,3.0,120,5,106,0,0,5,True,False,True,True
Without Tactical Policy,2,28,P,-10.0,9,32.142857142857146,67.85714285714286,0.0,78,0,4,Hard,0.2378268852553321,0.11891344262766605,0.75,3.0,124,4,109,0,0,4,True,False,True,True
Without Tactical Policy,2,29,P,-10.0,9,31.03448275862069,68.96551724137932,0.0,96,18,5,Expert,0.2259355409925655,0.05648388524814137,0.75,3.0,128,4,112,0,0,4,True,False,True,True
Without Tactical Policy,2,30,P,-10.0,7,30.0,70.0,0.0,96,0,5,Expert,0.2146387639429372,0.0536596909857343,1.0,3.0,131,3,114,0,0,3,True,False,True,True
Without Tactical Policy,2,31,P,-10.0,9,29.032258064516128,70.96774193548387,0.0,96,0,5,Expert,0.20390682574579033,0.05097670643644758,0.75,3.0,135,4,117,0,0,4,True,False,True,True
Without Tactical Policy,2,32,P,-10.0,11,28.125,71.875,0.0,96,0,5,Expert,0.1937114844585008,0.05,0.6,3.0,140,5,121,0,0,5,True,False,True,True
Without Tactical Policy,2,33,P,-10.0,5,27.272727272727273,72.72727272727273,0.0,100,4,5,Expert,0.18402591023557577,0.05,1.5,3.0,142,2,123,0,1,1,True,False,True,True
Without Tactical Policy,2,34,A,10.0,12,29.41176470588235,70.58823529411765,0.0,100,0,5,Expert,0.17482461472379698,0.05,0.5,3.0,148,6,128,0,0,6,True,False,True,True
Without Tactical Policy,2,35,P,-10.0,11,28.571428571428573,71.42857142857143,0.0,100,0,5,Expert,0.16608338398760714,0.05,0.6,3.0,153,5,132,0,0,5,True,False,True,True
Without Tactical Policy,2,36,A,10.0,8,30.555555555555557,69.44444444444444,0.0,100,0,5,Expert,0.15777921478822676,0.05,0.75,3.0,157,4,135,0,0,4,True,False,True,True
Without Tactical Policy,2,37,P,-10.0,9,29.72972972972973,70.27027027027027,0.0,100,0,5,Expert,0.14989025404881542,0.05,0.75,3.0,161,4,138,0,0,4,True,False,True,True
Without Tactical Policy,2,38,A,10.0,12,31.57894736842105,68.42105263157895,0.0,96,-4,5,Expert,0.14239574134637464,0.05,0.5,3.0,167,6,143,0,0,6,True,False,True,True
Without Tactical Policy,2,39,P,-10.0,13,30.76923076923077,69.23076923076923,0.0,96,0,5,Expert,0.1352759542790559,0.05,0.5,3.0,173,6,148,0,0,6,True,False,True,True
Without Tactical Policy,2,40,P,-10.0,9,30.0,70.0,0.0,96,0,5,Expert,0.1285121565651031,0.05,0.75,3.0,177,4,151,0,1,3,True,False,True,True
Without Tactical Policy,2,41,P,-10.0,7,29.26829268292683,70.73170731707317,0.0,96,0,5,Expert,0.12208654873684793,0.05,1.0,3.0,180,3,152,0,0,3,True,False,True,True
Without Tactical Policy,2,42,P,-10.0,9,28.571428571428573,71.42857142857143,0.0,96,0,5,Expert,0.11598222130000553,0.05,0.75,3.0,184,4,155,0,0,4,True,False,True,True
Without Tactical Policy,2,43,A,10.0,10,30.232558139534884,69.76744186046511,0.0,78,-18,4,Hard,0.11018311023500525,0.055091555117502626,0.6,3.0,189,5,159,0,0,5,True,False,True,True
Without Tactical Policy,2,44,P,-10.0,9,29.545454545454547,70.45454545454545,0.0,96,18,5,Expert,0.10467395472325498,0.05,0.75,3.0,193,4,162,0,0,4,True,False,True,True
Without Tactical Policy,2,45,A,10.0,14,31.11111111111111,68.88888888888889,0.0,78,-18,4,Hard,0.09944025698709223,0.05,0.42857142857142855,3.0,200,7,168,0,1,6,True,False,True,True
Without Tactical Policy,2,46,P,-10.0,9,30.434782608695652,69.56521739130434,0.0,96,18,5,Expert,0.09446824413773762,0.05,0.75,3.0,204,4,171,0,0,4,True,False,True,True
Without Tactical Policy,2,47,A,10.0,12,31.914893617021278,68.08510638297872,0.0,78,-18,4,Hard,0.08974483193085074,0.05,0.5,3.0,210,6,176,0,0,6,True,False,True,True
Without Tactical Policy,2,48,A,10.0,10,33.333333333333336,66.66666666666667,0.0,78,0,4,Hard,0.0852575903343082,0.05,0.6,3.0,215,5,179,0,0,5,True,False,True,True
Without Tactical Policy,2,49,A,10.0,6,34.69387755102041,65.3061224489796,0.0,60,-18,3,Normal,0.08099471081759278,0.06479576865407423,1.0,3.0,218,3,181,0,0,3,True,False,True,True
Without Tactical Policy,2,50,A,10.0,6,36.0,64.0,0.0,42,-18,2,Easy,0.07694497527671314,0.08463947280438446,1.0,3.0,221,3,183,0,0,3,True,False,True,True
Without Tactical Policy,2,51,P,-10.0,9,35.294117647058826,64.70588235294117,0.0,42,0,2,Easy,0.07309772651287748,0.08040749916416523,0.75,3.0,225,4,186,0,0,4,True,False,True,True
Without Tactical Policy,2,52,A,10.0,8,36.53846153846154,63.46153846153846,0.0,24,-18,1,Very Easy,0.0694428401872336,0.09374783425276537,0.75,3.0,229,4,189,0,1,3,True,False,True,True
Without Tactical Policy,2,53,P,-10.0,7,35.84905660377358,64.15094339622641,0.0,42,18,2,Easy,0.0659706981778719,0.0725677679956591,1.0,3.0,232,3,191,0,0,3,True,False,True,True
Without Tactical Policy,2,54,A,10.0,10,37.03703703703704,62.96296296296296,0.0,24,-18,1,Very Easy,0.0626721632689783,0.0846074204131207,0.6,3.0,237,5,195,0,0,5,True,False,True,True
Without Tactical Policy,2,55,P,-10.0,9,36.36363636363637,63.63636363636363,0.0,42,18,2,Easy,0.059538555105529384,0.06549241061608232,0.75,3.0,241,4,198,0,0,4,True,False,True,True
Without Tactical Policy,2,56,A,10.0,10,37.5,62.5,0.0,24,-18,1,Very Easy,0.05656162735025291,0.07635819692284143,0.6,3.0,246,5,202,0,0,5,True,False,True,True
Without Tactical Policy,2,57,P,-10.0,11,36.8421052631579,63.1578947368421,0.0,42,18,2,Easy,0.053733545982740265,0.059106900581014296,0.6,3.0,251,5,206,0,1,4,True,False,True,True
Without Tactical Policy,2,58,A,10.0,10,37.93103448275862,62.06896551724138,0.0,42,0,2,Easy,0.05104686868360325,0.056151555551963585,0.6,3.0,256,5,210,0,1,4,True,False,True,True
Without Tactical Policy,2,59,A,10.0,12,38.983050847457626,61.016949152542374,0.0,42,0,2,Easy,0.05,0.05500000000000001,0.5,3.0,262,6,215,0,0,6,True,False,True,True
Without Tactical Policy,2,60,A,10.0,10,40.0,60.0,0.0,42,0,2,Easy,0.05,0.05500000000000001,0.6,3.0,267,5,219,0,0,5,True,False,True,True
Without Tactical Policy,2,61,P,-10.0,13,39.34426229508197,60.65573770491803,0.0,42,0,2,Easy,0.05,0.05500000000000001,0.5,3.0,273,6,224,0,1,5,True,False,True,True
Without Tactical Policy,2,62,A,10.0,8,40.32258064516129,59.67741935483871,0.0,42,0,2,Easy,0.05,0.05500000000000001,0.75,3.0,277,4,227,0,0,4,True,False,True,True
Without Tactical Policy,2,63,P,-10.0,9,39.682539682539684,60.317460317460316,0.0,42,0,2,Easy,0.05,0.05500000000000001,0.75,3.0,281,4,230,0,0,4,True,False,True,True
Without Tactical Policy,2,64,A,10.0,8,40.625,59.375,0.0,42,0,2,Easy,0.05,0.05500000000000001,0.75,3.0,285,4,233,0,0,4,True,False,True,True
Without Tactical Policy,2,65,P,-10.0,9,40.0,60.0,0.0,42,0,2,Easy,0.05,0.05500000000000001,0.75,3.0,289,4,236,0,1,3,True,False,True,True
Without Tactical Policy,2,66,A,10.0,10,40.90909090909091,59.09090909090909,0.0,42,0,2,Easy,0.05,0.05500000000000001,0.6,3.0,294,5,240,0,1,4,True,False,True,True
Without Tactical Policy,2,67,A,10.0,12,41.791044776119406,58.208955223880594,0.0,24,-18,1,Very Easy,0.05,0.0675,0.5,3.0,300,6,245,0,0,6,True,False,True,True
Without Tactical Policy,2,68,P,-10.0,5,41.1764705882353,58.8235294117647,0.0,42,18,2,Easy,0.05,0.05500000000000001,1.5,3.0,302,2,246,0,0,2,True,False,True,True
Without Tactical Policy,2,69,A,10.0,14,42.028985507246375,57.971014492753625,0.0,42,0,2,Easy,0.05,0.05500000000000001,0.42857142857142855,3.0,309,7,252,0,0,7,True,False,True,True
Without Tactical Policy,2,70,P,-10.0,11,41.42857142857143,58.57142857142857,0.0,60,18,3,Normal,0.05,0.05,0.6,3.0,314,5,256,0,0,5,True,False,True,True
Without Tactical Policy,2,71,P,-10.0,15,40.84507042253521,59.15492957746479,0.0,60,0,3,Normal,0.05,0.05,0.42857142857142855,3.0,321,7,262,0,1,6,True,False,True,True
Without Tactical Policy,2,72,P,-10.0,9,40.27777777777778,59.72222222222222,0.0,78,18,4,Hard,0.05,0.05,0.75,3.0,325,4,265,0,0,4,True,False,True,True
Without Tactical Policy,2,73,P,-10.0,7,39.726027397260275,60.273972602739725,0.0,78,0,4,Hard,0.05,0.05,1.0,3.0,328,3,267,0,0,3,True,False,True,True
Without Tactical Policy,2,74,P,-10.0,13,39.189189189189186,60.810810810810814,0.0,96,18,5,Expert,0.05,0.05,0.5,3.0,334,6,272,0,0,6,True,False,True,True
Without Tactical Policy,2,75,P,-10.0,9,38.666666666666664,61.333333333333336,0.0,96,0,5,Expert,0.05,0.05,0.75,3.0,338,4,275,0,0,4,True,False,True,True
Without Tactical Policy,2,76,P,-10.0,13,38.1578947368421,61.8421052631579,0.0,100,4,5,Expert,0.05,0.05,0.5,3.0,344,6,279,0,0,6,True,False,True,True
Without Tactical Policy,2,77,A,10.0,6,38.96103896103896,61.03896103896104,0.0,100,0,5,Expert,0.05,0.05,1.0,3.0,347,3,281,0,1,2,True,False,True,True
Without Tactical Policy,2,78,P,-10.0,7,38.46153846153846,61.53846153846154,0.0,100,0,5,Expert,0.05,0.05,1.0,3.0,350,3,283,0,0,3,True,False,True,True
Without Tactical Policy,2,79,P,-10.0,9,37.9746835443038,62.0253164556962,0.0,100,0,5,Expert,0.05,0.05,0.75,3.0,354,4,286,0,0,4,True,False,True,True
Without Tactical Policy,2,80,P,-10.0,9,37.5,62.5,0.0,100,0,5,Expert,0.05,0.05,0.75,3.0,358,4,289,0,0,4,True,False,True,True
Without Tactical Policy,2,81,P,-10.0,13,37.03703703703704,62.96296296296296,0.0,100,0,5,Expert,0.05,0.05,0.5,3.0,364,6,294,0,0,6,True,False,True,True
Without Tactical Policy,2,82,A,10.0,10,37.80487804878049,62.19512195121951,0.0,100,0,5,Expert,0.05,0.05,0.6,3.0,369,5,298,0,1,4,True,False,True,True
Without Tactical Policy,2,83,P,-10.0,7,37.34939759036145,62.65060240963855,0.0,100,0,5,Expert,0.05,0.05,1.0,3.0,372,3,300,0,0,3,True,False,True,True
Without Tactical Policy,2,84,P,-10.0,11,36.904761904761905,63.095238095238095,0.0,100,0,5,Expert,0.05,0.05,0.6,3.0,377,5,305,0,0,5,True,False,True,True
Without Tactical Policy,2,85,P,-10.0,7,36.470588235294116,63.529411764705884,0.0,100,0,5,Expert,0.05,0.05,1.0,3.0,380,3,307,0,1,2,True,False,True,True
Without Tactical Policy,2,86,A,10.0,14,37.2093023255814,62.7906976744186,0.0,96,-4,5,Expert,0.05,0.05,0.42857142857142855,3.0,387,7,313,0,0,7,True,False,True,True
Without Tactical Policy,2,87,A,10.0,10,37.93103448275862,62.06896551724138,0.0,96,0,5,Expert,0.05,0.05,0.6,3.0,392,5,317,0,0,5,True,False,True,True
Without Tactical Policy,2,88,A,10.0,12,38.63636363636363,61.36363636363637,0.0,78,-18,4,Hard,0.05,0.05,0.5,3.0,398,6,322,0,0,6,True,False,True,True
Without Tactical Policy,2,89,A,10.0,10,39.325842696629216,60.674157303370784,0.0,60,-18,3,Normal,0.05,0.05,0.6,3.0,403,5,326,0,0,5,True,False,True,True
Without Tactical Policy,2,90,A,10.0,10,40.0,60.0,0.0,42,-18,2,Easy,0.05,0.05500000000000001,0.6,3.0,408,5,330,0,0,5,True,False,True,True
Without Tactical Policy,2,91,P,-10.0,9,39.56043956043956,60.43956043956044,0.0,42,0,2,Easy,0.05,0.05500000000000001,0.75,3.0,412,4,333,0,0,4,True,False,True,True
Without Tactical Policy,2,92,A,10.0,8,40.21739130434783,59.78260869565217,0.0,42,0,2,Easy,0.05,0.05500000000000001,0.75,3.0,416,4,336,0,0,4,True,False,True,True
Without Tactical Policy,2,93,A,10.0,12,40.86021505376344,59.13978494623656,0.0,24,-18,1,Very Easy,0.05,0.0675,0.5,3.0,422,6,341,0,0,6,True,False,True,True
Without Tactical Policy,2,94,P,-10.0,9,40.42553191489362,59.57446808510638,0.0,24,0,1,Very Easy,0.05,0.0675,0.75,3.0,426,4,344,0,1,3,True,False,True,True
Without Tactical Policy,2,95,A,10.0,10,41.05263157894737,58.94736842105263,0.0,6,-18,1,Very Easy,0.05,0.0675,0.6,3.0,431,5,348,0,1,4,True,False,True,True
Without Tactical Policy,2,96,P,-10.0,11,40.625,59.375,0.0,24,18,1,Very Easy,0.05,0.0675,0.6,3.0,436,5,352,0,0,5,True,False,True,True
Without Tactical Policy,2,97,A,10.0,10,41.23711340206186,58.76288659793814,0.0,24,0,1,Very Easy,0.05,0.0675,0.6,3.0,441,5,356,0,0,5,True,False,True,True
Without Tactical Policy,2,98,A,10.0,12,41.83673469387755,58.16326530612245,0.0,24,0,1,Very Easy,0.05,0.0675,0.5,3.0,447,6,361,0,0,6,True,False,True,True
Without Tactical Policy,2,99,P,-10.0,7,41.41414141414141,58.58585858585859,0.0,42,18,2,Easy,0.05,0.05500000000000001,1.0,3.0,450,3,363,0,0,3,True,False,True,True
Without Tactical Policy,2,100,P,-10.0,13,41.0,59.0,0.0,60,18,3,Normal,0.05,0.05,0.5,3.0,456,6,368,0,0,6,True,False,True,True
Without Tactical Policy,3,1,A,10.0,14,100.0,0.0,0.0,42,-8,1,Very Easy,0.95,1.0,0.42857142857142855,3.0,7,7,7,0,7,0,True,False,True,True
Without Tactical Policy,3,2,P,-10.0,13,50.0,50.0,0.0,52,10,1,Very Easy,0.9025,1.0,0.5,3.0,13,6,12,0,6,0,True,False,True,True
Without Tactical Policy,3,3,P,-10.0,5,33.333333333333336,66.66666666666667,0.0,62,10,3,Normal,0.8573749999999999,0.6859,1.5,3.0,15,2,14,0,2,0,True,False,True,True
Without Tactical Policy,3,4,P,-10.0,9,25.0,75.0,0.0,72,10,4,Hard,0.8145062499999999,0.40725312499999994,0.75,3.0,19,4,18,0,3,1,True,False,True,True
Without Tactical Policy,3,5,P,-10.0,9,20.0,80.0,0.0,82,10,5,Expert,0.7737809374999999,0.19344523437499997,0.75,3.0,23,4,22,0,0,4,True,False,True,True
Without Tactical Policy,3,6,P,-10.0,11,16.666666666666668,83.33333333333333,0.0,92,10,5,Expert,0.7350918906249998,0.18377297265624995,0.6,3.0,28,5,27,0,0,5,True,False,True,True
Without Tactical Policy,3,7,A,10.0,14,28.571428571428573,71.42857142857143,0.0,84,-8,5,Expert,0.6983372960937497,0.17458432402343743,0.42857142857142855,3.0,35,7,34,0,1,6,True,False,True,True
Without Tactical Policy,3,8,A,10.0,10,37.5,62.5,0.0,76,-8,4,Hard,0.6634204312890623,0.3317102156445311,0.6,3.0,40,5,39,0,0,5,True,False,True,True
Without Tactical Policy,3,9,P,-10.0,13,33.333333333333336,66.66666666666667,0.0,86,10,5,Expert,0.6302494097246091,0.15756235243115227,0.5,3.0,46,6,44,0,1,5,True,False,True,True
Without Tactical Policy,3,10,P,-10.0,11,30.0,70.0,0.0,96,10,5,Expert,0.5987369392383786,0.14968423480959464,0.6,3.0,51,5,48,0,0,5,True,False,True,True
Without Tactical Policy,3,11,P,-10.0,9,27.272727272727273,72.72727272727273,0.0,100,4,5,Expert,0.5688000922764596,0.1422000230691149,0.75,3.0,55,4,51,0,0,4,True,False,True,True
Without Tactical Policy,3,12,P,-10.0,13,25.0,75.0,0.0,100,0,5,Expert,0.5403600876626365,0.13509002191565914,0.5,3.0,61,6,57,0,1,5,True,False,True,True
Without Tactical Policy,3,13,P,-10.0,7,23.076923076923077,76.92307692307692,0.0,100,0,5,Expert,0.5133420832795047,0.12833552081987618,1.0,3.0,64,3,59,0,1,2,True,False,True,True
Without Tactical Policy,3,14,P,-10.0,9,21.428571428571427,78.57142857142857,0.0,100,0,5,Expert,0.48767497911552943,0.12191874477888236,0.75,3.0,68,4,63,0,0,4,True,False,True,True
Without Tactical Policy,3,15,P,-10.0,11,20.0,80.0,0.0,100,0,5,Expert,0.46329123015975293,0.11582280753993823,0.6,3.0,73,5,68,0,0,5,True,False,True,True
Without Tactical Policy,3,16,A,10.0,6,25.0,75.0,0.0,96,-4,5,Expert,0.44012666865176525,0.11003166716294131,1.0,3.0,76,3,70,0,0,3,True,False,True,True
Without Tactical Policy,3,17,P,-10.0,5,23.529411764705884,76.47058823529412,0.0,100,4,5,Expert,0.41812033521917696,0.10453008380479424,1.5,3.0,78,2,72,0,0,2,True,False,True,True
Without Tactical Policy,3,18,P,-10.0,7,22.22222222222222,77.77777777777777,0.0,100,0,5,Expert,0.3972143184582181,0.09930357961455452,1.0,3.0,81,3,74,0,0,3,True,False,True,True
Without Tactical Policy,3,19,P,-10.0,7,21.05263157894737,78.94736842105263,0.0,100,0,5,Expert,0.37735360253530714,0.09433840063382679,1.0,3.0,84,3,76,0,0,3,True,False,True,True
Without Tactical Policy,3,20,P,-10.0,9,20.0,80.0,0.0,100,0,5,Expert,0.35848592240854177,0.08962148060213544,0.75,3.0,88,4,80,0,0,4,True,False,True,True
Without Tactical Policy,3,21,A,10.0,12,23.80952380952381,76.19047619047619,0.0,100,0,5,Expert,0.34056162628811465,0.08514040657202866,0.5,3.0,94,6,86,0,0,6,True,False,True,True
Without Tactical Policy,3,22,P,-10.0,13,22.727272727272727,77.27272727272727,0.0,100,0,5,Expert,0.3235335449737089,0.08088338624342722,0.5,3.0,100,6,91,0,0,6,True,False,True,True
Without Tactical Policy,3,23,A,10.0,8,26.08695652173913,73.91304347826087,0.0,96,-4,5,Expert,0.30735686772502346,0.07683921693125587,0.75,3.0,104,4,94,0,2,2,True,False,True,True
Without Tactical Policy,3,24,P,-10.0,9,25.0,75.0,0.0,96,0,5,Expert,0.2919890243387723,0.07299725608469307,0.75,3.0,108,4,98,0,0,4,True,False,True,True
Without Tactical Policy,3,25,P,-10.0,5,24.0,76.0,0.0,96,0,5,Expert,0.27738957312183365,0.06934739328045841,1.5,3.0,110,2,99,0,0,2,True,False,True,True
Without Tactical Policy,3,26,P,-10.0,13,23.076923076923077,76.92307692307692,0.0,100,4,5,Expert,0.263520094465742,0.0658800236164355,0.5,3.0,116,6,104,0,0,6,True,False,True,True
Without Tactical Policy,3,27,P,-10.0,13,22.22222222222222,77.77777777777777,0.0,100,0,5,Expert,0.25034408974245487,0.06258602243561372,0.5,3.0,122,6,109,0,2,4,True,False,True,True
Without Tactical Policy,3,28,P,-10.0,11,21.428571428571427,78.57142857142857,0.0,100,0,5,Expert,0.2378268852553321,0.059456721313833026,0.6,3.0,127,5,113,0,2,3,True,False,True,True
Without Tactical Policy,3,29,A,10.0,6,24.137931034482758,75.86206896551724,0.0,96,-4,5,Expert,0.2259355409925655,0.05648388524814137,1.0,3.0,130,3,115,0,0,3,True,False,True,True
Without Tactical Policy,3,30,P,-10.0,7,23.333333333333332,76.66666666666667,0.0,96,0,5,Expert,0.2146387639429372,0.0536596909857343,1.0,3.0,133,3,118,0,0,3,True,False,True,True
Without Tactical Policy,3,31,A,10.0,8,25.806451612903224,74.19354838709677,0.0,96,0,5,Expert,0.20390682574579033,0.05097670643644758,0.75,3.0,137,4,121,0,0,4,True,False,True,True
Without Tactical Policy,3,32,P,-10.0,9,25.0,75.0,0.0,96,0,5,Expert,0.1937114844585008,0.05,0.75,3.0,141,4,124,0,0,4,True,False,True,True
Without Tactical Policy,3,33,A,10.0,14,27.272727272727273,72.72727272727273,0.0,96,0,5,Expert,0.18402591023557577,0.05,0.42857142857142855,3.0,148,7,130,0,0,7,True,False,True,True
Without Tactical Policy,3,34,P,-10.0,11,26.470588235294116,73.52941176470588,0.0,96,0,5,Expert,0.17482461472379698,0.05,0.6,3.0,153,5,134,0,0,5,True,False,True,True
Without Tactical Policy,3,35,P,-10.0,11,25.714285714285715,74.28571428571429,0.0,96,0,5,Expert,0.16608338398760714,0.05,0.6,3.0,158,5,138,0,0,5,True,False,True,True
Without Tactical Policy,3,36,A,10.0,10,27.77777777777778,72.22222222222223,0.0,78,-18,4,Hard,0.15777921478822676,0.07888960739411338,0.6,3.0,163,5,142,0,0,5,True,False,True,True
Without Tactical Policy,3,37,A,10.0,12,29.72972972972973,70.27027027027027,0.0,60,-18,3,Normal,0.14989025404881542,0.11991220323905234,0.5,3.0,169,6,147,0,0,6,True,False,True,True
Without Tactical Policy,3,38,A,10.0,8,31.57894736842105,68.42105263157895,0.0,42,-18,2,Easy,0.14239574134637464,0.15663531548101212,0.75,3.0,173,4,151,0,1,3,True,False,True,True
Without Tactical Policy,3,39,A,10.0,10,33.333333333333336,66.66666666666667,0.0,42,0,2,Easy,0.1352759542790559,0.1488035497069615,0.6,3.0,178,5,155,0,2,3,True,False,True,True
Without Tactical Policy,3,40,P,-10.0,9,32.5,67.5,0.0,42,0,2,Easy,0.1285121565651031,0.1413633722216134,0.75,3.0,182,4,158,0,0,4,True,False,True,True
Without Tactical Policy,3,41,A,10.0,14,34.146341463414636,65.85365853658537,0.0,42,0,2,Easy,0.12208654873684793,0.13429520361053274,0.42857142857142855,3.0,189,7,164,0,0,7,True,False,True,True
Without Tactical Policy,3,42,A,10.0,6,35.714285714285715,64.28571428571429,0.0,24,-18,1,Very Easy,0.11598222130000553,0.15657599875500747,1.0,3.0,192,3,166,0,1,2,True,False,True,True
Without Tactical Policy,3,43,P,-10.0,15,34.883720930232556,65.11627906976744,0.0,42,18,2,Easy,0.11018311023500525,0.12120142125850579,0.42857142857142855,3.0,199,7,172,0,1,6,True,False,True,True
Without Tactical Policy,3,44,P,-10.0,11,34.09090909090909,65.9090909090909,0.0,42,0,2,Easy,0.10467395472325498,0.11514135019558049,0.6,3.0,204,5,176,0,2,3,True,False,True,True
Without Tactical Policy,3,45,A,10.0,12,35.55555555555556,64.44444444444444,0.0,24,-18,1,Very Easy,0.09944025698709223,0.13424434693257453,0.5,3.0,210,6,181,0,1,5,True,False,True,True
Without Tactical Policy,3,46,A,10.0,10,36.95652173913044,63.04347826086956,0.0,24,0,1,Very Easy,0.09446824413773762,0.12753212958594579,0.6,3.0,215,5,185,0,1,4,True,False,True,True
Without Tactical Policy,3,47,P,-10.0,13,36.170212765957444,63.829787234042556,0.0,42,18,2,Easy,0.08974483193085074,0.09871931512393582,0.5,3.0,221,6,190,0,1,5,True,False,True,True
Without Tactical Policy,3,48,P,-10.0,7,35.416666666666664,64.58333333333333,0.0,60,18,3,Normal,0.0852575903343082,0.06820607226744656,1.0,3.0,224,3,192,0,0,3,True,False,True,True
Without Tactical Policy,3,49,P,-10.0,13,34.69387755102041,65.3061224489796,0.0,78,18,4,Hard,0.08099471081759278,0.05,0.5,3.0,230,6,197,0,1,5,True,False,True,True
Without Tactical Policy,3,50,P,-10.0,11,34.0,66.0,0.0,78,0,4,Hard,0.07694497527671314,0.05,0.6,3.0,235,5,201,0,0,5,True,False,True,True
Without Tactical Policy,3,51,A,10.0,12,35.294117647058826,64.70588235294117,0.0,78,0,4,Hard,0.07309772651287748,0.05,0.5,3.0,241,6,206,0,1,5,True,False,True,True
Without Tactical Policy,3,52,P,-10.0,11,34.61538461538461,65.38461538461539,0.0,96,18,5,Expert,0.0694428401872336,0.05,0.6,3.0,246,5,210,0,0,5,True,False,True,True
Without Tactical Policy,3,53,P,-10.0,5,33.9622641509434,66.0377358490566,0.0,96,0,5,Expert,0.0659706981778719,0.05,1.5,3.0,248,2,211,0,1,1,True,False,True,True
Without Tactical Policy,3,54,P,-10.0,9,33.333333333333336,66.66666666666667,0.0,96,0,5,Expert,0.0626721632689783,0.05,0.75,3.0,252,4,214,0,0,4,True,False,True,True
Without Tactical Policy,3,55,P,-10.0,11,32.72727272727273,67.27272727272727,0.0,100,4,5,Expert,0.059538555105529384,0.05,0.6,3.0,257,5,218,0,0,5,True,False,True,True
Without Tactical Policy,3,56,P,-10.0,9,32.142857142857146,67.85714285714286,0.0,100,0,5,Expert,0.05656162735025291,0.05,0.75,3.0,261,4,221,0,0,4,True,False,True,True
Without Tactical Policy,3,57,P,-10.0,11,31.57894736842105,68.42105263157895,0.0,100,0,5,Expert,0.053733545982740265,0.05,0.6,3.0,266,5,225,0,0,5,True,False,True,True
Without Tactical Policy,3,58,A,10.0,12,32.758620689655174,67.24137931034483,0.0,100,0,5,Expert,0.05104686868360325,0.05,0.5,3.0,272,6,230,0,1,5,True,False,True,True
Without Tactical Policy,3,59,P,-10.0,9,32.20338983050848,67.79661016949153,0.0,100,0,5,Expert,0.05,0.05,0.75,3.0,276,4,233,0,0,4,True,False,True,True
Without Tactical Policy,3,60,P,-10.0,9,31.666666666666668,68.33333333333333,0.0,100,0,5,Expert,0.05,0.05,0.75,3.0,280,4,236,0,0,4,True,False,True,True
Without Tactical Policy,3,61,P,-10.0,11,31.147540983606557,68.85245901639344,0.0,100,0,5,Expert,0.05,0.05,0.6,3.0,285,5,240,0,1,4,True,False,True,True
Without Tactical Policy,3,62,A,10.0,8,32.25806451612903,67.74193548387096,0.0,100,0,5,Expert,0.05,0.05,0.75,3.0,289,4,243,0,0,4,True,False,True,True
Without Tactical Policy,3,63,A,10.0,12,33.333333333333336,66.66666666666667,0.0,96,-4,5,Expert,0.05,0.05,0.5,3.0,295,6,248,0,0,6,True,False,True,True
Without Tactical Policy,3,64,A,10.0,8,34.375,65.625,0.0,78,-18,4,Hard,0.05,0.05,0.75,3.0,299,4,251,0,0,4,True,False,True,True
Without Tactical Policy,3,65,P,-10.0,7,33.84615384615385,66.15384615384616,0.0,78,0,4,Hard,0.05,0.05,1.0,3.0,302,3,253,0,0,3,True,False,True,True
Without Tactical Policy,3,66,P,-10.0,13,33.333333333333336,66.66666666666667,0.0,78,0,4,Hard,0.05,0.05,0.5,3.0,308,6,258,0,0,6,True,False,True,True
Without Tactical Policy,3,67,P,-10.0,11,32.83582089552239,67.16417910447761,0.0,78,0,4,Hard,0.05,0.05,0.6,3.0,313,5,262,0,0,5,True,False,True,True
Without Tactical Policy,3,68,P,-10.0,7,32.35294117647059,67.6470588235294,0.0,96,18,5,Expert,0.05,0.05,1.0,3.0,316,3,264,0,0,3,True,False,True,True
Without Tactical Policy,3,69,P,-10.0,7,31.884057971014492,68.1159420289855,0.0,96,0,5,Expert,0.05,0.05,1.0,3.0,319,3,266,0,0,3,True,False,True,True
Without Tactical Policy,3,70,P,-10.0,11,31.428571428571427,68.57142857142857,0.0,96,0,5,Expert,0.05,0.05,0.6,3.0,324,5,270,0,1,4,True,False,True,True
Without Tactical Policy,3,71,P,-10.0,7,30.985915492957748,69.01408450704226,0.0,96,0,5,Expert,0.05,0.05,1.0,3.0,327,3,272,0,0,3,True,False,True,True
Without Tactical Policy,3,72,P,-10.0,11,30.555555555555557,69.44444444444444,0.0,100,4,5,Expert,0.05,0.05,0.6,3.0,332,5,276,0,0,5,True,False,True,True
Without Tactical Policy,3,73,P,-10.0,11,30.136986301369863,69.86301369863014,0.0,100,0,5,Expert,0.05,0.05,0.6,3.0,337,5,280,0,1,4,True,False,True,True
Without Tactical Policy,3,74,P,-10.0,15,29.72972972972973,70.27027027027027,0.0,100,0,5,Expert,0.05,0.05,0.42857142857142855,3.0,344,7,286,0,0,7,True,False,True,True
Without Tactical Policy,3,75,P,-10.0,15,29.333333333333332,70.66666666666667,0.0,100,0,5,Expert,0.05,0.05,0.42857142857142855,3.0,351,7,292,0,1,6,True,False,True,True
Without Tactical Policy,3,76,A,10.0,12,30.263157894736842,69.73684210526316,0.0,100,0,5,Expert,0.05,0.05,0.5,3.0,357,6,297,0,1,5,True,False,True,True
Without Tactical Policy,3,77,P,-10.0,11,29.87012987012987,70.12987012987013,0.0,100,0,5,Expert,0.05,0.05,0.6,3.0,362,5,301,0,1,4,True,False,True,True
Without Tactical Policy,3,78,A,10.0,8,30.76923076923077,69.23076923076923,0.0,100,0,5,Expert,0.05,0.05,0.75,3.0,366,4,304,0,0,4,True,False,True,True
Without Tactical Policy,3,79,A,10.0,12,31.645569620253166,68.35443037974683,0.0,96,-4,5,Expert,0.05,0.05,0.5,3.0,372,6,309,0,0,6,True,False,True,True
Without Tactical Policy,3,80,A,10.0,8,32.5,67.5,0.0,78,-18,4,Hard,0.05,0.05,0.75,3.0,376,4,312,0,0,4,True,False,True,True
Without Tactical Policy,3,81,P,-10.0,11,32.098765432098766,67.90123456790124,0.0,78,0,4,Hard,0.05,0.05,0.6,3.0,381,5,316,0,0,5,True,False,True,True
Without Tactical Policy,3,82,A,10.0,10,32.926829268292686,67.07317073170732,0.0,60,-18,3,Normal,0.05,0.05,0.6,3.0,386,5,320,0,1,4,True,False,True,True
Without Tactical Policy,3,83,P,-10.0,9,32.53012048192771,67.46987951807229,0.0,60,0,3,Normal,0.05,0.05,0.75,3.0,390,4,323,0,0,4,True,False,True,True
Without Tactical Policy,3,84,P,-10.0,7,32.142857142857146,67.85714285714286,0.0,60,0,3,Normal,0.05,0.05,1.0,3.0,393,3,325,0,0,3,True,False,True,True
Without Tactical Policy,3,85,P,-10.0,11,31.764705882352942,68.23529411764706,0.0,60,0,3,Normal,0.05,0.05,0.6,3.0,398,5,329,0,0,5,True,False,True,True
Without Tactical Policy,3,86,P,-10.0,11,31.3953488372093,68.6046511627907,0.0,78,18,4,Hard,0.05,0.05,0.6,3.0,403,5,333,0,0,5,True,False,True,True
Without Tactical Policy,3,87,A,10.0,10,32.18390804597701,67.816091954023,0.0,60,-18,3,Normal,0.05,0.05,0.6,3.0,408,5,337,0,0,5,True,False,True,True
Without Tactical Policy,3,88,A,10.0,10,32.95454545454545,67.04545454545455,0.0,60,0,3,Normal,0.05,0.05,0.6,3.0,413,5,341,0,0,5,True,False,True,True
Without Tactical Policy,3,89,P,-10.0,11,32.58426966292135,67.41573033707866,0.0,78,18,4,Hard,0.05,0.05,0.6,3.0,418,5,345,0,0,5,True,False,True,True
Without Tactical Policy,3,90,A,10.0,6,33.333333333333336,66.66666666666667,0.0,78,0,4,Hard,0.05,0.05,1.0,3.0,421,3,347,0,0,3,True,False,True,True
Without Tactical Policy,3,91,A,10.0,10,34.065934065934066,65.93406593406593,0.0,60,-18,3,Normal,0.05,0.05,0.6,3.0,426,5,351,0,0,5,True,False,True,True
Without Tactical Policy,3,92,P,-10.0,11,33.69565217391305,66.30434782608695,0.0,78,18,4,Hard,0.05,0.05,0.6,3.0,431,5,355,0,1,4,True,False,True,True
Without Tactical Policy,3,93,A,10.0,8,34.40860215053763,65.59139784946237,0.0,60,-18,3,Normal,0.05,0.05,0.75,3.0,435,4,358,0,0,4,True,False,True,True
Without Tactical Policy,3,94,A,10.0,10,35.1063829787234,64.8936170212766,0.0,42,-18,2,Easy,0.05,0.05500000000000001,0.6,3.0,440,5,362,0,0,5,True,False,True,True
Without Tactical Policy,3,95,P,-10.0,13,34.73684210526316,65.26315789473684,0.0,42,0,2,Easy,0.05,0.05500000000000001,0.5,3.0,446,6,366,0,0,6,True,False,True,True
Without Tactical Policy,3,96,A,10.0,6,35.416666666666664,64.58333333333333,0.0,24,-18,1,Very Easy,0.05,0.0675,1.0,3.0,449,3,368,0,0,3,True,False,True,True
Without Tactical Policy,3,97,P,-10.0,9,35.05154639175258,64.94845360824742,0.0,42,18,2,Easy,0.05,0.05500000000000001,0.75,3.0,453,4,371,0,0,4,True,False,True,True
Without Tactical Policy,3,98,P,-10.0,13,34.69387755102041,65.3061224489796,0.0,60,18,3,Normal,0.05,0.05,0.5,3.0,459,6,376,0,0,6,True,False,True,True
Without Tactical Policy,3,99,A,10.0,10,35.35353535353536,64.64646464646465,0.0,42,-18,2,Easy,0.05,0.05500000000000001,0.6,3.0,464,5,380,0,0,5,True,False,True,True
Without Tactical Policy,3,100,A,10.0,10,36.0,64.0,0.0,42,0,2,Easy,0.05,0.05500000000000001,0.6,3.0,469,5,384,0,0,5,True,False,True,True
Without Tactical Policy,4,1,P,-10.0,11,0.0,100.0,0.0,60,10,1,Very Easy,0.95,1.0,0.6,3.0,5,5,5,0,5,0,True,False,True,True
Without Tactical Policy,4,2,A,10.0,6,50.0,50.0,0.0,52,-8,1,Very Easy,0.9025,1.0,1.0,3.0,8,3,8,0,3,0,True,False,True,True
Without Tactical Policy,4,3,P,-10.0,7,33.333333333333336,66.66666666666667,0.0,62,10,3,Normal,0.8573749999999999,0.6859,1.0,3.0,11,3,11,0,3,0,True,False,True,True
Without Tactical Policy,4,4,A,10.0,10,50.0,50.0,0.0,54,-8,3,Normal,0.8145062499999999,0.651605,0.6,3.0,16,5,15,0,4,1,True,False,True,True
Without Tactical Policy,4,5,P,-10.0,13,40.0,60.0,0.0,64,10,3,Normal,0.7737809374999999,0.6190247499999999,0.5,3.0,22,6,21,0,6,0,True,False,True,True
Without Tactical Policy,4,6,A,10.0,8,50.0,50.0,0.0,56,-8,3,Normal,0.7350918906249998,0.5880735124999998,0.75,3.0,26,4,25,0,3,1,True,False,True,True
Without Tactical Policy,4,7,A,10.0,6,57.142857142857146,42.857142857142854,0.0,48,-8,3,Normal,0.6983372960937497,0.5586698368749998,1.0,3.0,29,3,27,0,2,1,True,False,True,True
Without Tactical Policy,4,8,P,-10.0,9,50.0,50.0,0.0,58,10,3,Normal,0.6634204312890623,0.5307363450312498,0.75,3.0,33,4,31,0,2,2,True,False,True,True
Without Tactical Policy,4,9,P,-10.0,7,44.44444444444444,55.55555555555556,0.0,68,10,4,Hard,0.6302494097246091,0.31512470486230454,1.0,3.0,36,3,33,0,1,2,True,False,True,True
Without Tactical Policy,4,10,A,10.0,14,50.0,50.0,0.0,60,-8,3,Normal,0.5987369392383786,0.4789895513907029,0.42857142857142855,3.0,43,7,40,0,1,6,True,False,True,True
Without Tactical Policy,4,11,A,10.0,10,54.54545454545455,45.45454545454545,0.0,42,-18,2,Easy,0.5688000922764596,0.6256801015041056,0.6,3.0,48,5,45,0,3,2,True,False,True,True
Without Tactical Policy,4,12,P,-10.0,11,50.0,50.0,0.0,60,18,3,Normal,0.5403600876626365,0.4322880701301093,0.6,3.0,53,5,49,0,3,2,True,False,True,True
Without Tactical Policy,4,13,P,-10.0,7,46.15384615384615,53.84615384615385,0.0,60,0,3,Normal,0.5133420832795047,0.4106736666236038,1.0,3.0,56,3,52,0,1,2,True,False,True,True
Without Tactical Policy,4,14,A,10.0,12,50.0,50.0,0.0,60,0,3,Normal,0.48767497911552943,0.39013998329242355,0.5,3.0,62,6,57,0,2,4,True,False,True,True
Without Tactical Policy,4,15,P,-10.0,7,46.666666666666664,53.333333333333336,0.0,60,0,3,Normal,0.46329123015975293,0.3706329841278024,1.0,3.0,65,3,60,0,1,2,True,False,True,True
Without Tactical Policy,4,16,A,10.0,8,50.0,50.0,0.0,60,0,3,Normal,0.44012666865176525,0.3521013349214122,0.75,3.0,69,4,63,0,0,4,True,False,True,True
Without Tactical Policy,4,17,A,10.0,6,52.94117647058823,47.05882352941177,0.0,60,0,3,Normal,0.41812033521917696,0.3344962681753416,1.0,3.0,72,3,65,0,1,2,True,False,True,True
Without Tactical Policy,4,18,A,10.0,12,55.55555555555556,44.44444444444444,0.0,42,-18,2,Easy,0.3972143184582181,0.4369357503040399,0.5,3.0,78,6,70,0,3,3,True,False,True,True
Without Tactical Policy,4,19,A,10.0,12,57.89473684210526,42.10526315789474,0.0,24,-18,1,Very Easy,0.37735360253530714,0.5094273634226647,0.5,3.0,84,6,75,0,3,3,True,False,True,True
Without Tactical Policy,4,20,P,-10.0,9,55.0,45.0,0.0,42,18,2,Easy,0.35848592240854177,0.39433451464939595,0.75,3.0,88,4,78,0,2,2,True,False,True,True
Without Tactical Policy,4,21,P,-10.0,13,52.38095238095238,47.61904761904762,0.0,60,18,3,Normal,0.34056162628811465,0.27244930103049175,0.5,3.0,94,6,83,0,2,4,True,False,True,True
Without Tactical Policy,4,22,A,10.0,12,54.54545454545455,45.45454545454545,0.0,42,-18,2,Easy,0.3235335449737089,0.3558868994710798,0.5,3.0,100,6,88,0,1,5,True,False,True,True
Without Tactical Policy,4,23,P,-10.0,13,52.17391304347826,47.82608695652174,0.0,42,0,2,Easy,0.30735686772502346,0.33809255449752584,0.5,3.0,106,6,93,0,0,6,True,False,True,True
Without Tactical Policy,4,24,A,10.0,8,54.166666666666664,45.833333333333336,0.0,42,0,2,Easy,0.2919890243387723,0.3211879267726495,0.75,3.0,110,4,96,0,0,4,True,False,True,True
Without Tactical Policy,4,25,P,-10.0,9,52.0,48.0,0.0,42,0,2,Easy,0.27738957312183365,0.30512853043401705,0.75,3.0,114,4,100,0,2,2,True,False,True,True
Without Tactical Policy,4,26,P,-10.0,11,50.0,50.0,0.0,60,18,3,Normal,0.263520094465742,0.2108160755725936,0.6,3.0,119,5,104,0,1,4,True,False,True,True
Without Tactical Policy,4,27,P,-10.0,5,48.148148148148145,51.851851851851855,0.0,78,18,4,Hard,0.25034408974245487,0.12517204487122743,1.5,3.0,121,2,105,0,0,2,True,False,True,True
Without Tactical Policy,4,28,P,-10.0,5,46.42857142857143,53.57142857142857,0.0,96,18,5,Expert,0.2378268852553321,0.059456721313833026,1.5,3.0,123,2,107,0,0,2,True,False,True,True
Without Tactical Policy,4,29,P,-10.0,9,44.827586206896555,55.172413793103445,0.0,100,4,5,Expert,0.2259355409925655,0.05648388524814137,0.75,3.0,127,4,110,0,0,4,True,False,True,True
Without Tactical Policy,4,30,P,-10.0,13,43.333333333333336,56.666666666666664,0.0,100,0,5,Expert,0.2146387639429372,0.0536596909857343,0.5,3.0,133,6,115,0,0,6,True,False,True,True
Without Tactical Policy,4,31,P,-10.0,15,41.935483870967744,58.064516129032256,0.0,100,0,5,Expert,0.20390682574579033,0.05097670643644758,0.42857142857142855,3.0,140,7,121,0,1,6,True,False,True,True
Without Tactical Policy,4,32,P,-10.0,9,40.625,59.375,0.0,100,0,5,Expert,0.1937114844585008,0.05,0.75,3.0,144,4,124,0,0,4,True,False,True,True
Without Tactical Policy,4,33,P,-10.0,7,39.39393939393939,60.60606060606061,0.0,100,0,5,Expert,0.18402591023557577,0.05,1.0,3.0,147,3,126,0,0,3,True,False,True,True
Without Tactical Policy,4,34,A,10.0,12,41.1764705882353,58.8235294117647,0.0,100,0,5,Expert,0.17482461472379698,0.05,0.5,3.0,153,6,131,0,0,6,True,False,True,True
Without Tactical Policy,4,35,A,10.0,10,42.857142857142854,57.142857142857146,0.0,100,0,5,Expert,0.16608338398760714,0.05,0.6,3.0,158,5,135,0,0,5,True,False,True,True
Without Tactical Policy,4,36,A,10.0,8,44.44444444444444,55.55555555555556,0.0,96,-4,5,Expert,0.15777921478822676,0.05,0.75,3.0,162,4,139,0,1,3,True,False,True,True
Without Tactical Policy,4,37,P,-10.0,9,43.24324324324324,56.75675675675676,0.0,96,0,5,Expert,0.14989025404881542,0.05,0.75,3.0,166,4,142,0,0,4,True,False,True,True
Without Tactical Policy,4,38,A,10.0,12,44.73684210526316,55.26315789473684,0.0,78,-18,4,Hard,0.14239574134637464,0.07119787067318732,0.5,3.0,172,6,147,0,1,5,True,False,True,True
Without Tactical Policy,4,39,P,-10.0,13,43.58974358974359,56.41025641025641,0.0,78,0,4,Hard,0.1352759542790559,0.06763797713952795,0.5,3.0,178,6,152,0,0,6,True,False,True,True
Without Tactical Policy,4,40,A,10.0,12,45.0,55.0,0.0,60,-18,3,Normal,0.1285121565651031,0.10280972525208248,0.5,3.0,184,6,157,0,1,5,True,False,True,True
Without Tactical Policy,4,41,P,-10.0,11,43.90243902439025,56.09756097560975,0.0,60,0,3,Normal,0.12208654873684793,0.09766923898947835,0.6,3.0,189,5,161,0,0,5,True,False,True,True
Without Tactical Policy,4,42,P,-10.0,9,42.857142857142854,57.142857142857146,0.0,60,0,3,Normal,0.11598222130000553,0.09278577704000443,0.75,3.0,193,4,164,0,0,4,True,False,True,True
Without Tactical Policy,4,43,A,10.0,8,44.18604651162791,55.81395348837209,0.0,42,-18,2,Easy,0.11018311023500525,0.12120142125850579,0.75,3.0,197,4,167,0,1,3,True,False,True,True
Without Tactical Policy,4,44,A,10.0,10,45.45454545454545,54.54545454545455,0.0,42,0,2,Easy,0.10467395472325498,0.11514135019558049,0.6,3.0,202,5,172,0,0,5,True,False,True,True
Without Tactical Policy,4,45,P,-10.0,13,44.44444444444444,55.55555555555556,0.0,60,18,3,Normal,0.09944025698709223,0.0795522055896738,0.5,3.0,208,6,177,0,1,5,True,False,True,True
Without Tactical Policy,4,46,P,-10.0,7,43.47826086956522,56.52173913043478,0.0,78,18,4,Hard,0.09446824413773762,0.05,1.0,3.0,211,3,180,0,0,3,True,False,True,True
Without Tactical Policy,4,47,P,-10.0,11,42.5531914893617,57.4468085106383,0.0,78,0,4,Hard,0.08974483193085074,0.05,0.6,3.0,216,5,184,0,0,5,True,False,True,True
Without Tactical Policy,4,48,A,10.0,10,43.75,56.25,0.0,78,0,4,Hard,0.0852575903343082,0.05,0.6,3.0,221,5,188,0,1,4,True,False,True,True
Without Tactical Policy,4,49,P,-10.0,9,42.857142857142854,57.142857142857146,0.0,78,0,4,Hard,0.08099471081759278,0.05,0.75,3.0,225,4,191,0,0,4,True,False,True,True
Without Tactical Policy,4,50,P,-10.0,11,42.0,58.0,0.0,96,18,5,Expert,0.07694497527671314,0.05,0.6,3.0,230,5,195,0,0,5,True,False,True,True
Without Tactical Policy,4,51,P,-10.0,11,41.1764705882353,58.8235294117647,0.0,96,0,5,Expert,0.07309772651287748,0.05,0.6,3.0,235,5,199,0,0,5,True,False,True,True
Without Tactical Policy,4,52,P,-10.0,9,40.38461538461539,59.61538461538461,0.0,96,0,5,Expert,0.0694428401872336,0.05,0.75,3.0,239,4,202,0,0,4,True,False,True,True
Without Tactical Policy,4,53,A,10.0,8,41.509433962264154,58.490566037735846,0.0,96,0,5,Expert,0.0659706981778719,0.05,0.75,3.0,243,4,205,0,0,4,True,False,True,True
Without Tactical Policy,4,54,P,-10.0,5,40.74074074074074,59.25925925925926,0.0,100,4,5,Expert,0.0626721632689783,0.05,1.5,3.0,245,2,206,0,0,2,True,False,True,True
Without Tactical Policy,4,55,P,-10.0,13,40.0,60.0,0.0,100,0,5,Expert,0.059538555105529384,0.05,0.5,3.0,251,6,211,0,1,5,True,False,True,True
Without Tactical Policy,4,56,P,-10.0,11,39.285714285714285,60.714285714285715,0.0,100,0,5,Expert,0.05656162735025291,0.05,0.6,3.0,256,5,215,0,1,4,True,False,True,True
Without Tactical Policy,4,57,P,-10.0,11,38.59649122807018,61.40350877192982,0.0,100,0,5,Expert,0.053733545982740265,0.05,0.6,3.0,261,5,219,0,0,5,True,False,True,True
Without Tactical Policy,4,58,P,-10.0,9,37.93103448275862,62.06896551724138,0.0,100,0,5,Expert,0.05104686868360325,0.05,0.75,3.0,265,4,222,0,0,4,True,False,True,True
Without Tactical Policy,4,59,P,-10.0,7,37.28813559322034,62.71186440677966,0.0,100,0,5,Expert,0.05,0.05,1.0,3.0,268,3,224,0,0,3,True,False,True,True
Without Tactical Policy,4,60,P,-10.0,9,36.666666666666664,63.333333333333336,0.0,100,0,5,Expert,0.05,0.05,0.75,3.0,272,4,227,0,0,4,True,False,True,True
Without Tactical Policy,4,61,A,10.0,12,37.704918032786885,62.295081967213115,0.0,100,0,5,Expert,0.05,0.05,0.5,3.0,278,6,232,0,0,6,True,False,True,True
Without Tactical Policy,4,62,P,-10.0,9,37.096774193548384,62.903225806451616,0.0,100,0,5,Expert,0.05,0.05,0.75,3.0,282,4,235,0,0,4,True,False,True,True
Without Tactical Policy,4,63,A,10.0,10,38.095238095238095,61.904761904761905,0.0,100,0,5,Expert,0.05,0.05,0.6,3.0,287,5,239,0,0,5,True,False,True,True
Without Tactical Policy,4,64,A,10.0,8,39.0625,60.9375,0.0,96,-4,5,Expert,0.05,0.05,0.75,3.0,291,4,242,0,1,3,True,False,True,True
Without Tactical Policy,4,65,P,-10.0,11,38.46153846153846,61.53846153846154,0.0,96,0,5,Expert,0.05,0.05,0.6,3.0,296,5,246,0,0,5,True,False,True,True
Without Tactical Policy,4,66,A,10.0,14,39.39393939393939,60.60606060606061,0.0,78,-18,4,Hard,0.05,0.05,0.42857142857142855,3.0,303,7,252,0,0,7,True,False,True,True
Without Tactical Policy,4,67,A,10.0,10,40.298507462686565,59.701492537313435,0.0,60,-18,3,Normal,0.05,0.05,0.6,3.0,308,5,256,0,0,5,True,False,True,True
Without Tactical Policy,4,68,A,10.0,14,41.1764705882353,58.8235294117647,0.0,42,-18,2,Easy,0.05,0.05500000000000001,0.42857142857142855,3.0,315,7,262,0,0,7,True,False,True,True
Without Tactical Policy,4,69,P,-10.0,13,40.57971014492754,59.42028985507246,0.0,42,0,2,Easy,0.05,0.05500000000000001,0.5,3.0,321,6,267,0,0,6,True,False,True,True
Without Tactical Policy,4,70,P,-10.0,13,40.0,60.0,0.0,42,0,2,Easy,0.05,0.05500000000000001,0.5,3.0,327,6,272,0,1,5,True,False,True,True
Without Tactical Policy,4,71,A,10.0,10,40.84507042253521,59.15492957746479,0.0,42,0,2,Easy,0.05,0.05500000000000001,0.6,3.0,332,5,275,0,0,5,True,False,True,True
Without Tactical Policy,4,72,A,10.0,8,41.666666666666664,58.333333333333336,0.0,24,-18,1,Very Easy,0.05,0.0675,0.75,3.0,336,4,278,0,0,4,True,False,True,True
Without Tactical Policy,4,73,P,-10.0,9,41.0958904109589,58.9041095890411,0.0,42,18,2,Easy,0.05,0.05500000000000001,0.75,3.0,340,4,281,0,0,4,True,False,True,True
Without Tactical Policy,4,74,P,-10.0,9,40.54054054054054,59.45945945945946,0.0,60,18,3,Normal,0.05,0.05,0.75,3.0,344,4,284,0,0,4,True,False,True,True
Without Tactical Policy,4,75,P,-10.0,7,40.0,60.0,0.0,60,0,3,Normal,0.05,0.05,1.0,3.0,347,3,285,0,0,3,True,False,True,True
Without Tactical Policy,4,76,P,-10.0,15,39.473684210526315,60.526315789473685,0.0,78,18,4,Hard,0.05,0.05,0.42857142857142855,3.0,354,7,291,0,0,7,True,False,True,True
Without Tactical Policy,4,77,A,10.0,14,40.25974025974026,59.74025974025974,0.0,78,0,4,Hard,0.05,0.05,0.42857142857142855,3.0,361,7,297,0,1,6,True,False,True,True
Without Tactical Policy,4,78,P,-10.0,9,39.743589743589745,60.256410256410255,0.0,96,18,5,Expert,0.05,0.05,0.75,3.0,365,4,300,0,0,4,True,False,True,True
Without Tactical Policy,4,79,P,-10.0,15,39.24050632911393,60.75949367088607,0.0,96,0,5,Expert,0.05,0.05,0.42857142857142855,3.0,372,7,307,0,0,7,True,False,True,True
Without Tactical Policy,4,80,P,-10.0,9,38.75,61.25,0.0,96,0,5,Expert,0.05,0.05,0.75,3.0,376,4,310,0,0,4,True,False,True,True
Without Tactical Policy,4,81,A,10.0,8,39.50617283950617,60.49382716049383,0.0,96,0,5,Expert,0.05,0.05,0.75,3.0,380,4,313,0,0,4,True,False,True,True
Without Tactical Policy,4,82,P,-10.0,9,39.02439024390244,60.97560975609756,0.0,100,4,5,Expert,0.05,0.05,0.75,3.0,384,4,316,0,1,3,True,False,True,True
Without Tactical Policy,4,83,A,10.0,10,39.75903614457831,60.24096385542169,0.0,96,-4,5,Expert,0.05,0.05,0.6,3.0,389,5,320,0,1,4,True,False,True,True
Without Tactical Policy,4,84,A,10.0,12,40.476190476190474,59.523809523809526,0.0,78,-18,4,Hard,0.05,0.05,0.5,3.0,395,6,325,0,0,6,True,False,True,True
Without Tactical Policy,4,85,P,-10.0,7,40.0,60.0,0.0,78,0,4,Hard,0.05,0.05,1.0,3.0,398,3,327,0,0,3,True,False,True,True
Without Tactical Policy,4,86,A,10.0,8,40.69767441860465,59.30232558139535,0.0,60,-18,3,Normal,0.05,0.05,0.75,3.0,402,4,330,0,0,4,True,False,True,True
Without Tactical Policy,4,87,P,-10.0,13,40.229885057471265,59.770114942528735,0.0,78,18,4,Hard,0.05,0.05,0.5,3.0,408,6,335,0,0,6,True,False,True,True
Without Tactical Policy,4,88,A,10.0,10,40.90909090909091,59.09090909090909,0.0,60,-18,3,Normal,0.05,0.05,0.6,3.0,413,5,339,0,0,5,True,False,True,True
Without Tactical Policy,4,89,P,-10.0,5,40.449438202247194,59.550561797752806,0.0,60,0,3,Normal,0.05,0.05,1.5,3.0,415,2,340,0,0,2,True,False,True,True
Without Tactical Policy,4,90,A,10.0,10,41.111111111111114,58.888888888888886,0.0,42,-18,2,Easy,0.05,0.05500000000000001,0.6,3.0,420,5,344,0,0,5,True,False,True,True
Without Tactical Policy,4,91,P,-10.0,11,40.65934065934066,59.34065934065934,0.0,60,18,3,Normal,0.05,0.05,0.6,3.0,425,5,348,0,0,5,True,False,True,True
Without Tactical Policy,4,92,P,-10.0,9,40.21739130434783,59.78260869565217,0.0,60,0,3,Normal,0.05,0.05,0.75,3.0,429,4,351,0,0,4,True,False,True,True
Without Tactical Policy,4,93,P,-10.0,9,39.784946236559136,60.215053763440864,0.0,78,18,4,Hard,0.05,0.05,0.75,3.0,433,4,354,0,0,4,True,False,True,True
Without Tactical Policy,4,94,A,10.0,12,40.42553191489362,59.57446808510638,0.0,78,0,4,Hard,0.05,0.05,0.5,3.0,439,6,359,0,0,6,True,False,True,True
Without Tactical Policy,4,95,A,10.0,16,41.05263157894737,58.94736842105263,0.0,60,-18,3,Normal,0.05,0.05,0.375,3.0,447,8,366,0,0,8,True,False,True,True
Without Tactical Policy,4,96,A,10.0,6,41.666666666666664,58.333333333333336,0.0,60,0,3,Normal,0.05,0.05,1.0,3.0,450,3,368,0,0,3,True,False,True,True
Without Tactical Policy,4,97,A,10.0,10,42.2680412371134,57.7319587628866,0.0,42,-18,2,Easy,0.05,0.05500000000000001,0.6,3.0,455,5,372,0,0,5,True,False,True,True
Without Tactical Policy,4,98,P,-10.0,9,41.83673469387755,58.16326530612245,0.0,60,18,3,Normal,0.05,0.05,0.75,3.0,459,4,375,0,0,4,True,False,True,True
Without Tactical Policy,4,99,P,-10.0,9,41.41414141414141,58.58585858585859,0.0,60,0,3,Normal,0.05,0.05,0.75,3.0,463,4,378,0,0,4,True,False,True,True
Without Tactical Policy,4,100,A,10.0,8,42.0,58.0,0.0,60,0,3,Normal,0.05,0.05,0.75,3.0,467,4,381,0,1,3,True,False,True,True
Without Tactical Policy,5,1,P,-10.0,11,0.0,100.0,0.0,60,10,1,Very Easy,0.95,1.0,0.6,3.0,5,5,5,0,5,0,True,False,True,True
Without Tactical Policy,5,2,P,-10.0,13,0.0,100.0,0.0,70,10,1,Very Easy,0.9025,1.0,0.5,3.0,11,6,11,0,6,0,True,False,True,True
Without Tactical Policy,5,3,P,-10.0,15,0.0,100.0,0.0,80,10,5,Expert,0.8573749999999999,0.21434374999999997,0.42857142857142855,3.0,18,7,18,0,7,0,True,False,True,True
Without Tactical Policy,5,4,A,10.0,6,25.0,75.0,0.0,72,-8,4,Hard,0.8145062499999999,0.40725312499999994,1.0,3.0,21,3,20,0,0,3,True,False,True,True
Without Tactical Policy,5,5,A,10.0,12,40.0,60.0,0.0,64,-8,3,Normal,0.7737809374999999,0.6190247499999999,0.5,3.0,27,6,26,0,2,4,True,False,True,True
Without Tactical Policy,5,6,P,-10.0,11,33.333333333333336,66.66666666666667,0.0,74,10,4,Hard,0.7350918906249998,0.3675459453124999,0.6,3.0,32,5,31,0,3,2,True,False,True,True
Without Tactical Policy,5,7,P,-10.0,11,28.571428571428573,71.42857142857143,0.0,84,10,5,Expert,0.6983372960937497,0.17458432402343743,0.6,3.0,37,5,36,0,3,2,True,False,True,True
Without Tactical Policy,5,8,A,10.0,10,37.5,62.5,0.0,76,-8,4,Hard,0.6634204312890623,0.3317102156445311,0.6,3.0,42,5,40,0,2,3,True,False,True,True
Without Tactical Policy,5,9,P,-10.0,11,33.333333333333336,66.66666666666667,0.0,86,10,5,Expert,0.6302494097246091,0.15756235243115227,0.6,3.0,47,5,44,0,1,4,True,False,True,True
Without Tactical Policy,5,10,P,-10.0,7,30.0,70.0,0.0,96,10,5,Expert,0.5987369392383786,0.14968423480959464,1.0,3.0,50,3,46,0,2,1,True,False,True,True
Without Tactical Policy,5,11,P,-10.0,7,27.272727272727273,72.72727272727273,0.0,96,0,5,Expert,0.5688000922764596,0.1422000230691149,1.0,3.0,53,3,48,0,0,3,True,False,True,True
Without Tactical Policy,5,12,A,10.0,10,33.333333333333336,66.66666666666667,0.0,78,-18,4,Hard,0.5403600876626365,0.2701800438313183,0.6,3.0,58,5,52,0,1,4,True,False,True,True
Without Tactical Policy,5,13,A,10.0,8,38.46153846153846,61.53846153846154,0.0,60,-18,3,Normal,0.5133420832795047,0.4106736666236038,0.75,3.0,62,4,56,0,2,2,True,False,True,True
Without Tactical Policy,5,14,A,10.0,10,42.857142857142854,57.142857142857146,0.0,60,0,3,Normal,0.48767497911552943,0.39013998329242355,0.6,3.0,67,5,60,0,3,2,True,False,True,True
Without Tactical Policy,5,15,A,10.0,8,46.666666666666664,53.333333333333336,0.0,60,0,3,Normal,0.46329123015975293,0.3706329841278024,0.75,3.0,71,4,63,0,0,4,True,False,True,True
Without Tactical Policy,5,16,P,-10.0,5,43.75,56.25,0.0,60,0,3,Normal,0.44012666865176525,0.3521013349214122,1.5,3.0,73,2,64,0,1,1,True,False,True,True
Without Tactical Policy,5,17,P,-10.0,11,41.1764705882353,58.8235294117647,0.0,60,0,3,Normal,0.41812033521917696,0.3344962681753416,0.6,3.0,78,5,68,0,1,4,True,False,True,True
Without Tactical Policy,5,18,A,10.0,6,44.44444444444444,55.55555555555556,0.0,60,0,3,Normal,0.3972143184582181,0.3177714547665745,1.0,3.0,81,3,70,0,1,2,True,False,True,True
Without Tactical Policy,5,19,P,-10.0,5,42.10526315789474,57.89473684210526,0.0,60,0,3,Normal,0.37735360253530714,0.30188288202824576,1.5,3.0,83,2,72,0,0,2,True,False,True,True
Without Tactical Policy,5,20,P,-10.0,13,40.0,60.0,0.0,60,0,3,Normal,0.35848592240854177,0.2867887379268334,0.5,3.0,89,6,77,0,3,3,True,False,True,True
Without Tactical Policy,5,21,P,-10.0,9,38.095238095238095,61.904761904761905,0.0,60,0,3,Normal,0.34056162628811465,0.27244930103049175,0.75,3.0,93,4,81,0,0,4,True,False,True,True
Without Tactical Policy,5,22,P,-10.0,7,36.36363636363637,63.63636363636363,0.0,78,18,4,Hard,0.3235335449737089,0.16176677248685445,1.0,3.0,96,3,83,0,1,2,True,False,True,True
Without Tactical Policy,5,23,P,-10.0,11,34.78260869565217,65.21739130434783,0.0,96,18,5,Expert,0.30735686772502346,0.07683921693125587,0.6,3.0,101,5,87,0,1,4,True,False,True,True
Without Tactical Policy,5,24,A,10.0,12,37.5,62.5,0.0,96,0,5,Expert,0.2919890243387723,0.07299725608469307,0.5,3.0,107,6,93,0,0,6,True,False,True,True
Without Tactical Policy,5,25,P,-10.0,15,36.0,64.0,0.0,100,4,5,Expert,0.27738957312183365,0.06934739328045841,0.42857142857142855,3.0,114,7,99,0,3,4,True,False,True,True
Without Tactical Policy,5,26,P,-10.0,11,34.61538461538461,65.38461538461539,0.0,100,0,5,Expert,0.263520094465742,0.0658800236164355,0.6,3.0,119,5,103,0,0,5,True,False,True,True
Without Tactical Policy,5,27,A,10.0,10,37.03703703703704,62.96296296296296,0.0,96,-4,5,Expert,0.25034408974245487,0.06258602243561372,0.6,3.0,124,5,108,0,2,3,True,False,True,True
Without Tactical Policy,5,28,P,-10.0,9,35.714285714285715,64.28571428571429,0.0,100,4,5,Expert,0.2378268852553321,0.059456721313833026,0.75,3.0,128,4,111,0,0,4,True,False,True,True
Without Tactical Policy,5,29,P,-10.0,13,34.48275862068966,65.51724137931035,0.0,100,0,5,Expert,0.2259355409925655,0.05648388524814137,0.5,3.0,134,6,116,0,0,6,True,False,True,True
Without Tactical Policy,5,30,P,-10.0,11,33.333333333333336,66.66666666666667,0.0,100,0,5,Expert,0.2146387639429372,0.0536596909857343,0.6,3.0,139,5,120,0,0,5,True,False,True,True
Without Tactical Policy,5,31,A,10.0,14,35.483870967741936,64.51612903225806,0.0,96,-4,5,Expert,0.20390682574579033,0.05097670643644758,0.42857142857142855,3.0,146,7,127,0,0,7,True,False,True,True
Without Tactical Policy,5,32,A,10.0,10,37.5,62.5,0.0,78,-18,4,Hard,0.1937114844585008,0.0968557422292504,0.6,3.0,151,5,131,0,0,5,True,False,True,True
Without Tactical Policy,5,33,P,-10.0,7,36.36363636363637,63.63636363636363,0.0,78,0,4,Hard,0.18402591023557577,0.09201295511778788,1.0,3.0,154,3,133,0,0,3,True,False,True,True
Without Tactical Policy,5,34,P,-10.0,7,35.294117647058826,64.70588235294117,0.0,96,18,5,Expert,0.17482461472379698,0.05,1.0,3.0,157,3,136,0,0,3,True,False,True,True
Without Tactical Policy,5,35,A,10.0,10,37.142857142857146,62.857142857142854,0.0,78,-18,4,Hard,0.16608338398760714,0.08304169199380357,0.6,3.0,162,5,140,0,0,5,True,False,True,True
Without Tactical Policy,5,36,P,-10.0,5,36.111111111111114,63.888888888888886,0.0,78,0,4,Hard,0.15777921478822676,0.07888960739411338,1.5,3.0,164,2,141,0,0,2,True,False,True,True
Without Tactical Policy,5,37,P,-10.0,9,35.13513513513514,64.86486486486487,0.0,96,18,5,Expert,0.14989025404881542,0.05,0.75,3.0,168,4,144,0,1,3,True,False,True,True
Without Tactical Policy,5,38,A,10.0,6,36.8421052631579,63.1578947368421,0.0,78,-18,4,Hard,0.14239574134637464,0.07119787067318732,1.0,3.0,171,3,146,0,0,3,True,False,True,True
Without Tactical Policy,5,39,P,-10.0,5,35.8974358974359,64.1025641025641,0.0,78,0,4,Hard,0.1352759542790559,0.06763797713952795,1.5,3.0,173,2,147,0,0,2,True,False,True,True
Without Tactical Policy,5,40,P,-10.0,9,35.0,65.0,0.0,78,0,4,Hard,0.1285121565651031,0.06425607828255155,0.75,3.0,177,4,150,0,1,3,True,False,True,True
Without Tactical Policy,5,41,A,10.0,10,36.58536585365854,63.41463414634146,0.0,78,0,4,Hard,0.12208654873684793,0.061043274368423966,0.6,3.0,182,5,154,0,0,5,True,False,True,True
Without Tactical Policy,5,42,P,-10.0,7,35.714285714285715,64.28571428571429,0.0,96,18,5,Expert,0.11598222130000553,0.05,1.0,3.0,185,3,156,0,0,3,True,False,True,True
Without Tactical Policy,5,43,P,-10.0,9,34.883720930232556,65.11627906976744,0.0,96,0,5,Expert,0.11018311023500525,0.05,0.75,3.0,189,4,159,0,1,3,True,False,True,True
Without Tactical Policy,5,44,P,-10.0,11,34.09090909090909,65.9090909090909,0.0,96,0,5,Expert,0.10467395472325498,0.05,0.6,3.0,194,5,163,0,1,4,True,False,True,True
Without Tactical Policy,5,45,P,-10.0,9,33.333333333333336,66.66666666666667,0.0,100,4,5,Expert,0.09944025698709223,0.05,0.75,3.0,198,4,166,0,0,4,True,False,True,True
Without Tactical Policy,5,46,P,-10.0,9,32.608695652173914,67.3913043478261,0.0,100,0,5,Expert,0.09446824413773762,0.05,0.75,3.0,202,4,169,0,0,4,True,False,True,True
Without Tactical Policy,5,47,A,10.0,12,34.04255319148936,65.95744680851064,0.0,96,-4,5,Expert,0.08974483193085074,0.05,0.5,3.0,208,6,174,0,0,6,True,False,True,True
Without Tactical Policy,5,48,P,-10.0,7,33.333333333333336,66.66666666666667,0.0,100,4,5,Expert,0.0852575903343082,0.05,1.0,3.0,211,3,176,0,0,3,True,False,True,True
Without Tactical Policy,5,49,P,-10.0,9,32.6530612244898,67.34693877551021,0.0,100,0,5,Expert,0.08099471081759278,0.05,0.75,3.0,215,4,180,0,1,3,True,False,True,True
Without Tactical Policy,5,50,P,-10.0,7,32.0,68.0,0.0,100,0,5,Expert,0.07694497527671314,0.05,1.0,3.0,218,3,182,0,1,2,True,False,True,True
Without Tactical Policy,5,51,P,-10.0,5,31.372549019607842,68.62745098039215,0.0,100,0,5,Expert,0.07309772651287748,0.05,1.5,3.0,220,2,183,0,0,2,True,False,True,True
Without Tactical Policy,5,52,A,10.0,12,32.69230769230769,67.3076923076923,0.0,100,0,5,Expert,0.0694428401872336,0.05,0.5,3.0,226,6,188,0,0,6,True,False,True,True
Without Tactical Policy,5,53,P,-10.0,7,32.075471698113205,67.9245283018868,0.0,100,0,5,Expert,0.0659706981778719,0.05,1.0,3.0,229,3,190,0,1,2,True,False,True,True
Without Tactical Policy,5,54,P,-10.0,13,31.48148148148148,68.51851851851852,0.0,100,0,5,Expert,0.0626721632689783,0.05,0.5,3.0,235,6,195,0,1,5,True,False,True,True
Without Tactical Policy,5,55,A,10.0,6,32.72727272727273,67.27272727272727,0.0,96,-4,5,Expert,0.059538555105529384,0.05,1.0,3.0,238,3,197,0,1,2,True,False,True,True
Without Tactical Policy,5,56,A,10.0,12,33.92857142857143,66.07142857142857,0.0,78,-18,4,Hard,0.05656162735025291,0.05,0.5,3.0,244,6,202,0,1,5,True,False,True,True
Without Tactical Policy,5,57,P,-10.0,7,33.333333333333336,66.66666666666667,0.0,96,18,5,Expert,0.053733545982740265,0.05,1.0,3.0,247,3,204,0,0,3,True,False,True,True
Without Tactical Policy,5,58,P,-10.0,7,32.758620689655174,67.24137931034483,0.0,96,0,5,Expert,0.05104686868360325,0.05,1.0,3.0,250,3,206,0,0,3,True,False,True,True
Without Tactical Policy,5,59,A,10.0,10,33.898305084745765,66.10169491525424,0.0,78,-18,4,Hard,0.05,0.05,0.6,3.0,255,5,210,0,0,5,True,False,True,True
Without Tactical Policy,5,60,P,-10.0,13,33.333333333333336,66.66666666666667,0.0,78,0,4,Hard,0.05,0.05,0.5,3.0,261,6,215,0,0,6,True,False,True,True
Without Tactical Policy,5,61,P,-10.0,15,32.78688524590164,67.21311475409836,0.0,78,0,4,Hard,0.05,0.05,0.42857142857142855,3.0,268,7,221,0,0,7,True,False,True,True
Without Tactical Policy,5,62,A,10.0,6,33.87096774193548,66.12903225806451,0.0,78,0,4,Hard,0.05,0.05,1.0,3.0,271,3,223,0,0,3,True,False,True,True
Without Tactical Policy,5,63,P,-10.0,9,33.333333333333336,66.66666666666667,0.0,78,0,4,Hard,0.05,0.05,0.75,3.0,275,4,226,0,0,4,True,False,True,True
Without Tactical Policy,5,64,A,10.0,8,34.375,65.625,0.0,60,-18,3,Normal,0.05,0.05,0.75,3.0,279,4,228,0,0,4,True,False,True,True
Without Tactical Policy,5,65,A,10.0,8,35.38461538461539,64.61538461538461,0.0,60,0,3,Normal,0.05,0.05,0.75,3.0,283,4,231,0,1,3,True,False,True,True
Without Tactical Policy,5,66,P,-10.0,9,34.84848484848485,65.15151515151516,0.0,78,18,4,Hard,0.05,0.05,0.75,3.0,287,4,234,0,0,4,True,False,True,True
Without Tactical Policy,5,67,A,10.0,8,35.82089552238806,64.17910447761194,0.0,60,-18,3,Normal,0.05,0.05,0.75,3.0,291,4,237,0,0,4,True,False,True,True
Without Tactical Policy,5,68,A,10.0,10,36.76470588235294,63.23529411764706,0.0,42,-18,2,Easy,0.05,0.05500000000000001,0.6,3.0,296,5,241,0,0,5,True,False,True,True
Without Tactical Policy,5,69,P,-10.0,9,36.231884057971016,63.768115942028984,0.0,60,18,3,Normal,0.05,0.05,0.75,3.0,300,4,244,0,0,4,True,False,True,True
Without Tactical Policy,5,70,P,-10.0,11,35.714285714285715,64.28571428571429,0.0,60,0,3,Normal,0.05,0.05,0.6,3.0,305,5,248,0,0,5,True,False,True,True
Without Tactical Policy,5,71,A,10.0,14,36.61971830985915,63.38028169014085,0.0,42,-18,2,Easy,0.05,0.05500000000000001,0.42857142857142855,3.0,312,7,254,0,1,6,True,False,True,True
Without Tactical Policy,5,72,P,-10.0,7,36.111111111111114,63.888888888888886,0.0,60,18,3,Normal,0.05,0.05,1.0,3.0,315,3,256,0,0,3,True,False,True,True
Without Tactical Policy,5,73,P,-10.0,9,35.61643835616438,64.38356164383562,0.0,60,0,3,Normal,0.05,0.05,0.75,3.0,319,4,259,0,0,4,True,False,True,True
Without Tactical Policy,5,74,A,10.0,8,36.486486486486484,63.513513513513516,0.0,60,0,3,Normal,0.05,0.05,0.75,3.0,323,4,261,0,0,4,True,False,True,True
Without Tactical Policy,5,75,P,-10.0,9,36.0,64.0,0.0,78,18,4,Hard,0.05,0.05,0.75,3.0,327,4,264,0,0,4,True,False,True,True
Without Tactical Policy,5,76,P,-10.0,9,35.526315789473685,64.47368421052632,0.0,78,0,4,Hard,0.05,0.05,0.75,3.0,331,4,267,0,0,4,True,False,True,True
Without Tactical Policy,5,77,P,-10.0,7,35.064935064935064,64.93506493506493,0.0,96,18,5,Expert,0.05,0.05,1.0,3.0,334,3,269,0,1,2,True,False,True,True
Without Tactical Policy,5,78,P,-10.0,13,34.61538461538461,65.38461538461539,0.0,100,4,5,Expert,0.05,0.05,0.5,3.0,340,6,274,0,0,6,True,False,True,True
Without Tactical Policy,5,79,P,-10.0,11,34.177215189873415,65.82278481012658,0.0,100,0,5,Expert,0.05,0.05,0.6,3.0,345,5,278,0,1,4,True,False,True,True
Without Tactical Policy,5,80,P,-10.0,13,33.75,66.25,0.0,100,0,5,Expert,0.05,0.05,0.5,3.0,351,6,283,0,1,5,True,False,True,True
Without Tactical Policy,5,81,A,10.0,12,34.5679012345679,65.4320987654321,0.0,100,0,5,Expert,0.05,0.05,0.5,3.0,357,6,288,0,2,4,True,False,True,True
Without Tactical Policy,5,82,A,10.0,8,35.36585365853659,64.63414634146342,0.0,96,-4,5,Expert,0.05,0.05,0.75,3.0,361,4,291,0,1,3,True,False,True,True
Without Tactical Policy,5,83,A,10.0,12,36.144578313253014,63.855421686746986,0.0,78,-18,4,Hard,0.05,0.05,0.5,3.0,367,6,296,0,0,6,True,False,True,True
Without Tactical Policy,5,84,A,10.0,12,36.904761904761905,63.095238095238095,0.0,78,0,4,Hard,0.05,0.05,0.5,3.0,373,6,301,0,1,5,True,False,True,True
Without Tactical Policy,5,85,P,-10.0,5,36.470588235294116,63.529411764705884,0.0,78,0,4,Hard,0.05,0.05,1.5,3.0,375,2,302,0,0,2,True,False,True,True
Without Tactical Policy,5,86,P,-10.0,9,36.04651162790697,63.95348837209303,0.0,78,0,4,Hard,0.05,0.05,0.75,3.0,379,4,305,0,0,4,True,False,True,True
Without Tactical Policy,5,87,P,-10.0,7,35.632183908045974,64.36781609195403,0.0,78,0,4,Hard,0.05,0.05,1.0,3.0,382,3,307,0,0,3,True,False,True,True
Without Tactical Policy,5,88,A,10.0,12,36.36363636363637,63.63636363636363,0.0,60,-18,3,Normal,0.05,0.05,0.5,3.0,388,6,312,0,2,4,True,False,True,True
Without Tactical Policy,5,89,P,-10.0,7,35.95505617977528,64.04494382022472,0.0,60,0,3,Normal,0.05,0.05,1.0,3.0,391,3,314,0,0,3,True,False,True,True
Without Tactical Policy,5,90,A,10.0,14,36.666666666666664,63.333333333333336,0.0,42,-18,2,Easy,0.05,0.05500000000000001,0.42857142857142855,3.0,398,7,320,0,1,6,True,False,True,True
Without Tactical Policy,5,91,A,10.0,8,37.362637362637365,62.637362637362635,0.0,42,0,2,Easy,0.05,0.05500000000000001,0.75,3.0,402,4,323,0,1,3,True,False,True,True
Without Tactical Policy,5,92,P,-10.0,11,36.95652173913044,63.04347826086956,0.0,60,18,3,Normal,0.05,0.05,0.6,3.0,407,5,327,0,1,4,True,False,True,True
Without Tactical Policy,5,93,A,10.0,12,37.634408602150536,62.365591397849464,0.0,60,0,3,Normal,0.05,0.05,0.5,3.0,413,6,332,0,0,6,True,False,True,True
Without Tactical Policy,5,94,A,10.0,12,38.297872340425535,61.702127659574465,0.0,60,0,3,Normal,0.05,0.05,0.5,3.0,419,6,337,0,0,6,True,False,True,True
Without Tactical Policy,5,95,A,10.0,8,38.94736842105263,61.05263157894737,0.0,42,-18,2,Easy,0.05,0.05500000000000001,0.75,3.0,423,4,339,0,0,4,True,False,True,True
Without Tactical Policy,5,96,P,-10.0,15,38.541666666666664,61.458333333333336,0.0,42,0,2,Easy,0.05,0.05500000000000001,0.42857142857142855,3.0,430,7,346,0,1,6,True,False,True,True
Without Tactical Policy,5,97,A,10.0,10,39.175257731958766,60.824742268041234,0.0,24,-18,1,Very Easy,0.05,0.0675,0.6,3.0,435,5,350,0,0,5,True,False,True,True
Without Tactical Policy,5,98,P,-10.0,9,38.775510204081634,61.224489795918366,0.0,42,18,2,Easy,0.05,0.05500000000000001,0.75,3.0,439,4,353,0,2,2,True,False,True,True
Without Tactical Policy,5,99,P,-10.0,11,38.38383838383838,61.61616161616162,0.0,42,0,2,Easy,0.05,0.05500000000000001,0.6,3.0,444,5,356,0,0,5,True,False,True,True
Without Tactical Policy,5,100,P,-10.0,5,38.0,62.0,0.0,60,18,3,Normal,0.05,0.05,1.5,3.0,446,2,357,0,0,2,True,False,True,True
Without Adaptive Difficulty,1,1,A,10.0,10,100.0,0.0,0.0,42,-8,3,Normal,0.95,0.76,0.6,3.0,5,5,5,0,5,0,True,True,False,True
Without Adaptive Difficulty,1,2,A,10.0,6,100.0,0.0,0.0,34,-8,3,Normal,0.9025,0.722,1.0,3.0,8,3,8,1,1,1,True,True,False,True
Without Adaptive Difficulty,1,3,A,10.0,10,100.0,0.0,0.0,26,-8,3,Normal,0.8573749999999999,0.6859,0.6,3.0,13,5,13,0,2,3,True,True,False,True
Without Adaptive Difficulty,1,4,A,10.0,6,100.0,0.0,0.0,18,-8,3,Normal,0.8145062499999999,0.651605,1.0,3.0,16,3,15,1,1,1,True,True,False,True
Without Adaptive Difficulty,1,5,P,-10.0,9,80.0,20.0,0.0,28,10,3,Normal,0.7737809374999999,0.6190247499999999,0.75,3.0,20,4,19,1,2,1,True,True,False,True
Without Adaptive Difficulty,1,6,A,10.0,10,83.33333333333333,16.666666666666668,0.0,20,-8,3,Normal,0.7350918906249998,0.5880735124999998,0.6,3.0,25,5,24,0,3,2,True,True,False,True
Without Adaptive Difficulty,1,7,P,-10.0,7,71.42857142857143,28.571428571428573,0.0,30,10,3,Normal,0.6983372960937497,0.5586698368749998,1.0,3.0,28,3,27,0,1,2,True,True,False,True
Without Adaptive Difficulty,1,8,A,10.0,8,75.0,25.0,0.0,22,-8,3,Normal,0.6634204312890623,0.5307363450312498,0.75,3.0,32,4,30,1,2,1,True,True,False,True
Without Adaptive Difficulty,1,9,P,-10.0,9,66.66666666666667,33.333333333333336,0.0,32,10,3,Normal,0.6302494097246091,0.5041995277796872,0.75,3.0,36,4,34,1,1,2,True,True,False,True
Without Adaptive Difficulty,1,10,A,10.0,6,70.0,30.0,0.0,24,-8,3,Normal,0.5987369392383786,0.4789895513907029,1.0,3.0,39,3,36,3,0,0,True,True,False,True
Without Adaptive Difficulty,1,11,A,10.0,8,72.72727272727273,27.272727272727273,0.0,24,0,3,Normal,0.5688000922764596,0.4550400738211677,0.75,3.0,43,4,40,2,0,2,True,True,False,True
Without Adaptive Difficulty,1,12,P,-10.0,7,66.66666666666667,33.333333333333336,0.0,42,18,3,Normal,0.5403600876626365,0.4322880701301093,1.0,3.0,46,3,42,0,1,2,True,True,False,True
Without Adaptive Difficulty,1,13,A,10.0,8,69.23076923076923,30.76923076923077,0.0,42,0,3,Normal,0.5133420832795047,0.4106736666236038,0.75,3.0,50,4,46,2,0,2,True,True,False,True
Without Adaptive Difficulty,1,14,A,10.0,12,71.42857142857143,28.571428571428573,0.0,42,0,3,Normal,0.48767497911552943,0.39013998329242355,0.5,3.0,56,6,52,0,4,2,True,True,False,True
Without Adaptive Difficulty,1,15,A,10.0,6,73.33333333333333,26.666666666666668,0.0,24,-18,3,Normal,0.46329123015975293,0.3706329841278024,1.0,3.0,59,3,54,2,0,1,True,True,False,True
Without Adaptive Difficulty,1,16,P,-10.0,11,68.75,31.25,0.0,42,18,3,Normal,0.44012666865176525,0.3521013349214122,0.6,3.0,64,5,59,0,3,2,True,True,False,True
Without Adaptive Difficulty,1,17,P,-10.0,5,64.70588235294117,35.294117647058826,0.0,42,0,3,Normal,0.41812033521917696,0.3344962681753416,1.5,3.0,66,2,61,0,0,2,True,True,False,True
Without Adaptive Difficulty,1,18,A,10.0,8,66.66666666666667,33.333333333333336,0.0,42,0,3,Normal,0.3972143184582181,0.3177714547665745,0.75,3.0,70,4,65,2,1,1,True,True,False,True
Without Adaptive Difficulty,1,19,A,10.0,8,68.42105263157895,31.57894736842105,0.0,24,-18,3,Normal,0.37735360253530714,0.30188288202824576,0.75,3.0,74,4,69,2,1,1,True,True,False,True
Without Adaptive Difficulty,1,20,A,10.0,8,70.0,30.0,0.0,24,0,3,Normal,0.35848592240854177,0.2867887379268334,0.75,3.0,78,4,72,1,0,3,True,True,False,True
Without Adaptive Difficulty,1,21,A,10.0,6,71.42857142857143,28.571428571428573,0.0,24,0,3,Normal,0.34056162628811465,0.27244930103049175,1.0,3.0,81,3,74,1,2,0,True,True,False,True
Without Adaptive Difficulty,1,22,P,-10.0,9,68.18181818181819,31.818181818181817,0.0,24,0,3,Normal,0.3235335449737089,0.2588268359789671,0.75,3.0,85,4,77,0,0,4,True,True,False,True
Without Adaptive Difficulty,1,23,A,10.0,8,69.56521739130434,30.434782608695652,0.0,24,0,3,Normal,0.30735686772502346,0.2458854941800188,0.75,3.0,89,4,81,3,0,1,True,True,False,True
Without Adaptive Difficulty,1,24,A,10.0,6,70.83333333333333,29.166666666666668,0.0,24,0,3,Normal,0.2919890243387723,0.23359121947101782,1.0,3.0,92,3,83,2,0,1,True,True,False,True
Without Adaptive Difficulty,1,25,A,10.0,6,72.0,28.0,0.0,24,0,3,Normal,0.27738957312183365,0.22191165849746694,1.0,3.0,95,3,85,2,0,1,True,True,False,True
Without Adaptive Difficulty,1,26,A,10.0,8,73.07692307692308,26.923076923076923,0.0,6,-18,3,Normal,0.263520094465742,0.2108160755725936,0.75,3.0,99,4,88,1,1,2,True,True,False,True
Without Adaptive Difficulty,1,27,A,10.0,8,74.07407407407408,25.925925925925927,0.0,0,-6,3,Normal,0.25034408974245487,0.2002752717939639,0.75,3.0,103,4,91,3,0,1,True,True,False,True
Without Adaptive Difficulty,1,28,P,-10.0,7,71.42857142857143,28.571428571428573,0.0,6,6,3,Normal,0.2378268852553321,0.19026150820426568,1.0,3.0,106,3,93,1,0,2,True,True,False,True
Without Adaptive Difficulty,1,29,A,10.0,8,72.41379310344827,27.586206896551722,0.0,6,0,3,Normal,0.2259355409925655,0.1807484327940524,0.75,3.0,110,4,96,2,0,2,True,True,False,True
Without Adaptive Difficulty,1,30,A,10.0,8,73.33333333333333,26.666666666666668,0.0,6,0,3,Normal,0.2146387639429372,0.17171101115434978,0.75,3.0,114,4,99,2,0,2,True,True,False,True
Without Adaptive Difficulty,1,31,A,10.0,12,74.19354838709677,25.806451612903224,0.0,6,0,3,Normal,0.20390682574579033,0.16312546059663227,0.5,3.0,120,6,104,3,0,3,True,True,False,True
Without Adaptive Difficulty,1,32,P,-10.0,7,71.875,28.125,0.0,6,0,3,Normal,0.1937114844585008,0.15496918756680067,1.0,3.0,123,3,106,0,1,2,True,True,False,True
Without Adaptive Difficulty,1,33,P,-10.0,9,69.6969696969697,30.303030303030305,0.0,24,18,3,Normal,0.18402591023557577,0.14722072818846063,0.75,3.0,127,4,109,1,0,3,True,True,False,True
Without Adaptive Difficulty,1,34,A,10.0,12,70.58823529411765,29.41176470588235,0.0,24,0,3,Normal,0.17482461472379698,0.1398596917790376,0.5,3.0,133,6,114,2,0,4,True,True,False,True
Without Adaptive Difficulty,1,35,A,10.0,8,71.42857142857143,28.571428571428573,0.0,24,0,3,Normal,0.16608338398760714,0.13286670719008573,0.75,3.0,137,4,117,1,0,3,True,True,False,True
Without Adaptive Difficulty,1,36,A,10.0,10,72.22222222222223,27.77777777777778,0.0,24,0,3,Normal,0.15777921478822676,0.1262233718305814,0.6,3.0,142,5,121,1,1,3,True,True,False,True
Without Adaptive Difficulty,1,37,A,10.0,8,72.97297297297297,27.027027027027028,0.0,24,0,3,Normal,0.14989025404881542,0.11991220323905234,0.75,3.0,146,4,125,0,0,4,True,True,False,True
Without Adaptive Difficulty,1,38,A,10.0,12,73.6842105263158,26.31578947368421,0.0,6,-18,3,Normal,0.14239574134637464,0.11391659307709973,0.5,3.0,152,6,130,1,1,4,True,True,False,True
Without Adaptive Difficulty,1,39,P,-10.0,7,71.7948717948718,28.205128205128204,0.0,24,18,3,Normal,0.1352759542790559,0.10822076342324471,1.0,3.0,155,3,132,1,0,2,True,True,False,True
Without Adaptive Difficulty,1,40,A,10.0,12,72.5,27.5,0.0,24,0,3,Normal,0.1285121565651031,0.10280972525208248,0.5,3.0,161,6,137,0,1,5,True,True,False,True
Without Adaptive Difficulty,1,41,P,-10.0,9,70.73170731707317,29.26829268292683,0.0,42,18,3,Normal,0.12208654873684793,0.09766923898947835,0.75,3.0,165,4,140,1,0,3,True,True,False,True
Without Adaptive Difficulty,1,42,P,-10.0,11,69.04761904761905,30.952380952380953,0.0,42,0,3,Normal,0.11598222130000553,0.09278577704000443,0.6,3.0,170,5,144,0,0,5,True,True,False,True
Without Adaptive Difficulty,1,43,P,-10.0,5,67.44186046511628,32.55813953488372,0.0,42,0,3,Normal,0.11018311023500525,0.0881464881880042,1.5,3.0,172,2,144,1,0,1,True,True,False,True
Without Adaptive Difficulty,1,44,P,-10.0,13,65.9090909090909,34.09090909090909,0.0,60,18,3,Normal,0.10467395472325498,0.08373916377860399,0.5,3.0,178,6,149,1,0,5,True,True,False,True
Without Adaptive Difficulty,1,45,A,10.0,12,66.66666666666667,33.333333333333336,0.0,60,0,3,Normal,0.09944025698709223,0.0795522055896738,0.5,3.0,184,6,154,0,1,5,True,True,False,True
Without Adaptive Difficulty,1,46,A,10.0,10,67.3913043478261,32.608695652173914,0.0,60,0,3,Normal,0.09446824413773762,0.0755745953101901,0.6,3.0,189,5,158,0,0,5,True,True,False,True
Without Adaptive Difficulty,1,47,P,-10.0,11,65.95744680851064,34.04255319148936,0.0,78,18,3,Normal,0.08974483193085074,0.07179586554468059,0.6,3.0,194,5,162,0,1,4,True,True,False,True
Without Adaptive Difficulty,1,48,A,10.0,6,66.66666666666667,33.333333333333336,0.0,78,0,3,Normal,0.0852575903343082,0.06820607226744656,1.0,3.0,197,3,164,1,0,2,True,True,False,True
Without Adaptive Difficulty,1,49,A,10.0,6,67.34693877551021,32.6530612244898,0.0,60,-18,3,Normal,0.08099471081759278,0.06479576865407423,1.0,3.0,200,3,166,2,0,1,True,True,False,True
Without Adaptive Difficulty,1,50,A,10.0,6,68.0,32.0,0.0,60,0,3,Normal,0.07694497527671314,0.061555980221370515,1.0,3.0,203,3,168,2,0,1,True,True,False,True
Without Adaptive Difficulty,1,51,A,10.0,6,68.62745098039215,31.372549019607842,0.0,42,-18,3,Normal,0.07309772651287748,0.05847818121030199,1.0,3.0,206,3,170,1,0,2,True,True,False,True
Without Adaptive Difficulty,1,52,A,10.0,8,69.23076923076923,30.76923076923077,0.0,24,-18,3,Normal,0.0694428401872336,0.05555427214978688,0.75,3.0,210,4,173,2,1,1,True,True,False,True
Without Adaptive Difficulty,1,53,A,10.0,8,69.81132075471699,30.18867924528302,0.0,6,-18,3,Normal,0.0659706981778719,0.05277655854229753,0.75,3.0,214,4,176,3,0,1,True,True,False,True
Without Adaptive Difficulty,1,54,A,10.0,10,70.37037037037037,29.62962962962963,0.0,0,-6,3,Normal,0.0626721632689783,0.050137730615182646,0.6,3.0,219,5,179,2,0,3,True,True,False,True
Without Adaptive Difficulty,1,55,A,10.0,8,70.9090909090909,29.09090909090909,0.0,0,0,3,Normal,0.059538555105529384,0.05,0.75,3.0,223,4,182,1,0,3,True,True,False,True
Without Adaptive Difficulty,1,56,P,-10.0,7,69.64285714285714,30.357142857142858,0.0,6,6,3,Normal,0.05656162735025291,0.05,1.0,3.0,226,3,184,1,0,2,True,True,False,True
Without Adaptive Difficulty,1,57,A,10.0,6,70.17543859649123,29.82456140350877,0.0,0,-6,3,Normal,0.053733545982740265,0.05,1.0,3.0,229,3,186,2,0,1,True,True,False,True
Without Adaptive Difficulty,1,58,P,-10.0,7,68.96551724137932,31.03448275862069,0.0,6,6,3,Normal,0.05104686868360325,0.05,1.0,3.0,232,3,188,1,0,2,True,True,False,True
Without Adaptive Difficulty,1,59,P,-10.0,5,67.79661016949153,32.20338983050848,0.0,24,18,3,Normal,0.05,0.05,1.5,3.0,234,2,189,0,0,2,True,True,False,True
Without Adaptive Difficulty,1,60,P,-10.0,11,66.66666666666667,33.333333333333336,0.0,42,18,3,Normal,0.05,0.05,0.6,3.0,239,5,192,2,0,3,True,True,False,True
Without Adaptive Difficulty,1,61,A,10.0,10,67.21311475409836,32.78688524590164,0.0,42,0,3,Normal,0.05,0.05,0.6,3.0,244,5,196,1,0,4,True,True,False,True
Without Adaptive Difficulty,1,62,A,10.0,8,67.74193548387096,32.25806451612903,0.0,42,0,3,Normal,0.05,0.05,0.75,3.0,248,4,198,1,1,2,True,True,False,True
Without Adaptive Difficulty,1,63,A,10.0,6,68.25396825396825,31.746031746031747,0.0,42,0,3,Normal,0.05,0.05,1.0,3.0,251,3,200,2,0,1,True,True,False,True
Without Adaptive Difficulty,1,64,P,-10.0,11,67.1875,32.8125,0.0,60,18,3,Normal,0.05,0.05,0.6,3.0,256,5,204,0,0,5,True,True,False,True
Without Adaptive Difficulty,1,65,A,10.0,10,67.6923076923077,32.30769230769231,0.0,60,0,3,Normal,0.05,0.05,0.6,3.0,261,5,208,2,1,2,True,True,False,True
Without Adaptive Difficulty,1,66,A,10.0,10,68.18181818181819,31.818181818181817,0.0,42,-18,3,Normal,0.05,0.05,0.6,3.0,266,5,212,1,0,4,True,True,False,True
Without Adaptive Difficulty,1,67,A,10.0,8,68.65671641791045,31.34328358208955,0.0,42,0,3,Normal,0.05,0.05,0.75,3.0,270,4,215,1,0,3,True,True,False,True
Without Adaptive Difficulty,1,68,A,10.0,6,69.11764705882354,30.88235294117647,0.0,24,-18,3,Normal,0.05,0.05,1.0,3.0,273,3,217,1,0,2,True,True,False,True
Without Adaptive Difficulty,1,69,P,-10.0,7,68.1159420289855,31.884057971014492,0.0,24,0,3,Normal,0.05,0.05,1.0,3.0,276,3,219,1,1,1,True,True,False,True
Without Adaptive Difficulty,1,70,P,-10.0,5,67.14285714285714,32.857142857142854,0.0,24,0,3,Normal,0.05,0.05,1.5,3.0,278,2,220,0,0,2,True,True,False,True
Without Adaptive Difficulty,1,71,A,10.0,6,67.6056338028169,32.394366197183096,0.0,24,0,3,Normal,0.05,0.05,1.0,3.0,281,3,222,3,0,0,True,True,False,True
Without Adaptive Difficulty,1,72,A,10.0,6,68.05555555555556,31.944444444444443,0.0,24,0,3,Normal,0.05,0.05,1.0,3.0,284,3,224,1,0,2,True,True,False,True
Without Adaptive Difficulty,1,73,A,10.0,8,68.4931506849315,31.506849315068493,0.0,24,0,3,Normal,0.05,0.05,0.75,3.0,288,4,227,0,0,4,True,True,False,True
Without Adaptive Difficulty,1,74,P,-10.0,9,67.56756756756756,32.432432432432435,0.0,24,0,3,Normal,0.05,0.05,0.75,3.0,292,4,230,1,1,2,True,True,False,True
Without Adaptive Difficulty,1,75,A,10.0,8,68.0,32.0,0.0,24,0,3,Normal,0.05,0.05,0.75,3.0,296,4,233,2,0,2,True,True,False,True
Without Adaptive Difficulty,1,76,P,-10.0,13,67.10526315789474,32.89473684210526,0.0,42,18,3,Normal,0.05,0.05,0.5,3.0,302,6,238,2,0,4,True,True,False,True
Without Adaptive Difficulty,1,77,A,10.0,6,67.53246753246754,32.467532467532465,0.0,42,0,3,Normal,0.05,0.05,1.0,3.0,305,3,240,3,0,0,True,True,False,True
Without Adaptive Difficulty,1,78,A,10.0,6,67.94871794871794,32.05128205128205,0.0,42,0,3,Normal,0.05,0.05,1.0,3.0,308,3,241,3,0,0,True,True,False,True
Without Adaptive Difficulty,1,79,A,10.0,10,68.35443037974683,31.645569620253166,0.0,24,-18,3,Normal,0.05,0.05,0.6,3.0,313,5,245,2,0,3,True,True,False,True
Without Adaptive Difficulty,1,80,A,10.0,10,68.75,31.25,0.0,6,-18,3,Normal,0.05,0.05,0.6,3.0,318,5,249,2,0,3,True,True,False,True
Without Adaptive Difficulty,1,81,P,-10.0,5,67.90123456790124,32.098765432098766,0.0,24,18,3,Normal,0.05,0.05,1.5,3.0,320,2,250,0,0,2,True,True,False,True
Without Adaptive Difficulty,1,82,P,-10.0,9,67.07317073170732,32.926829268292686,0.0,42,18,3,Normal,0.05,0.05,0.75,3.0,324,4,253,1,0,3,True,True,False,True
Without Adaptive Difficulty,1,83,P,-10.0,9,66.26506024096386,33.734939759036145,0.0,60,18,3,Normal,0.05,0.05,0.75,3.0,328,4,256,0,0,4,True,True,False,True
Without Adaptive Difficulty,1,84,A,10.0,12,66.66666666666667,33.333333333333336,0.0,42,-18,3,Normal,0.05,0.05,0.5,3.0,334,6,261,2,0,4,True,True,False,True
Without Adaptive Difficulty,1,85,A,10.0,8,67.05882352941177,32.94117647058823,0.0,42,0,3,Normal,0.05,0.05,0.75,3.0,338,4,264,2,1,1,True,True,False,True
Without Adaptive Difficulty,1,86,A,10.0,8,67.44186046511628,32.55813953488372,0.0,24,-18,3,Normal,0.05,0.05,0.75,3.0,342,4,267,3,0,1,True,True,False,True
Without Adaptive Difficulty,1,87,A,10.0,8,67.816091954023,32.18390804597701,0.0,24,0,3,Normal,0.05,0.05,0.75,3.0,346,4,270,2,0,2,True,True,False,True
Without Adaptive Difficulty,1,88,A,10.0,6,68.18181818181819,31.818181818181817,0.0,24,0,3,Normal,0.05,0.05,1.0,3.0,349,3,272,1,0,2,True,True,False,True
Without Adaptive Difficulty,1,89,A,10.0,8,68.53932584269663,31.46067415730337,0.0,24,0,3,Normal,0.05,0.05,0.75,3.0,353,4,275,3,0,1,True,True,False,True
Without Adaptive Difficulty,1,90,P,-10.0,9,67.77777777777777,32.22222222222222,0.0,42,18,3,Normal,0.05,0.05,0.75,3.0,357,4,278,0,1,3,True,True,False,True
Without Adaptive Difficulty,1,91,A,10.0,8,68.13186813186813,31.86813186813187,0.0,24,-18,3,Normal,0.05,0.05,0.75,3.0,361,4,281,1,0,3,True,True,False,True
Without Adaptive Difficulty,1,92,A,10.0,6,68.47826086956522,31.52173913043478,0.0,6,-18,3,Normal,0.05,0.05,1.0,3.0,364,3,283,2,1,0,True,True,False,True
Without Adaptive Difficulty,1,93,P,-10.0,13,67.74193548387096,32.25806451612903,0.0,6,0,3,Normal,0.05,0.05,0.5,3.0,370,6,288,0,1,5,True,True,False,True
Without Adaptive Difficulty,1,94,A,10.0,12,68.08510638297872,31.914893617021278,0.0,6,0,3,Normal,0.05,0.05,0.5,3.0,376,6,293,1,0,5,True,True,False,True
Without Adaptive Difficulty,1,95,A,10.0,8,68.42105263157895,31.57894736842105,0.0,6,0,3,Normal,0.05,0.05,0.75,3.0,380,4,296,3,0,1,True,True,False,True
Without Adaptive Difficulty,1,96,P,-10.0,11,67.70833333333333,32.291666666666664,0.0,24,18,3,Normal,0.05,0.05,0.6,3.0,385,5,300,0,0,5,True,True,False,True
Without Adaptive Difficulty,1,97,A,10.0,6,68.04123711340206,31.95876288659794,0.0,24,0,3,Normal,0.05,0.05,1.0,3.0,388,3,302,2,0,1,True,True,False,True
Without Adaptive Difficulty,1,98,P,-10.0,9,67.34693877551021,32.6530612244898,0.0,42,18,3,Normal,0.05,0.05,0.75,3.0,392,4,305,0,0,4,True,True,False,True
Without Adaptive Difficulty,1,99,A,10.0,6,67.67676767676768,32.323232323232325,0.0,42,0,3,Normal,0.05,0.05,1.0,3.0,395,3,307,0,0,3,True,True,False,True
Without Adaptive Difficulty,1,100,A,10.0,10,68.0,32.0,0.0,24,-18,3,Normal,0.05,0.05,0.6,3.0,400,5,311,1,1,3,True,True,False,True
Without Adaptive Difficulty,2,1,A,10.0,14,100.0,0.0,0.0,42,-8,3,Normal,0.95,0.76,0.42857142857142855,3.0,7,7,7,0,7,0,True,True,False,True
Without Adaptive Difficulty,2,2,A,10.0,14,100.0,0.0,0.0,34,-8,3,Normal,0.9025,0.722,0.42857142857142855,3.0,14,7,14,3,4,0,True,True,False,True
Without Adaptive Difficulty,2,3,P,-10.0,9,66.66666666666667,33.333333333333336,0.0,44,10,3,Normal,0.8573749999999999,0.6859,0.75,3.0,18,4,18,0,1,3,True,True,False,True
Without Adaptive Difficulty,2,4,A,10.0,6,75.0,25.0,0.0,36,-8,3,Normal,0.8145062499999999,0.651605,1.0,3.0,21,3,21,1,1,1,True,True,False,True
Without Adaptive Difficulty,2,5,A,10.0,12,80.0,20.0,0.0,28,-8,3,Normal,0.7737809374999999,0.6190247499999999,0.5,3.0,27,6,27,2,2,2,True,True,False,True
Without Adaptive Difficulty,2,6,A,10.0,8,83.33333333333333,16.666666666666668,0.0,20,-8,3,Normal,0.7350918906249998,0.5880735124999998,0.75,3.0,31,4,31,2,1,1,True,True,False,True
Without Adaptive Difficulty,2,7,A,10.0,10,85.71428571428571,14.285714285714286,0.0,12,-8,3,Normal,0.6983372960937497,0.5586698368749998,0.6,3.0,36,5,36,2,2,1,True,True,False,True
Without Adaptive Difficulty,2,8,A,10.0,10,87.5,12.5,0.0,4,-8,3,Normal,0.6634204312890623,0.5307363450312498,0.6,3.0,41,5,41,3,1,1,True,True,False,True
Without Adaptive Difficulty,2,9,A,10.0,6,88.88888888888889,11.11111111111111,0.0,0,-4,3,Normal,0.6302494097246091,0.5041995277796872,1.0,3.0,44,3,44,2,0,1,True,True,False,True
Without Adaptive Difficulty,2,10,A,10.0,6,90.0,10.0,0.0,0,0,3,Normal,0.5987369392383786,0.4789895513907029,1.0,3.0,47,3,46,2,0,1,True,True,False,True
Without Adaptive Difficulty,2,11,P,-10.0,13,81.81818181818181,18.181818181818183,0.0,6,6,3,Normal,0.5688000922764596,0.4550400738211677,0.5,3.0,53,6,51,1,3,2,True,True,False,True
Without Adaptive Difficulty,2,12,A,10.0,10,83.33333333333333,16.666666666666668,0.0,6,0,3,Normal,0.5403600876626365,0.4322880701301093,0.6,3.0,58,5,55,3,2,0,True,True,False,True
Without Adaptive Difficulty,2,13,A,10.0,10,84.61538461538461,15.384615384615385,0.0,0,-6,3,Normal,0.5133420832795047,0.4106736666236038,0.6,3.0,63,5,60,1,1,3,True,True,False,True
Without Adaptive Difficulty,2,14,A,10.0,8,85.71428571428571,14.285714285714286,0.0,0,0,3,Normal,0.48767497911552943,0.39013998329242355,0.75,3.0,67,4,64,3,0,1,True,True,False,True
Without Adaptive Difficulty,2,15,A,10.0,6,86.66666666666667,13.333333333333334,0.0,0,0,3,Normal,0.46329123015975293,0.3706329841278024,1.0,3.0,70,3,67,2,0,1,True,True,False,True
Without Adaptive Difficulty,2,16,P,-10.0,7,81.25,18.75,0.0,6,6,3,Normal,0.44012666865176525,0.3521013349214122,1.0,3.0,73,3,69,2,1,0,True,True,False,True
Without Adaptive Difficulty,2,17,A,10.0,8,82.3529411764706,17.647058823529413,0.0,6,0,3,Normal,0.41812033521917696,0.3344962681753416,0.75,3.0,77,4,72,1,2,1,True,True,False,True
Without Adaptive Difficulty,2,18,A,10.0,14,83.33333333333333,16.666666666666668,0.0,6,0,3,Normal,0.3972143184582181,0.3177714547665745,0.42857142857142855,3.0,84,7,79,2,2,3,True,True,False,True
Without Adaptive Difficulty,2,19,A,10.0,6,84.21052631578948,15.789473684210526,0.0,6,0,3,Normal,0.37735360253530714,0.30188288202824576,1.0,3.0,87,3,81,1,1,1,True,True,False,True
Without Adaptive Difficulty,2,20,A,10.0,8,85.0,15.0,0.0,6,0,3,Normal,0.35848592240854177,0.2867887379268334,0.75,3.0,91,4,84,2,1,1,True,True,False,True
Without Adaptive Difficulty,2,21,P,-10.0,11,80.95238095238095,19.047619047619047,0.0,6,0,3,Normal,0.34056162628811465,0.27244930103049175,0.6,3.0,96,5,88,0,3,2,True,True,False,True
Without Adaptive Difficulty,2,22,A,10.0,10,81.81818181818181,18.181818181818183,0.0,6,0,3,Normal,0.3235335449737089,0.2588268359789671,0.6,3.0,101,5,92,1,0,4,True,True,False,True
Without Adaptive Difficulty,2,23,P,-10.0,9,78.26086956521739,21.73913043478261,0.0,24,18,3,Normal,0.30735686772502346,0.2458854941800188,0.75,3.0,105,4,95,0,0,4,True,True,False,True
Without Adaptive Difficulty,2,24,A,10.0,6,79.16666666666667,20.833333333333332,0.0,24,0,3,Normal,0.2919890243387723,0.23359121947101782,1.0,3.0,108,3,97,1,0,2,True,True,False,True
Without Adaptive Difficulty,2,25,A,10.0,6,80.0,20.0,0.0,24,0,3,Normal,0.27738957312183365,0.22191165849746694,1.0,3.0,111,3,99,1,0,2,True,True,False,True
Without Adaptive Difficulty,2,26,A,10.0,10,80.76923076923077,19.23076923076923,0.0,6,-18,3,Normal,0.263520094465742,0.2108160755725936,0.6,3.0,116,5,103,1,1,3,True,True,False,True
Without Adaptive Difficulty,2,27,A,10.0,6,81.48148148148148,18.51851851851852,0.0,6,0,3,Normal,0.25034408974245487,0.2002752717939639,1.0,3.0,119,3,106,1,0,2,True,True,False,True
Without Adaptive Difficulty,2,28,A,10.0,8,82.14285714285714,17.857142857142858,0.0,6,0,3,Normal,0.2378268852553321,0.19026150820426568,0.75,3.0,123,4,109,2,1,1,True,True,False,True
Without Adaptive Difficulty,2,29,A,10.0,8,82.75862068965517,17.24137931034483,0.0,6,0,3,Normal,0.2259355409925655,0.1807484327940524,0.75,3.0,127,4,112,1,1,2,True,True,False,True
Without Adaptive Difficulty,2,30,A,10.0,6,83.33333333333333,16.666666666666668,0.0,6,0,3,Normal,0.2146387639429372,0.17171101115434978,1.0,3.0,130,3,114,1,0,2,True,True,False,True
Without Adaptive Difficulty,2,31,P,-10.0,9,80.64516129032258,19.35483870967742,0.0,6,0,3,Normal,0.20390682574579033,0.16312546059663227,0.75,3.0,134,4,117,1,2,1,True,True,False,True
Without Adaptive Difficulty,2,32,A,10.0,8,81.25,18.75,0.0,6,0,3,Normal,0.1937114844585008,0.15496918756680067,0.75,3.0,138,4,120,2,0,2,True,True,False,True
Without Adaptive Difficulty,2,33,A,10.0,8,81.81818181818181,18.181818181818183,0.0,0,-6,3,Normal,0.18402591023557577,0.14722072818846063,0.75,3.0,142,4,124,1,0,3,True,True,False,True
Without Adaptive Difficulty,2,34,P,-10.0,11,79.41176470588235,20.58823529411765,0.0,6,6,3,Normal,0.17482461472379698,0.1398596917790376,0.6,3.0,147,5,128,1,1,3,True,True,False,True
Without Adaptive Difficulty,2,35,A,10.0,8,80.0,20.0,0.0,6,0,3,Normal,0.16608338398760714,0.13286670719008573,0.75,3.0,151,4,131,1,0,3,True,True,False,True
Without Adaptive Difficulty,2,36,A,10.0,8,80.55555555555556,19.444444444444443,0.0,6,0,3,Normal,0.15777921478822676,0.1262233718305814,0.75,3.0,155,4,134,3,1,0,True,True,False,True
Without Adaptive Difficulty,2,37,P,-10.0,11,78.37837837837837,21.62162162162162,0.0,24,18,3,Normal,0.14989025404881542,0.11991220323905234,0.6,3.0,160,5,138,1,1,3,True,True,False,True
Without Adaptive Difficulty,2,38,P,-10.0,7,76.3157894736842,23.68421052631579,0.0,42,18,3,Normal,0.14239574134637464,0.11391659307709973,1.0,3.0,163,3,140,0,1,2,True,True,False,True
Without Adaptive Difficulty,2,39,A,10.0,6,76.92307692307692,23.076923076923077,0.0,42,0,3,Normal,0.1352759542790559,0.10822076342324471,1.0,3.0,166,3,142,2,0,1,True,True,False,True
Without Adaptive Difficulty,2,40,A,10.0,8,77.5,22.5,0.0,42,0,3,Normal,0.1285121565651031,0.10280972525208248,0.75,3.0,170,4,145,2,0,2,True,True,False,True
Without Adaptive Difficulty,2,41,A,10.0,6,78.04878048780488,21.951219512195124,0.0,24,-18,3,Normal,0.12208654873684793,0.09766923898947835,1.0,3.0,173,3,147,1,0,2,True,True,False,True
Without Adaptive Difficulty,2,42,A,10.0,6,78.57142857142857,21.428571428571427,0.0,24,0,3,Normal,0.11598222130000553,0.09278577704000443,1.0,3.0,176,3,149,1,0,2,True,True,False,True
Without Adaptive Difficulty,2,43,A,10.0,14,79.06976744186046,20.930232558139537,0.0,24,0,3,Normal,0.11018311023500525,0.0881464881880042,0.42857142857142855,3.0,183,7,155,1,0,6,True,True,False,True
Without Adaptive Difficulty,2,44,A,10.0,8,79.54545454545455,20.454545454545453,0.0,6,-18,3,Normal,0.10467395472325498,0.08373916377860399,0.75,3.0,187,4,158,1,0,3,True,True,False,True
Without Adaptive Difficulty,2,45,A,10.0,8,80.0,20.0,0.0,6,0,3,Normal,0.09944025698709223,0.0795522055896738,0.75,3.0,191,4,161,3,0,1,True,True,False,True
Without Adaptive Difficulty,2,46,A,10.0,6,80.43478260869566,19.565217391304348,0.0,6,0,3,Normal,0.09446824413773762,0.0755745953101901,1.0,3.0,194,3,163,2,0,1,True,True,False,True
Without Adaptive Difficulty,2,47,A,10.0,6,80.85106382978724,19.148936170212767,0.0,0,-6,3,Normal,0.08974483193085074,0.07179586554468059,1.0,3.0,197,3,165,0,0,3,True,True,False,True
Without Adaptive Difficulty,2,48,A,10.0,14,81.25,18.75,0.0,0,0,3,Normal,0.0852575903343082,0.06820607226744656,0.42857142857142855,3.0,204,7,171,0,0,7,True,True,False,True
Without Adaptive Difficulty,2,49,A,10.0,12,81.63265306122449,18.367346938775512,0.0,0,0,3,Normal,0.08099471081759278,0.06479576865407423,0.5,3.0,210,6,176,2,0,4,True,True,False,True
Without Adaptive Difficulty,2,50,A,10.0,10,82.0,18.0,0.0,0,0,3,Normal,0.07694497527671314,0.061555980221370515,0.6,3.0,215,5,181,2,0,3,True,True,False,True
Without Adaptive Difficulty,2,51,P,-10.0,11,80.3921568627451,19.607843137254903,0.0,0,0,3,Normal,0.07309772651287748,0.05847818121030199,0.6,3.0,220,5,185,0,0,5,True,True,False,True
Without Adaptive Difficulty,2,52,P,-10.0,9,78.84615384615384,21.153846153846153,0.0,6,6,3,Normal,0.0694428401872336,0.05555427214978688,0.75,3.0,224,4,188,2,0,2,True,True,False,True
Without Adaptive Difficulty,2,53,A,10.0,8,79.24528301886792,20.754716981132077,0.0,6,0,3,Normal,0.0659706981778719,0.05277655854229753,0.75,3.0,228,4,191,1,1,2,True,True,False,True
Without Adaptive Difficulty,2,54,A,10.0,8,79.62962962962963,20.37037037037037,0.0,6,0,3,Normal,0.0626721632689783,0.050137730615182646,0.75,3.0,232,4,194,2,0,2,True,True,False,True
Without Adaptive Difficulty,2,55,A,10.0,6,80.0,20.0,0.0,6,0,3,Normal,0.059538555105529384,0.05,1.0,3.0,235,3,196,3,0,0,True,True,False,True
Without Adaptive Difficulty,2,56,A,10.0,8,80.35714285714286,19.642857142857142,0.0,6,0,3,Normal,0.05656162735025291,0.05,0.75,3.0,239,4,199,3,0,1,True,True,False,True
Without Adaptive Difficulty,2,57,A,10.0,6,80.70175438596492,19.29824561403509,0.0,6,0,3,Normal,0.053733545982740265,0.05,1.0,3.0,242,3,200,1,0,2,True,True,False,True
Without Adaptive Difficulty,2,58,A,10.0,8,81.03448275862068,18.96551724137931,0.0,6,0,3,Normal,0.05104686868360325,0.05,0.75,3.0,246,4,203,1,1,2,True,True,False,True
Without Adaptive Difficulty,2,59,P,-10.0,9,79.66101694915254,20.338983050847457,0.0,24,18,3,Normal,0.05,0.05,0.75,3.0,250,4,206,0,0,4,True,True,False,True
Without Adaptive Difficulty,2,60,A,10.0,6,80.0,20.0,0.0,24,0,3,Normal,0.05,0.05,1.0,3.0,253,3,207,2,0,1,True,True,False,True
Without Adaptive Difficulty,2,61,A,10.0,6,80.32786885245902,19.672131147540984,0.0,6,-18,3,Normal,0.05,0.05,1.0,3.0,256,3,207,3,0,0,True,True,False,True
Without Adaptive Difficulty,2,62,A,10.0,10,80.64516129032258,19.35483870967742,0.0,0,-6,3,Normal,0.05,0.05,0.6,3.0,261,5,211,1,0,4,True,True,False,True
Without Adaptive Difficulty,2,63,A,10.0,10,80.95238095238095,19.047619047619047,0.0,0,0,3,Normal,0.05,0.05,0.6,3.0,266,5,215,1,0,4,True,True,False,True
Without Adaptive Difficulty,2,64,P,-10.0,13,79.6875,20.3125,0.0,6,6,3,Normal,0.05,0.05,0.5,3.0,272,6,220,0,0,6,True,True,False,True
Without Adaptive Difficulty,2,65,A,10.0,8,80.0,20.0,0.0,6,0,3,Normal,0.05,0.05,0.75,3.0,276,4,223,1,0,3,True,True,False,True
Without Adaptive Difficulty,2,66,P,-10.0,13,78.78787878787878,21.21212121212121,0.0,24,18,3,Normal,0.05,0.05,0.5,3.0,282,6,228,1,0,5,True,True,False,True
Without Adaptive Difficulty,2,67,A,10.0,6,79.1044776119403,20.895522388059703,0.0,24,0,3,Normal,0.05,0.05,1.0,3.0,285,3,230,1,0,2,True,True,False,True
Without Adaptive Difficulty,2,68,A,10.0,8,79.41176470588235,20.58823529411765,0.0,24,0,3,Normal,0.05,0.05,0.75,3.0,289,4,233,3,1,0,True,True,False,True
Without Adaptive Difficulty,2,69,A,10.0,8,79.71014492753623,20.28985507246377,0.0,6,-18,3,Normal,0.05,0.05,0.75,3.0,293,4,236,2,0,2,True,True,False,True
Without Adaptive Difficulty,2,70,A,10.0,8,80.0,20.0,0.0,6,0,3,Normal,0.05,0.05,0.75,3.0,297,4,238,1,0,3,True,True,False,True
Without Adaptive Difficulty,2,71,P,-10.0,13,78.87323943661971,21.12676056338028,0.0,24,18,3,Normal,0.05,0.05,0.5,3.0,303,6,243,2,0,4,True,True,False,True
Without Adaptive Difficulty,2,72,A,10.0,14,79.16666666666667,20.833333333333332,0.0,24,0,3,Normal,0.05,0.05,0.42857142857142855,3.0,310,7,249,1,0,6,True,True,False,True
Without Adaptive Difficulty,2,73,A,10.0,6,79.45205479452055,20.54794520547945,0.0,24,0,3,Normal,0.05,0.05,1.0,3.0,313,3,251,3,0,0,True,True,False,True
Without Adaptive Difficulty,2,74,A,10.0,6,79.72972972972973,20.27027027027027,0.0,6,-18,3,Normal,0.05,0.05,1.0,3.0,316,3,252,2,0,1,True,True,False,True
Without Adaptive Difficulty,2,75,A,10.0,8,80.0,20.0,0.0,6,0,3,Normal,0.05,0.05,0.75,3.0,320,4,255,1,0,3,True,True,False,True
Without Adaptive Difficulty,2,76,A,10.0,10,80.26315789473684,19.736842105263158,0.0,0,-6,3,Normal,0.05,0.05,0.6,3.0,325,5,259,2,0,3,True,True,False,True
Without Adaptive Difficulty,2,77,P,-10.0,9,79.22077922077922,20.77922077922078,0.0,6,6,3,Normal,0.05,0.05,0.75,3.0,329,4,261,2,0,2,True,True,False,True
Without Adaptive Difficulty,2,78,A,10.0,8,79.48717948717949,20.512820512820515,0.0,6,0,3,Normal,0.05,0.05,0.75,3.0,333,4,264,1,0,3,True,True,False,True
Without Adaptive Difficulty,2,79,A,10.0,6,79.74683544303798,20.253164556962027,0.0,6,0,3,Normal,0.05,0.05,1.0,3.0,336,3,266,0,0,3,True,True,False,True
Without Adaptive Difficulty,2,80,A,10.0,8,80.0,20.0,0.0,6,0,3,Normal,0.05,0.05,0.75,3.0,340,4,269,2,0,2,True,True,False,True
Without Adaptive Difficulty,2,81,P,-10.0,11,79.01234567901234,20.987654320987655,0.0,6,0,3,Normal,0.05,0.05,0.6,3.0,345,5,273,0,0,5,True,True,False,True
Without Adaptive Difficulty,2,82,A,10.0,12,79.26829268292683,20.73170731707317,0.0,6,0,3,Normal,0.05,0.05,0.5,3.0,351,6,278,2,0,4,True,True,False,True
Without Adaptive Difficulty,2,83,A,10.0,6,79.51807228915662,20.481927710843372,0.0,6,0,3,Normal,0.05,0.05,1.0,3.0,354,3,280,1,0,2,True,True,False,True
Without Adaptive Difficulty,2,84,A,10.0,10,79.76190476190476,20.238095238095237,0.0,6,0,3,Normal,0.05,0.05,0.6,3.0,359,5,284,2,0,3,True,True,False,True
Without Adaptive Difficulty,2,85,A,10.0,8,80.0,20.0,0.0,6,0,3,Normal,0.05,0.05,0.75,3.0,363,4,287,2,0,2,True,True,False,True
Without Adaptive Difficulty,2,86,A,10.0,6,80.23255813953489,19.767441860465116,0.0,6,0,3,Normal,0.05,0.05,1.0,3.0,366,3,289,2,0,1,True,True,False,True
Without Adaptive Difficulty,2,87,A,10.0,8,80.45977011494253,19.54022988505747,0.0,0,-6,3,Normal,0.05,0.05,0.75,3.0,370,4,292,1,0,3,True,True,False,True
Without Adaptive Difficulty,2,88,A,10.0,10,80.68181818181819,19.318181818181817,0.0,0,0,3,Normal,0.05,0.05,0.6,3.0,375,5,296,2,0,3,True,True,False,True
Without Adaptive Difficulty,2,89,A,10.0,6,80.89887640449439,19.10112359550562,0.0,0,0,3,Normal,0.05,0.05,1.0,3.0,378,3,298,2,0,1,True,True,False,True
Without Adaptive Difficulty,2,90,A,10.0,8,81.11111111111111,18.88888888888889,0.0,0,0,3,Normal,0.05,0.05,0.75,3.0,382,4,301,0,0,4,True,True,False,True
Without Adaptive Difficulty,2,91,P,-10.0,5,80.21978021978022,19.78021978021978,0.0,0,0,3,Normal,0.05,0.05,1.5,3.0,384,2,302,1,0,1,True,True,False,True
Without Adaptive Difficulty,2,92,A,10.0,8,80.43478260869566,19.565217391304348,0.0,0,0,3,Normal,0.05,0.05,0.75,3.0,388,4,305,3,0,1,True,True,False,True
Without Adaptive Difficulty,2,93,A,10.0,8,80.64516129032258,19.35483870967742,0.0,0,0,3,Normal,0.05,0.05,0.75,3.0,392,4,308,1,1,2,True,True,False,True
Without Adaptive Difficulty,2,94,P,-10.0,7,79.7872340425532,20.21276595744681,0.0,6,6,3,Normal,0.05,0.05,1.0,3.0,395,3,310,1,1,1,True,True,False,True
Without Adaptive Difficulty,2,95,A,10.0,8,80.0,20.0,0.0,6,0,3,Normal,0.05,0.05,0.75,3.0,399,4,313,2,0,2,True,True,False,True
Without Adaptive Difficulty,2,96,P,-10.0,13,79.16666666666667,20.833333333333332,0.0,24,18,3,Normal,0.05,0.05,0.5,3.0,405,6,318,2,0,4,True,True,False,True
Without Adaptive Difficulty,2,97,A,10.0,8,79.38144329896907,20.61855670103093,0.0,24,0,3,Normal,0.05,0.05,0.75,3.0,409,4,320,2,0,2,True,True,False,True
Without Adaptive Difficulty,2,98,A,10.0,8,79.59183673469387,20.408163265306122,0.0,24,0,3,Normal,0.05,0.05,0.75,3.0,413,4,323,1,0,3,True,True,False,True
Without Adaptive Difficulty,2,99,A,10.0,6,79.79797979797979,20.2020202020202,0.0,24,0,3,Normal,0.05,0.05,1.0,3.0,416,3,325,2,0,1,True,True,False,True
Without Adaptive Difficulty,2,100,A,10.0,10,80.0,20.0,0.0,24,0,3,Normal,0.05,0.05,0.6,3.0,421,5,329,1,0,4,True,True,False,True
Without Adaptive Difficulty,3,1,P,-10.0,9,0.0,100.0,0.0,60,10,3,Normal,0.95,0.76,0.75,3.0,4,4,4,0,4,0,True,True,False,True
Without Adaptive Difficulty,3,2,P,-10.0,7,0.0,100.0,0.0,70,10,3,Normal,0.9025,0.722,1.0,3.0,7,3,7,0,3,0,True,True,False,True
Without Adaptive Difficulty,3,3,A,10.0,10,33.333333333333336,66.66666666666667,0.0,62,-8,3,Normal,0.8573749999999999,0.6859,0.6,3.0,12,5,12,1,2,2,True,True,False,True
Without Adaptive Difficulty,3,4,P,-10.0,7,25.0,75.0,0.0,72,10,3,Normal,0.8145062499999999,0.651605,1.0,3.0,15,3,15,1,2,0,True,True,False,True
Without Adaptive Difficulty,3,5,A,10.0,10,40.0,60.0,0.0,64,-8,3,Normal,0.7737809374999999,0.6190247499999999,0.6,3.0,20,5,19,2,1,2,True,True,False,True
Without Adaptive Difficulty,3,6,P,-10.0,13,33.333333333333336,66.66666666666667,0.0,74,10,3,Normal,0.7350918906249998,0.5880735124999998,0.5,3.0,26,6,25,1,2,3,True,True,False,True
Without Adaptive Difficulty,3,7,A,10.0,10,42.857142857142854,57.142857142857146,0.0,66,-8,3,Normal,0.6983372960937497,0.5586698368749998,0.6,3.0,31,5,29,1,3,1,True,True,False,True
Without Adaptive Difficulty,3,8,A,10.0,8,50.0,50.0,0.0,58,-8,3,Normal,0.6634204312890623,0.5307363450312498,0.75,3.0,35,4,33,1,1,2,True,True,False,True
Without Adaptive Difficulty,3,9,A,10.0,6,55.55555555555556,44.44444444444444,0.0,50,-8,3,Normal,0.6302494097246091,0.5041995277796872,1.0,3.0,38,3,36,1,2,0,True,True,False,True
Without Adaptive Difficulty,3,10,A,10.0,8,60.0,40.0,0.0,42,-8,3,Normal,0.5987369392383786,0.4789895513907029,0.75,3.0,42,4,40,2,2,0,True,True,False,True
Without Adaptive Difficulty,3,11,A,10.0,6,63.63636363636363,36.36363636363637,0.0,24,-18,3,Normal,0.5688000922764596,0.4550400738211677,1.0,3.0,45,3,43,2,1,0,True,True,False,True
Without Adaptive Difficulty,3,12,A,10.0,8,66.66666666666667,33.333333333333336,0.0,6,-18,3,Normal,0.5403600876626365,0.4322880701301093,0.75,3.0,49,4,46,1,2,1,True,True,False,True
Without Adaptive Difficulty,3,13,A,10.0,10,69.23076923076923,30.76923076923077,0.0,6,0,3,Normal,0.5133420832795047,0.4106736666236038,0.6,3.0,54,5,50,3,0,2,True,True,False,True
Without Adaptive Difficulty,3,14,P,-10.0,7,64.28571428571429,35.714285714285715,0.0,6,0,3,Normal,0.48767497911552943,0.39013998329242355,1.0,3.0,57,3,53,1,2,0,True,True,False,True
Without Adaptive Difficulty,3,15,P,-10.0,15,60.0,40.0,0.0,24,18,3,Normal,0.46329123015975293,0.3706329841278024,0.42857142857142855,3.0,64,7,59,2,1,4,True,True,False,True
Without Adaptive Difficulty,3,16,A,10.0,10,62.5,37.5,0.0,6,-18,3,Normal,0.44012666865176525,0.3521013349214122,0.6,3.0,69,5,64,2,1,2,True,True,False,True
Without Adaptive Difficulty,3,17,A,10.0,6,64.70588235294117,35.294117647058826,0.0,6,0,3,Normal,0.41812033521917696,0.3344962681753416,1.0,3.0,72,3,66,1,0,2,True,True,False,True
Without Adaptive Difficulty,3,18,P,-10.0,11,61.111111111111114,38.888888888888886,0.0,24,18,3,Normal,0.3972143184582181,0.3177714547665745,0.6,3.0,77,5,71,1,0,4,True,True,False,True
Without Adaptive Difficulty,3,19,P,-10.0,7,57.89473684210526,42.10526315789474,0.0,42,18,3,Normal,0.37735360253530714,0.30188288202824576,1.0,3.0,80,3,74,1,1,1,True,True,False,True
Without Adaptive Difficulty,3,20,A,10.0,10,60.0,40.0,0.0,42,0,3,Normal,0.35848592240854177,0.2867887379268334,0.6,3.0,85,5,78,1,1,3,True,True,False,True
Without Adaptive Difficulty,3,21,A,10.0,8,61.904761904761905,38.095238095238095,0.0,42,0,3,Normal,0.34056162628811465,0.27244930103049175,0.75,3.0,89,4,82,1,0,3,True,True,False,True
Without Adaptive Difficulty,3,22,A,10.0,8,63.63636363636363,36.36363636363637,0.0,42,0,3,Normal,0.3235335449737089,0.2588268359789671,0.75,3.0,93,4,85,0,2,2,True,True,False,True
Without Adaptive Difficulty,3,23,P,-10.0,13,60.869565217391305,39.130434782608695,0.0,60,18,3,Normal,0.30735686772502346,0.2458854941800188,0.5,3.0,99,6,90,1,1,4,True,True,False,True
Without Adaptive Difficulty,3,24,A,10.0,10,62.5,37.5,0.0,42,-18,3,Normal,0.2919890243387723,0.23359121947101782,0.6,3.0,104,5,94,1,1,3,True,True,False,True
Without Adaptive Difficulty,3,25,P,-10.0,9,60.0,40.0,0.0,42,0,3,Normal,0.27738957312183365,0.22191165849746694,0.75,3.0,108,4,98,1,1,2,True,True,False,True
Without Adaptive Difficulty,3,26,P,-10.0,5,57.69230769230769,42.30769230769231,0.0,60,18,3,Normal,0.263520094465742,0.2108160755725936,1.5,3.0,110,2,99,0,0,2,True,True,False,True
Without Adaptive Difficulty,3,27,P,-10.0,7,55.55555555555556,44.44444444444444,0.0,78,18,3,Normal,0.25034408974245487,0.2002752717939639,1.0,3.0,113,3,101,2,0,1,True,True,False,True
Without Adaptive Difficulty,3,28,P,-10.0,7,53.57142857142857,46.42857142857143,0.0,78,0,3,Normal,0.2378268852553321,0.19026150820426568,1.0,3.0,116,3,103,1,0,2,True,True,False,True
Without Adaptive Difficulty,3,29,P,-10.0,9,51.724137931034484,48.275862068965516,0.0,78,0,3,Normal,0.2259355409925655,0.1807484327940524,0.75,3.0,120,4,105,1,1,2,True,True,False,True
Without Adaptive Difficulty,3,30,A,10.0,6,53.333333333333336,46.666666666666664,0.0,78,0,3,Normal,0.2146387639429372,0.17171101115434978,1.0,3.0,123,3,107,1,0,2,True,True,False,True
Without Adaptive Difficulty,3,31,P,-10.0,9,51.61290322580645,48.38709677419355,0.0,96,18,3,Normal,0.20390682574579033,0.16312546059663227,0.75,3.0,127,4,110,1,2,1,True,True,False,True
Without Adaptive Difficulty,3,32,A,10.0,10,53.125,46.875,0.0,96,0,3,Normal,0.1937114844585008,0.15496918756680067,0.6,3.0,132,5,114,1,1,3,True,True,False,True
Without Adaptive Difficulty,3,33,A,10.0,6,54.54545454545455,45.45454545454545,0.0,78,-18,3,Normal,0.18402591023557577,0.14722072818846063,1.0,3.0,135,3,116,1,1,1,True,True,False,True
Without Adaptive Difficulty,3,34,P,-10.0,9,52.94117647058823,47.05882352941177,0.0,96,18,3,Normal,0.17482461472379698,0.1398596917790376,0.75,3.0,139,4,119,1,0,3,True,True,False,True
Without Adaptive Difficulty,3,35,A,10.0,8,54.285714285714285,45.714285714285715,0.0,78,-18,3,Normal,0.16608338398760714,0.13286670719008573,0.75,3.0,143,4,122,1,0,3,True,True,False,True
Without Adaptive Difficulty,3,36,A,10.0,6,55.55555555555556,44.44444444444444,0.0,60,-18,3,Normal,0.15777921478822676,0.1262233718305814,1.0,3.0,146,3,124,2,0,1,True,True,False,True
Without Adaptive Difficulty,3,37,A,10.0,10,56.75675675675676,43.24324324324324,0.0,42,-18,3,Normal,0.14989025404881542,0.11991220323905234,0.6,3.0,151,5,128,3,0,2,True,True,False,True
Without Adaptive Difficulty,3,38,P,-10.0,11,55.26315789473684,44.73684210526316,0.0,42,0,3,Normal,0.14239574134637464,0.11391659307709973,0.6,3.0,156,5,132,1,1,3,True,True,False,True
Without Adaptive Difficulty,3,39,A,10.0,10,56.41025641025641,43.58974358974359,0.0,24,-18,3,Normal,0.1352759542790559,0.10822076342324471,0.6,3.0,161,5,136,1,0,4,True,True,False,True
Without Adaptive Difficulty,3,40,A,10.0,14,57.5,42.5,0.0,24,0,3,Normal,0.1285121565651031,0.10280972525208248,0.42857142857142855,3.0,168,7,142,2,2,3,True,True,False,True
Without Adaptive Difficulty,3,41,A,10.0,8,58.53658536585366,41.46341463414634,0.0,6,-18,3,Normal,0.12208654873684793,0.09766923898947835,0.75,3.0,172,4,145,1,1,2,True,True,False,True
Without Adaptive Difficulty,3,42,P,-10.0,9,57.142857142857146,42.857142857142854,0.0,24,18,3,Normal,0.11598222130000553,0.09278577704000443,0.75,3.0,176,4,148,0,0,4,True,True,False,True
Without Adaptive Difficulty,3,43,A,10.0,10,58.13953488372093,41.86046511627907,0.0,24,0,3,Normal,0.11018311023500525,0.0881464881880042,0.6,3.0,181,5,152,1,0,4,True,True,False,True
Without Adaptive Difficulty,3,44,A,10.0,8,59.09090909090909,40.90909090909091,0.0,6,-18,3,Normal,0.10467395472325498,0.08373916377860399,0.75,3.0,185,4,155,2,0,2,True,True,False,True
Without Adaptive Difficulty,3,45,P,-10.0,7,57.77777777777778,42.22222222222222,0.0,24,18,3,Normal,0.09944025698709223,0.0795522055896738,1.0,3.0,188,3,157,1,0,2,True,True,False,True
Without Adaptive Difficulty,3,46,A,10.0,6,58.69565217391305,41.30434782608695,0.0,24,0,3,Normal,0.09446824413773762,0.0755745953101901,1.0,3.0,191,3,159,3,0,0,True,True,False,True
Without Adaptive Difficulty,3,47,P,-10.0,7,57.4468085106383,42.5531914893617,0.0,42,18,3,Normal,0.08974483193085074,0.07179586554468059,1.0,3.0,194,3,161,0,0,3,True,True,False,True
Without Adaptive Difficulty,3,48,A,10.0,6,58.333333333333336,41.666666666666664,0.0,24,-18,3,Normal,0.0852575903343082,0.06820607226744656,1.0,3.0,197,3,163,3,0,0,True,True,False,True
Without Adaptive Difficulty,3,49,A,10.0,6,59.183673469387756,40.816326530612244,0.0,24,0,3,Normal,0.08099471081759278,0.06479576865407423,1.0,3.0,200,3,165,3,0,0,True,True,False,True
Without Adaptive Difficulty,3,50,A,10.0,10,60.0,40.0,0.0,24,0,3,Normal,0.07694497527671314,0.061555980221370515,0.6,3.0,205,5,169,1,1,3,True,True,False,True
Without Adaptive Difficulty,3,51,A,10.0,10,60.78431372549019,39.21568627450981,0.0,24,0,3,Normal,0.07309772651287748,0.05847818121030199,0.6,3.0,210,5,173,3,0,2,True,True,False,True
Without Adaptive Difficulty,3,52,A,10.0,6,61.53846153846154,38.46153846153846,0.0,6,-18,3,Normal,0.0694428401872336,0.05555427214978688,1.0,3.0,213,3,174,2,0,1,True,True,False,True
Without Adaptive Difficulty,3,53,A,10.0,8,62.264150943396224,37.735849056603776,0.0,6,0,3,Normal,0.0659706981778719,0.05277655854229753,0.75,3.0,217,4,177,2,0,2,True,True,False,True
Without Adaptive Difficulty,3,54,A,10.0,10,62.96296296296296,37.03703703703704,0.0,6,0,3,Normal,0.0626721632689783,0.050137730615182646,0.6,3.0,222,5,181,3,0,2,True,True,False,True
Without Adaptive Difficulty,3,55,A,10.0,8,63.63636363636363,36.36363636363637,0.0,0,-6,3,Normal,0.059538555105529384,0.05,0.75,3.0,226,4,185,1,0,3,True,True,False,True
Without Adaptive Difficulty,3,56,A,10.0,6,64.28571428571429,35.714285714285715,0.0,0,0,3,Normal,0.05656162735025291,0.05,1.0,3.0,229,3,186,0,0,3,True,True,False,True
Without Adaptive Difficulty,3,57,A,10.0,8,64.91228070175438,35.08771929824562,0.0,0,0,3,Normal,0.053733545982740265,0.05,0.75,3.0,233,4,189,3,0,1,True,True,False,True
Without Adaptive Difficulty,3,58,A,10.0,6,65.51724137931035,34.48275862068966,0.0,0,0,3,Normal,0.05104686868360325,0.05,1.0,3.0,236,3,191,2,0,1,True,True,False,True
Without Adaptive Difficulty,3,59,A,10.0,12,66.10169491525424,33.898305084745765,0.0,0,0,3,Normal,0.05,0.05,0.5,3.0,242,6,196,2,0,4,True,True,False,True
Without Adaptive Difficulty,3,60,A,10.0,6,66.66666666666667,33.333333333333336,0.0,0,0,3,Normal,0.05,0.05,1.0,3.0,245,3,198,1,0,2,True,True,False,True
Without Adaptive Difficulty,3,61,A,10.0,6,67.21311475409836,32.78688524590164,0.0,0,0,3,Normal,0.05,0.05,1.0,3.0,248,3,200,2,0,1,True,True,False,True
Without Adaptive Difficulty,3,62,A,10.0,8,67.74193548387096,32.25806451612903,0.0,0,0,3,Normal,0.05,0.05,0.75,3.0,252,4,202,2,0,2,True,True,False,True
Without Adaptive Difficulty,3,63,A,10.0,12,68.25396825396825,31.746031746031747,0.0,0,0,3,Normal,0.05,0.05,0.5,3.0,258,6,207,1,1,4,True,True,False,True
Without Adaptive Difficulty,3,64,A,10.0,12,68.75,31.25,0.0,0,0,3,Normal,0.05,0.05,0.5,3.0,264,6,212,2,0,4,True,True,False,True
Without Adaptive Difficulty,3,65,A,10.0,6,69.23076923076923,30.76923076923077,0.0,0,0,3,Normal,0.05,0.05,1.0,3.0,267,3,214,1,0,2,True,True,False,True
Without Adaptive Difficulty,3,66,A,10.0,6,69.6969696969697,30.303030303030305,0.0,0,0,3,Normal,0.05,0.05,1.0,3.0,270,3,216,2,0,1,True,True,False,True
Without Adaptive Difficulty,3,67,A,10.0,10,70.14925373134328,29.850746268656717,0.0,0,0,3,Normal,0.05,0.05,0.6,3.0,275,5,220,1,0,4,True,True,False,True
Without Adaptive Difficulty,3,68,A,10.0,6,70.58823529411765,29.41176470588235,0.0,0,0,3,Normal,0.05,0.05,1.0,3.0,278,3,222,1,0,2,True,True,False,True
Without Adaptive Difficulty,3,69,A,10.0,10,71.01449275362319,28.985507246376812,0.0,0,0,3,Normal,0.05,0.05,0.6,3.0,283,5,226,1,0,4,True,True,False,True
Without Adaptive Difficulty,3,70,P,-10.0,7,70.0,30.0,0.0,0,0,3,Normal,0.05,0.05,1.0,3.0,286,3,228,0,0,3,True,True,False,True
Without Adaptive Difficulty,3,71,P,-10.0,5,69.01408450704226,30.985915492957748,0.0,6,6,3,Normal,0.05,0.05,1.5,3.0,288,2,229,1,0,1,True,True,False,True
Without Adaptive Difficulty,3,72,A,10.0,6,69.44444444444444,30.555555555555557,0.0,6,0,3,Normal,0.05,0.05,1.0,3.0,291,3,231,3,0,0,True,True,False,True
Without Adaptive Difficulty,3,73,A,10.0,10,69.86301369863014,30.136986301369863,0.0,6,0,3,Normal,0.05,0.05,0.6,3.0,296,5,235,2,0,3,True,True,False,True
Without Adaptive Difficulty,3,74,P,-10.0,7,68.91891891891892,31.08108108108108,0.0,24,18,3,Normal,0.05,0.05,1.0,3.0,299,3,237,0,0,3,True,True,False,True
Without Adaptive Difficulty,3,75,A,10.0,6,69.33333333333333,30.666666666666668,0.0,24,0,3,Normal,0.05,0.05,1.0,3.0,302,3,239,2,0,1,True,True,False,True
Without Adaptive Difficulty,3,76,A,10.0,6,69.73684210526316,30.263157894736842,0.0,24,0,3,Normal,0.05,0.05,1.0,3.0,305,3,241,0,0,3,True,True,False,True
Without Adaptive Difficulty,3,77,A,10.0,10,70.12987012987013,29.87012987012987,0.0,24,0,3,Normal,0.05,0.05,0.6,3.0,310,5,245,1,0,4,True,True,False,True
Without Adaptive Difficulty,3,78,A,10.0,6,70.51282051282051,29.487179487179485,0.0,24,0,3,Normal,0.05,0.05,1.0,3.0,313,3,247,2,0,1,True,True,False,True
Without Adaptive Difficulty,3,79,A,10.0,10,70.88607594936708,29.11392405063291,0.0,24,0,3,Normal,0.05,0.05,0.6,3.0,318,5,251,3,0,2,True,True,False,True
Without Adaptive Difficulty,3,80,A,10.0,10,71.25,28.75,0.0,6,-18,3,Normal,0.05,0.05,0.6,3.0,323,5,255,2,1,2,True,True,False,True
Without Adaptive Difficulty,3,81,A,10.0,8,71.60493827160494,28.395061728395063,0.0,0,-6,3,Normal,0.05,0.05,0.75,3.0,327,4,258,0,0,4,True,True,False,True
Without Adaptive Difficulty,3,82,A,10.0,6,71.95121951219512,28.048780487804876,0.0,0,0,3,Normal,0.05,0.05,1.0,3.0,330,3,260,3,0,0,True,True,False,True
Without Adaptive Difficulty,3,83,A,10.0,10,72.28915662650603,27.710843373493976,0.0,0,0,3,Normal,0.05,0.05,0.6,3.0,335,5,264,1,0,4,True,True,False,True
Without Adaptive Difficulty,3,84,A,10.0,8,72.61904761904762,27.38095238095238,0.0,0,0,3,Normal,0.05,0.05,0.75,3.0,339,4,267,2,0,2,True,True,False,True
Without Adaptive Difficulty,3,85,A,10.0,6,72.94117647058823,27.058823529411764,0.0,0,0,3,Normal,0.05,0.05,1.0,3.0,342,3,269,1,0,2,True,True,False,True
Without Adaptive Difficulty,3,86,A,10.0,10,73.25581395348837,26.74418604651163,0.0,0,0,3,Normal,0.05,0.05,0.6,3.0,347,5,273,2,0,3,True,True,False,True
Without Adaptive Difficulty,3,87,A,10.0,10,73.5632183908046,26.436781609195403,0.0,0,0,3,Normal,0.05,0.05,0.6,3.0,352,5,277,1,0,4,True,True,False,True
Without Adaptive Difficulty,3,88,A,10.0,6,73.86363636363636,26.136363636363637,0.0,0,0,3,Normal,0.05,0.05,1.0,3.0,355,3,279,1,0,2,True,True,False,True
Without Adaptive Difficulty,3,89,A,10.0,8,74.15730337078652,25.84269662921348,0.0,0,0,3,Normal,0.05,0.05,0.75,3.0,359,4,282,2,0,2,True,True,False,True
Without Adaptive Difficulty,3,90,A,10.0,6,74.44444444444444,25.555555555555557,0.0,0,0,3,Normal,0.05,0.05,1.0,3.0,362,3,284,2,0,1,True,True,False,True
Without Adaptive Difficulty,3,91,A,10.0,8,74.72527472527473,25.274725274725274,0.0,0,0,3,Normal,0.05,0.05,0.75,3.0,366,4,287,2,0,2,True,True,False,True
Without Adaptive Difficulty,3,92,A,10.0,6,75.0,25.0,0.0,0,0,3,Normal,0.05,0.05,1.0,3.0,369,3,289,2,0,1,True,True,False,True
Without Adaptive Difficulty,3,93,A,10.0,8,75.26881720430107,24.731182795698924,0.0,0,0,3,Normal,0.05,0.05,0.75,3.0,373,4,292,1,0,3,True,True,False,True
Without Adaptive Difficulty,3,94,A,10.0,6,75.53191489361703,24.46808510638298,0.0,0,0,3,Normal,0.05,0.05,1.0,3.0,376,3,294,1,0,2,True,True,False,True
Without Adaptive Difficulty,3,95,A,10.0,8,75.78947368421052,24.210526315789473,0.0,0,0,3,Normal,0.05,0.05,0.75,3.0,380,4,296,2,0,2,True,True,False,True
Without Adaptive Difficulty,3,96,A,10.0,10,76.04166666666667,23.958333333333332,0.0,0,0,3,Normal,0.05,0.05,0.6,3.0,385,5,300,3,0,2,True,True,False,True
Without Adaptive Difficulty,3,97,A,10.0,10,76.28865979381443,23.711340206185568,0.0,0,0,3,Normal,0.05,0.05,0.6,3.0,390,5,304,2,0,3,True,True,False,True
Without Adaptive Difficulty,3,98,A,10.0,8,76.53061224489795,23.46938775510204,0.0,0,0,3,Normal,0.05,0.05,0.75,3.0,394,4,307,2,0,2,True,True,False,True
Without Adaptive Difficulty,3,99,A,10.0,6,76.76767676767676,23.232323232323232,0.0,0,0,3,Normal,0.05,0.05,1.0,3.0,397,3,309,2,0,1,True,True,False,True
Without Adaptive Difficulty,3,100,P,-10.0,11,76.0,24.0,0.0,0,0,3,Normal,0.05,0.05,0.6,3.0,402,5,313,1,0,4,True,True,False,True
Without Adaptive Difficulty,4,1,A,10.0,10,100.0,0.0,0.0,42,-8,3,Normal,0.95,0.76,0.6,3.0,5,5,5,0,5,0,True,True,False,True
Without Adaptive Difficulty,4,2,A,10.0,8,100.0,0.0,0.0,34,-8,3,Normal,0.9025,0.722,0.75,3.0,9,4,9,1,3,0,True,True,False,True
Without Adaptive Difficulty,4,3,A,10.0,8,100.0,0.0,0.0,26,-8,3,Normal,0.8573749999999999,0.6859,0.75,3.0,13,4,12,1,3,0,True,True,False,True
Without Adaptive Difficulty,4,4,A,10.0,6,100.0,0.0,0.0,18,-8,3,Normal,0.8145062499999999,0.651605,1.0,3.0,16,3,15,2,1,0,True,True,False,True
Without Adaptive Difficulty,4,5,A,10.0,12,100.0,0.0,0.0,10,-8,3,Normal,0.7737809374999999,0.6190247499999999,0.5,3.0,22,6,20,3,3,0,True,True,False,True
Without Adaptive Difficulty,4,6,A,10.0,6,100.0,0.0,0.0,2,-8,3,Normal,0.7350918906249998,0.5880735124999998,1.0,3.0,25,3,23,2,1,0,True,True,False,True
Without Adaptive Difficulty,4,7,A,10.0,8,100.0,0.0,0.0,0,-2,3,Normal,0.6983372960937497,0.5586698368749998,0.75,3.0,29,4,27,2,2,0,True,True,False,True
Without Adaptive Difficulty,4,8,A,10.0,10,100.0,0.0,0.0,0,0,3,Normal,0.6634204312890623,0.5307363450312498,0.6,3.0,34,5,32,1,4,0,True,True,False,True
Without Adaptive Difficulty,4,9,A,10.0,6,100.0,0.0,0.0,0,0,3,Normal,0.6302494097246091,0.5041995277796872,1.0,3.0,37,3,34,1,1,1,True,True,False,True
Without Adaptive Difficulty,4,10,A,10.0,10,100.0,0.0,0.0,0,0,3,Normal,0.5987369392383786,0.4789895513907029,0.6,3.0,42,5,39,1,3,1,True,True,False,True
Without Adaptive Difficulty,4,11,A,10.0,8,100.0,0.0,0.0,0,0,3,Normal,0.5688000922764596,0.4550400738211677,0.75,3.0,46,4,43,3,0,1,True,True,False,True
Without Adaptive Difficulty,4,12,A,10.0,6,100.0,0.0,0.0,0,0,3,Normal,0.5403600876626365,0.4322880701301093,1.0,3.0,49,3,45,2,0,1,True,True,False,True
Without Adaptive Difficulty,4,13,A,10.0,12,100.0,0.0,0.0,0,0,3,Normal,0.5133420832795047,0.4106736666236038,0.5,3.0,55,6,50,0,1,5,True,True,False,True
Without Adaptive Difficulty,4,14,A,10.0,8,100.0,0.0,0.0,0,0,3,Normal,0.48767497911552943,0.39013998329242355,0.75,3.0,59,4,53,2,0,2,True,True,False,True
Without Adaptive Difficulty,4,15,A,10.0,12,100.0,0.0,0.0,0,0,3,Normal,0.46329123015975293,0.3706329841278024,0.5,3.0,65,6,58,0,3,3,True,True,False,True
Without Adaptive Difficulty,4,16,P,-10.0,11,93.75,6.25,0.0,0,0,3,Normal,0.44012666865176525,0.3521013349214122,0.6,3.0,70,5,62,1,3,1,True,True,False,True
Without Adaptive Difficulty,4,17,A,10.0,6,94.11764705882354,5.882352941176471,0.0,0,0,3,Normal,0.41812033521917696,0.3344962681753416,1.0,3.0,73,3,65,3,0,0,True,True,False,True
Without Adaptive Difficulty,4,18,P,-10.0,11,88.88888888888889,11.11111111111111,0.0,6,6,3,Normal,0.3972143184582181,0.3177714547665745,0.6,3.0,78,5,70,1,0,4,True,True,False,True
Without Adaptive Difficulty,4,19,P,-10.0,9,84.21052631578948,15.789473684210526,0.0,24,18,3,Normal,0.37735360253530714,0.30188288202824576,0.75,3.0,82,4,73,0,2,2,True,True,False,True
Without Adaptive Difficulty,4,20,A,10.0,8,85.0,15.0,0.0,24,0,3,Normal,0.35848592240854177,0.2867887379268334,0.75,3.0,86,4,77,1,0,3,True,True,False,True
Without Adaptive Difficulty,4,21,A,10.0,12,85.71428571428571,14.285714285714286,0.0,24,0,3,Normal,0.34056162628811465,0.27244930103049175,0.5,3.0,92,6,83,1,1,4,True,True,False,True
Without Adaptive Difficulty,4,22,A,10.0,8,86.36363636363636,13.636363636363637,0.0,24,0,3,Normal,0.3235335449737089,0.2588268359789671,0.75,3.0,96,4,87,2,2,0,True,True,False,True
Without Adaptive Difficulty,4,23,A,10.0,10,86.95652173913044,13.043478260869565,0.0,24,0,3,Normal,0.30735686772502346,0.2458854941800188,0.6,3.0,101,5,91,2,0,3,True,True,False,True
Without Adaptive Difficulty,4,24,A,10.0,8,87.5,12.5,0.0,24,0,3,Normal,0.2919890243387723,0.23359121947101782,0.75,3.0,105,4,94,1,1,2,True,True,False,True
Without Adaptive Difficulty,4,25,A,10.0,6,88.0,12.0,0.0,24,0,3,Normal,0.27738957312183365,0.22191165849746694,1.0,3.0,108,3,96,1,0,2,True,True,False,True
Without Adaptive Difficulty,4,26,A,10.0,8,88.46153846153847,11.538461538461538,0.0,6,-18,3,Normal,0.263520094465742,0.2108160755725936,0.75,3.0,112,4,99,1,0,3,True,True,False,True
Without Adaptive Difficulty,4,27,A,10.0,10,88.88888888888889,11.11111111111111,0.0,6,0,3,Normal,0.25034408974245487,0.2002752717939639,0.6,3.0,117,5,103,2,1,2,True,True,False,True
Without Adaptive Difficulty,4,28,A,10.0,6,89.28571428571429,10.714285714285714,0.0,0,-6,3,Normal,0.2378268852553321,0.19026150820426568,1.0,3.0,120,3,105,2,0,1,True,True,False,True
Without Adaptive Difficulty,4,29,P,-10.0,13,86.20689655172414,13.793103448275861,0.0,0,0,3,Normal,0.2259355409925655,0.1807484327940524,0.5,3.0,126,6,110,0,3,3,True,True,False,True
Without Adaptive Difficulty,4,30,A,10.0,10,86.66666666666667,13.333333333333334,0.0,0,0,3,Normal,0.2146387639429372,0.17171101115434978,0.6,3.0,131,5,114,2,1,2,True,True,False,True
Without Adaptive Difficulty,4,31,A,10.0,6,87.09677419354838,12.903225806451612,0.0,0,0,3,Normal,0.20390682574579033,0.16312546059663227,1.0,3.0,134,3,116,1,0,2,True,True,False,True
Without Adaptive Difficulty,4,32,P,-10.0,7,84.375,15.625,0.0,6,6,3,Normal,0.1937114844585008,0.15496918756680067,1.0,3.0,137,3,118,0,1,2,True,True,False,True
Without Adaptive Difficulty,4,33,A,10.0,8,84.84848484848484,15.151515151515152,0.0,6,0,3,Normal,0.18402591023557577,0.14722072818846063,0.75,3.0,141,4,121,0,0,4,True,True,False,True
Without Adaptive Difficulty,4,34,P,-10.0,7,82.3529411764706,17.647058823529413,0.0,24,18,3,Normal,0.17482461472379698,0.1398596917790376,1.0,3.0,144,3,124,0,0,3,True,True,False,True
Without Adaptive Difficulty,4,35,A,10.0,6,82.85714285714286,17.142857142857142,0.0,24,0,3,Normal,0.16608338398760714,0.13286670719008573,1.0,3.0,147,3,126,1,0,2,True,True,False,True
Without Adaptive Difficulty,4,36,P,-10.0,9,80.55555555555556,19.444444444444443,0.0,42,18,3,Normal,0.15777921478822676,0.1262233718305814,0.75,3.0,151,4,129,1,1,2,True,True,False,True
Without Adaptive Difficulty,4,37,P,-10.0,9,78.37837837837837,21.62162162162162,0.0,60,18,3,Normal,0.14989025404881542,0.11991220323905234,0.75,3.0,155,4,133,0,1,3,True,True,False,True
Without Adaptive Difficulty,4,38,A,10.0,14,78.94736842105263,21.05263157894737,0.0,60,0,3,Normal,0.14239574134637464,0.11391659307709973,0.42857142857142855,3.0,162,7,139,3,0,4,True,True,False,True
Without Adaptive Difficulty,4,39,A,10.0,10,79.48717948717949,20.512820512820515,0.0,42,-18,3,Normal,0.1352759542790559,0.10822076342324471,0.6,3.0,167,5,143,2,0,3,True,True,False,True
Without Adaptive Difficulty,4,40,P,-10.0,11,77.5,22.5,0.0,60,18,3,Normal,0.1285121565651031,0.10280972525208248,0.6,3.0,172,5,147,1,0,4,True,True,False,True
Without Adaptive Difficulty,4,41,A,10.0,6,78.04878048780488,21.951219512195124,0.0,60,0,3,Normal,0.12208654873684793,0.09766923898947835,1.0,3.0,175,3,149,1,0,2,True,True,False,True
Without Adaptive Difficulty,4,42,P,-10.0,11,76.19047619047619,23.80952380952381,0.0,60,0,3,Normal,0.11598222130000553,0.09278577704000443,0.6,3.0,180,5,153,0,0,5,True,True,False,True
Without Adaptive Difficulty,4,43,A,10.0,8,76.74418604651163,23.25581395348837,0.0,60,0,3,Normal,0.11018311023500525,0.0881464881880042,0.75,3.0,184,4,156,2,0,2,True,True,False,True
Without Adaptive Difficulty,4,44,P,-10.0,7,75.0,25.0,0.0,60,0,3,Normal,0.10467395472325498,0.08373916377860399,1.0,3.0,187,3,158,2,0,1,True,True,False,True
Without Adaptive Difficulty,4,45,A,10.0,8,75.55555555555556,24.444444444444443,0.0,60,0,3,Normal,0.09944025698709223,0.0795522055896738,0.75,3.0,191,4,161,0,0,4,True,True,False,True
Without Adaptive Difficulty,4,46,A,10.0,8,76.08695652173913,23.91304347826087,0.0,42,-18,3,Normal,0.09446824413773762,0.0755745953101901,0.75,3.0,195,4,164,2,0,2,True,True,False,True
Without Adaptive Difficulty,4,47,P,-10.0,5,74.46808510638297,25.53191489361702,0.0,42,0,3,Normal,0.08974483193085074,0.07179586554468059,1.5,3.0,197,2,165,0,0,2,True,True,False,True
Without Adaptive Difficulty,4,48,A,10.0,8,75.0,25.0,0.0,42,0,3,Normal,0.0852575903343082,0.06820607226744656,0.75,3.0,201,4,167,2,0,2,True,True,False,True
Without Adaptive Difficulty,4,49,P,-10.0,9,73.46938775510205,26.53061224489796,0.0,60,18,3,Normal,0.08099471081759278,0.06479576865407423,0.75,3.0,205,4,170,2,0,2,True,True,False,True
Without Adaptive Difficulty,4,50,A,10.0,10,74.0,26.0,0.0,42,-18,3,Normal,0.07694497527671314,0.061555980221370515,0.6,3.0,210,5,174,1,2,2,True,True,False,True
Without Adaptive Difficulty,4,51,A,10.0,10,74.50980392156863,25.49019607843137,0.0,42,0,3,Normal,0.07309772651287748,0.05847818121030199,0.6,3.0,215,5,178,2,0,3,True,True,False,True
Without Adaptive Difficulty,4,52,A,10.0,6,75.0,25.0,0.0,24,-18,3,Normal,0.0694428401872336,0.05555427214978688,1.0,3.0,218,3,180,1,0,2,True,True,False,True
Without Adaptive Difficulty,4,53,A,10.0,10,75.47169811320755,24.528301886792452,0.0,24,0,3,Normal,0.0659706981778719,0.05277655854229753,0.6,3.0,223,5,183,1,1,3,True,True,False,True
Without Adaptive Difficulty,4,54,P,-10.0,13,74.07407407407408,25.925925925925927,0.0,24,0,3,Normal,0.0626721632689783,0.050137730615182646,0.5,3.0,229,6,188,0,1,5,True,True,False,True
Without Adaptive Difficulty,4,55,A,10.0,10,74.54545454545455,25.454545454545453,0.0,24,0,3,Normal,0.059538555105529384,0.05,0.6,3.0,234,5,192,3,0,2,True,True,False,True
Without Adaptive Difficulty,4,56,A,10.0,10,75.0,25.0,0.0,24,0,3,Normal,0.05656162735025291,0.05,0.6,3.0,239,5,195,2,0,3,True,True,False,True
Without Adaptive Difficulty,4,57,A,10.0,6,75.43859649122807,24.56140350877193,0.0,6,-18,3,Normal,0.053733545982740265,0.05,1.0,3.0,242,3,197,2,1,0,True,True,False,True
Without Adaptive Difficulty,4,58,A,10.0,8,75.86206896551724,24.137931034482758,0.0,6,0,3,Normal,0.05104686868360325,0.05,0.75,3.0,246,4,200,2,0,2,True,True,False,True
Without Adaptive Difficulty,4,59,A,10.0,8,76.27118644067797,23.728813559322035,0.0,0,-6,3,Normal,0.05,0.05,0.75,3.0,250,4,203,3,1,0,True,True,False,True
Without Adaptive Difficulty,4,60,P,-10.0,7,75.0,25.0,0.0,6,6,3,Normal,0.05,0.05,1.0,3.0,253,3,205,1,0,2,True,True,False,True
Without Adaptive Difficulty,4,61,A,10.0,6,75.40983606557377,24.59016393442623,0.0,6,0,3,Normal,0.05,0.05,1.0,3.0,256,3,207,2,0,1,True,True,False,True
Without Adaptive Difficulty,4,62,A,10.0,8,75.80645161290323,24.193548387096776,0.0,6,0,3,Normal,0.05,0.05,0.75,3.0,260,4,210,1,0,3,True,True,False,True
Without Adaptive Difficulty,4,63,A,10.0,8,76.19047619047619,23.80952380952381,0.0,6,0,3,Normal,0.05,0.05,0.75,3.0,264,4,213,1,0,3,True,True,False,True
Without Adaptive Difficulty,4,64,A,10.0,10,76.5625,23.4375,0.0,0,-6,3,Normal,0.05,0.05,0.6,3.0,269,5,217,1,0,4,True,True,False,True
Without Adaptive Difficulty,4,65,P,-10.0,9,75.38461538461539,24.615384615384617,0.0,6,6,3,Normal,0.05,0.05,0.75,3.0,273,4,220,1,0,3,True,True,False,True
Without Adaptive Difficulty,4,66,A,10.0,10,75.75757575757575,24.242424242424242,0.0,6,0,3,Normal,0.05,0.05,0.6,3.0,278,5,224,1,0,4,True,True,False,True
Without Adaptive Difficulty,4,67,A,10.0,6,76.11940298507463,23.880597014925375,0.0,6,0,3,Normal,0.05,0.05,1.0,3.0,281,3,226,1,0,2,True,True,False,True
Without Adaptive Difficulty,4,68,A,10.0,6,76.47058823529412,23.529411764705884,0.0,6,0,3,Normal,0.05,0.05,1.0,3.0,284,3,228,1,0,2,True,True,False,True
Without Adaptive Difficulty,4,69,A,10.0,10,76.81159420289855,23.18840579710145,0.0,6,0,3,Normal,0.05,0.05,0.6,3.0,289,5,233,2,0,3,True,True,False,True
Without Adaptive Difficulty,4,70,A,10.0,10,77.14285714285714,22.857142857142858,0.0,0,-6,3,Normal,0.05,0.05,0.6,3.0,294,5,237,3,0,2,True,True,False,True
Without Adaptive Difficulty,4,71,P,-10.0,7,76.05633802816901,23.943661971830984,0.0,6,6,3,Normal,0.05,0.05,1.0,3.0,297,3,239,1,0,2,True,True,False,True
Without Adaptive Difficulty,4,72,A,10.0,6,76.38888888888889,23.61111111111111,0.0,6,0,3,Normal,0.05,0.05,1.0,3.0,300,3,241,2,0,1,True,True,False,True
Without Adaptive Difficulty,4,73,A,10.0,10,76.71232876712328,23.28767123287671,0.0,6,0,3,Normal,0.05,0.05,0.6,3.0,305,5,245,2,0,3,True,True,False,True
Without Adaptive Difficulty,4,74,A,10.0,6,77.02702702702703,22.972972972972972,0.0,6,0,3,Normal,0.05,0.05,1.0,3.0,308,3,247,2,0,1,True,True,False,True
Without Adaptive Difficulty,4,75,P,-10.0,7,76.0,24.0,0.0,6,0,3,Normal,0.05,0.05,1.0,3.0,311,3,249,1,0,2,True,True,False,True
Without Adaptive Difficulty,4,76,A,10.0,6,76.3157894736842,23.68421052631579,0.0,6,0,3,Normal,0.05,0.05,1.0,3.0,314,3,251,1,0,2,True,True,False,True
Without Adaptive Difficulty,4,77,P,-10.0,11,75.32467532467533,24.675324675324674,0.0,24,18,3,Normal,0.05,0.05,0.6,3.0,319,5,255,0,0,5,True,True,False,True
Without Adaptive Difficulty,4,78,A,10.0,6,75.64102564102564,24.358974358974358,0.0,24,0,3,Normal,0.05,0.05,1.0,3.0,322,3,257,1,0,2,True,True,False,True
Without Adaptive Difficulty,4,79,A,10.0,10,75.9493670886076,24.050632911392405,0.0,24,0,3,Normal,0.05,0.05,0.6,3.0,327,5,261,2,0,3,True,True,False,True
Without Adaptive Difficulty,4,80,A,10.0,10,76.25,23.75,0.0,24,0,3,Normal,0.05,0.05,0.6,3.0,332,5,265,2,0,3,True,True,False,True
Without Adaptive Difficulty,4,81,A,10.0,6,76.54320987654322,23.45679012345679,0.0,6,-18,3,Normal,0.05,0.05,1.0,3.0,335,3,266,2,0,1,True,True,False,True
Without Adaptive Difficulty,4,82,A,10.0,10,76.82926829268293,23.170731707317074,0.0,6,0,3,Normal,0.05,0.05,0.6,3.0,340,5,270,2,1,2,True,True,False,True
Without Adaptive Difficulty,4,83,A,10.0,8,77.10843373493977,22.89156626506024,0.0,6,0,3,Normal,0.05,0.05,0.75,3.0,344,4,273,2,0,2,True,True,False,True
Without Adaptive Difficulty,4,84,A,10.0,10,77.38095238095238,22.61904761904762,0.0,6,0,3,Normal,0.05,0.05,0.6,3.0,349,5,277,1,0,4,True,True,False,True
Without Adaptive Difficulty,4,85,P,-10.0,9,76.47058823529412,23.529411764705884,0.0,6,0,3,Normal,0.05,0.05,0.75,3.0,353,4,280,1,0,3,True,True,False,True
Without Adaptive Difficulty,4,86,P,-10.0,11,75.5813953488372,24.41860465116279,0.0,24,18,3,Normal,0.05,0.05,0.6,3.0,358,5,284,1,0,4,True,True,False,True
Without Adaptive Difficulty,4,87,A,10.0,6,75.86206896551724,24.137931034482758,0.0,6,-18,3,Normal,0.05,0.05,1.0,3.0,361,3,286,1,0,2,True,True,False,True
Without Adaptive Difficulty,4,88,A,10.0,8,76.13636363636364,23.863636363636363,0.0,6,0,3,Normal,0.05,0.05,0.75,3.0,365,4,289,3,0,1,True,True,False,True
Without Adaptive Difficulty,4,89,A,10.0,8,76.40449438202248,23.59550561797753,0.0,6,0,3,Normal,0.05,0.05,0.75,3.0,369,4,291,1,0,3,True,True,False,True
Without Adaptive Difficulty,4,90,A,10.0,12,76.66666666666667,23.333333333333332,0.0,6,0,3,Normal,0.05,0.05,0.5,3.0,375,6,296,4,0,2,True,True,False,True
Without Adaptive Difficulty,4,91,A,10.0,10,76.92307692307692,23.076923076923077,0.0,6,0,3,Normal,0.05,0.05,0.6,3.0,380,5,300,2,0,3,True,True,False,True
Without Adaptive Difficulty,4,92,A,10.0,10,77.17391304347827,22.82608695652174,0.0,6,0,3,Normal,0.05,0.05,0.6,3.0,385,5,303,2,0,3,True,True,False,True
Without Adaptive Difficulty,4,93,A,10.0,6,77.41935483870968,22.580645161290324,0.0,6,0,3,Normal,0.05,0.05,1.0,3.0,388,3,305,3,0,0,True,True,False,True
Without Adaptive Difficulty,4,94,P,-10.0,9,76.59574468085107,23.404255319148938,0.0,24,18,3,Normal,0.05,0.05,0.75,3.0,392,4,308,2,0,2,True,True,False,True
Without Adaptive Difficulty,4,95,A,10.0,10,76.84210526315789,23.157894736842106,0.0,6,-18,3,Normal,0.05,0.05,0.6,3.0,397,5,312,1,0,4,True,True,False,True
Without Adaptive Difficulty,4,96,A,10.0,8,77.08333333333333,22.916666666666668,0.0,0,-6,3,Normal,0.05,0.05,0.75,3.0,401,4,315,0,0,4,True,True,False,True
Without Adaptive Difficulty,4,97,A,10.0,8,77.31958762886597,22.68041237113402,0.0,0,0,3,Normal,0.05,0.05,0.75,3.0,405,4,318,1,0,3,True,True,False,True
Without Adaptive Difficulty,4,98,A,10.0,8,77.55102040816327,22.448979591836736,0.0,0,0,3,Normal,0.05,0.05,0.75,3.0,409,4,321,2,1,1,True,True,False,True
Without Adaptive Difficulty,4,99,A,10.0,8,77.77777777777777,22.22222222222222,0.0,0,0,3,Normal,0.05,0.05,0.75,3.0,413,4,324,0,0,4,True,True,False,True
Without Adaptive Difficulty,4,100,P,-10.0,11,77.0,23.0,0.0,6,6,3,Normal,0.05,0.05,0.6,3.0,418,5,328,3,0,2,True,True,False,True
Without Adaptive Difficulty,5,1,P,-10.0,11,0.0,100.0,0.0,60,10,3,Normal,0.95,0.76,0.6,3.0,5,5,5,0,5,0,True,True,False,True
Without Adaptive Difficulty,5,2,P,-10.0,7,0.0,100.0,0.0,70,10,3,Normal,0.9025,0.722,1.0,3.0,8,3,7,1,2,0,True,True,False,True
Without Adaptive Difficulty,5,3,P,-10.0,5,0.0,100.0,0.0,80,10,3,Normal,0.8573749999999999,0.6859,1.5,3.0,10,2,9,1,1,0,True,True,False,True
Without Adaptive Difficulty,5,4,P,-10.0,7,0.0,100.0,0.0,90,10,3,Normal,0.8145062499999999,0.651605,1.0,3.0,13,3,11,1,1,1,True,True,False,True
Without Adaptive Difficulty,5,5,P,-10.0,7,0.0,100.0,0.0,100,10,3,Normal,0.7737809374999999,0.6190247499999999,1.0,3.0,16,3,14,1,2,0,True,True,False,True
Without Adaptive Difficulty,5,6,A,10.0,10,16.666666666666668,83.33333333333333,0.0,92,-8,3,Normal,0.7350918906249998,0.5880735124999998,0.6,3.0,21,5,19,1,4,0,True,True,False,True
Without Adaptive Difficulty,5,7,A,10.0,10,28.571428571428573,71.42857142857143,0.0,84,-8,3,Normal,0.6983372960937497,0.5586698368749998,0.6,3.0,26,5,24,2,2,1,True,True,False,True
Without Adaptive Difficulty,5,8,A,10.0,6,37.5,62.5,0.0,76,-8,3,Normal,0.6634204312890623,0.5307363450312498,1.0,3.0,29,3,27,1,2,0,True,True,False,True
Without Adaptive Difficulty,5,9,P,-10.0,7,33.333333333333336,66.66666666666667,0.0,86,10,3,Normal,0.6302494097246091,0.5041995277796872,1.0,3.0,32,3,29,1,0,2,True,True,False,True
Without Adaptive Difficulty,5,10,A,10.0,8,40.0,60.0,0.0,78,-8,3,Normal,0.5987369392383786,0.4789895513907029,0.75,3.0,36,4,32,0,3,1,True,True,False,True
Without Adaptive Difficulty,5,11,A,10.0,6,45.45454545454545,54.54545454545455,0.0,60,-18,3,Normal,0.5688000922764596,0.4550400738211677,1.0,3.0,39,3,35,3,0,0,True,True,False,True
Without Adaptive Difficulty,5,12,P,-10.0,7,41.666666666666664,58.333333333333336,0.0,60,0,3,Normal,0.5403600876626365,0.4322880701301093,1.0,3.0,42,3,38,0,1,2,True,True,False,True
Without Adaptive Difficulty,5,13,A,10.0,12,46.15384615384615,53.84615384615385,0.0,42,-18,3,Normal,0.5133420832795047,0.4106736666236038,0.5,3.0,48,6,44,1,1,4,True,True,False,True
Without Adaptive Difficulty,5,14,P,-10.0,5,42.857142857142854,57.142857142857146,0.0,42,0,3,Normal,0.48767497911552943,0.39013998329242355,1.5,3.0,50,2,45,1,0,1,True,True,False,True
Without Adaptive Difficulty,5,15,P,-10.0,7,40.0,60.0,0.0,42,0,3,Normal,0.46329123015975293,0.3706329841278024,1.0,3.0,53,3,47,2,0,1,True,True,False,True
Without Adaptive Difficulty,5,16,A,10.0,6,43.75,56.25,0.0,42,0,3,Normal,0.44012666865176525,0.3521013349214122,1.0,3.0,56,3,49,1,1,1,True,True,False,True
Without Adaptive Difficulty,5,17,P,-10.0,11,41.1764705882353,58.8235294117647,0.0,60,18,3,Normal,0.41812033521917696,0.3344962681753416,0.6,3.0,61,5,54,0,1,4,True,True,False,True
Without Adaptive Difficulty,5,18,A,10.0,8,44.44444444444444,55.55555555555556,0.0,60,0,3,Normal,0.3972143184582181,0.3177714547665745,0.75,3.0,65,4,58,2,2,0,True,True,False,True
Without Adaptive Difficulty,5,19,A,10.0,8,47.36842105263158,52.63157894736842,0.0,42,-18,3,Normal,0.37735360253530714,0.30188288202824576,0.75,3.0,69,4,61,3,0,1,True,True,False,True
Without Adaptive Difficulty,5,20,A,10.0,10,50.0,50.0,0.0,42,0,3,Normal,0.35848592240854177,0.2867887379268334,0.6,3.0,74,5,65,1,2,2,True,True,False,True
Without Adaptive Difficulty,5,21,A,10.0,12,52.38095238095238,47.61904761904762,0.0,42,0,3,Normal,0.34056162628811465,0.27244930103049175,0.5,3.0,80,6,70,2,1,3,True,True,False,True
Without Adaptive Difficulty,5,22,A,10.0,8,54.54545454545455,45.45454545454545,0.0,24,-18,3,Normal,0.3235335449737089,0.2588268359789671,0.75,3.0,84,4,74,1,1,2,True,True,False,True
Without Adaptive Difficulty,5,23,A,10.0,8,56.52173913043478,43.47826086956522,0.0,24,0,3,Normal,0.30735686772502346,0.2458854941800188,0.75,3.0,88,4,77,2,1,1,True,True,False,True
Without Adaptive Difficulty,5,24,A,10.0,6,58.333333333333336,41.666666666666664,0.0,6,-18,3,Normal,0.2919890243387723,0.23359121947101782,1.0,3.0,91,3,79,2,1,0,True,True,False,True
Without Adaptive Difficulty,5,25,P,-10.0,9,56.0,44.0,0.0,6,0,3,Normal,0.27738957312183365,0.22191165849746694,0.75,3.0,95,4,82,0,0,4,True,True,False,True
Without Adaptive Difficulty,5,26,A,10.0,6,57.69230769230769,42.30769230769231,0.0,6,0,3,Normal,0.263520094465742,0.2108160755725936,1.0,3.0,98,3,85,1,1,1,True,True,False,True
Without Adaptive Difficulty,5,27,A,10.0,6,59.25925925925926,40.74074074074074,0.0,0,-6,3,Normal,0.25034408974245487,0.2002752717939639,1.0,3.0,101,3,87,1,1,1,True,True,False,True
Without Adaptive Difficulty,5,28,P,-10.0,11,57.142857142857146,42.857142857142854,0.0,6,6,3,Normal,0.2378268852553321,0.19026150820426568,0.6,3.0,106,5,91,1,1,3,True,True,False,True
Without Adaptive Difficulty,5,29,A,10.0,12,58.62068965517241,41.37931034482759,0.0,6,0,3,Normal,0.2259355409925655,0.1807484327940524,0.5,3.0,112,6,96,1,2,3,True,True,False,True
Without Adaptive Difficulty,5,30,A,10.0,10,60.0,40.0,0.0,6,0,3,Normal,0.2146387639429372,0.17171101115434978,0.6,3.0,117,5,100,3,0,2,True,True,False,True
Without Adaptive Difficulty,5,31,A,10.0,8,61.29032258064516,38.70967741935484,0.0,6,0,3,Normal,0.20390682574579033,0.16312546059663227,0.75,3.0,121,4,103,2,1,1,True,True,False,True
Without Adaptive Difficulty,5,32,A,10.0,10,62.5,37.5,0.0,6,0,3,Normal,0.1937114844585008,0.15496918756680067,0.6,3.0,126,5,107,3,1,1,True,True,False,True
Without Adaptive Difficulty,5,33,A,10.0,8,63.63636363636363,36.36363636363637,0.0,6,0,3,Normal,0.18402591023557577,0.14722072818846063,0.75,3.0,130,4,110,2,0,2,True,True,False,True
Without Adaptive Difficulty,5,34,A,10.0,12,64.70588235294117,35.294117647058826,0.0,6,0,3,Normal,0.17482461472379698,0.1398596917790376,0.5,3.0,136,6,116,1,1,4,True,True,False,True
Without Adaptive Difficulty,5,35,P,-10.0,9,62.857142857142854,37.142857142857146,0.0,6,0,3,Normal,0.16608338398760714,0.13286670719008573,0.75,3.0,140,4,119,1,0,3,True,True,False,True
Without Adaptive Difficulty,5,36,A,10.0,10,63.888888888888886,36.111111111111114,0.0,6,0,3,Normal,0.15777921478822676,0.1262233718305814,0.6,3.0,145,5,123,3,0,2,True,True,False,True
Without Adaptive Difficulty,5,37,A,10.0,10,64.86486486486487,35.13513513513514,0.0,6,0,3,Normal,0.14989025404881542,0.11991220323905234,0.6,3.0,150,5,127,2,2,1,True,True,False,True
Without Adaptive Difficulty,5,38,A,10.0,8,65.78947368421052,34.21052631578947,0.0,0,-6,3,Normal,0.14239574134637464,0.11391659307709973,0.75,3.0,154,4,130,2,0,2,True,True,False,True
Without Adaptive Difficulty,5,39,A,10.0,8,66.66666666666667,33.333333333333336,0.0,0,0,3,Normal,0.1352759542790559,0.10822076342324471,0.75,3.0,158,4,133,2,0,2,True,True,False,True
Without Adaptive Difficulty,5,40,P,-10.0,7,65.0,35.0,0.0,6,6,3,Normal,0.1285121565651031,0.10280972525208248,1.0,3.0,161,3,135,1,0,2,True,True,False,True
Without Adaptive Difficulty,5,41,P,-10.0,7,63.41463414634146,36.58536585365854,0.0,24,18,3,Normal,0.12208654873684793,0.09766923898947835,1.0,3.0,164,3,137,2,0,1,True,True,False,True
Without Adaptive Difficulty,5,42,A,10.0,8,64.28571428571429,35.714285714285715,0.0,24,0,3,Normal,0.11598222130000553,0.09278577704000443,0.75,3.0,168,4,140,3,1,0,True,True,False,True
Without Adaptive Difficulty,5,43,A,10.0,6,65.11627906976744,34.883720930232556,0.0,24,0,3,Normal,0.11018311023500525,0.0881464881880042,1.0,3.0,171,3,142,1,0,2,True,True,False,True
Without Adaptive Difficulty,5,44,A,10.0,10,65.9090909090909,34.09090909090909,0.0,24,0,3,Normal,0.10467395472325498,0.08373916377860399,0.6,3.0,176,5,147,1,1,3,True,True,False,True
Without Adaptive Difficulty,5,45,A,10.0,6,66.66666666666667,33.333333333333336,0.0,6,-18,3,Normal,0.09944025698709223,0.0795522055896738,1.0,3.0,179,3,149,1,0,2,True,True,False,True
Without Adaptive Difficulty,5,46,P,-10.0,13,65.21739130434783,34.78260869565217,0.0,24,18,3,Normal,0.09446824413773762,0.0755745953101901,0.5,3.0,185,6,154,1,0,5,True,True,False,True
Without Adaptive Difficulty,5,47,A,10.0,10,65.95744680851064,34.04255319148936,0.0,24,0,3,Normal,0.08974483193085074,0.07179586554468059,0.6,3.0,190,5,158,1,0,4,True,True,False,True
Without Adaptive Difficulty,5,48,A,10.0,8,66.66666666666667,33.333333333333336,0.0,24,0,3,Normal,0.0852575903343082,0.06820607226744656,0.75,3.0,194,4,162,3,0,1,True,True,False,True
Without Adaptive Difficulty,5,49,A,10.0,6,67.34693877551021,32.6530612244898,0.0,24,0,3,Normal,0.08099471081759278,0.06479576865407423,1.0,3.0,197,3,164,1,0,2,True,True,False,True
Without Adaptive Difficulty,5,50,A,10.0,6,68.0,32.0,0.0,6,-18,3,Normal,0.07694497527671314,0.061555980221370515,1.0,3.0,200,3,166,2,0,1,True,True,False,True
Without Adaptive Difficulty,5,51,P,-10.0,11,66.66666666666667,33.333333333333336,0.0,6,0,3,Normal,0.07309772651287748,0.05847818121030199,0.6,3.0,205,5,170,1,0,4,True,True,False,True
Without Adaptive Difficulty,5,52,A,10.0,8,67.3076923076923,32.69230769230769,0.0,6,0,3,Normal,0.0694428401872336,0.05555427214978688,0.75,3.0,209,4,173,1,0,3,True,True,False,True
Without Adaptive Difficulty,5,53,A,10.0,10,67.9245283018868,32.075471698113205,0.0,6,0,3,Normal,0.0659706981778719,0.05277655854229753,0.6,3.0,214,5,177,1,0,4,True,True,False,True
Without Adaptive Difficulty,5,54,P,-10.0,9,66.66666666666667,33.333333333333336,0.0,24,18,3,Normal,0.0626721632689783,0.050137730615182646,0.75,3.0,218,4,180,0,1,3,True,True,False,True
Without Adaptive Difficulty,5,55,A,10.0,12,67.27272727272727,32.72727272727273,0.0,24,0,3,Normal,0.059538555105529384,0.05,0.5,3.0,224,6,185,3,0,3,True,True,False,True
Without Adaptive Difficulty,5,56,A,10.0,10,67.85714285714286,32.142857142857146,0.0,6,-18,3,Normal,0.05656162735025291,0.05,0.6,3.0,229,5,189,3,1,1,True,True,False,True
Without Adaptive Difficulty,5,57,P,-10.0,7,66.66666666666667,33.333333333333336,0.0,24,18,3,Normal,0.053733545982740265,0.05,1.0,3.0,232,3,191,0,0,3,True,True,False,True
Without Adaptive Difficulty,5,58,A,10.0,8,67.24137931034483,32.758620689655174,0.0,24,0,3,Normal,0.05104686868360325,0.05,0.75,3.0,236,4,194,2,0,2,True,True,False,True
Without Adaptive Difficulty,5,59,A,10.0,6,67.79661016949153,32.20338983050848,0.0,24,0,3,Normal,0.05,0.05,1.0,3.0,239,3,196,2,0,1,True,True,False,True
Without Adaptive Difficulty,5,60,P,-10.0,11,66.66666666666667,33.333333333333336,0.0,42,18,3,Normal,0.05,0.05,0.6,3.0,244,5,200,1,0,4,True,True,False,True
Without Adaptive Difficulty,5,61,A,10.0,6,67.21311475409836,32.78688524590164,0.0,24,-18,3,Normal,0.05,0.05,1.0,3.0,247,3,202,2,0,1,True,True,False,True
Without Adaptive Difficulty,5,62,P,-10.0,9,66.12903225806451,33.87096774193548,0.0,42,18,3,Normal,0.05,0.05,0.75,3.0,251,4,205,2,0,2,True,True,False,True
Without Adaptive Difficulty,5,63,A,10.0,10,66.66666666666667,33.333333333333336,0.0,42,0,3,Normal,0.05,0.05,0.6,3.0,256,5,209,3,0,2,True,True,False,True
Without Adaptive Difficulty,5,64,A,10.0,10,67.1875,32.8125,0.0,24,-18,3,Normal,0.05,0.05,0.6,3.0,261,5,213,3,0,2,True,True,False,True
Without Adaptive Difficulty,5,65,A,10.0,10,67.6923076923077,32.30769230769231,0.0,24,0,3,Normal,0.05,0.05,0.6,3.0,266,5,217,2,0,3,True,True,False,True
Without Adaptive Difficulty,5,66,A,10.0,6,68.18181818181819,31.818181818181817,0.0,24,0,3,Normal,0.05,0.05,1.0,3.0,269,3,219,1,0,2,True,True,False,True
Without Adaptive Difficulty,5,67,A,10.0,12,68.65671641791045,31.34328358208955,0.0,6,-18,3,Normal,0.05,0.05,0.5,3.0,275,6,224,2,0,4,True,True,False,True
Without Adaptive Difficulty,5,68,A,10.0,6,69.11764705882354,30.88235294117647,0.0,6,0,3,Normal,0.05,0.05,1.0,3.0,278,3,226,2,0,1,True,True,False,True
Without Adaptive Difficulty,5,69,A,10.0,8,69.56521739130434,30.434782608695652,0.0,6,0,3,Normal,0.05,0.05,0.75,3.0,282,4,229,2,0,2,True,True,False,True
Without Adaptive Difficulty,5,70,A,10.0,12,70.0,30.0,0.0,0,-6,3,Normal,0.05,0.05,0.5,3.0,288,6,234,3,0,3,True,True,False,True
Without Adaptive Difficulty,5,71,P,-10.0,9,69.01408450704226,30.985915492957748,0.0,6,6,3,Normal,0.05,0.05,0.75,3.0,292,4,237,0,1,3,True,True,False,True
Without Adaptive Difficulty,5,72,P,-10.0,9,68.05555555555556,31.944444444444443,0.0,6,0,3,Normal,0.05,0.05,0.75,3.0,296,4,240,1,0,3,True,True,False,True
Without Adaptive Difficulty,5,73,A,10.0,6,68.4931506849315,31.506849315068493,0.0,6,0,3,Normal,0.05,0.05,1.0,3.0,299,3,242,3,0,0,True,True,False,True
Without Adaptive Difficulty,5,74,A,10.0,8,68.91891891891892,31.08108108108108,0.0,6,0,3,Normal,0.05,0.05,0.75,3.0,303,4,245,3,0,1,True,True,False,True
Without Adaptive Difficulty,5,75,A,10.0,8,69.33333333333333,30.666666666666668,0.0,6,0,3,Normal,0.05,0.05,0.75,3.0,307,4,248,3,0,1,True,True,False,True
Without Adaptive Difficulty,5,76,P,-10.0,7,68.42105263157895,31.57894736842105,0.0,24,18,3,Normal,0.05,0.05,1.0,3.0,310,3,250,1,0,2,True,True,False,True
Without Adaptive Difficulty,5,77,A,10.0,6,68.83116883116882,31.16883116883117,0.0,24,0,3,Normal,0.05,0.05,1.0,3.0,313,3,252,1,0,2,True,True,False,True
Without Adaptive Difficulty,5,78,A,10.0,6,69.23076923076923,30.76923076923077,0.0,24,0,3,Normal,0.05,0.05,1.0,3.0,316,3,254,3,0,0,True,True,False,True
Without Adaptive Difficulty,5,79,A,10.0,6,69.62025316455696,30.379746835443036,0.0,24,0,3,Normal,0.05,0.05,1.0,3.0,319,3,256,2,0,1,True,True,False,True
Without Adaptive Difficulty,5,80,P,-10.0,11,68.75,31.25,0.0,42,18,3,Normal,0.05,0.05,0.6,3.0,324,5,260,1,0,4,True,True,False,True
Without Adaptive Difficulty,5,81,P,-10.0,13,67.90123456790124,32.098765432098766,0.0,42,0,3,Normal,0.05,0.05,0.5,3.0,330,6,265,0,0,6,True,True,False,True
Without Adaptive Difficulty,5,82,A,10.0,8,68.29268292682927,31.70731707317073,0.0,24,-18,3,Normal,0.05,0.05,0.75,3.0,334,4,268,2,0,2,True,True,False,True
Without Adaptive Difficulty,5,83,P,-10.0,13,67.46987951807229,32.53012048192771,0.0,42,18,3,Normal,0.05,0.05,0.5,3.0,340,6,273,0,0,6,True,True,False,True
Without Adaptive Difficulty,5,84,P,-10.0,7,66.66666666666667,33.333333333333336,0.0,60,18,3,Normal,0.05,0.05,1.0,3.0,343,3,275,1,0,2,True,True,False,True
Without Adaptive Difficulty,5,85,A,10.0,8,67.05882352941177,32.94117647058823,0.0,60,0,3,Normal,0.05,0.05,0.75,3.0,347,4,278,1,0,3,True,True,False,True
Without Adaptive Difficulty,5,86,P,-10.0,13,66.27906976744185,33.72093023255814,0.0,60,0,3,Normal,0.05,0.05,0.5,3.0,353,6,283,1,0,5,True,True,False,True
Without Adaptive Difficulty,5,87,A,10.0,10,66.66666666666667,33.333333333333336,0.0,60,0,3,Normal,0.05,0.05,0.6,3.0,358,5,286,1,0,4,True,True,False,True
Without Adaptive Difficulty,5,88,A,10.0,12,67.04545454545455,32.95454545454545,0.0,60,0,3,Normal,0.05,0.05,0.5,3.0,364,6,291,3,0,3,True,True,False,True
Without Adaptive Difficulty,5,89,A,10.0,6,67.41573033707866,32.58426966292135,0.0,60,0,3,Normal,0.05,0.05,1.0,3.0,367,3,293,2,0,1,True,True,False,True
Without Adaptive Difficulty,5,90,A,10.0,6,67.77777777777777,32.22222222222222,0.0,42,-18,3,Normal,0.05,0.05,1.0,3.0,370,3,295,2,0,1,True,True,False,True
Without Adaptive Difficulty,5,91,P,-10.0,7,67.03296703296704,32.967032967032964,0.0,42,0,3,Normal,0.05,0.05,1.0,3.0,373,3,297,2,0,1,True,True,False,True
Without Adaptive Difficulty,5,92,P,-10.0,9,66.30434782608695,33.69565217391305,0.0,60,18,3,Normal,0.05,0.05,0.75,3.0,377,4,299,2,0,2,True,True,False,True
Without Adaptive Difficulty,5,93,A,10.0,8,66.66666666666667,33.333333333333336,0.0,42,-18,3,Normal,0.05,0.05,0.75,3.0,381,4,302,1,0,3,True,True,False,True
Without Adaptive Difficulty,5,94,A,10.0,6,67.02127659574468,32.97872340425532,0.0,24,-18,3,Normal,0.05,0.05,1.0,3.0,384,3,304,3,0,0,True,True,False,True
Without Adaptive Difficulty,5,95,A,10.0,10,67.36842105263158,32.63157894736842,0.0,24,0,3,Normal,0.05,0.05,0.6,3.0,389,5,308,0,0,5,True,True,False,True
Without Adaptive Difficulty,5,96,A,10.0,6,67.70833333333333,32.291666666666664,0.0,6,-18,3,Normal,0.05,0.05,1.0,3.0,392,3,310,2,0,1,True,True,False,True
Without Adaptive Difficulty,5,97,A,10.0,6,68.04123711340206,31.95876288659794,0.0,6,0,3,Normal,0.05,0.05,1.0,3.0,395,3,312,2,0,1,True,True,False,True
Without Adaptive Difficulty,5,98,A,10.0,6,68.36734693877551,31.632653061224488,0.0,6,0,3,Normal,0.05,0.05,1.0,3.0,398,3,314,2,0,1,True,True,False,True
Without Adaptive Difficulty,5,99,A,10.0,6,68.68686868686869,31.31313131313131,0.0,6,0,3,Normal,0.05,0.05,1.0,3.0,401,3,316,1,0,2,True,True,False,True
Without Adaptive Difficulty,5,100,A,10.0,10,69.0,31.0,0.0,6,0,3,Normal,0.05,0.05,0.6,3.0,406,5,320,1,0,4,True,True,False,True
Without Q-Learning,1,1,P,-10.0,5,0.0,100.0,0.0,60,10,1,Very Easy,1.0,0.0,0.0,0.0,0,0,0,0,0,0,False,True,True,False
Without Q-Learning,1,2,P,-10.0,9,0.0,100.0,0.0,70,10,1,Very Easy,1.0,0.0,0.0,0.0,0,0,0,0,0,0,False,True,True,False
Without Q-Learning,1,3,A,10.0,6,33.333333333333336,66.66666666666667,0.0,62,-8,3,Normal,1.0,0.0,0.0,0.0,0,0,0,1,0,0,False,True,True,False
Without Q-Learning,1,4,A,10.0,6,50.0,50.0,0.0,54,-8,3,Normal,1.0,0.0,0.0,0.0,0,0,0,2,0,0,False,True,True,False
Without Q-Learning,1,5,A,10.0,10,60.0,40.0,0.0,46,-8,3,Normal,1.0,0.0,0.0,0.0,0,0,0,2,0,0,False,True,True,False
Without Q-Learning,1,6,A,10.0,8,66.66666666666667,33.333333333333336,0.0,38,-8,2,Easy,1.0,0.0,0.0,0.0,0,0,0,2,0,0,False,True,True,False
Without Q-Learning,1,7,A,10.0,10,71.42857142857143,28.571428571428573,0.0,30,-8,2,Easy,1.0,0.0,0.0,0.0,0,0,0,1,0,0,False,True,True,False
Without Q-Learning,1,8,A,10.0,6,75.0,25.0,0.0,22,-8,1,Very Easy,1.0,0.0,0.0,0.0,0,0,0,1,0,0,False,True,True,False
Without Q-Learning,1,9,A,10.0,10,77.77777777777777,22.22222222222222,0.0,14,-8,1,Very Easy,1.0,0.0,0.0,0.0,0,0,0,0,0,0,False,True,True,False
Without Q-Learning,1,10,A,10.0,12,80.0,20.0,0.0,6,-8,1,Very Easy,1.0,0.0,0.0,0.0,0,0,0,0,0,0,False,True,True,False
Without Q-Learning,1,11,P,-10.0,13,72.72727272727273,27.272727272727273,0.0,6,0,1,Very Easy,1.0,0.0,0.0,0.0,0,0,0,1,0,0,False,True,True,False
Without Q-Learning,1,12,A,10.0,10,75.0,25.0,0.0,0,-6,1,Very Easy,1.0,0.0,0.0,0.0,0,0,0,1,0,0,False,True,True,False
Without Q-Learning,1,13,A,10.0,14,76.92307692307692,23.076923076923077,0.0,0,0,1,Very Easy,1.0,0.0,0.0,0.0,0,0,0,0,0,0,False,True,True,False
Without Q-Learning,1,14,A,10.0,10,78.57142857142857,21.428571428571427,0.0,0,0,1,Very Easy,1.0,0.0,0.0,0.0,0,0,0,1,0,0,False,True,True,False
Without Q-Learning,1,15,P,-10.0,9,73.33333333333333,26.666666666666668,0.0,6,6,1,Very Easy,1.0,0.0,0.0,0.0,0,0,0,1,0,0,False,True,True,False
Without Q-Learning,1,16,P,-10.0,11,68.75,31.25,0.0,24,18,1,Very Easy,1.0,0.0,0.0,0.0,0,0,0,0,0,0,False,True,True,False
Without Q-Learning,1,17,P,-10.0,9,64.70588235294117,35.294117647058826,0.0,42,18,2,Easy,1.0,0.0,0.0,0.0,0,0,0,1,0,0,False,True,True,False
Without Q-Learning,1,18,P,-10.0,11,61.111111111111114,38.888888888888886,0.0,60,18,3,Normal,1.0,0.0,0.0,0.0,0,0,0,0,0,0,False,True,True,False
Without Q-Learning,1,19,A,10.0,6,63.1578947368421,36.8421052631579,0.0,60,0,3,Normal,1.0,0.0,0.0,0.0,0,0,0,2,0,0,False,True,True,False
Without Q-Learning,1,20,A,10.0,8,65.0,35.0,0.0,60,0,3,Normal,1.0,0.0,0.0,0.0,0,0,0,2,0,0,False,True,True,False
Without Q-Learning,1,21,P,-10.0,9,61.904761904761905,38.095238095238095,0.0,60,0,3,Normal,1.0,0.0,0.0,0.0,0,0,0,1,0,0,False,True,True,False
Without Q-Learning,1,22,A,10.0,10,63.63636363636363,36.36363636363637,0.0,60,0,3,Normal,1.0,0.0,0.0,0.0,0,0,0,2,0,0,False,True,True,False
Without Q-Learning,1,23,P,-10.0,5,60.869565217391305,39.130434782608695,0.0,78,18,4,Hard,1.0,0.0,0.0,0.0,0,0,0,0,0,0,False,True,True,False
Without Q-Learning,1,24,A,10.0,10,62.5,37.5,0.0,78,0,4,Hard,1.0,0.0,0.0,0.0,0,0,0,3,0,0,False,True,True,False
Without Q-Learning,1,25,A,10.0,8,64.0,36.0,0.0,60,-18,3,Normal,1.0,0.0,0.0,0.0,0,0,0,3,0,0,False,True,True,False
Without Q-Learning,1,26,A,10.0,6,65.38461538461539,34.61538461538461,0.0,42,-18,2,Easy,1.0,0.0,0.0,0.0,0,0,0,1,0,0,False,True,True,False
Without Q-Learning,1,27,A,10.0,8,66.66666666666667,33.333333333333336,0.0,24,-18,1,Very Easy,1.0,0.0,0.0,0.0,0,0,0,0,0,0,False,True,True,False
Without Q-Learning,1,28,P,-10.0,11,64.28571428571429,35.714285714285715,0.0,24,0,1,Very Easy,1.0,0.0,0.0,0.0,0,0,0,1,0,0,False,True,True,False
Without Q-Learning,1,29,P,-10.0,11,62.06896551724138,37.93103448275862,0.0,42,18,2,Easy,1.0,0.0,0.0,0.0,0,0,0,0,0,0,False,True,True,False
Without Q-Learning,1,30,P,-10.0,11,60.0,40.0,0.0,60,18,3,Normal,1.0,0.0,0.0,0.0,0,0,0,0,0,0,False,True,True,False
Without Q-Learning,1,31,A,10.0,10,61.29032258064516,38.70967741935484,0.0,42,-18,2,Easy,1.0,0.0,0.0,0.0,0,0,0,3,0,0,False,True,True,False
Without Q-Learning,1,32,A,10.0,8,62.5,37.5,0.0,42,0,2,Easy,1.0,0.0,0.0,0.0,0,0,0,2,0,0,False,True,True,False
Without Q-Learning,1,33,A,10.0,10,63.63636363636363,36.36363636363637,0.0,24,-18,1,Very Easy,1.0,0.0,0.0,0.0,0,0,0,1,0,0,False,True,True,False
Without Q-Learning,1,34,P,-10.0,9,61.76470588235294,38.23529411764706,0.0,42,18,2,Easy,1.0,0.0,0.0,0.0,0,0,0,1,0,0,False,True,True,False
Without Q-Learning,1,35,A,10.0,8,62.857142857142854,37.142857142857146,0.0,42,0,2,Easy,1.0,0.0,0.0,0.0,0,0,0,1,0,0,False,True,True,False
Without Q-Learning,1,36,A,10.0,8,63.888888888888886,36.111111111111114,0.0,42,0,2,Easy,1.0,0.0,0.0,0.0,0,0,0,2,0,0,False,True,True,False
Without Q-Learning,1,37,A,10.0,12,64.86486486486487,35.13513513513514,0.0,42,0,2,Easy,1.0,0.0,0.0,0.0,0,0,0,1,0,0,False,True,True,False
Without Q-Learning,1,38,A,10.0,10,65.78947368421052,34.21052631578947,0.0,24,-18,1,Very Easy,1.0,0.0,0.0,0.0,0,0,0,1,0,0,False,True,True,False
Without Q-Learning,1,39,P,-10.0,7,64.1025641025641,35.8974358974359,0.0,24,0,1,Very Easy,1.0,0.0,0.0,0.0,0,0,0,0,0,0,False,True,True,False
Without Q-Learning,1,40,P,-10.0,13,62.5,37.5,0.0,24,0,1,Very Easy,1.0,0.0,0.0,0.0,0,0,0,0,0,0,False,True,True,False
Without Q-Learning,1,41,P,-10.0,13,60.97560975609756,39.02439024390244,0.0,42,18,2,Easy,1.0,0.0,0.0,0.0,0,0,0,0,0,0,False,True,True,False
Without Q-Learning,1,42,A,10.0,8,61.904761904761905,38.095238095238095,0.0,42,0,2,Easy,1.0,0.0,0.0,0.0,0,0,0,1,0,0,False,True,True,False
Without Q-Learning,1,43,A,10.0,8,62.7906976744186,37.2093023255814,0.0,42,0,2,Easy,1.0,0.0,0.0,0.0,0,0,0,1,0,0,False,True,True,False
Without Q-Learning,1,44,A,10.0,14,63.63636363636363,36.36363636363637,0.0,24,-18,1,Very Easy,1.0,0.0,0.0,0.0,0,0,0,0,0,0,False,True,True,False
Without Q-Learning,1,45,P,-10.0,7,62.22222222222222,37.77777777777778,0.0,42,18,2,Easy,1.0,0.0,0.0,0.0,0,0,0,0,0,0,False,True,True,False
Without Q-Learning,1,46,A,10.0,6,63.04347826086956,36.95652173913044,0.0,42,0,2,Easy,1.0,0.0,0.0,0.0,0,0,0,0,0,0,False,True,True,False
Without Q-Learning,1,47,A,10.0,8,63.829787234042556,36.170212765957444,0.0,42,0,2,Easy,1.0,0.0,0.0,0.0,0,0,0,0,0,0,False,True,True,False
Without Q-Learning,1,48,P,-10.0,9,62.5,37.5,0.0,60,18,3,Normal,1.0,0.0,0.0,0.0,0,0,0,0,0,0,False,True,True,False
Without Q-Learning,1,49,A,10.0,6,63.265306122448976,36.734693877551024,0.0,42,-18,2,Easy,1.0,0.0,0.0,0.0,0,0,0,2,0,0,False,True,True,False
Without Q-Learning,1,50,A,10.0,6,64.0,36.0,0.0,24,-18,1,Very Easy,1.0,0.0,0.0,0.0,0,0,0,0,0,0,False,True,True,False
Without Q-Learning,1,51,P,-10.0,13,62.745098039215684,37.254901960784316,0.0,24,0,1,Very Easy,1.0,0.0,0.0,0.0,0,0,0,1,0,0,False,True,True,False
Without Q-Learning,1,52,A,10.0,6,63.46153846153846,36.53846153846154,0.0,24,0,1,Very Easy,1.0,0.0,0.0,0.0,0,0,0,0,0,0,False,True,True,False
Without Q-Learning,1,53,A,10.0,10,64.15094339622641,35.84905660377358,0.0,24,0,1,Very Easy,1.0,0.0,0.0,0.0,0,0,0,2,0,0,False,True,True,False
Without Q-Learning,1,54,A,10.0,6,64.81481481481481,35.18518518518518,0.0,24,0,1,Very Easy,1.0,0.0,0.0,0.0,0,0,0,0,0,0,False,True,True,False
Without Q-Learning,1,55,A,10.0,14,65.45454545454545,34.54545454545455,0.0,6,-18,1,Very Easy,1.0,0.0,0.0,0.0,0,0,0,0,0,0,False,True,True,False
Without Q-Learning,1,56,A,10.0,10,66.07142857142857,33.92857142857143,0.0,6,0,1,Very Easy,1.0,0.0,0.0,0.0,0,0,0,0,0,0,False,True,True,False
Without Q-Learning,1,57,P,-10.0,11,64.91228070175438,35.08771929824562,0.0,24,18,1,Very Easy,1.0,0.0,0.0,0.0,0,0,0,0,0,0,False,True,True,False
Without Q-Learning,1,58,P,-10.0,9,63.793103448275865,36.206896551724135,0.0,24,0,1,Very Easy,1.0,0.0,0.0,0.0,0,0,0,0,0,0,False,True,True,False
Without Q-Learning,1,59,A,10.0,14,64.40677966101696,35.59322033898305,0.0,24,0,1,Very Easy,1.0,0.0,0.0,0.0,0,0,0,0,0,0,False,True,True,False
Without Q-Learning,1,60,P,-10.0,9,63.333333333333336,36.666666666666664,0.0,42,18,2,Easy,1.0,0.0,0.0,0.0,0,0,0,0,0,0,False,True,True,False
Without Q-Learning,1,61,A,10.0,10,63.9344262295082,36.0655737704918,0.0,24,-18,1,Very Easy,1.0,0.0,0.0,0.0,0,0,0,0,0,0,False,True,True,False
Without Q-Learning,1,62,P,-10.0,11,62.903225806451616,37.096774193548384,0.0,42,18,2,Easy,1.0,0.0,0.0,0.0,0,0,0,0,0,0,False,True,True,False
Without Q-Learning,1,63,P,-10.0,7,61.904761904761905,38.095238095238095,0.0,60,18,3,Normal,1.0,0.0,0.0,0.0,0,0,0,0,0,0,False,True,True,False
Without Q-Learning,1,64,A,10.0,6,62.5,37.5,0.0,60,0,3,Normal,1.0,0.0,0.0,0.0,0,0,0,0,0,0,False,True,True,False
Without Q-Learning,1,65,A,10.0,8,63.07692307692308,36.92307692307692,0.0,60,0,3,Normal,1.0,0.0,0.0,0.0,0,0,0,2,0,0,False,True,True,False
Without Q-Learning,1,66,A,10.0,10,63.63636363636363,36.36363636363637,0.0,60,0,3,Normal,1.0,0.0,0.0,0.0,0,0,0,1,0,0,False,True,True,False
Without Q-Learning,1,67,A,10.0,10,64.17910447761194,35.82089552238806,0.0,42,-18,2,Easy,1.0,0.0,0.0,0.0,0,0,0,2,0,0,False,True,True,False
Without Q-Learning,1,68,P,-10.0,7,63.23529411764706,36.76470588235294,0.0,42,0,2,Easy,1.0,0.0,0.0,0.0,0,0,0,0,0,0,False,True,True,False
Without Q-Learning,1,69,A,10.0,6,63.768115942028984,36.231884057971016,0.0,42,0,2,Easy,1.0,0.0,0.0,0.0,0,0,0,2,0,0,False,True,True,False
Without Q-Learning,1,70,A,10.0,14,64.28571428571429,35.714285714285715,0.0,24,-18,1,Very Easy,1.0,0.0,0.0,0.0,0,0,0,1,0,0,False,True,True,False
Without Q-Learning,1,71,A,10.0,8,64.78873239436619,35.2112676056338,0.0,24,0,1,Very Easy,1.0,0.0,0.0,0.0,0,0,0,0,0,0,False,True,True,False
Without Q-Learning,1,72,P,-10.0,11,63.888888888888886,36.111111111111114,0.0,24,0,1,Very Easy,1.0,0.0,0.0,0.0,0,0,0,0,0,0,False,True,True,False
Without Q-Learning,1,73,A,10.0,12,64.38356164383562,35.61643835616438,0.0,6,-18,1,Very Easy,1.0,0.0,0.0,0.0,0,0,0,0,0,0,False,True,True,False
Without Q-Learning,1,74,P,-10.0,9,63.513513513513516,36.486486486486484,0.0,24,18,1,Very Easy,1.0,0.0,0.0,0.0,0,0,0,0,0,0,False,True,True,False
Without Q-Learning,1,75,A,10.0,12,64.0,36.0,0.0,24,0,1,Very Easy,1.0,0.0,0.0,0.0,0,0,0,0,0,0,False,True,True,False
Without Q-Learning,1,76,A,10.0,10,64.47368421052632,35.526315789473685,0.0,24,0,1,Very Easy,1.0,0.0,0.0,0.0,0,0,0,1,0,0,False,True,True,False
Without Q-Learning,1,77,P,-10.0,15,63.63636363636363,36.36363636363637,0.0,42,18,2,Easy,1.0,0.0,0.0,0.0,0,0,0,0,0,0,False,True,True,False
Without Q-Learning,1,78,P,-10.0,7,62.82051282051282,37.17948717948718,0.0,42,0,2,Easy,1.0,0.0,0.0,0.0,0,0,0,1,0,0,False,True,True,False
Without Q-Learning,1,79,P,-10.0,11,62.0253164556962,37.9746835443038,0.0,60,18,3,Normal,1.0,0.0,0.0,0.0,0,0,0,0,0,0,False,True,True,False
Without Q-Learning,1,80,A,10.0,6,62.5,37.5,0.0,60,0,3,Normal,1.0,0.0,0.0,0.0,0,0,0,3,0,0,False,True,True,False
Without Q-Learning,1,81,P,-10.0,9,61.72839506172839,38.27160493827161,0.0,78,18,4,Hard,1.0,0.0,0.0,0.0,0,0,0,0,0,0,False,True,True,False
Without Q-Learning,1,82,A,10.0,8,62.19512195121951,37.80487804878049,0.0,60,-18,3,Normal,1.0,0.0,0.0,0.0,0,0,0,2,0,0,False,True,True,False
Without Q-Learning,1,83,A,10.0,10,62.65060240963855,37.34939759036145,0.0,60,0,3,Normal,1.0,0.0,0.0,0.0,0,0,0,1,0,0,False,True,True,False
Without Q-Learning,1,84,A,10.0,8,63.095238095238095,36.904761904761905,0.0,42,-18,2,Easy,1.0,0.0,0.0,0.0,0,0,0,0,0,0,False,True,True,False
Without Q-Learning,1,85,A,10.0,8,63.529411764705884,36.470588235294116,0.0,42,0,2,Easy,1.0,0.0,0.0,0.0,0,0,0,1,0,0,False,True,True,False
Without Q-Learning,1,86,P,-10.0,13,62.7906976744186,37.2093023255814,0.0,60,18,3,Normal,1.0,0.0,0.0,0.0,0,0,0,2,0,0,False,True,True,False
Without Q-Learning,1,87,A,10.0,10,63.2183908045977,36.7816091954023,0.0,42,-18,2,Easy,1.0,0.0,0.0,0.0,0,0,0,1,0,0,False,True,True,False
Without Q-Learning,1,88,A,10.0,10,63.63636363636363,36.36363636363637,0.0,24,-18,1,Very Easy,1.0,0.0,0.0,0.0,0,0,0,1,0,0,False,True,True,False
Without Q-Learning,1,89,P,-10.0,9,62.92134831460674,37.07865168539326,0.0,24,0,1,Very Easy,1.0,0.0,0.0,0.0,0,0,0,0,0,0,False,True,True,False
Without Q-Learning,1,90,P,-10.0,11,62.22222222222222,37.77777777777778,0.0,42,18,2,Easy,1.0,0.0,0.0,0.0,0,0,0,0,0,0,False,True,True,False
Without Q-Learning,1,91,A,10.0,12,62.637362637362635,37.362637362637365,0.0,24,-18,1,Very Easy,1.0,0.0,0.0,0.0,0,0,0,0,0,0,False,True,True,False
Without Q-Learning,1,92,P,-10.0,5,61.95652173913044,38.04347826086956,0.0,42,18,2,Easy,1.0,0.0,0.0,0.0,0,0,0,0,0,0,False,True,True,False
Without Q-Learning,1,93,P,-10.0,7,61.29032258064516,38.70967741935484,0.0,60,18,3,Normal,1.0,0.0,0.0,0.0,0,0,0,0,0,0,False,True,True,False
Without Q-Learning,1,94,A,10.0,10,61.702127659574465,38.297872340425535,0.0,60,0,3,Normal,1.0,0.0,0.0,0.0,0,0,0,2,0,0,False,True,True,False
Without Q-Learning,1,95,A,10.0,6,62.10526315789474,37.89473684210526,0.0,60,0,3,Normal,1.0,0.0,0.0,0.0,0,0,0,2,0,0,False,True,True,False
Without Q-Learning,1,96,A,10.0,6,62.5,37.5,0.0,42,-18,2,Easy,1.0,0.0,0.0,0.0,0,0,0,2,0,0,False,True,True,False
Without Q-Learning,1,97,A,10.0,6,62.88659793814433,37.11340206185567,0.0,42,0,2,Easy,1.0,0.0,0.0,0.0,0,0,0,1,0,0,False,True,True,False
Without Q-Learning,1,98,P,-10.0,7,62.244897959183675,37.755102040816325,0.0,60,18,3,Normal,1.0,0.0,0.0,0.0,0,0,0,0,0,0,False,True,True,False
Without Q-Learning,1,99,P,-10.0,7,61.61616161616162,38.38383838383838,0.0,60,0,3,Normal,1.0,0.0,0.0,0.0,0,0,0,0,0,0,False,True,True,False
Without Q-Learning,1,100,A,10.0,8,62.0,38.0,0.0,42,-18,2,Easy,1.0,0.0,0.0,0.0,0,0,0,1,0,0,False,True,True,False
Without Q-Learning,2,1,A,10.0,10,100.0,0.0,0.0,42,-8,1,Very Easy,1.0,0.0,0.0,0.0,0,0,0,0,0,0,False,True,True,False
Without Q-Learning,2,2,A,10.0,10,100.0,0.0,0.0,34,-8,1,Very Easy,1.0,0.0,0.0,0.0,0,0,0,0,0,0,False,True,True,False
Without Q-Learning,2,3,P,-10.0,7,66.66666666666667,33.333333333333336,0.0,44,10,2,Easy,1.0,0.0,0.0,0.0,0,0,0,1,0,0,False,True,True,False
Without Q-Learning,2,4,A,10.0,8,75.0,25.0,0.0,36,-8,2,Easy,1.0,0.0,0.0,0.0,0,0,0,0,0,0,False,True,True,False
Without Q-Learning,2,5,A,10.0,8,80.0,20.0,0.0,28,-8,2,Easy,1.0,0.0,0.0,0.0,0,0,0,0,0,0,False,True,True,False
Without Q-Learning,2,6,A,10.0,6,83.33333333333333,16.666666666666668,0.0,20,-8,1,Very Easy,1.0,0.0,0.0,0.0,0,0,0,0,0,0,False,True,True,False
Without Q-Learning,2,7,P,-10.0,11,71.42857142857143,28.571428571428573,0.0,30,10,2,Easy,1.0,0.0,0.0,0.0,0,0,0,0,0,0,False,True,True,False
Without Q-Learning,2,8,A,10.0,6,75.0,25.0,0.0,22,-8,1,Very Easy,1.0,0.0,0.0,0.0,0,0,0,1,0,0,False,True,True,False
Without Q-Learning,2,9,P,-10.0,7,66.66666666666667,33.333333333333336,0.0,32,10,2,Easy,1.0,0.0,0.0,0.0,0,0,0,0,0,0,False,True,True,False
Without Q-Learning,2,10,P,-10.0,11,60.0,40.0,0.0,42,10,2,Easy,1.0,0.0,0.0,0.0,0,0,0,0,0,0,False,True,True,False
Without Q-Learning,2,11,P,-10.0,11,54.54545454545455,45.45454545454545,0.0,60,18,3,Normal,1.0,0.0,0.0,0.0,0,0,0,1,0,0,False,True,True,False
Without Q-Learning,2,12,A,10.0,6,58.333333333333336,41.666666666666664,0.0,60,0,3,Normal,1.0,0.0,0.0,0.0,0,0,0,2,0,0,False,True,True,False
Without Q-Learning,2,13,A,10.0,12,61.53846153846154,38.46153846153846,0.0,42,-18,2,Easy,1.0,0.0,0.0,0.0,0,0,0,2,0,0,False,True,True,False
Without Q-Learning,2,14,P,-10.0,7,57.142857142857146,42.857142857142854,0.0,60,18,3,Normal,1.0,0.0,0.0,0.0,0,0,0,0,0,0,False,True,True,False
Without Q-Learning,2,15,A,10.0,6,60.0,40.0,0.0,60,0,3,Normal,1.0,0.0,0.0,0.0,0,0,0,1,0,0,False,True,True,False
Without Q-Learning,2,16,A,10.0,6,62.5,37.5,0.0,60,0,3,Normal,1.0,0.0,0.0,0.0,0,0,0,2,0,0,False,True,True,False
Without Q-Learning,2,17,A,10.0,6,64.70588235294117,35.294117647058826,0.0,42,-18,2,Easy,1.0,0.0,0.0,0.0,0,0,0,3,0,0,False,True,True,False
Without Q-Learning,2,18,A,10.0,10,66.66666666666667,33.333333333333336,0.0,42,0,2,Easy,1.0,0.0,0.0,0.0,0,0,0,0,0,0,False,True,True,False
Without Q-Learning,2,19,P,-10.0,9,63.1578947368421,36.8421052631579,0.0,42,0,2,Easy,1.0,0.0,0.0,0.0,0,0,0,1,0,0,False,True,True,False
Without Q-Learning,2,20,A,10.0,8,65.0,35.0,0.0,24,-18,1,Very Easy,1.0,0.0,0.0,0.0,0,0,0,2,0,0,False,True,True,False
Without Q-Learning,2,21,A,10.0,6,66.66666666666667,33.333333333333336,0.0,6,-18,1,Very Easy,1.0,0.0,0.0,0.0,0,0,0,0,0,0,False,True,True,False
Without Q-Learning,2,22,P,-10.0,11,63.63636363636363,36.36363636363637,0.0,24,18,1,Very Easy,1.0,0.0,0.0,0.0,0,0,0,1,0,0,False,True,True,False
Without Q-Learning,2,23,P,-10.0,11,60.869565217391305,39.130434782608695,0.0,42,18,2,Easy,1.0,0.0,0.0,0.0,0,0,0,0,0,0,False,True,True,False
Without Q-Learning,2,24,P,-10.0,11,58.333333333333336,41.666666666666664,0.0,42,0,2,Easy,1.0,0.0,0.0,0.0,0,0,0,1,0,0,False,True,True,False
Without Q-Learning,2,25,A,10.0,10,60.0,40.0,0.0,42,0,2,Easy,1.0,0.0,0.0,0.0,0,0,0,1,0,0,False,True,True,False
Without Q-Learning,2,26,P,-10.0,11,57.69230769230769,42.30769230769231,0.0,60,18,3,Normal,1.0,0.0,0.0,0.0,0,0,0,1,0,0,False,True,True,False
Without Q-Learning,2,27,A,10.0,6,59.25925925925926,40.74074074074074,0.0,60,0,3,Normal,1.0,0.0,0.0,0.0,0,0,0,2,0,0,False,True,True,False
Without Q-Learning,2,28,A,10.0,12,60.714285714285715,39.285714285714285,0.0,60,0,3,Normal,1.0,0.0,0.0,0.0,0,0,0,1,0,0,False,True,True,False
Without Q-Learning,2,29,P,-10.0,9,58.62068965517241,41.37931034482759,0.0,60,0,3,Normal,1.0,0.0,0.0,0.0,0,0,0,0,0,0,False,True,True,False
Without Q-Learning,2,30,A,10.0,8,60.0,40.0,0.0,60,0,3,Normal,1.0,0.0,0.0,0.0,0,0,0,2,0,0,False,True,True,False
Without Q-Learning,2,31,A,10.0,8,61.29032258064516,38.70967741935484,0.0,60,0,3,Normal,1.0,0.0,0.0,0.0,0,0,0,1,0,0,False,True,True,False
Without Q-Learning,2,32,A,10.0,10,62.5,37.5,0.0,42,-18,2,Easy,1.0,0.0,0.0,0.0,0,0,0,2,0,0,False,True,True,False
Without Q-Learning,2,33,P,-10.0,9,60.60606060606061,39.39393939393939,0.0,42,0,2,Easy,1.0,0.0,0.0,0.0,0,0,0,1,0,0,False,True,True,False
Without Q-Learning,2,34,A,10.0,6,61.76470588235294,38.23529411764706,0.0,24,-18,1,Very Easy,1.0,0.0,0.0,0.0,0,0,0,1,0,0,False,True,True,False
Without Q-Learning,2,35,A,10.0,10,62.857142857142854,37.142857142857146,0.0,24,0,1,Very Easy,1.0,0.0,0.0,0.0,0,0,0,1,0,0,False,True,True,False
Without Q-Learning,2,36,P,-10.0,9,61.111111111111114,38.888888888888886,0.0,24,0,1,Very Easy,1.0,0.0,0.0,0.0,0,0,0,0,0,0,False,True,True,False
Without Q-Learning,2,37,P,-10.0,7,59.45945945945946,40.54054054054054,0.0,42,18,2,Easy,1.0,0.0,0.0,0.0,0,0,0,0,0,0,False,True,True,False
Without Q-Learning,2,38,P,-10.0,11,57.89473684210526,42.10526315789474,0.0,60,18,3,Normal,1.0,0.0,0.0,0.0,0,0,0,0,0,0,False,True,True,False
Without Q-Learning,2,39,A,10.0,8,58.97435897435897,41.02564102564103,0.0,42,-18,2,Easy,1.0,0.0,0.0,0.0,0,0,0,0,0,0,False,True,True,False
Without Q-Learning,2,40,P,-10.0,9,57.5,42.5,0.0,60,18,3,Normal,1.0,0.0,0.0,0.0,0,0,0,0,0,0,False,True,True,False
Without Q-Learning,2,41,P,-10.0,9,56.09756097560975,43.90243902439025,0.0,78,18,4,Hard,1.0,0.0,0.0,0.0,0,0,0,1,0,0,False,True,True,False
Without Q-Learning,2,42,A,10.0,6,57.142857142857146,42.857142857142854,0.0,78,0,4,Hard,1.0,0.0,0.0,0.0,0,0,0,3,0,0,False,True,True,False
Without Q-Learning,2,43,A,10.0,6,58.13953488372093,41.86046511627907,0.0,60,-18,3,Normal,1.0,0.0,0.0,0.0,0,0,0,3,0,0,False,True,True,False
Without Q-Learning,2,44,A,10.0,8,59.09090909090909,40.90909090909091,0.0,60,0,3,Normal,1.0,0.0,0.0,0.0,0,0,0,2,0,0,False,True,True,False
Without Q-Learning,2,45,P,-10.0,9,57.77777777777778,42.22222222222222,0.0,78,18,4,Hard,1.0,0.0,0.0,0.0,0,0,0,0,0,0,False,True,True,False
Without Q-Learning,2,46,A,10.0,8,58.69565217391305,41.30434782608695,0.0,60,-18,3,Normal,1.0,0.0,0.0,0.0,0,0,0,3,0,0,False,True,True,False
Without Q-Learning,2,47,A,10.0,10,59.57446808510638,40.42553191489362,0.0,42,-18,2,Easy,1.0,0.0,0.0,0.0,0,0,0,3,0,0,False,True,True,False
Without Q-Learning,2,48,P,-10.0,11,58.333333333333336,41.666666666666664,0.0,42,0,2,Easy,1.0,0.0,0.0,0.0,0,0,0,1,0,0,False,True,True,False
Without Q-Learning,2,49,P,-10.0,11,57.142857142857146,42.857142857142854,0.0,60,18,3,Normal,1.0,0.0,0.0,0.0,0,0,0,0,0,0,False,True,True,False
Without Q-Learning,2,50,P,-10.0,9,56.0,44.0,0.0,60,0,3,Normal,1.0,0.0,0.0,0.0,0,0,0,1,0,0,False,True,True,False
Without Q-Learning,2,51,A,10.0,10,56.86274509803921,43.13725490196079,0.0,42,-18,2,Easy,1.0,0.0,0.0,0.0,0,0,0,2,0,0,False,True,True,False
Without Q-Learning,2,52,P,-10.0,9,55.76923076923077,44.23076923076923,0.0,60,18,3,Normal,1.0,0.0,0.0,0.0,0,0,0,2,0,0,False,True,True,False
Without Q-Learning,2,53,A,10.0,6,56.60377358490566,43.39622641509434,0.0,60,0,3,Normal,1.0,0.0,0.0,0.0,0,0,0,3,0,0,False,True,True,False
Without Q-Learning,2,54,P,-10.0,11,55.55555555555556,44.44444444444444,0.0,78,18,4,Hard,1.0,0.0,0.0,0.0,0,0,0,0,0,0,False,True,True,False
Without Q-Learning,2,55,A,10.0,6,56.36363636363637,43.63636363636363,0.0,60,-18,3,Normal,1.0,0.0,0.0,0.0,0,0,0,3,0,0,False,True,True,False
Without Q-Learning,2,56,P,-10.0,11,55.357142857142854,44.642857142857146,0.0,78,18,4,Hard,1.0,0.0,0.0,0.0,0,0,0,1,0,0,False,True,True,False
Without Q-Learning,2,57,A,10.0,6,56.14035087719298,43.85964912280702,0.0,78,0,4,Hard,1.0,0.0,0.0,0.0,0,0,0,3,0,0,False,True,True,False
Without Q-Learning,2,58,A,10.0,8,56.89655172413793,43.10344827586207,0.0,60,-18,3,Normal,1.0,0.0,0.0,0.0,0,0,0,2,0,0,False,True,True,False
Without Q-Learning,2,59,P,-10.0,11,55.932203389830505,44.067796610169495,0.0,60,0,3,Normal,1.0,0.0,0.0,0.0,0,0,0,0,0,0,False,True,True,False
Without Q-Learning,2,60,P,-10.0,7,55.0,45.0,0.0,60,0,3,Normal,1.0,0.0,0.0,0.0,0,0,0,0,0,0,False,True,True,False
Without Q-Learning,2,61,A,10.0,10,55.73770491803279,44.26229508196721,0.0,60,0,3,Normal,1.0,0.0,0.0,0.0,0,0,0,1,0,0,False,True,True,False
Without Q-Learning,2,62,A,10.0,6,56.45161290322581,43.54838709677419,0.0,42,-18,2,Easy,1.0,0.0,0.0,0.0,0,0,0,2,0,0,False,True,True,False
Without Q-Learning,2,63,P,-10.0,9,55.55555555555556,44.44444444444444,0.0,60,18,3,Normal,1.0,0.0,0.0,0.0,0,0,0,1,0,0,False,True,True,False
Without Q-Learning,2,64,A,10.0,8,56.25,43.75,0.0,42,-18,2,Easy,1.0,0.0,0.0,0.0,0,0,0,3,0,0,False,True,True,False
Without Q-Learning,2,65,P,-10.0,9,55.38461538461539,44.61538461538461,0.0,60,18,3,Normal,1.0,0.0,0.0,0.0,0,0,0,0,0,0,False,True,True,False
Without Q-Learning,2,66,A,10.0,12,56.06060606060606,43.93939393939394,0.0,42,-18,2,Easy,1.0,0.0,0.0,0.0,0,0,0,3,0,0,False,True,True,False
Without Q-Learning,2,67,P,-10.0,5,55.223880597014926,44.776119402985074,0.0,60,18,3,Normal,1.0,0.0,0.0,0.0,0,0,0,0,0,0,False,True,True,False
Without Q-Learning,2,68,P,-10.0,9,54.411764705882355,45.588235294117645,0.0,78,18,4,Hard,1.0,0.0,0.0,0.0,0,0,0,1,0,0,False,True,True,False
Without Q-Learning,2,69,A,10.0,6,55.072463768115945,44.927536231884055,0.0,60,-18,3,Normal,1.0,0.0,0.0,0.0,0,0,0,2,0,0,False,True,True,False
Without Q-Learning,2,70,A,10.0,8,55.714285714285715,44.285714285714285,0.0,42,-18,2,Easy,1.0,0.0,0.0,0.0,0,0,0,2,0,0,False,True,True,False
Without Q-Learning,2,71,A,10.0,8,56.33802816901409,43.66197183098591,0.0,42,0,2,Easy,1.0,0.0,0.0,0.0,0,0,0,1,0,0,False,True,True,False
Without Q-Learning,2,72,A,10.0,6,56.94444444444444,43.05555555555556,0.0,42,0,2,Easy,1.0,0.0,0.0,0.0,0,0,0,1,0,0,False,True,True,False
Without Q-Learning,2,73,P,-10.0,7,56.16438356164384,43.83561643835616,0.0,42,0,2,Easy,1.0,0.0,0.0,0.0,0,0,0,0,0,0,False,True,True,False
Without Q-Learning,2,74,P,-10.0,11,55.4054054054054,44.5945945945946,0.0,60,18,3,Normal,1.0,0.0,0.0,0.0,0,0,0,0,0,0,False,True,True,False
Without Q-Learning,2,75,A,10.0,6,56.0,44.0,0.0,42,-18,2,Easy,1.0,0.0,0.0,0.0,0,0,0,1,0,0,False,True,True,False
Without Q-Learning,2,76,A,10.0,6,56.578947368421055,43.421052631578945,0.0,42,0,2,Easy,1.0,0.0,0.0,0.0,0,0,0,1,0,0,False,True,True,False
Without Q-Learning,2,77,A,10.0,10,57.142857142857146,42.857142857142854,0.0,24,-18,1,Very Easy,1.0,0.0,0.0,0.0,0,0,0,1,0,0,False,True,True,False
Without Q-Learning,2,78,A,10.0,10,57.69230769230769,42.30769230769231,0.0,6,-18,1,Very Easy,1.0,0.0,0.0,0.0,0,0,0,1,0,0,False,True,True,False
Without Q-Learning,2,79,P,-10.0,9,56.962025316455694,43.037974683544306,0.0,24,18,1,Very Easy,1.0,0.0,0.0,0.0,0,0,0,0,0,0,False,True,True,False
Without Q-Learning,2,80,A,10.0,6,57.5,42.5,0.0,24,0,1,Very Easy,1.0,0.0,0.0,0.0,0,0,0,0,0,0,False,True,True,False
Without Q-Learning,2,81,P,-10.0,9,56.79012345679013,43.20987654320987,0.0,42,18,2,Easy,1.0,0.0,0.0,0.0,0,0,0,0,0,0,False,True,True,False
Without Q-Learning,2,82,P,-10.0,11,56.09756097560975,43.90243902439025,0.0,60,18,3,Normal,1.0,0.0,0.0,0.0,0,0,0,0,0,0,False,True,True,False
Without Q-Learning,2,83,A,10.0,6,56.626506024096386,43.373493975903614,0.0,42,-18,2,Easy,1.0,0.0,0.0,0.0,0,0,0,2,0,0,False,True,True,False
Without Q-Learning,2,84,P,-10.0,11,55.95238095238095,44.04761904761905,0.0,42,0,2,Easy,1.0,0.0,0.0,0.0,0,0,0,0,0,0,False,True,True,False
Without Q-Learning,2,85,A,10.0,6,56.470588235294116,43.529411764705884,0.0,42,0,2,Easy,1.0,0.0,0.0,0.0,0,0,0,2,0,0,False,True,True,False
Without Q-Learning,2,86,A,10.0,12,56.97674418604651,43.02325581395349,0.0,42,0,2,Easy,1.0,0.0,0.0,0.0,0,0,0,0,0,0,False,True,True,False
Without Q-Learning,2,87,P,-10.0,5,56.32183908045977,43.67816091954023,0.0,60,18,3,Normal,1.0,0.0,0.0,0.0,0,0,0,0,0,0,False,True,True,False
Without Q-Learning,2,88,P,-10.0,7,55.68181818181818,44.31818181818182,0.0,78,18,4,Hard,1.0,0.0,0.0,0.0,0,0,0,0,0,0,False,True,True,False
Without Q-Learning,2,89,A,10.0,6,56.17977528089887,43.82022471910113,0.0,60,-18,3,Normal,1.0,0.0,0.0,0.0,0,0,0,3,0,0,False,True,True,False
Without Q-Learning,2,90,A,10.0,10,56.666666666666664,43.333333333333336,0.0,60,0,3,Normal,1.0,0.0,0.0,0.0,0,0,0,3,0,0,False,True,True,False
Without Q-Learning,2,91,A,10.0,10,57.142857142857146,42.857142857142854,0.0,42,-18,2,Easy,1.0,0.0,0.0,0.0,0,0,0,1,0,0,False,True,True,False
Without Q-Learning,2,92,A,10.0,8,57.608695652173914,42.391304347826086,0.0,24,-18,1,Very Easy,1.0,0.0,0.0,0.0,0,0,0,0,0,0,False,True,True,False
Without Q-Learning,2,93,A,10.0,6,58.064516129032256,41.935483870967744,0.0,24,0,1,Very Easy,1.0,0.0,0.0,0.0,0,0,0,0,0,0,False,True,True,False
Without Q-Learning,2,94,P,-10.0,11,57.4468085106383,42.5531914893617,0.0,24,0,1,Very Easy,1.0,0.0,0.0,0.0,0,0,0,0,0,0,False,True,True,False
Without Q-Learning,2,95,P,-10.0,9,56.8421052631579,43.1578947368421,0.0,42,18,2,Easy,1.0,0.0,0.0,0.0,0,0,0,1,0,0,False,True,True,False
Without Q-Learning,2,96,A,10.0,6,57.291666666666664,42.708333333333336,0.0,42,0,2,Easy,1.0,0.0,0.0,0.0,0,0,0,1,0,0,False,True,True,False
Without Q-Learning,2,97,A,10.0,8,57.7319587628866,42.2680412371134,0.0,24,-18,1,Very Easy,1.0,0.0,0.0,0.0,0,0,0,1,0,0,False,True,True,False
Without Q-Learning,2,98,P,-10.0,7,57.142857142857146,42.857142857142854,0.0,24,0,1,Very Easy,1.0,0.0,0.0,0.0,0,0,0,0,0,0,False,True,True,False
Without Q-Learning,2,99,P,-10.0,9,56.56565656565657,43.43434343434343,0.0,42,18,2,Easy,1.0,0.0,0.0,0.0,0,0,0,1,0,0,False,True,True,False
Without Q-Learning,2,100,A,10.0,6,57.0,43.0,0.0,42,0,2,Easy,1.0,0.0,0.0,0.0,0,0,0,1,0,0,False,True,True,False
Without Q-Learning,3,1,A,10.0,14,100.0,0.0,0.0,42,-8,1,Very Easy,1.0,0.0,0.0,0.0,0,0,0,0,0,0,False,True,True,False
Without Q-Learning,3,2,P,-10.0,11,50.0,50.0,0.0,52,10,1,Very Easy,1.0,0.0,0.0,0.0,0,0,0,1,0,0,False,True,True,False
Without Q-Learning,3,3,P,-10.0,9,33.333333333333336,66.66666666666667,0.0,62,10,3,Normal,1.0,0.0,0.0,0.0,0,0,0,0,0,0,False,True,True,False
Without Q-Learning,3,4,P,-10.0,9,25.0,75.0,0.0,72,10,4,Hard,1.0,0.0,0.0,0.0,0,0,0,1,0,0,False,True,True,False
Without Q-Learning,3,5,P,-10.0,7,20.0,80.0,0.0,82,10,5,Expert,1.0,0.0,0.0,0.0,0,0,0,2,0,0,False,True,True,False
Without Q-Learning,3,6,A,10.0,6,33.333333333333336,66.66666666666667,0.0,74,-8,4,Hard,1.0,0.0,0.0,0.0,0,0,0,3,0,0,False,True,True,False
Without Q-Learning,3,7,A,10.0,8,42.857142857142854,57.142857142857146,0.0,66,-8,4,Hard,1.0,0.0,0.0,0.0,0,0,0,2,0,0,False,True,True,False
Without Q-Learning,3,8,A,10.0,10,50.0,50.0,0.0,58,-8,3,Normal,1.0,0.0,0.0,0.0,0,0,0,2,0,0,False,True,True,False
Without Q-Learning,3,9,A,10.0,6,55.55555555555556,44.44444444444444,0.0,50,-8,3,Normal,1.0,0.0,0.0,0.0,0,0,0,2,0,0,False,True,True,False
Without Q-Learning,3,10,A,10.0,10,60.0,40.0,0.0,42,-8,2,Easy,1.0,0.0,0.0,0.0,0,0,0,0,0,0,False,True,True,False
Without Q-Learning,3,11,P,-10.0,13,54.54545454545455,45.45454545454545,0.0,60,18,3,Normal,1.0,0.0,0.0,0.0,0,0,0,0,0,0,False,True,True,False
Without Q-Learning,3,12,A,10.0,10,58.333333333333336,41.666666666666664,0.0,42,-18,2,Easy,1.0,0.0,0.0,0.0,0,0,0,1,0,0,False,True,True,False
Without Q-Learning,3,13,P,-10.0,7,53.84615384615385,46.15384615384615,0.0,42,0,2,Easy,1.0,0.0,0.0,0.0,0,0,0,0,0,0,False,True,True,False
Without Q-Learning,3,14,P,-10.0,7,50.0,50.0,0.0,42,0,2,Easy,1.0,0.0,0.0,0.0,0,0,0,0,0,0,False,True,True,False
Without Q-Learning,3,15,P,-10.0,11,46.666666666666664,53.333333333333336,0.0,42,0,2,Easy,1.0,0.0,0.0,0.0,0,0,0,0,0,0,False,True,True,False
Without Q-Learning,3,16,A,10.0,12,50.0,50.0,0.0,42,0,2,Easy,1.0,0.0,0.0,0.0,0,0,0,0,0,0,False,True,True,False
Without Q-Learning,3,17,P,-10.0,9,47.05882352941177,52.94117647058823,0.0,60,18,3,Normal,1.0,0.0,0.0,0.0,0,0,0,1,0,0,False,True,True,False
Without Q-Learning,3,18,A,10.0,6,50.0,50.0,0.0,60,0,3,Normal,1.0,0.0,0.0,0.0,0,0,0,1,0,0,False,True,True,False
Without Q-Learning,3,19,P,-10.0,11,47.36842105263158,52.63157894736842,0.0,78,18,4,Hard,1.0,0.0,0.0,0.0,0,0,0,0,0,0,False,True,True,False
Without Q-Learning,3,20,A,10.0,6,50.0,50.0,0.0,78,0,4,Hard,1.0,0.0,0.0,0.0,0,0,0,3,0,0,False,True,True,False
Without Q-Learning,3,21,A,10.0,6,52.38095238095238,47.61904761904762,0.0,60,-18,3,Normal,1.0,0.0,0.0,0.0,0,0,0,3,0,0,False,True,True,False
Without Q-Learning,3,22,A,10.0,8,54.54545454545455,45.45454545454545,0.0,60,0,3,Normal,1.0,0.0,0.0,0.0,0,0,0,3,0,0,False,True,True,False
Without Q-Learning,3,23,A,10.0,10,56.52173913043478,43.47826086956522,0.0,42,-18,2,Easy,1.0,0.0,0.0,0.0,0,0,0,1,0,0,False,True,True,False
Without Q-Learning,3,24,A,10.0,8,58.333333333333336,41.666666666666664,0.0,24,-18,1,Very Easy,1.0,0.0,0.0,0.0,0,0,0,2,0,0,False,True,True,False
Without Q-Learning,3,25,A,10.0,10,60.0,40.0,0.0,6,-18,1,Very Easy,1.0,0.0,0.0,0.0,0,0,0,0,0,0,False,True,True,False
Without Q-Learning,3,26,A,10.0,14,61.53846153846154,38.46153846153846,0.0,6,0,1,Very Easy,1.0,0.0,0.0,0.0,0,0,0,0,0,0,False,True,True,False
Without Q-Learning,3,27,A,10.0,6,62.96296296296296,37.03703703703704,0.0,0,-6,1,Very Easy,1.0,0.0,0.0,0.0,0,0,0,1,0,0,False,True,True,False
Without Q-Learning,3,28,P,-10.0,7,60.714285714285715,39.285714285714285,0.0,6,6,1,Very Easy,1.0,0.0,0.0,0.0,0,0,0,0,0,0,False,True,True,False
Without Q-Learning,3,29,A,10.0,10,62.06896551724138,37.93103448275862,0.0,0,-6,1,Very Easy,1.0,0.0,0.0,0.0,0,0,0,0,0,0,False,True,True,False
Without Q-Learning,3,30,P,-10.0,13,60.0,40.0,0.0,6,6,1,Very Easy,1.0,0.0,0.0,0.0,0,0,0,0,0,0,False,True,True,False
Without Q-Learning,3,31,A,10.0,12,61.29032258064516,38.70967741935484,0.0,6,0,1,Very Easy,1.0,0.0,0.0,0.0,0,0,0,0,0,0,False,True,True,False
Without Q-Learning,3,32,A,10.0,6,62.5,37.5,0.0,6,0,1,Very Easy,1.0,0.0,0.0,0.0,0,0,0,0,0,0,False,True,True,False
Without Q-Learning,3,33,P,-10.0,7,60.60606060606061,39.39393939393939,0.0,24,18,1,Very Easy,1.0,0.0,0.0,0.0,0,0,0,0,0,0,False,True,True,False
Without Q-Learning,3,34,A,10.0,8,61.76470588235294,38.23529411764706,0.0,24,0,1,Very Easy,1.0,0.0,0.0,0.0,0,0,0,0,0,0,False,True,True,False
Without Q-Learning,3,35,P,-10.0,9,60.0,40.0,0.0,42,18,2,Easy,1.0,0.0,0.0,0.0,0,0,0,0,0,0,False,True,True,False
Without Q-Learning,3,36,A,10.0,14,61.111111111111114,38.888888888888886,0.0,42,0,2,Easy,1.0,0.0,0.0,0.0,0,0,0,0,0,0,False,True,True,False
Without Q-Learning,3,37,P,-10.0,11,59.45945945945946,40.54054054054054,0.0,60,18,3,Normal,1.0,0.0,0.0,0.0,0,0,0,0,0,0,False,True,True,False
Without Q-Learning,3,38,A,10.0,6,60.526315789473685,39.473684210526315,0.0,42,-18,2,Easy,1.0,0.0,0.0,0.0,0,0,0,3,0,0,False,True,True,False
Without Q-Learning,3,39,A,10.0,6,61.53846153846154,38.46153846153846,0.0,42,0,2,Easy,1.0,0.0,0.0,0.0,0,0,0,2,0,0,False,True,True,False
Without Q-Learning,3,40,A,10.0,10,62.5,37.5,0.0,24,-18,1,Very Easy,1.0,0.0,0.0,0.0,0,0,0,2,0,0,False,True,True,False
Without Q-Learning,3,41,A,10.0,10,63.41463414634146,36.58536585365854,0.0,24,0,1,Very Easy,1.0,0.0,0.0,0.0,0,0,0,0,0,0,False,True,True,False
Without Q-Learning,3,42,A,10.0,8,64.28571428571429,35.714285714285715,0.0,24,0,1,Very Easy,1.0,0.0,0.0,0.0,0,0,0,0,0,0,False,True,True,False
Without Q-Learning,3,43,P,-10.0,11,62.7906976744186,37.2093023255814,0.0,24,0,1,Very Easy,1.0,0.0,0.0,0.0,0,0,0,0,0,0,False,True,True,False
Without Q-Learning,3,44,P,-10.0,13,61.36363636363637,38.63636363636363,0.0,42,18,2,Easy,1.0,0.0,0.0,0.0,0,0,0,1,0,0,False,True,True,False
Without Q-Learning,3,45,A,10.0,8,62.22222222222222,37.77777777777778,0.0,24,-18,1,Very Easy,1.0,0.0,0.0,0.0,0,0,0,0,0,0,False,True,True,False
Without Q-Learning,3,46,A,10.0,6,63.04347826086956,36.95652173913044,0.0,24,0,1,Very Easy,1.0,0.0,0.0,0.0,0,0,0,0,0,0,False,True,True,False
Without Q-Learning,3,47,A,10.0,12,63.829787234042556,36.170212765957444,0.0,6,-18,1,Very Easy,1.0,0.0,0.0,0.0,0,0,0,1,0,0,False,True,True,False
Without Q-Learning,3,48,P,-10.0,7,62.5,37.5,0.0,24,18,1,Very Easy,1.0,0.0,0.0,0.0,0,0,0,0,0,0,False,True,True,False
Without Q-Learning,3,49,P,-10.0,9,61.224489795918366,38.775510204081634,0.0,42,18,2,Easy,1.0,0.0,0.0,0.0,0,0,0,1,0,0,False,True,True,False
Without Q-Learning,3,50,A,10.0,8,62.0,38.0,0.0,42,0,2,Easy,1.0,0.0,0.0,0.0,0,0,0,2,0,0,False,True,True,False
Without Q-Learning,3,51,A,10.0,8,62.745098039215684,37.254901960784316,0.0,42,0,2,Easy,1.0,0.0,0.0,0.0,0,0,0,2,0,0,False,True,True,False
Without Q-Learning,3,52,P,-10.0,7,61.53846153846154,38.46153846153846,0.0,60,18,3,Normal,1.0,0.0,0.0,0.0,0,0,0,0,0,0,False,True,True,False
Without Q-Learning,3,53,A,10.0,6,62.264150943396224,37.735849056603776,0.0,42,-18,2,Easy,1.0,0.0,0.0,0.0,0,0,0,1,0,0,False,True,True,False
Without Q-Learning,3,54,A,10.0,10,62.96296296296296,37.03703703703704,0.0,24,-18,1,Very Easy,1.0,0.0,0.0,0.0,0,0,0,0,0,0,False,True,True,False
Without Q-Learning,3,55,A,10.0,12,63.63636363636363,36.36363636363637,0.0,24,0,1,Very Easy,1.0,0.0,0.0,0.0,0,0,0,1,0,0,False,True,True,False
Without Q-Learning,3,56,A,10.0,14,64.28571428571429,35.714285714285715,0.0,24,0,1,Very Easy,1.0,0.0,0.0,0.0,0,0,0,0,0,0,False,True,True,False
Without Q-Learning,3,57,A,10.0,8,64.91228070175438,35.08771929824562,0.0,24,0,1,Very Easy,1.0,0.0,0.0,0.0,0,0,0,1,0,0,False,True,True,False
Without Q-Learning,3,58,P,-10.0,9,63.793103448275865,36.206896551724135,0.0,24,0,1,Very Easy,1.0,0.0,0.0,0.0,0,0,0,0,0,0,False,True,True,False
Without Q-Learning,3,59,A,10.0,10,64.40677966101696,35.59322033898305,0.0,6,-18,1,Very Easy,1.0,0.0,0.0,0.0,0,0,0,0,0,0,False,True,True,False
Without Q-Learning,3,60,A,10.0,6,65.0,35.0,0.0,6,0,1,Very Easy,1.0,0.0,0.0,0.0,0,0,0,2,0,0,False,True,True,False
Without Q-Learning,3,61,P,-10.0,9,63.9344262295082,36.0655737704918,0.0,24,18,1,Very Easy,1.0,0.0,0.0,0.0,0,0,0,0,0,0,False,True,True,False
Without Q-Learning,3,62,P,-10.0,11,62.903225806451616,37.096774193548384,0.0,24,0,1,Very Easy,1.0,0.0,0.0,0.0,0,0,0,0,0,0,False,True,True,False
Without Q-Learning,3,63,P,-10.0,7,61.904761904761905,38.095238095238095,0.0,42,18,2,Easy,1.0,0.0,0.0,0.0,0,0,0,0,0,0,False,True,True,False
Without Q-Learning,3,64,A,10.0,10,62.5,37.5,0.0,42,0,2,Easy,1.0,0.0,0.0,0.0,0,0,0,1,0,0,False,True,True,False
Without Q-Learning,3,65,A,10.0,10,63.07692307692308,36.92307692307692,0.0,42,0,2,Easy,1.0,0.0,0.0,0.0,0,0,0,1,0,0,False,True,True,False
Without Q-Learning,3,66,P,-10.0,13,62.121212121212125,37.878787878787875,0.0,60,18,3,Normal,1.0,0.0,0.0,0.0,0,0,0,0,0,0,False,True,True,False
Without Q-Learning,3,67,A,10.0,12,62.6865671641791,37.3134328358209,0.0,60,0,3,Normal,1.0,0.0,0.0,0.0,0,0,0,1,0,0,False,True,True,False
Without Q-Learning,3,68,A,10.0,12,63.23529411764706,36.76470588235294,0.0,42,-18,2,Easy,1.0,0.0,0.0,0.0,0,0,0,3,0,0,False,True,True,False
Without Q-Learning,3,69,P,-10.0,13,62.31884057971015,37.68115942028985,0.0,60,18,3,Normal,1.0,0.0,0.0,0.0,0,0,0,0,0,0,False,True,True,False
Without Q-Learning,3,70,A,10.0,6,62.857142857142854,37.142857142857146,0.0,60,0,3,Normal,1.0,0.0,0.0,0.0,0,0,0,1,0,0,False,True,True,False
Without Q-Learning,3,71,A,10.0,8,63.38028169014085,36.61971830985915,0.0,42,-18,2,Easy,1.0,0.0,0.0,0.0,0,0,0,2,0,0,False,True,True,False
Without Q-Learning,3,72,P,-10.0,5,62.5,37.5,0.0,42,0,2,Easy,1.0,0.0,0.0,0.0,0,0,0,0,0,0,False,True,True,False
Without Q-Learning,3,73,P,-10.0,11,61.64383561643836,38.35616438356164,0.0,42,0,2,Easy,1.0,0.0,0.0,0.0,0,0,0,0,0,0,False,True,True,False
Without Q-Learning,3,74,P,-10.0,11,60.810810810810814,39.189189189189186,0.0,60,18,3,Normal,1.0,0.0,0.0,0.0,0,0,0,1,0,0,False,True,True,False
Without Q-Learning,3,75,A,10.0,8,61.333333333333336,38.666666666666664,0.0,60,0,3,Normal,1.0,0.0,0.0,0.0,0,0,0,2,0,0,False,True,True,False
Without Q-Learning,3,76,A,10.0,6,61.8421052631579,38.1578947368421,0.0,42,-18,2,Easy,1.0,0.0,0.0,0.0,0,0,0,1,0,0,False,True,True,False
Without Q-Learning,3,77,P,-10.0,13,61.03896103896104,38.96103896103896,0.0,60,18,3,Normal,1.0,0.0,0.0,0.0,0,0,0,1,0,0,False,True,True,False
Without Q-Learning,3,78,P,-10.0,7,60.256410256410255,39.743589743589745,0.0,78,18,4,Hard,1.0,0.0,0.0,0.0,0,0,0,1,0,0,False,True,True,False
Without Q-Learning,3,79,A,10.0,8,60.75949367088607,39.24050632911393,0.0,60,-18,3,Normal,1.0,0.0,0.0,0.0,0,0,0,3,0,0,False,True,True,False
Without Q-Learning,3,80,A,10.0,6,61.25,38.75,0.0,60,0,3,Normal,1.0,0.0,0.0,0.0,0,0,0,1,0,0,False,True,True,False
Without Q-Learning,3,81,A,10.0,8,61.72839506172839,38.27160493827161,0.0,60,0,3,Normal,1.0,0.0,0.0,0.0,0,0,0,1,0,0,False,True,True,False
Without Q-Learning,3,82,A,10.0,10,62.19512195121951,37.80487804878049,0.0,42,-18,2,Easy,1.0,0.0,0.0,0.0,0,0,0,1,0,0,False,True,True,False
Without Q-Learning,3,83,A,10.0,8,62.65060240963855,37.34939759036145,0.0,24,-18,1,Very Easy,1.0,0.0,0.0,0.0,0,0,0,1,0,0,False,True,True,False
Without Q-Learning,3,84,A,10.0,14,63.095238095238095,36.904761904761905,0.0,6,-18,1,Very Easy,1.0,0.0,0.0,0.0,0,0,0,1,0,0,False,True,True,False
Without Q-Learning,3,85,A,10.0,10,63.529411764705884,36.470588235294116,0.0,6,0,1,Very Easy,1.0,0.0,0.0,0.0,0,0,0,2,0,0,False,True,True,False
Without Q-Learning,3,86,P,-10.0,13,62.7906976744186,37.2093023255814,0.0,24,18,1,Very Easy,1.0,0.0,0.0,0.0,0,0,0,1,0,0,False,True,True,False
Without Q-Learning,3,87,A,10.0,8,63.2183908045977,36.7816091954023,0.0,6,-18,1,Very Easy,1.0,0.0,0.0,0.0,0,0,0,0,0,0,False,True,True,False
Without Q-Learning,3,88,A,10.0,12,63.63636363636363,36.36363636363637,0.0,0,-6,1,Very Easy,1.0,0.0,0.0,0.0,0,0,0,0,0,0,False,True,True,False
Without Q-Learning,3,89,A,10.0,8,64.04494382022472,35.95505617977528,0.0,0,0,1,Very Easy,1.0,0.0,0.0,0.0,0,0,0,0,0,0,False,True,True,False
Without Q-Learning,3,90,P,-10.0,11,63.333333333333336,36.666666666666664,0.0,6,6,1,Very Easy,1.0,0.0,0.0,0.0,0,0,0,0,0,0,False,True,True,False
Without Q-Learning,3,91,P,-10.0,7,62.637362637362635,37.362637362637365,0.0,24,18,1,Very Easy,1.0,0.0,0.0,0.0,0,0,0,1,0,0,False,True,True,False
Without Q-Learning,3,92,P,-10.0,7,61.95652173913044,38.04347826086956,0.0,42,18,2,Easy,1.0,0.0,0.0,0.0,0,0,0,0,0,0,False,True,True,False
Without Q-Learning,3,93,P,-10.0,5,61.29032258064516,38.70967741935484,0.0,60,18,3,Normal,1.0,0.0,0.0,0.0,0,0,0,0,0,0,False,True,True,False
Without Q-Learning,3,94,P,-10.0,7,60.638297872340424,39.361702127659576,0.0,78,18,4,Hard,1.0,0.0,0.0,0.0,0,0,0,0,0,0,False,True,True,False
Without Q-Learning,3,95,A,10.0,6,61.05263157894737,38.94736842105263,0.0,78,0,4,Hard,1.0,0.0,0.0,0.0,0,0,0,3,0,0,False,True,True,False
Without Q-Learning,3,96,A,10.0,6,61.458333333333336,38.541666666666664,0.0,60,-18,3,Normal,1.0,0.0,0.0,0.0,0,0,0,3,0,0,False,True,True,False
Without Q-Learning,3,97,P,-10.0,7,60.824742268041234,39.175257731958766,0.0,78,18,4,Hard,1.0,0.0,0.0,0.0,0,0,0,1,0,0,False,True,True,False
Without Q-Learning,3,98,P,-10.0,5,60.204081632653065,39.795918367346935,0.0,96,18,5,Expert,1.0,0.0,0.0,0.0,0,0,0,1,0,0,False,True,True,False
Without Q-Learning,3,99,A,10.0,6,60.60606060606061,39.39393939393939,0.0,96,0,5,Expert,1.0,0.0,0.0,0.0,0,0,0,3,0,0,False,True,True,False
Without Q-Learning,3,100,A,10.0,8,61.0,39.0,0.0,78,-18,4,Hard,1.0,0.0,0.0,0.0,0,0,0,3,0,0,False,True,True,False
Without Q-Learning,4,1,P,-10.0,11,0.0,100.0,0.0,60,10,1,Very Easy,1.0,0.0,0.0,0.0,0,0,0,1,0,0,False,True,True,False
Without Q-Learning,4,2,A,10.0,6,50.0,50.0,0.0,52,-8,1,Very Easy,1.0,0.0,0.0,0.0,0,0,0,0,0,0,False,True,True,False
Without Q-Learning,4,3,P,-10.0,7,33.333333333333336,66.66666666666667,0.0,62,10,3,Normal,1.0,0.0,0.0,0.0,0,0,0,0,0,0,False,True,True,False
Without Q-Learning,4,4,P,-10.0,9,25.0,75.0,0.0,72,10,4,Hard,1.0,0.0,0.0,0.0,0,0,0,2,0,0,False,True,True,False
Without Q-Learning,4,5,A,10.0,6,40.0,60.0,0.0,64,-8,3,Normal,1.0,0.0,0.0,0.0,0,0,0,3,0,0,False,True,True,False
Without Q-Learning,4,6,P,-10.0,9,33.333333333333336,66.66666666666667,0.0,74,10,4,Hard,1.0,0.0,0.0,0.0,0,0,0,1,0,0,False,True,True,False
Without Q-Learning,4,7,A,10.0,6,42.857142857142854,57.142857142857146,0.0,66,-8,4,Hard,1.0,0.0,0.0,0.0,0,0,0,2,0,0,False,True,True,False
Without Q-Learning,4,8,A,10.0,6,50.0,50.0,0.0,58,-8,3,Normal,1.0,0.0,0.0,0.0,0,0,0,2,0,0,False,True,True,False
Without Q-Learning,4,9,A,10.0,8,55.55555555555556,44.44444444444444,0.0,50,-8,3,Normal,1.0,0.0,0.0,0.0,0,0,0,2,0,0,False,True,True,False
Without Q-Learning,4,10,P,-10.0,7,50.0,50.0,0.0,60,10,3,Normal,1.0,0.0,0.0,0.0,0,0,0,1,0,0,False,True,True,False
Without Q-Learning,4,11,A,10.0,8,54.54545454545455,45.45454545454545,0.0,42,-18,2,Easy,1.0,0.0,0.0,0.0,0,0,0,2,0,0,False,True,True,False
Without Q-Learning,4,12,A,10.0,6,58.333333333333336,41.666666666666664,0.0,42,0,2,Easy,1.0,0.0,0.0,0.0,0,0,0,1,0,0,False,True,True,False
Without Q-Learning,4,13,A,10.0,10,61.53846153846154,38.46153846153846,0.0,24,-18,1,Very Easy,1.0,0.0,0.0,0.0,0,0,0,1,0,0,False,True,True,False
Without Q-Learning,4,14,A,10.0,10,64.28571428571429,35.714285714285715,0.0,6,-18,1,Very Easy,1.0,0.0,0.0,0.0,0,0,0,1,0,0,False,True,True,False
Without Q-Learning,4,15,A,10.0,6,66.66666666666667,33.333333333333336,0.0,6,0,1,Very Easy,1.0,0.0,0.0,0.0,0,0,0,1,0,0,False,True,True,False
Without Q-Learning,4,16,P,-10.0,13,62.5,37.5,0.0,6,0,1,Very Easy,1.0,0.0,0.0,0.0,0,0,0,0,0,0,False,True,True,False
Without Q-Learning,4,17,A,10.0,8,64.70588235294117,35.294117647058826,0.0,6,0,1,Very Easy,1.0,0.0,0.0,0.0,0,0,0,0,0,0,False,True,True,False
Without Q-Learning,4,18,P,-10.0,7,61.111111111111114,38.888888888888886,0.0,24,18,1,Very Easy,1.0,0.0,0.0,0.0,0,0,0,0,0,0,False,True,True,False
Without Q-Learning,4,19,A,10.0,10,63.1578947368421,36.8421052631579,0.0,24,0,1,Very Easy,1.0,0.0,0.0,0.0,0,0,0,1,0,0,False,True,True,False
Without Q-Learning,4,20,A,10.0,10,65.0,35.0,0.0,6,-18,1,Very Easy,1.0,0.0,0.0,0.0,0,0,0,0,0,0,False,True,True,False
Without Q-Learning,4,21,P,-10.0,5,61.904761904761905,38.095238095238095,0.0,24,18,1,Very Easy,1.0,0.0,0.0,0.0,0,0,0,0,0,0,False,True,True,False
Without Q-Learning,4,22,A,10.0,10,63.63636363636363,36.36363636363637,0.0,24,0,1,Very Easy,1.0,0.0,0.0,0.0,0,0,0,1,0,0,False,True,True,False
Without Q-Learning,4,23,A,10.0,8,65.21739130434783,34.78260869565217,0.0,24,0,1,Very Easy,1.0,0.0,0.0,0.0,0,0,0,0,0,0,False,True,True,False
Without Q-Learning,4,24,A,10.0,12,66.66666666666667,33.333333333333336,0.0,24,0,1,Very Easy,1.0,0.0,0.0,0.0,0,0,0,0,0,0,False,True,True,False
Without Q-Learning,4,25,P,-10.0,9,64.0,36.0,0.0,42,18,2,Easy,1.0,0.0,0.0,0.0,0,0,0,0,0,0,False,True,True,False
Without Q-Learning,4,26,A,10.0,6,65.38461538461539,34.61538461538461,0.0,24,-18,1,Very Easy,1.0,0.0,0.0,0.0,0,0,0,0,0,0,False,True,True,False
Without Q-Learning,4,27,P,-10.0,13,62.96296296296296,37.03703703703704,0.0,42,18,2,Easy,1.0,0.0,0.0,0.0,0,0,0,0,0,0,False,True,True,False
Without Q-Learning,4,28,A,10.0,8,64.28571428571429,35.714285714285715,0.0,24,-18,1,Very Easy,1.0,0.0,0.0,0.0,0,0,0,1,0,0,False,True,True,False
Without Q-Learning,4,29,P,-10.0,9,62.06896551724138,37.93103448275862,0.0,42,18,2,Easy,1.0,0.0,0.0,0.0,0,0,0,1,0,0,False,True,True,False
Without Q-Learning,4,30,P,-10.0,9,60.0,40.0,0.0,60,18,3,Normal,1.0,0.0,0.0,0.0,0,0,0,0,0,0,False,True,True,False
Without Q-Learning,4,31,P,-10.0,7,58.064516129032256,41.935483870967744,0.0,60,0,3,Normal,1.0,0.0,0.0,0.0,0,0,0,0,0,0,False,True,True,False
Without Q-Learning,4,32,A,10.0,10,59.375,40.625,0.0,60,0,3,Normal,1.0,0.0,0.0,0.0,0,0,0,1,0,0,False,True,True,False
Without Q-Learning,4,33,A,10.0,6,60.60606060606061,39.39393939393939,0.0,60,0,3,Normal,1.0,0.0,0.0,0.0,0,0,0,1,0,0,False,True,True,False
Without Q-Learning,4,34,P,-10.0,9,58.8235294117647,41.1764705882353,0.0,78,18,4,Hard,1.0,0.0,0.0,0.0,0,0,0,0,0,0,False,True,True,False
Without Q-Learning,4,35,A,10.0,6,60.0,40.0,0.0,60,-18,3,Normal,1.0,0.0,0.0,0.0,0,0,0,2,0,0,False,True,True,False
Without Q-Learning,4,36,P,-10.0,7,58.333333333333336,41.666666666666664,0.0,78,18,4,Hard,1.0,0.0,0.0,0.0,0,0,0,1,0,0,False,True,True,False
Without Q-Learning,4,37,P,-10.0,9,56.75675675675676,43.24324324324324,0.0,78,0,4,Hard,1.0,0.0,0.0,0.0,0,0,0,1,0,0,False,True,True,False
Without Q-Learning,4,38,A,10.0,8,57.89473684210526,42.10526315789474,0.0,78,0,4,Hard,1.0,0.0,0.0,0.0,0,0,0,2,0,0,False,True,True,False
Without Q-Learning,4,39,A,10.0,8,58.97435897435897,41.02564102564103,0.0,60,-18,3,Normal,1.0,0.0,0.0,0.0,0,0,0,4,0,0,False,True,True,False
Without Q-Learning,4,40,A,10.0,8,60.0,40.0,0.0,42,-18,2,Easy,1.0,0.0,0.0,0.0,0,0,0,2,0,0,False,True,True,False
Without Q-Learning,4,41,A,10.0,8,60.97560975609756,39.02439024390244,0.0,24,-18,1,Very Easy,1.0,0.0,0.0,0.0,0,0,0,0,0,0,False,True,True,False
Without Q-Learning,4,42,P,-10.0,7,59.523809523809526,40.476190476190474,0.0,42,18,2,Easy,1.0,0.0,0.0,0.0,0,0,0,0,0,0,False,True,True,False
Without Q-Learning,4,43,A,10.0,8,60.46511627906977,39.53488372093023,0.0,42,0,2,Easy,1.0,0.0,0.0,0.0,0,0,0,0,0,0,False,True,True,False
Without Q-Learning,4,44,P,-10.0,13,59.09090909090909,40.90909090909091,0.0,42,0,2,Easy,1.0,0.0,0.0,0.0,0,0,0,0,0,0,False,True,True,False
Without Q-Learning,4,45,A,10.0,8,60.0,40.0,0.0,42,0,2,Easy,1.0,0.0,0.0,0.0,0,0,0,1,0,0,False,True,True,False
Without Q-Learning,4,46,P,-10.0,13,58.69565217391305,41.30434782608695,0.0,42,0,2,Easy,1.0,0.0,0.0,0.0,0,0,0,0,0,0,False,True,True,False
Without Q-Learning,4,47,P,-10.0,7,57.4468085106383,42.5531914893617,0.0,42,0,2,Easy,1.0,0.0,0.0,0.0,0,0,0,0,0,0,False,True,True,False
Without Q-Learning,4,48,P,-10.0,9,56.25,43.75,0.0,60,18,3,Normal,1.0,0.0,0.0,0.0,0,0,0,0,0,0,False,True,True,False
Without Q-Learning,4,49,P,-10.0,13,55.10204081632653,44.89795918367347,0.0,78,18,4,Hard,1.0,0.0,0.0,0.0,0,0,0,1,0,0,False,True,True,False
Without Q-Learning,4,50,A,10.0,6,56.0,44.0,0.0,78,0,4,Hard,1.0,0.0,0.0,0.0,0,0,0,2,0,0,False,True,True,False
Without Q-Learning,4,51,A,10.0,10,56.86274509803921,43.13725490196079,0.0,78,0,4,Hard,1.0,0.0,0.0,0.0,0,0,0,3,0,0,False,True,True,False
Without Q-Learning,4,52,A,10.0,12,57.69230769230769,42.30769230769231,0.0,60,-18,3,Normal,1.0,0.0,0.0,0.0,0,0,0,3,0,0,False,True,True,False
Without Q-Learning,4,53,P,-10.0,5,56.60377358490566,43.39622641509434,0.0,78,18,4,Hard,1.0,0.0,0.0,0.0,0,0,0,0,0,0,False,True,True,False
Without Q-Learning,4,54,A,10.0,8,57.407407407407405,42.592592592592595,0.0,60,-18,3,Normal,1.0,0.0,0.0,0.0,0,0,0,3,0,0,False,True,True,False
Without Q-Learning,4,55,A,10.0,8,58.18181818181818,41.81818181818182,0.0,60,0,3,Normal,1.0,0.0,0.0,0.0,0,0,0,1,0,0,False,True,True,False
Without Q-Learning,4,56,A,10.0,6,58.92857142857143,41.07142857142857,0.0,42,-18,2,Easy,1.0,0.0,0.0,0.0,0,0,0,2,0,0,False,True,True,False
Without Q-Learning,4,57,P,-10.0,11,57.89473684210526,42.10526315789474,0.0,42,0,2,Easy,1.0,0.0,0.0,0.0,0,0,0,0,0,0,False,True,True,False
Without Q-Learning,4,58,A,10.0,12,58.62068965517241,41.37931034482759,0.0,24,-18,1,Very Easy,1.0,0.0,0.0,0.0,0,0,0,1,0,0,False,True,True,False
Without Q-Learning,4,59,P,-10.0,11,57.6271186440678,42.3728813559322,0.0,24,0,1,Very Easy,1.0,0.0,0.0,0.0,0,0,0,0,0,0,False,True,True,False
Without Q-Learning,4,60,P,-10.0,13,56.666666666666664,43.333333333333336,0.0,42,18,2,Easy,1.0,0.0,0.0,0.0,0,0,0,0,0,0,False,True,True,False
Without Q-Learning,4,61,P,-10.0,9,55.73770491803279,44.26229508196721,0.0,60,18,3,Normal,1.0,0.0,0.0,0.0,0,0,0,0,0,0,False,True,True,False
Without Q-Learning,4,62,A,10.0,6,56.45161290322581,43.54838709677419,0.0,60,0,3,Normal,1.0,0.0,0.0,0.0,0,0,0,1,0,0,False,True,True,False
Without Q-Learning,4,63,P,-10.0,7,55.55555555555556,44.44444444444444,0.0,60,0,3,Normal,1.0,0.0,0.0,0.0,0,0,0,1,0,0,False,True,True,False
Without Q-Learning,4,64,A,10.0,8,56.25,43.75,0.0,60,0,3,Normal,1.0,0.0,0.0,0.0,0,0,0,2,0,0,False,True,True,False
Without Q-Learning,4,65,A,10.0,10,56.92307692307692,43.07692307692308,0.0,60,0,3,Normal,1.0,0.0,0.0,0.0,0,0,0,2,0,0,False,True,True,False
Without Q-Learning,4,66,P,-10.0,7,56.06060606060606,43.93939393939394,0.0,78,18,4,Hard,1.0,0.0,0.0,0.0,0,0,0,0,0,0,False,True,True,False
Without Q-Learning,4,67,A,10.0,6,56.71641791044776,43.28358208955224,0.0,60,-18,3,Normal,1.0,0.0,0.0,0.0,0,0,0,3,0,0,False,True,True,False
Without Q-Learning,4,68,A,10.0,10,57.35294117647059,42.64705882352941,0.0,60,0,3,Normal,1.0,0.0,0.0,0.0,0,0,0,2,0,0,False,True,True,False
Without Q-Learning,4,69,A,10.0,8,57.971014492753625,42.028985507246375,0.0,42,-18,2,Easy,1.0,0.0,0.0,0.0,0,0,0,2,0,0,False,True,True,False
Without Q-Learning,4,70,P,-10.0,9,57.142857142857146,42.857142857142854,0.0,42,0,2,Easy,1.0,0.0,0.0,0.0,0,0,0,0,0,0,False,True,True,False
Without Q-Learning,4,71,A,10.0,10,57.74647887323944,42.25352112676056,0.0,24,-18,1,Very Easy,1.0,0.0,0.0,0.0,0,0,0,1,0,0,False,True,True,False
Without Q-Learning,4,72,P,-10.0,11,56.94444444444444,43.05555555555556,0.0,42,18,2,Easy,1.0,0.0,0.0,0.0,0,0,0,0,0,0,False,True,True,False
Without Q-Learning,4,73,P,-10.0,9,56.16438356164384,43.83561643835616,0.0,42,0,2,Easy,1.0,0.0,0.0,0.0,0,0,0,0,0,0,False,True,True,False
Without Q-Learning,4,74,A,10.0,8,56.75675675675676,43.24324324324324,0.0,42,0,2,Easy,1.0,0.0,0.0,0.0,0,0,0,2,0,0,False,True,True,False
Without Q-Learning,4,75,P,-10.0,13,56.0,44.0,0.0,60,18,3,Normal,1.0,0.0,0.0,0.0,0,0,0,1,0,0,False,True,True,False
Without Q-Learning,4,76,A,10.0,12,56.578947368421055,43.421052631578945,0.0,42,-18,2,Easy,1.0,0.0,0.0,0.0,0,0,0,3,0,0,False,True,True,False
Without Q-Learning,4,77,A,10.0,8,57.142857142857146,42.857142857142854,0.0,42,0,2,Easy,1.0,0.0,0.0,0.0,0,0,0,1,0,0,False,True,True,False
Without Q-Learning,4,78,P,-10.0,9,56.41025641025641,43.58974358974359,0.0,60,18,3,Normal,1.0,0.0,0.0,0.0,0,0,0,1,0,0,False,True,True,False
Without Q-Learning,4,79,A,10.0,10,56.962025316455694,43.037974683544306,0.0,60,0,3,Normal,1.0,0.0,0.0,0.0,0,0,0,2,0,0,False,True,True,False
Without Q-Learning,4,80,A,10.0,8,57.5,42.5,0.0,42,-18,2,Easy,1.0,0.0,0.0,0.0,0,0,0,1,0,0,False,True,True,False
Without Q-Learning,4,81,A,10.0,10,58.02469135802469,41.97530864197531,0.0,42,0,2,Easy,1.0,0.0,0.0,0.0,0,0,0,1,0,0,False,True,True,False
Without Q-Learning,4,82,A,10.0,8,58.53658536585366,41.46341463414634,0.0,24,-18,1,Very Easy,1.0,0.0,0.0,0.0,0,0,0,1,0,0,False,True,True,False
Without Q-Learning,4,83,P,-10.0,11,57.83132530120482,42.16867469879518,0.0,24,0,1,Very Easy,1.0,0.0,0.0,0.0,0,0,0,0,0,0,False,True,True,False
Without Q-Learning,4,84,A,10.0,8,58.333333333333336,41.666666666666664,0.0,24,0,1,Very Easy,1.0,0.0,0.0,0.0,0,0,0,0,0,0,False,True,True,False
Without Q-Learning,4,85,A,10.0,12,58.8235294117647,41.1764705882353,0.0,6,-18,1,Very Easy,1.0,0.0,0.0,0.0,0,0,0,0,0,0,False,True,True,False
Without Q-Learning,4,86,A,10.0,12,59.30232558139535,40.69767441860465,0.0,6,0,1,Very Easy,1.0,0.0,0.0,0.0,0,0,0,0,0,0,False,True,True,False
Without Q-Learning,4,87,A,10.0,12,59.770114942528735,40.229885057471265,0.0,6,0,1,Very Easy,1.0,0.0,0.0,0.0,0,0,0,0,0,0,False,True,True,False
Without Q-Learning,4,88,P,-10.0,11,59.09090909090909,40.90909090909091,0.0,6,0,1,Very Easy,1.0,0.0,0.0,0.0,0,0,0,0,0,0,False,True,True,False
Without Q-Learning,4,89,A,10.0,10,59.550561797752806,40.449438202247194,0.0,6,0,1,Very Easy,1.0,0.0,0.0,0.0,0,0,0,1,0,0,False,True,True,False
Without Q-Learning,4,90,P,-10.0,11,58.888888888888886,41.111111111111114,0.0,24,18,1,Very Easy,1.0,0.0,0.0,0.0,0,0,0,0,0,0,False,True,True,False
Without Q-Learning,4,91,P,-10.0,5,58.24175824175824,41.75824175824176,0.0,42,18,2,Easy,1.0,0.0,0.0,0.0,0,0,0,0,0,0,False,True,True,False
Without Q-Learning,4,92,P,-10.0,5,57.608695652173914,42.391304347826086,0.0,60,18,3,Normal,1.0,0.0,0.0,0.0,0,0,0,0,0,0,False,True,True,False
Without Q-Learning,4,93,P,-10.0,9,56.98924731182796,43.01075268817204,0.0,60,0,3,Normal,1.0,0.0,0.0,0.0,0,0,0,1,0,0,False,True,True,False
Without Q-Learning,4,94,A,10.0,10,57.4468085106383,42.5531914893617,0.0,60,0,3,Normal,1.0,0.0,0.0,0.0,0,0,0,3,0,0,False,True,True,False
Without Q-Learning,4,95,A,10.0,8,57.89473684210526,42.10526315789474,0.0,60,0,3,Normal,1.0,0.0,0.0,0.0,0,0,0,1,0,0,False,True,True,False
Without Q-Learning,4,96,A,10.0,10,58.333333333333336,41.666666666666664,0.0,60,0,3,Normal,1.0,0.0,0.0,0.0,0,0,0,1,0,0,False,True,True,False
Without Q-Learning,4,97,A,10.0,8,58.76288659793814,41.23711340206186,0.0,60,0,3,Normal,1.0,0.0,0.0,0.0,0,0,0,2,0,0,False,True,True,False
Without Q-Learning,4,98,A,10.0,8,59.183673469387756,40.816326530612244,0.0,42,-18,2,Easy,1.0,0.0,0.0,0.0,0,0,0,0,0,0,False,True,True,False
Without Q-Learning,4,99,P,-10.0,13,58.58585858585859,41.41414141414141,0.0,60,18,3,Normal,1.0,0.0,0.0,0.0,0,0,0,0,0,0,False,True,True,False
Without Q-Learning,4,100,A,10.0,8,59.0,41.0,0.0,42,-18,2,Easy,1.0,0.0,0.0,0.0,0,0,0,2,0,0,False,True,True,False
Without Q-Learning,5,1,P,-10.0,11,0.0,100.0,0.0,60,10,1,Very Easy,1.0,0.0,0.0,0.0,0,0,0,0,0,0,False,True,True,False
Without Q-Learning,5,2,P,-10.0,13,0.0,100.0,0.0,70,10,1,Very Easy,1.0,0.0,0.0,0.0,0,0,0,0,0,0,False,True,True,False
Without Q-Learning,5,3,P,-10.0,9,0.0,100.0,0.0,80,10,5,Expert,1.0,0.0,0.0,0.0,0,0,0,1,0,0,False,True,True,False
Without Q-Learning,5,4,A,10.0,6,25.0,75.0,0.0,72,-8,4,Hard,1.0,0.0,0.0,0.0,0,0,0,2,0,0,False,True,True,False
Without Q-Learning,5,5,A,10.0,8,40.0,60.0,0.0,64,-8,3,Normal,1.0,0.0,0.0,0.0,0,0,0,3,0,0,False,True,True,False
Without Q-Learning,5,6,P,-10.0,7,33.333333333333336,66.66666666666667,0.0,74,10,4,Hard,1.0,0.0,0.0,0.0,0,0,0,1,0,0,False,True,True,False
Without Q-Learning,5,7,A,10.0,6,42.857142857142854,57.142857142857146,0.0,66,-8,4,Hard,1.0,0.0,0.0,0.0,0,0,0,2,0,0,False,True,True,False
Without Q-Learning,5,8,A,10.0,8,50.0,50.0,0.0,58,-8,3,Normal,1.0,0.0,0.0,0.0,0,0,0,2,0,0,False,True,True,False
Without Q-Learning,5,9,A,10.0,10,55.55555555555556,44.44444444444444,0.0,50,-8,3,Normal,1.0,0.0,0.0,0.0,0,0,0,1,0,0,False,True,True,False
Without Q-Learning,5,10,A,10.0,6,60.0,40.0,0.0,42,-8,2,Easy,1.0,0.0,0.0,0.0,0,0,0,1,0,0,False,True,True,False
Without Q-Learning,5,11,A,10.0,10,63.63636363636363,36.36363636363637,0.0,24,-18,1,Very Easy,1.0,0.0,0.0,0.0,0,0,0,1,0,0,False,True,True,False
Without Q-Learning,5,12,A,10.0,10,66.66666666666667,33.333333333333336,0.0,6,-18,1,Very Easy,1.0,0.0,0.0,0.0,0,0,0,1,0,0,False,True,True,False
Without Q-Learning,5,13,P,-10.0,7,61.53846153846154,38.46153846153846,0.0,6,0,1,Very Easy,1.0,0.0,0.0,0.0,0,0,0,0,0,0,False,True,True,False
Without Q-Learning,5,14,P,-10.0,7,57.142857142857146,42.857142857142854,0.0,24,18,1,Very Easy,1.0,0.0,0.0,0.0,0,0,0,0,0,0,False,True,True,False
Without Q-Learning,5,15,A,10.0,10,60.0,40.0,0.0,24,0,1,Very Easy,1.0,0.0,0.0,0.0,0,0,0,0,0,0,False,True,True,False
Without Q-Learning,5,16,A,10.0,6,62.5,37.5,0.0,6,-18,1,Very Easy,1.0,0.0,0.0,0.0,0,0,0,1,0,0,False,True,True,False
Without Q-Learning,5,17,P,-10.0,13,58.8235294117647,41.1764705882353,0.0,24,18,1,Very Easy,1.0,0.0,0.0,0.0,0,0,0,0,0,0,False,True,True,False
Without Q-Learning,5,18,P,-10.0,11,55.55555555555556,44.44444444444444,0.0,42,18,2,Easy,1.0,0.0,0.0,0.0,0,0,0,0,0,0,False,True,True,False
Without Q-Learning,5,19,P,-10.0,11,52.63157894736842,47.36842105263158,0.0,60,18,3,Normal,1.0,0.0,0.0,0.0,0,0,0,0,0,0,False,True,True,False
Without Q-Learning,5,20,P,-10.0,11,50.0,50.0,0.0,78,18,4,Hard,1.0,0.0,0.0,0.0,0,0,0,1,0,0,False,True,True,False
Without Q-Learning,5,21,A,10.0,6,52.38095238095238,47.61904761904762,0.0,78,0,4,Hard,1.0,0.0,0.0,0.0,0,0,0,1,0,0,False,True,True,False
Without Q-Learning,5,22,A,10.0,8,54.54545454545455,45.45454545454545,0.0,78,0,4,Hard,1.0,0.0,0.0,0.0,0,0,0,3,0,0,False,True,True,False
Without Q-Learning,5,23,A,10.0,6,56.52173913043478,43.47826086956522,0.0,60,-18,3,Normal,1.0,0.0,0.0,0.0,0,0,0,2,0,0,False,True,True,False
Without Q-Learning,5,24,A,10.0,10,58.333333333333336,41.666666666666664,0.0,42,-18,2,Easy,1.0,0.0,0.0,0.0,0,0,0,2,0,0,False,True,True,False
Without Q-Learning,5,25,A,10.0,6,60.0,40.0,0.0,42,0,2,Easy,1.0,0.0,0.0,0.0,0,0,0,1,0,0,False,True,True,False
Without Q-Learning,5,26,A,10.0,10,61.53846153846154,38.46153846153846,0.0,42,0,2,Easy,1.0,0.0,0.0,0.0,0,0,0,0,0,0,False,True,True,False
Without Q-Learning,5,27,A,10.0,14,62.96296296296296,37.03703703703704,0.0,24,-18,1,Very Easy,1.0,0.0,0.0,0.0,0,0,0,0,0,0,False,True,True,False
Without Q-Learning,5,28,P,-10.0,9,60.714285714285715,39.285714285714285,0.0,24,0,1,Very Easy,1.0,0.0,0.0,0.0,0,0,0,0,0,0,False,True,True,False
Without Q-Learning,5,29,P,-10.0,9,58.62068965517241,41.37931034482759,0.0,24,0,1,Very Easy,1.0,0.0,0.0,0.0,0,0,0,0,0,0,False,True,True,False
Without Q-Learning,5,30,P,-10.0,15,56.666666666666664,43.333333333333336,0.0,24,0,1,Very Easy,1.0,0.0,0.0,0.0,0,0,0,1,0,0,False,True,True,False
Without Q-Learning,5,31,A,10.0,14,58.064516129032256,41.935483870967744,0.0,24,0,1,Very Easy,1.0,0.0,0.0,0.0,0,0,0,0,0,0,False,True,True,False
Without Q-Learning,5,32,A,10.0,6,59.375,40.625,0.0,24,0,1,Very Easy,1.0,0.0,0.0,0.0,0,0,0,1,0,0,False,True,True,False
Without Q-Learning,5,33,P,-10.0,9,57.57575757575758,42.42424242424242,0.0,42,18,2,Easy,1.0,0.0,0.0,0.0,0,0,0,1,0,0,False,True,True,False
Without Q-Learning,5,34,A,10.0,12,58.8235294117647,41.1764705882353,0.0,42,0,2,Easy,1.0,0.0,0.0,0.0,0,0,0,0,0,0,False,True,True,False
Without Q-Learning,5,35,A,10.0,10,60.0,40.0,0.0,42,0,2,Easy,1.0,0.0,0.0,0.0,0,0,0,2,0,0,False,True,True,False
Without Q-Learning,5,36,A,10.0,16,61.111111111111114,38.888888888888886,0.0,42,0,2,Easy,1.0,0.0,0.0,0.0,0,0,0,0,0,0,False,True,True,False
Without Q-Learning,5,37,P,-10.0,11,59.45945945945946,40.54054054054054,0.0,60,18,3,Normal,1.0,0.0,0.0,0.0,0,0,0,2,0,0,False,True,True,False
Without Q-Learning,5,38,P,-10.0,11,57.89473684210526,42.10526315789474,0.0,60,0,3,Normal,1.0,0.0,0.0,0.0,0,0,0,1,0,0,False,True,True,False
Without Q-Learning,5,39,P,-10.0,7,56.41025641025641,43.58974358974359,0.0,60,0,3,Normal,1.0,0.0,0.0,0.0,0,0,0,0,0,0,False,True,True,False
Without Q-Learning,5,40,A,10.0,6,57.5,42.5,0.0,42,-18,2,Easy,1.0,0.0,0.0,0.0,0,0,0,2,0,0,False,True,True,False
Without Q-Learning,5,41,A,10.0,8,58.53658536585366,41.46341463414634,0.0,42,0,2,Easy,1.0,0.0,0.0,0.0,0,0,0,2,0,0,False,True,True,False
Without Q-Learning,5,42,P,-10.0,11,57.142857142857146,42.857142857142854,0.0,60,18,3,Normal,1.0,0.0,0.0,0.0,0,0,0,0,0,0,False,True,True,False
Without Q-Learning,5,43,A,10.0,10,58.13953488372093,41.86046511627907,0.0,42,-18,2,Easy,1.0,0.0,0.0,0.0,0,0,0,1,0,0,False,True,True,False
Without Q-Learning,5,44,A,10.0,8,59.09090909090909,40.90909090909091,0.0,42,0,2,Easy,1.0,0.0,0.0,0.0,0,0,0,0,0,0,False,True,True,False
Without Q-Learning,5,45,P,-10.0,13,57.77777777777778,42.22222222222222,0.0,60,18,3,Normal,1.0,0.0,0.0,0.0,0,0,0,2,0,0,False,True,True,False
Without Q-Learning,5,46,A,10.0,8,58.69565217391305,41.30434782608695,0.0,60,0,3,Normal,1.0,0.0,0.0,0.0,0,0,0,1,0,0,False,True,True,False
Without Q-Learning,5,47,A,10.0,8,59.57446808510638,40.42553191489362,0.0,42,-18,2,Easy,1.0,0.0,0.0,0.0,0,0,0,2,0,0,False,True,True,False
Without Q-Learning,5,48,A,10.0,14,60.416666666666664,39.583333333333336,0.0,24,-18,1,Very Easy,1.0,0.0,0.0,0.0,0,0,0,2,0,0,False,True,True,False
Without Q-Learning,5,49,A,10.0,8,61.224489795918366,38.775510204081634,0.0,6,-18,1,Very Easy,1.0,0.0,0.0,0.0,0,0,0,1,0,0,False,True,True,False
Without Q-Learning,5,50,P,-10.0,11,60.0,40.0,0.0,24,18,1,Very Easy,1.0,0.0,0.0,0.0,0,0,0,0,0,0,False,True,True,False
Without Q-Learning,5,51,P,-10.0,11,58.8235294117647,41.1764705882353,0.0,42,18,2,Easy,1.0,0.0,0.0,0.0,0,0,0,0,0,0,False,True,True,False
Without Q-Learning,5,52,P,-10.0,11,57.69230769230769,42.30769230769231,0.0,42,0,2,Easy,1.0,0.0,0.0,0.0,0,0,0,0,0,0,False,True,True,False
Without Q-Learning,5,53,A,10.0,8,58.490566037735846,41.509433962264154,0.0,42,0,2,Easy,1.0,0.0,0.0,0.0,0,0,0,2,0,0,False,True,True,False
Without Q-Learning,5,54,A,10.0,8,59.25925925925926,40.74074074074074,0.0,42,0,2,Easy,1.0,0.0,0.0,0.0,0,0,0,1,0,0,False,True,True,False
Without Q-Learning,5,55,A,10.0,8,60.0,40.0,0.0,24,-18,1,Very Easy,1.0,0.0,0.0,0.0,0,0,0,1,0,0,False,True,True,False
Without Q-Learning,5,56,P,-10.0,9,58.92857142857143,41.07142857142857,0.0,42,18,2,Easy,1.0,0.0,0.0,0.0,0,0,0,1,0,0,False,True,True,False
Without Q-Learning,5,57,A,10.0,8,59.64912280701754,40.35087719298246,0.0,42,0,2,Easy,1.0,0.0,0.0,0.0,0,0,0,1,0,0,False,True,True,False
Without Q-Learning,5,58,A,10.0,8,60.3448275862069,39.6551724137931,0.0,42,0,2,Easy,1.0,0.0,0.0,0.0,0,0,0,2,0,0,False,True,True,False
Without Q-Learning,5,59,P,-10.0,11,59.32203389830509,40.67796610169491,0.0,60,18,3,Normal,1.0,0.0,0.0,0.0,0,0,0,0,0,0,False,True,True,False
Without Q-Learning,5,60,A,10.0,8,60.0,40.0,0.0,42,-18,2,Easy,1.0,0.0,0.0,0.0,0,0,0,2,0,0,False,True,True,False
Without Q-Learning,5,61,P,-10.0,9,59.01639344262295,40.98360655737705,0.0,42,0,2,Easy,1.0,0.0,0.0,0.0,0,0,0,0,0,0,False,True,True,False
Without Q-Learning,5,62,A,10.0,6,59.67741935483871,40.32258064516129,0.0,24,-18,1,Very Easy,1.0,0.0,0.0,0.0,0,0,0,2,0,0,False,True,True,False
Without Q-Learning,5,63,P,-10.0,7,58.73015873015873,41.26984126984127,0.0,42,18,2,Easy,1.0,0.0,0.0,0.0,0,0,0,0,0,0,False,True,True,False
Without Q-Learning,5,64,P,-10.0,9,57.8125,42.1875,0.0,60,18,3,Normal,1.0,0.0,0.0,0.0,0,0,0,0,0,0,False,True,True,False
Without Q-Learning,5,65,A,10.0,6,58.46153846153846,41.53846153846154,0.0,60,0,3,Normal,1.0,0.0,0.0,0.0,0,0,0,1,0,0,False,True,True,False
Without Q-Learning,5,66,P,-10.0,9,57.57575757575758,42.42424242424242,0.0,60,0,3,Normal,1.0,0.0,0.0,0.0,0,0,0,2,0,0,False,True,True,False
Without Q-Learning,5,67,P,-10.0,9,56.71641791044776,43.28358208955224,0.0,78,18,4,Hard,1.0,0.0,0.0,0.0,0,0,0,1,0,0,False,True,True,False
Without Q-Learning,5,68,A,10.0,8,57.35294117647059,42.64705882352941,0.0,78,0,4,Hard,1.0,0.0,0.0,0.0,0,0,0,3,0,0,False,True,True,False
Without Q-Learning,5,69,A,10.0,6,57.971014492753625,42.028985507246375,0.0,60,-18,3,Normal,1.0,0.0,0.0,0.0,0,0,0,2,0,0,False,True,True,False
Without Q-Learning,5,70,A,10.0,12,58.57142857142857,41.42857142857143,0.0,60,0,3,Normal,1.0,0.0,0.0,0.0,0,0,0,0,0,0,False,True,True,False
Without Q-Learning,5,71,A,10.0,8,59.15492957746479,40.84507042253521,0.0,42,-18,2,Easy,1.0,0.0,0.0,0.0,0,0,0,2,0,0,False,True,True,False
Without Q-Learning,5,72,P,-10.0,7,58.333333333333336,41.666666666666664,0.0,60,18,3,Normal,1.0,0.0,0.0,0.0,0,0,0,1,0,0,False,True,True,False
Without Q-Learning,5,73,A,10.0,8,58.9041095890411,41.0958904109589,0.0,42,-18,2,Easy,1.0,0.0,0.0,0.0,0,0,0,2,0,0,False,True,True,False
Without Q-Learning,5,74,P,-10.0,7,58.108108108108105,41.891891891891895,0.0,42,0,2,Easy,1.0,0.0,0.0,0.0,0,0,0,1,0,0,False,True,True,False
Without Q-Learning,5,75,P,-10.0,5,57.333333333333336,42.666666666666664,0.0,60,18,3,Normal,1.0,0.0,0.0,0.0,0,0,0,0,0,0,False,True,True,False
Without Q-Learning,5,76,A,10.0,6,57.89473684210526,42.10526315789474,0.0,42,-18,2,Easy,1.0,0.0,0.0,0.0,0,0,0,3,0,0,False,True,True,False
Without Q-Learning,5,77,P,-10.0,9,57.142857142857146,42.857142857142854,0.0,42,0,2,Easy,1.0,0.0,0.0,0.0,0,0,0,0,0,0,False,True,True,False
Without Q-Learning,5,78,A,10.0,8,57.69230769230769,42.30769230769231,0.0,42,0,2,Easy,1.0,0.0,0.0,0.0,0,0,0,0,0,0,False,True,True,False
Without Q-Learning,5,79,A,10.0,14,58.22784810126582,41.77215189873418,0.0,42,0,2,Easy,1.0,0.0,0.0,0.0,0,0,0,1,0,0,False,True,True,False
Without Q-Learning,5,80,A,10.0,8,58.75,41.25,0.0,42,0,2,Easy,1.0,0.0,0.0,0.0,0,0,0,1,0,0,False,True,True,False
Without Q-Learning,5,81,A,10.0,10,59.25925925925926,40.74074074074074,0.0,42,0,2,Easy,1.0,0.0,0.0,0.0,0,0,0,1,0,0,False,True,True,False
Without Q-Learning,5,82,A,10.0,6,59.75609756097561,40.24390243902439,0.0,24,-18,1,Very Easy,1.0,0.0,0.0,0.0,0,0,0,1,0,0,False,True,True,False
Without Q-Learning,5,83,P,-10.0,9,59.036144578313255,40.963855421686745,0.0,42,18,2,Easy,1.0,0.0,0.0,0.0,0,0,0,0,0,0,False,True,True,False
Without Q-Learning,5,84,A,10.0,10,59.523809523809526,40.476190476190474,0.0,24,-18,1,Very Easy,1.0,0.0,0.0,0.0,0,0,0,0,0,0,False,True,True,False
Without Q-Learning,5,85,A,10.0,8,60.0,40.0,0.0,6,-18,1,Very Easy,1.0,0.0,0.0,0.0,0,0,0,0,0,0,False,True,True,False
Without Q-Learning,5,86,A,10.0,6,60.46511627906977,39.53488372093023,0.0,6,0,1,Very Easy,1.0,0.0,0.0,0.0,0,0,0,1,0,0,False,True,True,False
Without Q-Learning,5,87,A,10.0,8,60.91954022988506,39.08045977011494,0.0,0,-6,1,Very Easy,1.0,0.0,0.0,0.0,0,0,0,1,0,0,False,True,True,False
Without Q-Learning,5,88,P,-10.0,7,60.22727272727273,39.77272727272727,0.0,6,6,1,Very Easy,1.0,0.0,0.0,0.0,0,0,0,0,0,0,False,True,True,False
Without Q-Learning,5,89,P,-10.0,9,59.550561797752806,40.449438202247194,0.0,24,18,1,Very Easy,1.0,0.0,0.0,0.0,0,0,0,0,0,0,False,True,True,False
Without Q-Learning,5,90,A,10.0,8,60.0,40.0,0.0,24,0,1,Very Easy,1.0,0.0,0.0,0.0,0,0,0,2,0,0,False,True,True,False
Without Q-Learning,5,91,A,10.0,8,60.43956043956044,39.56043956043956,0.0,24,0,1,Very Easy,1.0,0.0,0.0,0.0,0,0,0,1,0,0,False,True,True,False
Without Q-Learning,5,92,A,10.0,14,60.869565217391305,39.130434782608695,0.0,24,0,1,Very Easy,1.0,0.0,0.0,0.0,0,0,0,0,0,0,False,True,True,False
Without Q-Learning,5,93,A,10.0,8,61.29032258064516,38.70967741935484,0.0,6,-18,1,Very Easy,1.0,0.0,0.0,0.0,0,0,0,0,0,0,False,True,True,False
Without Q-Learning,5,94,P,-10.0,11,60.638297872340424,39.361702127659576,0.0,24,18,1,Very Easy,1.0,0.0,0.0,0.0,0,0,0,1,0,0,False,True,True,False
Without Q-Learning,5,95,A,10.0,12,61.05263157894737,38.94736842105263,0.0,24,0,1,Very Easy,1.0,0.0,0.0,0.0,0,0,0,1,0,0,False,True,True,False
Without Q-Learning,5,96,A,10.0,10,61.458333333333336,38.541666666666664,0.0,24,0,1,Very Easy,1.0,0.0,0.0,0.0,0,0,0,1,0,0,False,True,True,False
Without Q-Learning,5,97,P,-10.0,9,60.824742268041234,39.175257731958766,0.0,42,18,2,Easy,1.0,0.0,0.0,0.0,0,0,0,1,0,0,False,True,True,False
Without Q-Learning,5,98,P,-10.0,11,60.204081632653065,39.795918367346935,0.0,42,0,2,Easy,1.0,0.0,0.0,0.0,0,0,0,0,0,0,False,True,True,False
Without Q-Learning,5,99,P,-10.0,11,59.5959595959596,40.4040404040404,0.0,42,0,2,Easy,1.0,0.0,0.0,0.0,0,0,0,0,0,0,False,True,True,False
Without Q-Learning,5,100,A,10.0,8,60.0,40.0,0.0,42,0,2,Easy,1.0,0.0,0.0,0.0,0,0,0,0,0,0,False,True,True,False
